channel,raw_candidate_count,mapped_candidate_count,tp,fp,fn,precision,recall,f1,dataset,session,selection,center_method,condition,n_channels_used,n_valid,flagged_valid_epoch_indices,n_flagged,used_all_epochs,blink_region_threshold,threshold_center,threshold_dispersion,epoch_duration_s
E22,638,638,607,31,29,0.95141065830721,0.9544025157232704,0.9529042386185244,raja,S12/S25_20190124_060024_2,all_channel,median,median__all_channel__E22,32,179,"[0, 3, 6, 7, 8, 11, 13, 17, 18, 19, 20, 21, 22, 23, 24, 25, 30, 31, 32, 33, 34, 36, 37, 38, 39, 40, 41, 42, 43, 44, 45, 46, 48, 49, 50, 51, 52, 53, 54, 55, 56, 57, 59, 60, 61, 62, 64, 65, 66, 67, 68, 69, 70, 71, 72, 73, 74, 75, 76, 77, 78, 79, 80, 81, 82, 83, 84, 85, 86, 87, 88, 89, 90, 91, 92, 93, 94, 96, 97, 98, 99, 100, 101, 102, 103, 104, 105, 106, 107, 108, 109, 110, 111, 112, 113, 114, 115, 116, 117, 118, 119, 120, 121, 122, 123, 124, 125, 126, 127, 128, 129, 130, 131, 132, 133, 134, 135, 136, 137, 138, 139, 140, 142, 143, 144, 145, 146, 147, 149, 150, 151, 152, 153, 155, 156, 157, 158, 159, 160, 161, 162, 164, 165, 166, 167, 168, 169, 170, 171, 172, 173, 175, 176, 177, 178]",155,False,4.6267156757570685e-05,-3.5582314362820033e-06,1.660846273128423e-05,10.0
E9,639,639,600,39,36,0.9389671361502347,0.9433962264150944,0.9411764705882354,raja,S12/S25_20190124_060024_2,all_channel,median,median__all_channel__E9,32,179,"[0, 3, 6, 7, 8, 11, 13, 17, 18, 19, 20, 21, 22, 23, 24, 25, 30, 31, 32, 33, 34, 36, 37, 38, 39, 40, 41, 42, 43, 44, 45, 46, 48, 49, 50, 51, 52, 53, 54, 55, 56, 57, 59, 60, 61, 62, 64, 65, 66, 67, 68, 69, 70, 71, 72, 73, 74, 75, 76, 77, 78, 79, 80, 81, 82, 83, 84, 85, 86, 87, 88, 89, 90, 91, 92, 93, 94, 96, 97, 98, 99, 100, 101, 102, 103, 104, 105, 106, 107, 108, 109, 110, 111, 112, 113, 114, 115, 116, 117, 118, 119, 120, 121, 122, 123, 124, 125, 126, 127, 128, 129, 130, 131, 132, 133, 134, 135, 136, 137, 138, 139, 140, 142, 143, 144, 145, 146, 147, 149, 150, 151, 152, 153, 155, 156, 157, 158, 159, 160, 161, 162, 164, 165, 166, 167, 168, 169, 170, 171, 172, 173, 175, 176, 177, 178]",155,False,3.360480589184109e-05,-2.2031339791401884e-06,1.193597995699376e-05,10.0
E23,626,626,572,54,64,0.9137380191693291,0.89937106918239,0.9064976228209192,raja,S12/S25_20190124_060024_2,all_channel,median,median__all_channel__E23,32,179,"[0, 3, 6, 7, 8, 11, 13, 17, 18, 19, 20, 21, 22, 23, 24, 25, 30, 31, 32, 33, 34, 36, 37, 38, 39, 40, 41, 42, 43, 44, 45, 46, 48, 49, 50, 51, 52, 53, 54, 55, 56, 57, 59, 60, 61, 62, 64, 65, 66, 67, 68, 69, 70, 71, 72, 73, 74, 75, 76, 77, 78, 79, 80, 81, 82, 83, 84, 85, 86, 87, 88, 89, 90, 91, 92, 93, 94, 96, 97, 98, 99, 100, 101, 102, 103, 104, 105, 106, 107, 108, 109, 110, 111, 112, 113, 114, 115, 116, 117, 118, 119, 120, 121, 122, 123, 124, 125, 126, 127, 128, 129, 130, 131, 132, 133, 134, 135, 136, 137, 138, 139, 140, 142, 143, 144, 145, 146, 147, 149, 150, 151, 152, 153, 155, 156, 157, 158, 159, 160, 161, 162, 164, 165, 166, 167, 168, 169, 170, 171, 172, 173, 175, 176, 177, 178]",155,False,3.210586973167286e-05,-1.906500635337231e-06,1.1337456789003366e-05,10.0
E11,586,586,545,41,91,0.9300341296928327,0.8569182389937107,0.8919803600654664,raja,S12/S25_20190124_060024_2,all_channel,median,median__all_channel__E11,32,179,"[0, 3, 6, 7, 8, 11, 13, 17, 18, 19, 20, 21, 22, 23, 24, 25, 30, 31, 32, 33, 34, 36, 37, 38, 39, 40, 41, 42, 43, 44, 45, 46, 48, 49, 50, 51, 52, 53, 54, 55, 56, 57, 59, 60, 61, 62, 64, 65, 66, 67, 68, 69, 70, 71, 72, 73, 74, 75, 76, 77, 78, 79, 80, 81, 82, 83, 84, 85, 86, 87, 88, 89, 90, 91, 92, 93, 94, 96, 97, 98, 99, 100, 101, 102, 103, 104, 105, 106, 107, 108, 109, 110, 111, 112, 113, 114, 115, 116, 117, 118, 119, 120, 121, 122, 123, 124, 125, 126, 127, 128, 129, 130, 131, 132, 133, 134, 135, 136, 137, 138, 139, 140, 142, 143, 144, 145, 146, 147, 149, 150, 151, 152, 153, 155, 156, 157, 158, 159, 160, 161, 162, 164, 165, 166, 167, 168, 169, 170, 171, 172, 173, 175, 176, 177, 178]",155,False,2.0582182397640364e-05,-9.352668747037936e-07,7.172483090781386e-06,10.0
E26,628,628,552,76,84,0.8789808917197452,0.8679245283018868,0.8734177215189873,raja,S12/S25_20190124_060024_2,all_channel,median,median__all_channel__E26,32,179,"[0, 3, 6, 7, 8, 11, 13, 17, 18, 19, 20, 21, 22, 23, 24, 25, 30, 31, 32, 33, 34, 36, 37, 38, 39, 40, 41, 42, 43, 44, 45, 46, 48, 49, 50, 51, 52, 53, 54, 55, 56, 57, 59, 60, 61, 62, 64, 65, 66, 67, 68, 69, 70, 71, 72, 73, 74, 75, 76, 77, 78, 79, 80, 81, 82, 83, 84, 85, 86, 87, 88, 89, 90, 91, 92, 93, 94, 96, 97, 98, 99, 100, 101, 102, 103, 104, 105, 106, 107, 108, 109, 110, 111, 112, 113, 114, 115, 116, 117, 118, 119, 120, 121, 122, 123, 124, 125, 126, 127, 128, 129, 130, 131, 132, 133, 134, 135, 136, 137, 138, 139, 140, 142, 143, 144, 145, 146, 147, 149, 150, 151, 152, 153, 155, 156, 157, 158, 159, 160, 161, 162, 164, 165, 166, 167, 168, 169, 170, 171, 172, 173, 175, 176, 177, 178]",155,False,2.6003163360030433e-05,-1.5300226787370687e-06,9.177728679589167e-06,10.0
E3,496,496,487,9,149,0.9818548387096774,0.7657232704402516,0.8604240282685511,raja,S12/S25_20190124_060024_2,all_channel,median,median__all_channel__E3,32,179,"[0, 3, 6, 7, 8, 11, 13, 17, 18, 19, 20, 21, 22, 23, 24, 25, 30, 31, 32, 33, 34, 36, 37, 38, 39, 40, 41, 42, 43, 44, 45, 46, 48, 49, 50, 51, 52, 53, 54, 55, 56, 57, 59, 60, 61, 62, 64, 65, 66, 67, 68, 69, 70, 71, 72, 73, 74, 75, 76, 77, 78, 79, 80, 81, 82, 83, 84, 85, 86, 87, 88, 89, 90, 91, 92, 93, 94, 96, 97, 98, 99, 100, 101, 102, 103, 104, 105, 106, 107, 108, 109, 110, 111, 112, 113, 114, 115, 116, 117, 118, 119, 120, 121, 122, 123, 124, 125, 126, 127, 128, 129, 130, 131, 132, 133, 134, 135, 136, 137, 138, 139, 140, 142, 143, 144, 145, 146, 147, 149, 150, 151, 152, 153, 155, 156, 157, 158, 159, 160, 161, 162, 164, 165, 166, 167, 168, 169, 170, 171, 172, 173, 175, 176, 177, 178]",155,False,2.7476959563169095e-05,-9.39950144609745e-07,9.47230323592628e-06,10.0
E24,286,286,260,26,376,0.9090909090909091,0.4088050314465409,0.5639913232104121,raja,S12/S25_20190124_060024_2,all_channel,median,median__all_channel__E24,32,179,"[0, 3, 6, 7, 8, 11, 13, 17, 18, 19, 20, 21, 22, 23, 24, 25, 30, 31, 32, 33, 34, 36, 37, 38, 39, 40, 41, 42, 43, 44, 45, 46, 48, 49, 50, 51, 52, 53, 54, 55, 56, 57, 59, 60, 61, 62, 64, 65, 66, 67, 68, 69, 70, 71, 72, 73, 74, 75, 76, 77, 78, 79, 80, 81, 82, 83, 84, 85, 86, 87, 88, 89, 90, 91, 92, 93, 94, 96, 97, 98, 99, 100, 101, 102, 103, 104, 105, 106, 107, 108, 109, 110, 111, 112, 113, 114, 115, 116, 117, 118, 119, 120, 121, 122, 123, 124, 125, 126, 127, 128, 129, 130, 131, 132, 133, 134, 135, 136, 137, 138, 139, 140, 142, 143, 144, 145, 146, 147, 149, 150, 151, 152, 153, 155, 156, 157, 158, 159, 160, 161, 162, 164, 165, 166, 167, 168, 169, 170, 171, 172, 173, 175, 176, 177, 178]",155,False,2.8773180200302925e-05,-6.374664735847139e-07,9.80354889129588e-06,10.0
E124,107,107,55,52,581,0.514018691588785,0.08647798742138364,0.14804845222072677,raja,S12/S25_20190124_060024_2,all_channel,median,median__all_channel__E124,32,179,"[0, 3, 6, 7, 8, 11, 13, 17, 18, 19, 20, 21, 22, 23, 24, 25, 30, 31, 32, 33, 34, 36, 37, 38, 39, 40, 41, 42, 43, 44, 45, 46, 48, 49, 50, 51, 52, 53, 54, 55, 56, 57, 59, 60, 61, 62, 64, 65, 66, 67, 68, 69, 70, 71, 72, 73, 74, 75, 76, 77, 78, 79, 80, 81, 82, 83, 84, 85, 86, 87, 88, 89, 90, 91, 92, 93, 94, 96, 97, 98, 99, 100, 101, 102, 103, 104, 105, 106, 107, 108, 109, 110, 111, 112, 113, 114, 115, 116, 117, 118, 119, 120, 121, 122, 123, 124, 125, 126, 127, 128, 129, 130, 131, 132, 133, 134, 135, 136, 137, 138, 139, 140, 142, 143, 144, 145, 146, 147, 149, 150, 151, 152, 153, 155, 156, 157, 158, 159, 160, 161, 162, 164, 165, 166, 167, 168, 169, 170, 171, 172, 173, 175, 176, 177, 178]",155,False,3.287518642102512e-05,-2.166495920725366e-07,1.1030612004365886e-05,10.0
E28,107,107,55,52,581,0.514018691588785,0.08647798742138364,0.14804845222072677,raja,S12/S25_20190124_060024_2,all_channel,median,median__all_channel__E28,32,179,"[0, 3, 6, 7, 8, 11, 13, 17, 18, 19, 20, 21, 22, 23, 24, 25, 30, 31, 32, 33, 34, 36, 37, 38, 39, 40, 41, 42, 43, 44, 45, 46, 48, 49, 50, 51, 52, 53, 54, 55, 56, 57, 59, 60, 61, 62, 64, 65, 66, 67, 68, 69, 70, 71, 72, 73, 74, 75, 76, 77, 78, 79, 80, 81, 82, 83, 84, 85, 86, 87, 88, 89, 90, 91, 92, 93, 94, 96, 97, 98, 99, 100, 101, 102, 103, 104, 105, 106, 107, 108, 109, 110, 111, 112, 113, 114, 115, 116, 117, 118, 119, 120, 121, 122, 123, 124, 125, 126, 127, 128, 129, 130, 131, 132, 133, 134, 135, 136, 137, 138, 139, 140, 142, 143, 144, 145, 146, 147, 149, 150, 151, 152, 153, 155, 156, 157, 158, 159, 160, 161, 162, 164, 165, 166, 167, 168, 169, 170, 171, 172, 173, 175, 176, 177, 178]",155,False,2.4187103323502746e-05,-1.8456683170327685e-07,8.12389005173534e-06,10.0
E33,223,223,63,160,573,0.2825112107623318,0.09905660377358491,0.14668218859138535,raja,S12/S25_20190124_060024_2,all_channel,median,median__all_channel__E33,32,179,"[0, 3, 6, 7, 8, 11, 13, 17, 18, 19, 20, 21, 22, 23, 24, 25, 30, 31, 32, 33, 34, 36, 37, 38, 39, 40, 41, 42, 43, 44, 45, 46, 48, 49, 50, 51, 52, 53, 54, 55, 56, 57, 59, 60, 61, 62, 64, 65, 66, 67, 68, 69, 70, 71, 72, 73, 74, 75, 76, 77, 78, 79, 80, 81, 82, 83, 84, 85, 86, 87, 88, 89, 90, 91, 92, 93, 94, 96, 97, 98, 99, 100, 101, 102, 103, 104, 105, 106, 107, 108, 109, 110, 111, 112, 113, 114, 115, 116, 117, 118, 119, 120, 121, 122, 123, 124, 125, 126, 127, 128, 129, 130, 131, 132, 133, 134, 135, 136, 137, 138, 139, 140, 142, 143, 144, 145, 146, 147, 149, 150, 151, 152, 153, 155, 156, 157, 158, 159, 160, 161, 162, 164, 165, 166, 167, 168, 169, 170, 171, 172, 173, 175, 176, 177, 178]",155,False,3.306809125493584e-05,-1.3710189665423197e-07,1.106839771719669e-05,10.0
E91,157,157,24,133,612,0.15286624203821655,0.03773584905660377,0.0605296343001261,raja,S12/S25_20190124_060024_2,all_channel,median,median__all_channel__E91,32,179,"[0, 3, 6, 7, 8, 11, 13, 17, 18, 19, 20, 21, 22, 23, 24, 25, 30, 31, 32, 33, 34, 36, 37, 38, 39, 40, 41, 42, 43, 44, 45, 46, 48, 49, 50, 51, 52, 53, 54, 55, 56, 57, 59, 60, 61, 62, 64, 65, 66, 67, 68, 69, 70, 71, 72, 73, 74, 75, 76, 77, 78, 79, 80, 81, 82, 83, 84, 85, 86, 87, 88, 89, 90, 91, 92, 93, 94, 96, 97, 98, 99, 100, 101, 102, 103, 104, 105, 106, 107, 108, 109, 110, 111, 112, 113, 114, 115, 116, 117, 118, 119, 120, 121, 122, 123, 124, 125, 126, 127, 128, 129, 130, 131, 132, 133, 134, 135, 136, 137, 138, 139, 140, 142, 143, 144, 145, 146, 147, 149, 150, 151, 152, 153, 155, 156, 157, 158, 159, 160, 161, 162, 164, 165, 166, 167, 168, 169, 170, 171, 172, 173, 175, 176, 177, 178]",155,False,3.15547987318087e-05,3.000549543977407e-07,1.041824792580365e-05,10.0
E117,112,112,21,91,615,0.1875,0.0330188679245283,0.05614973262032086,raja,S12/S25_20190124_060024_2,all_channel,median,median__all_channel__E117,32,179,"[0, 3, 6, 7, 8, 11, 13, 17, 18, 19, 20, 21, 22, 23, 24, 25, 30, 31, 32, 33, 34, 36, 37, 38, 39, 40, 41, 42, 43, 44, 45, 46, 48, 49, 50, 51, 52, 53, 54, 55, 56, 57, 59, 60, 61, 62, 64, 65, 66, 67, 68, 69, 70, 71, 72, 73, 74, 75, 76, 77, 78, 79, 80, 81, 82, 83, 84, 85, 86, 87, 88, 89, 90, 91, 92, 93, 94, 96, 97, 98, 99, 100, 101, 102, 103, 104, 105, 106, 107, 108, 109, 110, 111, 112, 113, 114, 115, 116, 117, 118, 119, 120, 121, 122, 123, 124, 125, 126, 127, 128, 129, 130, 131, 132, 133, 134, 135, 136, 137, 138, 139, 140, 142, 143, 144, 145, 146, 147, 149, 150, 151, 152, 153, 155, 156, 157, 158, 159, 160, 161, 162, 164, 165, 166, 167, 168, 169, 170, 171, 172, 173, 175, 176, 177, 178]",155,False,0.0001247487081751984,-1.5087868437675904e-07,4.1633195619858385e-05,10.0
E84,109,109,20,89,616,0.1834862385321101,0.031446540880503145,0.05369127516778524,raja,S12/S25_20190124_060024_2,all_channel,median,median__all_channel__E84,32,179,"[0, 3, 6, 7, 8, 11, 13, 17, 18, 19, 20, 21, 22, 23, 24, 25, 30, 31, 32, 33, 34, 36, 37, 38, 39, 40, 41, 42, 43, 44, 45, 46, 48, 49, 50, 51, 52, 53, 54, 55, 56, 57, 59, 60, 61, 62, 64, 65, 66, 67, 68, 69, 70, 71, 72, 73, 74, 75, 76, 77, 78, 79, 80, 81, 82, 83, 84, 85, 86, 87, 88, 89, 90, 91, 92, 93, 94, 96, 97, 98, 99, 100, 101, 102, 103, 104, 105, 106, 107, 108, 109, 110, 111, 112, 113, 114, 115, 116, 117, 118, 119, 120, 121, 122, 123, 124, 125, 126, 127, 128, 129, 130, 131, 132, 133, 134, 135, 136, 137, 138, 139, 140, 142, 143, 144, 145, 146, 147, 149, 150, 151, 152, 153, 155, 156, 157, 158, 159, 160, 161, 162, 164, 165, 166, 167, 168, 169, 170, 171, 172, 173, 175, 176, 177, 178]",155,False,2.1088082790260072e-05,4.452479345911292e-07,6.880944951889648e-06,10.0
E122,139,139,20,119,616,0.14388489208633093,0.031446540880503145,0.05161290322580646,raja,S12/S25_20190124_060024_2,all_channel,median,median__all_channel__E122,32,179,"[0, 3, 6, 7, 8, 11, 13, 17, 18, 19, 20, 21, 22, 23, 24, 25, 30, 31, 32, 33, 34, 36, 37, 38, 39, 40, 41, 42, 43, 44, 45, 46, 48, 49, 50, 51, 52, 53, 54, 55, 56, 57, 59, 60, 61, 62, 64, 65, 66, 67, 68, 69, 70, 71, 72, 73, 74, 75, 76, 77, 78, 79, 80, 81, 82, 83, 84, 85, 86, 87, 88, 89, 90, 91, 92, 93, 94, 96, 97, 98, 99, 100, 101, 102, 103, 104, 105, 106, 107, 108, 109, 110, 111, 112, 113, 114, 115, 116, 117, 118, 119, 120, 121, 122, 123, 124, 125, 126, 127, 128, 129, 130, 131, 132, 133, 134, 135, 136, 137, 138, 139, 140, 142, 143, 144, 145, 146, 147, 149, 150, 151, 152, 153, 155, 156, 157, 158, 159, 160, 161, 162, 164, 165, 166, 167, 168, 169, 170, 171, 172, 173, 175, 176, 177, 178]",155,False,2.5605762793507727e-05,2.9407754315241263e-08,8.525451679730827e-06,10.0
E67,125,125,18,107,618,0.144,0.02830188679245283,0.04730617608409987,raja,S12/S25_20190124_060024_2,all_channel,median,median__all_channel__E67,32,179,"[0, 3, 6, 7, 8, 11, 13, 17, 18, 19, 20, 21, 22, 23, 24, 25, 30, 31, 32, 33, 34, 36, 37, 38, 39, 40, 41, 42, 43, 44, 45, 46, 48, 49, 50, 51, 52, 53, 54, 55, 56, 57, 59, 60, 61, 62, 64, 65, 66, 67, 68, 69, 70, 71, 72, 73, 74, 75, 76, 77, 78, 79, 80, 81, 82, 83, 84, 85, 86, 87, 88, 89, 90, 91, 92, 93, 94, 96, 97, 98, 99, 100, 101, 102, 103, 104, 105, 106, 107, 108, 109, 110, 111, 112, 113, 114, 115, 116, 117, 118, 119, 120, 121, 122, 123, 124, 125, 126, 127, 128, 129, 130, 131, 132, 133, 134, 135, 136, 137, 138, 139, 140, 142, 143, 144, 145, 146, 147, 149, 150, 151, 152, 153, 155, 156, 157, 158, 159, 160, 161, 162, 164, 165, 166, 167, 168, 169, 170, 171, 172, 173, 175, 176, 177, 178]",155,False,1.8815319915746457e-05,3.2980665514784283e-07,6.161837753532871e-06,10.0
E13,63,63,16,47,620,0.25396825396825395,0.025157232704402517,0.04577968526466381,raja,S12/S25_20190124_060024_2,all_channel,median,median__all_channel__E13,32,179,"[0, 3, 6, 7, 8, 11, 13, 17, 18, 19, 20, 21, 22, 23, 24, 25, 30, 31, 32, 33, 34, 36, 37, 38, 39, 40, 41, 42, 43, 44, 45, 46, 48, 49, 50, 51, 52, 53, 54, 55, 56, 57, 59, 60, 61, 62, 64, 65, 66, 67, 68, 69, 70, 71, 72, 73, 74, 75, 76, 77, 78, 79, 80, 81, 82, 83, 84, 85, 86, 87, 88, 89, 90, 91, 92, 93, 94, 96, 97, 98, 99, 100, 101, 102, 103, 104, 105, 106, 107, 108, 109, 110, 111, 112, 113, 114, 115, 116, 117, 118, 119, 120, 121, 122, 123, 124, 125, 126, 127, 128, 129, 130, 131, 132, 133, 134, 135, 136, 137, 138, 139, 140, 142, 143, 144, 145, 146, 147, 149, 150, 151, 152, 153, 155, 156, 157, 158, 159, 160, 161, 162, 164, 165, 166, 167, 168, 169, 170, 171, 172, 173, 175, 176, 177, 178]",155,False,1.9912993635973412e-05,1.795007983185803e-08,6.631681185380519e-06,10.0
E77,152,152,18,134,618,0.11842105263157894,0.02830188679245283,0.04568527918781726,raja,S12/S25_20190124_060024_2,all_channel,median,median__all_channel__E77,32,179,"[0, 3, 6, 7, 8, 11, 13, 17, 18, 19, 20, 21, 22, 23, 24, 25, 30, 31, 32, 33, 34, 36, 37, 38, 39, 40, 41, 42, 43, 44, 45, 46, 48, 49, 50, 51, 52, 53, 54, 55, 56, 57, 59, 60, 61, 62, 64, 65, 66, 67, 68, 69, 70, 71, 72, 73, 74, 75, 76, 77, 78, 79, 80, 81, 82, 83, 84, 85, 86, 87, 88, 89, 90, 91, 92, 93, 94, 96, 97, 98, 99, 100, 101, 102, 103, 104, 105, 106, 107, 108, 109, 110, 111, 112, 113, 114, 115, 116, 117, 118, 119, 120, 121, 122, 123, 124, 125, 126, 127, 128, 129, 130, 131, 132, 133, 134, 135, 136, 137, 138, 139, 140, 142, 143, 144, 145, 146, 147, 149, 150, 151, 152, 153, 155, 156, 157, 158, 159, 160, 161, 162, 164, 165, 166, 167, 168, 169, 170, 171, 172, 173, 175, 176, 177, 178]",155,False,1.9603925515061035e-05,3.3470030819799385e-07,6.423075068954346e-06,10.0
E109,78,78,16,62,620,0.20512820512820512,0.025157232704402517,0.04481792717086835,raja,S12/S25_20190124_060024_2,all_channel,median,median__all_channel__E109,32,179,"[0, 3, 6, 7, 8, 11, 13, 17, 18, 19, 20, 21, 22, 23, 24, 25, 30, 31, 32, 33, 34, 36, 37, 38, 39, 40, 41, 42, 43, 44, 45, 46, 48, 49, 50, 51, 52, 53, 54, 55, 56, 57, 59, 60, 61, 62, 64, 65, 66, 67, 68, 69, 70, 71, 72, 73, 74, 75, 76, 77, 78, 79, 80, 81, 82, 83, 84, 85, 86, 87, 88, 89, 90, 91, 92, 93, 94, 96, 97, 98, 99, 100, 101, 102, 103, 104, 105, 106, 107, 108, 109, 110, 111, 112, 113, 114, 115, 116, 117, 118, 119, 120, 121, 122, 123, 124, 125, 126, 127, 128, 129, 130, 131, 132, 133, 134, 135, 136, 137, 138, 139, 140, 142, 143, 144, 145, 146, 147, 149, 150, 151, 152, 153, 155, 156, 157, 158, 159, 160, 161, 162, 164, 165, 166, 167, 168, 169, 170, 171, 172, 173, 175, 176, 177, 178]",155,False,2.1314078324359425e-05,4.4397367879578007e-07,6.956701548521216e-06,10.0
E112,44,44,15,29,621,0.3409090909090909,0.02358490566037736,0.04411764705882353,raja,S12/S25_20190124_060024_2,all_channel,median,median__all_channel__E112,32,179,"[0, 3, 6, 7, 8, 11, 13, 17, 18, 19, 20, 21, 22, 23, 24, 25, 30, 31, 32, 33, 34, 36, 37, 38, 39, 40, 41, 42, 43, 44, 45, 46, 48, 49, 50, 51, 52, 53, 54, 55, 56, 57, 59, 60, 61, 62, 64, 65, 66, 67, 68, 69, 70, 71, 72, 73, 74, 75, 76, 77, 78, 79, 80, 81, 82, 83, 84, 85, 86, 87, 88, 89, 90, 91, 92, 93, 94, 96, 97, 98, 99, 100, 101, 102, 103, 104, 105, 106, 107, 108, 109, 110, 111, 112, 113, 114, 115, 116, 117, 118, 119, 120, 121, 122, 123, 124, 125, 126, 127, 128, 129, 130, 131, 132, 133, 134, 135, 136, 137, 138, 139, 140, 142, 143, 144, 145, 146, 147, 149, 150, 151, 152, 153, 155, 156, 157, 158, 159, 160, 161, 162, 164, 165, 166, 167, 168, 169, 170, 171, 172, 173, 175, 176, 177, 178]",155,False,1.6828014129018477e-05,9.620568522225874e-09,5.606131186832084e-06,10.0
E62,157,157,17,140,619,0.10828025477707007,0.026729559748427674,0.04287515762925599,raja,S12/S25_20190124_060024_2,all_channel,median,median__all_channel__E62,32,179,"[0, 3, 6, 7, 8, 11, 13, 17, 18, 19, 20, 21, 22, 23, 24, 25, 30, 31, 32, 33, 34, 36, 37, 38, 39, 40, 41, 42, 43, 44, 45, 46, 48, 49, 50, 51, 52, 53, 54, 55, 56, 57, 59, 60, 61, 62, 64, 65, 66, 67, 68, 69, 70, 71, 72, 73, 74, 75, 76, 77, 78, 79, 80, 81, 82, 83, 84, 85, 86, 87, 88, 89, 90, 91, 92, 93, 94, 96, 97, 98, 99, 100, 101, 102, 103, 104, 105, 106, 107, 108, 109, 110, 111, 112, 113, 114, 115, 116, 117, 118, 119, 120, 121, 122, 123, 124, 125, 126, 127, 128, 129, 130, 131, 132, 133, 134, 135, 136, 137, 138, 139, 140, 142, 143, 144, 145, 146, 147, 149, 150, 151, 152, 153, 155, 156, 157, 158, 159, 160, 161, 162, 164, 165, 166, 167, 168, 169, 170, 171, 172, 173, 175, 176, 177, 178]",155,False,2.5132672072158765e-05,2.8195784034855985e-07,8.283571410603401e-06,10.0
E40,78,78,14,64,622,0.1794871794871795,0.0220125786163522,0.0392156862745098,raja,S12/S25_20190124_060024_2,all_channel,median,median__all_channel__E40,32,179,"[0, 3, 6, 7, 8, 11, 13, 17, 18, 19, 20, 21, 22, 23, 24, 25, 30, 31, 32, 33, 34, 36, 37, 38, 39, 40, 41, 42, 43, 44, 45, 46, 48, 49, 50, 51, 52, 53, 54, 55, 56, 57, 59, 60, 61, 62, 64, 65, 66, 67, 68, 69, 70, 71, 72, 73, 74, 75, 76, 77, 78, 79, 80, 81, 82, 83, 84, 85, 86, 87, 88, 89, 90, 91, 92, 93, 94, 96, 97, 98, 99, 100, 101, 102, 103, 104, 105, 106, 107, 108, 109, 110, 111, 112, 113, 114, 115, 116, 117, 118, 119, 120, 121, 122, 123, 124, 125, 126, 127, 128, 129, 130, 131, 132, 133, 134, 135, 136, 137, 138, 139, 140, 142, 143, 144, 145, 146, 147, 149, 150, 151, 152, 153, 155, 156, 157, 158, 159, 160, 161, 162, 164, 165, 166, 167, 168, 169, 170, 171, 172, 173, 175, 176, 177, 178]",155,False,1.894575320526184e-05,1.561022417466363e-07,6.2632169878384e-06,10.0
E75,85,85,10,75,626,0.11764705882352941,0.015723270440251572,0.027739251040221916,raja,S12/S25_20190124_060024_2,all_channel,median,median__all_channel__E75,32,179,"[0, 3, 6, 7, 8, 11, 13, 17, 18, 19, 20, 21, 22, 23, 24, 25, 30, 31, 32, 33, 34, 36, 37, 38, 39, 40, 41, 42, 43, 44, 45, 46, 48, 49, 50, 51, 52, 53, 54, 55, 56, 57, 59, 60, 61, 62, 64, 65, 66, 67, 68, 69, 70, 71, 72, 73, 74, 75, 76, 77, 78, 79, 80, 81, 82, 83, 84, 85, 86, 87, 88, 89, 90, 91, 92, 93, 94, 96, 97, 98, 99, 100, 101, 102, 103, 104, 105, 106, 107, 108, 109, 110, 111, 112, 113, 114, 115, 116, 117, 118, 119, 120, 121, 122, 123, 124, 125, 126, 127, 128, 129, 130, 131, 132, 133, 134, 135, 136, 137, 138, 139, 140, 142, 143, 144, 145, 146, 147, 149, 150, 151, 152, 153, 155, 156, 157, 158, 159, 160, 161, 162, 164, 165, 166, 167, 168, 169, 170, 171, 172, 173, 175, 176, 177, 178]",155,False,1.7317110346420332e-05,4.4911906580732254e-07,5.622663760204337e-06,10.0
E83,81,81,9,72,627,0.1111111111111111,0.014150943396226415,0.02510460251046025,raja,S12/S25_20190124_060024_2,all_channel,median,median__all_channel__E83,32,179,"[0, 3, 6, 7, 8, 11, 13, 17, 18, 19, 20, 21, 22, 23, 24, 25, 30, 31, 32, 33, 34, 36, 37, 38, 39, 40, 41, 42, 43, 44, 45, 46, 48, 49, 50, 51, 52, 53, 54, 55, 56, 57, 59, 60, 61, 62, 64, 65, 66, 67, 68, 69, 70, 71, 72, 73, 74, 75, 76, 77, 78, 79, 80, 81, 82, 83, 84, 85, 86, 87, 88, 89, 90, 91, 92, 93, 94, 96, 97, 98, 99, 100, 101, 102, 103, 104, 105, 106, 107, 108, 109, 110, 111, 112, 113, 114, 115, 116, 117, 118, 119, 120, 121, 122, 123, 124, 125, 126, 127, 128, 129, 130, 131, 132, 133, 134, 135, 136, 137, 138, 139, 140, 142, 143, 144, 145, 146, 147, 149, 150, 151, 152, 153, 155, 156, 157, 158, 159, 160, 161, 162, 164, 165, 166, 167, 168, 169, 170, 171, 172, 173, 175, 176, 177, 178]",155,False,1.7677432378566138e-05,4.5896716616160063e-07,5.7394884041348465e-06,10.0
E37,39,39,7,32,629,0.1794871794871795,0.0110062893081761,0.02074074074074074,raja,S12/S25_20190124_060024_2,all_channel,median,median__all_channel__E37,32,179,"[0, 3, 6, 7, 8, 11, 13, 17, 18, 19, 20, 21, 22, 23, 24, 25, 30, 31, 32, 33, 34, 36, 37, 38, 39, 40, 41, 42, 43, 44, 45, 46, 48, 49, 50, 51, 52, 53, 54, 55, 56, 57, 59, 60, 61, 62, 64, 65, 66, 67, 68, 69, 70, 71, 72, 73, 74, 75, 76, 77, 78, 79, 80, 81, 82, 83, 84, 85, 86, 87, 88, 89, 90, 91, 92, 93, 94, 96, 97, 98, 99, 100, 101, 102, 103, 104, 105, 106, 107, 108, 109, 110, 111, 112, 113, 114, 115, 116, 117, 118, 119, 120, 121, 122, 123, 124, 125, 126, 127, 128, 129, 130, 131, 132, 133, 134, 135, 136, 137, 138, 139, 140, 142, 143, 144, 145, 146, 147, 149, 150, 151, 152, 153, 155, 156, 157, 158, 159, 160, 161, 162, 164, 165, 166, 167, 168, 169, 170, 171, 172, 173, 175, 176, 177, 178]",155,False,1.8821190710500118e-05,5.983340387107043e-08,6.253785768876348e-06,10.0
E59,58,58,7,51,629,0.1206896551724138,0.0110062893081761,0.020172910662824204,raja,S12/S25_20190124_060024_2,all_channel,median,median__all_channel__E59,32,179,"[0, 3, 6, 7, 8, 11, 13, 17, 18, 19, 20, 21, 22, 23, 24, 25, 30, 31, 32, 33, 34, 36, 37, 38, 39, 40, 41, 42, 43, 44, 45, 46, 48, 49, 50, 51, 52, 53, 54, 55, 56, 57, 59, 60, 61, 62, 64, 65, 66, 67, 68, 69, 70, 71, 72, 73, 74, 75, 76, 77, 78, 79, 80, 81, 82, 83, 84, 85, 86, 87, 88, 89, 90, 91, 92, 93, 94, 96, 97, 98, 99, 100, 101, 102, 103, 104, 105, 106, 107, 108, 109, 110, 111, 112, 113, 114, 115, 116, 117, 118, 119, 120, 121, 122, 123, 124, 125, 126, 127, 128, 129, 130, 131, 132, 133, 134, 135, 136, 137, 138, 139, 140, 142, 143, 144, 145, 146, 147, 149, 150, 151, 152, 153, 155, 156, 157, 158, 159, 160, 161, 162, 164, 165, 166, 167, 168, 169, 170, 171, 172, 173, 175, 176, 177, 178]",155,False,1.5044322265736426e-05,3.8707023196988303e-07,4.885750677922181e-06,10.0
E47,37,37,5,32,631,0.13513513513513514,0.007861635220125786,0.01485884101040119,raja,S12/S25_20190124_060024_2,all_channel,median,median__all_channel__E47,32,179,"[0, 3, 6, 7, 8, 11, 13, 17, 18, 19, 20, 21, 22, 23, 24, 25, 30, 31, 32, 33, 34, 36, 37, 38, 39, 40, 41, 42, 43, 44, 45, 46, 48, 49, 50, 51, 52, 53, 54, 55, 56, 57, 59, 60, 61, 62, 64, 65, 66, 67, 68, 69, 70, 71, 72, 73, 74, 75, 76, 77, 78, 79, 80, 81, 82, 83, 84, 85, 86, 87, 88, 89, 90, 91, 92, 93, 94, 96, 97, 98, 99, 100, 101, 102, 103, 104, 105, 106, 107, 108, 109, 110, 111, 112, 113, 114, 115, 116, 117, 118, 119, 120, 121, 122, 123, 124, 125, 126, 127, 128, 129, 130, 131, 132, 133, 134, 135, 136, 137, 138, 139, 140, 142, 143, 144, 145, 146, 147, 149, 150, 151, 152, 153, 155, 156, 157, 158, 159, 160, 161, 162, 164, 165, 166, 167, 168, 169, 170, 171, 172, 173, 175, 176, 177, 178]",155,False,1.7263514792549975e-05,1.8296031649543574e-07,5.693518158684847e-06,10.0
E70,49,49,4,45,632,0.08163265306122448,0.006289308176100629,0.01167883211678832,raja,S12/S25_20190124_060024_2,all_channel,median,median__all_channel__E70,32,179,"[0, 3, 6, 7, 8, 11, 13, 17, 18, 19, 20, 21, 22, 23, 24, 25, 30, 31, 32, 33, 34, 36, 37, 38, 39, 40, 41, 42, 43, 44, 45, 46, 48, 49, 50, 51, 52, 53, 54, 55, 56, 57, 59, 60, 61, 62, 64, 65, 66, 67, 68, 69, 70, 71, 72, 73, 74, 75, 76, 77, 78, 79, 80, 81, 82, 83, 84, 85, 86, 87, 88, 89, 90, 91, 92, 93, 94, 96, 97, 98, 99, 100, 101, 102, 103, 104, 105, 106, 107, 108, 109, 110, 111, 112, 113, 114, 115, 116, 117, 118, 119, 120, 121, 122, 123, 124, 125, 126, 127, 128, 129, 130, 131, 132, 133, 134, 135, 136, 137, 138, 139, 140, 142, 143, 144, 145, 146, 147, 149, 150, 151, 152, 153, 155, 156, 157, 158, 159, 160, 161, 162, 164, 165, 166, 167, 168, 169, 170, 171, 172, 173, 175, 176, 177, 178]",155,False,1.764056926088753e-05,4.0724254171026163e-07,5.7444422397257565e-06,10.0
E60,53,53,4,49,632,0.07547169811320754,0.006289308176100629,0.011611030478955009,raja,S12/S25_20190124_060024_2,all_channel,median,median__all_channel__E60,32,179,"[0, 3, 6, 7, 8, 11, 13, 17, 18, 19, 20, 21, 22, 23, 24, 25, 30, 31, 32, 33, 34, 36, 37, 38, 39, 40, 41, 42, 43, 44, 45, 46, 48, 49, 50, 51, 52, 53, 54, 55, 56, 57, 59, 60, 61, 62, 64, 65, 66, 67, 68, 69, 70, 71, 72, 73, 74, 75, 76, 77, 78, 79, 80, 81, 82, 83, 84, 85, 86, 87, 88, 89, 90, 91, 92, 93, 94, 96, 97, 98, 99, 100, 101, 102, 103, 104, 105, 106, 107, 108, 109, 110, 111, 112, 113, 114, 115, 116, 117, 118, 119, 120, 121, 122, 123, 124, 125, 126, 127, 128, 129, 130, 131, 132, 133, 134, 135, 136, 137, 138, 139, 140, 142, 143, 144, 145, 146, 147, 149, 150, 151, 152, 153, 155, 156, 157, 158, 159, 160, 161, 162, 164, 165, 166, 167, 168, 169, 170, 171, 172, 173, 175, 176, 177, 178]",155,False,1.578172201154383e-05,3.5605729962919627e-07,5.141888237304879e-06,10.0
E104,40,40,3,37,633,0.075,0.0047169811320754715,0.008875739644970414,raja,S12/S25_20190124_060024_2,all_channel,median,median__all_channel__E104,32,179,"[0, 3, 6, 7, 8, 11, 13, 17, 18, 19, 20, 21, 22, 23, 24, 25, 30, 31, 32, 33, 34, 36, 37, 38, 39, 40, 41, 42, 43, 44, 45, 46, 48, 49, 50, 51, 52, 53, 54, 55, 56, 57, 59, 60, 61, 62, 64, 65, 66, 67, 68, 69, 70, 71, 72, 73, 74, 75, 76, 77, 78, 79, 80, 81, 82, 83, 84, 85, 86, 87, 88, 89, 90, 91, 92, 93, 94, 96, 97, 98, 99, 100, 101, 102, 103, 104, 105, 106, 107, 108, 109, 110, 111, 112, 113, 114, 115, 116, 117, 118, 119, 120, 121, 122, 123, 124, 125, 126, 127, 128, 129, 130, 131, 132, 133, 134, 135, 136, 137, 138, 139, 140, 142, 143, 144, 145, 146, 147, 149, 150, 151, 152, 153, 155, 156, 157, 158, 159, 160, 161, 162, 164, 165, 166, 167, 168, 169, 170, 171, 172, 173, 175, 176, 177, 178]",155,False,1.7337474130493872e-05,1.2553254976747852e-07,5.737313860242132e-06,10.0
E87,41,41,3,38,633,0.07317073170731707,0.0047169811320754715,0.008862629246676515,raja,S12/S25_20190124_060024_2,all_channel,median,median__all_channel__E87,32,179,"[0, 3, 6, 7, 8, 11, 13, 17, 18, 19, 20, 21, 22, 23, 24, 25, 30, 31, 32, 33, 34, 36, 37, 38, 39, 40, 41, 42, 43, 44, 45, 46, 48, 49, 50, 51, 52, 53, 54, 55, 56, 57, 59, 60, 61, 62, 64, 65, 66, 67, 68, 69, 70, 71, 72, 73, 74, 75, 76, 77, 78, 79, 80, 81, 82, 83, 84, 85, 86, 87, 88, 89, 90, 91, 92, 93, 94, 96, 97, 98, 99, 100, 101, 102, 103, 104, 105, 106, 107, 108, 109, 110, 111, 112, 113, 114, 115, 116, 117, 118, 119, 120, 121, 122, 123, 124, 125, 126, 127, 128, 129, 130, 131, 132, 133, 134, 135, 136, 137, 138, 139, 140, 142, 143, 144, 145, 146, 147, 149, 150, 151, 152, 153, 155, 156, 157, 158, 159, 160, 161, 162, 164, 165, 166, 167, 168, 169, 170, 171, 172, 173, 175, 176, 177, 178]",155,False,1.736284328683038e-05,1.2854621699836497e-07,5.744765689944005e-06,10.0
E98,35,35,2,33,634,0.05714285714285714,0.0031446540880503146,0.005961251862891207,raja,S12/S25_20190124_060024_2,all_channel,median,median__all_channel__E98,32,179,"[0, 3, 6, 7, 8, 11, 13, 17, 18, 19, 20, 21, 22, 23, 24, 25, 30, 31, 32, 33, 34, 36, 37, 38, 39, 40, 41, 42, 43, 44, 45, 46, 48, 49, 50, 51, 52, 53, 54, 55, 56, 57, 59, 60, 61, 62, 64, 65, 66, 67, 68, 69, 70, 71, 72, 73, 74, 75, 76, 77, 78, 79, 80, 81, 82, 83, 84, 85, 86, 87, 88, 89, 90, 91, 92, 93, 94, 96, 97, 98, 99, 100, 101, 102, 103, 104, 105, 106, 107, 108, 109, 110, 111, 112, 113, 114, 115, 116, 117, 118, 119, 120, 121, 122, 123, 124, 125, 126, 127, 128, 129, 130, 131, 132, 133, 134, 135, 136, 137, 138, 139, 140, 142, 143, 144, 145, 146, 147, 149, 150, 151, 152, 153, 155, 156, 157, 158, 159, 160, 161, 162, 164, 165, 166, 167, 168, 169, 170, 171, 172, 173, 175, 176, 177, 178]",155,False,1.5902675556196708e-05,3.4575878118925005e-07,5.1856389250024865e-06,10.0
E85,46,46,2,44,634,0.043478260869565216,0.0031446540880503146,0.005865102639296188,raja,S12/S25_20190124_060024_2,all_channel,median,median__all_channel__E85,32,179,"[0, 3, 6, 7, 8, 11, 13, 17, 18, 19, 20, 21, 22, 23, 24, 25, 30, 31, 32, 33, 34, 36, 37, 38, 39, 40, 41, 42, 43, 44, 45, 46, 48, 49, 50, 51, 52, 53, 54, 55, 56, 57, 59, 60, 61, 62, 64, 65, 66, 67, 68, 69, 70, 71, 72, 73, 74, 75, 76, 77, 78, 79, 80, 81, 82, 83, 84, 85, 86, 87, 88, 89, 90, 91, 92, 93, 94, 96, 97, 98, 99, 100, 101, 102, 103, 104, 105, 106, 107, 108, 109, 110, 111, 112, 113, 114, 115, 116, 117, 118, 119, 120, 121, 122, 123, 124, 125, 126, 127, 128, 129, 130, 131, 132, 133, 134, 135, 136, 137, 138, 139, 140, 142, 143, 144, 145, 146, 147, 149, 150, 151, 152, 153, 155, 156, 157, 158, 159, 160, 161, 162, 164, 165, 166, 167, 168, 169, 170, 171, 172, 173, 175, 176, 177, 178]",155,False,1.743918817378048e-05,3.7831307913572777e-07,5.6869583648815835e-06,10.0
E22,633,633,605,28,31,0.9557661927330173,0.9512578616352201,0.9535066981875493,raja,S12/S25_20190124_060024_2,all_channel,mean,mean__all_channel__E22,32,179,"[0, 3, 6, 7, 8, 11, 13, 17, 18, 19, 20, 21, 22, 23, 24, 25, 30, 31, 32, 33, 34, 36, 37, 38, 39, 40, 41, 42, 43, 44, 45, 46, 48, 49, 50, 51, 52, 53, 54, 55, 56, 57, 59, 60, 61, 62, 64, 65, 66, 67, 68, 69, 70, 71, 72, 73, 74, 75, 76, 77, 78, 79, 80, 81, 82, 83, 84, 85, 86, 87, 88, 89, 90, 91, 92, 93, 94, 96, 97, 98, 99, 100, 101, 102, 103, 104, 105, 106, 107, 108, 109, 110, 111, 112, 113, 114, 115, 116, 117, 118, 119, 120, 121, 122, 123, 124, 125, 126, 127, 128, 129, 130, 131, 132, 133, 134, 135, 136, 137, 138, 139, 140, 142, 143, 144, 145, 146, 147, 149, 150, 151, 152, 153, 155, 156, 157, 158, 159, 160, 161, 162, 164, 165, 166, 167, 168, 169, 170, 171, 172, 173, 175, 176, 177, 178]",155,False,4.983224695277728e-05,6.858758924589205e-09,1.660846273128423e-05,10.0
E9,630,630,600,30,36,0.9523809523809523,0.9433962264150944,0.9478672985781991,raja,S12/S25_20190124_060024_2,all_channel,mean,mean__all_channel__E9,32,179,"[0, 3, 6, 7, 8, 11, 13, 17, 18, 19, 20, 21, 22, 23, 24, 25, 30, 31, 32, 33, 34, 36, 37, 38, 39, 40, 41, 42, 43, 44, 45, 46, 48, 49, 50, 51, 52, 53, 54, 55, 56, 57, 59, 60, 61, 62, 64, 65, 66, 67, 68, 69, 70, 71, 72, 73, 74, 75, 76, 77, 78, 79, 80, 81, 82, 83, 84, 85, 86, 87, 88, 89, 90, 91, 92, 93, 94, 96, 97, 98, 99, 100, 101, 102, 103, 104, 105, 106, 107, 108, 109, 110, 111, 112, 113, 114, 115, 116, 117, 118, 119, 120, 121, 122, 123, 124, 125, 126, 127, 128, 129, 130, 131, 132, 133, 134, 135, 136, 137, 138, 139, 140, 142, 143, 144, 145, 146, 147, 149, 150, 151, 152, 153, 155, 156, 157, 158, 159, 160, 161, 162, 164, 165, 166, 167, 168, 169, 170, 171, 172, 173, 175, 176, 177, 178]",155,False,3.582734137046684e-05,1.9401499485560565e-08,1.193597995699376e-05,10.0
E23,612,612,564,48,72,0.9215686274509803,0.8867924528301887,0.9038461538461539,raja,S12/S25_20190124_060024_2,all_channel,mean,mean__all_channel__E23,32,179,"[0, 3, 6, 7, 8, 11, 13, 17, 18, 19, 20, 21, 22, 23, 24, 25, 30, 31, 32, 33, 34, 36, 37, 38, 39, 40, 41, 42, 43, 44, 45, 46, 48, 49, 50, 51, 52, 53, 54, 55, 56, 57, 59, 60, 61, 62, 64, 65, 66, 67, 68, 69, 70, 71, 72, 73, 74, 75, 76, 77, 78, 79, 80, 81, 82, 83, 84, 85, 86, 87, 88, 89, 90, 91, 92, 93, 94, 96, 97, 98, 99, 100, 101, 102, 103, 104, 105, 106, 107, 108, 109, 110, 111, 112, 113, 114, 115, 116, 117, 118, 119, 120, 121, 122, 123, 124, 125, 126, 127, 128, 129, 130, 131, 132, 133, 134, 135, 136, 137, 138, 139, 140, 142, 143, 144, 145, 146, 147, 149, 150, 151, 152, 153, 155, 156, 157, 158, 159, 160, 161, 162, 164, 165, 166, 167, 168, 169, 170, 171, 172, 173, 175, 176, 177, 178]",155,False,3.401936308339397e-05,6.992716383878048e-09,1.1337456789003366e-05,10.0
E11,567,567,534,33,102,0.9417989417989417,0.839622641509434,0.8877805486284289,raja,S12/S25_20190124_060024_2,all_channel,mean,mean__all_channel__E11,32,179,"[0, 3, 6, 7, 8, 11, 13, 17, 18, 19, 20, 21, 22, 23, 24, 25, 30, 31, 32, 33, 34, 36, 37, 38, 39, 40, 41, 42, 43, 44, 45, 46, 48, 49, 50, 51, 52, 53, 54, 55, 56, 57, 59, 60, 61, 62, 64, 65, 66, 67, 68, 69, 70, 71, 72, 73, 74, 75, 76, 77, 78, 79, 80, 81, 82, 83, 84, 85, 86, 87, 88, 89, 90, 91, 92, 93, 94, 96, 97, 98, 99, 100, 101, 102, 103, 104, 105, 106, 107, 108, 109, 110, 111, 112, 113, 114, 115, 116, 117, 118, 119, 120, 121, 122, 123, 124, 125, 126, 127, 128, 129, 130, 131, 132, 133, 134, 135, 136, 137, 138, 139, 140, 142, 143, 144, 145, 146, 147, 149, 150, 151, 152, 153, 155, 156, 157, 158, 159, 160, 161, 162, 164, 165, 166, 167, 168, 169, 170, 171, 172, 173, 175, 176, 177, 178]",155,False,2.1526530582635855e-05,9.081310291697175e-09,7.172483090781386e-06,10.0
E26,623,623,546,77,90,0.8764044943820225,0.8584905660377359,0.8673550436854648,raja,S12/S25_20190124_060024_2,all_channel,mean,mean__all_channel__E26,32,179,"[0, 3, 6, 7, 8, 11, 13, 17, 18, 19, 20, 21, 22, 23, 24, 25, 30, 31, 32, 33, 34, 36, 37, 38, 39, 40, 41, 42, 43, 44, 45, 46, 48, 49, 50, 51, 52, 53, 54, 55, 56, 57, 59, 60, 61, 62, 64, 65, 66, 67, 68, 69, 70, 71, 72, 73, 74, 75, 76, 77, 78, 79, 80, 81, 82, 83, 84, 85, 86, 87, 88, 89, 90, 91, 92, 93, 94, 96, 97, 98, 99, 100, 101, 102, 103, 104, 105, 106, 107, 108, 109, 110, 111, 112, 113, 114, 115, 116, 117, 118, 119, 120, 121, 122, 123, 124, 125, 126, 127, 128, 129, 130, 131, 132, 133, 134, 135, 136, 137, 138, 139, 140, 142, 143, 144, 145, 146, 147, 149, 150, 151, 152, 153, 155, 156, 157, 158, 159, 160, 161, 162, 164, 165, 166, 167, 168, 169, 170, 171, 172, 173, 175, 176, 177, 178]",155,False,2.7518674815269754e-05,-1.4511223497750307e-08,9.177728679589167e-06,10.0
E3,478,478,470,8,166,0.9832635983263598,0.7389937106918238,0.8438061041292638,raja,S12/S25_20190124_060024_2,all_channel,mean,mean__all_channel__E3,32,179,"[0, 3, 6, 7, 8, 11, 13, 17, 18, 19, 20, 21, 22, 23, 24, 25, 30, 31, 32, 33, 34, 36, 37, 38, 39, 40, 41, 42, 43, 44, 45, 46, 48, 49, 50, 51, 52, 53, 54, 55, 56, 57, 59, 60, 61, 62, 64, 65, 66, 67, 68, 69, 70, 71, 72, 73, 74, 75, 76, 77, 78, 79, 80, 81, 82, 83, 84, 85, 86, 87, 88, 89, 90, 91, 92, 93, 94, 96, 97, 98, 99, 100, 101, 102, 103, 104, 105, 106, 107, 108, 109, 110, 111, 112, 113, 114, 115, 116, 117, 118, 119, 120, 121, 122, 123, 124, 125, 126, 127, 128, 129, 130, 131, 132, 133, 134, 135, 136, 137, 138, 139, 140, 142, 143, 144, 145, 146, 147, 149, 150, 151, 152, 153, 155, 156, 157, 158, 159, 160, 161, 162, 164, 165, 166, 167, 168, 169, 170, 171, 172, 173, 175, 176, 177, 178]",155,False,2.841127107995076e-05,-5.638627828081235e-09,9.47230323592628e-06,10.0
E24,273,273,249,24,387,0.9120879120879121,0.3915094339622642,0.5478547854785479,raja,S12/S25_20190124_060024_2,all_channel,mean,mean__all_channel__E24,32,179,"[0, 3, 6, 7, 8, 11, 13, 17, 18, 19, 20, 21, 22, 23, 24, 25, 30, 31, 32, 33, 34, 36, 37, 38, 39, 40, 41, 42, 43, 44, 45, 46, 48, 49, 50, 51, 52, 53, 54, 55, 56, 57, 59, 60, 61, 62, 64, 65, 66, 67, 68, 69, 70, 71, 72, 73, 74, 75, 76, 77, 78, 79, 80, 81, 82, 83, 84, 85, 86, 87, 88, 89, 90, 91, 92, 93, 94, 96, 97, 98, 99, 100, 101, 102, 103, 104, 105, 106, 107, 108, 109, 110, 111, 112, 113, 114, 115, 116, 117, 118, 119, 120, 121, 122, 123, 124, 125, 126, 127, 128, 129, 130, 131, 132, 133, 134, 135, 136, 137, 138, 139, 140, 142, 143, 144, 145, 146, 147, 149, 150, 151, 152, 153, 155, 156, 157, 158, 159, 160, 161, 162, 164, 165, 166, 167, 168, 169, 170, 171, 172, 173, 175, 176, 177, 178]",155,False,2.9421225990873874e-05,1.0579316986231379e-08,9.80354889129588e-06,10.0
E124,106,106,55,51,581,0.5188679245283019,0.08647798742138364,0.14824797843665768,raja,S12/S25_20190124_060024_2,all_channel,mean,mean__all_channel__E124,32,179,"[0, 3, 6, 7, 8, 11, 13, 17, 18, 19, 20, 21, 22, 23, 24, 25, 30, 31, 32, 33, 34, 36, 37, 38, 39, 40, 41, 42, 43, 44, 45, 46, 48, 49, 50, 51, 52, 53, 54, 55, 56, 57, 59, 60, 61, 62, 64, 65, 66, 67, 68, 69, 70, 71, 72, 73, 74, 75, 76, 77, 78, 79, 80, 81, 82, 83, 84, 85, 86, 87, 88, 89, 90, 91, 92, 93, 94, 96, 97, 98, 99, 100, 101, 102, 103, 104, 105, 106, 107, 108, 109, 110, 111, 112, 113, 114, 115, 116, 117, 118, 119, 120, 121, 122, 123, 124, 125, 126, 127, 128, 129, 130, 131, 132, 133, 134, 135, 136, 137, 138, 139, 140, 142, 143, 144, 145, 146, 147, 149, 150, 151, 152, 153, 155, 156, 157, 158, 159, 160, 161, 162, 164, 165, 166, 167, 168, 169, 170, 171, 172, 173, 175, 176, 177, 178]",155,False,3.3066983447044305e-05,-2.4852566053351086e-08,1.1030612004365886e-05,10.0
E28,103,103,53,50,583,0.5145631067961165,0.08333333333333333,0.14343707713125844,raja,S12/S25_20190124_060024_2,all_channel,mean,mean__all_channel__E28,32,179,"[0, 3, 6, 7, 8, 11, 13, 17, 18, 19, 20, 21, 22, 23, 24, 25, 30, 31, 32, 33, 34, 36, 37, 38, 39, 40, 41, 42, 43, 44, 45, 46, 48, 49, 50, 51, 52, 53, 54, 55, 56, 57, 59, 60, 61, 62, 64, 65, 66, 67, 68, 69, 70, 71, 72, 73, 74, 75, 76, 77, 78, 79, 80, 81, 82, 83, 84, 85, 86, 87, 88, 89, 90, 91, 92, 93, 94, 96, 97, 98, 99, 100, 101, 102, 103, 104, 105, 106, 107, 108, 109, 110, 111, 112, 113, 114, 115, 116, 117, 118, 119, 120, 121, 122, 123, 124, 125, 126, 127, 128, 129, 130, 131, 132, 133, 134, 135, 136, 137, 138, 139, 140, 142, 143, 144, 145, 146, 147, 149, 150, 151, 152, 153, 155, 156, 157, 158, 159, 160, 161, 162, 164, 165, 166, 167, 168, 169, 170, 171, 172, 173, 175, 176, 177, 178]",155,False,2.441818773102557e-05,4.651757581954599e-08,8.12389005173534e-06,10.0
E33,220,220,61,159,575,0.2772727272727273,0.0959119496855346,0.14252336448598132,raja,S12/S25_20190124_060024_2,all_channel,mean,mean__all_channel__E33,32,179,"[0, 3, 6, 7, 8, 11, 13, 17, 18, 19, 20, 21, 22, 23, 24, 25, 30, 31, 32, 33, 34, 36, 37, 38, 39, 40, 41, 42, 43, 44, 45, 46, 48, 49, 50, 51, 52, 53, 54, 55, 56, 57, 59, 60, 61, 62, 64, 65, 66, 67, 68, 69, 70, 71, 72, 73, 74, 75, 76, 77, 78, 79, 80, 81, 82, 83, 84, 85, 86, 87, 88, 89, 90, 91, 92, 93, 94, 96, 97, 98, 99, 100, 101, 102, 103, 104, 105, 106, 107, 108, 109, 110, 111, 112, 113, 114, 115, 116, 117, 118, 119, 120, 121, 122, 123, 124, 125, 126, 127, 128, 129, 130, 131, 132, 133, 134, 135, 136, 137, 138, 139, 140, 142, 143, 144, 145, 146, 147, 149, 150, 151, 152, 153, 155, 156, 157, 158, 159, 160, 161, 162, 164, 165, 166, 167, 168, 169, 170, 171, 172, 173, 175, 176, 177, 178]",155,False,3.319018627515839e-05,-1.5006876431684197e-08,1.106839771719669e-05,10.0
E91,158,158,24,134,612,0.1518987341772152,0.03773584905660377,0.06045340050377834,raja,S12/S25_20190124_060024_2,all_channel,mean,mean__all_channel__E91,32,179,"[0, 3, 6, 7, 8, 11, 13, 17, 18, 19, 20, 21, 22, 23, 24, 25, 30, 31, 32, 33, 34, 36, 37, 38, 39, 40, 41, 42, 43, 44, 45, 46, 48, 49, 50, 51, 52, 53, 54, 55, 56, 57, 59, 60, 61, 62, 64, 65, 66, 67, 68, 69, 70, 71, 72, 73, 74, 75, 76, 77, 78, 79, 80, 81, 82, 83, 84, 85, 86, 87, 88, 89, 90, 91, 92, 93, 94, 96, 97, 98, 99, 100, 101, 102, 103, 104, 105, 106, 107, 108, 109, 110, 111, 112, 113, 114, 115, 116, 117, 118, 119, 120, 121, 122, 123, 124, 125, 126, 127, 128, 129, 130, 131, 132, 133, 134, 135, 136, 137, 138, 139, 140, 142, 143, 144, 145, 146, 147, 149, 150, 151, 152, 153, 155, 156, 157, 158, 159, 160, 161, 162, 164, 165, 166, 167, 168, 169, 170, 171, 172, 173, 175, 176, 177, 178]",155,False,3.129183380247344e-05,3.7090025062487e-08,1.041824792580365e-05,10.0
E117,111,111,21,90,615,0.1891891891891892,0.0330188679245283,0.05622489959839357,raja,S12/S25_20190124_060024_2,all_channel,mean,mean__all_channel__E117,32,179,"[0, 3, 6, 7, 8, 11, 13, 17, 18, 19, 20, 21, 22, 23, 24, 25, 30, 31, 32, 33, 34, 36, 37, 38, 39, 40, 41, 42, 43, 44, 45, 46, 48, 49, 50, 51, 52, 53, 54, 55, 56, 57, 59, 60, 61, 62, 64, 65, 66, 67, 68, 69, 70, 71, 72, 73, 74, 75, 76, 77, 78, 79, 80, 81, 82, 83, 84, 85, 86, 87, 88, 89, 90, 91, 92, 93, 94, 96, 97, 98, 99, 100, 101, 102, 103, 104, 105, 106, 107, 108, 109, 110, 111, 112, 113, 114, 115, 116, 117, 118, 119, 120, 121, 122, 123, 124, 125, 126, 127, 128, 129, 130, 131, 132, 133, 134, 135, 136, 137, 138, 139, 140, 142, 143, 144, 145, 146, 147, 149, 150, 151, 152, 153, 155, 156, 157, 158, 159, 160, 161, 162, 164, 165, 166, 167, 168, 169, 170, 171, 172, 173, 175, 176, 177, 178]",155,False,0.0001248533994055581,-4.6187454017057054e-08,4.1633195619858385e-05,10.0
E84,110,110,20,90,616,0.18181818181818182,0.031446540880503145,0.05361930294906166,raja,S12/S25_20190124_060024_2,all_channel,mean,mean__all_channel__E84,32,179,"[0, 3, 6, 7, 8, 11, 13, 17, 18, 19, 20, 21, 22, 23, 24, 25, 30, 31, 32, 33, 34, 36, 37, 38, 39, 40, 41, 42, 43, 44, 45, 46, 48, 49, 50, 51, 52, 53, 54, 55, 56, 57, 59, 60, 61, 62, 64, 65, 66, 67, 68, 69, 70, 71, 72, 73, 74, 75, 76, 77, 78, 79, 80, 81, 82, 83, 84, 85, 86, 87, 88, 89, 90, 91, 92, 93, 94, 96, 97, 98, 99, 100, 101, 102, 103, 104, 105, 106, 107, 108, 109, 110, 111, 112, 113, 114, 115, 116, 117, 118, 119, 120, 121, 122, 123, 124, 125, 126, 127, 128, 129, 130, 131, 132, 133, 134, 135, 136, 137, 138, 139, 140, 142, 143, 144, 145, 146, 147, 149, 150, 151, 152, 153, 155, 156, 157, 158, 159, 160, 161, 162, 164, 165, 166, 167, 168, 169, 170, 171, 172, 173, 175, 176, 177, 178]",155,False,2.0664261770570793e-05,2.142691490184914e-08,6.880944951889648e-06,10.0
E122,139,139,20,119,616,0.14388489208633093,0.031446540880503145,0.05161290322580646,raja,S12/S25_20190124_060024_2,all_channel,mean,mean__all_channel__E122,32,179,"[0, 3, 6, 7, 8, 11, 13, 17, 18, 19, 20, 21, 22, 23, 24, 25, 30, 31, 32, 33, 34, 36, 37, 38, 39, 40, 41, 42, 43, 44, 45, 46, 48, 49, 50, 51, 52, 53, 54, 55, 56, 57, 59, 60, 61, 62, 64, 65, 66, 67, 68, 69, 70, 71, 72, 73, 74, 75, 76, 77, 78, 79, 80, 81, 82, 83, 84, 85, 86, 87, 88, 89, 90, 91, 92, 93, 94, 96, 97, 98, 99, 100, 101, 102, 103, 104, 105, 106, 107, 108, 109, 110, 111, 112, 113, 114, 115, 116, 117, 118, 119, 120, 121, 122, 123, 124, 125, 126, 127, 128, 129, 130, 131, 132, 133, 134, 135, 136, 137, 138, 139, 140, 142, 143, 144, 145, 146, 147, 149, 150, 151, 152, 153, 155, 156, 157, 158, 159, 160, 161, 162, 164, 165, 166, 167, 168, 169, 170, 171, 172, 173, 175, 176, 177, 178]",155,False,2.5586036200759965e-05,9.681161567482156e-09,8.525451679730827e-06,10.0
E77,154,154,19,135,617,0.12337662337662338,0.029874213836477988,0.04810126582278481,raja,S12/S25_20190124_060024_2,all_channel,mean,mean__all_channel__E77,32,179,"[0, 3, 6, 7, 8, 11, 13, 17, 18, 19, 20, 21, 22, 23, 24, 25, 30, 31, 32, 33, 34, 36, 37, 38, 39, 40, 41, 42, 43, 44, 45, 46, 48, 49, 50, 51, 52, 53, 54, 55, 56, 57, 59, 60, 61, 62, 64, 65, 66, 67, 68, 69, 70, 71, 72, 73, 74, 75, 76, 77, 78, 79, 80, 81, 82, 83, 84, 85, 86, 87, 88, 89, 90, 91, 92, 93, 94, 96, 97, 98, 99, 100, 101, 102, 103, 104, 105, 106, 107, 108, 109, 110, 111, 112, 113, 114, 115, 116, 117, 118, 119, 120, 121, 122, 123, 124, 125, 126, 127, 128, 129, 130, 131, 132, 133, 134, 135, 136, 137, 138, 139, 140, 142, 143, 144, 145, 146, 147, 149, 150, 151, 152, 153, 155, 156, 157, 158, 159, 160, 161, 162, 164, 165, 166, 167, 168, 169, 170, 171, 172, 173, 175, 176, 177, 178]",155,False,1.927230838036899e-05,3.083173505947737e-09,6.423075068954346e-06,10.0
E109,84,84,17,67,619,0.20238095238095238,0.026729559748427674,0.04722222222222223,raja,S12/S25_20190124_060024_2,all_channel,mean,mean__all_channel__E109,32,179,"[0, 3, 6, 7, 8, 11, 13, 17, 18, 19, 20, 21, 22, 23, 24, 25, 30, 31, 32, 33, 34, 36, 37, 38, 39, 40, 41, 42, 43, 44, 45, 46, 48, 49, 50, 51, 52, 53, 54, 55, 56, 57, 59, 60, 61, 62, 64, 65, 66, 67, 68, 69, 70, 71, 72, 73, 74, 75, 76, 77, 78, 79, 80, 81, 82, 83, 84, 85, 86, 87, 88, 89, 90, 91, 92, 93, 94, 96, 97, 98, 99, 100, 101, 102, 103, 104, 105, 106, 107, 108, 109, 110, 111, 112, 113, 114, 115, 116, 117, 118, 119, 120, 121, 122, 123, 124, 125, 126, 127, 128, 129, 130, 131, 132, 133, 134, 135, 136, 137, 138, 139, 140, 142, 143, 144, 145, 146, 147, 149, 150, 151, 152, 153, 155, 156, 157, 158, 159, 160, 161, 162, 164, 165, 166, 167, 168, 169, 170, 171, 172, 173, 175, 176, 177, 178]",155,False,2.0881196818108417e-05,1.109217254477209e-08,6.956701548521216e-06,10.0
E13,63,63,16,47,620,0.25396825396825395,0.025157232704402517,0.04577968526466381,raja,S12/S25_20190124_060024_2,all_channel,mean,mean__all_channel__E13,32,179,"[0, 3, 6, 7, 8, 11, 13, 17, 18, 19, 20, 21, 22, 23, 24, 25, 30, 31, 32, 33, 34, 36, 37, 38, 39, 40, 41, 42, 43, 44, 45, 46, 48, 49, 50, 51, 52, 53, 54, 55, 56, 57, 59, 60, 61, 62, 64, 65, 66, 67, 68, 69, 70, 71, 72, 73, 74, 75, 76, 77, 78, 79, 80, 81, 82, 83, 84, 85, 86, 87, 88, 89, 90, 91, 92, 93, 94, 96, 97, 98, 99, 100, 101, 102, 103, 104, 105, 106, 107, 108, 109, 110, 111, 112, 113, 114, 115, 116, 117, 118, 119, 120, 121, 122, 123, 124, 125, 126, 127, 128, 129, 130, 131, 132, 133, 134, 135, 136, 137, 138, 139, 140, 142, 143, 144, 145, 146, 147, 149, 150, 151, 152, 153, 155, 156, 157, 158, 159, 160, 161, 162, 164, 165, 166, 167, 168, 169, 170, 171, 172, 173, 175, 176, 177, 178]",155,False,1.988547687015217e-05,-9.566685989384953e-09,6.631681185380519e-06,10.0
E67,126,126,17,109,619,0.1349206349206349,0.026729559748427674,0.04461942257217848,raja,S12/S25_20190124_060024_2,all_channel,mean,mean__all_channel__E67,32,179,"[0, 3, 6, 7, 8, 11, 13, 17, 18, 19, 20, 21, 22, 23, 24, 25, 30, 31, 32, 33, 34, 36, 37, 38, 39, 40, 41, 42, 43, 44, 45, 46, 48, 49, 50, 51, 52, 53, 54, 55, 56, 57, 59, 60, 61, 62, 64, 65, 66, 67, 68, 69, 70, 71, 72, 73, 74, 75, 76, 77, 78, 79, 80, 81, 82, 83, 84, 85, 86, 87, 88, 89, 90, 91, 92, 93, 94, 96, 97, 98, 99, 100, 101, 102, 103, 104, 105, 106, 107, 108, 109, 110, 111, 112, 113, 114, 115, 116, 117, 118, 119, 120, 121, 122, 123, 124, 125, 126, 127, 128, 129, 130, 131, 132, 133, 134, 135, 136, 137, 138, 139, 140, 142, 143, 144, 145, 146, 147, 149, 150, 151, 152, 153, 155, 156, 157, 158, 159, 160, 161, 162, 164, 165, 166, 167, 168, 169, 170, 171, 172, 173, 175, 176, 177, 178]",155,False,1.850815383016043e-05,2.2640569561815383e-08,6.161837753532871e-06,10.0
E112,44,44,15,29,621,0.3409090909090909,0.02358490566037736,0.04411764705882353,raja,S12/S25_20190124_060024_2,all_channel,mean,mean__all_channel__E112,32,179,"[0, 3, 6, 7, 8, 11, 13, 17, 18, 19, 20, 21, 22, 23, 24, 25, 30, 31, 32, 33, 34, 36, 37, 38, 39, 40, 41, 42, 43, 44, 45, 46, 48, 49, 50, 51, 52, 53, 54, 55, 56, 57, 59, 60, 61, 62, 64, 65, 66, 67, 68, 69, 70, 71, 72, 73, 74, 75, 76, 77, 78, 79, 80, 81, 82, 83, 84, 85, 86, 87, 88, 89, 90, 91, 92, 93, 94, 96, 97, 98, 99, 100, 101, 102, 103, 104, 105, 106, 107, 108, 109, 110, 111, 112, 113, 114, 115, 116, 117, 118, 119, 120, 121, 122, 123, 124, 125, 126, 127, 128, 129, 130, 131, 132, 133, 134, 135, 136, 137, 138, 139, 140, 142, 143, 144, 145, 146, 147, 149, 150, 151, 152, 153, 155, 156, 157, 158, 159, 160, 161, 162, 164, 165, 166, 167, 168, 169, 170, 171, 172, 173, 175, 176, 177, 178]",155,False,1.6818845262934292e-05,4.5170243804092453e-10,5.606131186832084e-06,10.0
E62,157,157,17,140,619,0.10828025477707007,0.026729559748427674,0.04287515762925599,raja,S12/S25_20190124_060024_2,all_channel,mean,mean__all_channel__E62,32,179,"[0, 3, 6, 7, 8, 11, 13, 17, 18, 19, 20, 21, 22, 23, 24, 25, 30, 31, 32, 33, 34, 36, 37, 38, 39, 40, 41, 42, 43, 44, 45, 46, 48, 49, 50, 51, 52, 53, 54, 55, 56, 57, 59, 60, 61, 62, 64, 65, 66, 67, 68, 69, 70, 71, 72, 73, 74, 75, 76, 77, 78, 79, 80, 81, 82, 83, 84, 85, 86, 87, 88, 89, 90, 91, 92, 93, 94, 96, 97, 98, 99, 100, 101, 102, 103, 104, 105, 106, 107, 108, 109, 110, 111, 112, 113, 114, 115, 116, 117, 118, 119, 120, 121, 122, 123, 124, 125, 126, 127, 128, 129, 130, 131, 132, 133, 134, 135, 136, 137, 138, 139, 140, 142, 143, 144, 145, 146, 147, 149, 150, 151, 152, 153, 155, 156, 157, 158, 159, 160, 161, 162, 164, 165, 166, 167, 168, 169, 170, 171, 172, 173, 175, 176, 177, 178]",155,False,2.4851476382912813e-05,7.621511026095231e-10,8.283571410603401e-06,10.0
E40,80,80,14,66,622,0.175,0.0220125786163522,0.03910614525139665,raja,S12/S25_20190124_060024_2,all_channel,mean,mean__all_channel__E40,32,179,"[0, 3, 6, 7, 8, 11, 13, 17, 18, 19, 20, 21, 22, 23, 24, 25, 30, 31, 32, 33, 34, 36, 37, 38, 39, 40, 41, 42, 43, 44, 45, 46, 48, 49, 50, 51, 52, 53, 54, 55, 56, 57, 59, 60, 61, 62, 64, 65, 66, 67, 68, 69, 70, 71, 72, 73, 74, 75, 76, 77, 78, 79, 80, 81, 82, 83, 84, 85, 86, 87, 88, 89, 90, 91, 92, 93, 94, 96, 97, 98, 99, 100, 101, 102, 103, 104, 105, 106, 107, 108, 109, 110, 111, 112, 113, 114, 115, 116, 117, 118, 119, 120, 121, 122, 123, 124, 125, 126, 127, 128, 129, 130, 131, 132, 133, 134, 135, 136, 137, 138, 139, 140, 142, 143, 144, 145, 146, 147, 149, 150, 151, 152, 153, 155, 156, 157, 158, 159, 160, 161, 162, 164, 165, 166, 167, 168, 169, 170, 171, 172, 173, 175, 176, 177, 178]",155,False,1.882032469539741e-05,3.067373188221001e-08,6.2632169878384e-06,10.0
E75,94,94,10,84,626,0.10638297872340426,0.015723270440251572,0.027397260273972605,raja,S12/S25_20190124_060024_2,all_channel,mean,mean__all_channel__E75,32,179,"[0, 3, 6, 7, 8, 11, 13, 17, 18, 19, 20, 21, 22, 23, 24, 25, 30, 31, 32, 33, 34, 36, 37, 38, 39, 40, 41, 42, 43, 44, 45, 46, 48, 49, 50, 51, 52, 53, 54, 55, 56, 57, 59, 60, 61, 62, 64, 65, 66, 67, 68, 69, 70, 71, 72, 73, 74, 75, 76, 77, 78, 79, 80, 81, 82, 83, 84, 85, 86, 87, 88, 89, 90, 91, 92, 93, 94, 96, 97, 98, 99, 100, 101, 102, 103, 104, 105, 106, 107, 108, 109, 110, 111, 112, 113, 114, 115, 116, 117, 118, 119, 120, 121, 122, 123, 124, 125, 126, 127, 128, 129, 130, 131, 132, 133, 134, 135, 136, 137, 138, 139, 140, 142, 143, 144, 145, 146, 147, 149, 150, 151, 152, 153, 155, 156, 157, 158, 159, 160, 161, 162, 164, 165, 166, 167, 168, 169, 170, 171, 172, 173, 175, 176, 177, 178]",155,False,1.6867023804982782e-05,-9.67475630227444e-10,5.622663760204337e-06,10.0
E83,83,83,9,74,627,0.10843373493975904,0.014150943396226415,0.025034770514603618,raja,S12/S25_20190124_060024_2,all_channel,mean,mean__all_channel__E83,32,179,"[0, 3, 6, 7, 8, 11, 13, 17, 18, 19, 20, 21, 22, 23, 24, 25, 30, 31, 32, 33, 34, 36, 37, 38, 39, 40, 41, 42, 43, 44, 45, 46, 48, 49, 50, 51, 52, 53, 54, 55, 56, 57, 59, 60, 61, 62, 64, 65, 66, 67, 68, 69, 70, 71, 72, 73, 74, 75, 76, 77, 78, 79, 80, 81, 82, 83, 84, 85, 86, 87, 88, 89, 90, 91, 92, 93, 94, 96, 97, 98, 99, 100, 101, 102, 103, 104, 105, 106, 107, 108, 109, 110, 111, 112, 113, 114, 115, 116, 117, 118, 119, 120, 121, 122, 123, 124, 125, 126, 127, 128, 129, 130, 131, 132, 133, 134, 135, 136, 137, 138, 139, 140, 142, 143, 144, 145, 146, 147, 149, 150, 151, 152, 153, 155, 156, 157, 158, 159, 160, 161, 162, 164, 165, 166, 167, 168, 169, 170, 171, 172, 173, 175, 176, 177, 178]",155,False,1.7233904513623292e-05,1.543930121875281e-08,5.7394884041348465e-06,10.0
E37,39,39,7,32,629,0.1794871794871795,0.0110062893081761,0.02074074074074074,raja,S12/S25_20190124_060024_2,all_channel,mean,mean__all_channel__E37,32,179,"[0, 3, 6, 7, 8, 11, 13, 17, 18, 19, 20, 21, 22, 23, 24, 25, 30, 31, 32, 33, 34, 36, 37, 38, 39, 40, 41, 42, 43, 44, 45, 46, 48, 49, 50, 51, 52, 53, 54, 55, 56, 57, 59, 60, 61, 62, 64, 65, 66, 67, 68, 69, 70, 71, 72, 73, 74, 75, 76, 77, 78, 79, 80, 81, 82, 83, 84, 85, 86, 87, 88, 89, 90, 91, 92, 93, 94, 96, 97, 98, 99, 100, 101, 102, 103, 104, 105, 106, 107, 108, 109, 110, 111, 112, 113, 114, 115, 116, 117, 118, 119, 120, 121, 122, 123, 124, 125, 126, 127, 128, 129, 130, 131, 132, 133, 134, 135, 136, 137, 138, 139, 140, 142, 143, 144, 145, 146, 147, 149, 150, 151, 152, 153, 155, 156, 157, 158, 159, 160, 161, 162, 164, 165, 166, 167, 168, 169, 170, 171, 172, 173, 175, 176, 177, 178]",155,False,1.8759496351076218e-05,-1.8609555528278976e-09,6.253785768876348e-06,10.0
E59,60,60,7,53,629,0.11666666666666667,0.0110062893081761,0.020114942528735632,raja,S12/S25_20190124_060024_2,all_channel,mean,mean__all_channel__E59,32,179,"[0, 3, 6, 7, 8, 11, 13, 17, 18, 19, 20, 21, 22, 23, 24, 25, 30, 31, 32, 33, 34, 36, 37, 38, 39, 40, 41, 42, 43, 44, 45, 46, 48, 49, 50, 51, 52, 53, 54, 55, 56, 57, 59, 60, 61, 62, 64, 65, 66, 67, 68, 69, 70, 71, 72, 73, 74, 75, 76, 77, 78, 79, 80, 81, 82, 83, 84, 85, 86, 87, 88, 89, 90, 91, 92, 93, 94, 96, 97, 98, 99, 100, 101, 102, 103, 104, 105, 106, 107, 108, 109, 110, 111, 112, 113, 114, 115, 116, 117, 118, 119, 120, 121, 122, 123, 124, 125, 126, 127, 128, 129, 130, 131, 132, 133, 134, 135, 136, 137, 138, 139, 140, 142, 143, 144, 145, 146, 147, 149, 150, 151, 152, 153, 155, 156, 157, 158, 159, 160, 161, 162, 164, 165, 166, 167, 168, 169, 170, 171, 172, 173, 175, 176, 177, 178]",155,False,1.4663144964687866e-05,5.892930921323165e-09,4.885750677922181e-06,10.0
E47,38,38,5,33,631,0.13157894736842105,0.007861635220125786,0.014836795252225518,raja,S12/S25_20190124_060024_2,all_channel,mean,mean__all_channel__E47,32,179,"[0, 3, 6, 7, 8, 11, 13, 17, 18, 19, 20, 21, 22, 23, 24, 25, 30, 31, 32, 33, 34, 36, 37, 38, 39, 40, 41, 42, 43, 44, 45, 46, 48, 49, 50, 51, 52, 53, 54, 55, 56, 57, 59, 60, 61, 62, 64, 65, 66, 67, 68, 69, 70, 71, 72, 73, 74, 75, 76, 77, 78, 79, 80, 81, 82, 83, 84, 85, 86, 87, 88, 89, 90, 91, 92, 93, 94, 96, 97, 98, 99, 100, 101, 102, 103, 104, 105, 106, 107, 108, 109, 110, 111, 112, 113, 114, 115, 116, 117, 118, 119, 120, 121, 122, 123, 124, 125, 126, 127, 128, 129, 130, 131, 132, 133, 134, 135, 136, 137, 138, 139, 140, 142, 143, 144, 145, 146, 147, 149, 150, 151, 152, 153, 155, 156, 157, 158, 159, 160, 161, 162, 164, 165, 166, 167, 168, 169, 170, 171, 172, 173, 175, 176, 177, 178]",155,False,1.7088902056365845e-05,8.34758031130417e-09,5.693518158684847e-06,10.0
E87,42,42,4,38,632,0.09523809523809523,0.006289308176100629,0.011799410029498527,raja,S12/S25_20190124_060024_2,all_channel,mean,mean__all_channel__E87,32,179,"[0, 3, 6, 7, 8, 11, 13, 17, 18, 19, 20, 21, 22, 23, 24, 25, 30, 31, 32, 33, 34, 36, 37, 38, 39, 40, 41, 42, 43, 44, 45, 46, 48, 49, 50, 51, 52, 53, 54, 55, 56, 57, 59, 60, 61, 62, 64, 65, 66, 67, 68, 69, 70, 71, 72, 73, 74, 75, 76, 77, 78, 79, 80, 81, 82, 83, 84, 85, 86, 87, 88, 89, 90, 91, 92, 93, 94, 96, 97, 98, 99, 100, 101, 102, 103, 104, 105, 106, 107, 108, 109, 110, 111, 112, 113, 114, 115, 116, 117, 118, 119, 120, 121, 122, 123, 124, 125, 126, 127, 128, 129, 130, 131, 132, 133, 134, 135, 136, 137, 138, 139, 140, 142, 143, 144, 145, 146, 147, 149, 150, 151, 152, 153, 155, 156, 157, 158, 159, 160, 161, 162, 164, 165, 166, 167, 168, 169, 170, 171, 172, 173, 175, 176, 177, 178]",155,False,1.723626711101266e-05,1.9700411806444265e-09,5.744765689944005e-06,10.0
E60,56,56,4,52,632,0.07142857142857142,0.006289308176100629,0.011560693641618498,raja,S12/S25_20190124_060024_2,all_channel,mean,mean__all_channel__E60,32,179,"[0, 3, 6, 7, 8, 11, 13, 17, 18, 19, 20, 21, 22, 23, 24, 25, 30, 31, 32, 33, 34, 36, 37, 38, 39, 40, 41, 42, 43, 44, 45, 46, 48, 49, 50, 51, 52, 53, 54, 55, 56, 57, 59, 60, 61, 62, 64, 65, 66, 67, 68, 69, 70, 71, 72, 73, 74, 75, 76, 77, 78, 79, 80, 81, 82, 83, 84, 85, 86, 87, 88, 89, 90, 91, 92, 93, 94, 96, 97, 98, 99, 100, 101, 102, 103, 104, 105, 106, 107, 108, 109, 110, 111, 112, 113, 114, 115, 116, 117, 118, 119, 120, 121, 122, 123, 124, 125, 126, 127, 128, 129, 130, 131, 132, 133, 134, 135, 136, 137, 138, 139, 140, 142, 143, 144, 145, 146, 147, 149, 150, 151, 152, 153, 155, 156, 157, 158, 159, 160, 161, 162, 164, 165, 166, 167, 168, 169, 170, 171, 172, 173, 175, 176, 177, 178]",155,False,1.542384045323206e-05,-1.8242586825791347e-09,5.141888237304879e-06,10.0
E70,58,58,4,54,632,0.06896551724137931,0.006289308176100629,0.011527377521613834,raja,S12/S25_20190124_060024_2,all_channel,mean,mean__all_channel__E70,32,179,"[0, 3, 6, 7, 8, 11, 13, 17, 18, 19, 20, 21, 22, 23, 24, 25, 30, 31, 32, 33, 34, 36, 37, 38, 39, 40, 41, 42, 43, 44, 45, 46, 48, 49, 50, 51, 52, 53, 54, 55, 56, 57, 59, 60, 61, 62, 64, 65, 66, 67, 68, 69, 70, 71, 72, 73, 74, 75, 76, 77, 78, 79, 80, 81, 82, 83, 84, 85, 86, 87, 88, 89, 90, 91, 92, 93, 94, 96, 97, 98, 99, 100, 101, 102, 103, 104, 105, 106, 107, 108, 109, 110, 111, 112, 113, 114, 115, 116, 117, 118, 119, 120, 121, 122, 123, 124, 125, 126, 127, 128, 129, 130, 131, 132, 133, 134, 135, 136, 137, 138, 139, 140, 142, 143, 144, 145, 146, 147, 149, 150, 151, 152, 153, 155, 156, 157, 158, 159, 160, 161, 162, 164, 165, 166, 167, 168, 169, 170, 171, 172, 173, 175, 176, 177, 178]",155,False,1.7244387818333297e-05,1.1061099156027194e-08,5.7444422397257565e-06,10.0
E98,38,38,3,35,633,0.07894736842105263,0.0047169811320754715,0.008902077151335312,raja,S12/S25_20190124_060024_2,all_channel,mean,mean__all_channel__E98,32,179,"[0, 3, 6, 7, 8, 11, 13, 17, 18, 19, 20, 21, 22, 23, 24, 25, 30, 31, 32, 33, 34, 36, 37, 38, 39, 40, 41, 42, 43, 44, 45, 46, 48, 49, 50, 51, 52, 53, 54, 55, 56, 57, 59, 60, 61, 62, 64, 65, 66, 67, 68, 69, 70, 71, 72, 73, 74, 75, 76, 77, 78, 79, 80, 81, 82, 83, 84, 85, 86, 87, 88, 89, 90, 91, 92, 93, 94, 96, 97, 98, 99, 100, 101, 102, 103, 104, 105, 106, 107, 108, 109, 110, 111, 112, 113, 114, 115, 116, 117, 118, 119, 120, 121, 122, 123, 124, 125, 126, 127, 128, 129, 130, 131, 132, 133, 134, 135, 136, 137, 138, 139, 140, 142, 143, 144, 145, 146, 147, 149, 150, 151, 152, 153, 155, 156, 157, 158, 159, 160, 161, 162, 164, 165, 166, 167, 168, 169, 170, 171, 172, 173, 175, 176, 177, 178]",155,False,1.557104834163714e-05,1.41315666296817e-08,5.1856389250024865e-06,10.0
E104,40,40,3,37,633,0.075,0.0047169811320754715,0.008875739644970414,raja,S12/S25_20190124_060024_2,all_channel,mean,mean__all_channel__E104,32,179,"[0, 3, 6, 7, 8, 11, 13, 17, 18, 19, 20, 21, 22, 23, 24, 25, 30, 31, 32, 33, 34, 36, 37, 38, 39, 40, 41, 42, 43, 44, 45, 46, 48, 49, 50, 51, 52, 53, 54, 55, 56, 57, 59, 60, 61, 62, 64, 65, 66, 67, 68, 69, 70, 71, 72, 73, 74, 75, 76, 77, 78, 79, 80, 81, 82, 83, 84, 85, 86, 87, 88, 89, 90, 91, 92, 93, 94, 96, 97, 98, 99, 100, 101, 102, 103, 104, 105, 106, 107, 108, 109, 110, 111, 112, 113, 114, 115, 116, 117, 118, 119, 120, 121, 122, 123, 124, 125, 126, 127, 128, 129, 130, 131, 132, 133, 134, 135, 136, 137, 138, 139, 140, 142, 143, 144, 145, 146, 147, 149, 150, 151, 152, 153, 155, 156, 157, 158, 159, 160, 161, 162, 164, 165, 166, 167, 168, 169, 170, 171, 172, 173, 175, 176, 177, 178]",155,False,1.7233672679660867e-05,2.1731098934473038e-08,5.737313860242132e-06,10.0
E85,53,53,2,51,634,0.03773584905660377,0.0031446540880503146,0.0058055152394775045,raja,S12/S25_20190124_060024_2,all_channel,mean,mean__all_channel__E85,32,179,"[0, 3, 6, 7, 8, 11, 13, 17, 18, 19, 20, 21, 22, 23, 24, 25, 30, 31, 32, 33, 34, 36, 37, 38, 39, 40, 41, 42, 43, 44, 45, 46, 48, 49, 50, 51, 52, 53, 54, 55, 56, 57, 59, 60, 61, 62, 64, 65, 66, 67, 68, 69, 70, 71, 72, 73, 74, 75, 76, 77, 78, 79, 80, 81, 82, 83, 84, 85, 86, 87, 88, 89, 90, 91, 92, 93, 94, 96, 97, 98, 99, 100, 101, 102, 103, 104, 105, 106, 107, 108, 109, 110, 111, 112, 113, 114, 115, 116, 117, 118, 119, 120, 121, 122, 123, 124, 125, 126, 127, 128, 129, 130, 131, 132, 133, 134, 135, 136, 137, 138, 139, 140, 142, 143, 144, 145, 146, 147, 149, 150, 151, 152, 153, 155, 156, 157, 158, 159, 160, 161, 162, 164, 165, 166, 167, 168, 169, 170, 171, 172, 173, 175, 176, 177, 178]",155,False,1.7072328736124112e-05,1.1453641479361884e-08,5.6869583648815835e-06,10.0
E22,628,628,603,25,33,0.9601910828025477,0.9481132075471698,0.954113924050633,raja,S12/S25_20190124_060024_2,frontal,median,median__frontal__E22,6,179,"[0, 6, 11, 13, 17, 18, 24, 25, 30, 33, 34, 37, 41, 42, 44, 46, 49, 51, 52, 53, 55, 59, 60, 62, 64, 70, 72, 74, 77, 81, 83, 88, 89, 93, 97, 99, 110, 112, 113, 115, 121, 124, 125, 127, 128, 129, 130, 138, 139, 140, 142, 143, 144, 145, 146, 147, 149, 153, 155, 156, 157, 158, 166, 172, 173]",65,False,5.355744998912253e-05,-4.5056337155166225e-06,1.9354361234879718e-05,10.0
E9,616,616,591,25,45,0.9594155844155844,0.9292452830188679,0.9440894568690096,raja,S12/S25_20190124_060024_2,frontal,median,median__frontal__E9,6,179,"[0, 6, 11, 13, 17, 18, 24, 25, 30, 33, 34, 37, 41, 42, 44, 46, 49, 51, 52, 53, 55, 59, 60, 62, 64, 70, 72, 74, 77, 81, 83, 88, 89, 93, 97, 99, 110, 112, 113, 115, 121, 124, 125, 127, 128, 129, 130, 138, 139, 140, 142, 143, 144, 145, 146, 147, 149, 153, 155, 156, 157, 158, 166, 172, 173]",65,False,3.825433781038569e-05,-2.686033512007113e-06,1.3646790440797601e-05,10.0
E23,585,585,554,31,82,0.947008547008547,0.8710691823899371,0.9074529074529075,raja,S12/S25_20190124_060024_2,frontal,median,median__frontal__E23,6,179,"[0, 6, 11, 13, 17, 18, 24, 25, 30, 33, 34, 37, 41, 42, 44, 46, 49, 51, 52, 53, 55, 59, 60, 62, 64, 70, 72, 74, 77, 81, 83, 88, 89, 93, 97, 99, 110, 112, 113, 115, 121, 124, 125, 127, 128, 129, 130, 138, 139, 140, 142, 143, 144, 145, 146, 147, 149, 153, 155, 156, 157, 158, 166, 172, 173]",65,False,3.628839936367587e-05,-2.4037783659464106e-06,1.2897392576540759e-05,10.0
E3,449,449,443,6,193,0.9866369710467706,0.6965408805031447,0.8165898617511521,raja,S12/S25_20190124_060024_2,frontal,median,median__frontal__E3,6,179,"[0, 6, 11, 13, 17, 18, 24, 25, 30, 33, 34, 37, 41, 42, 44, 46, 49, 51, 52, 53, 55, 59, 60, 62, 64, 70, 72, 74, 77, 81, 83, 88, 89, 93, 97, 99, 110, 112, 113, 115, 121, 124, 125, 127, 128, 129, 130, 138, 139, 140, 142, 143, 144, 145, 146, 147, 149, 153, 155, 156, 157, 158, 166, 172, 173]",65,False,3.061897121495023e-05,-1.2419809822882485e-06,1.0620317399079494e-05,10.0
E24,244,244,223,21,413,0.9139344262295082,0.35062893081761004,0.5068181818181818,raja,S12/S25_20190124_060024_2,frontal,median,median__frontal__E24,6,179,"[0, 6, 11, 13, 17, 18, 24, 25, 30, 33, 34, 37, 41, 42, 44, 46, 49, 51, 52, 53, 55, 59, 60, 62, 64, 70, 72, 74, 77, 81, 83, 88, 89, 93, 97, 99, 110, 112, 113, 115, 121, 124, 125, 127, 128, 129, 130, 138, 139, 140, 142, 143, 144, 145, 146, 147, 149, 153, 155, 156, 157, 158, 166, 172, 173]",65,False,3.0834638163606394e-05,-8.492016322196975e-07,1.056127993194203e-05,10.0
E124,86,86,43,43,593,0.5,0.06761006289308176,0.1191135734072022,raja,S12/S25_20190124_060024_2,frontal,median,median__frontal__E124,6,179,"[0, 6, 11, 13, 17, 18, 24, 25, 30, 33, 34, 37, 41, 42, 44, 46, 49, 51, 52, 53, 55, 59, 60, 62, 64, 70, 72, 74, 77, 81, 83, 88, 89, 93, 97, 99, 110, 112, 113, 115, 121, 124, 125, 127, 128, 129, 130, 138, 139, 140, 142, 143, 144, 145, 146, 147, 149, 153, 155, 156, 157, 158, 166, 172, 173]",65,False,3.586775737618801e-05,-1.491594424253958e-07,1.2005638939537803e-05,10.0
E22,617,617,595,22,41,0.9643435980551054,0.9355345911949685,0.9497206703910613,raja,S12/S25_20190124_060024_2,frontal,mean,mean__frontal__E22,6,179,"[0, 6, 11, 13, 17, 18, 24, 25, 30, 33, 34, 37, 41, 42, 44, 46, 49, 51, 52, 53, 55, 59, 60, 62, 64, 70, 72, 74, 77, 81, 83, 88, 89, 93, 97, 99, 110, 112, 113, 115, 121, 124, 125, 127, 128, 129, 130, 138, 139, 140, 142, 143, 144, 145, 146, 147, 149, 153, 155, 156, 157, 158, 166, 172, 173]",65,False,5.811872385744068e-05,5.564015280151958e-08,1.9354361234879718e-05,10.0
E9,610,610,588,22,48,0.9639344262295082,0.9245283018867925,0.9438202247191011,raja,S12/S25_20190124_060024_2,frontal,mean,mean__frontal__E9,6,179,"[0, 6, 11, 13, 17, 18, 24, 25, 30, 33, 34, 37, 41, 42, 44, 46, 49, 51, 52, 53, 55, 59, 60, 62, 64, 70, 72, 74, 77, 81, 83, 88, 89, 93, 97, 99, 110, 112, 113, 115, 121, 124, 125, 127, 128, 129, 130, 138, 139, 140, 142, 143, 144, 145, 146, 147, 149, 153, 155, 156, 157, 158, 166, 172, 173]",65,False,4.098672564325525e-05,4.635432086244693e-08,1.3646790440797601e-05,10.0
E23,564,564,537,27,99,0.9521276595744681,0.8443396226415094,0.895,raja,S12/S25_20190124_060024_2,frontal,mean,mean__frontal__E23,6,179,"[0, 6, 11, 13, 17, 18, 24, 25, 30, 33, 34, 37, 41, 42, 44, 46, 49, 51, 52, 53, 55, 59, 60, 62, 64, 70, 72, 74, 77, 81, 83, 88, 89, 93, 97, 99, 110, 112, 113, 115, 121, 124, 125, 127, 128, 129, 130, 138, 139, 140, 142, 143, 144, 145, 146, 147, 149, 153, 155, 156, 157, 158, 166, 172, 173]",65,False,3.872947480138453e-05,3.729707176225032e-08,1.2897392576540759e-05,10.0
E3,426,426,420,6,216,0.9859154929577465,0.660377358490566,0.7909604519774011,raja,S12/S25_20190124_060024_2,frontal,mean,mean__frontal__E3,6,179,"[0, 6, 11, 13, 17, 18, 24, 25, 30, 33, 34, 37, 41, 42, 44, 46, 49, 51, 52, 53, 55, 59, 60, 62, 64, 70, 72, 74, 77, 81, 83, 88, 89, 93, 97, 99, 110, 112, 113, 115, 121, 124, 125, 127, 128, 129, 130, 138, 139, 140, 142, 143, 144, 145, 146, 147, 149, 153, 155, 156, 157, 158, 166, 172, 173]",65,False,3.184382653107525e-05,-1.7125666163227378e-08,1.0620317399079494e-05,10.0
E24,223,223,203,20,433,0.9103139013452914,0.3191823899371069,0.47264260768335276,raja,S12/S25_20190124_060024_2,frontal,mean,mean__frontal__E24,6,179,"[0, 6, 11, 13, 17, 18, 24, 25, 30, 33, 34, 37, 41, 42, 44, 46, 49, 51, 52, 53, 55, 59, 60, 62, 64, 70, 72, 74, 77, 81, 83, 88, 89, 93, 97, 99, 110, 112, 113, 115, 121, 124, 125, 127, 128, 129, 130, 138, 139, 140, 142, 143, 144, 145, 146, 147, 149, 153, 155, 156, 157, 158, 166, 172, 173]",65,False,3.169243027002586e-05,8.590474199769627e-09,1.056127993194203e-05,10.0
E124,86,86,43,43,593,0.5,0.06761006289308176,0.1191135734072022,raja,S12/S25_20190124_060024_2,frontal,mean,mean__frontal__E124,6,179,"[0, 6, 11, 13, 17, 18, 24, 25, 30, 33, 34, 37, 41, 42, 44, 46, 49, 51, 52, 53, 55, 59, 60, 62, 64, 70, 72, 74, 77, 81, 83, 88, 89, 93, 97, 99, 110, 112, 113, 115, 121, 124, 125, 127, 128, 129, 130, 138, 139, 140, 142, 143, 144, 145, 146, 147, 149, 153, 155, 156, 157, 158, 166, 172, 173]",65,False,3.6129870307960836e-05,1.1295348934742813e-07,1.2005638939537803e-05,10.0
E22,614,614,593,21,43,0.9657980456026058,0.9323899371069182,0.9488,raja,S12/S25_20190124_060024_2,frontal_left,median,median__frontal_left__E22,3,179,"[6, 11, 13, 17, 18, 24, 25, 30, 33, 34, 41, 42, 44, 49, 51, 52, 53, 55, 59, 60, 62, 64, 70, 72, 74, 77, 81, 83, 93, 99, 110, 113, 121, 124, 125, 144, 146, 147, 149, 153, 155, 156, 157, 166, 173]",45,False,5.9836826166910106e-05,-6.283778189147589e-06,2.2040201452019233e-05,10.0
E23,561,561,534,27,102,0.9518716577540107,0.839622641509434,0.8922305764411027,raja,S12/S25_20190124_060024_2,frontal_left,median,median__frontal_left__E23,3,179,"[6, 11, 13, 17, 18, 24, 25, 30, 33, 34, 41, 42, 44, 49, 51, 52, 53, 55, 59, 60, 62, 64, 70, 72, 74, 77, 81, 83, 93, 99, 110, 113, 121, 124, 125, 144, 146, 147, 149, 153, 155, 156, 157, 166, 173]",45,False,3.901073246398177e-05,-3.234314038572672e-06,1.4081682167518147e-05,10.0
E24,214,214,196,18,440,0.9158878504672897,0.3081761006289308,0.46117647058823524,raja,S12/S25_20190124_060024_2,frontal_left,median,median__frontal_left__E24,3,179,"[6, 11, 13, 17, 18, 24, 25, 30, 33, 34, 41, 42, 44, 49, 51, 52, 53, 55, 59, 60, 62, 64, 70, 72, 74, 77, 81, 83, 93, 99, 110, 113, 121, 124, 125, 144, 146, 147, 149, 153, 155, 156, 157, 166, 173]",45,False,3.233756693773165e-05,-1.0846769407835952e-06,1.1140747959505082e-05,10.0
E22,605,605,584,21,52,0.9652892561983472,0.9182389937106918,0.9411764705882354,raja,S12/S25_20190124_060024_2,frontal_left,mean,mean__frontal_left__E22,3,179,"[6, 11, 13, 17, 18, 24, 25, 30, 33, 34, 41, 42, 44, 49, 51, 52, 53, 55, 59, 60, 62, 64, 70, 72, 74, 77, 81, 83, 93, 99, 110, 113, 121, 124, 125, 144, 146, 147, 149, 153, 155, 156, 157, 166, 173]",45,False,6.622250003440264e-05,1.0189567834494003e-07,2.2040201452019233e-05,10.0
E23,532,532,511,21,125,0.9605263157894737,0.8034591194968553,0.875,raja,S12/S25_20190124_060024_2,frontal_left,mean,mean__frontal_left__E23,3,179,"[6, 11, 13, 17, 18, 24, 25, 30, 33, 34, 41, 42, 44, 49, 51, 52, 53, 55, 59, 60, 62, 64, 70, 72, 74, 77, 81, 83, 93, 99, 110, 113, 121, 124, 125, 144, 146, 147, 149, 153, 155, 156, 157, 166, 173]",45,False,4.226351097523047e-05,1.846447267603007e-08,1.4081682167518147e-05,10.0
E24,191,191,177,14,459,0.9267015706806283,0.2783018867924528,0.42805320435308336,raja,S12/S25_20190124_060024_2,frontal_left,mean,mean__frontal_left__E24,3,179,"[6, 11, 13, 17, 18, 24, 25, 30, 33, 34, 41, 42, 44, 49, 51, 52, 53, 55, 59, 60, 62, 64, 70, 72, 74, 77, 81, 83, 93, 99, 110, 113, 121, 124, 125, 144, 146, 147, 149, 153, 155, 156, 157, 166, 173]",45,False,3.341795300364144e-05,-4.290874873808737e-09,1.1140747959505082e-05,10.0
E9,617,617,591,26,45,0.9578606158833063,0.9292452830188679,0.9433359936153232,raja,S12/S25_20190124_060024_2,frontal_right,median,median__frontal_right__E9,3,179,"[0, 6, 11, 13, 17, 18, 24, 30, 33, 34, 37, 41, 42, 44, 46, 49, 51, 52, 53, 55, 59, 60, 64, 72, 74, 81, 88, 89, 93, 97, 110, 112, 113, 115, 127, 128, 129, 130, 138, 139, 140, 142, 143, 144, 145, 146, 147, 149, 155, 156, 157, 158, 172, 173]",54,False,3.861507827170107e-05,-2.5176178488793606e-06,1.3710898706860145e-05,10.0
E3,431,431,426,5,210,0.988399071925754,0.6698113207547169,0.7985004686035614,raja,S12/S25_20190124_060024_2,frontal_right,median,median__frontal_right__E3,3,179,"[0, 6, 11, 13, 17, 18, 24, 30, 33, 34, 37, 41, 42, 44, 46, 49, 51, 52, 53, 55, 59, 60, 64, 72, 74, 81, 88, 89, 93, 97, 110, 112, 113, 115, 127, 128, 129, 130, 138, 139, 140, 142, 143, 144, 145, 146, 147, 149, 155, 156, 157, 158, 172, 173]",54,False,3.1459060293990386e-05,-1.17286149363515e-06,1.0877307262541847e-05,10.0
E124,83,83,42,41,594,0.5060240963855421,0.0660377358490566,0.1168289290681502,raja,S12/S25_20190124_060024_2,frontal_right,median,median__frontal_right__E124,3,179,"[0, 6, 11, 13, 17, 18, 24, 30, 33, 34, 37, 41, 42, 44, 46, 49, 51, 52, 53, 55, 59, 60, 64, 72, 74, 81, 88, 89, 93, 97, 110, 112, 113, 115, 127, 128, 129, 130, 138, 139, 140, 142, 143, 144, 145, 146, 147, 149, 155, 156, 157, 158, 172, 173]",54,False,3.665328926436143e-05,-1.68178476919872e-07,1.2273822580427099e-05,10.0
E9,610,610,588,22,48,0.9639344262295082,0.9245283018867925,0.9438202247191011,raja,S12/S25_20190124_060024_2,frontal_right,mean,mean__frontal_right__E9,3,179,"[0, 6, 11, 13, 17, 18, 24, 30, 33, 34, 37, 41, 42, 44, 46, 49, 51, 52, 53, 55, 59, 60, 64, 72, 74, 81, 88, 89, 93, 97, 110, 112, 113, 115, 127, 128, 129, 130, 138, 139, 140, 142, 143, 144, 145, 146, 147, 149, 155, 156, 157, 158, 172, 173]",54,False,4.118772216005933e-05,5.5026039478891724e-08,1.3710898706860145e-05,10.0
E3,421,421,415,6,221,0.9857482185273159,0.6525157232704403,0.7852412488174078,raja,S12/S25_20190124_060024_2,frontal_right,mean,mean__frontal_right__E3,3,179,"[0, 6, 11, 13, 17, 18, 24, 30, 33, 34, 37, 41, 42, 44, 46, 49, 51, 52, 53, 55, 59, 60, 64, 72, 74, 81, 88, 89, 93, 97, 110, 112, 113, 115, 127, 128, 129, 130, 138, 139, 140, 142, 143, 144, 145, 146, 147, 149, 155, 156, 157, 158, 172, 173]",54,False,3.260560529688846e-05,-2.6316490737078323e-08,1.0877307262541847e-05,10.0
E124,82,82,41,41,595,0.5,0.06446540880503145,0.11420612813370473,raja,S12/S25_20190124_060024_2,frontal_right,mean,mean__frontal_right__E124,3,179,"[0, 6, 11, 13, 17, 18, 24, 30, 33, 34, 37, 41, 42, 44, 46, 49, 51, 52, 53, 55, 59, 60, 64, 72, 74, 81, 88, 89, 93, 97, 110, 112, 113, 115, 127, 128, 129, 130, 138, 139, 140, 142, 143, 144, 145, 146, 147, 149, 155, 156, 157, 158, 172, 173]",54,False,3.690642216115457e-05,8.4954419873268e-08,1.2273822580427099e-05,10.0
E22,638,638,606,32,30,0.9498432601880877,0.9528301886792453,0.9513343799058084,raja,S12/S25_20190124_060024_2,all_channel,median,median__all_channel__E22,32,89,"[3, 5, 8, 9, 10, 11, 12, 15, 16, 17, 18, 20, 21, 22, 24, 25, 26, 27, 28, 29, 30, 32, 33, 34, 36, 37, 38, 39, 40, 41, 42, 43, 45, 46, 48, 49, 52, 53, 55, 56, 57, 58, 59, 60, 61, 62, 63, 64, 65, 66, 67, 68, 69, 70, 71, 72, 73, 75, 76, 77, 78, 79, 80, 81, 83, 84, 85, 86, 88]",69,False,4.681343259003938e-05,-3.7891513469486206e-06,1.6867527978996e-05,20.0
E9,636,636,599,37,37,0.9418238993710691,0.9418238993710691,0.9418238993710691,raja,S12/S25_20190124_060024_2,all_channel,median,median__all_channel__E9,32,89,"[3, 5, 8, 9, 10, 11, 12, 15, 16, 17, 18, 20, 21, 22, 24, 25, 26, 27, 28, 29, 30, 32, 33, 34, 36, 37, 38, 39, 40, 41, 42, 43, 45, 46, 48, 49, 52, 53, 55, 56, 57, 58, 59, 60, 61, 62, 63, 64, 65, 66, 67, 68, 69, 70, 71, 72, 73, 75, 76, 77, 78, 79, 80, 81, 83, 84, 85, 86, 88]",69,False,3.402818449718298e-05,-2.384226903657742e-06,1.2137470466946907e-05,20.0
E23,627,627,574,53,62,0.9154704944178629,0.9025157232704403,0.9089469517022961,raja,S12/S25_20190124_060024_2,all_channel,median,median__all_channel__E23,32,89,"[3, 5, 8, 9, 10, 11, 12, 15, 16, 17, 18, 20, 21, 22, 24, 25, 26, 27, 28, 29, 30, 32, 33, 34, 36, 37, 38, 39, 40, 41, 42, 43, 45, 46, 48, 49, 52, 53, 55, 56, 57, 58, 59, 60, 61, 62, 63, 64, 65, 66, 67, 68, 69, 70, 71, 72, 73, 75, 76, 77, 78, 79, 80, 81, 83, 84, 85, 86, 88]",69,False,3.201736894039256e-05,-2.051597736534056e-06,1.1356322225642205e-05,20.0
E11,588,588,552,36,84,0.9387755102040817,0.8679245283018868,0.9019607843137256,raja,S12/S25_20190124_060024_2,all_channel,median,median__all_channel__E11,32,89,"[3, 5, 8, 9, 10, 11, 12, 15, 16, 17, 18, 20, 21, 22, 24, 25, 26, 27, 28, 29, 30, 32, 33, 34, 36, 37, 38, 39, 40, 41, 42, 43, 45, 46, 48, 49, 52, 53, 55, 56, 57, 58, 59, 60, 61, 62, 63, 64, 65, 66, 67, 68, 69, 70, 71, 72, 73, 75, 76, 77, 78, 79, 80, 81, 83, 84, 85, 86, 88]",69,False,2.049071263128131e-05,-9.882617832994993e-07,7.159658138193604e-06,20.0
E26,632,632,558,74,78,0.8829113924050633,0.8773584905660378,0.8801261829652997,raja,S12/S25_20190124_060024_2,all_channel,median,median__all_channel__E26,32,89,"[3, 5, 8, 9, 10, 11, 12, 15, 16, 17, 18, 20, 21, 22, 24, 25, 26, 27, 28, 29, 30, 32, 33, 34, 36, 37, 38, 39, 40, 41, 42, 43, 45, 46, 48, 49, 52, 53, 55, 56, 57, 58, 59, 60, 61, 62, 63, 64, 65, 66, 67, 68, 69, 70, 71, 72, 73, 75, 76, 77, 78, 79, 80, 81, 83, 84, 85, 86, 88]",69,False,2.579432337153466e-05,-1.5919879321360987e-06,9.128770434556919e-06,20.0
E3,500,500,491,9,145,0.982,0.7720125786163522,0.8644366197183099,raja,S12/S25_20190124_060024_2,all_channel,median,median__all_channel__E3,32,89,"[3, 5, 8, 9, 10, 11, 12, 15, 16, 17, 18, 20, 21, 22, 24, 25, 26, 27, 28, 29, 30, 32, 33, 34, 36, 37, 38, 39, 40, 41, 42, 43, 45, 46, 48, 49, 52, 53, 55, 56, 57, 58, 59, 60, 61, 62, 63, 64, 65, 66, 67, 68, 69, 70, 71, 72, 73, 75, 76, 77, 78, 79, 80, 81, 83, 84, 85, 86, 88]",69,False,2.7466874060911313e-05,-1.0175062719192626e-06,9.494793444276858e-06,20.0
E24,290,290,263,27,373,0.906896551724138,0.41352201257861637,0.5680345572354212,raja,S12/S25_20190124_060024_2,all_channel,median,median__all_channel__E24,32,89,"[3, 5, 8, 9, 10, 11, 12, 15, 16, 17, 18, 20, 21, 22, 24, 25, 26, 27, 28, 29, 30, 32, 33, 34, 36, 37, 38, 39, 40, 41, 42, 43, 45, 46, 48, 49, 52, 53, 55, 56, 57, 58, 59, 60, 61, 62, 63, 64, 65, 66, 67, 68, 69, 70, 71, 72, 73, 75, 76, 77, 78, 79, 80, 81, 83, 84, 85, 86, 88]",69,False,2.8825740468063082e-05,-6.631117729353581e-07,9.829617413666148e-06,20.0
E124,89,89,54,35,582,0.6067415730337079,0.08490566037735849,0.1489655172413793,raja,S12/S25_20190124_060024_2,all_channel,median,median__all_channel__E124,32,89,"[3, 5, 8, 9, 10, 11, 12, 15, 16, 17, 18, 20, 21, 22, 24, 25, 26, 27, 28, 29, 30, 32, 33, 34, 36, 37, 38, 39, 40, 41, 42, 43, 45, 46, 48, 49, 52, 53, 55, 56, 57, 58, 59, 60, 61, 62, 63, 64, 65, 66, 67, 68, 69, 70, 71, 72, 73, 75, 76, 77, 78, 79, 80, 81, 83, 84, 85, 86, 88]",69,False,3.189600174959951e-05,-2.27152299600756e-07,1.070771801640009e-05,20.0
E28,106,106,53,53,583,0.5,0.08333333333333333,0.14285714285714285,raja,S12/S25_20190124_060024_2,all_channel,median,median__all_channel__E28,32,89,"[3, 5, 8, 9, 10, 11, 12, 15, 16, 17, 18, 20, 21, 22, 24, 25, 26, 27, 28, 29, 30, 32, 33, 34, 36, 37, 38, 39, 40, 41, 42, 43, 45, 46, 48, 49, 52, 53, 55, 56, 57, 58, 59, 60, 61, 62, 63, 64, 65, 66, 67, 68, 69, 70, 71, 72, 73, 75, 76, 77, 78, 79, 80, 81, 83, 84, 85, 86, 88]",69,False,2.4070539054157063e-05,-1.9320006243686812e-07,8.087913038864645e-06,20.0
E33,197,197,56,141,580,0.28426395939086296,0.0880503144654088,0.13445378151260504,raja,S12/S25_20190124_060024_2,all_channel,median,median__all_channel__E33,32,89,"[3, 5, 8, 9, 10, 11, 12, 15, 16, 17, 18, 20, 21, 22, 24, 25, 26, 27, 28, 29, 30, 32, 33, 34, 36, 37, 38, 39, 40, 41, 42, 43, 45, 46, 48, 49, 52, 53, 55, 56, 57, 58, 59, 60, 61, 62, 63, 64, 65, 66, 67, 68, 69, 70, 71, 72, 73, 75, 76, 77, 78, 79, 80, 81, 83, 84, 85, 86, 88]",69,False,3.2352665337529596e-05,-1.137582976110835e-07,1.0822141211713559e-05,20.0
E84,108,108,19,89,617,0.17592592592592593,0.029874213836477988,0.051075268817204304,raja,S12/S25_20190124_060024_2,all_channel,median,median__all_channel__E84,32,89,"[3, 5, 8, 9, 10, 11, 12, 15, 16, 17, 18, 20, 21, 22, 24, 25, 26, 27, 28, 29, 30, 32, 33, 34, 36, 37, 38, 39, 40, 41, 42, 43, 45, 46, 48, 49, 52, 53, 55, 56, 57, 58, 59, 60, 61, 62, 63, 64, 65, 66, 67, 68, 69, 70, 71, 72, 73, 75, 76, 77, 78, 79, 80, 81, 83, 84, 85, 86, 88]",69,False,2.1222544020401645e-05,4.336992431105022e-07,6.929614925763714e-06,20.0
E67,116,116,18,98,618,0.15517241379310345,0.02830188679245283,0.04787234042553192,raja,S12/S25_20190124_060024_2,all_channel,median,median__all_channel__E67,32,89,"[3, 5, 8, 9, 10, 11, 12, 15, 16, 17, 18, 20, 21, 22, 24, 25, 26, 27, 28, 29, 30, 32, 33, 34, 36, 37, 38, 39, 40, 41, 42, 43, 45, 46, 48, 49, 52, 53, 55, 56, 57, 58, 59, 60, 61, 62, 63, 64, 65, 66, 67, 68, 69, 70, 71, 72, 73, 75, 76, 77, 78, 79, 80, 81, 83, 84, 85, 86, 88]",69,False,1.8924558355606756e-05,3.459533235355208e-07,6.192868344023745e-06,20.0
E122,130,130,18,112,618,0.13846153846153847,0.02830188679245283,0.046997389033942565,raja,S12/S25_20190124_060024_2,all_channel,median,median__all_channel__E122,32,89,"[3, 5, 8, 9, 10, 11, 12, 15, 16, 17, 18, 20, 21, 22, 24, 25, 26, 27, 28, 29, 30, 32, 33, 34, 36, 37, 38, 39, 40, 41, 42, 43, 45, 46, 48, 49, 52, 53, 55, 56, 57, 58, 59, 60, 61, 62, 63, 64, 65, 66, 67, 68, 69, 70, 71, 72, 73, 75, 76, 77, 78, 79, 80, 81, 83, 84, 85, 86, 88]",69,False,2.579760947729537e-05,2.409790130905194e-09,8.598399895721488e-06,20.0
E77,143,143,18,125,618,0.1258741258741259,0.02830188679245283,0.046213093709884474,raja,S12/S25_20190124_060024_2,all_channel,median,median__all_channel__E77,32,89,"[3, 5, 8, 9, 10, 11, 12, 15, 16, 17, 18, 20, 21, 22, 24, 25, 26, 27, 28, 29, 30, 32, 33, 34, 36, 37, 38, 39, 40, 41, 42, 43, 45, 46, 48, 49, 52, 53, 55, 56, 57, 58, 59, 60, 61, 62, 63, 64, 65, 66, 67, 68, 69, 70, 71, 72, 73, 75, 76, 77, 78, 79, 80, 81, 83, 84, 85, 86, 88]",69,False,1.9389704620505837e-05,3.352851616531084e-07,6.351473152950909e-06,20.0
E112,47,47,15,32,621,0.3191489361702128,0.02358490566037736,0.043923865300146414,raja,S12/S25_20190124_060024_2,all_channel,median,median__all_channel__E112,32,89,"[3, 5, 8, 9, 10, 11, 12, 15, 16, 17, 18, 20, 21, 22, 24, 25, 26, 27, 28, 29, 30, 32, 33, 34, 36, 37, 38, 39, 40, 41, 42, 43, 45, 46, 48, 49, 52, 53, 55, 56, 57, 58, 59, 60, 61, 62, 63, 64, 65, 66, 67, 68, 69, 70, 71, 72, 73, 75, 76, 77, 78, 79, 80, 81, 83, 84, 85, 86, 88]",69,False,1.6872912954709712e-05,1.7263896674888974e-08,5.618549686011607e-06,20.0
E62,136,136,16,120,620,0.11764705882352941,0.025157232704402517,0.04145077720207254,raja,S12/S25_20190124_060024_2,all_channel,median,median__all_channel__E62,32,89,"[3, 5, 8, 9, 10, 11, 12, 15, 16, 17, 18, 20, 21, 22, 24, 25, 26, 27, 28, 29, 30, 32, 33, 34, 36, 37, 38, 39, 40, 41, 42, 43, 45, 46, 48, 49, 52, 53, 55, 56, 57, 58, 59, 60, 61, 62, 63, 64, 65, 66, 67, 68, 69, 70, 71, 72, 73, 75, 76, 77, 78, 79, 80, 81, 83, 84, 85, 86, 88]",69,False,2.5049780215324327e-05,3.083076978975044e-07,8.247157505808942e-06,20.0
E13,49,49,13,36,623,0.2653061224489796,0.020440251572327043,0.03795620437956204,raja,S12/S25_20190124_060024_2,all_channel,median,median__all_channel__E13,32,89,"[3, 5, 8, 9, 10, 11, 12, 15, 16, 17, 18, 20, 21, 22, 24, 25, 26, 27, 28, 29, 30, 32, 33, 34, 36, 37, 38, 39, 40, 41, 42, 43, 45, 46, 48, 49, 52, 53, 55, 56, 57, 58, 59, 60, 61, 62, 63, 64, 65, 66, 67, 68, 69, 70, 71, 72, 73, 75, 76, 77, 78, 79, 80, 81, 83, 84, 85, 86, 88]",69,False,1.9670665394433925e-05,5.523771848552955e-09,6.555047207528457e-06,20.0
E91,125,125,14,111,622,0.112,0.0220125786163522,0.03679369250985545,raja,S12/S25_20190124_060024_2,all_channel,median,median__all_channel__E91,32,89,"[3, 5, 8, 9, 10, 11, 12, 15, 16, 17, 18, 20, 21, 22, 24, 25, 26, 27, 28, 29, 30, 32, 33, 34, 36, 37, 38, 39, 40, 41, 42, 43, 45, 46, 48, 49, 52, 53, 55, 56, 57, 58, 59, 60, 61, 62, 63, 64, 65, 66, 67, 68, 69, 70, 71, 72, 73, 75, 76, 77, 78, 79, 80, 81, 83, 84, 85, 86, 88]",69,False,3.0536645518792845e-05,2.9409428065740506e-07,1.0080850412711813e-05,20.0
E40,74,74,13,61,623,0.17567567567567569,0.020440251572327043,0.036619718309859155,raja,S12/S25_20190124_060024_2,all_channel,median,median__all_channel__E40,32,89,"[3, 5, 8, 9, 10, 11, 12, 15, 16, 17, 18, 20, 21, 22, 24, 25, 26, 27, 28, 29, 30, 32, 33, 34, 36, 37, 38, 39, 40, 41, 42, 43, 45, 46, 48, 49, 52, 53, 55, 56, 57, 58, 59, 60, 61, 62, 63, 64, 65, 66, 67, 68, 69, 70, 71, 72, 73, 75, 76, 77, 78, 79, 80, 81, 83, 84, 85, 86, 88]",69,False,1.9123226999941298e-05,1.6105228340991884e-07,6.32072490551046e-06,20.0
E109,66,66,12,54,624,0.18181818181818182,0.018867924528301886,0.034188034188034185,raja,S12/S25_20190124_060024_2,all_channel,median,median__all_channel__E109,32,89,"[3, 5, 8, 9, 10, 11, 12, 15, 16, 17, 18, 20, 21, 22, 24, 25, 26, 27, 28, 29, 30, 32, 33, 34, 36, 37, 38, 39, 40, 41, 42, 43, 45, 46, 48, 49, 52, 53, 55, 56, 57, 58, 59, 60, 61, 62, 63, 64, 65, 66, 67, 68, 69, 70, 71, 72, 73, 75, 76, 77, 78, 79, 80, 81, 83, 84, 85, 86, 88]",69,False,2.1032189322804576e-05,4.3610854644591565e-07,6.86536025878622e-06,20.0
E117,74,74,12,62,624,0.16216216216216217,0.018867924528301886,0.03380281690140845,raja,S12/S25_20190124_060024_2,all_channel,median,median__all_channel__E117,32,89,"[3, 5, 8, 9, 10, 11, 12, 15, 16, 17, 18, 20, 21, 22, 24, 25, 26, 27, 28, 29, 30, 32, 33, 34, 36, 37, 38, 39, 40, 41, 42, 43, 45, 46, 48, 49, 52, 53, 55, 56, 57, 58, 59, 60, 61, 62, 63, 64, 65, 66, 67, 68, 69, 70, 71, 72, 73, 75, 76, 77, 78, 79, 80, 81, 83, 84, 85, 86, 88]",69,False,0.0001205774388479109,-1.499753142622715e-07,4.0242471387391054e-05,20.0
E83,74,74,9,65,627,0.12162162162162163,0.014150943396226415,0.02535211267605634,raja,S12/S25_20190124_060024_2,all_channel,median,median__all_channel__E83,32,89,"[3, 5, 8, 9, 10, 11, 12, 15, 16, 17, 18, 20, 21, 22, 24, 25, 26, 27, 28, 29, 30, 32, 33, 34, 36, 37, 38, 39, 40, 41, 42, 43, 45, 46, 48, 49, 52, 53, 55, 56, 57, 58, 59, 60, 61, 62, 63, 64, 65, 66, 67, 68, 69, 70, 71, 72, 73, 75, 76, 77, 78, 79, 80, 81, 83, 84, 85, 86, 88]",69,False,1.767086212564344e-05,4.797162712698642e-07,5.730381951457858e-06,20.0
E75,78,78,9,69,627,0.11538461538461539,0.014150943396226415,0.025210084033613446,raja,S12/S25_20190124_060024_2,all_channel,median,median__all_channel__E75,32,89,"[3, 5, 8, 9, 10, 11, 12, 15, 16, 17, 18, 20, 21, 22, 24, 25, 26, 27, 28, 29, 30, 32, 33, 34, 36, 37, 38, 39, 40, 41, 42, 43, 45, 46, 48, 49, 52, 53, 55, 56, 57, 58, 59, 60, 61, 62, 63, 64, 65, 66, 67, 68, 69, 70, 71, 72, 73, 75, 76, 77, 78, 79, 80, 81, 83, 84, 85, 86, 88]",69,False,1.7173708489555106e-05,4.5618856328218605e-07,5.572506642090973e-06,20.0
E37,35,35,8,27,628,0.22857142857142856,0.012578616352201259,0.02384500745156483,raja,S12/S25_20190124_060024_2,all_channel,median,median__all_channel__E37,32,89,"[3, 5, 8, 9, 10, 11, 12, 15, 16, 17, 18, 20, 21, 22, 24, 25, 26, 27, 28, 29, 30, 32, 33, 34, 36, 37, 38, 39, 40, 41, 42, 43, 45, 46, 48, 49, 52, 53, 55, 56, 57, 58, 59, 60, 61, 62, 63, 64, 65, 66, 67, 68, 69, 70, 71, 72, 73, 75, 76, 77, 78, 79, 80, 81, 83, 84, 85, 86, 88]",69,False,1.8730879771368622e-05,7.970408090583502e-08,6.217058563487595e-06,20.0
E59,45,45,6,39,630,0.13333333333333333,0.009433962264150943,0.017621145374449337,raja,S12/S25_20190124_060024_2,all_channel,median,median__all_channel__E59,32,89,"[3, 5, 8, 9, 10, 11, 12, 15, 16, 17, 18, 20, 21, 22, 24, 25, 26, 27, 28, 29, 30, 32, 33, 34, 36, 37, 38, 39, 40, 41, 42, 43, 45, 46, 48, 49, 52, 53, 55, 56, 57, 58, 59, 60, 61, 62, 63, 64, 65, 66, 67, 68, 69, 70, 71, 72, 73, 75, 76, 77, 78, 79, 80, 81, 83, 84, 85, 86, 88]",69,False,1.4900470839805761e-05,3.9320639220036617e-07,4.835754815868465e-06,20.0
E47,37,37,5,32,631,0.13513513513513514,0.007861635220125786,0.01485884101040119,raja,S12/S25_20190124_060024_2,all_channel,median,median__all_channel__E47,32,89,"[3, 5, 8, 9, 10, 11, 12, 15, 16, 17, 18, 20, 21, 22, 24, 25, 26, 27, 28, 29, 30, 32, 33, 34, 36, 37, 38, 39, 40, 41, 42, 43, 45, 46, 48, 49, 52, 53, 55, 56, 57, 58, 59, 60, 61, 62, 63, 64, 65, 66, 67, 68, 69, 70, 71, 72, 73, 75, 76, 77, 78, 79, 80, 81, 83, 84, 85, 86, 88]",69,False,1.7382351713547976e-05,1.835893087990262e-07,5.732920801582983e-06,20.0
E87,38,38,4,34,632,0.10526315789473684,0.006289308176100629,0.011869436201780416,raja,S12/S25_20190124_060024_2,all_channel,median,median__all_channel__E87,32,89,"[3, 5, 8, 9, 10, 11, 12, 15, 16, 17, 18, 20, 21, 22, 24, 25, 26, 27, 28, 29, 30, 32, 33, 34, 36, 37, 38, 39, 40, 41, 42, 43, 45, 46, 48, 49, 52, 53, 55, 56, 57, 58, 59, 60, 61, 62, 63, 64, 65, 66, 67, 68, 69, 70, 71, 72, 73, 75, 76, 77, 78, 79, 80, 81, 83, 84, 85, 86, 88]",69,False,1.727750773972776e-05,1.1866817686121838e-07,5.7196131876221795e-06,20.0
E70,41,41,4,37,632,0.0975609756097561,0.006289308176100629,0.011816838995568688,raja,S12/S25_20190124_060024_2,all_channel,median,median__all_channel__E70,32,89,"[3, 5, 8, 9, 10, 11, 12, 15, 16, 17, 18, 20, 21, 22, 24, 25, 26, 27, 28, 29, 30, 32, 33, 34, 36, 37, 38, 39, 40, 41, 42, 43, 45, 46, 48, 49, 52, 53, 55, 56, 57, 58, 59, 60, 61, 62, 63, 64, 65, 66, 67, 68, 69, 70, 71, 72, 73, 75, 76, 77, 78, 79, 80, 81, 83, 84, 85, 86, 88]",69,False,1.7523149326609503e-05,4.2063508696193874e-07,5.700838079882521e-06,20.0
E104,37,37,3,34,633,0.08108108108108109,0.0047169811320754715,0.008915304606240713,raja,S12/S25_20190124_060024_2,all_channel,median,median__all_channel__E104,32,89,"[3, 5, 8, 9, 10, 11, 12, 15, 16, 17, 18, 20, 21, 22, 24, 25, 26, 27, 28, 29, 30, 32, 33, 34, 36, 37, 38, 39, 40, 41, 42, 43, 45, 46, 48, 49, 52, 53, 55, 56, 57, 58, 59, 60, 61, 62, 63, 64, 65, 66, 67, 68, 69, 70, 71, 72, 73, 75, 76, 77, 78, 79, 80, 81, 83, 84, 85, 86, 88]",69,False,1.727486364691307e-05,1.3277222397907618e-07,5.714030474311331e-06,20.0
E60,47,47,3,44,633,0.06382978723404255,0.0047169811320754715,0.008784773060029283,raja,S12/S25_20190124_060024_2,all_channel,median,median__all_channel__E60,32,89,"[3, 5, 8, 9, 10, 11, 12, 15, 16, 17, 18, 20, 21, 22, 24, 25, 26, 27, 28, 29, 30, 32, 33, 34, 36, 37, 38, 39, 40, 41, 42, 43, 45, 46, 48, 49, 52, 53, 55, 56, 57, 58, 59, 60, 61, 62, 63, 64, 65, 66, 67, 68, 69, 70, 71, 72, 73, 75, 76, 77, 78, 79, 80, 81, 83, 84, 85, 86, 88]",69,False,1.558060151694649e-05,3.7156189766097086e-07,5.069679873095173e-06,20.0
E98,32,32,2,30,634,0.0625,0.0031446540880503146,0.005988023952095809,raja,S12/S25_20190124_060024_2,all_channel,median,median__all_channel__E98,32,89,"[3, 5, 8, 9, 10, 11, 12, 15, 16, 17, 18, 20, 21, 22, 24, 25, 26, 27, 28, 29, 30, 32, 33, 34, 36, 37, 38, 39, 40, 41, 42, 43, 45, 46, 48, 49, 52, 53, 55, 56, 57, 58, 59, 60, 61, 62, 63, 64, 65, 66, 67, 68, 69, 70, 71, 72, 73, 75, 76, 77, 78, 79, 80, 81, 83, 84, 85, 86, 88]",69,False,1.5948681815779983e-05,3.368524967583005e-07,5.203943106340561e-06,20.0
E85,44,44,2,42,634,0.045454545454545456,0.0031446540880503146,0.005882352941176471,raja,S12/S25_20190124_060024_2,all_channel,median,median__all_channel__E85,32,89,"[3, 5, 8, 9, 10, 11, 12, 15, 16, 17, 18, 20, 21, 22, 24, 25, 26, 27, 28, 29, 30, 32, 33, 34, 36, 37, 38, 39, 40, 41, 42, 43, 45, 46, 48, 49, 52, 53, 55, 56, 57, 58, 59, 60, 61, 62, 63, 64, 65, 66, 67, 68, 69, 70, 71, 72, 73, 75, 76, 77, 78, 79, 80, 81, 83, 84, 85, 86, 88]",69,False,1.740958564272554e-05,3.8535148543077256e-07,5.674744719098256e-06,20.0
E22,633,633,604,29,32,0.9541864139020537,0.949685534591195,0.9519306540583137,raja,S12/S25_20190124_060024_2,all_channel,mean,mean__all_channel__E22,32,89,"[3, 5, 8, 9, 10, 11, 12, 15, 16, 17, 18, 20, 21, 22, 24, 25, 26, 27, 28, 29, 30, 32, 33, 34, 36, 37, 38, 39, 40, 41, 42, 43, 45, 46, 48, 49, 52, 53, 55, 56, 57, 58, 59, 60, 61, 62, 63, 64, 65, 66, 67, 68, 69, 70, 71, 72, 73, 75, 76, 77, 78, 79, 80, 81, 83, 84, 85, 86, 88]",69,False,5.0631320614077236e-05,2.8736677089240245e-08,1.6867527978996e-05,20.0
E9,626,626,597,29,39,0.9536741214057508,0.9386792452830188,0.9461172741679874,raja,S12/S25_20190124_060024_2,all_channel,mean,mean__all_channel__E9,32,89,"[3, 5, 8, 9, 10, 11, 12, 15, 16, 17, 18, 20, 21, 22, 24, 25, 26, 27, 28, 29, 30, 32, 33, 34, 36, 37, 38, 39, 40, 41, 42, 43, 45, 46, 48, 49, 52, 53, 55, 56, 57, 58, 59, 60, 61, 62, 63, 64, 65, 66, 67, 68, 69, 70, 71, 72, 73, 75, 76, 77, 78, 79, 80, 81, 83, 84, 85, 86, 88]",69,False,3.642471803195309e-05,1.2306631112365879e-08,1.2137470466946907e-05,20.0
E23,613,613,566,47,70,0.9233278955954323,0.889937106918239,0.9063250600480384,raja,S12/S25_20190124_060024_2,all_channel,mean,mean__all_channel__E23,32,89,"[3, 5, 8, 9, 10, 11, 12, 15, 16, 17, 18, 20, 21, 22, 24, 25, 26, 27, 28, 29, 30, 32, 33, 34, 36, 37, 38, 39, 40, 41, 42, 43, 45, 46, 48, 49, 52, 53, 55, 56, 57, 58, 59, 60, 61, 62, 63, 64, 65, 66, 67, 68, 69, 70, 71, 72, 73, 75, 76, 77, 78, 79, 80, 81, 83, 84, 85, 86, 88]",69,False,3.405360927252145e-05,-1.535740440516355e-08,1.1356322225642205e-05,20.0
E11,571,571,540,31,96,0.9457092819614711,0.8490566037735849,0.8947804473902238,raja,S12/S25_20190124_060024_2,all_channel,mean,mean__all_channel__E11,32,89,"[3, 5, 8, 9, 10, 11, 12, 15, 16, 17, 18, 20, 21, 22, 24, 25, 26, 27, 28, 29, 30, 32, 33, 34, 36, 37, 38, 39, 40, 41, 42, 43, 45, 46, 48, 49, 52, 53, 55, 56, 57, 58, 59, 60, 61, 62, 63, 64, 65, 66, 67, 68, 69, 70, 71, 72, 73, 75, 76, 77, 78, 79, 80, 81, 83, 84, 85, 86, 88]",69,False,2.1474599746800452e-05,-4.374667780357979e-09,7.159658138193604e-06,20.0
E26,623,623,549,74,87,0.8812199036918138,0.8632075471698113,0.8721207307386815,raja,S12/S25_20190124_060024_2,all_channel,mean,mean__all_channel__E26,32,89,"[3, 5, 8, 9, 10, 11, 12, 15, 16, 17, 18, 20, 21, 22, 24, 25, 26, 27, 28, 29, 30, 32, 33, 34, 36, 37, 38, 39, 40, 41, 42, 43, 45, 46, 48, 49, 52, 53, 55, 56, 57, 58, 59, 60, 61, 62, 63, 64, 65, 66, 67, 68, 69, 70, 71, 72, 73, 75, 76, 77, 78, 79, 80, 81, 83, 84, 85, 86, 88]",69,False,2.7378339099717328e-05,-7.972203953430209e-09,9.128770434556919e-06,20.0
E3,481,481,473,8,163,0.9833679833679834,0.7437106918238994,0.846911369740376,raja,S12/S25_20190124_060024_2,all_channel,mean,mean__all_channel__E3,32,89,"[3, 5, 8, 9, 10, 11, 12, 15, 16, 17, 18, 20, 21, 22, 24, 25, 26, 27, 28, 29, 30, 32, 33, 34, 36, 37, 38, 39, 40, 41, 42, 43, 45, 46, 48, 49, 52, 53, 55, 56, 57, 58, 59, 60, 61, 62, 63, 64, 65, 66, 67, 68, 69, 70, 71, 72, 73, 75, 76, 77, 78, 79, 80, 81, 83, 84, 85, 86, 88]",69,False,2.8476056568382458e-05,-8.323764448116264e-09,9.494793444276858e-06,20.0
E24,278,278,253,25,383,0.9100719424460432,0.3977987421383648,0.5536105032822758,raja,S12/S25_20190124_060024_2,all_channel,mean,mean__all_channel__E24,32,89,"[3, 5, 8, 9, 10, 11, 12, 15, 16, 17, 18, 20, 21, 22, 24, 25, 26, 27, 28, 29, 30, 32, 33, 34, 36, 37, 38, 39, 40, 41, 42, 43, 45, 46, 48, 49, 52, 53, 55, 56, 57, 58, 59, 60, 61, 62, 63, 64, 65, 66, 67, 68, 69, 70, 71, 72, 73, 75, 76, 77, 78, 79, 80, 81, 83, 84, 85, 86, 88]",69,False,2.9509810655450047e-05,2.0958414451603823e-08,9.829617413666148e-06,20.0
E124,84,84,51,33,585,0.6071428571428571,0.08018867924528301,0.14166666666666666,raja,S12/S25_20190124_060024_2,all_channel,mean,mean__all_channel__E124,32,89,"[3, 5, 8, 9, 10, 11, 12, 15, 16, 17, 18, 20, 21, 22, 24, 25, 26, 27, 28, 29, 30, 32, 33, 34, 36, 37, 38, 39, 40, 41, 42, 43, 45, 46, 48, 49, 52, 53, 55, 56, 57, 58, 59, 60, 61, 62, 63, 64, 65, 66, 67, 68, 69, 70, 71, 72, 73, 75, 76, 77, 78, 79, 80, 81, 83, 84, 85, 86, 88]",69,False,3.215923979646974e-05,3.608574726947056e-08,1.070771801640009e-05,20.0
E28,103,103,52,51,584,0.5048543689320388,0.08176100628930817,0.14073071718538566,raja,S12/S25_20190124_060024_2,all_channel,mean,mean__all_channel__E28,32,89,"[3, 5, 8, 9, 10, 11, 12, 15, 16, 17, 18, 20, 21, 22, 24, 25, 26, 27, 28, 29, 30, 32, 33, 34, 36, 37, 38, 39, 40, 41, 42, 43, 45, 46, 48, 49, 52, 53, 55, 56, 57, 58, 59, 60, 61, 62, 63, 64, 65, 66, 67, 68, 69, 70, 71, 72, 73, 75, 76, 77, 78, 79, 80, 81, 83, 84, 85, 86, 88]",69,False,2.4297787849799575e-05,3.404873320564356e-08,8.087913038864645e-06,20.0
E33,197,197,56,141,580,0.28426395939086296,0.0880503144654088,0.13445378151260504,raja,S12/S25_20190124_060024_2,all_channel,mean,mean__all_channel__E33,32,89,"[3, 5, 8, 9, 10, 11, 12, 15, 16, 17, 18, 20, 21, 22, 24, 25, 26, 27, 28, 29, 30, 32, 33, 34, 36, 37, 38, 39, 40, 41, 42, 43, 45, 46, 48, 49, 52, 53, 55, 56, 57, 58, 59, 60, 61, 62, 63, 64, 65, 66, 67, 68, 69, 70, 71, 72, 73, 75, 76, 77, 78, 79, 80, 81, 83, 84, 85, 86, 88]",69,False,3.247010272764751e-05,3.6790925068273514e-09,1.0822141211713559e-05,20.0
E84,107,107,20,87,616,0.18691588785046728,0.031446540880503145,0.05383580080753701,raja,S12/S25_20190124_060024_2,all_channel,mean,mean__all_channel__E84,32,89,"[3, 5, 8, 9, 10, 11, 12, 15, 16, 17, 18, 20, 21, 22, 24, 25, 26, 27, 28, 29, 30, 32, 33, 34, 36, 37, 38, 39, 40, 41, 42, 43, 45, 46, 48, 49, 52, 53, 55, 56, 57, 58, 59, 60, 61, 62, 63, 64, 65, 66, 67, 68, 69, 70, 71, 72, 73, 75, 76, 77, 78, 79, 80, 81, 83, 84, 85, 86, 88]",69,False,2.0789751306054445e-05,9.065287633046493e-10,6.929614925763714e-06,20.0
E77,144,144,19,125,617,0.13194444444444445,0.029874213836477988,0.04871794871794872,raja,S12/S25_20190124_060024_2,all_channel,mean,mean__all_channel__E77,32,89,"[3, 5, 8, 9, 10, 11, 12, 15, 16, 17, 18, 20, 21, 22, 24, 25, 26, 27, 28, 29, 30, 32, 33, 34, 36, 37, 38, 39, 40, 41, 42, 43, 45, 46, 48, 49, 52, 53, 55, 56, 57, 58, 59, 60, 61, 62, 63, 64, 65, 66, 67, 68, 69, 70, 71, 72, 73, 75, 76, 77, 78, 79, 80, 81, 83, 84, 85, 86, 88]",69,False,1.90423546717231e-05,-1.2064787129627463e-08,6.351473152950909e-06,20.0
E67,120,120,18,102,618,0.15,0.02830188679245283,0.04761904761904762,raja,S12/S25_20190124_060024_2,all_channel,mean,mean__all_channel__E67,32,89,"[3, 5, 8, 9, 10, 11, 12, 15, 16, 17, 18, 20, 21, 22, 24, 25, 26, 27, 28, 29, 30, 32, 33, 34, 36, 37, 38, 39, 40, 41, 42, 43, 45, 46, 48, 49, 52, 53, 55, 56, 57, 58, 59, 60, 61, 62, 63, 64, 65, 66, 67, 68, 69, 70, 71, 72, 73, 75, 76, 77, 78, 79, 80, 81, 83, 84, 85, 86, 88]",69,False,1.8579992222523944e-05,1.3871904527081405e-09,6.192868344023745e-06,20.0
E122,130,130,18,112,618,0.13846153846153847,0.02830188679245283,0.046997389033942565,raja,S12/S25_20190124_060024_2,all_channel,mean,mean__all_channel__E122,32,89,"[3, 5, 8, 9, 10, 11, 12, 15, 16, 17, 18, 20, 21, 22, 24, 25, 26, 27, 28, 29, 30, 32, 33, 34, 36, 37, 38, 39, 40, 41, 42, 43, 45, 46, 48, 49, 52, 53, 55, 56, 57, 58, 59, 60, 61, 62, 63, 64, 65, 66, 67, 68, 69, 70, 71, 72, 73, 75, 76, 77, 78, 79, 80, 81, 83, 84, 85, 86, 88]",69,False,2.5788104616423984e-05,-7.095070740479227e-09,8.598399895721488e-06,20.0
E112,47,47,15,32,621,0.3191489361702128,0.02358490566037736,0.043923865300146414,raja,S12/S25_20190124_060024_2,all_channel,mean,mean__all_channel__E112,32,89,"[3, 5, 8, 9, 10, 11, 12, 15, 16, 17, 18, 20, 21, 22, 24, 25, 26, 27, 28, 29, 30, 32, 33, 34, 36, 37, 38, 39, 40, 41, 42, 43, 45, 46, 48, 49, 52, 53, 55, 56, 57, 58, 59, 60, 61, 62, 63, 64, 65, 66, 67, 68, 69, 70, 71, 72, 73, 75, 76, 77, 78, 79, 80, 81, 83, 84, 85, 86, 88]",69,False,1.6857441066999596e-05,1.7920089647729622e-09,5.618549686011607e-06,20.0
E62,139,139,16,123,620,0.11510791366906475,0.025157232704402517,0.04129032258064516,raja,S12/S25_20190124_060024_2,all_channel,mean,mean__all_channel__E62,32,89,"[3, 5, 8, 9, 10, 11, 12, 15, 16, 17, 18, 20, 21, 22, 24, 25, 26, 27, 28, 29, 30, 32, 33, 34, 36, 37, 38, 39, 40, 41, 42, 43, 45, 46, 48, 49, 52, 53, 55, 56, 57, 58, 59, 60, 61, 62, 63, 64, 65, 66, 67, 68, 69, 70, 71, 72, 73, 75, 76, 77, 78, 79, 80, 81, 83, 84, 85, 86, 88]",69,False,2.473500585647252e-05,-6.466660954304064e-09,8.247157505808942e-06,20.0
E13,49,49,13,36,623,0.2653061224489796,0.020440251572327043,0.03795620437956204,raja,S12/S25_20190124_060024_2,all_channel,mean,mean__all_channel__E13,32,89,"[3, 5, 8, 9, 10, 11, 12, 15, 16, 17, 18, 20, 21, 22, 24, 25, 26, 27, 28, 29, 30, 32, 33, 34, 36, 37, 38, 39, 40, 41, 42, 43, 45, 46, 48, 49, 52, 53, 55, 56, 57, 58, 59, 60, 61, 62, 63, 64, 65, 66, 67, 68, 69, 70, 71, 72, 73, 75, 76, 77, 78, 79, 80, 81, 83, 84, 85, 86, 88]",69,False,1.965805077140021e-05,-7.090851185162025e-09,6.555047207528457e-06,20.0
E40,74,74,13,61,623,0.17567567567567569,0.020440251572327043,0.036619718309859155,raja,S12/S25_20190124_060024_2,all_channel,mean,mean__all_channel__E40,32,89,"[3, 5, 8, 9, 10, 11, 12, 15, 16, 17, 18, 20, 21, 22, 24, 25, 26, 27, 28, 29, 30, 32, 33, 34, 36, 37, 38, 39, 40, 41, 42, 43, 45, 46, 48, 49, 52, 53, 55, 56, 57, 58, 59, 60, 61, 62, 63, 64, 65, 66, 67, 68, 69, 70, 71, 72, 73, 75, 76, 77, 78, 79, 80, 81, 83, 84, 85, 86, 88]",69,False,1.898206028960411e-05,1.9885573072729852e-08,6.32072490551046e-06,20.0
E91,130,130,14,116,622,0.1076923076923077,0.0220125786163522,0.03655352480417755,raja,S12/S25_20190124_060024_2,all_channel,mean,mean__all_channel__E91,32,89,"[3, 5, 8, 9, 10, 11, 12, 15, 16, 17, 18, 20, 21, 22, 24, 25, 26, 27, 28, 29, 30, 32, 33, 34, 36, 37, 38, 39, 40, 41, 42, 43, 45, 46, 48, 49, 52, 53, 55, 56, 57, 58, 59, 60, 61, 62, 63, 64, 65, 66, 67, 68, 69, 70, 71, 72, 73, 75, 76, 77, 78, 79, 80, 81, 83, 84, 85, 86, 88]",69,False,3.0301991774574426e-05,5.944053643898785e-08,1.0080850412711813e-05,20.0
E109,67,67,12,55,624,0.1791044776119403,0.018867924528301886,0.034139402560455195,raja,S12/S25_20190124_060024_2,all_channel,mean,mean__all_channel__E109,32,89,"[3, 5, 8, 9, 10, 11, 12, 15, 16, 17, 18, 20, 21, 22, 24, 25, 26, 27, 28, 29, 30, 32, 33, 34, 36, 37, 38, 39, 40, 41, 42, 43, 45, 46, 48, 49, 52, 53, 55, 56, 57, 58, 59, 60, 61, 62, 63, 64, 65, 66, 67, 68, 69, 70, 71, 72, 73, 75, 76, 77, 78, 79, 80, 81, 83, 84, 85, 86, 88]",69,False,2.0617316034940763e-05,2.1235258582102403e-08,6.86536025878622e-06,20.0
E117,74,74,12,62,624,0.16216216216216217,0.018867924528301886,0.03380281690140845,raja,S12/S25_20190124_060024_2,all_channel,mean,mean__all_channel__E117,32,89,"[3, 5, 8, 9, 10, 11, 12, 15, 16, 17, 18, 20, 21, 22, 24, 25, 26, 27, 28, 29, 30, 32, 33, 34, 36, 37, 38, 39, 40, 41, 42, 43, 45, 46, 48, 49, 52, 53, 55, 56, 57, 58, 59, 60, 61, 62, 63, 64, 65, 66, 67, 68, 69, 70, 71, 72, 73, 75, 76, 77, 78, 79, 80, 81, 83, 84, 85, 86, 88]",69,False,0.00012083469615756797,1.0728199539479905e-07,4.0242471387391054e-05,20.0
E83,74,74,9,65,627,0.12162162162162163,0.014150943396226415,0.02535211267605634,raja,S12/S25_20190124_060024_2,all_channel,mean,mean__all_channel__E83,32,89,"[3, 5, 8, 9, 10, 11, 12, 15, 16, 17, 18, 20, 21, 22, 24, 25, 26, 27, 28, 29, 30, 32, 33, 34, 36, 37, 38, 39, 40, 41, 42, 43, 45, 46, 48, 49, 52, 53, 55, 56, 57, 58, 59, 60, 61, 62, 63, 64, 65, 66, 67, 68, 69, 70, 71, 72, 73, 75, 76, 77, 78, 79, 80, 81, 83, 84, 85, 86, 88]",69,False,1.7199834074846376e-05,8.688220472802496e-09,5.730381951457858e-06,20.0
E75,81,81,9,72,627,0.1111111111111111,0.014150943396226415,0.02510460251046025,raja,S12/S25_20190124_060024_2,all_channel,mean,mean__all_channel__E75,32,89,"[3, 5, 8, 9, 10, 11, 12, 15, 16, 17, 18, 20, 21, 22, 24, 25, 26, 27, 28, 29, 30, 32, 33, 34, 36, 37, 38, 39, 40, 41, 42, 43, 45, 46, 48, 49, 52, 53, 55, 56, 57, 58, 59, 60, 61, 62, 63, 64, 65, 66, 67, 68, 69, 70, 71, 72, 73, 75, 76, 77, 78, 79, 80, 81, 83, 84, 85, 86, 88]",69,False,1.6706106817331177e-05,-1.1413108941741533e-08,5.572506642090973e-06,20.0
E37,34,34,8,26,628,0.23529411764705882,0.012578616352201259,0.023880597014925373,raja,S12/S25_20190124_060024_2,all_channel,mean,mean__all_channel__E37,32,89,"[3, 5, 8, 9, 10, 11, 12, 15, 16, 17, 18, 20, 21, 22, 24, 25, 26, 27, 28, 29, 30, 32, 33, 34, 36, 37, 38, 39, 40, 41, 42, 43, 45, 46, 48, 49, 52, 53, 55, 56, 57, 58, 59, 60, 61, 62, 63, 64, 65, 66, 67, 68, 69, 70, 71, 72, 73, 75, 76, 77, 78, 79, 80, 81, 83, 84, 85, 86, 88]",69,False,1.8655097883064833e-05,3.922192602047789e-09,6.217058563487595e-06,20.0
E59,49,49,6,43,630,0.12244897959183673,0.009433962264150943,0.017518248175182483,raja,S12/S25_20190124_060024_2,all_channel,mean,mean__all_channel__E59,32,89,"[3, 5, 8, 9, 10, 11, 12, 15, 16, 17, 18, 20, 21, 22, 24, 25, 26, 27, 28, 29, 30, 32, 33, 34, 36, 37, 38, 39, 40, 41, 42, 43, 45, 46, 48, 49, 52, 53, 55, 56, 57, 58, 59, 60, 61, 62, 63, 64, 65, 66, 67, 68, 69, 70, 71, 72, 73, 75, 76, 77, 78, 79, 80, 81, 83, 84, 85, 86, 88]",69,False,1.4506201574116529e-05,-1.0628734888652657e-09,4.835754815868465e-06,20.0
E47,38,38,5,33,631,0.13157894736842105,0.007861635220125786,0.014836795252225518,raja,S12/S25_20190124_060024_2,all_channel,mean,mean__all_channel__E47,32,89,"[3, 5, 8, 9, 10, 11, 12, 15, 16, 17, 18, 20, 21, 22, 24, 25, 26, 27, 28, 29, 30, 32, 33, 34, 36, 37, 38, 39, 40, 41, 42, 43, 45, 46, 48, 49, 52, 53, 55, 56, 57, 58, 59, 60, 61, 62, 63, 64, 65, 66, 67, 68, 69, 70, 71, 72, 73, 75, 76, 77, 78, 79, 80, 81, 83, 84, 85, 86, 88]",69,False,1.7207264640399197e-05,8.502235650248873e-09,5.732920801582983e-06,20.0
E60,51,51,5,46,631,0.09803921568627451,0.007861635220125786,0.01455604075691412,raja,S12/S25_20190124_060024_2,all_channel,mean,mean__all_channel__E60,32,89,"[3, 5, 8, 9, 10, 11, 12, 15, 16, 17, 18, 20, 21, 22, 24, 25, 26, 27, 28, 29, 30, 32, 33, 34, 36, 37, 38, 39, 40, 41, 42, 43, 45, 46, 48, 49, 52, 53, 55, 56, 57, 58, 59, 60, 61, 62, 63, 64, 65, 66, 67, 68, 69, 70, 71, 72, 73, 75, 76, 77, 78, 79, 80, 81, 83, 84, 85, 86, 88]",69,False,1.5201903204907308e-05,-7.1364143782101146e-09,5.069679873095173e-06,20.0
E87,40,40,4,36,632,0.1,0.006289308176100629,0.01183431952662722,raja,S12/S25_20190124_060024_2,all_channel,mean,mean__all_channel__E87,32,89,"[3, 5, 8, 9, 10, 11, 12, 15, 16, 17, 18, 20, 21, 22, 24, 25, 26, 27, 28, 29, 30, 32, 33, 34, 36, 37, 38, 39, 40, 41, 42, 43, 45, 46, 48, 49, 52, 53, 55, 56, 57, 58, 59, 60, 61, 62, 63, 64, 65, 66, 67, 68, 69, 70, 71, 72, 73, 75, 76, 77, 78, 79, 80, 81, 83, 84, 85, 86, 88]",69,False,1.7153069288809224e-05,-5.770274057314349e-09,5.7196131876221795e-06,20.0
E70,48,48,4,44,632,0.08333333333333333,0.006289308176100629,0.011695906432748539,raja,S12/S25_20190124_060024_2,all_channel,mean,mean__all_channel__E70,32,89,"[3, 5, 8, 9, 10, 11, 12, 15, 16, 17, 18, 20, 21, 22, 24, 25, 26, 27, 28, 29, 30, 32, 33, 34, 36, 37, 38, 39, 40, 41, 42, 43, 45, 46, 48, 49, 52, 53, 55, 56, 57, 58, 59, 60, 61, 62, 63, 64, 65, 66, 67, 68, 69, 70, 71, 72, 73, 75, 76, 77, 78, 79, 80, 81, 83, 84, 85, 86, 88]",69,False,1.7095847858999925e-05,-6.666380647639293e-09,5.700838079882521e-06,20.0
E98,34,34,3,31,633,0.08823529411764706,0.0047169811320754715,0.008955223880597015,raja,S12/S25_20190124_060024_2,all_channel,mean,mean__all_channel__E98,32,89,"[3, 5, 8, 9, 10, 11, 12, 15, 16, 17, 18, 20, 21, 22, 24, 25, 26, 27, 28, 29, 30, 32, 33, 34, 36, 37, 38, 39, 40, 41, 42, 43, 45, 46, 48, 49, 52, 53, 55, 56, 57, 58, 59, 60, 61, 62, 63, 64, 65, 66, 67, 68, 69, 70, 71, 72, 73, 75, 76, 77, 78, 79, 80, 81, 83, 84, 85, 86, 88]",69,False,1.5617790079409197e-05,5.9607603875133225e-09,5.203943106340561e-06,20.0
E104,37,37,3,34,633,0.08108108108108109,0.0047169811320754715,0.008915304606240713,raja,S12/S25_20190124_060024_2,all_channel,mean,mean__all_channel__E104,32,89,"[3, 5, 8, 9, 10, 11, 12, 15, 16, 17, 18, 20, 21, 22, 24, 25, 26, 27, 28, 29, 30, 32, 33, 34, 36, 37, 38, 39, 40, 41, 42, 43, 45, 46, 48, 49, 52, 53, 55, 56, 57, 58, 59, 60, 61, 62, 63, 64, 65, 66, 67, 68, 69, 70, 71, 72, 73, 75, 76, 77, 78, 79, 80, 81, 83, 84, 85, 86, 88]",69,False,1.7159786987262707e-05,1.769556432871234e-08,5.714030474311331e-06,20.0
E85,51,51,2,49,634,0.0392156862745098,0.0031446540880503146,0.005822416302765649,raja,S12/S25_20190124_060024_2,all_channel,mean,mean__all_channel__E85,32,89,"[3, 5, 8, 9, 10, 11, 12, 15, 16, 17, 18, 20, 21, 22, 24, 25, 26, 27, 28, 29, 30, 32, 33, 34, 36, 37, 38, 39, 40, 41, 42, 43, 45, 46, 48, 49, 52, 53, 55, 56, 57, 58, 59, 60, 61, 62, 63, 64, 65, 66, 67, 68, 69, 70, 71, 72, 73, 75, 76, 77, 78, 79, 80, 81, 83, 84, 85, 86, 88]",69,False,1.7027587275710062e-05,3.353118415292109e-09,5.674744719098256e-06,20.0
E22,617,617,595,22,41,0.9643435980551054,0.9355345911949685,0.9497206703910613,raja,S12/S25_20190124_060024_2,frontal,median,median__frontal__E22,6,89,"[3, 5, 8, 9, 12, 16, 17, 20, 22, 25, 26, 29, 36, 56, 63, 64, 71, 72, 78]",19,False,5.8412252469080834e-05,-4.4114708936693324e-06,2.0941241120916726e-05,20.0
E9,606,606,586,20,50,0.966996699669967,0.9213836477987422,0.9436392914653785,raja,S12/S25_20190124_060024_2,frontal,median,median__frontal__E9,6,89,"[3, 5, 8, 9, 12, 16, 17, 20, 22, 25, 26, 29, 36, 56, 63, 64, 71, 72, 78]",19,False,4.2954120303245314e-05,-2.608341033967532e-06,1.5187487112404282e-05,20.0
E23,554,554,531,23,105,0.9584837545126353,0.8349056603773585,0.892436974789916,raja,S12/S25_20190124_060024_2,frontal,median,median__frontal__E23,6,89,"[3, 5, 8, 9, 12, 16, 17, 20, 22, 25, 26, 29, 36, 56, 63, 64, 71, 72, 78]",19,False,3.970144204884354e-05,-2.328576364150831e-06,1.401000613766479e-05,20.0
E3,393,393,387,6,249,0.9847328244274809,0.6084905660377359,0.7521865889212829,raja,S12/S25_20190124_060024_2,frontal,median,median__frontal__E3,6,89,"[3, 5, 8, 9, 12, 16, 17, 20, 22, 25, 26, 29, 36, 56, 63, 64, 71, 72, 78]",19,False,3.472833058224013e-05,-1.0942272918312255e-06,1.194085262469045e-05,20.0
E24,202,202,185,17,451,0.9158415841584159,0.2908805031446541,0.44152744630071594,raja,S12/S25_20190124_060024_2,frontal,median,median__frontal__E24,6,89,"[3, 5, 8, 9, 12, 16, 17, 20, 22, 25, 26, 29, 36, 56, 63, 64, 71, 72, 78]",19,False,3.3055729079340826e-05,-7.672409562113578e-07,1.127432334518406e-05,20.0
E124,57,57,34,23,602,0.5964912280701754,0.05345911949685535,0.09812409812409813,raja,S12/S25_20190124_060024_2,frontal,median,median__frontal__E124,6,89,"[3, 5, 8, 9, 12, 16, 17, 20, 22, 25, 26, 29, 36, 56, 63, 64, 71, 72, 78]",19,False,3.612023058624335e-05,-2.762680996992616e-07,1.2132166228647538e-05,20.0
E22,608,608,589,19,47,0.96875,0.9261006289308176,0.9469453376205788,raja,S12/S25_20190124_060024_2,frontal,mean,mean__frontal__E22,6,89,"[3, 5, 8, 9, 12, 16, 17, 20, 22, 25, 26, 29, 36, 56, 63, 64, 71, 72, 78]",19,False,6.293745503429606e-05,1.1373167154589259e-07,2.0941241120916726e-05,20.0
E9,598,598,581,17,55,0.9715719063545151,0.9135220125786163,0.9416531604538088,raja,S12/S25_20190124_060024_2,frontal,mean,mean__frontal__E9,6,89,"[3, 5, 8, 9, 12, 16, 17, 20, 22, 25, 26, 29, 36, 56, 63, 64, 71, 72, 78]",19,False,4.568528896380269e-05,1.228276265898432e-07,1.5187487112404282e-05,20.0
E23,538,538,517,21,119,0.9609665427509294,0.8128930817610063,0.8807495741056217,raja,S12/S25_20190124_060024_2,frontal,mean,mean__frontal__E23,6,89,"[3, 5, 8, 9, 12, 16, 17, 20, 22, 25, 26, 29, 36, 56, 63, 64, 71, 72, 78]",19,False,4.208085333811472e-05,5.083492512034474e-08,1.401000613766479e-05,20.0
E3,368,368,362,6,274,0.9836956521739131,0.5691823899371069,0.7211155378486056,raja,S12/S25_20190124_060024_2,frontal,mean,mean__frontal__E3,6,89,"[3, 5, 8, 9, 12, 16, 17, 20, 22, 25, 26, 29, 36, 56, 63, 64, 71, 72, 78]",19,False,3.5841596432385656e-05,1.9038558314304285e-08,1.194085262469045e-05,20.0
E24,190,190,175,15,461,0.9210526315789473,0.2751572327044025,0.42372881355932196,raja,S12/S25_20190124_060024_2,frontal,mean,mean__frontal__E24,6,89,"[3, 5, 8, 9, 12, 16, 17, 20, 22, 25, 26, 29, 36, 56, 63, 64, 71, 72, 78]",19,False,3.3868584666351135e-05,4.561463079895201e-08,1.127432334518406e-05,20.0
E124,57,57,34,23,602,0.5964912280701754,0.05345911949685535,0.09812409812409813,raja,S12/S25_20190124_060024_2,frontal,mean,mean__frontal__E124,6,89,"[3, 5, 8, 9, 12, 16, 17, 20, 22, 25, 26, 29, 36, 56, 63, 64, 71, 72, 78]",19,False,3.6429610576820196e-05,3.311189087758226e-08,1.2132166228647538e-05,20.0
E22,595,595,577,18,59,0.9697478991596639,0.9072327044025157,0.9374492282696995,raja,S12/S25_20190124_060024_2,frontal_left,median,median__frontal_left__E22,3,89,"[3, 9, 17, 20, 25, 26, 56]",7,False,6.982429416311753e-05,-7.094338727675744e-06,2.563954429693109e-05,20.0
E23,506,506,487,19,149,0.9624505928853755,0.7657232704402516,0.8528896672504378,raja,S12/S25_20190124_060024_2,frontal_left,median,median__frontal_left__E23,3,89,"[3, 9, 17, 20, 25, 26, 56]",7,False,4.614149163993311e-05,-3.3749431383748066e-06,1.650547825943597e-05,20.0
E24,134,134,124,10,512,0.9253731343283582,0.1949685534591195,0.32207792207792213,raja,S12/S25_20190124_060024_2,frontal_left,median,median__frontal_left__E24,3,89,"[3, 9, 17, 20, 25, 26, 56]",7,False,3.693950423849799e-05,-1.1543759891449997e-06,1.2697960075880996e-05,20.0
E22,579,579,566,13,70,0.9775474956822107,0.889937106918239,0.9316872427983539,raja,S12/S25_20190124_060024_2,frontal_left,mean,mean__frontal_left__E22,3,89,"[3, 9, 17, 20, 25, 26, 56]",7,False,7.704199670880528e-05,1.2336381801199319e-07,2.563954429693109e-05,20.0
E23,480,480,461,19,175,0.9604166666666667,0.7248427672955975,0.8261648745519714,raja,S12/S25_20190124_060024_2,frontal_left,mean,mean__frontal_left__E23,3,89,"[3, 9, 17, 20, 25, 26, 56]",7,False,4.9578048379237565e-05,6.161360092965732e-08,1.650547825943597e-05,20.0
E24,110,110,100,10,536,0.9090909090909091,0.15723270440251572,0.26809651474530827,raja,S12/S25_20190124_060024_2,frontal_left,mean,mean__frontal_left__E24,3,89,"[3, 9, 17, 20, 25, 26, 56]",7,False,3.808572694666456e-05,-8.153280978429365e-09,1.2697960075880996e-05,20.0
E9,606,606,586,20,50,0.966996699669967,0.9213836477987422,0.9436392914653785,raja,S12/S25_20190124_060024_2,frontal_right,median,median__frontal_right__E9,3,89,"[3, 5, 8, 9, 12, 16, 17, 20, 22, 25, 26, 29, 36, 63, 64, 71, 72, 78]",18,False,4.325988264353998e-05,-2.5029835008197105e-06,1.5254288714786563e-05,20.0
E3,377,377,371,6,265,0.9840848806366048,0.5833333333333334,0.7324777887462981,raja,S12/S25_20190124_060024_2,frontal_right,median,median__frontal_right__E3,3,89,"[3, 5, 8, 9, 12, 16, 17, 20, 22, 25, 26, 29, 36, 63, 64, 71, 72, 78]",18,False,3.553561302610634e-05,-1.0031687674677437e-06,1.2179593931191361e-05,20.0
E124,55,55,33,22,603,0.6,0.05188679245283019,0.0955137481910275,raja,S12/S25_20190124_060024_2,frontal_right,median,median__frontal_right__E124,3,89,"[3, 5, 8, 9, 12, 16, 17, 20, 22, 25, 26, 29, 36, 63, 64, 71, 72, 78]",18,False,3.660650054974697e-05,-2.5810969409349605e-07,1.2288203414613488e-05,20.0
E9,597,597,580,17,56,0.9715242881072027,0.9119496855345912,0.9407948094079481,raja,S12/S25_20190124_060024_2,frontal_right,mean,mean__frontal_right__E9,3,89,"[3, 5, 8, 9, 12, 16, 17, 20, 22, 25, 26, 29, 36, 63, 64, 71, 72, 78]",18,False,4.588994447552109e-05,1.2707833116139604e-07,1.5254288714786563e-05,20.0
E3,357,357,350,7,286,0.9803921568627451,0.550314465408805,0.7049345417925478,raja,S12/S25_20190124_060024_2,frontal_right,mean,mean__frontal_right__E3,3,89,"[3, 5, 8, 9, 12, 16, 17, 20, 22, 25, 26, 29, 36, 63, 64, 71, 72, 78]",18,False,3.6571178690213274e-05,3.2396896639188726e-08,1.2179593931191361e-05,20.0
E124,54,54,32,22,604,0.5925925925925926,0.050314465408805034,0.09275362318840581,raja,S12/S25_20190124_060024_2,frontal_right,mean,mean__frontal_right__E124,3,89,"[3, 5, 8, 9, 12, 16, 17, 20, 22, 25, 26, 29, 36, 63, 64, 71, 72, 78]",18,False,3.687013827041371e-05,5.528026573251372e-09,1.2288203414613488e-05,20.0
E22,639,639,606,33,30,0.9483568075117371,0.9528301886792453,0.9505882352941176,raja,S12/S25_20190124_060024_2,all_channel,median,median__all_channel__E22,32,59,"[2, 3, 5, 6, 7, 8, 10, 11, 12, 13, 14, 15, 16, 17, 18, 19, 20, 21, 22, 25, 26, 27, 28, 29, 30, 32, 33, 34, 35, 36, 37, 38, 39, 40, 41, 42, 43, 44, 45, 46, 47, 48, 50, 51, 52, 53, 54, 55, 56, 57]",50,False,4.654465150397742e-05,-3.587425005889136e-06,1.6710692169955518e-05,30.0
E9,634,634,598,36,38,0.943217665615142,0.940251572327044,0.9417322834645669,raja,S12/S25_20190124_060024_2,all_channel,median,median__all_channel__E9,32,59,"[2, 3, 5, 6, 7, 8, 10, 11, 12, 13, 14, 15, 16, 17, 18, 19, 20, 21, 22, 25, 26, 27, 28, 29, 30, 32, 33, 34, 35, 36, 37, 38, 39, 40, 41, 42, 43, 44, 45, 46, 47, 48, 50, 51, 52, 53, 54, 55, 56, 57]",50,False,3.404537376292802e-05,-2.1943085875028752e-06,1.2079894116810298e-05,30.0
E23,627,627,572,55,64,0.9122807017543859,0.89937106918239,0.9057798891528107,raja,S12/S25_20190124_060024_2,all_channel,median,median__all_channel__E23,32,59,"[2, 3, 5, 6, 7, 8, 10, 11, 12, 13, 14, 15, 16, 17, 18, 19, 20, 21, 22, 25, 26, 27, 28, 29, 30, 32, 33, 34, 35, 36, 37, 38, 39, 40, 41, 42, 43, 44, 45, 46, 47, 48, 50, 51, 52, 53, 54, 55, 56, 57]",50,False,3.2167611851881076e-05,-1.9144950267490266e-06,1.13607022928767e-05,30.0
E11,590,590,553,37,83,0.9372881355932203,0.8694968553459119,0.9021207177814029,raja,S12/S25_20190124_060024_2,all_channel,median,median__all_channel__E11,32,59,"[2, 3, 5, 6, 7, 8, 10, 11, 12, 13, 14, 15, 16, 17, 18, 19, 20, 21, 22, 25, 26, 27, 28, 29, 30, 32, 33, 34, 35, 36, 37, 38, 39, 40, 41, 42, 43, 44, 45, 46, 47, 48, 50, 51, 52, 53, 54, 55, 56, 57]",50,False,2.038150700290227e-05,-9.494659582219668e-07,7.110324320374746e-06,30.0
E26,637,637,565,72,71,0.8869701726844584,0.8883647798742138,0.8876669285153181,raja,S12/S25_20190124_060024_2,all_channel,median,median__all_channel__E26,32,59,"[2, 3, 5, 6, 7, 8, 10, 11, 12, 13, 14, 15, 16, 17, 18, 19, 20, 21, 22, 25, 26, 27, 28, 29, 30, 32, 33, 34, 35, 36, 37, 38, 39, 40, 41, 42, 43, 44, 45, 46, 47, 48, 50, 51, 52, 53, 54, 55, 56, 57]",50,False,2.5316393535674e-05,-1.5514359626185876e-06,8.95594316609753e-06,30.0
E3,496,496,487,9,149,0.9818548387096774,0.7657232704402516,0.8604240282685511,raja,S12/S25_20190124_060024_2,all_channel,median,median__all_channel__E3,32,59,"[2, 3, 5, 6, 7, 8, 10, 11, 12, 13, 14, 15, 16, 17, 18, 19, 20, 21, 22, 25, 26, 27, 28, 29, 30, 32, 33, 34, 35, 36, 37, 38, 39, 40, 41, 42, 43, 44, 45, 46, 47, 48, 50, 51, 52, 53, 54, 55, 56, 57]",50,False,2.772952868712662e-05,-9.157699874164287e-07,9.54843289151435e-06,30.0
E24,294,294,266,28,370,0.9047619047619048,0.41823899371069184,0.5720430107526882,raja,S12/S25_20190124_060024_2,all_channel,median,median__all_channel__E24,32,59,"[2, 3, 5, 6, 7, 8, 10, 11, 12, 13, 14, 15, 16, 17, 18, 19, 20, 21, 22, 25, 26, 27, 28, 29, 30, 32, 33, 34, 35, 36, 37, 38, 39, 40, 41, 42, 43, 44, 45, 46, 47, 48, 50, 51, 52, 53, 54, 55, 56, 57]",50,False,2.8667363325696804e-05,-6.518090007502523e-07,9.773057442149019e-06,30.0
E28,106,106,53,53,583,0.5,0.08333333333333333,0.14285714285714285,raja,S12/S25_20190124_060024_2,all_channel,median,median__all_channel__E28,32,59,"[2, 3, 5, 6, 7, 8, 10, 11, 12, 13, 14, 15, 16, 17, 18, 19, 20, 21, 22, 25, 26, 27, 28, 29, 30, 32, 33, 34, 35, 36, 37, 38, 39, 40, 41, 42, 43, 44, 45, 46, 47, 48, 50, 51, 52, 53, 54, 55, 56, 57]",50,False,2.4084466494217507e-05,-2.073329998669029e-07,8.097266498028136e-06,30.0
E124,72,72,49,23,587,0.6805555555555556,0.0770440251572327,0.13841807909604517,raja,S12/S25_20190124_060024_2,all_channel,median,median__all_channel__E124,32,59,"[2, 3, 5, 6, 7, 8, 10, 11, 12, 13, 14, 15, 16, 17, 18, 19, 20, 21, 22, 25, 26, 27, 28, 29, 30, 32, 33, 34, 35, 36, 37, 38, 39, 40, 41, 42, 43, 44, 45, 46, 47, 48, 50, 51, 52, 53, 54, 55, 56, 57]",50,False,3.151307458203764e-05,-1.938753496300345e-07,1.0568983310555894e-05,30.0
E33,202,202,55,147,581,0.2722772277227723,0.08647798742138364,0.13126491646778043,raja,S12/S25_20190124_060024_2,all_channel,median,median__all_channel__E33,32,59,"[2, 3, 5, 6, 7, 8, 10, 11, 12, 13, 14, 15, 16, 17, 18, 19, 20, 21, 22, 25, 26, 27, 28, 29, 30, 32, 33, 34, 35, 36, 37, 38, 39, 40, 41, 42, 43, 44, 45, 46, 47, 48, 50, 51, 52, 53, 54, 55, 56, 57]",50,False,3.1130087750432675e-05,-8.065438296293556e-08,1.040358071113187e-05,30.0
E122,135,135,20,115,616,0.14814814814814814,0.031446540880503145,0.05188067444876783,raja,S12/S25_20190124_060024_2,all_channel,median,median__all_channel__E122,32,59,"[2, 3, 5, 6, 7, 8, 10, 11, 12, 13, 14, 15, 16, 17, 18, 19, 20, 21, 22, 25, 26, 27, 28, 29, 30, 32, 33, 34, 35, 36, 37, 38, 39, 40, 41, 42, 43, 44, 45, 46, 47, 48, 50, 51, 52, 53, 54, 55, 56, 57]",50,False,2.5375545853614814e-05,8.325292103997299e-10,8.458237774801472e-06,30.0
E84,101,101,18,83,618,0.1782178217821782,0.02830188679245283,0.048846675712347354,raja,S12/S25_20190124_060024_2,all_channel,median,median__all_channel__E84,32,59,"[2, 3, 5, 6, 7, 8, 10, 11, 12, 13, 14, 15, 16, 17, 18, 19, 20, 21, 22, 25, 26, 27, 28, 29, 30, 32, 33, 34, 35, 36, 37, 38, 39, 40, 41, 42, 43, 44, 45, 46, 47, 48, 50, 51, 52, 53, 54, 55, 56, 57]",50,False,2.082377864643739e-05,4.103786613540076e-07,6.804466661694461e-06,30.0
E67,121,121,18,103,618,0.1487603305785124,0.02830188679245283,0.04755614266842801,raja,S12/S25_20190124_060024_2,all_channel,median,median__all_channel__E67,32,59,"[2, 3, 5, 6, 7, 8, 10, 11, 12, 13, 14, 15, 16, 17, 18, 19, 20, 21, 22, 25, 26, 27, 28, 29, 30, 32, 33, 34, 35, 36, 37, 38, 39, 40, 41, 42, 43, 44, 45, 46, 47, 48, 50, 51, 52, 53, 54, 55, 56, 57]",50,False,1.8638298983052542e-05,3.420404391352216e-07,6.09875284797244e-06,30.0
E77,142,142,18,124,618,0.1267605633802817,0.02830188679245283,0.04627249357326479,raja,S12/S25_20190124_060024_2,all_channel,median,median__all_channel__E77,32,59,"[2, 3, 5, 6, 7, 8, 10, 11, 12, 13, 14, 15, 16, 17, 18, 19, 20, 21, 22, 25, 26, 27, 28, 29, 30, 32, 33, 34, 35, 36, 37, 38, 39, 40, 41, 42, 43, 44, 45, 46, 47, 48, 50, 51, 52, 53, 54, 55, 56, 57]",50,False,1.9173676713475835e-05,3.487586881847864e-07,6.274972675097016e-06,30.0
E13,48,48,15,33,621,0.3125,0.02358490566037736,0.04385964912280702,raja,S12/S25_20190124_060024_2,all_channel,median,median__all_channel__E13,32,59,"[2, 3, 5, 6, 7, 8, 10, 11, 12, 13, 14, 15, 16, 17, 18, 19, 20, 21, 22, 25, 26, 27, 28, 29, 30, 32, 33, 34, 35, 36, 37, 38, 39, 40, 41, 42, 43, 44, 45, 46, 47, 48, 50, 51, 52, 53, 54, 55, 56, 57]",50,False,1.961797183357241e-05,1.7025700801029767e-08,6.533648710923793e-06,30.0
E112,42,42,14,28,622,0.3333333333333333,0.0220125786163522,0.04129793510324484,raja,S12/S25_20190124_060024_2,all_channel,median,median__all_channel__E112,32,59,"[2, 3, 5, 6, 7, 8, 10, 11, 12, 13, 14, 15, 16, 17, 18, 19, 20, 21, 22, 25, 26, 27, 28, 29, 30, 32, 33, 34, 35, 36, 37, 38, 39, 40, 41, 42, 43, 44, 45, 46, 47, 48, 50, 51, 52, 53, 54, 55, 56, 57]",50,False,1.6829368271953752e-05,1.9729783497112293e-08,5.603212829485547e-06,30.0
E62,140,140,15,125,621,0.10714285714285714,0.02358490566037736,0.03865979381443299,raja,S12/S25_20190124_060024_2,all_channel,median,median__all_channel__E62,32,59,"[2, 3, 5, 6, 7, 8, 10, 11, 12, 13, 14, 15, 16, 17, 18, 19, 20, 21, 22, 25, 26, 27, 28, 29, 30, 32, 33, 34, 35, 36, 37, 38, 39, 40, 41, 42, 43, 44, 45, 46, 47, 48, 50, 51, 52, 53, 54, 55, 56, 57]",50,False,2.438619103859298e-05,2.950829627946846e-07,8.030369358599432e-06,30.0
E40,75,75,13,62,623,0.17333333333333334,0.020440251572327043,0.03656821378340366,raja,S12/S25_20190124_060024_2,all_channel,median,median__all_channel__E40,32,59,"[2, 3, 5, 6, 7, 8, 10, 11, 12, 13, 14, 15, 16, 17, 18, 19, 20, 21, 22, 25, 26, 27, 28, 29, 30, 32, 33, 34, 35, 36, 37, 38, 39, 40, 41, 42, 43, 44, 45, 46, 47, 48, 50, 51, 52, 53, 54, 55, 56, 57]",50,False,1.849932012558875e-05,1.576564424241654e-07,6.113887894388195e-06,30.0
E91,113,113,12,101,624,0.10619469026548672,0.018867924528301886,0.03204272363150868,raja,S12/S25_20190124_060024_2,all_channel,median,median__all_channel__E91,32,59,"[2, 3, 5, 6, 7, 8, 10, 11, 12, 13, 14, 15, 16, 17, 18, 19, 20, 21, 22, 25, 26, 27, 28, 29, 30, 32, 33, 34, 35, 36, 37, 38, 39, 40, 41, 42, 43, 44, 45, 46, 47, 48, 50, 51, 52, 53, 54, 55, 56, 57]",50,False,2.9216500929143417e-05,3.1488754487905145e-07,9.633871128088122e-06,30.0
E109,54,54,11,43,625,0.2037037037037037,0.01729559748427673,0.03188405797101449,raja,S12/S25_20190124_060024_2,all_channel,median,median__all_channel__E109,32,59,"[2, 3, 5, 6, 7, 8, 10, 11, 12, 13, 14, 15, 16, 17, 18, 19, 20, 21, 22, 25, 26, 27, 28, 29, 30, 32, 33, 34, 35, 36, 37, 38, 39, 40, 41, 42, 43, 44, 45, 46, 47, 48, 50, 51, 52, 53, 54, 55, 56, 57]",50,False,2.0519022394129605e-05,4.4211985559463523e-07,6.692300846178323e-06,30.0
E37,35,35,8,27,628,0.22857142857142856,0.012578616352201259,0.02384500745156483,raja,S12/S25_20190124_060024_2,all_channel,median,median__all_channel__E37,32,59,"[2, 3, 5, 6, 7, 8, 10, 11, 12, 13, 14, 15, 16, 17, 18, 19, 20, 21, 22, 25, 26, 27, 28, 29, 30, 32, 33, 34, 35, 36, 37, 38, 39, 40, 41, 42, 43, 44, 45, 46, 47, 48, 50, 51, 52, 53, 54, 55, 56, 57]",50,False,1.8728713152764094e-05,8.051962288072281e-08,6.216064509961124e-06,30.0
E75,67,67,8,59,628,0.11940298507462686,0.012578616352201259,0.02275960170697013,raja,S12/S25_20190124_060024_2,all_channel,median,median__all_channel__E75,32,59,"[2, 3, 5, 6, 7, 8, 10, 11, 12, 13, 14, 15, 16, 17, 18, 19, 20, 21, 22, 25, 26, 27, 28, 29, 30, 32, 33, 34, 35, 36, 37, 38, 39, 40, 41, 42, 43, 44, 45, 46, 47, 48, 50, 51, 52, 53, 54, 55, 56, 57]",50,False,1.687683045585271e-05,4.5825003366737644e-07,5.472860140728445e-06,30.0
E83,69,69,8,61,628,0.11594202898550725,0.012578616352201259,0.02269503546099291,raja,S12/S25_20190124_060024_2,all_channel,median,median__all_channel__E83,32,59,"[2, 3, 5, 6, 7, 8, 10, 11, 12, 13, 14, 15, 16, 17, 18, 19, 20, 21, 22, 25, 26, 27, 28, 29, 30, 32, 33, 34, 35, 36, 37, 38, 39, 40, 41, 42, 43, 44, 45, 46, 47, 48, 50, 51, 52, 53, 54, 55, 56, 57]",50,False,1.733028128591328e-05,4.698908090299597e-07,5.620130158961107e-06,30.0
E117,48,48,6,42,630,0.125,0.009433962264150943,0.017543859649122806,raja,S12/S25_20190124_060024_2,all_channel,median,median__all_channel__E117,32,59,"[2, 3, 5, 6, 7, 8, 10, 11, 12, 13, 14, 15, 16, 17, 18, 19, 20, 21, 22, 25, 26, 27, 28, 29, 30, 32, 33, 34, 35, 36, 37, 38, 39, 40, 41, 42, 43, 44, 45, 46, 47, 48, 50, 51, 52, 53, 54, 55, 56, 57]",50,False,0.00011656474536118642,-1.587425049279298e-07,3.890782928870478e-05,30.0
E47,36,36,5,31,631,0.1388888888888889,0.007861635220125786,0.014880952380952382,raja,S12/S25_20190124_060024_2,all_channel,median,median__all_channel__E47,32,59,"[2, 3, 5, 6, 7, 8, 10, 11, 12, 13, 14, 15, 16, 17, 18, 19, 20, 21, 22, 25, 26, 27, 28, 29, 30, 32, 33, 34, 35, 36, 37, 38, 39, 40, 41, 42, 43, 44, 45, 46, 47, 48, 50, 51, 52, 53, 54, 55, 56, 57]",50,False,1.715991636065791e-05,1.7387803113900713e-07,5.662012776506301e-06,30.0
E59,36,36,5,31,631,0.1388888888888889,0.007861635220125786,0.014880952380952382,raja,S12/S25_20190124_060024_2,all_channel,median,median__all_channel__E59,32,59,"[2, 3, 5, 6, 7, 8, 10, 11, 12, 13, 14, 15, 16, 17, 18, 19, 20, 21, 22, 25, 26, 27, 28, 29, 30, 32, 33, 34, 35, 36, 37, 38, 39, 40, 41, 42, 43, 44, 45, 46, 47, 48, 50, 51, 52, 53, 54, 55, 56, 57]",50,False,1.4662925918818024e-05,3.8489788174679946e-07,4.759342679023741e-06,30.0
E87,39,39,4,35,632,0.10256410256410256,0.006289308176100629,0.011851851851851853,raja,S12/S25_20190124_060024_2,all_channel,median,median__all_channel__E87,32,59,"[2, 3, 5, 6, 7, 8, 10, 11, 12, 13, 14, 15, 16, 17, 18, 19, 20, 21, 22, 25, 26, 27, 28, 29, 30, 32, 33, 34, 35, 36, 37, 38, 39, 40, 41, 42, 43, 44, 45, 46, 47, 48, 50, 51, 52, 53, 54, 55, 56, 57]",50,False,1.7172610516550472e-05,1.2305532724050826e-07,5.683185063103322e-06,30.0
E60,42,42,4,38,632,0.09523809523809523,0.006289308176100629,0.011799410029498527,raja,S12/S25_20190124_060024_2,all_channel,median,median__all_channel__E60,32,59,"[2, 3, 5, 6, 7, 8, 10, 11, 12, 13, 14, 15, 16, 17, 18, 19, 20, 21, 22, 25, 26, 27, 28, 29, 30, 32, 33, 34, 35, 36, 37, 38, 39, 40, 41, 42, 43, 44, 45, 46, 47, 48, 50, 51, 52, 53, 54, 55, 56, 57]",50,False,1.5338461757102672e-05,3.650152673452068e-07,4.991148829919156e-06,30.0
E104,37,37,3,34,633,0.08108108108108109,0.0047169811320754715,0.008915304606240713,raja,S12/S25_20190124_060024_2,all_channel,median,median__all_channel__E104,32,59,"[2, 3, 5, 6, 7, 8, 10, 11, 12, 13, 14, 15, 16, 17, 18, 19, 20, 21, 22, 25, 26, 27, 28, 29, 30, 32, 33, 34, 35, 36, 37, 38, 39, 40, 41, 42, 43, 44, 45, 46, 47, 48, 50, 51, 52, 53, 54, 55, 56, 57]",50,False,1.720707195752264e-05,1.239522569449827e-07,5.694373233525885e-06,30.0
E70,39,39,3,36,633,0.07692307692307693,0.0047169811320754715,0.008888888888888889,raja,S12/S25_20190124_060024_2,all_channel,median,median__all_channel__E70,32,59,"[2, 3, 5, 6, 7, 8, 10, 11, 12, 13, 14, 15, 16, 17, 18, 19, 20, 21, 22, 25, 26, 27, 28, 29, 30, 32, 33, 34, 35, 36, 37, 38, 39, 40, 41, 42, 43, 44, 45, 46, 47, 48, 50, 51, 52, 53, 54, 55, 56, 57]",50,False,1.73558709795363e-05,4.1687373577123456e-07,5.646332414588355e-06,30.0
E98,31,31,2,29,634,0.06451612903225806,0.0031446540880503146,0.0059970014992503755,raja,S12/S25_20190124_060024_2,all_channel,median,median__all_channel__E98,32,59,"[2, 3, 5, 6, 7, 8, 10, 11, 12, 13, 14, 15, 16, 17, 18, 19, 20, 21, 22, 25, 26, 27, 28, 29, 30, 32, 33, 34, 35, 36, 37, 38, 39, 40, 41, 42, 43, 44, 45, 46, 47, 48, 50, 51, 52, 53, 54, 55, 56, 57]",50,False,1.5852046675996022e-05,3.377004735845964e-07,5.171448734137142e-06,30.0
E85,45,45,2,43,634,0.044444444444444446,0.0031446540880503146,0.005873715124816447,raja,S12/S25_20190124_060024_2,all_channel,median,median__all_channel__E85,32,59,"[2, 3, 5, 6, 7, 8, 10, 11, 12, 13, 14, 15, 16, 17, 18, 19, 20, 21, 22, 25, 26, 27, 28, 29, 30, 32, 33, 34, 35, 36, 37, 38, 39, 40, 41, 42, 43, 44, 45, 46, 47, 48, 50, 51, 52, 53, 54, 55, 56, 57]",50,False,1.7290913142131688e-05,3.693826845697825e-07,5.640510152520636e-06,30.0
E22,635,635,605,30,31,0.952755905511811,0.9512578616352201,0.9520062942564909,raja,S12/S25_20190124_060024_2,all_channel,mean,mean__all_channel__E22,32,59,"[2, 3, 5, 6, 7, 8, 10, 11, 12, 13, 14, 15, 16, 17, 18, 19, 20, 21, 22, 25, 26, 27, 28, 29, 30, 32, 33, 34, 35, 36, 37, 38, 39, 40, 41, 42, 43, 44, 45, 46, 47, 48, 50, 51, 52, 53, 54, 55, 56, 57]",50,False,5.009169080426336e-05,-4.038570560320087e-08,1.6710692169955518e-05,30.0
E9,628,628,598,30,38,0.9522292993630573,0.940251572327044,0.9462025316455696,raja,S12/S25_20190124_060024_2,all_channel,mean,mean__all_channel__E9,32,59,"[2, 3, 5, 6, 7, 8, 10, 11, 12, 13, 14, 15, 16, 17, 18, 19, 20, 21, 22, 25, 26, 27, 28, 29, 30, 32, 33, 34, 35, 36, 37, 38, 39, 40, 41, 42, 43, 44, 45, 46, 47, 48, 50, 51, 52, 53, 54, 55, 56, 57]",50,False,3.622399813686159e-05,-1.568421356930854e-08,1.2079894116810298e-05,30.0
E23,612,612,564,48,72,0.9215686274509803,0.8867924528301887,0.9038461538461539,raja,S12/S25_20190124_060024_2,all_channel,mean,mean__all_channel__E23,32,59,"[2, 3, 5, 6, 7, 8, 10, 11, 12, 13, 14, 15, 16, 17, 18, 19, 20, 21, 22, 25, 26, 27, 28, 29, 30, 32, 33, 34, 35, 36, 37, 38, 39, 40, 41, 42, 43, 44, 45, 46, 47, 48, 50, 51, 52, 53, 54, 55, 56, 57]",50,False,3.407763975670226e-05,-4.467121927843718e-09,1.13607022928767e-05,30.0
E11,576,576,542,34,94,0.9409722222222222,0.8522012578616353,0.8943894389438943,raja,S12/S25_20190124_060024_2,all_channel,mean,mean__all_channel__E11,32,59,"[2, 3, 5, 6, 7, 8, 10, 11, 12, 13, 14, 15, 16, 17, 18, 19, 20, 21, 22, 25, 26, 27, 28, 29, 30, 32, 33, 34, 35, 36, 37, 38, 39, 40, 41, 42, 43, 44, 45, 46, 47, 48, 50, 51, 52, 53, 54, 55, 56, 57]",50,False,2.1323534807670655e-05,-7.438153453580238e-09,7.110324320374746e-06,30.0
E26,631,631,558,73,78,0.884310618066561,0.8773584905660378,0.8808208366219415,raja,S12/S25_20190124_060024_2,all_channel,mean,mean__all_channel__E26,32,59,"[2, 3, 5, 6, 7, 8, 10, 11, 12, 13, 14, 15, 16, 17, 18, 19, 20, 21, 22, 25, 26, 27, 28, 29, 30, 32, 33, 34, 35, 36, 37, 38, 39, 40, 41, 42, 43, 44, 45, 46, 47, 48, 50, 51, 52, 53, 54, 55, 56, 57]",50,False,2.6845093758323714e-05,-2.2735739968873596e-08,8.95594316609753e-06,30.0
E3,478,478,470,8,166,0.9832635983263598,0.7389937106918238,0.8438061041292638,raja,S12/S25_20190124_060024_2,all_channel,mean,mean__all_channel__E3,32,59,"[2, 3, 5, 6, 7, 8, 10, 11, 12, 13, 14, 15, 16, 17, 18, 19, 20, 21, 22, 25, 26, 27, 28, 29, 30, 32, 33, 34, 35, 36, 37, 38, 39, 40, 41, 42, 43, 44, 45, 46, 47, 48, 50, 51, 52, 53, 54, 55, 56, 57]",50,False,2.8634316841357706e-05,-1.0981833185342123e-08,9.54843289151435e-06,30.0
E24,286,286,259,27,377,0.9055944055944056,0.40723270440251574,0.561822125813449,raja,S12/S25_20190124_060024_2,all_channel,mean,mean__all_channel__E24,32,59,"[2, 3, 5, 6, 7, 8, 10, 11, 12, 13, 14, 15, 16, 17, 18, 19, 20, 21, 22, 25, 26, 27, 28, 29, 30, 32, 33, 34, 35, 36, 37, 38, 39, 40, 41, 42, 43, 44, 45, 46, 47, 48, 50, 51, 52, 53, 54, 55, 56, 57]",50,False,2.9313805963742396e-05,-5.36636270466067e-09,9.773057442149019e-06,30.0
E28,103,103,52,51,584,0.5048543689320388,0.08176100628930817,0.14073071718538566,raja,S12/S25_20190124_060024_2,all_channel,mean,mean__all_channel__E28,32,59,"[2, 3, 5, 6, 7, 8, 10, 11, 12, 13, 14, 15, 16, 17, 18, 19, 20, 21, 22, 25, 26, 27, 28, 29, 30, 32, 33, 34, 35, 36, 37, 38, 39, 40, 41, 42, 43, 44, 45, 46, 47, 48, 50, 51, 52, 53, 54, 55, 56, 57]",50,False,2.43059363105216e-05,1.4136816437192572e-08,8.097266498028136e-06,30.0
E124,72,72,49,23,587,0.6805555555555556,0.0770440251572327,0.13841807909604517,raja,S12/S25_20190124_060024_2,all_channel,mean,mean__all_channel__E124,32,59,"[2, 3, 5, 6, 7, 8, 10, 11, 12, 13, 14, 15, 16, 17, 18, 19, 20, 21, 22, 25, 26, 27, 28, 29, 30, 32, 33, 34, 35, 36, 37, 38, 39, 40, 41, 42, 43, 44, 45, 46, 47, 48, 50, 51, 52, 53, 54, 55, 56, 57]",50,False,3.1707524925732845e-05,5.749940651629956e-10,1.0568983310555894e-05,30.0
E33,202,202,55,147,581,0.2722772277227723,0.08647798742138364,0.13126491646778043,raja,S12/S25_20190124_060024_2,all_channel,mean,mean__all_channel__E33,32,59,"[2, 3, 5, 6, 7, 8, 10, 11, 12, 13, 14, 15, 16, 17, 18, 19, 20, 21, 22, 25, 26, 27, 28, 29, 30, 32, 33, 34, 35, 36, 37, 38, 39, 40, 41, 42, 43, 44, 45, 46, 47, 48, 50, 51, 52, 53, 54, 55, 56, 57]",50,False,3.121280128829611e-05,2.0591549004996193e-09,1.040358071113187e-05,30.0
E122,135,135,20,115,616,0.14814814814814814,0.031446540880503145,0.05188067444876783,raja,S12/S25_20190124_060024_2,all_channel,mean,mean__all_channel__E122,32,59,"[2, 3, 5, 6, 7, 8, 10, 11, 12, 13, 14, 15, 16, 17, 18, 19, 20, 21, 22, 25, 26, 27, 28, 29, 30, 32, 33, 34, 35, 36, 37, 38, 39, 40, 41, 42, 43, 44, 45, 46, 47, 48, 50, 51, 52, 53, 54, 55, 56, 57]",50,False,2.537687734501313e-05,2.1640206087141e-09,8.458237774801472e-06,30.0
E84,104,104,18,86,618,0.17307692307692307,0.02830188679245283,0.04864864864864865,raja,S12/S25_20190124_060024_2,all_channel,mean,mean__all_channel__E84,32,59,"[2, 3, 5, 6, 7, 8, 10, 11, 12, 13, 14, 15, 16, 17, 18, 19, 20, 21, 22, 25, 26, 27, 28, 29, 30, 32, 33, 34, 35, 36, 37, 38, 39, 40, 41, 42, 43, 44, 45, 46, 47, 48, 50, 51, 52, 53, 54, 55, 56, 57]",50,False,2.0422858809579047e-05,9.458824495664368e-09,6.804466661694461e-06,30.0
E77,143,143,18,125,618,0.1258741258741259,0.02830188679245283,0.046213093709884474,raja,S12/S25_20190124_060024_2,all_channel,mean,mean__all_channel__E77,32,59,"[2, 3, 5, 6, 7, 8, 10, 11, 12, 13, 14, 15, 16, 17, 18, 19, 20, 21, 22, 25, 26, 27, 28, 29, 30, 32, 33, 34, 35, 36, 37, 38, 39, 40, 41, 42, 43, 44, 45, 46, 47, 48, 50, 51, 52, 53, 54, 55, 56, 57]",50,False,1.8825451245414224e-05,5.332201231749269e-10,6.274972675097016e-06,30.0
E13,48,48,15,33,621,0.3125,0.02358490566037736,0.04385964912280702,raja,S12/S25_20190124_060024_2,all_channel,mean,mean__all_channel__E13,32,59,"[2, 3, 5, 6, 7, 8, 10, 11, 12, 13, 14, 15, 16, 17, 18, 19, 20, 21, 22, 25, 26, 27, 28, 29, 30, 32, 33, 34, 35, 36, 37, 38, 39, 40, 41, 42, 43, 44, 45, 46, 47, 48, 50, 51, 52, 53, 54, 55, 56, 57]",50,False,1.96050895034218e-05,4.143370650419819e-09,6.533648710923793e-06,30.0
E62,143,143,17,126,619,0.11888111888111888,0.026729559748427674,0.043645699614890884,raja,S12/S25_20190124_060024_2,all_channel,mean,mean__all_channel__E62,32,59,"[2, 3, 5, 6, 7, 8, 10, 11, 12, 13, 14, 15, 16, 17, 18, 19, 20, 21, 22, 25, 26, 27, 28, 29, 30, 32, 33, 34, 35, 36, 37, 38, 39, 40, 41, 42, 43, 44, 45, 46, 47, 48, 50, 51, 52, 53, 54, 55, 56, 57]",50,False,2.4133183254934208e-05,4.207517913591436e-08,8.030369358599432e-06,30.0
E67,123,123,16,107,620,0.13008130081300814,0.025157232704402517,0.04216073781291173,raja,S12/S25_20190124_060024_2,all_channel,mean,mean__all_channel__E67,32,59,"[2, 3, 5, 6, 7, 8, 10, 11, 12, 13, 14, 15, 16, 17, 18, 19, 20, 21, 22, 25, 26, 27, 28, 29, 30, 32, 33, 34, 35, 36, 37, 38, 39, 40, 41, 42, 43, 44, 45, 46, 47, 48, 50, 51, 52, 53, 54, 55, 56, 57]",50,False,1.8318361628003987e-05,2.2103084086668514e-08,6.09875284797244e-06,30.0
E112,42,42,14,28,622,0.3333333333333333,0.0220125786163522,0.04129793510324484,raja,S12/S25_20190124_060024_2,all_channel,mean,mean__all_channel__E112,32,59,"[2, 3, 5, 6, 7, 8, 10, 11, 12, 13, 14, 15, 16, 17, 18, 19, 20, 21, 22, 25, 26, 27, 28, 29, 30, 32, 33, 34, 35, 36, 37, 38, 39, 40, 41, 42, 43, 44, 45, 46, 47, 48, 50, 51, 52, 53, 54, 55, 56, 57]",50,False,1.680761893549921e-05,-2.0195529574300632e-09,5.603212829485547e-06,30.0
E40,75,75,13,62,623,0.17333333333333334,0.020440251572327043,0.03656821378340366,raja,S12/S25_20190124_060024_2,all_channel,mean,mean__all_channel__E40,32,59,"[2, 3, 5, 6, 7, 8, 10, 11, 12, 13, 14, 15, 16, 17, 18, 19, 20, 21, 22, 25, 26, 27, 28, 29, 30, 32, 33, 34, 35, 36, 37, 38, 39, 40, 41, 42, 43, 44, 45, 46, 47, 48, 50, 51, 52, 53, 54, 55, 56, 57]",50,False,1.837666816408513e-05,3.5004480920545105e-08,6.113887894388195e-06,30.0
E91,117,117,12,105,624,0.10256410256410256,0.018867924528301886,0.03187250996015936,raja,S12/S25_20190124_060024_2,all_channel,mean,mean__all_channel__E91,32,59,"[2, 3, 5, 6, 7, 8, 10, 11, 12, 13, 14, 15, 16, 17, 18, 19, 20, 21, 22, 25, 26, 27, 28, 29, 30, 32, 33, 34, 35, 36, 37, 38, 39, 40, 41, 42, 43, 44, 45, 46, 47, 48, 50, 51, 52, 53, 54, 55, 56, 57]",50,False,2.894085095407812e-05,3.923756981375495e-08,9.633871128088122e-06,30.0
E109,60,60,11,49,625,0.18333333333333332,0.01729559748427673,0.03160919540229885,raja,S12/S25_20190124_060024_2,all_channel,mean,mean__all_channel__E109,32,59,"[2, 3, 5, 6, 7, 8, 10, 11, 12, 13, 14, 15, 16, 17, 18, 19, 20, 21, 22, 25, 26, 27, 28, 29, 30, 32, 33, 34, 35, 36, 37, 38, 39, 40, 41, 42, 43, 44, 45, 46, 47, 48, 50, 51, 52, 53, 54, 55, 56, 57]",50,False,2.0095381102790557e-05,1.847856425559003e-08,6.692300846178323e-06,30.0
E37,35,35,8,27,628,0.22857142857142856,0.012578616352201259,0.02384500745156483,raja,S12/S25_20190124_060024_2,all_channel,mean,mean__all_channel__E37,32,59,"[2, 3, 5, 6, 7, 8, 10, 11, 12, 13, 14, 15, 16, 17, 18, 19, 20, 21, 22, 25, 26, 27, 28, 29, 30, 32, 33, 34, 35, 36, 37, 38, 39, 40, 41, 42, 43, 44, 45, 46, 47, 48, 50, 51, 52, 53, 54, 55, 56, 57]",50,False,1.8646562606392193e-05,-1.630923491177623e-09,6.216064509961124e-06,30.0
E83,72,72,8,64,628,0.1111111111111111,0.012578616352201259,0.022598870056497175,raja,S12/S25_20190124_060024_2,all_channel,mean,mean__all_channel__E83,32,59,"[2, 3, 5, 6, 7, 8, 10, 11, 12, 13, 14, 15, 16, 17, 18, 19, 20, 21, 22, 25, 26, 27, 28, 29, 30, 32, 33, 34, 35, 36, 37, 38, 39, 40, 41, 42, 43, 44, 45, 46, 47, 48, 50, 51, 52, 53, 54, 55, 56, 57]",50,False,1.6852798058885656e-05,-7.592417997665665e-09,5.620130158961107e-06,30.0
E75,75,75,8,67,628,0.10666666666666667,0.012578616352201259,0.02250351617440225,raja,S12/S25_20190124_060024_2,all_channel,mean,mean__all_channel__E75,32,59,"[2, 3, 5, 6, 7, 8, 10, 11, 12, 13, 14, 15, 16, 17, 18, 19, 20, 21, 22, 25, 26, 27, 28, 29, 30, 32, 33, 34, 35, 36, 37, 38, 39, 40, 41, 42, 43, 44, 45, 46, 47, 48, 50, 51, 52, 53, 54, 55, 56, 57]",50,False,1.6413653197008283e-05,-4.9272251770541544e-09,5.472860140728445e-06,30.0
E117,49,49,6,43,630,0.12244897959183673,0.009433962264150943,0.017518248175182483,raja,S12/S25_20190124_060024_2,all_channel,mean,mean__all_channel__E117,32,59,"[2, 3, 5, 6, 7, 8, 10, 11, 12, 13, 14, 15, 16, 17, 18, 19, 20, 21, 22, 25, 26, 27, 28, 29, 30, 32, 33, 34, 35, 36, 37, 38, 39, 40, 41, 42, 43, 44, 45, 46, 47, 48, 50, 51, 52, 53, 54, 55, 56, 57]",50,False,0.00011681080621429266,8.731834817831611e-08,3.890782928870478e-05,30.0
E47,37,37,5,32,631,0.13513513513513514,0.007861635220125786,0.01485884101040119,raja,S12/S25_20190124_060024_2,all_channel,mean,mean__all_channel__E47,32,59,"[2, 3, 5, 6, 7, 8, 10, 11, 12, 13, 14, 15, 16, 17, 18, 19, 20, 21, 22, 25, 26, 27, 28, 29, 30, 32, 33, 34, 35, 36, 37, 38, 39, 40, 41, 42, 43, 44, 45, 46, 47, 48, 50, 51, 52, 53, 54, 55, 56, 57]",50,False,1.6993249588315654e-05,7.211258796751849e-09,5.662012776506301e-06,30.0
E59,39,39,5,34,631,0.1282051282051282,0.007861635220125786,0.014814814814814815,raja,S12/S25_20190124_060024_2,all_channel,mean,mean__all_channel__E59,32,59,"[2, 3, 5, 6, 7, 8, 10, 11, 12, 13, 14, 15, 16, 17, 18, 19, 20, 21, 22, 25, 26, 27, 28, 29, 30, 32, 33, 34, 35, 36, 37, 38, 39, 40, 41, 42, 43, 44, 45, 46, 47, 48, 50, 51, 52, 53, 54, 55, 56, 57]",50,False,1.4276411489713668e-05,-1.616547357555728e-09,4.759342679023741e-06,30.0
E104,37,37,4,33,632,0.10810810810810811,0.006289308176100629,0.011887072808320952,raja,S12/S25_20190124_060024_2,all_channel,mean,mean__all_channel__E104,32,59,"[2, 3, 5, 6, 7, 8, 10, 11, 12, 13, 14, 15, 16, 17, 18, 19, 20, 21, 22, 25, 26, 27, 28, 29, 30, 32, 33, 34, 35, 36, 37, 38, 39, 40, 41, 42, 43, 44, 45, 46, 47, 48, 50, 51, 52, 53, 54, 55, 56, 57]",50,False,1.7087079359104318e-05,3.959658526663617e-09,5.694373233525885e-06,30.0
E87,40,40,4,36,632,0.1,0.006289308176100629,0.01183431952662722,raja,S12/S25_20190124_060024_2,all_channel,mean,mean__all_channel__E87,32,59,"[2, 3, 5, 6, 7, 8, 10, 11, 12, 13, 14, 15, 16, 17, 18, 19, 20, 21, 22, 25, 26, 27, 28, 29, 30, 32, 33, 34, 35, 36, 37, 38, 39, 40, 41, 42, 43, 44, 45, 46, 47, 48, 50, 51, 52, 53, 54, 55, 56, 57]",50,False,1.7044205907865883e-05,-5.349281444078385e-09,5.683185063103322e-06,30.0
E60,48,48,4,44,632,0.08333333333333333,0.006289308176100629,0.011695906432748539,raja,S12/S25_20190124_060024_2,all_channel,mean,mean__all_channel__E60,32,59,"[2, 3, 5, 6, 7, 8, 10, 11, 12, 13, 14, 15, 16, 17, 18, 19, 20, 21, 22, 25, 26, 27, 28, 29, 30, 32, 33, 34, 35, 36, 37, 38, 39, 40, 41, 42, 43, 44, 45, 46, 47, 48, 50, 51, 52, 53, 54, 55, 56, 57]",50,False,1.4974785066846991e-05,1.3385770895255855e-09,4.991148829919156e-06,30.0
E98,33,33,3,30,633,0.09090909090909091,0.0047169811320754715,0.008968609865470852,raja,S12/S25_20190124_060024_2,all_channel,mean,mean__all_channel__E98,32,59,"[2, 3, 5, 6, 7, 8, 10, 11, 12, 13, 14, 15, 16, 17, 18, 19, 20, 21, 22, 25, 26, 27, 28, 29, 30, 32, 33, 34, 35, 36, 37, 38, 39, 40, 41, 42, 43, 44, 45, 46, 47, 48, 50, 51, 52, 53, 54, 55, 56, 57]",50,False,1.5522300077400697e-05,7.953874989271646e-09,5.171448734137142e-06,30.0
E70,44,44,3,41,633,0.06818181818181818,0.0047169811320754715,0.008823529411764706,raja,S12/S25_20190124_060024_2,all_channel,mean,mean__all_channel__E70,32,59,"[2, 3, 5, 6, 7, 8, 10, 11, 12, 13, 14, 15, 16, 17, 18, 19, 20, 21, 22, 25, 26, 27, 28, 29, 30, 32, 33, 34, 35, 36, 37, 38, 39, 40, 41, 42, 43, 44, 45, 46, 47, 48, 50, 51, 52, 53, 54, 55, 56, 57]",50,False,1.6940911537496008e-05,1.9142937309439073e-09,5.646332414588355e-06,30.0
E85,52,52,2,50,634,0.038461538461538464,0.0031446540880503146,0.005813953488372093,raja,S12/S25_20190124_060024_2,all_channel,mean,mean__all_channel__E85,32,59,"[2, 3, 5, 6, 7, 8, 10, 11, 12, 13, 14, 15, 16, 17, 18, 19, 20, 21, 22, 25, 26, 27, 28, 29, 30, 32, 33, 34, 35, 36, 37, 38, 39, 40, 41, 42, 43, 44, 45, 46, 47, 48, 50, 51, 52, 53, 54, 55, 56, 57]",50,False,1.691951782014614e-05,-2.012637415766994e-09,5.640510152520636e-06,30.0
E22,625,625,602,23,34,0.9632,0.9465408805031447,0.9547977795400476,raja,S12/S25_20190124_060024_2,frontal,median,median__frontal__E22,6,59,"[2, 3, 11, 13, 15, 17, 19, 42, 43, 48, 51, 52]",12,False,5.608784114261214e-05,-3.5947332871878624e-06,1.98941914766e-05,30.0
E9,608,608,587,21,49,0.9654605263157895,0.9229559748427673,0.9437299035369775,raja,S12/S25_20190124_060024_2,frontal,median,median__frontal__E9,6,59,"[2, 3, 11, 13, 15, 17, 19, 42, 43, 48, 51, 52]",12,False,4.137636828121483e-05,-2.0747522132865155e-06,1.4483706831500448e-05,30.0
E23,569,569,542,27,94,0.9525483304042179,0.8522012578616353,0.8995850622406639,raja,S12/S25_20190124_060024_2,frontal,median,median__frontal__E23,6,59,"[2, 3, 11, 13, 15, 17, 19, 42, 43, 48, 51, 52]",12,False,3.835724688529716e-05,-1.9272825389659286e-06,1.3428176474754361e-05,30.0
E3,416,416,410,6,226,0.9855769230769231,0.6446540880503144,0.779467680608365,raja,S12/S25_20190124_060024_2,frontal,median,median__frontal__E3,6,59,"[2, 3, 11, 13, 15, 17, 19, 42, 43, 48, 51, 52]",12,False,3.3159388052113174e-05,-8.934903793898321e-07,1.1350959477167669e-05,30.0
E24,225,225,205,20,431,0.9111111111111111,0.3223270440251572,0.47619047619047616,raja,S12/S25_20190124_060024_2,frontal,median,median__frontal__E24,6,59,"[2, 3, 11, 13, 15, 17, 19, 42, 43, 48, 51, 52]",12,False,3.178140641849998e-05,-6.187545339685115e-07,1.080005365082283e-05,30.0
E124,48,48,32,16,604,0.6666666666666666,0.050314465408805034,0.09356725146198831,raja,S12/S25_20190124_060024_2,frontal,median,median__frontal__E124,6,59,"[2, 3, 11, 13, 15, 17, 19, 42, 43, 48, 51, 52]",12,False,3.51212966472287e-05,-1.8512198898292884e-07,1.1768806212070543e-05,30.0
E22,615,615,594,21,42,0.9658536585365853,0.9339622641509434,0.949640287769784,raja,S12/S25_20190124_060024_2,frontal,mean,mean__frontal__E22,6,59,"[2, 3, 11, 13, 15, 17, 19, 42, 43, 48, 51, 52]",12,False,5.975895375494818e-05,7.637932514818075e-08,1.98941914766e-05,30.0
E9,602,602,583,19,53,0.96843853820598,0.9166666666666666,0.9418416801292406,raja,S12/S25_20190124_060024_2,frontal,mean,mean__frontal__E9,6,59,"[2, 3, 11, 13, 15, 17, 19, 42, 43, 48, 51, 52]",12,False,4.3531491788137585e-05,8.037129363624337e-08,1.4483706831500448e-05,30.0
E23,545,545,523,22,113,0.9596330275229358,0.8223270440251572,0.8856900931414057,raja,S12/S25_20190124_060024_2,frontal,mean,mean__frontal__E23,6,59,"[2, 3, 11, 13, 15, 17, 19, 42, 43, 48, 51, 52]",12,False,4.031998495835822e-05,3.5455534095137384e-08,1.3428176474754361e-05,30.0
E3,401,401,394,7,242,0.9825436408977556,0.6194968553459119,0.759884281581485,raja,S12/S25_20190124_060024_2,frontal,mean,mean__frontal__E3,6,59,"[2, 3, 11, 13, 15, 17, 19, 42, 43, 48, 51, 52]",12,False,3.4095278562079095e-05,4.2400130576090286e-08,1.1350959477167669e-05,30.0
E24,215,215,196,19,440,0.9116279069767442,0.3081761006289308,0.46063454759106925,raja,S12/S25_20190124_060024_2,frontal,mean,mean__frontal__E24,6,59,"[2, 3, 11, 13, 15, 17, 19, 42, 43, 48, 51, 52]",12,False,3.242745357931557e-05,2.7292626847081488e-08,1.080005365082283e-05,30.0
E124,48,48,32,16,604,0.6666666666666666,0.050314465408805034,0.09356725146198831,raja,S12/S25_20190124_060024_2,frontal,mean,mean__frontal__E124,6,59,"[2, 3, 11, 13, 15, 17, 19, 42, 43, 48, 51, 52]",12,False,3.522752910390494e-05,-7.888953230668102e-08,1.1768806212070543e-05,30.0
E22,570,570,555,15,81,0.9736842105263158,0.8726415094339622,0.9203980099502488,raja,S12/S25_20190124_060024_2,frontal_left,median,median__frontal_left__E22,3,59,"[2, 17]",2,False,8.129484149063719e-05,-8.95939258245998e-06,3.008474469103239e-05,30.0
E23,392,392,378,14,258,0.9642857142857143,0.5943396226415094,0.7354085603112841,raja,S12/S25_20190124_060024_2,frontal_left,median,median__frontal_left__E23,3,59,"[2, 17]",2,False,5.704641051278644e-05,-3.6758711323903637e-06,2.024076054839227e-05,30.0
E24,68,68,60,8,576,0.8823529411764706,0.09433962264150944,0.17045454545454547,raja,S12/S25_20190124_060024_2,frontal_left,median,median__frontal_left__E24,3,59,"[2, 17]",2,False,4.162158429171558e-05,-1.3258014299404785e-06,1.431579524055202e-05,30.0
E22,544,544,527,17,109,0.96875,0.8286163522012578,0.8932203389830509,raja,S12/S25_20190124_060024_2,frontal_left,mean,mean__frontal_left__E22,3,59,"[2, 17]",2,False,9.013727527406527e-05,-1.1695879903190954e-07,3.008474469103239e-05,30.0
E23,337,337,326,11,310,0.9673590504451038,0.5125786163522013,0.6700924974306269,raja,S12/S25_20190124_060024_2,frontal_left,mean,mean__frontal_left__E23,3,59,"[2, 17]",2,False,6.074394587944157e-05,2.1664234264764344e-08,2.024076054839227e-05,30.0
E24,58,58,51,7,585,0.8793103448275862,0.08018867924528301,0.14697406340057634,raja,S12/S25_20190124_060024_2,frontal_left,mean,mean__frontal_left__E24,3,59,"[2, 17]",2,False,4.2913254016039465e-05,-3.413170561659553e-08,1.431579524055202e-05,30.0
E9,608,608,587,21,49,0.9654605263157895,0.9229559748427673,0.9437299035369775,raja,S12/S25_20190124_060024_2,frontal_right,median,median__frontal_right__E9,3,59,"[2, 3, 11, 13, 15, 17, 19, 42, 43, 48, 51, 52]",12,False,4.137636828121483e-05,-2.0747522132865155e-06,1.4483706831500448e-05,30.0
E3,416,416,410,6,226,0.9855769230769231,0.6446540880503144,0.779467680608365,raja,S12/S25_20190124_060024_2,frontal_right,median,median__frontal_right__E3,3,59,"[2, 3, 11, 13, 15, 17, 19, 42, 43, 48, 51, 52]",12,False,3.3159388052113174e-05,-8.934903793898321e-07,1.1350959477167669e-05,30.0
E124,48,48,32,16,604,0.6666666666666666,0.050314465408805034,0.09356725146198831,raja,S12/S25_20190124_060024_2,frontal_right,median,median__frontal_right__E124,3,59,"[2, 3, 11, 13, 15, 17, 19, 42, 43, 48, 51, 52]",12,False,3.51212966472287e-05,-1.8512198898292884e-07,1.1768806212070543e-05,30.0
E9,602,602,583,19,53,0.96843853820598,0.9166666666666666,0.9418416801292406,raja,S12/S25_20190124_060024_2,frontal_right,mean,mean__frontal_right__E9,3,59,"[2, 3, 11, 13, 15, 17, 19, 42, 43, 48, 51, 52]",12,False,4.3531491788137585e-05,8.037129363624337e-08,1.4483706831500448e-05,30.0
E3,401,401,394,7,242,0.9825436408977556,0.6194968553459119,0.759884281581485,raja,S12/S25_20190124_060024_2,frontal_right,mean,mean__frontal_right__E3,3,59,"[2, 3, 11, 13, 15, 17, 19, 42, 43, 48, 51, 52]",12,False,3.4095278562079095e-05,4.2400130576090286e-08,1.1350959477167669e-05,30.0
E124,48,48,32,16,604,0.6666666666666666,0.050314465408805034,0.09356725146198831,raja,S12/S25_20190124_060024_2,frontal_right,mean,mean__frontal_right__E124,3,59,"[2, 3, 11, 13, 15, 17, 19, 42, 43, 48, 51, 52]",12,False,3.522752910390494e-05,-7.888953230668102e-08,1.1768806212070543e-05,30.0
E22,640,640,605,35,31,0.9453125,0.9512578616352201,0.9482758620689654,raja,S12/S25_20190124_060024_2,all_channel,median,median__all_channel__E22,32,44,"[2, 4, 5, 6, 7, 9, 10, 12, 13, 14, 15, 16, 17, 18, 19, 20, 21, 22, 24, 26, 27, 28, 29, 30, 31, 32, 33, 34, 35, 36, 37, 39, 40, 41, 42, 43]",36,False,4.572573515366638e-05,-3.586840113589161e-06,1.6437525089085177e-05,40.0
E9,639,639,597,42,39,0.9342723004694836,0.9386792452830188,0.9364705882352942,raja,S12/S25_20190124_060024_2,all_channel,median,median__all_channel__E9,32,44,"[2, 4, 5, 6, 7, 9, 10, 12, 13, 14, 15, 16, 17, 18, 19, 20, 21, 22, 24, 26, 27, 28, 29, 30, 31, 32, 33, 34, 35, 36, 37, 39, 40, 41, 42, 43]",36,False,3.3090900555414755e-05,-2.213028546584963e-06,1.176797636733324e-05,40.0
E11,594,594,559,35,77,0.9410774410774411,0.8789308176100629,0.9089430894308942,raja,S12/S25_20190124_060024_2,all_channel,median,median__all_channel__E11,32,44,"[2, 4, 5, 6, 7, 9, 10, 12, 13, 14, 15, 16, 17, 18, 19, 20, 21, 22, 24, 26, 27, 28, 29, 30, 31, 32, 33, 34, 35, 36, 37, 39, 40, 41, 42, 43]",36,False,2.0093744700312998e-05,-9.653657218586692e-07,7.019703474057223e-06,40.0
E23,631,631,575,56,61,0.9112519809825673,0.9040880503144654,0.9076558800315706,raja,S12/S25_20190124_060024_2,all_channel,median,median__all_channel__E23,32,44,"[2, 4, 5, 6, 7, 9, 10, 12, 13, 14, 15, 16, 17, 18, 19, 20, 21, 22, 24, 26, 27, 28, 29, 30, 31, 32, 33, 34, 35, 36, 37, 39, 40, 41, 42, 43]",36,False,3.1512929022631555e-05,-1.9518356037297364e-06,1.1154921542120432e-05,40.0
E26,634,634,562,72,74,0.886435331230284,0.8836477987421384,0.8850393700787402,raja,S12/S25_20190124_060024_2,all_channel,median,median__all_channel__E26,32,44,"[2, 4, 5, 6, 7, 9, 10, 12, 13, 14, 15, 16, 17, 18, 19, 20, 21, 22, 24, 26, 27, 28, 29, 30, 31, 32, 33, 34, 35, 36, 37, 39, 40, 41, 42, 43]",36,False,2.5398421772874682e-05,-1.493806023633246e-06,8.964075932169309e-06,40.0
E3,513,513,501,12,135,0.9766081871345029,0.7877358490566038,0.8720626631853785,raja,S12/S25_20190124_060024_2,all_channel,median,median__all_channel__E3,32,44,"[2, 4, 5, 6, 7, 9, 10, 12, 13, 14, 15, 16, 17, 18, 19, 20, 21, 22, 24, 26, 27, 28, 29, 30, 31, 32, 33, 34, 35, 36, 37, 39, 40, 41, 42, 43]",36,False,2.681317571502004e-05,-9.635941335641415e-07,9.258923282861394e-06,40.0
E24,294,294,267,27,369,0.9081632653061225,0.419811320754717,0.5741935483870968,raja,S12/S25_20190124_060024_2,all_channel,median,median__all_channel__E24,32,44,"[2, 4, 5, 6, 7, 9, 10, 12, 13, 14, 15, 16, 17, 18, 19, 20, 21, 22, 24, 26, 27, 28, 29, 30, 31, 32, 33, 34, 35, 36, 37, 39, 40, 41, 42, 43]",36,False,2.8607552032885467e-05,-6.428509446072458e-07,9.750134325830905e-06,40.0
E124,73,73,54,19,582,0.7397260273972602,0.08490566037735849,0.15232722143864597,raja,S12/S25_20190124_060024_2,all_channel,median,median__all_channel__E124,32,44,"[2, 4, 5, 6, 7, 9, 10, 12, 13, 14, 15, 16, 17, 18, 19, 20, 21, 22, 24, 26, 27, 28, 29, 30, 31, 32, 33, 34, 35, 36, 37, 39, 40, 41, 42, 43]",36,False,3.088595683619285e-05,-2.114084390693807e-07,1.036578842508741e-05,40.0
E28,108,108,53,55,583,0.49074074074074076,0.08333333333333333,0.1424731182795699,raja,S12/S25_20190124_060024_2,all_channel,median,median__all_channel__E28,32,44,"[2, 4, 5, 6, 7, 9, 10, 12, 13, 14, 15, 16, 17, 18, 19, 20, 21, 22, 24, 26, 27, 28, 29, 30, 31, 32, 33, 34, 35, 36, 37, 39, 40, 41, 42, 43]",36,False,2.405094579113987e-05,-1.6668675552836152e-07,8.072544182222743e-06,40.0
E33,192,192,53,139,583,0.2760416666666667,0.08333333333333333,0.1280193236714976,raja,S12/S25_20190124_060024_2,all_channel,median,median__all_channel__E33,32,44,"[2, 4, 5, 6, 7, 9, 10, 12, 13, 14, 15, 16, 17, 18, 19, 20, 21, 22, 24, 26, 27, 28, 29, 30, 31, 32, 33, 34, 35, 36, 37, 39, 40, 41, 42, 43]",36,False,3.150079124924922e-05,-8.039574966253484e-08,1.0527062332970583e-05,40.0
E122,134,134,20,114,616,0.14925373134328357,0.031446540880503145,0.05194805194805195,raja,S12/S25_20190124_060024_2,all_channel,median,median__all_channel__E122,32,44,"[2, 4, 5, 6, 7, 9, 10, 12, 13, 14, 15, 16, 17, 18, 19, 20, 21, 22, 24, 26, 27, 28, 29, 30, 31, 32, 33, 34, 35, 36, 37, 39, 40, 41, 42, 43]",36,False,2.556980769471865e-05,-4.976906146861124e-09,8.524928200288503e-06,40.0
E77,139,139,19,120,617,0.1366906474820144,0.029874213836477988,0.04903225806451613,raja,S12/S25_20190124_060024_2,all_channel,median,median__all_channel__E77,32,44,"[2, 4, 5, 6, 7, 9, 10, 12, 13, 14, 15, 16, 17, 18, 19, 20, 21, 22, 24, 26, 27, 28, 29, 30, 31, 32, 33, 34, 35, 36, 37, 39, 40, 41, 42, 43]",36,False,1.8839708159867857e-05,3.320128492627734e-07,6.169231770201695e-06,40.0
E84,104,104,18,86,618,0.17307692307692307,0.02830188679245283,0.04864864864864865,raja,S12/S25_20190124_060024_2,all_channel,median,median__all_channel__E84,32,44,"[2, 4, 5, 6, 7, 9, 10, 12, 13, 14, 15, 16, 17, 18, 19, 20, 21, 22, 24, 26, 27, 28, 29, 30, 31, 32, 33, 34, 35, 36, 37, 39, 40, 41, 42, 43]",36,False,2.0720152252711433e-05,4.0512241575050496e-07,6.77167661232031e-06,40.0
E67,120,120,17,103,619,0.14166666666666666,0.026729559748427674,0.04497354497354498,raja,S12/S25_20190124_060024_2,all_channel,median,median__all_channel__E67,32,44,"[2, 4, 5, 6, 7, 9, 10, 12, 13, 14, 15, 16, 17, 18, 19, 20, 21, 22, 24, 26, 27, 28, 29, 30, 31, 32, 33, 34, 35, 36, 37, 39, 40, 41, 42, 43]",36,False,1.8509071999430762e-05,3.3735622778622013e-07,6.057238590548182e-06,40.0
E112,46,46,15,31,621,0.32608695652173914,0.02358490566037736,0.04398826979472141,raja,S12/S25_20190124_060024_2,all_channel,median,median__all_channel__E112,32,44,"[2, 4, 5, 6, 7, 9, 10, 12, 13, 14, 15, 16, 17, 18, 19, 20, 21, 22, 24, 26, 27, 28, 29, 30, 31, 32, 33, 34, 35, 36, 37, 39, 40, 41, 42, 43]",36,False,1.6812589446124158e-05,1.1388593639516358e-08,5.600400284161547e-06,40.0
E62,132,132,16,116,620,0.12121212121212122,0.025157232704402517,0.04166666666666667,raja,S12/S25_20190124_060024_2,all_channel,median,median__all_channel__E62,32,44,"[2, 4, 5, 6, 7, 9, 10, 12, 13, 14, 15, 16, 17, 18, 19, 20, 21, 22, 24, 26, 27, 28, 29, 30, 31, 32, 33, 34, 35, 36, 37, 39, 40, 41, 42, 43]",36,False,2.441229185215175e-05,2.9993802419522167e-07,8.03745127598551e-06,40.0
E40,72,72,13,59,623,0.18055555555555555,0.020440251572327043,0.036723163841807904,raja,S12/S25_20190124_060024_2,all_channel,median,median__all_channel__E40,32,44,"[2, 4, 5, 6, 7, 9, 10, 12, 13, 14, 15, 16, 17, 18, 19, 20, 21, 22, 24, 26, 27, 28, 29, 30, 31, 32, 33, 34, 35, 36, 37, 39, 40, 41, 42, 43]",36,False,1.8740046702662452e-05,1.744394739585554e-07,6.1885357429012985e-06,40.0
E13,40,40,12,28,624,0.3,0.018867924528301886,0.03550295857988166,raja,S12/S25_20190124_060024_2,all_channel,median,median__all_channel__E13,32,44,"[2, 4, 5, 6, 7, 9, 10, 12, 13, 14, 15, 16, 17, 18, 19, 20, 21, 22, 24, 26, 27, 28, 29, 30, 31, 32, 33, 34, 35, 36, 37, 39, 40, 41, 42, 43]",36,False,1.938055597010168e-05,1.588286302954322e-08,6.454891035690713e-06,40.0
E91,102,102,12,90,624,0.11764705882352941,0.018867924528301886,0.032520325203252036,raja,S12/S25_20190124_060024_2,all_channel,median,median__all_channel__E91,32,44,"[2, 4, 5, 6, 7, 9, 10, 12, 13, 14, 15, 16, 17, 18, 19, 20, 21, 22, 24, 26, 27, 28, 29, 30, 31, 32, 33, 34, 35, 36, 37, 39, 40, 41, 42, 43]",36,False,2.993977611360191e-05,2.863569768328587e-07,9.884473045589683e-06,40.0
E109,59,59,10,49,626,0.1694915254237288,0.015723270440251572,0.02877697841726619,raja,S12/S25_20190124_060024_2,all_channel,median,median__all_channel__E109,32,44,"[2, 4, 5, 6, 7, 9, 10, 12, 13, 14, 15, 16, 17, 18, 19, 20, 21, 22, 24, 26, 27, 28, 29, 30, 31, 32, 33, 34, 35, 36, 37, 39, 40, 41, 42, 43]",36,False,2.0485213392808867e-05,4.039787836717245e-07,6.693744869712382e-06,40.0
E75,70,70,9,61,627,0.12857142857142856,0.014150943396226415,0.0254957507082153,raja,S12/S25_20190124_060024_2,all_channel,median,median__all_channel__E75,32,44,"[2, 4, 5, 6, 7, 9, 10, 12, 13, 14, 15, 16, 17, 18, 19, 20, 21, 22, 24, 26, 27, 28, 29, 30, 31, 32, 33, 34, 35, 36, 37, 39, 40, 41, 42, 43]",36,False,1.6698922676578816e-05,4.358708193965296e-07,5.421017285727429e-06,40.0
E37,31,31,8,23,628,0.25806451612903225,0.012578616352201259,0.023988005997001502,raja,S12/S25_20190124_060024_2,all_channel,median,median__all_channel__E37,32,44,"[2, 4, 5, 6, 7, 9, 10, 12, 13, 14, 15, 16, 17, 18, 19, 20, 21, 22, 24, 26, 27, 28, 29, 30, 31, 32, 33, 34, 35, 36, 37, 39, 40, 41, 42, 43]",36,False,1.8649692990236945e-05,9.756836345897927e-08,6.184041542259323e-06,40.0
E117,48,48,8,40,628,0.16666666666666666,0.012578616352201259,0.023391812865497078,raja,S12/S25_20190124_060024_2,all_channel,median,median__all_channel__E117,32,44,"[2, 4, 5, 6, 7, 9, 10, 12, 13, 14, 15, 16, 17, 18, 19, 20, 21, 22, 24, 26, 27, 28, 29, 30, 31, 32, 33, 34, 35, 36, 37, 39, 40, 41, 42, 43]",36,False,0.00011792723968006094,-2.40509880481975e-07,3.938924985351431e-05,40.0
E83,71,71,8,63,628,0.11267605633802817,0.012578616352201259,0.02263083451202263,raja,S12/S25_20190124_060024_2,all_channel,median,median__all_channel__E83,32,44,"[2, 4, 5, 6, 7, 9, 10, 12, 13, 14, 15, 16, 17, 18, 19, 20, 21, 22, 24, 26, 27, 28, 29, 30, 31, 32, 33, 34, 35, 36, 37, 39, 40, 41, 42, 43]",36,False,1.7276046346414288e-05,4.664520834488634e-07,5.6031980876551405e-06,40.0
E47,38,38,5,33,631,0.13157894736842105,0.007861635220125786,0.014836795252225518,raja,S12/S25_20190124_060024_2,all_channel,median,median__all_channel__E47,32,44,"[2, 4, 5, 6, 7, 9, 10, 12, 13, 14, 15, 16, 17, 18, 19, 20, 21, 22, 24, 26, 27, 28, 29, 30, 31, 32, 33, 34, 35, 36, 37, 39, 40, 41, 42, 43]",36,False,1.708834255404466e-05,1.6617908133517808e-07,5.640721157569827e-06,40.0
E59,38,38,5,33,631,0.13157894736842105,0.007861635220125786,0.014836795252225518,raja,S12/S25_20190124_060024_2,all_channel,median,median__all_channel__E59,32,44,"[2, 4, 5, 6, 7, 9, 10, 12, 13, 14, 15, 16, 17, 18, 19, 20, 21, 22, 24, 26, 27, 28, 29, 30, 31, 32, 33, 34, 35, 36, 37, 39, 40, 41, 42, 43]",36,False,1.4592296358557852e-05,3.7887452226483236e-07,4.73780727876434e-06,40.0
E87,38,38,4,34,632,0.10526315789473684,0.006289308176100629,0.011869436201780416,raja,S12/S25_20190124_060024_2,all_channel,median,median__all_channel__E87,32,44,"[2, 4, 5, 6, 7, 9, 10, 12, 13, 14, 15, 16, 17, 18, 19, 20, 21, 22, 24, 26, 27, 28, 29, 30, 31, 32, 33, 34, 35, 36, 37, 39, 40, 41, 42, 43]",36,False,1.720762594652783e-05,1.2668652723720068e-07,5.693646473096876e-06,40.0
E60,46,46,4,42,632,0.08695652173913043,0.006289308176100629,0.011730205278592375,raja,S12/S25_20190124_060024_2,all_channel,median,median__all_channel__E60,32,44,"[2, 4, 5, 6, 7, 9, 10, 12, 13, 14, 15, 16, 17, 18, 19, 20, 21, 22, 24, 26, 27, 28, 29, 30, 31, 32, 33, 34, 35, 36, 37, 39, 40, 41, 42, 43]",36,False,1.5272931631621924e-05,3.598554067544094e-07,4.971025408289171e-06,40.0
E104,34,34,3,31,633,0.08823529411764706,0.0047169811320754715,0.008955223880597015,raja,S12/S25_20190124_060024_2,all_channel,median,median__all_channel__E104,32,44,"[2, 4, 5, 6, 7, 9, 10, 12, 13, 14, 15, 16, 17, 18, 19, 20, 21, 22, 24, 26, 27, 28, 29, 30, 31, 32, 33, 34, 35, 36, 37, 39, 40, 41, 42, 43]",36,False,1.719057710194969e-05,1.252205333044477e-07,5.688452189548414e-06,40.0
E70,41,41,3,38,633,0.07317073170731707,0.0047169811320754715,0.008862629246676515,raja,S12/S25_20190124_060024_2,all_channel,median,median__all_channel__E70,32,44,"[2, 4, 5, 6, 7, 9, 10, 12, 13, 14, 15, 16, 17, 18, 19, 20, 21, 22, 24, 26, 27, 28, 29, 30, 31, 32, 33, 34, 35, 36, 37, 39, 40, 41, 42, 43]",36,False,1.7248926233256148e-05,4.103768843311685e-07,5.612849782974993e-06,40.0
E98,32,32,2,30,634,0.0625,0.0031446540880503146,0.005988023952095809,raja,S12/S25_20190124_060024_2,all_channel,median,median__all_channel__E98,32,44,"[2, 4, 5, 6, 7, 9, 10, 12, 13, 14, 15, 16, 17, 18, 19, 20, 21, 22, 24, 26, 27, 28, 29, 30, 31, 32, 33, 34, 35, 36, 37, 39, 40, 41, 42, 43]",36,False,1.5886494296351835e-05,3.251915042060741e-07,5.187100930715254e-06,40.0
E85,43,43,2,41,634,0.046511627906976744,0.0031446540880503146,0.005891016200294551,raja,S12/S25_20190124_060024_2,all_channel,median,median__all_channel__E85,32,44,"[2, 4, 5, 6, 7, 9, 10, 12, 13, 14, 15, 16, 17, 18, 19, 20, 21, 22, 24, 26, 27, 28, 29, 30, 31, 32, 33, 34, 35, 36, 37, 39, 40, 41, 42, 43]",36,False,1.737893394424011e-05,3.7070210743212023e-07,5.669410612269329e-06,40.0
E22,635,635,604,31,32,0.9511811023622048,0.949685534591195,0.950432730133753,raja,S12/S25_20190124_060024_2,all_channel,mean,mean__all_channel__E22,32,44,"[2, 4, 5, 6, 7, 9, 10, 12, 13, 14, 15, 16, 17, 18, 19, 20, 21, 22, 24, 26, 27, 28, 29, 30, 31, 32, 33, 34, 35, 36, 37, 39, 40, 41, 42, 43]",36,False,4.92973080250779e-05,-1.526724217763538e-08,1.6437525089085177e-05,40.0
E9,627,627,596,31,40,0.9505582137161085,0.9371069182389937,0.9437846397466351,raja,S12/S25_20190124_060024_2,all_channel,mean,mean__all_channel__E9,32,44,"[2, 4, 5, 6, 7, 9, 10, 12, 13, 14, 15, 16, 17, 18, 19, 20, 21, 22, 24, 26, 27, 28, 29, 30, 31, 32, 33, 34, 35, 36, 37, 39, 40, 41, 42, 43]",36,False,3.529711034488516e-05,-6.818757114560914e-09,1.176797636733324e-05,40.0
E23,619,619,567,52,69,0.9159935379644588,0.8915094339622641,0.9035856573705179,raja,S12/S25_20190124_060024_2,all_channel,mean,mean__all_channel__E23,32,44,"[2, 4, 5, 6, 7, 9, 10, 12, 13, 14, 15, 16, 17, 18, 19, 20, 21, 22, 24, 26, 27, 28, 29, 30, 31, 32, 33, 34, 35, 36, 37, 39, 40, 41, 42, 43]",36,False,3.345184372914826e-05,-1.2920897213028896e-08,1.1154921542120432e-05,40.0
E11,578,578,543,35,93,0.9394463667820069,0.8537735849056604,0.8945634266886326,raja,S12/S25_20190124_060024_2,all_channel,mean,mean__all_channel__E11,32,44,"[2, 4, 5, 6, 7, 9, 10, 12, 13, 14, 15, 16, 17, 18, 19, 20, 21, 22, 24, 26, 27, 28, 29, 30, 31, 32, 33, 34, 35, 36, 37, 39, 40, 41, 42, 43]",36,False,2.104781330027398e-05,-1.1297121897685373e-08,7.019703474057223e-06,40.0
E26,629,629,554,75,82,0.8807631160572337,0.8710691823899371,0.8758893280632412,raja,S12/S25_20190124_060024_2,all_channel,mean,mean__all_channel__E26,32,44,"[2, 4, 5, 6, 7, 9, 10, 12, 13, 14, 15, 16, 17, 18, 19, 20, 21, 22, 24, 26, 27, 28, 29, 30, 31, 32, 33, 34, 35, 36, 37, 39, 40, 41, 42, 43]",36,False,2.6881549620484998e-05,-1.0678176022929615e-08,8.964075932169309e-06,40.0
E3,498,498,489,9,147,0.9819277108433735,0.7688679245283019,0.8624338624338624,raja,S12/S25_20190124_060024_2,all_channel,mean,mean__all_channel__E3,32,44,"[2, 4, 5, 6, 7, 9, 10, 12, 13, 14, 15, 16, 17, 18, 19, 20, 21, 22, 24, 26, 27, 28, 29, 30, 31, 32, 33, 34, 35, 36, 37, 39, 40, 41, 42, 43]",36,False,2.7757882420285427e-05,-1.888742829875626e-08,9.258923282861394e-06,40.0
E24,286,286,260,26,376,0.9090909090909091,0.4088050314465409,0.5639913232104121,raja,S12/S25_20190124_060024_2,all_channel,mean,mean__all_channel__E24,32,44,"[2, 4, 5, 6, 7, 9, 10, 12, 13, 14, 15, 16, 17, 18, 19, 20, 21, 22, 24, 26, 27, 28, 29, 30, 31, 32, 33, 34, 35, 36, 37, 39, 40, 41, 42, 43]",36,False,2.925520178466968e-05,4.7988071769646266e-09,9.750134325830905e-06,40.0
E124,70,70,52,18,584,0.7428571428571429,0.08176100628930817,0.14730878186968838,raja,S12/S25_20190124_060024_2,all_channel,mean,mean__all_channel__E124,32,44,"[2, 4, 5, 6, 7, 9, 10, 12, 13, 14, 15, 16, 17, 18, 19, 20, 21, 22, 24, 26, 27, 28, 29, 30, 31, 32, 33, 34, 35, 36, 37, 39, 40, 41, 42, 43]",36,False,3.11233548634127e-05,2.598958815047437e-08,1.036578842508741e-05,40.0
E28,104,104,53,51,583,0.5096153846153846,0.08333333333333333,0.14324324324324322,raja,S12/S25_20190124_060024_2,all_channel,mean,mean__all_channel__E28,32,44,"[2, 4, 5, 6, 7, 9, 10, 12, 13, 14, 15, 16, 17, 18, 19, 20, 21, 22, 24, 26, 27, 28, 29, 30, 31, 32, 33, 34, 35, 36, 37, 39, 40, 41, 42, 43]",36,False,2.423815525538943e-05,2.0522708721197836e-08,8.072544182222743e-06,40.0
E33,191,191,53,138,583,0.2774869109947644,0.08333333333333333,0.12817412333736397,raja,S12/S25_20190124_060024_2,all_channel,mean,mean__all_channel__E33,32,44,"[2, 4, 5, 6, 7, 9, 10, 12, 13, 14, 15, 16, 17, 18, 19, 20, 21, 22, 24, 26, 27, 28, 29, 30, 31, 32, 33, 34, 35, 36, 37, 39, 40, 41, 42, 43]",36,False,3.160398643280392e-05,2.2799433892169226e-08,1.0527062332970583e-05,40.0
E122,134,134,20,114,616,0.14925373134328357,0.031446540880503145,0.05194805194805195,raja,S12/S25_20190124_060024_2,all_channel,mean,mean__all_channel__E122,32,44,"[2, 4, 5, 6, 7, 9, 10, 12, 13, 14, 15, 16, 17, 18, 19, 20, 21, 22, 24, 26, 27, 28, 29, 30, 31, 32, 33, 34, 35, 36, 37, 39, 40, 41, 42, 43]",36,False,2.5582972240626176e-05,8.187639760668061e-09,8.524928200288503e-06,40.0
E77,141,141,20,121,616,0.14184397163120568,0.031446540880503145,0.05148005148005148,raja,S12/S25_20190124_060024_2,all_channel,mean,mean__all_channel__E77,32,44,"[2, 4, 5, 6, 7, 9, 10, 12, 13, 14, 15, 16, 17, 18, 19, 20, 21, 22, 24, 26, 27, 28, 29, 30, 31, 32, 33, 34, 35, 36, 37, 39, 40, 41, 42, 43]",36,False,1.8517551992116728e-05,9.856681511645164e-09,6.169231770201695e-06,40.0
E84,106,106,18,88,618,0.16981132075471697,0.02830188679245283,0.04851752021563343,raja,S12/S25_20190124_060024_2,all_channel,mean,mean__all_channel__E84,32,44,"[2, 4, 5, 6, 7, 9, 10, 12, 13, 14, 15, 16, 17, 18, 19, 20, 21, 22, 24, 26, 27, 28, 29, 30, 31, 32, 33, 34, 35, 36, 37, 39, 40, 41, 42, 43]",36,False,2.032011393656408e-05,5.084099603149769e-09,6.77167661232031e-06,40.0
E62,136,136,18,118,618,0.1323529411764706,0.02830188679245283,0.04663212435233161,raja,S12/S25_20190124_060024_2,all_channel,mean,mean__all_channel__E62,32,44,"[2, 4, 5, 6, 7, 9, 10, 12, 13, 14, 15, 16, 17, 18, 19, 20, 21, 22, 24, 26, 27, 28, 29, 30, 31, 32, 33, 34, 35, 36, 37, 39, 40, 41, 42, 43]",36,False,2.412366784426535e-05,1.131401630882192e-08,8.03745127598551e-06,40.0
E112,46,46,15,31,621,0.32608695652173914,0.02358490566037736,0.04398826979472141,raja,S12/S25_20190124_060024_2,all_channel,mean,mean__all_channel__E112,32,44,"[2, 4, 5, 6, 7, 9, 10, 12, 13, 14, 15, 16, 17, 18, 19, 20, 21, 22, 24, 26, 27, 28, 29, 30, 31, 32, 33, 34, 35, 36, 37, 39, 40, 41, 42, 43]",36,False,1.6799191466063595e-05,-2.009386421047642e-09,5.600400284161547e-06,40.0
E67,123,123,16,107,620,0.13008130081300814,0.025157232704402517,0.04216073781291173,raja,S12/S25_20190124_060024_2,all_channel,mean,mean__all_channel__E67,32,44,"[2, 4, 5, 6, 7, 9, 10, 12, 13, 14, 15, 16, 17, 18, 19, 20, 21, 22, 24, 26, 27, 28, 29, 30, 31, 32, 33, 34, 35, 36, 37, 39, 40, 41, 42, 43]",36,False,1.8180994143947674e-05,9.278372303129947e-09,6.057238590548182e-06,40.0
E40,74,74,13,61,623,0.17567567567567569,0.020440251572327043,0.036619718309859155,raja,S12/S25_20190124_060024_2,all_channel,mean,mean__all_channel__E40,32,44,"[2, 4, 5, 6, 7, 9, 10, 12, 13, 14, 15, 16, 17, 18, 19, 20, 21, 22, 24, 26, 27, 28, 29, 30, 31, 32, 33, 34, 35, 36, 37, 39, 40, 41, 42, 43]",36,False,1.858394059842679e-05,1.8333369722895003e-08,6.1885357429012985e-06,40.0
E13,41,41,12,29,624,0.2926829268292683,0.018867924528301886,0.03545051698670606,raja,S12/S25_20190124_060024_2,all_channel,mean,mean__all_channel__E13,32,44,"[2, 4, 5, 6, 7, 9, 10, 12, 13, 14, 15, 16, 17, 18, 19, 20, 21, 22, 24, 26, 27, 28, 29, 30, 31, 32, 33, 34, 35, 36, 37, 39, 40, 41, 42, 43]",36,False,1.9357867121497806e-05,-6.805985574332973e-09,6.454891035690713e-06,40.0
E91,103,103,12,91,624,0.11650485436893204,0.018867924528301886,0.03247631935047361,raja,S12/S25_20190124_060024_2,all_channel,mean,mean__all_channel__E91,32,44,"[2, 4, 5, 6, 7, 9, 10, 12, 13, 14, 15, 16, 17, 18, 19, 20, 21, 22, 24, 26, 27, 28, 29, 30, 31, 32, 33, 34, 35, 36, 37, 39, 40, 41, 42, 43]",36,False,2.968873726342187e-05,3.531812665282002e-08,9.884473045589683e-06,40.0
E109,65,65,10,55,626,0.15384615384615385,0.015723270440251572,0.028530670470756064,raja,S12/S25_20190124_060024_2,all_channel,mean,mean__all_channel__E109,32,44,"[2, 4, 5, 6, 7, 9, 10, 12, 13, 14, 15, 16, 17, 18, 19, 20, 21, 22, 24, 26, 27, 28, 29, 30, 31, 32, 33, 34, 35, 36, 37, 39, 40, 41, 42, 43]",36,False,2.0093003114702936e-05,1.1768505565792378e-08,6.693744869712382e-06,40.0
E75,78,78,9,69,627,0.11538461538461539,0.014150943396226415,0.025210084033613446,raja,S12/S25_20190124_060024_2,all_channel,mean,mean__all_channel__E75,32,44,"[2, 4, 5, 6, 7, 9, 10, 12, 13, 14, 15, 16, 17, 18, 19, 20, 21, 22, 24, 26, 27, 28, 29, 30, 31, 32, 33, 34, 35, 36, 37, 39, 40, 41, 42, 43]",36,False,1.6264344410970635e-05,1.2925537883495755e-09,5.421017285727429e-06,40.0
E37,31,31,8,23,628,0.25806451612903225,0.012578616352201259,0.023988005997001502,raja,S12/S25_20190124_060024_2,all_channel,mean,mean__all_channel__E37,32,44,"[2, 4, 5, 6, 7, 9, 10, 12, 13, 14, 15, 16, 17, 18, 19, 20, 21, 22, 24, 26, 27, 28, 29, 30, 31, 32, 33, 34, 35, 36, 37, 39, 40, 41, 42, 43]",36,False,1.855678844577601e-05,4.663818998042239e-09,6.184041542259323e-06,40.0
E117,47,47,8,39,628,0.1702127659574468,0.012578616352201259,0.02342606149341142,raja,S12/S25_20190124_060024_2,all_channel,mean,mean__all_channel__E117,32,44,"[2, 4, 5, 6, 7, 9, 10, 12, 13, 14, 15, 16, 17, 18, 19, 20, 21, 22, 24, 26, 27, 28, 29, 30, 31, 32, 33, 34, 35, 36, 37, 39, 40, 41, 42, 43]",36,False,0.00011831365134622311,1.459017856801911e-07,3.938924985351431e-05,40.0
E83,73,73,8,65,628,0.1095890410958904,0.012578616352201259,0.022566995768688296,raja,S12/S25_20190124_060024_2,all_channel,mean,mean__all_channel__E83,32,44,"[2, 4, 5, 6, 7, 9, 10, 12, 13, 14, 15, 16, 17, 18, 19, 20, 21, 22, 24, 26, 27, 28, 29, 30, 31, 32, 33, 34, 35, 36, 37, 39, 40, 41, 42, 43]",36,False,1.682802575849823e-05,1.8431495532807537e-08,5.6031980876551405e-06,40.0
E47,40,40,5,35,631,0.125,0.007861635220125786,0.014792899408284025,raja,S12/S25_20190124_060024_2,all_channel,mean,mean__all_channel__E47,32,44,"[2, 4, 5, 6, 7, 9, 10, 12, 13, 14, 15, 16, 17, 18, 19, 20, 21, 22, 24, 26, 27, 28, 29, 30, 31, 32, 33, 34, 35, 36, 37, 39, 40, 41, 42, 43]",36,False,1.6930627605332676e-05,8.464132623195708e-09,5.640721157569827e-06,40.0
E59,41,41,5,36,631,0.12195121951219512,0.007861635220125786,0.014771048744460858,raja,S12/S25_20190124_060024_2,all_channel,mean,mean__all_channel__E59,32,44,"[2, 4, 5, 6, 7, 9, 10, 12, 13, 14, 15, 16, 17, 18, 19, 20, 21, 22, 24, 26, 27, 28, 29, 30, 31, 32, 33, 34, 35, 36, 37, 39, 40, 41, 42, 43]",36,False,1.4216818690221379e-05,3.3968539283586526e-09,4.73780727876434e-06,40.0
E104,33,33,4,29,632,0.12121212121212122,0.006289308176100629,0.01195814648729447,raja,S12/S25_20190124_060024_2,all_channel,mean,mean__all_channel__E104,32,44,"[2, 4, 5, 6, 7, 9, 10, 12, 13, 14, 15, 16, 17, 18, 19, 20, 21, 22, 24, 26, 27, 28, 29, 30, 31, 32, 33, 34, 35, 36, 37, 39, 40, 41, 42, 43]",36,False,1.7078870499748275e-05,1.3513931103031553e-08,5.688452189548414e-06,40.0
E87,40,40,4,36,632,0.1,0.006289308176100629,0.01183431952662722,raja,S12/S25_20190124_060024_2,all_channel,mean,mean__all_channel__E87,32,44,"[2, 4, 5, 6, 7, 9, 10, 12, 13, 14, 15, 16, 17, 18, 19, 20, 21, 22, 24, 26, 27, 28, 29, 30, 31, 32, 33, 34, 35, 36, 37, 39, 40, 41, 42, 43]",36,False,1.7082457578380382e-05,1.518159089755078e-09,5.693646473096876e-06,40.0
E60,50,50,4,46,632,0.08,0.006289308176100629,0.011661807580174929,raja,S12/S25_20190124_060024_2,all_channel,mean,mean__all_channel__E60,32,44,"[2, 4, 5, 6, 7, 9, 10, 12, 13, 14, 15, 16, 17, 18, 19, 20, 21, 22, 24, 26, 27, 28, 29, 30, 31, 32, 33, 34, 35, 36, 37, 39, 40, 41, 42, 43]",36,False,1.4914185339184748e-05,1.1091143172331682e-09,4.971025408289171e-06,40.0
E98,35,35,3,32,633,0.08571428571428572,0.0047169811320754715,0.00894187779433681,raja,S12/S25_20190124_060024_2,all_channel,mean,mean__all_channel__E98,32,44,"[2, 4, 5, 6, 7, 9, 10, 12, 13, 14, 15, 16, 17, 18, 19, 20, 21, 22, 24, 26, 27, 28, 29, 30, 31, 32, 33, 34, 35, 36, 37, 39, 40, 41, 42, 43]",36,False,1.556684948764182e-05,5.546695496056966e-09,5.187100930715254e-06,40.0
E70,44,44,3,41,633,0.06818181818181818,0.0047169811320754715,0.008823529411764706,raja,S12/S25_20190124_060024_2,all_channel,mean,mean__all_channel__E70,32,44,"[2, 4, 5, 6, 7, 9, 10, 12, 13, 14, 15, 16, 17, 18, 19, 20, 21, 22, 24, 26, 27, 28, 29, 30, 31, 32, 33, 34, 35, 36, 37, 39, 40, 41, 42, 43]",36,False,1.6842328367559396e-05,3.779018634418319e-09,5.612849782974993e-06,40.0
E85,51,51,2,49,634,0.0392156862745098,0.0031446540880503146,0.005822416302765649,raja,S12/S25_20190124_060024_2,all_channel,mean,mean__all_channel__E85,32,44,"[2, 4, 5, 6, 7, 9, 10, 12, 13, 14, 15, 16, 17, 18, 19, 20, 21, 22, 24, 26, 27, 28, 29, 30, 31, 32, 33, 34, 35, 36, 37, 39, 40, 41, 42, 43]",36,False,1.701848242875047e-05,1.0250591942483868e-08,5.669410612269329e-06,40.0
E22,622,622,599,23,37,0.9630225080385852,0.9418238993710691,0.9523052464228934,raja,S12/S25_20190124_060024_2,frontal,median,median__frontal__E22,6,44,"[2, 12, 13, 31, 32]",5,False,5.748596105176027e-05,-4.850534470991002e-06,2.0778831840917088e-05,40.0
E9,600,600,581,19,55,0.9683333333333334,0.9135220125786163,0.9401294498381877,raja,S12/S25_20190124_060024_2,frontal,median,median__frontal__E9,6,44,"[2, 12, 13, 31, 32]",5,False,4.3593039361285384e-05,-2.7987556117852747e-06,1.546393165769022e-05,40.0
E23,571,571,543,28,93,0.9509632224168126,0.8537735849056604,0.899751449875725,raja,S12/S25_20190124_060024_2,frontal,median,median__frontal__E23,6,44,"[2, 12, 13, 31, 32]",5,False,3.825617899516188e-05,-2.4317991259913532e-06,1.3562659373717744e-05,40.0
E3,408,408,402,6,234,0.9852941176470589,0.6320754716981132,0.7701149425287356,raja,S12/S25_20190124_060024_2,frontal,median,median__frontal__E3,6,44,"[2, 12, 13, 31, 32]",5,False,3.3473170945754395e-05,-1.2823653077755879e-06,1.158517875117666e-05,40.0
E24,232,232,209,23,427,0.9008620689655172,0.32861635220125784,0.4815668202764977,raja,S12/S25_20190124_060024_2,frontal,median,median__frontal__E24,6,44,"[2, 12, 13, 31, 32]",5,False,3.145857397510327e-05,-7.42825065821311e-07,1.0733799680308192e-05,40.0
E124,44,44,34,10,602,0.7727272727272727,0.05345911949685535,0.1,raja,S12/S25_20190124_060024_2,frontal,median,median__frontal__E124,6,44,"[2, 12, 13, 31, 32]",5,False,3.523015434565675e-05,-1.4802299239116588e-07,1.1792725779349307e-05,40.0
E22,611,611,589,22,47,0.9639934533551555,0.9261006289308176,0.9446672012830793,raja,S12/S25_20190124_060024_2,frontal,mean,mean__frontal__E22,6,44,"[2, 12, 13, 31, 32]",5,False,6.232119341424964e-05,-1.5302108501632094e-08,2.0778831840917088e-05,40.0
E9,593,593,578,15,58,0.9747048903878583,0.9088050314465409,0.9406021155410904,raja,S12/S25_20190124_060024_2,frontal,mean,mean__frontal__E9,6,44,"[2, 12, 13, 31, 32]",5,False,4.64396716807883e-05,4.787670771764414e-08,1.546393165769022e-05,40.0
E23,540,540,520,20,116,0.9629629629629629,0.8176100628930818,0.8843537414965986,raja,S12/S25_20190124_060024_2,frontal,mean,mean__frontal__E23,6,44,"[2, 12, 13, 31, 32]",5,False,4.070417781502053e-05,1.6199693867297937e-08,1.3562659373717744e-05,40.0
E3,393,393,387,6,249,0.9847328244274809,0.6084905660377359,0.7521865889212829,raja,S12/S25_20190124_060024_2,frontal,mean,mean__frontal__E3,6,44,"[2, 12, 13, 31, 32]",5,False,3.472830807055716e-05,-2.7228182972823113e-08,1.158517875117666e-05,40.0
E24,223,223,203,20,433,0.9103139013452914,0.3191823899371069,0.47264260768335276,raja,S12/S25_20190124_060024_2,frontal,mean,mean__frontal__E24,6,44,"[2, 12, 13, 31, 32]",5,False,3.224957973969179e-05,4.8180698767214825e-08,1.0733799680308192e-05,40.0
E124,44,44,34,10,602,0.7727272727272727,0.05345911949685535,0.1,raja,S12/S25_20190124_060024_2,frontal,mean,mean__frontal__E124,6,44,"[2, 12, 13, 31, 32]",5,False,3.549211228999344e-05,1.1393495194551616e-07,1.1792725779349307e-05,40.0
E22,580,580,567,13,69,0.9775862068965517,0.8915094339622641,0.9325657894736842,raja,S12/S25_20190124_060024_2,frontal_left,median,median__frontal_left__E22,3,44,"[12, 13]",2,False,7.608894205002343e-05,-7.938680293867667e-06,2.8009207447963703e-05,40.0
E23,510,510,493,17,143,0.9666666666666667,0.7751572327044025,0.8603839441535777,raja,S12/S25_20190124_060024_2,frontal_left,median,median__frontal_left__E23,3,44,"[12, 13]",2,False,4.5234080749079116e-05,-3.2863062006514706e-06,1.6173462316576863e-05,40.0
E24,126,126,116,10,520,0.9206349206349206,0.18238993710691823,0.3044619422572178,raja,S12/S25_20190124_060024_2,frontal_left,median,median__frontal_left__E24,3,44,"[12, 13]",2,False,3.73131458156195e-05,-7.26570184805559e-07,1.267990533347502e-05,40.0
E22,564,564,547,17,89,0.9698581560283688,0.860062893081761,0.9116666666666665,raja,S12/S25_20190124_060024_2,frontal_left,mean,mean__frontal_left__E22,3,44,"[12, 13]",2,False,8.397011071188395e-05,-5.7511632007147126e-08,2.8009207447963703e-05,40.0
E23,483,483,466,17,170,0.9648033126293996,0.7327044025157232,0.8328865058087578,raja,S12/S25_20190124_060024_2,frontal_left,mean,mean__frontal_left__E23,3,44,"[12, 13]",2,False,4.855444836885336e-05,3.4061419122770624e-08,1.6173462316576863e-05,40.0
E24,109,109,99,10,537,0.908256880733945,0.15566037735849056,0.2657718120805369,raja,S12/S25_20190124_060024_2,frontal_left,mean,mean__frontal_left__E24,3,44,"[12, 13]",2,False,3.812910125870878e-05,8.93852582837224e-08,1.267990533347502e-05,40.0
E9,600,600,581,19,55,0.9683333333333334,0.9135220125786163,0.9401294498381877,raja,S12/S25_20190124_060024_2,frontal_right,median,median__frontal_right__E9,3,44,"[2, 12, 13, 31, 32]",5,False,4.3593039361285384e-05,-2.7987556117852747e-06,1.546393165769022e-05,40.0
E3,408,408,402,6,234,0.9852941176470589,0.6320754716981132,0.7701149425287356,raja,S12/S25_20190124_060024_2,frontal_right,median,median__frontal_right__E3,3,44,"[2, 12, 13, 31, 32]",5,False,3.3473170945754395e-05,-1.2823653077755879e-06,1.158517875117666e-05,40.0
E124,44,44,34,10,602,0.7727272727272727,0.05345911949685535,0.1,raja,S12/S25_20190124_060024_2,frontal_right,median,median__frontal_right__E124,3,44,"[2, 12, 13, 31, 32]",5,False,3.523015434565675e-05,-1.4802299239116588e-07,1.1792725779349307e-05,40.0
E9,593,593,578,15,58,0.9747048903878583,0.9088050314465409,0.9406021155410904,raja,S12/S25_20190124_060024_2,frontal_right,mean,mean__frontal_right__E9,3,44,"[2, 12, 13, 31, 32]",5,False,4.64396716807883e-05,4.787670771764414e-08,1.546393165769022e-05,40.0
E3,393,393,387,6,249,0.9847328244274809,0.6084905660377359,0.7521865889212829,raja,S12/S25_20190124_060024_2,frontal_right,mean,mean__frontal_right__E3,3,44,"[2, 12, 13, 31, 32]",5,False,3.472830807055716e-05,-2.7228182972823113e-08,1.158517875117666e-05,40.0
E124,44,44,34,10,602,0.7727272727272727,0.05345911949685535,0.1,raja,S12/S25_20190124_060024_2,frontal_right,mean,mean__frontal_right__E124,3,44,"[2, 12, 13, 31, 32]",5,False,3.549211228999344e-05,1.1393495194551616e-07,1.1792725779349307e-05,40.0
E22,634,634,601,33,35,0.9479495268138801,0.9449685534591195,0.9464566929133857,raja,S12/S25_20190124_060024_2,all_channel,median,median__all_channel__E22,32,35,"[2, 3, 4, 6, 7, 8, 9, 10, 11, 12, 13, 15, 16, 17, 18, 19, 20, 22, 23, 24, 25, 26, 27, 28, 29, 31, 32, 33, 34]",29,False,4.6141441674780656e-05,-3.544779087182748e-06,1.6562073587321134e-05,50.0
E9,631,631,593,38,43,0.9397781299524565,0.9323899371069182,0.9360694554064719,raja,S12/S25_20190124_060024_2,all_channel,median,median__all_channel__E9,32,35,"[2, 3, 4, 6, 7, 8, 9, 10, 11, 12, 13, 15, 16, 17, 18, 19, 20, 22, 23, 24, 25, 26, 27, 28, 29, 31, 32, 33, 34]",29,False,3.366392861741653e-05,-2.183222982906295e-06,1.1949050533440944e-05,50.0
E11,585,585,552,33,84,0.9435897435897436,0.8679245283018868,0.9041769041769042,raja,S12/S25_20190124_060024_2,all_channel,median,median__all_channel__E11,32,35,"[2, 3, 4, 6, 7, 8, 9, 10, 11, 12, 13, 15, 16, 17, 18, 19, 20, 22, 23, 24, 25, 26, 27, 28, 29, 31, 32, 33, 34]",29,False,2.0114387537767093e-05,-9.532158255992921e-07,7.0225344544554606e-06,50.0
E23,625,625,569,56,67,0.9104,0.8946540880503144,0.9024583663758922,raja,S12/S25_20190124_060024_2,all_channel,median,median__all_channel__E23,32,35,"[2, 3, 4, 6, 7, 8, 9, 10, 11, 12, 13, 15, 16, 17, 18, 19, 20, 22, 23, 24, 25, 26, 27, 28, 29, 31, 32, 33, 34]",29,False,3.174211158276757e-05,-1.9280920361638803e-06,1.1223401206310483e-05,50.0
E26,634,634,559,75,77,0.8817034700315457,0.8789308176100629,0.8803149606299212,raja,S12/S25_20190124_060024_2,all_channel,median,median__all_channel__E26,32,35,"[2, 3, 4, 6, 7, 8, 9, 10, 11, 12, 13, 15, 16, 17, 18, 19, 20, 22, 23, 24, 25, 26, 27, 28, 29, 31, 32, 33, 34]",29,False,2.522829941941596e-05,-1.479299493558615e-06,8.902532970991526e-06,50.0
E3,498,498,489,9,147,0.9819277108433735,0.7688679245283019,0.8624338624338624,raja,S12/S25_20190124_060024_2,all_channel,median,median__all_channel__E3,32,35,"[2, 3, 4, 6, 7, 8, 9, 10, 11, 12, 13, 15, 16, 17, 18, 19, 20, 22, 23, 24, 25, 26, 27, 28, 29, 31, 32, 33, 34]",29,False,2.7524248776565682e-05,-9.534649666587053e-07,9.492571247741462e-06,50.0
E24,289,289,263,26,373,0.9100346020761245,0.41352201257861637,0.5686486486486487,raja,S12/S25_20190124_060024_2,all_channel,median,median__all_channel__E24,32,35,"[2, 3, 4, 6, 7, 8, 9, 10, 11, 12, 13, 15, 16, 17, 18, 19, 20, 22, 23, 24, 25, 26, 27, 28, 29, 31, 32, 33, 34]",29,False,2.8633253885756472e-05,-6.449136735807766e-07,9.75938918644575e-06,50.0
E124,69,69,52,17,584,0.7536231884057971,0.08176100628930817,0.1475177304964539,raja,S12/S25_20190124_060024_2,all_channel,median,median__all_channel__E124,32,35,"[2, 3, 4, 6, 7, 8, 9, 10, 11, 12, 13, 15, 16, 17, 18, 19, 20, 22, 23, 24, 25, 26, 27, 28, 29, 31, 32, 33, 34]",29,False,3.1153417527223846e-05,-2.0440921142682748e-07,1.0452608912883558e-05,50.0
E28,108,108,51,57,585,0.4722222222222222,0.08018867924528301,0.13709677419354835,raja,S12/S25_20190124_060024_2,all_channel,median,median__all_channel__E28,32,35,"[2, 3, 4, 6, 7, 8, 9, 10, 11, 12, 13, 15, 16, 17, 18, 19, 20, 22, 23, 24, 25, 26, 27, 28, 29, 31, 32, 33, 34]",29,False,2.3998969425742216e-05,-2.0651839087495913e-07,8.068495938872392e-06,50.0
E33,186,186,54,132,582,0.2903225806451613,0.08490566037735849,0.13138686131386862,raja,S12/S25_20190124_060024_2,all_channel,median,median__all_channel__E33,32,35,"[2, 3, 4, 6, 7, 8, 9, 10, 11, 12, 13, 15, 16, 17, 18, 19, 20, 22, 23, 24, 25, 26, 27, 28, 29, 31, 32, 33, 34]",29,False,3.0885487337365646e-05,-1.0150589744157467e-07,1.032899774493574e-05,50.0
E122,131,131,20,111,616,0.15267175572519084,0.031446540880503145,0.05215123859191656,raja,S12/S25_20190124_060024_2,all_channel,median,median__all_channel__E122,32,35,"[2, 3, 4, 6, 7, 8, 9, 10, 11, 12, 13, 15, 16, 17, 18, 19, 20, 22, 23, 24, 25, 26, 27, 28, 29, 31, 32, 33, 34]",29,False,2.5511600103566198e-05,1.5096594842530096e-08,8.49883450290789e-06,50.0
E84,103,103,18,85,618,0.17475728155339806,0.02830188679245283,0.04871447902571042,raja,S12/S25_20190124_060024_2,all_channel,median,median__all_channel__E84,32,35,"[2, 3, 4, 6, 7, 8, 9, 10, 11, 12, 13, 15, 16, 17, 18, 19, 20, 22, 23, 24, 25, 26, 27, 28, 29, 31, 32, 33, 34]",29,False,2.063940430004851e-05,3.948823251625606e-07,6.74817399162865e-06,50.0
E77,136,136,18,118,618,0.1323529411764706,0.02830188679245283,0.04663212435233161,raja,S12/S25_20190124_060024_2,all_channel,median,median__all_channel__E77,32,35,"[2, 3, 4, 6, 7, 8, 9, 10, 11, 12, 13, 15, 16, 17, 18, 19, 20, 22, 23, 24, 25, 26, 27, 28, 29, 31, 32, 33, 34]",29,False,1.900312620761939e-05,3.3872983464488583e-07,6.2214654576581675e-06,50.0
E67,118,118,17,101,619,0.1440677966101695,0.026729559748427674,0.045092838196286476,raja,S12/S25_20190124_060024_2,all_channel,median,median__all_channel__E67,32,35,"[2, 3, 4, 6, 7, 8, 9, 10, 11, 12, 13, 15, 16, 17, 18, 19, 20, 22, 23, 24, 25, 26, 27, 28, 29, 31, 32, 33, 34]",29,False,1.8677165803929086e-05,3.3036580621352503e-07,6.11559999923852e-06,50.0
E112,43,43,14,29,622,0.32558139534883723,0.0220125786163522,0.041237113402061855,raja,S12/S25_20190124_060024_2,all_channel,median,median__all_channel__E112,32,35,"[2, 3, 4, 6, 7, 8, 9, 10, 11, 12, 13, 15, 16, 17, 18, 19, 20, 22, 23, 24, 25, 26, 27, 28, 29, 31, 32, 33, 34]",29,False,1.6815434793695294e-05,1.3336248444350987e-08,5.6006995150836475e-06,50.0
E62,131,131,15,116,621,0.11450381679389313,0.02358490566037736,0.03911342894393742,raja,S12/S25_20190124_060024_2,all_channel,median,median__all_channel__E62,32,35,"[2, 3, 4, 6, 7, 8, 9, 10, 11, 12, 13, 15, 16, 17, 18, 19, 20, 22, 23, 24, 25, 26, 27, 28, 29, 31, 32, 33, 34]",29,False,2.4462892746100173e-05,2.6533270828307797e-07,8.065853345939032e-06,50.0
E13,40,40,13,27,623,0.325,0.020440251572327043,0.038461538461538464,raja,S12/S25_20190124_060024_2,all_channel,median,median__all_channel__E13,32,35,"[2, 3, 4, 6, 7, 8, 9, 10, 11, 12, 13, 15, 16, 17, 18, 19, 20, 22, 23, 24, 25, 26, 27, 28, 29, 31, 32, 33, 34]",29,False,1.9433651681439452e-05,2.3409118645277388e-08,6.470080854264724e-06,50.0
E40,76,76,13,63,623,0.17105263157894737,0.020440251572327043,0.03651685393258427,raja,S12/S25_20190124_060024_2,all_channel,median,median__all_channel__E40,32,35,"[2, 3, 4, 6, 7, 8, 9, 10, 11, 12, 13, 15, 16, 17, 18, 19, 20, 22, 23, 24, 25, 26, 27, 28, 29, 31, 32, 33, 34]",29,False,1.84261055028369e-05,1.584134603633898e-07,6.089230680824503e-06,50.0
E91,108,108,13,95,623,0.12037037037037036,0.020440251572327043,0.03494623655913978,raja,S12/S25_20190124_060024_2,all_channel,median,median__all_channel__E91,32,35,"[2, 3, 4, 6, 7, 8, 9, 10, 11, 12, 13, 15, 16, 17, 18, 19, 20, 22, 23, 24, 25, 26, 27, 28, 29, 31, 32, 33, 34]",29,False,2.9059731522442245e-05,2.869720262412472e-07,9.590919832067e-06,50.0
E109,58,58,12,46,624,0.20689655172413793,0.018867924528301886,0.034582132564841495,raja,S12/S25_20190124_060024_2,all_channel,median,median__all_channel__E109,32,35,"[2, 3, 4, 6, 7, 8, 9, 10, 11, 12, 13, 15, 16, 17, 18, 19, 20, 22, 23, 24, 25, 26, 27, 28, 29, 31, 32, 33, 34]",29,False,2.0259820937628932e-05,4.2158699866944716e-07,6.612744646319828e-06,50.0
E75,69,69,10,59,626,0.14492753623188406,0.015723270440251572,0.028368794326241138,raja,S12/S25_20190124_060024_2,all_channel,median,median__all_channel__E75,32,35,"[2, 3, 4, 6, 7, 8, 9, 10, 11, 12, 13, 15, 16, 17, 18, 19, 20, 22, 23, 24, 25, 26, 27, 28, 29, 31, 32, 33, 34]",29,False,1.6761778903704597e-05,4.408471511666473e-07,5.4403105841793165e-06,50.0
E117,44,44,9,35,627,0.20454545454545456,0.014150943396226415,0.026470588235294117,raja,S12/S25_20190124_060024_2,all_channel,median,median__all_channel__E117,32,35,"[2, 3, 4, 6, 7, 8, 9, 10, 11, 12, 13, 15, 16, 17, 18, 19, 20, 22, 23, 24, 25, 26, 27, 28, 29, 31, 32, 33, 34]",29,False,0.0001161744117440911,-1.6564020926163133e-07,3.878001731778424e-05,50.0
E83,66,66,8,58,628,0.12121212121212122,0.012578616352201259,0.022792022792022793,raja,S12/S25_20190124_060024_2,all_channel,median,median__all_channel__E83,32,35,"[2, 3, 4, 6, 7, 8, 9, 10, 11, 12, 13, 15, 16, 17, 18, 19, 20, 22, 23, 24, 25, 26, 27, 28, 29, 31, 32, 33, 34]",29,False,1.7264032121203632e-05,4.6830424557969757e-07,5.598575958541312e-06,50.0
E37,31,31,7,24,629,0.22580645161290322,0.0110062893081761,0.02098950524737631,raja,S12/S25_20190124_060024_2,all_channel,median,median__all_channel__E37,32,35,"[2, 3, 4, 6, 7, 8, 9, 10, 11, 12, 13, 15, 16, 17, 18, 19, 20, 22, 23, 24, 25, 26, 27, 28, 29, 31, 32, 33, 34]",29,False,1.8623397479585346e-05,8.173551206549064e-08,6.180553989173286e-06,50.0
E59,34,34,5,29,631,0.14705882352941177,0.007861635220125786,0.014925373134328358,raja,S12/S25_20190124_060024_2,all_channel,median,median__all_channel__E59,32,35,"[2, 3, 4, 6, 7, 8, 9, 10, 11, 12, 13, 15, 16, 17, 18, 19, 20, 22, 23, 24, 25, 26, 27, 28, 29, 31, 32, 33, 34]",29,False,1.4556017268039687e-05,3.8276013038241305e-07,4.724419045885758e-06,50.0
E60,47,47,5,42,631,0.10638297872340426,0.007861635220125786,0.014641288433382138,raja,S12/S25_20190124_060024_2,all_channel,median,median__all_channel__E60,32,35,"[2, 3, 4, 6, 7, 8, 9, 10, 11, 12, 13, 15, 16, 17, 18, 19, 20, 22, 23, 24, 25, 26, 27, 28, 29, 31, 32, 33, 34]",29,False,1.52588965078421e-05,3.490565759535237e-07,4.969946643962859e-06,50.0
E104,33,33,4,29,632,0.12121212121212122,0.006289308176100629,0.01195814648729447,raja,S12/S25_20190124_060024_2,all_channel,median,median__all_channel__E104,32,35,"[2, 3, 4, 6, 7, 8, 9, 10, 11, 12, 13, 15, 16, 17, 18, 19, 20, 22, 23, 24, 25, 26, 27, 28, 29, 31, 32, 33, 34]",29,False,1.710033174055536e-05,1.0682914343627292e-07,5.664500865706363e-06,50.0
E47,34,34,4,30,632,0.11764705882352941,0.006289308176100629,0.011940298507462687,raja,S12/S25_20190124_060024_2,all_channel,median,median__all_channel__E47,32,35,"[2, 3, 4, 6, 7, 8, 9, 10, 11, 12, 13, 15, 16, 17, 18, 19, 20, 22, 23, 24, 25, 26, 27, 28, 29, 31, 32, 33, 34]",29,False,1.7185369023715267e-05,1.8686851008817856e-07,5.666166837875696e-06,50.0
E87,39,39,4,35,632,0.10256410256410256,0.006289308176100629,0.011851851851851853,raja,S12/S25_20190124_060024_2,all_channel,median,median__all_channel__E87,32,35,"[2, 3, 4, 6, 7, 8, 9, 10, 11, 12, 13, 15, 16, 17, 18, 19, 20, 22, 23, 24, 25, 26, 27, 28, 29, 31, 32, 33, 34]",29,False,1.7078023502736285e-05,1.1019624718743083e-07,5.655942418516285e-06,50.0
E70,38,38,3,35,633,0.07894736842105263,0.0047169811320754715,0.008902077151335312,raja,S12/S25_20190124_060024_2,all_channel,median,median__all_channel__E70,32,35,"[2, 3, 4, 6, 7, 8, 9, 10, 11, 12, 13, 15, 16, 17, 18, 19, 20, 22, 23, 24, 25, 26, 27, 28, 29, 31, 32, 33, 34]",29,False,1.7233413709522534e-05,4.1014513900740677e-07,5.607756190171708e-06,50.0
E98,29,29,2,27,634,0.06896551724137931,0.0031446540880503146,0.006015037593984963,raja,S12/S25_20190124_060024_2,all_channel,median,median__all_channel__E98,32,35,"[2, 3, 4, 6, 7, 8, 9, 10, 11, 12, 13, 15, 16, 17, 18, 19, 20, 22, 23, 24, 25, 26, 27, 28, 29, 31, 32, 33, 34]",29,False,1.578340478732913e-05,3.3204601696510745e-07,5.150452923454675e-06,50.0
E85,48,48,2,46,634,0.041666666666666664,0.0031446540880503146,0.0058479532163742695,raja,S12/S25_20190124_060024_2,all_channel,median,median__all_channel__E85,32,35,"[2, 3, 4, 6, 7, 8, 9, 10, 11, 12, 13, 15, 16, 17, 18, 19, 20, 22, 23, 24, 25, 26, 27, 28, 29, 31, 32, 33, 34]",29,False,1.7221814005684506e-05,3.621770637209157e-07,5.619878980654531e-06,50.0
E22,629,629,599,30,37,0.9523052464228935,0.9418238993710691,0.9470355731225296,raja,S12/S25_20190124_060024_2,all_channel,mean,mean__all_channel__E22,32,35,"[2, 3, 4, 6, 7, 8, 9, 10, 11, 12, 13, 15, 16, 17, 18, 19, 20, 22, 23, 24, 25, 26, 27, 28, 29, 31, 32, 33, 34]",29,False,4.96850741748744e-05,-1.1465870889971578e-09,1.6562073587321134e-05,50.0
E9,624,624,593,31,43,0.9503205128205128,0.9323899371069182,0.9412698412698411,raja,S12/S25_20190124_060024_2,all_channel,mean,mean__all_channel__E9,32,35,"[2, 3, 4, 6, 7, 8, 9, 10, 11, 12, 13, 15, 16, 17, 18, 19, 20, 22, 23, 24, 25, 26, 27, 28, 29, 31, 32, 33, 34]",29,False,3.586122805224486e-05,1.4076451922031372e-08,1.1949050533440944e-05,50.0
E23,608,608,561,47,75,0.9226973684210527,0.8820754716981132,0.9019292604501608,raja,S12/S25_20190124_060024_2,all_channel,mean,mean__all_channel__E23,32,35,"[2, 3, 4, 6, 7, 8, 9, 10, 11, 12, 13, 15, 16, 17, 18, 19, 20, 22, 23, 24, 25, 26, 27, 28, 29, 31, 32, 33, 34]",29,False,3.365630930173139e-05,-1.3894317200062901e-08,1.1223401206310483e-05,50.0
E11,571,571,537,34,99,0.9404553415061296,0.8443396226415094,0.8898094449047225,raja,S12/S25_20190124_060024_2,all_channel,mean,mean__all_channel__E11,32,35,"[2, 3, 4, 6, 7, 8, 9, 10, 11, 12, 13, 15, 16, 17, 18, 19, 20, 22, 23, 24, 25, 26, 27, 28, 29, 31, 32, 33, 34]",29,False,2.1063320797032152e-05,-4.2825663342316645e-09,7.0225344544554606e-06,50.0
E26,624,624,550,74,86,0.8814102564102564,0.8647798742138365,0.873015873015873,raja,S12/S25_20190124_060024_2,all_channel,mean,mean__all_channel__E26,32,35,"[2, 3, 4, 6, 7, 8, 9, 10, 11, 12, 13, 15, 16, 17, 18, 19, 20, 22, 23, 24, 25, 26, 27, 28, 29, 31, 32, 33, 34]",29,False,2.6703306826220232e-05,-4.292086754345616e-09,8.902532970991526e-06,50.0
E3,479,479,471,8,165,0.9832985386221295,0.7405660377358491,0.8448430493273543,raja,S12/S25_20190124_060024_2,all_channel,mean,mean__all_channel__E3,32,35,"[2, 3, 4, 6, 7, 8, 9, 10, 11, 12, 13, 15, 16, 17, 18, 19, 20, 22, 23, 24, 25, 26, 27, 28, 29, 31, 32, 33, 34]",29,False,2.8463316454577266e-05,-1.4397288647118764e-08,9.492571247741462e-06,50.0
E24,281,281,256,25,380,0.9110320284697508,0.4025157232704403,0.5583424209378408,raja,S12/S25_20190124_060024_2,all_channel,mean,mean__all_channel__E24,32,35,"[2, 3, 4, 6, 7, 8, 9, 10, 11, 12, 13, 15, 16, 17, 18, 19, 20, 22, 23, 24, 25, 26, 27, 28, 29, 31, 32, 33, 34]",29,False,2.928168481632824e-05,3.517256990994605e-09,9.75938918644575e-06,50.0
E28,105,105,51,54,585,0.4857142857142857,0.08018867924528301,0.13765182186234817,raja,S12/S25_20190124_060024_2,all_channel,mean,mean__all_channel__E28,32,35,"[2, 3, 4, 6, 7, 8, 9, 10, 11, 12, 13, 15, 16, 17, 18, 19, 20, 22, 23, 24, 25, 26, 27, 28, 29, 31, 32, 33, 34]",29,False,2.4199880982895996e-05,-5.606833721180841e-09,8.068495938872392e-06,50.0
E124,64,64,47,17,589,0.734375,0.07389937106918239,0.13428571428571429,raja,S12/S25_20190124_060024_2,all_channel,mean,mean__all_channel__E124,32,35,"[2, 3, 4, 6, 7, 8, 9, 10, 11, 12, 13, 15, 16, 17, 18, 19, 20, 22, 23, 24, 25, 26, 27, 28, 29, 31, 32, 33, 34]",29,False,3.137716801915662e-05,1.934128050594643e-08,1.0452608912883558e-05,50.0
E33,187,187,54,133,582,0.2887700534759358,0.08490566037735849,0.13122721749696234,raja,S12/S25_20190124_060024_2,all_channel,mean,mean__all_channel__E33,32,35,"[2, 3, 4, 6, 7, 8, 9, 10, 11, 12, 13, 15, 16, 17, 18, 19, 20, 22, 23, 24, 25, 26, 27, 28, 29, 31, 32, 33, 34]",29,False,3.1007784215703514e-05,2.0790980896295577e-08,1.032899774493574e-05,50.0
E122,131,131,20,111,616,0.15267175572519084,0.031446540880503145,0.05215123859191656,raja,S12/S25_20190124_060024_2,all_channel,mean,mean__all_channel__E122,32,35,"[2, 3, 4, 6, 7, 8, 9, 10, 11, 12, 13, 15, 16, 17, 18, 19, 20, 22, 23, 24, 25, 26, 27, 28, 29, 31, 32, 33, 34]",29,False,2.5497800372798985e-05,1.296864075315361e-09,8.49883450290789e-06,50.0
E77,139,139,19,120,617,0.1366906474820144,0.029874213836477988,0.04903225806451613,raja,S12/S25_20190124_060024_2,all_channel,mean,mean__all_channel__E77,32,35,"[2, 3, 4, 6, 7, 8, 9, 10, 11, 12, 13, 15, 16, 17, 18, 19, 20, 22, 23, 24, 25, 26, 27, 28, 29, 31, 32, 33, 34]",29,False,1.8642208774698635e-05,-2.218759827586811e-08,6.2214654576581675e-06,50.0
E84,105,105,18,87,618,0.17142857142857143,0.02830188679245283,0.048582995951417005,raja,S12/S25_20190124_060024_2,all_channel,mean,mean__all_channel__E84,32,35,"[2, 3, 4, 6, 7, 8, 9, 10, 11, 12, 13, 15, 16, 17, 18, 19, 20, 22, 23, 24, 25, 26, 27, 28, 29, 31, 32, 33, 34]",29,False,2.0241291419674336e-05,-3.2305552116145395e-09,6.74817399162865e-06,50.0
E67,124,124,17,107,619,0.13709677419354838,0.026729559748427674,0.04473684210526316,raja,S12/S25_20190124_060024_2,all_channel,mean,mean__all_channel__E67,32,35,"[2, 3, 4, 6, 7, 8, 9, 10, 11, 12, 13, 15, 16, 17, 18, 19, 20, 22, 23, 24, 25, 26, 27, 28, 29, 31, 32, 33, 34]",29,False,1.8348197188168044e-05,1.3971904524840153e-09,6.11559999923852e-06,50.0
E62,133,133,16,117,620,0.12030075187969924,0.025157232704402517,0.041612483745123545,raja,S12/S25_20190124_060024_2,all_channel,mean,mean__all_channel__E62,32,35,"[2, 3, 4, 6, 7, 8, 9, 10, 11, 12, 13, 15, 16, 17, 18, 19, 20, 22, 23, 24, 25, 26, 27, 28, 29, 31, 32, 33, 34]",29,False,2.4205689153546556e-05,8.129115729460272e-09,8.065853345939032e-06,50.0
E112,43,43,14,29,622,0.32558139534883723,0.0220125786163522,0.041237113402061855,raja,S12/S25_20190124_060024_2,all_channel,mean,mean__all_channel__E112,32,35,"[2, 3, 4, 6, 7, 8, 9, 10, 11, 12, 13, 15, 16, 17, 18, 19, 20, 22, 23, 24, 25, 26, 27, 28, 29, 31, 32, 33, 34]",29,False,1.680135570157066e-05,-7.428436802814134e-10,5.6006995150836475e-06,50.0
E13,40,40,13,27,623,0.325,0.020440251572327043,0.038461538461538464,raja,S12/S25_20190124_060024_2,all_channel,mean,mean__all_channel__E13,32,35,"[2, 3, 4, 6, 7, 8, 9, 10, 11, 12, 13, 15, 16, 17, 18, 19, 20, 22, 23, 24, 25, 26, 27, 28, 29, 31, 32, 33, 34]",29,False,1.940835694054009e-05,-1.8856222540813574e-09,6.470080854264724e-06,50.0
E40,75,75,13,62,623,0.17333333333333334,0.020440251572327043,0.03656821378340366,raja,S12/S25_20190124_060024_2,all_channel,mean,mean__all_channel__E40,32,35,"[2, 3, 4, 6, 7, 8, 9, 10, 11, 12, 13, 15, 16, 17, 18, 19, 20, 22, 23, 24, 25, 26, 27, 28, 29, 31, 32, 33, 34]",29,False,1.8269823866517963e-05,2.1318240444505456e-09,6.089230680824503e-06,50.0
E91,109,109,13,96,623,0.11926605504587157,0.020440251572327043,0.034899328859060406,raja,S12/S25_20190124_060024_2,all_channel,mean,mean__all_channel__E91,32,35,"[2, 3, 4, 6, 7, 8, 9, 10, 11, 12, 13, 15, 16, 17, 18, 19, 20, 22, 23, 24, 25, 26, 27, 28, 29, 31, 32, 33, 34]",29,False,2.8787995836107326e-05,1.52363399063258e-08,9.590919832067e-06,50.0
E109,64,64,12,52,624,0.1875,0.018867924528301886,0.03428571428571429,raja,S12/S25_20190124_060024_2,all_channel,mean,mean__all_channel__E109,32,35,"[2, 3, 4, 6, 7, 8, 9, 10, 11, 12, 13, 15, 16, 17, 18, 19, 20, 22, 23, 24, 25, 26, 27, 28, 29, 31, 32, 33, 34]",29,False,1.9860482921797257e-05,2.2248982837772638e-08,6.612744646319828e-06,50.0
E75,75,75,10,65,626,0.13333333333333333,0.015723270440251572,0.028129395218002815,raja,S12/S25_20190124_060024_2,all_channel,mean,mean__all_channel__E75,32,35,"[2, 3, 4, 6, 7, 8, 9, 10, 11, 12, 13, 15, 16, 17, 18, 19, 20, 22, 23, 24, 25, 26, 27, 28, 29, 31, 32, 33, 34]",29,False,1.630863805507321e-05,-1.2293697464741504e-08,5.4403105841793165e-06,50.0
E117,43,43,9,34,627,0.20930232558139536,0.014150943396226415,0.026509572901325478,raja,S12/S25_20190124_060024_2,all_channel,mean,mean__all_channel__E117,32,35,"[2, 3, 4, 6, 7, 8, 9, 10, 11, 12, 13, 15, 16, 17, 18, 19, 20, 22, 23, 24, 25, 26, 27, 28, 29, 31, 32, 33, 34]",29,False,0.00011639578415228977,5.57321989370473e-08,3.878001731778424e-05,50.0
E83,72,72,8,64,628,0.1111111111111111,0.012578616352201259,0.022598870056497175,raja,S12/S25_20190124_060024_2,all_channel,mean,mean__all_channel__E83,32,35,"[2, 3, 4, 6, 7, 8, 9, 10, 11, 12, 13, 15, 16, 17, 18, 19, 20, 22, 23, 24, 25, 26, 27, 28, 29, 31, 32, 33, 34]",29,False,1.6787113778628958e-05,-8.614096994977147e-09,5.598575958541312e-06,50.0
E37,32,32,7,25,629,0.21875,0.0110062893081761,0.020958083832335328,raja,S12/S25_20190124_060024_2,all_channel,mean,mean__all_channel__E37,32,35,"[2, 3, 4, 6, 7, 8, 9, 10, 11, 12, 13, 15, 16, 17, 18, 19, 20, 22, 23, 24, 25, 26, 27, 28, 29, 31, 32, 33, 34]",29,False,1.852809402148199e-05,-1.3567946037865852e-08,6.180553989173286e-06,50.0
E59,40,40,6,34,630,0.15,0.009433962264150943,0.01775147928994083,raja,S12/S25_20190124_060024_2,all_channel,mean,mean__all_channel__E59,32,35,"[2, 3, 4, 6, 7, 8, 9, 10, 11, 12, 13, 15, 16, 17, 18, 19, 20, 22, 23, 24, 25, 26, 27, 28, 29, 31, 32, 33, 34]",29,False,1.4161035287032579e-05,-1.2221850624695522e-08,4.724419045885758e-06,50.0
E60,52,52,5,47,631,0.09615384615384616,0.007861635220125786,0.014534883720930234,raja,S12/S25_20190124_060024_2,all_channel,mean,mean__all_channel__E60,32,35,"[2, 3, 4, 6, 7, 8, 9, 10, 11, 12, 13, 15, 16, 17, 18, 19, 20, 22, 23, 24, 25, 26, 27, 28, 29, 31, 32, 33, 34]",29,False,1.489480675265384e-05,-1.5033179234737073e-08,4.969946643962859e-06,50.0
E104,34,34,4,30,632,0.11764705882352941,0.006289308176100629,0.011940298507462687,raja,S12/S25_20190124_060024_2,all_channel,mean,mean__all_channel__E104,32,35,"[2, 3, 4, 6, 7, 8, 9, 10, 11, 12, 13, 15, 16, 17, 18, 19, 20, 22, 23, 24, 25, 26, 27, 28, 29, 31, 32, 33, 34]",29,False,1.699488220810589e-05,1.3796109868055668e-09,5.664500865706363e-06,50.0
E47,36,36,4,32,632,0.1111111111111111,0.006289308176100629,0.011904761904761904,raja,S12/S25_20190124_060024_2,all_channel,mean,mean__all_channel__E47,32,35,"[2, 3, 4, 6, 7, 8, 9, 10, 11, 12, 13, 15, 16, 17, 18, 19, 20, 22, 23, 24, 25, 26, 27, 28, 29, 31, 32, 33, 34]",29,False,1.699927673842179e-05,7.762247947040326e-10,5.666166837875696e-06,50.0
E87,40,40,4,36,632,0.1,0.006289308176100629,0.01183431952662722,raja,S12/S25_20190124_060024_2,all_channel,mean,mean__all_channel__E87,32,35,"[2, 3, 4, 6, 7, 8, 9, 10, 11, 12, 13, 15, 16, 17, 18, 19, 20, 22, 23, 24, 25, 26, 27, 28, 29, 31, 32, 33, 34]",29,False,1.696049758466772e-05,-7.329670881133939e-09,5.655942418516285e-06,50.0
E98,33,33,3,30,633,0.09090909090909091,0.0047169811320754715,0.008968609865470852,raja,S12/S25_20190124_060024_2,all_channel,mean,mean__all_channel__E98,32,35,"[2, 3, 4, 6, 7, 8, 9, 10, 11, 12, 13, 15, 16, 17, 18, 19, 20, 22, 23, 24, 25, 26, 27, 28, 29, 31, 32, 33, 34]",29,False,1.545400712653923e-05,2.6483561752036003e-09,5.150452923454675e-06,50.0
E70,43,43,3,40,633,0.06976744186046512,0.0047169811320754715,0.008836524300441826,raja,S12/S25_20190124_060024_2,all_channel,mean,mean__all_channel__E70,32,35,"[2, 3, 4, 6, 7, 8, 9, 10, 11, 12, 13, 15, 16, 17, 18, 19, 20, 22, 23, 24, 25, 26, 27, 28, 29, 31, 32, 33, 34]",29,False,1.6816620322195194e-05,-6.648248319930435e-09,5.607756190171708e-06,50.0
E85,49,49,2,47,634,0.04081632653061224,0.0031446540880503146,0.00583941605839416,raja,S12/S25_20190124_060024_2,all_channel,mean,mean__all_channel__E85,32,35,"[2, 3, 4, 6, 7, 8, 9, 10, 11, 12, 13, 15, 16, 17, 18, 19, 20, 22, 23, 24, 25, 26, 27, 28, 29, 31, 32, 33, 34]",29,False,1.6854041937291816e-05,-5.5950046717737144e-09,5.619878980654531e-06,50.0
E22,594,594,575,19,61,0.968013468013468,0.9040880503144654,0.934959349593496,raja,S12/S25_20190124_060024_2,frontal,median,median__frontal__E22,6,35,"[2, 9, 10]",3,False,6.809716896659585e-05,-5.035658723729551e-06,2.4377609230108467e-05,50.0
E9,563,563,551,12,85,0.9786856127886323,0.8663522012578616,0.9190992493744787,raja,S12/S25_20190124_060024_2,frontal,median,median__frontal__E9,6,35,"[2, 9, 10]",3,False,5.5118110951221385e-05,-2.460439432850549e-06,1.919285012802398e-05,50.0
E23,520,520,499,21,137,0.9596153846153846,0.7845911949685535,0.8633217993079585,raja,S12/S25_20190124_060024_2,frontal,median,median__frontal__E23,6,35,"[2, 9, 10]",3,False,4.388014757404731e-05,-2.2499449588660125e-06,1.5376697510971107e-05,50.0
E3,203,203,198,5,438,0.9753694581280788,0.3113207547169811,0.4719904648390942,raja,S12/S25_20190124_060024_2,frontal,median,median__frontal__E3,6,35,"[2, 9, 10]",3,False,4.474598513829905e-05,-1.1299433097301359e-06,1.5291976149343062e-05,50.0
E24,135,135,126,9,510,0.9333333333333333,0.19811320754716982,0.32684824902723736,raja,S12/S25_20190124_060024_2,frontal,median,median__frontal__E24,6,35,"[2, 9, 10]",3,False,3.634107810508186e-05,-5.893602829984714e-07,1.2310146129360112e-05,50.0
E124,33,33,21,12,615,0.6363636363636364,0.0330188679245283,0.06278026905829595,raja,S12/S25_20190124_060024_2,frontal,median,median__frontal__E124,6,35,"[2, 9, 10]",3,False,4.003405300458074e-05,-1.260722559244475e-07,1.3386708420168397e-05,50.0
E22,584,584,567,17,69,0.9708904109589042,0.8915094339622641,0.9295081967213115,raja,S12/S25_20190124_060024_2,frontal,mean,mean__frontal__E22,6,35,"[2, 9, 10]",3,False,7.306229666322965e-05,-7.053102709575679e-08,2.4377609230108467e-05,50.0
E9,551,551,541,10,95,0.9818511796733213,0.85062893081761,0.9115417017691658,raja,S12/S25_20190124_060024_2,frontal,mean,mean__frontal__E9,6,35,"[2, 9, 10]",3,False,5.757517559440318e-05,-3.374789668752388e-09,1.919285012802398e-05,50.0
E23,507,507,488,19,148,0.9625246548323472,0.7672955974842768,0.8538932633420823,raja,S12/S25_20190124_060024_2,frontal,mean,mean__frontal__E23,6,35,"[2, 9, 10]",3,False,4.6044619015357597e-05,-8.547351755571967e-08,1.5376697510971107e-05,50.0
E3,190,190,185,5,451,0.9736842105263158,0.2908805031446541,0.4479418886198547,raja,S12/S25_20190124_060024_2,frontal,mean,mean__frontal__E3,6,35,"[2, 9, 10]",3,False,4.5870827464741325e-05,-5.1009832878595455e-09,1.5291976149343062e-05,50.0
E24,130,130,120,10,516,0.9230769230769231,0.18867924528301888,0.31331592689295046,raja,S12/S25_20190124_060024_2,frontal,mean,mean__frontal__E24,6,35,"[2, 9, 10]",3,False,3.684032011737452e-05,-9.011827070580778e-08,1.2310146129360112e-05,50.0
E124,32,32,20,12,616,0.625,0.031446540880503145,0.059880239520958084,raja,S12/S25_20190124_060024_2,frontal,mean,mean__frontal__E124,6,35,"[2, 9, 10]",3,False,4.01607053405895e-05,5.800800843069192e-10,1.3386708420168397e-05,50.0
E22,548,548,530,18,106,0.9671532846715328,0.8333333333333334,0.8952702702702703,raja,S12/S25_20190124_060024_2,frontal_left,median,median__frontal_left__E22,3,35,[10],1,False,8.779584408322684e-05,-1.034691683827286e-05,3.27142536404999e-05,50.0
E23,483,483,466,17,170,0.9648033126293996,0.7327044025157232,0.8328865058087578,raja,S12/S25_20190124_060024_2,frontal_left,median,median__frontal_left__E23,3,35,[10],1,False,4.866082230609274e-05,-3.8025905738130163e-06,1.7487804293301915e-05,50.0
E24,67,67,59,8,577,0.8805970149253731,0.09276729559748427,0.16785206258890467,raja,S12/S25_20190124_060024_2,frontal_left,median,median__frontal_left__E24,3,35,[10],1,False,4.158456245125299e-05,-1.0497875403338146e-06,1.42114499971956e-05,50.0
E22,517,517,498,19,138,0.9632495164410058,0.7830188679245284,0.8638334778837815,raja,S12/S25_20190124_060024_2,frontal_left,mean,mean__frontal_left__E22,3,35,[10],1,False,9.782840473000038e-05,-3.1435619149931816e-07,3.27142536404999e-05,50.0
E23,451,451,431,20,205,0.9556541019955654,0.6776729559748428,0.7930082796688133,raja,S12/S25_20190124_060024_2,frontal_left,mean,mean__frontal_left__E23,3,35,[10],1,False,5.231405097811559e-05,-1.4936190179016217e-07,1.7487804293301915e-05,50.0
E24,61,61,54,7,582,0.8852459016393442,0.08490566037735849,0.15494978479196558,raja,S12/S25_20190124_060024_2,frontal_left,mean,mean__frontal_left__E24,3,35,[10],1,False,4.243403538417194e-05,-2.0031460741486264e-07,1.42114499971956e-05,50.0
E9,563,563,551,12,85,0.9786856127886323,0.8663522012578616,0.9190992493744787,raja,S12/S25_20190124_060024_2,frontal_right,median,median__frontal_right__E9,3,35,"[2, 9, 10]",3,False,5.5118110951221385e-05,-2.460439432850549e-06,1.919285012802398e-05,50.0
E3,203,203,198,5,438,0.9753694581280788,0.3113207547169811,0.4719904648390942,raja,S12/S25_20190124_060024_2,frontal_right,median,median__frontal_right__E3,3,35,"[2, 9, 10]",3,False,4.474598513829905e-05,-1.1299433097301359e-06,1.5291976149343062e-05,50.0
E124,33,33,21,12,615,0.6363636363636364,0.0330188679245283,0.06278026905829595,raja,S12/S25_20190124_060024_2,frontal_right,median,median__frontal_right__E124,3,35,"[2, 9, 10]",3,False,4.003405300458074e-05,-1.260722559244475e-07,1.3386708420168397e-05,50.0
E9,551,551,541,10,95,0.9818511796733213,0.85062893081761,0.9115417017691658,raja,S12/S25_20190124_060024_2,frontal_right,mean,mean__frontal_right__E9,3,35,"[2, 9, 10]",3,False,5.757517559440318e-05,-3.374789668752388e-09,1.919285012802398e-05,50.0
E3,190,190,185,5,451,0.9736842105263158,0.2908805031446541,0.4479418886198547,raja,S12/S25_20190124_060024_2,frontal_right,mean,mean__frontal_right__E3,3,35,"[2, 9, 10]",3,False,4.5870827464741325e-05,-5.1009832878595455e-09,1.5291976149343062e-05,50.0
E124,32,32,20,12,616,0.625,0.031446540880503145,0.059880239520958084,raja,S12/S25_20190124_060024_2,frontal_right,mean,mean__frontal_right__E124,3,35,"[2, 9, 10]",3,False,4.01607053405895e-05,5.800800843069192e-10,1.3386708420168397e-05,50.0
E22,637,637,601,36,35,0.9434850863422292,0.9449685534591195,0.9442262372348783,raja,S12/S25_20190124_060024_2,all_channel,median,median__all_channel__E22,32,29,"[1, 2, 3, 4, 6, 8, 9, 10, 11, 12, 13, 14, 15, 16, 17, 18, 19, 20, 21, 22, 23, 24, 25, 26, 27, 28]",26,False,4.5713921109049367e-05,-3.5707170194695116e-06,1.6428212709506292e-05,60.0
E9,635,635,593,42,43,0.9338582677165355,0.9323899371069182,0.9331235247836349,raja,S12/S25_20190124_060024_2,all_channel,median,median__all_channel__E9,32,29,"[1, 2, 3, 4, 6, 8, 9, 10, 11, 12, 13, 14, 15, 16, 17, 18, 19, 20, 21, 22, 23, 24, 25, 26, 27, 28]",26,False,3.3107259482101286e-05,-2.186967534946542e-06,1.1764742339015941e-05,60.0
E11,590,590,556,34,80,0.9423728813559322,0.8742138364779874,0.9070146818923328,raja,S12/S25_20190124_060024_2,all_channel,median,median__all_channel__E11,32,29,"[1, 2, 3, 4, 6, 8, 9, 10, 11, 12, 13, 14, 15, 16, 17, 18, 19, 20, 21, 22, 23, 24, 25, 26, 27, 28]",26,False,2.0051308341978196e-05,-9.580517169503739e-07,7.003120019642857e-06,60.0
E23,627,627,570,57,66,0.9090909090909091,0.8962264150943396,0.9026128266033254,raja,S12/S25_20190124_060024_2,all_channel,median,median__all_channel__E23,32,29,"[1, 2, 3, 4, 6, 8, 9, 10, 11, 12, 13, 14, 15, 16, 17, 18, 19, 20, 21, 22, 23, 24, 25, 26, 27, 28]",26,False,3.155118337441853e-05,-1.934026716890452e-06,1.1161736697102995e-05,60.0
E26,631,631,560,71,76,0.8874801901743264,0.8805031446540881,0.8839779005524863,raja,S12/S25_20190124_060024_2,all_channel,median,median__all_channel__E26,32,29,"[1, 2, 3, 4, 6, 8, 9, 10, 11, 12, 13, 14, 15, 16, 17, 18, 19, 20, 21, 22, 23, 24, 25, 26, 27, 28]",26,False,2.5288469503431127e-05,-1.545190582578607e-06,8.944553362003246e-06,60.0
E3,509,509,497,12,139,0.9764243614931237,0.7814465408805031,0.8681222707423579,raja,S12/S25_20190124_060024_2,all_channel,median,median__all_channel__E3,32,29,"[1, 2, 3, 4, 6, 8, 9, 10, 11, 12, 13, 14, 15, 16, 17, 18, 19, 20, 21, 22, 23, 24, 25, 26, 27, 28]",26,False,2.678491805471218e-05,-9.564767089019491e-07,9.247131587871377e-06,60.0
E24,301,301,272,29,364,0.9036544850498339,0.4276729559748428,0.5805763073639274,raja,S12/S25_20190124_060024_2,all_channel,median,median__all_channel__E24,32,29,"[1, 2, 3, 4, 6, 8, 9, 10, 11, 12, 13, 14, 15, 16, 17, 18, 19, 20, 21, 22, 23, 24, 25, 26, 27, 28]",26,False,2.836528985912165e-05,-6.562606572797488e-07,9.673850172133799e-06,60.0
E124,71,71,54,17,582,0.7605633802816901,0.08490566037735849,0.15275813295615273,raja,S12/S25_20190124_060024_2,all_channel,median,median__all_channel__E124,32,29,"[1, 2, 3, 4, 6, 8, 9, 10, 11, 12, 13, 14, 15, 16, 17, 18, 19, 20, 21, 22, 23, 24, 25, 26, 27, 28]",26,False,3.0465218408797277e-05,-2.07843223759776e-07,1.0224353877519018e-05,60.0
E28,110,110,54,56,582,0.4909090909090909,0.08490566037735849,0.14477211796246647,raja,S12/S25_20190124_060024_2,all_channel,median,median__all_channel__E28,32,29,"[1, 2, 3, 4, 6, 8, 9, 10, 11, 12, 13, 14, 15, 16, 17, 18, 19, 20, 21, 22, 23, 24, 25, 26, 27, 28]",26,False,2.3700230241724452e-05,-2.0049927471735468e-07,7.966909838813935e-06,60.0
E33,191,191,53,138,583,0.2774869109947644,0.08333333333333333,0.12817412333736397,raja,S12/S25_20190124_060024_2,all_channel,median,median__all_channel__E33,32,29,"[1, 2, 3, 4, 6, 8, 9, 10, 11, 12, 13, 14, 15, 16, 17, 18, 19, 20, 21, 22, 23, 24, 25, 26, 27, 28]",26,False,3.106401812288216e-05,-7.101009297005417e-08,1.0378342738617406e-05,60.0
E122,136,136,20,116,616,0.14705882352941177,0.031446540880503145,0.05181347150259068,raja,S12/S25_20190124_060024_2,all_channel,median,median__all_channel__E122,32,29,"[1, 2, 3, 4, 6, 8, 9, 10, 11, 12, 13, 14, 15, 16, 17, 18, 19, 20, 21, 22, 23, 24, 25, 26, 27, 28]",26,False,2.5159097690252173e-05,7.654919170773805e-09,8.383814257027133e-06,60.0
E84,103,103,18,85,618,0.17475728155339806,0.02830188679245283,0.04871447902571042,raja,S12/S25_20190124_060024_2,all_channel,median,median__all_channel__E84,32,29,"[1, 2, 3, 4, 6, 8, 9, 10, 11, 12, 13, 14, 15, 16, 17, 18, 19, 20, 21, 22, 23, 24, 25, 26, 27, 28]",26,False,2.057882960928251e-05,4.1286376450045994e-07,6.721988614927351e-06,60.0
E77,137,137,18,119,618,0.13138686131386862,0.02830188679245283,0.04657179818887452,raja,S12/S25_20190124_060024_2,all_channel,median,median__all_channel__E77,32,29,"[1, 2, 3, 4, 6, 8, 9, 10, 11, 12, 13, 14, 15, 16, 17, 18, 19, 20, 21, 22, 23, 24, 25, 26, 27, 28]",26,False,1.8998247584816652e-05,3.424444272128755e-07,6.218601052534591e-06,60.0
E67,122,122,16,106,620,0.13114754098360656,0.025157232704402517,0.04221635883905014,raja,S12/S25_20190124_060024_2,all_channel,median,median__all_channel__E67,32,29,"[1, 2, 3, 4, 6, 8, 9, 10, 11, 12, 13, 14, 15, 16, 17, 18, 19, 20, 21, 22, 23, 24, 25, 26, 27, 28]",26,False,1.8336929684498807e-05,3.4532940537446426e-07,5.997200093041447e-06,60.0
E62,129,129,15,114,621,0.11627906976744186,0.02358490566037736,0.0392156862745098,raja,S12/S25_20190124_060024_2,all_channel,median,median__all_channel__E62,32,29,"[1, 2, 3, 4, 6, 8, 9, 10, 11, 12, 13, 14, 15, 16, 17, 18, 19, 20, 21, 22, 23, 24, 25, 26, 27, 28]",26,False,2.4416873910728828e-05,3.263988788156072e-07,8.030158343971074e-06,60.0
E112,45,45,13,32,623,0.28888888888888886,0.020440251572327043,0.0381791483113069,raja,S12/S25_20190124_060024_2,all_channel,median,median__all_channel__E112,32,29,"[1, 2, 3, 4, 6, 8, 9, 10, 11, 12, 13, 14, 15, 16, 17, 18, 19, 20, 21, 22, 23, 24, 25, 26, 27, 28]",26,False,1.6709050203760117e-05,8.789844680270174e-09,5.566753453026615e-06,60.0
E40,75,75,13,62,623,0.17333333333333334,0.020440251572327043,0.03656821378340366,raja,S12/S25_20190124_060024_2,all_channel,median,median__all_channel__E40,32,29,"[1, 2, 3, 4, 6, 8, 9, 10, 11, 12, 13, 14, 15, 16, 17, 18, 19, 20, 21, 22, 23, 24, 25, 26, 27, 28]",26,False,1.8335330059176577e-05,1.7279156460606966e-07,6.0541794981901694e-06,60.0
E13,40,40,12,28,624,0.3,0.018867924528301886,0.03550295857988166,raja,S12/S25_20190124_060024_2,all_channel,median,median__all_channel__E13,32,29,"[1, 2, 3, 4, 6, 8, 9, 10, 11, 12, 13, 14, 15, 16, 17, 18, 19, 20, 21, 22, 23, 24, 25, 26, 27, 28]",26,False,1.929175640128437e-05,2.3334268805140936e-08,6.422807377493076e-06,60.0
E109,52,52,10,42,626,0.19230769230769232,0.015723270440251572,0.029069767441860468,raja,S12/S25_20190124_060024_2,all_channel,median,median__all_channel__E109,32,29,"[1, 2, 3, 4, 6, 8, 9, 10, 11, 12, 13, 14, 15, 16, 17, 18, 19, 20, 21, 22, 23, 24, 25, 26, 27, 28]",26,False,2.0179746043461032e-05,4.159699220077759e-07,6.5879253738177515e-06,60.0
E91,91,91,10,81,626,0.10989010989010989,0.015723270440251572,0.02751031636863824,raja,S12/S25_20190124_060024_2,all_channel,median,median__all_channel__E91,32,29,"[1, 2, 3, 4, 6, 8, 9, 10, 11, 12, 13, 14, 15, 16, 17, 18, 19, 20, 21, 22, 23, 24, 25, 26, 27, 28]",26,False,2.95735991598178e-05,3.0767198032073854e-07,9.755309059832353e-06,60.0
E37,35,35,8,27,628,0.22857142857142856,0.012578616352201259,0.02384500745156483,raja,S12/S25_20190124_060024_2,all_channel,median,median__all_channel__E37,32,29,"[1, 2, 3, 4, 6, 8, 9, 10, 11, 12, 13, 14, 15, 16, 17, 18, 19, 20, 21, 22, 23, 24, 25, 26, 27, 28]",26,False,1.8492940378615172e-05,9.330472093458682e-08,6.133211885893529e-06,60.0
E75,66,66,8,58,628,0.12121212121212122,0.012578616352201259,0.022792022792022793,raja,S12/S25_20190124_060024_2,all_channel,median,median__all_channel__E75,32,29,"[1, 2, 3, 4, 6, 8, 9, 10, 11, 12, 13, 14, 15, 16, 17, 18, 19, 20, 21, 22, 23, 24, 25, 26, 27, 28]",26,False,1.6698947220936258e-05,4.5860020045353545e-07,5.413449006827575e-06,60.0
E83,67,67,8,59,628,0.11940298507462686,0.012578616352201259,0.02275960170697013,raja,S12/S25_20190124_060024_2,all_channel,median,median__all_channel__E83,32,29,"[1, 2, 3, 4, 6, 8, 9, 10, 11, 12, 13, 14, 15, 16, 17, 18, 19, 20, 21, 22, 23, 24, 25, 26, 27, 28]",26,False,1.7227658957245598e-05,4.7565758130846994e-07,5.5840004586457085e-06,60.0
E59,35,35,5,30,631,0.14285714285714285,0.007861635220125786,0.014903129657228016,raja,S12/S25_20190124_060024_2,all_channel,median,median__all_channel__E59,32,29,"[1, 2, 3, 4, 6, 8, 9, 10, 11, 12, 13, 14, 15, 16, 17, 18, 19, 20, 21, 22, 23, 24, 25, 26, 27, 28]",26,False,1.452346115499581e-05,3.9687522162550913e-07,4.7088619777901e-06,60.0
E117,37,37,5,32,631,0.13513513513513514,0.007861635220125786,0.01485884101040119,raja,S12/S25_20190124_060024_2,all_channel,median,median__all_channel__E117,32,29,"[1, 2, 3, 4, 6, 8, 9, 10, 11, 12, 13, 14, 15, 16, 17, 18, 19, 20, 21, 22, 23, 24, 25, 26, 27, 28]",26,False,0.00011480511324399722,-2.9462302588286195e-07,3.8366578756626694e-05,60.0
E47,38,38,5,33,631,0.13157894736842105,0.007861635220125786,0.014836795252225518,raja,S12/S25_20190124_060024_2,all_channel,median,median__all_channel__E47,32,29,"[1, 2, 3, 4, 6, 8, 9, 10, 11, 12, 13, 14, 15, 16, 17, 18, 19, 20, 21, 22, 23, 24, 25, 26, 27, 28]",26,False,1.6977189489498836e-05,1.7810062971628205e-07,5.5996962865941845e-06,60.0
E104,35,35,4,31,632,0.11428571428571428,0.006289308176100629,0.011922503725782414,raja,S12/S25_20190124_060024_2,all_channel,median,median__all_channel__E104,32,29,"[1, 2, 3, 4, 6, 8, 9, 10, 11, 12, 13, 14, 15, 16, 17, 18, 19, 20, 21, 22, 23, 24, 25, 26, 27, 28]",26,False,1.692155189564141e-05,1.1910100712661345e-07,5.6008169628382654e-06,60.0
E87,38,38,4,34,632,0.10526315789473684,0.006289308176100629,0.011869436201780416,raja,S12/S25_20190124_060024_2,all_channel,median,median__all_channel__E87,32,29,"[1, 2, 3, 4, 6, 8, 9, 10, 11, 12, 13, 14, 15, 16, 17, 18, 19, 20, 21, 22, 23, 24, 25, 26, 27, 28]",26,False,1.714853135475102e-05,1.441519457913788e-07,5.668126469653214e-06,60.0
E60,43,43,4,39,632,0.09302325581395349,0.006289308176100629,0.011782032400589101,raja,S12/S25_20190124_060024_2,all_channel,median,median__all_channel__E60,32,29,"[1, 2, 3, 4, 6, 8, 9, 10, 11, 12, 13, 14, 15, 16, 17, 18, 19, 20, 21, 22, 23, 24, 25, 26, 27, 28]",26,False,1.517056719541836e-05,3.687081464481903e-07,4.93395301632339e-06,60.0
E70,38,38,3,35,633,0.07894736842105263,0.0047169811320754715,0.008902077151335312,raja,S12/S25_20190124_060024_2,all_channel,median,median__all_channel__E70,32,29,"[1, 2, 3, 4, 6, 8, 9, 10, 11, 12, 13, 14, 15, 16, 17, 18, 19, 20, 21, 22, 23, 24, 25, 26, 27, 28]",26,False,1.716604609180312e-05,4.1945656982364655e-07,5.582196507326491e-06,60.0
E98,30,30,2,28,634,0.06666666666666667,0.0031446540880503146,0.006006006006006007,raja,S12/S25_20190124_060024_2,all_channel,median,median__all_channel__E98,32,29,"[1, 2, 3, 4, 6, 8, 9, 10, 11, 12, 13, 14, 15, 16, 17, 18, 19, 20, 21, 22, 23, 24, 25, 26, 27, 28]",26,False,1.5800584843189876e-05,3.466729953625392e-07,5.151303949275779e-06,60.0
E85,43,43,2,41,634,0.046511627906976744,0.0031446540880503146,0.005891016200294551,raja,S12/S25_20190124_060024_2,all_channel,median,median__all_channel__E85,32,29,"[1, 2, 3, 4, 6, 8, 9, 10, 11, 12, 13, 14, 15, 16, 17, 18, 19, 20, 21, 22, 23, 24, 25, 26, 27, 28]",26,False,1.7326451914877718e-05,3.7620237528456583e-07,5.650083179864385e-06,60.0
E22,632,632,600,32,36,0.9493670886075949,0.9433962264150944,0.9463722397476341,raja,S12/S25_20190124_060024_2,all_channel,mean,mean__all_channel__E22,32,29,"[1, 2, 3, 4, 6, 8, 9, 10, 11, 12, 13, 14, 15, 16, 17, 18, 19, 20, 21, 22, 23, 24, 25, 26, 27, 28]",26,False,4.927709191237569e-05,-7.546216143185533e-09,1.6428212709506292e-05,60.0
E9,622,622,592,30,44,0.9517684887459807,0.9308176100628931,0.9411764705882353,raja,S12/S25_20190124_060024_2,all_channel,mean,mean__all_channel__E9,32,29,"[1, 2, 3, 4, 6, 8, 9, 10, 11, 12, 13, 14, 15, 16, 17, 18, 19, 20, 21, 22, 23, 24, 25, 26, 27, 28]",26,False,3.5288301242906506e-05,-5.925774141318619e-09,1.1764742339015941e-05,60.0
E23,616,616,563,53,73,0.913961038961039,0.8852201257861635,0.8993610223642172,raja,S12/S25_20190124_060024_2,all_channel,mean,mean__all_channel__E23,32,29,"[1, 2, 3, 4, 6, 8, 9, 10, 11, 12, 13, 14, 15, 16, 17, 18, 19, 20, 21, 22, 23, 24, 25, 26, 27, 28]",26,False,3.347746279269557e-05,-7.747298613416187e-09,1.1161736697102995e-05,60.0
E11,576,576,541,35,95,0.9392361111111112,0.85062893081761,0.8927392739273927,raja,S12/S25_20190124_060024_2,all_channel,mean,mean__all_channel__E11,32,29,"[1, 2, 3, 4, 6, 8, 9, 10, 11, 12, 13, 14, 15, 16, 17, 18, 19, 20, 21, 22, 23, 24, 25, 26, 27, 28]",26,False,2.1006086672377837e-05,-3.2733865507312754e-09,7.003120019642857e-06,60.0
E26,624,624,552,72,84,0.8846153846153846,0.8679245283018868,0.8761904761904762,raja,S12/S25_20190124_060024_2,all_channel,mean,mean__all_channel__E26,32,29,"[1, 2, 3, 4, 6, 8, 9, 10, 11, 12, 13, 14, 15, 16, 17, 18, 19, 20, 21, 22, 23, 24, 25, 26, 27, 28]",26,False,2.6827317863417817e-05,-6.342222591919274e-09,8.944553362003246e-06,60.0
E3,492,492,483,9,153,0.9817073170731707,0.7594339622641509,0.8563829787234043,raja,S12/S25_20190124_060024_2,all_channel,mean,mean__all_channel__E3,32,29,"[1, 2, 3, 4, 6, 8, 9, 10, 11, 12, 13, 14, 15, 16, 17, 18, 19, 20, 21, 22, 23, 24, 25, 26, 27, 28]",26,False,2.7734818885873582e-05,-6.575877740547508e-09,9.247131587871377e-06,60.0
E24,287,287,259,28,377,0.9024390243902439,0.40723270440251574,0.5612134344528711,raja,S12/S25_20190124_060024_2,all_channel,mean,mean__all_channel__E24,32,29,"[1, 2, 3, 4, 6, 8, 9, 10, 11, 12, 13, 14, 15, 16, 17, 18, 19, 20, 21, 22, 23, 24, 25, 26, 27, 28]",26,False,2.9025810034501536e-05,4.259518100136968e-09,9.673850172133799e-06,60.0
E124,71,71,53,18,583,0.7464788732394366,0.08333333333333333,0.14992927864214992,raja,S12/S25_20190124_060024_2,all_channel,mean,mean__all_channel__E124,32,29,"[1, 2, 3, 4, 6, 8, 9, 10, 11, 12, 13, 14, 15, 16, 17, 18, 19, 20, 21, 22, 23, 24, 25, 26, 27, 28]",26,False,3.067126304810652e-05,-1.7985844505289934e-09,1.0224353877519018e-05,60.0
E28,108,108,53,55,583,0.49074074074074076,0.08333333333333333,0.1424731182795699,raja,S12/S25_20190124_060024_2,all_channel,mean,mean__all_channel__E28,32,29,"[1, 2, 3, 4, 6, 8, 9, 10, 11, 12, 13, 14, 15, 16, 17, 18, 19, 20, 21, 22, 23, 24, 25, 26, 27, 28]",26,False,2.391960796534149e-05,1.8878448899681795e-08,7.966909838813935e-06,60.0
E33,190,190,53,137,583,0.2789473684210526,0.08333333333333333,0.12832929782082322,raja,S12/S25_20190124_060024_2,all_channel,mean,mean__all_channel__E33,32,29,"[1, 2, 3, 4, 6, 8, 9, 10, 11, 12, 13, 14, 15, 16, 17, 18, 19, 20, 21, 22, 23, 24, 25, 26, 27, 28]",26,False,3.1132674465358786e-05,-2.3537504934290594e-09,1.0378342738617406e-05,60.0
E122,136,136,20,116,616,0.14705882352941177,0.031446540880503145,0.05181347150259068,raja,S12/S25_20190124_060024_2,all_channel,mean,mean__all_channel__E122,32,29,"[1, 2, 3, 4, 6, 8, 9, 10, 11, 12, 13, 14, 15, 16, 17, 18, 19, 20, 21, 22, 23, 24, 25, 26, 27, 28]",26,False,2.515400363079062e-05,2.560859709221067e-09,8.383814257027133e-06,60.0
E77,141,141,19,122,617,0.1347517730496454,0.029874213836477988,0.04890604890604891,raja,S12/S25_20190124_060024_2,all_channel,mean,mean__all_channel__E77,32,29,"[1, 2, 3, 4, 6, 8, 9, 10, 11, 12, 13, 14, 15, 16, 17, 18, 19, 20, 21, 22, 23, 24, 25, 26, 27, 28]",26,False,1.8653694718721755e-05,-2.10843888201981e-09,6.218601052534591e-06,60.0
E84,105,105,18,87,618,0.17142857142857143,0.02830188679245283,0.048582995951417005,raja,S12/S25_20190124_060024_2,all_channel,mean,mean__all_channel__E84,32,29,"[1, 2, 3, 4, 6, 8, 9, 10, 11, 12, 13, 14, 15, 16, 17, 18, 19, 20, 21, 22, 23, 24, 25, 26, 27, 28]",26,False,2.016408428029181e-05,-1.8815644902413765e-09,6.721988614927351e-06,60.0
E67,126,126,17,109,619,0.1349206349206349,0.026729559748427674,0.04461942257217848,raja,S12/S25_20190124_060024_2,all_channel,mean,mean__all_channel__E67,32,29,"[1, 2, 3, 4, 6, 8, 9, 10, 11, 12, 13, 14, 15, 16, 17, 18, 19, 20, 21, 22, 23, 24, 25, 26, 27, 28]",26,False,1.8004152057307937e-05,1.255177818359504e-08,5.997200093041447e-06,60.0
E62,133,133,17,116,619,0.12781954887218044,0.026729559748427674,0.044213263979193757,raja,S12/S25_20190124_060024_2,all_channel,mean,mean__all_channel__E62,32,29,"[1, 2, 3, 4, 6, 8, 9, 10, 11, 12, 13, 14, 15, 16, 17, 18, 19, 20, 21, 22, 23, 24, 25, 26, 27, 28]",26,False,2.4113888230845318e-05,2.34131989320983e-08,8.030158343971074e-06,60.0
E112,45,45,13,32,623,0.28888888888888886,0.020440251572327043,0.0381791483113069,raja,S12/S25_20190124_060024_2,all_channel,mean,mean__all_channel__E112,32,29,"[1, 2, 3, 4, 6, 8, 9, 10, 11, 12, 13, 14, 15, 16, 17, 18, 19, 20, 21, 22, 23, 24, 25, 26, 27, 28]",26,False,1.6701525918981143e-05,1.2655599012964963e-09,5.566753453026615e-06,60.0
E40,76,76,13,63,623,0.17105263157894737,0.020440251572327043,0.03651685393258427,raja,S12/S25_20190124_060024_2,all_channel,mean,mean__all_channel__E40,32,29,"[1, 2, 3, 4, 6, 8, 9, 10, 11, 12, 13, 14, 15, 16, 17, 18, 19, 20, 21, 22, 23, 24, 25, 26, 27, 28]",26,False,1.817070247108978e-05,8.163976519270763e-09,6.0541794981901694e-06,60.0
E13,40,40,12,28,624,0.3,0.018867924528301886,0.03550295857988166,raja,S12/S25_20190124_060024_2,all_channel,mean,mean__all_channel__E13,32,29,"[1, 2, 3, 4, 6, 8, 9, 10, 11, 12, 13, 14, 15, 16, 17, 18, 19, 20, 21, 22, 23, 24, 25, 26, 27, 28]",26,False,1.9268476340561643e-05,5.420808241199016e-11,6.422807377493076e-06,60.0
E109,56,56,10,46,626,0.17857142857142858,0.015723270440251572,0.028901734104046242,raja,S12/S25_20190124_060024_2,all_channel,mean,mean__all_channel__E109,32,29,"[1, 2, 3, 4, 6, 8, 9, 10, 11, 12, 13, 14, 15, 16, 17, 18, 19, 20, 21, 22, 23, 24, 25, 26, 27, 28]",26,False,1.9772831580417567e-05,9.055458964309846e-09,6.5879253738177515e-06,60.0
E91,92,92,10,82,626,0.10869565217391304,0.015723270440251572,0.027472527472527472,raja,S12/S25_20190124_060024_2,all_channel,mean,mean__all_channel__E91,32,29,"[1, 2, 3, 4, 6, 8, 9, 10, 11, 12, 13, 14, 15, 16, 17, 18, 19, 20, 21, 22, 23, 24, 25, 26, 27, 28]",26,False,2.9292871246951757e-05,2.6944067454695685e-08,9.755309059832353e-06,60.0
E37,37,37,8,29,628,0.21621621621621623,0.012578616352201259,0.023774145616641904,raja,S12/S25_20190124_060024_2,all_channel,mean,mean__all_channel__E37,32,29,"[1, 2, 3, 4, 6, 8, 9, 10, 11, 12, 13, 14, 15, 16, 17, 18, 19, 20, 21, 22, 23, 24, 25, 26, 27, 28]",26,False,1.840086536946562e-05,1.2297117850324688e-09,6.133211885893529e-06,60.0
E75,73,73,8,65,628,0.1095890410958904,0.012578616352201259,0.022566995768688296,raja,S12/S25_20190124_060024_2,all_channel,mean,mean__all_channel__E75,32,29,"[1, 2, 3, 4, 6, 8, 9, 10, 11, 12, 13, 14, 15, 16, 17, 18, 19, 20, 21, 22, 23, 24, 25, 26, 27, 28]",26,False,1.6237448131951486e-05,-2.8988885312359708e-09,5.413449006827575e-06,60.0
E83,74,74,8,66,628,0.10810810810810811,0.012578616352201259,0.02253521126760564,raja,S12/S25_20190124_060024_2,all_channel,mean,mean__all_channel__E83,32,29,"[1, 2, 3, 4, 6, 8, 9, 10, 11, 12, 13, 14, 15, 16, 17, 18, 19, 20, 21, 22, 23, 24, 25, 26, 27, 28]",26,False,1.6751592029818018e-05,-4.093461191064854e-10,5.5840004586457085e-06,60.0
E59,36,36,5,31,631,0.1388888888888889,0.007861635220125786,0.014880952380952382,raja,S12/S25_20190124_060024_2,all_channel,mean,mean__all_channel__E59,32,29,"[1, 2, 3, 4, 6, 8, 9, 10, 11, 12, 13, 14, 15, 16, 17, 18, 19, 20, 21, 22, 23, 24, 25, 26, 27, 28]",26,False,1.4129305710853006e-05,2.7197774827046865e-09,4.7088619777901e-06,60.0
E117,37,37,5,32,631,0.13513513513513514,0.007861635220125786,0.01485884101040119,raja,S12/S25_20190124_060024_2,all_channel,mean,mean__all_channel__E117,32,29,"[1, 2, 3, 4, 6, 8, 9, 10, 11, 12, 13, 14, 15, 16, 17, 18, 19, 20, 21, 22, 23, 24, 25, 26, 27, 28]",26,False,0.00011513912508817362,3.9388818293541496e-08,3.8366578756626694e-05,60.0
E47,39,39,5,34,631,0.1282051282051282,0.007861635220125786,0.014814814814814815,raja,S12/S25_20190124_060024_2,all_channel,mean,mean__all_channel__E47,32,29,"[1, 2, 3, 4, 6, 8, 9, 10, 11, 12, 13, 14, 15, 16, 17, 18, 19, 20, 21, 22, 23, 24, 25, 26, 27, 28]",26,False,1.6808200050602578e-05,9.111190820022639e-09,5.5996962865941845e-06,60.0
E104,35,35,4,31,632,0.11428571428571428,0.006289308176100629,0.011922503725782414,raja,S12/S25_20190124_060024_2,all_channel,mean,mean__all_channel__E104,32,29,"[1, 2, 3, 4, 6, 8, 9, 10, 11, 12, 13, 14, 15, 16, 17, 18, 19, 20, 21, 22, 23, 24, 25, 26, 27, 28]",26,False,1.6807202542423822e-05,4.751653909023926e-09,5.6008169628382654e-06,60.0
E87,40,40,4,36,632,0.1,0.006289308176100629,0.01183431952662722,raja,S12/S25_20190124_060024_2,all_channel,mean,mean__all_channel__E87,32,29,"[1, 2, 3, 4, 6, 8, 9, 10, 11, 12, 13, 14, 15, 16, 17, 18, 19, 20, 21, 22, 23, 24, 25, 26, 27, 28]",26,False,1.699941935320625e-05,-4.9600557533904725e-09,5.668126469653214e-06,60.0
E60,46,46,4,42,632,0.08695652173913043,0.006289308176100629,0.011730205278592375,raja,S12/S25_20190124_060024_2,all_channel,mean,mean__all_channel__E60,32,29,"[1, 2, 3, 4, 6, 8, 9, 10, 11, 12, 13, 14, 15, 16, 17, 18, 19, 20, 21, 22, 23, 24, 25, 26, 27, 28]",26,False,1.4805290394024109e-05,3.4313450539395463e-09,4.93395301632339e-06,60.0
E98,33,33,3,30,633,0.09090909090909091,0.0047169811320754715,0.008968609865470852,raja,S12/S25_20190124_060024_2,all_channel,mean,mean__all_channel__E98,32,29,"[1, 2, 3, 4, 6, 8, 9, 10, 11, 12, 13, 14, 15, 16, 17, 18, 19, 20, 21, 22, 23, 24, 25, 26, 27, 28]",26,False,1.5463076926599328e-05,9.16507877199297e-09,5.151303949275779e-06,60.0
E70,44,44,3,41,633,0.06818181818181818,0.0047169811320754715,0.008823529411764706,raja,S12/S25_20190124_060024_2,all_channel,mean,mean__all_channel__E70,32,29,"[1, 2, 3, 4, 6, 8, 9, 10, 11, 12, 13, 14, 15, 16, 17, 18, 19, 20, 21, 22, 23, 24, 25, 26, 27, 28]",26,False,1.6749217856594332e-05,2.6283346148585696e-09,5.582196507326491e-06,60.0
E85,50,50,2,48,634,0.04,0.0031446540880503146,0.005830903790087464,raja,S12/S25_20190124_060024_2,all_channel,mean,mean__all_channel__E85,32,29,"[1, 2, 3, 4, 6, 8, 9, 10, 11, 12, 13, 14, 15, 16, 17, 18, 19, 20, 21, 22, 23, 24, 25, 26, 27, 28]",26,False,1.695248664260955e-05,2.2371030163980506e-09,5.650083179864385e-06,60.0
E22,594,594,575,19,61,0.968013468013468,0.9040880503144654,0.934959349593496,raja,S12/S25_20190124_060024_2,frontal,median,median__frontal__E22,6,29,"[1, 6, 8]",3,False,6.829932363499606e-05,-5.158491505339514e-06,2.4485938380111855e-05,60.0
E9,573,573,559,14,77,0.9755671902268761,0.8789308176100629,0.9247311827956988,raja,S12/S25_20190124_060024_2,frontal,median,median__frontal__E9,6,29,"[1, 6, 8]",3,False,5.1140220684518485e-05,-2.730065206803343e-06,1.7956761963773942e-05,60.0
E23,484,484,467,17,169,0.9648760330578512,0.7342767295597484,0.8339285714285715,raja,S12/S25_20190124_060024_2,frontal,median,median__frontal__E23,6,29,"[1, 6, 8]",3,False,4.853893631151721e-05,-2.500180982963374e-06,1.7013039098160197e-05,60.0
E3,246,246,242,4,394,0.983739837398374,0.3805031446540881,0.5487528344671202,raja,S12/S25_20190124_060024_2,frontal,median,median__frontal__E3,6,29,"[1, 6, 8]",3,False,4.266132254784631e-05,-1.2995821864995447e-06,1.465363491144862e-05,60.0
E24,109,109,99,10,537,0.908256880733945,0.15566037735849056,0.2657718120805369,raja,S12/S25_20190124_060024_2,frontal,median,median__frontal__E24,6,29,"[1, 6, 8]",3,False,3.7998497327927454e-05,-7.099747827240935e-07,1.2902824036883848e-05,60.0
E124,25,25,17,8,619,0.68,0.026729559748427674,0.05143721633888049,raja,S12/S25_20190124_060024_2,frontal,median,median__frontal__E124,6,29,"[1, 6, 8]",3,False,3.937008542191979e-05,-2.6359797101037324e-07,1.3211227797643388e-05,60.0
E22,583,583,565,18,71,0.9691252144082333,0.8883647798742138,0.9269893355209188,raja,S12/S25_20190124_060024_2,frontal,mean,mean__frontal__E22,6,29,"[1, 6, 8]",3,False,7.34323847094618e-05,-2.543043087377405e-08,2.4485938380111855e-05,60.0
E9,569,569,554,15,82,0.9736379613356766,0.8710691823899371,0.9195020746887966,raja,S12/S25_20190124_060024_2,frontal,mean,mean__frontal__E9,6,29,"[1, 6, 8]",3,False,5.3826902936919226e-05,-4.338295440260349e-08,1.7956761963773942e-05,60.0
E23,467,467,450,17,186,0.9635974304068522,0.7075471698113207,0.8159564823209429,raja,S12/S25_20190124_060024_2,frontal,mean,mean__frontal__E23,6,29,"[1, 6, 8]",3,False,5.097852663416402e-05,-6.059066031656974e-08,1.7013039098160197e-05,60.0
E3,219,219,214,5,422,0.9771689497716894,0.33647798742138363,0.5005847953216374,raja,S12/S25_20190124_060024_2,frontal,mean,mean__frontal__E3,6,29,"[1, 6, 8]",3,False,4.3897736235564935e-05,-6.316849878092154e-08,1.465363491144862e-05,60.0
E24,100,100,90,10,546,0.9,0.14150943396226415,0.24456521739130435,raja,S12/S25_20190124_060024_2,frontal,mean,mean__frontal__E24,6,29,"[1, 6, 8]",3,False,3.869933204049762e-05,-9.140070153929686e-09,1.2902824036883848e-05,60.0
E124,26,26,17,9,619,0.6538461538461539,0.026729559748427674,0.0513595166163142,raja,S12/S25_20190124_060024_2,frontal,mean,mean__frontal__E124,6,29,"[1, 6, 8]",3,False,3.967422789404118e-05,4.05445011110166e-08,1.3211227797643388e-05,60.0
E22,587,587,570,17,66,0.9710391822827938,0.8962264150943396,0.9321340964840557,raja,S12/S25_20190124_060024_2,frontal_left,median,median__frontal_left__E22,3,29,"[6, 8]",2,False,7.143011181740695e-05,-6.046303907047373e-06,2.582547190815144e-05,60.0
E23,498,498,480,18,156,0.963855421686747,0.7547169811320755,0.8465608465608465,raja,S12/S25_20190124_060024_2,frontal_left,median,median__frontal_left__E23,3,29,"[6, 8]",2,False,4.698453119160409e-05,-3.000913226946995e-06,1.6661814806183698e-05,60.0
E24,89,89,80,9,556,0.898876404494382,0.12578616352201258,0.2206896551724138,raja,S12/S25_20190124_060024_2,frontal_left,median,median__frontal_left__E24,3,29,"[6, 8]",2,False,3.965630362111618e-05,-6.446822921719933e-07,1.3433661971096057e-05,60.0
E22,572,572,559,13,77,0.9772727272727273,0.8789308176100629,0.9254966887417219,raja,S12/S25_20190124_060024_2,frontal_left,mean,mean__frontal_left__E22,3,29,"[6, 8]",2,False,7.751179859535064e-05,3.538287089631626e-08,2.582547190815144e-05,60.0
E23,475,475,457,18,179,0.9621052631578947,0.7185534591194969,0.8226822682268228,raja,S12/S25_20190124_060024_2,frontal_left,mean,mean__frontal_left__E23,3,29,"[6, 8]",2,False,4.9903547779730585e-05,-8.18966388205056e-08,1.6661814806183698e-05,60.0
E24,82,82,73,9,563,0.8902439024390244,0.11477987421383648,0.20334261838440112,raja,S12/S25_20190124_060024_2,frontal_left,mean,mean__frontal_left__E24,3,29,"[6, 8]",2,False,4.033153832952123e-05,3.0552416233053824e-08,1.3433661971096057e-05,60.0
E9,549,549,538,11,98,0.9799635701275046,0.8459119496855346,0.9080168776371308,raja,S12/S25_20190124_060024_2,frontal_right,median,median__frontal_right__E9,3,29,"[1, 8]",2,False,5.7948646673949295e-05,-3.3980872389082643e-06,2.0448911304285856e-05,60.0
E3,198,198,193,5,443,0.9747474747474747,0.30345911949685533,0.4628297362110311,raja,S12/S25_20190124_060024_2,frontal_right,median,median__frontal_right__E3,3,29,"[1, 8]",2,False,4.52687523288446e-05,-1.6523170313901208e-06,1.5640356453411576e-05,60.0
E124,23,23,15,8,621,0.6521739130434783,0.02358490566037736,0.04552352048558422,raja,S12/S25_20190124_060024_2,frontal_right,median,median__frontal_right__E124,3,29,"[1, 8]",2,False,4.063044581933151e-05,-3.7977729261532544e-07,1.3670074370648945e-05,60.0
E9,535,535,525,10,111,0.9813084112149533,0.8254716981132075,0.89666951323655,raja,S12/S25_20190124_060024_2,frontal_right,mean,mean__frontal_right__E9,3,29,"[1, 8]",2,False,6.129249618938236e-05,-5.423772347521052e-08,2.0448911304285856e-05,60.0
E3,177,177,172,5,464,0.9717514124293786,0.27044025157232704,0.4231242312423124,raja,S12/S25_20190124_060024_2,frontal_right,mean,mean__frontal_right__E3,3,29,"[1, 8]",2,False,4.684482310974251e-05,-7.624625049221638e-08,1.5640356453411576e-05,60.0
E124,23,23,15,8,621,0.6521739130434783,0.02358490566037736,0.04552352048558422,raja,S12/S25_20190124_060024_2,frontal_right,mean,mean__frontal_right__E124,3,29,"[1, 8]",2,False,4.0976266859708995e-05,-3.3956252237836096e-08,1.3670074370648945e-05,60.0
E22,610,610,577,33,59,0.9459016393442623,0.9072327044025157,0.9261637239165329,raja,S12/S25_20190124_060024_2,all_channel,median,median__all_channel__E22,32,14,"[0, 1, 2, 4, 5, 6, 7, 8, 9, 10, 11, 13]",12,False,4.6561419549467505e-05,-3.5289346199171517e-06,1.6696784723128218e-05,120.0
E9,608,608,570,38,66,0.9375,0.8962264150943396,0.9163987138263665,raja,S12/S25_20190124_060024_2,all_channel,median,median__all_channel__E9,32,14,"[0, 1, 2, 4, 5, 6, 7, 8, 9, 10, 11, 13]",12,False,3.3789138072176364e-05,-2.1369245973618415e-06,1.1975354223179402e-05,120.0
E11,566,566,532,34,104,0.9399293286219081,0.8364779874213837,0.8851913477537439,raja,S12/S25_20190124_060024_2,all_channel,median,median__all_channel__E11,32,14,"[0, 1, 2, 4, 5, 6, 7, 8, 9, 10, 11, 13]",12,False,2.014173255825247e-05,-9.333079209657486e-07,7.02501349307274e-06,120.0
E23,598,598,544,54,92,0.9096989966555183,0.8553459119496856,0.8816855753646677,raja,S12/S25_20190124_060024_2,all_channel,median,median__all_channel__E23,32,14,"[0, 1, 2, 4, 5, 6, 7, 8, 9, 10, 11, 13]",12,False,3.221664321029559e-05,-1.8882457200984325e-06,1.136829631013134e-05,120.0
E26,608,608,541,67,95,0.8898026315789473,0.85062893081761,0.8697749196141479,raja,S12/S25_20190124_060024_2,all_channel,median,median__all_channel__E26,32,14,"[0, 1, 2, 4, 5, 6, 7, 8, 9, 10, 11, 13]",12,False,2.489512707651153e-05,-1.4873158320057522e-06,8.794147636172428e-06,120.0
E3,475,475,466,9,170,0.9810526315789474,0.7327044025157232,0.8388838883888389,raja,S12/S25_20190124_060024_2,all_channel,median,median__all_channel__E3,32,14,"[0, 1, 2, 4, 5, 6, 7, 8, 9, 10, 11, 13]",12,False,2.7619069529385902e-05,-9.26489362185709e-07,9.515186297190537e-06,120.0
E24,283,283,255,28,381,0.901060070671378,0.4009433962264151,0.5549510337323178,raja,S12/S25_20190124_060024_2,all_channel,median,median__all_channel__E24,32,14,"[0, 1, 2, 4, 5, 6, 7, 8, 9, 10, 11, 13]",12,False,2.8470001141173697e-05,-6.507016744079055e-07,9.706900938527202e-06,120.0
E124,61,61,49,12,587,0.8032786885245902,0.0770440251572327,0.1406025824964132,raja,S12/S25_20190124_060024_2,all_channel,median,median__all_channel__E124,32,14,"[0, 1, 2, 4, 5, 6, 7, 8, 9, 10, 11, 13]",12,False,3.0473256262762954e-05,-1.9220996091356438e-07,1.022182207455884e-05,120.0
E33,192,192,57,135,579,0.296875,0.08962264150943396,0.13768115942028986,raja,S12/S25_20190124_060024_2,all_channel,median,median__all_channel__E33,32,14,"[0, 1, 2, 4, 5, 6, 7, 8, 9, 10, 11, 13]",12,False,2.9513331207939394e-05,-7.730204582840287e-08,9.863544417922599e-06,120.0
E28,105,105,51,54,585,0.4857142857142857,0.08018867924528301,0.13765182186234817,raja,S12/S25_20190124_060024_2,all_channel,median,median__all_channel__E28,32,14,"[0, 1, 2, 4, 5, 6, 7, 8, 9, 10, 11, 13]",12,False,2.3834015420303495e-05,-2.080132665350489e-07,8.014009562279515e-06,120.0
E122,125,125,21,104,615,0.168,0.0330188679245283,0.05519053876478318,raja,S12/S25_20190124_060024_2,all_channel,median,median__all_channel__E122,32,14,"[0, 1, 2, 4, 5, 6, 7, 8, 9, 10, 11, 13]",12,False,2.466140687427489e-05,5.8959166628841805e-08,8.200815902548683e-06,120.0
E77,133,133,18,115,618,0.13533834586466165,0.02830188679245283,0.04681404421326398,raja,S12/S25_20190124_060024_2,all_channel,median,median__all_channel__E77,32,14,"[0, 1, 2, 4, 5, 6, 7, 8, 9, 10, 11, 13]",12,False,1.8974464778896534e-05,3.1242324824006864e-07,6.220680510218822e-06,120.0
E84,102,102,17,85,619,0.16666666666666666,0.026729559748427674,0.04607046070460705,raja,S12/S25_20190124_060024_2,all_channel,median,median__all_channel__E84,32,14,"[0, 1, 2, 4, 5, 6, 7, 8, 9, 10, 11, 13]",12,False,2.0220911726751197e-05,4.2107801922141046e-07,6.599944569176595e-06,120.0
E62,129,129,17,112,619,0.13178294573643412,0.026729559748427674,0.044444444444444446,raja,S12/S25_20190124_060024_2,all_channel,median,median__all_channel__E62,32,14,"[0, 1, 2, 4, 5, 6, 7, 8, 9, 10, 11, 13]",12,False,2.392402310792467e-05,2.9428350580681325e-07,7.876579867372618e-06,120.0
E67,119,119,16,103,620,0.13445378151260504,0.025157232704402517,0.0423841059602649,raja,S12/S25_20190124_060024_2,all_channel,median,median__all_channel__E67,32,14,"[0, 1, 2, 4, 5, 6, 7, 8, 9, 10, 11, 13]",12,False,1.796300222406015e-05,3.3708068864762853e-07,5.87530717847084e-06,120.0
E112,45,45,13,32,623,0.28888888888888886,0.020440251572327043,0.0381791483113069,raja,S12/S25_20190124_060024_2,all_channel,median,median__all_channel__E112,32,14,"[0, 1, 2, 4, 5, 6, 7, 8, 9, 10, 11, 13]",12,False,1.67258031714321e-05,2.0085713004912662e-08,5.5685724861423946e-06,120.0
E40,76,76,13,63,623,0.17105263157894737,0.020440251572327043,0.03651685393258427,raja,S12/S25_20190124_060024_2,all_channel,median,median__all_channel__E40,32,14,"[0, 1, 2, 4, 5, 6, 7, 8, 9, 10, 11, 13]",12,False,1.784625690495305e-05,1.6982051099062813e-07,5.89214546465414e-06,120.0
E13,37,37,12,25,624,0.32432432432432434,0.018867924528301886,0.03566121842496285,raja,S12/S25_20190124_060024_2,all_channel,median,median__all_channel__E13,32,14,"[0, 1, 2, 4, 5, 6, 7, 8, 9, 10, 11, 13]",12,False,1.9055214310862367e-05,1.910814068799443e-08,6.3453687233914575e-06,120.0
E109,57,57,10,47,626,0.17543859649122806,0.015723270440251572,0.02886002886002886,raja,S12/S25_20190124_060024_2,all_channel,median,median__all_channel__E109,32,14,"[0, 1, 2, 4, 5, 6, 7, 8, 9, 10, 11, 13]",12,False,1.9510794199840114e-05,4.121775379271795e-07,6.366205553970979e-06,120.0
E91,87,87,10,77,626,0.11494252873563218,0.015723270440251572,0.027662517289073305,raja,S12/S25_20190124_060024_2,all_channel,median,median__all_channel__E91,32,14,"[0, 1, 2, 4, 5, 6, 7, 8, 9, 10, 11, 13]",12,False,2.8775361479733114e-05,3.30897951095669e-07,9.481487842879149e-06,120.0
E75,69,69,9,60,627,0.13043478260869565,0.014150943396226415,0.02553191489361702,raja,S12/S25_20190124_060024_2,all_channel,median,median__all_channel__E75,32,14,"[0, 1, 2, 4, 5, 6, 7, 8, 9, 10, 11, 13]",12,False,1.6510536425226236e-05,4.491984329671089e-07,5.3537793307530424e-06,120.0
E37,31,31,8,23,628,0.25806451612903225,0.012578616352201259,0.023988005997001502,raja,S12/S25_20190124_060024_2,all_channel,median,median__all_channel__E37,32,14,"[0, 1, 2, 4, 5, 6, 7, 8, 9, 10, 11, 13]",12,False,1.8620401771880652e-05,9.167500386088223e-08,6.176242256006591e-06,120.0
E83,66,66,8,58,628,0.12121212121212122,0.012578616352201259,0.022792022792022793,raja,S12/S25_20190124_060024_2,all_channel,median,median__all_channel__E83,32,14,"[0, 1, 2, 4, 5, 6, 7, 8, 9, 10, 11, 13]",12,False,1.7060879719123512e-05,4.663516889248099e-07,5.5315093433995675e-06,120.0
E117,36,36,6,30,630,0.16666666666666666,0.009433962264150943,0.017857142857142856,raja,S12/S25_20190124_060024_2,all_channel,median,median__all_channel__E117,32,14,"[0, 1, 2, 4, 5, 6, 7, 8, 9, 10, 11, 13]",12,False,0.00010682525913044167,-1.6571907966424395e-07,3.566365940336864e-05,120.0
E59,36,36,5,31,631,0.1388888888888889,0.007861635220125786,0.014880952380952382,raja,S12/S25_20190124_060024_2,all_channel,median,median__all_channel__E59,32,14,"[0, 1, 2, 4, 5, 6, 7, 8, 9, 10, 11, 13]",12,False,1.4328572267913411e-05,3.6728999730439764e-07,4.653760756869671e-06,120.0
E47,39,39,5,34,631,0.1282051282051282,0.007861635220125786,0.014814814814814815,raja,S12/S25_20190124_060024_2,all_channel,median,median__all_channel__E47,32,14,"[0, 1, 2, 4, 5, 6, 7, 8, 9, 10, 11, 13]",12,False,1.6915768798216074e-05,1.8320347853463784e-07,5.577521773227146e-06,120.0
E104,32,32,4,28,632,0.125,0.006289308176100629,0.011976047904191617,raja,S12/S25_20190124_060024_2,all_channel,median,median__all_channel__E104,32,14,"[0, 1, 2, 4, 5, 6, 7, 8, 9, 10, 11, 13]",12,False,1.68170011536661e-05,1.053562150942835e-07,5.570548312857272e-06,120.0
E87,39,39,4,35,632,0.10256410256410256,0.006289308176100629,0.011851851851851853,raja,S12/S25_20190124_060024_2,all_channel,median,median__all_channel__E87,32,14,"[0, 1, 2, 4, 5, 6, 7, 8, 9, 10, 11, 13]",12,False,1.7055213754692164e-05,1.298882832143107e-07,5.641775157159285e-06,120.0
E60,47,47,4,43,632,0.0851063829787234,0.006289308176100629,0.01171303074670571,raja,S12/S25_20190124_060024_2,all_channel,median,median__all_channel__E60,32,14,"[0, 1, 2, 4, 5, 6, 7, 8, 9, 10, 11, 13]",12,False,1.4960993456904682e-05,3.5386776574320785e-07,4.869041897053824e-06,120.0
E70,39,39,3,36,633,0.07692307692307693,0.0047169811320754715,0.008888888888888889,raja,S12/S25_20190124_060024_2,all_channel,median,median__all_channel__E70,32,14,"[0, 1, 2, 4, 5, 6, 7, 8, 9, 10, 11, 13]",12,False,1.7006773892907263e-05,4.01519490037229e-07,5.535084800956678e-06,120.0
E98,31,31,2,29,634,0.06451612903225806,0.0031446540880503146,0.0059970014992503755,raja,S12/S25_20190124_060024_2,all_channel,median,median__all_channel__E98,32,14,"[0, 1, 2, 4, 5, 6, 7, 8, 9, 10, 11, 13]",12,False,1.5700337635886604e-05,3.4972669894794536e-07,5.116870312312886e-06,120.0
E85,50,50,2,48,634,0.04,0.0031446540880503146,0.005830903790087464,raja,S12/S25_20190124_060024_2,all_channel,median,median__all_channel__E85,32,14,"[0, 1, 2, 4, 5, 6, 7, 8, 9, 10, 11, 13]",12,False,1.705733434536393e-05,3.6415645263946037e-07,5.564392630908157e-06,120.0
E22,606,606,576,30,60,0.9504950495049505,0.9056603773584906,0.927536231884058,raja,S12/S25_20190124_060024_2,all_channel,mean,mean__all_channel__E22,32,14,"[0, 1, 2, 4, 5, 6, 7, 8, 9, 10, 11, 13]",12,False,5.005370749616418e-05,-3.664667322046735e-08,1.6696784723128218e-05,120.0
E9,600,600,569,31,67,0.9483333333333334,0.8946540880503144,0.9207119741100324,raja,S12/S25_20190124_060024_2,all_channel,mean,mean__all_channel__E9,32,14,"[0, 1, 2, 4, 5, 6, 7, 8, 9, 10, 11, 13]",12,False,3.5896332292209966e-05,-2.9730377328241503e-08,1.1975354223179402e-05,120.0
E23,585,585,537,48,99,0.9179487179487179,0.8443396226415094,0.8796068796068794,raja,S12/S25_20190124_060024_2,all_channel,mean,mean__all_channel__E23,32,14,"[0, 1, 2, 4, 5, 6, 7, 8, 9, 10, 11, 13]",12,False,3.408591075190519e-05,-1.8978178488830344e-08,1.136829631013134e-05,120.0
E11,553,553,518,35,118,0.9367088607594937,0.8144654088050315,0.8713204373423046,raja,S12/S25_20190124_060024_2,all_channel,mean,mean__all_channel__E11,32,14,"[0, 1, 2, 4, 5, 6, 7, 8, 9, 10, 11, 13]",12,False,2.1060716641034948e-05,-1.4323838183272384e-08,7.02501349307274e-06,120.0
E26,600,600,532,68,104,0.8866666666666667,0.8364779874213837,0.86084142394822,raja,S12/S25_20190124_060024_2,all_channel,mean,mean__all_channel__E26,32,14,"[0, 1, 2, 4, 5, 6, 7, 8, 9, 10, 11, 13]",12,False,2.636380156778809e-05,-1.8641340729188867e-08,8.794147636172428e-06,120.0
E3,457,457,449,8,187,0.9824945295404814,0.7059748427672956,0.8215919487648673,raja,S12/S25_20190124_060024_2,all_channel,mean,mean__all_channel__E3,32,14,"[0, 1, 2, 4, 5, 6, 7, 8, 9, 10, 11, 13]",12,False,2.85298646665537e-05,-1.5694225017910515e-08,9.515186297190537e-06,120.0
E24,272,272,245,27,391,0.9007352941176471,0.38522012578616355,0.5396475770925111,raja,S12/S25_20190124_060024_2,all_channel,mean,mean__all_channel__E24,32,14,"[0, 1, 2, 4, 5, 6, 7, 8, 9, 10, 11, 13]",12,False,2.911718069062507e-05,-3.5221249565338725e-09,9.706900938527202e-06,120.0
E124,61,61,48,13,588,0.7868852459016393,0.07547169811320754,0.13773314203730272,raja,S12/S25_20190124_060024_2,all_channel,mean,mean__all_channel__E124,32,14,"[0, 1, 2, 4, 5, 6, 7, 8, 9, 10, 11, 13]",12,False,3.06918024599555e-05,2.6336236278981667e-08,1.022182207455884e-05,120.0
E33,193,193,57,136,579,0.29533678756476683,0.08962264150943396,0.13751507840772015,raja,S12/S25_20190124_060024_2,all_channel,mean,mean__all_channel__E33,32,14,"[0, 1, 2, 4, 5, 6, 7, 8, 9, 10, 11, 13]",12,False,2.960346487402384e-05,1.2831620256042636e-08,9.863544417922599e-06,120.0
E28,104,104,50,54,586,0.4807692307692308,0.07861635220125786,0.13513513513513514,raja,S12/S25_20190124_060024_2,all_channel,mean,mean__all_channel__E28,32,14,"[0, 1, 2, 4, 5, 6, 7, 8, 9, 10, 11, 13]",12,False,2.404908543407082e-05,7.056747232277628e-09,8.014009562279515e-06,120.0
E122,125,125,21,104,615,0.168,0.0330188679245283,0.05519053876478318,raja,S12/S25_20190124_060024_2,all_channel,mean,mean__all_channel__E122,32,14,"[0, 1, 2, 4, 5, 6, 7, 8, 9, 10, 11, 13]",12,False,2.4600985509803486e-05,-1.4621978425616575e-09,8.200815902548683e-06,120.0
E77,135,135,19,116,617,0.14074074074074075,0.029874213836477988,0.04928664072632945,raja,S12/S25_20190124_060024_2,all_channel,mean,mean__all_channel__E77,32,14,"[0, 1, 2, 4, 5, 6, 7, 8, 9, 10, 11, 13]",12,False,1.8656480432336748e-05,-5.561098319717733e-09,6.220680510218822e-06,120.0
E84,107,107,17,90,619,0.1588785046728972,0.026729559748427674,0.045760430686406464,raja,S12/S25_20190124_060024_2,all_channel,mean,mean__all_channel__E84,32,14,"[0, 1, 2, 4, 5, 6, 7, 8, 9, 10, 11, 13]",12,False,1.9799366627728273e-05,-4.670798015136698e-10,6.599944569176595e-06,120.0
E67,128,128,17,111,619,0.1328125,0.026729559748427674,0.044502617801047126,raja,S12/S25_20190124_060024_2,all_channel,mean,mean__all_channel__E67,32,14,"[0, 1, 2, 4, 5, 6, 7, 8, 9, 10, 11, 13]",12,False,1.7627620656081883e-05,1.6991206693617746e-09,5.87530717847084e-06,120.0
E62,131,131,17,114,619,0.1297709923664122,0.026729559748427674,0.04432855280312908,raja,S12/S25_20190124_060024_2,all_channel,mean,mean__all_channel__E62,32,14,"[0, 1, 2, 4, 5, 6, 7, 8, 9, 10, 11, 13]",12,False,2.3642362126332106e-05,1.2622524214250484e-08,7.876579867372618e-06,120.0
E112,45,45,13,32,623,0.28888888888888886,0.020440251572327043,0.0381791483113069,raja,S12/S25_20190124_060024_2,all_channel,mean,mean__all_channel__E112,32,14,"[0, 1, 2, 4, 5, 6, 7, 8, 9, 10, 11, 13]",12,False,1.6704668387615828e-05,-1.0490708113563573e-09,5.5685724861423946e-06,120.0
E40,77,77,13,64,623,0.16883116883116883,0.020440251572327043,0.0364656381486676,raja,S12/S25_20190124_060024_2,all_channel,mean,mean__all_channel__E40,32,14,"[0, 1, 2, 4, 5, 6, 7, 8, 9, 10, 11, 13]",12,False,1.7693802186261958e-05,1.7365792299536957e-08,5.89214546465414e-06,120.0
E13,37,37,12,25,624,0.32432432432432434,0.018867924528301886,0.03566121842496285,raja,S12/S25_20190124_060024_2,all_channel,mean,mean__all_channel__E13,32,14,"[0, 1, 2, 4, 5, 6, 7, 8, 9, 10, 11, 13]",12,False,1.9040083227431603e-05,3.977057257229551e-09,6.3453687233914575e-06,120.0
E109,58,58,10,48,626,0.1724137931034483,0.015723270440251572,0.028818443804034585,raja,S12/S25_20190124_060024_2,all_channel,mean,mean__all_channel__E109,32,14,"[0, 1, 2, 4, 5, 6, 7, 8, 9, 10, 11, 13]",12,False,1.9117875736391207e-05,1.9259074478270918e-08,6.366205553970979e-06,120.0
E91,87,87,10,77,626,0.11494252873563218,0.015723270440251572,0.027662517289073305,raja,S12/S25_20190124_060024_2,all_channel,mean,mean__all_channel__E91,32,14,"[0, 1, 2, 4, 5, 6, 7, 8, 9, 10, 11, 13]",12,False,2.8498959551375898e-05,5.4496022738454025e-08,9.481487842879149e-06,120.0
E75,75,75,9,66,627,0.12,0.014150943396226415,0.02531645569620253,raja,S12/S25_20190124_060024_2,all_channel,mean,mean__all_channel__E75,32,14,"[0, 1, 2, 4, 5, 6, 7, 8, 9, 10, 11, 13]",12,False,1.605560794448388e-05,-5.730047775248232e-09,5.3537793307530424e-06,120.0
E37,32,32,8,24,628,0.25,0.012578616352201259,0.023952095808383235,raja,S12/S25_20190124_060024_2,all_channel,mean,mean__all_channel__E37,32,14,"[0, 1, 2, 4, 5, 6, 7, 8, 9, 10, 11, 13]",12,False,1.8528990780500438e-05,2.640124806651279e-10,6.176242256006591e-06,120.0
E83,72,72,8,64,628,0.1111111111111111,0.012578616352201259,0.022598870056497175,raja,S12/S25_20190124_060024_2,all_channel,mean,mean__all_channel__E83,32,14,"[0, 1, 2, 4, 5, 6, 7, 8, 9, 10, 11, 13]",12,False,1.6590741478159547e-05,-3.786552039153206e-09,5.5315093433995675e-06,120.0
E117,36,36,6,30,630,0.16666666666666666,0.009433962264150943,0.017857142857142856,raja,S12/S25_20190124_060024_2,all_channel,mean,mean__all_channel__E117,32,14,"[0, 1, 2, 4, 5, 6, 7, 8, 9, 10, 11, 13]",12,False,0.00010718058948758508,1.8961127747916563e-07,3.566365940336864e-05,120.0
E59,38,38,5,33,631,0.13157894736842105,0.007861635220125786,0.014836795252225518,raja,S12/S25_20190124_060024_2,all_channel,mean,mean__all_channel__E59,32,14,"[0, 1, 2, 4, 5, 6, 7, 8, 9, 10, 11, 13]",12,False,1.3955581533469248e-05,-5.700737139766266e-09,4.653760756869671e-06,120.0
E47,40,40,5,35,631,0.125,0.007861635220125786,0.014792899408284025,raja,S12/S25_20190124_060024_2,all_channel,mean,mean__all_channel__E47,32,14,"[0, 1, 2, 4, 5, 6, 7, 8, 9, 10, 11, 13]",12,False,1.6733934480822835e-05,1.3691611413991582e-09,5.577521773227146e-06,120.0
E104,33,33,4,29,632,0.12121212121212122,0.006289308176100629,0.01195814648729447,raja,S12/S25_20190124_060024_2,all_channel,mean,mean__all_channel__E104,32,14,"[0, 1, 2, 4, 5, 6, 7, 8, 9, 10, 11, 13]",12,False,1.671664783463598e-05,5.002896064163345e-09,5.570548312857272e-06,120.0
E87,40,40,4,36,632,0.1,0.006289308176100629,0.01183431952662722,raja,S12/S25_20190124_060024_2,all_channel,mean,mean__all_channel__E87,32,14,"[0, 1, 2, 4, 5, 6, 7, 8, 9, 10, 11, 13]",12,False,1.6921625212827757e-05,-3.7002586500974553e-09,5.641775157159285e-06,120.0
E60,49,49,4,45,632,0.08163265306122448,0.006289308176100629,0.01167883211678832,raja,S12/S25_20190124_060024_2,all_channel,mean,mean__all_channel__E60,32,14,"[0, 1, 2, 4, 5, 6, 7, 8, 9, 10, 11, 13]",12,False,1.4604799946234183e-05,-2.3257449272902073e-09,4.869041897053824e-06,120.0
E98,36,36,3,33,633,0.08333333333333333,0.0047169811320754715,0.008928571428571428,raja,S12/S25_20190124_060024_2,all_channel,mean,mean__all_channel__E98,32,14,"[0, 1, 2, 4, 5, 6, 7, 8, 9, 10, 11, 13]",12,False,1.5356243097892124e-05,5.632160953465148e-09,5.116870312312886e-06,120.0
E70,46,46,3,43,633,0.06521739130434782,0.0047169811320754715,0.008797653958944282,raja,S12/S25_20190124_060024_2,all_channel,mean,mean__all_channel__E70,32,14,"[0, 1, 2, 4, 5, 6, 7, 8, 9, 10, 11, 13]",12,False,1.660323251231611e-05,-2.021890553926637e-09,5.535084800956678e-06,120.0
E85,52,52,3,49,633,0.057692307692307696,0.0047169811320754715,0.00872093023255814,raja,S12/S25_20190124_060024_2,all_channel,mean,mean__all_channel__E85,32,14,"[0, 1, 2, 4, 5, 6, 7, 8, 9, 10, 11, 13]",12,False,1.6696742466233267e-05,3.564573508796565e-09,5.564392630908157e-06,120.0
E22,590,590,568,22,68,0.9627118644067797,0.8930817610062893,0.9265905383360522,raja,S12/S25_20190124_060024_2,frontal,median,median__frontal__E22,6,14,"[0, 4]",2,False,5.8477514979830876e-05,-4.070197876214564e-06,2.0849237618681814e-05,120.0
E9,571,571,553,18,83,0.968476357267951,0.8694968553459119,0.9163214581607292,raja,S12/S25_20190124_060024_2,frontal,median,median__frontal__E9,6,14,"[0, 4]",2,False,4.467049299472654e-05,-2.2418285256867585e-06,1.5637440506804434e-05,120.0
E23,513,513,491,22,145,0.9571150097465887,0.7720125786163522,0.8546562228024368,raja,S12/S25_20190124_060024_2,frontal,median,median__frontal__E23,6,14,"[0, 4]",2,False,4.148463088538364e-05,-1.943488927164294e-06,1.4476039937515978e-05,120.0
E3,299,299,294,5,342,0.9832775919732442,0.46226415094339623,0.6288770053475936,raja,S12/S25_20190124_060024_2,frontal,median,median__frontal__E3,6,14,"[0, 4]",2,False,3.843581600027812e-05,-9.496989996815012e-07,1.3128504999986539e-05,120.0
E24,215,215,193,22,443,0.8976744186046511,0.30345911949685533,0.4535840188014101,raja,S12/S25_20190124_060024_2,frontal,median,median__frontal__E24,6,14,"[0, 4]",2,False,3.156690467311971e-05,-6.31190976015354e-07,1.0732698549711688e-05,120.0
E124,32,32,28,4,608,0.875,0.0440251572327044,0.08383233532934131,raja,S12/S25_20190124_060024_2,frontal,median,median__frontal__E124,6,14,"[0, 4]",2,False,3.517097255818513e-05,-2.591024593614203e-07,1.1810025005848851e-05,120.0
E22,584,584,562,22,74,0.9623287671232876,0.8836477987421384,0.921311475409836,raja,S12/S25_20190124_060024_2,frontal,mean,mean__frontal__E22,6,14,"[0, 4]",2,False,6.252022533446278e-05,-2.7487521582670342e-08,2.0849237618681814e-05,120.0
E9,566,566,552,14,84,0.9752650176678446,0.8679245283018868,0.91846921797005,raja,S12/S25_20190124_060024_2,frontal,mean,mean__frontal__E9,6,14,"[0, 4]",2,False,4.6874979821250765e-05,-3.7341699162534794e-08,1.5637440506804434e-05,120.0
E23,499,499,480,19,156,0.9619238476953907,0.7547169811320755,0.8458149779735684,raja,S12/S25_20190124_060024_2,frontal,mean,mean__frontal__E23,6,14,"[0, 4]",2,False,4.339245504036658e-05,-3.566477218135384e-08,1.4476039937515978e-05,120.0
E3,280,280,277,3,359,0.9892857142857143,0.43553459119496857,0.6048034934497817,raja,S12/S25_20190124_060024_2,frontal,mean,mean__frontal__E3,6,14,"[0, 4]",2,False,3.935955575263531e-05,-2.5959247324306668e-08,1.3128504999986539e-05,120.0
E24,210,210,190,20,446,0.9047619047619048,0.29874213836477986,0.44917257683215134,raja,S12/S25_20190124_060024_2,frontal,mean,mean__frontal__E24,6,14,"[0, 4]",2,False,3.218913379850044e-05,-8.961850634620691e-09,1.0732698549711688e-05,120.0
E124,32,32,28,4,608,0.875,0.0440251572327044,0.08383233532934131,raja,S12/S25_20190124_060024_2,frontal,mean,mean__frontal__E124,6,14,"[0, 4]",2,False,3.5415500350114035e-05,-1.4574667432518948e-08,1.1810025005848851e-05,120.0
E22,583,583,562,21,74,0.9639794168096055,0.8836477987421384,0.9220672682526662,raja,S12/S25_20190124_060024_2,frontal_left,median,median__frontal_left__E22,3,14,[4],1,False,6.156661998180793e-05,-5.856649591363452e-06,2.2474423191057127e-05,120.0
E23,553,553,522,31,114,0.9439421338155516,0.8207547169811321,0.878048780487805,raja,S12/S25_20190124_060024_2,frontal_left,median,median__frontal_left__E23,3,14,[4],1,False,3.686469217055991e-05,-2.785326348721504e-06,1.3216672839760472e-05,120.0
E24,227,227,205,22,431,0.9030837004405287,0.3223270440251572,0.4750869061413673,raja,S12/S25_20190124_060024_2,frontal_left,median,median__frontal_left__E24,3,14,[4],1,False,3.1111201920709585e-05,-7.676091807283236e-07,1.062627036714597e-05,120.0
E22,573,573,553,20,83,0.9650959860383944,0.8694968553459119,0.9148056244830437,raja,S12/S25_20190124_060024_2,frontal_left,mean,mean__frontal_left__E22,3,14,[4],1,False,6.741104445543752e-05,-1.2225117733866217e-08,2.2474423191057127e-05,120.0
E23,528,528,503,25,133,0.9526515151515151,0.7908805031446541,0.8642611683848798,raja,S12/S25_20190124_060024_2,frontal_left,mean,mean__frontal_left__E23,3,14,[4],1,False,3.96105700808148e-05,-3.944843846661705e-08,1.3216672839760472e-05,120.0
E24,213,213,193,20,443,0.9061032863849765,0.30345911949685533,0.4546525323910483,raja,S12/S25_20190124_060024_2,frontal_left,mean,mean__frontal_left__E24,3,14,[4],1,False,3.189249992297448e-05,1.3688821536571961e-08,1.062627036714597e-05,120.0
E9,571,571,553,18,83,0.968476357267951,0.8694968553459119,0.9163214581607292,raja,S12/S25_20190124_060024_2,frontal_right,median,median__frontal_right__E9,3,14,"[0, 4]",2,False,4.467049299472654e-05,-2.2418285256867585e-06,1.5637440506804434e-05,120.0
E3,299,299,294,5,342,0.9832775919732442,0.46226415094339623,0.6288770053475936,raja,S12/S25_20190124_060024_2,frontal_right,median,median__frontal_right__E3,3,14,"[0, 4]",2,False,3.843581600027812e-05,-9.496989996815012e-07,1.3128504999986539e-05,120.0
E124,32,32,28,4,608,0.875,0.0440251572327044,0.08383233532934131,raja,S12/S25_20190124_060024_2,frontal_right,median,median__frontal_right__E124,3,14,"[0, 4]",2,False,3.517097255818513e-05,-2.591024593614203e-07,1.1810025005848851e-05,120.0
E9,566,566,552,14,84,0.9752650176678446,0.8679245283018868,0.91846921797005,raja,S12/S25_20190124_060024_2,frontal_right,mean,mean__frontal_right__E9,3,14,"[0, 4]",2,False,4.6874979821250765e-05,-3.7341699162534794e-08,1.5637440506804434e-05,120.0
E3,280,280,277,3,359,0.9892857142857143,0.43553459119496857,0.6048034934497817,raja,S12/S25_20190124_060024_2,frontal_right,mean,mean__frontal_right__E3,3,14,"[0, 4]",2,False,3.935955575263531e-05,-2.5959247324306668e-08,1.3128504999986539e-05,120.0
E124,32,32,28,4,608,0.875,0.0440251572327044,0.08383233532934131,raja,S12/S25_20190124_060024_2,frontal_right,mean,mean__frontal_right__E124,3,14,"[0, 4]",2,False,3.5415500350114035e-05,-1.4574667432518948e-08,1.1810025005848851e-05,120.0
