channel,raw_candidate_count,mapped_candidate_count,tp,fp,fn,precision,recall,f1,dataset,session,selection,center_method,condition,n_channels_used,n_valid,flagged_valid_epoch_indices,n_flagged,used_all_epochs,blink_region_threshold,threshold_center,threshold_dispersion,epoch_duration_s
E22,471,471,319,152,136,0.6772823779193206,0.701098901098901,0.6889848812095032,raja,S18/S31_20190115_035853_2,all_channel,median,median__all_channel__E22,32,179,"[2, 4, 5, 6, 8, 12, 13, 14, 17, 18, 20, 21, 22, 23, 25, 26, 27, 28, 29, 30, 31, 34, 35, 37, 38, 39, 41, 44, 45, 47, 48, 52, 54, 55, 56, 57, 58, 59, 62, 63, 64, 66, 67, 68, 69, 71, 72, 73, 74, 76, 78, 79, 80, 81, 82, 83, 84, 85, 87, 88, 89, 90, 92, 94, 95, 96, 97, 99, 103, 104, 105, 110, 111, 112, 113, 114, 115, 116, 117, 118, 119, 120, 122, 123, 124, 125, 127, 128, 130, 131, 132, 133, 134, 135, 136, 137, 138, 139, 140, 141, 142, 144, 145, 146, 149, 151, 152, 153, 154, 155, 156, 157, 158, 159, 160, 162, 163, 164, 165, 166, 167, 168, 169, 170, 171, 172, 173, 174, 176, 177, 178]",131,False,2.8472638264128732e-05,-1.5233200397500795e-06,9.998652767959603e-06,10.0
E9,472,472,313,159,142,0.663135593220339,0.6879120879120879,0.6752966558791802,raja,S18/S31_20190115_035853_2,all_channel,median,median__all_channel__E9,32,179,"[2, 4, 5, 6, 8, 12, 13, 14, 17, 18, 20, 21, 22, 23, 25, 26, 27, 28, 29, 30, 31, 34, 35, 37, 38, 39, 41, 44, 45, 47, 48, 52, 54, 55, 56, 57, 58, 59, 62, 63, 64, 66, 67, 68, 69, 71, 72, 73, 74, 76, 78, 79, 80, 81, 82, 83, 84, 85, 87, 88, 89, 90, 92, 94, 95, 96, 97, 99, 103, 104, 105, 110, 111, 112, 113, 114, 115, 116, 117, 118, 119, 120, 122, 123, 124, 125, 127, 128, 130, 131, 132, 133, 134, 135, 136, 137, 138, 139, 140, 141, 142, 144, 145, 146, 149, 151, 152, 153, 154, 155, 156, 157, 158, 159, 160, 162, 163, 164, 165, 166, 167, 168, 169, 170, 171, 172, 173, 174, 176, 177, 178]",131,False,2.9165067598094043e-05,-1.4528123154874513e-06,1.0205959971193832e-05,10.0
E3,459,459,284,175,171,0.6187363834422658,0.6241758241758242,0.6214442013129103,raja,S18/S31_20190115_035853_2,all_channel,median,median__all_channel__E3,32,179,"[2, 4, 5, 6, 8, 12, 13, 14, 17, 18, 20, 21, 22, 23, 25, 26, 27, 28, 29, 30, 31, 34, 35, 37, 38, 39, 41, 44, 45, 47, 48, 52, 54, 55, 56, 57, 58, 59, 62, 63, 64, 66, 67, 68, 69, 71, 72, 73, 74, 76, 78, 79, 80, 81, 82, 83, 84, 85, 87, 88, 89, 90, 92, 94, 95, 96, 97, 99, 103, 104, 105, 110, 111, 112, 113, 114, 115, 116, 117, 118, 119, 120, 122, 123, 124, 125, 127, 128, 130, 131, 132, 133, 134, 135, 136, 137, 138, 139, 140, 141, 142, 144, 145, 146, 149, 151, 152, 153, 154, 155, 156, 157, 158, 159, 160, 162, 163, 164, 165, 166, 167, 168, 169, 170, 171, 172, 173, 174, 176, 177, 178]",131,False,2.639506674120796e-05,-8.260076051362173e-07,9.073691448781392e-06,10.0
E23,448,448,273,175,182,0.609375,0.6,0.6046511627906976,raja,S18/S31_20190115_035853_2,all_channel,median,median__all_channel__E23,32,179,"[2, 4, 5, 6, 8, 12, 13, 14, 17, 18, 20, 21, 22, 23, 25, 26, 27, 28, 29, 30, 31, 34, 35, 37, 38, 39, 41, 44, 45, 47, 48, 52, 54, 55, 56, 57, 58, 59, 62, 63, 64, 66, 67, 68, 69, 71, 72, 73, 74, 76, 78, 79, 80, 81, 82, 83, 84, 85, 87, 88, 89, 90, 92, 94, 95, 96, 97, 99, 103, 104, 105, 110, 111, 112, 113, 114, 115, 116, 117, 118, 119, 120, 122, 123, 124, 125, 127, 128, 130, 131, 132, 133, 134, 135, 136, 137, 138, 139, 140, 141, 142, 144, 145, 146, 149, 151, 152, 153, 154, 155, 156, 157, 158, 159, 160, 162, 163, 164, 165, 166, 167, 168, 169, 170, 171, 172, 173, 174, 176, 177, 178]",131,False,2.6179128086581897e-05,-8.441550781103762e-07,9.007761054897424e-06,10.0
E26,428,428,248,180,207,0.5794392523364486,0.545054945054945,0.5617214043035107,raja,S18/S31_20190115_035853_2,all_channel,median,median__all_channel__E26,32,179,"[2, 4, 5, 6, 8, 12, 13, 14, 17, 18, 20, 21, 22, 23, 25, 26, 27, 28, 29, 30, 31, 34, 35, 37, 38, 39, 41, 44, 45, 47, 48, 52, 54, 55, 56, 57, 58, 59, 62, 63, 64, 66, 67, 68, 69, 71, 72, 73, 74, 76, 78, 79, 80, 81, 82, 83, 84, 85, 87, 88, 89, 90, 92, 94, 95, 96, 97, 99, 103, 104, 105, 110, 111, 112, 113, 114, 115, 116, 117, 118, 119, 120, 122, 123, 124, 125, 127, 128, 130, 131, 132, 133, 134, 135, 136, 137, 138, 139, 140, 141, 142, 144, 145, 146, 149, 151, 152, 153, 154, 155, 156, 157, 158, 159, 160, 162, 163, 164, 165, 166, 167, 168, 169, 170, 171, 172, 173, 174, 176, 177, 178]",131,False,3.2971719229916624e-05,-7.27844233919691e-07,1.1233187821278772e-05,10.0
E11,334,334,180,154,275,0.5389221556886228,0.3956043956043956,0.4562737642585552,raja,S18/S31_20190115_035853_2,all_channel,median,median__all_channel__E11,32,179,"[2, 4, 5, 6, 8, 12, 13, 14, 17, 18, 20, 21, 22, 23, 25, 26, 27, 28, 29, 30, 31, 34, 35, 37, 38, 39, 41, 44, 45, 47, 48, 52, 54, 55, 56, 57, 58, 59, 62, 63, 64, 66, 67, 68, 69, 71, 72, 73, 74, 76, 78, 79, 80, 81, 82, 83, 84, 85, 87, 88, 89, 90, 92, 94, 95, 96, 97, 99, 103, 104, 105, 110, 111, 112, 113, 114, 115, 116, 117, 118, 119, 120, 122, 123, 124, 125, 127, 128, 130, 131, 132, 133, 134, 135, 136, 137, 138, 139, 140, 141, 142, 144, 145, 146, 149, 151, 152, 153, 154, 155, 156, 157, 158, 159, 160, 162, 163, 164, 165, 166, 167, 168, 169, 170, 171, 172, 173, 174, 176, 177, 178]",131,False,2.5866197285436285e-05,-5.454321799072417e-07,8.803876488447842e-06,10.0
E124,275,275,150,125,305,0.5454545454545454,0.32967032967032966,0.4109589041095891,raja,S18/S31_20190115_035853_2,all_channel,median,median__all_channel__E124,32,179,"[2, 4, 5, 6, 8, 12, 13, 14, 17, 18, 20, 21, 22, 23, 25, 26, 27, 28, 29, 30, 31, 34, 35, 37, 38, 39, 41, 44, 45, 47, 48, 52, 54, 55, 56, 57, 58, 59, 62, 63, 64, 66, 67, 68, 69, 71, 72, 73, 74, 76, 78, 79, 80, 81, 82, 83, 84, 85, 87, 88, 89, 90, 92, 94, 95, 96, 97, 99, 103, 104, 105, 110, 111, 112, 113, 114, 115, 116, 117, 118, 119, 120, 122, 123, 124, 125, 127, 128, 130, 131, 132, 133, 134, 135, 136, 137, 138, 139, 140, 141, 142, 144, 145, 146, 149, 151, 152, 153, 154, 155, 156, 157, 158, 159, 160, 162, 163, 164, 165, 166, 167, 168, 169, 170, 171, 172, 173, 174, 176, 177, 178]",131,False,2.3536494977199435e-05,-4.466978166954188e-07,7.994397597964952e-06,10.0
E24,146,146,69,77,386,0.4726027397260274,0.15164835164835164,0.22961730449251244,raja,S18/S31_20190115_035853_2,all_channel,median,median__all_channel__E24,32,179,"[2, 4, 5, 6, 8, 12, 13, 14, 17, 18, 20, 21, 22, 23, 25, 26, 27, 28, 29, 30, 31, 34, 35, 37, 38, 39, 41, 44, 45, 47, 48, 52, 54, 55, 56, 57, 58, 59, 62, 63, 64, 66, 67, 68, 69, 71, 72, 73, 74, 76, 78, 79, 80, 81, 82, 83, 84, 85, 87, 88, 89, 90, 92, 94, 95, 96, 97, 99, 103, 104, 105, 110, 111, 112, 113, 114, 115, 116, 117, 118, 119, 120, 122, 123, 124, 125, 127, 128, 130, 131, 132, 133, 134, 135, 136, 137, 138, 139, 140, 141, 142, 144, 145, 146, 149, 151, 152, 153, 154, 155, 156, 157, 158, 159, 160, 162, 163, 164, 165, 166, 167, 168, 169, 170, 171, 172, 173, 174, 176, 177, 178]",131,False,2.5433754292814144e-05,-2.618719113666213e-07,8.565208734726921e-06,10.0
E122,75,75,26,49,429,0.3466666666666667,0.05714285714285714,0.0981132075471698,raja,S18/S31_20190115_035853_2,all_channel,median,median__all_channel__E122,32,179,"[2, 4, 5, 6, 8, 12, 13, 14, 17, 18, 20, 21, 22, 23, 25, 26, 27, 28, 29, 30, 31, 34, 35, 37, 38, 39, 41, 44, 45, 47, 48, 52, 54, 55, 56, 57, 58, 59, 62, 63, 64, 66, 67, 68, 69, 71, 72, 73, 74, 76, 78, 79, 80, 81, 82, 83, 84, 85, 87, 88, 89, 90, 92, 94, 95, 96, 97, 99, 103, 104, 105, 110, 111, 112, 113, 114, 115, 116, 117, 118, 119, 120, 122, 123, 124, 125, 127, 128, 130, 131, 132, 133, 134, 135, 136, 137, 138, 139, 140, 141, 142, 144, 145, 146, 149, 151, 152, 153, 154, 155, 156, 157, 158, 159, 160, 162, 163, 164, 165, 166, 167, 168, 169, 170, 171, 172, 173, 174, 176, 177, 178]",131,False,2.6823013254924702e-05,2.3700710533345597e-07,8.862002049863748e-06,10.0
E117,50,50,21,29,434,0.42,0.046153846153846156,0.08316831683168317,raja,S18/S31_20190115_035853_2,all_channel,median,median__all_channel__E117,32,179,"[2, 4, 5, 6, 8, 12, 13, 14, 17, 18, 20, 21, 22, 23, 25, 26, 27, 28, 29, 30, 31, 34, 35, 37, 38, 39, 41, 44, 45, 47, 48, 52, 54, 55, 56, 57, 58, 59, 62, 63, 64, 66, 67, 68, 69, 71, 72, 73, 74, 76, 78, 79, 80, 81, 82, 83, 84, 85, 87, 88, 89, 90, 92, 94, 95, 96, 97, 99, 103, 104, 105, 110, 111, 112, 113, 114, 115, 116, 117, 118, 119, 120, 122, 123, 124, 125, 127, 128, 130, 131, 132, 133, 134, 135, 136, 137, 138, 139, 140, 141, 142, 144, 145, 146, 149, 151, 152, 153, 154, 155, 156, 157, 158, 159, 160, 162, 163, 164, 165, 166, 167, 168, 169, 170, 171, 172, 173, 174, 176, 177, 178]",131,False,2.329967564818315e-05,-1.0201226418818097e-07,7.80056263745711e-06,10.0
E33,79,79,15,64,440,0.189873417721519,0.03296703296703297,0.056179775280898875,raja,S18/S31_20190115_035853_2,all_channel,median,median__all_channel__E33,32,179,"[2, 4, 5, 6, 8, 12, 13, 14, 17, 18, 20, 21, 22, 23, 25, 26, 27, 28, 29, 30, 31, 34, 35, 37, 38, 39, 41, 44, 45, 47, 48, 52, 54, 55, 56, 57, 58, 59, 62, 63, 64, 66, 67, 68, 69, 71, 72, 73, 74, 76, 78, 79, 80, 81, 82, 83, 84, 85, 87, 88, 89, 90, 92, 94, 95, 96, 97, 99, 103, 104, 105, 110, 111, 112, 113, 114, 115, 116, 117, 118, 119, 120, 122, 123, 124, 125, 127, 128, 130, 131, 132, 133, 134, 135, 136, 137, 138, 139, 140, 141, 142, 144, 145, 146, 149, 151, 152, 153, 154, 155, 156, 157, 158, 159, 160, 162, 163, 164, 165, 166, 167, 168, 169, 170, 171, 172, 173, 174, 176, 177, 178]",131,False,3.1283876565524605e-05,4.390153197925842e-07,1.0281620415244007e-05,10.0
E60,24,24,10,14,445,0.4166666666666667,0.02197802197802198,0.04175365344467641,raja,S18/S31_20190115_035853_2,all_channel,median,median__all_channel__E60,32,179,"[2, 4, 5, 6, 8, 12, 13, 14, 17, 18, 20, 21, 22, 23, 25, 26, 27, 28, 29, 30, 31, 34, 35, 37, 38, 39, 41, 44, 45, 47, 48, 52, 54, 55, 56, 57, 58, 59, 62, 63, 64, 66, 67, 68, 69, 71, 72, 73, 74, 76, 78, 79, 80, 81, 82, 83, 84, 85, 87, 88, 89, 90, 92, 94, 95, 96, 97, 99, 103, 104, 105, 110, 111, 112, 113, 114, 115, 116, 117, 118, 119, 120, 122, 123, 124, 125, 127, 128, 130, 131, 132, 133, 134, 135, 136, 137, 138, 139, 140, 141, 142, 144, 145, 146, 149, 151, 152, 153, 154, 155, 156, 157, 158, 159, 160, 162, 163, 164, 165, 166, 167, 168, 169, 170, 171, 172, 173, 174, 176, 177, 178]",131,False,1.9898926556376012e-05,2.3692331040038694e-07,6.554001081991875e-06,10.0
E67,43,43,10,33,445,0.23255813953488372,0.02197802197802198,0.04016064257028113,raja,S18/S31_20190115_035853_2,all_channel,median,median__all_channel__E67,32,179,"[2, 4, 5, 6, 8, 12, 13, 14, 17, 18, 20, 21, 22, 23, 25, 26, 27, 28, 29, 30, 31, 34, 35, 37, 38, 39, 41, 44, 45, 47, 48, 52, 54, 55, 56, 57, 58, 59, 62, 63, 64, 66, 67, 68, 69, 71, 72, 73, 74, 76, 78, 79, 80, 81, 82, 83, 84, 85, 87, 88, 89, 90, 92, 94, 95, 96, 97, 99, 103, 104, 105, 110, 111, 112, 113, 114, 115, 116, 117, 118, 119, 120, 122, 123, 124, 125, 127, 128, 130, 131, 132, 133, 134, 135, 136, 137, 138, 139, 140, 141, 142, 144, 145, 146, 149, 151, 152, 153, 154, 155, 156, 157, 158, 159, 160, 162, 163, 164, 165, 166, 167, 168, 169, 170, 171, 172, 173, 174, 176, 177, 178]",131,False,2.11479194508209e-05,1.3590165556753544e-07,7.0040059317511215e-06,10.0
E75,47,47,10,37,445,0.2127659574468085,0.02197802197802198,0.03984063745019921,raja,S18/S31_20190115_035853_2,all_channel,median,median__all_channel__E75,32,179,"[2, 4, 5, 6, 8, 12, 13, 14, 17, 18, 20, 21, 22, 23, 25, 26, 27, 28, 29, 30, 31, 34, 35, 37, 38, 39, 41, 44, 45, 47, 48, 52, 54, 55, 56, 57, 58, 59, 62, 63, 64, 66, 67, 68, 69, 71, 72, 73, 74, 76, 78, 79, 80, 81, 82, 83, 84, 85, 87, 88, 89, 90, 92, 94, 95, 96, 97, 99, 103, 104, 105, 110, 111, 112, 113, 114, 115, 116, 117, 118, 119, 120, 122, 123, 124, 125, 127, 128, 130, 131, 132, 133, 134, 135, 136, 137, 138, 139, 140, 141, 142, 144, 145, 146, 149, 151, 152, 153, 154, 155, 156, 157, 158, 159, 160, 162, 163, 164, 165, 166, 167, 168, 169, 170, 171, 172, 173, 174, 176, 177, 178]",131,False,2.4753858103413533e-05,-7.809954972615111e-08,8.277319217713227e-06,10.0
E104,109,109,10,99,445,0.09174311926605505,0.02197802197802198,0.03546099290780142,raja,S18/S31_20190115_035853_2,all_channel,median,median__all_channel__E104,32,179,"[2, 4, 5, 6, 8, 12, 13, 14, 17, 18, 20, 21, 22, 23, 25, 26, 27, 28, 29, 30, 31, 34, 35, 37, 38, 39, 41, 44, 45, 47, 48, 52, 54, 55, 56, 57, 58, 59, 62, 63, 64, 66, 67, 68, 69, 71, 72, 73, 74, 76, 78, 79, 80, 81, 82, 83, 84, 85, 87, 88, 89, 90, 92, 94, 95, 96, 97, 99, 103, 104, 105, 110, 111, 112, 113, 114, 115, 116, 117, 118, 119, 120, 122, 123, 124, 125, 127, 128, 130, 131, 132, 133, 134, 135, 136, 137, 138, 139, 140, 141, 142, 144, 145, 146, 149, 151, 152, 153, 154, 155, 156, 157, 158, 159, 160, 162, 163, 164, 165, 166, 167, 168, 169, 170, 171, 172, 173, 174, 176, 177, 178]",131,False,3.2440879600360973e-05,1.6690307481310032e-08,1.0808063097626554e-05,10.0
E28,29,29,8,21,447,0.27586206896551724,0.017582417582417582,0.03305785123966942,raja,S18/S31_20190115_035853_2,all_channel,median,median__all_channel__E28,32,179,"[2, 4, 5, 6, 8, 12, 13, 14, 17, 18, 20, 21, 22, 23, 25, 26, 27, 28, 29, 30, 31, 34, 35, 37, 38, 39, 41, 44, 45, 47, 48, 52, 54, 55, 56, 57, 58, 59, 62, 63, 64, 66, 67, 68, 69, 71, 72, 73, 74, 76, 78, 79, 80, 81, 82, 83, 84, 85, 87, 88, 89, 90, 92, 94, 95, 96, 97, 99, 103, 104, 105, 110, 111, 112, 113, 114, 115, 116, 117, 118, 119, 120, 122, 123, 124, 125, 127, 128, 130, 131, 132, 133, 134, 135, 136, 137, 138, 139, 140, 141, 142, 144, 145, 146, 149, 151, 152, 153, 154, 155, 156, 157, 158, 159, 160, 162, 163, 164, 165, 166, 167, 168, 169, 170, 171, 172, 173, 174, 176, 177, 178]",131,False,2.4278390637239116e-05,1.6418088920704736e-08,8.087324182772804e-06,10.0
E59,23,23,7,16,448,0.30434782608695654,0.015384615384615385,0.029288702928870293,raja,S18/S31_20190115_035853_2,all_channel,median,median__all_channel__E59,32,179,"[2, 4, 5, 6, 8, 12, 13, 14, 17, 18, 20, 21, 22, 23, 25, 26, 27, 28, 29, 30, 31, 34, 35, 37, 38, 39, 41, 44, 45, 47, 48, 52, 54, 55, 56, 57, 58, 59, 62, 63, 64, 66, 67, 68, 69, 71, 72, 73, 74, 76, 78, 79, 80, 81, 82, 83, 84, 85, 87, 88, 89, 90, 92, 94, 95, 96, 97, 99, 103, 104, 105, 110, 111, 112, 113, 114, 115, 116, 117, 118, 119, 120, 122, 123, 124, 125, 127, 128, 130, 131, 132, 133, 134, 135, 136, 137, 138, 139, 140, 141, 142, 144, 145, 146, 149, 151, 152, 153, 154, 155, 156, 157, 158, 159, 160, 162, 163, 164, 165, 166, 167, 168, 169, 170, 171, 172, 173, 174, 176, 177, 178]",131,False,2.0994004249841028e-05,2.7319212786254425e-07,6.906937373992828e-06,10.0
E70,31,31,7,24,448,0.22580645161290322,0.015384615384615385,0.02880658436213992,raja,S18/S31_20190115_035853_2,all_channel,median,median__all_channel__E70,32,179,"[2, 4, 5, 6, 8, 12, 13, 14, 17, 18, 20, 21, 22, 23, 25, 26, 27, 28, 29, 30, 31, 34, 35, 37, 38, 39, 41, 44, 45, 47, 48, 52, 54, 55, 56, 57, 58, 59, 62, 63, 64, 66, 67, 68, 69, 71, 72, 73, 74, 76, 78, 79, 80, 81, 82, 83, 84, 85, 87, 88, 89, 90, 92, 94, 95, 96, 97, 99, 103, 104, 105, 110, 111, 112, 113, 114, 115, 116, 117, 118, 119, 120, 122, 123, 124, 125, 127, 128, 130, 131, 132, 133, 134, 135, 136, 137, 138, 139, 140, 141, 142, 144, 145, 146, 149, 151, 152, 153, 154, 155, 156, 157, 158, 159, 160, 162, 163, 164, 165, 166, 167, 168, 169, 170, 171, 172, 173, 174, 176, 177, 178]",131,False,2.570899452350531e-05,1.663176882492663e-08,8.564120918226795e-06,10.0
E112,33,33,7,26,448,0.21212121212121213,0.015384615384615385,0.02868852459016394,raja,S18/S31_20190115_035853_2,all_channel,median,median__all_channel__E112,32,179,"[2, 4, 5, 6, 8, 12, 13, 14, 17, 18, 20, 21, 22, 23, 25, 26, 27, 28, 29, 30, 31, 34, 35, 37, 38, 39, 41, 44, 45, 47, 48, 52, 54, 55, 56, 57, 58, 59, 62, 63, 64, 66, 67, 68, 69, 71, 72, 73, 74, 76, 78, 79, 80, 81, 82, 83, 84, 85, 87, 88, 89, 90, 92, 94, 95, 96, 97, 99, 103, 104, 105, 110, 111, 112, 113, 114, 115, 116, 117, 118, 119, 120, 122, 123, 124, 125, 127, 128, 130, 131, 132, 133, 134, 135, 136, 137, 138, 139, 140, 141, 142, 144, 145, 146, 149, 151, 152, 153, 154, 155, 156, 157, 158, 159, 160, 162, 163, 164, 165, 166, 167, 168, 169, 170, 171, 172, 173, 174, 176, 177, 178]",131,False,2.1682718901919755e-05,-3.86509136473057e-08,7.24045660518902e-06,10.0
E77,33,33,7,26,448,0.21212121212121213,0.015384615384615385,0.02868852459016394,raja,S18/S31_20190115_035853_2,all_channel,median,median__all_channel__E77,32,179,"[2, 4, 5, 6, 8, 12, 13, 14, 17, 18, 20, 21, 22, 23, 25, 26, 27, 28, 29, 30, 31, 34, 35, 37, 38, 39, 41, 44, 45, 47, 48, 52, 54, 55, 56, 57, 58, 59, 62, 63, 64, 66, 67, 68, 69, 71, 72, 73, 74, 76, 78, 79, 80, 81, 82, 83, 84, 85, 87, 88, 89, 90, 92, 94, 95, 96, 97, 99, 103, 104, 105, 110, 111, 112, 113, 114, 115, 116, 117, 118, 119, 120, 122, 123, 124, 125, 127, 128, 130, 131, 132, 133, 134, 135, 136, 137, 138, 139, 140, 141, 142, 144, 145, 146, 149, 151, 152, 153, 154, 155, 156, 157, 158, 159, 160, 162, 163, 164, 165, 166, 167, 168, 169, 170, 171, 172, 173, 174, 176, 177, 178]",131,False,2.128965350301547e-05,1.5860577339553668e-07,7.043682576539978e-06,10.0
E40,22,22,6,16,449,0.2727272727272727,0.013186813186813187,0.025157232704402514,raja,S18/S31_20190115_035853_2,all_channel,median,median__all_channel__E40,32,179,"[2, 4, 5, 6, 8, 12, 13, 14, 17, 18, 20, 21, 22, 23, 25, 26, 27, 28, 29, 30, 31, 34, 35, 37, 38, 39, 41, 44, 45, 47, 48, 52, 54, 55, 56, 57, 58, 59, 62, 63, 64, 66, 67, 68, 69, 71, 72, 73, 74, 76, 78, 79, 80, 81, 82, 83, 84, 85, 87, 88, 89, 90, 92, 94, 95, 96, 97, 99, 103, 104, 105, 110, 111, 112, 113, 114, 115, 116, 117, 118, 119, 120, 122, 123, 124, 125, 127, 128, 130, 131, 132, 133, 134, 135, 136, 137, 138, 139, 140, 141, 142, 144, 145, 146, 149, 151, 152, 153, 154, 155, 156, 157, 158, 159, 160, 162, 163, 164, 165, 166, 167, 168, 169, 170, 171, 172, 173, 174, 176, 177, 178]",131,False,2.2850067832059326e-05,3.9575036555329424e-07,7.484772488835343e-06,10.0
E62,27,27,6,21,449,0.2222222222222222,0.013186813186813187,0.024896265560165977,raja,S18/S31_20190115_035853_2,all_channel,median,median__all_channel__E62,32,179,"[2, 4, 5, 6, 8, 12, 13, 14, 17, 18, 20, 21, 22, 23, 25, 26, 27, 28, 29, 30, 31, 34, 35, 37, 38, 39, 41, 44, 45, 47, 48, 52, 54, 55, 56, 57, 58, 59, 62, 63, 64, 66, 67, 68, 69, 71, 72, 73, 74, 76, 78, 79, 80, 81, 82, 83, 84, 85, 87, 88, 89, 90, 92, 94, 95, 96, 97, 99, 103, 104, 105, 110, 111, 112, 113, 114, 115, 116, 117, 118, 119, 120, 122, 123, 124, 125, 127, 128, 130, 131, 132, 133, 134, 135, 136, 137, 138, 139, 140, 141, 142, 144, 145, 146, 149, 151, 152, 153, 154, 155, 156, 157, 158, 159, 160, 162, 163, 164, 165, 166, 167, 168, 169, 170, 171, 172, 173, 174, 176, 177, 178]",131,False,2.0847320646860218e-05,1.3771514241328283e-07,6.903201834815644e-06,10.0
E83,32,32,6,26,449,0.1875,0.013186813186813187,0.02464065708418891,raja,S18/S31_20190115_035853_2,all_channel,median,median__all_channel__E83,32,179,"[2, 4, 5, 6, 8, 12, 13, 14, 17, 18, 20, 21, 22, 23, 25, 26, 27, 28, 29, 30, 31, 34, 35, 37, 38, 39, 41, 44, 45, 47, 48, 52, 54, 55, 56, 57, 58, 59, 62, 63, 64, 66, 67, 68, 69, 71, 72, 73, 74, 76, 78, 79, 80, 81, 82, 83, 84, 85, 87, 88, 89, 90, 92, 94, 95, 96, 97, 99, 103, 104, 105, 110, 111, 112, 113, 114, 115, 116, 117, 118, 119, 120, 122, 123, 124, 125, 127, 128, 130, 131, 132, 133, 134, 135, 136, 137, 138, 139, 140, 141, 142, 144, 145, 146, 149, 151, 152, 153, 154, 155, 156, 157, 158, 159, 160, 162, 163, 164, 165, 166, 167, 168, 169, 170, 171, 172, 173, 174, 176, 177, 178]",131,False,2.6572670682631918e-05,7.69563056885436e-09,8.85499168402102e-06,10.0
E84,25,25,5,20,450,0.2,0.01098901098901099,0.02083333333333334,raja,S18/S31_20190115_035853_2,all_channel,median,median__all_channel__E84,32,179,"[2, 4, 5, 6, 8, 12, 13, 14, 17, 18, 20, 21, 22, 23, 25, 26, 27, 28, 29, 30, 31, 34, 35, 37, 38, 39, 41, 44, 45, 47, 48, 52, 54, 55, 56, 57, 58, 59, 62, 63, 64, 66, 67, 68, 69, 71, 72, 73, 74, 76, 78, 79, 80, 81, 82, 83, 84, 85, 87, 88, 89, 90, 92, 94, 95, 96, 97, 99, 103, 104, 105, 110, 111, 112, 113, 114, 115, 116, 117, 118, 119, 120, 122, 123, 124, 125, 127, 128, 130, 131, 132, 133, 134, 135, 136, 137, 138, 139, 140, 141, 142, 144, 145, 146, 149, 151, 152, 153, 154, 155, 156, 157, 158, 159, 160, 162, 163, 164, 165, 166, 167, 168, 169, 170, 171, 172, 173, 174, 176, 177, 178]",131,False,2.2298810748522356e-05,1.5304581724412766e-07,7.38192164375941e-06,10.0
E87,27,27,5,22,450,0.18518518518518517,0.01098901098901099,0.02074688796680498,raja,S18/S31_20190115_035853_2,all_channel,median,median__all_channel__E87,32,179,"[2, 4, 5, 6, 8, 12, 13, 14, 17, 18, 20, 21, 22, 23, 25, 26, 27, 28, 29, 30, 31, 34, 35, 37, 38, 39, 41, 44, 45, 47, 48, 52, 54, 55, 56, 57, 58, 59, 62, 63, 64, 66, 67, 68, 69, 71, 72, 73, 74, 76, 78, 79, 80, 81, 82, 83, 84, 85, 87, 88, 89, 90, 92, 94, 95, 96, 97, 99, 103, 104, 105, 110, 111, 112, 113, 114, 115, 116, 117, 118, 119, 120, 122, 123, 124, 125, 127, 128, 130, 131, 132, 133, 134, 135, 136, 137, 138, 139, 140, 141, 142, 144, 145, 146, 149, 151, 152, 153, 154, 155, 156, 157, 158, 159, 160, 162, 163, 164, 165, 166, 167, 168, 169, 170, 171, 172, 173, 174, 176, 177, 178]",131,False,2.2227160057084996e-05,5.395529379136132e-08,7.3910682544312114e-06,10.0
E109,29,29,5,24,450,0.1724137931034483,0.01098901098901099,0.020661157024793392,raja,S18/S31_20190115_035853_2,all_channel,median,median__all_channel__E109,32,179,"[2, 4, 5, 6, 8, 12, 13, 14, 17, 18, 20, 21, 22, 23, 25, 26, 27, 28, 29, 30, 31, 34, 35, 37, 38, 39, 41, 44, 45, 47, 48, 52, 54, 55, 56, 57, 58, 59, 62, 63, 64, 66, 67, 68, 69, 71, 72, 73, 74, 76, 78, 79, 80, 81, 82, 83, 84, 85, 87, 88, 89, 90, 92, 94, 95, 96, 97, 99, 103, 104, 105, 110, 111, 112, 113, 114, 115, 116, 117, 118, 119, 120, 122, 123, 124, 125, 127, 128, 130, 131, 132, 133, 134, 135, 136, 137, 138, 139, 140, 141, 142, 144, 145, 146, 149, 151, 152, 153, 154, 155, 156, 157, 158, 159, 160, 162, 163, 164, 165, 166, 167, 168, 169, 170, 171, 172, 173, 174, 176, 177, 178]",131,False,1.897747303149584e-05,1.5739937856916063e-07,6.273357884308893e-06,10.0
E37,15,15,4,11,451,0.26666666666666666,0.008791208791208791,0.01702127659574468,raja,S18/S31_20190115_035853_2,all_channel,median,median__all_channel__E37,32,179,"[2, 4, 5, 6, 8, 12, 13, 14, 17, 18, 20, 21, 22, 23, 25, 26, 27, 28, 29, 30, 31, 34, 35, 37, 38, 39, 41, 44, 45, 47, 48, 52, 54, 55, 56, 57, 58, 59, 62, 63, 64, 66, 67, 68, 69, 71, 72, 73, 74, 76, 78, 79, 80, 81, 82, 83, 84, 85, 87, 88, 89, 90, 92, 94, 95, 96, 97, 99, 103, 104, 105, 110, 111, 112, 113, 114, 115, 116, 117, 118, 119, 120, 122, 123, 124, 125, 127, 128, 130, 131, 132, 133, 134, 135, 136, 137, 138, 139, 140, 141, 142, 144, 145, 146, 149, 151, 152, 153, 154, 155, 156, 157, 158, 159, 160, 162, 163, 164, 165, 166, 167, 168, 169, 170, 171, 172, 173, 174, 176, 177, 178]",131,False,1.9368902771958905e-05,1.0642745164020489e-07,6.4208251067729004e-06,10.0
E98,20,20,4,16,451,0.2,0.008791208791208791,0.016842105263157894,raja,S18/S31_20190115_035853_2,all_channel,median,median__all_channel__E98,32,179,"[2, 4, 5, 6, 8, 12, 13, 14, 17, 18, 20, 21, 22, 23, 25, 26, 27, 28, 29, 30, 31, 34, 35, 37, 38, 39, 41, 44, 45, 47, 48, 52, 54, 55, 56, 57, 58, 59, 62, 63, 64, 66, 67, 68, 69, 71, 72, 73, 74, 76, 78, 79, 80, 81, 82, 83, 84, 85, 87, 88, 89, 90, 92, 94, 95, 96, 97, 99, 103, 104, 105, 110, 111, 112, 113, 114, 115, 116, 117, 118, 119, 120, 122, 123, 124, 125, 127, 128, 130, 131, 132, 133, 134, 135, 136, 137, 138, 139, 140, 141, 142, 144, 145, 146, 149, 151, 152, 153, 154, 155, 156, 157, 158, 159, 160, 162, 163, 164, 165, 166, 167, 168, 169, 170, 171, 172, 173, 174, 176, 177, 178]",131,False,2.01910814879288e-05,2.032992663104984e-07,6.662594073872768e-06,10.0
E91,22,22,4,18,451,0.18181818181818182,0.008791208791208791,0.016771488469601678,raja,S18/S31_20190115_035853_2,all_channel,median,median__all_channel__E91,32,179,"[2, 4, 5, 6, 8, 12, 13, 14, 17, 18, 20, 21, 22, 23, 25, 26, 27, 28, 29, 30, 31, 34, 35, 37, 38, 39, 41, 44, 45, 47, 48, 52, 54, 55, 56, 57, 58, 59, 62, 63, 64, 66, 67, 68, 69, 71, 72, 73, 74, 76, 78, 79, 80, 81, 82, 83, 84, 85, 87, 88, 89, 90, 92, 94, 95, 96, 97, 99, 103, 104, 105, 110, 111, 112, 113, 114, 115, 116, 117, 118, 119, 120, 122, 123, 124, 125, 127, 128, 130, 131, 132, 133, 134, 135, 136, 137, 138, 139, 140, 141, 142, 144, 145, 146, 149, 151, 152, 153, 154, 155, 156, 157, 158, 159, 160, 162, 163, 164, 165, 166, 167, 168, 169, 170, 171, 172, 173, 174, 176, 177, 178]",131,False,2.134630368153634e-05,1.9440961247788654e-07,7.0506313563528186e-06,10.0
E13,23,23,4,19,451,0.17391304347826086,0.008791208791208791,0.016736401673640166,raja,S18/S31_20190115_035853_2,all_channel,median,median__all_channel__E13,32,179,"[2, 4, 5, 6, 8, 12, 13, 14, 17, 18, 20, 21, 22, 23, 25, 26, 27, 28, 29, 30, 31, 34, 35, 37, 38, 39, 41, 44, 45, 47, 48, 52, 54, 55, 56, 57, 58, 59, 62, 63, 64, 66, 67, 68, 69, 71, 72, 73, 74, 76, 78, 79, 80, 81, 82, 83, 84, 85, 87, 88, 89, 90, 92, 94, 95, 96, 97, 99, 103, 104, 105, 110, 111, 112, 113, 114, 115, 116, 117, 118, 119, 120, 122, 123, 124, 125, 127, 128, 130, 131, 132, 133, 134, 135, 136, 137, 138, 139, 140, 141, 142, 144, 145, 146, 149, 151, 152, 153, 154, 155, 156, 157, 158, 159, 160, 162, 163, 164, 165, 166, 167, 168, 169, 170, 171, 172, 173, 174, 176, 177, 178]",131,False,2.524532477822607e-05,3.3905085423493943e-08,8.403806564267526e-06,10.0
E85,14,14,3,11,452,0.21428571428571427,0.006593406593406593,0.01279317697228145,raja,S18/S31_20190115_035853_2,all_channel,median,median__all_channel__E85,32,179,"[2, 4, 5, 6, 8, 12, 13, 14, 17, 18, 20, 21, 22, 23, 25, 26, 27, 28, 29, 30, 31, 34, 35, 37, 38, 39, 41, 44, 45, 47, 48, 52, 54, 55, 56, 57, 58, 59, 62, 63, 64, 66, 67, 68, 69, 71, 72, 73, 74, 76, 78, 79, 80, 81, 82, 83, 84, 85, 87, 88, 89, 90, 92, 94, 95, 96, 97, 99, 103, 104, 105, 110, 111, 112, 113, 114, 115, 116, 117, 118, 119, 120, 122, 123, 124, 125, 127, 128, 130, 131, 132, 133, 134, 135, 136, 137, 138, 139, 140, 141, 142, 144, 145, 146, 149, 151, 152, 153, 154, 155, 156, 157, 158, 159, 160, 162, 163, 164, 165, 166, 167, 168, 169, 170, 171, 172, 173, 174, 176, 177, 178]",131,False,2.1682607574727878e-05,1.3937034154297822e-07,7.1810790777283e-06,10.0
E47,20,20,3,17,452,0.15,0.006593406593406593,0.01263157894736842,raja,S18/S31_20190115_035853_2,all_channel,median,median__all_channel__E47,32,179,"[2, 4, 5, 6, 8, 12, 13, 14, 17, 18, 20, 21, 22, 23, 25, 26, 27, 28, 29, 30, 31, 34, 35, 37, 38, 39, 41, 44, 45, 47, 48, 52, 54, 55, 56, 57, 58, 59, 62, 63, 64, 66, 67, 68, 69, 71, 72, 73, 74, 76, 78, 79, 80, 81, 82, 83, 84, 85, 87, 88, 89, 90, 92, 94, 95, 96, 97, 99, 103, 104, 105, 110, 111, 112, 113, 114, 115, 116, 117, 118, 119, 120, 122, 123, 124, 125, 127, 128, 130, 131, 132, 133, 134, 135, 136, 137, 138, 139, 140, 141, 142, 144, 145, 146, 149, 151, 152, 153, 154, 155, 156, 157, 158, 159, 160, 162, 163, 164, 165, 166, 167, 168, 169, 170, 171, 172, 173, 174, 176, 177, 178]",131,False,1.9879956645945664e-05,2.666108329693017e-07,6.537781937658787e-06,10.0
E22,470,470,317,153,138,0.674468085106383,0.6967032967032967,0.6854054054054053,raja,S18/S31_20190115_035853_2,all_channel,mean,mean__all_channel__E22,32,179,"[2, 4, 5, 6, 8, 12, 13, 14, 17, 18, 20, 21, 22, 23, 25, 26, 27, 28, 29, 30, 31, 34, 35, 37, 38, 39, 41, 44, 45, 47, 48, 52, 54, 55, 56, 57, 58, 59, 62, 63, 64, 66, 67, 68, 69, 71, 72, 73, 74, 76, 78, 79, 80, 81, 82, 83, 84, 85, 87, 88, 89, 90, 92, 94, 95, 96, 97, 99, 103, 104, 105, 110, 111, 112, 113, 114, 115, 116, 117, 118, 119, 120, 122, 123, 124, 125, 127, 128, 130, 131, 132, 133, 134, 135, 136, 137, 138, 139, 140, 141, 142, 144, 145, 146, 149, 151, 152, 153, 154, 155, 156, 157, 158, 159, 160, 162, 163, 164, 165, 166, 167, 168, 169, 170, 171, 172, 173, 174, 176, 177, 178]",131,False,2.9969440612143102e-05,-2.6517691735706567e-08,9.998652767959603e-06,10.0
E9,476,476,312,164,143,0.6554621848739496,0.6857142857142857,0.6702470461868958,raja,S18/S31_20190115_035853_2,all_channel,mean,mean__all_channel__E9,32,179,"[2, 4, 5, 6, 8, 12, 13, 14, 17, 18, 20, 21, 22, 23, 25, 26, 27, 28, 29, 30, 31, 34, 35, 37, 38, 39, 41, 44, 45, 47, 48, 52, 54, 55, 56, 57, 58, 59, 62, 63, 64, 66, 67, 68, 69, 71, 72, 73, 74, 76, 78, 79, 80, 81, 82, 83, 84, 85, 87, 88, 89, 90, 92, 94, 95, 96, 97, 99, 103, 104, 105, 110, 111, 112, 113, 114, 115, 116, 117, 118, 119, 120, 122, 123, 124, 125, 127, 128, 130, 131, 132, 133, 134, 135, 136, 137, 138, 139, 140, 141, 142, 144, 145, 146, 149, 151, 152, 153, 154, 155, 156, 157, 158, 159, 160, 162, 163, 164, 165, 166, 167, 168, 169, 170, 171, 172, 173, 174, 176, 177, 178]",131,False,3.0563243595914536e-05,-5.4636317666958804e-08,1.0205959971193832e-05,10.0
E3,452,452,281,171,174,0.6216814159292036,0.6175824175824176,0.619625137816979,raja,S18/S31_20190115_035853_2,all_channel,mean,mean__all_channel__E3,32,179,"[2, 4, 5, 6, 8, 12, 13, 14, 17, 18, 20, 21, 22, 23, 25, 26, 27, 28, 29, 30, 31, 34, 35, 37, 38, 39, 41, 44, 45, 47, 48, 52, 54, 55, 56, 57, 58, 59, 62, 63, 64, 66, 67, 68, 69, 71, 72, 73, 74, 76, 78, 79, 80, 81, 82, 83, 84, 85, 87, 88, 89, 90, 92, 94, 95, 96, 97, 99, 103, 104, 105, 110, 111, 112, 113, 114, 115, 116, 117, 118, 119, 120, 122, 123, 124, 125, 127, 128, 130, 131, 132, 133, 134, 135, 136, 137, 138, 139, 140, 141, 142, 144, 145, 146, 149, 151, 152, 153, 154, 155, 156, 157, 158, 159, 160, 162, 163, 164, 165, 166, 167, 168, 169, 170, 171, 172, 173, 174, 176, 177, 178]",131,False,2.7195336534800518e-05,-2.573781154365906e-08,9.073691448781392e-06,10.0
E23,440,440,269,171,186,0.6113636363636363,0.5912087912087912,0.6011173184357541,raja,S18/S31_20190115_035853_2,all_channel,mean,mean__all_channel__E23,32,179,"[2, 4, 5, 6, 8, 12, 13, 14, 17, 18, 20, 21, 22, 23, 25, 26, 27, 28, 29, 30, 31, 34, 35, 37, 38, 39, 41, 44, 45, 47, 48, 52, 54, 55, 56, 57, 58, 59, 62, 63, 64, 66, 67, 68, 69, 71, 72, 73, 74, 76, 78, 79, 80, 81, 82, 83, 84, 85, 87, 88, 89, 90, 92, 94, 95, 96, 97, 99, 103, 104, 105, 110, 111, 112, 113, 114, 115, 116, 117, 118, 119, 120, 122, 123, 124, 125, 127, 128, 130, 131, 132, 133, 134, 135, 136, 137, 138, 139, 140, 141, 142, 144, 145, 146, 149, 151, 152, 153, 154, 155, 156, 157, 158, 159, 160, 162, 163, 164, 165, 166, 167, 168, 169, 170, 171, 172, 173, 174, 176, 177, 178]",131,False,2.7028601063687442e-05,5.317898995172181e-09,9.007761054897424e-06,10.0
E26,415,415,245,170,210,0.5903614457831325,0.5384615384615384,0.5632183908045977,raja,S18/S31_20190115_035853_2,all_channel,mean,mean__all_channel__E26,32,179,"[2, 4, 5, 6, 8, 12, 13, 14, 17, 18, 20, 21, 22, 23, 25, 26, 27, 28, 29, 30, 31, 34, 35, 37, 38, 39, 41, 44, 45, 47, 48, 52, 54, 55, 56, 57, 58, 59, 62, 63, 64, 66, 67, 68, 69, 71, 72, 73, 74, 76, 78, 79, 80, 81, 82, 83, 84, 85, 87, 88, 89, 90, 92, 94, 95, 96, 97, 99, 103, 104, 105, 110, 111, 112, 113, 114, 115, 116, 117, 118, 119, 120, 122, 123, 124, 125, 127, 128, 130, 131, 132, 133, 134, 135, 136, 137, 138, 139, 140, 141, 142, 144, 145, 146, 149, 151, 152, 153, 154, 155, 156, 157, 158, 159, 160, 162, 163, 164, 165, 166, 167, 168, 169, 170, 171, 172, 173, 174, 176, 177, 178]",131,False,3.3637820219872406e-05,-6.174324396391061e-08,1.1233187821278772e-05,10.0
E11,323,323,177,146,278,0.5479876160990712,0.389010989010989,0.455012853470437,raja,S18/S31_20190115_035853_2,all_channel,mean,mean__all_channel__E11,32,179,"[2, 4, 5, 6, 8, 12, 13, 14, 17, 18, 20, 21, 22, 23, 25, 26, 27, 28, 29, 30, 31, 34, 35, 37, 38, 39, 41, 44, 45, 47, 48, 52, 54, 55, 56, 57, 58, 59, 62, 63, 64, 66, 67, 68, 69, 71, 72, 73, 74, 76, 78, 79, 80, 81, 82, 83, 84, 85, 87, 88, 89, 90, 92, 94, 95, 96, 97, 99, 103, 104, 105, 110, 111, 112, 113, 114, 115, 116, 117, 118, 119, 120, 122, 123, 124, 125, 127, 128, 130, 131, 132, 133, 134, 135, 136, 137, 138, 139, 140, 141, 142, 144, 145, 146, 149, 151, 152, 153, 154, 155, 156, 157, 158, 159, 160, 162, 163, 164, 165, 166, 167, 168, 169, 170, 171, 172, 173, 174, 176, 177, 178]",131,False,2.6401072867444348e-05,-1.055659789917725e-08,8.803876488447842e-06,10.0
E124,262,262,148,114,307,0.5648854961832062,0.3252747252747253,0.41283124128312415,raja,S18/S31_20190115_035853_2,all_channel,mean,mean__all_channel__E124,32,179,"[2, 4, 5, 6, 8, 12, 13, 14, 17, 18, 20, 21, 22, 23, 25, 26, 27, 28, 29, 30, 31, 34, 35, 37, 38, 39, 41, 44, 45, 47, 48, 52, 54, 55, 56, 57, 58, 59, 62, 63, 64, 66, 67, 68, 69, 71, 72, 73, 74, 76, 78, 79, 80, 81, 82, 83, 84, 85, 87, 88, 89, 90, 92, 94, 95, 96, 97, 99, 103, 104, 105, 110, 111, 112, 113, 114, 115, 116, 117, 118, 119, 120, 122, 123, 124, 125, 127, 128, 130, 131, 132, 133, 134, 135, 136, 137, 138, 139, 140, 141, 142, 144, 145, 146, 149, 151, 152, 153, 154, 155, 156, 157, 158, 159, 160, 162, 163, 164, 165, 166, 167, 168, 169, 170, 171, 172, 173, 174, 176, 177, 178]",131,False,2.3965113618066912e-05,-1.807917582794264e-08,7.994397597964952e-06,10.0
E24,141,141,68,73,387,0.48226950354609927,0.14945054945054945,0.22818791946308725,raja,S18/S31_20190115_035853_2,all_channel,mean,mean__all_channel__E24,32,179,"[2, 4, 5, 6, 8, 12, 13, 14, 17, 18, 20, 21, 22, 23, 25, 26, 27, 28, 29, 30, 31, 34, 35, 37, 38, 39, 41, 44, 45, 47, 48, 52, 54, 55, 56, 57, 58, 59, 62, 63, 64, 66, 67, 68, 69, 71, 72, 73, 74, 76, 78, 79, 80, 81, 82, 83, 84, 85, 87, 88, 89, 90, 92, 94, 95, 96, 97, 99, 103, 104, 105, 110, 111, 112, 113, 114, 115, 116, 117, 118, 119, 120, 122, 123, 124, 125, 127, 128, 130, 131, 132, 133, 134, 135, 136, 137, 138, 139, 140, 141, 142, 144, 145, 146, 149, 151, 152, 153, 154, 155, 156, 157, 158, 159, 160, 162, 163, 164, 165, 166, 167, 168, 169, 170, 171, 172, 173, 174, 176, 177, 178]",131,False,2.5712290208463035e-05,1.6664004282269472e-08,8.565208734726921e-06,10.0
E122,75,75,27,48,428,0.36,0.05934065934065934,0.10188679245283018,raja,S18/S31_20190115_035853_2,all_channel,mean,mean__all_channel__E122,32,179,"[2, 4, 5, 6, 8, 12, 13, 14, 17, 18, 20, 21, 22, 23, 25, 26, 27, 28, 29, 30, 31, 34, 35, 37, 38, 39, 41, 44, 45, 47, 48, 52, 54, 55, 56, 57, 58, 59, 62, 63, 64, 66, 67, 68, 69, 71, 72, 73, 74, 76, 78, 79, 80, 81, 82, 83, 84, 85, 87, 88, 89, 90, 92, 94, 95, 96, 97, 99, 103, 104, 105, 110, 111, 112, 113, 114, 115, 116, 117, 118, 119, 120, 122, 123, 124, 125, 127, 128, 130, 131, 132, 133, 134, 135, 136, 137, 138, 139, 140, 141, 142, 144, 145, 146, 149, 151, 152, 153, 154, 155, 156, 157, 158, 159, 160, 162, 163, 164, 165, 166, 167, 168, 169, 170, 171, 172, 173, 174, 176, 177, 178]",131,False,2.655358688262744e-05,-3.241926696380504e-08,8.862002049863748e-06,10.0
E117,50,50,21,29,434,0.42,0.046153846153846156,0.08316831683168317,raja,S18/S31_20190115_035853_2,all_channel,mean,mean__all_channel__E117,32,179,"[2, 4, 5, 6, 8, 12, 13, 14, 17, 18, 20, 21, 22, 23, 25, 26, 27, 28, 29, 30, 31, 34, 35, 37, 38, 39, 41, 44, 45, 47, 48, 52, 54, 55, 56, 57, 58, 59, 62, 63, 64, 66, 67, 68, 69, 71, 72, 73, 74, 76, 78, 79, 80, 81, 82, 83, 84, 85, 87, 88, 89, 90, 92, 94, 95, 96, 97, 99, 103, 104, 105, 110, 111, 112, 113, 114, 115, 116, 117, 118, 119, 120, 122, 123, 124, 125, 127, 128, 130, 131, 132, 133, 134, 135, 136, 137, 138, 139, 140, 141, 142, 144, 145, 146, 149, 151, 152, 153, 154, 155, 156, 157, 158, 159, 160, 162, 163, 164, 165, 166, 167, 168, 169, 170, 171, 172, 173, 174, 176, 177, 178]",131,False,2.3386107319395957e-05,-1.5580592975372453e-08,7.80056263745711e-06,10.0
E33,88,88,17,71,438,0.19318181818181818,0.03736263736263736,0.06261510128913443,raja,S18/S31_20190115_035853_2,all_channel,mean,mean__all_channel__E33,32,179,"[2, 4, 5, 6, 8, 12, 13, 14, 17, 18, 20, 21, 22, 23, 25, 26, 27, 28, 29, 30, 31, 34, 35, 37, 38, 39, 41, 44, 45, 47, 48, 52, 54, 55, 56, 57, 58, 59, 62, 63, 64, 66, 67, 68, 69, 71, 72, 73, 74, 76, 78, 79, 80, 81, 82, 83, 84, 85, 87, 88, 89, 90, 92, 94, 95, 96, 97, 99, 103, 104, 105, 110, 111, 112, 113, 114, 115, 116, 117, 118, 119, 120, 122, 123, 124, 125, 127, 128, 130, 131, 132, 133, 134, 135, 136, 137, 138, 139, 140, 141, 142, 144, 145, 146, 149, 151, 152, 153, 154, 155, 156, 157, 158, 159, 160, 162, 163, 164, 165, 166, 167, 168, 169, 170, 171, 172, 173, 174, 176, 177, 178]",131,False,3.0877335451842935e-05,3.2474206110910305e-08,1.0281620415244007e-05,10.0
E60,24,24,10,14,445,0.4166666666666667,0.02197802197802198,0.04175365344467641,raja,S18/S31_20190115_035853_2,all_channel,mean,mean__all_channel__E60,32,179,"[2, 4, 5, 6, 8, 12, 13, 14, 17, 18, 20, 21, 22, 23, 25, 26, 27, 28, 29, 30, 31, 34, 35, 37, 38, 39, 41, 44, 45, 47, 48, 52, 54, 55, 56, 57, 58, 59, 62, 63, 64, 66, 67, 68, 69, 71, 72, 73, 74, 76, 78, 79, 80, 81, 82, 83, 84, 85, 87, 88, 89, 90, 92, 94, 95, 96, 97, 99, 103, 104, 105, 110, 111, 112, 113, 114, 115, 116, 117, 118, 119, 120, 122, 123, 124, 125, 127, 128, 130, 131, 132, 133, 134, 135, 136, 137, 138, 139, 140, 141, 142, 144, 145, 146, 149, 151, 152, 153, 154, 155, 156, 157, 158, 159, 160, 162, 163, 164, 165, 166, 167, 168, 169, 170, 171, 172, 173, 174, 176, 177, 178]",131,False,1.968026648227474e-05,1.8263236299116393e-08,6.554001081991875e-06,10.0
E67,44,44,10,34,445,0.22727272727272727,0.02197802197802198,0.04008016032064128,raja,S18/S31_20190115_035853_2,all_channel,mean,mean__all_channel__E67,32,179,"[2, 4, 5, 6, 8, 12, 13, 14, 17, 18, 20, 21, 22, 23, 25, 26, 27, 28, 29, 30, 31, 34, 35, 37, 38, 39, 41, 44, 45, 47, 48, 52, 54, 55, 56, 57, 58, 59, 62, 63, 64, 66, 67, 68, 69, 71, 72, 73, 74, 76, 78, 79, 80, 81, 82, 83, 84, 85, 87, 88, 89, 90, 92, 94, 95, 96, 97, 99, 103, 104, 105, 110, 111, 112, 113, 114, 115, 116, 117, 118, 119, 120, 122, 123, 124, 125, 127, 128, 130, 131, 132, 133, 134, 135, 136, 137, 138, 139, 140, 141, 142, 144, 145, 146, 149, 151, 152, 153, 154, 155, 156, 157, 158, 159, 160, 162, 163, 164, 165, 166, 167, 168, 169, 170, 171, 172, 173, 174, 176, 177, 178]",131,False,2.1024869570769886e-05,1.285177551652352e-08,7.0040059317511215e-06,10.0
E75,47,47,10,37,445,0.2127659574468085,0.02197802197802198,0.03984063745019921,raja,S18/S31_20190115_035853_2,all_channel,mean,mean__all_channel__E75,32,179,"[2, 4, 5, 6, 8, 12, 13, 14, 17, 18, 20, 21, 22, 23, 25, 26, 27, 28, 29, 30, 31, 34, 35, 37, 38, 39, 41, 44, 45, 47, 48, 52, 54, 55, 56, 57, 58, 59, 62, 63, 64, 66, 67, 68, 69, 71, 72, 73, 74, 76, 78, 79, 80, 81, 82, 83, 84, 85, 87, 88, 89, 90, 92, 94, 95, 96, 97, 99, 103, 104, 105, 110, 111, 112, 113, 114, 115, 116, 117, 118, 119, 120, 122, 123, 124, 125, 127, 128, 130, 131, 132, 133, 134, 135, 136, 137, 138, 139, 140, 141, 142, 144, 145, 146, 149, 151, 152, 153, 154, 155, 156, 157, 158, 159, 160, 162, 163, 164, 165, 166, 167, 168, 169, 170, 171, 172, 173, 174, 176, 177, 178]",131,False,2.485478104797597e-05,2.282339483628448e-08,8.277319217713227e-06,10.0
E104,109,109,10,99,445,0.09174311926605505,0.02197802197802198,0.03546099290780142,raja,S18/S31_20190115_035853_2,all_channel,mean,mean__all_channel__E104,32,179,"[2, 4, 5, 6, 8, 12, 13, 14, 17, 18, 20, 21, 22, 23, 25, 26, 27, 28, 29, 30, 31, 34, 35, 37, 38, 39, 41, 44, 45, 47, 48, 52, 54, 55, 56, 57, 58, 59, 62, 63, 64, 66, 67, 68, 69, 71, 72, 73, 74, 76, 78, 79, 80, 81, 82, 83, 84, 85, 87, 88, 89, 90, 92, 94, 95, 96, 97, 99, 103, 104, 105, 110, 111, 112, 113, 114, 115, 116, 117, 118, 119, 120, 122, 123, 124, 125, 127, 128, 130, 131, 132, 133, 134, 135, 136, 137, 138, 139, 140, 141, 142, 144, 145, 146, 149, 151, 152, 153, 154, 155, 156, 157, 158, 159, 160, 162, 163, 164, 165, 166, 167, 168, 169, 170, 171, 172, 173, 174, 176, 177, 178]",131,False,3.237475762089554e-05,-4.943167198412023e-08,1.0808063097626554e-05,10.0
E28,29,29,8,21,447,0.27586206896551724,0.017582417582417582,0.03305785123966942,raja,S18/S31_20190115_035853_2,all_channel,mean,mean__all_channel__E28,32,179,"[2, 4, 5, 6, 8, 12, 13, 14, 17, 18, 20, 21, 22, 23, 25, 26, 27, 28, 29, 30, 31, 34, 35, 37, 38, 39, 41, 44, 45, 47, 48, 52, 54, 55, 56, 57, 58, 59, 62, 63, 64, 66, 67, 68, 69, 71, 72, 73, 74, 76, 78, 79, 80, 81, 82, 83, 84, 85, 87, 88, 89, 90, 92, 94, 95, 96, 97, 99, 103, 104, 105, 110, 111, 112, 113, 114, 115, 116, 117, 118, 119, 120, 122, 123, 124, 125, 127, 128, 130, 131, 132, 133, 134, 135, 136, 137, 138, 139, 140, 141, 142, 144, 145, 146, 149, 151, 152, 153, 154, 155, 156, 157, 158, 159, 160, 162, 163, 164, 165, 166, 167, 168, 169, 170, 171, 172, 173, 174, 176, 177, 178]",131,False,2.4293792958662006e-05,3.182041034359312e-08,8.087324182772804e-06,10.0
E59,22,22,7,15,448,0.3181818181818182,0.015384615384615385,0.029350104821802937,raja,S18/S31_20190115_035853_2,all_channel,mean,mean__all_channel__E59,32,179,"[2, 4, 5, 6, 8, 12, 13, 14, 17, 18, 20, 21, 22, 23, 25, 26, 27, 28, 29, 30, 31, 34, 35, 37, 38, 39, 41, 44, 45, 47, 48, 52, 54, 55, 56, 57, 58, 59, 62, 63, 64, 66, 67, 68, 69, 71, 72, 73, 74, 76, 78, 79, 80, 81, 82, 83, 84, 85, 87, 88, 89, 90, 92, 94, 95, 96, 97, 99, 103, 104, 105, 110, 111, 112, 113, 114, 115, 116, 117, 118, 119, 120, 122, 123, 124, 125, 127, 128, 130, 131, 132, 133, 134, 135, 136, 137, 138, 139, 140, 141, 142, 144, 145, 146, 149, 151, 152, 153, 154, 155, 156, 157, 158, 159, 160, 162, 163, 164, 165, 166, 167, 168, 169, 170, 171, 172, 173, 174, 176, 177, 178]",131,False,2.0756122991733716e-05,3.531086975523211e-08,6.906937373992828e-06,10.0
E70,31,31,7,24,448,0.22580645161290322,0.015384615384615385,0.02880658436213992,raja,S18/S31_20190115_035853_2,all_channel,mean,mean__all_channel__E70,32,179,"[2, 4, 5, 6, 8, 12, 13, 14, 17, 18, 20, 21, 22, 23, 25, 26, 27, 28, 29, 30, 31, 34, 35, 37, 38, 39, 41, 44, 45, 47, 48, 52, 54, 55, 56, 57, 58, 59, 62, 63, 64, 66, 67, 68, 69, 71, 72, 73, 74, 76, 78, 79, 80, 81, 82, 83, 84, 85, 87, 88, 89, 90, 92, 94, 95, 96, 97, 99, 103, 104, 105, 110, 111, 112, 113, 114, 115, 116, 117, 118, 119, 120, 122, 123, 124, 125, 127, 128, 130, 131, 132, 133, 134, 135, 136, 137, 138, 139, 140, 141, 142, 144, 145, 146, 149, 151, 152, 153, 154, 155, 156, 157, 158, 159, 160, 162, 163, 164, 165, 166, 167, 168, 169, 170, 171, 172, 173, 174, 176, 177, 178]",131,False,2.570719254423513e-05,1.4829789554744924e-08,8.564120918226795e-06,10.0
E112,33,33,7,26,448,0.21212121212121213,0.015384615384615385,0.02868852459016394,raja,S18/S31_20190115_035853_2,all_channel,mean,mean__all_channel__E112,32,179,"[2, 4, 5, 6, 8, 12, 13, 14, 17, 18, 20, 21, 22, 23, 25, 26, 27, 28, 29, 30, 31, 34, 35, 37, 38, 39, 41, 44, 45, 47, 48, 52, 54, 55, 56, 57, 58, 59, 62, 63, 64, 66, 67, 68, 69, 71, 72, 73, 74, 76, 78, 79, 80, 81, 82, 83, 84, 85, 87, 88, 89, 90, 92, 94, 95, 96, 97, 99, 103, 104, 105, 110, 111, 112, 113, 114, 115, 116, 117, 118, 119, 120, 122, 123, 124, 125, 127, 128, 130, 131, 132, 133, 134, 135, 136, 137, 138, 139, 140, 141, 142, 144, 145, 146, 149, 151, 152, 153, 154, 155, 156, 157, 158, 159, 160, 162, 163, 164, 165, 166, 167, 168, 169, 170, 171, 172, 173, 174, 176, 177, 178]",131,False,2.1707086335561486e-05,-1.4283480005572225e-08,7.24045660518902e-06,10.0
E77,35,35,7,28,448,0.2,0.015384615384615385,0.028571428571428574,raja,S18/S31_20190115_035853_2,all_channel,mean,mean__all_channel__E77,32,179,"[2, 4, 5, 6, 8, 12, 13, 14, 17, 18, 20, 21, 22, 23, 25, 26, 27, 28, 29, 30, 31, 34, 35, 37, 38, 39, 41, 44, 45, 47, 48, 52, 54, 55, 56, 57, 58, 59, 62, 63, 64, 66, 67, 68, 69, 71, 72, 73, 74, 76, 78, 79, 80, 81, 82, 83, 84, 85, 87, 88, 89, 90, 92, 94, 95, 96, 97, 99, 103, 104, 105, 110, 111, 112, 113, 114, 115, 116, 117, 118, 119, 120, 122, 123, 124, 125, 127, 128, 130, 131, 132, 133, 134, 135, 136, 137, 138, 139, 140, 141, 142, 144, 145, 146, 149, 151, 152, 153, 154, 155, 156, 157, 158, 159, 160, 162, 163, 164, 165, 166, 167, 168, 169, 170, 171, 172, 173, 174, 176, 177, 178]",131,False,2.113673342449842e-05,5.685694878484606e-09,7.043682576539978e-06,10.0
E40,23,23,6,17,449,0.2608695652173913,0.013186813186813187,0.02510460251046025,raja,S18/S31_20190115_035853_2,all_channel,mean,mean__all_channel__E40,32,179,"[2, 4, 5, 6, 8, 12, 13, 14, 17, 18, 20, 21, 22, 23, 25, 26, 27, 28, 29, 30, 31, 34, 35, 37, 38, 39, 41, 44, 45, 47, 48, 52, 54, 55, 56, 57, 58, 59, 62, 63, 64, 66, 67, 68, 69, 71, 72, 73, 74, 76, 78, 79, 80, 81, 82, 83, 84, 85, 87, 88, 89, 90, 92, 94, 95, 96, 97, 99, 103, 104, 105, 110, 111, 112, 113, 114, 115, 116, 117, 118, 119, 120, 122, 123, 124, 125, 127, 128, 130, 131, 132, 133, 134, 135, 136, 137, 138, 139, 140, 141, 142, 144, 145, 146, 149, 151, 152, 153, 154, 155, 156, 157, 158, 159, 160, 162, 163, 164, 165, 166, 167, 168, 169, 170, 171, 172, 173, 174, 176, 177, 178]",131,False,2.248207655606891e-05,2.775908956288123e-08,7.484772488835343e-06,10.0
E84,26,26,6,20,449,0.23076923076923078,0.013186813186813187,0.024948024948024946,raja,S18/S31_20190115_035853_2,all_channel,mean,mean__all_channel__E84,32,179,"[2, 4, 5, 6, 8, 12, 13, 14, 17, 18, 20, 21, 22, 23, 25, 26, 27, 28, 29, 30, 31, 34, 35, 37, 38, 39, 41, 44, 45, 47, 48, 52, 54, 55, 56, 57, 58, 59, 62, 63, 64, 66, 67, 68, 69, 71, 72, 73, 74, 76, 78, 79, 80, 81, 82, 83, 84, 85, 87, 88, 89, 90, 92, 94, 95, 96, 97, 99, 103, 104, 105, 110, 111, 112, 113, 114, 115, 116, 117, 118, 119, 120, 122, 123, 124, 125, 127, 128, 130, 131, 132, 133, 134, 135, 136, 137, 138, 139, 140, 141, 142, 144, 145, 146, 149, 151, 152, 153, 154, 155, 156, 157, 158, 159, 160, 162, 163, 164, 165, 166, 167, 168, 169, 170, 171, 172, 173, 174, 176, 177, 178]",131,False,2.2166121623731635e-05,2.0356692453405553e-08,7.38192164375941e-06,10.0
E62,28,28,6,22,449,0.21428571428571427,0.013186813186813187,0.024844720496894408,raja,S18/S31_20190115_035853_2,all_channel,mean,mean__all_channel__E62,32,179,"[2, 4, 5, 6, 8, 12, 13, 14, 17, 18, 20, 21, 22, 23, 25, 26, 27, 28, 29, 30, 31, 34, 35, 37, 38, 39, 41, 44, 45, 47, 48, 52, 54, 55, 56, 57, 58, 59, 62, 63, 64, 66, 67, 68, 69, 71, 72, 73, 74, 76, 78, 79, 80, 81, 82, 83, 84, 85, 87, 88, 89, 90, 92, 94, 95, 96, 97, 99, 103, 104, 105, 110, 111, 112, 113, 114, 115, 116, 117, 118, 119, 120, 122, 123, 124, 125, 127, 128, 130, 131, 132, 133, 134, 135, 136, 137, 138, 139, 140, 141, 142, 144, 145, 146, 149, 151, 152, 153, 154, 155, 156, 157, 158, 159, 160, 162, 163, 164, 165, 166, 167, 168, 169, 170, 171, 172, 173, 174, 176, 177, 178]",131,False,2.071648269434269e-05,6.8771898957560385e-09,6.903201834815644e-06,10.0
E83,32,32,6,26,449,0.1875,0.013186813186813187,0.02464065708418891,raja,S18/S31_20190115_035853_2,all_channel,mean,mean__all_channel__E83,32,179,"[2, 4, 5, 6, 8, 12, 13, 14, 17, 18, 20, 21, 22, 23, 25, 26, 27, 28, 29, 30, 31, 34, 35, 37, 38, 39, 41, 44, 45, 47, 48, 52, 54, 55, 56, 57, 58, 59, 62, 63, 64, 66, 67, 68, 69, 71, 72, 73, 74, 76, 78, 79, 80, 81, 82, 83, 84, 85, 87, 88, 89, 90, 92, 94, 95, 96, 97, 99, 103, 104, 105, 110, 111, 112, 113, 114, 115, 116, 117, 118, 119, 120, 122, 123, 124, 125, 127, 128, 130, 131, 132, 133, 134, 135, 136, 137, 138, 139, 140, 141, 142, 144, 145, 146, 149, 151, 152, 153, 154, 155, 156, 157, 158, 159, 160, 162, 163, 164, 165, 166, 167, 168, 169, 170, 171, 172, 173, 174, 176, 177, 178]",131,False,2.6571953270758873e-05,6.9782186958106e-09,8.85499168402102e-06,10.0
E98,22,22,5,17,450,0.22727272727272727,0.01098901098901099,0.020964360587002098,raja,S18/S31_20190115_035853_2,all_channel,mean,mean__all_channel__E98,32,179,"[2, 4, 5, 6, 8, 12, 13, 14, 17, 18, 20, 21, 22, 23, 25, 26, 27, 28, 29, 30, 31, 34, 35, 37, 38, 39, 41, 44, 45, 47, 48, 52, 54, 55, 56, 57, 58, 59, 62, 63, 64, 66, 67, 68, 69, 71, 72, 73, 74, 76, 78, 79, 80, 81, 82, 83, 84, 85, 87, 88, 89, 90, 92, 94, 95, 96, 97, 99, 103, 104, 105, 110, 111, 112, 113, 114, 115, 116, 117, 118, 119, 120, 122, 123, 124, 125, 127, 128, 130, 131, 132, 133, 134, 135, 136, 137, 138, 139, 140, 141, 142, 144, 145, 146, 149, 151, 152, 153, 154, 155, 156, 157, 158, 159, 160, 162, 163, 164, 165, 166, 167, 168, 169, 170, 171, 172, 173, 174, 176, 177, 178]",131,False,1.9984832685329373e-05,-2.9495362889291894e-09,6.662594073872768e-06,10.0
E87,27,27,5,22,450,0.18518518518518517,0.01098901098901099,0.02074688796680498,raja,S18/S31_20190115_035853_2,all_channel,mean,mean__all_channel__E87,32,179,"[2, 4, 5, 6, 8, 12, 13, 14, 17, 18, 20, 21, 22, 23, 25, 26, 27, 28, 29, 30, 31, 34, 35, 37, 38, 39, 41, 44, 45, 47, 48, 52, 54, 55, 56, 57, 58, 59, 62, 63, 64, 66, 67, 68, 69, 71, 72, 73, 74, 76, 78, 79, 80, 81, 82, 83, 84, 85, 87, 88, 89, 90, 92, 94, 95, 96, 97, 99, 103, 104, 105, 110, 111, 112, 113, 114, 115, 116, 117, 118, 119, 120, 122, 123, 124, 125, 127, 128, 130, 131, 132, 133, 134, 135, 136, 137, 138, 139, 140, 141, 142, 144, 145, 146, 149, 151, 152, 153, 154, 155, 156, 157, 158, 159, 160, 162, 163, 164, 165, 166, 167, 168, 169, 170, 171, 172, 173, 174, 176, 177, 178]",131,False,2.2176592336487164e-05,3.3875731935283803e-09,7.3910682544312114e-06,10.0
E109,29,29,5,24,450,0.1724137931034483,0.01098901098901099,0.020661157024793392,raja,S18/S31_20190115_035853_2,all_channel,mean,mean__all_channel__E109,32,179,"[2, 4, 5, 6, 8, 12, 13, 14, 17, 18, 20, 21, 22, 23, 25, 26, 27, 28, 29, 30, 31, 34, 35, 37, 38, 39, 41, 44, 45, 47, 48, 52, 54, 55, 56, 57, 58, 59, 62, 63, 64, 66, 67, 68, 69, 71, 72, 73, 74, 76, 78, 79, 80, 81, 82, 83, 84, 85, 87, 88, 89, 90, 92, 94, 95, 96, 97, 99, 103, 104, 105, 110, 111, 112, 113, 114, 115, 116, 117, 118, 119, 120, 122, 123, 124, 125, 127, 128, 130, 131, 132, 133, 134, 135, 136, 137, 138, 139, 140, 141, 142, 144, 145, 146, 149, 151, 152, 153, 154, 155, 156, 157, 158, 159, 160, 162, 163, 164, 165, 166, 167, 168, 169, 170, 171, 172, 173, 174, 176, 177, 178]",131,False,1.881333799920649e-05,-6.735653720188437e-09,6.273357884308893e-06,10.0
E37,14,14,4,10,451,0.2857142857142857,0.008791208791208791,0.017057569296375266,raja,S18/S31_20190115_035853_2,all_channel,mean,mean__all_channel__E37,32,179,"[2, 4, 5, 6, 8, 12, 13, 14, 17, 18, 20, 21, 22, 23, 25, 26, 27, 28, 29, 30, 31, 34, 35, 37, 38, 39, 41, 44, 45, 47, 48, 52, 54, 55, 56, 57, 58, 59, 62, 63, 64, 66, 67, 68, 69, 71, 72, 73, 74, 76, 78, 79, 80, 81, 82, 83, 84, 85, 87, 88, 89, 90, 92, 94, 95, 96, 97, 99, 103, 104, 105, 110, 111, 112, 113, 114, 115, 116, 117, 118, 119, 120, 122, 123, 124, 125, 127, 128, 130, 131, 132, 133, 134, 135, 136, 137, 138, 139, 140, 141, 142, 144, 145, 146, 149, 151, 152, 153, 154, 155, 156, 157, 158, 159, 160, 162, 163, 164, 165, 166, 167, 168, 169, 170, 171, 172, 173, 174, 176, 177, 178]",131,False,1.9276976680386055e-05,1.4501360067353073e-08,6.4208251067729004e-06,10.0
E85,15,15,4,11,451,0.26666666666666666,0.008791208791208791,0.01702127659574468,raja,S18/S31_20190115_035853_2,all_channel,mean,mean__all_channel__E85,32,179,"[2, 4, 5, 6, 8, 12, 13, 14, 17, 18, 20, 21, 22, 23, 25, 26, 27, 28, 29, 30, 31, 34, 35, 37, 38, 39, 41, 44, 45, 47, 48, 52, 54, 55, 56, 57, 58, 59, 62, 63, 64, 66, 67, 68, 69, 71, 72, 73, 74, 76, 78, 79, 80, 81, 82, 83, 84, 85, 87, 88, 89, 90, 92, 94, 95, 96, 97, 99, 103, 104, 105, 110, 111, 112, 113, 114, 115, 116, 117, 118, 119, 120, 122, 123, 124, 125, 127, 128, 130, 131, 132, 133, 134, 135, 136, 137, 138, 139, 140, 141, 142, 144, 145, 146, 149, 151, 152, 153, 154, 155, 156, 157, 158, 159, 160, 162, 163, 164, 165, 166, 167, 168, 169, 170, 171, 172, 173, 174, 176, 177, 178]",131,False,2.1539627257080503e-05,-3.6099761043970808e-09,7.1810790777283e-06,10.0
E13,23,23,4,19,451,0.17391304347826086,0.008791208791208791,0.016736401673640166,raja,S18/S31_20190115_035853_2,all_channel,mean,mean__all_channel__E13,32,179,"[2, 4, 5, 6, 8, 12, 13, 14, 17, 18, 20, 21, 22, 23, 25, 26, 27, 28, 29, 30, 31, 34, 35, 37, 38, 39, 41, 44, 45, 47, 48, 52, 54, 55, 56, 57, 58, 59, 62, 63, 64, 66, 67, 68, 69, 71, 72, 73, 74, 76, 78, 79, 80, 81, 82, 83, 84, 85, 87, 88, 89, 90, 92, 94, 95, 96, 97, 99, 103, 104, 105, 110, 111, 112, 113, 114, 115, 116, 117, 118, 119, 120, 122, 123, 124, 125, 127, 128, 130, 131, 132, 133, 134, 135, 136, 137, 138, 139, 140, 141, 142, 144, 145, 146, 149, 151, 152, 153, 154, 155, 156, 157, 158, 159, 160, 162, 163, 164, 165, 166, 167, 168, 169, 170, 171, 172, 173, 174, 176, 177, 178]",131,False,2.5217903053381947e-05,6.4833605793694646e-09,8.403806564267526e-06,10.0
E91,23,23,4,19,451,0.17391304347826086,0.008791208791208791,0.016736401673640166,raja,S18/S31_20190115_035853_2,all_channel,mean,mean__all_channel__E91,32,179,"[2, 4, 5, 6, 8, 12, 13, 14, 17, 18, 20, 21, 22, 23, 25, 26, 27, 28, 29, 30, 31, 34, 35, 37, 38, 39, 41, 44, 45, 47, 48, 52, 54, 55, 56, 57, 58, 59, 62, 63, 64, 66, 67, 68, 69, 71, 72, 73, 74, 76, 78, 79, 80, 81, 82, 83, 84, 85, 87, 88, 89, 90, 92, 94, 95, 96, 97, 99, 103, 104, 105, 110, 111, 112, 113, 114, 115, 116, 117, 118, 119, 120, 122, 123, 124, 125, 127, 128, 130, 131, 132, 133, 134, 135, 136, 137, 138, 139, 140, 141, 142, 144, 145, 146, 149, 151, 152, 153, 154, 155, 156, 157, 158, 159, 160, 162, 163, 164, 165, 166, 167, 168, 169, 170, 171, 172, 173, 174, 176, 177, 178]",131,False,2.1160665512102716e-05,8.771443044262865e-09,7.0506313563528186e-06,10.0
E47,21,21,3,18,452,0.14285714285714285,0.006593406593406593,0.012605042016806723,raja,S18/S31_20190115_035853_2,all_channel,mean,mean__all_channel__E47,32,179,"[2, 4, 5, 6, 8, 12, 13, 14, 17, 18, 20, 21, 22, 23, 25, 26, 27, 28, 29, 30, 31, 34, 35, 37, 38, 39, 41, 44, 45, 47, 48, 52, 54, 55, 56, 57, 58, 59, 62, 63, 64, 66, 67, 68, 69, 71, 72, 73, 74, 76, 78, 79, 80, 81, 82, 83, 84, 85, 87, 88, 89, 90, 92, 94, 95, 96, 97, 99, 103, 104, 105, 110, 111, 112, 113, 114, 115, 116, 117, 118, 119, 120, 122, 123, 124, 125, 127, 128, 130, 131, 132, 133, 134, 135, 136, 137, 138, 139, 140, 141, 142, 144, 145, 146, 149, 151, 152, 153, 154, 155, 156, 157, 158, 159, 160, 162, 163, 164, 165, 166, 167, 168, 169, 170, 171, 172, 173, 174, 176, 177, 178]",131,False,1.963283882586993e-05,1.9493012893567728e-08,6.537781937658787e-06,10.0
E22,466,466,310,156,145,0.6652360515021459,0.6813186813186813,0.6731813246471227,raja,S18/S31_20190115_035853_2,frontal,median,median__frontal__E22,6,179,"[6, 14, 18, 20, 21, 22, 27, 29, 34, 38, 39, 47, 48, 52, 54, 57, 58, 62, 64, 68, 72, 76, 79, 81, 87, 92, 94, 99, 104, 105, 110, 117, 120, 122, 123, 131, 138, 140, 142, 144, 146, 153, 155, 158, 165, 166, 169, 172, 173, 174, 178]",51,False,3.197340338131647e-05,-2.0250092182610694e-06,1.133280419985918e-05,10.0
E9,470,470,310,160,145,0.6595744680851063,0.6813186813186813,0.6702702702702702,raja,S18/S31_20190115_035853_2,frontal,median,median__frontal__E9,6,179,"[6, 14, 18, 20, 21, 22, 27, 29, 34, 38, 39, 47, 48, 52, 54, 57, 58, 62, 64, 68, 72, 76, 79, 81, 87, 92, 94, 99, 104, 105, 110, 117, 120, 122, 123, 131, 138, 140, 142, 144, 146, 153, 155, 158, 165, 166, 169, 172, 173, 174, 178]",51,False,3.2582016421515834e-05,-1.978854561665399e-06,1.152029032772708e-05,10.0
E3,447,447,280,167,175,0.6263982102908278,0.6153846153846154,0.6208425720620843,raja,S18/S31_20190115_035853_2,frontal,median,median__frontal__E3,6,179,"[6, 14, 18, 20, 21, 22, 27, 29, 34, 38, 39, 47, 48, 52, 54, 57, 58, 62, 64, 68, 72, 76, 79, 81, 87, 92, 94, 99, 104, 105, 110, 117, 120, 122, 123, 131, 138, 140, 142, 144, 146, 153, 155, 158, 165, 166, 169, 172, 173, 174, 178]",51,False,2.8247093684324383e-05,-1.1762984081324863e-06,9.80779736415229e-06,10.0
E23,430,430,261,169,194,0.6069767441860465,0.5736263736263736,0.5898305084745762,raja,S18/S31_20190115_035853_2,frontal,median,median__frontal__E23,6,179,"[6, 14, 18, 20, 21, 22, 27, 29, 34, 38, 39, 47, 48, 52, 54, 57, 58, 62, 64, 68, 72, 76, 79, 81, 87, 92, 94, 99, 104, 105, 110, 117, 120, 122, 123, 131, 138, 140, 142, 144, 146, 153, 155, 158, 165, 166, 169, 172, 173, 174, 178]",51,False,2.8537104104414757e-05,-1.2083849939060083e-06,9.915163032773589e-06,10.0
E124,241,241,138,103,317,0.5726141078838174,0.3032967032967033,0.39655172413793094,raja,S18/S31_20190115_035853_2,frontal,median,median__frontal__E124,6,179,"[6, 14, 18, 20, 21, 22, 27, 29, 34, 38, 39, 47, 48, 52, 54, 57, 58, 62, 64, 68, 72, 76, 79, 81, 87, 92, 94, 99, 104, 105, 110, 117, 120, 122, 123, 131, 138, 140, 142, 144, 146, 153, 155, 158, 165, 166, 169, 172, 173, 174, 178]",51,False,2.4923384419520046e-05,-6.966877941843815e-07,8.540024071234809e-06,10.0
E24,116,116,49,67,406,0.4224137931034483,0.1076923076923077,0.1716287215411559,raja,S18/S31_20190115_035853_2,frontal,median,median__frontal__E24,6,179,"[6, 14, 18, 20, 21, 22, 27, 29, 34, 38, 39, 47, 48, 52, 54, 57, 58, 62, 64, 68, 72, 76, 79, 81, 87, 92, 94, 99, 104, 105, 110, 117, 120, 122, 123, 131, 138, 140, 142, 144, 146, 153, 155, 158, 165, 166, 169, 172, 173, 174, 178]",51,False,2.6972775408064572e-05,-4.243304201520709e-07,9.132368609405547e-06,10.0
E9,470,470,308,162,147,0.6553191489361702,0.676923076923077,0.6659459459459459,raja,S18/S31_20190115_035853_2,frontal,mean,mean__frontal__E9,6,179,"[6, 14, 18, 20, 21, 22, 27, 29, 34, 38, 39, 47, 48, 52, 54, 57, 58, 62, 64, 68, 72, 76, 79, 81, 87, 92, 94, 99, 104, 105, 110, 117, 120, 122, 123, 131, 138, 140, 142, 144, 146, 153, 155, 158, 165, 166, 169, 172, 173, 174, 178]",51,False,3.451991700628654e-05,-4.095397689469822e-08,1.152029032772708e-05,10.0
E22,464,464,304,160,151,0.6551724137931034,0.6681318681318681,0.6615886833514689,raja,S18/S31_20190115_035853_2,frontal,mean,mean__frontal__E22,6,179,"[6, 14, 18, 20, 21, 22, 27, 29, 34, 38, 39, 47, 48, 52, 54, 57, 58, 62, 64, 68, 72, 76, 79, 81, 87, 92, 94, 99, 104, 105, 110, 117, 120, 122, 123, 131, 138, 140, 142, 144, 146, 153, 155, 158, 165, 166, 169, 172, 173, 174, 178]",51,False,3.3981194732692725e-05,-1.7217866884814616e-08,1.133280419985918e-05,10.0
E3,442,442,275,167,180,0.6221719457013575,0.6043956043956044,0.6131549609810478,raja,S18/S31_20190115_035853_2,frontal,mean,mean__frontal__E3,6,179,"[6, 14, 18, 20, 21, 22, 27, 29, 34, 38, 39, 47, 48, 52, 54, 57, 58, 62, 64, 68, 72, 76, 79, 81, 87, 92, 94, 99, 104, 105, 110, 117, 120, 122, 123, 131, 138, 140, 142, 144, 146, 153, 155, 158, 165, 166, 169, 172, 173, 174, 178]",51,False,2.9403527061691162e-05,-1.9865030765706713e-08,9.80779736415229e-06,10.0
E23,420,420,252,168,203,0.6,0.5538461538461539,0.5760000000000001,raja,S18/S31_20190115_035853_2,frontal,mean,mean__frontal__E23,6,179,"[6, 14, 18, 20, 21, 22, 27, 29, 34, 38, 39, 47, 48, 52, 54, 57, 58, 62, 64, 68, 72, 76, 79, 81, 87, 92, 94, 99, 104, 105, 110, 117, 120, 122, 123, 131, 138, 140, 142, 144, 146, 153, 155, 158, 165, 166, 169, 172, 173, 174, 178]",51,False,2.9761938943071272e-05,1.644984475050736e-08,9.915163032773589e-06,10.0
E124,217,217,127,90,328,0.5852534562211982,0.27912087912087913,0.37797619047619047,raja,S18/S31_20190115_035853_2,frontal,mean,mean__frontal__E124,6,179,"[6, 14, 18, 20, 21, 22, 27, 29, 34, 38, 39, 47, 48, 52, 54, 57, 58, 62, 64, 68, 72, 76, 79, 81, 87, 92, 94, 99, 104, 105, 110, 117, 120, 122, 123, 131, 138, 140, 142, 144, 146, 153, 155, 158, 165, 166, 169, 172, 173, 174, 178]",51,False,2.5612231790187973e-05,-7.84042351645201e-09,8.540024071234809e-06,10.0
E24,107,107,46,61,409,0.42990654205607476,0.1010989010989011,0.16370106761565836,raja,S18/S31_20190115_035853_2,frontal,mean,mean__frontal__E24,6,179,"[6, 14, 18, 20, 21, 22, 27, 29, 34, 38, 39, 47, 48, 52, 54, 57, 58, 62, 64, 68, 72, 76, 79, 81, 87, 92, 94, 99, 104, 105, 110, 117, 120, 122, 123, 131, 138, 140, 142, 144, 146, 153, 155, 158, 165, 166, 169, 172, 173, 174, 178]",51,False,2.743097672057859e-05,3.387089236194646e-08,9.132368609405547e-06,10.0
E22,466,466,310,156,145,0.6652360515021459,0.6813186813186813,0.6731813246471227,raja,S18/S31_20190115_035853_2,frontal_left,median,median__frontal_left__E22,3,179,"[6, 18, 22, 27, 29, 34, 38, 47, 52, 57, 62, 64, 68, 72, 76, 79, 81, 92, 94, 104, 105, 110, 120, 122, 123, 131, 138, 142, 144, 146, 153, 158, 166, 169, 174, 178]",36,False,3.219090613320507e-05,-1.9843986476400095e-06,1.1391768260281696e-05,10.0
E23,428,428,259,169,196,0.6051401869158879,0.5692307692307692,0.5866364665911664,raja,S18/S31_20190115_035853_2,frontal_left,median,median__frontal_left__E23,3,179,"[6, 18, 22, 27, 29, 34, 38, 47, 52, 57, 62, 64, 68, 72, 76, 79, 81, 92, 94, 104, 105, 110, 120, 122, 123, 131, 138, 142, 144, 146, 153, 158, 166, 169, 174, 178]",36,False,2.884634012931028e-05,-1.1602625489975012e-06,1.0002200892769261e-05,10.0
E24,113,113,48,65,407,0.4247787610619469,0.1054945054945055,0.16901408450704228,raja,S18/S31_20190115_035853_2,frontal_left,median,median__frontal_left__E24,3,179,"[6, 18, 22, 27, 29, 34, 38, 47, 52, 57, 62, 64, 68, 72, 76, 79, 81, 92, 94, 104, 105, 110, 120, 122, 123, 131, 138, 142, 144, 146, 153, 158, 166, 169, 174, 178]",36,False,2.709265367291999e-05,-3.5292429523840545e-07,9.148525989386132e-06,10.0
E22,465,465,303,162,152,0.6516129032258065,0.6659340659340659,0.658695652173913,raja,S18/S31_20190115_035853_2,frontal_left,mean,mean__frontal_left__E22,3,179,"[6, 18, 22, 27, 29, 34, 38, 47, 52, 57, 62, 64, 68, 72, 76, 79, 81, 92, 94, 104, 105, 110, 120, 122, 123, 131, 138, 142, 144, 146, 153, 158, 166, 169, 174, 178]",36,False,3.421792227780999e-05,4.2617496964907835e-08,1.1391768260281696e-05,10.0
E23,415,415,250,165,205,0.6024096385542169,0.5494505494505495,0.5747126436781609,raja,S18/S31_20190115_035853_2,frontal_left,mean,mean__frontal_left__E23,3,179,"[6, 18, 22, 27, 29, 34, 38, 47, 52, 57, 62, 64, 68, 72, 76, 79, 81, 92, 94, 104, 105, 110, 120, 122, 123, 131, 138, 142, 144, 146, 153, 158, 166, 169, 174, 178]",36,False,3.007826400464132e-05,7.166132633353888e-08,1.0002200892769261e-05,10.0
E24,107,107,46,61,409,0.42990654205607476,0.1010989010989011,0.16370106761565836,raja,S18/S31_20190115_035853_2,frontal_left,mean,mean__frontal_left__E24,3,179,"[6, 18, 22, 27, 29, 34, 38, 47, 52, 57, 62, 64, 68, 72, 76, 79, 81, 92, 94, 104, 105, 110, 120, 122, 123, 131, 138, 142, 144, 146, 153, 158, 166, 169, 174, 178]",36,False,2.751975699528201e-05,7.417902712361318e-08,9.148525989386132e-06,10.0
E9,471,471,309,162,146,0.6560509554140127,0.6791208791208792,0.6673866090712743,raja,S18/S31_20190115_035853_2,frontal_right,median,median__frontal_right__E9,3,179,"[6, 14, 18, 20, 21, 22, 27, 29, 34, 38, 39, 47, 48, 54, 57, 58, 64, 68, 72, 76, 79, 81, 87, 92, 94, 99, 110, 117, 120, 122, 123, 131, 138, 140, 142, 144, 153, 155, 158, 165, 169, 172, 173, 174, 178]",45,False,3.311798181860931e-05,-2.0284269587607462e-06,1.1715469592456687e-05,10.0
E3,445,445,278,167,177,0.6247191011235955,0.610989010989011,0.6177777777777778,raja,S18/S31_20190115_035853_2,frontal_right,median,median__frontal_right__E3,3,179,"[6, 14, 18, 20, 21, 22, 27, 29, 34, 38, 39, 47, 48, 54, 57, 58, 64, 68, 72, 76, 79, 81, 87, 92, 94, 99, 110, 117, 120, 122, 123, 131, 138, 140, 142, 144, 153, 155, 158, 165, 169, 172, 173, 174, 178]",45,False,2.8606012750826603e-05,-1.2185561316510108e-06,9.941522960825872e-06,10.0
E124,226,226,131,95,324,0.5796460176991151,0.2879120879120879,0.38472834067547723,raja,S18/S31_20190115_035853_2,frontal_right,median,median__frontal_right__E124,3,179,"[6, 14, 18, 20, 21, 22, 27, 29, 34, 38, 39, 47, 48, 54, 57, 58, 64, 68, 72, 76, 79, 81, 87, 92, 94, 99, 110, 117, 120, 122, 123, 131, 138, 140, 142, 144, 153, 155, 158, 165, 169, 172, 173, 174, 178]",45,False,2.532395825492703e-05,-6.902450989574823e-07,8.671401117961504e-06,10.0
E9,468,468,308,160,147,0.6581196581196581,0.676923076923077,0.66738894907909,raja,S18/S31_20190115_035853_2,frontal_right,mean,mean__frontal_right__E9,3,179,"[6, 14, 18, 20, 21, 22, 27, 29, 34, 38, 39, 47, 48, 54, 57, 58, 64, 68, 72, 76, 79, 81, 87, 92, 94, 99, 110, 117, 120, 122, 123, 131, 138, 140, 142, 144, 153, 155, 158, 165, 169, 172, 173, 174, 178]",45,False,3.513411145456791e-05,-1.2297322802145144e-08,1.1715469592456687e-05,10.0
E3,440,440,274,166,181,0.6227272727272727,0.6021978021978022,0.612290502793296,raja,S18/S31_20190115_035853_2,frontal_right,mean,mean__frontal_right__E3,3,179,"[6, 14, 18, 20, 21, 22, 27, 29, 34, 38, 39, 47, 48, 54, 57, 58, 64, 68, 72, 76, 79, 81, 87, 92, 94, 99, 110, 117, 120, 122, 123, 131, 138, 140, 142, 144, 153, 155, 158, 165, 169, 172, 173, 174, 178]",45,False,2.9823501196074744e-05,-1.0676864028729949e-09,9.941522960825872e-06,10.0
E124,208,208,119,89,336,0.5721153846153846,0.26153846153846155,0.35897435897435903,raja,S18/S31_20190115_035853_2,frontal_right,mean,mean__frontal_right__E124,3,179,"[6, 14, 18, 20, 21, 22, 27, 29, 34, 38, 39, 47, 48, 54, 57, 58, 64, 68, 72, 76, 79, 81, 87, 92, 94, 99, 110, 117, 120, 122, 123, 131, 138, 140, 142, 144, 153, 155, 158, 165, 169, 172, 173, 174, 178]",45,False,2.602348125675494e-05,9.277902870430312e-09,8.671401117961504e-06,10.0
E22,468,468,318,150,137,0.6794871794871795,0.6989010989010989,0.6890574214517876,raja,S18/S31_20190115_035853_2,all_channel,median,median__all_channel__E22,32,89,"[3, 9, 10, 13, 14, 15, 17, 19, 23, 26, 27, 33, 34, 36, 38, 39, 40, 42, 44, 45, 46, 47, 51, 52, 58, 59, 60, 61, 63, 65, 66, 67, 68, 69, 70, 71, 72, 73, 75, 76, 77, 79, 81, 82, 83, 84, 85, 86, 87, 88]",50,False,2.839259989430848e-05,-1.4826941004429444e-06,9.958431331583808e-06,20.0
E9,469,469,312,157,143,0.6652452025586354,0.6857142857142857,0.6753246753246752,raja,S18/S31_20190115_035853_2,all_channel,median,median__all_channel__E9,32,89,"[3, 9, 10, 13, 14, 15, 17, 19, 23, 26, 27, 33, 34, 36, 38, 39, 40, 42, 44, 45, 46, 47, 51, 52, 58, 59, 60, 61, 63, 65, 66, 67, 68, 69, 70, 71, 72, 73, 75, 76, 77, 79, 81, 82, 83, 84, 85, 86, 87, 88]",50,False,2.9371531336862123e-05,-1.381424498016307e-06,1.025098527829281e-05,20.0
E3,455,455,282,173,173,0.6197802197802198,0.6197802197802198,0.6197802197802198,raja,S18/S31_20190115_035853_2,all_channel,median,median__all_channel__E3,32,89,"[3, 9, 10, 13, 14, 15, 17, 19, 23, 26, 27, 33, 34, 36, 38, 39, 40, 42, 44, 45, 46, 47, 51, 52, 58, 59, 60, 61, 63, 65, 66, 67, 68, 69, 70, 71, 72, 73, 75, 76, 77, 79, 81, 82, 83, 84, 85, 86, 87, 88]",50,False,2.6541300990611855e-05,-7.847784446833826e-07,9.108693145098413e-06,20.0
E23,448,448,275,173,180,0.6138392857142857,0.6043956043956044,0.6090808416389811,raja,S18/S31_20190115_035853_2,all_channel,median,median__all_channel__E23,32,89,"[3, 9, 10, 13, 14, 15, 17, 19, 23, 26, 27, 33, 34, 36, 38, 39, 40, 42, 44, 45, 46, 47, 51, 52, 58, 59, 60, 61, 63, 65, 66, 67, 68, 69, 70, 71, 72, 73, 75, 76, 77, 79, 81, 82, 83, 84, 85, 86, 87, 88]",50,False,2.6219169140203817e-05,-8.016933667613947e-07,9.006954168988404e-06,20.0
E26,429,429,251,178,204,0.585081585081585,0.5516483516483517,0.5678733031674208,raja,S18/S31_20190115_035853_2,all_channel,median,median__all_channel__E26,32,89,"[3, 9, 10, 13, 14, 15, 17, 19, 23, 26, 27, 33, 34, 36, 38, 39, 40, 42, 44, 45, 46, 47, 51, 52, 58, 59, 60, 61, 63, 65, 66, 67, 68, 69, 70, 71, 72, 73, 75, 76, 77, 79, 81, 82, 83, 84, 85, 86, 87, 88]",50,False,3.2854949675624545e-05,-5.915414246776468e-07,1.1148830366767397e-05,20.0
E11,324,324,177,147,278,0.5462962962962963,0.389010989010989,0.45442875481386397,raja,S18/S31_20190115_035853_2,all_channel,median,median__all_channel__E11,32,89,"[3, 9, 10, 13, 14, 15, 17, 19, 23, 26, 27, 33, 34, 36, 38, 39, 40, 42, 44, 45, 46, 47, 51, 52, 58, 59, 60, 61, 63, 65, 66, 67, 68, 69, 70, 71, 72, 73, 75, 76, 77, 79, 81, 82, 83, 84, 85, 86, 87, 88]",50,False,2.6178625429588408e-05,-5.130318915123518e-07,8.897219107033587e-06,20.0
E124,275,275,149,126,306,0.5418181818181819,0.3274725274725275,0.40821917808219177,raja,S18/S31_20190115_035853_2,all_channel,median,median__all_channel__E124,32,89,"[3, 9, 10, 13, 14, 15, 17, 19, 23, 26, 27, 33, 34, 36, 38, 39, 40, 42, 44, 45, 46, 47, 51, 52, 58, 59, 60, 61, 63, 65, 66, 67, 68, 69, 70, 71, 72, 73, 75, 76, 77, 79, 81, 82, 83, 84, 85, 86, 87, 88]",50,False,2.3519470489501027e-05,-4.196452652727988e-07,7.979705251591275e-06,20.0
E24,144,144,67,77,388,0.4652777777777778,0.14725274725274726,0.22370617696160267,raja,S18/S31_20190115_035853_2,all_channel,median,median__all_channel__E24,32,89,"[3, 9, 10, 13, 14, 15, 17, 19, 23, 26, 27, 33, 34, 36, 38, 39, 40, 42, 44, 45, 46, 47, 51, 52, 58, 59, 60, 61, 63, 65, 66, 67, 68, 69, 70, 71, 72, 73, 75, 76, 77, 79, 81, 82, 83, 84, 85, 86, 87, 88]",50,False,2.5404301032825582e-05,-2.7648003477384836e-07,8.560260355866477e-06,20.0
E122,81,81,28,53,427,0.345679012345679,0.06153846153846154,0.10447761194029852,raja,S18/S31_20190115_035853_2,all_channel,median,median__all_channel__E122,32,89,"[3, 9, 10, 13, 14, 15, 17, 19, 23, 26, 27, 33, 34, 36, 38, 39, 40, 42, 44, 45, 46, 47, 51, 52, 58, 59, 60, 61, 63, 65, 66, 67, 68, 69, 70, 71, 72, 73, 75, 76, 77, 79, 81, 82, 83, 84, 85, 86, 87, 88]",50,False,2.6556993248700655e-05,2.4048876873115665e-07,8.772168159989832e-06,20.0
E117,50,50,21,29,434,0.42,0.046153846153846156,0.08316831683168317,raja,S18/S31_20190115_035853_2,all_channel,median,median__all_channel__E117,32,89,"[3, 9, 10, 13, 14, 15, 17, 19, 23, 26, 27, 33, 34, 36, 38, 39, 40, 42, 44, 45, 46, 47, 51, 52, 58, 59, 60, 61, 63, 65, 66, 67, 68, 69, 70, 71, 72, 73, 75, 76, 77, 79, 81, 82, 83, 84, 85, 86, 87, 88]",50,False,2.303739563450558e-05,-1.1122727184008627e-07,7.716207635448555e-06,20.0
E33,89,89,17,72,438,0.19101123595505617,0.03736263736263736,0.0625,raja,S18/S31_20190115_035853_2,all_channel,median,median__all_channel__E33,32,89,"[3, 9, 10, 13, 14, 15, 17, 19, 23, 26, 27, 33, 34, 36, 38, 39, 40, 42, 44, 45, 46, 47, 51, 52, 58, 59, 60, 61, 63, 65, 66, 67, 68, 69, 70, 71, 72, 73, 75, 76, 77, 79, 81, 82, 83, 84, 85, 86, 87, 88]",50,False,3.076567970139955e-05,4.5511833690385564e-07,1.0103520454831897e-05,20.0
E60,23,23,10,13,445,0.43478260869565216,0.02197802197802198,0.041841004184100423,raja,S18/S31_20190115_035853_2,all_channel,median,median__all_channel__E60,32,89,"[3, 9, 10, 13, 14, 15, 17, 19, 23, 26, 27, 33, 34, 36, 38, 39, 40, 42, 44, 45, 46, 47, 51, 52, 58, 59, 60, 61, 63, 65, 66, 67, 68, 69, 70, 71, 72, 73, 75, 76, 77, 79, 81, 82, 83, 84, 85, 86, 87, 88]",50,False,1.998970727539758e-05,2.1752456371810176e-07,6.590727570559826e-06,20.0
E67,43,43,10,33,445,0.23255813953488372,0.02197802197802198,0.04016064257028113,raja,S18/S31_20190115_035853_2,all_channel,median,median__all_channel__E67,32,89,"[3, 9, 10, 13, 14, 15, 17, 19, 23, 26, 27, 33, 34, 36, 38, 39, 40, 42, 44, 45, 46, 47, 51, 52, 58, 59, 60, 61, 63, 65, 66, 67, 68, 69, 70, 71, 72, 73, 75, 76, 77, 79, 81, 82, 83, 84, 85, 86, 87, 88]",50,False,2.1147726101857266e-05,1.1719634155733387e-07,7.010176586766643e-06,20.0
E75,47,47,10,37,445,0.2127659574468085,0.02197802197802198,0.03984063745019921,raja,S18/S31_20190115_035853_2,all_channel,median,median__all_channel__E75,32,89,"[3, 9, 10, 13, 14, 15, 17, 19, 23, 26, 27, 33, 34, 36, 38, 39, 40, 42, 44, 45, 46, 47, 51, 52, 58, 59, 60, 61, 63, 65, 66, 67, 68, 69, 70, 71, 72, 73, 75, 76, 77, 79, 81, 82, 83, 84, 85, 86, 87, 88]",50,False,2.4840588925865868e-05,-1.0728788167225222e-07,8.31595893584604e-06,20.0
E112,32,32,8,24,447,0.25,0.017582417582417582,0.03285420944558522,raja,S18/S31_20190115_035853_2,all_channel,median,median__all_channel__E112,32,89,"[3, 9, 10, 13, 14, 15, 17, 19, 23, 26, 27, 33, 34, 36, 38, 39, 40, 42, 44, 45, 46, 47, 51, 52, 58, 59, 60, 61, 63, 65, 66, 67, 68, 69, 70, 71, 72, 73, 75, 76, 77, 79, 81, 82, 83, 84, 85, 86, 87, 88]",50,False,2.1751353871910577e-05,-4.2242999865609637e-08,7.264532290592061e-06,20.0
E59,23,23,7,16,448,0.30434782608695654,0.015384615384615385,0.029288702928870293,raja,S18/S31_20190115_035853_2,all_channel,median,median__all_channel__E59,32,89,"[3, 9, 10, 13, 14, 15, 17, 19, 23, 26, 27, 33, 34, 36, 38, 39, 40, 42, 44, 45, 46, 47, 51, 52, 58, 59, 60, 61, 63, 65, 66, 67, 68, 69, 70, 71, 72, 73, 75, 76, 77, 79, 81, 82, 83, 84, 85, 86, 87, 88]",50,False,2.0973854473389824e-05,2.3194451831657632e-07,6.913969985024416e-06,20.0
E28,29,29,7,22,448,0.2413793103448276,0.015384615384615385,0.028925619834710748,raja,S18/S31_20190115_035853_2,all_channel,median,median__all_channel__E28,32,89,"[3, 9, 10, 13, 14, 15, 17, 19, 23, 26, 27, 33, 34, 36, 38, 39, 40, 42, 44, 45, 46, 47, 51, 52, 58, 59, 60, 61, 63, 65, 66, 67, 68, 69, 70, 71, 72, 73, 75, 76, 77, 79, 81, 82, 83, 84, 85, 86, 87, 88]",50,False,2.4438505025188307e-05,2.7484483603860225e-08,8.137006847194815e-06,20.0
E70,31,31,7,24,448,0.22580645161290322,0.015384615384615385,0.02880658436213992,raja,S18/S31_20190115_035853_2,all_channel,median,median__all_channel__E70,32,89,"[3, 9, 10, 13, 14, 15, 17, 19, 23, 26, 27, 33, 34, 36, 38, 39, 40, 42, 44, 45, 46, 47, 51, 52, 58, 59, 60, 61, 63, 65, 66, 67, 68, 69, 70, 71, 72, 73, 75, 76, 77, 79, 81, 82, 83, 84, 85, 86, 87, 88]",50,False,2.561305965014899e-05,-2.1141785561974748e-08,8.544733811903655e-06,20.0
E77,32,32,7,25,448,0.21875,0.015384615384615385,0.028747433264887066,raja,S18/S31_20190115_035853_2,all_channel,median,median__all_channel__E77,32,89,"[3, 9, 10, 13, 14, 15, 17, 19, 23, 26, 27, 33, 34, 36, 38, 39, 40, 42, 44, 45, 46, 47, 51, 52, 58, 59, 60, 61, 63, 65, 66, 67, 68, 69, 70, 71, 72, 73, 75, 76, 77, 79, 81, 82, 83, 84, 85, 86, 87, 88]",50,False,2.134502591129083e-05,1.2541870353885145e-07,7.073202402583993e-06,20.0
E104,63,63,7,56,448,0.1111111111111111,0.015384615384615385,0.02702702702702703,raja,S18/S31_20190115_035853_2,all_channel,median,median__all_channel__E104,32,89,"[3, 9, 10, 13, 14, 15, 17, 19, 23, 26, 27, 33, 34, 36, 38, 39, 40, 42, 44, 45, 46, 47, 51, 52, 58, 59, 60, 61, 63, 65, 66, 67, 68, 69, 70, 71, 72, 73, 75, 76, 77, 79, 81, 82, 83, 84, 85, 86, 87, 88]",50,False,3.256243642276032e-05,-6.500068981793461e-08,1.0875812370859418e-05,20.0
E62,27,27,6,21,449,0.2222222222222222,0.013186813186813187,0.024896265560165977,raja,S18/S31_20190115_035853_2,all_channel,median,median__all_channel__E62,32,89,"[3, 9, 10, 13, 14, 15, 17, 19, 23, 26, 27, 33, 34, 36, 38, 39, 40, 42, 44, 45, 46, 47, 51, 52, 58, 59, 60, 61, 63, 65, 66, 67, 68, 69, 70, 71, 72, 73, 75, 76, 77, 79, 81, 82, 83, 84, 85, 86, 87, 88]",50,False,2.087761803179926e-05,1.4248682172562423e-07,6.911710403357879e-06,20.0
E83,32,32,6,26,449,0.1875,0.013186813186813187,0.02464065708418891,raja,S18/S31_20190115_035853_2,all_channel,median,median__all_channel__E83,32,89,"[3, 9, 10, 13, 14, 15, 17, 19, 23, 26, 27, 33, 34, 36, 38, 39, 40, 42, 44, 45, 46, 47, 51, 52, 58, 59, 60, 61, 63, 65, 66, 67, 68, 69, 70, 71, 72, 73, 75, 76, 77, 79, 81, 82, 83, 84, 85, 86, 87, 88]",50,False,2.661946362057164e-05,-2.6194871140356356e-08,8.881886163903998e-06,20.0
E40,22,22,5,17,450,0.22727272727272727,0.01098901098901099,0.020964360587002098,raja,S18/S31_20190115_035853_2,all_channel,median,median__all_channel__E40,32,89,"[3, 9, 10, 13, 14, 15, 17, 19, 23, 26, 27, 33, 34, 36, 38, 39, 40, 42, 44, 45, 46, 47, 51, 52, 58, 59, 60, 61, 63, 65, 66, 67, 68, 69, 70, 71, 72, 73, 75, 76, 77, 79, 81, 82, 83, 84, 85, 86, 87, 88]",50,False,2.299331864671294e-05,3.981599176299658e-07,7.531719576360992e-06,20.0
E84,24,24,5,19,450,0.20833333333333334,0.01098901098901099,0.020876826722338204,raja,S18/S31_20190115_035853_2,all_channel,median,median__all_channel__E84,32,89,"[3, 9, 10, 13, 14, 15, 17, 19, 23, 26, 27, 33, 34, 36, 38, 39, 40, 42, 44, 45, 46, 47, 51, 52, 58, 59, 60, 61, 63, 65, 66, 67, 68, 69, 70, 71, 72, 73, 75, 76, 77, 79, 81, 82, 83, 84, 85, 86, 87, 88]",50,False,2.2330547014311297e-05,1.1887180484019812e-07,7.403891736490367e-06,20.0
E109,27,27,5,22,450,0.18518518518518517,0.01098901098901099,0.02074688796680498,raja,S18/S31_20190115_035853_2,all_channel,median,median__all_channel__E109,32,89,"[3, 9, 10, 13, 14, 15, 17, 19, 23, 26, 27, 33, 34, 36, 38, 39, 40, 42, 44, 45, 46, 47, 51, 52, 58, 59, 60, 61, 63, 65, 66, 67, 68, 69, 70, 71, 72, 73, 75, 76, 77, 79, 81, 82, 83, 84, 85, 86, 87, 88]",50,False,1.9170215157920493e-05,1.496294655384028e-07,6.34019523079403e-06,20.0
E37,15,15,4,11,451,0.26666666666666666,0.008791208791208791,0.01702127659574468,raja,S18/S31_20190115_035853_2,all_channel,median,median__all_channel__E37,32,89,"[3, 9, 10, 13, 14, 15, 17, 19, 23, 26, 27, 33, 34, 36, 38, 39, 40, 42, 44, 45, 46, 47, 51, 52, 58, 59, 60, 61, 63, 65, 66, 67, 68, 69, 70, 71, 72, 73, 75, 76, 77, 79, 81, 82, 83, 84, 85, 86, 87, 88]",50,False,1.941698634694011e-05,9.962330587086325e-08,6.439121013689749e-06,20.0
E98,20,20,4,16,451,0.2,0.008791208791208791,0.016842105263157894,raja,S18/S31_20190115_035853_2,all_channel,median,median__all_channel__E98,32,89,"[3, 9, 10, 13, 14, 15, 17, 19, 23, 26, 27, 33, 34, 36, 38, 39, 40, 42, 44, 45, 46, 47, 51, 52, 58, 59, 60, 61, 63, 65, 66, 67, 68, 69, 70, 71, 72, 73, 75, 76, 77, 79, 81, 82, 83, 84, 85, 86, 87, 88]",50,False,2.058585071533388e-05,1.9983135672227403e-07,6.795339786203869e-06,20.0
E91,22,22,4,18,451,0.18181818181818182,0.008791208791208791,0.016771488469601678,raja,S18/S31_20190115_035853_2,all_channel,median,median__all_channel__E91,32,89,"[3, 9, 10, 13, 14, 15, 17, 19, 23, 26, 27, 33, 34, 36, 38, 39, 40, 42, 44, 45, 46, 47, 51, 52, 58, 59, 60, 61, 63, 65, 66, 67, 68, 69, 70, 71, 72, 73, 75, 76, 77, 79, 81, 82, 83, 84, 85, 86, 87, 88]",50,False,2.1586780262795865e-05,1.71706793087926e-07,7.138357823235979e-06,20.0
E13,23,23,4,19,451,0.17391304347826086,0.008791208791208791,0.016736401673640166,raja,S18/S31_20190115_035853_2,all_channel,median,median__all_channel__E13,32,89,"[3, 9, 10, 13, 14, 15, 17, 19, 23, 26, 27, 33, 34, 36, 38, 39, 40, 42, 44, 45, 46, 47, 51, 52, 58, 59, 60, 61, 63, 65, 66, 67, 68, 69, 70, 71, 72, 73, 75, 76, 77, 79, 81, 82, 83, 84, 85, 86, 87, 88]",50,False,2.5250239203760722e-05,4.062668015985017e-08,8.403204174533624e-06,20.0
E87,24,24,4,20,451,0.16666666666666666,0.008791208791208791,0.016701461377870565,raja,S18/S31_20190115_035853_2,all_channel,median,median__all_channel__E87,32,89,"[3, 9, 10, 13, 14, 15, 17, 19, 23, 26, 27, 33, 34, 36, 38, 39, 40, 42, 44, 45, 46, 47, 51, 52, 58, 59, 60, 61, 63, 65, 66, 67, 68, 69, 70, 71, 72, 73, 75, 76, 77, 79, 81, 82, 83, 84, 85, 86, 87, 88]",50,False,2.2748508243929523e-05,5.0638834882915805e-08,7.5659564696822025e-06,20.0
E85,14,14,3,11,452,0.21428571428571427,0.006593406593406593,0.01279317697228145,raja,S18/S31_20190115_035853_2,all_channel,median,median__all_channel__E85,32,89,"[3, 9, 10, 13, 14, 15, 17, 19, 23, 26, 27, 33, 34, 36, 38, 39, 40, 42, 44, 45, 46, 47, 51, 52, 58, 59, 60, 61, 63, 65, 66, 67, 68, 69, 70, 71, 72, 73, 75, 76, 77, 79, 81, 82, 83, 84, 85, 86, 87, 88]",50,False,2.1760451922969314e-05,1.380519142972481e-07,7.2074666695573554e-06,20.0
E47,19,19,3,16,452,0.15789473684210525,0.006593406593406593,0.012658227848101264,raja,S18/S31_20190115_035853_2,all_channel,median,median__all_channel__E47,32,89,"[3, 9, 10, 13, 14, 15, 17, 19, 23, 26, 27, 33, 34, 36, 38, 39, 40, 42, 44, 45, 46, 47, 51, 52, 58, 59, 60, 61, 63, 65, 66, 67, 68, 69, 70, 71, 72, 73, 75, 76, 77, 79, 81, 82, 83, 84, 85, 86, 87, 88]",50,False,1.9969825567452228e-05,2.7135112759139027e-07,6.56615814662028e-06,20.0
E22,468,468,316,152,139,0.6752136752136753,0.6945054945054945,0.6847237269772481,raja,S18/S31_20190115_035853_2,all_channel,mean,mean__all_channel__E22,32,89,"[3, 9, 10, 13, 14, 15, 17, 19, 23, 26, 27, 33, 34, 36, 38, 39, 40, 42, 44, 45, 46, 47, 51, 52, 58, 59, 60, 61, 63, 65, 66, 67, 68, 69, 70, 71, 72, 73, 75, 76, 77, 79, 81, 82, 83, 84, 85, 86, 87, 88]",50,False,2.9886463927368125e-05,1.1169932616700401e-08,9.958431331583808e-06,20.0
E9,472,472,313,159,142,0.663135593220339,0.6879120879120879,0.6752966558791802,raja,S18/S31_20190115_035853_2,all_channel,mean,mean__all_channel__E9,32,89,"[3, 9, 10, 13, 14, 15, 17, 19, 23, 26, 27, 33, 34, 36, 38, 39, 40, 42, 44, 45, 46, 47, 51, 52, 58, 59, 60, 61, 63, 65, 66, 67, 68, 69, 70, 71, 72, 73, 75, 76, 77, 79, 81, 82, 83, 84, 85, 86, 87, 88]",50,False,3.0747676671214106e-05,-5.279163664321833e-09,1.025098527829281e-05,20.0
E3,451,451,280,171,175,0.6208425720620843,0.6153846153846154,0.6181015452538631,raja,S18/S31_20190115_035853_2,all_channel,mean,mean__all_channel__E3,32,89,"[3, 9, 10, 13, 14, 15, 17, 19, 23, 26, 27, 33, 34, 36, 38, 39, 40, 42, 44, 45, 46, 47, 51, 52, 58, 59, 60, 61, 63, 65, 66, 67, 68, 69, 70, 71, 72, 73, 75, 76, 77, 79, 81, 82, 83, 84, 85, 86, 87, 88]",50,False,2.7329113054311395e-05,3.0336190161580355e-09,9.108693145098413e-06,20.0
E23,440,440,271,169,184,0.615909090909091,0.5956043956043956,0.6055865921787711,raja,S18/S31_20190115_035853_2,all_channel,mean,mean__all_channel__E23,32,89,"[3, 9, 10, 13, 14, 15, 17, 19, 23, 26, 27, 33, 34, 36, 38, 39, 40, 42, 44, 45, 46, 47, 51, 52, 58, 59, 60, 61, 63, 65, 66, 67, 68, 69, 70, 71, 72, 73, 75, 76, 77, 79, 81, 82, 83, 84, 85, 86, 87, 88]",50,False,2.704169283480911e-05,2.0830327843899743e-08,9.006954168988404e-06,20.0
E26,417,417,247,170,208,0.592326139088729,0.5428571428571428,0.5665137614678899,raja,S18/S31_20190115_035853_2,all_channel,mean,mean__all_channel__E26,32,89,"[3, 9, 10, 13, 14, 15, 17, 19, 23, 26, 27, 33, 34, 36, 38, 39, 40, 42, 44, 45, 46, 47, 51, 52, 58, 59, 60, 61, 63, 65, 66, 67, 68, 69, 70, 71, 72, 73, 75, 76, 77, 79, 81, 82, 83, 84, 85, 86, 87, 88]",50,False,3.347132612967574e-05,2.483502937354622e-08,1.1148830366767397e-05,20.0
E11,308,308,172,136,283,0.5584415584415584,0.378021978021978,0.4508519003931848,raja,S18/S31_20190115_035853_2,all_channel,mean,mean__all_channel__E11,32,89,"[3, 9, 10, 13, 14, 15, 17, 19, 23, 26, 27, 33, 34, 36, 38, 39, 40, 42, 44, 45, 46, 47, 51, 52, 58, 59, 60, 61, 63, 65, 66, 67, 68, 69, 70, 71, 72, 73, 75, 76, 77, 79, 81, 82, 83, 84, 85, 86, 87, 88]",50,False,2.668818981615413e-05,-3.467504946631866e-09,8.897219107033587e-06,20.0
E124,260,260,145,115,310,0.5576923076923077,0.31868131868131866,0.40559440559440557,raja,S18/S31_20190115_035853_2,all_channel,mean,mean__all_channel__E124,32,89,"[3, 9, 10, 13, 14, 15, 17, 19, 23, 26, 27, 33, 34, 36, 38, 39, 40, 42, 44, 45, 46, 47, 51, 52, 58, 59, 60, 61, 63, 65, 66, 67, 68, 69, 70, 71, 72, 73, 75, 76, 77, 79, 81, 82, 83, 84, 85, 86, 87, 88]",50,False,2.392876779292836e-05,-1.0347961845466737e-08,7.979705251591275e-06,20.0
E24,139,139,66,73,389,0.4748201438848921,0.14505494505494507,0.22222222222222224,raja,S18/S31_20190115_035853_2,all_channel,mean,mean__all_channel__E24,32,89,"[3, 9, 10, 13, 14, 15, 17, 19, 23, 26, 27, 33, 34, 36, 38, 39, 40, 42, 44, 45, 46, 47, 51, 52, 58, 59, 60, 61, 63, 65, 66, 67, 68, 69, 70, 71, 72, 73, 75, 76, 77, 79, 81, 82, 83, 84, 85, 86, 87, 88]",50,False,2.569924331306969e-05,1.8462245470260853e-08,8.560260355866477e-06,20.0
E122,83,83,28,55,427,0.3373493975903614,0.06153846153846154,0.10408921933085503,raja,S18/S31_20190115_035853_2,all_channel,mean,mean__all_channel__E122,32,89,"[3, 9, 10, 13, 14, 15, 17, 19, 23, 26, 27, 33, 34, 36, 38, 39, 40, 42, 44, 45, 46, 47, 51, 52, 58, 59, 60, 61, 63, 65, 66, 67, 68, 69, 70, 71, 72, 73, 75, 76, 77, 79, 81, 82, 83, 84, 85, 86, 87, 88]",50,False,2.6290267705187554e-05,-2.6236774781942402e-08,8.772168159989832e-06,20.0
E117,50,50,21,29,434,0.42,0.046153846153846156,0.08316831683168317,raja,S18/S31_20190115_035853_2,all_channel,mean,mean__all_channel__E117,32,89,"[3, 9, 10, 13, 14, 15, 17, 19, 23, 26, 27, 33, 34, 36, 38, 39, 40, 42, 44, 45, 46, 47, 51, 52, 58, 59, 60, 61, 63, 65, 66, 67, 68, 69, 70, 71, 72, 73, 75, 76, 77, 79, 81, 82, 83, 84, 85, 86, 87, 88]",50,False,2.3121449355928407e-05,-2.717355041726116e-08,7.716207635448555e-06,20.0
E33,93,93,18,75,437,0.1935483870967742,0.03956043956043956,0.0656934306569343,raja,S18/S31_20190115_035853_2,all_channel,mean,mean__all_channel__E33,32,89,"[3, 9, 10, 13, 14, 15, 17, 19, 23, 26, 27, 33, 34, 36, 38, 39, 40, 42, 44, 45, 46, 47, 51, 52, 58, 59, 60, 61, 63, 65, 66, 67, 68, 69, 70, 71, 72, 73, 75, 76, 77, 79, 81, 82, 83, 84, 85, 86, 87, 88]",50,False,3.0352102381031228e-05,4.1541016535533934e-08,1.0103520454831897e-05,20.0
E60,24,24,10,14,445,0.4166666666666667,0.02197802197802198,0.04175365344467641,raja,S18/S31_20190115_035853_2,all_channel,mean,mean__all_channel__E60,32,89,"[3, 9, 10, 13, 14, 15, 17, 19, 23, 26, 27, 33, 34, 36, 38, 39, 40, 42, 44, 45, 46, 47, 51, 52, 58, 59, 60, 61, 63, 65, 66, 67, 68, 69, 70, 71, 72, 73, 75, 76, 77, 79, 81, 82, 83, 84, 85, 86, 87, 88]",50,False,1.97809628565357e-05,8.780144856222185e-09,6.590727570559826e-06,20.0
E67,44,44,10,34,445,0.22727272727272727,0.02197802197802198,0.04008016032064128,raja,S18/S31_20190115_035853_2,all_channel,mean,mean__all_channel__E67,32,89,"[3, 9, 10, 13, 14, 15, 17, 19, 23, 26, 27, 33, 34, 36, 38, 39, 40, 42, 44, 45, 46, 47, 51, 52, 58, 59, 60, 61, 63, 65, 66, 67, 68, 69, 70, 71, 72, 73, 75, 76, 77, 79, 81, 82, 83, 84, 85, 86, 87, 88]",50,False,2.1034948694011884e-05,4.418933711952305e-09,7.010176586766643e-06,20.0
E75,47,47,10,37,445,0.2127659574468085,0.02197802197802198,0.03984063745019921,raja,S18/S31_20190115_035853_2,all_channel,mean,mean__all_channel__E75,32,89,"[3, 9, 10, 13, 14, 15, 17, 19, 23, 26, 27, 33, 34, 36, 38, 39, 40, 42, 44, 45, 46, 47, 51, 52, 58, 59, 60, 61, 63, 65, 66, 67, 68, 69, 70, 71, 72, 73, 75, 76, 77, 79, 81, 82, 83, 84, 85, 86, 87, 88]",50,False,2.4928607585989705e-05,-1.9269221548415065e-08,8.31595893584604e-06,20.0
E112,32,32,8,24,447,0.25,0.017582417582417582,0.03285420944558522,raja,S18/S31_20190115_035853_2,all_channel,mean,mean__all_channel__E112,32,89,"[3, 9, 10, 13, 14, 15, 17, 19, 23, 26, 27, 33, 34, 36, 38, 39, 40, 42, 44, 45, 46, 47, 51, 52, 58, 59, 60, 61, 63, 65, 66, 67, 68, 69, 70, 71, 72, 73, 75, 76, 77, 79, 81, 82, 83, 84, 85, 86, 87, 88]",50,False,2.178013865075942e-05,-1.345822101676563e-08,7.264532290592061e-06,20.0
E59,22,22,7,15,448,0.3181818181818182,0.015384615384615385,0.029350104821802937,raja,S18/S31_20190115_035853_2,all_channel,mean,mean__all_channel__E59,32,89,"[3, 9, 10, 13, 14, 15, 17, 19, 23, 26, 27, 33, 34, 36, 38, 39, 40, 42, 44, 45, 46, 47, 51, 52, 58, 59, 60, 61, 63, 65, 66, 67, 68, 69, 70, 71, 72, 73, 75, 76, 77, 79, 81, 82, 83, 84, 85, 86, 87, 88]",50,False,2.0757153182014637e-05,1.5243226941391424e-08,6.913969985024416e-06,20.0
E28,29,29,7,22,448,0.2413793103448276,0.015384615384615385,0.028925619834710748,raja,S18/S31_20190115_035853_2,all_channel,mean,mean__all_channel__E28,32,89,"[3, 9, 10, 13, 14, 15, 17, 19, 23, 26, 27, 33, 34, 36, 38, 39, 40, 42, 44, 45, 46, 47, 51, 52, 58, 59, 60, 61, 63, 65, 66, 67, 68, 69, 70, 71, 72, 73, 75, 76, 77, 79, 81, 82, 83, 84, 85, 86, 87, 88]",50,False,2.4432775347036516e-05,2.175480545207185e-08,8.137006847194815e-06,20.0
E70,31,31,7,24,448,0.22580645161290322,0.015384615384615385,0.02880658436213992,raja,S18/S31_20190115_035853_2,all_channel,mean,mean__all_channel__E70,32,89,"[3, 9, 10, 13, 14, 15, 17, 19, 23, 26, 27, 33, 34, 36, 38, 39, 40, 42, 44, 45, 46, 47, 51, 52, 58, 59, 60, 61, 63, 65, 66, 67, 68, 69, 70, 71, 72, 73, 75, 76, 77, 79, 81, 82, 83, 84, 85, 86, 87, 88]",50,False,2.5624341573402935e-05,-9.859862308029427e-09,8.544733811903655e-06,20.0
E77,33,33,7,26,448,0.21212121212121213,0.015384615384615385,0.02868852459016394,raja,S18/S31_20190115_035853_2,all_channel,mean,mean__all_channel__E77,32,89,"[3, 9, 10, 13, 14, 15, 17, 19, 23, 26, 27, 33, 34, 36, 38, 39, 40, 42, 44, 45, 46, 47, 51, 52, 58, 59, 60, 61, 63, 65, 66, 67, 68, 69, 70, 71, 72, 73, 75, 76, 77, 79, 81, 82, 83, 84, 85, 86, 87, 88]",50,False,2.1203119532253585e-05,-1.6487675498394458e-08,7.073202402583993e-06,20.0
E104,63,63,7,56,448,0.1111111111111111,0.015384615384615385,0.02702702702702703,raja,S18/S31_20190115_035853_2,all_channel,mean,mean__all_channel__E104,32,89,"[3, 9, 10, 13, 14, 15, 17, 19, 23, 26, 27, 33, 34, 36, 38, 39, 40, 42, 44, 45, 46, 47, 51, 52, 58, 59, 60, 61, 63, 65, 66, 67, 68, 69, 70, 71, 72, 73, 75, 76, 77, 79, 81, 82, 83, 84, 85, 86, 87, 88]",50,False,3.2527110834891173e-05,-1.0032627768708034e-07,1.0875812370859418e-05,20.0
E40,23,23,6,17,449,0.2608695652173913,0.013186813186813187,0.02510460251046025,raja,S18/S31_20190115_035853_2,all_channel,mean,mean__all_channel__E40,32,89,"[3, 9, 10, 13, 14, 15, 17, 19, 23, 26, 27, 33, 34, 36, 38, 39, 40, 42, 44, 45, 46, 47, 51, 52, 58, 59, 60, 61, 63, 65, 66, 67, 68, 69, 70, 71, 72, 73, 75, 76, 77, 79, 81, 82, 83, 84, 85, 86, 87, 88]",50,False,2.2631190012266857e-05,3.603128318388139e-08,7.531719576360992e-06,20.0
E62,28,28,6,22,449,0.21428571428571427,0.013186813186813187,0.024844720496894408,raja,S18/S31_20190115_035853_2,all_channel,mean,mean__all_channel__E62,32,89,"[3, 9, 10, 13, 14, 15, 17, 19, 23, 26, 27, 33, 34, 36, 38, 39, 40, 42, 44, 45, 46, 47, 51, 52, 58, 59, 60, 61, 63, 65, 66, 67, 68, 69, 70, 71, 72, 73, 75, 76, 77, 79, 81, 82, 83, 84, 85, 86, 87, 88]",50,False,2.0734620673794866e-05,-5.105362787686748e-10,6.911710403357879e-06,20.0
E83,32,32,6,26,449,0.1875,0.013186813186813187,0.02464065708418891,raja,S18/S31_20190115_035853_2,all_channel,mean,mean__all_channel__E83,32,89,"[3, 9, 10, 13, 14, 15, 17, 19, 23, 26, 27, 33, 34, 36, 38, 39, 40, 42, 44, 45, 46, 47, 51, 52, 58, 59, 60, 61, 63, 65, 66, 67, 68, 69, 70, 71, 72, 73, 75, 76, 77, 79, 81, 82, 83, 84, 85, 86, 87, 88]",50,False,2.6621641818961843e-05,-2.401667275014953e-08,8.881886163903998e-06,20.0
E84,25,25,5,20,450,0.2,0.01098901098901099,0.02083333333333334,raja,S18/S31_20190115_035853_2,all_channel,mean,mean__all_channel__E84,32,89,"[3, 9, 10, 13, 14, 15, 17, 19, 23, 26, 27, 33, 34, 36, 38, 39, 40, 42, 44, 45, 46, 47, 51, 52, 58, 59, 60, 61, 63, 65, 66, 67, 68, 69, 70, 71, 72, 73, 75, 76, 77, 79, 81, 82, 83, 84, 85, 86, 87, 88]",50,False,2.21997236874088e-05,-1.1951522062302173e-08,7.403891736490367e-06,20.0
E109,28,28,5,23,450,0.17857142857142858,0.01098901098901099,0.02070393374741201,raja,S18/S31_20190115_035853_2,all_channel,mean,mean__all_channel__E109,32,89,"[3, 9, 10, 13, 14, 15, 17, 19, 23, 26, 27, 33, 34, 36, 38, 39, 40, 42, 44, 45, 46, 47, 51, 52, 58, 59, 60, 61, 63, 65, 66, 67, 68, 69, 70, 71, 72, 73, 75, 76, 77, 79, 81, 82, 83, 84, 85, 86, 87, 88]",50,False,1.90021178549626e-05,-1.8467837419489776e-08,6.34019523079403e-06,20.0
E37,14,14,4,10,451,0.2857142857142857,0.008791208791208791,0.017057569296375266,raja,S18/S31_20190115_035853_2,all_channel,mean,mean__all_channel__E37,32,89,"[3, 9, 10, 13, 14, 15, 17, 19, 23, 26, 27, 33, 34, 36, 38, 39, 40, 42, 44, 45, 46, 47, 51, 52, 58, 59, 60, 61, 63, 65, 66, 67, 68, 69, 70, 71, 72, 73, 75, 76, 77, 79, 81, 82, 83, 84, 85, 86, 87, 88]",50,False,1.9326783687846816e-05,9.420646777567314e-09,6.439121013689749e-06,20.0
E85,15,15,4,11,451,0.26666666666666666,0.008791208791208791,0.01702127659574468,raja,S18/S31_20190115_035853_2,all_channel,mean,mean__all_channel__E85,32,89,"[3, 9, 10, 13, 14, 15, 17, 19, 23, 26, 27, 33, 34, 36, 38, 39, 40, 42, 44, 45, 46, 47, 51, 52, 58, 59, 60, 61, 63, 65, 66, 67, 68, 69, 70, 71, 72, 73, 75, 76, 77, 79, 81, 82, 83, 84, 85, 86, 87, 88]",50,False,2.1606297824311612e-05,-1.6102184360454523e-08,7.2074666695573554e-06,20.0
E98,20,20,4,16,451,0.2,0.008791208791208791,0.016842105263157894,raja,S18/S31_20190115_035853_2,all_channel,mean,mean__all_channel__E98,32,89,"[3, 9, 10, 13, 14, 15, 17, 19, 23, 26, 27, 33, 34, 36, 38, 39, 40, 42, 44, 45, 46, 47, 51, 52, 58, 59, 60, 61, 63, 65, 66, 67, 68, 69, 70, 71, 72, 73, 75, 76, 77, 79, 81, 82, 83, 84, 85, 86, 87, 88]",50,False,2.0367166299776616e-05,-1.8853058834992872e-08,6.795339786203869e-06,20.0
E91,22,22,4,18,451,0.18181818181818182,0.008791208791208791,0.016771488469601678,raja,S18/S31_20190115_035853_2,all_channel,mean,mean__all_channel__E91,32,89,"[3, 9, 10, 13, 14, 15, 17, 19, 23, 26, 27, 33, 34, 36, 38, 39, 40, 42, 44, 45, 46, 47, 51, 52, 58, 59, 60, 61, 63, 65, 66, 67, 68, 69, 70, 71, 72, 73, 75, 76, 77, 79, 81, 82, 83, 84, 85, 86, 87, 88]",50,False,2.1395661939512827e-05,-1.941153019511109e-08,7.138357823235979e-06,20.0
E13,23,23,4,19,451,0.17391304347826086,0.008791208791208791,0.016736401673640166,raja,S18/S31_20190115_035853_2,all_channel,mean,mean__all_channel__E13,32,89,"[3, 9, 10, 13, 14, 15, 17, 19, 23, 26, 27, 33, 34, 36, 38, 39, 40, 42, 44, 45, 46, 47, 51, 52, 58, 59, 60, 61, 63, 65, 66, 67, 68, 69, 70, 71, 72, 73, 75, 76, 77, 79, 81, 82, 83, 84, 85, 86, 87, 88]",50,False,2.5214332360124698e-05,4.719836523826538e-09,8.403204174533624e-06,20.0
E87,24,24,4,20,451,0.16666666666666666,0.008791208791208791,0.016701461377870565,raja,S18/S31_20190115_035853_2,all_channel,mean,mean__all_channel__E87,32,89,"[3, 9, 10, 13, 14, 15, 17, 19, 23, 26, 27, 33, 34, 36, 38, 39, 40, 42, 44, 45, 46, 47, 51, 52, 58, 59, 60, 61, 63, 65, 66, 67, 68, 69, 70, 71, 72, 73, 75, 76, 77, 79, 81, 82, 83, 84, 85, 86, 87, 88]",50,False,2.269594701130247e-05,-1.9223977441360604e-09,7.5659564696822025e-06,20.0
E47,20,20,3,17,452,0.15,0.006593406593406593,0.01263157894736842,raja,S18/S31_20190115_035853_2,all_channel,mean,mean__all_channel__E47,32,89,"[3, 9, 10, 13, 14, 15, 17, 19, 23, 26, 27, 33, 34, 36, 38, 39, 40, 42, 44, 45, 46, 47, 51, 52, 58, 59, 60, 61, 63, 65, 66, 67, 68, 69, 70, 71, 72, 73, 75, 76, 77, 79, 81, 82, 83, 84, 85, 86, 87, 88]",50,False,1.9711276509123535e-05,1.2802069262697695e-08,6.56615814662028e-06,20.0
E22,467,467,317,150,138,0.6788008565310493,0.6967032967032967,0.6876355748373102,raja,S18/S31_20190115_035853_2,frontal,median,median__frontal__E22,6,89,"[3, 10, 13, 14, 15, 17, 19, 23, 26, 27, 38, 39, 40, 46, 47, 60, 61, 65, 69, 72, 77, 79, 84, 87]",24,False,2.9425369155619627e-05,-1.6364456941710842e-06,1.035393828326357e-05,20.0
E9,473,473,313,160,142,0.6617336152219874,0.6879120879120879,0.6745689655172415,raja,S18/S31_20190115_035853_2,frontal,median,median__frontal__E9,6,89,"[3, 10, 13, 14, 15, 17, 19, 23, 26, 27, 38, 39, 40, 46, 47, 60, 61, 65, 69, 72, 77, 79, 84, 87]",24,False,3.067440962281994e-05,-1.620336733808895e-06,1.0764915452209612e-05,20.0
E3,451,451,280,171,175,0.6208425720620843,0.6153846153846154,0.6181015452538631,raja,S18/S31_20190115_035853_2,frontal,median,median__frontal__E3,6,89,"[3, 10, 13, 14, 15, 17, 19, 23, 26, 27, 38, 39, 40, 46, 47, 60, 61, 65, 69, 72, 77, 79, 84, 87]",24,False,2.7201154242889144e-05,-9.866582088072417e-07,9.395937483898795e-06,20.0
E23,444,444,272,172,183,0.6126126126126126,0.5978021978021978,0.6051167964404893,raja,S18/S31_20190115_035853_2,frontal,median,median__frontal__E23,6,89,"[3, 10, 13, 14, 15, 17, 19, 23, 26, 27, 38, 39, 40, 46, 47, 60, 61, 65, 69, 72, 77, 79, 84, 87]",24,False,2.6637593949944884e-05,-9.171652542530943e-07,9.18491973473266e-06,20.0
E124,257,257,142,115,313,0.5525291828793775,0.3120879120879121,0.398876404494382,raja,S18/S31_20190115_035853_2,frontal,median,median__frontal__E124,6,89,"[3, 10, 13, 14, 15, 17, 19, 23, 26, 27, 38, 39, 40, 46, 47, 60, 61, 65, 69, 72, 77, 79, 84, 87]",24,False,2.4213162485229038e-05,-5.229974249971685e-07,8.245386636742069e-06,20.0
E24,144,144,67,77,388,0.4652777777777778,0.14725274725274726,0.22370617696160267,raja,S18/S31_20190115_035853_2,frontal,median,median__frontal__E24,6,89,"[3, 10, 13, 14, 15, 17, 19, 23, 26, 27, 38, 39, 40, 46, 47, 60, 61, 65, 69, 72, 77, 79, 84, 87]",24,False,2.5442422355468726e-05,-3.476995555389125e-07,8.596707303669212e-06,20.0
E22,468,468,313,155,142,0.6688034188034188,0.6879120879120879,0.6782231852654387,raja,S18/S31_20190115_035853_2,frontal,mean,mean__frontal__E22,6,89,"[3, 10, 13, 14, 15, 17, 19, 23, 26, 27, 38, 39, 40, 46, 47, 60, 61, 65, 69, 72, 77, 79, 84, 87]",24,False,3.110440224348959e-05,4.2587393698877824e-08,1.035393828326357e-05,20.0
E9,468,468,310,158,145,0.6623931623931624,0.6813186813186813,0.6717226435536294,raja,S18/S31_20190115_035853_2,frontal,mean,mean__frontal__E9,6,89,"[3, 10, 13, 14, 15, 17, 19, 23, 26, 27, 38, 39, 40, 46, 47, 60, 61, 65, 69, 72, 77, 79, 84, 87]",24,False,3.232007809086307e-05,2.5331734234231542e-08,1.0764915452209612e-05,20.0
E3,447,447,280,167,175,0.6263982102908278,0.6153846153846154,0.6208425720620843,raja,S18/S31_20190115_035853_2,frontal,mean,mean__frontal__E3,6,89,"[3, 10, 13, 14, 15, 17, 19, 23, 26, 27, 38, 39, 40, 46, 47, 60, 61, 65, 69, 72, 77, 79, 84, 87]",24,False,2.8200417501366552e-05,1.260504967016487e-08,9.395937483898795e-06,20.0
E23,433,433,268,165,187,0.6189376443418014,0.589010989010989,0.6036036036036037,raja,S18/S31_20190115_035853_2,frontal,mean,mean__frontal__E23,6,89,"[3, 10, 13, 14, 15, 17, 19, 23, 26, 27, 38, 39, 40, 46, 47, 60, 61, 65, 69, 72, 77, 79, 84, 87]",24,False,2.758425185145022e-05,2.949264725224201e-08,9.18491973473266e-06,20.0
E124,245,245,138,107,317,0.563265306122449,0.3032967032967033,0.39428571428571424,raja,S18/S31_20190115_035853_2,frontal,mean,mean__frontal__E124,6,89,"[3, 10, 13, 14, 15, 17, 19, 23, 26, 27, 38, 39, 40, 46, 47, 60, 61, 65, 69, 72, 77, 79, 84, 87]",24,False,2.4722904074515326e-05,-1.3255835710880474e-08,8.245386636742069e-06,20.0
E24,137,137,65,72,390,0.4744525547445255,0.14285714285714285,0.21959459459459457,raja,S18/S31_20190115_035853_2,frontal,mean,mean__frontal__E24,6,89,"[3, 10, 13, 14, 15, 17, 19, 23, 26, 27, 38, 39, 40, 46, 47, 60, 61, 65, 69, 72, 77, 79, 84, 87]",24,False,2.581193302656597e-05,2.181111555833505e-08,8.596707303669212e-06,20.0
E22,467,467,316,151,139,0.6766595289079229,0.6945054945054945,0.685466377440347,raja,S18/S31_20190115_035853_2,frontal_left,median,median__frontal_left__E22,3,89,"[13, 15, 17, 19, 23, 26, 38, 39, 40, 46, 61, 69, 72, 77, 79]",15,False,2.995733430873472e-05,-1.5763150046620027e-06,1.0511216437798907e-05,20.0
E23,440,440,271,169,184,0.615909090909091,0.5956043956043956,0.6055865921787711,raja,S18/S31_20190115_035853_2,frontal_left,median,median__frontal_left__E23,3,89,"[13, 15, 17, 19, 23, 26, 38, 39, 40, 46, 61, 69, 72, 77, 79]",15,False,2.7048134826594712e-05,-9.390054512218958e-07,9.329046759272203e-06,20.0
E24,142,142,66,76,389,0.4647887323943662,0.14505494505494507,0.22110552763819097,raja,S18/S31_20190115_035853_2,frontal_left,median,median__frontal_left__E24,3,89,"[13, 15, 17, 19, 23, 26, 38, 39, 40, 46, 61, 69, 72, 77, 79]",15,False,2.5497713796935015e-05,-3.8023673604188804e-07,8.6259835109923e-06,20.0
E22,465,465,312,153,143,0.6709677419354839,0.6857142857142857,0.6782608695652174,raja,S18/S31_20190115_035853_2,frontal_left,mean,mean__frontal_left__E22,3,89,"[13, 15, 17, 19, 23, 26, 38, 39, 40, 46, 61, 69, 72, 77, 79]",15,False,3.159767623547349e-05,6.40269220767697e-08,1.0511216437798907e-05,20.0
E23,433,433,267,166,188,0.6166281755196305,0.5868131868131868,0.6013513513513513,raja,S18/S31_20190115_035853_2,frontal_left,mean,mean__frontal_left__E23,3,89,"[13, 15, 17, 19, 23, 26, 38, 39, 40, 46, 61, 69, 72, 77, 79]",15,False,2.8050551619117674e-05,6.341134130106259e-08,9.329046759272203e-06,20.0
E24,137,137,63,74,392,0.45985401459854014,0.13846153846153847,0.21283783783783786,raja,S18/S31_20190115_035853_2,frontal_left,mean,mean__frontal_left__E24,3,89,"[13, 15, 17, 19, 23, 26, 38, 39, 40, 46, 61, 69, 72, 77, 79]",15,False,2.5920695018640783e-05,4.27444856638813e-08,8.6259835109923e-06,20.0
E9,473,473,311,162,144,0.6575052854122622,0.6835164835164835,0.6702586206896552,raja,S18/S31_20190115_035853_2,frontal_right,median,median__frontal_right__E9,3,89,"[3, 10, 13, 14, 15, 17, 19, 23, 27, 39, 40, 46, 47, 60, 65, 69, 72, 77, 79, 84, 87]",21,False,3.139738253295524e-05,-1.701678971213145e-06,1.1033020501389461e-05,20.0
E3,449,449,280,169,175,0.623608017817372,0.6153846153846154,0.6194690265486726,raja,S18/S31_20190115_035853_2,frontal_right,median,median__frontal_right__E3,3,89,"[3, 10, 13, 14, 15, 17, 19, 23, 27, 39, 40, 46, 47, 60, 65, 69, 72, 77, 79, 84, 87]",21,False,2.7693733579423183e-05,-1.0225792979130339e-06,9.572104292445405e-06,20.0
E124,247,247,141,106,314,0.5708502024291497,0.3098901098901099,0.4017094017094017,raja,S18/S31_20190115_035853_2,frontal_right,median,median__frontal_right__E124,3,89,"[3, 10, 13, 14, 15, 17, 19, 23, 27, 39, 40, 46, 47, 60, 65, 69, 72, 77, 79, 84, 87]",21,False,2.4557013318802406e-05,-5.440063242612996e-07,8.367006547687902e-06,20.0
E9,468,468,308,160,147,0.6581196581196581,0.676923076923077,0.66738894907909,raja,S18/S31_20190115_035853_2,frontal_right,mean,mean__frontal_right__E9,3,89,"[3, 10, 13, 14, 15, 17, 19, 23, 27, 39, 40, 46, 47, 60, 65, 69, 72, 77, 79, 84, 87]",21,False,3.312331832357502e-05,2.4256819406634494e-08,1.1033020501389461e-05,20.0
E3,444,444,278,166,177,0.6261261261261262,0.610989010989011,0.6184649610678532,raja,S18/S31_20190115_035853_2,frontal_right,mean,mean__frontal_right__E3,3,89,"[3, 10, 13, 14, 15, 17, 19, 23, 27, 39, 40, 46, 47, 60, 65, 69, 72, 77, 79, 84, 87]",21,False,2.8726105357572248e-05,9.792480236030538e-09,9.572104292445405e-06,20.0
E124,236,236,134,102,321,0.5677966101694916,0.2945054945054945,0.3878437047756874,raja,S18/S31_20190115_035853_2,frontal_right,mean,mean__frontal_right__E124,3,89,"[3, 10, 13, 14, 15, 17, 19, 23, 27, 39, 40, 46, 47, 60, 65, 69, 72, 77, 79, 84, 87]",21,False,2.5089770568400012e-05,-1.124907466369179e-08,8.367006547687902e-06,20.0
E22,470,470,313,157,142,0.6659574468085107,0.6879120879120879,0.6767567567567568,raja,S18/S31_20190115_035853_2,all_channel,median,median__all_channel__E22,32,59,"[2, 7, 8, 9, 15, 24, 26, 27, 30, 31, 39, 40, 42, 43, 44, 46, 47, 48, 50, 52, 53, 55, 56, 57, 58]",25,False,2.8556985870100504e-05,-1.558349349971959e-06,1.0038445073357488e-05,30.0
E9,467,467,309,158,146,0.6616702355460385,0.6791208791208792,0.6702819956616053,raja,S18/S31_20190115_035853_2,all_channel,median,median__all_channel__E9,32,59,"[2, 7, 8, 9, 15, 24, 26, 27, 30, 31, 39, 40, 42, 43, 44, 46, 47, 48, 50, 52, 53, 55, 56, 57, 58]",25,False,2.9421009733476644e-05,-1.501396423967589e-06,1.0307468719148077e-05,30.0
E3,456,456,285,171,170,0.625,0.6263736263736264,0.6256860592755215,raja,S18/S31_20190115_035853_2,all_channel,median,median__all_channel__E3,32,59,"[2, 7, 8, 9, 15, 24, 26, 27, 30, 31, 39, 40, 42, 43, 44, 46, 47, 48, 50, 52, 53, 55, 56, 57, 58]",25,False,2.654796278587466e-05,-8.674933445289226e-07,9.138485376801195e-06,30.0
E23,444,444,276,168,179,0.6216216216216216,0.6065934065934065,0.6140155728587319,raja,S18/S31_20190115_035853_2,all_channel,median,median__all_channel__E23,32,59,"[2, 7, 8, 9, 15, 24, 26, 27, 30, 31, 39, 40, 42, 43, 44, 46, 47, 48, 50, 52, 53, 55, 56, 57, 58]",25,False,2.655079808477557e-05,-8.60301180347424e-07,9.137033088374331e-06,30.0
E26,407,407,246,161,209,0.6044226044226044,0.5406593406593406,0.5707656612529003,raja,S18/S31_20190115_035853_2,all_channel,median,median__all_channel__E26,32,59,"[2, 7, 8, 9, 15, 24, 26, 27, 30, 31, 39, 40, 42, 43, 44, 46, 47, 48, 50, 52, 53, 55, 56, 57, 58]",25,False,3.419797766286958e-05,-5.68425963366466e-07,1.1588801208745348e-05,30.0
E11,311,311,171,140,284,0.5498392282958199,0.3758241758241758,0.4464751958224543,raja,S18/S31_20190115_035853_2,all_channel,median,median__all_channel__E11,32,59,"[2, 7, 8, 9, 15, 24, 26, 27, 30, 31, 39, 40, 42, 43, 44, 46, 47, 48, 50, 52, 53, 55, 56, 57, 58]",25,False,2.6656507037608487e-05,-5.596348051427037e-07,9.072047280917063e-06,30.0
E124,264,264,147,117,308,0.5568181818181818,0.3230769230769231,0.4089012517385257,raja,S18/S31_20190115_035853_2,all_channel,median,median__all_channel__E124,32,59,"[2, 7, 8, 9, 15, 24, 26, 27, 30, 31, 39, 40, 42, 43, 44, 46, 47, 48, 50, 52, 53, 55, 56, 57, 58]",25,False,2.3840135921989337e-05,-4.2664294500484016e-07,8.08892628899806e-06,30.0
E24,141,141,65,76,390,0.46099290780141844,0.14285714285714285,0.2181208053691275,raja,S18/S31_20190115_035853_2,all_channel,median,median__all_channel__E24,32,59,"[2, 7, 8, 9, 15, 24, 26, 27, 30, 31, 39, 40, 42, 43, 44, 46, 47, 48, 50, 52, 53, 55, 56, 57, 58]",25,False,2.5816701264825155e-05,-2.824085107720751e-07,8.69970325853241e-06,30.0
E122,77,77,26,51,429,0.33766233766233766,0.05714285714285714,0.09774436090225563,raja,S18/S31_20190115_035853_2,all_channel,median,median__all_channel__E122,32,59,"[2, 7, 8, 9, 15, 24, 26, 27, 30, 31, 39, 40, 42, 43, 44, 46, 47, 48, 50, 52, 53, 55, 56, 57, 58]",25,False,2.687447628385488e-05,3.0916778687089235e-07,8.855102832327996e-06,30.0
E117,49,49,20,29,435,0.40816326530612246,0.04395604395604396,0.07936507936507936,raja,S18/S31_20190115_035853_2,all_channel,median,median__all_channel__E117,32,59,"[2, 7, 8, 9, 15, 24, 26, 27, 30, 31, 39, 40, 42, 43, 44, 46, 47, 48, 50, 52, 53, 55, 56, 57, 58]",25,False,2.3106989953170693e-05,-6.531814323910151e-08,7.724102698803266e-06,30.0
E33,85,85,17,68,438,0.2,0.03736263736263736,0.06296296296296296,raja,S18/S31_20190115_035853_2,all_channel,median,median__all_channel__E33,32,59,"[2, 7, 8, 9, 15, 24, 26, 27, 30, 31, 39, 40, 42, 43, 44, 46, 47, 48, 50, 52, 53, 55, 56, 57, 58]",25,False,3.095478245818044e-05,4.4779496641692955e-07,1.0168995830587835e-05,30.0
E60,24,24,11,13,444,0.4583333333333333,0.024175824175824177,0.04592901878914405,raja,S18/S31_20190115_035853_2,all_channel,median,median__all_channel__E60,32,59,"[2, 7, 8, 9, 15, 24, 26, 27, 30, 31, 39, 40, 42, 43, 44, 46, 47, 48, 50, 52, 53, 55, 56, 57, 58]",25,False,1.9986276206434092e-05,1.811391489207248e-07,6.601712352504455e-06,30.0
E67,44,44,11,33,444,0.25,0.024175824175824177,0.044088176352705406,raja,S18/S31_20190115_035853_2,all_channel,median,median__all_channel__E67,32,59,"[2, 7, 8, 9, 15, 24, 26, 27, 30, 31, 39, 40, 42, 43, 44, 46, 47, 48, 50, 52, 53, 55, 56, 57, 58]",25,False,2.1258743824688816e-05,9.375084197493993e-08,7.054997660904625e-06,30.0
E75,47,47,10,37,445,0.2127659574468085,0.02197802197802198,0.03984063745019921,raja,S18/S31_20190115_035853_2,all_channel,median,median__all_channel__E75,32,59,"[2, 7, 8, 9, 15, 24, 26, 27, 30, 31, 39, 40, 42, 43, 44, 46, 47, 48, 50, 52, 53, 55, 56, 57, 58]",25,False,2.521368783743383e-05,-1.4476811218490374e-07,8.452818649872912e-06,30.0
E112,34,34,8,26,447,0.23529411764705882,0.017582417582417582,0.032719836400818,raja,S18/S31_20190115_035853_2,all_channel,median,median__all_channel__E112,32,59,"[2, 7, 8, 9, 15, 24, 26, 27, 30, 31, 39, 40, 42, 43, 44, 46, 47, 48, 50, 52, 53, 55, 56, 57, 58]",25,False,2.2078346587615766e-05,-8.004042923674778e-08,7.386129005617504e-06,30.0
E59,21,21,7,14,448,0.3333333333333333,0.015384615384615385,0.029411764705882356,raja,S18/S31_20190115_035853_2,all_channel,median,median__all_channel__E59,32,59,"[2, 7, 8, 9, 15, 24, 26, 27, 30, 31, 39, 40, 42, 43, 44, 46, 47, 48, 50, 52, 53, 55, 56, 57, 58]",25,False,2.0998127411996418e-05,2.0784045023692634e-07,6.930095653919831e-06,30.0
E70,30,30,7,23,448,0.23333333333333334,0.015384615384615385,0.0288659793814433,raja,S18/S31_20190115_035853_2,all_channel,median,median__all_channel__E70,32,59,"[2, 7, 8, 9, 15, 24, 26, 27, 30, 31, 39, 40, 42, 43, 44, 46, 47, 48, 50, 52, 53, 55, 56, 57, 58]",25,False,2.595927905164059e-05,-3.438136995074981e-08,8.66455347386378e-06,30.0
E77,32,32,7,25,448,0.21875,0.015384615384615385,0.028747433264887066,raja,S18/S31_20190115_035853_2,all_channel,median,median__all_channel__E77,32,59,"[2, 7, 8, 9, 15, 24, 26, 27, 30, 31, 39, 40, 42, 43, 44, 46, 47, 48, 50, 52, 53, 55, 56, 57, 58]",25,False,2.1401005182316565e-05,9.894223520566851e-08,7.100687649036965e-06,30.0
E62,26,26,6,20,449,0.23076923076923078,0.013186813186813187,0.024948024948024946,raja,S18/S31_20190115_035853_2,all_channel,median,median__all_channel__E62,32,59,"[2, 7, 8, 9, 15, 24, 26, 27, 30, 31, 39, 40, 42, 43, 44, 46, 47, 48, 50, 52, 53, 55, 56, 57, 58]",25,False,2.0990101751793532e-05,1.1169476395559714e-07,6.959468995945978e-06,30.0
E28,27,27,6,21,449,0.2222222222222222,0.013186813186813187,0.024896265560165977,raja,S18/S31_20190115_035853_2,all_channel,median,median__all_channel__E28,32,59,"[2, 7, 8, 9, 15, 24, 26, 27, 30, 31, 39, 40, 42, 43, 44, 46, 47, 48, 50, 52, 53, 55, 56, 57, 58]",25,False,2.44644471622527e-05,-5.022824296514029e-08,8.171558468405947e-06,30.0
E40,22,22,5,17,450,0.22727272727272727,0.01098901098901099,0.020964360587002098,raja,S18/S31_20190115_035853_2,all_channel,median,median__all_channel__E40,32,59,"[2, 7, 8, 9, 15, 24, 26, 27, 30, 31, 39, 40, 42, 43, 44, 46, 47, 48, 50, 52, 53, 55, 56, 57, 58]",25,False,2.3141900317037293e-05,3.676071712770262e-07,7.591431048586755e-06,30.0
E84,24,24,5,19,450,0.20833333333333334,0.01098901098901099,0.020876826722338204,raja,S18/S31_20190115_035853_2,all_channel,median,median__all_channel__E84,32,59,"[2, 7, 8, 9, 15, 24, 26, 27, 30, 31, 39, 40, 42, 43, 44, 46, 47, 48, 50, 52, 53, 55, 56, 57, 58]",25,False,2.2424362506536813e-05,8.768781890420819e-08,7.445558229210869e-06,30.0
E109,25,25,5,20,450,0.2,0.01098901098901099,0.02083333333333334,raja,S18/S31_20190115_035853_2,all_channel,median,median__all_channel__E109,32,59,"[2, 7, 8, 9, 15, 24, 26, 27, 30, 31, 39, 40, 42, 43, 44, 46, 47, 48, 50, 52, 53, 55, 56, 57, 58]",25,False,1.948772242632085e-05,1.9539788126310943e-07,6.43077484835258e-06,30.0
E87,26,26,5,21,450,0.19230769230769232,0.01098901098901099,0.02079002079002079,raja,S18/S31_20190115_035853_2,all_channel,median,median__all_channel__E87,32,59,"[2, 7, 8, 9, 15, 24, 26, 27, 30, 31, 39, 40, 42, 43, 44, 46, 47, 48, 50, 52, 53, 55, 56, 57, 58]",25,False,2.2612780765673532e-05,-2.819535468984487e-08,7.5469920401211255e-06,30.0
E83,30,30,5,25,450,0.16666666666666666,0.01098901098901099,0.02061855670103093,raja,S18/S31_20190115_035853_2,all_channel,median,median__all_channel__E83,32,59,"[2, 7, 8, 9, 15, 24, 26, 27, 30, 31, 39, 40, 42, 43, 44, 46, 47, 48, 50, 52, 53, 55, 56, 57, 58]",25,False,2.7089346705405455e-05,-4.0342362918774144e-08,9.04322968944141e-06,30.0
E104,40,40,5,35,450,0.125,0.01098901098901099,0.020202020202020204,raja,S18/S31_20190115_035853_2,all_channel,median,median__all_channel__E104,32,59,"[2, 7, 8, 9, 15, 24, 26, 27, 30, 31, 39, 40, 42, 43, 44, 46, 47, 48, 50, 52, 53, 55, 56, 57, 58]",25,False,3.274214309458793e-05,-4.19448985091533e-08,1.0928029331032362e-05,30.0
E37,15,15,4,11,451,0.26666666666666666,0.008791208791208791,0.01702127659574468,raja,S18/S31_20190115_035853_2,all_channel,median,median__all_channel__E37,32,59,"[2, 7, 8, 9, 15, 24, 26, 27, 30, 31, 39, 40, 42, 43, 44, 46, 47, 48, 50, 52, 53, 55, 56, 57, 58]",25,False,1.959966913873983e-05,6.046348977560925e-08,6.51306854965474e-06,30.0
E98,20,20,4,16,451,0.2,0.008791208791208791,0.016842105263157894,raja,S18/S31_20190115_035853_2,all_channel,median,median__all_channel__E98,32,59,"[2, 7, 8, 9, 15, 24, 26, 27, 30, 31, 39, 40, 42, 43, 44, 46, 47, 48, 50, 52, 53, 55, 56, 57, 58]",25,False,2.0724473343424847e-05,2.1661095146674442e-07,6.835954130652701e-06,30.0
E13,22,22,4,18,451,0.18181818181818182,0.008791208791208791,0.016771488469601678,raja,S18/S31_20190115_035853_2,all_channel,median,median__all_channel__E13,32,59,"[2, 7, 8, 9, 15, 24, 26, 27, 30, 31, 39, 40, 42, 43, 44, 46, 47, 48, 50, 52, 53, 55, 56, 57, 58]",25,False,2.554205925208879e-05,5.94904017327562e-09,8.512036737305171e-06,30.0
E91,22,22,4,18,451,0.18181818181818182,0.008791208791208791,0.016771488469601678,raja,S18/S31_20190115_035853_2,all_channel,median,median__all_channel__E91,32,59,"[2, 7, 8, 9, 15, 24, 26, 27, 30, 31, 39, 40, 42, 43, 44, 46, 47, 48, 50, 52, 53, 55, 56, 57, 58]",25,False,2.1498724304821754e-05,1.7276831640974847e-07,7.1086519961373355e-06,30.0
E85,14,14,3,11,452,0.21428571428571427,0.006593406593406593,0.01279317697228145,raja,S18/S31_20190115_035853_2,all_channel,median,median__all_channel__E85,32,59,"[2, 7, 8, 9, 15, 24, 26, 27, 30, 31, 39, 40, 42, 43, 44, 46, 47, 48, 50, 52, 53, 55, 56, 57, 58]",25,False,2.1816069969266105e-05,1.410334286087571e-07,7.225012180219116e-06,30.0
E47,20,20,3,17,452,0.15,0.006593406593406593,0.01263157894736842,raja,S18/S31_20190115_035853_2,all_channel,median,median__all_channel__E47,32,59,"[2, 7, 8, 9, 15, 24, 26, 27, 30, 31, 39, 40, 42, 43, 44, 46, 47, 48, 50, 52, 53, 55, 56, 57, 58]",25,False,1.9853787722500263e-05,2.479966566177525e-07,6.5352636886275035e-06,30.0
E22,465,465,313,152,142,0.6731182795698925,0.6879120879120879,0.6804347826086956,raja,S18/S31_20190115_035853_2,all_channel,mean,mean__all_channel__E22,32,59,"[2, 7, 8, 9, 15, 24, 26, 27, 30, 31, 39, 40, 42, 43, 44, 46, 47, 48, 50, 52, 53, 55, 56, 57, 58]",25,False,3.0129250284131933e-05,1.3915064059471022e-08,1.0038445073357488e-05,30.0
E9,470,470,310,160,145,0.6595744680851063,0.6813186813186813,0.6702702702702702,raja,S18/S31_20190115_035853_2,all_channel,mean,mean__all_channel__E9,32,59,"[2, 7, 8, 9, 15, 24, 26, 27, 30, 31, 39, 40, 42, 43, 44, 46, 47, 48, 50, 52, 53, 55, 56, 57, 58]",25,False,3.0937520086334654e-05,1.5113928890420978e-08,1.0307468719148077e-05,30.0
E3,452,452,284,168,171,0.6283185840707964,0.6241758241758242,0.6262403528114664,raja,S18/S31_20190115_035853_2,all_channel,mean,mean__all_channel__E3,32,59,"[2, 7, 8, 9, 15, 24, 26, 27, 30, 31, 39, 40, 42, 43, 44, 46, 47, 48, 50, 52, 53, 55, 56, 57, 58]",25,False,2.7428334209936363e-05,1.2878079532779608e-08,9.138485376801195e-06,30.0
E23,434,434,272,162,183,0.6267281105990783,0.5978021978021978,0.6119235095613048,raja,S18/S31_20190115_035853_2,all_channel,mean,mean__all_channel__E23,32,59,"[2, 7, 8, 9, 15, 24, 26, 27, 30, 31, 39, 40, 42, 43, 44, 46, 47, 48, 50, 52, 53, 55, 56, 57, 58]",25,False,2.7414583332187423e-05,3.484067064426508e-09,9.137033088374331e-06,30.0
E26,397,397,242,155,213,0.6095717884130982,0.5318681318681319,0.5680751173708921,raja,S18/S31_20190115_035853_2,all_channel,mean,mean__all_channel__E26,32,59,"[2, 7, 8, 9, 15, 24, 26, 27, 30, 31, 39, 40, 42, 43, 44, 46, 47, 48, 50, 52, 53, 55, 56, 57, 58]",25,False,3.477892511626938e-05,1.2521490033340715e-08,1.1588801208745348e-05,30.0
E11,295,295,166,129,289,0.5627118644067797,0.3648351648351648,0.4426666666666666,raja,S18/S31_20190115_035853_2,all_channel,mean,mean__all_channel__E11,32,59,"[2, 7, 8, 9, 15, 24, 26, 27, 30, 31, 39, 40, 42, 43, 44, 46, 47, 48, 50, 52, 53, 55, 56, 57, 58]",25,False,2.7210543875828477e-05,-5.5979669227126054e-09,9.072047280917063e-06,30.0
E124,258,258,143,115,312,0.5542635658914729,0.3142857142857143,0.4011220196353436,raja,S18/S31_20190115_035853_2,all_channel,mean,mean__all_channel__E124,32,59,"[2, 7, 8, 9, 15, 24, 26, 27, 30, 31, 39, 40, 42, 43, 44, 46, 47, 48, 50, 52, 53, 55, 56, 57, 58]",25,False,2.4265041390196462e-05,-1.7374767977137157e-09,8.08892628899806e-06,30.0
E24,137,137,61,76,394,0.44525547445255476,0.13406593406593406,0.20608108108108109,raja,S18/S31_20190115_035853_2,all_channel,mean,mean__all_channel__E24,32,59,"[2, 7, 8, 9, 15, 24, 26, 27, 30, 31, 39, 40, 42, 43, 44, 46, 47, 48, 50, 52, 53, 55, 56, 57, 58]",25,False,2.6092506323250806e-05,-6.60345234642648e-09,8.69970325853241e-06,30.0
E122,79,79,26,53,429,0.3291139240506329,0.05714285714285714,0.09737827715355804,raja,S18/S31_20190115_035853_2,all_channel,mean,mean__all_channel__E122,32,59,"[2, 7, 8, 9, 15, 24, 26, 27, 30, 31, 39, 40, 42, 43, 44, 46, 47, 48, 50, 52, 53, 55, 56, 57, 58]",25,False,2.6569582503296194e-05,4.27400631220607e-09,8.855102832327996e-06,30.0
E117,49,49,20,29,435,0.40816326530612246,0.04395604395604396,0.07936507936507936,raja,S18/S31_20190115_035853_2,all_channel,mean,mean__all_channel__E117,32,59,"[2, 7, 8, 9, 15, 24, 26, 27, 30, 31, 39, 40, 42, 43, 44, 46, 47, 48, 50, 52, 53, 55, 56, 57, 58]",25,False,2.316924459712733e-05,-3.0634992824634846e-09,7.724102698803266e-06,30.0
E33,90,90,17,73,438,0.18888888888888888,0.03736263736263736,0.06238532110091743,raja,S18/S31_20190115_035853_2,all_channel,mean,mean__all_channel__E33,32,59,"[2, 7, 8, 9, 15, 24, 26, 27, 30, 31, 39, 40, 42, 43, 44, 46, 47, 48, 50, 52, 53, 55, 56, 57, 58]",25,False,3.051296086969271e-05,5.973377929203007e-09,1.0168995830587835e-05,30.0
E60,25,25,11,14,444,0.44,0.024175824175824177,0.04583333333333333,raja,S18/S31_20190115_035853_2,all_channel,mean,mean__all_channel__E60,32,59,"[2, 7, 8, 9, 15, 24, 26, 27, 30, 31, 39, 40, 42, 43, 44, 46, 47, 48, 50, 52, 53, 55, 56, 57, 58]",25,False,1.97977319146519e-05,-7.405142861467663e-09,6.601712352504455e-06,30.0
E67,45,45,11,34,444,0.24444444444444444,0.024175824175824177,0.044000000000000004,raja,S18/S31_20190115_035853_2,all_channel,mean,mean__all_channel__E67,32,59,"[2, 7, 8, 9, 15, 24, 26, 27, 30, 31, 39, 40, 42, 43, 44, 46, 47, 48, 50, 52, 53, 55, 56, 57, 58]",25,False,2.1170102607129077e-05,5.10962441520148e-09,7.054997660904625e-06,30.0
E75,47,47,10,37,445,0.2127659574468085,0.02197802197802198,0.03984063745019921,raja,S18/S31_20190115_035853_2,all_channel,mean,mean__all_channel__E75,32,59,"[2, 7, 8, 9, 15, 24, 26, 27, 30, 31, 39, 40, 42, 43, 44, 46, 47, 48, 50, 52, 53, 55, 56, 57, 58]",25,False,2.5357196713514884e-05,-1.2592361038523541e-09,8.452818649872912e-06,30.0
E59,21,21,7,14,448,0.3333333333333333,0.015384615384615385,0.029411764705882356,raja,S18/S31_20190115_035853_2,all_channel,mean,mean__all_channel__E59,32,59,"[2, 7, 8, 9, 15, 24, 26, 27, 30, 31, 39, 40, 42, 43, 44, 46, 47, 48, 50, 52, 53, 55, 56, 57, 58]",25,False,2.0790939135332624e-05,6.521735731327338e-10,6.930095653919831e-06,30.0
E70,30,30,7,23,448,0.23333333333333334,0.015384615384615385,0.0288659793814433,raja,S18/S31_20190115_035853_2,all_channel,mean,mean__all_channel__E70,32,59,"[2, 7, 8, 9, 15, 24, 26, 27, 30, 31, 39, 40, 42, 43, 44, 46, 47, 48, 50, 52, 53, 55, 56, 57, 58]",25,False,2.599465224529725e-05,9.918237059129134e-10,8.66455347386378e-06,30.0
E77,32,32,7,25,448,0.21875,0.015384615384615385,0.028747433264887066,raja,S18/S31_20190115_035853_2,all_channel,mean,mean__all_channel__E77,32,59,"[2, 7, 8, 9, 15, 24, 26, 27, 30, 31, 39, 40, 42, 43, 44, 46, 47, 48, 50, 52, 53, 55, 56, 57, 58]",25,False,2.1307920467680224e-05,5.857520569327914e-09,7.100687649036965e-06,30.0
E112,34,34,7,27,448,0.20588235294117646,0.015384615384615385,0.028629856850715747,raja,S18/S31_20190115_035853_2,all_channel,mean,mean__all_channel__E112,32,59,"[2, 7, 8, 9, 15, 24, 26, 27, 30, 31, 39, 40, 42, 43, 44, 46, 47, 48, 50, 52, 53, 55, 56, 57, 58]",25,False,2.215131513729117e-05,-7.071879561341354e-09,7.386129005617504e-06,30.0
E62,26,26,6,20,449,0.23076923076923078,0.013186813186813187,0.024948024948024946,raja,S18/S31_20190115_035853_2,all_channel,mean,mean__all_channel__E62,32,59,"[2, 7, 8, 9, 15, 24, 26, 27, 30, 31, 39, 40, 42, 43, 44, 46, 47, 48, 50, 52, 53, 55, 56, 57, 58]",25,False,2.0878410666360407e-05,3.678522472767611e-12,6.959468995945978e-06,30.0
E28,27,27,6,21,449,0.2222222222222222,0.013186813186813187,0.024896265560165977,raja,S18/S31_20190115_035853_2,all_channel,mean,mean__all_channel__E28,32,59,"[2, 7, 8, 9, 15, 24, 26, 27, 30, 31, 39, 40, 42, 43, 44, 46, 47, 48, 50, 52, 53, 55, 56, 57, 58]",25,False,2.4503198933104133e-05,-1.1476472113708437e-08,8.171558468405947e-06,30.0
E40,21,21,5,16,450,0.23809523809523808,0.01098901098901099,0.02100840336134454,raja,S18/S31_20190115_035853_2,all_channel,mean,mean__all_channel__E40,32,59,"[2, 7, 8, 9, 15, 24, 26, 27, 30, 31, 39, 40, 42, 43, 44, 46, 47, 48, 50, 52, 53, 55, 56, 57, 58]",25,False,2.276731495704584e-05,-6.978188714424237e-09,7.591431048586755e-06,30.0
E84,24,24,5,19,450,0.20833333333333334,0.01098901098901099,0.020876826722338204,raja,S18/S31_20190115_035853_2,all_channel,mean,mean__all_channel__E84,32,59,"[2, 7, 8, 9, 15, 24, 26, 27, 30, 31, 39, 40, 42, 43, 44, 46, 47, 48, 50, 52, 53, 55, 56, 57, 58]",25,False,2.2349328129356056e-05,1.2653441723448896e-08,7.445558229210869e-06,30.0
E109,26,26,5,21,450,0.19230769230769232,0.01098901098901099,0.02079002079002079,raja,S18/S31_20190115_035853_2,all_channel,mean,mean__all_channel__E109,32,59,"[2, 7, 8, 9, 15, 24, 26, 27, 30, 31, 39, 40, 42, 43, 44, 46, 47, 48, 50, 52, 53, 55, 56, 57, 58]",25,False,1.9304928297778172e-05,1.2603752720431567e-08,6.43077484835258e-06,30.0
E87,26,26,5,21,450,0.19230769230769232,0.01098901098901099,0.02079002079002079,raja,S18/S31_20190115_035853_2,all_channel,mean,mean__all_channel__E87,32,59,"[2, 7, 8, 9, 15, 24, 26, 27, 30, 31, 39, 40, 42, 43, 44, 46, 47, 48, 50, 52, 53, 55, 56, 57, 58]",25,False,2.2646439457112633e-05,5.4633367492554494e-09,7.5469920401211255e-06,30.0
E83,30,30,5,25,450,0.16666666666666666,0.01098901098901099,0.02061855670103093,raja,S18/S31_20190115_035853_2,all_channel,mean,mean__all_channel__E83,32,59,"[2, 7, 8, 9, 15, 24, 26, 27, 30, 31, 39, 40, 42, 43, 44, 46, 47, 48, 50, 52, 53, 55, 56, 57, 58]",25,False,2.712682271824395e-05,-2.8663500802796297e-09,9.04322968944141e-06,30.0
E104,40,40,5,35,450,0.125,0.01098901098901099,0.020202020202020204,raja,S18/S31_20190115_035853_2,all_channel,mean,mean__all_channel__E104,32,59,"[2, 7, 8, 9, 15, 24, 26, 27, 30, 31, 39, 40, 42, 43, 44, 46, 47, 48, 50, 52, 53, 55, 56, 57, 58]",25,False,3.28146580042897e-05,3.0570011192613e-08,1.0928029331032362e-05,30.0
E37,15,15,4,11,451,0.26666666666666666,0.008791208791208791,0.01702127659574468,raja,S18/S31_20190115_035853_2,all_channel,mean,mean__all_channel__E37,32,59,"[2, 7, 8, 9, 15, 24, 26, 27, 30, 31, 39, 40, 42, 43, 44, 46, 47, 48, 50, 52, 53, 55, 56, 57, 58]",25,False,1.952817968058714e-05,-1.1025968377081822e-08,6.51306854965474e-06,30.0
E98,20,20,4,16,451,0.2,0.008791208791208791,0.016842105263157894,raja,S18/S31_20190115_035853_2,all_channel,mean,mean__all_channel__E98,32,59,"[2, 7, 8, 9, 15, 24, 26, 27, 30, 31, 39, 40, 42, 43, 44, 46, 47, 48, 50, 52, 53, 55, 56, 57, 58]",25,False,2.052244079813433e-05,1.457840617622625e-08,6.835954130652701e-06,30.0
E13,22,22,4,18,451,0.18181818181818182,0.008791208791208791,0.016771488469601678,raja,S18/S31_20190115_035853_2,all_channel,mean,mean__all_channel__E13,32,59,"[2, 7, 8, 9, 15, 24, 26, 27, 30, 31, 39, 40, 42, 43, 44, 46, 47, 48, 50, 52, 53, 55, 56, 57, 58]",25,False,2.5519427038249642e-05,-1.668317366587286e-08,8.512036737305171e-06,30.0
E91,22,22,4,18,451,0.18181818181818182,0.008791208791208791,0.016771488469601678,raja,S18/S31_20190115_035853_2,all_channel,mean,mean__all_channel__E91,32,59,"[2, 7, 8, 9, 15, 24, 26, 27, 30, 31, 39, 40, 42, 43, 44, 46, 47, 48, 50, 52, 53, 55, 56, 57, 58]",25,False,2.1339748089714358e-05,1.3792101302352822e-08,7.1086519961373355e-06,30.0
E85,14,14,3,11,452,0.21428571428571427,0.006593406593406593,0.01279317697228145,raja,S18/S31_20190115_035853_2,all_channel,mean,mean__all_channel__E85,32,59,"[2, 7, 8, 9, 15, 24, 26, 27, 30, 31, 39, 40, 42, 43, 44, 46, 47, 48, 50, 52, 53, 55, 56, 57, 58]",25,False,2.1682615781297515e-05,7.579240640164948e-09,7.225012180219116e-06,30.0
E47,20,20,3,17,452,0.15,0.006593406593406593,0.01263157894736842,raja,S18/S31_20190115_035853_2,all_channel,mean,mean__all_channel__E47,32,59,"[2, 7, 8, 9, 15, 24, 26, 27, 30, 31, 39, 40, 42, 43, 44, 46, 47, 48, 50, 52, 53, 55, 56, 57, 58]",25,False,1.9592201837024878e-05,-1.3589228857632278e-08,6.5352636886275035e-06,30.0
E22,465,465,313,152,142,0.6731182795698925,0.6879120879120879,0.6804347826086956,raja,S18/S31_20190115_035853_2,frontal,median,median__frontal__E22,6,59,"[2, 9, 26, 27, 48]",5,False,3.0020971934007513e-05,-1.5338609919643702e-06,1.0518277641990627e-05,30.0
E9,467,467,310,157,145,0.6638115631691649,0.6813186813186813,0.6724511930585684,raja,S18/S31_20190115_035853_2,frontal,median,median__frontal__E9,6,59,"[2, 9, 26, 27, 48]",5,False,2.9459115333624812e-05,-1.6845432428076333e-06,1.0381219525477482e-05,30.0
E3,457,457,285,172,170,0.6236323851203501,0.6263736263736264,0.6250000000000001,raja,S18/S31_20190115_035853_2,frontal,median,median__frontal__E3,6,59,"[2, 9, 26, 27, 48]",5,False,2.647558292657706e-05,-9.351580871129822e-07,9.136913671230013e-06,30.0
E23,435,435,272,163,183,0.6252873563218391,0.5978021978021978,0.6112359550561799,raja,S18/S31_20190115_035853_2,frontal,median,median__frontal__E23,6,59,"[2, 9, 26, 27, 48]",5,False,2.734001518776079e-05,-8.441550781103762e-07,9.394723421957055e-06,30.0
E124,270,270,148,122,307,0.5481481481481482,0.3252747252747253,0.4082758620689655,raja,S18/S31_20190115_035853_2,frontal,median,median__frontal__E124,6,59,"[2, 9, 26, 27, 48]",5,False,2.367637361880412e-05,-5.34304152930246e-07,8.070225923911456e-06,30.0
E24,149,149,67,82,388,0.44966442953020136,0.14725274725274726,0.22185430463576158,raja,S18/S31_20190115_035853_2,frontal,median,median__frontal__E24,6,59,"[2, 9, 26, 27, 48]",5,False,2.537295843531633e-05,-3.393230240004927e-07,8.570760486438941e-06,30.0
E22,464,464,309,155,146,0.665948275862069,0.6791208791208792,0.6724700761697497,raja,S18/S31_20190115_035853_2,frontal,mean,mean__frontal__E22,6,59,"[2, 9, 26, 27, 48]",5,False,3.155325820043324e-05,-1.5747255386438399e-09,1.0518277641990627e-05,30.0
E9,470,470,309,161,146,0.6574468085106383,0.6791208791208792,0.6681081081081081,raja,S18/S31_20190115_035853_2,frontal,mean,mean__frontal__E9,6,59,"[2, 9, 26, 27, 48]",5,False,3.110247960365623e-05,-4.1178972776214235e-08,1.0381219525477482e-05,30.0
E3,452,452,284,168,171,0.6283185840707964,0.6241758241758242,0.6262403528114664,raja,S18/S31_20190115_035853_2,frontal,mean,mean__frontal__E3,6,59,"[2, 9, 26, 27, 48]",5,False,2.736330844913311e-05,-4.7432564556933406e-08,9.136913671230013e-06,30.0
E23,431,431,267,164,188,0.6194895591647331,0.5868131868131868,0.6027088036117382,raja,S18/S31_20190115_035853_2,frontal,mean,mean__frontal__E23,6,59,"[2, 9, 26, 27, 48]",5,False,2.8184299386422967e-05,1.2912055180092027e-10,9.394723421957055e-06,30.0
E124,259,259,145,114,310,0.5598455598455598,0.31868131868131866,0.40616246498599434,raja,S18/S31_20190115_035853_2,frontal,mean,mean__frontal__E124,6,59,"[2, 9, 26, 27, 48]",5,False,2.416344467938088e-05,-4.7233092353484114e-08,8.070225923911456e-06,30.0
E24,143,143,66,77,389,0.46153846153846156,0.14505494505494507,0.22073578595317725,raja,S18/S31_20190115_035853_2,frontal,mean,mean__frontal__E24,6,59,"[2, 9, 26, 27, 48]",5,False,2.5722847885367614e-05,1.056642605079098e-08,8.570760486438941e-06,30.0
E22,467,467,314,153,141,0.6723768736616702,0.6901098901098901,0.6811279826464208,raja,S18/S31_20190115_035853_2,frontal_left,median,median__frontal_left__E22,3,59,"[9, 27, 48]",3,False,2.954506517183283e-05,-1.6929518227329258e-06,1.0412672331521919e-05,30.0
E23,443,443,275,168,180,0.6207674943566591,0.6043956043956044,0.6124721603563473,raja,S18/S31_20190115_035853_2,frontal_left,median,median__frontal_left__E23,3,59,"[9, 27, 48]",3,False,2.68410165555841e-05,-9.845375690276004e-07,9.2751847082039e-06,30.0
E24,162,162,78,84,377,0.48148148148148145,0.17142857142857143,0.25283630470016205,raja,S18/S31_20190115_035853_2,frontal_left,median,median__frontal_left__E24,3,59,"[9, 27, 48]",3,False,2.4986863470278888e-05,-3.684554317481062e-07,8.451772967342332e-06,30.0
E22,466,466,310,156,145,0.6652360515021459,0.6813186813186813,0.6731813246471227,raja,S18/S31_20190115_035853_2,frontal_left,mean,mean__frontal_left__E22,3,59,"[9, 27, 48]",3,False,3.12016557761294e-05,-3.63612184363593e-08,1.0412672331521919e-05,30.0
E23,428,428,267,161,188,0.6238317757009346,0.5868131868131868,0.6047565118912797,raja,S18/S31_20190115_035853_2,frontal_left,mean,mean__frontal_left__E23,3,59,"[9, 27, 48]",3,False,2.777877762758191e-05,-4.677649702979172e-08,9.2751847082039e-06,30.0
E24,150,150,70,80,385,0.4666666666666667,0.15384615384615385,0.23140495867768598,raja,S18/S31_20190115_035853_2,frontal_left,mean,mean__frontal_left__E24,3,59,"[9, 27, 48]",3,False,2.532933506526457e-05,-2.5983836762426195e-08,8.451772967342332e-06,30.0
E9,467,467,310,157,145,0.6638115631691649,0.6813186813186813,0.6724511930585684,raja,S18/S31_20190115_035853_2,frontal_right,median,median__frontal_right__E9,3,59,"[2, 9, 26, 27, 48]",5,False,2.9459115333624812e-05,-1.6845432428076333e-06,1.0381219525477482e-05,30.0
E3,457,457,285,172,170,0.6236323851203501,0.6263736263736264,0.6250000000000001,raja,S18/S31_20190115_035853_2,frontal_right,median,median__frontal_right__E3,3,59,"[2, 9, 26, 27, 48]",5,False,2.647558292657706e-05,-9.351580871129822e-07,9.136913671230013e-06,30.0
E124,270,270,148,122,307,0.5481481481481482,0.3252747252747253,0.4082758620689655,raja,S18/S31_20190115_035853_2,frontal_right,median,median__frontal_right__E124,3,59,"[2, 9, 26, 27, 48]",5,False,2.367637361880412e-05,-5.34304152930246e-07,8.070225923911456e-06,30.0
E9,470,470,309,161,146,0.6574468085106383,0.6791208791208792,0.6681081081081081,raja,S18/S31_20190115_035853_2,frontal_right,mean,mean__frontal_right__E9,3,59,"[2, 9, 26, 27, 48]",5,False,3.110247960365623e-05,-4.1178972776214235e-08,1.0381219525477482e-05,30.0
E3,452,452,284,168,171,0.6283185840707964,0.6241758241758242,0.6262403528114664,raja,S18/S31_20190115_035853_2,frontal_right,mean,mean__frontal_right__E3,3,59,"[2, 9, 26, 27, 48]",5,False,2.736330844913311e-05,-4.7432564556933406e-08,9.136913671230013e-06,30.0
E124,259,259,145,114,310,0.5598455598455598,0.31868131868131866,0.40616246498599434,raja,S18/S31_20190115_035853_2,frontal_right,mean,mean__frontal_right__E124,3,59,"[2, 9, 26, 27, 48]",5,False,2.416344467938088e-05,-4.7233092353484114e-08,8.070225923911456e-06,30.0
E22,468,468,316,152,139,0.6752136752136753,0.6945054945054945,0.6847237269772481,raja,S18/S31_20190115_035853_2,all_channel,median,median__all_channel__E22,32,44,"[11, 16, 18, 19, 20, 23, 25, 29, 30, 31, 32, 33, 34, 35, 36, 37, 38, 39, 41, 42, 43]",21,False,2.830687161432087e-05,-1.5963359038355954e-06,9.967735839385488e-06,40.0
E9,465,465,311,154,144,0.6688172043010753,0.6835164835164835,0.6760869565217391,raja,S18/S31_20190115_035853_2,all_channel,median,median__all_channel__E9,32,44,"[11, 16, 18, 19, 20, 23, 25, 29, 30, 31, 32, 33, 34, 35, 36, 37, 38, 39, 41, 42, 43]",21,False,2.919538790119021e-05,-1.502305166360636e-06,1.0232564355850282e-05,40.0
E3,459,459,287,172,168,0.6252723311546841,0.6307692307692307,0.6280087527352297,raja,S18/S31_20190115_035853_2,all_channel,median,median__all_channel__E3,32,44,"[11, 16, 18, 19, 20, 23, 25, 29, 30, 31, 32, 33, 34, 35, 36, 37, 38, 39, 41, 42, 43]",21,False,2.621671505431725e-05,-8.445896868630713e-07,9.020434913726774e-06,40.0
E23,445,445,278,167,177,0.6247191011235955,0.610989010989011,0.6177777777777778,raja,S18/S31_20190115_035853_2,all_channel,median,median__all_channel__E23,32,44,"[11, 16, 18, 19, 20, 23, 25, 29, 30, 31, 32, 33, 34, 35, 36, 37, 38, 39, 41, 42, 43]",21,False,2.6047782165398825e-05,-8.934562318067818e-07,8.980412799068535e-06,40.0
E26,425,425,252,173,203,0.5929411764705882,0.5538461538461539,0.5727272727272726,raja,S18/S31_20190115_035853_2,all_channel,median,median__all_channel__E26,32,44,"[11, 16, 18, 19, 20, 23, 25, 29, 30, 31, 32, 33, 34, 35, 36, 37, 38, 39, 41, 42, 43]",21,False,3.2936748651696115e-05,-6.82766814965715e-07,1.1206505155553944e-05,40.0
E11,336,336,180,156,275,0.5357142857142857,0.3956043956043956,0.45512010113780016,raja,S18/S31_20190115_035853_2,all_channel,median,median__all_channel__E11,32,44,"[11, 16, 18, 19, 20, 23, 25, 29, 30, 31, 32, 33, 34, 35, 36, 37, 38, 39, 41, 42, 43]",21,False,2.5827768133774467e-05,-5.702418909310114e-07,8.799336674901826e-06,40.0
E124,282,282,153,129,302,0.5425531914893617,0.3362637362637363,0.4151967435549525,raja,S18/S31_20190115_035853_2,all_channel,median,median__all_channel__E124,32,44,"[11, 16, 18, 19, 20, 23, 25, 29, 30, 31, 32, 33, 34, 35, 36, 37, 38, 39, 41, 42, 43]",21,False,2.3375958631134318e-05,-4.121861708195616e-07,7.929381600651294e-06,40.0
E24,147,147,70,77,385,0.47619047619047616,0.15384615384615385,0.23255813953488375,raja,S18/S31_20190115_035853_2,all_channel,median,median__all_channel__E24,32,44,"[11, 16, 18, 19, 20, 23, 25, 29, 30, 31, 32, 33, 34, 35, 36, 37, 38, 39, 41, 42, 43]",21,False,2.533177886798624e-05,-2.7526302555148775e-07,8.535680631179242e-06,40.0
E122,82,82,28,54,427,0.34146341463414637,0.06153846153846154,0.10428305400372441,raja,S18/S31_20190115_035853_2,all_channel,median,median__all_channel__E122,32,44,"[11, 16, 18, 19, 20, 23, 25, 29, 30, 31, 32, 33, 34, 35, 36, 37, 38, 39, 41, 42, 43]",21,False,2.625879673244101e-05,2.949085286505837e-07,8.654629401263476e-06,40.0
E117,54,54,20,34,435,0.37037037037037035,0.04395604395604396,0.07858546168958742,raja,S18/S31_20190115_035853_2,all_channel,median,median__all_channel__E117,32,44,"[11, 16, 18, 19, 20, 23, 25, 29, 30, 31, 32, 33, 34, 35, 36, 37, 38, 39, 41, 42, 43]",21,False,2.2700386432645377e-05,-9.804618579757971e-08,7.599477539480985e-06,40.0
E33,88,88,17,71,438,0.19318181818181818,0.03736263736263736,0.06261510128913443,raja,S18/S31_20190115_035853_2,all_channel,median,median__all_channel__E33,32,44,"[11, 16, 18, 19, 20, 23, 25, 29, 30, 31, 32, 33, 34, 35, 36, 37, 38, 39, 41, 42, 43]",21,False,3.0298893294543855e-05,4.087051779322784e-07,9.963396038870526e-06,40.0
E60,23,23,10,13,445,0.43478260869565216,0.02197802197802198,0.041841004184100423,raja,S18/S31_20190115_035853_2,all_channel,median,median__all_channel__E60,32,44,"[11, 16, 18, 19, 20, 23, 25, 29, 30, 31, 32, 33, 34, 35, 36, 37, 38, 39, 41, 42, 43]",21,False,1.9938237576151658e-05,2.4861121113269825e-07,6.563208788339653e-06,40.0
E67,46,46,10,36,445,0.21739130434782608,0.02197802197802198,0.03992015968063872,raja,S18/S31_20190115_035853_2,all_channel,median,median__all_channel__E67,32,44,"[11, 16, 18, 19, 20, 23, 25, 29, 30, 31, 32, 33, 34, 35, 36, 37, 38, 39, 41, 42, 43]",21,False,2.1174252778043825e-05,1.220867551338593e-07,7.017388674303323e-06,40.0
E75,48,48,10,38,445,0.20833333333333334,0.02197802197802198,0.039761431411530816,raja,S18/S31_20190115_035853_2,all_channel,median,median__all_channel__E75,32,44,"[11, 16, 18, 19, 20, 23, 25, 29, 30, 31, 32, 33, 34, 35, 36, 37, 38, 39, 41, 42, 43]",21,False,2.4880731124513947e-05,-1.3160203443984484e-07,8.33744438631793e-06,40.0
E112,35,35,9,26,446,0.2571428571428571,0.01978021978021978,0.03673469387755102,raja,S18/S31_20190115_035853_2,all_channel,median,median__all_channel__E112,32,44,"[11, 16, 18, 19, 20, 23, 25, 29, 30, 31, 32, 33, 34, 35, 36, 37, 38, 39, 41, 42, 43]",21,False,2.13905798063171e-05,-6.364437104853101e-08,7.151408059121877e-06,40.0
E28,30,30,8,22,447,0.26666666666666666,0.017582417582417582,0.032989690721649485,raja,S18/S31_20190115_035853_2,all_channel,median,median__all_channel__E28,32,44,"[11, 16, 18, 19, 20, 23, 25, 29, 30, 31, 32, 33, 34, 35, 36, 37, 38, 39, 41, 42, 43]",21,False,2.4289660991633387e-05,4.244663862468181e-08,8.082404784336234e-06,40.0
E59,21,21,7,14,448,0.3333333333333333,0.015384615384615385,0.029411764705882356,raja,S18/S31_20190115_035853_2,all_channel,median,median__all_channel__E59,32,44,"[11, 16, 18, 19, 20, 23, 25, 29, 30, 31, 32, 33, 34, 35, 36, 37, 38, 39, 41, 42, 43]",21,False,2.0918016698618513e-05,2.5234560511537007e-07,6.8885570311677135e-06,40.0
E70,31,31,7,24,448,0.22580645161290322,0.015384615384615385,0.02880658436213992,raja,S18/S31_20190115_035853_2,all_channel,median,median__all_channel__E70,32,44,"[11, 16, 18, 19, 20, 23, 25, 29, 30, 31, 32, 33, 34, 35, 36, 37, 38, 39, 41, 42, 43]",21,False,2.5574115375128935e-05,-1.0293872792750644e-08,8.528136415973895e-06,40.0
E77,32,32,7,25,448,0.21875,0.015384615384615385,0.028747433264887066,raja,S18/S31_20190115_035853_2,all_channel,median,median__all_channel__E77,32,44,"[11, 16, 18, 19, 20, 23, 25, 29, 30, 31, 32, 33, 34, 35, 36, 37, 38, 39, 41, 42, 43]",21,False,2.1283963988904674e-05,1.2564011138905058e-07,7.052774625838541e-06,40.0
E62,27,27,6,21,449,0.2222222222222222,0.013186813186813187,0.024896265560165977,raja,S18/S31_20190115_035853_2,all_channel,median,median__all_channel__E62,32,44,"[11, 16, 18, 19, 20, 23, 25, 29, 30, 31, 32, 33, 34, 35, 36, 37, 38, 39, 41, 42, 43]",21,False,2.0848445738826943e-05,1.342160974804674e-07,6.904743213782158e-06,40.0
E40,22,22,5,17,450,0.22727272727272727,0.01098901098901099,0.020964360587002098,raja,S18/S31_20190115_035853_2,all_channel,median,median__all_channel__E40,32,44,"[11, 16, 18, 19, 20, 23, 25, 29, 30, 31, 32, 33, 34, 35, 36, 37, 38, 39, 41, 42, 43]",21,False,2.2708561544080136e-05,3.8615663032183865e-07,7.440801637919433e-06,40.0
E84,26,26,5,21,450,0.19230769230769232,0.01098901098901099,0.02079002079002079,raja,S18/S31_20190115_035853_2,all_channel,median,median__all_channel__E84,32,44,"[11, 16, 18, 19, 20, 23, 25, 29, 30, 31, 32, 33, 34, 35, 36, 37, 38, 39, 41, 42, 43]",21,False,2.226173612300411e-05,1.2434928957969864e-07,7.379128944474804e-06,40.0
E87,26,26,5,21,450,0.19230769230769232,0.01098901098901099,0.02079002079002079,raja,S18/S31_20190115_035853_2,all_channel,median,median__all_channel__E87,32,44,"[11, 16, 18, 19, 20, 23, 25, 29, 30, 31, 32, 33, 34, 35, 36, 37, 38, 39, 41, 42, 43]",21,False,2.2553745775311724e-05,5.9235837110527906e-08,7.498169979400398e-06,40.0
E109,27,27,5,22,450,0.18518518518518517,0.01098901098901099,0.02074688796680498,raja,S18/S31_20190115_035853_2,all_channel,median,median__all_channel__E109,32,44,"[11, 16, 18, 19, 20, 23, 25, 29, 30, 31, 32, 33, 34, 35, 36, 37, 38, 39, 41, 42, 43]",21,False,1.920490122754977e-05,1.9074232342167808e-07,6.338052968042697e-06,40.0
E83,33,33,5,28,450,0.15151515151515152,0.01098901098901099,0.020491803278688527,raja,S18/S31_20190115_035853_2,all_channel,median,median__all_channel__E83,32,44,"[11, 16, 18, 19, 20, 23, 25, 29, 30, 31, 32, 33, 34, 35, 36, 37, 38, 39, 41, 42, 43]",21,False,2.675207016698399e-05,-1.3601904223727253e-08,8.921890690402572e-06,40.0
E37,14,14,4,10,451,0.2857142857142857,0.008791208791208791,0.017057569296375266,raja,S18/S31_20190115_035853_2,all_channel,median,median__all_channel__E37,32,44,"[11, 16, 18, 19, 20, 23, 25, 29, 30, 31, 32, 33, 34, 35, 36, 37, 38, 39, 41, 42, 43]",21,False,1.9244038257511014e-05,1.3005131303844992e-07,6.371328981490855e-06,40.0
E85,15,15,4,11,451,0.26666666666666666,0.008791208791208791,0.01702127659574468,raja,S18/S31_20190115_035853_2,all_channel,median,median__all_channel__E85,32,44,"[11, 16, 18, 19, 20, 23, 25, 29, 30, 31, 32, 33, 34, 35, 36, 37, 38, 39, 41, 42, 43]",21,False,2.1563469623034725e-05,1.824099322334641e-07,7.127019896933753e-06,40.0
E98,20,20,4,16,451,0.2,0.008791208791208791,0.016842105263157894,raja,S18/S31_20190115_035853_2,all_channel,median,median__all_channel__E98,32,44,"[11, 16, 18, 19, 20, 23, 25, 29, 30, 31, 32, 33, 34, 35, 36, 37, 38, 39, 41, 42, 43]",21,False,2.0520018223860524e-05,2.443988468891724e-07,6.7585397923237835e-06,40.0
E91,22,22,4,18,451,0.18181818181818182,0.008791208791208791,0.016771488469601678,raja,S18/S31_20190115_035853_2,all_channel,median,median__all_channel__E91,32,44,"[11, 16, 18, 19, 20, 23, 25, 29, 30, 31, 32, 33, 34, 35, 36, 37, 38, 39, 41, 42, 43]",21,False,2.1457524265249782e-05,2.0905893685734838e-07,7.082821776130811e-06,40.0
E13,26,26,4,22,451,0.15384615384615385,0.008791208791208791,0.016632016632016633,raja,S18/S31_20190115_035853_2,all_channel,median,median__all_channel__E13,32,44,"[11, 16, 18, 19, 20, 23, 25, 29, 30, 31, 32, 33, 34, 35, 36, 37, 38, 39, 41, 42, 43]",21,False,2.4706578891728902e-05,3.708139939707055e-08,8.223165830777277e-06,40.0
E47,20,20,3,17,452,0.15,0.006593406593406593,0.01263157894736842,raja,S18/S31_20190115_035853_2,all_channel,median,median__all_channel__E47,32,44,"[11, 16, 18, 19, 20, 23, 25, 29, 30, 31, 32, 33, 34, 35, 36, 37, 38, 39, 41, 42, 43]",21,False,1.9743799175548977e-05,2.7522659358705655e-07,6.489524193987307e-06,40.0
E104,36,36,3,33,452,0.08333333333333333,0.006593406593406593,0.012219959266802444,raja,S18/S31_20190115_035853_2,all_channel,median,median__all_channel__E104,32,44,"[11, 16, 18, 19, 20, 23, 25, 29, 30, 31, 32, 33, 34, 35, 36, 37, 38, 39, 41, 42, 43]",21,False,3.3586993685284284e-05,-2.813946635066869e-08,1.1205044383878316e-05,40.0
E22,463,463,314,149,141,0.6781857451403888,0.6901098901098901,0.6840958605664488,raja,S18/S31_20190115_035853_2,all_channel,mean,mean__all_channel__E22,32,44,"[11, 16, 18, 19, 20, 23, 25, 29, 30, 31, 32, 33, 34, 35, 36, 37, 38, 39, 41, 42, 43]",21,False,2.9921811951976798e-05,1.860443382033189e-08,9.967735839385488e-06,40.0
E9,469,469,312,157,143,0.6652452025586354,0.6857142857142857,0.6753246753246752,raja,S18/S31_20190115_035853_2,all_channel,mean,mean__all_channel__E9,32,44,"[11, 16, 18, 19, 20, 23, 25, 29, 30, 31, 32, 33, 34, 35, 36, 37, 38, 39, 41, 42, 43]",21,False,3.071323489558668e-05,1.554182803583588e-08,1.0232564355850282e-05,40.0
E3,453,453,283,170,172,0.6247240618101545,0.621978021978022,0.6233480176211454,raja,S18/S31_20190115_035853_2,all_channel,mean,mean__all_channel__E3,32,44,"[11, 16, 18, 19, 20, 23, 25, 29, 30, 31, 32, 33, 34, 35, 36, 37, 38, 39, 41, 42, 43]",21,False,2.7073713159224688e-05,1.2408418044366684e-08,9.020434913726774e-06,40.0
E23,439,439,274,165,181,0.6241457858769932,0.6021978021978022,0.6129753914988814,raja,S18/S31_20190115_035853_2,all_channel,mean,mean__all_channel__E23,32,44,"[11, 16, 18, 19, 20, 23, 25, 29, 30, 31, 32, 33, 34, 35, 36, 37, 38, 39, 41, 42, 43]",21,False,2.69593798701078e-05,1.8141472902191367e-08,8.980412799068535e-06,40.0
E26,413,413,248,165,207,0.6004842615012107,0.545054945054945,0.5714285714285714,raja,S18/S31_20190115_035853_2,all_channel,mean,mean__all_channel__E26,32,44,"[11, 16, 18, 19, 20, 23, 25, 29, 30, 31, 32, 33, 34, 35, 36, 37, 38, 39, 41, 42, 43]",21,False,3.364375436163373e-05,2.4238894971895208e-08,1.1206505155553944e-05,40.0
E11,323,323,177,146,278,0.5479876160990712,0.389010989010989,0.455012853470437,raja,S18/S31_20190115_035853_2,all_channel,mean,mean__all_channel__E11,32,44,"[11, 16, 18, 19, 20, 23, 25, 29, 30, 31, 32, 33, 34, 35, 36, 37, 38, 39, 41, 42, 43]",21,False,2.639946131852216e-05,1.4512938166792895e-09,8.799336674901826e-06,40.0
E124,265,265,147,118,308,0.5547169811320755,0.3230769230769231,0.40833333333333327,raja,S18/S31_20190115_035853_2,all_channel,mean,mean__all_channel__E124,32,44,"[11, 16, 18, 19, 20, 23, 25, 29, 30, 31, 32, 33, 34, 35, 36, 37, 38, 39, 41, 42, 43]",21,False,2.378861371897e-05,4.689170161184519e-10,7.929381600651294e-06,40.0
E24,141,141,66,75,389,0.46808510638297873,0.14505494505494507,0.22147651006711408,raja,S18/S31_20190115_035853_2,all_channel,mean,mean__all_channel__E24,32,44,"[11, 16, 18, 19, 20, 23, 25, 29, 30, 31, 32, 33, 34, 35, 36, 37, 38, 39, 41, 42, 43]",21,False,2.562002968602312e-05,1.2987792485393623e-08,8.535680631179242e-06,40.0
E122,84,84,28,56,427,0.3333333333333333,0.06153846153846154,0.1038961038961039,raja,S18/S31_20190115_035853_2,all_channel,mean,mean__all_channel__E122,32,44,"[11, 16, 18, 19, 20, 23, 25, 29, 30, 31, 32, 33, 34, 35, 36, 37, 38, 39, 41, 42, 43]",21,False,2.595054357517179e-05,-1.3344628618637872e-08,8.654629401263476e-06,40.0
E117,52,52,20,32,435,0.38461538461538464,0.04395604395604396,0.07889546351084813,raja,S18/S31_20190115_035853_2,all_channel,mean,mean__all_channel__E117,32,44,"[11, 16, 18, 19, 20, 23, 25, 29, 30, 31, 32, 33, 34, 35, 36, 37, 38, 39, 41, 42, 43]",21,False,2.2790846147026252e-05,-7.586471416703833e-09,7.599477539480985e-06,40.0
E33,92,92,18,74,437,0.1956521739130435,0.03956043956043956,0.06581352833638025,raja,S18/S31_20190115_035853_2,all_channel,mean,mean__all_channel__E33,32,44,"[11, 16, 18, 19, 20, 23, 25, 29, 30, 31, 32, 33, 34, 35, 36, 37, 38, 39, 41, 42, 43]",21,False,2.9916738812504267e-05,2.6550695892692003e-08,9.963396038870526e-06,40.0
E60,24,24,10,14,445,0.4166666666666667,0.02197802197802198,0.04175365344467641,raja,S18/S31_20190115_035853_2,all_channel,mean,mean__all_channel__E60,32,44,"[11, 16, 18, 19, 20, 23, 25, 29, 30, 31, 32, 33, 34, 35, 36, 37, 38, 39, 41, 42, 43]",21,False,1.9687297458307544e-05,-2.328906711415227e-09,6.563208788339653e-06,40.0
E67,47,47,10,37,445,0.2127659574468085,0.02197802197802198,0.03984063745019921,raja,S18/S31_20190115_035853_2,all_channel,mean,mean__all_channel__E67,32,44,"[11, 16, 18, 19, 20, 23, 25, 29, 30, 31, 32, 33, 34, 35, 36, 37, 38, 39, 41, 42, 43]",21,False,2.105755247669675e-05,5.386453786784969e-09,7.017388674303323e-06,40.0
E75,48,48,10,38,445,0.20833333333333334,0.02197802197802198,0.039761431411530816,raja,S18/S31_20190115_035853_2,all_channel,mean,mean__all_channel__E75,32,44,"[11, 16, 18, 19, 20, 23, 25, 29, 30, 31, 32, 33, 34, 35, 36, 37, 38, 39, 41, 42, 43]",21,False,2.500054139564899e-05,-1.1791763304803249e-08,8.33744438631793e-06,40.0
E112,34,34,9,25,446,0.2647058823529412,0.01978021978021978,0.03680981595092024,raja,S18/S31_20190115_035853_2,all_channel,mean,mean__all_channel__E112,32,44,"[11, 16, 18, 19, 20, 23, 25, 29, 30, 31, 32, 33, 34, 35, 36, 37, 38, 39, 41, 42, 43]",21,False,2.1450896112965946e-05,-3.328064399684553e-09,7.151408059121877e-06,40.0
E28,30,30,8,22,447,0.26666666666666666,0.017582417582417582,0.032989690721649485,raja,S18/S31_20190115_035853_2,all_channel,mean,mean__all_channel__E28,32,44,"[11, 16, 18, 19, 20, 23, 25, 29, 30, 31, 32, 33, 34, 35, 36, 37, 38, 39, 41, 42, 43]",21,False,2.4262924934515188e-05,1.5710581506482093e-08,8.082404784336234e-06,40.0
E59,21,21,7,14,448,0.3333333333333333,0.015384615384615385,0.029411764705882356,raja,S18/S31_20190115_035853_2,all_channel,mean,mean__all_channel__E59,32,44,"[11, 16, 18, 19, 20, 23, 25, 29, 30, 31, 32, 33, 34, 35, 36, 37, 38, 39, 41, 42, 43]",21,False,2.066762978724719e-05,1.9586937440500062e-09,6.8885570311677135e-06,40.0
E70,31,31,7,24,448,0.22580645161290322,0.015384615384615385,0.02880658436213992,raja,S18/S31_20190115_035853_2,all_channel,mean,mean__all_channel__E70,32,44,"[11, 16, 18, 19, 20, 23, 25, 29, 30, 31, 32, 33, 34, 35, 36, 37, 38, 39, 41, 42, 43]",21,False,2.558390001343359e-05,-5.092344880934444e-10,8.528136415973895e-06,40.0
E77,34,34,7,27,448,0.20588235294117646,0.015384615384615385,0.028629856850715747,raja,S18/S31_20190115_035853_2,all_channel,mean,mean__all_channel__E77,32,44,"[11, 16, 18, 19, 20, 23, 25, 29, 30, 31, 32, 33, 34, 35, 36, 37, 38, 39, 41, 42, 43]",21,False,2.115047852510869e-05,-7.845352406933075e-09,7.052774625838541e-06,40.0
E62,28,28,6,22,449,0.21428571428571427,0.013186813186813187,0.024844720496894408,raja,S18/S31_20190115_035853_2,all_channel,mean,mean__all_channel__E62,32,44,"[11, 16, 18, 19, 20, 23, 25, 29, 30, 31, 32, 33, 34, 35, 36, 37, 38, 39, 41, 42, 43]",21,False,2.071279454172333e-05,-1.4350996231437674e-09,6.904743213782158e-06,40.0
E84,28,28,6,22,449,0.21428571428571427,0.013186813186813187,0.024844720496894408,raja,S18/S31_20190115_035853_2,all_channel,mean,mean__all_channel__E84,32,44,"[11, 16, 18, 19, 20, 23, 25, 29, 30, 31, 32, 33, 34, 35, 36, 37, 38, 39, 41, 42, 43]",21,False,2.2131807797159444e-05,-5.5790362649682615e-09,7.379128944474804e-06,40.0
E40,24,24,5,19,450,0.20833333333333334,0.01098901098901099,0.020876826722338204,raja,S18/S31_20190115_035853_2,all_channel,mean,mean__all_channel__E40,32,44,"[11, 16, 18, 19, 20, 23, 25, 29, 30, 31, 32, 33, 34, 35, 36, 37, 38, 39, 41, 42, 43]",21,False,2.2341048859753756e-05,1.8643945995457264e-08,7.440801637919433e-06,40.0
E87,26,26,5,21,450,0.19230769230769232,0.01098901098901099,0.02079002079002079,raja,S18/S31_20190115_035853_2,all_channel,mean,mean__all_channel__E87,32,44,"[11, 16, 18, 19, 20, 23, 25, 29, 30, 31, 32, 33, 34, 35, 36, 37, 38, 39, 41, 42, 43]",21,False,2.2503032050481363e-05,8.52211228016728e-09,7.498169979400398e-06,40.0
E109,28,28,5,23,450,0.17857142857142858,0.01098901098901099,0.02070393374741201,raja,S18/S31_20190115_035853_2,all_channel,mean,mean__all_channel__E109,32,44,"[11, 16, 18, 19, 20, 23, 25, 29, 30, 31, 32, 33, 34, 35, 36, 37, 38, 39, 41, 42, 43]",21,False,1.9008807465621908e-05,-5.351438506182252e-09,6.338052968042697e-06,40.0
E83,33,33,5,28,450,0.15151515151515152,0.01098901098901099,0.020491803278688527,raja,S18/S31_20190115_035853_2,all_channel,mean,mean__all_channel__E83,32,44,"[11, 16, 18, 19, 20, 23, 25, 29, 30, 31, 32, 33, 34, 35, 36, 37, 38, 39, 41, 42, 43]",21,False,2.6748590942634015e-05,-1.708112857369977e-08,8.921890690402572e-06,40.0
E37,15,15,4,11,451,0.26666666666666666,0.008791208791208791,0.01702127659574468,raja,S18/S31_20190115_035853_2,all_channel,mean,mean__all_channel__E37,32,44,"[11, 16, 18, 19, 20, 23, 25, 29, 30, 31, 32, 33, 34, 35, 36, 37, 38, 39, 41, 42, 43]",21,False,1.911505327218412e-05,1.0663277115576978e-09,6.371328981490855e-06,40.0
E85,16,16,4,12,451,0.25,0.008791208791208791,0.016985138004246284,raja,S18/S31_20190115_035853_2,all_channel,mean,mean__all_channel__E85,32,44,"[11, 16, 18, 19, 20, 23, 25, 29, 30, 31, 32, 33, 34, 35, 36, 37, 38, 39, 41, 42, 43]",21,False,2.137732763114647e-05,-3.732059654792657e-09,7.127019896933753e-06,40.0
E98,20,20,4,16,451,0.2,0.008791208791208791,0.016842105263157894,raja,S18/S31_20190115_035853_2,all_channel,mean,mean__all_channel__E98,32,44,"[11, 16, 18, 19, 20, 23, 25, 29, 30, 31, 32, 33, 34, 35, 36, 37, 38, 39, 41, 42, 43]",21,False,2.027419790859743e-05,-1.4214683739210347e-09,6.7585397923237835e-06,40.0
E91,22,22,4,18,451,0.18181818181818182,0.008791208791208791,0.016771488469601678,raja,S18/S31_20190115_035853_2,all_channel,mean,mean__all_channel__E91,32,44,"[11, 16, 18, 19, 20, 23, 25, 29, 30, 31, 32, 33, 34, 35, 36, 37, 38, 39, 41, 42, 43]",21,False,2.1239404790293872e-05,-9.060538098562262e-09,7.082821776130811e-06,40.0
E13,26,26,4,22,451,0.15384615384615385,0.008791208791208791,0.016632016632016633,raja,S18/S31_20190115_035853_2,all_channel,mean,mean__all_channel__E13,32,44,"[11, 16, 18, 19, 20, 23, 25, 29, 30, 31, 32, 33, 34, 35, 36, 37, 38, 39, 41, 42, 43]",21,False,2.4671080312133542e-05,1.5828198017090385e-09,8.223165830777277e-06,40.0
E47,22,22,3,19,452,0.13636363636363635,0.006593406593406593,0.012578616352201257,raja,S18/S31_20190115_035853_2,all_channel,mean,mean__all_channel__E47,32,44,"[11, 16, 18, 19, 20, 23, 25, 29, 30, 31, 32, 33, 34, 35, 36, 37, 38, 39, 41, 42, 43]",21,False,1.9471941074131623e-05,3.3684921697050284e-09,6.489524193987307e-06,40.0
E104,36,36,3,33,452,0.08333333333333333,0.006593406593406593,0.012219959266802444,raja,S18/S31_20190115_035853_2,all_channel,mean,mean__all_channel__E104,32,44,"[11, 16, 18, 19, 20, 23, 25, 29, 30, 31, 32, 33, 34, 35, 36, 37, 38, 39, 41, 42, 43]",21,False,3.356759557647515e-05,-4.753757515980029e-08,1.1205044383878316e-05,40.0
E22,471,471,317,154,138,0.673036093418259,0.6967032967032967,0.6846652267818575,raja,S18/S31_20190115_035853_2,frontal,median,median__frontal__E22,6,44,[],0,True,2.7234834905074974e-05,-1.3495396834802645e-06,9.528124862851747e-06,40.0
E9,466,466,313,153,142,0.6716738197424893,0.6879120879120879,0.6796959826275787,raja,S18/S31_20190115_035853_2,frontal,median,median__frontal__E9,6,44,[],0,True,2.7967694074454342e-05,-1.3005476796160925e-06,9.756080584690145e-06,40.0
E3,467,467,293,174,162,0.6274089935760171,0.643956043956044,0.6355748373101952,raja,S18/S31_20190115_035853_2,frontal,median,median__frontal__E3,6,44,[],0,True,2.5469491968657608e-05,-7.16460325695123e-07,8.728650764784244e-06,40.0
E23,458,458,283,175,172,0.6179039301310044,0.621978021978022,0.619934282584885,raja,S18/S31_20190115_035853_2,frontal,median,median__frontal__E23,6,44,[],0,True,2.520159185446898e-05,-7.293440922606709e-07,8.64364531557655e-06,40.0
E124,298,298,161,137,294,0.540268456375839,0.35384615384615387,0.4276228419654715,raja,S18/S31_20190115_035853_2,frontal,median,median__frontal__E124,6,44,[],0,True,2.2806790225338295e-05,-3.4743424688503273e-07,7.718074824074443e-06,40.0
E24,169,169,82,87,373,0.48520710059171596,0.18021978021978022,0.26282051282051283,raja,S18/S31_20190115_035853_2,frontal,median,median__frontal__E24,6,44,[],0,True,2.4623128825760163e-05,-2.1740749704279085e-07,8.28017877426765e-06,40.0
E22,468,468,314,154,141,0.6709401709401709,0.6901098901098901,0.6803900325027085,raja,S18/S31_20190115_035853_2,frontal,mean,mean__frontal__E22,6,44,[],0,True,2.8592713804199786e-05,8.339215644548366e-09,9.528124862851747e-06,40.0
E9,466,466,311,155,144,0.6673819742489271,0.6835164835164835,0.6753528773072747,raja,S18/S31_20190115_035853_2,frontal,mean,mean__frontal__E9,6,44,[],0,True,2.927933107090278e-05,1.1089316832346958e-08,9.756080584690145e-06,40.0
E3,459,459,287,172,168,0.6252723311546841,0.6307692307692307,0.6280087527352297,raja,S18/S31_20190115_035853_2,frontal,mean,mean__frontal__E3,6,44,[],0,True,2.6193014073105973e-05,7.061778753243499e-09,8.728650764784244e-06,40.0
E23,446,446,279,167,176,0.625560538116592,0.6131868131868132,0.6193118756936739,raja,S18/S31_20190115_035853_2,frontal,mean,mean__frontal__E23,6,44,[],0,True,2.5937098890047947e-05,6.1629433182960155e-09,8.64364531557655e-06,40.0
E124,288,288,155,133,300,0.5381944444444444,0.34065934065934067,0.41722745625841184,raja,S18/S31_20190115_035853_2,frontal,mean,mean__frontal__E124,6,44,[],0,True,2.3156497190887192e-05,2.272718663863132e-09,7.718074824074443e-06,40.0
E24,164,164,79,85,376,0.4817073170731707,0.17362637362637362,0.2552504038772213,raja,S18/S31_20190115_035853_2,frontal,mean,mean__frontal__E24,6,44,[],0,True,2.4844599390656806e-05,4.0630678538534075e-09,8.28017877426765e-06,40.0
E22,471,471,317,154,138,0.673036093418259,0.6967032967032967,0.6846652267818575,raja,S18/S31_20190115_035853_2,frontal_left,median,median__frontal_left__E22,3,44,[],0,True,2.7234834905074974e-05,-1.3495396834802645e-06,9.528124862851747e-06,40.0
E23,458,458,283,175,172,0.6179039301310044,0.621978021978022,0.619934282584885,raja,S18/S31_20190115_035853_2,frontal_left,median,median__frontal_left__E23,3,44,[],0,True,2.520159185446898e-05,-7.293440922606709e-07,8.64364531557655e-06,40.0
E24,169,169,82,87,373,0.48520710059171596,0.18021978021978022,0.26282051282051283,raja,S18/S31_20190115_035853_2,frontal_left,median,median__frontal_left__E24,3,44,[],0,True,2.4623128825760163e-05,-2.1740749704279085e-07,8.28017877426765e-06,40.0
E22,468,468,314,154,141,0.6709401709401709,0.6901098901098901,0.6803900325027085,raja,S18/S31_20190115_035853_2,frontal_left,mean,mean__frontal_left__E22,3,44,[],0,True,2.8592713804199786e-05,8.339215644548366e-09,9.528124862851747e-06,40.0
E23,446,446,279,167,176,0.625560538116592,0.6131868131868132,0.6193118756936739,raja,S18/S31_20190115_035853_2,frontal_left,mean,mean__frontal_left__E23,3,44,[],0,True,2.5937098890047947e-05,6.1629433182960155e-09,8.64364531557655e-06,40.0
E24,164,164,79,85,376,0.4817073170731707,0.17362637362637362,0.2552504038772213,raja,S18/S31_20190115_035853_2,frontal_left,mean,mean__frontal_left__E24,3,44,[],0,True,2.4844599390656806e-05,4.0630678538534075e-09,8.28017877426765e-06,40.0
E9,466,466,313,153,142,0.6716738197424893,0.6879120879120879,0.6796959826275787,raja,S18/S31_20190115_035853_2,frontal_right,median,median__frontal_right__E9,3,44,[],0,True,2.7967694074454342e-05,-1.3005476796160925e-06,9.756080584690145e-06,40.0
E3,467,467,293,174,162,0.6274089935760171,0.643956043956044,0.6355748373101952,raja,S18/S31_20190115_035853_2,frontal_right,median,median__frontal_right__E3,3,44,[],0,True,2.5469491968657608e-05,-7.16460325695123e-07,8.728650764784244e-06,40.0
E124,298,298,161,137,294,0.540268456375839,0.35384615384615387,0.4276228419654715,raja,S18/S31_20190115_035853_2,frontal_right,median,median__frontal_right__E124,3,44,[],0,True,2.2806790225338295e-05,-3.4743424688503273e-07,7.718074824074443e-06,40.0
E9,466,466,311,155,144,0.6673819742489271,0.6835164835164835,0.6753528773072747,raja,S18/S31_20190115_035853_2,frontal_right,mean,mean__frontal_right__E9,3,44,[],0,True,2.927933107090278e-05,1.1089316832346958e-08,9.756080584690145e-06,40.0
E3,459,459,287,172,168,0.6252723311546841,0.6307692307692307,0.6280087527352297,raja,S18/S31_20190115_035853_2,frontal_right,mean,mean__frontal_right__E3,3,44,[],0,True,2.6193014073105973e-05,7.061778753243499e-09,8.728650764784244e-06,40.0
E124,288,288,155,133,300,0.5381944444444444,0.34065934065934067,0.41722745625841184,raja,S18/S31_20190115_035853_2,frontal_right,mean,mean__frontal_right__E124,3,44,[],0,True,2.3156497190887192e-05,2.272718663863132e-09,7.718074824074443e-06,40.0
E22,464,464,312,152,143,0.6724137931034483,0.6857142857142857,0.6789989118607183,raja,S18/S31_20190115_035853_2,all_channel,median,median__all_channel__E22,32,35,"[5, 6, 9, 14, 15, 16, 18, 23, 24, 25, 27, 28, 30, 31, 32, 33, 34]",17,False,2.8810558022972686e-05,-1.5320708415242991e-06,1.0114209621498995e-05,50.0
E9,463,463,309,154,146,0.6673866090712743,0.6791208791208792,0.673202614379085,raja,S18/S31_20190115_035853_2,all_channel,median,median__all_channel__E9,32,35,"[5, 6, 9, 14, 15, 16, 18, 23, 24, 25, 27, 28, 30, 31, 32, 33, 34]",17,False,2.9771868661782167e-05,-1.406067900376736e-06,1.0392645520719634e-05,50.0
E3,451,451,281,170,174,0.623059866962306,0.6175824175824176,0.6203090507726269,raja,S18/S31_20190115_035853_2,all_channel,median,median__all_channel__E3,32,35,"[5, 6, 9, 14, 15, 16, 18, 23, 24, 25, 27, 28, 30, 31, 32, 33, 34]",17,False,2.6757965729560748e-05,-8.320221227754495e-07,9.1966626174454e-06,50.0
E23,438,438,273,165,182,0.6232876712328768,0.6,0.6114221724524076,raja,S18/S31_20190115_035853_2,all_channel,median,median__all_channel__E23,32,35,"[5, 6, 9, 14, 15, 16, 18, 23, 24, 25, 27, 28, 30, 31, 32, 33, 34]",17,False,2.6667068585848132e-05,-8.422036969784413e-07,9.169757427608858e-06,50.0
E26,409,409,245,164,210,0.5990220048899756,0.5384615384615384,0.5671296296296297,raja,S18/S31_20190115_035853_2,all_channel,median,median__all_channel__E26,32,35,"[5, 6, 9, 14, 15, 16, 18, 23, 24, 25, 27, 28, 30, 31, 32, 33, 34]",17,False,3.379100686384749e-05,-5.918268416472544e-07,1.1460944568498249e-05,50.0
E11,307,307,169,138,286,0.5504885993485342,0.37142857142857144,0.4435695538057743,raja,S18/S31_20190115_035853_2,all_channel,median,median__all_channel__E11,32,35,"[5, 6, 9, 14, 15, 16, 18, 23, 24, 25, 27, 28, 30, 31, 32, 33, 34]",17,False,2.6726336952716967e-05,-5.142631341039225e-07,9.080200028940297e-06,50.0
E124,260,260,142,118,313,0.5461538461538461,0.3120879120879121,0.39720279720279716,raja,S18/S31_20190115_035853_2,all_channel,median,median__all_channel__E124,32,35,"[5, 6, 9, 14, 15, 16, 18, 23, 24, 25, 27, 28, 30, 31, 32, 33, 34]",17,False,2.3862047329963993e-05,-3.7077769582847106e-07,8.077608341930821e-06,50.0
E24,137,137,62,75,393,0.45255474452554745,0.13626373626373625,0.20945945945945946,raja,S18/S31_20190115_035853_2,all_channel,median,median__all_channel__E24,32,35,"[5, 6, 9, 14, 15, 16, 18, 23, 24, 25, 27, 28, 30, 31, 32, 33, 34]",17,False,2.594142112141814e-05,-2.2972735421709226e-07,8.723716158545077e-06,50.0
E122,80,80,27,53,428,0.3375,0.05934065934065934,0.10093457943925234,raja,S18/S31_20190115_035853_2,all_channel,median,median__all_channel__E122,32,35,"[5, 6, 9, 14, 15, 16, 18, 23, 24, 25, 27, 28, 30, 31, 32, 33, 34]",17,False,2.6615513228971822e-05,2.767413801151336e-07,8.779590616285562e-06,50.0
E117,48,48,19,29,436,0.3958333333333333,0.041758241758241756,0.07554671968190853,raja,S18/S31_20190115_035853_2,all_channel,median,median__all_channel__E117,32,35,"[5, 6, 9, 14, 15, 16, 18, 23, 24, 25, 27, 28, 30, 31, 32, 33, 34]",17,False,2.3114916330445325e-05,-6.462332980188361e-08,7.726513220082402e-06,50.0
E33,85,85,16,69,439,0.18823529411764706,0.035164835164835165,0.05925925925925927,raja,S18/S31_20190115_035853_2,all_channel,median,median__all_channel__E33,32,35,"[5, 6, 9, 14, 15, 16, 18, 23, 24, 25, 27, 28, 30, 31, 32, 33, 34]",17,False,3.084617114776417e-05,4.3854698647180947e-07,1.0135874720430788e-05,50.0
E60,24,24,11,13,444,0.4583333333333333,0.024175824175824177,0.04592901878914405,raja,S18/S31_20190115_035853_2,all_channel,median,median__all_channel__E60,32,35,"[5, 6, 9, 14, 15, 16, 18, 23, 24, 25, 27, 28, 30, 31, 32, 33, 34]",17,False,2.0064227349778543e-05,1.9659756510328313e-07,6.622543261558421e-06,50.0
E67,44,44,11,33,444,0.25,0.024175824175824177,0.044088176352705406,raja,S18/S31_20190115_035853_2,all_channel,median,median__all_channel__E67,32,35,"[5, 6, 9, 14, 15, 16, 18, 23, 24, 25, 27, 28, 30, 31, 32, 33, 34]",17,False,2.1299919276658058e-05,9.006038484188197e-08,7.069952963938726e-06,50.0
E75,48,48,10,38,445,0.20833333333333334,0.02197802197802198,0.039761431411530816,raja,S18/S31_20190115_035853_2,all_channel,median,median__all_channel__E75,32,35,"[5, 6, 9, 14, 15, 16, 18, 23, 24, 25, 27, 28, 30, 31, 32, 33, 34]",17,False,2.5285500993270326e-05,-1.6731020911990095e-07,8.484270400796742e-06,50.0
E112,33,33,8,25,447,0.24242424242424243,0.017582417582417582,0.03278688524590164,raja,S18/S31_20190115_035853_2,all_channel,median,median__all_channel__E112,32,35,"[5, 6, 9, 14, 15, 16, 18, 23, 24, 25, 27, 28, 30, 31, 32, 33, 34]",17,False,2.2004489139685883e-05,-4.2482091103410145e-08,7.348990410263098e-06,50.0
E59,21,21,7,14,448,0.3333333333333333,0.015384615384615385,0.029411764705882356,raja,S18/S31_20190115_035853_2,all_channel,median,median__all_channel__E59,32,35,"[5, 6, 9, 14, 15, 16, 18, 23, 24, 25, 27, 28, 30, 31, 32, 33, 34]",17,False,2.1058218352703083e-05,2.091185058512458e-07,6.949699948950613e-06,50.0
E28,28,28,7,21,448,0.25,0.015384615384615385,0.028985507246376812,raja,S18/S31_20190115_035853_2,all_channel,median,median__all_channel__E28,32,35,"[5, 6, 9, 14, 15, 16, 18, 23, 24, 25, 27, 28, 30, 31, 32, 33, 34]",17,False,2.458978519842913e-05,3.582169973806138e-08,8.184654499563689e-06,50.0
E70,29,29,7,22,448,0.2413793103448276,0.015384615384615385,0.028925619834710748,raja,S18/S31_20190115_035853_2,all_channel,median,median__all_channel__E70,32,35,"[5, 6, 9, 14, 15, 16, 18, 23, 24, 25, 27, 28, 30, 31, 32, 33, 34]",17,False,2.5939863909265797e-05,-8.016841712441631e-08,8.673344108796738e-06,50.0
E77,32,32,7,25,448,0.21875,0.015384615384615385,0.028747433264887066,raja,S18/S31_20190115_035853_2,all_channel,median,median__all_channel__E77,32,35,"[5, 6, 9, 14, 15, 16, 18, 23, 24, 25, 27, 28, 30, 31, 32, 33, 34]",17,False,2.1517861914166437e-05,1.1605737270731252e-07,7.133934847153041e-06,50.0
E62,27,27,6,21,449,0.2222222222222222,0.013186813186813187,0.024896265560165977,raja,S18/S31_20190115_035853_2,all_channel,median,median__all_channel__E62,32,35,"[5, 6, 9, 14, 15, 16, 18, 23, 24, 25, 27, 28, 30, 31, 32, 33, 34]",17,False,2.0982241819489387e-05,1.2194425639203673e-07,6.95343252103245e-06,50.0
E40,21,21,5,16,450,0.23809523809523808,0.01098901098901099,0.02100840336134454,raja,S18/S31_20190115_035853_2,all_channel,median,median__all_channel__E40,32,35,"[5, 6, 9, 14, 15, 16, 18, 23, 24, 25, 27, 28, 30, 31, 32, 33, 34]",17,False,2.290511867027484e-05,3.685844462913004e-07,7.512178074661181e-06,50.0
E84,25,25,5,20,450,0.2,0.01098901098901099,0.02083333333333334,raja,S18/S31_20190115_035853_2,all_channel,median,median__all_channel__E84,32,35,"[5, 6, 9, 14, 15, 16, 18, 23, 24, 25, 27, 28, 30, 31, 32, 33, 34]",17,False,2.2521050354118526e-05,6.824765844453964e-08,7.4842675652246616e-06,50.0
E109,26,26,5,21,450,0.19230769230769232,0.01098901098901099,0.02079002079002079,raja,S18/S31_20190115_035853_2,all_channel,median,median__all_channel__E109,32,35,"[5, 6, 9, 14, 15, 16, 18, 23, 24, 25, 27, 28, 30, 31, 32, 33, 34]",17,False,1.9293826850316338e-05,1.6891893709838514e-07,6.374969304405984e-06,50.0
E83,31,31,5,26,450,0.16129032258064516,0.01098901098901099,0.020576131687242802,raja,S18/S31_20190115_035853_2,all_channel,median,median__all_channel__E83,32,35,"[5, 6, 9, 14, 15, 16, 18, 23, 24, 25, 27, 28, 30, 31, 32, 33, 34]",17,False,2.7092376939084317e-05,-5.421635967107237e-08,9.048864432918462e-06,50.0
E37,15,15,4,11,451,0.26666666666666666,0.008791208791208791,0.01702127659574468,raja,S18/S31_20190115_035853_2,all_channel,median,median__all_channel__E37,32,35,"[5, 6, 9, 14, 15, 16, 18, 23, 24, 25, 27, 28, 30, 31, 32, 33, 34]",17,False,1.946513581968766e-05,1.3396359527824123e-07,6.443724074803139e-06,50.0
E98,20,20,4,16,451,0.2,0.008791208791208791,0.016842105263157894,raja,S18/S31_20190115_035853_2,all_channel,median,median__all_channel__E98,32,35,"[5, 6, 9, 14, 15, 16, 18, 23, 24, 25, 27, 28, 30, 31, 32, 33, 34]",17,False,2.069552381324385e-05,1.8790475460481545e-07,6.8358730195463436e-06,50.0
E13,22,22,4,18,451,0.18181818181818182,0.008791208791208791,0.016771488469601678,raja,S18/S31_20190115_035853_2,all_channel,median,median__all_channel__E13,32,35,"[5, 6, 9, 14, 15, 16, 18, 23, 24, 25, 27, 28, 30, 31, 32, 33, 34]",17,False,2.551336741761616e-05,6.920545283967278e-08,8.481387321592161e-06,50.0
E87,24,24,4,20,451,0.16666666666666666,0.008791208791208791,0.016701461377870565,raja,S18/S31_20190115_035853_2,all_channel,median,median__all_channel__E87,32,35,"[5, 6, 9, 14, 15, 16, 18, 23, 24, 25, 27, 28, 30, 31, 32, 33, 34]",17,False,2.2685781236664512e-05,3.4615507044126686e-08,7.550388576540129e-06,50.0
E104,35,35,4,31,451,0.11428571428571428,0.008791208791208791,0.0163265306122449,raja,S18/S31_20190115_035853_2,all_channel,median,median__all_channel__E104,32,35,"[5, 6, 9, 14, 15, 16, 18, 23, 24, 25, 27, 28, 30, 31, 32, 33, 34]",17,False,3.2332674113452926e-05,-9.326358004009351e-09,1.078066682381898e-05,50.0
E85,14,14,3,11,452,0.21428571428571427,0.006593406593406593,0.01279317697228145,raja,S18/S31_20190115_035853_2,all_channel,median,median__all_channel__E85,32,35,"[5, 6, 9, 14, 15, 16, 18, 23, 24, 25, 27, 28, 30, 31, 32, 33, 34]",17,False,2.191164598025619e-05,1.416744625886518e-07,7.256657172555846e-06,50.0
E47,19,19,3,16,452,0.15789473684210525,0.006593406593406593,0.012658227848101264,raja,S18/S31_20190115_035853_2,all_channel,median,median__all_channel__E47,32,35,"[5, 6, 9, 14, 15, 16, 18, 23, 24, 25, 27, 28, 30, 31, 32, 33, 34]",17,False,1.997176708040842e-05,2.586012403107773e-07,6.571055280032548e-06,50.0
E91,21,21,3,18,452,0.14285714285714285,0.006593406593406593,0.012605042016806723,raja,S18/S31_20190115_035853_2,all_channel,median,median__all_channel__E91,32,35,"[5, 6, 9, 14, 15, 16, 18, 23, 24, 25, 27, 28, 30, 31, 32, 33, 34]",17,False,2.170348632677087e-05,1.5657333992557587e-07,7.1823043289484315e-06,50.0
E22,461,461,311,150,144,0.6746203904555315,0.6835164835164835,0.6790393013100436,raja,S18/S31_20190115_035853_2,all_channel,mean,mean__all_channel__E22,32,35,"[5, 6, 9, 14, 15, 16, 18, 23, 24, 25, 27, 28, 30, 31, 32, 33, 34]",17,False,3.0372158885643578e-05,2.9530021146593686e-08,1.0114209621498995e-05,50.0
E9,467,467,309,158,146,0.6616702355460385,0.6791208791208792,0.6702819956616053,raja,S18/S31_20190115_035853_2,all_channel,mean,mean__all_channel__E9,32,35,"[5, 6, 9, 14, 15, 16, 18, 23, 24, 25, 27, 28, 30, 31, 32, 33, 34]",17,False,3.1211637581529466e-05,3.370101937055808e-08,1.0392645520719634e-05,50.0
E3,448,448,278,170,177,0.6205357142857143,0.610989010989011,0.6157253599114064,raja,S18/S31_20190115_035853_2,all_channel,mean,mean__all_channel__E3,32,35,"[5, 6, 9, 14, 15, 16, 18, 23, 24, 25, 27, 28, 30, 31, 32, 33, 34]",17,False,2.7606148881092607e-05,1.616102875641087e-08,9.1966626174454e-06,50.0
E23,427,427,268,159,187,0.6276346604215457,0.589010989010989,0.6077097505668935,raja,S18/S31_20190115_035853_2,all_channel,mean,mean__all_channel__E23,32,35,"[5, 6, 9, 14, 15, 16, 18, 23, 24, 25, 27, 28, 30, 31, 32, 33, 34]",17,False,2.753332576738285e-05,2.405348455627652e-08,9.169757427608858e-06,50.0
E26,399,399,242,157,213,0.606516290726817,0.5318681318681319,0.566744730679157,raja,S18/S31_20190115_035853_2,all_channel,mean,mean__all_channel__E26,32,35,"[5, 6, 9, 14, 15, 16, 18, 23, 24, 25, 27, 28, 30, 31, 32, 33, 34]",17,False,3.441158593842383e-05,2.8752232929081207e-08,1.1460944568498249e-05,50.0
E11,289,289,163,126,292,0.5640138408304498,0.35824175824175825,0.4381720430107527,raja,S18/S31_20190115_035853_2,all_channel,mean,mean__all_channel__E11,32,35,"[5, 6, 9, 14, 15, 16, 18, 23, 24, 25, 27, 28, 30, 31, 32, 33, 34]",17,False,2.725948545216698e-05,1.8885365346092478e-08,9.080200028940297e-06,50.0
E124,254,254,140,114,315,0.5511811023622047,0.3076923076923077,0.39492242595204513,raja,S18/S31_20190115_035853_2,all_channel,mean,mean__all_channel__E124,32,35,"[5, 6, 9, 14, 15, 16, 18, 23, 24, 25, 27, 28, 30, 31, 32, 33, 34]",17,False,2.4252012678063464e-05,1.918765227100027e-08,8.077608341930821e-06,50.0
E24,131,131,59,72,396,0.45038167938931295,0.12967032967032968,0.2013651877133106,raja,S18/S31_20190115_035853_2,all_channel,mean,mean__all_channel__E24,32,35,"[5, 6, 9, 14, 15, 16, 18, 23, 24, 25, 27, 28, 30, 31, 32, 33, 34]",17,False,2.6196983473796905e-05,2.58349981616735e-08,8.723716158545077e-06,50.0
E122,80,80,28,52,427,0.35,0.06153846153846154,0.10467289719626169,raja,S18/S31_20190115_035853_2,all_channel,mean,mean__all_channel__E122,32,35,"[5, 6, 9, 14, 15, 16, 18, 23, 24, 25, 27, 28, 30, 31, 32, 33, 34]",17,False,2.6346477746097438e-05,7.705897240750573e-09,8.779590616285562e-06,50.0
E117,48,48,19,29,436,0.3958333333333333,0.041758241758241756,0.07554671968190853,raja,S18/S31_20190115_035853_2,all_channel,mean,mean__all_channel__E117,32,35,"[5, 6, 9, 14, 15, 16, 18, 23, 24, 25, 27, 28, 30, 31, 32, 33, 34]",17,False,2.3176380040890654e-05,-3.1596193565551686e-09,7.726513220082402e-06,50.0
E33,86,86,17,69,438,0.19767441860465115,0.03736263736263736,0.06284658040665433,raja,S18/S31_20190115_035853_2,all_channel,mean,mean__all_channel__E33,32,35,"[5, 6, 9, 14, 15, 16, 18, 23, 24, 25, 27, 28, 30, 31, 32, 33, 34]",17,False,3.0432649806031912e-05,2.5025644739550062e-08,1.0135874720430788e-05,50.0
E60,25,25,11,14,444,0.44,0.024175824175824177,0.04583333333333333,raja,S18/S31_20190115_035853_2,all_channel,mean,mean__all_channel__E60,32,35,"[5, 6, 9, 14, 15, 16, 18, 23, 24, 25, 27, 28, 30, 31, 32, 33, 34]",17,False,1.98596017398807e-05,-8.028044794562343e-09,6.622543261558421e-06,50.0
E67,46,46,11,35,444,0.2391304347826087,0.024175824175824177,0.04391217564870259,raja,S18/S31_20190115_035853_2,all_channel,mean,mean__all_channel__E67,32,35,"[5, 6, 9, 14, 15, 16, 18, 23, 24, 25, 27, 28, 30, 31, 32, 33, 34]",17,False,2.119902913057047e-05,-1.082976124570673e-08,7.069952963938726e-06,50.0
E75,47,47,10,37,445,0.2127659574468085,0.02197802197802198,0.03984063745019921,raja,S18/S31_20190115_035853_2,all_channel,mean,mean__all_channel__E75,32,35,"[5, 6, 9, 14, 15, 16, 18, 23, 24, 25, 27, 28, 30, 31, 32, 33, 34]",17,False,2.5424186624564512e-05,-2.862457782571531e-08,8.484270400796742e-06,50.0
E112,33,33,8,25,447,0.24242424242424243,0.017582417582417582,0.03278688524590164,raja,S18/S31_20190115_035853_2,all_channel,mean,mean__all_channel__E112,32,35,"[5, 6, 9, 14, 15, 16, 18, 23, 24, 25, 27, 28, 30, 31, 32, 33, 34]",17,False,2.2053273620896974e-05,6.3023901076806055e-09,7.348990410263098e-06,50.0
E59,21,21,7,14,448,0.3333333333333333,0.015384615384615385,0.029411764705882356,raja,S18/S31_20190115_035853_2,all_channel,mean,mean__all_channel__E59,32,35,"[5, 6, 9, 14, 15, 16, 18, 23, 24, 25, 27, 28, 30, 31, 32, 33, 34]",17,False,2.0840849339486193e-05,-8.250507365646872e-09,6.949699948950613e-06,50.0
E28,28,28,7,21,448,0.25,0.015384615384615385,0.028985507246376812,raja,S18/S31_20190115_035853_2,all_channel,mean,mean__all_channel__E28,32,35,"[5, 6, 9, 14, 15, 16, 18, 23, 24, 25, 27, 28, 30, 31, 32, 33, 34]",17,False,2.457927532805887e-05,2.5311829367804e-08,8.184654499563689e-06,50.0
E70,29,29,7,22,448,0.2413793103448276,0.015384615384615385,0.028925619834710748,raja,S18/S31_20190115_035853_2,all_channel,mean,mean__all_channel__E70,32,35,"[5, 6, 9, 14, 15, 16, 18, 23, 24, 25, 27, 28, 30, 31, 32, 33, 34]",17,False,2.598041079873342e-05,-3.9621527656793424e-08,8.673344108796738e-06,50.0
E77,32,32,7,25,448,0.21875,0.015384615384615385,0.028747433264887066,raja,S18/S31_20190115_035853_2,all_channel,mean,mean__all_channel__E77,32,35,"[5, 6, 9, 14, 15, 16, 18, 23, 24, 25, 27, 28, 30, 31, 32, 33, 34]",17,False,2.138478747044357e-05,-1.701707101555317e-08,7.133934847153041e-06,50.0
E62,27,27,6,21,449,0.2222222222222222,0.013186813186813187,0.024896265560165977,raja,S18/S31_20190115_035853_2,all_channel,mean,mean__all_channel__E62,32,35,"[5, 6, 9, 14, 15, 16, 18, 23, 24, 25, 27, 28, 30, 31, 32, 33, 34]",17,False,2.0850092216201755e-05,-1.0205346895594683e-08,6.95343252103245e-06,50.0
E40,22,22,5,17,450,0.22727272727272727,0.01098901098901099,0.020964360587002098,raja,S18/S31_20190115_035853_2,all_channel,mean,mean__all_channel__E40,32,35,"[5, 6, 9, 14, 15, 16, 18, 23, 24, 25, 27, 28, 30, 31, 32, 33, 34]",17,False,2.2551766506377882e-05,1.5232282394340547e-08,7.512178074661181e-06,50.0
E84,25,25,5,20,450,0.2,0.01098901098901099,0.02083333333333334,raja,S18/S31_20190115_035853_2,all_channel,mean,mean__all_channel__E84,32,35,"[5, 6, 9, 14, 15, 16, 18, 23, 24, 25, 27, 28, 30, 31, 32, 33, 34]",17,False,2.2434897273939057e-05,-1.790542173492997e-08,7.4842675652246616e-06,50.0
E109,27,27,5,22,450,0.18518518518518517,0.01098901098901099,0.02074688796680498,raja,S18/S31_20190115_035853_2,all_channel,mean,mean__all_channel__E109,32,35,"[5, 6, 9, 14, 15, 16, 18, 23, 24, 25, 27, 28, 30, 31, 32, 33, 34]",17,False,1.9120603550443706e-05,-4.304362774248427e-09,6.374969304405984e-06,50.0
E83,31,31,5,26,450,0.16129032258064516,0.01098901098901099,0.020576131687242802,raja,S18/S31_20190115_035853_2,all_channel,mean,mean__all_channel__E83,32,35,"[5, 6, 9, 14, 15, 16, 18, 23, 24, 25, 27, 28, 30, 31, 32, 33, 34]",17,False,2.711473403846273e-05,-3.18592602926572e-08,9.048864432918462e-06,50.0
E37,14,14,4,10,451,0.2857142857142857,0.008791208791208791,0.017057569296375266,raja,S18/S31_20190115_035853_2,all_channel,mean,mean__all_channel__E37,32,35,"[5, 6, 9, 14, 15, 16, 18, 23, 24, 25, 27, 28, 30, 31, 32, 33, 34]",17,False,1.9341094178264918e-05,9.92195385550056e-09,6.443724074803139e-06,50.0
E98,20,20,4,16,451,0.2,0.008791208791208791,0.016842105263157894,raja,S18/S31_20190115_035853_2,all_channel,mean,mean__all_channel__E98,32,35,"[5, 6, 9, 14, 15, 16, 18, 23, 24, 25, 27, 28, 30, 31, 32, 33, 34]",17,False,2.0488584965540868e-05,-1.903409309816536e-08,6.8358730195463436e-06,50.0
E13,22,22,4,18,451,0.18181818181818182,0.008791208791208791,0.016771488469601678,raja,S18/S31_20190115_035853_2,all_channel,mean,mean__all_channel__E13,32,35,"[5, 6, 9, 14, 15, 16, 18, 23, 24, 25, 27, 28, 30, 31, 32, 33, 34]",17,False,2.546022117888923e-05,1.6059214112744162e-08,8.481387321592161e-06,50.0
E91,22,22,4,18,451,0.18181818181818182,0.008791208791208791,0.016771488469601678,raja,S18/S31_20190115_035853_2,all_channel,mean,mean__all_channel__E91,32,35,"[5, 6, 9, 14, 15, 16, 18, 23, 24, 25, 27, 28, 30, 31, 32, 33, 34]",17,False,2.152481368041032e-05,-2.2099306434972227e-08,7.1823043289484315e-06,50.0
E87,25,25,4,21,451,0.16,0.008791208791208791,0.016666666666666666,raja,S18/S31_20190115_035853_2,all_channel,mean,mean__all_channel__E87,32,35,"[5, 6, 9, 14, 15, 16, 18, 23, 24, 25, 27, 28, 30, 31, 32, 33, 34]",17,False,2.2655225410743303e-05,4.059681122915919e-09,7.550388576540129e-06,50.0
E104,35,35,4,31,451,0.11428571428571428,0.008791208791208791,0.0163265306122449,raja,S18/S31_20190115_035853_2,all_channel,mean,mean__all_channel__E104,32,35,"[5, 6, 9, 14, 15, 16, 18, 23, 24, 25, 27, 28, 30, 31, 32, 33, 34]",17,False,3.22840932680931e-05,-5.790720336383062e-08,1.078066682381898e-05,50.0
E85,14,14,3,11,452,0.21428571428571427,0.006593406593406593,0.01279317697228145,raja,S18/S31_20190115_035853_2,all_channel,mean,mean__all_channel__E85,32,35,"[5, 6, 9, 14, 15, 16, 18, 23, 24, 25, 27, 28, 30, 31, 32, 33, 34]",17,False,2.175766307211979e-05,-1.230844554774984e-08,7.256657172555846e-06,50.0
E47,20,20,3,17,452,0.15,0.006593406593406593,0.01263157894736842,raja,S18/S31_20190115_035853_2,all_channel,mean,mean__all_channel__E47,32,35,"[5, 6, 9, 14, 15, 16, 18, 23, 24, 25, 27, 28, 30, 31, 32, 33, 34]",17,False,1.9707545571204278e-05,-5.620268893366623e-09,6.571055280032548e-06,50.0
E22,460,460,312,148,143,0.6782608695652174,0.6857142857142857,0.6819672131147542,raja,S18/S31_20190115_035853_2,frontal,median,median__frontal__E22,6,35,"[5, 6]",2,False,2.904977727039767e-05,-1.3291231984988192e-06,1.0126300156298829e-05,50.0
E9,464,464,309,155,146,0.665948275862069,0.6791208791208792,0.6724700761697497,raja,S18/S31_20190115_035853_2,frontal,median,median__frontal__E9,6,35,"[5, 6]",2,False,3.006746978892226e-05,-1.2795058803434354e-06,1.0448991889755232e-05,50.0
E3,445,445,276,169,179,0.6202247191011236,0.6065934065934065,0.6133333333333334,raja,S18/S31_20190115_035853_2,frontal,median,median__frontal__E3,6,35,"[5, 6]",2,False,2.785187706197229e-05,-7.173100073929346e-07,9.523062356455074e-06,50.0
E23,438,438,273,165,182,0.6232876712328768,0.6,0.6114221724524076,raja,S18/S31_20190115_035853_2,frontal,median,median__frontal__E23,6,35,"[5, 6]",2,False,2.6713051230183388e-05,-5.79963300041636e-07,9.097671510075008e-06,50.0
E124,254,254,140,114,315,0.5511811023622047,0.3076923076923077,0.39492242595204513,raja,S18/S31_20190115_035853_2,frontal,median,median__frontal__E124,6,35,"[5, 6]",2,False,2.4235510290107466e-05,-4.171642837426706e-07,8.217558191283378e-06,50.0
E24,140,140,66,74,389,0.4714285714285714,0.14505494505494507,0.2218487394957983,raja,S18/S31_20190115_035853_2,frontal,median,median__frontal__E24,6,35,"[5, 6]",2,False,2.5655261072524223e-05,-2.4808572128575327e-07,8.634448931269992e-06,50.0
E22,461,461,311,150,144,0.6746203904555315,0.6835164835164835,0.6790393013100436,raja,S18/S31_20190115_035853_2,frontal,mean,mean__frontal__E22,6,35,"[5, 6]",2,False,3.0347658354026476e-05,-3.1242114870013116e-08,1.0126300156298829e-05,50.0
E9,468,468,308,160,147,0.6581196581196581,0.676923076923077,0.66738894907909,raja,S18/S31_20190115_035853_2,frontal,mean,mean__frontal__E9,6,35,"[5, 6]",2,False,3.132031399024011e-05,-2.6661679025588354e-08,1.0448991889755232e-05,50.0
E3,442,442,277,165,178,0.6266968325791855,0.6087912087912087,0.6176142697881827,raja,S18/S31_20190115_035853_2,frontal,mean,mean__frontal__E3,6,35,"[5, 6]",2,False,2.8541618768225402e-05,-2.756830113982053e-08,9.523062356455074e-06,50.0
E23,431,431,271,160,184,0.62877030162413,0.5956043956043956,0.6117381489841986,raja,S18/S31_20190115_035853_2,frontal,mean,mean__frontal__E23,6,35,"[5, 6]",2,False,2.7288029460957708e-05,-4.985069267314919e-09,9.097671510075008e-06,50.0
E124,244,244,138,106,317,0.5655737704918032,0.3032967032967033,0.3948497854077253,raja,S18/S31_20190115_035853_2,frontal,mean,mean__frontal__E124,6,35,"[5, 6]",2,False,2.4602877891175586e-05,-4.9796682674547926e-08,8.217558191283378e-06,50.0
E24,136,136,62,74,393,0.45588235294117646,0.13626373626373625,0.20981387478849406,raja,S18/S31_20190115_035853_2,frontal,mean,mean__frontal__E24,6,35,"[5, 6]",2,False,2.5902383809153408e-05,-9.629846565684373e-10,8.634448931269992e-06,50.0
E22,460,460,312,148,143,0.6782608695652174,0.6857142857142857,0.6819672131147542,raja,S18/S31_20190115_035853_2,frontal_left,median,median__frontal_left__E22,3,35,"[5, 6]",2,False,2.904977727039767e-05,-1.3291231984988192e-06,1.0126300156298829e-05,50.0
E23,438,438,273,165,182,0.6232876712328768,0.6,0.6114221724524076,raja,S18/S31_20190115_035853_2,frontal_left,median,median__frontal_left__E23,3,35,"[5, 6]",2,False,2.6713051230183388e-05,-5.79963300041636e-07,9.097671510075008e-06,50.0
E24,140,140,66,74,389,0.4714285714285714,0.14505494505494507,0.2218487394957983,raja,S18/S31_20190115_035853_2,frontal_left,median,median__frontal_left__E24,3,35,"[5, 6]",2,False,2.5655261072524223e-05,-2.4808572128575327e-07,8.634448931269992e-06,50.0
E22,461,461,311,150,144,0.6746203904555315,0.6835164835164835,0.6790393013100436,raja,S18/S31_20190115_035853_2,frontal_left,mean,mean__frontal_left__E22,3,35,"[5, 6]",2,False,3.0347658354026476e-05,-3.1242114870013116e-08,1.0126300156298829e-05,50.0
E23,431,431,271,160,184,0.62877030162413,0.5956043956043956,0.6117381489841986,raja,S18/S31_20190115_035853_2,frontal_left,mean,mean__frontal_left__E23,3,35,"[5, 6]",2,False,2.7288029460957708e-05,-4.985069267314919e-09,9.097671510075008e-06,50.0
E24,136,136,62,74,393,0.45588235294117646,0.13626373626373625,0.20981387478849406,raja,S18/S31_20190115_035853_2,frontal_left,mean,mean__frontal_left__E24,3,35,"[5, 6]",2,False,2.5902383809153408e-05,-9.629846565684373e-10,8.634448931269992e-06,50.0
E9,463,463,311,152,144,0.67170626349892,0.6835164835164835,0.6775599128540304,raja,S18/S31_20190115_035853_2,frontal_right,median,median__frontal_right__E9,3,35,[],0,True,2.8007105468923794e-05,-1.2938932806139451e-06,9.766999583179245e-06,50.0
E3,463,463,290,173,165,0.6263498920086393,0.6373626373626373,0.6318082788671024,raja,S18/S31_20190115_035853_2,frontal_right,median,median__frontal_right__E3,3,35,[],0,True,2.5448021902725423e-05,-7.217234110212717e-07,8.723248437915564e-06,50.0
E124,295,295,158,137,297,0.535593220338983,0.34725274725274724,0.42133333333333334,raja,S18/S31_20190115_035853_2,frontal_right,median,median__frontal_right__E124,3,35,[],0,True,2.2798754431547722e-05,-3.434860153362511e-07,7.714080148961325e-06,50.0
E9,462,462,309,153,146,0.6688311688311688,0.6791208791208792,0.6739367502726281,raja,S18/S31_20190115_035853_2,frontal_right,mean,mean__frontal_right__E9,3,35,[],0,True,2.9304409724025086e-05,3.410974487346836e-09,9.766999583179245e-06,50.0
E3,455,455,284,171,171,0.6241758241758242,0.6241758241758242,0.6241758241758242,raja,S18/S31_20190115_035853_2,frontal_right,mean,mean__frontal_right__E3,3,35,[],0,True,2.6171224800372393e-05,1.4794866256976576e-09,8.723248437915564e-06,50.0
E124,285,285,152,133,303,0.5333333333333333,0.33406593406593404,0.4108108108108108,raja,S18/S31_20190115_035853_2,frontal_right,mean,mean__frontal_right__E124,3,35,[],0,True,2.3146088913054313e-05,3.848466170339059e-09,7.714080148961325e-06,50.0
E22,461,461,311,150,144,0.6746203904555315,0.6835164835164835,0.6790393013100436,raja,S18/S31_20190115_035853_2,all_channel,median,median__all_channel__E22,32,29,"[7, 12, 13, 15, 20, 21, 22, 23, 24, 25, 26]",11,False,2.722068439391828e-05,-1.3815887267657138e-06,9.534091040227998e-06,60.0
E9,456,456,305,151,150,0.668859649122807,0.6703296703296703,0.6695938529088914,raja,S18/S31_20190115_035853_2,all_channel,median,median__all_channel__E9,32,29,"[7, 12, 13, 15, 20, 21, 22, 23, 24, 25, 26]",11,False,2.7851456280234043e-05,-1.3593712133241978e-06,9.736942497852747e-06,60.0
E3,457,457,286,171,169,0.6258205689277899,0.6285714285714286,0.6271929824561403,raja,S18/S31_20190115_035853_2,all_channel,median,median__all_channel__E3,32,29,"[7, 12, 13, 15, 20, 21, 22, 23, 24, 25, 26]",11,False,2.519829018189882e-05,-7.807474647589888e-07,8.659679215552603e-06,60.0
E23,449,449,277,172,178,0.6169265033407573,0.6087912087912087,0.6128318584070797,raja,S18/S31_20190115_035853_2,all_channel,median,median__all_channel__E23,32,29,"[7, 12, 13, 15, 20, 21, 22, 23, 24, 25, 26]",11,False,2.5209360665748117e-05,-7.905974060522824e-07,8.666652690600133e-06,60.0
E26,427,427,254,173,201,0.594847775175644,0.5582417582417583,0.5759637188208617,raja,S18/S31_20190115_035853_2,all_channel,median,median__all_channel__E26,32,29,"[7, 12, 13, 15, 20, 21, 22, 23, 24, 25, 26]",11,False,3.155802877582372e-05,-5.203945735792873e-07,1.0692807783134338e-05,60.0
E11,353,353,192,161,263,0.5439093484419264,0.421978021978022,0.4752475247524752,raja,S18/S31_20190115_035853_2,all_channel,median,median__all_channel__E11,32,29,"[7, 12, 13, 15, 20, 21, 22, 23, 24, 25, 26]",11,False,2.4893903064379e-05,-5.067619696509338e-07,8.466888344676645e-06,60.0
E124,293,293,156,137,299,0.5324232081911263,0.34285714285714286,0.4171122994652407,raja,S18/S31_20190115_035853_2,all_channel,median,median__all_channel__E124,32,29,"[7, 12, 13, 15, 20, 21, 22, 23, 24, 25, 26]",11,False,2.2829427584915545e-05,-3.583963018252426e-07,7.729274628913596e-06,60.0
E24,164,164,80,84,375,0.4878048780487805,0.17582417582417584,0.25848142164781907,raja,S18/S31_20190115_035853_2,all_channel,median,median__all_channel__E24,32,29,"[7, 12, 13, 15, 20, 21, 22, 23, 24, 25, 26]",11,False,2.470617107161395e-05,-2.2985288729397237e-07,8.312007986302642e-06,60.0
E122,87,87,28,59,427,0.3218390804597701,0.06153846153846154,0.1033210332103321,raja,S18/S31_20190115_035853_2,all_channel,median,median__all_channel__E122,32,29,"[7, 12, 13, 15, 20, 21, 22, 23, 24, 25, 26]",11,False,2.5634742969176957e-05,2.765396026141731e-07,8.452734455520928e-06,60.0
E33,103,103,21,82,434,0.20388349514563106,0.046153846153846156,0.07526881720430109,raja,S18/S31_20190115_035853_2,all_channel,median,median__all_channel__E33,32,29,"[7, 12, 13, 15, 20, 21, 22, 23, 24, 25, 26]",11,False,2.8959579502785905e-05,4.174926649861797e-07,9.514028945933242e-06,60.0
E117,55,55,19,36,436,0.34545454545454546,0.041758241758241756,0.07450980392156861,raja,S18/S31_20190115_035853_2,all_channel,median,median__all_channel__E117,32,29,"[7, 12, 13, 15, 20, 21, 22, 23, 24, 25, 26]",11,False,2.256701596434476e-05,-5.91556131477842e-08,7.542057192497515e-06,60.0
E60,24,24,10,14,445,0.4166666666666667,0.02197802197802198,0.04175365344467641,raja,S18/S31_20190115_035853_2,all_channel,median,median__all_channel__E60,32,29,"[7, 12, 13, 15, 20, 21, 22, 23, 24, 25, 26]",11,False,1.9897525726627707e-05,2.0878738002469244e-07,6.5629127822010054e-06,60.0
E67,50,50,10,40,445,0.2,0.02197802197802198,0.03960396039603961,raja,S18/S31_20190115_035853_2,all_channel,median,median__all_channel__E67,32,29,"[7, 12, 13, 15, 20, 21, 22, 23, 24, 25, 26]",11,False,2.080212141458993e-05,6.851960345364316e-08,6.911200603712096e-06,60.0
E75,46,46,9,37,446,0.1956521739130435,0.01978021978021978,0.03592814371257485,raja,S18/S31_20190115_035853_2,all_channel,median,median__all_channel__E75,32,29,"[7, 12, 13, 15, 20, 21, 22, 23, 24, 25, 26]",11,False,2.4444059771872217e-05,-1.866591547318683e-07,8.210239642201363e-06,60.0
E28,30,30,8,22,447,0.26666666666666666,0.017582417582417582,0.032989690721649485,raja,S18/S31_20190115_035853_2,all_channel,median,median__all_channel__E28,32,29,"[7, 12, 13, 15, 20, 21, 22, 23, 24, 25, 26]",11,False,2.378783317618645e-05,3.272628520213569e-08,7.918368963661438e-06,60.0
E112,34,34,8,26,447,0.23529411764705882,0.017582417582417582,0.032719836400818,raja,S18/S31_20190115_035853_2,all_channel,median,median__all_channel__E112,32,29,"[7, 12, 13, 15, 20, 21, 22, 23, 24, 25, 26]",11,False,2.1185957594497815e-05,-5.987358367945695e-08,7.08194372605909e-06,60.0
E59,19,19,6,13,449,0.3157894736842105,0.013186813186813187,0.025316455696202528,raja,S18/S31_20190115_035853_2,all_channel,median,median__all_channel__E59,32,29,"[7, 12, 13, 15, 20, 21, 22, 23, 24, 25, 26]",11,False,2.0659815771831617e-05,2.1986749181445116e-07,6.813316093339055e-06,60.0
E70,31,31,6,25,449,0.1935483870967742,0.013186813186813187,0.024691358024691357,raja,S18/S31_20190115_035853_2,all_channel,median,median__all_channel__E70,32,29,"[7, 12, 13, 15, 20, 21, 22, 23, 24, 25, 26]",11,False,2.5137616710695037e-05,-3.4030655927355257e-08,8.390549122207463e-06,60.0
E77,32,32,6,26,449,0.1875,0.013186813186813187,0.02464065708418891,raja,S18/S31_20190115_035853_2,all_channel,median,median__all_channel__E77,32,29,"[7, 12, 13, 15, 20, 21, 22, 23, 24, 25, 26]",11,False,2.0970524433815382e-05,1.1037068162850407e-07,6.953384584062293e-06,60.0
E62,25,25,5,20,450,0.2,0.01098901098901099,0.02083333333333334,raja,S18/S31_20190115_035853_2,all_channel,median,median__all_channel__E62,32,29,"[7, 12, 13, 15, 20, 21, 22, 23, 24, 25, 26]",11,False,2.0686323920988978e-05,1.1036233182791023e-07,6.858653863053689e-06,60.0
E84,25,25,5,20,450,0.2,0.01098901098901099,0.02083333333333334,raja,S18/S31_20190115_035853_2,all_channel,median,median__all_channel__E84,32,29,"[7, 12, 13, 15, 20, 21, 22, 23, 24, 25, 26]",11,False,2.2009453497393425e-05,9.879724426939996e-08,7.303552084374676e-06,60.0
E13,28,28,5,23,450,0.17857142857142858,0.01098901098901099,0.02070393374741201,raja,S18/S31_20190115_035853_2,all_channel,median,median__all_channel__E13,32,29,"[7, 12, 13, 15, 20, 21, 22, 23, 24, 25, 26]",11,False,2.4099681210481847e-05,2.8270198240296224e-08,8.023803670747184e-06,60.0
E83,32,32,5,27,450,0.15625,0.01098901098901099,0.020533880903490762,raja,S18/S31_20190115_035853_2,all_channel,median,median__all_channel__E83,32,29,"[7, 12, 13, 15, 20, 21, 22, 23, 24, 25, 26]",11,False,2.6308828667095256e-05,-6.356250746304477e-08,8.7907970581861e-06,60.0
E40,22,22,4,18,451,0.18181818181818182,0.008791208791208791,0.016771488469601678,raja,S18/S31_20190115_035853_2,all_channel,median,median__all_channel__E40,32,29,"[7, 12, 13, 15, 20, 21, 22, 23, 24, 25, 26]",11,False,2.1935914561927535e-05,3.544755300295211e-07,7.193813010632671e-06,60.0
E87,24,24,4,20,451,0.16666666666666666,0.008791208791208791,0.016701461377870565,raja,S18/S31_20190115_035853_2,all_channel,median,median__all_channel__E87,32,29,"[7, 12, 13, 15, 20, 21, 22, 23, 24, 25, 26]",11,False,2.2546422726556153e-05,7.09001857463397e-08,7.491840846936604e-06,60.0
E109,25,25,4,21,451,0.16,0.008791208791208791,0.016666666666666666,raja,S18/S31_20190115_035853_2,all_channel,median,median__all_channel__E109,32,29,"[7, 12, 13, 15, 20, 21, 22, 23, 24, 25, 26]",11,False,1.915912474729224e-05,1.999201833632265e-07,6.319734854643005e-06,60.0
E37,13,13,3,10,452,0.23076923076923078,0.006593406593406593,0.01282051282051282,raja,S18/S31_20190115_035853_2,all_channel,median,median__all_channel__E37,32,29,"[7, 12, 13, 15, 20, 21, 22, 23, 24, 25, 26]",11,False,1.9361214149071546e-05,1.0098586033909106e-07,6.420076096244152e-06,60.0
E85,14,14,3,11,452,0.21428571428571427,0.006593406593406593,0.01279317697228145,raja,S18/S31_20190115_035853_2,all_channel,median,median__all_channel__E85,32,29,"[7, 12, 13, 15, 20, 21, 22, 23, 24, 25, 26]",11,False,2.1493210677817574e-05,1.8847237968944892e-07,7.1015794327093755e-06,60.0
E98,18,18,3,15,452,0.16666666666666666,0.006593406593406593,0.012684989429175475,raja,S18/S31_20190115_035853_2,all_channel,median,median__all_channel__E98,32,29,"[7, 12, 13, 15, 20, 21, 22, 23, 24, 25, 26]",11,False,2.063177994489422e-05,2.579981522548792e-07,6.791260597546448e-06,60.0
E47,20,20,3,17,452,0.15,0.006593406593406593,0.01263157894736842,raja,S18/S31_20190115_035853_2,all_channel,median,median__all_channel__E47,32,29,"[7, 12, 13, 15, 20, 21, 22, 23, 24, 25, 26]",11,False,1.960850183857847e-05,2.1930884970973762e-07,6.46306432962291e-06,60.0
E91,21,21,3,18,452,0.14285714285714285,0.006593406593406593,0.012605042016806723,raja,S18/S31_20190115_035853_2,all_channel,median,median__all_channel__E91,32,29,"[7, 12, 13, 15, 20, 21, 22, 23, 24, 25, 26]",11,False,2.127833948996065e-05,1.8536495464781708e-07,7.030991511770944e-06,60.0
E104,24,24,3,21,452,0.125,0.006593406593406593,0.012526096033402922,raja,S18/S31_20190115_035853_2,all_channel,median,median__all_channel__E104,32,29,"[7, 12, 13, 15, 20, 21, 22, 23, 24, 25, 26]",11,False,3.2701692402645416e-05,7.635511075340018e-08,1.0875112430630671e-05,60.0
E22,459,459,307,152,148,0.6688453159041394,0.6747252747252748,0.6717724288840263,raja,S18/S31_20190115_035853_2,all_channel,mean,mean__all_channel__E22,32,29,"[7, 12, 13, 15, 20, 21, 22, 23, 24, 25, 26]",11,False,2.861518779043862e-05,1.2914669754627005e-08,9.534091040227998e-06,60.0
E9,456,456,304,152,151,0.6666666666666666,0.6681318681318681,0.6673984632272228,raja,S18/S31_20190115_035853_2,all_channel,mean,mean__all_channel__E9,32,29,"[7, 12, 13, 15, 20, 21, 22, 23, 24, 25, 26]",11,False,2.9228164933579607e-05,1.7337440021365727e-08,9.736942497852747e-06,60.0
E3,450,450,283,167,172,0.6288888888888889,0.621978021978022,0.625414364640884,raja,S18/S31_20190115_035853_2,all_channel,mean,mean__all_channel__E3,32,29,"[7, 12, 13, 15, 20, 21, 22, 23, 24, 25, 26]",11,False,2.5991438575285984e-05,1.2400928628176862e-08,8.659679215552603e-06,60.0
E23,436,436,272,164,183,0.6238532110091743,0.5978021978021978,0.6105499438832772,raja,S18/S31_20190115_035853_2,all_channel,mean,mean__all_channel__E23,32,29,"[7, 12, 13, 15, 20, 21, 22, 23, 24, 25, 26]",11,False,2.600392362111941e-05,3.9655493190140426e-09,8.666652690600133e-06,60.0
E26,424,424,250,174,205,0.589622641509434,0.5494505494505495,0.5688282138794084,raja,S18/S31_20190115_035853_2,all_channel,mean,mean__all_channel__E26,32,29,"[7, 12, 13, 15, 20, 21, 22, 23, 24, 25, 26]",11,False,3.208609635465584e-05,7.673005252828851e-09,1.0692807783134338e-05,60.0
E11,342,342,179,163,276,0.5233918128654971,0.3934065934065934,0.44918444165621085,raja,S18/S31_20190115_035853_2,all_channel,mean,mean__all_channel__E11,32,29,"[7, 12, 13, 15, 20, 21, 22, 23, 24, 25, 26]",11,False,2.5394509825449437e-05,-6.155208580497427e-09,8.466888344676645e-06,60.0
E124,282,282,149,133,306,0.5283687943262412,0.3274725274725275,0.4043419267299864,raja,S18/S31_20190115_035853_2,all_channel,mean,mean__all_channel__E124,32,29,"[7, 12, 13, 15, 20, 21, 22, 23, 24, 25, 26]",11,False,2.3188534537192086e-05,7.106504513017065e-10,7.729274628913596e-06,60.0
E24,157,157,77,80,378,0.49044585987261147,0.16923076923076924,0.2516339869281046,raja,S18/S31_20190115_035853_2,all_channel,mean,mean__all_channel__E24,32,29,"[7, 12, 13, 15, 20, 21, 22, 23, 24, 25, 26]",11,False,2.4931172842191764e-05,-4.851116716159947e-09,8.312007986302642e-06,60.0
E122,89,89,28,61,427,0.3146067415730337,0.06153846153846154,0.10294117647058824,raja,S18/S31_20190115_035853_2,all_channel,mean,mean__all_channel__E122,32,29,"[7, 12, 13, 15, 20, 21, 22, 23, 24, 25, 26]",11,False,2.5374254285508843e-05,1.6050918946058262e-08,8.452734455520928e-06,60.0
E33,109,109,22,87,433,0.2018348623853211,0.04835164835164835,0.07801418439716312,raja,S18/S31_20190115_035853_2,all_channel,mean,mean__all_channel__E33,32,29,"[7, 12, 13, 15, 20, 21, 22, 23, 24, 25, 26]",11,False,2.8554118655685624e-05,1.2031817885896933e-08,9.514028945933242e-06,60.0
E117,52,52,19,33,436,0.36538461538461536,0.041758241758241756,0.07495069033530571,raja,S18/S31_20190115_035853_2,all_channel,mean,mean__all_channel__E117,32,29,"[7, 12, 13, 15, 20, 21, 22, 23, 24, 25, 26]",11,False,2.2634023048036218e-05,7.851470543670474e-09,7.542057192497515e-06,60.0
E60,24,24,10,14,445,0.4166666666666667,0.02197802197802198,0.04175365344467641,raja,S18/S31_20190115_035853_2,all_channel,mean,mean__all_channel__E60,32,29,"[7, 12, 13, 15, 20, 21, 22, 23, 24, 25, 26]",11,False,1.9681744123770032e-05,-6.994222832985171e-09,6.5629127822010054e-06,60.0
E67,50,50,10,40,445,0.2,0.02197802197802198,0.03960396039603961,raja,S18/S31_20190115_035853_2,all_channel,mean,mean__all_channel__E67,32,29,"[7, 12, 13, 15, 20, 21, 22, 23, 24, 25, 26]",11,False,2.0729330713234885e-05,-4.271097901403545e-09,6.911200603712096e-06,60.0
E75,46,46,9,37,446,0.1956521739130435,0.01978021978021978,0.03592814371257485,raja,S18/S31_20190115_035853_2,all_channel,mean,mean__all_channel__E75,32,29,"[7, 12, 13, 15, 20, 21, 22, 23, 24, 25, 26]",11,False,2.4621769150054916e-05,-8.949776549169858e-09,8.210239642201363e-06,60.0
E28,30,30,8,22,447,0.26666666666666666,0.017582417582417582,0.032989690721649485,raja,S18/S31_20190115_035853_2,all_channel,mean,mean__all_channel__E28,32,29,"[7, 12, 13, 15, 20, 21, 22, 23, 24, 25, 26]",11,False,2.3749488218437346e-05,-5.618672546971286e-09,7.918368963661438e-06,60.0
E112,34,34,8,26,447,0.23529411764705882,0.017582417582417582,0.032719836400818,raja,S18/S31_20190115_035853_2,all_channel,mean,mean__all_channel__E112,32,29,"[7, 12, 13, 15, 20, 21, 22, 23, 24, 25, 26]",11,False,2.123752338773978e-05,-8.307790437489663e-09,7.08194372605909e-06,60.0
E59,19,19,6,13,449,0.3157894736842105,0.013186813186813187,0.025316455696202528,raja,S18/S31_20190115_035853_2,all_channel,mean,mean__all_channel__E59,32,29,"[7, 12, 13, 15, 20, 21, 22, 23, 24, 25, 26]",11,False,2.0441750398612168e-05,1.8021185950018767e-09,6.813316093339055e-06,60.0
E62,26,26,6,20,449,0.23076923076923078,0.013186813186813187,0.024948024948024946,raja,S18/S31_20190115_035853_2,all_channel,mean,mean__all_channel__E62,32,29,"[7, 12, 13, 15, 20, 21, 22, 23, 24, 25, 26]",11,False,2.056556311599984e-05,-1.0398473161226744e-08,6.858653863053689e-06,60.0
E70,31,31,6,25,449,0.1935483870967742,0.013186813186813187,0.024691358024691357,raja,S18/S31_20190115_035853_2,all_channel,mean,mean__all_channel__E70,32,29,"[7, 12, 13, 15, 20, 21, 22, 23, 24, 25, 26]",11,False,2.5172143874032346e-05,4.965074099528758e-10,8.390549122207463e-06,60.0
E77,32,32,6,26,449,0.1875,0.013186813186813187,0.02464065708418891,raja,S18/S31_20190115_035853_2,all_channel,mean,mean__all_channel__E77,32,29,"[7, 12, 13, 15, 20, 21, 22, 23, 24, 25, 26]",11,False,2.08532529903839e-05,-6.9007618029796884e-09,6.953384584062293e-06,60.0
E84,26,26,5,21,450,0.19230769230769232,0.01098901098901099,0.02079002079002079,raja,S18/S31_20190115_035853_2,all_channel,mean,mean__all_channel__E84,32,29,"[7, 12, 13, 15, 20, 21, 22, 23, 24, 25, 26]",11,False,2.191538810570573e-05,4.731852581704195e-09,7.303552084374676e-06,60.0
E13,28,28,5,23,450,0.17857142857142858,0.01098901098901099,0.02070393374741201,raja,S18/S31_20190115_035853_2,all_channel,mean,mean__all_channel__E13,32,29,"[7, 12, 13, 15, 20, 21, 22, 23, 24, 25, 26]",11,False,2.4060682014379074e-05,-1.0728997862477088e-08,8.023803670747184e-06,60.0
E83,32,32,5,27,450,0.15625,0.01098901098901099,0.020533880903490762,raja,S18/S31_20190115_035853_2,all_channel,mean,mean__all_channel__E83,32,29,"[7, 12, 13, 15, 20, 21, 22, 23, 24, 25, 26]",11,False,2.6374585709738267e-05,2.194535179966244e-09,8.7907970581861e-06,60.0
E40,24,24,4,20,451,0.16666666666666666,0.008791208791208791,0.016701461377870565,raja,S18/S31_20190115_035853_2,all_channel,mean,mean__all_channel__E40,32,29,"[7, 12, 13, 15, 20, 21, 22, 23, 24, 25, 26]",11,False,2.158866913050831e-05,7.230098610295904e-09,7.193813010632671e-06,60.0
E87,24,24,4,20,451,0.16666666666666666,0.008791208791208791,0.016701461377870565,raja,S18/S31_20190115_035853_2,all_channel,mean,mean__all_channel__E87,32,29,"[7, 12, 13, 15, 20, 21, 22, 23, 24, 25, 26]",11,False,2.2471848691304153e-05,-3.673849505662352e-09,7.491840846936604e-06,60.0
E109,26,26,4,22,451,0.15384615384615385,0.008791208791208791,0.016632016632016633,raja,S18/S31_20190115_035853_2,all_channel,mean,mean__all_channel__E109,32,29,"[7, 12, 13, 15, 20, 21, 22, 23, 24, 25, 26]",11,False,1.8972275574972737e-05,1.3071011043723464e-08,6.319734854643005e-06,60.0
E37,13,13,3,10,452,0.23076923076923078,0.006593406593406593,0.01282051282051282,raja,S18/S31_20190115_035853_2,all_channel,mean,mean__all_channel__E37,32,29,"[7, 12, 13, 15, 20, 21, 22, 23, 24, 25, 26]",11,False,1.9246228469666205e-05,-1.3999819066250665e-08,6.420076096244152e-06,60.0
E85,16,16,3,13,452,0.1875,0.006593406593406593,0.012738853503184712,raja,S18/S31_20190115_035853_2,all_channel,mean,mean__all_channel__E85,32,29,"[7, 12, 13, 15, 20, 21, 22, 23, 24, 25, 26]",11,False,2.1306849585774818e-05,2.1112876466920925e-09,7.1015794327093755e-06,60.0
E98,18,18,3,15,452,0.16666666666666666,0.006593406593406593,0.012684989429175475,raja,S18/S31_20190115_035853_2,all_channel,mean,mean__all_channel__E98,32,29,"[7, 12, 13, 15, 20, 21, 22, 23, 24, 25, 26]",11,False,2.0381602399069914e-05,7.820606430570223e-09,6.791260597546448e-06,60.0
E91,21,21,3,18,452,0.14285714285714285,0.006593406593406593,0.012605042016806723,raja,S18/S31_20190115_035853_2,all_channel,mean,mean__all_channel__E91,32,29,"[7, 12, 13, 15, 20, 21, 22, 23, 24, 25, 26]",11,False,2.1097081339640266e-05,4.106804327430364e-09,7.030991511770944e-06,60.0
E47,22,22,3,19,452,0.13636363636363635,0.006593406593406593,0.012578616352201257,raja,S18/S31_20190115_035853_2,all_channel,mean,mean__all_channel__E47,32,29,"[7, 12, 13, 15, 20, 21, 22, 23, 24, 25, 26]",11,False,1.938848524833952e-05,-7.077405292097745e-10,6.46306432962291e-06,60.0
E104,24,24,3,21,452,0.125,0.006593406593406593,0.012526096033402922,raja,S18/S31_20190115_035853_2,all_channel,mean,mean__all_channel__E104,32,29,"[7, 12, 13, 15, 20, 21, 22, 23, 24, 25, 26]",11,False,3.264231801841658e-05,1.6980726524564196e-08,1.0875112430630671e-05,60.0
E22,461,461,311,150,144,0.6746203904555315,0.6835164835164835,0.6790393013100436,raja,S18/S31_20190115_035853_2,frontal,median,median__frontal__E22,6,29,[],0,True,2.718021398676913e-05,-1.3335795781083589e-06,9.504597854959164e-06,60.0
E9,455,455,305,150,150,0.6703296703296703,0.6703296703296703,0.6703296703296703,raja,S18/S31_20190115_035853_2,frontal,median,median__frontal__E9,6,29,[],0,True,2.792460608662085e-05,-1.277200339857279e-06,9.733935475492708e-06,60.0
E3,456,456,286,170,169,0.6271929824561403,0.6285714285714286,0.6278814489571898,raja,S18/S31_20190115_035853_2,frontal,median,median__frontal__E3,6,29,[],0,True,2.5436849547745162e-05,-7.080995046031289e-07,8.71498301744943e-06,60.0
E23,450,450,277,173,178,0.6155555555555555,0.6087912087912087,0.6121546961325967,raja,S18/S31_20190115_035853_2,frontal,median,median__frontal__E23,6,29,[],0,True,2.5157474851723406e-05,-7.212864283799268e-07,8.626253760034444e-06,60.0
E124,294,294,157,137,298,0.5340136054421769,0.34505494505494505,0.41922563417890524,raja,S18/S31_20190115_035853_2,frontal,median,median__frontal__E124,6,29,[],0,True,2.279256874697069e-05,-3.4683896603881815e-07,7.713135904336503e-06,60.0
E24,166,166,81,85,374,0.4879518072289157,0.17802197802197803,0.2608695652173913,raja,S18/S31_20190115_035853_2,frontal,median,median__frontal__E24,6,29,[],0,True,2.456605999301675e-05,-2.1756823861273609e-07,8.261209410543162e-06,60.0
E22,459,459,308,151,147,0.6710239651416122,0.676923076923077,0.6739606126914661,raja,S18/S31_20190115_035853_2,frontal,mean,mean__frontal__E22,6,29,[],0,True,2.8522157275117157e-05,8.363710239668409e-09,9.504597854959164e-06,60.0
E9,456,456,304,152,151,0.6666666666666666,0.6681318681318681,0.6673984632272228,raja,S18/S31_20190115_035853_2,frontal,mean,mean__frontal__E9,6,29,[],0,True,2.921331948278025e-05,1.1513056302123546e-08,9.733935475492708e-06,60.0
E3,449,449,281,168,174,0.6258351893095768,0.6175824175824176,0.6216814159292036,raja,S18/S31_20190115_035853_2,frontal,mean,mean__frontal__E3,6,29,[],0,True,2.615196548715498e-05,7.016434806689354e-09,8.71498301744943e-06,60.0
E23,437,437,274,163,181,0.6270022883295194,0.6021978021978022,0.6143497757847532,raja,S18/S31_20190115_035853_2,frontal,mean,mean__frontal__E23,6,29,[],0,True,2.5881918247353417e-05,3.156967250084158e-09,8.626253760034444e-06,60.0
E124,283,283,150,133,305,0.5300353356890459,0.32967032967032966,0.40650406504065045,raja,S18/S31_20190115_035853_2,frontal,mean,mean__frontal__E124,6,29,[],0,True,2.3140718250793235e-05,1.3105377837262954e-09,7.713135904336503e-06,60.0
E24,161,161,78,83,377,0.484472049689441,0.17142857142857143,0.2532467532467532,raja,S18/S31_20190115_035853_2,frontal,mean,mean__frontal__E24,6,29,[],0,True,2.478327637442899e-05,-3.5185720049555444e-10,8.261209410543162e-06,60.0
E22,461,461,311,150,144,0.6746203904555315,0.6835164835164835,0.6790393013100436,raja,S18/S31_20190115_035853_2,frontal_left,median,median__frontal_left__E22,3,29,[],0,True,2.718021398676913e-05,-1.3335795781083589e-06,9.504597854959164e-06,60.0
E23,450,450,277,173,178,0.6155555555555555,0.6087912087912087,0.6121546961325967,raja,S18/S31_20190115_035853_2,frontal_left,median,median__frontal_left__E23,3,29,[],0,True,2.5157474851723406e-05,-7.212864283799268e-07,8.626253760034444e-06,60.0
E24,166,166,81,85,374,0.4879518072289157,0.17802197802197803,0.2608695652173913,raja,S18/S31_20190115_035853_2,frontal_left,median,median__frontal_left__E24,3,29,[],0,True,2.456605999301675e-05,-2.1756823861273609e-07,8.261209410543162e-06,60.0
E22,459,459,308,151,147,0.6710239651416122,0.676923076923077,0.6739606126914661,raja,S18/S31_20190115_035853_2,frontal_left,mean,mean__frontal_left__E22,3,29,[],0,True,2.8522157275117157e-05,8.363710239668409e-09,9.504597854959164e-06,60.0
E23,437,437,274,163,181,0.6270022883295194,0.6021978021978022,0.6143497757847532,raja,S18/S31_20190115_035853_2,frontal_left,mean,mean__frontal_left__E23,3,29,[],0,True,2.5881918247353417e-05,3.156967250084158e-09,8.626253760034444e-06,60.0
E24,161,161,78,83,377,0.484472049689441,0.17142857142857143,0.2532467532467532,raja,S18/S31_20190115_035853_2,frontal_left,mean,mean__frontal_left__E24,3,29,[],0,True,2.478327637442899e-05,-3.5185720049555444e-10,8.261209410543162e-06,60.0
E9,455,455,305,150,150,0.6703296703296703,0.6703296703296703,0.6703296703296703,raja,S18/S31_20190115_035853_2,frontal_right,median,median__frontal_right__E9,3,29,[],0,True,2.792460608662085e-05,-1.277200339857279e-06,9.733935475492708e-06,60.0
E3,456,456,286,170,169,0.6271929824561403,0.6285714285714286,0.6278814489571898,raja,S18/S31_20190115_035853_2,frontal_right,median,median__frontal_right__E3,3,29,[],0,True,2.5436849547745162e-05,-7.080995046031289e-07,8.71498301744943e-06,60.0
E124,294,294,157,137,298,0.5340136054421769,0.34505494505494505,0.41922563417890524,raja,S18/S31_20190115_035853_2,frontal_right,median,median__frontal_right__E124,3,29,[],0,True,2.279256874697069e-05,-3.4683896603881815e-07,7.713135904336503e-06,60.0
E9,456,456,304,152,151,0.6666666666666666,0.6681318681318681,0.6673984632272228,raja,S18/S31_20190115_035853_2,frontal_right,mean,mean__frontal_right__E9,3,29,[],0,True,2.921331948278025e-05,1.1513056302123546e-08,9.733935475492708e-06,60.0
E3,449,449,281,168,174,0.6258351893095768,0.6175824175824176,0.6216814159292036,raja,S18/S31_20190115_035853_2,frontal_right,mean,mean__frontal_right__E3,3,29,[],0,True,2.615196548715498e-05,7.016434806689354e-09,8.71498301744943e-06,60.0
E124,283,283,150,133,305,0.5300353356890459,0.32967032967032966,0.40650406504065045,raja,S18/S31_20190115_035853_2,frontal_right,mean,mean__frontal_right__E124,3,29,[],0,True,2.3140718250793235e-05,1.3105377837262954e-09,7.713135904336503e-06,60.0
E22,439,439,294,145,161,0.6697038724373576,0.6461538461538462,0.6577181208053693,raja,S18/S31_20190115_035853_2,all_channel,median,median__all_channel__E22,32,14,"[3, 6, 7, 10, 11, 12, 13]",7,False,2.761545603420316e-05,-1.4685172676624366e-06,9.694657767288532e-06,120.0
E9,437,437,289,148,166,0.6613272311212814,0.6351648351648351,0.647982062780269,raja,S18/S31_20190115_035853_2,all_channel,median,median__all_channel__E9,32,14,"[3, 6, 7, 10, 11, 12, 13]",7,False,2.8313312136734023e-05,-1.4065277309263237e-06,9.906613289220116e-06,120.0
E3,434,434,271,163,184,0.6244239631336406,0.5956043956043956,0.609673790776153,raja,S18/S31_20190115_035853_2,all_channel,median,median__all_channel__E3,32,14,"[3, 6, 7, 10, 11, 12, 13]",7,False,2.554876077160992e-05,-8.156588502688935e-07,8.788139873959604e-06,120.0
E23,421,421,260,161,195,0.6175771971496437,0.5714285714285714,0.593607305936073,raja,S18/S31_20190115_035853_2,all_channel,median,median__all_channel__E23,32,14,"[3, 6, 7, 10, 11, 12, 13]",7,False,2.560213654892696e-05,-8.130544380871347e-07,8.805063662338032e-06,120.0
E26,403,403,237,166,218,0.5880893300248139,0.5208791208791209,0.5524475524475525,raja,S18/S31_20190115_035853_2,all_channel,median,median__all_channel__E26,32,14,"[3, 6, 7, 10, 11, 12, 13]",7,False,3.196619561882137e-05,-5.799821021448937e-07,1.0848725906988753e-05,120.0
E11,335,335,174,161,281,0.5194029850746269,0.3824175824175824,0.44050632911392407,raja,S18/S31_20190115_035853_2,all_channel,median,median__all_channel__E11,32,14,"[3, 6, 7, 10, 11, 12, 13]",7,False,2.5232029009782974e-05,-4.823902469905631e-07,8.571473085591179e-06,120.0
E124,278,278,142,136,313,0.5107913669064749,0.3120879120879121,0.38744884038199184,raja,S18/S31_20190115_035853_2,all_channel,median,median__all_channel__E124,32,14,"[3, 6, 7, 10, 11, 12, 13]",7,False,2.3038502233047853e-05,-3.6058194345888716e-07,7.799694725502247e-06,120.0
E24,143,143,68,75,387,0.4755244755244755,0.14945054945054945,0.22742474916387959,raja,S18/S31_20190115_035853_2,all_channel,median,median__all_channel__E24,32,14,"[3, 6, 7, 10, 11, 12, 13]",7,False,2.5030811864666856e-05,-2.427460259271971e-07,8.424519296864684e-06,120.0
E122,77,77,27,50,428,0.35064935064935066,0.05934065934065934,0.10150375939849623,raja,S18/S31_20190115_035853_2,all_channel,median,median__all_channel__E122,32,14,"[3, 6, 7, 10, 11, 12, 13]",7,False,2.5925358135768566e-05,2.2557271225821724e-07,8.566595141170116e-06,120.0
E117,50,50,19,31,436,0.38,0.041758241758241756,0.07524752475247523,raja,S18/S31_20190115_035853_2,all_channel,median,median__all_channel__E117,32,14,"[3, 6, 7, 10, 11, 12, 13]",7,False,2.2690205895379225e-05,-5.905691582209384e-08,7.583087603733772e-06,120.0
E33,75,75,15,60,440,0.2,0.03296703296703297,0.05660377358490567,raja,S18/S31_20190115_035853_2,all_channel,median,median__all_channel__E33,32,14,"[3, 6, 7, 10, 11, 12, 13]",7,False,2.99608945349396e-05,3.9174028875630674e-07,9.856384748727764e-06,120.0
E60,24,24,10,14,445,0.4166666666666667,0.02197802197802198,0.04175365344467641,raja,S18/S31_20190115_035853_2,all_channel,median,median__all_channel__E60,32,14,"[3, 6, 7, 10, 11, 12, 13]",7,False,1.9831108663272198e-05,2.432243908059416e-07,6.529294757488752e-06,120.0
E67,47,47,10,37,445,0.2127659574468085,0.02197802197802198,0.03984063745019921,raja,S18/S31_20190115_035853_2,all_channel,median,median__all_channel__E67,32,14,"[3, 6, 7, 10, 11, 12, 13]",7,False,2.0802869421269907e-05,9.43940184851696e-08,6.902825134261579e-06,120.0
E75,46,46,9,37,446,0.1956521739130435,0.01978021978021978,0.03592814371257485,raja,S18/S31_20190115_035853_2,all_channel,median,median__all_channel__E75,32,14,"[3, 6, 7, 10, 11, 12, 13]",7,False,2.456206929540698e-05,-1.2926765384416945e-07,8.230445649750383e-06,120.0
E112,33,33,8,25,447,0.24242424242424243,0.017582417582417582,0.03278688524590164,raja,S18/S31_20190115_035853_2,all_channel,median,median__all_channel__E112,32,14,"[3, 6, 7, 10, 11, 12, 13]",7,False,2.136715076622784e-05,-3.5681919257812343e-08,7.134277561828551e-06,120.0
E28,28,28,7,21,448,0.25,0.015384615384615385,0.028985507246376812,raja,S18/S31_20190115_035853_2,all_channel,median,median__all_channel__E28,32,14,"[3, 6, 7, 10, 11, 12, 13]",7,False,2.415153227460788e-05,5.158705696571277e-08,8.033315072547389e-06,120.0
E59,19,19,6,13,449,0.3157894736842105,0.013186813186813187,0.025316455696202528,raja,S18/S31_20190115_035853_2,all_channel,median,median__all_channel__E59,32,14,"[3, 6, 7, 10, 11, 12, 13]",7,False,2.0658901768905697e-05,2.521969734919976e-07,6.8022349318045666e-06,120.0
E70,29,29,6,23,449,0.20689655172413793,0.013186813186813187,0.024793388429752067,raja,S18/S31_20190115_035853_2,all_channel,median,median__all_channel__E70,32,14,"[3, 6, 7, 10, 11, 12, 13]",7,False,2.5246926208399695e-05,-3.5926632138983735e-09,8.416839623871198e-06,120.0
E77,31,31,6,25,449,0.1935483870967742,0.013186813186813187,0.024691358024691357,raja,S18/S31_20190115_035853_2,all_channel,median,median__all_channel__E77,32,14,"[3, 6, 7, 10, 11, 12, 13]",7,False,2.111680629406783e-05,1.4065444985559415e-07,6.992050614737413e-06,120.0
E84,23,23,5,18,450,0.21739130434782608,0.01098901098901099,0.020920502092050212,raja,S18/S31_20190115_035853_2,all_channel,median,median__all_channel__E84,32,14,"[3, 6, 7, 10, 11, 12, 13]",7,False,2.2054129838376235e-05,1.288083447284741e-07,7.308440497882587e-06,120.0
E62,24,24,5,19,450,0.20833333333333334,0.01098901098901099,0.020876826722338204,raja,S18/S31_20190115_035853_2,all_channel,median,median__all_channel__E62,32,14,"[3, 6, 7, 10, 11, 12, 13]",7,False,2.0690568587895052e-05,1.34523160073136e-07,6.8520151426073056e-06,120.0
E83,32,32,5,27,450,0.15625,0.01098901098901099,0.020533880903490762,raja,S18/S31_20190115_035853_2,all_channel,median,median__all_channel__E83,32,14,"[3, 6, 7, 10, 11, 12, 13]",7,False,2.6303909347340292e-05,-2.713730862590395e-08,8.777015551988732e-06,120.0
E87,22,22,4,18,451,0.18181818181818182,0.008791208791208791,0.016771488469601678,raja,S18/S31_20190115_035853_2,all_channel,median,median__all_channel__E87,32,14,"[3, 6, 7, 10, 11, 12, 13]",7,False,2.2498923561901832e-05,6.549197207979085e-08,7.47781052994068e-06,120.0
E40,23,23,4,19,451,0.17391304347826086,0.008791208791208791,0.016736401673640166,raja,S18/S31_20190115_035853_2,all_channel,median,median__all_channel__E40,32,14,"[3, 6, 7, 10, 11, 12, 13]",7,False,2.2305994054507285e-05,3.8783523831080735e-07,7.306052938732159e-06,120.0
E109,24,24,4,20,451,0.16666666666666666,0.008791208791208791,0.016701461377870565,raja,S18/S31_20190115_035853_2,all_channel,median,median__all_channel__E109,32,14,"[3, 6, 7, 10, 11, 12, 13]",7,False,1.9101698592192875e-05,1.8453051278638417e-07,6.305722693135497e-06,120.0
E85,13,13,3,10,452,0.23076923076923078,0.006593406593406593,0.01282051282051282,raja,S18/S31_20190115_035853_2,all_channel,median,median__all_channel__E85,32,14,"[3, 6, 7, 10, 11, 12, 13]",7,False,2.1625871789391898e-05,2.059183809438266e-07,7.139984469482691e-06,120.0
E37,14,14,3,11,452,0.21428571428571427,0.006593406593406593,0.01279317697228145,raja,S18/S31_20190115_035853_2,all_channel,median,median__all_channel__E37,32,14,"[3, 6, 7, 10, 11, 12, 13]",7,False,1.9170894406601805e-05,1.1742480121370946e-07,6.3511565351293655e-06,120.0
E98,17,17,3,14,452,0.17647058823529413,0.006593406593406593,0.01271186440677966,raja,S18/S31_20190115_035853_2,all_channel,median,median__all_channel__E98,32,14,"[3, 6, 7, 10, 11, 12, 13]",7,False,2.0455971590488307e-05,2.4493371101233664e-07,6.7370126264919905e-06,120.0
E47,20,20,3,17,452,0.15,0.006593406593406593,0.01263157894736842,raja,S18/S31_20190115_035853_2,all_channel,median,median__all_channel__E47,32,14,"[3, 6, 7, 10, 11, 12, 13]",7,False,1.9609744435094953e-05,2.4918642545251536e-07,6.453519336547479e-06,120.0
E91,20,20,3,17,452,0.15,0.006593406593406593,0.01263157894736842,raja,S18/S31_20190115_035853_2,all_channel,median,median__all_channel__E91,32,14,"[3, 6, 7, 10, 11, 12, 13]",7,False,2.1291941763052382e-05,1.960985705565757e-07,7.031947730831936e-06,120.0
E13,23,23,3,20,452,0.13043478260869565,0.006593406593406593,0.012552301255230125,raja,S18/S31_20190115_035853_2,all_channel,median,median__all_channel__E13,32,14,"[3, 6, 7, 10, 11, 12, 13]",7,False,2.4653877790997613e-05,5.087787647358807e-08,8.200999971508009e-06,120.0
E104,16,16,2,14,453,0.125,0.004395604395604396,0.008492569002123142,raja,S18/S31_20190115_035853_2,all_channel,median,median__all_channel__E104,32,14,"[3, 6, 7, 10, 11, 12, 13]",7,False,3.20057193667476e-05,7.125974467382992e-08,1.0644819874024591e-05,120.0
E22,435,435,291,144,164,0.6689655172413793,0.6395604395604395,0.6539325842696629,raja,S18/S31_20190115_035853_2,all_channel,mean,mean__all_channel__E22,32,14,"[3, 6, 7, 10, 11, 12, 13]",7,False,2.9082785172784815e-05,-1.1881290807806963e-09,9.694657767288532e-06,120.0
E9,438,438,288,150,167,0.6575342465753424,0.6329670329670329,0.64501679731243,raja,S18/S31_20190115_035853_2,all_channel,mean,mean__all_channel__E9,32,14,"[3, 6, 7, 10, 11, 12, 13]",7,False,2.9722812328951153e-05,2.972461290806264e-09,9.906613289220116e-06,120.0
E3,427,427,263,164,192,0.6159250585480094,0.578021978021978,0.5963718820861678,raja,S18/S31_20190115_035853_2,all_channel,mean,mean__all_channel__E3,32,14,"[3, 6, 7, 10, 11, 12, 13]",7,False,2.636744987848593e-05,3.030256607113876e-09,8.788139873959604e-06,120.0
E23,414,414,255,159,200,0.6159420289855072,0.5604395604395604,0.5868814729574223,raja,S18/S31_20190115_035853_2,all_channel,mean,mean__all_channel__E23,32,14,"[3, 6, 7, 10, 11, 12, 13]",7,False,2.6412495496959588e-05,-2.6954900545095507e-09,8.805063662338032e-06,120.0
E26,398,398,234,164,221,0.5879396984924623,0.5142857142857142,0.5486518171160609,raja,S18/S31_20190115_035853_2,all_channel,mean,mean__all_channel__E26,32,14,"[3, 6, 7, 10, 11, 12, 13]",7,False,3.25450153199797e-05,-1.1624009865593556e-09,1.0848725906988753e-05,120.0
E11,321,321,168,153,287,0.5233644859813084,0.36923076923076925,0.4329896907216495,raja,S18/S31_20190115_035853_2,all_channel,mean,mean__all_channel__E11,32,14,"[3, 6, 7, 10, 11, 12, 13]",7,False,2.5707885977445014e-05,-6.533279328524102e-09,8.571473085591179e-06,120.0
E124,265,265,139,126,316,0.5245283018867924,0.3054945054945055,0.3861111111111112,raja,S18/S31_20190115_035853_2,all_channel,mean,mean__all_channel__E124,32,14,"[3, 6, 7, 10, 11, 12, 13]",7,False,2.3398375899892676e-05,-7.082766140617868e-10,7.799694725502247e-06,120.0
E24,137,137,64,73,391,0.46715328467153283,0.14065934065934066,0.2162162162162162,raja,S18/S31_20190115_035853_2,all_channel,mean,mean__all_channel__E24,32,14,"[3, 6, 7, 10, 11, 12, 13]",7,False,2.5269514899628646e-05,-4.042990965407279e-09,8.424519296864684e-06,120.0
E122,82,82,28,54,427,0.34146341463414637,0.06153846153846154,0.10428305400372441,raja,S18/S31_20190115_035853_2,all_channel,mean,mean__all_channel__E122,32,14,"[3, 6, 7, 10, 11, 12, 13]",7,False,2.570380922772636e-05,4.023804216014404e-09,8.566595141170116e-06,120.0
E117,49,49,19,30,436,0.3877551020408163,0.041758241758241756,0.07539682539682539,raja,S18/S31_20190115_035853_2,all_channel,mean,mean__all_channel__E117,32,14,"[3, 6, 7, 10, 11, 12, 13]",7,False,2.2749689566677063e-05,4.267554757451013e-10,7.583087603733772e-06,120.0
E33,77,77,16,61,439,0.2077922077922078,0.035164835164835165,0.06015037593984963,raja,S18/S31_20190115_035853_2,all_channel,mean,mean__all_channel__E33,32,14,"[3, 6, 7, 10, 11, 12, 13]",7,False,2.9573902192203116e-05,4.747946019825795e-09,9.856384748727764e-06,120.0
E60,25,25,10,15,445,0.4,0.02197802197802198,0.04166666666666668,raja,S18/S31_20190115_035853_2,all_channel,mean,mean__all_channel__E60,32,14,"[3, 6, 7, 10, 11, 12, 13]",7,False,1.9591361857807918e-05,3.477585341661079e-09,6.529294757488752e-06,120.0
E67,47,47,10,37,445,0.2127659574468085,0.02197802197802198,0.03984063745019921,raja,S18/S31_20190115_035853_2,all_channel,mean,mean__all_channel__E67,32,14,"[3, 6, 7, 10, 11, 12, 13]",7,False,2.071258951105627e-05,4.1141082715341255e-09,6.902825134261579e-06,120.0
E75,46,46,9,37,446,0.1956521739130435,0.01978021978021978,0.03592814371257485,raja,S18/S31_20190115_035853_2,all_channel,mean,mean__all_channel__E75,32,14,"[3, 6, 7, 10, 11, 12, 13]",7,False,2.4690256797447604e-05,-1.0801518035442747e-09,8.230445649750383e-06,120.0
E112,32,32,8,24,447,0.25,0.017582417582417582,0.03285420944558522,raja,S18/S31_20190115_035853_2,all_channel,mean,mean__all_channel__E112,32,14,"[3, 6, 7, 10, 11, 12, 13]",7,False,2.139895421652149e-05,-3.87846896416313e-09,7.134277561828551e-06,120.0
E28,28,28,7,21,448,0.25,0.015384615384615385,0.028985507246376812,raja,S18/S31_20190115_035853_2,all_channel,mean,mean__all_channel__E28,32,14,"[3, 6, 7, 10, 11, 12, 13]",7,False,2.4099686678313157e-05,-2.5853932901154407e-10,8.033315072547389e-06,120.0
E59,19,19,6,13,449,0.3157894736842105,0.013186813186813187,0.025316455696202528,raja,S18/S31_20190115_035853_2,all_channel,mean,mean__all_channel__E59,32,14,"[3, 6, 7, 10, 11, 12, 13]",7,False,2.0415415792842058e-05,8.710997428359929e-09,6.8022349318045666e-06,120.0
E62,26,26,6,20,449,0.23076923076923078,0.013186813186813187,0.024948024948024946,raja,S18/S31_20190115_035853_2,all_channel,mean,mean__all_channel__E62,32,14,"[3, 6, 7, 10, 11, 12, 13]",7,False,2.0554563542287247e-05,-1.4818855346677182e-09,6.8520151426073056e-06,120.0
E70,29,29,6,23,449,0.20689655172413793,0.013186813186813187,0.024793388429752067,raja,S18/S31_20190115_035853_2,all_channel,mean,mean__all_channel__E70,32,14,"[3, 6, 7, 10, 11, 12, 13]",7,False,2.5249996588912965e-05,-5.222827006291457e-10,8.416839623871198e-06,120.0
E77,31,31,6,25,449,0.1935483870967742,0.013186813186813187,0.024691358024691357,raja,S18/S31_20190115_035853_2,all_channel,mean,mean__all_channel__E77,32,14,"[3, 6, 7, 10, 11, 12, 13]",7,False,2.0975094798081804e-05,-1.0570461304306636e-09,6.992050614737413e-06,120.0
E84,23,23,5,18,450,0.21739130434782608,0.01098901098901099,0.020920502092050212,raja,S18/S31_20190115_035853_2,all_channel,mean,mean__all_channel__E84,32,14,"[3, 6, 7, 10, 11, 12, 13]",7,False,2.1928142831414645e-05,2.821337766884057e-09,7.308440497882587e-06,120.0
E83,32,32,5,27,450,0.15625,0.01098901098901099,0.020533880903490762,raja,S18/S31_20190115_035853_2,all_channel,mean,mean__all_channel__E83,32,14,"[3, 6, 7, 10, 11, 12, 13]",7,False,2.6330425859958033e-05,-6.207960081616701e-10,8.777015551988732e-06,120.0
E40,21,21,4,17,451,0.19047619047619047,0.008791208791208791,0.01680672268907563,raja,S18/S31_20190115_035853_2,all_channel,mean,mean__all_channel__E40,32,14,"[3, 6, 7, 10, 11, 12, 13]",7,False,2.192746547259705e-05,9.306656400572245e-09,7.306052938732159e-06,120.0
E87,22,22,4,18,451,0.18181818181818182,0.008791208791208791,0.016771488469601678,raja,S18/S31_20190115_035853_2,all_channel,mean,mean__all_channel__E87,32,14,"[3, 6, 7, 10, 11, 12, 13]",7,False,2.2438033272067804e-05,4.601682245762669e-09,7.47781052994068e-06,120.0
E109,25,25,4,21,451,0.16,0.008791208791208791,0.016666666666666666,raja,S18/S31_20190115_035853_2,all_channel,mean,mean__all_channel__E109,32,14,"[3, 6, 7, 10, 11, 12, 13]",7,False,1.89206817344424e-05,3.513655035907242e-09,6.305722693135497e-06,120.0
E37,14,14,3,11,452,0.21428571428571427,0.006593406593406593,0.01279317697228145,raja,S18/S31_20190115_035853_2,all_channel,mean,mean__all_channel__E37,32,14,"[3, 6, 7, 10, 11, 12, 13]",7,False,1.9051800514001008e-05,-1.6690913870875945e-09,6.3511565351293655e-06,120.0
E85,14,14,3,11,452,0.21428571428571427,0.006593406593406593,0.01279317697228145,raja,S18/S31_20190115_035853_2,all_channel,mean,mean__all_channel__E85,32,14,"[3, 6, 7, 10, 11, 12, 13]",7,False,2.1422723844934047e-05,2.7704364859746832e-09,7.139984469482691e-06,120.0
E98,17,17,3,14,452,0.17647058823529413,0.006593406593406593,0.01271186440677966,raja,S18/S31_20190115_035853_2,all_channel,mean,mean__all_channel__E98,32,14,"[3, 6, 7, 10, 11, 12, 13]",7,False,2.0214322470407446e-05,3.284590931475702e-09,6.7370126264919905e-06,120.0
E91,20,20,3,17,452,0.15,0.006593406593406593,0.01263157894736842,raja,S18/S31_20190115_035853_2,all_channel,mean,mean__all_channel__E91,32,14,"[3, 6, 7, 10, 11, 12, 13]",7,False,2.1098289191361217e-05,2.4459988654109043e-09,7.031947730831936e-06,120.0
E47,22,22,3,19,452,0.13636363636363635,0.006593406593406593,0.012578616352201257,raja,S18/S31_20190115_035853_2,all_channel,mean,mean__all_channel__E47,32,14,"[3, 6, 7, 10, 11, 12, 13]",7,False,1.936823941403032e-05,7.681404387880918e-09,6.453519336547479e-06,120.0
E13,23,23,3,20,452,0.13043478260869565,0.006593406593406593,0.012552301255230125,raja,S18/S31_20190115_035853_2,all_channel,mean,mean__all_channel__E13,32,14,"[3, 6, 7, 10, 11, 12, 13]",7,False,2.4598844726073714e-05,-4.155188450310824e-09,8.200999971508009e-06,120.0
E104,16,16,2,14,453,0.125,0.004395604395604396,0.008492569002123142,raja,S18/S31_20190115_035853_2,all_channel,mean,mean__all_channel__E104,32,14,"[3, 6, 7, 10, 11, 12, 13]",7,False,3.1918258118151895e-05,-1.62015039218829e-08,1.0644819874024591e-05,120.0
E22,441,441,295,146,160,0.6689342403628118,0.6483516483516484,0.6584821428571428,raja,S18/S31_20190115_035853_2,frontal,median,median__frontal__E22,6,14,[],0,True,2.697840265429281e-05,-1.3141495591937505e-06,9.430850737828853e-06,120.0
E9,439,439,290,149,165,0.6605922551252847,0.6373626373626373,0.6487695749440715,raja,S18/S31_20190115_035853_2,frontal,median,median__frontal__E9,6,14,[],0,True,2.764339161350351e-05,-1.2803994304715804e-06,9.64126368132503e-06,120.0
E3,436,436,272,164,183,0.6238532110091743,0.5978021978021978,0.6105499438832772,raja,S18/S31_20190115_035853_2,frontal,median,median__frontal__E3,6,14,[],0,True,2.5244753200128902e-05,-7.13600631885881e-07,8.652784610671594e-06,120.0
E23,432,432,262,170,193,0.6064814814814815,0.5758241758241758,0.5907553551296504,raja,S18/S31_20190115_035853_2,frontal,median,median__frontal__E23,6,14,[],0,True,2.4998026998791573e-05,-7.185434423657785e-07,8.572190147052451e-06,120.0
E124,284,284,151,133,304,0.5316901408450704,0.33186813186813185,0.40866035182679294,raja,S18/S31_20190115_035853_2,frontal,median,median__frontal__E124,6,14,[],0,True,2.268128715705724e-05,-3.4705660736506036e-07,7.676114588140767e-06,120.0
E24,158,158,75,83,380,0.47468354430379744,0.16483516483516483,0.24469820554649266,raja,S18/S31_20190115_035853_2,frontal,median,median__frontal__E24,6,14,[],0,True,2.4433393118781947e-05,-2.148373261966498e-07,8.216076814992866e-06,120.0
E22,438,438,292,146,163,0.6666666666666666,0.6417582417582418,0.6539753639417694,raja,S18/S31_20190115_035853_2,frontal,mean,mean__frontal__E22,6,14,[],0,True,2.8287417564350188e-05,-5.134649136371003e-09,9.430850737828853e-06,120.0
E9,438,438,289,149,166,0.6598173515981736,0.6351648351648351,0.6472564389697648,raja,S18/S31_20190115_035853_2,frontal,mean,mean__frontal__E9,6,14,[],0,True,2.892388310362271e-05,9.20596476214191e-11,9.64126368132503e-06,120.0
E3,431,431,269,162,186,0.6241299303944315,0.5912087912087912,0.6072234762979684,raja,S18/S31_20190115_035853_2,frontal,mean,mean__frontal__E3,6,14,[],0,True,2.5960126302384704e-05,1.7724703699225713e-09,8.652784610671594e-06,120.0
E23,418,418,259,159,196,0.6196172248803827,0.5692307692307692,0.5933562428407789,raja,S18/S31_20190115_035853_2,frontal,mean,mean__frontal__E23,6,14,[],0,True,2.5711497269771914e-05,-5.073171385438115e-09,8.572190147052451e-06,120.0
E124,278,278,143,135,312,0.5143884892086331,0.3142857142857143,0.3901773533424284,raja,S18/S31_20190115_035853_2,frontal,mean,mean__frontal__E124,6,14,[],0,True,2.3026241802030102e-05,-2.1019623921965266e-09,7.676114588140767e-06,120.0
E24,156,156,74,82,381,0.47435897435897434,0.16263736263736264,0.24222585924713586,raja,S18/S31_20190115_035853_2,frontal,mean,mean__frontal__E24,6,14,[],0,True,2.4644417629917902e-05,-3.812815060694695e-09,8.216076814992866e-06,120.0
E22,441,441,295,146,160,0.6689342403628118,0.6483516483516484,0.6584821428571428,raja,S18/S31_20190115_035853_2,frontal_left,median,median__frontal_left__E22,3,14,[],0,True,2.697840265429281e-05,-1.3141495591937505e-06,9.430850737828853e-06,120.0
E23,432,432,262,170,193,0.6064814814814815,0.5758241758241758,0.5907553551296504,raja,S18/S31_20190115_035853_2,frontal_left,median,median__frontal_left__E23,3,14,[],0,True,2.4998026998791573e-05,-7.185434423657785e-07,8.572190147052451e-06,120.0
E24,158,158,75,83,380,0.47468354430379744,0.16483516483516483,0.24469820554649266,raja,S18/S31_20190115_035853_2,frontal_left,median,median__frontal_left__E24,3,14,[],0,True,2.4433393118781947e-05,-2.148373261966498e-07,8.216076814992866e-06,120.0
E22,438,438,292,146,163,0.6666666666666666,0.6417582417582418,0.6539753639417694,raja,S18/S31_20190115_035853_2,frontal_left,mean,mean__frontal_left__E22,3,14,[],0,True,2.8287417564350188e-05,-5.134649136371003e-09,9.430850737828853e-06,120.0
E23,418,418,259,159,196,0.6196172248803827,0.5692307692307692,0.5933562428407789,raja,S18/S31_20190115_035853_2,frontal_left,mean,mean__frontal_left__E23,3,14,[],0,True,2.5711497269771914e-05,-5.073171385438115e-09,8.572190147052451e-06,120.0
E24,156,156,74,82,381,0.47435897435897434,0.16263736263736264,0.24222585924713586,raja,S18/S31_20190115_035853_2,frontal_left,mean,mean__frontal_left__E24,3,14,[],0,True,2.4644417629917902e-05,-3.812815060694695e-09,8.216076814992866e-06,120.0
E9,439,439,290,149,165,0.6605922551252847,0.6373626373626373,0.6487695749440715,raja,S18/S31_20190115_035853_2,frontal_right,median,median__frontal_right__E9,3,14,[],0,True,2.764339161350351e-05,-1.2803994304715804e-06,9.64126368132503e-06,120.0
E3,436,436,272,164,183,0.6238532110091743,0.5978021978021978,0.6105499438832772,raja,S18/S31_20190115_035853_2,frontal_right,median,median__frontal_right__E3,3,14,[],0,True,2.5244753200128902e-05,-7.13600631885881e-07,8.652784610671594e-06,120.0
E124,284,284,151,133,304,0.5316901408450704,0.33186813186813185,0.40866035182679294,raja,S18/S31_20190115_035853_2,frontal_right,median,median__frontal_right__E124,3,14,[],0,True,2.268128715705724e-05,-3.4705660736506036e-07,7.676114588140767e-06,120.0
E9,438,438,289,149,166,0.6598173515981736,0.6351648351648351,0.6472564389697648,raja,S18/S31_20190115_035853_2,frontal_right,mean,mean__frontal_right__E9,3,14,[],0,True,2.892388310362271e-05,9.20596476214191e-11,9.64126368132503e-06,120.0
E3,431,431,269,162,186,0.6241299303944315,0.5912087912087912,0.6072234762979684,raja,S18/S31_20190115_035853_2,frontal_right,mean,mean__frontal_right__E3,3,14,[],0,True,2.5960126302384704e-05,1.7724703699225713e-09,8.652784610671594e-06,120.0
E124,278,278,143,135,312,0.5143884892086331,0.3142857142857143,0.3901773533424284,raja,S18/S31_20190115_035853_2,frontal_right,mean,mean__frontal_right__E124,3,14,[],0,True,2.3026241802030102e-05,-2.1019623921965266e-09,7.676114588140767e-06,120.0
