channel,raw_candidate_count,mapped_candidate_count,tp,fp,fn,precision,recall,f1,dataset,session,selection,center_method,condition,n_channels_used,n_valid,flagged_valid_epoch_indices,n_flagged,used_all_epochs,blink_region_threshold,threshold_center,threshold_dispersion,epoch_duration_s
E9,618,618,592,26,525,0.9579288025889967,0.5299910474485229,0.6824207492795388,raja,S24/S38_20190129_035118_2,all_channel,median,median__all_channel__E9,32,179,"[3, 4, 5, 6, 8, 9, 11, 12, 13, 14, 15, 16, 18, 19, 20, 21, 24, 25, 26, 27, 28, 29, 30, 32, 33, 34, 35, 36, 37, 38, 39, 40, 41, 42, 44, 47, 48, 49, 50, 51, 52, 55, 56, 57, 58, 59, 60, 61, 62, 63, 64, 66, 67, 69, 70, 71, 73, 75, 76, 77, 78, 80, 81, 85, 87, 88, 89, 90, 91, 93, 100, 101, 104, 106, 107, 111, 112, 113, 114, 116, 117, 119, 120, 122, 124, 126, 127, 128, 129, 130, 131, 133, 135, 136, 137, 138, 139, 140, 141, 142, 144, 145, 147, 148, 149, 150, 152, 153, 154, 155, 156, 157, 158, 159, 160, 161, 162, 163, 164, 165, 166, 167, 168, 169, 170, 171, 172, 173, 174, 175, 176, 177, 178]",133,False,0.00010570538455357806,-4.971738676023648e-06,3.689237440986724e-05,10.0
E22,574,574,551,23,566,0.9599303135888502,0.4932855863921218,0.651685393258427,raja,S24/S38_20190129_035118_2,all_channel,median,median__all_channel__E22,32,179,"[3, 4, 5, 6, 8, 9, 11, 12, 13, 14, 15, 16, 18, 19, 20, 21, 24, 25, 26, 27, 28, 29, 30, 32, 33, 34, 35, 36, 37, 38, 39, 40, 41, 42, 44, 47, 48, 49, 50, 51, 52, 55, 56, 57, 58, 59, 60, 61, 62, 63, 64, 66, 67, 69, 70, 71, 73, 75, 76, 77, 78, 80, 81, 85, 87, 88, 89, 90, 91, 93, 100, 101, 104, 106, 107, 111, 112, 113, 114, 116, 117, 119, 120, 122, 124, 126, 127, 128, 129, 130, 131, 133, 135, 136, 137, 138, 139, 140, 141, 142, 144, 145, 147, 148, 149, 150, 152, 153, 154, 155, 156, 157, 158, 159, 160, 161, 162, 163, 164, 165, 166, 167, 168, 169, 170, 171, 172, 173, 174, 175, 176, 177, 178]",133,False,0.00011053278982272212,-4.845985753392981e-06,3.8459591858705036e-05,10.0
E3,505,505,466,39,651,0.9227722772277228,0.41718889883616833,0.5745992601726263,raja,S24/S38_20190129_035118_2,all_channel,median,median__all_channel__E3,32,179,"[3, 4, 5, 6, 8, 9, 11, 12, 13, 14, 15, 16, 18, 19, 20, 21, 24, 25, 26, 27, 28, 29, 30, 32, 33, 34, 35, 36, 37, 38, 39, 40, 41, 42, 44, 47, 48, 49, 50, 51, 52, 55, 56, 57, 58, 59, 60, 61, 62, 63, 64, 66, 67, 69, 70, 71, 73, 75, 76, 77, 78, 80, 81, 85, 87, 88, 89, 90, 91, 93, 100, 101, 104, 106, 107, 111, 112, 113, 114, 116, 117, 119, 120, 122, 124, 126, 127, 128, 129, 130, 131, 133, 135, 136, 137, 138, 139, 140, 141, 142, 144, 145, 147, 148, 149, 150, 152, 153, 154, 155, 156, 157, 158, 159, 160, 161, 162, 163, 164, 165, 166, 167, 168, 169, 170, 171, 172, 173, 174, 175, 176, 177, 178]",133,False,6.429574534472647e-05,-2.912123663439153e-06,2.2402623002721873e-05,10.0
E11,401,401,364,37,753,0.9077306733167082,0.3258728737690242,0.4795783926218709,raja,S24/S38_20190129_035118_2,all_channel,median,median__all_channel__E11,32,179,"[3, 4, 5, 6, 8, 9, 11, 12, 13, 14, 15, 16, 18, 19, 20, 21, 24, 25, 26, 27, 28, 29, 30, 32, 33, 34, 35, 36, 37, 38, 39, 40, 41, 42, 44, 47, 48, 49, 50, 51, 52, 55, 56, 57, 58, 59, 60, 61, 62, 63, 64, 66, 67, 69, 70, 71, 73, 75, 76, 77, 78, 80, 81, 85, 87, 88, 89, 90, 91, 93, 100, 101, 104, 106, 107, 111, 112, 113, 114, 116, 117, 119, 120, 122, 124, 126, 127, 128, 129, 130, 131, 133, 135, 136, 137, 138, 139, 140, 141, 142, 144, 145, 147, 148, 149, 150, 152, 153, 154, 155, 156, 157, 158, 159, 160, 161, 162, 163, 164, 165, 166, 167, 168, 169, 170, 171, 172, 173, 174, 175, 176, 177, 178]",133,False,5.003469367413743e-05,-1.8775018210100002e-06,1.7304065165049144e-05,10.0
E23,389,389,343,46,774,0.8817480719794345,0.3070725156669651,0.455511288180611,raja,S24/S38_20190129_035118_2,all_channel,median,median__all_channel__E23,32,179,"[3, 4, 5, 6, 8, 9, 11, 12, 13, 14, 15, 16, 18, 19, 20, 21, 24, 25, 26, 27, 28, 29, 30, 32, 33, 34, 35, 36, 37, 38, 39, 40, 41, 42, 44, 47, 48, 49, 50, 51, 52, 55, 56, 57, 58, 59, 60, 61, 62, 63, 64, 66, 67, 69, 70, 71, 73, 75, 76, 77, 78, 80, 81, 85, 87, 88, 89, 90, 91, 93, 100, 101, 104, 106, 107, 111, 112, 113, 114, 116, 117, 119, 120, 122, 124, 126, 127, 128, 129, 130, 131, 133, 135, 136, 137, 138, 139, 140, 141, 142, 144, 145, 147, 148, 149, 150, 152, 153, 154, 155, 156, 157, 158, 159, 160, 161, 162, 163, 164, 165, 166, 167, 168, 169, 170, 171, 172, 173, 174, 175, 176, 177, 178]",133,False,6.663432742791933e-05,-2.913183436533768e-06,2.3182503621484365e-05,10.0
E124,292,292,249,43,868,0.8527397260273972,0.22291853178155774,0.3534421575585522,raja,S24/S38_20190129_035118_2,all_channel,median,median__all_channel__E124,32,179,"[3, 4, 5, 6, 8, 9, 11, 12, 13, 14, 15, 16, 18, 19, 20, 21, 24, 25, 26, 27, 28, 29, 30, 32, 33, 34, 35, 36, 37, 38, 39, 40, 41, 42, 44, 47, 48, 49, 50, 51, 52, 55, 56, 57, 58, 59, 60, 61, 62, 63, 64, 66, 67, 69, 70, 71, 73, 75, 76, 77, 78, 80, 81, 85, 87, 88, 89, 90, 91, 93, 100, 101, 104, 106, 107, 111, 112, 113, 114, 116, 117, 119, 120, 122, 124, 126, 127, 128, 129, 130, 131, 133, 135, 136, 137, 138, 139, 140, 141, 142, 144, 145, 147, 148, 149, 150, 152, 153, 154, 155, 156, 157, 158, 159, 160, 161, 162, 163, 164, 165, 166, 167, 168, 169, 170, 171, 172, 173, 174, 175, 176, 177, 178]",133,False,4.046416270560196e-05,-1.4242366365156815e-06,1.396279978070588e-05,10.0
E26,270,270,200,70,917,0.7407407407407407,0.17905102954341987,0.2883922134102379,raja,S24/S38_20190129_035118_2,all_channel,median,median__all_channel__E26,32,179,"[3, 4, 5, 6, 8, 9, 11, 12, 13, 14, 15, 16, 18, 19, 20, 21, 24, 25, 26, 27, 28, 29, 30, 32, 33, 34, 35, 36, 37, 38, 39, 40, 41, 42, 44, 47, 48, 49, 50, 51, 52, 55, 56, 57, 58, 59, 60, 61, 62, 63, 64, 66, 67, 69, 70, 71, 73, 75, 76, 77, 78, 80, 81, 85, 87, 88, 89, 90, 91, 93, 100, 101, 104, 106, 107, 111, 112, 113, 114, 116, 117, 119, 120, 122, 124, 126, 127, 128, 129, 130, 131, 133, 135, 136, 137, 138, 139, 140, 141, 142, 144, 145, 147, 148, 149, 150, 152, 153, 154, 155, 156, 157, 158, 159, 160, 161, 162, 163, 164, 165, 166, 167, 168, 169, 170, 171, 172, 173, 174, 175, 176, 177, 178]",133,False,7.093649455987047e-05,-3.177199819045962e-06,2.4704564792972146e-05,10.0
E24,229,229,154,75,963,0.6724890829694323,0.1378692927484333,0.2288261515601783,raja,S24/S38_20190129_035118_2,all_channel,median,median__all_channel__E24,32,179,"[3, 4, 5, 6, 8, 9, 11, 12, 13, 14, 15, 16, 18, 19, 20, 21, 24, 25, 26, 27, 28, 29, 30, 32, 33, 34, 35, 36, 37, 38, 39, 40, 41, 42, 44, 47, 48, 49, 50, 51, 52, 55, 56, 57, 58, 59, 60, 61, 62, 63, 64, 66, 67, 69, 70, 71, 73, 75, 76, 77, 78, 80, 81, 85, 87, 88, 89, 90, 91, 93, 100, 101, 104, 106, 107, 111, 112, 113, 114, 116, 117, 119, 120, 122, 124, 126, 127, 128, 129, 130, 131, 133, 135, 136, 137, 138, 139, 140, 141, 142, 144, 145, 147, 148, 149, 150, 152, 153, 154, 155, 156, 157, 158, 159, 160, 161, 162, 163, 164, 165, 166, 167, 168, 169, 170, 171, 172, 173, 174, 175, 176, 177, 178]",133,False,4.2185154375889666e-05,-1.5709825123142123e-06,1.4585378962734625e-05,10.0
E28,185,185,65,120,1052,0.35135135135135137,0.05819158460161146,0.09984639016897082,raja,S24/S38_20190129_035118_2,all_channel,median,median__all_channel__E28,32,179,"[3, 4, 5, 6, 8, 9, 11, 12, 13, 14, 15, 16, 18, 19, 20, 21, 24, 25, 26, 27, 28, 29, 30, 32, 33, 34, 35, 36, 37, 38, 39, 40, 41, 42, 44, 47, 48, 49, 50, 51, 52, 55, 56, 57, 58, 59, 60, 61, 62, 63, 64, 66, 67, 69, 70, 71, 73, 75, 76, 77, 78, 80, 81, 85, 87, 88, 89, 90, 91, 93, 100, 101, 104, 106, 107, 111, 112, 113, 114, 116, 117, 119, 120, 122, 124, 126, 127, 128, 129, 130, 131, 133, 135, 136, 137, 138, 139, 140, 141, 142, 144, 145, 147, 148, 149, 150, 152, 153, 154, 155, 156, 157, 158, 159, 160, 161, 162, 163, 164, 165, 166, 167, 168, 169, 170, 171, 172, 173, 174, 175, 176, 177, 178]",133,False,2.973675246458064e-05,-6.691717941120919e-07,1.013530808623091e-05,10.0
E122,136,136,42,94,1075,0.3088235294117647,0.03760071620411817,0.0670391061452514,raja,S24/S38_20190129_035118_2,all_channel,median,median__all_channel__E122,32,179,"[3, 4, 5, 6, 8, 9, 11, 12, 13, 14, 15, 16, 18, 19, 20, 21, 24, 25, 26, 27, 28, 29, 30, 32, 33, 34, 35, 36, 37, 38, 39, 40, 41, 42, 44, 47, 48, 49, 50, 51, 52, 55, 56, 57, 58, 59, 60, 61, 62, 63, 64, 66, 67, 69, 70, 71, 73, 75, 76, 77, 78, 80, 81, 85, 87, 88, 89, 90, 91, 93, 100, 101, 104, 106, 107, 111, 112, 113, 114, 116, 117, 119, 120, 122, 124, 126, 127, 128, 129, 130, 131, 133, 135, 136, 137, 138, 139, 140, 141, 142, 144, 145, 147, 148, 149, 150, 152, 153, 154, 155, 156, 157, 158, 159, 160, 161, 162, 163, 164, 165, 166, 167, 168, 169, 170, 171, 172, 173, 174, 175, 176, 177, 178]",133,False,2.913276004671255e-05,5.105020805447071e-07,9.54075265538928e-06,10.0
E117,71,71,29,42,1088,0.4084507042253521,0.025962399283795883,0.04882154882154883,raja,S24/S38_20190129_035118_2,all_channel,median,median__all_channel__E117,32,179,"[3, 4, 5, 6, 8, 9, 11, 12, 13, 14, 15, 16, 18, 19, 20, 21, 24, 25, 26, 27, 28, 29, 30, 32, 33, 34, 35, 36, 37, 38, 39, 40, 41, 42, 44, 47, 48, 49, 50, 51, 52, 55, 56, 57, 58, 59, 60, 61, 62, 63, 64, 66, 67, 69, 70, 71, 73, 75, 76, 77, 78, 80, 81, 85, 87, 88, 89, 90, 91, 93, 100, 101, 104, 106, 107, 111, 112, 113, 114, 116, 117, 119, 120, 122, 124, 126, 127, 128, 129, 130, 131, 133, 135, 136, 137, 138, 139, 140, 141, 142, 144, 145, 147, 148, 149, 150, 152, 153, 154, 155, 156, 157, 158, 159, 160, 161, 162, 163, 164, 165, 166, 167, 168, 169, 170, 171, 172, 173, 174, 175, 176, 177, 178]",133,False,2.643025657267357e-05,-2.1072157396599916e-07,8.880326048879857e-06,10.0
E33,199,199,25,174,1092,0.12562814070351758,0.022381378692927483,0.037993920972644375,raja,S24/S38_20190129_035118_2,all_channel,median,median__all_channel__E33,32,179,"[3, 4, 5, 6, 8, 9, 11, 12, 13, 14, 15, 16, 18, 19, 20, 21, 24, 25, 26, 27, 28, 29, 30, 32, 33, 34, 35, 36, 37, 38, 39, 40, 41, 42, 44, 47, 48, 49, 50, 51, 52, 55, 56, 57, 58, 59, 60, 61, 62, 63, 64, 66, 67, 69, 70, 71, 73, 75, 76, 77, 78, 80, 81, 85, 87, 88, 89, 90, 91, 93, 100, 101, 104, 106, 107, 111, 112, 113, 114, 116, 117, 119, 120, 122, 124, 126, 127, 128, 129, 130, 131, 133, 135, 136, 137, 138, 139, 140, 141, 142, 144, 145, 147, 148, 149, 150, 152, 153, 154, 155, 156, 157, 158, 159, 160, 161, 162, 163, 164, 165, 166, 167, 168, 169, 170, 171, 172, 173, 174, 175, 176, 177, 178]",133,False,3.7303599934359093e-05,-3.104556775903e-07,1.2538018537316465e-05,10.0
E62,78,78,20,58,1097,0.2564102564102564,0.017905102954341987,0.03347280334728033,raja,S24/S38_20190129_035118_2,all_channel,median,median__all_channel__E62,32,179,"[3, 4, 5, 6, 8, 9, 11, 12, 13, 14, 15, 16, 18, 19, 20, 21, 24, 25, 26, 27, 28, 29, 30, 32, 33, 34, 35, 36, 37, 38, 39, 40, 41, 42, 44, 47, 48, 49, 50, 51, 52, 55, 56, 57, 58, 59, 60, 61, 62, 63, 64, 66, 67, 69, 70, 71, 73, 75, 76, 77, 78, 80, 81, 85, 87, 88, 89, 90, 91, 93, 100, 101, 104, 106, 107, 111, 112, 113, 114, 116, 117, 119, 120, 122, 124, 126, 127, 128, 129, 130, 131, 133, 135, 136, 137, 138, 139, 140, 141, 142, 144, 145, 147, 148, 149, 150, 152, 153, 154, 155, 156, 157, 158, 159, 160, 161, 162, 163, 164, 165, 166, 167, 168, 169, 170, 171, 172, 173, 174, 175, 176, 177, 178]",133,False,3.294729308181597e-05,6.263231683826779e-07,1.07736566378111e-05,10.0
E67,128,128,19,109,1098,0.1484375,0.017009847806624886,0.03052208835341365,raja,S24/S38_20190129_035118_2,all_channel,median,median__all_channel__E67,32,179,"[3, 4, 5, 6, 8, 9, 11, 12, 13, 14, 15, 16, 18, 19, 20, 21, 24, 25, 26, 27, 28, 29, 30, 32, 33, 34, 35, 36, 37, 38, 39, 40, 41, 42, 44, 47, 48, 49, 50, 51, 52, 55, 56, 57, 58, 59, 60, 61, 62, 63, 64, 66, 67, 69, 70, 71, 73, 75, 76, 77, 78, 80, 81, 85, 87, 88, 89, 90, 91, 93, 100, 101, 104, 106, 107, 111, 112, 113, 114, 116, 117, 119, 120, 122, 124, 126, 127, 128, 129, 130, 131, 133, 135, 136, 137, 138, 139, 140, 141, 142, 144, 145, 147, 148, 149, 150, 152, 153, 154, 155, 156, 157, 158, 159, 160, 161, 162, 163, 164, 165, 166, 167, 168, 169, 170, 171, 172, 173, 174, 175, 176, 177, 178]",133,False,3.5486932254211415e-05,7.971524708101046e-07,1.1563259927800435e-05,10.0
E112,82,82,17,65,1100,0.2073170731707317,0.01521933751119069,0.02835696413678065,raja,S24/S38_20190129_035118_2,all_channel,median,median__all_channel__E112,32,179,"[3, 4, 5, 6, 8, 9, 11, 12, 13, 14, 15, 16, 18, 19, 20, 21, 24, 25, 26, 27, 28, 29, 30, 32, 33, 34, 35, 36, 37, 38, 39, 40, 41, 42, 44, 47, 48, 49, 50, 51, 52, 55, 56, 57, 58, 59, 60, 61, 62, 63, 64, 66, 67, 69, 70, 71, 73, 75, 76, 77, 78, 80, 81, 85, 87, 88, 89, 90, 91, 93, 100, 101, 104, 106, 107, 111, 112, 113, 114, 116, 117, 119, 120, 122, 124, 126, 127, 128, 129, 130, 131, 133, 135, 136, 137, 138, 139, 140, 141, 142, 144, 145, 147, 148, 149, 150, 152, 153, 154, 155, 156, 157, 158, 159, 160, 161, 162, 163, 164, 165, 166, 167, 168, 169, 170, 171, 172, 173, 174, 175, 176, 177, 178]",133,False,6.421278030307147e-05,-3.8890279714122604e-08,2.1417223527595198e-05,10.0
E77,92,92,17,75,1100,0.18478260869565216,0.01521933751119069,0.02812241521918941,raja,S24/S38_20190129_035118_2,all_channel,median,median__all_channel__E77,32,179,"[3, 4, 5, 6, 8, 9, 11, 12, 13, 14, 15, 16, 18, 19, 20, 21, 24, 25, 26, 27, 28, 29, 30, 32, 33, 34, 35, 36, 37, 38, 39, 40, 41, 42, 44, 47, 48, 49, 50, 51, 52, 55, 56, 57, 58, 59, 60, 61, 62, 63, 64, 66, 67, 69, 70, 71, 73, 75, 76, 77, 78, 80, 81, 85, 87, 88, 89, 90, 91, 93, 100, 101, 104, 106, 107, 111, 112, 113, 114, 116, 117, 119, 120, 122, 124, 126, 127, 128, 129, 130, 131, 133, 135, 136, 137, 138, 139, 140, 141, 142, 144, 145, 147, 148, 149, 150, 152, 153, 154, 155, 156, 157, 158, 159, 160, 161, 162, 163, 164, 165, 166, 167, 168, 169, 170, 171, 172, 173, 174, 175, 176, 177, 178]",133,False,3.58962055092141e-05,7.465940895685825e-07,1.171653713988184e-05,10.0
E75,71,71,9,62,1108,0.1267605633802817,0.008057296329453895,0.015151515151515154,raja,S24/S38_20190129_035118_2,all_channel,median,median__all_channel__E75,32,179,"[3, 4, 5, 6, 8, 9, 11, 12, 13, 14, 15, 16, 18, 19, 20, 21, 24, 25, 26, 27, 28, 29, 30, 32, 33, 34, 35, 36, 37, 38, 39, 40, 41, 42, 44, 47, 48, 49, 50, 51, 52, 55, 56, 57, 58, 59, 60, 61, 62, 63, 64, 66, 67, 69, 70, 71, 73, 75, 76, 77, 78, 80, 81, 85, 87, 88, 89, 90, 91, 93, 100, 101, 104, 106, 107, 111, 112, 113, 114, 116, 117, 119, 120, 122, 124, 126, 127, 128, 129, 130, 131, 133, 135, 136, 137, 138, 139, 140, 141, 142, 144, 145, 147, 148, 149, 150, 152, 153, 154, 155, 156, 157, 158, 159, 160, 161, 162, 163, 164, 165, 166, 167, 168, 169, 170, 171, 172, 173, 174, 175, 176, 177, 178]",133,False,3.8219544555282656e-05,8.011165256232491e-07,1.2472809343219802e-05,10.0
E109,46,46,8,38,1109,0.17391304347826086,0.007162041181736795,0.013757523645743765,raja,S24/S38_20190129_035118_2,all_channel,median,median__all_channel__E109,32,179,"[3, 4, 5, 6, 8, 9, 11, 12, 13, 14, 15, 16, 18, 19, 20, 21, 24, 25, 26, 27, 28, 29, 30, 32, 33, 34, 35, 36, 37, 38, 39, 40, 41, 42, 44, 47, 48, 49, 50, 51, 52, 55, 56, 57, 58, 59, 60, 61, 62, 63, 64, 66, 67, 69, 70, 71, 73, 75, 76, 77, 78, 80, 81, 85, 87, 88, 89, 90, 91, 93, 100, 101, 104, 106, 107, 111, 112, 113, 114, 116, 117, 119, 120, 122, 124, 126, 127, 128, 129, 130, 131, 133, 135, 136, 137, 138, 139, 140, 141, 142, 144, 145, 147, 148, 149, 150, 152, 153, 154, 155, 156, 157, 158, 159, 160, 161, 162, 163, 164, 165, 166, 167, 168, 169, 170, 171, 172, 173, 174, 175, 176, 177, 178]",133,False,2.446550332798952e-05,6.087218481491922e-07,7.95226049328011e-06,10.0
E84,54,54,8,46,1109,0.14814814814814814,0.007162041181736795,0.013663535439795047,raja,S24/S38_20190129_035118_2,all_channel,median,median__all_channel__E84,32,179,"[3, 4, 5, 6, 8, 9, 11, 12, 13, 14, 15, 16, 18, 19, 20, 21, 24, 25, 26, 27, 28, 29, 30, 32, 33, 34, 35, 36, 37, 38, 39, 40, 41, 42, 44, 47, 48, 49, 50, 51, 52, 55, 56, 57, 58, 59, 60, 61, 62, 63, 64, 66, 67, 69, 70, 71, 73, 75, 76, 77, 78, 80, 81, 85, 87, 88, 89, 90, 91, 93, 100, 101, 104, 106, 107, 111, 112, 113, 114, 116, 117, 119, 120, 122, 124, 126, 127, 128, 129, 130, 131, 133, 135, 136, 137, 138, 139, 140, 141, 142, 144, 145, 147, 148, 149, 150, 152, 153, 154, 155, 156, 157, 158, 159, 160, 161, 162, 163, 164, 165, 166, 167, 168, 169, 170, 171, 172, 173, 174, 175, 176, 177, 178]",133,False,4.0258080555304384e-05,8.972643391333828e-07,1.3120272072057e-05,10.0
E13,20,20,7,13,1110,0.35,0.006266786034019696,0.012313104661389622,raja,S24/S38_20190129_035118_2,all_channel,median,median__all_channel__E13,32,179,"[3, 4, 5, 6, 8, 9, 11, 12, 13, 14, 15, 16, 18, 19, 20, 21, 24, 25, 26, 27, 28, 29, 30, 32, 33, 34, 35, 36, 37, 38, 39, 40, 41, 42, 44, 47, 48, 49, 50, 51, 52, 55, 56, 57, 58, 59, 60, 61, 62, 63, 64, 66, 67, 69, 70, 71, 73, 75, 76, 77, 78, 80, 81, 85, 87, 88, 89, 90, 91, 93, 100, 101, 104, 106, 107, 111, 112, 113, 114, 116, 117, 119, 120, 122, 124, 126, 127, 128, 129, 130, 131, 133, 135, 136, 137, 138, 139, 140, 141, 142, 144, 145, 147, 148, 149, 150, 152, 153, 154, 155, 156, 157, 158, 159, 160, 161, 162, 163, 164, 165, 166, 167, 168, 169, 170, 171, 172, 173, 174, 175, 176, 177, 178]",133,False,4.572115030855624e-05,-1.5019443248197766e-07,1.529044824701274e-05,10.0
E37,39,39,5,34,1112,0.1282051282051282,0.004476275738585497,0.008650519031141867,raja,S24/S38_20190129_035118_2,all_channel,median,median__all_channel__E37,32,179,"[3, 4, 5, 6, 8, 9, 11, 12, 13, 14, 15, 16, 18, 19, 20, 21, 24, 25, 26, 27, 28, 29, 30, 32, 33, 34, 35, 36, 37, 38, 39, 40, 41, 42, 44, 47, 48, 49, 50, 51, 52, 55, 56, 57, 58, 59, 60, 61, 62, 63, 64, 66, 67, 69, 70, 71, 73, 75, 76, 77, 78, 80, 81, 85, 87, 88, 89, 90, 91, 93, 100, 101, 104, 106, 107, 111, 112, 113, 114, 116, 117, 119, 120, 122, 124, 126, 127, 128, 129, 130, 131, 133, 135, 136, 137, 138, 139, 140, 141, 142, 144, 145, 147, 148, 149, 150, 152, 153, 154, 155, 156, 157, 158, 159, 160, 161, 162, 163, 164, 165, 166, 167, 168, 169, 170, 171, 172, 173, 174, 175, 176, 177, 178]",133,False,2.355046222669677e-05,2.8207784452636576e-07,7.756128127390135e-06,10.0
E70,41,41,5,36,1112,0.12195121951219512,0.004476275738585497,0.00863557858376511,raja,S24/S38_20190129_035118_2,all_channel,median,median__all_channel__E70,32,179,"[3, 4, 5, 6, 8, 9, 11, 12, 13, 14, 15, 16, 18, 19, 20, 21, 24, 25, 26, 27, 28, 29, 30, 32, 33, 34, 35, 36, 37, 38, 39, 40, 41, 42, 44, 47, 48, 49, 50, 51, 52, 55, 56, 57, 58, 59, 60, 61, 62, 63, 64, 66, 67, 69, 70, 71, 73, 75, 76, 77, 78, 80, 81, 85, 87, 88, 89, 90, 91, 93, 100, 101, 104, 106, 107, 111, 112, 113, 114, 116, 117, 119, 120, 122, 124, 126, 127, 128, 129, 130, 131, 133, 135, 136, 137, 138, 139, 140, 141, 142, 144, 145, 147, 148, 149, 150, 152, 153, 154, 155, 156, 157, 158, 159, 160, 161, 162, 163, 164, 165, 166, 167, 168, 169, 170, 171, 172, 173, 174, 175, 176, 177, 178]",133,False,3.732978355928296e-05,1.0212450022693629e-06,1.21028461856712e-05,10.0
E98,46,46,5,41,1112,0.10869565217391304,0.004476275738585497,0.008598452278589852,raja,S24/S38_20190129_035118_2,all_channel,median,median__all_channel__E98,32,179,"[3, 4, 5, 6, 8, 9, 11, 12, 13, 14, 15, 16, 18, 19, 20, 21, 24, 25, 26, 27, 28, 29, 30, 32, 33, 34, 35, 36, 37, 38, 39, 40, 41, 42, 44, 47, 48, 49, 50, 51, 52, 55, 56, 57, 58, 59, 60, 61, 62, 63, 64, 66, 67, 69, 70, 71, 73, 75, 76, 77, 78, 80, 81, 85, 87, 88, 89, 90, 91, 93, 100, 101, 104, 106, 107, 111, 112, 113, 114, 116, 117, 119, 120, 122, 124, 126, 127, 128, 129, 130, 131, 133, 135, 136, 137, 138, 139, 140, 141, 142, 144, 145, 147, 148, 149, 150, 152, 153, 154, 155, 156, 157, 158, 159, 160, 161, 162, 163, 164, 165, 166, 167, 168, 169, 170, 171, 172, 173, 174, 175, 176, 177, 178]",133,False,2.6184599647622984e-05,7.022481771438575e-07,8.494117156826375e-06,10.0
E104,30,30,4,26,1113,0.13333333333333333,0.0035810205908683975,0.006974716652136007,raja,S24/S38_20190129_035118_2,all_channel,median,median__all_channel__E104,32,179,"[3, 4, 5, 6, 8, 9, 11, 12, 13, 14, 15, 16, 18, 19, 20, 21, 24, 25, 26, 27, 28, 29, 30, 32, 33, 34, 35, 36, 37, 38, 39, 40, 41, 42, 44, 47, 48, 49, 50, 51, 52, 55, 56, 57, 58, 59, 60, 61, 62, 63, 64, 66, 67, 69, 70, 71, 73, 75, 76, 77, 78, 80, 81, 85, 87, 88, 89, 90, 91, 93, 100, 101, 104, 106, 107, 111, 112, 113, 114, 116, 117, 119, 120, 122, 124, 126, 127, 128, 129, 130, 131, 133, 135, 136, 137, 138, 139, 140, 141, 142, 144, 145, 147, 148, 149, 150, 152, 153, 154, 155, 156, 157, 158, 159, 160, 161, 162, 163, 164, 165, 166, 167, 168, 169, 170, 171, 172, 173, 174, 175, 176, 177, 178]",133,False,1.7743814581059902e-05,2.665253840396735e-07,5.825763065673409e-06,10.0
E40,37,37,4,33,1113,0.10810810810810811,0.0035810205908683975,0.006932409012131715,raja,S24/S38_20190129_035118_2,all_channel,median,median__all_channel__E40,32,179,"[3, 4, 5, 6, 8, 9, 11, 12, 13, 14, 15, 16, 18, 19, 20, 21, 24, 25, 26, 27, 28, 29, 30, 32, 33, 34, 35, 36, 37, 38, 39, 40, 41, 42, 44, 47, 48, 49, 50, 51, 52, 55, 56, 57, 58, 59, 60, 61, 62, 63, 64, 66, 67, 69, 70, 71, 73, 75, 76, 77, 78, 80, 81, 85, 87, 88, 89, 90, 91, 93, 100, 101, 104, 106, 107, 111, 112, 113, 114, 116, 117, 119, 120, 122, 124, 126, 127, 128, 129, 130, 131, 133, 135, 136, 137, 138, 139, 140, 141, 142, 144, 145, 147, 148, 149, 150, 152, 153, 154, 155, 156, 157, 158, 159, 160, 161, 162, 163, 164, 165, 166, 167, 168, 169, 170, 171, 172, 173, 174, 175, 176, 177, 178]",133,False,3.0223646019230083e-05,2.8587754162821685e-07,9.979256159200623e-06,10.0
E60,8,8,2,6,1115,0.25,0.0017905102954341987,0.0035555555555555557,raja,S24/S38_20190129_035118_2,all_channel,median,median__all_channel__E60,32,179,"[3, 4, 5, 6, 8, 9, 11, 12, 13, 14, 15, 16, 18, 19, 20, 21, 24, 25, 26, 27, 28, 29, 30, 32, 33, 34, 35, 36, 37, 38, 39, 40, 41, 42, 44, 47, 48, 49, 50, 51, 52, 55, 56, 57, 58, 59, 60, 61, 62, 63, 64, 66, 67, 69, 70, 71, 73, 75, 76, 77, 78, 80, 81, 85, 87, 88, 89, 90, 91, 93, 100, 101, 104, 106, 107, 111, 112, 113, 114, 116, 117, 119, 120, 122, 124, 126, 127, 128, 129, 130, 131, 133, 135, 136, 137, 138, 139, 140, 141, 142, 144, 145, 147, 148, 149, 150, 152, 153, 154, 155, 156, 157, 158, 159, 160, 161, 162, 163, 164, 165, 166, 167, 168, 169, 170, 171, 172, 173, 174, 175, 176, 177, 178]",133,False,3.167770115901378e-05,7.400515633086579e-07,1.031254986523504e-05,10.0
E91,18,18,2,16,1115,0.1111111111111111,0.0017905102954341987,0.003524229074889868,raja,S24/S38_20190129_035118_2,all_channel,median,median__all_channel__E91,32,179,"[3, 4, 5, 6, 8, 9, 11, 12, 13, 14, 15, 16, 18, 19, 20, 21, 24, 25, 26, 27, 28, 29, 30, 32, 33, 34, 35, 36, 37, 38, 39, 40, 41, 42, 44, 47, 48, 49, 50, 51, 52, 55, 56, 57, 58, 59, 60, 61, 62, 63, 64, 66, 67, 69, 70, 71, 73, 75, 76, 77, 78, 80, 81, 85, 87, 88, 89, 90, 91, 93, 100, 101, 104, 106, 107, 111, 112, 113, 114, 116, 117, 119, 120, 122, 124, 126, 127, 128, 129, 130, 131, 133, 135, 136, 137, 138, 139, 140, 141, 142, 144, 145, 147, 148, 149, 150, 152, 153, 154, 155, 156, 157, 158, 159, 160, 161, 162, 163, 164, 165, 166, 167, 168, 169, 170, 171, 172, 173, 174, 175, 176, 177, 178]",133,False,3.306698720539429e-05,1.0713695089895093e-06,1.0665205898801591e-05,10.0
E59,10,10,1,9,1116,0.1,0.0008952551477170994,0.0017746228926353148,raja,S24/S38_20190129_035118_2,all_channel,median,median__all_channel__E59,32,179,"[3, 4, 5, 6, 8, 9, 11, 12, 13, 14, 15, 16, 18, 19, 20, 21, 24, 25, 26, 27, 28, 29, 30, 32, 33, 34, 35, 36, 37, 38, 39, 40, 41, 42, 44, 47, 48, 49, 50, 51, 52, 55, 56, 57, 58, 59, 60, 61, 62, 63, 64, 66, 67, 69, 70, 71, 73, 75, 76, 77, 78, 80, 81, 85, 87, 88, 89, 90, 91, 93, 100, 101, 104, 106, 107, 111, 112, 113, 114, 116, 117, 119, 120, 122, 124, 126, 127, 128, 129, 130, 131, 133, 135, 136, 137, 138, 139, 140, 141, 142, 144, 145, 147, 148, 149, 150, 152, 153, 154, 155, 156, 157, 158, 159, 160, 161, 162, 163, 164, 165, 166, 167, 168, 169, 170, 171, 172, 173, 174, 175, 176, 177, 178]",133,False,3.300530506882868e-05,1.0107451320306039e-06,1.0664853312266024e-05,10.0
E47,13,13,1,12,1116,0.07692307692307693,0.0008952551477170994,0.001769911504424779,raja,S24/S38_20190129_035118_2,all_channel,median,median__all_channel__E47,32,179,"[3, 4, 5, 6, 8, 9, 11, 12, 13, 14, 15, 16, 18, 19, 20, 21, 24, 25, 26, 27, 28, 29, 30, 32, 33, 34, 35, 36, 37, 38, 39, 40, 41, 42, 44, 47, 48, 49, 50, 51, 52, 55, 56, 57, 58, 59, 60, 61, 62, 63, 64, 66, 67, 69, 70, 71, 73, 75, 76, 77, 78, 80, 81, 85, 87, 88, 89, 90, 91, 93, 100, 101, 104, 106, 107, 111, 112, 113, 114, 116, 117, 119, 120, 122, 124, 126, 127, 128, 129, 130, 131, 133, 135, 136, 137, 138, 139, 140, 141, 142, 144, 145, 147, 148, 149, 150, 152, 153, 154, 155, 156, 157, 158, 159, 160, 161, 162, 163, 164, 165, 166, 167, 168, 169, 170, 171, 172, 173, 174, 175, 176, 177, 178]",133,False,3.019046340269093e-05,4.4926187289430803e-07,9.91373384326554e-06,10.0
E87,8,8,0,8,1117,0.0,0.0,0.0,raja,S24/S38_20190129_035118_2,all_channel,median,median__all_channel__E87,32,179,"[3, 4, 5, 6, 8, 9, 11, 12, 13, 14, 15, 16, 18, 19, 20, 21, 24, 25, 26, 27, 28, 29, 30, 32, 33, 34, 35, 36, 37, 38, 39, 40, 41, 42, 44, 47, 48, 49, 50, 51, 52, 55, 56, 57, 58, 59, 60, 61, 62, 63, 64, 66, 67, 69, 70, 71, 73, 75, 76, 77, 78, 80, 81, 85, 87, 88, 89, 90, 91, 93, 100, 101, 104, 106, 107, 111, 112, 113, 114, 116, 117, 119, 120, 122, 124, 126, 127, 128, 129, 130, 131, 133, 135, 136, 137, 138, 139, 140, 141, 142, 144, 145, 147, 148, 149, 150, 152, 153, 154, 155, 156, 157, 158, 159, 160, 161, 162, 163, 164, 165, 166, 167, 168, 169, 170, 171, 172, 173, 174, 175, 176, 177, 178]",133,False,2.6782658672854044e-05,2.937358547846176e-07,8.829640939356476e-06,10.0
E85,15,15,0,15,1117,0.0,0.0,0.0,raja,S24/S38_20190129_035118_2,all_channel,median,median__all_channel__E85,32,179,"[3, 4, 5, 6, 8, 9, 11, 12, 13, 14, 15, 16, 18, 19, 20, 21, 24, 25, 26, 27, 28, 29, 30, 32, 33, 34, 35, 36, 37, 38, 39, 40, 41, 42, 44, 47, 48, 49, 50, 51, 52, 55, 56, 57, 58, 59, 60, 61, 62, 63, 64, 66, 67, 69, 70, 71, 73, 75, 76, 77, 78, 80, 81, 85, 87, 88, 89, 90, 91, 93, 100, 101, 104, 106, 107, 111, 112, 113, 114, 116, 117, 119, 120, 122, 124, 126, 127, 128, 129, 130, 131, 133, 135, 136, 137, 138, 139, 140, 141, 142, 144, 145, 147, 148, 149, 150, 152, 153, 154, 155, 156, 157, 158, 159, 160, 161, 162, 163, 164, 165, 166, 167, 168, 169, 170, 171, 172, 173, 174, 175, 176, 177, 178]",133,False,2.8810111106815212e-05,8.278216845609844e-07,9.327429807418076e-06,10.0
E83,39,39,0,39,1117,0.0,0.0,0.0,raja,S24/S38_20190129_035118_2,all_channel,median,median__all_channel__E83,32,179,"[3, 4, 5, 6, 8, 9, 11, 12, 13, 14, 15, 16, 18, 19, 20, 21, 24, 25, 26, 27, 28, 29, 30, 32, 33, 34, 35, 36, 37, 38, 39, 40, 41, 42, 44, 47, 48, 49, 50, 51, 52, 55, 56, 57, 58, 59, 60, 61, 62, 63, 64, 66, 67, 69, 70, 71, 73, 75, 76, 77, 78, 80, 81, 85, 87, 88, 89, 90, 91, 93, 100, 101, 104, 106, 107, 111, 112, 113, 114, 116, 117, 119, 120, 122, 124, 126, 127, 128, 129, 130, 131, 133, 135, 136, 137, 138, 139, 140, 141, 142, 144, 145, 147, 148, 149, 150, 152, 153, 154, 155, 156, 157, 158, 159, 160, 161, 162, 163, 164, 165, 166, 167, 168, 169, 170, 171, 172, 173, 174, 175, 176, 177, 178]",133,False,3.5250330110736736e-05,1.0809131599263704e-06,1.1389805650270122e-05,10.0
E9,562,562,535,27,582,0.9519572953736655,0.4789615040286482,0.6372840976771889,raja,S24/S38_20190129_035118_2,all_channel,mean,mean__all_channel__E9,32,179,"[3, 4, 5, 6, 8, 9, 11, 12, 13, 14, 15, 16, 18, 19, 20, 21, 24, 25, 26, 27, 28, 29, 30, 32, 33, 34, 35, 36, 37, 38, 39, 40, 41, 42, 44, 47, 48, 49, 50, 51, 52, 55, 56, 57, 58, 59, 60, 61, 62, 63, 64, 66, 67, 69, 70, 71, 73, 75, 76, 77, 78, 80, 81, 85, 87, 88, 89, 90, 91, 93, 100, 101, 104, 106, 107, 111, 112, 113, 114, 116, 117, 119, 120, 122, 124, 126, 127, 128, 129, 130, 131, 133, 135, 136, 137, 138, 139, 140, 141, 142, 144, 145, 147, 148, 149, 150, 152, 153, 154, 155, 156, 157, 158, 159, 160, 161, 162, 163, 164, 165, 166, 167, 168, 169, 170, 171, 172, 173, 174, 175, 176, 177, 178]",133,False,0.00011076976992108417,9.26466914824706e-08,3.689237440986724e-05,10.0
E22,510,510,491,19,626,0.9627450980392157,0.4395702775290958,0.6035648432698217,raja,S24/S38_20190129_035118_2,all_channel,mean,mean__all_channel__E22,32,179,"[3, 4, 5, 6, 8, 9, 11, 12, 13, 14, 15, 16, 18, 19, 20, 21, 24, 25, 26, 27, 28, 29, 30, 32, 33, 34, 35, 36, 37, 38, 39, 40, 41, 42, 44, 47, 48, 49, 50, 51, 52, 55, 56, 57, 58, 59, 60, 61, 62, 63, 64, 66, 67, 69, 70, 71, 73, 75, 76, 77, 78, 80, 81, 85, 87, 88, 89, 90, 91, 93, 100, 101, 104, 106, 107, 111, 112, 113, 114, 116, 117, 119, 120, 122, 124, 126, 127, 128, 129, 130, 131, 133, 135, 136, 137, 138, 139, 140, 141, 142, 144, 145, 147, 148, 149, 150, 152, 153, 154, 155, 156, 157, 158, 159, 160, 161, 162, 163, 164, 165, 166, 167, 168, 169, 170, 171, 172, 173, 174, 175, 176, 177, 178]",133,False,0.0001154957854414435,1.1700986532838466e-07,3.8459591858705036e-05,10.0
E3,455,455,423,32,694,0.9296703296703297,0.37869292748433303,0.5381679389312977,raja,S24/S38_20190129_035118_2,all_channel,mean,mean__all_channel__E3,32,179,"[3, 4, 5, 6, 8, 9, 11, 12, 13, 14, 15, 16, 18, 19, 20, 21, 24, 25, 26, 27, 28, 29, 30, 32, 33, 34, 35, 36, 37, 38, 39, 40, 41, 42, 44, 47, 48, 49, 50, 51, 52, 55, 56, 57, 58, 59, 60, 61, 62, 63, 64, 66, 67, 69, 70, 71, 73, 75, 76, 77, 78, 80, 81, 85, 87, 88, 89, 90, 91, 93, 100, 101, 104, 106, 107, 111, 112, 113, 114, 116, 117, 119, 120, 122, 124, 126, 127, 128, 129, 130, 131, 133, 135, 136, 137, 138, 139, 140, 141, 142, 144, 145, 147, 148, 149, 150, 152, 153, 154, 155, 156, 157, 158, 159, 160, 161, 162, 163, 164, 165, 166, 167, 168, 169, 170, 171, 172, 173, 174, 175, 176, 177, 178]",133,False,6.724012915053181e-05,3.226014236618465e-08,2.2402623002721873e-05,10.0
E11,364,364,328,36,789,0.9010989010989011,0.2936436884512086,0.44294395678595533,raja,S24/S38_20190129_035118_2,all_channel,mean,mean__all_channel__E11,32,179,"[3, 4, 5, 6, 8, 9, 11, 12, 13, 14, 15, 16, 18, 19, 20, 21, 24, 25, 26, 27, 28, 29, 30, 32, 33, 34, 35, 36, 37, 38, 39, 40, 41, 42, 44, 47, 48, 49, 50, 51, 52, 55, 56, 57, 58, 59, 60, 61, 62, 63, 64, 66, 67, 69, 70, 71, 73, 75, 76, 77, 78, 80, 81, 85, 87, 88, 89, 90, 91, 93, 100, 101, 104, 106, 107, 111, 112, 113, 114, 116, 117, 119, 120, 122, 124, 126, 127, 128, 129, 130, 131, 133, 135, 136, 137, 138, 139, 140, 141, 142, 144, 145, 147, 148, 149, 150, 152, 153, 154, 155, 156, 157, 158, 159, 160, 161, 162, 163, 164, 165, 166, 167, 168, 169, 170, 171, 172, 173, 174, 175, 176, 177, 178]",133,False,5.1943004663092273e-05,3.080916794484553e-08,1.7304065165049144e-05,10.0
E23,329,329,293,36,824,0.8905775075987842,0.26230975828111014,0.405255878284924,raja,S24/S38_20190129_035118_2,all_channel,mean,mean__all_channel__E23,32,179,"[3, 4, 5, 6, 8, 9, 11, 12, 13, 14, 15, 16, 18, 19, 20, 21, 24, 25, 26, 27, 28, 29, 30, 32, 33, 34, 35, 36, 37, 38, 39, 40, 41, 42, 44, 47, 48, 49, 50, 51, 52, 55, 56, 57, 58, 59, 60, 61, 62, 63, 64, 66, 67, 69, 70, 71, 73, 75, 76, 77, 78, 80, 81, 85, 87, 88, 89, 90, 91, 93, 100, 101, 104, 106, 107, 111, 112, 113, 114, 116, 117, 119, 120, 122, 124, 126, 127, 128, 129, 130, 131, 133, 135, 136, 137, 138, 139, 140, 141, 142, 144, 145, 147, 148, 149, 150, 152, 153, 154, 155, 156, 157, 158, 159, 160, 161, 162, 163, 164, 165, 166, 167, 168, 169, 170, 171, 172, 173, 174, 175, 176, 177, 178]",133,False,6.962701379008763e-05,7.950292563453405e-08,2.3182503621484365e-05,10.0
E124,244,244,211,33,906,0.8647540983606558,0.18889883616830797,0.3100661278471712,raja,S24/S38_20190129_035118_2,all_channel,mean,mean__all_channel__E124,32,179,"[3, 4, 5, 6, 8, 9, 11, 12, 13, 14, 15, 16, 18, 19, 20, 21, 24, 25, 26, 27, 28, 29, 30, 32, 33, 34, 35, 36, 37, 38, 39, 40, 41, 42, 44, 47, 48, 49, 50, 51, 52, 55, 56, 57, 58, 59, 60, 61, 62, 63, 64, 66, 67, 69, 70, 71, 73, 75, 76, 77, 78, 80, 81, 85, 87, 88, 89, 90, 91, 93, 100, 101, 104, 106, 107, 111, 112, 113, 114, 116, 117, 119, 120, 122, 124, 126, 127, 128, 129, 130, 131, 133, 135, 136, 137, 138, 139, 140, 141, 142, 144, 145, 147, 148, 149, 150, 152, 153, 154, 155, 156, 157, 158, 159, 160, 161, 162, 163, 164, 165, 166, 167, 168, 169, 170, 171, 172, 173, 174, 175, 176, 177, 178]",133,False,4.19003219829795e-05,1.1922640861859881e-08,1.396279978070588e-05,10.0
E26,226,226,166,60,951,0.7345132743362832,0.1486123545210385,0.24720774385703648,raja,S24/S38_20190129_035118_2,all_channel,mean,mean__all_channel__E26,32,179,"[3, 4, 5, 6, 8, 9, 11, 12, 13, 14, 15, 16, 18, 19, 20, 21, 24, 25, 26, 27, 28, 29, 30, 32, 33, 34, 35, 36, 37, 38, 39, 40, 41, 42, 44, 47, 48, 49, 50, 51, 52, 55, 56, 57, 58, 59, 60, 61, 62, 63, 64, 66, 67, 69, 70, 71, 73, 75, 76, 77, 78, 80, 81, 85, 87, 88, 89, 90, 91, 93, 100, 101, 104, 106, 107, 111, 112, 113, 114, 116, 117, 119, 120, 122, 124, 126, 127, 128, 129, 130, 131, 133, 135, 136, 137, 138, 139, 140, 141, 142, 144, 145, 147, 148, 149, 150, 152, 153, 154, 155, 156, 157, 158, 159, 160, 161, 162, 163, 164, 165, 166, 167, 168, 169, 170, 171, 172, 173, 174, 175, 176, 177, 178]",133,False,7.417750990521963e-05,6.381552630318234e-08,2.4704564792972146e-05,10.0
E24,195,195,130,65,987,0.6666666666666666,0.11638316920322292,0.19817073170731708,raja,S24/S38_20190129_035118_2,all_channel,mean,mean__all_channel__E24,32,179,"[3, 4, 5, 6, 8, 9, 11, 12, 13, 14, 15, 16, 18, 19, 20, 21, 24, 25, 26, 27, 28, 29, 30, 32, 33, 34, 35, 36, 37, 38, 39, 40, 41, 42, 44, 47, 48, 49, 50, 51, 52, 55, 56, 57, 58, 59, 60, 61, 62, 63, 64, 66, 67, 69, 70, 71, 73, 75, 76, 77, 78, 80, 81, 85, 87, 88, 89, 90, 91, 93, 100, 101, 104, 106, 107, 111, 112, 113, 114, 116, 117, 119, 120, 122, 124, 126, 127, 128, 129, 130, 131, 133, 135, 136, 137, 138, 139, 140, 141, 142, 144, 145, 147, 148, 149, 150, 152, 153, 154, 155, 156, 157, 158, 159, 160, 161, 162, 163, 164, 165, 166, 167, 168, 169, 170, 171, 172, 173, 174, 175, 176, 177, 178]",133,False,4.379943316586432e-05,4.329627766044335e-08,1.4585378962734625e-05,10.0
E28,162,162,59,103,1058,0.36419753086419754,0.052820053715308866,0.09225957779515248,raja,S24/S38_20190129_035118_2,all_channel,mean,mean__all_channel__E28,32,179,"[3, 4, 5, 6, 8, 9, 11, 12, 13, 14, 15, 16, 18, 19, 20, 21, 24, 25, 26, 27, 28, 29, 30, 32, 33, 34, 35, 36, 37, 38, 39, 40, 41, 42, 44, 47, 48, 49, 50, 51, 52, 55, 56, 57, 58, 59, 60, 61, 62, 63, 64, 66, 67, 69, 70, 71, 73, 75, 76, 77, 78, 80, 81, 85, 87, 88, 89, 90, 91, 93, 100, 101, 104, 106, 107, 111, 112, 113, 114, 116, 117, 119, 120, 122, 124, 126, 127, 128, 129, 130, 131, 133, 135, 136, 137, 138, 139, 140, 141, 142, 144, 145, 147, 148, 149, 150, 152, 153, 154, 155, 156, 157, 158, 159, 160, 161, 162, 163, 164, 165, 166, 167, 168, 169, 170, 171, 172, 173, 174, 175, 176, 177, 178]",133,False,3.044041308738384e-05,3.44888286911079e-08,1.013530808623091e-05,10.0
E122,145,145,44,101,1073,0.30344827586206896,0.03939122649955237,0.06973058637083995,raja,S24/S38_20190129_035118_2,all_channel,mean,mean__all_channel__E122,32,179,"[3, 4, 5, 6, 8, 9, 11, 12, 13, 14, 15, 16, 18, 19, 20, 21, 24, 25, 26, 27, 28, 29, 30, 32, 33, 34, 35, 36, 37, 38, 39, 40, 41, 42, 44, 47, 48, 49, 50, 51, 52, 55, 56, 57, 58, 59, 60, 61, 62, 63, 64, 66, 67, 69, 70, 71, 73, 75, 76, 77, 78, 80, 81, 85, 87, 88, 89, 90, 91, 93, 100, 101, 104, 106, 107, 111, 112, 113, 114, 116, 117, 119, 120, 122, 124, 126, 127, 128, 129, 130, 131, 133, 135, 136, 137, 138, 139, 140, 141, 142, 144, 145, 147, 148, 149, 150, 152, 153, 154, 155, 156, 157, 158, 159, 160, 161, 162, 163, 164, 165, 166, 167, 168, 169, 170, 171, 172, 173, 174, 175, 176, 177, 178]",133,False,2.8610329872118728e-05,-1.1928094049114548e-08,9.54075265538928e-06,10.0
E117,71,71,27,44,1090,0.38028169014084506,0.024171888988361683,0.04545454545454545,raja,S24/S38_20190129_035118_2,all_channel,mean,mean__all_channel__E117,32,179,"[3, 4, 5, 6, 8, 9, 11, 12, 13, 14, 15, 16, 18, 19, 20, 21, 24, 25, 26, 27, 28, 29, 30, 32, 33, 34, 35, 36, 37, 38, 39, 40, 41, 42, 44, 47, 48, 49, 50, 51, 52, 55, 56, 57, 58, 59, 60, 61, 62, 63, 64, 66, 67, 69, 70, 71, 73, 75, 76, 77, 78, 80, 81, 85, 87, 88, 89, 90, 91, 93, 100, 101, 104, 106, 107, 111, 112, 113, 114, 116, 117, 119, 120, 122, 124, 126, 127, 128, 129, 130, 131, 133, 135, 136, 137, 138, 139, 140, 141, 142, 144, 145, 147, 148, 149, 150, 152, 153, 154, 155, 156, 157, 158, 159, 160, 161, 162, 163, 164, 165, 166, 167, 168, 169, 170, 171, 172, 173, 174, 175, 176, 177, 178]",133,False,2.6600210402855596e-05,-4.076774378397516e-08,8.880326048879857e-06,10.0
E33,193,193,25,168,1092,0.12953367875647667,0.022381378692927483,0.03816793893129771,raja,S24/S38_20190129_035118_2,all_channel,mean,mean__all_channel__E33,32,179,"[3, 4, 5, 6, 8, 9, 11, 12, 13, 14, 15, 16, 18, 19, 20, 21, 24, 25, 26, 27, 28, 29, 30, 32, 33, 34, 35, 36, 37, 38, 39, 40, 41, 42, 44, 47, 48, 49, 50, 51, 52, 55, 56, 57, 58, 59, 60, 61, 62, 63, 64, 66, 67, 69, 70, 71, 73, 75, 76, 77, 78, 80, 81, 85, 87, 88, 89, 90, 91, 93, 100, 101, 104, 106, 107, 111, 112, 113, 114, 116, 117, 119, 120, 122, 124, 126, 127, 128, 129, 130, 131, 133, 135, 136, 137, 138, 139, 140, 141, 142, 144, 145, 147, 148, 149, 150, 152, 153, 154, 155, 156, 157, 158, 159, 160, 161, 162, 163, 164, 165, 166, 167, 168, 169, 170, 171, 172, 173, 174, 175, 176, 177, 178]",133,False,3.7596403371701584e-05,-1.7652240247807756e-08,1.2538018537316465e-05,10.0
E67,135,135,22,113,1095,0.16296296296296298,0.019695613249776187,0.03514376996805112,raja,S24/S38_20190129_035118_2,all_channel,mean,mean__all_channel__E67,32,179,"[3, 4, 5, 6, 8, 9, 11, 12, 13, 14, 15, 16, 18, 19, 20, 21, 24, 25, 26, 27, 28, 29, 30, 32, 33, 34, 35, 36, 37, 38, 39, 40, 41, 42, 44, 47, 48, 49, 50, 51, 52, 55, 56, 57, 58, 59, 60, 61, 62, 63, 64, 66, 67, 69, 70, 71, 73, 75, 76, 77, 78, 80, 81, 85, 87, 88, 89, 90, 91, 93, 100, 101, 104, 106, 107, 111, 112, 113, 114, 116, 117, 119, 120, 122, 124, 126, 127, 128, 129, 130, 131, 133, 135, 136, 137, 138, 139, 140, 141, 142, 144, 145, 147, 148, 149, 150, 152, 153, 154, 155, 156, 157, 158, 159, 160, 161, 162, 163, 164, 165, 166, 167, 168, 169, 170, 171, 172, 173, 174, 175, 176, 177, 178]",133,False,3.4724265706792684e-05,3.448592339137506e-08,1.1563259927800435e-05,10.0
E62,84,84,21,63,1096,0.25,0.018800358102059087,0.034970857618651124,raja,S24/S38_20190129_035118_2,all_channel,mean,mean__all_channel__E62,32,179,"[3, 4, 5, 6, 8, 9, 11, 12, 13, 14, 15, 16, 18, 19, 20, 21, 24, 25, 26, 27, 28, 29, 30, 32, 33, 34, 35, 36, 37, 38, 39, 40, 41, 42, 44, 47, 48, 49, 50, 51, 52, 55, 56, 57, 58, 59, 60, 61, 62, 63, 64, 66, 67, 69, 70, 71, 73, 75, 76, 77, 78, 80, 81, 85, 87, 88, 89, 90, 91, 93, 100, 101, 104, 106, 107, 111, 112, 113, 114, 116, 117, 119, 120, 122, 124, 126, 127, 128, 129, 130, 131, 133, 135, 136, 137, 138, 139, 140, 141, 142, 144, 145, 147, 148, 149, 150, 152, 153, 154, 155, 156, 157, 158, 159, 160, 161, 162, 163, 164, 165, 166, 167, 168, 169, 170, 171, 172, 173, 174, 175, 176, 177, 178]",133,False,3.2343748527530844e-05,2.2778614097550205e-08,1.07736566378111e-05,10.0
E112,82,82,17,65,1100,0.2073170731707317,0.01521933751119069,0.02835696413678065,raja,S24/S38_20190129_035118_2,all_channel,mean,mean__all_channel__E112,32,179,"[3, 4, 5, 6, 8, 9, 11, 12, 13, 14, 15, 16, 18, 19, 20, 21, 24, 25, 26, 27, 28, 29, 30, 32, 33, 34, 35, 36, 37, 38, 39, 40, 41, 42, 44, 47, 48, 49, 50, 51, 52, 55, 56, 57, 58, 59, 60, 61, 62, 63, 64, 66, 67, 69, 70, 71, 73, 75, 76, 77, 78, 80, 81, 85, 87, 88, 89, 90, 91, 93, 100, 101, 104, 106, 107, 111, 112, 113, 114, 116, 117, 119, 120, 122, 124, 126, 127, 128, 129, 130, 131, 133, 135, 136, 137, 138, 139, 140, 141, 142, 144, 145, 147, 148, 149, 150, 152, 153, 154, 155, 156, 157, 158, 159, 160, 161, 162, 163, 164, 165, 166, 167, 168, 169, 170, 171, 172, 173, 174, 175, 176, 177, 178]",133,False,6.412192104132421e-05,-1.2974954146138455e-07,2.1417223527595198e-05,10.0
E77,100,100,17,83,1100,0.17,0.01521933751119069,0.02793755135579293,raja,S24/S38_20190129_035118_2,all_channel,mean,mean__all_channel__E77,32,179,"[3, 4, 5, 6, 8, 9, 11, 12, 13, 14, 15, 16, 18, 19, 20, 21, 24, 25, 26, 27, 28, 29, 30, 32, 33, 34, 35, 36, 37, 38, 39, 40, 41, 42, 44, 47, 48, 49, 50, 51, 52, 55, 56, 57, 58, 59, 60, 61, 62, 63, 64, 66, 67, 69, 70, 71, 73, 75, 76, 77, 78, 80, 81, 85, 87, 88, 89, 90, 91, 93, 100, 101, 104, 106, 107, 111, 112, 113, 114, 116, 117, 119, 120, 122, 124, 126, 127, 128, 129, 130, 131, 133, 135, 136, 137, 138, 139, 140, 141, 142, 144, 145, 147, 148, 149, 150, 152, 153, 154, 155, 156, 157, 158, 159, 160, 161, 162, 163, 164, 165, 166, 167, 168, 169, 170, 171, 172, 173, 174, 175, 176, 177, 178]",133,False,3.512796456605361e-05,-2.164685359191185e-08,1.171653713988184e-05,10.0
E75,78,78,9,69,1108,0.11538461538461539,0.008057296329453895,0.015062761506276152,raja,S24/S38_20190129_035118_2,all_channel,mean,mean__all_channel__E75,32,179,"[3, 4, 5, 6, 8, 9, 11, 12, 13, 14, 15, 16, 18, 19, 20, 21, 24, 25, 26, 27, 28, 29, 30, 32, 33, 34, 35, 36, 37, 38, 39, 40, 41, 42, 44, 47, 48, 49, 50, 51, 52, 55, 56, 57, 58, 59, 60, 61, 62, 63, 64, 66, 67, 69, 70, 71, 73, 75, 76, 77, 78, 80, 81, 85, 87, 88, 89, 90, 91, 93, 100, 101, 104, 106, 107, 111, 112, 113, 114, 116, 117, 119, 120, 122, 124, 126, 127, 128, 129, 130, 131, 133, 135, 136, 137, 138, 139, 140, 141, 142, 144, 145, 147, 148, 149, 150, 152, 153, 154, 155, 156, 157, 158, 159, 160, 161, 162, 163, 164, 165, 166, 167, 168, 169, 170, 171, 172, 173, 174, 175, 176, 177, 178]",133,False,3.742329240775144e-05,4.864378092033705e-09,1.2472809343219802e-05,10.0
E109,47,47,8,39,1109,0.1702127659574468,0.007162041181736795,0.013745704467353952,raja,S24/S38_20190129_035118_2,all_channel,mean,mean__all_channel__E109,32,179,"[3, 4, 5, 6, 8, 9, 11, 12, 13, 14, 15, 16, 18, 19, 20, 21, 24, 25, 26, 27, 28, 29, 30, 32, 33, 34, 35, 36, 37, 38, 39, 40, 41, 42, 44, 47, 48, 49, 50, 51, 52, 55, 56, 57, 58, 59, 60, 61, 62, 63, 64, 66, 67, 69, 70, 71, 73, 75, 76, 77, 78, 80, 81, 85, 87, 88, 89, 90, 91, 93, 100, 101, 104, 106, 107, 111, 112, 113, 114, 116, 117, 119, 120, 122, 124, 126, 127, 128, 129, 130, 131, 133, 135, 136, 137, 138, 139, 140, 141, 142, 144, 145, 147, 148, 149, 150, 152, 153, 154, 155, 156, 157, 158, 159, 160, 161, 162, 163, 164, 165, 166, 167, 168, 169, 170, 171, 172, 173, 174, 175, 176, 177, 178]",133,False,2.3845228358889096e-05,-1.1553120951232185e-08,7.95226049328011e-06,10.0
E84,59,59,8,51,1109,0.13559322033898305,0.007162041181736795,0.013605442176870748,raja,S24/S38_20190129_035118_2,all_channel,mean,mean__all_channel__E84,32,179,"[3, 4, 5, 6, 8, 9, 11, 12, 13, 14, 15, 16, 18, 19, 20, 21, 24, 25, 26, 27, 28, 29, 30, 32, 33, 34, 35, 36, 37, 38, 39, 40, 41, 42, 44, 47, 48, 49, 50, 51, 52, 55, 56, 57, 58, 59, 60, 61, 62, 63, 64, 66, 67, 69, 70, 71, 73, 75, 76, 77, 78, 80, 81, 85, 87, 88, 89, 90, 91, 93, 100, 101, 104, 106, 107, 111, 112, 113, 114, 116, 117, 119, 120, 122, 124, 126, 127, 128, 129, 130, 131, 133, 135, 136, 137, 138, 139, 140, 141, 142, 144, 145, 147, 148, 149, 150, 152, 153, 154, 155, 156, 157, 158, 159, 160, 161, 162, 163, 164, 165, 166, 167, 168, 169, 170, 171, 172, 173, 174, 175, 176, 177, 178]",133,False,3.932724292922458e-05,-3.3573286946421e-08,1.3120272072057e-05,10.0
E13,20,20,7,13,1110,0.35,0.006266786034019696,0.012313104661389622,raja,S24/S38_20190129_035118_2,all_channel,mean,mean__all_channel__E13,32,179,"[3, 4, 5, 6, 8, 9, 11, 12, 13, 14, 15, 16, 18, 19, 20, 21, 24, 25, 26, 27, 28, 29, 30, 32, 33, 34, 35, 36, 37, 38, 39, 40, 41, 42, 44, 47, 48, 49, 50, 51, 52, 55, 56, 57, 58, 59, 60, 61, 62, 63, 64, 66, 67, 69, 70, 71, 73, 75, 76, 77, 78, 80, 81, 85, 87, 88, 89, 90, 91, 93, 100, 101, 104, 106, 107, 111, 112, 113, 114, 116, 117, 119, 120, 122, 124, 126, 127, 128, 129, 130, 131, 133, 135, 136, 137, 138, 139, 140, 141, 142, 144, 145, 147, 148, 149, 150, 152, 153, 154, 155, 156, 157, 158, 159, 160, 161, 162, 163, 164, 165, 166, 167, 168, 169, 170, 171, 172, 173, 174, 175, 176, 177, 178]",133,False,4.5846088274348695e-05,-2.5256466689524465e-08,1.529044824701274e-05,10.0
E37,40,40,5,35,1112,0.125,0.004476275738585497,0.008643042350907518,raja,S24/S38_20190129_035118_2,all_channel,mean,mean__all_channel__E37,32,179,"[3, 4, 5, 6, 8, 9, 11, 12, 13, 14, 15, 16, 18, 19, 20, 21, 24, 25, 26, 27, 28, 29, 30, 32, 33, 34, 35, 36, 37, 38, 39, 40, 41, 42, 44, 47, 48, 49, 50, 51, 52, 55, 56, 57, 58, 59, 60, 61, 62, 63, 64, 66, 67, 69, 70, 71, 73, 75, 76, 77, 78, 80, 81, 85, 87, 88, 89, 90, 91, 93, 100, 101, 104, 106, 107, 111, 112, 113, 114, 116, 117, 119, 120, 122, 124, 126, 127, 128, 129, 130, 131, 133, 135, 136, 137, 138, 139, 140, 141, 142, 144, 145, 147, 148, 149, 150, 152, 153, 154, 155, 156, 157, 158, 159, 160, 161, 162, 163, 164, 165, 166, 167, 168, 169, 170, 171, 172, 173, 174, 175, 176, 177, 178]",133,False,2.3240771637685146e-05,-2.761274448526071e-08,7.756128127390135e-06,10.0
E70,49,49,5,44,1112,0.10204081632653061,0.004476275738585497,0.00857632933104631,raja,S24/S38_20190129_035118_2,all_channel,mean,mean__all_channel__E70,32,179,"[3, 4, 5, 6, 8, 9, 11, 12, 13, 14, 15, 16, 18, 19, 20, 21, 24, 25, 26, 27, 28, 29, 30, 32, 33, 34, 35, 36, 37, 38, 39, 40, 41, 42, 44, 47, 48, 49, 50, 51, 52, 55, 56, 57, 58, 59, 60, 61, 62, 63, 64, 66, 67, 69, 70, 71, 73, 75, 76, 77, 78, 80, 81, 85, 87, 88, 89, 90, 91, 93, 100, 101, 104, 106, 107, 111, 112, 113, 114, 116, 117, 119, 120, 122, 124, 126, 127, 128, 129, 130, 131, 133, 135, 136, 137, 138, 139, 140, 141, 142, 144, 145, 147, 148, 149, 150, 152, 153, 154, 155, 156, 157, 158, 159, 160, 161, 162, 163, 164, 165, 166, 167, 168, 169, 170, 171, 172, 173, 174, 175, 176, 177, 178]",133,False,3.631179253260634e-05,3.2539755927390626e-09,1.21028461856712e-05,10.0
E98,50,50,5,45,1112,0.1,0.004476275738585497,0.008568980291345328,raja,S24/S38_20190129_035118_2,all_channel,mean,mean__all_channel__E98,32,179,"[3, 4, 5, 6, 8, 9, 11, 12, 13, 14, 15, 16, 18, 19, 20, 21, 24, 25, 26, 27, 28, 29, 30, 32, 33, 34, 35, 36, 37, 38, 39, 40, 41, 42, 44, 47, 48, 49, 50, 51, 52, 55, 56, 57, 58, 59, 60, 61, 62, 63, 64, 66, 67, 69, 70, 71, 73, 75, 76, 77, 78, 80, 81, 85, 87, 88, 89, 90, 91, 93, 100, 101, 104, 106, 107, 111, 112, 113, 114, 116, 117, 119, 120, 122, 124, 126, 127, 128, 129, 130, 131, 133, 135, 136, 137, 138, 139, 140, 141, 142, 144, 145, 147, 148, 149, 150, 152, 153, 154, 155, 156, 157, 158, 159, 160, 161, 162, 163, 164, 165, 166, 167, 168, 169, 170, 171, 172, 173, 174, 175, 176, 177, 178]",133,False,2.5467169326893583e-05,-1.5182143585541474e-08,8.494117156826375e-06,10.0
E104,33,33,4,29,1113,0.12121212121212122,0.0035810205908683975,0.006956521739130434,raja,S24/S38_20190129_035118_2,all_channel,mean,mean__all_channel__E104,32,179,"[3, 4, 5, 6, 8, 9, 11, 12, 13, 14, 15, 16, 18, 19, 20, 21, 24, 25, 26, 27, 28, 29, 30, 32, 33, 34, 35, 36, 37, 38, 39, 40, 41, 42, 44, 47, 48, 49, 50, 51, 52, 55, 56, 57, 58, 59, 60, 61, 62, 63, 64, 66, 67, 69, 70, 71, 73, 75, 76, 77, 78, 80, 81, 85, 87, 88, 89, 90, 91, 93, 100, 101, 104, 106, 107, 111, 112, 113, 114, 116, 117, 119, 120, 122, 124, 126, 127, 128, 129, 130, 131, 133, 135, 136, 137, 138, 139, 140, 141, 142, 144, 145, 147, 148, 149, 150, 152, 153, 154, 155, 156, 157, 158, 159, 160, 161, 162, 163, 164, 165, 166, 167, 168, 169, 170, 171, 172, 173, 174, 175, 176, 177, 178]",133,False,1.7456373838892856e-05,-2.09153581273721e-08,5.825763065673409e-06,10.0
E40,38,38,4,34,1113,0.10526315789473684,0.0035810205908683975,0.006926406926406926,raja,S24/S38_20190129_035118_2,all_channel,mean,mean__all_channel__E40,32,179,"[3, 4, 5, 6, 8, 9, 11, 12, 13, 14, 15, 16, 18, 19, 20, 21, 24, 25, 26, 27, 28, 29, 30, 32, 33, 34, 35, 36, 37, 38, 39, 40, 41, 42, 44, 47, 48, 49, 50, 51, 52, 55, 56, 57, 58, 59, 60, 61, 62, 63, 64, 66, 67, 69, 70, 71, 73, 75, 76, 77, 78, 80, 81, 85, 87, 88, 89, 90, 91, 93, 100, 101, 104, 106, 107, 111, 112, 113, 114, 116, 117, 119, 120, 122, 124, 126, 127, 128, 129, 130, 131, 133, 135, 136, 137, 138, 139, 140, 141, 142, 144, 145, 147, 148, 149, 150, 152, 153, 154, 155, 156, 157, 158, 159, 160, 161, 162, 163, 164, 165, 166, 167, 168, 169, 170, 171, 172, 173, 174, 175, 176, 177, 178]",133,False,2.994980564715052e-05,1.2037169548649645e-08,9.979256159200623e-06,10.0
E60,8,8,2,6,1115,0.25,0.0017905102954341987,0.0035555555555555557,raja,S24/S38_20190129_035118_2,all_channel,mean,mean__all_channel__E60,32,179,"[3, 4, 5, 6, 8, 9, 11, 12, 13, 14, 15, 16, 18, 19, 20, 21, 24, 25, 26, 27, 28, 29, 30, 32, 33, 34, 35, 36, 37, 38, 39, 40, 41, 42, 44, 47, 48, 49, 50, 51, 52, 55, 56, 57, 58, 59, 60, 61, 62, 63, 64, 66, 67, 69, 70, 71, 73, 75, 76, 77, 78, 80, 81, 85, 87, 88, 89, 90, 91, 93, 100, 101, 104, 106, 107, 111, 112, 113, 114, 116, 117, 119, 120, 122, 124, 126, 127, 128, 129, 130, 131, 133, 135, 136, 137, 138, 139, 140, 141, 142, 144, 145, 147, 148, 149, 150, 152, 153, 154, 155, 156, 157, 158, 159, 160, 161, 162, 163, 164, 165, 166, 167, 168, 169, 170, 171, 172, 173, 174, 175, 176, 177, 178]",133,False,3.091283609060116e-05,-2.4813505103958287e-08,1.031254986523504e-05,10.0
E47,12,12,1,11,1116,0.08333333333333333,0.0008952551477170994,0.0017714791851195747,raja,S24/S38_20190129_035118_2,all_channel,mean,mean__all_channel__E47,32,179,"[3, 4, 5, 6, 8, 9, 11, 12, 13, 14, 15, 16, 18, 19, 20, 21, 24, 25, 26, 27, 28, 29, 30, 32, 33, 34, 35, 36, 37, 38, 39, 40, 41, 42, 44, 47, 48, 49, 50, 51, 52, 55, 56, 57, 58, 59, 60, 61, 62, 63, 64, 66, 67, 69, 70, 71, 73, 75, 76, 77, 78, 80, 81, 85, 87, 88, 89, 90, 91, 93, 100, 101, 104, 106, 107, 111, 112, 113, 114, 116, 117, 119, 120, 122, 124, 126, 127, 128, 129, 130, 131, 133, 135, 136, 137, 138, 139, 140, 141, 142, 144, 145, 147, 148, 149, 150, 152, 153, 154, 155, 156, 157, 158, 159, 160, 161, 162, 163, 164, 165, 166, 167, 168, 169, 170, 171, 172, 173, 174, 175, 176, 177, 178]",133,False,2.973619634392224e-05,-5.005185874380509e-09,9.91373384326554e-06,10.0
E59,16,16,1,15,1116,0.0625,0.0008952551477170994,0.00176522506619594,raja,S24/S38_20190129_035118_2,all_channel,mean,mean__all_channel__E59,32,179,"[3, 4, 5, 6, 8, 9, 11, 12, 13, 14, 15, 16, 18, 19, 20, 21, 24, 25, 26, 27, 28, 29, 30, 32, 33, 34, 35, 36, 37, 38, 39, 40, 41, 42, 44, 47, 48, 49, 50, 51, 52, 55, 56, 57, 58, 59, 60, 61, 62, 63, 64, 66, 67, 69, 70, 71, 73, 75, 76, 77, 78, 80, 81, 85, 87, 88, 89, 90, 91, 93, 100, 101, 104, 106, 107, 111, 112, 113, 114, 116, 117, 119, 120, 122, 124, 126, 127, 128, 129, 130, 131, 133, 135, 136, 137, 138, 139, 140, 141, 142, 144, 145, 147, 148, 149, 150, 152, 153, 154, 155, 156, 157, 158, 159, 160, 161, 162, 163, 164, 165, 166, 167, 168, 169, 170, 171, 172, 173, 174, 175, 176, 177, 178]",133,False,3.198856414607747e-05,-5.995790720600561e-09,1.0664853312266024e-05,10.0
E91,22,22,1,21,1116,0.045454545454545456,0.0008952551477170994,0.001755926251097454,raja,S24/S38_20190129_035118_2,all_channel,mean,mean__all_channel__E91,32,179,"[3, 4, 5, 6, 8, 9, 11, 12, 13, 14, 15, 16, 18, 19, 20, 21, 24, 25, 26, 27, 28, 29, 30, 32, 33, 34, 35, 36, 37, 38, 39, 40, 41, 42, 44, 47, 48, 49, 50, 51, 52, 55, 56, 57, 58, 59, 60, 61, 62, 63, 64, 66, 67, 69, 70, 71, 73, 75, 76, 77, 78, 80, 81, 85, 87, 88, 89, 90, 91, 93, 100, 101, 104, 106, 107, 111, 112, 113, 114, 116, 117, 119, 120, 122, 124, 126, 127, 128, 129, 130, 131, 133, 135, 136, 137, 138, 139, 140, 141, 142, 144, 145, 147, 148, 149, 150, 152, 153, 154, 155, 156, 157, 158, 159, 160, 161, 162, 163, 164, 165, 166, 167, 168, 169, 170, 171, 172, 173, 174, 175, 176, 177, 178]",133,False,3.1958080520564386e-05,-3.753717584038755e-08,1.0665205898801591e-05,10.0
E87,8,8,0,8,1117,0.0,0.0,0.0,raja,S24/S38_20190129_035118_2,all_channel,mean,mean__all_channel__E87,32,179,"[3, 4, 5, 6, 8, 9, 11, 12, 13, 14, 15, 16, 18, 19, 20, 21, 24, 25, 26, 27, 28, 29, 30, 32, 33, 34, 35, 36, 37, 38, 39, 40, 41, 42, 44, 47, 48, 49, 50, 51, 52, 55, 56, 57, 58, 59, 60, 61, 62, 63, 64, 66, 67, 69, 70, 71, 73, 75, 76, 77, 78, 80, 81, 85, 87, 88, 89, 90, 91, 93, 100, 101, 104, 106, 107, 111, 112, 113, 114, 116, 117, 119, 120, 122, 124, 126, 127, 128, 129, 130, 131, 133, 135, 136, 137, 138, 139, 140, 141, 142, 144, 145, 147, 148, 149, 150, 152, 153, 154, 155, 156, 157, 158, 159, 160, 161, 162, 163, 164, 165, 166, 167, 168, 169, 170, 171, 172, 173, 174, 175, 176, 177, 178]",133,False,2.6457652981503366e-05,-3.1269836566062545e-08,8.829640939356476e-06,10.0
E85,18,18,0,18,1117,0.0,0.0,0.0,raja,S24/S38_20190129_035118_2,all_channel,mean,mean__all_channel__E85,32,179,"[3, 4, 5, 6, 8, 9, 11, 12, 13, 14, 15, 16, 18, 19, 20, 21, 24, 25, 26, 27, 28, 29, 30, 32, 33, 34, 35, 36, 37, 38, 39, 40, 41, 42, 44, 47, 48, 49, 50, 51, 52, 55, 56, 57, 58, 59, 60, 61, 62, 63, 64, 66, 67, 69, 70, 71, 73, 75, 76, 77, 78, 80, 81, 85, 87, 88, 89, 90, 91, 93, 100, 101, 104, 106, 107, 111, 112, 113, 114, 116, 117, 119, 120, 122, 124, 126, 127, 128, 129, 130, 131, 133, 135, 136, 137, 138, 139, 140, 141, 142, 144, 145, 147, 148, 149, 150, 152, 153, 154, 155, 156, 157, 158, 159, 160, 161, 162, 163, 164, 165, 166, 167, 168, 169, 170, 171, 172, 173, 174, 175, 176, 177, 178]",133,False,2.794785993479761e-05,-3.442948745661618e-08,9.327429807418076e-06,10.0
E83,48,48,0,48,1117,0.0,0.0,0.0,raja,S24/S38_20190129_035118_2,all_channel,mean,mean__all_channel__E83,32,179,"[3, 4, 5, 6, 8, 9, 11, 12, 13, 14, 15, 16, 18, 19, 20, 21, 24, 25, 26, 27, 28, 29, 30, 32, 33, 34, 35, 36, 37, 38, 39, 40, 41, 42, 44, 47, 48, 49, 50, 51, 52, 55, 56, 57, 58, 59, 60, 61, 62, 63, 64, 66, 67, 69, 70, 71, 73, 75, 76, 77, 78, 80, 81, 85, 87, 88, 89, 90, 91, 93, 100, 101, 104, 106, 107, 111, 112, 113, 114, 116, 117, 119, 120, 122, 124, 126, 127, 128, 129, 130, 131, 133, 135, 136, 137, 138, 139, 140, 141, 142, 144, 145, 147, 148, 149, 150, 152, 153, 154, 155, 156, 157, 158, 159, 160, 161, 162, 163, 164, 165, 166, 167, 168, 169, 170, 171, 172, 173, 174, 175, 176, 177, 178]",133,False,3.415148233635778e-05,-1.7934614452582443e-08,1.1389805650270122e-05,10.0
E9,316,316,304,12,813,0.9620253164556962,0.2721575649059982,0.424284717376134,raja,S24/S38_20190129_035118_2,frontal,median,median__frontal__E9,6,179,"[3, 11, 14, 24, 28, 40, 41, 91, 100, 130, 144, 167, 171]",13,False,0.00013826731258991356,-7.269895937031932e-06,4.851240284231516e-05,10.0
E3,291,291,276,15,841,0.9484536082474226,0.24709042076991944,0.3920454545454546,raja,S24/S38_20190129_035118_2,frontal,median,median__frontal__E3,6,179,"[3, 11, 14, 24, 28, 40, 41, 91, 100, 130, 144, 167, 171]",13,False,7.794290597628426e-05,-4.092108985508359e-06,2.7345004987264206e-05,10.0
E22,239,239,233,6,884,0.9748953974895398,0.20859444941808417,0.34365781710914456,raja,S24/S38_20190129_035118_2,frontal,median,median__frontal__E22,6,179,"[3, 11, 14, 24, 28, 40, 41, 91, 100, 130, 144, 167, 171]",13,False,0.0001438656302394501,-5.996310678300999e-06,4.995398030591703e-05,10.0
E124,158,158,136,22,981,0.8607594936708861,0.12175470008952552,0.21333333333333335,raja,S24/S38_20190129_035118_2,frontal,median,median__frontal__E124,6,179,"[3, 11, 14, 24, 28, 40, 41, 91, 100, 130, 144, 167, 171]",13,False,4.6675977786717814e-05,-2.182085293897868e-06,1.6286021026871894e-05,10.0
E23,135,135,126,9,991,0.9333333333333333,0.11280214861235452,0.2012779552715655,raja,S24/S38_20190129_035118_2,frontal,median,median__frontal__E23,6,179,"[3, 11, 14, 24, 28, 40, 41, 91, 100, 130, 144, 167, 171]",13,False,8.334275723480115e-05,-3.3588235414592686e-06,2.8900526925420144e-05,10.0
E24,126,126,75,51,1042,0.5952380952380952,0.06714413607878246,0.12067578439259856,raja,S24/S38_20190129_035118_2,frontal,median,median__frontal__E24,6,179,"[3, 11, 14, 24, 28, 40, 41, 91, 100, 130, 144, 167, 171]",13,False,4.87949392708855e-05,-1.6837697647213306e-06,1.6826236345202277e-05,10.0
E9,265,265,257,8,860,0.969811320754717,0.23008057296329454,0.37192474674384945,raja,S24/S38_20190129_035118_2,frontal,mean,mean__frontal__E9,6,179,"[3, 11, 14, 24, 28, 40, 41, 91, 100, 130, 144, 167, 171]",13,False,0.00014568820600092424,1.5099747397874533e-07,4.851240284231516e-05,10.0
E3,238,238,225,13,892,0.9453781512605042,0.20143240823634737,0.33210332103321033,raja,S24/S38_20190129_035118_2,frontal,mean,mean__frontal__E3,6,179,"[3, 11, 14, 24, 28, 40, 41, 91, 100, 130, 144, 167, 171]",13,False,8.209480236221086e-05,5.978740041823366e-08,2.7345004987264206e-05,10.0
E22,196,196,192,4,925,0.9795918367346939,0.1718889883616831,0.29246001523229254,raja,S24/S38_20190129_035118_2,frontal,mean,mean__frontal__E22,6,179,"[3, 11, 14, 24, 28, 40, 41, 91, 100, 130, 144, 167, 171]",13,False,0.00014997069418325537,1.087532655042611e-07,4.995398030591703e-05,10.0
E124,118,118,102,16,1015,0.864406779661017,0.09131602506714413,0.16518218623481784,raja,S24/S38_20190129_035118_2,frontal,mean,mean__frontal__E124,6,179,"[3, 11, 14, 24, 28, 40, 41, 91, 100, 130, 144, 167, 171]",13,False,4.88237066440247e-05,-3.4356436590984714e-08,1.6286021026871894e-05,10.0
E23,108,108,96,12,1021,0.8888888888888888,0.08594449418084155,0.15673469387755104,raja,S24/S38_20190129_035118_2,frontal,mean,mean__frontal__E23,6,179,"[3, 11, 14, 24, 28, 40, 41, 91, 100, 130, 144, 167, 171]",13,False,8.679327133728477e-05,9.169056102435439e-08,2.8900526925420144e-05,10.0
E24,111,111,72,39,1045,0.6486486486486487,0.06445837063563116,0.11726384364820848,raja,S24/S38_20190129_035118_2,frontal,mean,mean__frontal__E24,6,179,"[3, 11, 14, 24, 28, 40, 41, 91, 100, 130, 144, 167, 171]",13,False,5.050057924785878e-05,2.1870212251947245e-08,1.6826236345202277e-05,10.0
E22,207,207,204,3,913,0.9855072463768116,0.18263205013428827,0.3081570996978852,raja,S24/S38_20190129_035118_2,frontal_left,median,median__frontal_left__E22,3,179,"[3, 11, 24, 28, 40, 41, 91, 100, 144, 167, 171]",11,False,0.0001485393203860341,-6.490589176014986e-06,5.167663652068303e-05,10.0
E23,120,120,110,10,1007,0.9166666666666666,0.09847806624888093,0.1778496362166532,raja,S24/S38_20190129_035118_2,frontal_left,median,median__frontal_left__E23,3,179,"[3, 11, 24, 28, 40, 41, 91, 100, 144, 167, 171]",11,False,8.526599100074002e-05,-3.4766514432064688e-06,2.9580880814648833e-05,10.0
E24,117,117,74,43,1043,0.6324786324786325,0.06624888093106536,0.11993517017828201,raja,S24/S38_20190129_035118_2,frontal_left,median,median__frontal_left__E24,3,179,"[3, 11, 24, 28, 40, 41, 91, 100, 144, 167, 171]",11,False,4.952375322238999e-05,-1.7165589336827041e-06,1.7080104052024232e-05,10.0
E22,169,169,165,4,952,0.9763313609467456,0.1477170993733214,0.25660964230171074,raja,S24/S38_20190129_035118_2,frontal_left,mean,mean__frontal_left__E22,3,179,"[3, 11, 24, 28, 40, 41, 91, 100, 144, 167, 171]",11,False,0.00015521361368982402,1.837041277749131e-07,5.167663652068303e-05,10.0
E23,100,100,87,13,1030,0.87,0.07788719785138765,0.14297452752670503,raja,S24/S38_20190129_035118_2,frontal_left,mean,mean__frontal_left__E23,3,179,"[3, 11, 24, 28, 40, 41, 91, 100, 144, 167, 171]",11,False,8.892101079553394e-05,1.7836835158743792e-07,2.9580880814648833e-05,10.0
E24,99,99,67,32,1050,0.6767676767676768,0.05998209489704566,0.11019736842105264,raja,S24/S38_20190129_035118_2,frontal_left,mean,mean__frontal_left__E24,3,179,"[3, 11, 24, 28, 40, 41, 91, 100, 144, 167, 171]",11,False,5.131669288832098e-05,7.638073224828535e-08,1.7080104052024232e-05,10.0
E9,660,660,626,34,491,0.9484848484848485,0.5604297224709042,0.7045582442318514,raja,S24/S38_20190129_035118_2,frontal_right,median,median__frontal_right__E9,3,179,"[14, 91, 130, 144]",4,False,0.00010138753839613839,-1.10925315601734e-05,3.749335665210393e-05,10.0
E3,542,542,502,40,615,0.9261992619926199,0.4494180841539839,0.6051838456901748,raja,S24/S38_20190129_035118_2,frontal_right,median,median__frontal_right__E3,3,179,"[14, 91, 130, 144]",4,False,6.267267445606927e-05,-5.956302029023982e-06,2.2876325495031084e-05,10.0
E124,207,207,178,29,939,0.8599033816425121,0.1593554162936437,0.26888217522658614,raja,S24/S38_20190129_035118_2,frontal_right,median,median__frontal_right__E124,3,179,"[14, 91, 130, 144]",4,False,4.328845037826913e-05,-3.4275415428357606e-06,1.5571997307034964e-05,10.0
E9,557,557,531,26,586,0.9533213644524237,0.4753804834377798,0.6344086021505377,raja,S24/S38_20190129_035118_2,frontal_right,mean,mean__frontal_right__E9,3,179,"[14, 91, 130, 144]",4,False,0.00011168644972281793,-7.936202334938549e-07,3.749335665210393e-05,10.0
E3,438,438,409,29,708,0.9337899543378996,0.36615935541629363,0.5260450160771705,raja,S24/S38_20190129_035118_2,frontal_right,mean,mean__frontal_right__E3,3,179,"[14, 91, 130, 144]",4,False,6.821925003999883e-05,-4.0972644509441916e-07,2.2876325495031084e-05,10.0
E124,161,161,137,24,980,0.8509316770186336,0.12264995523724262,0.21439749608763695,raja,S24/S38_20190129_035118_2,frontal_right,mean,mean__frontal_right__E124,3,179,"[14, 91, 130, 144]",4,False,4.639669587013731e-05,-3.1929605096758053e-07,1.5571997307034964e-05,10.0
E9,689,689,650,39,467,0.9433962264150944,0.5819158460161146,0.7198228128460686,raja,S24/S38_20190129_035118_2,all_channel,median,median__all_channel__E9,32,89,"[1, 2, 7, 9, 10, 12, 13, 14, 15, 17, 18, 19, 20, 21, 22, 23, 24, 32, 33, 34, 35, 38, 40, 42, 44, 45, 46, 52, 59, 62, 63, 65, 69, 70, 71, 72, 73, 74, 77, 78, 79, 80, 81, 82, 83, 84, 85, 86, 87, 88]",50,False,9.961581945441421e-05,-5.319101937982335e-06,3.497830713079885e-05,20.0
E22,672,672,640,32,477,0.9523809523809523,0.5729632945389436,0.7154835103409727,raja,S24/S38_20190129_035118_2,all_channel,median,median__all_channel__E22,32,89,"[1, 2, 7, 9, 10, 12, 13, 14, 15, 17, 18, 19, 20, 21, 22, 23, 24, 32, 33, 34, 35, 38, 40, 42, 44, 45, 46, 52, 59, 62, 63, 65, 69, 70, 71, 72, 73, 74, 77, 78, 79, 80, 81, 82, 83, 84, 85, 86, 87, 88]",50,False,0.0001030886695156628,-5.672699393802274e-06,3.625378963648836e-05,20.0
E3,596,596,554,42,563,0.9295302013422819,0.4959713518352731,0.64681844716871,raja,S24/S38_20190129_035118_2,all_channel,median,median__all_channel__E3,32,89,"[1, 2, 7, 9, 10, 12, 13, 14, 15, 17, 18, 19, 20, 21, 22, 23, 24, 32, 33, 34, 35, 38, 40, 42, 44, 45, 46, 52, 59, 62, 63, 65, 69, 70, 71, 72, 73, 74, 77, 78, 79, 80, 81, 82, 83, 84, 85, 86, 87, 88]",50,False,6.046125778195806e-05,-3.089893296417095e-06,2.1183717026125052e-05,20.0
E11,517,517,457,60,660,0.8839458413926499,0.40913160250671443,0.5593635250917993,raja,S24/S38_20190129_035118_2,all_channel,median,median__all_channel__E11,32,89,"[1, 2, 7, 9, 10, 12, 13, 14, 15, 17, 18, 19, 20, 21, 22, 23, 24, 32, 33, 34, 35, 38, 40, 42, 44, 45, 46, 52, 59, 62, 63, 65, 69, 70, 71, 72, 73, 74, 77, 78, 79, 80, 81, 82, 83, 84, 85, 86, 87, 88]",50,False,4.6718555934847937e-05,-2.0881631750333516e-06,1.626890636996043e-05,20.0
E23,510,510,447,63,670,0.8764705882352941,0.40017905102954343,0.5494775660725262,raja,S24/S38_20190129_035118_2,all_channel,median,median__all_channel__E23,32,89,"[1, 2, 7, 9, 10, 12, 13, 14, 15, 17, 18, 19, 20, 21, 22, 23, 24, 32, 33, 34, 35, 38, 40, 42, 44, 45, 46, 52, 59, 62, 63, 65, 69, 70, 71, 72, 73, 74, 77, 78, 79, 80, 81, 82, 83, 84, 85, 86, 87, 88]",50,False,6.190964238750673e-05,-3.409790163661369e-06,2.1773144183722704e-05,20.0
E124,327,327,277,50,840,0.8470948012232415,0.24798567591763654,0.38365650969529086,raja,S24/S38_20190129_035118_2,all_channel,median,median__all_channel__E124,32,89,"[1, 2, 7, 9, 10, 12, 13, 14, 15, 17, 18, 19, 20, 21, 22, 23, 24, 32, 33, 34, 35, 38, 40, 42, 44, 45, 46, 52, 59, 62, 63, 65, 69, 70, 71, 72, 73, 74, 77, 78, 79, 80, 81, 82, 83, 84, 85, 86, 87, 88]",50,False,3.924334557820651e-05,-1.3848914464026072e-06,1.3542745674869707e-05,20.0
E26,354,354,270,84,847,0.7627118644067796,0.24171888988361684,0.36709721278042146,raja,S24/S38_20190129_035118_2,all_channel,median,median__all_channel__E26,32,89,"[1, 2, 7, 9, 10, 12, 13, 14, 15, 17, 18, 19, 20, 21, 22, 23, 24, 32, 33, 34, 35, 38, 40, 42, 44, 45, 46, 52, 59, 62, 63, 65, 69, 70, 71, 72, 73, 74, 77, 78, 79, 80, 81, 82, 83, 84, 85, 86, 87, 88]",50,False,6.621920351124187e-05,-3.5837044783031235e-06,2.3267635996514997e-05,20.0
E24,279,279,201,78,916,0.7204301075268817,0.17994628469113697,0.28796561604584525,raja,S24/S38_20190129_035118_2,all_channel,median,median__all_channel__E24,32,89,"[1, 2, 7, 9, 10, 12, 13, 14, 15, 17, 18, 19, 20, 21, 22, 23, 24, 32, 33, 34, 35, 38, 40, 42, 44, 45, 46, 52, 59, 62, 63, 65, 69, 70, 71, 72, 73, 74, 77, 78, 79, 80, 81, 82, 83, 84, 85, 86, 87, 88]",50,False,3.964528704685924e-05,-1.7824438611063023e-06,1.3809243635988514e-05,20.0
E28,238,238,75,163,1042,0.31512605042016806,0.06714413607878246,0.11070110701107014,raja,S24/S38_20190129_035118_2,all_channel,median,median__all_channel__E28,32,89,"[1, 2, 7, 9, 10, 12, 13, 14, 15, 17, 18, 19, 20, 21, 22, 23, 24, 32, 33, 34, 35, 38, 40, 42, 44, 45, 46, 52, 59, 62, 63, 65, 69, 70, 71, 72, 73, 74, 77, 78, 79, 80, 81, 82, 83, 84, 85, 86, 87, 88]",50,False,2.8166373839452935e-05,-5.954262303290199e-07,9.587266689927318e-06,20.0
E122,161,161,47,114,1070,0.2919254658385093,0.04207699194270367,0.07355242566510173,raja,S24/S38_20190129_035118_2,all_channel,median,median__all_channel__E122,32,89,"[1, 2, 7, 9, 10, 12, 13, 14, 15, 17, 18, 19, 20, 21, 22, 23, 24, 32, 33, 34, 35, 38, 40, 42, 44, 45, 46, 52, 59, 62, 63, 65, 69, 70, 71, 72, 73, 74, 77, 78, 79, 80, 81, 82, 83, 84, 85, 86, 87, 88]",50,False,2.7351794464429833e-05,4.3482797103766346e-07,8.972322164464056e-06,20.0
E117,81,81,30,51,1087,0.37037037037037035,0.02685765443151298,0.050083472454090144,raja,S24/S38_20190129_035118_2,all_channel,median,median__all_channel__E117,32,89,"[1, 2, 7, 9, 10, 12, 13, 14, 15, 17, 18, 19, 20, 21, 22, 23, 24, 32, 33, 34, 35, 38, 40, 42, 44, 45, 46, 52, 59, 62, 63, 65, 69, 70, 71, 72, 73, 74, 77, 78, 79, 80, 81, 82, 83, 84, 85, 86, 87, 88]",50,False,2.587725614312924e-05,-1.7072781913386553e-07,8.682661320754368e-06,20.0
E33,221,221,29,192,1088,0.13122171945701358,0.025962399283795883,0.043348281016442454,raja,S24/S38_20190129_035118_2,all_channel,median,median__all_channel__E33,32,89,"[1, 2, 7, 9, 10, 12, 13, 14, 15, 17, 18, 19, 20, 21, 22, 23, 24, 32, 33, 34, 35, 38, 40, 42, 44, 45, 46, 52, 59, 62, 63, 65, 69, 70, 71, 72, 73, 74, 77, 78, 79, 80, 81, 82, 83, 84, 85, 86, 87, 88]",50,False,3.624762641314787e-05,-2.6290866777137263e-07,1.2170178360306414e-05,20.0
E62,84,84,21,63,1096,0.25,0.018800358102059087,0.034970857618651124,raja,S24/S38_20190129_035118_2,all_channel,median,median__all_channel__E62,32,89,"[1, 2, 7, 9, 10, 12, 13, 14, 15, 17, 18, 19, 20, 21, 22, 23, 24, 32, 33, 34, 35, 38, 40, 42, 44, 45, 46, 52, 59, 62, 63, 65, 69, 70, 71, 72, 73, 74, 77, 78, 79, 80, 81, 82, 83, 84, 85, 86, 87, 88]",50,False,3.2318124020070016e-05,6.640762750661645e-07,1.0551349248334616e-05,20.0
E67,132,132,21,111,1096,0.1590909090909091,0.018800358102059087,0.03362690152121698,raja,S24/S38_20190129_035118_2,all_channel,median,median__all_channel__E67,32,89,"[1, 2, 7, 9, 10, 12, 13, 14, 15, 17, 18, 19, 20, 21, 22, 23, 24, 32, 33, 34, 35, 38, 40, 42, 44, 45, 46, 52, 59, 62, 63, 65, 69, 70, 71, 72, 73, 74, 77, 78, 79, 80, 81, 82, 83, 84, 85, 86, 87, 88]",50,False,3.5050199949868753e-05,8.521532784760607e-07,1.1399348890464229e-05,20.0
E77,95,95,17,78,1100,0.17894736842105263,0.01521933751119069,0.028052805280528052,raja,S24/S38_20190129_035118_2,all_channel,median,median__all_channel__E77,32,89,"[1, 2, 7, 9, 10, 12, 13, 14, 15, 17, 18, 19, 20, 21, 22, 23, 24, 32, 33, 34, 35, 38, 40, 42, 44, 45, 46, 52, 59, 62, 63, 65, 69, 70, 71, 72, 73, 74, 77, 78, 79, 80, 81, 82, 83, 84, 85, 86, 87, 88]",50,False,3.5745719489796935e-05,7.954648061942288e-07,1.1650084894534235e-05,20.0
E112,58,58,14,44,1103,0.2413793103448276,0.012533572068039392,0.023829787234042554,raja,S24/S38_20190129_035118_2,all_channel,median,median__all_channel__E112,32,89,"[1, 2, 7, 9, 10, 12, 13, 14, 15, 17, 18, 19, 20, 21, 22, 23, 24, 32, 33, 34, 35, 38, 40, 42, 44, 45, 46, 52, 59, 62, 63, 65, 69, 70, 71, 72, 73, 74, 77, 78, 79, 80, 81, 82, 83, 84, 85, 86, 87, 88]",50,False,6.443405142240965e-05,6.87777239884612e-08,2.1455091232807062e-05,20.0
E109,58,58,10,48,1107,0.1724137931034483,0.008952551477170993,0.01702127659574468,raja,S24/S38_20190129_035118_2,all_channel,median,median__all_channel__E109,32,89,"[1, 2, 7, 9, 10, 12, 13, 14, 15, 17, 18, 19, 20, 21, 22, 23, 24, 32, 33, 34, 35, 38, 40, 42, 44, 45, 46, 52, 59, 62, 63, 65, 69, 70, 71, 72, 73, 74, 77, 78, 79, 80, 81, 82, 83, 84, 85, 86, 87, 88]",50,False,2.343186487791344e-05,6.456625830715358e-07,7.595400764947301e-06,20.0
E84,60,60,9,51,1108,0.15,0.008057296329453895,0.015293118096856415,raja,S24/S38_20190129_035118_2,all_channel,median,median__all_channel__E84,32,89,"[1, 2, 7, 9, 10, 12, 13, 14, 15, 17, 18, 19, 20, 21, 22, 23, 24, 32, 33, 34, 35, 38, 40, 42, 44, 45, 46, 52, 59, 62, 63, 65, 69, 70, 71, 72, 73, 74, 77, 78, 79, 80, 81, 82, 83, 84, 85, 86, 87, 88]",50,False,3.8840602361677655e-05,8.899881543815557e-07,1.2650204735765367e-05,20.0
E75,76,76,9,67,1108,0.11842105263157894,0.008057296329453895,0.015088013411567479,raja,S24/S38_20190129_035118_2,all_channel,median,median__all_channel__E75,32,89,"[1, 2, 7, 9, 10, 12, 13, 14, 15, 17, 18, 19, 20, 21, 22, 23, 24, 32, 33, 34, 35, 38, 40, 42, 44, 45, 46, 52, 59, 62, 63, 65, 69, 70, 71, 72, 73, 74, 77, 78, 79, 80, 81, 82, 83, 84, 85, 86, 87, 88]",50,False,3.749221645420728e-05,8.1882751778818e-07,1.2224462978806368e-05,20.0
E70,49,49,6,43,1111,0.12244897959183673,0.005371530886302597,0.010291595197255575,raja,S24/S38_20190129_035118_2,all_channel,median,median__all_channel__E70,32,89,"[1, 2, 7, 9, 10, 12, 13, 14, 15, 17, 18, 19, 20, 21, 22, 23, 24, 32, 33, 34, 35, 38, 40, 42, 44, 45, 46, 52, 59, 62, 63, 65, 69, 70, 71, 72, 73, 74, 77, 78, 79, 80, 81, 82, 83, 84, 85, 86, 87, 88]",50,False,3.617858074383685e-05,1.0391679479934905e-06,1.1713137598614451e-05,20.0
E98,53,53,6,47,1111,0.11320754716981132,0.005371530886302597,0.010256410256410258,raja,S24/S38_20190129_035118_2,all_channel,median,median__all_channel__E98,32,89,"[1, 2, 7, 9, 10, 12, 13, 14, 15, 17, 18, 19, 20, 21, 22, 23, 24, 32, 33, 34, 35, 38, 40, 42, 44, 45, 46, 52, 59, 62, 63, 65, 69, 70, 71, 72, 73, 74, 77, 78, 79, 80, 81, 82, 83, 84, 85, 86, 87, 88]",50,False,2.5299203081425675e-05,8.146886654751868e-07,8.16150480531683e-06,20.0
E13,20,20,5,15,1112,0.25,0.004476275738585497,0.008795074758135443,raja,S24/S38_20190129_035118_2,all_channel,median,median__all_channel__E13,32,89,"[1, 2, 7, 9, 10, 12, 13, 14, 15, 17, 18, 19, 20, 21, 22, 23, 24, 32, 33, 34, 35, 38, 40, 42, 44, 45, 46, 52, 59, 62, 63, 65, 69, 70, 71, 72, 73, 74, 77, 78, 79, 80, 81, 82, 83, 84, 85, 86, 87, 88]",50,False,4.549583121571009e-05,-5.565194709755844e-08,1.5183827720935882e-05,20.0
E40,44,44,5,39,1112,0.11363636363636363,0.004476275738585497,0.008613264427217915,raja,S24/S38_20190129_035118_2,all_channel,median,median__all_channel__E40,32,89,"[1, 2, 7, 9, 10, 12, 13, 14, 15, 17, 18, 19, 20, 21, 22, 23, 24, 32, 33, 34, 35, 38, 40, 42, 44, 45, 46, 52, 59, 62, 63, 65, 69, 70, 71, 72, 73, 74, 77, 78, 79, 80, 81, 82, 83, 84, 85, 86, 87, 88]",50,False,2.972359955149063e-05,2.2466053817034203e-07,9.832979671106764e-06,20.0
E104,33,33,4,29,1113,0.12121212121212122,0.0035810205908683975,0.006956521739130434,raja,S24/S38_20190129_035118_2,all_channel,median,median__all_channel__E104,32,89,"[1, 2, 7, 9, 10, 12, 13, 14, 15, 17, 18, 19, 20, 21, 22, 23, 24, 32, 33, 34, 35, 38, 40, 42, 44, 45, 46, 52, 59, 62, 63, 65, 69, 70, 71, 72, 73, 74, 77, 78, 79, 80, 81, 82, 83, 84, 85, 86, 87, 88]",50,False,1.743879642099674e-05,2.894584070747979e-07,5.716446004640647e-06,20.0
E37,37,37,4,33,1113,0.10810810810810811,0.0035810205908683975,0.006932409012131715,raja,S24/S38_20190129_035118_2,all_channel,median,median__all_channel__E37,32,89,"[1, 2, 7, 9, 10, 12, 13, 14, 15, 17, 18, 19, 20, 21, 22, 23, 24, 32, 33, 34, 35, 38, 40, 42, 44, 45, 46, 52, 59, 62, 63, 65, 69, 70, 71, 72, 73, 74, 77, 78, 79, 80, 81, 82, 83, 84, 85, 86, 87, 88]",50,False,2.33670961640956e-05,3.6724257683523073e-07,7.666617862420123e-06,20.0
E60,8,8,2,6,1115,0.25,0.0017905102954341987,0.0035555555555555557,raja,S24/S38_20190129_035118_2,all_channel,median,median__all_channel__E60,32,89,"[1, 2, 7, 9, 10, 12, 13, 14, 15, 17, 18, 19, 20, 21, 22, 23, 24, 32, 33, 34, 35, 38, 40, 42, 44, 45, 46, 52, 59, 62, 63, 65, 69, 70, 71, 72, 73, 74, 77, 78, 79, 80, 81, 82, 83, 84, 85, 86, 87, 88]",50,False,3.103253231826845e-05,7.962230941866198e-07,1.007876974136061e-05,20.0
E47,13,13,1,12,1116,0.07692307692307693,0.0008952551477170994,0.001769911504424779,raja,S24/S38_20190129_035118_2,all_channel,median,median__all_channel__E47,32,89,"[1, 2, 7, 9, 10, 12, 13, 14, 15, 17, 18, 19, 20, 21, 22, 23, 24, 32, 33, 34, 35, 38, 40, 42, 44, 45, 46, 52, 59, 62, 63, 65, 69, 70, 71, 72, 73, 74, 77, 78, 79, 80, 81, 82, 83, 84, 85, 86, 87, 88]",50,False,3.018371591589607e-05,4.993448894406467e-07,9.894790342151808e-06,20.0
E83,57,57,1,56,1116,0.017543859649122806,0.0008952551477170994,0.0017035775127768314,raja,S24/S38_20190129_035118_2,all_channel,median,median__all_channel__E83,32,89,"[1, 2, 7, 9, 10, 12, 13, 14, 15, 17, 18, 19, 20, 21, 22, 23, 24, 32, 33, 34, 35, 38, 40, 42, 44, 45, 46, 52, 59, 62, 63, 65, 69, 70, 71, 72, 73, 74, 77, 78, 79, 80, 81, 82, 83, 84, 85, 86, 87, 88]",50,False,3.365923717438081e-05,1.1292435974289462e-06,1.0843331192317289e-05,20.0
E87,9,9,0,9,1117,0.0,0.0,0.0,raja,S24/S38_20190129_035118_2,all_channel,median,median__all_channel__E87,32,89,"[1, 2, 7, 9, 10, 12, 13, 14, 15, 17, 18, 19, 20, 21, 22, 23, 24, 32, 33, 34, 35, 38, 40, 42, 44, 45, 46, 52, 59, 62, 63, 65, 69, 70, 71, 72, 73, 74, 77, 78, 79, 80, 81, 82, 83, 84, 85, 86, 87, 88]",50,False,2.6881943357128293e-05,3.729823985748478e-07,8.836320319517814e-06,20.0
E59,17,17,0,17,1117,0.0,0.0,0.0,raja,S24/S38_20190129_035118_2,all_channel,median,median__all_channel__E59,32,89,"[1, 2, 7, 9, 10, 12, 13, 14, 15, 17, 18, 19, 20, 21, 22, 23, 24, 32, 33, 34, 35, 38, 40, 42, 44, 45, 46, 52, 59, 62, 63, 65, 69, 70, 71, 72, 73, 74, 77, 78, 79, 80, 81, 82, 83, 84, 85, 86, 87, 88]",50,False,3.215574068832241e-05,1.0492155506497276e-06,1.0368841712557561e-05,20.0
E85,17,17,0,17,1117,0.0,0.0,0.0,raja,S24/S38_20190129_035118_2,all_channel,median,median__all_channel__E85,32,89,"[1, 2, 7, 9, 10, 12, 13, 14, 15, 17, 18, 19, 20, 21, 22, 23, 24, 32, 33, 34, 35, 38, 40, 42, 44, 45, 46, 52, 59, 62, 63, 65, 69, 70, 71, 72, 73, 74, 77, 78, 79, 80, 81, 82, 83, 84, 85, 86, 87, 88]",50,False,2.8218039936894784e-05,8.882996255740385e-07,9.109913437106915e-06,20.0
E91,28,28,0,28,1117,0.0,0.0,0.0,raja,S24/S38_20190129_035118_2,all_channel,median,median__all_channel__E91,32,89,"[1, 2, 7, 9, 10, 12, 13, 14, 15, 17, 18, 19, 20, 21, 22, 23, 24, 32, 33, 34, 35, 38, 40, 42, 44, 45, 46, 52, 59, 62, 63, 65, 69, 70, 71, 72, 73, 74, 77, 78, 79, 80, 81, 82, 83, 84, 85, 86, 87, 88]",50,False,3.1406283687348946e-05,1.1320916958678767e-06,1.009139733049369e-05,20.0
E9,632,632,603,29,514,0.9541139240506329,0.5398388540734109,0.6895368782161234,raja,S24/S38_20190129_035118_2,all_channel,mean,mean__all_channel__E9,32,89,"[1, 2, 7, 9, 10, 12, 13, 14, 15, 17, 18, 19, 20, 21, 22, 23, 24, 32, 33, 34, 35, 38, 40, 42, 44, 45, 46, 52, 59, 62, 63, 65, 69, 70, 71, 72, 73, 74, 77, 78, 79, 80, 81, 82, 83, 84, 85, 86, 87, 88]",50,False,0.00010496105328449288,2.613189209632569e-08,3.497830713079885e-05,20.0
E22,607,607,580,27,537,0.9555189456342669,0.5192479856759177,0.6728538283062645,raja,S24/S38_20190129_035118_2,all_channel,mean,mean__all_channel__E22,32,89,"[1, 2, 7, 9, 10, 12, 13, 14, 15, 17, 18, 19, 20, 21, 22, 23, 24, 32, 33, 34, 35, 38, 40, 42, 44, 45, 46, 52, 59, 62, 63, 65, 69, 70, 71, 72, 73, 74, 77, 78, 79, 80, 81, 82, 83, 84, 85, 86, 87, 88]",50,False,0.0001087603439415213,-1.0249679437754475e-09,3.625378963648836e-05,20.0
E3,529,529,487,42,630,0.9206049149338374,0.4359892569382274,0.591737545565006,raja,S24/S38_20190129_035118_2,all_channel,mean,mean__all_channel__E3,32,89,"[1, 2, 7, 9, 10, 12, 13, 14, 15, 17, 18, 19, 20, 21, 22, 23, 24, 32, 33, 34, 35, 38, 40, 42, 44, 45, 46, 52, 59, 62, 63, 65, 69, 70, 71, 72, 73, 74, 77, 78, 79, 80, 81, 82, 83, 84, 85, 86, 87, 88]",50,False,6.357366969254149e-05,2.251861416633113e-08,2.1183717026125052e-05,20.0
E11,462,462,407,55,710,0.8809523809523809,0.36436884512085943,0.5155161494616847,raja,S24/S38_20190129_035118_2,all_channel,mean,mean__all_channel__E11,32,89,"[1, 2, 7, 9, 10, 12, 13, 14, 15, 17, 18, 19, 20, 21, 22, 23, 24, 32, 33, 34, 35, 38, 40, 42, 44, 45, 46, 52, 59, 62, 63, 65, 69, 70, 71, 72, 73, 74, 77, 78, 79, 80, 81, 82, 83, 84, 85, 86, 87, 88]",50,False,4.880712811554955e-05,4.090056682644024e-10,1.626890636996043e-05,20.0
E23,418,418,373,45,744,0.8923444976076556,0.3339301700984781,0.4859934853420196,raja,S24/S38_20190129_035118_2,all_channel,mean,mean__all_channel__E23,32,89,"[1, 2, 7, 9, 10, 12, 13, 14, 15, 17, 18, 19, 20, 21, 22, 23, 24, 32, 33, 34, 35, 38, 40, 42, 44, 45, 46, 52, 59, 62, 63, 65, 69, 70, 71, 72, 73, 74, 77, 78, 79, 80, 81, 82, 83, 84, 85, 86, 87, 88]",50,False,6.53081534286111e-05,-1.1279122556998484e-08,2.1773144183722704e-05,20.0
E124,291,291,248,43,869,0.852233676975945,0.22202327663384064,0.35227272727272724,raja,S24/S38_20190129_035118_2,all_channel,mean,mean__all_channel__E124,32,89,"[1, 2, 7, 9, 10, 12, 13, 14, 15, 17, 18, 19, 20, 21, 22, 23, 24, 32, 33, 34, 35, 38, 40, 42, 44, 45, 46, 52, 59, 62, 63, 65, 69, 70, 71, 72, 73, 74, 77, 78, 79, 80, 81, 82, 83, 84, 85, 86, 87, 88]",50,False,4.064409223652119e-05,1.585521191206879e-08,1.3542745674869707e-05,20.0
E26,290,290,219,71,898,0.7551724137931034,0.19606087735004477,0.31130063965884863,raja,S24/S38_20190129_035118_2,all_channel,mean,mean__all_channel__E26,32,89,"[1, 2, 7, 9, 10, 12, 13, 14, 15, 17, 18, 19, 20, 21, 22, 23, 24, 32, 33, 34, 35, 38, 40, 42, 44, 45, 46, 52, 59, 62, 63, 65, 69, 70, 71, 72, 73, 74, 77, 78, 79, 80, 81, 82, 83, 84, 85, 86, 87, 88]",50,False,6.976795564262489e-05,-3.495234692011046e-08,2.3267635996514997e-05,20.0
E24,248,248,173,75,944,0.6975806451612904,0.1548791405550582,0.2534798534798535,raja,S24/S38_20190129_035118_2,all_channel,mean,mean__all_channel__E24,32,89,"[1, 2, 7, 9, 10, 12, 13, 14, 15, 17, 18, 19, 20, 21, 22, 23, 24, 32, 33, 34, 35, 38, 40, 42, 44, 45, 46, 52, 59, 62, 63, 65, 69, 70, 71, 72, 73, 74, 77, 78, 79, 80, 81, 82, 83, 84, 85, 86, 87, 88]",50,False,4.1404700509967624e-05,-2.3030397997917698e-08,1.3809243635988514e-05,20.0
E28,214,214,69,145,1048,0.32242990654205606,0.06177260519247986,0.10368144252441774,raja,S24/S38_20190129_035118_2,all_channel,mean,mean__all_channel__E28,32,89,"[1, 2, 7, 9, 10, 12, 13, 14, 15, 17, 18, 19, 20, 21, 22, 23, 24, 32, 33, 34, 35, 38, 40, 42, 44, 45, 46, 52, 59, 62, 63, 65, 69, 70, 71, 72, 73, 74, 77, 78, 79, 80, 81, 82, 83, 84, 85, 86, 87, 88]",50,False,2.8743036754695803e-05,-1.876331508615202e-08,9.587266689927318e-06,20.0
E122,173,173,53,120,1064,0.3063583815028902,0.047448522829006266,0.08217054263565891,raja,S24/S38_20190129_035118_2,all_channel,mean,mean__all_channel__E122,32,89,"[1, 2, 7, 9, 10, 12, 13, 14, 15, 17, 18, 19, 20, 21, 22, 23, 24, 32, 33, 34, 35, 38, 40, 42, 44, 45, 46, 52, 59, 62, 63, 65, 69, 70, 71, 72, 73, 74, 77, 78, 79, 80, 81, 82, 83, 84, 85, 86, 87, 88]",50,False,2.692882880671007e-05,1.1862313317902746e-08,8.972322164464056e-06,20.0
E117,81,81,30,51,1087,0.37037037037037035,0.02685765443151298,0.050083472454090144,raja,S24/S38_20190129_035118_2,all_channel,mean,mean__all_channel__E117,32,89,"[1, 2, 7, 9, 10, 12, 13, 14, 15, 17, 18, 19, 20, 21, 22, 23, 24, 32, 33, 34, 35, 38, 40, 42, 44, 45, 46, 52, 59, 62, 63, 65, 69, 70, 71, 72, 73, 74, 77, 78, 79, 80, 81, 82, 83, 84, 85, 86, 87, 88]",50,False,2.6047915654085895e-05,-6.830817720814442e-11,8.682661320754368e-06,20.0
E33,215,215,28,187,1089,0.13023255813953488,0.025067144136078783,0.042042042042042045,raja,S24/S38_20190129_035118_2,all_channel,mean,mean__all_channel__E33,32,89,"[1, 2, 7, 9, 10, 12, 13, 14, 15, 17, 18, 19, 20, 21, 22, 23, 24, 32, 33, 34, 35, 38, 40, 42, 44, 45, 46, 52, 59, 62, 63, 65, 69, 70, 71, 72, 73, 74, 77, 78, 79, 80, 81, 82, 83, 84, 85, 86, 87, 88]",50,False,3.6473768507469774e-05,-3.6766573449472105e-08,1.2170178360306414e-05,20.0
E67,137,137,23,114,1094,0.1678832116788321,0.020590868397493287,0.03668261562998405,raja,S24/S38_20190129_035118_2,all_channel,mean,mean__all_channel__E67,32,89,"[1, 2, 7, 9, 10, 12, 13, 14, 15, 17, 18, 19, 20, 21, 22, 23, 24, 32, 33, 34, 35, 38, 40, 42, 44, 45, 46, 52, 59, 62, 63, 65, 69, 70, 71, 72, 73, 74, 77, 78, 79, 80, 81, 82, 83, 84, 85, 86, 87, 88]",50,False,3.4201712423061835e-05,3.6657516691460385e-09,1.1399348890464229e-05,20.0
E62,87,87,22,65,1095,0.25287356321839083,0.019695613249776187,0.03654485049833887,raja,S24/S38_20190129_035118_2,all_channel,mean,mean__all_channel__E62,32,89,"[1, 2, 7, 9, 10, 12, 13, 14, 15, 17, 18, 19, 20, 21, 22, 23, 24, 32, 33, 34, 35, 38, 40, 42, 44, 45, 46, 52, 59, 62, 63, 65, 69, 70, 71, 72, 73, 74, 77, 78, 79, 80, 81, 82, 83, 84, 85, 86, 87, 88]",50,False,3.164394376902374e-05,-1.0103975980110108e-08,1.0551349248334616e-05,20.0
E77,104,104,18,86,1099,0.17307692307692307,0.01611459265890779,0.02948402948402948,raja,S24/S38_20190129_035118_2,all_channel,mean,mean__all_channel__E77,32,89,"[1, 2, 7, 9, 10, 12, 13, 14, 15, 17, 18, 19, 20, 21, 22, 23, 24, 32, 33, 34, 35, 38, 40, 42, 44, 45, 46, 52, 59, 62, 63, 65, 69, 70, 71, 72, 73, 74, 77, 78, 79, 80, 81, 82, 83, 84, 85, 86, 87, 88]",50,False,3.4933439075618534e-05,-1.6815607984171417e-08,1.1650084894534235e-05,20.0
E112,58,58,14,44,1103,0.2413793103448276,0.012533572068039392,0.023829787234042554,raja,S24/S38_20190129_035118_2,all_channel,mean,mean__all_channel__E112,32,89,"[1, 2, 7, 9, 10, 12, 13, 14, 15, 17, 18, 19, 20, 21, 22, 23, 24, 32, 33, 34, 35, 38, 40, 42, 44, 45, 46, 52, 59, 62, 63, 65, 69, 70, 71, 72, 73, 74, 77, 78, 79, 80, 81, 82, 83, 84, 85, 86, 87, 88]",50,False,6.440160764997656e-05,3.633395155536818e-08,2.1455091232807062e-05,20.0
E84,64,64,10,54,1107,0.15625,0.008952551477170993,0.01693480101608806,raja,S24/S38_20190129_035118_2,all_channel,mean,mean__all_channel__E84,32,89,"[1, 2, 7, 9, 10, 12, 13, 14, 15, 17, 18, 19, 20, 21, 22, 23, 24, 32, 33, 34, 35, 38, 40, 42, 44, 45, 46, 52, 59, 62, 63, 65, 69, 70, 71, 72, 73, 74, 77, 78, 79, 80, 81, 82, 83, 84, 85, 86, 87, 88]",50,False,3.796366567240516e-05,1.3051465109060088e-08,1.2650204735765367e-05,20.0
E109,68,68,10,58,1107,0.14705882352941177,0.008952551477170993,0.016877637130801686,raja,S24/S38_20190129_035118_2,all_channel,mean,mean__all_channel__E109,32,89,"[1, 2, 7, 9, 10, 12, 13, 14, 15, 17, 18, 19, 20, 21, 22, 23, 24, 32, 33, 34, 35, 38, 40, 42, 44, 45, 46, 52, 59, 62, 63, 65, 69, 70, 71, 72, 73, 74, 77, 78, 79, 80, 81, 82, 83, 84, 85, 86, 87, 88]",50,False,2.2798659221426064e-05,1.245692658415987e-08,7.595400764947301e-06,20.0
E75,80,80,9,71,1108,0.1125,0.008057296329453895,0.015037593984962407,raja,S24/S38_20190129_035118_2,all_channel,mean,mean__all_channel__E75,32,89,"[1, 2, 7, 9, 10, 12, 13, 14, 15, 17, 18, 19, 20, 21, 22, 23, 24, 32, 33, 34, 35, 38, 40, 42, 44, 45, 46, 52, 59, 62, 63, 65, 69, 70, 71, 72, 73, 74, 77, 78, 79, 80, 81, 82, 83, 84, 85, 86, 87, 88]",50,False,3.664997673703654e-05,-2.341219938255759e-08,1.2224462978806368e-05,20.0
E70,52,52,6,46,1111,0.11538461538461539,0.005371530886302597,0.010265183917878529,raja,S24/S38_20190129_035118_2,all_channel,mean,mean__all_channel__E70,32,89,"[1, 2, 7, 9, 10, 12, 13, 14, 15, 17, 18, 19, 20, 21, 22, 23, 24, 32, 33, 34, 35, 38, 40, 42, 44, 45, 46, 52, 59, 62, 63, 65, 69, 70, 71, 72, 73, 74, 77, 78, 79, 80, 81, 82, 83, 84, 85, 86, 87, 88]",50,False,3.5148045075538364e-05,8.632279695008057e-09,1.1713137598614451e-05,20.0
E98,58,58,6,52,1111,0.10344827586206896,0.005371530886302597,0.010212765957446808,raja,S24/S38_20190129_035118_2,all_channel,mean,mean__all_channel__E98,32,89,"[1, 2, 7, 9, 10, 12, 13, 14, 15, 17, 18, 19, 20, 21, 22, 23, 24, 32, 33, 34, 35, 38, 40, 42, 44, 45, 46, 52, 59, 62, 63, 65, 69, 70, 71, 72, 73, 74, 77, 78, 79, 80, 81, 82, 83, 84, 85, 86, 87, 88]",50,False,2.4493451731232133e-05,8.9373152816454e-09,8.16150480531683e-06,20.0
E13,20,20,5,15,1112,0.25,0.004476275738585497,0.008795074758135443,raja,S24/S38_20190129_035118_2,all_channel,mean,mean__all_channel__E13,32,89,"[1, 2, 7, 9, 10, 12, 13, 14, 15, 17, 18, 19, 20, 21, 22, 23, 24, 32, 33, 34, 35, 38, 40, 42, 44, 45, 46, 52, 59, 62, 63, 65, 69, 70, 71, 72, 73, 74, 77, 78, 79, 80, 81, 82, 83, 84, 85, 86, 87, 88]",50,False,4.555793498342918e-05,6.451820621530221e-09,1.5183827720935882e-05,20.0
E40,45,45,5,40,1112,0.1111111111111111,0.004476275738585497,0.008605851979345954,raja,S24/S38_20190129_035118_2,all_channel,mean,mean__all_channel__E40,32,89,"[1, 2, 7, 9, 10, 12, 13, 14, 15, 17, 18, 19, 20, 21, 22, 23, 24, 32, 33, 34, 35, 38, 40, 42, 44, 45, 46, 52, 59, 62, 63, 65, 69, 70, 71, 72, 73, 74, 77, 78, 79, 80, 81, 82, 83, 84, 85, 86, 87, 88]",50,False,2.9468338519154202e-05,-3.060049416608753e-08,9.832979671106764e-06,20.0
E104,33,33,4,29,1113,0.12121212121212122,0.0035810205908683975,0.006956521739130434,raja,S24/S38_20190129_035118_2,all_channel,mean,mean__all_channel__E104,32,89,"[1, 2, 7, 9, 10, 12, 13, 14, 15, 17, 18, 19, 20, 21, 22, 23, 24, 32, 33, 34, 35, 38, 40, 42, 44, 45, 46, 52, 59, 62, 63, 65, 69, 70, 71, 72, 73, 74, 77, 78, 79, 80, 81, 82, 83, 84, 85, 86, 87, 88]",50,False,1.7153225932225097e-05,3.887918303155044e-09,5.716446004640647e-06,20.0
E37,38,38,4,34,1113,0.10526315789473684,0.0035810205908683975,0.006926406926406926,raja,S24/S38_20190129_035118_2,all_channel,mean,mean__all_channel__E37,32,89,"[1, 2, 7, 9, 10, 12, 13, 14, 15, 17, 18, 19, 20, 21, 22, 23, 24, 32, 33, 34, 35, 38, 40, 42, 44, 45, 46, 52, 59, 62, 63, 65, 69, 70, 71, 72, 73, 74, 77, 78, 79, 80, 81, 82, 83, 84, 85, 86, 87, 88]",50,False,2.2991580520802094e-05,-8.273066458272578e-09,7.666617862420123e-06,20.0
E60,8,8,2,6,1115,0.25,0.0017905102954341987,0.0035555555555555557,raja,S24/S38_20190129_035118_2,all_channel,mean,mean__all_channel__E60,32,89,"[1, 2, 7, 9, 10, 12, 13, 14, 15, 17, 18, 19, 20, 21, 22, 23, 24, 32, 33, 34, 35, 38, 40, 42, 44, 45, 46, 52, 59, 62, 63, 65, 69, 70, 71, 72, 73, 74, 77, 78, 79, 80, 81, 82, 83, 84, 85, 86, 87, 88]",50,False,3.0228144267313854e-05,-8.164956767973448e-09,1.007876974136061e-05,20.0
E83,71,71,2,69,1115,0.028169014084507043,0.0017905102954341987,0.003367003367003367,raja,S24/S38_20190129_035118_2,all_channel,mean,mean__all_channel__E83,32,89,"[1, 2, 7, 9, 10, 12, 13, 14, 15, 17, 18, 19, 20, 21, 22, 23, 24, 32, 33, 34, 35, 38, 40, 42, 44, 45, 46, 52, 59, 62, 63, 65, 69, 70, 71, 72, 73, 74, 77, 78, 79, 80, 81, 82, 83, 84, 85, 86, 87, 88]",50,False,3.252426822534261e-05,-5.72535160925898e-09,1.0843331192317289e-05,20.0
E47,13,13,1,12,1116,0.07692307692307693,0.0008952551477170994,0.001769911504424779,raja,S24/S38_20190129_035118_2,all_channel,mean,mean__all_channel__E47,32,89,"[1, 2, 7, 9, 10, 12, 13, 14, 15, 17, 18, 19, 20, 21, 22, 23, 24, 32, 33, 34, 35, 38, 40, 42, 44, 45, 46, 52, 59, 62, 63, 65, 69, 70, 71, 72, 73, 74, 77, 78, 79, 80, 81, 82, 83, 84, 85, 86, 87, 88]",50,False,2.96811615006794e-05,-3.2095257760244273e-09,9.894790342151808e-06,20.0
E87,9,9,0,9,1117,0.0,0.0,0.0,raja,S24/S38_20190129_035118_2,all_channel,mean,mean__all_channel__E87,32,89,"[1, 2, 7, 9, 10, 12, 13, 14, 15, 17, 18, 19, 20, 21, 22, 23, 24, 32, 33, 34, 35, 38, 40, 42, 44, 45, 46, 52, 59, 62, 63, 65, 69, 70, 71, 72, 73, 74, 77, 78, 79, 80, 81, 82, 83, 84, 85, 86, 87, 88]",50,False,2.649375788497246e-05,-1.5203073580982546e-08,8.836320319517814e-06,20.0
E59,23,23,0,23,1117,0.0,0.0,0.0,raja,S24/S38_20190129_035118_2,all_channel,mean,mean__all_channel__E59,32,89,"[1, 2, 7, 9, 10, 12, 13, 14, 15, 17, 18, 19, 20, 21, 22, 23, 24, 32, 33, 34, 35, 38, 40, 42, 44, 45, 46, 52, 59, 62, 63, 65, 69, 70, 71, 72, 73, 74, 77, 78, 79, 80, 81, 82, 83, 84, 85, 86, 87, 88]",50,False,3.109359015045435e-05,-1.2934987218331708e-08,1.0368841712557561e-05,20.0
E85,25,25,0,25,1117,0.0,0.0,0.0,raja,S24/S38_20190129_035118_2,all_channel,mean,mean__all_channel__E85,32,89,"[1, 2, 7, 9, 10, 12, 13, 14, 15, 17, 18, 19, 20, 21, 22, 23, 24, 32, 33, 34, 35, 38, 40, 42, 44, 45, 46, 52, 59, 62, 63, 65, 69, 70, 71, 72, 73, 74, 77, 78, 79, 80, 81, 82, 83, 84, 85, 86, 87, 88]",50,False,2.7325189568100824e-05,-4.55074321992183e-09,9.109913437106915e-06,20.0
E91,36,36,0,36,1117,0.0,0.0,0.0,raja,S24/S38_20190129_035118_2,all_channel,mean,mean__all_channel__E91,32,89,"[1, 2, 7, 9, 10, 12, 13, 14, 15, 17, 18, 19, 20, 21, 22, 23, 24, 32, 33, 34, 35, 38, 40, 42, 44, 45, 46, 52, 59, 62, 63, 65, 69, 70, 71, 72, 73, 74, 77, 78, 79, 80, 81, 82, 83, 84, 85, 86, 87, 88]",50,False,3.028941987914733e-05,1.522788766626114e-08,1.009139733049369e-05,20.0
E9,528,528,507,21,610,0.9602272727272727,0.4538943598925694,0.6164133738601824,raja,S24/S38_20190129_035118_2,frontal,median,median__frontal__E9,6,89,"[1, 2, 7, 10, 12, 13, 14, 24, 45, 46, 63, 65, 72, 83]",14,False,0.00011504902000178795,-7.871438116779515e-06,4.097348603952249e-05,20.0
E22,503,503,480,23,637,0.9542743538767395,0.4297224709042077,0.5925925925925924,raja,S24/S38_20190129_035118_2,frontal,median,median__frontal__E22,6,89,"[1, 2, 7, 10, 12, 13, 14, 24, 45, 46, 63, 65, 72, 83]",14,False,0.00011785834164696416,-7.819789376734049e-06,4.189271034123274e-05,20.0
E3,467,467,436,31,681,0.9336188436830836,0.39033124440465533,0.5505050505050505,raja,S24/S38_20190129_035118_2,frontal,median,median__frontal__E3,6,89,"[1, 2, 7, 10, 12, 13, 14, 24, 45, 46, 63, 65, 72, 83]",14,False,6.657818065325306e-05,-4.3990358820325134e-06,2.3659072178428526e-05,20.0
E23,353,353,315,38,802,0.8923512747875354,0.2820053715308863,0.4285714285714286,raja,S24/S38_20190129_035118_2,frontal,median,median__frontal__E23,6,89,"[1, 2, 7, 10, 12, 13, 14, 24, 45, 46, 63, 65, 72, 83]",14,False,6.89077839035097e-05,-4.2997653939192925e-06,2.440251643247633e-05,20.0
E124,216,216,186,30,931,0.8611111111111112,0.1665174574753805,0.2790697674418605,raja,S24/S38_20190129_035118_2,frontal,median,median__frontal__E124,6,89,"[1, 2, 7, 10, 12, 13, 14, 24, 45, 46, 63, 65, 72, 83]",14,False,4.307361732642706e-05,-1.938663979451227e-06,1.5004093768626096e-05,20.0
E24,225,225,154,71,963,0.6844444444444444,0.1378692927484333,0.22950819672131148,raja,S24/S38_20190129_035118_2,frontal,median,median__frontal__E24,6,89,"[1, 2, 7, 10, 12, 13, 14, 24, 45, 46, 63, 65, 72, 83]",14,False,4.2359833007438065e-05,-2.150025599010993e-06,1.483661953548302e-05,20.0
E9,463,463,442,21,675,0.9546436285097192,0.39570277529095793,0.5594936708860759,raja,S24/S38_20190129_035118_2,frontal,mean,mean__frontal__E9,6,89,"[1, 2, 7, 10, 12, 13, 14, 24, 45, 46, 63, 65, 72, 83]",14,False,0.0001229466652327846,2.6207114217143504e-08,4.097348603952249e-05,20.0
E22,417,417,402,15,715,0.9640287769784173,0.35989256938227393,0.5241199478487615,raja,S24/S38_20190129_035118_2,frontal,mean,mean__frontal__E22,6,89,"[1, 2, 7, 10, 12, 13, 14, 24, 45, 46, 63, 65, 72, 83]",14,False,0.00012562118692529327,-5.694409840492959e-08,4.189271034123274e-05,20.0
E3,398,398,371,27,746,0.9321608040201005,0.3321396598030439,0.4897689768976898,raja,S24/S38_20190129_035118_2,frontal,mean,mean__frontal__E3,6,89,"[1, 2, 7, 10, 12, 13, 14, 24, 45, 46, 63, 65, 72, 83]",14,False,7.09987916295777e-05,2.157509429212025e-08,2.3659072178428526e-05,20.0
E23,272,272,243,29,874,0.8933823529411765,0.21754700089525514,0.3498920086393088,raja,S24/S38_20190129_035118_2,frontal,mean,mean__frontal__E23,6,89,"[1, 2, 7, 10, 12, 13, 14, 24, 45, 46, 63, 65, 72, 83]",14,False,7.316804199365709e-05,-3.950730377190197e-08,2.440251643247633e-05,20.0
E124,180,180,154,26,963,0.8555555555555555,0.1378692927484333,0.23747108712413262,raja,S24/S38_20190129_035118_2,frontal,mean,mean__frontal__E124,6,89,"[1, 2, 7, 10, 12, 13, 14, 24, 45, 46, 63, 65, 72, 83]",14,False,4.503377419370377e-05,2.149288782548516e-08,1.5004093768626096e-05,20.0
E24,185,185,124,61,993,0.6702702702702703,0.11101163831692032,0.19047619047619047,raja,S24/S38_20190129_035118_2,frontal,mean,mean__frontal__E24,6,89,"[1, 2, 7, 10, 12, 13, 14, 24, 45, 46, 63, 65, 72, 83]",14,False,4.447129475988982e-05,-3.8563846559241404e-08,1.483661953548302e-05,20.0
E22,490,490,467,23,650,0.9530612244897959,0.41808415398388543,0.5812072184194151,raja,S24/S38_20190129_035118_2,frontal_left,median,median__frontal_left__E22,3,89,"[1, 2, 10, 12, 72, 83]",6,False,0.000119487554695643,-7.277681126316922e-06,4.2255078607319975e-05,20.0
E23,436,436,388,48,729,0.8899082568807339,0.34735899731423453,0.49967804249839015,raja,S24/S38_20190129_035118_2,frontal_left,median,median__frontal_left__E23,3,89,"[1, 2, 10, 12, 72, 83]",6,False,6.467066716797514e-05,-4.510966964577918e-06,2.306054471085102e-05,20.0
E24,258,258,181,77,936,0.7015503875968992,0.162041181736795,0.2632727272727273,raja,S24/S38_20190129_035118_2,frontal_left,median,median__frontal_left__E24,3,89,"[1, 2, 10, 12, 72, 83]",6,False,4.0527453942624416e-05,-2.2163421515212844e-06,1.4247932031381899e-05,20.0
E22,406,406,393,13,724,0.9679802955665024,0.35183527305282003,0.5160866710439921,raja,S24/S38_20190129_035118_2,frontal_left,mean,mean__frontal_left__E22,3,89,"[1, 2, 10, 12, 72, 83]",6,False,0.00012670787994254384,-5.735587941608748e-08,4.2255078607319975e-05,20.0
E23,346,346,308,38,809,0.8901734104046243,0.2757385854968666,0.4210526315789473,raja,S24/S38_20190129_035118_2,frontal_left,mean,mean__frontal_left__E23,3,89,"[1, 2, 10, 12, 72, 83]",6,False,6.912570116237413e-05,-5.593297017891585e-08,2.306054471085102e-05,20.0
E24,220,220,149,71,968,0.6772727272727272,0.13339301700984782,0.22288706058339566,raja,S24/S38_20190129_035118_2,frontal_left,mean,mean__frontal_left__E24,3,89,"[1, 2, 10, 12, 72, 83]",6,False,4.267643834165501e-05,-6.735775249068864e-08,1.4247932031381899e-05,20.0
E9,543,543,521,22,596,0.9594843462246777,0.4664279319606088,0.627710843373494,raja,S24/S38_20190129_035118_2,frontal_right,median,median__frontal_right__E9,3,89,"[7, 10, 12, 13, 14, 24, 45, 46, 63, 65, 72]",11,False,0.00011305543425883588,-9.033378950168242e-06,4.069627106966803e-05,20.0
E3,475,475,443,32,674,0.9326315789473684,0.39659803043867503,0.5565326633165829,raja,S24/S38_20190129_035118_2,frontal_right,median,median__frontal_right__E3,3,89,"[7, 10, 12, 13, 14, 24, 45, 46, 63, 65, 72]",11,False,6.631693784361807e-05,-4.886353187069216e-06,2.3734430343562425e-05,20.0
E124,193,193,168,25,949,0.8704663212435233,0.1504028648164727,0.2564885496183206,raja,S24/S38_20190129_035118_2,frontal_right,median,median__frontal_right__E124,3,89,"[7, 10, 12, 13, 14, 24, 45, 46, 63, 65, 72]",11,False,4.440863124782086e-05,-2.13078034601109e-06,1.5513137197943983e-05,20.0
E9,469,469,446,23,671,0.9509594882729211,0.39928379588182633,0.5624211853720051,raja,S24/S38_20190129_035118_2,frontal_right,mean,mean__frontal_right__E9,3,89,"[7, 10, 12, 13, 14, 24, 45, 46, 63, 65, 72]",11,False,0.00012201734358061057,-7.146962839353731e-08,4.069627106966803e-05,20.0
E3,391,391,364,27,753,0.9309462915601023,0.3258728737690242,0.4827586206896552,raja,S24/S38_20190129_035118_2,frontal_right,mean,mean__frontal_right__E3,3,89,"[7, 10, 12, 13, 14, 24, 45, 46, 63, 65, 72]",11,False,7.118237179598098e-05,-2.0919234706305208e-08,2.3734430343562425e-05,20.0
E124,162,162,137,25,980,0.845679012345679,0.12264995523724262,0.21422986708365913,raja,S24/S38_20190129_035118_2,frontal_right,mean,mean__frontal_right__E124,3,89,"[7, 10, 12, 13, 14, 24, 45, 46, 63, 65, 72]",11,False,4.653776940186476e-05,-1.6421919671857196e-09,1.5513137197943983e-05,20.0
E9,659,659,625,34,492,0.9484066767830045,0.5595344673231871,0.7038288288288288,raja,S24/S38_20190129_035118_2,all_channel,median,median__all_channel__E9,32,59,"[1, 4, 5, 6, 7, 8, 9, 10, 12, 13, 14, 16, 18, 21, 22, 26, 28, 29, 30, 31, 38, 40, 43, 47, 48, 51, 52, 53, 54, 55, 56, 57, 58]",33,False,0.0001022141188170315,-6.150666802501393e-06,3.6121595206510965e-05,30.0
E22,643,643,614,29,503,0.9548989113530326,0.549686660698299,0.6977272727272726,raja,S24/S38_20190129_035118_2,all_channel,median,median__all_channel__E22,32,59,"[1, 4, 5, 6, 7, 8, 9, 10, 12, 13, 14, 16, 18, 21, 22, 26, 28, 29, 30, 31, 38, 40, 43, 47, 48, 51, 52, 53, 54, 55, 56, 57, 58]",33,False,0.00010585339307382573,-6.31372997302173e-06,3.738904101561582e-05,30.0
E3,561,561,521,40,596,0.928698752228164,0.4664279319606088,0.6209773539928487,raja,S24/S38_20190129_035118_2,all_channel,median,median__all_channel__E3,32,59,"[1, 4, 5, 6, 7, 8, 9, 10, 12, 13, 14, 16, 18, 21, 22, 26, 28, 29, 30, 31, 38, 40, 43, 47, 48, 51, 52, 53, 54, 55, 56, 57, 58]",33,False,6.219980715470281e-05,-3.4406228364852546e-06,2.1880143330396018e-05,30.0
E23,491,491,425,66,692,0.8655804480651731,0.38048343777976723,0.5286069651741293,raja,S24/S38_20190129_035118_2,all_channel,median,median__all_channel__E23,32,59,"[1, 4, 5, 6, 7, 8, 9, 10, 12, 13, 14, 16, 18, 21, 22, 26, 28, 29, 30, 31, 38, 40, 43, 47, 48, 51, 52, 53, 54, 55, 56, 57, 58]",33,False,6.286894385377981e-05,-3.804579881379799e-06,2.222450791171987e-05,30.0
E11,470,470,411,59,706,0.874468085106383,0.36794986571172783,0.5179584120982986,raja,S24/S38_20190129_035118_2,all_channel,median,median__all_channel__E11,32,59,"[1, 4, 5, 6, 7, 8, 9, 10, 12, 13, 14, 16, 18, 21, 22, 26, 28, 29, 30, 31, 38, 40, 43, 47, 48, 51, 52, 53, 54, 55, 56, 57, 58]",33,False,4.8467616127538287e-05,-2.3197846878634678e-06,1.6929133605133918e-05,30.0
E26,363,363,276,87,841,0.7603305785123967,0.24709042076991944,0.37297297297297294,raja,S24/S38_20190129_035118_2,all_channel,median,median__all_channel__E26,32,59,"[1, 4, 5, 6, 7, 8, 9, 10, 12, 13, 14, 16, 18, 21, 22, 26, 28, 29, 30, 31, 38, 40, 43, 47, 48, 51, 52, 53, 54, 55, 56, 57, 58]",33,False,6.578062498215046e-05,-4.052367404106194e-06,2.327766412875222e-05,30.0
E124,306,306,257,49,860,0.8398692810457516,0.23008057296329454,0.36120871398453974,raja,S24/S38_20190129_035118_2,all_channel,median,median__all_channel__E124,32,59,"[1, 4, 5, 6, 7, 8, 9, 10, 12, 13, 14, 16, 18, 21, 22, 26, 28, 29, 30, 31, 38, 40, 43, 47, 48, 51, 52, 53, 54, 55, 56, 57, 58]",33,False,4.0082194577271714e-05,-1.5427518144314409e-06,1.3874982130567719e-05,30.0
E24,283,283,199,84,918,0.7031802120141343,0.17815577439570277,0.2842857142857143,raja,S24/S38_20190129_035118_2,all_channel,median,median__all_channel__E24,32,59,"[1, 4, 5, 6, 7, 8, 9, 10, 12, 13, 14, 16, 18, 21, 22, 26, 28, 29, 30, 31, 38, 40, 43, 47, 48, 51, 52, 53, 54, 55, 56, 57, 58]",33,False,3.9716956351923134e-05,-1.9670181257905845e-06,1.3894658159237906e-05,30.0
E28,242,242,77,165,1040,0.3181818181818182,0.06893464637421665,0.1133186166298749,raja,S24/S38_20190129_035118_2,all_channel,median,median__all_channel__E28,32,59,"[1, 4, 5, 6, 7, 8, 9, 10, 12, 13, 14, 16, 18, 21, 22, 26, 28, 29, 30, 31, 38, 40, 43, 47, 48, 51, 52, 53, 54, 55, 56, 57, 58]",33,False,2.800077905706416e-05,-6.869143738653915e-07,9.562564476976516e-06,30.0
E122,154,154,47,107,1070,0.3051948051948052,0.04207699194270367,0.07395751376868608,raja,S24/S38_20190129_035118_2,all_channel,median,median__all_channel__E122,32,59,"[1, 4, 5, 6, 7, 8, 9, 10, 12, 13, 14, 16, 18, 21, 22, 26, 28, 29, 30, 31, 38, 40, 43, 47, 48, 51, 52, 53, 54, 55, 56, 57, 58]",33,False,2.7656918223336962e-05,5.725089884879702e-07,9.028136411616331e-06,30.0
E117,82,82,29,53,1088,0.35365853658536583,0.025962399283795883,0.04837364470391994,raja,S24/S38_20190129_035118_2,all_channel,median,median__all_channel__E117,32,59,"[1, 4, 5, 6, 7, 8, 9, 10, 12, 13, 14, 16, 18, 21, 22, 26, 28, 29, 30, 31, 38, 40, 43, 47, 48, 51, 52, 53, 54, 55, 56, 57, 58]",33,False,2.6115684715693588e-05,-1.0549681825626182e-07,8.74039384464995e-06,30.0
E33,214,214,28,186,1089,0.1308411214953271,0.025067144136078783,0.042073628850488355,raja,S24/S38_20190129_035118_2,all_channel,median,median__all_channel__E33,32,59,"[1, 4, 5, 6, 7, 8, 9, 10, 12, 13, 14, 16, 18, 21, 22, 26, 28, 29, 30, 31, 38, 40, 43, 47, 48, 51, 52, 53, 54, 55, 56, 57, 58]",33,False,3.636510745653144e-05,-4.083824466665921e-07,1.2257829967732678e-05,30.0
E62,76,76,20,56,1097,0.2631578947368421,0.017905102954341987,0.03352891869237217,raja,S24/S38_20190129_035118_2,all_channel,median,median__all_channel__E62,32,59,"[1, 4, 5, 6, 7, 8, 9, 10, 12, 13, 14, 16, 18, 21, 22, 26, 28, 29, 30, 31, 38, 40, 43, 47, 48, 51, 52, 53, 54, 55, 56, 57, 58]",33,False,3.30551400486307e-05,8.387167209622686e-07,1.0738807775889476e-05,30.0
E67,133,133,20,113,1097,0.15037593984962405,0.017905102954341987,0.031999999999999994,raja,S24/S38_20190129_035118_2,all_channel,median,median__all_channel__E67,32,59,"[1, 4, 5, 6, 7, 8, 9, 10, 12, 13, 14, 16, 18, 21, 22, 26, 28, 29, 30, 31, 38, 40, 43, 47, 48, 51, 52, 53, 54, 55, 56, 57, 58]",33,False,3.541312235961897e-05,9.406121751339468e-07,1.1490836728161677e-05,30.0
E77,93,93,17,76,1100,0.1827956989247312,0.01521933751119069,0.02809917355371901,raja,S24/S38_20190129_035118_2,all_channel,median,median__all_channel__E77,32,59,"[1, 4, 5, 6, 7, 8, 9, 10, 12, 13, 14, 16, 18, 21, 22, 26, 28, 29, 30, 31, 38, 40, 43, 47, 48, 51, 52, 53, 54, 55, 56, 57, 58]",33,False,3.621260107522674e-05,8.923172043858247e-07,1.1773427956946974e-05,30.0
E112,54,54,13,41,1104,0.24074074074074073,0.011638316920322292,0.02220324508966695,raja,S24/S38_20190129_035118_2,all_channel,median,median__all_channel__E112,32,59,"[1, 4, 5, 6, 7, 8, 9, 10, 12, 13, 14, 16, 18, 21, 22, 26, 28, 29, 30, 31, 38, 40, 43, 47, 48, 51, 52, 53, 54, 55, 56, 57, 58]",33,False,6.22604302884718e-05,-1.6886630512828943e-08,2.075910563966154e-05,30.0
E109,52,52,9,43,1108,0.17307692307692307,0.008057296329453895,0.015397775876817793,raja,S24/S38_20190129_035118_2,all_channel,median,median__all_channel__E109,32,59,"[1, 4, 5, 6, 7, 8, 9, 10, 12, 13, 14, 16, 18, 21, 22, 26, 28, 29, 30, 31, 38, 40, 43, 47, 48, 51, 52, 53, 54, 55, 56, 57, 58]",33,False,2.366553122182342e-05,7.002219077822844e-07,7.65510310468038e-06,30.0
E75,71,71,9,62,1108,0.1267605633802817,0.008057296329453895,0.015151515151515154,raja,S24/S38_20190129_035118_2,all_channel,median,median__all_channel__E75,32,59,"[1, 4, 5, 6, 7, 8, 9, 10, 12, 13, 14, 16, 18, 21, 22, 26, 28, 29, 30, 31, 38, 40, 43, 47, 48, 51, 52, 53, 54, 55, 56, 57, 58]",33,False,3.7976822725731804e-05,9.761703236040506e-07,1.233355080070925e-05,30.0
E84,60,60,8,52,1109,0.13333333333333333,0.007162041181736795,0.013593882752761258,raja,S24/S38_20190129_035118_2,all_channel,median,median__all_channel__E84,32,59,"[1, 4, 5, 6, 7, 8, 9, 10, 12, 13, 14, 16, 18, 21, 22, 26, 28, 29, 30, 31, 38, 40, 43, 47, 48, 51, 52, 53, 54, 55, 56, 57, 58]",33,False,3.9267044424494596e-05,1.0124400204616964e-06,1.2751534801344301e-05,30.0
E70,49,49,6,43,1111,0.12244897959183673,0.005371530886302597,0.010291595197255575,raja,S24/S38_20190129_035118_2,all_channel,median,median__all_channel__E70,32,59,"[1, 4, 5, 6, 7, 8, 9, 10, 12, 13, 14, 16, 18, 21, 22, 26, 28, 29, 30, 31, 38, 40, 43, 47, 48, 51, 52, 53, 54, 55, 56, 57, 58]",33,False,3.677220490625907e-05,1.1045753270007487e-06,1.1889209859752772e-05,30.0
E13,22,22,5,17,1112,0.22727272727272727,0.004476275738585497,0.00877963125548727,raja,S24/S38_20190129_035118_2,all_channel,median,median__all_channel__E13,32,59,"[1, 4, 5, 6, 7, 8, 9, 10, 12, 13, 14, 16, 18, 21, 22, 26, 28, 29, 30, 31, 38, 40, 43, 47, 48, 51, 52, 53, 54, 55, 56, 57, 58]",33,False,4.493437957596862e-05,-1.7307192519016906e-07,1.503581716705293e-05,30.0
E40,43,43,5,38,1112,0.11627906976744186,0.004476275738585497,0.008620689655172414,raja,S24/S38_20190129_035118_2,all_channel,median,median__all_channel__E40,32,59,"[1, 4, 5, 6, 7, 8, 9, 10, 12, 13, 14, 16, 18, 21, 22, 26, 28, 29, 30, 31, 38, 40, 43, 47, 48, 51, 52, 53, 54, 55, 56, 57, 58]",33,False,2.975580055652039e-05,2.0787741008482337e-07,9.849307715478522e-06,30.0
E98,48,48,5,43,1112,0.10416666666666667,0.004476275738585497,0.008583690987124462,raja,S24/S38_20190129_035118_2,all_channel,median,median__all_channel__E98,32,59,"[1, 4, 5, 6, 7, 8, 9, 10, 12, 13, 14, 16, 18, 21, 22, 26, 28, 29, 30, 31, 38, 40, 43, 47, 48, 51, 52, 53, 54, 55, 56, 57, 58]",33,False,2.5764320181990986e-05,8.979910623063542e-07,8.288776373228211e-06,30.0
E104,31,31,4,27,1113,0.12903225806451613,0.0035810205908683975,0.006968641114982578,raja,S24/S38_20190129_035118_2,all_channel,median,median__all_channel__E104,32,59,"[1, 4, 5, 6, 7, 8, 9, 10, 12, 13, 14, 16, 18, 21, 22, 26, 28, 29, 30, 31, 38, 40, 43, 47, 48, 51, 52, 53, 54, 55, 56, 57, 58]",33,False,1.7698270858528073e-05,3.39535867291104e-07,5.7862449970789895e-06,30.0
E37,37,37,4,33,1113,0.10810810810810811,0.0035810205908683975,0.006932409012131715,raja,S24/S38_20190129_035118_2,all_channel,median,median__all_channel__E37,32,59,"[1, 4, 5, 6, 7, 8, 9, 10, 12, 13, 14, 16, 18, 21, 22, 26, 28, 29, 30, 31, 38, 40, 43, 47, 48, 51, 52, 53, 54, 55, 56, 57, 58]",33,False,2.343391671692951e-05,3.5900521272701466e-07,7.691637168067499e-06,30.0
E60,7,7,2,5,1115,0.2857142857142857,0.0017905102954341987,0.0035587188612099642,raja,S24/S38_20190129_035118_2,all_channel,median,median__all_channel__E60,32,59,"[1, 4, 5, 6, 7, 8, 9, 10, 12, 13, 14, 16, 18, 21, 22, 26, 28, 29, 30, 31, 38, 40, 43, 47, 48, 51, 52, 53, 54, 55, 56, 57, 58]",33,False,3.1295612685942655e-05,9.126295539981895e-07,1.0127661043981489e-05,30.0
E47,14,14,1,13,1116,0.07142857142857142,0.0008952551477170994,0.0017683465959328027,raja,S24/S38_20190129_035118_2,all_channel,median,median__all_channel__E47,32,59,"[1, 4, 5, 6, 7, 8, 9, 10, 12, 13, 14, 16, 18, 21, 22, 26, 28, 29, 30, 31, 38, 40, 43, 47, 48, 51, 52, 53, 54, 55, 56, 57, 58]",33,False,3.019341115406422e-05,5.177436553568059e-07,9.891889166235804e-06,30.0
E87,11,11,0,11,1117,0.0,0.0,0.0,raja,S24/S38_20190129_035118_2,all_channel,median,median__all_channel__E87,32,59,"[1, 4, 5, 6, 7, 8, 9, 10, 12, 13, 14, 16, 18, 21, 22, 26, 28, 29, 30, 31, 38, 40, 43, 47, 48, 51, 52, 53, 54, 55, 56, 57, 58]",33,False,2.6652951733481716e-05,3.523708210107116e-07,8.766860304157002e-06,30.0
E59,12,12,0,12,1117,0.0,0.0,0.0,raja,S24/S38_20190129_035118_2,all_channel,median,median__all_channel__E59,32,59,"[1, 4, 5, 6, 7, 8, 9, 10, 12, 13, 14, 16, 18, 21, 22, 26, 28, 29, 30, 31, 38, 40, 43, 47, 48, 51, 52, 53, 54, 55, 56, 57, 58]",33,False,3.274942212911027e-05,1.1134663867628068e-06,1.0545318580782489e-05,30.0
E85,15,15,0,15,1117,0.0,0.0,0.0,raja,S24/S38_20190129_035118_2,all_channel,median,median__all_channel__E85,32,59,"[1, 4, 5, 6, 7, 8, 9, 10, 12, 13, 14, 16, 18, 21, 22, 26, 28, 29, 30, 31, 38, 40, 43, 47, 48, 51, 52, 53, 54, 55, 56, 57, 58]",33,False,2.8749251688122423e-05,9.388265289467549e-07,9.270141719725222e-06,30.0
E91,23,23,0,23,1117,0.0,0.0,0.0,raja,S24/S38_20190129_035118_2,all_channel,median,median__all_channel__E91,32,59,"[1, 4, 5, 6, 7, 8, 9, 10, 12, 13, 14, 16, 18, 21, 22, 26, 28, 29, 30, 31, 38, 40, 43, 47, 48, 51, 52, 53, 54, 55, 56, 57, 58]",33,False,3.185237406719131e-05,1.139840246774018e-06,1.023751127347243e-05,30.0
E83,45,45,0,45,1117,0.0,0.0,0.0,raja,S24/S38_20190129_035118_2,all_channel,median,median__all_channel__E83,32,59,"[1, 4, 5, 6, 7, 8, 9, 10, 12, 13, 14, 16, 18, 21, 22, 26, 28, 29, 30, 31, 38, 40, 43, 47, 48, 51, 52, 53, 54, 55, 56, 57, 58]",33,False,3.467688622900659e-05,1.2414772047784252e-06,1.1145136341409387e-05,30.0
E9,595,595,570,25,547,0.957983193277311,0.5102954341987467,0.6658878504672898,raja,S24/S38_20190129_035118_2,all_channel,mean,mean__all_channel__E9,32,59,"[1, 4, 5, 6, 7, 8, 9, 10, 12, 13, 14, 16, 18, 21, 22, 26, 28, 29, 30, 31, 38, 40, 43, 47, 48, 51, 52, 53, 54, 55, 56, 57, 58]",33,False,0.00010834821343547235,-1.6572184060539834e-08,3.6121595206510965e-05,30.0
E22,560,560,539,21,578,0.9625,0.4825425246195166,0.6428145497912939,raja,S24/S38_20190129_035118_2,all_channel,mean,mean__all_channel__E22,32,59,"[1, 4, 5, 6, 7, 8, 9, 10, 12, 13, 14, 16, 18, 21, 22, 26, 28, 29, 30, 31, 38, 40, 43, 47, 48, 51, 52, 53, 54, 55, 56, 57, 58]",33,False,0.00011219043923886821,2.3316192020750617e-08,3.738904101561582e-05,30.0
E3,494,494,456,38,661,0.9230769230769231,0.40823634735899733,0.5661080074487896,raja,S24/S38_20190129_035118_2,all_channel,mean,mean__all_channel__E3,32,59,"[1, 4, 5, 6, 7, 8, 9, 10, 12, 13, 14, 16, 18, 21, 22, 26, 28, 29, 30, 31, 38, 40, 43, 47, 48, 51, 52, 53, 54, 55, 56, 57, 58]",33,False,6.562010884429714e-05,-2.0321146890922387e-08,2.1880143330396018e-05,30.0
E11,393,393,353,40,764,0.8982188295165394,0.3160250671441361,0.4675496688741722,raja,S24/S38_20190129_035118_2,all_channel,mean,mean__all_channel__E11,32,59,"[1, 4, 5, 6, 7, 8, 9, 10, 12, 13, 14, 16, 18, 21, 22, 26, 28, 29, 30, 31, 38, 40, 43, 47, 48, 51, 52, 53, 54, 55, 56, 57, 58]",33,False,5.0786854592541614e-05,-5.462228601441997e-10,1.6929133605133918e-05,30.0
E23,388,388,345,43,772,0.8891752577319587,0.3088630259623993,0.4584717607973422,raja,S24/S38_20190129_035118_2,all_channel,mean,mean__all_channel__E23,32,59,"[1, 4, 5, 6, 7, 8, 9, 10, 12, 13, 14, 16, 18, 21, 22, 26, 28, 29, 30, 31, 38, 40, 43, 47, 48, 51, 52, 53, 54, 55, 56, 57, 58]",33,False,6.670677690578402e-05,3.325317062439982e-08,2.222450791171987e-05,30.0
E124,248,248,213,35,904,0.8588709677419355,0.19068934646374217,0.31208791208791203,raja,S24/S38_20190129_035118_2,all_channel,mean,mean__all_channel__E124,32,59,"[1, 4, 5, 6, 7, 8, 9, 10, 12, 13, 14, 16, 18, 21, 22, 26, 28, 29, 30, 31, 38, 40, 43, 47, 48, 51, 52, 53, 54, 55, 56, 57, 58]",33,False,4.1606351015313795e-05,-1.8595376389360382e-08,1.3874982130567719e-05,30.0
E26,285,285,215,70,902,0.7543859649122807,0.19247985675917637,0.3067047075606277,raja,S24/S38_20190129_035118_2,all_channel,mean,mean__all_channel__E26,32,59,"[1, 4, 5, 6, 7, 8, 9, 10, 12, 13, 14, 16, 18, 21, 22, 26, 28, 29, 30, 31, 38, 40, 43, 47, 48, 51, 52, 53, 54, 55, 56, 57, 58]",33,False,6.988045022988593e-05,4.745784362927468e-08,2.327766412875222e-05,30.0
E24,244,244,169,75,948,0.6926229508196722,0.1512981199641898,0.24834680382072005,raja,S24/S38_20190129_035118_2,all_channel,mean,mean__all_channel__E24,32,59,"[1, 4, 5, 6, 7, 8, 9, 10, 12, 13, 14, 16, 18, 21, 22, 26, 28, 29, 30, 31, 38, 40, 43, 47, 48, 51, 52, 53, 54, 55, 56, 57, 58]",33,False,4.170643324603873e-05,2.245876832501213e-08,1.3894658159237906e-05,30.0
E28,215,215,70,145,1047,0.32558139534883723,0.06266786034019696,0.10510510510510512,raja,S24/S38_20190129_035118_2,all_channel,mean,mean__all_channel__E28,32,59,"[1, 4, 5, 6, 7, 8, 9, 10, 12, 13, 14, 16, 18, 21, 22, 26, 28, 29, 30, 31, 38, 40, 43, 47, 48, 51, 52, 53, 54, 55, 56, 57, 58]",33,False,2.871522240012237e-05,2.7528969192822185e-08,9.562564476976516e-06,30.0
E122,166,166,50,116,1067,0.30120481927710846,0.044762757385854966,0.07794232268121591,raja,S24/S38_20190129_035118_2,all_channel,mean,mean__all_channel__E122,32,59,"[1, 4, 5, 6, 7, 8, 9, 10, 12, 13, 14, 16, 18, 21, 22, 26, 28, 29, 30, 31, 38, 40, 43, 47, 48, 51, 52, 53, 54, 55, 56, 57, 58]",33,False,2.7066995500442366e-05,-1.741373440662614e-08,9.028136411616331e-06,30.0
E117,79,79,29,50,1088,0.3670886075949367,0.025962399283795883,0.048494983277591976,raja,S24/S38_20190129_035118_2,all_channel,mean,mean__all_channel__E117,32,59,"[1, 4, 5, 6, 7, 8, 9, 10, 12, 13, 14, 16, 18, 21, 22, 26, 28, 29, 30, 31, 38, 40, 43, 47, 48, 51, 52, 53, 54, 55, 56, 57, 58]",33,False,2.6190594030963902e-05,-3.058750298594751e-08,8.74039384464995e-06,30.0
E33,205,205,25,180,1092,0.12195121951219512,0.022381378692927483,0.037821482602118005,raja,S24/S38_20190129_035118_2,all_channel,mean,mean__all_channel__E33,32,59,"[1, 4, 5, 6, 7, 8, 9, 10, 12, 13, 14, 16, 18, 21, 22, 26, 28, 29, 30, 31, 38, 40, 43, 47, 48, 51, 52, 53, 54, 55, 56, 57, 58]",33,False,3.6788104787159026e-05,1.4614883960991431e-08,1.2257829967732678e-05,30.0
E62,86,86,22,64,1095,0.2558139534883721,0.019695613249776187,0.03657522859517872,raja,S24/S38_20190129_035118_2,all_channel,mean,mean__all_channel__E62,32,59,"[1, 4, 5, 6, 7, 8, 9, 10, 12, 13, 14, 16, 18, 21, 22, 26, 28, 29, 30, 31, 38, 40, 43, 47, 48, 51, 52, 53, 54, 55, 56, 57, 58]",33,False,3.2201669919024374e-05,-1.4753408644052595e-08,1.0738807775889476e-05,30.0
E67,136,136,22,114,1095,0.16176470588235295,0.019695613249776187,0.03511572226656026,raja,S24/S38_20190129_035118_2,all_channel,mean,mean__all_channel__E67,32,59,"[1, 4, 5, 6, 7, 8, 9, 10, 12, 13, 14, 16, 18, 21, 22, 26, 28, 29, 30, 31, 38, 40, 43, 47, 48, 51, 52, 53, 54, 55, 56, 57, 58]",33,False,3.447623835764421e-05,3.728173159181727e-09,1.1490836728161677e-05,30.0
E77,103,103,17,86,1100,0.1650485436893204,0.01521933751119069,0.027868852459016394,raja,S24/S38_20190129_035118_2,all_channel,mean,mean__all_channel__E77,32,59,"[1, 4, 5, 6, 7, 8, 9, 10, 12, 13, 14, 16, 18, 21, 22, 26, 28, 29, 30, 31, 38, 40, 43, 47, 48, 51, 52, 53, 54, 55, 56, 57, 58]",33,False,3.530171766404729e-05,-1.8566206793630423e-08,1.1773427956946974e-05,30.0
E112,54,54,13,41,1104,0.24074074074074073,0.011638316920322292,0.02220324508966695,raja,S24/S38_20190129_035118_2,all_channel,mean,mean__all_channel__E112,32,59,"[1, 4, 5, 6, 7, 8, 9, 10, 12, 13, 14, 16, 18, 21, 22, 26, 28, 29, 30, 31, 38, 40, 43, 47, 48, 51, 52, 53, 54, 55, 56, 57, 58]",33,False,6.227952556002908e-05,2.208641044449602e-09,2.075910563966154e-05,30.0
E84,65,65,10,55,1107,0.15384615384615385,0.008952551477170993,0.016920473773265648,raja,S24/S38_20190129_035118_2,all_channel,mean,mean__all_channel__E84,32,59,"[1, 4, 5, 6, 7, 8, 9, 10, 12, 13, 14, 16, 18, 21, 22, 26, 28, 29, 30, 31, 38, 40, 43, 47, 48, 51, 52, 53, 54, 55, 56, 57, 58]",33,False,3.825787201948453e-05,3.267615451632052e-09,1.2751534801344301e-05,30.0
E109,69,69,10,59,1107,0.14492753623188406,0.008952551477170993,0.016863406408094434,raja,S24/S38_20190129_035118_2,all_channel,mean,mean__all_channel__E109,32,59,"[1, 4, 5, 6, 7, 8, 9, 10, 12, 13, 14, 16, 18, 21, 22, 26, 28, 29, 30, 31, 38, 40, 43, 47, 48, 51, 52, 53, 54, 55, 56, 57, 58]",33,False,2.295763030594615e-05,-7.679008094987648e-09,7.65510310468038e-06,30.0
E75,77,77,9,68,1108,0.11688311688311688,0.008057296329453895,0.015075376884422112,raja,S24/S38_20190129_035118_2,all_channel,mean,mean__all_channel__E75,32,59,"[1, 4, 5, 6, 7, 8, 9, 10, 12, 13, 14, 16, 18, 21, 22, 26, 28, 29, 30, 31, 38, 40, 43, 47, 48, 51, 52, 53, 54, 55, 56, 57, 58]",33,False,3.700341910907095e-05,2.766706943200234e-09,1.233355080070925e-05,30.0
E70,53,53,7,46,1110,0.1320754716981132,0.006266786034019696,0.011965811965811965,raja,S24/S38_20190129_035118_2,all_channel,mean,mean__all_channel__E70,32,59,"[1, 4, 5, 6, 7, 8, 9, 10, 12, 13, 14, 16, 18, 21, 22, 26, 28, 29, 30, 31, 38, 40, 43, 47, 48, 51, 52, 53, 54, 55, 56, 57, 58]",33,False,3.566554914152271e-05,-2.0804377356082e-09,1.1889209859752772e-05,30.0
E98,55,55,6,49,1111,0.10909090909090909,0.005371530886302597,0.010238907849829353,raja,S24/S38_20190129_035118_2,all_channel,mean,mean__all_channel__E98,32,59,"[1, 4, 5, 6, 7, 8, 9, 10, 12, 13, 14, 16, 18, 21, 22, 26, 28, 29, 30, 31, 38, 40, 43, 47, 48, 51, 52, 53, 54, 55, 56, 57, 58]",33,False,2.485984599586103e-05,-6.4831238236022974e-09,8.288776373228211e-06,30.0
E13,21,21,5,16,1112,0.23809523809523808,0.004476275738585497,0.008787346221441126,raja,S24/S38_20190129_035118_2,all_channel,mean,mean__all_channel__E13,32,59,"[1, 4, 5, 6, 7, 8, 9, 10, 12, 13, 14, 16, 18, 21, 22, 26, 28, 29, 30, 31, 38, 40, 43, 47, 48, 51, 52, 53, 54, 55, 56, 57, 58]",33,False,4.5049594050385904e-05,-5.785745077288651e-08,1.503581716705293e-05,30.0
E104,34,34,5,29,1112,0.14705882352941177,0.004476275738585497,0.008688097306689834,raja,S24/S38_20190129_035118_2,all_channel,mean,mean__all_channel__E104,32,59,"[1, 4, 5, 6, 7, 8, 9, 10, 12, 13, 14, 16, 18, 21, 22, 26, 28, 29, 30, 31, 38, 40, 43, 47, 48, 51, 52, 53, 54, 55, 56, 57, 58]",33,False,1.7348214416957148e-05,-1.0520574279822003e-08,5.7862449970789895e-06,30.0
E37,38,38,5,33,1112,0.13157894736842105,0.004476275738585497,0.008658008658008658,raja,S24/S38_20190129_035118_2,all_channel,mean,mean__all_channel__E37,32,59,"[1, 4, 5, 6, 7, 8, 9, 10, 12, 13, 14, 16, 18, 21, 22, 26, 28, 29, 30, 31, 38, 40, 43, 47, 48, 51, 52, 53, 54, 55, 56, 57, 58]",33,False,2.306146433102499e-05,-1.344717317750772e-08,7.691637168067499e-06,30.0
E40,43,43,5,38,1112,0.11627906976744186,0.004476275738585497,0.008620689655172414,raja,S24/S38_20190129_035118_2,all_channel,mean,mean__all_channel__E40,32,59,"[1, 4, 5, 6, 7, 8, 9, 10, 12, 13, 14, 16, 18, 21, 22, 26, 28, 29, 30, 31, 38, 40, 43, 47, 48, 51, 52, 53, 54, 55, 56, 57, 58]",33,False,2.9551277147810227e-05,3.35400137466102e-09,9.849307715478522e-06,30.0
E60,7,7,2,5,1115,0.2857142857142857,0.0017905102954341987,0.0035587188612099642,raja,S24/S38_20190129_035118_2,all_channel,mean,mean__all_channel__E60,32,59,"[1, 4, 5, 6, 7, 8, 9, 10, 12, 13, 14, 16, 18, 21, 22, 26, 28, 29, 30, 31, 38, 40, 43, 47, 48, 51, 52, 53, 54, 55, 56, 57, 58]",33,False,3.0384345346718974e-05,1.3622147745076686e-09,1.0127661043981489e-05,30.0
E47,13,13,1,12,1116,0.07692307692307693,0.0008952551477170994,0.001769911504424779,raja,S24/S38_20190129_035118_2,all_channel,mean,mean__all_channel__E47,32,59,"[1, 4, 5, 6, 7, 8, 9, 10, 12, 13, 14, 16, 18, 21, 22, 26, 28, 29, 30, 31, 38, 40, 43, 47, 48, 51, 52, 53, 54, 55, 56, 57, 58]",33,False,2.9696533507686317e-05,2.086600897890528e-08,9.891889166235804e-06,30.0
E83,58,58,1,57,1116,0.017241379310344827,0.0008952551477170994,0.0017021276595744679,raja,S24/S38_20190129_035118_2,all_channel,mean,mean__all_channel__E83,32,59,"[1, 4, 5, 6, 7, 8, 9, 10, 12, 13, 14, 16, 18, 21, 22, 26, 28, 29, 30, 31, 38, 40, 43, 47, 48, 51, 52, 53, 54, 55, 56, 57, 58]",33,False,3.343569251175626e-05,2.834875280934426e-10,1.1145136341409387e-05,30.0
E87,12,12,0,12,1117,0.0,0.0,0.0,raja,S24/S38_20190129_035118_2,all_channel,mean,mean__all_channel__E87,32,59,"[1, 4, 5, 6, 7, 8, 9, 10, 12, 13, 14, 16, 18, 21, 22, 26, 28, 29, 30, 31, 38, 40, 43, 47, 48, 51, 52, 53, 54, 55, 56, 57, 58]",33,False,2.627316104255181e-05,-2.7419869919197e-08,8.766860304157002e-06,30.0
E59,20,20,0,20,1117,0.0,0.0,0.0,raja,S24/S38_20190129_035118_2,all_channel,mean,mean__all_channel__E59,32,59,"[1, 4, 5, 6, 7, 8, 9, 10, 12, 13, 14, 16, 18, 21, 22, 26, 28, 29, 30, 31, 38, 40, 43, 47, 48, 51, 52, 53, 54, 55, 56, 57, 58]",33,False,3.163993068597459e-05,3.9749436271246314e-09,1.0545318580782489e-05,30.0
E85,20,20,0,20,1117,0.0,0.0,0.0,raja,S24/S38_20190129_035118_2,all_channel,mean,mean__all_channel__E85,32,59,"[1, 4, 5, 6, 7, 8, 9, 10, 12, 13, 14, 16, 18, 21, 22, 26, 28, 29, 30, 31, 38, 40, 43, 47, 48, 51, 52, 53, 54, 55, 56, 57, 58]",33,False,2.780867224125706e-05,-1.7529179186062547e-09,9.270141719725222e-06,30.0
E91,29,29,0,29,1117,0.0,0.0,0.0,raja,S24/S38_20190129_035118_2,all_channel,mean,mean__all_channel__E91,32,59,"[1, 4, 5, 6, 7, 8, 9, 10, 12, 13, 14, 16, 18, 21, 22, 26, 28, 29, 30, 31, 38, 40, 43, 47, 48, 51, 52, 53, 54, 55, 56, 57, 58]",33,False,3.070888117746964e-05,-3.652642947654123e-09,1.023751127347243e-05,30.0
E9,503,503,478,25,639,0.9502982107355865,0.4279319606087735,0.5901234567901235,raja,S24/S38_20190129_035118_2,frontal,median,median__frontal__E9,6,59,"[1, 4, 5, 6, 7, 8, 9, 13, 18, 30, 31, 43, 48, 57]",14,False,0.0001189361869550313,-8.258844948683152e-06,4.239834396790482e-05,30.0
E22,467,467,447,20,670,0.9571734475374732,0.40017905102954343,0.5643939393939393,raja,S24/S38_20190129_035118_2,frontal,median,median__frontal__E22,6,59,"[1, 4, 5, 6, 7, 8, 9, 13, 18, 30, 31, 43, 48, 57]",14,False,0.00012171951934174804,-8.037027545840501e-06,4.3252182295862845e-05,30.0
E3,425,425,398,27,719,0.9364705882352942,0.35631154879140553,0.5162127107652399,raja,S24/S38_20190129_035118_2,frontal,median,median__frontal__E3,6,59,"[1, 4, 5, 6, 7, 8, 9, 13, 18, 30, 31, 43, 48, 57]",14,False,6.918713947464853e-05,-4.4674803161209616e-06,2.45515399302565e-05,30.0
E23,303,303,274,29,843,0.9042904290429042,0.24529991047448524,0.3859154929577465,raja,S24/S38_20190129_035118_2,frontal,median,median__frontal__E23,6,59,"[1, 4, 5, 6, 7, 8, 9, 13, 18, 30, 31, 43, 48, 57]",14,False,7.116059945453316e-05,-4.290335835319398e-06,2.5150311763284186e-05,30.0
E124,202,202,175,27,942,0.8663366336633663,0.1566696508504924,0.2653525398028809,raja,S24/S38_20190129_035118_2,frontal,median,median__frontal__E124,6,59,"[1, 4, 5, 6, 7, 8, 9, 13, 18, 30, 31, 43, 48, 57]",14,False,4.383803214950417e-05,-2.07753669161432e-06,1.5305189613706165e-05,30.0
E24,202,202,136,66,981,0.6732673267326733,0.12175470008952552,0.20621683093252466,raja,S24/S38_20190129_035118_2,frontal,median,median__frontal__E24,6,59,"[1, 4, 5, 6, 7, 8, 9, 13, 18, 30, 31, 43, 48, 57]",14,False,4.357921027807313e-05,-2.199174805794998e-06,1.525946169462271e-05,30.0
E9,421,421,406,15,711,0.9643705463182898,0.36347358997314233,0.5279583875162549,raja,S24/S38_20190129_035118_2,frontal,mean,mean__frontal__E9,6,59,"[1, 4, 5, 6, 7, 8, 9, 13, 18, 30, 31, 43, 48, 57]",14,False,0.0001271357847207932,-5.9247182921233926e-08,4.239834396790482e-05,30.0
E22,378,378,367,11,750,0.9708994708994709,0.3285586392121755,0.4909698996655518,raja,S24/S38_20190129_035118_2,frontal,mean,mean__frontal__E22,6,59,"[1, 4, 5, 6, 7, 8, 9, 13, 18, 30, 31, 43, 48, 57]",14,False,0.0001297364285274913,-2.0118360097245332e-08,4.3252182295862845e-05,30.0
E3,356,356,329,27,788,0.9241573033707865,0.2945389435989257,0.44670739986422264,raja,S24/S38_20190129_035118_2,frontal,mean,mean__frontal__E3,6,59,"[1, 4, 5, 6, 7, 8, 9, 13, 18, 30, 31, 43, 48, 57]",14,False,7.36054546633974e-05,-4.9165127372106756e-08,2.45515399302565e-05,30.0
E23,237,237,216,21,901,0.9113924050632911,0.19337511190689347,0.3190546528803545,raja,S24/S38_20190129_035118_2,frontal,mean,mean__frontal__E23,6,59,"[1, 4, 5, 6, 7, 8, 9, 13, 18, 30, 31, 43, 48, 57]",14,False,7.54780276292763e-05,2.7092339423750477e-08,2.5150311763284186e-05,30.0
E124,166,166,141,25,976,0.8493975903614458,0.12623097582811102,0.21979734996102884,raja,S24/S38_20190129_035118_2,frontal,mean,mean__frontal__E124,6,59,"[1, 4, 5, 6, 7, 8, 9, 13, 18, 30, 31, 43, 48, 57]",14,False,4.586874678688281e-05,-4.682205423568651e-08,1.5305189613706165e-05,30.0
E24,160,160,109,51,1008,0.68125,0.09758281110116383,0.1707126076742365,raja,S24/S38_20190129_035118_2,frontal,mean,mean__frontal__E24,6,59,"[1, 4, 5, 6, 7, 8, 9, 13, 18, 30, 31, 43, 48, 57]",14,False,4.579749022905407e-05,1.9105145185944747e-08,1.525946169462271e-05,30.0
E22,503,503,480,23,637,0.9542743538767395,0.4297224709042077,0.5925925925925924,raja,S24/S38_20190129_035118_2,frontal_left,median,median__frontal_left__E22,3,59,"[7, 8, 9, 13, 30, 48, 57]",7,False,0.00011777812895345577,-8.453796535150774e-06,4.207730849620218e-05,30.0
E23,392,392,348,44,769,0.8877551020408163,0.3115487914055506,0.46123260437375746,raja,S24/S38_20190129_035118_2,frontal_left,median,median__frontal_left__E23,3,59,"[7, 8, 9, 13, 30, 48, 57]",7,False,6.65629054502456e-05,-4.531780116657809e-06,2.3698228522301138e-05,30.0
E24,273,273,193,80,924,0.706959706959707,0.1727842435094002,0.27769784172661877,raja,S24/S38_20190129_035118_2,frontal_left,median,median__frontal_left__E24,3,59,"[7, 8, 9, 13, 30, 48, 57]",7,False,4.006738581175011e-05,-2.3760707693545165e-06,1.4147818860368208e-05,30.0
E22,416,416,402,14,715,0.9663461538461539,0.35989256938227393,0.5244618395303327,raja,S24/S38_20190129_035118_2,frontal_left,mean,mean__frontal_left__E22,3,59,"[7, 8, 9, 13, 30, 48, 57]",7,False,0.00012610007088333355,-1.3185460527298576e-07,4.207730849620218e-05,30.0
E23,308,308,280,28,837,0.9090909090909091,0.25067144136078784,0.3929824561403509,raja,S24/S38_20190129_035118_2,frontal_left,mean,mean__frontal_left__E23,3,59,"[7, 8, 9, 13, 30, 48, 57]",7,False,7.104627089764191e-05,-4.841466926150997e-08,2.3698228522301138e-05,30.0
E24,222,222,155,67,962,0.6981981981981982,0.1387645478961504,0.2315160567587752,raja,S24/S38_20190129_035118_2,frontal_left,mean,mean__frontal_left__E24,3,59,"[7, 8, 9, 13, 30, 48, 57]",7,False,4.2420432402187485e-05,-2.3024178917140215e-08,1.4147818860368208e-05,30.0
E9,482,482,458,24,659,0.950207468879668,0.41002685765443153,0.5728580362726705,raja,S24/S38_20190129_035118_2,frontal_right,median,median__frontal_right__E9,3,59,"[1, 4, 5, 6, 8, 18, 30, 31, 43, 48]",10,False,0.0001205305002861117,-8.62581075106294e-06,4.305210367905822e-05,30.0
E3,401,401,373,28,744,0.9301745635910225,0.3339301700984781,0.4914361001317523,raja,S24/S38_20190129_035118_2,frontal_right,median,median__frontal_right__E3,3,59,"[1, 4, 5, 6, 8, 18, 30, 31, 43, 48]",10,False,7.047680583435272e-05,-4.854786951946175e-06,2.5110530928766295e-05,30.0
E124,186,186,162,24,955,0.8709677419354839,0.1450313339301701,0.24865694551036066,raja,S24/S38_20190129_035118_2,frontal_right,median,median__frontal_right__E124,3,59,"[1, 4, 5, 6, 8, 18, 30, 31, 43, 48]",10,False,4.456270302479752e-05,-2.291438192842982e-06,1.5618047072546834e-05,30.0
E9,397,397,387,10,730,0.9748110831234257,0.34646374216651743,0.511228533685601,raja,S24/S38_20190129_035118_2,frontal_right,mean,mean__frontal_right__E9,3,59,"[1, 4, 5, 6, 8, 18, 30, 31, 43, 48]",10,False,0.00012913248476705325,-2.3826270121390248e-08,4.305210367905822e-05,30.0
E3,328,328,306,22,811,0.9329268292682927,0.2739480752014324,0.4235294117647059,raja,S24/S38_20190129_035118_2,frontal_right,mean,mean__frontal_right__E3,3,59,"[1, 4, 5, 6, 8, 18, 30, 31, 43, 48]",10,False,7.529587334025396e-05,-3.57194460449279e-08,2.5110530928766295e-05,30.0
E124,159,159,137,22,980,0.8616352201257862,0.12264995523724262,0.21473354231974923,raja,S24/S38_20190129_035118_2,frontal_right,mean,mean__frontal_right__E124,3,59,"[1, 4, 5, 6, 8, 18, 30, 31, 43, 48]",10,False,4.6829193547511556e-05,-2.4947670128945593e-08,1.5618047072546834e-05,30.0
E9,703,703,658,45,459,0.9359886201991465,0.5890778871978514,0.7230769230769231,raja,S24/S38_20190129_035118_2,all_channel,median,median__all_channel__E9,32,44,"[5, 6, 7, 9, 10, 12, 16, 20, 22, 32, 35, 36, 39, 40, 42, 43]",16,False,9.757726970501375e-05,-5.880020850637554e-06,3.448576351855044e-05,40.0
E22,629,629,603,26,514,0.958664546899841,0.5398388540734109,0.6907216494845361,raja,S24/S38_20190129_035118_2,all_channel,median,median__all_channel__E22,32,44,"[5, 6, 7, 9, 10, 12, 16, 20, 22, 32, 35, 36, 39, 40, 42, 43]",16,False,0.00010697562035340725,-6.551217689536897e-06,3.784227934764805e-05,40.0
E3,640,640,585,55,532,0.9140625,0.5237242614145031,0.665907797381901,raja,S24/S38_20190129_035118_2,all_channel,median,median__all_channel__E3,32,44,"[5, 6, 7, 9, 10, 12, 16, 20, 22, 32, 35, 36, 39, 40, 42, 43]",16,False,5.846732143598359e-05,-3.3228750124795015e-06,2.0596732149487698e-05,40.0
E11,507,507,446,61,671,0.8796844181459567,0.39928379588182633,0.5492610837438424,raja,S24/S38_20190129_035118_2,all_channel,median,median__all_channel__E11,32,44,"[5, 6, 7, 9, 10, 12, 16, 20, 22, 32, 35, 36, 39, 40, 42, 43]",16,False,4.729491611956931e-05,-2.3013427778086627e-06,1.653208629912599e-05,40.0
E23,479,479,419,60,698,0.8747390396659708,0.37511190689346463,0.525062656641604,raja,S24/S38_20190129_035118_2,all_channel,median,median__all_channel__E23,32,44,"[5, 6, 7, 9, 10, 12, 16, 20, 22, 32, 35, 36, 39, 40, 42, 43]",16,False,6.309211004255017e-05,-3.6406964079641144e-06,2.2244268816838095e-05,40.0
E124,343,343,288,55,829,0.8396501457725948,0.25783348254252464,0.3945205479452055,raja,S24/S38_20190129_035118_2,all_channel,median,median__all_channel__E124,32,44,"[5, 6, 7, 9, 10, 12, 16, 20, 22, 32, 35, 36, 39, 40, 42, 43]",16,False,3.868892320486554e-05,-1.4914399179165622e-06,1.3393454374260702e-05,40.0
E26,360,360,272,88,845,0.7555555555555555,0.24350940017905104,0.36831415030467163,raja,S24/S38_20190129_035118_2,all_channel,median,median__all_channel__E26,32,44,"[5, 6, 7, 9, 10, 12, 16, 20, 22, 32, 35, 36, 39, 40, 42, 43]",16,False,6.607093255089186e-05,-3.850305670575091e-06,2.330707940715565e-05,40.0
E24,292,292,208,84,909,0.7123287671232876,0.18621307072515667,0.2952448545067423,raja,S24/S38_20190129_035118_2,all_channel,median,median__all_channel__E24,32,44,"[5, 6, 7, 9, 10, 12, 16, 20, 22, 32, 35, 36, 39, 40, 42, 43]",16,False,3.953226576903668e-05,-1.8976136118946696e-06,1.3809959793643786e-05,40.0
E28,248,248,81,167,1036,0.32661290322580644,0.07251566696508505,0.11868131868131868,raja,S24/S38_20190129_035118_2,all_channel,median,median__all_channel__E28,32,44,"[5, 6, 7, 9, 10, 12, 16, 20, 22, 32, 35, 36, 39, 40, 42, 43]",16,False,2.7792535636420696e-05,-6.018676693619347e-07,9.464801101927543e-06,40.0
E122,147,147,42,105,1075,0.2857142857142857,0.03760071620411817,0.06645569620253164,raja,S24/S38_20190129_035118_2,all_channel,median,median__all_channel__E122,32,44,"[5, 6, 7, 9, 10, 12, 16, 20, 22, 32, 35, 36, 39, 40, 42, 43]",16,False,2.7869990945683234e-05,5.079571356529708e-07,9.120677936676754e-06,40.0
E117,86,86,33,53,1084,0.38372093023255816,0.02954341987466428,0.054862842892768084,raja,S24/S38_20190129_035118_2,all_channel,median,median__all_channel__E117,32,44,"[5, 6, 7, 9, 10, 12, 16, 20, 22, 32, 35, 36, 39, 40, 42, 43]",16,False,2.5116454611700923e-05,-2.092566842220681e-07,8.441903765307664e-06,40.0
E33,248,248,33,215,1084,0.13306451612903225,0.02954341987466428,0.048351648351648346,raja,S24/S38_20190129_035118_2,all_channel,median,median__all_channel__E33,32,44,"[5, 6, 7, 9, 10, 12, 16, 20, 22, 32, 35, 36, 39, 40, 42, 43]",16,False,3.4465900698371385e-05,-3.3804230027569197e-07,1.1601314332882358e-05,40.0
E67,128,128,20,108,1097,0.15625,0.017905102954341987,0.0321285140562249,raja,S24/S38_20190129_035118_2,all_channel,median,median__all_channel__E67,32,44,"[5, 6, 7, 9, 10, 12, 16, 20, 22, 32, 35, 36, 39, 40, 42, 43]",16,False,3.5595925099335156e-05,8.544771577762626e-07,1.1580482647186297e-05,40.0
E62,72,72,19,53,1098,0.2638888888888889,0.017009847806624886,0.03195962994112699,raja,S24/S38_20190129_035118_2,all_channel,median,median__all_channel__E62,32,44,"[5, 6, 7, 9, 10, 12, 16, 20, 22, 32, 35, 36, 39, 40, 42, 43]",16,False,3.3181900928145935e-05,7.114695705277664e-07,1.0823477119206056e-05,40.0
E77,91,91,16,75,1101,0.17582417582417584,0.01432408236347359,0.02649006622516556,raja,S24/S38_20190129_035118_2,all_channel,median,median__all_channel__E77,32,44,"[5, 6, 7, 9, 10, 12, 16, 20, 22, 32, 35, 36, 39, 40, 42, 43]",16,False,3.659839299189925e-05,8.655190166839703e-07,1.1910957991738425e-05,40.0
E112,39,39,9,30,1108,0.23076923076923078,0.008057296329453895,0.015570934256055364,raja,S24/S38_20190129_035118_2,all_channel,median,median__all_channel__E112,32,44,"[5, 6, 7, 9, 10, 12, 16, 20, 22, 32, 35, 36, 39, 40, 42, 43]",16,False,6.490339049272e-05,1.9343958957393386e-07,2.156998363438202e-05,40.0
E75,66,66,9,57,1108,0.13636363636363635,0.008057296329453895,0.015215553677092139,raja,S24/S38_20190129_035118_2,all_channel,median,median__all_channel__E75,32,44,"[5, 6, 7, 9, 10, 12, 16, 20, 22, 32, 35, 36, 39, 40, 42, 43]",16,False,3.821004867670878e-05,8.185526395916835e-07,1.2463832012372363e-05,40.0
E84,56,56,8,48,1109,0.14285714285714285,0.007162041181736795,0.013640238704177321,raja,S24/S38_20190129_035118_2,all_channel,median,median__all_channel__E84,32,44,"[5, 6, 7, 9, 10, 12, 16, 20, 22, 32, 35, 36, 39, 40, 42, 43]",16,False,3.987503545990275e-05,1.0366971521584549e-06,1.29461127692481e-05,40.0
E109,48,48,7,41,1110,0.14583333333333334,0.006266786034019696,0.01201716738197425,raja,S24/S38_20190129_035118_2,all_channel,median,median__all_channel__E109,32,44,"[5, 6, 7, 9, 10, 12, 16, 20, 22, 32, 35, 36, 39, 40, 42, 43]",16,False,2.388981080485588e-05,6.856781306519095e-07,7.734710891401324e-06,40.0
E70,49,49,7,42,1110,0.14285714285714285,0.006266786034019696,0.012006861063464836,raja,S24/S38_20190129_035118_2,all_channel,median,median__all_channel__E70,32,44,"[5, 6, 7, 9, 10, 12, 16, 20, 22, 32, 35, 36, 39, 40, 42, 43]",16,False,3.642911146561686e-05,1.0175775844335346e-06,1.1803844627061107e-05,40.0
E13,20,20,5,15,1112,0.25,0.004476275738585497,0.008795074758135443,raja,S24/S38_20190129_035118_2,all_channel,median,median__all_channel__E13,32,44,"[5, 6, 7, 9, 10, 12, 16, 20, 22, 32, 35, 36, 39, 40, 42, 43]",16,False,4.593539842655266e-05,-9.565457059320369e-08,1.5343684332381956e-05,40.0
E98,46,46,5,41,1112,0.10869565217391304,0.004476275738585497,0.008598452278589852,raja,S24/S38_20190129_035118_2,all_channel,median,median__all_channel__E98,32,44,"[5, 6, 7, 9, 10, 12, 16, 20, 22, 32, 35, 36, 39, 40, 42, 43]",16,False,2.608911070942929e-05,8.224435908017263e-07,8.422222372875854e-06,40.0
E40,54,54,5,49,1112,0.09259259259259259,0.004476275738585497,0.008539709649871904,raja,S24/S38_20190129_035118_2,all_channel,median,median__all_channel__E40,32,44,"[5, 6, 7, 9, 10, 12, 16, 20, 22, 32, 35, 36, 39, 40, 42, 43]",16,False,2.8794643929105135e-05,2.9303502184290226e-07,9.500536302420744e-06,40.0
E104,33,33,4,29,1113,0.12121212121212122,0.0035810205908683975,0.006956521739130434,raja,S24/S38_20190129_035118_2,all_channel,median,median__all_channel__E104,32,44,"[5, 6, 7, 9, 10, 12, 16, 20, 22, 32, 35, 36, 39, 40, 42, 43]",16,False,1.7561230103904003e-05,2.787049859183542e-07,5.760841705995216e-06,40.0
E37,37,37,4,33,1113,0.10810810810810811,0.0035810205908683975,0.006932409012131715,raja,S24/S38_20190129_035118_2,all_channel,median,median__all_channel__E37,32,44,"[5, 6, 7, 9, 10, 12, 16, 20, 22, 32, 35, 36, 39, 40, 42, 43]",16,False,2.376624916146995e-05,2.981148197607991e-07,7.822711447236383e-06,40.0
E60,8,8,2,6,1115,0.25,0.0017905102954341987,0.0035555555555555557,raja,S24/S38_20190129_035118_2,all_channel,median,median__all_channel__E60,32,44,"[5, 6, 7, 9, 10, 12, 16, 20, 22, 32, 35, 36, 39, 40, 42, 43]",16,False,3.1235167377280454e-05,8.94888778373343e-07,1.0113426199635703e-05,40.0
E47,12,12,1,11,1116,0.08333333333333333,0.0008952551477170994,0.0017714791851195747,raja,S24/S38_20190129_035118_2,all_channel,median,median__all_channel__E47,32,44,"[5, 6, 7, 9, 10, 12, 16, 20, 22, 32, 35, 36, 39, 40, 42, 43]",16,False,2.9644398697279177e-05,5.277118572861764e-07,9.705562279997666e-06,40.0
E87,11,11,0,11,1117,0.0,0.0,0.0,raja,S24/S38_20190129_035118_2,all_channel,median,median__all_channel__E87,32,44,"[5, 6, 7, 9, 10, 12, 16, 20, 22, 32, 35, 36, 39, 40, 42, 43]",16,False,2.700798387111348e-05,3.4216763426787506e-07,8.88860541228187e-06,40.0
E59,15,15,0,15,1117,0.0,0.0,0.0,raja,S24/S38_20190129_035118_2,all_channel,median,median__all_channel__E59,32,44,"[5, 6, 7, 9, 10, 12, 16, 20, 22, 32, 35, 36, 39, 40, 42, 43]",16,False,3.2437793496295635e-05,1.1278807980750938e-06,1.0436637566073515e-05,40.0
E85,15,15,0,15,1117,0.0,0.0,0.0,raja,S24/S38_20190129_035118_2,all_channel,median,median__all_channel__E85,32,44,"[5, 6, 7, 9, 10, 12, 16, 20, 22, 32, 35, 36, 39, 40, 42, 43]",16,False,2.9051135204764675e-05,9.142002442367897e-07,9.378978320175961e-06,40.0
E91,23,23,0,23,1117,0.0,0.0,0.0,raja,S24/S38_20190129_035118_2,all_channel,median,median__all_channel__E91,32,44,"[5, 6, 7, 9, 10, 12, 16, 20, 22, 32, 35, 36, 39, 40, 42, 43]",16,False,3.218946116537944e-05,1.1663297347852195e-06,1.0341043810198074e-05,40.0
E83,49,49,0,49,1117,0.0,0.0,0.0,raja,S24/S38_20190129_035118_2,all_channel,median,median__all_channel__E83,32,44,"[5, 6, 7, 9, 10, 12, 16, 20, 22, 32, 35, 36, 39, 40, 42, 43]",16,False,3.439852309033263e-05,1.1526046793233573e-06,1.1081972803669758e-05,40.0
E9,641,641,610,31,507,0.9516380655226209,0.5461056401074306,0.6939704209328782,raja,S24/S38_20190129_035118_2,all_channel,mean,mean__all_channel__E9,32,44,"[5, 6, 7, 9, 10, 12, 16, 20, 22, 32, 35, 36, 39, 40, 42, 43]",16,False,0.00010331469621885167,-1.4259433679963485e-07,3.448576351855044e-05,40.0
E22,540,540,520,20,597,0.9629629629629629,0.4655326768128917,0.627640313820157,raja,S24/S38_20190129_035118_2,all_channel,mean,mean__all_channel__E22,32,44,"[5, 6, 7, 9, 10, 12, 16, 20, 22, 32, 35, 36, 39, 40, 42, 43]",16,False,0.00011336383782301186,-1.6300021993228167e-07,3.784227934764805e-05,40.0
E3,566,566,527,39,590,0.931095406360424,0.4717994628469114,0.6262626262626263,raja,S24/S38_20190129_035118_2,all_channel,mean,mean__all_channel__E3,32,44,"[5, 6, 7, 9, 10, 12, 16, 20, 22, 32, 35, 36, 39, 40, 42, 43]",16,False,6.17220996151253e-05,-6.809683333778833e-08,2.0596732149487698e-05,40.0
E11,428,428,381,47,736,0.8901869158878505,0.3410922112802149,0.49320388349514566,raja,S24/S38_20190129_035118_2,all_channel,mean,mean__all_channel__E11,32,44,"[5, 6, 7, 9, 10, 12, 16, 20, 22, 32, 35, 36, 39, 40, 42, 43]",16,False,4.953467593364895e-05,-6.158296372902235e-08,1.653208629912599e-05,40.0
E23,391,391,347,44,770,0.887468030690537,0.3106535362578335,0.46021220159151194,raja,S24/S38_20190129_035118_2,all_channel,mean,mean__all_channel__E23,32,44,"[5, 6, 7, 9, 10, 12, 16, 20, 22, 32, 35, 36, 39, 40, 42, 43]",16,False,6.664897557928407e-05,-8.383087123021813e-08,2.2244268816838095e-05,40.0
E124,301,301,252,49,865,0.8372093023255814,0.22560429722470904,0.35543018335684057,raja,S24/S38_20190129_035118_2,all_channel,mean,mean__all_channel__E124,32,44,"[5, 6, 7, 9, 10, 12, 16, 20, 22, 32, 35, 36, 39, 40, 42, 43]",16,False,4.014612391567331e-05,-3.423920710879798e-08,1.3393454374260702e-05,40.0
E26,293,293,218,75,899,0.7440273037542662,0.19516562220232767,0.3092198581560283,raja,S24/S38_20190129_035118_2,all_channel,mean,mean__all_channel__E26,32,44,"[5, 6, 7, 9, 10, 12, 16, 20, 22, 32, 35, 36, 39, 40, 42, 43]",16,False,6.982929286878776e-05,-9.194535267919522e-08,2.330707940715565e-05,40.0
E24,251,251,174,77,943,0.6932270916334662,0.1557743957027753,0.2543859649122807,raja,S24/S38_20190129_035118_2,all_channel,mean,mean__all_channel__E24,32,44,"[5, 6, 7, 9, 10, 12, 16, 20, 22, 32, 35, 36, 39, 40, 42, 43]",16,False,4.138126293646913e-05,-4.8616444462223086e-08,1.3809959793643786e-05,40.0
E28,230,230,73,157,1044,0.3173913043478261,0.06535362578334826,0.10838901262063846,raja,S24/S38_20190129_035118_2,all_channel,mean,mean__all_channel__E28,32,44,"[5, 6, 7, 9, 10, 12, 16, 20, 22, 32, 35, 36, 39, 40, 42, 43]",16,False,2.8392054953325902e-05,-2.348352456727077e-09,9.464801101927543e-06,40.0
E122,155,155,45,110,1072,0.2903225806451613,0.04028648164726947,0.07075471698113207,raja,S24/S38_20190129_035118_2,all_channel,mean,mean__all_channel__E122,32,44,"[5, 6, 7, 9, 10, 12, 16, 20, 22, 32, 35, 36, 39, 40, 42, 43]",16,False,2.7379515837139964e-05,1.7482027109700212e-08,9.120677936676754e-06,40.0
E117,85,85,32,53,1085,0.3764705882352941,0.02864816472694718,0.05324459234608985,raja,S24/S38_20190129_035118_2,all_channel,mean,mean__all_channel__E117,32,44,"[5, 6, 7, 9, 10, 12, 16, 20, 22, 32, 35, 36, 39, 40, 42, 43]",16,False,2.5317112307358093e-05,-8.598988564899548e-09,8.441903765307664e-06,40.0
E33,241,241,33,208,1084,0.13692946058091288,0.02954341987466428,0.048600883652430045,raja,S24/S38_20190129_035118_2,all_channel,mean,mean__all_channel__E33,32,44,"[5, 6, 7, 9, 10, 12, 16, 20, 22, 32, 35, 36, 39, 40, 42, 43]",16,False,3.478382597785374e-05,-2.011702079333366e-08,1.1601314332882358e-05,40.0
E67,133,133,22,111,1095,0.16541353383458646,0.019695613249776187,0.035199999999999995,raja,S24/S38_20190129_035118_2,all_channel,mean,mean__all_channel__E67,32,44,"[5, 6, 7, 9, 10, 12, 16, 20, 22, 32, 35, 36, 39, 40, 42, 43]",16,False,3.475869576286364e-05,1.7247821304744454e-08,1.1580482647186297e-05,40.0
E62,80,80,21,59,1096,0.2625,0.018800358102059087,0.03508771929824561,raja,S24/S38_20190129_035118_2,all_channel,mean,mean__all_channel__E62,32,44,"[5, 6, 7, 9, 10, 12, 16, 20, 22, 32, 35, 36, 39, 40, 42, 43]",16,False,3.248175289226727e-05,1.1321534649102425e-08,1.0823477119206056e-05,40.0
E77,96,96,17,79,1100,0.17708333333333334,0.01521933751119069,0.028029678483099753,raja,S24/S38_20190129_035118_2,all_channel,mean,mean__all_channel__E77,32,44,"[5, 6, 7, 9, 10, 12, 16, 20, 22, 32, 35, 36, 39, 40, 42, 43]",16,False,3.5756377599799594e-05,2.350362458431916e-08,1.1910957991738425e-05,40.0
E109,65,65,10,55,1107,0.15384615384615385,0.008952551477170993,0.016920473773265648,raja,S24/S38_20190129_035118_2,all_channel,mean,mean__all_channel__E109,32,44,"[5, 6, 7, 9, 10, 12, 16, 20, 22, 32, 35, 36, 39, 40, 42, 43]",16,False,2.3225152388127177e-05,2.10197139232066e-08,7.734710891401324e-06,40.0
E112,39,39,9,30,1108,0.23076923076923078,0.008057296329453895,0.015570934256055364,raja,S24/S38_20190129_035118_2,all_channel,mean,mean__all_channel__E112,32,44,"[5, 6, 7, 9, 10, 12, 16, 20, 22, 32, 35, 36, 39, 40, 42, 43]",16,False,6.477535258314083e-05,6.540167999476734e-08,2.156998363438202e-05,40.0
E84,60,60,9,51,1108,0.15,0.008057296329453895,0.015293118096856415,raja,S24/S38_20190129_035118_2,all_channel,mean,mean__all_channel__E84,32,44,"[5, 6, 7, 9, 10, 12, 16, 20, 22, 32, 35, 36, 39, 40, 42, 43]",16,False,3.8877007615320606e-05,3.866930757630925e-08,1.29461127692481e-05,40.0
E75,73,73,9,64,1108,0.1232876712328767,0.008057296329453895,0.015126050420168066,raja,S24/S38_20190129_035118_2,all_channel,mean,mean__all_channel__E75,32,44,"[5, 6, 7, 9, 10, 12, 16, 20, 22, 32, 35, 36, 39, 40, 42, 43]",16,False,3.742051517923396e-05,2.9019142116866554e-08,1.2463832012372363e-05,40.0
E70,50,50,7,43,1110,0.14,0.006266786034019696,0.011996572407883462,raja,S24/S38_20190129_035118_2,all_channel,mean,mean__all_channel__E70,32,44,"[5, 6, 7, 9, 10, 12, 16, 20, 22, 32, 35, 36, 39, 40, 42, 43]",16,False,3.545271673520476e-05,4.118285402143913e-08,1.1803844627061107e-05,40.0
E98,53,53,6,47,1111,0.11320754716981132,0.005371530886302597,0.010256410256410258,raja,S24/S38_20190129_035118_2,all_channel,mean,mean__all_channel__E98,32,44,"[5, 6, 7, 9, 10, 12, 16, 20, 22, 32, 35, 36, 39, 40, 42, 43]",16,False,2.528329546072424e-05,1.662834209667724e-08,8.422222372875854e-06,40.0
E40,58,58,6,52,1111,0.10344827586206896,0.005371530886302597,0.010212765957446808,raja,S24/S38_20190129_035118_2,all_channel,mean,mean__all_channel__E40,32,44,"[5, 6, 7, 9, 10, 12, 16, 20, 22, 32, 35, 36, 39, 40, 42, 43]",16,False,2.8495846335263326e-05,-5.762571998905495e-09,9.500536302420744e-06,40.0
E13,20,20,5,15,1112,0.25,0.004476275738585497,0.008795074758135443,raja,S24/S38_20190129_035118_2,all_channel,mean,mean__all_channel__E13,32,44,"[5, 6, 7, 9, 10, 12, 16, 20, 22, 32, 35, 36, 39, 40, 42, 43]",16,False,4.601089135361699e-05,-2.0161643528876524e-08,1.5343684332381956e-05,40.0
E104,34,34,5,29,1112,0.14705882352941177,0.004476275738585497,0.008688097306689834,raja,S24/S38_20190129_035118_2,all_channel,mean,mean__all_channel__E104,32,44,"[5, 6, 7, 9, 10, 12, 16, 20, 22, 32, 35, 36, 39, 40, 42, 43]",16,False,1.728854835515687e-05,6.0232371712216825e-09,5.760841705995216e-06,40.0
E37,38,38,4,34,1113,0.10526315789473684,0.0035810205908683975,0.006926406926406926,raja,S24/S38_20190129_035118_2,all_channel,mean,mean__all_channel__E37,32,44,"[5, 6, 7, 9, 10, 12, 16, 20, 22, 32, 35, 36, 39, 40, 42, 43]",16,False,2.3461168016226072e-05,-6.966325483076423e-09,7.822711447236383e-06,40.0
E60,8,8,2,6,1115,0.25,0.0017905102954341987,0.0035555555555555557,raja,S24/S38_20190129_035118_2,all_channel,mean,mean__all_channel__E60,32,44,"[5, 6, 7, 9, 10, 12, 16, 20, 22, 32, 35, 36, 39, 40, 42, 43]",16,False,3.0356491945783577e-05,1.6213346876470352e-08,1.0113426199635703e-05,40.0
E47,12,12,1,11,1116,0.08333333333333333,0.0008952551477170994,0.0017714791851195747,raja,S24/S38_20190129_035118_2,all_channel,mean,mean__all_channel__E47,32,44,"[5, 6, 7, 9, 10, 12, 16, 20, 22, 32, 35, 36, 39, 40, 42, 43]",16,False,2.9136877902063024e-05,2.0191062070024345e-08,9.705562279997666e-06,40.0
E83,62,62,1,61,1116,0.016129032258064516,0.0008952551477170994,0.0016963528413910093,raja,S24/S38_20190129_035118_2,all_channel,mean,mean__all_channel__E83,32,44,"[5, 6, 7, 9, 10, 12, 16, 20, 22, 32, 35, 36, 39, 40, 42, 43]",16,False,3.32835365522499e-05,3.7618141240629224e-08,1.1081972803669758e-05,40.0
E87,11,11,0,11,1117,0.0,0.0,0.0,raja,S24/S38_20190129_035118_2,all_channel,mean,mean__all_channel__E87,32,44,"[5, 6, 7, 9, 10, 12, 16, 20, 22, 32, 35, 36, 39, 40, 42, 43]",16,False,2.665828651718778e-05,-7.52971965782436e-09,8.88860541228187e-06,40.0
E85,16,16,0,16,1117,0.0,0.0,0.0,raja,S24/S38_20190129_035118_2,all_channel,mean,mean__all_channel__E85,32,44,"[5, 6, 7, 9, 10, 12, 16, 20, 22, 32, 35, 36, 39, 40, 42, 43]",16,False,2.81610641983432e-05,2.412923781531145e-08,9.378978320175961e-06,40.0
E59,20,20,0,20,1117,0.0,0.0,0.0,raja,S24/S38_20190129_035118_2,all_channel,mean,mean__all_channel__E59,32,44,"[5, 6, 7, 9, 10, 12, 16, 20, 22, 32, 35, 36, 39, 40, 42, 43]",16,False,3.1333582405578605e-05,2.3669707358062812e-08,1.0436637566073515e-05,40.0
E91,30,30,0,30,1117,0.0,0.0,0.0,raja,S24/S38_20190129_035118_2,all_channel,mean,mean__all_channel__E91,32,44,"[5, 6, 7, 9, 10, 12, 16, 20, 22, 32, 35, 36, 39, 40, 42, 43]",16,False,3.107050286238683e-05,4.7371431792601766e-08,1.0341043810198074e-05,40.0
E9,659,659,625,34,492,0.9484066767830045,0.5595344673231871,0.7038288288288288,raja,S24/S38_20190129_035118_2,frontal,median,median__frontal__E9,6,44,[],0,True,0.00010203352467702357,-5.15047805702388e-06,3.572800091134915e-05,40.0
E22,638,638,610,28,507,0.9561128526645768,0.5461056401074306,0.6951566951566952,raja,S24/S38_20190129_035118_2,frontal,median,median__frontal__E22,6,44,[],0,True,0.00010600985035776358,-5.176243019034628e-06,3.7062031125599404e-05,40.0
E3,566,566,527,39,590,0.931095406360424,0.4717994628469114,0.6262626262626263,raja,S24/S38_20190129_035118_2,frontal,median,median__frontal__E3,6,44,[],0,True,6.17315314771248e-05,-3.071808496174572e-06,2.1601113324433122e-05,40.0
E23,477,477,416,61,701,0.8721174004192872,0.37242614145031333,0.5219573400250941,raja,S24/S38_20190129_035118_2,frontal,median,median__frontal__E23,6,44,[],0,True,6.320696711246648e-05,-3.1122649147221763e-06,2.2106410675729553e-05,40.0
E124,320,320,269,51,848,0.840625,0.24082363473589974,0.37439109255393177,raja,S24/S38_20190129_035118_2,frontal,median,median__frontal__E124,6,44,[],0,True,3.9330798649397285e-05,-1.410323999560581e-06,1.358037421631929e-05,40.0
E24,278,278,195,83,922,0.7014388489208633,0.17457475380483437,0.27956989247311825,raja,S24/S38_20190129_035118_2,frontal,median,median__frontal__E24,6,44,[],0,True,3.9819938717202704e-05,-1.6701042916743449e-06,1.383001433629235e-05,40.0
E9,605,605,580,25,537,0.9586776859504132,0.5192479856759177,0.6736353077816493,raja,S24/S38_20190129_035118_2,frontal,mean,mean__frontal__E9,6,44,[],0,True,0.00010716679942964864,-1.720330439880224e-08,3.572800091134915e-05,40.0
E22,569,569,548,21,569,0.9630931458699473,0.4905998209489705,0.6500593119810202,raja,S24/S38_20190129_035118_2,frontal,mean,mean__frontal__E22,6,44,[],0,True,0.00011119656924173728,1.0475864939066037e-08,3.7062031125599404e-05,40.0
E3,500,500,462,38,655,0.924,0.41360787824529993,0.5714285714285714,raja,S24/S38_20190129_035118_2,frontal,mean,mean__frontal__E3,6,44,[],0,True,6.479280503095398e-05,-1.0534942345395235e-08,2.1601113324433122e-05,40.0
E23,398,398,353,45,764,0.8869346733668342,0.3160250671441361,0.466006600660066,raja,S24/S38_20190129_035118_2,frontal,mean,mean__frontal__E23,6,44,[],0,True,6.63448327129856e-05,2.5600685796942073e-08,2.2106410675729553e-05,40.0
E124,283,283,239,44,878,0.8445229681978799,0.21396598030438674,0.3414285714285714,raja,S24/S38_20190129_035118_2,frontal,mean,mean__frontal__E124,6,44,[],0,True,4.073251859046088e-05,-8.604058496984711e-09,1.358037421631929e-05,40.0
E24,246,246,171,75,946,0.6951219512195121,0.153088630259624,0.2509170946441673,raja,S24/S38_20190129_035118_2,frontal,mean,mean__frontal__E24,6,44,[],0,True,4.150932557562078e-05,1.9282566743731276e-08,1.383001433629235e-05,40.0
E22,638,638,610,28,507,0.9561128526645768,0.5461056401074306,0.6951566951566952,raja,S24/S38_20190129_035118_2,frontal_left,median,median__frontal_left__E22,3,44,[],0,True,0.00010600985035776358,-5.176243019034628e-06,3.7062031125599404e-05,40.0
E23,477,477,416,61,701,0.8721174004192872,0.37242614145031333,0.5219573400250941,raja,S24/S38_20190129_035118_2,frontal_left,median,median__frontal_left__E23,3,44,[],0,True,6.320696711246648e-05,-3.1122649147221763e-06,2.2106410675729553e-05,40.0
E24,278,278,195,83,922,0.7014388489208633,0.17457475380483437,0.27956989247311825,raja,S24/S38_20190129_035118_2,frontal_left,median,median__frontal_left__E24,3,44,[],0,True,3.9819938717202704e-05,-1.6701042916743449e-06,1.383001433629235e-05,40.0
E22,569,569,548,21,569,0.9630931458699473,0.4905998209489705,0.6500593119810202,raja,S24/S38_20190129_035118_2,frontal_left,mean,mean__frontal_left__E22,3,44,[],0,True,0.00011119656924173728,1.0475864939066037e-08,3.7062031125599404e-05,40.0
E23,398,398,353,45,764,0.8869346733668342,0.3160250671441361,0.466006600660066,raja,S24/S38_20190129_035118_2,frontal_left,mean,mean__frontal_left__E23,3,44,[],0,True,6.63448327129856e-05,2.5600685796942073e-08,2.2106410675729553e-05,40.0
E24,246,246,171,75,946,0.6951219512195121,0.153088630259624,0.2509170946441673,raja,S24/S38_20190129_035118_2,frontal_left,mean,mean__frontal_left__E24,3,44,[],0,True,4.150932557562078e-05,1.9282566743731276e-08,1.383001433629235e-05,40.0
E9,659,659,625,34,492,0.9484066767830045,0.5595344673231871,0.7038288288288288,raja,S24/S38_20190129_035118_2,frontal_right,median,median__frontal_right__E9,3,44,[],0,True,0.00010203352467702357,-5.15047805702388e-06,3.572800091134915e-05,40.0
E3,566,566,527,39,590,0.931095406360424,0.4717994628469114,0.6262626262626263,raja,S24/S38_20190129_035118_2,frontal_right,median,median__frontal_right__E3,3,44,[],0,True,6.17315314771248e-05,-3.071808496174572e-06,2.1601113324433122e-05,40.0
E124,320,320,269,51,848,0.840625,0.24082363473589974,0.37439109255393177,raja,S24/S38_20190129_035118_2,frontal_right,median,median__frontal_right__E124,3,44,[],0,True,3.9330798649397285e-05,-1.410323999560581e-06,1.358037421631929e-05,40.0
E9,605,605,580,25,537,0.9586776859504132,0.5192479856759177,0.6736353077816493,raja,S24/S38_20190129_035118_2,frontal_right,mean,mean__frontal_right__E9,3,44,[],0,True,0.00010716679942964864,-1.720330439880224e-08,3.572800091134915e-05,40.0
E3,500,500,462,38,655,0.924,0.41360787824529993,0.5714285714285714,raja,S24/S38_20190129_035118_2,frontal_right,mean,mean__frontal_right__E3,3,44,[],0,True,6.479280503095398e-05,-1.0534942345395235e-08,2.1601113324433122e-05,40.0
E124,283,283,239,44,878,0.8445229681978799,0.21396598030438674,0.3414285714285714,raja,S24/S38_20190129_035118_2,frontal_right,mean,mean__frontal_right__E124,3,44,[],0,True,4.073251859046088e-05,-8.604058496984711e-09,1.358037421631929e-05,40.0
E9,699,699,653,46,464,0.9341917024320457,0.5846016114592659,0.7191629955947136,raja,S24/S38_20190129_035118_2,all_channel,median,median__all_channel__E9,32,35,"[3, 4, 5, 6, 7, 8, 9, 12, 13, 18, 26, 28, 29, 31, 32, 33]",16,False,9.795455647891586e-05,-5.897257702654817e-06,3.4617271393856895e-05,50.0
E22,637,637,608,29,509,0.9544740973312402,0.5443151298119964,0.69327251995439,raja,S24/S38_20190129_035118_2,all_channel,median,median__all_channel__E22,32,35,"[3, 4, 5, 6, 7, 8, 9, 12, 13, 18, 26, 28, 29, 31, 32, 33]",16,False,0.00010622106465064805,-6.412677104380884e-06,3.7544580585009646e-05,50.0
E3,609,609,562,47,555,0.922824302134647,0.5031333930170099,0.6512166859791425,raja,S24/S38_20190129_035118_2,all_channel,median,median__all_channel__E3,32,35,"[3, 4, 5, 6, 7, 8, 9, 12, 13, 18, 26, 28, 29, 31, 32, 33]",16,False,5.987603806620178e-05,-3.3456227723047686e-06,2.107388694616885e-05,50.0
E11,508,508,452,56,665,0.889763779527559,0.40465532676812893,0.5563076923076923,raja,S24/S38_20190129_035118_2,all_channel,median,median__all_channel__E11,32,35,"[3, 4, 5, 6, 7, 8, 9, 12, 13, 18, 26, 28, 29, 31, 32, 33]",16,False,4.690182806349691e-05,-2.355177106514357e-06,1.641900172333709e-05,50.0
E23,472,472,412,60,705,0.8728813559322034,0.36884512085944493,0.5185651353052234,raja,S24/S38_20190129_035118_2,all_channel,median,median__all_channel__E23,32,35,"[3, 4, 5, 6, 7, 8, 9, 12, 13, 18, 26, 28, 29, 31, 32, 33]",16,False,6.324939283266298e-05,-3.751160300925608e-06,2.2333517711196197e-05,50.0
E124,323,323,272,51,845,0.8421052631578947,0.24350940017905104,0.37777777777777777,raja,S24/S38_20190129_035118_2,all_channel,median,median__all_channel__E124,32,35,"[3, 4, 5, 6, 7, 8, 9, 12, 13, 18, 26, 28, 29, 31, 32, 33]",16,False,3.9203412700284256e-05,-1.5146916433751214e-06,1.357270144788646e-05,50.0
E26,331,331,253,78,864,0.7643504531722054,0.22649955237242614,0.34944751381215466,raja,S24/S38_20190129_035118_2,all_channel,median,median__all_channel__E26,32,35,"[3, 4, 5, 6, 7, 8, 9, 12, 13, 18, 26, 28, 29, 31, 32, 33]",16,False,6.71917899369582e-05,-3.864472998074369e-06,2.368542097834419e-05,50.0
E24,266,266,188,78,929,0.706766917293233,0.1683079677708147,0.2718727404193782,raja,S24/S38_20190129_035118_2,all_channel,median,median__all_channel__E24,32,35,"[3, 4, 5, 6, 7, 8, 9, 12, 13, 18, 26, 28, 29, 31, 32, 33]",16,False,4.015588500369187e-05,-1.8979426336075046e-06,1.4017942545766457e-05,50.0
E28,241,241,77,164,1040,0.31950207468879666,0.06893464637421665,0.11340206185567009,raja,S24/S38_20190129_035118_2,all_channel,median,median__all_channel__E28,32,35,"[3, 4, 5, 6, 7, 8, 9, 12, 13, 18, 26, 28, 29, 31, 32, 33]",16,False,2.8129202825341688e-05,-6.126843261306831e-07,9.58062905049079e-06,50.0
E122,167,167,50,117,1067,0.2994011976047904,0.044762757385854966,0.0778816199376947,raja,S24/S38_20190129_035118_2,all_channel,median,median__all_channel__E122,32,35,"[3, 4, 5, 6, 7, 8, 9, 12, 13, 18, 26, 28, 29, 31, 32, 33]",16,False,2.69504840414182e-05,4.609530984854331e-07,8.829843647644255e-06,50.0
E117,86,86,32,54,1085,0.37209302325581395,0.02864816472694718,0.05320033250207814,raja,S24/S38_20190129_035118_2,all_channel,median,median__all_channel__E117,32,35,"[3, 4, 5, 6, 7, 8, 9, 12, 13, 18, 26, 28, 29, 31, 32, 33]",16,False,2.5212279907857362e-05,-1.640696388627137e-07,8.458783182240026e-06,50.0
E33,230,230,31,199,1086,0.13478260869565217,0.02775290957923008,0.04602821083890126,raja,S24/S38_20190129_035118_2,all_channel,median,median__all_channel__E33,32,35,"[3, 4, 5, 6, 7, 8, 9, 12, 13, 18, 26, 28, 29, 31, 32, 33]",16,False,3.530820452971253e-05,-2.81117120575166e-07,1.1863107216762566e-05,50.0
E62,80,80,21,59,1096,0.2625,0.018800358102059087,0.03508771929824561,raja,S24/S38_20190129_035118_2,all_channel,median,median__all_channel__E62,32,35,"[3, 4, 5, 6, 7, 8, 9, 12, 13, 18, 26, 28, 29, 31, 32, 33]",16,False,3.2512093968570795e-05,7.76518857828123e-07,1.0578525036914225e-05,50.0
E67,128,128,20,108,1097,0.15625,0.017905102954341987,0.0321285140562249,raja,S24/S38_20190129_035118_2,all_channel,median,median__all_channel__E67,32,35,"[3, 4, 5, 6, 7, 8, 9, 12, 13, 18, 26, 28, 29, 31, 32, 33]",16,False,3.553431377505939e-05,9.520022689675461e-07,1.1527437168697281e-05,50.0
E77,95,95,17,78,1100,0.17894736842105263,0.01521933751119069,0.028052805280528052,raja,S24/S38_20190129_035118_2,all_channel,median,median__all_channel__E77,32,35,"[3, 4, 5, 6, 7, 8, 9, 12, 13, 18, 26, 28, 29, 31, 32, 33]",16,False,3.5797319326034964e-05,9.35987040916709e-07,1.1620444095039418e-05,50.0
E109,58,58,11,47,1106,0.1896551724137931,0.009847806624888093,0.018723404255319147,raja,S24/S38_20190129_035118_2,all_channel,median,median__all_channel__E109,32,35,"[3, 4, 5, 6, 7, 8, 9, 12, 13, 18, 26, 28, 29, 31, 32, 33]",16,False,2.360522901193019e-05,6.832352857507859e-07,7.640664575393135e-06,50.0
E112,41,41,9,32,1108,0.21951219512195122,0.008057296329453895,0.015544041450777204,raja,S24/S38_20190129_035118_2,all_channel,median,median__all_channel__E112,32,35,"[3, 4, 5, 6, 7, 8, 9, 12, 13, 18, 26, 28, 29, 31, 32, 33]",16,False,6.132945840205726e-05,-5.8405461613037446e-08,2.0462621287890097e-05,50.0
E84,56,56,9,47,1108,0.16071428571428573,0.008057296329453895,0.01534526854219949,raja,S24/S38_20190129_035118_2,all_channel,median,median__all_channel__E84,32,35,"[3, 4, 5, 6, 7, 8, 9, 12, 13, 18, 26, 28, 29, 31, 32, 33]",16,False,3.878195435737423e-05,1.0620215764981387e-06,1.2573310926958696e-05,50.0
E75,75,75,9,66,1108,0.12,0.008057296329453895,0.015100671140939598,raja,S24/S38_20190129_035118_2,all_channel,median,median__all_channel__E75,32,35,"[3, 4, 5, 6, 7, 8, 9, 12, 13, 18, 26, 28, 29, 31, 32, 33]",16,False,3.6845767387495146e-05,1.0636025972882803e-06,1.1927388263402289e-05,50.0
E13,22,22,6,16,1111,0.2727272727272727,0.005371530886302597,0.010535557506584725,raja,S24/S38_20190129_035118_2,all_channel,median,median__all_channel__E13,32,35,"[3, 4, 5, 6, 7, 8, 9, 12, 13, 18, 26, 28, 29, 31, 32, 33]",16,False,4.398552247046297e-05,-1.5897773276283307e-07,1.471483340107527e-05,50.0
E70,51,51,6,45,1111,0.11764705882352941,0.005371530886302597,0.010273972602739725,raja,S24/S38_20190129_035118_2,all_channel,median,median__all_channel__E70,32,35,"[3, 4, 5, 6, 7, 8, 9, 12, 13, 18, 26, 28, 29, 31, 32, 33]",16,False,3.5735328774919164e-05,1.1312457796681595e-06,1.1534694331750334e-05,50.0
E98,47,47,5,42,1112,0.10638297872340426,0.004476275738585497,0.008591065292096219,raja,S24/S38_20190129_035118_2,all_channel,median,median__all_channel__E98,32,35,"[3, 4, 5, 6, 7, 8, 9, 12, 13, 18, 26, 28, 29, 31, 32, 33]",16,False,2.579081211955453e-05,8.96754724660866e-07,8.298019131631222e-06,50.0
E40,48,48,5,43,1112,0.10416666666666667,0.004476275738585497,0.008583690987124462,raja,S24/S38_20190129_035118_2,all_channel,median,median__all_channel__E40,32,35,"[3, 4, 5, 6, 7, 8, 9, 12, 13, 18, 26, 28, 29, 31, 32, 33]",16,False,2.9099122960411364e-05,2.9863937692247673e-07,9.600161194496297e-06,50.0
E104,30,30,4,26,1113,0.13333333333333333,0.0035810205908683975,0.006974716652136007,raja,S24/S38_20190129_035118_2,all_channel,median,median__all_channel__E104,32,35,"[3, 4, 5, 6, 7, 8, 9, 12, 13, 18, 26, 28, 29, 31, 32, 33]",16,False,1.7728008207121418e-05,2.9873291771588485e-07,5.809758429801844e-06,50.0
E37,38,38,4,34,1113,0.10526315789473684,0.0035810205908683975,0.006926406926406926,raja,S24/S38_20190129_035118_2,all_channel,median,median__all_channel__E37,32,35,"[3, 4, 5, 6, 7, 8, 9, 12, 13, 18, 26, 28, 29, 31, 32, 33]",16,False,2.3269007540924564e-05,4.037357192783172e-07,7.621757273882082e-06,50.0
E60,8,8,2,6,1115,0.25,0.0017905102954341987,0.0035555555555555557,raja,S24/S38_20190129_035118_2,all_channel,median,median__all_channel__E60,32,35,"[3, 4, 5, 6, 7, 8, 9, 12, 13, 18, 26, 28, 29, 31, 32, 33]",16,False,3.110491429552657e-05,9.593137636943315e-07,1.0048533510610747e-05,50.0
E47,12,12,1,11,1116,0.08333333333333333,0.0008952551477170994,0.0017714791851195747,raja,S24/S38_20190129_035118_2,all_channel,median,median__all_channel__E47,32,35,"[3, 4, 5, 6, 7, 8, 9, 12, 13, 18, 26, 28, 29, 31, 32, 33]",16,False,3.020897869084107e-05,5.795248334018638e-07,9.8764846191464e-06,50.0
E59,16,16,1,15,1116,0.0625,0.0008952551477170994,0.00176522506619594,raja,S24/S38_20190129_035118_2,all_channel,median,median__all_channel__E59,32,35,"[3, 4, 5, 6, 7, 8, 9, 12, 13, 18, 26, 28, 29, 31, 32, 33]",16,False,3.230656936791535e-05,1.2128080052115708e-06,1.0364587120901261e-05,50.0
E91,27,27,1,26,1116,0.037037037037037035,0.0008952551477170994,0.0017482517482517485,raja,S24/S38_20190129_035118_2,all_channel,median,median__all_channel__E91,32,35,"[3, 4, 5, 6, 7, 8, 9, 12, 13, 18, 26, 28, 29, 31, 32, 33]",16,False,3.1434231322347884e-05,1.2813574414586643e-06,1.0050957960296407e-05,50.0
E83,54,54,1,53,1116,0.018518518518518517,0.0008952551477170994,0.0017079419299743809,raja,S24/S38_20190129_035118_2,all_channel,median,median__all_channel__E83,32,35,"[3, 4, 5, 6, 7, 8, 9, 12, 13, 18, 26, 28, 29, 31, 32, 33]",16,False,3.39115541244666e-05,1.2395842873718109e-06,1.0890656612364931e-05,50.0
E87,11,11,0,11,1117,0.0,0.0,0.0,raja,S24/S38_20190129_035118_2,all_channel,median,median__all_channel__E87,32,35,"[3, 4, 5, 6, 7, 8, 9, 12, 13, 18, 26, 28, 29, 31, 32, 33]",16,False,2.6292480099073884e-05,4.1897180749915857e-07,8.624502763858241e-06,50.0
E85,15,15,0,15,1117,0.0,0.0,0.0,raja,S24/S38_20190129_035118_2,all_channel,median,median__all_channel__E85,32,35,"[3, 4, 5, 6, 7, 8, 9, 12, 13, 18, 26, 28, 29, 31, 32, 33]",16,False,2.835143278303972e-05,1.0055907606556339e-06,9.115280674128028e-06,50.0
E9,639,639,607,32,510,0.9499217527386542,0.5434198746642793,0.6913439635535307,raja,S24/S38_20190129_035118_2,all_channel,mean,mean__all_channel__E9,32,35,"[3, 4, 5, 6, 7, 8, 9, 12, 13, 18, 26, 28, 29, 31, 32, 33]",16,False,0.00010384284339789818,-8.97078367250739e-09,3.4617271393856895e-05,50.0
E22,549,549,530,19,587,0.9653916211293261,0.4744852282900627,0.6362545018007203,raja,S24/S38_20190129_035118_2,all_channel,mean,mean__all_channel__E22,32,35,"[3, 4, 5, 6, 7, 8, 9, 12, 13, 18, 26, 28, 29, 31, 32, 33]",16,False,0.00011261260705378816,-2.113470124077216e-08,3.7544580585009646e-05,50.0
E3,535,535,495,40,622,0.9252336448598131,0.4431512981199642,0.5992736077481841,raja,S24/S38_20190129_035118_2,all_channel,mean,mean__all_channel__E3,32,35,"[3, 4, 5, 6, 7, 8, 9, 12, 13, 18, 26, 28, 29, 31, 32, 33]",16,False,6.322636101310956e-05,4.700174603018031e-09,2.107388694616885e-05,50.0
E11,434,434,388,46,729,0.8940092165898618,0.34735899731423453,0.5003223726627981,raja,S24/S38_20190129_035118_2,all_channel,mean,mean__all_channel__E11,32,35,"[3, 4, 5, 6, 7, 8, 9, 12, 13, 18, 26, 28, 29, 31, 32, 33]",16,False,4.9238247619087024e-05,-1.8757550924248514e-08,1.641900172333709e-05,50.0
E23,382,382,339,43,778,0.887434554973822,0.3034914950760967,0.4523015343562375,raja,S24/S38_20190129_035118_2,all_channel,mean,mean__all_channel__E23,32,35,"[3, 4, 5, 6, 7, 8, 9, 12, 13, 18, 26, 28, 29, 31, 32, 33]",16,False,6.69731817345571e-05,-2.737139903148564e-08,2.2333517711196197e-05,50.0
E124,285,285,241,44,876,0.8456140350877193,0.21575649059982094,0.3437945791726105,raja,S24/S38_20190129_035118_2,all_channel,mean,mean__all_channel__E124,32,35,"[3, 4, 5, 6, 7, 8, 9, 12, 13, 18, 26, 28, 29, 31, 32, 33]",16,False,4.0712510699194664e-05,-5.593644464712381e-09,1.357270144788646e-05,50.0
E26,269,269,201,68,916,0.7472118959107806,0.17994628469113697,0.29004329004329,raja,S24/S38_20190129_035118_2,all_channel,mean,mean__all_channel__E26,32,35,"[3, 4, 5, 6, 7, 8, 9, 12, 13, 18, 26, 28, 29, 31, 32, 33]",16,False,7.101091476408006e-05,-4.534817095250634e-08,2.368542097834419e-05,50.0
E24,232,232,161,71,956,0.6939655172413793,0.144136078782453,0.23869532987398073,raja,S24/S38_20190129_035118_2,all_channel,mean,mean__all_channel__E24,32,35,"[3, 4, 5, 6, 7, 8, 9, 12, 13, 18, 26, 28, 29, 31, 32, 33]",16,False,4.203109675776343e-05,-2.273087953594175e-08,1.4017942545766457e-05,50.0
E28,216,216,69,147,1048,0.3194444444444444,0.06177260519247986,0.10352588147036759,raja,S24/S38_20190129_035118_2,all_channel,mean,mean__all_channel__E28,32,35,"[3, 4, 5, 6, 7, 8, 9, 12, 13, 18, 26, 28, 29, 31, 32, 33]",16,False,2.872040779709215e-05,-2.1479354380223872e-08,9.58062905049079e-06,50.0
E122,175,175,53,122,1064,0.3028571428571429,0.047448522829006266,0.08204334365325078,raja,S24/S38_20190129_035118_2,all_channel,mean,mean__all_channel__E122,32,35,"[3, 4, 5, 6, 7, 8, 9, 12, 13, 18, 26, 28, 29, 31, 32, 33]",16,False,2.6487645217245723e-05,-1.8857256870409974e-09,8.829843647644255e-06,50.0
E117,85,85,32,53,1085,0.3764705882352941,0.02864816472694718,0.05324459234608985,raja,S24/S38_20190129_035118_2,all_channel,mean,mean__all_channel__E117,32,35,"[3, 4, 5, 6, 7, 8, 9, 12, 13, 18, 26, 28, 29, 31, 32, 33]",16,False,2.538207406745301e-05,5.724520732933806e-09,8.458783182240026e-06,50.0
E33,228,228,31,197,1086,0.13596491228070176,0.02775290957923008,0.046096654275092935,raja,S24/S38_20190129_035118_2,all_channel,mean,mean__all_channel__E33,32,35,"[3, 4, 5, 6, 7, 8, 9, 12, 13, 18, 26, 28, 29, 31, 32, 33]",16,False,3.5566117201408536e-05,-2.3204448879164293e-08,1.1863107216762566e-05,50.0
E67,133,133,22,111,1095,0.16541353383458646,0.019695613249776187,0.035199999999999995,raja,S24/S38_20190129_035118_2,all_channel,mean,mean__all_channel__E67,32,35,"[3, 4, 5, 6, 7, 8, 9, 12, 13, 18, 26, 28, 29, 31, 32, 33]",16,False,3.4600490315442755e-05,1.817880935090999e-08,1.1527437168697281e-05,50.0
E62,82,82,21,61,1096,0.25609756097560976,0.018800358102059087,0.03502919099249374,raja,S24/S38_20190129_035118_2,all_channel,mean,mean__all_channel__E62,32,35,"[3, 4, 5, 6, 7, 8, 9, 12, 13, 18, 26, 28, 29, 31, 32, 33]",16,False,3.1805646770755216e-05,7.007166001254095e-08,1.0578525036914225e-05,50.0
E77,104,104,17,87,1100,0.16346153846153846,0.01521933751119069,0.027846027846027847,raja,S24/S38_20190129_035118_2,all_channel,mean,mean__all_channel__E77,32,35,"[3, 4, 5, 6, 7, 8, 9, 12, 13, 18, 26, 28, 29, 31, 32, 33]",16,False,3.489748285189979e-05,3.615056678153678e-08,1.1620444095039418e-05,50.0
E109,72,72,11,61,1106,0.1527777777777778,0.009847806624888093,0.018502943650126155,raja,S24/S38_20190129_035118_2,all_channel,mean,mean__all_channel__E109,32,35,"[3, 4, 5, 6, 7, 8, 9, 12, 13, 18, 26, 28, 29, 31, 32, 33]",16,False,2.2924327874787443e-05,2.3341486080396345e-09,7.640664575393135e-06,50.0
E84,64,64,10,54,1107,0.15625,0.008952551477170993,0.01693480101608806,raja,S24/S38_20190129_035118_2,all_channel,mean,mean__all_channel__E84,32,35,"[3, 4, 5, 6, 7, 8, 9, 12, 13, 18, 26, 28, 29, 31, 32, 33]",16,False,3.7733798731553085e-05,1.3865950676998316e-08,1.2573310926958696e-05,50.0
E112,40,40,9,31,1108,0.225,0.008057296329453895,0.015557476231633536,raja,S24/S38_20190129_035118_2,all_channel,mean,mean__all_channel__E112,32,35,"[3, 4, 5, 6, 7, 8, 9, 12, 13, 18, 26, 28, 29, 31, 32, 33]",16,False,6.139110583576578e-05,3.241972095482964e-09,2.0462621287890097e-05,50.0
E75,84,84,9,75,1108,0.10714285714285714,0.008057296329453895,0.014987510407993338,raja,S24/S38_20190129_035118_2,all_channel,mean,mean__all_channel__E75,32,35,"[3, 4, 5, 6, 7, 8, 9, 12, 13, 18, 26, 28, 29, 31, 32, 33]",16,False,3.5794085462401705e-05,1.1920672194839117e-08,1.1927388263402289e-05,50.0
E70,58,58,7,51,1110,0.1206896551724138,0.006266786034019696,0.011914893617021277,raja,S24/S38_20190129_035118_2,all_channel,mean,mean__all_channel__E70,32,35,"[3, 4, 5, 6, 7, 8, 9, 12, 13, 18, 26, 28, 29, 31, 32, 33]",16,False,3.4613203451639794e-05,9.12045638879279e-09,1.1534694331750334e-05,50.0
E13,22,22,6,16,1111,0.2727272727272727,0.005371530886302597,0.010535557506584725,raja,S24/S38_20190129_035118_2,all_channel,mean,mean__all_channel__E13,32,35,"[3, 4, 5, 6, 7, 8, 9, 12, 13, 18, 26, 28, 29, 31, 32, 33]",16,False,4.413912471152751e-05,-5.37549169829805e-09,1.471483340107527e-05,50.0
E98,55,55,6,49,1111,0.10909090909090909,0.005371530886302597,0.010238907849829353,raja,S24/S38_20190129_035118_2,all_channel,mean,mean__all_channel__E98,32,35,"[3, 4, 5, 6, 7, 8, 9, 12, 13, 18, 26, 28, 29, 31, 32, 33]",16,False,2.4897928183307722e-05,3.870788414058109e-09,8.298019131631222e-06,50.0
E40,54,54,5,49,1112,0.09259259259259259,0.004476275738585497,0.008539709649871904,raja,S24/S38_20190129_035118_2,all_channel,mean,mean__all_channel__E40,32,35,"[3, 4, 5, 6, 7, 8, 9, 12, 13, 18, 26, 28, 29, 31, 32, 33]",16,False,2.8795326159465644e-05,-5.15742402324267e-09,9.600161194496297e-06,50.0
E104,33,33,4,29,1113,0.12121212121212122,0.0035810205908683975,0.006956521739130434,raja,S24/S38_20190129_035118_2,all_channel,mean,mean__all_channel__E104,32,35,"[3, 4, 5, 6, 7, 8, 9, 12, 13, 18, 26, 28, 29, 31, 32, 33]",16,False,1.742461666472674e-05,-4.658624678793939e-09,5.809758429801844e-06,50.0
E37,39,39,4,35,1113,0.10256410256410256,0.0035810205908683975,0.006920415224913494,raja,S24/S38_20190129_035118_2,all_channel,mean,mean__all_channel__E37,32,35,"[3, 4, 5, 6, 7, 8, 9, 12, 13, 18, 26, 28, 29, 31, 32, 33]",16,False,2.286526216613209e-05,-9.655514153207545e-12,7.621757273882082e-06,50.0
E60,8,8,2,6,1115,0.25,0.0017905102954341987,0.0035555555555555557,raja,S24/S38_20190129_035118_2,all_channel,mean,mean__all_channel__E60,32,35,"[3, 4, 5, 6, 7, 8, 9, 12, 13, 18, 26, 28, 29, 31, 32, 33]",16,False,3.016103993964652e-05,1.5439407814283147e-08,1.0048533510610747e-05,50.0
E59,27,27,2,25,1115,0.07407407407407407,0.0017905102954341987,0.003496503496503497,raja,S24/S38_20190129_035118_2,all_channel,mean,mean__all_channel__E59,32,35,"[3, 4, 5, 6, 7, 8, 9, 12, 13, 18, 26, 28, 29, 31, 32, 33]",16,False,3.109980019356558e-05,6.0388308617947735e-09,1.0364587120901261e-05,50.0
E83,69,69,2,67,1115,0.028985507246376812,0.0017905102954341987,0.003372681281618887,raja,S24/S38_20190129_035118_2,all_channel,mean,mean__all_channel__E83,32,35,"[3, 4, 5, 6, 7, 8, 9, 12, 13, 18, 26, 28, 29, 31, 32, 33]",16,False,3.268475549996945e-05,1.2785662874655425e-08,1.0890656612364931e-05,50.0
E47,11,11,1,10,1116,0.09090909090909091,0.0008952551477170994,0.0017730496453900709,raja,S24/S38_20190129_035118_2,all_channel,mean,mean__all_channel__E47,32,35,"[3, 4, 5, 6, 7, 8, 9, 12, 13, 18, 26, 28, 29, 31, 32, 33]",16,False,2.9635886723640796e-05,6.432866201593236e-09,9.8764846191464e-06,50.0
E91,37,37,1,36,1116,0.02702702702702703,0.0008952551477170994,0.0017331022530329288,raja,S24/S38_20190129_035118_2,all_channel,mean,mean__all_channel__E91,32,35,"[3, 4, 5, 6, 7, 8, 9, 12, 13, 18, 26, 28, 29, 31, 32, 33]",16,False,3.0179424728597006e-05,2.6550847707787082e-08,1.0050957960296407e-05,50.0
E87,13,13,0,13,1117,0.0,0.0,0.0,raja,S24/S38_20190129_035118_2,all_channel,mean,mean__all_channel__E87,32,35,"[3, 4, 5, 6, 7, 8, 9, 12, 13, 18, 26, 28, 29, 31, 32, 33]",16,False,2.5870446654216096e-05,-3.0616373586285304e-09,8.624502763858241e-06,50.0
E85,23,23,0,23,1117,0.0,0.0,0.0,raja,S24/S38_20190129_035118_2,all_channel,mean,mean__all_channel__E85,32,35,"[3, 4, 5, 6, 7, 8, 9, 12, 13, 18, 26, 28, 29, 31, 32, 33]",16,False,2.7361043336683266e-05,1.520131429918101e-08,9.115280674128028e-06,50.0
E9,452,452,430,22,687,0.9513274336283186,0.38495971351835273,0.5481198215423837,raja,S24/S38_20190129_035118_2,frontal,median,median__frontal__E9,6,35,"[3, 4, 5, 18]",4,False,0.00012360629142850222,-1.0856383578281238e-05,4.4820891668927816e-05,50.0
E22,383,383,372,11,745,0.9712793733681462,0.333034914950761,0.49600000000000005,raja,S24/S38_20190129_035118_2,frontal,median,median__frontal__E22,6,35,"[3, 4, 5, 18]",4,False,0.00012880181447586056,-1.0776800465019504e-05,4.652620498029336e-05,50.0
E3,380,380,351,29,766,0.9236842105263158,0.3142345568487019,0.46893787575150303,raja,S24/S38_20190129_035118_2,frontal,median,median__frontal__E3,6,35,"[3, 4, 5, 18]",4,False,7.189339526799935e-05,-5.91956139408452e-06,2.5937652220694624e-05,50.0
E23,247,247,225,22,892,0.9109311740890689,0.20143240823634737,0.32991202346041054,raja,S24/S38_20190129_035118_2,frontal,median,median__frontal__E23,6,35,"[3, 4, 5, 18]",4,False,7.43286626696396e-05,-5.700911777566623e-06,2.667652481573541e-05,50.0
E124,158,158,135,23,982,0.8544303797468354,0.12085944494180842,0.21176470588235294,raja,S24/S38_20190129_035118_2,frontal,median,median__frontal__E124,6,35,"[3, 4, 5, 18]",4,False,4.674108203343795e-05,-2.5038974782816777e-06,1.641499317057321e-05,50.0
E24,175,175,119,56,998,0.68,0.10653536257833482,0.18421052631578946,raja,S24/S38_20190129_035118_2,frontal,median,median__frontal__E24,6,35,"[3, 4, 5, 18]",4,False,4.468279903326789e-05,-2.820457538167274e-06,1.5834418857145055e-05,50.0
E9,354,354,345,9,772,0.9745762711864406,0.3088630259623993,0.46906866077498294,raja,S24/S38_20190129_035118_2,frontal,mean,mean__frontal__E9,6,35,"[3, 4, 5, 18]",4,False,0.00013424569542214176,-2.1697958464169387e-07,4.4820891668927816e-05,50.0
E3,292,292,277,15,840,0.9486301369863014,0.24798567591763654,0.3931866572036906,raja,S24/S38_20190129_035118_2,frontal,mean,mean__frontal__E3,6,35,"[3, 4, 5, 18]",4,False,7.768365975925967e-05,-1.2929690282419512e-07,2.5937652220694624e-05,50.0
E22,284,284,275,9,842,0.9683098591549296,0.24619516562220234,0.3925767309064954,raja,S24/S38_20190129_035118_2,frontal,mean,mean__frontal__E22,6,35,"[3, 4, 5, 18]",4,False,0.00013938965295421475,-1.8896198666531648e-07,4.652620498029336e-05,50.0
E23,179,179,164,15,953,0.9162011173184358,0.1468218442256043,0.25308641975308643,raja,S24/S38_20190129_035118_2,frontal,mean,mean__frontal__E23,6,35,"[3, 4, 5, 18]",4,False,7.992710483992039e-05,-1.0246960728583785e-07,2.667652481573541e-05,50.0
E124,113,113,97,16,1020,0.8584070796460177,0.08683974932855863,0.15772357723577235,raja,S24/S38_20190129_035118_2,frontal,mean,mean__frontal__E124,6,35,"[3, 4, 5, 18]",4,False,4.915899648663003e-05,-8.5983025089602e-08,1.641499317057321e-05,50.0
E24,136,136,83,53,1034,0.6102941176470589,0.07430617726051925,0.13248204309656825,raja,S24/S38_20190129_035118_2,frontal,mean,mean__frontal__E24,6,35,"[3, 4, 5, 18]",4,False,4.745362257349609e-05,-4.963399793908067e-08,1.5834418857145055e-05,50.0
E22,403,403,389,14,728,0.9652605459057072,0.34825425246195163,0.5118421052631579,raja,S24/S38_20190129_035118_2,frontal_left,median,median__frontal_left__E22,3,35,[18],1,False,0.00012696065405423283,-1.7878989914834607e-05,4.827988132302247e-05,50.0
E23,115,115,106,9,1011,0.9217391304347826,0.09489704565801253,0.17207792207792208,raja,S24/S38_20190129_035118_2,frontal_left,median,median__frontal_left__E23,3,35,[18],1,False,8.58792326932063e-05,-8.211367534015012e-06,3.136353340907377e-05,50.0
E24,110,110,74,36,1043,0.6727272727272727,0.06624888093106536,0.12061939690301549,raja,S24/S38_20190129_035118_2,frontal_left,median,median__frontal_left__E24,3,35,[18],1,False,5.043330451677329e-05,-3.609932140892161e-06,1.8014412219221818e-05,50.0
E22,238,238,232,6,885,0.9747899159663865,0.20769919427036707,0.34243542435424357,raja,S24/S38_20190129_035118_2,frontal_left,mean,mean__frontal_left__E22,3,35,[18],1,False,0.00014465721451282194,-1.8242945624549454e-07,4.827988132302247e-05,50.0
E23,74,74,65,9,1052,0.8783783783783784,0.05819158460161146,0.109151973131822,raja,S24/S38_20190129_035118_2,frontal_left,mean,mean__frontal_left__E23,3,35,[18],1,False,9.395853221890405e-05,-1.3206800831727265e-07,3.136353340907377e-05,50.0
E24,88,88,54,34,1063,0.6136363636363636,0.048343777976723366,0.08962655601659751,raja,S24/S38_20190129_035118_2,frontal_left,mean,mean__frontal_left__E24,3,35,[18],1,False,5.398526722306039e-05,-5.796943460506096e-08,1.8014412219221818e-05,50.0
E9,452,452,430,22,687,0.9513274336283186,0.38495971351835273,0.5481198215423837,raja,S24/S38_20190129_035118_2,frontal_right,median,median__frontal_right__E9,3,35,"[3, 4, 5, 18]",4,False,0.00012360629142850222,-1.0856383578281238e-05,4.4820891668927816e-05,50.0
E3,380,380,351,29,766,0.9236842105263158,0.3142345568487019,0.46893787575150303,raja,S24/S38_20190129_035118_2,frontal_right,median,median__frontal_right__E3,3,35,"[3, 4, 5, 18]",4,False,7.189339526799935e-05,-5.91956139408452e-06,2.5937652220694624e-05,50.0
E124,158,158,135,23,982,0.8544303797468354,0.12085944494180842,0.21176470588235294,raja,S24/S38_20190129_035118_2,frontal_right,median,median__frontal_right__E124,3,35,"[3, 4, 5, 18]",4,False,4.674108203343795e-05,-2.5038974782816777e-06,1.641499317057321e-05,50.0
E9,354,354,345,9,772,0.9745762711864406,0.3088630259623993,0.46906866077498294,raja,S24/S38_20190129_035118_2,frontal_right,mean,mean__frontal_right__E9,3,35,"[3, 4, 5, 18]",4,False,0.00013424569542214176,-2.1697958464169387e-07,4.4820891668927816e-05,50.0
E3,292,292,277,15,840,0.9486301369863014,0.24798567591763654,0.3931866572036906,raja,S24/S38_20190129_035118_2,frontal_right,mean,mean__frontal_right__E3,3,35,"[3, 4, 5, 18]",4,False,7.768365975925967e-05,-1.2929690282419512e-07,2.5937652220694624e-05,50.0
E124,113,113,97,16,1020,0.8584070796460177,0.08683974932855863,0.15772357723577235,raja,S24/S38_20190129_035118_2,frontal_right,mean,mean__frontal_right__E124,3,35,"[3, 4, 5, 18]",4,False,4.915899648663003e-05,-8.5983025089602e-08,1.641499317057321e-05,50.0
E9,683,683,643,40,474,0.9414348462664714,0.5756490599820949,0.7144444444444445,raja,S24/S38_20190129_035118_2,all_channel,median,median__all_channel__E9,32,29,"[4, 6, 7, 10, 11, 15, 21, 23, 24, 26, 27]",11,False,9.929329387231544e-05,-5.377224804049806e-06,3.489017289212175e-05,60.0
E22,637,637,608,29,509,0.9544740973312402,0.5443151298119964,0.69327251995439,raja,S24/S38_20190129_035118_2,all_channel,median,median__all_channel__E22,32,29,"[4, 6, 7, 10, 11, 15, 21, 23, 24, 26, 27]",11,False,0.00010610950926422818,-5.714547200219757e-06,3.727468548814931e-05,60.0
E3,576,576,536,40,581,0.9305555555555556,0.4798567591763653,0.6331955109273479,raja,S24/S38_20190129_035118_2,all_channel,median,median__all_channel__E3,32,29,"[4, 6, 7, 10, 11, 15, 21, 23, 24, 26, 27]",11,False,6.13677482431748e-05,-3.013999279727702e-06,2.1460582507634167e-05,60.0
E11,527,527,469,58,648,0.889943074003795,0.41987466427931963,0.5705596107055961,raja,S24/S38_20190129_035118_2,all_channel,median,median__all_channel__E11,32,29,"[4, 6, 7, 10, 11, 15, 21, 23, 24, 26, 27]",11,False,4.6133803999992234e-05,-2.1518769984662225e-06,1.6095226999486154e-05,60.0
E23,454,454,399,55,718,0.8788546255506607,0.35720680393912263,0.5079567154678549,raja,S24/S38_20190129_035118_2,all_channel,median,median__all_channel__E23,32,29,"[4, 6, 7, 10, 11, 15, 21, 23, 24, 26, 27]",11,False,6.395050279642852e-05,-3.3573368021877795e-06,2.2435946532872102e-05,60.0
E124,307,307,258,49,859,0.8403908794788274,0.23097582811101164,0.36235955056179775,raja,S24/S38_20190129_035118_2,all_channel,median,median__all_channel__E124,32,29,"[4, 6, 7, 10, 11, 15, 21, 23, 24, 26, 27]",11,False,3.998471709788151e-05,-1.3526499579518942e-06,1.377912235194447e-05,60.0
E26,308,308,231,77,886,0.75,0.20680393912264997,0.3242105263157895,raja,S24/S38_20190129_035118_2,all_channel,median,median__all_channel__E26,32,29,"[4, 6, 7, 10, 11, 15, 21, 23, 24, 26, 27]",11,False,6.858743139399626e-05,-3.568863781216745e-06,2.4052098391737672e-05,60.0
E24,260,260,179,81,938,0.6884615384615385,0.1602506714413608,0.2599854756717502,raja,S24/S38_20190129_035118_2,all_channel,median,median__all_channel__E24,32,29,"[4, 6, 7, 10, 11, 15, 21, 23, 24, 26, 27]",11,False,4.0583889627235276e-05,-1.739190844195652e-06,1.4107693490476976e-05,60.0
E28,212,212,67,145,1050,0.3160377358490566,0.05998209489704566,0.10082768999247556,raja,S24/S38_20190129_035118_2,all_channel,median,median__all_channel__E28,32,29,"[4, 6, 7, 10, 11, 15, 21, 23, 24, 26, 27]",11,False,2.8698978437896956e-05,-6.106397031111786e-07,9.769872713669378e-06,60.0
E122,137,137,43,94,1074,0.31386861313868614,0.03849597135183527,0.06858054226475278,raja,S24/S38_20190129_035118_2,all_channel,median,median__all_channel__E122,32,29,"[4, 6, 7, 10, 11, 15, 21, 23, 24, 26, 27]",11,False,2.8355515769151613e-05,4.604611783762631e-07,9.298351530258451e-06,60.0
E117,68,68,26,42,1091,0.38235294117647056,0.023276633840644583,0.043881856540084384,raja,S24/S38_20190129_035118_2,all_channel,median,median__all_channel__E117,32,29,"[4, 6, 7, 10, 11, 15, 21, 23, 24, 26, 27]",11,False,2.6510823524388492e-05,-1.2388003739698496e-07,8.878234520595159e-06,60.0
E33,199,199,24,175,1093,0.12060301507537688,0.021486123545210387,0.03647416413373861,raja,S24/S38_20190129_035118_2,all_channel,median,median__all_channel__E33,32,29,"[4, 6, 7, 10, 11, 15, 21, 23, 24, 26, 27]",11,False,3.693987905401045e-05,-2.777698371679368e-07,1.2405882963726129e-05,60.0
E62,75,75,20,55,1097,0.26666666666666666,0.017905102954341987,0.033557046979865765,raja,S24/S38_20190129_035118_2,all_channel,median,median__all_channel__E62,32,29,"[4, 6, 7, 10, 11, 15, 21, 23, 24, 26, 27]",11,False,3.27996761107268e-05,6.487500212268451e-07,1.0716975363166653e-05,60.0
E67,124,124,19,105,1098,0.1532258064516129,0.017009847806624886,0.030620467365028204,raja,S24/S38_20190129_035118_2,all_channel,median,median__all_channel__E67,32,29,"[4, 6, 7, 10, 11, 15, 21, 23, 24, 26, 27]",11,False,3.623624466717952e-05,8.294364778720026e-07,1.1802269396435838e-05,60.0
E77,95,95,17,78,1100,0.17894736842105263,0.01521933751119069,0.028052805280528052,raja,S24/S38_20190129_035118_2,all_channel,median,median__all_channel__E77,32,29,"[4, 6, 7, 10, 11, 15, 21, 23, 24, 26, 27]",11,False,3.580580960320796e-05,8.621828183700938e-07,1.1647875594945955e-05,60.0
E112,39,39,10,29,1107,0.2564102564102564,0.008952551477170993,0.017301038062283735,raja,S24/S38_20190129_035118_2,all_channel,median,median__all_channel__E112,32,29,"[4, 6, 7, 10, 11, 15, 21, 23, 24, 26, 27]",11,False,6.319698356797924e-05,2.798659858430819e-07,2.097237252737872e-05,60.0
E75,73,73,9,64,1108,0.1232876712328767,0.008057296329453895,0.015126050420168066,raja,S24/S38_20190129_035118_2,all_channel,median,median__all_channel__E75,32,29,"[4, 6, 7, 10, 11, 15, 21, 23, 24, 26, 27]",11,False,3.690467066519439e-05,9.504732464252829e-07,1.1984732472923036e-05,60.0
E84,57,57,8,49,1109,0.14035087719298245,0.007162041181736795,0.013628620102214651,raja,S24/S38_20190129_035118_2,all_channel,median,median__all_channel__E84,32,29,"[4, 6, 7, 10, 11, 15, 21, 23, 24, 26, 27]",11,False,3.9668187304676665e-05,9.61804466870507e-07,1.2902127612602053e-05,60.0
E109,48,48,7,41,1110,0.14583333333333334,0.006266786034019696,0.01201716738197425,raja,S24/S38_20190129_035118_2,all_channel,median,median__all_channel__E109,32,29,"[4, 6, 7, 10, 11, 15, 21, 23, 24, 26, 27]",11,False,2.3971132689606628e-05,6.893645430678168e-07,7.760589382179604e-06,60.0
E70,50,50,7,43,1110,0.14,0.006266786034019696,0.011996572407883462,raja,S24/S38_20190129_035118_2,all_channel,median,median__all_channel__E70,32,29,"[4, 6, 7, 10, 11, 15, 21, 23, 24, 26, 27]",11,False,3.61932101031166e-05,1.025761811053264e-06,1.172248276402111e-05,60.0
E13,16,16,5,11,1112,0.3125,0.004476275738585497,0.0088261253309797,raja,S24/S38_20190129_035118_2,all_channel,median,median__all_channel__E13,32,29,"[4, 6, 7, 10, 11, 15, 21, 23, 24, 26, 27]",11,False,4.630963627717921e-05,-7.176951184282933e-08,1.546046859634068e-05,60.0
E98,47,47,5,42,1112,0.10638297872340426,0.004476275738585497,0.008591065292096219,raja,S24/S38_20190129_035118_2,all_channel,median,median__all_channel__E98,32,29,"[4, 6, 7, 10, 11, 15, 21, 23, 24, 26, 27]",11,False,2.575633462797006e-05,7.751601850653383e-07,8.327058147634907e-06,60.0
E104,31,31,4,27,1113,0.12903225806451613,0.0035810205908683975,0.006968641114982578,raja,S24/S38_20190129_035118_2,all_channel,median,median__all_channel__E104,32,29,"[4, 6, 7, 10, 11, 15, 21, 23, 24, 26, 27]",11,False,1.7909470922023796e-05,2.892935977223704e-07,5.873392441433809e-06,60.0
E40,36,36,4,32,1113,0.1111111111111111,0.0035810205908683975,0.006938421509106678,raja,S24/S38_20190129_035118_2,all_channel,median,median__all_channel__E40,32,29,"[4, 6, 7, 10, 11, 15, 21, 23, 24, 26, 27]",11,False,3.0486076061687455e-05,2.402942071924949e-07,1.0081927284831654e-05,60.0
E37,32,32,3,29,1114,0.09375,0.0026857654431512983,0.005221932114882507,raja,S24/S38_20190129_035118_2,all_channel,median,median__all_channel__E37,32,29,"[4, 6, 7, 10, 11, 15, 21, 23, 24, 26, 27]",11,False,2.372285085028667e-05,3.592235296474593e-07,7.787875773546404e-06,60.0
E60,7,7,2,5,1115,0.2857142857142857,0.0017905102954341987,0.0035587188612099642,raja,S24/S38_20190129_035118_2,all_channel,median,median__all_channel__E60,32,29,"[4, 6, 7, 10, 11, 15, 21, 23, 24, 26, 27]",11,False,3.152867990420152e-05,9.155298914409373e-07,1.0204383337586863e-05,60.0
E47,11,11,1,10,1116,0.09090909090909091,0.0008952551477170994,0.0017730496453900709,raja,S24/S38_20190129_035118_2,all_channel,median,median__all_channel__E47,32,29,"[4, 6, 7, 10, 11, 15, 21, 23, 24, 26, 27]",11,False,3.075986513347279e-05,5.551489965067646e-07,1.0068238712322008e-05,60.0
E83,54,54,1,53,1116,0.018518518518518517,0.0008952551477170994,0.0017079419299743809,raja,S24/S38_20190129_035118_2,all_channel,median,median__all_channel__E83,32,29,"[4, 6, 7, 10, 11, 15, 21, 23, 24, 26, 27]",11,False,3.382573285557522e-05,1.1871899272529128e-06,1.0879514309440768e-05,60.0
E87,11,11,0,11,1117,0.0,0.0,0.0,raja,S24/S38_20190129_035118_2,all_channel,median,median__all_channel__E87,32,29,"[4, 6, 7, 10, 11, 15, 21, 23, 24, 26, 27]",11,False,2.670739096283814e-05,4.0975593977982927e-07,8.765878341019437e-06,60.0
E85,15,15,0,15,1117,0.0,0.0,0.0,raja,S24/S38_20190129_035118_2,all_channel,median,median__all_channel__E85,32,29,"[4, 6, 7, 10, 11, 15, 21, 23, 24, 26, 27]",11,False,2.8323144805357e-05,9.149947238739145e-07,9.136050027161028e-06,60.0
E59,17,17,0,17,1117,0.0,0.0,0.0,raja,S24/S38_20190129_035118_2,all_channel,median,median__all_channel__E59,32,29,"[4, 6, 7, 10, 11, 15, 21, 23, 24, 26, 27]",11,False,3.21884187520931e-05,1.0492014811334482e-06,1.0379739090319882e-05,60.0
E91,25,25,0,25,1117,0.0,0.0,0.0,raja,S24/S38_20190129_035118_2,all_channel,median,median__all_channel__E91,32,29,"[4, 6, 7, 10, 11, 15, 21, 23, 24, 26, 27]",11,False,3.1526858641363905e-05,1.1605615845214887e-06,1.0122099018947471e-05,60.0
E9,634,634,602,32,515,0.9495268138801262,0.5389435989256938,0.6876070816676184,raja,S24/S38_20190129_035118_2,all_channel,mean,mean__all_channel__E9,32,29,"[4, 6, 7, 10, 11, 15, 21, 23, 24, 26, 27]",11,False,0.00010461781546325393,-5.2703213111314235e-08,3.489017289212175e-05,60.0
E22,561,561,542,19,575,0.966131907308378,0.4852282900626679,0.6460071513706793,raja,S24/S38_20190129_035118_2,all_channel,mean,mean__all_channel__E22,32,29,"[4, 6, 7, 10, 11, 15, 21, 23, 24, 26, 27]",11,False,0.0001117617535894846,-6.230287496333494e-08,3.727468548814931e-05,60.0
E3,511,511,472,39,645,0.923679060665362,0.42256042972247093,0.5798525798525799,raja,S24/S38_20190129_035118_2,all_channel,mean,mean__all_channel__E3,32,29,"[4, 6, 7, 10, 11, 15, 21, 23, 24, 26, 27]",11,False,6.437519228768025e-05,-6.5552352222444115e-09,2.1460582507634167e-05,60.0
E11,476,476,418,58,699,0.8781512605042017,0.37421665174574753,0.5247959824231011,raja,S24/S38_20190129_035118_2,all_channel,mean,mean__all_channel__E11,32,29,"[4, 6, 7, 10, 11, 15, 21, 23, 24, 26, 27]",11,False,4.8264535946513824e-05,-2.1145051944637217e-08,1.6095226999486154e-05,60.0
E23,372,372,334,38,783,0.8978494623655914,0.2990152193375112,0.4486232370718603,raja,S24/S38_20190129_035118_2,all_channel,mean,mean__all_channel__E23,32,29,"[4, 6, 7, 10, 11, 15, 21, 23, 24, 26, 27]",11,False,6.7268068917353e-05,-3.977068126330536e-08,2.2435946532872102e-05,60.0
E124,261,261,221,40,896,0.8467432950191571,0.19785138764547897,0.32075471698113206,raja,S24/S38_20190129_035118_2,all_channel,mean,mean__all_channel__E124,32,29,"[4, 6, 7, 10, 11, 15, 21, 23, 24, 26, 27]",11,False,4.1333279028121794e-05,-4.088027711614767e-09,1.377912235194447e-05,60.0
E26,246,246,188,58,929,0.7642276422764228,0.1683079677708147,0.2758620689655173,raja,S24/S38_20190129_035118_2,all_channel,mean,mean__all_channel__E26,32,29,"[4, 6, 7, 10, 11, 15, 21, 23, 24, 26, 27]",11,False,7.211145525297836e-05,-4.483992223465157e-08,2.4052098391737672e-05,60.0
E24,218,218,154,64,963,0.7064220183486238,0.1378692927484333,0.23071161048689137,raja,S24/S38_20190129_035118_2,all_channel,mean,mean__all_channel__E24,32,29,"[4, 6, 7, 10, 11, 15, 21, 23, 24, 26, 27]",11,False,4.2286227367432846e-05,-3.685310399807928e-08,1.4107693490476976e-05,60.0
E28,196,196,66,130,1051,0.336734693877551,0.05908683974932856,0.10053313023610053,raja,S24/S38_20190129_035118_2,all_channel,mean,mean__all_channel__E28,32,29,"[4, 6, 7, 10, 11, 15, 21, 23, 24, 26, 27]",11,False,2.9275573525644325e-05,-3.404461536380856e-08,9.769872713669378e-06,60.0
E122,143,143,43,100,1074,0.3006993006993007,0.03849597135183527,0.06825396825396825,raja,S24/S38_20190129_035118_2,all_channel,mean,mean__all_channel__E122,32,29,"[4, 6, 7, 10, 11, 15, 21, 23, 24, 26, 27]",11,False,2.789852441780268e-05,3.469827027329346e-09,9.298351530258451e-06,60.0
E117,68,68,25,43,1092,0.36764705882352944,0.022381378692927483,0.04219409282700421,raja,S24/S38_20190129_035118_2,all_channel,mean,mean__all_channel__E117,32,29,"[4, 6, 7, 10, 11, 15, 21, 23, 24, 26, 27]",11,False,2.664988240454132e-05,1.5178842755843596e-08,8.878234520595159e-06,60.0
E33,196,196,24,172,1093,0.12244897959183673,0.021486123545210387,0.03655750190403657,raja,S24/S38_20190129_035118_2,all_channel,mean,mean__all_channel__E33,32,29,"[4, 6, 7, 10, 11, 15, 21, 23, 24, 26, 27]",11,False,3.720605559630136e-05,-1.159329487702682e-08,1.2405882963726129e-05,60.0
E62,82,82,21,61,1096,0.25609756097560976,0.018800358102059087,0.03502919099249374,raja,S24/S38_20190129_035118_2,all_channel,mean,mean__all_channel__E62,32,29,"[4, 6, 7, 10, 11, 15, 21, 23, 24, 26, 27]",11,False,3.215782794007934e-05,6.901850579382293e-09,1.0716975363166653e-05,60.0
E67,129,129,20,109,1097,0.15503875968992248,0.017905102954341987,0.03210272873194221,raja,S24/S38_20190129_035118_2,all_channel,mean,mean__all_channel__E67,32,29,"[4, 6, 7, 10, 11, 15, 21, 23, 24, 26, 27]",11,False,3.543498443252078e-05,2.8176243213262493e-08,1.1802269396435838e-05,60.0
E77,103,103,17,86,1100,0.1650485436893204,0.01521933751119069,0.027868852459016394,raja,S24/S38_20190129_035118_2,all_channel,mean,mean__all_channel__E77,32,29,"[4, 6, 7, 10, 11, 15, 21, 23, 24, 26, 27]",11,False,3.494129877856312e-05,-2.3280062747450817e-09,1.1647875594945955e-05,60.0
E112,39,39,10,29,1107,0.2564102564102564,0.008952551477170993,0.017301038062283735,raja,S24/S38_20190129_035118_2,all_channel,mean,mean__all_channel__E112,32,29,"[4, 6, 7, 10, 11, 15, 21, 23, 24, 26, 27]",11,False,6.305675472312814e-05,1.39637140991977e-07,2.097237252737872e-05,60.0
E109,62,62,10,52,1107,0.16129032258064516,0.008952551477170993,0.016963528413910092,raja,S24/S38_20190129_035118_2,all_channel,mean,mean__all_channel__E109,32,29,"[4, 6, 7, 10, 11, 15, 21, 23, 24, 26, 27]",11,False,2.3285357178535366e-05,3.5890319965537387e-09,7.760589382179604e-06,60.0
E84,57,57,9,48,1108,0.15789473684210525,0.008057296329453895,0.015332197614991484,raja,S24/S38_20190129_035118_2,all_channel,mean,mean__all_channel__E84,32,29,"[4, 6, 7, 10, 11, 15, 21, 23, 24, 26, 27]",11,False,3.875264990821339e-05,4.626707040722901e-08,1.2902127612602053e-05,60.0
E75,80,80,9,71,1108,0.1125,0.008057296329453895,0.015037593984962407,raja,S24/S38_20190129_035118_2,all_channel,mean,mean__all_channel__E75,32,29,"[4, 6, 7, 10, 11, 15, 21, 23, 24, 26, 27]",11,False,3.594833469067119e-05,-5.862728097915922e-09,1.1984732472923036e-05,60.0
E70,53,53,7,46,1110,0.1320754716981132,0.006266786034019696,0.011965811965811965,raja,S24/S38_20190129_035118_2,all_channel,mean,mean__all_channel__E70,32,29,"[4, 6, 7, 10, 11, 15, 21, 23, 24, 26, 27]",11,False,3.516980698783208e-05,2.35869576874778e-09,1.172248276402111e-05,60.0
E98,55,55,6,49,1111,0.10909090909090909,0.005371530886302597,0.010238907849829353,raja,S24/S38_20190129_035118_2,all_channel,mean,mean__all_channel__E98,32,29,"[4, 6, 7, 10, 11, 15, 21, 23, 24, 26, 27]",11,False,2.4983121702027194e-05,1.9472591224713865e-09,8.327058147634907e-06,60.0
E13,16,16,5,11,1112,0.3125,0.004476275738585497,0.0088261253309797,raja,S24/S38_20190129_035118_2,all_channel,mean,mean__all_channel__E13,32,29,"[4, 6, 7, 10, 11, 15, 21, 23, 24, 26, 27]",11,False,4.637959714070126e-05,-1.8086483207848518e-09,1.546046859634068e-05,60.0
E104,33,33,4,29,1113,0.12121212121212122,0.0035810205908683975,0.006956521739130434,raja,S24/S38_20190129_035118_2,all_channel,mean,mean__all_channel__E104,32,29,"[4, 6, 7, 10, 11, 15, 21, 23, 24, 26, 27]",11,False,1.762198802679701e-05,1.81070249558399e-09,5.873392441433809e-06,60.0
E40,37,37,4,33,1113,0.10810810810810811,0.0035810205908683975,0.006932409012131715,raja,S24/S38_20190129_035118_2,all_channel,mean,mean__all_channel__E40,32,29,"[4, 6, 7, 10, 11, 15, 21, 23, 24, 26, 27]",11,False,3.0235827616822955e-05,-9.954237672005378e-09,1.0081927284831654e-05,60.0
E37,33,33,3,30,1114,0.09090909090909091,0.0026857654431512983,0.0052173913043478265,raja,S24/S38_20190129_035118_2,all_channel,mean,mean__all_channel__E37,32,29,"[4, 6, 7, 10, 11, 15, 21, 23, 24, 26, 27]",11,False,2.336395055675198e-05,3.2323611276737695e-10,7.787875773546404e-06,60.0
E60,8,8,2,6,1115,0.25,0.0017905102954341987,0.0035555555555555557,raja,S24/S38_20190129_035118_2,all_channel,mean,mean__all_channel__E60,32,29,"[4, 6, 7, 10, 11, 15, 21, 23, 24, 26, 27]",11,False,3.063008704747695e-05,1.693703471636245e-08,1.0204383337586863e-05,60.0
E83,70,70,2,68,1115,0.02857142857142857,0.0017905102954341987,0.003369839932603201,raja,S24/S38_20190129_035118_2,all_channel,mean,mean__all_channel__E83,32,29,"[4, 6, 7, 10, 11, 15, 21, 23, 24, 26, 27]",11,False,3.264216678474377e-05,3.6238564214637595e-09,1.0879514309440768e-05,60.0
E47,13,13,1,12,1116,0.07692307692307693,0.0008952551477170994,0.001769911504424779,raja,S24/S38_20190129_035118_2,all_channel,mean,mean__all_channel__E47,32,29,"[4, 6, 7, 10, 11, 15, 21, 23, 24, 26, 27]",11,False,3.0217847100120625e-05,1.313096315460282e-08,1.0068238712322008e-05,60.0
E87,12,12,0,12,1117,0.0,0.0,0.0,raja,S24/S38_20190129_035118_2,all_channel,mean,mean__all_channel__E87,32,29,"[4, 6, 7, 10, 11, 15, 21, 23, 24, 26, 27]",11,False,2.6306974680625772e-05,9.339657567463577e-09,8.765878341019437e-06,60.0
E85,21,21,0,21,1117,0.0,0.0,0.0,raja,S24/S38_20190129_035118_2,all_channel,mean,mean__all_channel__E85,32,29,"[4, 6, 7, 10, 11, 15, 21, 23, 24, 26, 27]",11,False,2.7419209957886963e-05,1.1059876403878244e-08,9.136050027161028e-06,60.0
E59,26,26,0,26,1117,0.0,0.0,0.0,raja,S24/S38_20190129_035118_2,all_channel,mean,mean__all_channel__E59,32,29,"[4, 6, 7, 10, 11, 15, 21, 23, 24, 26, 27]",11,False,3.115174024640532e-05,1.2522975445671683e-08,1.0379739090319882e-05,60.0
E91,32,32,0,32,1117,0.0,0.0,0.0,raja,S24/S38_20190129_035118_2,all_channel,mean,mean__all_channel__E91,32,29,"[4, 6, 7, 10, 11, 15, 21, 23, 24, 26, 27]",11,False,3.0399563600060446e-05,3.326654321802864e-08,1.0122099018947471e-05,60.0
E9,477,477,454,23,663,0.9517819706498952,0.40644583706356313,0.5696361355081556,raja,S24/S38_20190129_035118_2,frontal,median,median__frontal__E9,6,29,[15],1,False,0.00012108984265645829,-1.4913775415764954e-05,4.533453935740775e-05,60.0
E22,437,437,418,19,699,0.9565217391304348,0.37421665174574753,0.537966537966538,raja,S24/S38_20190129_035118_2,frontal,median,median__frontal__E22,6,29,[15],1,False,0.0001240103152830377,-1.415007660569095e-05,4.605346396290954e-05,60.0
E3,389,389,360,29,757,0.9254498714652957,0.3222918531781558,0.47808764940239046,raja,S24/S38_20190129_035118_2,frontal,median,median__frontal__E3,6,29,[15],1,False,7.12883669747858e-05,-8.600358193103849e-06,2.6629575055963218e-05,60.0
E23,167,167,153,14,964,0.9161676646706587,0.1369740376007162,0.23831775700934574,raja,S24/S38_20190129_035118_2,frontal,median,median__frontal__E23,6,29,[15],1,False,8.093088857125019e-05,-7.0390388279992695e-06,2.9323309133083152e-05,60.0
E124,139,139,118,21,999,0.8489208633093526,0.10564010743061773,0.18789808917197454,raja,S24/S38_20190129_035118_2,frontal,median,median__frontal__E124,6,29,[15],1,False,4.7750129689895875e-05,-3.417937174094658e-06,1.7056022287996844e-05,60.0
E24,143,143,88,55,1029,0.6153846153846154,0.07878245299910475,0.13968253968253969,raja,S24/S38_20190129_035118_2,frontal,median,median__frontal__E24,6,29,[15],1,False,4.6720304092419275e-05,-3.380703052321639e-06,1.6700335714913638e-05,60.0
E9,331,331,322,9,795,0.972809667673716,0.288272157564906,0.4447513812154696,raja,S24/S38_20190129_035118_2,frontal,mean,mean__frontal__E9,6,29,[15],1,False,0.00013597095706627854,-3.26610059447111e-08,4.533453935740775e-05,60.0
E22,299,299,287,12,830,0.959866220735786,0.25693822739480754,0.4053672316384181,raja,S24/S38_20190129_035118_2,frontal,mean,mean__frontal__E22,6,29,[15],1,False,0.00013811477658781383,-4.561530091479392e-08,4.605346396290954e-05,60.0
E3,264,264,249,15,868,0.9431818181818182,0.22291853178155774,0.3606082548877625,raja,S24/S38_20190129_035118_2,frontal,mean,mean__frontal__E3,6,29,[15],1,False,7.993906191665993e-05,5.0336748770277225e-08,2.6629575055963218e-05,60.0
E23,107,107,95,12,1022,0.8878504672897196,0.08504923903312445,0.15522875816993464,raja,S24/S38_20190129_035118_2,frontal,mean,mean__frontal__E23,6,29,[15],1,False,8.792234167872531e-05,-4.7585720524152144e-08,2.9323309133083152e-05,60.0
E124,98,98,83,15,1034,0.8469387755102041,0.07430617726051925,0.13662551440329218,raja,S24/S38_20190129_035118_2,frontal,mean,mean__frontal__E124,6,29,[15],1,False,5.1221688902819884e-05,5.362203882934536e-08,1.7056022287996844e-05,60.0
E24,114,114,73,41,1044,0.6403508771929824,0.06535362578334826,0.11860276198212837,raja,S24/S38_20190129_035118_2,frontal,mean,mean__frontal__E24,6,29,[15],1,False,5.007901151989407e-05,-2.1995624846845773e-08,1.6700335714913638e-05,60.0
E22,437,437,418,19,699,0.9565217391304348,0.37421665174574753,0.537966537966538,raja,S24/S38_20190129_035118_2,frontal_left,median,median__frontal_left__E22,3,29,[15],1,False,0.0001240103152830377,-1.415007660569095e-05,4.605346396290954e-05,60.0
E23,167,167,153,14,964,0.9161676646706587,0.1369740376007162,0.23831775700934574,raja,S24/S38_20190129_035118_2,frontal_left,median,median__frontal_left__E23,3,29,[15],1,False,8.093088857125019e-05,-7.0390388279992695e-06,2.9323309133083152e-05,60.0
E24,143,143,88,55,1029,0.6153846153846154,0.07878245299910475,0.13968253968253969,raja,S24/S38_20190129_035118_2,frontal_left,median,median__frontal_left__E24,3,29,[15],1,False,4.6720304092419275e-05,-3.380703052321639e-06,1.6700335714913638e-05,60.0
E22,299,299,287,12,830,0.959866220735786,0.25693822739480754,0.4053672316384181,raja,S24/S38_20190129_035118_2,frontal_left,mean,mean__frontal_left__E22,3,29,[15],1,False,0.00013811477658781383,-4.561530091479392e-08,4.605346396290954e-05,60.0
E23,107,107,95,12,1022,0.8878504672897196,0.08504923903312445,0.15522875816993464,raja,S24/S38_20190129_035118_2,frontal_left,mean,mean__frontal_left__E23,3,29,[15],1,False,8.792234167872531e-05,-4.7585720524152144e-08,2.9323309133083152e-05,60.0
E24,114,114,73,41,1044,0.6403508771929824,0.06535362578334826,0.11860276198212837,raja,S24/S38_20190129_035118_2,frontal_left,mean,mean__frontal_left__E24,3,29,[15],1,False,5.007901151989407e-05,-2.1995624846845773e-08,1.6700335714913638e-05,60.0
E9,477,477,454,23,663,0.9517819706498952,0.40644583706356313,0.5696361355081556,raja,S24/S38_20190129_035118_2,frontal_right,median,median__frontal_right__E9,3,29,[15],1,False,0.00012108984265645829,-1.4913775415764954e-05,4.533453935740775e-05,60.0
E3,389,389,360,29,757,0.9254498714652957,0.3222918531781558,0.47808764940239046,raja,S24/S38_20190129_035118_2,frontal_right,median,median__frontal_right__E3,3,29,[15],1,False,7.12883669747858e-05,-8.600358193103849e-06,2.6629575055963218e-05,60.0
E124,139,139,118,21,999,0.8489208633093526,0.10564010743061773,0.18789808917197454,raja,S24/S38_20190129_035118_2,frontal_right,median,median__frontal_right__E124,3,29,[15],1,False,4.7750129689895875e-05,-3.417937174094658e-06,1.7056022287996844e-05,60.0
E9,331,331,322,9,795,0.972809667673716,0.288272157564906,0.4447513812154696,raja,S24/S38_20190129_035118_2,frontal_right,mean,mean__frontal_right__E9,3,29,[15],1,False,0.00013597095706627854,-3.26610059447111e-08,4.533453935740775e-05,60.0
E3,264,264,249,15,868,0.9431818181818182,0.22291853178155774,0.3606082548877625,raja,S24/S38_20190129_035118_2,frontal_right,mean,mean__frontal_right__E3,3,29,[15],1,False,7.993906191665993e-05,5.0336748770277225e-08,2.6629575055963218e-05,60.0
E124,98,98,83,15,1034,0.8469387755102041,0.07430617726051925,0.13662551440329218,raja,S24/S38_20190129_035118_2,frontal_right,mean,mean__frontal_right__E124,3,29,[15],1,False,5.1221688902819884e-05,5.362203882934536e-08,1.7056022287996844e-05,60.0
E22,731,731,691,40,426,0.945280437756498,0.6186213070725156,0.7478354978354977,raja,S24/S38_20190129_035118_2,all_channel,median,median__all_channel__E22,32,14,"[3, 5, 10, 12, 13]",5,False,9.53905267242911e-05,-4.699501172731909e-06,3.3363342632341e-05,120.0
E9,754,754,698,56,419,0.9257294429708223,0.6248880931065354,0.746125066809193,raja,S24/S38_20190129_035118_2,all_channel,median,median__all_channel__E9,32,14,"[3, 5, 10, 12, 13]",5,False,9.091054984683135e-05,-4.439067588171929e-06,3.178320581166776e-05,120.0
E3,623,623,572,51,545,0.9181380417335474,0.5120859444941809,0.6574712643678161,raja,S24/S38_20190129_035118_2,all_channel,median,median__all_channel__E3,32,14,"[3, 5, 10, 12, 13]",5,False,5.833660189199095e-05,-2.502602924969074e-06,2.0279734938986676e-05,120.0
E11,587,587,518,69,599,0.8824531516183987,0.4637421665174575,0.607981220657277,raja,S24/S38_20190129_035118_2,all_channel,median,median__all_channel__E11,32,14,"[3, 5, 10, 12, 13]",5,False,4.355479525526971e-05,-1.7513569630956213e-06,1.510205073945511e-05,120.0
E23,567,567,498,69,619,0.8783068783068783,0.4458370635631155,0.5914489311163895,raja,S24/S38_20190129_035118_2,all_channel,median,median__all_channel__E23,32,14,"[3, 5, 10, 12, 13]",5,False,5.870407605338624e-05,-2.8150749343162494e-06,2.05063836625675e-05,120.0
E124,360,360,298,62,819,0.8277777777777777,0.26678603401969564,0.4035206499661476,raja,S24/S38_20190129_035118_2,all_channel,median,median__all_channel__E124,32,14,"[3, 5, 10, 12, 13]",5,False,3.801469663655091e-05,-1.0947293561830735e-06,1.3036475330911327e-05,120.0
E26,388,388,286,102,831,0.7371134020618557,0.25604297224709044,0.38006644518272426,raja,S24/S38_20190129_035118_2,all_channel,median,median__all_channel__E26,32,14,"[3, 5, 10, 12, 13]",5,False,6.45084074033579e-05,-2.9605576994754693e-06,2.248965503427779e-05,120.0
E24,319,319,227,92,890,0.7115987460815048,0.20322291853178157,0.3161559888579387,raja,S24/S38_20190129_035118_2,all_channel,median,median__all_channel__E24,32,14,"[3, 5, 10, 12, 13]",5,False,3.837115998770854e-05,-1.4429399453671618e-06,1.3271366644358568e-05,120.0
E28,212,212,68,144,1049,0.32075471698113206,0.06087735004476276,0.10233258088788563,raja,S24/S38_20190129_035118_2,all_channel,median,median__all_channel__E28,32,14,"[3, 5, 10, 12, 13]",5,False,2.8489517585626825e-05,-4.93477138458493e-07,9.660998241361773e-06,120.0
E122,132,132,42,90,1075,0.3181818181818182,0.03760071620411817,0.06725380304243396,raja,S24/S38_20190129_035118_2,all_channel,median,median__all_channel__E122,32,14,"[3, 5, 10, 12, 13]",5,False,2.8578539612895952e-05,3.730345580305519e-07,9.401835018288467e-06,120.0
E117,67,67,25,42,1092,0.373134328358209,0.022381378692927483,0.04222972972972972,raja,S24/S38_20190129_035118_2,all_channel,median,median__all_channel__E117,32,14,"[3, 5, 10, 12, 13]",5,False,2.6679740293292203e-05,-1.0038037347554288e-07,8.926706888922582e-06,120.0
E33,187,187,23,164,1094,0.12299465240641712,0.020590868397493287,0.0352760736196319,raja,S24/S38_20190129_035118_2,all_channel,median,median__all_channel__E33,32,14,"[3, 5, 10, 12, 13]",5,False,3.743628305556904e-05,-2.81128795943813e-07,1.2572470617170952e-05,120.0
E67,130,130,21,109,1096,0.16153846153846155,0.018800358102059087,0.03368083400160385,raja,S24/S38_20190129_035118_2,all_channel,median,median__all_channel__E67,32,14,"[3, 5, 10, 12, 13]",5,False,3.524476881095892e-05,6.409023078907687e-07,1.1534622167689384e-05,120.0
E62,79,79,20,59,1097,0.25316455696202533,0.017905102954341987,0.033444816053511704,raja,S24/S38_20190129_035118_2,all_channel,median,median__all_channel__E62,32,14,"[3, 5, 10, 12, 13]",5,False,3.1772828398192274e-05,5.263156793189841e-07,1.0415504239624431e-05,120.0
E77,97,97,16,81,1101,0.16494845360824742,0.01432408236347359,0.026359143327841842,raja,S24/S38_20190129_035118_2,all_channel,median,median__all_channel__E77,32,14,"[3, 5, 10, 12, 13]",5,False,3.5384837216024425e-05,6.860255027797388e-07,1.1566270571081562e-05,120.0
E109,70,70,10,60,1107,0.14285714285714285,0.008952551477170993,0.016849199663016005,raja,S24/S38_20190129_035118_2,all_channel,median,median__all_channel__E109,32,14,"[3, 5, 10, 12, 13]",5,False,2.2839859157217232e-05,5.575699808370738e-07,7.427429725460053e-06,120.0
E84,59,59,9,50,1108,0.15254237288135594,0.008057296329453895,0.015306122448979593,raja,S24/S38_20190129_035118_2,all_channel,median,median__all_channel__E84,32,14,"[3, 5, 10, 12, 13]",5,False,3.8925382899837905e-05,7.833168625572653e-07,1.2714022012426879e-05,120.0
E112,24,24,8,16,1109,0.3333333333333333,0.007162041181736795,0.014022787028921997,raja,S24/S38_20190129_035118_2,all_channel,median,median__all_channel__E112,32,14,"[3, 5, 10, 12, 13]",5,False,6.666743228614501e-05,2.7348208227308694e-07,2.2131316734623974e-05,120.0
E75,78,78,8,70,1109,0.10256410256410256,0.007162041181736795,0.013389121338912133,raja,S24/S38_20190129_035118_2,all_channel,median,median__all_channel__E75,32,14,"[3, 5, 10, 12, 13]",5,False,3.602102271116375e-05,7.878573362700063e-07,1.1744388458297916e-05,120.0
E70,53,53,7,46,1110,0.1320754716981132,0.006266786034019696,0.011965811965811965,raja,S24/S38_20190129_035118_2,all_channel,median,median__all_channel__E70,32,14,"[3, 5, 10, 12, 13]",5,False,3.518392656166989e-05,8.832248114741531e-07,1.1433567250065244e-05,120.0
E98,52,52,6,46,1111,0.11538461538461539,0.005371530886302597,0.010265183917878529,raja,S24/S38_20190129_035118_2,all_channel,median,median__all_channel__E98,32,14,"[3, 5, 10, 12, 13]",5,False,2.4839936072061485e-05,5.417220412711511e-07,8.099404676930112e-06,120.0
E104,33,33,4,29,1113,0.12121212121212122,0.0035810205908683975,0.006956521739130434,raja,S24/S38_20190129_035118_2,all_channel,median,median__all_channel__E104,32,14,"[3, 5, 10, 12, 13]",5,False,1.7460099668418242e-05,2.2010264140082837e-07,5.746665675672471e-06,120.0
E40,36,36,4,32,1113,0.1111111111111111,0.0035810205908683975,0.006938421509106678,raja,S24/S38_20190129_035118_2,all_channel,median,median__all_channel__E40,32,14,"[3, 5, 10, 12, 13]",5,False,3.0303265281750673e-05,1.788638024201839e-07,1.004146715977683e-05,120.0
E13,11,11,3,8,1114,0.2727272727272727,0.0026857654431512983,0.0053191489361702135,raja,S24/S38_20190129_035118_2,all_channel,median,median__all_channel__E13,32,14,"[3, 5, 10, 12, 13]",5,False,4.797304971392025e-05,-1.0476000169958995e-07,1.602593657187328e-05,120.0
E37,32,32,3,29,1114,0.09375,0.0026857654431512983,0.005221932114882507,raja,S24/S38_20190129_035118_2,all_channel,median,median__all_channel__E37,32,14,"[3, 5, 10, 12, 13]",5,False,2.3326920053686005e-05,2.3813692594562849e-07,7.696261042580125e-06,120.0
E83,75,75,3,72,1114,0.04,0.0026857654431512983,0.0050335570469798654,raja,S24/S38_20190129_035118_2,all_channel,median,median__all_channel__E83,32,14,"[3, 5, 10, 12, 13]",5,False,3.2255056369424904e-05,9.88399539159603e-07,1.0422218943421767e-05,120.0
E60,8,8,2,6,1115,0.25,0.0017905102954341987,0.0035555555555555557,raja,S24/S38_20190129_035118_2,all_channel,median,median__all_channel__E60,32,14,"[3, 5, 10, 12, 13]",5,False,3.126131703844178e-05,7.370612724560219e-07,1.0174751921995252e-05,120.0
E47,13,13,1,12,1116,0.07692307692307693,0.0008952551477170994,0.001769911504424779,raja,S24/S38_20190129_035118_2,all_channel,median,median__all_channel__E47,32,14,"[3, 5, 10, 12, 13]",5,False,3.028214181342416e-05,3.439705029956235e-07,9.979390436809511e-06,120.0
E87,9,9,0,9,1117,0.0,0.0,0.0,raja,S24/S38_20190129_035118_2,all_channel,median,median__all_channel__E87,32,14,"[3, 5, 10, 12, 13]",5,False,2.6619825562333204e-05,3.3928131380260316e-07,8.760181416176866e-06,120.0
E59,23,23,0,23,1117,0.0,0.0,0.0,raja,S24/S38_20190129_035118_2,all_channel,median,median__all_channel__E59,32,14,"[3, 5, 10, 12, 13]",5,False,3.116902632183802e-05,8.36367642447616e-07,1.0110886226463467e-05,120.0
E85,25,25,0,25,1117,0.0,0.0,0.0,raja,S24/S38_20190129_035118_2,all_channel,median,median__all_channel__E85,32,14,"[3, 5, 10, 12, 13]",5,False,2.711301410801897e-05,7.938050968080967e-07,8.773069670403624e-06,120.0
E91,30,30,0,30,1117,0.0,0.0,0.0,raja,S24/S38_20190129_035118_2,all_channel,median,median__all_channel__E91,32,14,"[3, 5, 10, 12, 13]",5,False,3.057342980776711e-05,9.716719543882973e-07,9.867252617792938e-06,120.0
E9,706,706,660,46,457,0.9348441926345609,0.5908683974932856,0.7240811848601206,raja,S24/S38_20190129_035118_2,all_channel,mean,mean__all_channel__E9,32,14,"[3, 5, 10, 12, 13]",5,False,9.532822315767824e-05,-2.1394277325038413e-08,3.178320581166776e-05,120.0
E22,679,679,645,34,472,0.9499263622974963,0.5774395702775291,0.7182628062360803,raja,S24/S38_20190129_035118_2,all_channel,mean,mean__all_channel__E22,32,14,"[3, 5, 10, 12, 13]",5,False,0.00010008077727771314,-9.250619309870113e-09,3.3363342632341e-05,120.0
E3,578,578,537,41,580,0.9290657439446367,0.4807520143240824,0.6336283185840709,raja,S24/S38_20190129_035118_2,all_channel,mean,mean__all_channel__E3,32,14,"[3, 5, 10, 12, 13]",5,False,6.082561612558584e-05,-1.358869137418479e-08,2.0279734938986676e-05,120.0
E11,536,536,473,63,644,0.8824626865671642,0.423455684870188,0.5722928009679371,raja,S24/S38_20190129_035118_2,all_channel,mean,mean__all_channel__E11,32,14,"[3, 5, 10, 12, 13]",5,False,4.5296999534126163e-05,-9.152684239167422e-09,1.510205073945511e-05,120.0
E23,508,508,449,59,668,0.8838582677165354,0.40196956132497763,0.5526153846153846,raja,S24/S38_20190129_035118_2,all_channel,mean,mean__all_channel__E23,32,14,"[3, 5, 10, 12, 13]",5,False,6.151738501471924e-05,-1.7659729832407908e-09,2.05063836625675e-05,120.0
E124,320,320,270,50,847,0.84375,0.24171888988361684,0.3757828810020877,raja,S24/S38_20190129_035118_2,all_channel,mean,mean__all_channel__E124,32,14,"[3, 5, 10, 12, 13]",5,False,3.909977173657994e-05,-9.654256154041634e-09,1.3036475330911327e-05,120.0
E26,319,319,244,75,873,0.7648902821316614,0.21844225604297224,0.3398328690807799,raja,S24/S38_20190129_035118_2,all_channel,mean,mean__all_channel__E26,32,14,"[3, 5, 10, 12, 13]",5,False,6.747343817189855e-05,4.4730690651815405e-09,2.248965503427779e-05,120.0
E24,267,267,191,76,926,0.7153558052434457,0.170993733213966,0.27601156069364163,raja,S24/S38_20190129_035118_2,all_channel,mean,mean__all_channel__E24,32,14,"[3, 5, 10, 12, 13]",5,False,3.980373968126586e-05,-1.036025180984642e-08,1.3271366644358568e-05,120.0
E28,196,196,64,132,1053,0.32653061224489793,0.05729632945389436,0.0974866717440975,raja,S24/S38_20190129_035118_2,all_channel,mean,mean__all_channel__E28,32,14,"[3, 5, 10, 12, 13]",5,False,2.8968935093176025e-05,-1.4059630909293045e-08,9.660998241361773e-06,120.0
E122,138,138,42,96,1075,0.30434782608695654,0.03760071620411817,0.06693227091633465,raja,S24/S38_20190129_035118_2,all_channel,mean,mean__all_channel__E122,32,14,"[3, 5, 10, 12, 13]",5,False,2.819663797328685e-05,-8.8670815785517e-09,9.401835018288467e-06,120.0
E117,66,66,25,41,1092,0.3787878787878788,0.022381378692927483,0.042265426880811495,raja,S24/S38_20190129_035118_2,all_channel,mean,mean__all_channel__E117,32,14,"[3, 5, 10, 12, 13]",5,False,2.6767553502217126e-05,-1.256716455062018e-08,8.926706888922582e-06,120.0
E33,177,177,23,154,1094,0.12994350282485875,0.020590868397493287,0.03554868624420403,raja,S24/S38_20190129_035118_2,all_channel,mean,mean__all_channel__E33,32,14,"[3, 5, 10, 12, 13]",5,False,3.771867869050509e-05,1.2668389922379328e-09,1.2572470617170952e-05,120.0
E67,131,131,22,109,1095,0.16793893129770993,0.019695613249776187,0.035256410256410256,raja,S24/S38_20190129_035118_2,all_channel,mean,mean__all_channel__E67,32,14,"[3, 5, 10, 12, 13]",5,False,3.4642907740918875e-05,3.9041237850723594e-08,1.1534622167689384e-05,120.0
E62,78,78,20,58,1097,0.2564102564102564,0.017905102954341987,0.03347280334728033,raja,S24/S38_20190129_035118_2,all_channel,mean,mean__all_channel__E62,32,14,"[3, 5, 10, 12, 13]",5,False,3.125257042715631e-05,6.0577082830178605e-09,1.0415504239624431e-05,120.0
E77,101,101,16,85,1101,0.15841584158415842,0.01432408236347359,0.026272577996715927,raja,S24/S38_20190129_035118_2,all_channel,mean,mean__all_channel__E77,32,14,"[3, 5, 10, 12, 13]",5,False,3.4709352568094385e-05,1.0540854849697454e-08,1.1566270571081562e-05,120.0
E84,63,63,10,53,1107,0.15873015873015872,0.008952551477170993,0.016949152542372878,raja,S24/S38_20190129_035118_2,all_channel,mean,mean__all_channel__E84,32,14,"[3, 5, 10, 12, 13]",5,False,3.815907014320724e-05,1.7004105926601596e-08,1.2714022012426879e-05,120.0
E109,76,76,10,66,1107,0.13157894736842105,0.008952551477170993,0.016764459346186086,raja,S24/S38_20190129_035118_2,all_channel,mean,mean__all_channel__E109,32,14,"[3, 5, 10, 12, 13]",5,False,2.2278144989692587e-05,-4.144186687572473e-09,7.427429725460053e-06,120.0
E112,24,24,8,16,1109,0.3333333333333333,0.007162041181736795,0.014022787028921997,raja,S24/S38_20190129_035118_2,all_channel,mean,mean__all_channel__E112,32,14,"[3, 5, 10, 12, 13]",5,False,6.643308712883922e-05,3.913692496729842e-08,2.2131316734623974e-05,120.0
E75,83,83,8,75,1109,0.0963855421686747,0.007162041181736795,0.013333333333333334,raja,S24/S38_20190129_035118_2,all_channel,mean,mean__all_channel__E75,32,14,"[3, 5, 10, 12, 13]",5,False,3.5235919966862235e-05,2.7545919684889337e-09,1.1744388458297916e-05,120.0
E70,59,59,7,52,1110,0.11864406779661017,0.006266786034019696,0.011904761904761906,raja,S24/S38_20190129_035118_2,all_channel,mean,mean__all_channel__E70,32,14,"[3, 5, 10, 12, 13]",5,False,3.430583869115638e-05,5.136940960645876e-09,1.1433567250065244e-05,120.0
E98,59,59,6,53,1111,0.1016949152542373,0.005371530886302597,0.010204081632653062,raja,S24/S38_20190129_035118_2,all_channel,mean,mean__all_channel__E98,32,14,"[3, 5, 10, 12, 13]",5,False,2.4297680554060163e-05,-5.334767301701772e-10,8.099404676930112e-06,120.0
E104,34,34,5,29,1112,0.14705882352941177,0.004476275738585497,0.008688097306689834,raja,S24/S38_20190129_035118_2,all_channel,mean,mean__all_channel__E104,32,14,"[3, 5, 10, 12, 13]",5,False,1.7237902120635854e-05,-2.0949063815594995e-09,5.746665675672471e-06,120.0
E37,32,32,4,28,1113,0.125,0.0035810205908683975,0.006962576153176675,raja,S24/S38_20190129_035118_2,all_channel,mean,mean__all_channel__E37,32,14,"[3, 5, 10, 12, 13]",5,False,2.3088735384285798e-05,-4.774345458023024e-11,7.696261042580125e-06,120.0
E40,38,38,4,34,1113,0.10526315789473684,0.0035810205908683975,0.006926406926406926,raja,S24/S38_20190129_035118_2,all_channel,mean,mean__all_channel__E40,32,14,"[3, 5, 10, 12, 13]",5,False,3.013086989047973e-05,6.468411149238997e-09,1.004146715977683e-05,120.0
E13,11,11,3,8,1114,0.2727272727272727,0.0026857654431512983,0.0053191489361702135,raja,S24/S38_20190129_035118_2,all_channel,mean,mean__all_channel__E13,32,14,"[3, 5, 10, 12, 13]",5,False,4.8057728391817366e-05,-2.0081323802480854e-08,1.602593657187328e-05,120.0
E83,95,95,3,92,1114,0.031578947368421054,0.0026857654431512983,0.0049504950495049506,raja,S24/S38_20190129_035118_2,all_channel,mean,mean__all_channel__E83,32,14,"[3, 5, 10, 12, 13]",5,False,3.127387918767441e-05,7.2223574091083495e-09,1.0422218943421767e-05,120.0
E60,8,8,2,6,1115,0.25,0.0017905102954341987,0.0035555555555555557,raja,S24/S38_20190129_035118_2,all_channel,mean,mean__all_channel__E60,32,14,"[3, 5, 10, 12, 13]",5,False,3.0530351643506076e-05,6.095877520315856e-09,1.0174751921995252e-05,120.0
E47,12,12,1,11,1116,0.08333333333333333,0.0008952551477170994,0.0017714791851195747,raja,S24/S38_20190129_035118_2,all_channel,mean,mean__all_channel__E47,32,14,"[3, 5, 10, 12, 13]",5,False,2.994848321232458e-05,1.0311901896047576e-08,9.979390436809511e-06,120.0
E59,25,25,1,24,1116,0.04,0.0008952551477170994,0.0017513134851138354,raja,S24/S38_20190129_035118_2,all_channel,mean,mean__all_channel__E59,32,14,"[3, 5, 10, 12, 13]",5,False,3.0337028056791497e-05,4.369377401095842e-09,1.0110886226463467e-05,120.0
E87,10,10,0,10,1117,0.0,0.0,0.0,raja,S24/S38_20190129_035118_2,all_channel,mean,mean__all_channel__E87,32,14,"[3, 5, 10, 12, 13]",5,False,2.62826490553299e-05,2.1048067992978652e-09,8.760181416176866e-06,120.0
E85,35,35,0,35,1117,0.0,0.0,0.0,raja,S24/S38_20190129_035118_2,all_channel,mean,mean__all_channel__E85,32,14,"[3, 5, 10, 12, 13]",5,False,2.6321702297511457e-05,2.4932863005852723e-09,8.773069670403624e-06,120.0
E91,39,39,0,39,1117,0.0,0.0,0.0,raja,S24/S38_20190129_035118_2,all_channel,mean,mean__all_channel__E91,32,14,"[3, 5, 10, 12, 13]",5,False,2.9618496667344154e-05,1.6738813965338997e-08,9.867252617792938e-06,120.0
E9,631,631,599,32,518,0.9492868462757528,0.5362578334825425,0.6853546910755147,raja,S24/S38_20190129_035118_2,frontal,median,median__frontal__E9,6,14,[],0,True,0.00010262187467124306,-5.232790762638429e-06,3.595155514462716e-05,120.0
E22,621,621,592,29,525,0.9533011272141707,0.5299910474485229,0.6812428078250864,raja,S24/S38_20190129_035118_2,frontal,median,median__frontal__E22,6,14,[],0,True,0.00010636516123598046,-5.2929904279602695e-06,3.7219383887980246e-05,120.0
E3,543,543,507,36,610,0.9337016574585635,0.4538943598925694,0.6108433734939759,raja,S24/S38_20190129_035118_2,frontal,median,median__frontal__E3,6,14,[],0,True,6.214841082589478e-05,-3.1453639692530143e-06,2.1764591598382594e-05,120.0
E23,460,460,406,54,711,0.8826086956521739,0.36347358997314233,0.5149017121116043,raja,S24/S38_20190129_035118_2,frontal,median,median__frontal__E23,6,14,[],0,True,6.34893451936898e-05,-3.1441288743010952e-06,2.221115802266363e-05,120.0
E124,313,313,264,49,853,0.8434504792332268,0.23634735899731424,0.36923076923076925,raja,S24/S38_20190129_035118_2,frontal,median,median__frontal__E124,6,14,[],0,True,3.949148823052478e-05,-1.4340111119748489e-06,1.3641833114166545e-05,120.0
E24,261,261,189,72,928,0.7241379310344828,0.1692032229185318,0.2743105950653121,raja,S24/S38_20190129_035118_2,frontal,median,median__frontal__E24,6,14,[],0,True,3.9948821680891294e-05,-1.6876112036944207e-06,1.387881096152857e-05,120.0
E9,578,578,554,24,563,0.9584775086505191,0.4959713518352731,0.6536873156342183,raja,S24/S38_20190129_035118_2,frontal,mean,mean__frontal__E9,6,14,[],0,True,0.00010784668790794182,-7.977525939674747e-09,3.595155514462716e-05,120.0
E22,550,550,531,19,586,0.9654545454545455,0.4753804834377798,0.6370725854829035,raja,S24/S38_20190129_035118_2,frontal,mean,mean__frontal__E22,6,14,[],0,True,0.00011165864378774895,4.921238082114313e-10,3.7219383887980246e-05,120.0
E3,487,487,451,36,666,0.9260780287474333,0.40376007162041183,0.5623441396508728,raja,S24/S38_20190129_035118_2,frontal,mean,mean__frontal__E3,6,14,[],0,True,6.529229807849854e-05,-1.4767166492380585e-09,2.1764591598382594e-05,120.0
E23,386,386,344,42,773,0.8911917098445595,0.3079677708146822,0.45775116433799073,raja,S24/S38_20190129_035118_2,frontal,mean,mean__frontal__E23,6,14,[],0,True,6.663736860715032e-05,3.8945391594299655e-09,2.221115802266363e-05,120.0
E124,270,270,229,41,888,0.8481481481481481,0.20501342882721577,0.3302090843547224,raja,S24/S38_20190129_035118_2,frontal,mean,mean__frontal__E124,6,14,[],0,True,4.092463705885997e-05,-8.622836396584932e-10,1.3641833114166545e-05,120.0
E24,233,233,167,66,950,0.7167381974248928,0.1495076096687556,0.24740740740740744,raja,S24/S38_20190129_035118_2,frontal,mean,mean__frontal__E24,6,14,[],0,True,4.163959951566624e-05,3.1666310805272314e-09,1.387881096152857e-05,120.0
E22,621,621,592,29,525,0.9533011272141707,0.5299910474485229,0.6812428078250864,raja,S24/S38_20190129_035118_2,frontal_left,median,median__frontal_left__E22,3,14,[],0,True,0.00010636516123598046,-5.2929904279602695e-06,3.7219383887980246e-05,120.0
E23,460,460,406,54,711,0.8826086956521739,0.36347358997314233,0.5149017121116043,raja,S24/S38_20190129_035118_2,frontal_left,median,median__frontal_left__E23,3,14,[],0,True,6.34893451936898e-05,-3.1441288743010952e-06,2.221115802266363e-05,120.0
E24,261,261,189,72,928,0.7241379310344828,0.1692032229185318,0.2743105950653121,raja,S24/S38_20190129_035118_2,frontal_left,median,median__frontal_left__E24,3,14,[],0,True,3.9948821680891294e-05,-1.6876112036944207e-06,1.387881096152857e-05,120.0
E22,550,550,531,19,586,0.9654545454545455,0.4753804834377798,0.6370725854829035,raja,S24/S38_20190129_035118_2,frontal_left,mean,mean__frontal_left__E22,3,14,[],0,True,0.00011165864378774895,4.921238082114313e-10,3.7219383887980246e-05,120.0
E23,386,386,344,42,773,0.8911917098445595,0.3079677708146822,0.45775116433799073,raja,S24/S38_20190129_035118_2,frontal_left,mean,mean__frontal_left__E23,3,14,[],0,True,6.663736860715032e-05,3.8945391594299655e-09,2.221115802266363e-05,120.0
E24,233,233,167,66,950,0.7167381974248928,0.1495076096687556,0.24740740740740744,raja,S24/S38_20190129_035118_2,frontal_left,mean,mean__frontal_left__E24,3,14,[],0,True,4.163959951566624e-05,3.1666310805272314e-09,1.387881096152857e-05,120.0
E9,631,631,599,32,518,0.9492868462757528,0.5362578334825425,0.6853546910755147,raja,S24/S38_20190129_035118_2,frontal_right,median,median__frontal_right__E9,3,14,[],0,True,0.00010262187467124306,-5.232790762638429e-06,3.595155514462716e-05,120.0
E3,543,543,507,36,610,0.9337016574585635,0.4538943598925694,0.6108433734939759,raja,S24/S38_20190129_035118_2,frontal_right,median,median__frontal_right__E3,3,14,[],0,True,6.214841082589478e-05,-3.1453639692530143e-06,2.1764591598382594e-05,120.0
E124,313,313,264,49,853,0.8434504792332268,0.23634735899731424,0.36923076923076925,raja,S24/S38_20190129_035118_2,frontal_right,median,median__frontal_right__E124,3,14,[],0,True,3.949148823052478e-05,-1.4340111119748489e-06,1.3641833114166545e-05,120.0
E9,578,578,554,24,563,0.9584775086505191,0.4959713518352731,0.6536873156342183,raja,S24/S38_20190129_035118_2,frontal_right,mean,mean__frontal_right__E9,3,14,[],0,True,0.00010784668790794182,-7.977525939674747e-09,3.595155514462716e-05,120.0
E3,487,487,451,36,666,0.9260780287474333,0.40376007162041183,0.5623441396508728,raja,S24/S38_20190129_035118_2,frontal_right,mean,mean__frontal_right__E3,3,14,[],0,True,6.529229807849854e-05,-1.4767166492380585e-09,2.1764591598382594e-05,120.0
E124,270,270,229,41,888,0.8481481481481481,0.20501342882721577,0.3302090843547224,raja,S24/S38_20190129_035118_2,frontal_right,mean,mean__frontal_right__E124,3,14,[],0,True,4.092463705885997e-05,-8.622836396584932e-10,1.3641833114166545e-05,120.0
