channel,raw_candidate_count,mapped_candidate_count,tp,fp,fn,precision,recall,f1,dataset,session,selection,center_method,condition,n_channels_used,n_valid,flagged_valid_epoch_indices,n_flagged,used_all_epochs,blink_region_threshold,threshold_center,threshold_dispersion,epoch_duration_s
E9,1247,1247,1209,38,27,0.9695268644747393,0.9781553398058253,0.9738219895287958,raja,S4/S04_20170606_045500_3,all_channel,median,median__all_channel__E9,32,183,"[0, 1, 2, 3, 4, 7, 8, 11, 12, 14, 15, 16, 17, 18, 20, 21, 23, 24, 25, 26, 27, 28, 29, 31, 32, 33, 34, 36, 37, 38, 39, 40, 42, 43, 44, 45, 46, 47, 49, 50, 51, 53, 54, 55, 56, 57, 58, 59, 60, 61, 62, 63, 64, 65, 66, 67, 68, 69, 70, 72, 73, 74, 75, 76, 77, 78, 79, 80, 81, 82, 84, 85, 86, 88, 89, 90, 92, 93, 94, 95, 96, 97, 98, 99, 100, 104, 106, 107, 108, 111, 115, 116, 117, 119, 120, 121, 123, 124, 125, 126, 127, 129, 130, 131, 132, 133, 135, 136, 137, 138, 139, 140, 141, 142, 143, 144, 145, 146, 147, 148, 149, 150, 151, 152, 153, 155, 156, 157, 158, 159, 160, 161, 162, 163, 164, 165, 166, 167, 168, 169, 170, 171, 172, 173, 174, 175, 176, 177, 178, 179, 180, 181, 182]",153,False,4.7278794431870315e-05,-6.200374887067244e-06,1.7826389772979187e-05,10.0
E22,1215,1215,1175,40,61,0.9670781893004116,0.9506472491909385,0.9587923296613627,raja,S4/S04_20170606_045500_3,all_channel,median,median__all_channel__E22,32,183,"[0, 1, 2, 3, 4, 7, 8, 11, 12, 14, 15, 16, 17, 18, 20, 21, 23, 24, 25, 26, 27, 28, 29, 31, 32, 33, 34, 36, 37, 38, 39, 40, 42, 43, 44, 45, 46, 47, 49, 50, 51, 53, 54, 55, 56, 57, 58, 59, 60, 61, 62, 63, 64, 65, 66, 67, 68, 69, 70, 72, 73, 74, 75, 76, 77, 78, 79, 80, 81, 82, 84, 85, 86, 88, 89, 90, 92, 93, 94, 95, 96, 97, 98, 99, 100, 104, 106, 107, 108, 111, 115, 116, 117, 119, 120, 121, 123, 124, 125, 126, 127, 129, 130, 131, 132, 133, 135, 136, 137, 138, 139, 140, 141, 142, 143, 144, 145, 146, 147, 148, 149, 150, 151, 152, 153, 155, 156, 157, 158, 159, 160, 161, 162, 163, 164, 165, 166, 167, 168, 169, 170, 171, 172, 173, 174, 175, 176, 177, 178, 179, 180, 181, 182]",153,False,4.6550451798787774e-05,-5.587388974307946e-06,1.7379280257698573e-05,10.0
E3,1150,1150,1109,41,127,0.9643478260869566,0.8972491909385113,0.9295892707460185,raja,S4/S04_20170606_045500_3,all_channel,median,median__all_channel__E3,32,183,"[0, 1, 2, 3, 4, 7, 8, 11, 12, 14, 15, 16, 17, 18, 20, 21, 23, 24, 25, 26, 27, 28, 29, 31, 32, 33, 34, 36, 37, 38, 39, 40, 42, 43, 44, 45, 46, 47, 49, 50, 51, 53, 54, 55, 56, 57, 58, 59, 60, 61, 62, 63, 64, 65, 66, 67, 68, 69, 70, 72, 73, 74, 75, 76, 77, 78, 79, 80, 81, 82, 84, 85, 86, 88, 89, 90, 92, 93, 94, 95, 96, 97, 98, 99, 100, 104, 106, 107, 108, 111, 115, 116, 117, 119, 120, 121, 123, 124, 125, 126, 127, 129, 130, 131, 132, 133, 135, 136, 137, 138, 139, 140, 141, 142, 143, 144, 145, 146, 147, 148, 149, 150, 151, 152, 153, 155, 156, 157, 158, 159, 160, 161, 162, 163, 164, 165, 166, 167, 168, 169, 170, 171, 172, 173, 174, 175, 176, 177, 178, 179, 180, 181, 182]",153,False,3.468218866554751e-05,-3.2094180967983943e-06,1.2630535587448636e-05,10.0
E23,870,870,834,36,402,0.9586206896551724,0.6747572815533981,0.7920227920227921,raja,S4/S04_20170606_045500_3,all_channel,median,median__all_channel__E23,32,183,"[0, 1, 2, 3, 4, 7, 8, 11, 12, 14, 15, 16, 17, 18, 20, 21, 23, 24, 25, 26, 27, 28, 29, 31, 32, 33, 34, 36, 37, 38, 39, 40, 42, 43, 44, 45, 46, 47, 49, 50, 51, 53, 54, 55, 56, 57, 58, 59, 60, 61, 62, 63, 64, 65, 66, 67, 68, 69, 70, 72, 73, 74, 75, 76, 77, 78, 79, 80, 81, 82, 84, 85, 86, 88, 89, 90, 92, 93, 94, 95, 96, 97, 98, 99, 100, 104, 106, 107, 108, 111, 115, 116, 117, 119, 120, 121, 123, 124, 125, 126, 127, 129, 130, 131, 132, 133, 135, 136, 137, 138, 139, 140, 141, 142, 143, 144, 145, 146, 147, 148, 149, 150, 151, 152, 153, 155, 156, 157, 158, 159, 160, 161, 162, 163, 164, 165, 166, 167, 168, 169, 170, 171, 172, 173, 174, 175, 176, 177, 178, 179, 180, 181, 182]",153,False,3.305190922238599e-05,-2.3581097362991704e-06,1.1803339652895053e-05,10.0
E26,748,748,680,68,556,0.9090909090909091,0.5501618122977346,0.6854838709677419,raja,S4/S04_20170606_045500_3,all_channel,median,median__all_channel__E26,32,183,"[0, 1, 2, 3, 4, 7, 8, 11, 12, 14, 15, 16, 17, 18, 20, 21, 23, 24, 25, 26, 27, 28, 29, 31, 32, 33, 34, 36, 37, 38, 39, 40, 42, 43, 44, 45, 46, 47, 49, 50, 51, 53, 54, 55, 56, 57, 58, 59, 60, 61, 62, 63, 64, 65, 66, 67, 68, 69, 70, 72, 73, 74, 75, 76, 77, 78, 79, 80, 81, 82, 84, 85, 86, 88, 89, 90, 92, 93, 94, 95, 96, 97, 98, 99, 100, 104, 106, 107, 108, 111, 115, 116, 117, 119, 120, 121, 123, 124, 125, 126, 127, 129, 130, 131, 132, 133, 135, 136, 137, 138, 139, 140, 141, 142, 143, 144, 145, 146, 147, 148, 149, 150, 151, 152, 153, 155, 156, 157, 158, 159, 160, 161, 162, 163, 164, 165, 166, 167, 168, 169, 170, 171, 172, 173, 174, 175, 176, 177, 178, 179, 180, 181, 182]",153,False,2.859967417185388e-05,-1.810739630326637e-06,1.0136804600726839e-05,10.0
E122,163,163,119,44,1117,0.7300613496932515,0.09627831715210355,0.17012151536812006,raja,S4/S04_20170606_045500_3,all_channel,median,median__all_channel__E122,32,183,"[0, 1, 2, 3, 4, 7, 8, 11, 12, 14, 15, 16, 17, 18, 20, 21, 23, 24, 25, 26, 27, 28, 29, 31, 32, 33, 34, 36, 37, 38, 39, 40, 42, 43, 44, 45, 46, 47, 49, 50, 51, 53, 54, 55, 56, 57, 58, 59, 60, 61, 62, 63, 64, 65, 66, 67, 68, 69, 70, 72, 73, 74, 75, 76, 77, 78, 79, 80, 81, 82, 84, 85, 86, 88, 89, 90, 92, 93, 94, 95, 96, 97, 98, 99, 100, 104, 106, 107, 108, 111, 115, 116, 117, 119, 120, 121, 123, 124, 125, 126, 127, 129, 130, 131, 132, 133, 135, 136, 137, 138, 139, 140, 141, 142, 143, 144, 145, 146, 147, 148, 149, 150, 151, 152, 153, 155, 156, 157, 158, 159, 160, 161, 162, 163, 164, 165, 166, 167, 168, 169, 170, 171, 172, 173, 174, 175, 176, 177, 178, 179, 180, 181, 182]",153,False,2.2670377961567054e-05,-3.8351145727390945e-07,7.68462980628032e-06,10.0
E67,170,170,42,128,1194,0.24705882352941178,0.03398058252427184,0.059743954480796585,raja,S4/S04_20170606_045500_3,all_channel,median,median__all_channel__E67,32,183,"[0, 1, 2, 3, 4, 7, 8, 11, 12, 14, 15, 16, 17, 18, 20, 21, 23, 24, 25, 26, 27, 28, 29, 31, 32, 33, 34, 36, 37, 38, 39, 40, 42, 43, 44, 45, 46, 47, 49, 50, 51, 53, 54, 55, 56, 57, 58, 59, 60, 61, 62, 63, 64, 65, 66, 67, 68, 69, 70, 72, 73, 74, 75, 76, 77, 78, 79, 80, 81, 82, 84, 85, 86, 88, 89, 90, 92, 93, 94, 95, 96, 97, 98, 99, 100, 104, 106, 107, 108, 111, 115, 116, 117, 119, 120, 121, 123, 124, 125, 126, 127, 129, 130, 131, 132, 133, 135, 136, 137, 138, 139, 140, 141, 142, 143, 144, 145, 146, 147, 148, 149, 150, 151, 152, 153, 155, 156, 157, 158, 159, 160, 161, 162, 163, 164, 165, 166, 167, 168, 169, 170, 171, 172, 173, 174, 175, 176, 177, 178, 179, 180, 181, 182]",153,False,3.668197744830303e-05,4.083525376035823e-07,1.2091208303566483e-05,10.0
E62,167,167,41,126,1195,0.24550898203592814,0.03317152103559871,0.05844618674269422,raja,S4/S04_20170606_045500_3,all_channel,median,median__all_channel__E62,32,183,"[0, 1, 2, 3, 4, 7, 8, 11, 12, 14, 15, 16, 17, 18, 20, 21, 23, 24, 25, 26, 27, 28, 29, 31, 32, 33, 34, 36, 37, 38, 39, 40, 42, 43, 44, 45, 46, 47, 49, 50, 51, 53, 54, 55, 56, 57, 58, 59, 60, 61, 62, 63, 64, 65, 66, 67, 68, 69, 70, 72, 73, 74, 75, 76, 77, 78, 79, 80, 81, 82, 84, 85, 86, 88, 89, 90, 92, 93, 94, 95, 96, 97, 98, 99, 100, 104, 106, 107, 108, 111, 115, 116, 117, 119, 120, 121, 123, 124, 125, 126, 127, 129, 130, 131, 132, 133, 135, 136, 137, 138, 139, 140, 141, 142, 143, 144, 145, 146, 147, 148, 149, 150, 151, 152, 153, 155, 156, 157, 158, 159, 160, 161, 162, 163, 164, 165, 166, 167, 168, 169, 170, 171, 172, 173, 174, 175, 176, 177, 178, 179, 180, 181, 182]",153,False,3.761657238588956e-05,2.9909184323937583e-07,1.2439160180883393e-05,10.0
E11,37,37,34,3,1202,0.918918918918919,0.02750809061488673,0.05341712490180676,raja,S4/S04_20170606_045500_3,all_channel,median,median__all_channel__E11,32,183,"[0, 1, 2, 3, 4, 7, 8, 11, 12, 14, 15, 16, 17, 18, 20, 21, 23, 24, 25, 26, 27, 28, 29, 31, 32, 33, 34, 36, 37, 38, 39, 40, 42, 43, 44, 45, 46, 47, 49, 50, 51, 53, 54, 55, 56, 57, 58, 59, 60, 61, 62, 63, 64, 65, 66, 67, 68, 69, 70, 72, 73, 74, 75, 76, 77, 78, 79, 80, 81, 82, 84, 85, 86, 88, 89, 90, 92, 93, 94, 95, 96, 97, 98, 99, 100, 104, 106, 107, 108, 111, 115, 116, 117, 119, 120, 121, 123, 124, 125, 126, 127, 129, 130, 131, 132, 133, 135, 136, 137, 138, 139, 140, 141, 142, 143, 144, 145, 146, 147, 148, 149, 150, 151, 152, 153, 155, 156, 157, 158, 159, 160, 161, 162, 163, 164, 165, 166, 167, 168, 169, 170, 171, 172, 173, 174, 175, 176, 177, 178, 179, 180, 181, 182]",153,False,6.404022350624569e-05,-7.064806689064434e-07,2.1582234725050707e-05,10.0
E33,122,122,35,87,1201,0.28688524590163933,0.02831715210355987,0.05154639175257731,raja,S4/S04_20170606_045500_3,all_channel,median,median__all_channel__E33,32,183,"[0, 1, 2, 3, 4, 7, 8, 11, 12, 14, 15, 16, 17, 18, 20, 21, 23, 24, 25, 26, 27, 28, 29, 31, 32, 33, 34, 36, 37, 38, 39, 40, 42, 43, 44, 45, 46, 47, 49, 50, 51, 53, 54, 55, 56, 57, 58, 59, 60, 61, 62, 63, 64, 65, 66, 67, 68, 69, 70, 72, 73, 74, 75, 76, 77, 78, 79, 80, 81, 82, 84, 85, 86, 88, 89, 90, 92, 93, 94, 95, 96, 97, 98, 99, 100, 104, 106, 107, 108, 111, 115, 116, 117, 119, 120, 121, 123, 124, 125, 126, 127, 129, 130, 131, 132, 133, 135, 136, 137, 138, 139, 140, 141, 142, 143, 144, 145, 146, 147, 148, 149, 150, 151, 152, 153, 155, 156, 157, 158, 159, 160, 161, 162, 163, 164, 165, 166, 167, 168, 169, 170, 171, 172, 173, 174, 175, 176, 177, 178, 179, 180, 181, 182]",153,False,1.9302456305620624e-05,-9.747442922446984e-08,6.466643578281698e-06,10.0
E28,83,83,28,55,1208,0.3373493975903614,0.022653721682847898,0.04245640636846096,raja,S4/S04_20170606_045500_3,all_channel,median,median__all_channel__E28,32,183,"[0, 1, 2, 3, 4, 7, 8, 11, 12, 14, 15, 16, 17, 18, 20, 21, 23, 24, 25, 26, 27, 28, 29, 31, 32, 33, 34, 36, 37, 38, 39, 40, 42, 43, 44, 45, 46, 47, 49, 50, 51, 53, 54, 55, 56, 57, 58, 59, 60, 61, 62, 63, 64, 65, 66, 67, 68, 69, 70, 72, 73, 74, 75, 76, 77, 78, 79, 80, 81, 82, 84, 85, 86, 88, 89, 90, 92, 93, 94, 95, 96, 97, 98, 99, 100, 104, 106, 107, 108, 111, 115, 116, 117, 119, 120, 121, 123, 124, 125, 126, 127, 129, 130, 131, 132, 133, 135, 136, 137, 138, 139, 140, 141, 142, 143, 144, 145, 146, 147, 148, 149, 150, 151, 152, 153, 155, 156, 157, 158, 159, 160, 161, 162, 163, 164, 165, 166, 167, 168, 169, 170, 171, 172, 173, 174, 175, 176, 177, 178, 179, 180, 181, 182]",153,False,1.9568627608264993e-05,-1.160096307233182e-07,6.561545746329437e-06,10.0
E75,129,129,24,105,1212,0.18604651162790697,0.019417475728155338,0.035164835164835165,raja,S4/S04_20170606_045500_3,all_channel,median,median__all_channel__E75,32,183,"[0, 1, 2, 3, 4, 7, 8, 11, 12, 14, 15, 16, 17, 18, 20, 21, 23, 24, 25, 26, 27, 28, 29, 31, 32, 33, 34, 36, 37, 38, 39, 40, 42, 43, 44, 45, 46, 47, 49, 50, 51, 53, 54, 55, 56, 57, 58, 59, 60, 61, 62, 63, 64, 65, 66, 67, 68, 69, 70, 72, 73, 74, 75, 76, 77, 78, 79, 80, 81, 82, 84, 85, 86, 88, 89, 90, 92, 93, 94, 95, 96, 97, 98, 99, 100, 104, 106, 107, 108, 111, 115, 116, 117, 119, 120, 121, 123, 124, 125, 126, 127, 129, 130, 131, 132, 133, 135, 136, 137, 138, 139, 140, 141, 142, 143, 144, 145, 146, 147, 148, 149, 150, 151, 152, 153, 155, 156, 157, 158, 159, 160, 161, 162, 163, 164, 165, 166, 167, 168, 169, 170, 171, 172, 173, 174, 175, 176, 177, 178, 179, 180, 181, 182]",153,False,3.131289404617965e-05,8.601954447795007e-07,1.0150899533800048e-05,10.0
E84,89,89,18,71,1218,0.20224719101123595,0.014563106796116505,0.02716981132075472,raja,S4/S04_20170606_045500_3,all_channel,median,median__all_channel__E84,32,183,"[0, 1, 2, 3, 4, 7, 8, 11, 12, 14, 15, 16, 17, 18, 20, 21, 23, 24, 25, 26, 27, 28, 29, 31, 32, 33, 34, 36, 37, 38, 39, 40, 42, 43, 44, 45, 46, 47, 49, 50, 51, 53, 54, 55, 56, 57, 58, 59, 60, 61, 62, 63, 64, 65, 66, 67, 68, 69, 70, 72, 73, 74, 75, 76, 77, 78, 79, 80, 81, 82, 84, 85, 86, 88, 89, 90, 92, 93, 94, 95, 96, 97, 98, 99, 100, 104, 106, 107, 108, 111, 115, 116, 117, 119, 120, 121, 123, 124, 125, 126, 127, 129, 130, 131, 132, 133, 135, 136, 137, 138, 139, 140, 141, 142, 143, 144, 145, 146, 147, 148, 149, 150, 151, 152, 153, 155, 156, 157, 158, 159, 160, 161, 162, 163, 164, 165, 166, 167, 168, 169, 170, 171, 172, 173, 174, 175, 176, 177, 178, 179, 180, 181, 182]",153,False,2.6949562543119406e-05,6.864303588557615e-07,8.75437739475455e-06,10.0
E109,76,76,17,59,1219,0.2236842105263158,0.013754045307443365,0.025914634146341462,raja,S4/S04_20170606_045500_3,all_channel,median,median__all_channel__E109,32,183,"[0, 1, 2, 3, 4, 7, 8, 11, 12, 14, 15, 16, 17, 18, 20, 21, 23, 24, 25, 26, 27, 28, 29, 31, 32, 33, 34, 36, 37, 38, 39, 40, 42, 43, 44, 45, 46, 47, 49, 50, 51, 53, 54, 55, 56, 57, 58, 59, 60, 61, 62, 63, 64, 65, 66, 67, 68, 69, 70, 72, 73, 74, 75, 76, 77, 78, 79, 80, 81, 82, 84, 85, 86, 88, 89, 90, 92, 93, 94, 95, 96, 97, 98, 99, 100, 104, 106, 107, 108, 111, 115, 116, 117, 119, 120, 121, 123, 124, 125, 126, 127, 129, 130, 131, 132, 133, 135, 136, 137, 138, 139, 140, 141, 142, 143, 144, 145, 146, 147, 148, 149, 150, 151, 152, 153, 155, 156, 157, 158, 159, 160, 161, 162, 163, 164, 165, 166, 167, 168, 169, 170, 171, 172, 173, 174, 175, 176, 177, 178, 179, 180, 181, 182]",153,False,1.9321234934809017e-05,1.813712644824979e-07,6.379954556775506e-06,10.0
E60,101,101,17,84,1219,0.16831683168316833,0.013754045307443365,0.025430067314884067,raja,S4/S04_20170606_045500_3,all_channel,median,median__all_channel__E60,32,183,"[0, 1, 2, 3, 4, 7, 8, 11, 12, 14, 15, 16, 17, 18, 20, 21, 23, 24, 25, 26, 27, 28, 29, 31, 32, 33, 34, 36, 37, 38, 39, 40, 42, 43, 44, 45, 46, 47, 49, 50, 51, 53, 54, 55, 56, 57, 58, 59, 60, 61, 62, 63, 64, 65, 66, 67, 68, 69, 70, 72, 73, 74, 75, 76, 77, 78, 79, 80, 81, 82, 84, 85, 86, 88, 89, 90, 92, 93, 94, 95, 96, 97, 98, 99, 100, 104, 106, 107, 108, 111, 115, 116, 117, 119, 120, 121, 123, 124, 125, 126, 127, 129, 130, 131, 132, 133, 135, 136, 137, 138, 139, 140, 141, 142, 143, 144, 145, 146, 147, 148, 149, 150, 151, 152, 153, 155, 156, 157, 158, 159, 160, 161, 162, 163, 164, 165, 166, 167, 168, 169, 170, 171, 172, 173, 174, 175, 176, 177, 178, 179, 180, 181, 182]",153,False,4.9992834603113106e-05,1.859545988064328e-07,1.660229333476889e-05,10.0
E24,33,33,16,17,1220,0.48484848484848486,0.012944983818770227,0.0252167060677699,raja,S4/S04_20170606_045500_3,all_channel,median,median__all_channel__E24,32,183,"[0, 1, 2, 3, 4, 7, 8, 11, 12, 14, 15, 16, 17, 18, 20, 21, 23, 24, 25, 26, 27, 28, 29, 31, 32, 33, 34, 36, 37, 38, 39, 40, 42, 43, 44, 45, 46, 47, 49, 50, 51, 53, 54, 55, 56, 57, 58, 59, 60, 61, 62, 63, 64, 65, 66, 67, 68, 69, 70, 72, 73, 74, 75, 76, 77, 78, 79, 80, 81, 82, 84, 85, 86, 88, 89, 90, 92, 93, 94, 95, 96, 97, 98, 99, 100, 104, 106, 107, 108, 111, 115, 116, 117, 119, 120, 121, 123, 124, 125, 126, 127, 129, 130, 131, 132, 133, 135, 136, 137, 138, 139, 140, 141, 142, 143, 144, 145, 146, 147, 148, 149, 150, 151, 152, 153, 155, 156, 157, 158, 159, 160, 161, 162, 163, 164, 165, 166, 167, 168, 169, 170, 171, 172, 173, 174, 175, 176, 177, 178, 179, 180, 181, 182]",153,False,3.948231713553737e-05,-3.2378691524330576e-07,1.3268701350260224e-05,10.0
E104,64,64,16,48,1220,0.25,0.012944983818770227,0.024615384615384615,raja,S4/S04_20170606_045500_3,all_channel,median,median__all_channel__E104,32,183,"[0, 1, 2, 3, 4, 7, 8, 11, 12, 14, 15, 16, 17, 18, 20, 21, 23, 24, 25, 26, 27, 28, 29, 31, 32, 33, 34, 36, 37, 38, 39, 40, 42, 43, 44, 45, 46, 47, 49, 50, 51, 53, 54, 55, 56, 57, 58, 59, 60, 61, 62, 63, 64, 65, 66, 67, 68, 69, 70, 72, 73, 74, 75, 76, 77, 78, 79, 80, 81, 82, 84, 85, 86, 88, 89, 90, 92, 93, 94, 95, 96, 97, 98, 99, 100, 104, 106, 107, 108, 111, 115, 116, 117, 119, 120, 121, 123, 124, 125, 126, 127, 129, 130, 131, 132, 133, 135, 136, 137, 138, 139, 140, 141, 142, 143, 144, 145, 146, 147, 148, 149, 150, 151, 152, 153, 155, 156, 157, 158, 159, 160, 161, 162, 163, 164, 165, 166, 167, 168, 169, 170, 171, 172, 173, 174, 175, 176, 177, 178, 179, 180, 181, 182]",153,False,1.9815098706729875e-05,1.5692862341648358e-07,6.552723361104463e-06,10.0
E40,70,70,15,55,1221,0.21428571428571427,0.012135922330097087,0.022970903522205207,raja,S4/S04_20170606_045500_3,all_channel,median,median__all_channel__E40,32,183,"[0, 1, 2, 3, 4, 7, 8, 11, 12, 14, 15, 16, 17, 18, 20, 21, 23, 24, 25, 26, 27, 28, 29, 31, 32, 33, 34, 36, 37, 38, 39, 40, 42, 43, 44, 45, 46, 47, 49, 50, 51, 53, 54, 55, 56, 57, 58, 59, 60, 61, 62, 63, 64, 65, 66, 67, 68, 69, 70, 72, 73, 74, 75, 76, 77, 78, 79, 80, 81, 82, 84, 85, 86, 88, 89, 90, 92, 93, 94, 95, 96, 97, 98, 99, 100, 104, 106, 107, 108, 111, 115, 116, 117, 119, 120, 121, 123, 124, 125, 126, 127, 129, 130, 131, 132, 133, 135, 136, 137, 138, 139, 140, 141, 142, 143, 144, 145, 146, 147, 148, 149, 150, 151, 152, 153, 155, 156, 157, 158, 159, 160, 161, 162, 163, 164, 165, 166, 167, 168, 169, 170, 171, 172, 173, 174, 175, 176, 177, 178, 179, 180, 181, 182]",153,False,2.0593052166595063e-05,2.7004713590614086e-07,6.774335010229641e-06,10.0
E77,83,83,15,68,1221,0.18072289156626506,0.012135922330097087,0.022744503411675512,raja,S4/S04_20170606_045500_3,all_channel,median,median__all_channel__E77,32,183,"[0, 1, 2, 3, 4, 7, 8, 11, 12, 14, 15, 16, 17, 18, 20, 21, 23, 24, 25, 26, 27, 28, 29, 31, 32, 33, 34, 36, 37, 38, 39, 40, 42, 43, 44, 45, 46, 47, 49, 50, 51, 53, 54, 55, 56, 57, 58, 59, 60, 61, 62, 63, 64, 65, 66, 67, 68, 69, 70, 72, 73, 74, 75, 76, 77, 78, 79, 80, 81, 82, 84, 85, 86, 88, 89, 90, 92, 93, 94, 95, 96, 97, 98, 99, 100, 104, 106, 107, 108, 111, 115, 116, 117, 119, 120, 121, 123, 124, 125, 126, 127, 129, 130, 131, 132, 133, 135, 136, 137, 138, 139, 140, 141, 142, 143, 144, 145, 146, 147, 148, 149, 150, 151, 152, 153, 155, 156, 157, 158, 159, 160, 161, 162, 163, 164, 165, 166, 167, 168, 169, 170, 171, 172, 173, 174, 175, 176, 177, 178, 179, 180, 181, 182]",153,False,2.452572737142788e-05,5.738157550762097e-07,7.98397053878389e-06,10.0
E37,37,37,14,23,1222,0.3783783783783784,0.011326860841423949,0.021995286724273373,raja,S4/S04_20170606_045500_3,all_channel,median,median__all_channel__E37,32,183,"[0, 1, 2, 3, 4, 7, 8, 11, 12, 14, 15, 16, 17, 18, 20, 21, 23, 24, 25, 26, 27, 28, 29, 31, 32, 33, 34, 36, 37, 38, 39, 40, 42, 43, 44, 45, 46, 47, 49, 50, 51, 53, 54, 55, 56, 57, 58, 59, 60, 61, 62, 63, 64, 65, 66, 67, 68, 69, 70, 72, 73, 74, 75, 76, 77, 78, 79, 80, 81, 82, 84, 85, 86, 88, 89, 90, 92, 93, 94, 95, 96, 97, 98, 99, 100, 104, 106, 107, 108, 111, 115, 116, 117, 119, 120, 121, 123, 124, 125, 126, 127, 129, 130, 131, 132, 133, 135, 136, 137, 138, 139, 140, 141, 142, 143, 144, 145, 146, 147, 148, 149, 150, 151, 152, 153, 155, 156, 157, 158, 159, 160, 161, 162, 163, 164, 165, 166, 167, 168, 169, 170, 171, 172, 173, 174, 175, 176, 177, 178, 179, 180, 181, 182]",153,False,3.784886777880186e-05,2.0883893879900726e-07,1.2546676280000951e-05,10.0
E70,79,79,11,68,1225,0.13924050632911392,0.00889967637540453,0.016730038022813688,raja,S4/S04_20170606_045500_3,all_channel,median,median__all_channel__E70,32,183,"[0, 1, 2, 3, 4, 7, 8, 11, 12, 14, 15, 16, 17, 18, 20, 21, 23, 24, 25, 26, 27, 28, 29, 31, 32, 33, 34, 36, 37, 38, 39, 40, 42, 43, 44, 45, 46, 47, 49, 50, 51, 53, 54, 55, 56, 57, 58, 59, 60, 61, 62, 63, 64, 65, 66, 67, 68, 69, 70, 72, 73, 74, 75, 76, 77, 78, 79, 80, 81, 82, 84, 85, 86, 88, 89, 90, 92, 93, 94, 95, 96, 97, 98, 99, 100, 104, 106, 107, 108, 111, 115, 116, 117, 119, 120, 121, 123, 124, 125, 126, 127, 129, 130, 131, 132, 133, 135, 136, 137, 138, 139, 140, 141, 142, 143, 144, 145, 146, 147, 148, 149, 150, 151, 152, 153, 155, 156, 157, 158, 159, 160, 161, 162, 163, 164, 165, 166, 167, 168, 169, 170, 171, 172, 173, 174, 175, 176, 177, 178, 179, 180, 181, 182]",153,False,2.6677880849482915e-05,8.078963400961689e-07,8.623328169795582e-06,10.0
E59,42,42,10,32,1226,0.23809523809523808,0.008090614886731391,0.01564945226917058,raja,S4/S04_20170606_045500_3,all_channel,median,median__all_channel__E59,32,183,"[0, 1, 2, 3, 4, 7, 8, 11, 12, 14, 15, 16, 17, 18, 20, 21, 23, 24, 25, 26, 27, 28, 29, 31, 32, 33, 34, 36, 37, 38, 39, 40, 42, 43, 44, 45, 46, 47, 49, 50, 51, 53, 54, 55, 56, 57, 58, 59, 60, 61, 62, 63, 64, 65, 66, 67, 68, 69, 70, 72, 73, 74, 75, 76, 77, 78, 79, 80, 81, 82, 84, 85, 86, 88, 89, 90, 92, 93, 94, 95, 96, 97, 98, 99, 100, 104, 106, 107, 108, 111, 115, 116, 117, 119, 120, 121, 123, 124, 125, 126, 127, 129, 130, 131, 132, 133, 135, 136, 137, 138, 139, 140, 141, 142, 143, 144, 145, 146, 147, 148, 149, 150, 151, 152, 153, 155, 156, 157, 158, 159, 160, 161, 162, 163, 164, 165, 166, 167, 168, 169, 170, 171, 172, 173, 174, 175, 176, 177, 178, 179, 180, 181, 182]",153,False,3.24202284202656e-05,4.5426264118487933e-07,1.0655321926360238e-05,10.0
E85,75,75,10,65,1226,0.13333333333333333,0.008090614886731391,0.015255530129672006,raja,S4/S04_20170606_045500_3,all_channel,median,median__all_channel__E85,32,183,"[0, 1, 2, 3, 4, 7, 8, 11, 12, 14, 15, 16, 17, 18, 20, 21, 23, 24, 25, 26, 27, 28, 29, 31, 32, 33, 34, 36, 37, 38, 39, 40, 42, 43, 44, 45, 46, 47, 49, 50, 51, 53, 54, 55, 56, 57, 58, 59, 60, 61, 62, 63, 64, 65, 66, 67, 68, 69, 70, 72, 73, 74, 75, 76, 77, 78, 79, 80, 81, 82, 84, 85, 86, 88, 89, 90, 92, 93, 94, 95, 96, 97, 98, 99, 100, 104, 106, 107, 108, 111, 115, 116, 117, 119, 120, 121, 123, 124, 125, 126, 127, 129, 130, 131, 132, 133, 135, 136, 137, 138, 139, 140, 141, 142, 143, 144, 145, 146, 147, 148, 149, 150, 151, 152, 153, 155, 156, 157, 158, 159, 160, 161, 162, 163, 164, 165, 166, 167, 168, 169, 170, 171, 172, 173, 174, 175, 176, 177, 178, 179, 180, 181, 182]",153,False,2.289840853954317e-05,6.446214645331989e-07,7.417929025003324e-06,10.0
E124,29,29,9,20,1227,0.3103448275862069,0.007281553398058253,0.014229249011857709,raja,S4/S04_20170606_045500_3,all_channel,median,median__all_channel__E124,32,183,"[0, 1, 2, 3, 4, 7, 8, 11, 12, 14, 15, 16, 17, 18, 20, 21, 23, 24, 25, 26, 27, 28, 29, 31, 32, 33, 34, 36, 37, 38, 39, 40, 42, 43, 44, 45, 46, 47, 49, 50, 51, 53, 54, 55, 56, 57, 58, 59, 60, 61, 62, 63, 64, 65, 66, 67, 68, 69, 70, 72, 73, 74, 75, 76, 77, 78, 79, 80, 81, 82, 84, 85, 86, 88, 89, 90, 92, 93, 94, 95, 96, 97, 98, 99, 100, 104, 106, 107, 108, 111, 115, 116, 117, 119, 120, 121, 123, 124, 125, 126, 127, 129, 130, 131, 132, 133, 135, 136, 137, 138, 139, 140, 141, 142, 143, 144, 145, 146, 147, 148, 149, 150, 151, 152, 153, 155, 156, 157, 158, 159, 160, 161, 162, 163, 164, 165, 166, 167, 168, 169, 170, 171, 172, 173, 174, 175, 176, 177, 178, 179, 180, 181, 182]",153,False,0.0002302955551157024,2.0547887172657408e-07,7.669669208132527e-05,10.0
E112,37,37,9,28,1227,0.24324324324324326,0.007281553398058253,0.014139827179890024,raja,S4/S04_20170606_045500_3,all_channel,median,median__all_channel__E112,32,183,"[0, 1, 2, 3, 4, 7, 8, 11, 12, 14, 15, 16, 17, 18, 20, 21, 23, 24, 25, 26, 27, 28, 29, 31, 32, 33, 34, 36, 37, 38, 39, 40, 42, 43, 44, 45, 46, 47, 49, 50, 51, 53, 54, 55, 56, 57, 58, 59, 60, 61, 62, 63, 64, 65, 66, 67, 68, 69, 70, 72, 73, 74, 75, 76, 77, 78, 79, 80, 81, 82, 84, 85, 86, 88, 89, 90, 92, 93, 94, 95, 96, 97, 98, 99, 100, 104, 106, 107, 108, 111, 115, 116, 117, 119, 120, 121, 123, 124, 125, 126, 127, 129, 130, 131, 132, 133, 135, 136, 137, 138, 139, 140, 141, 142, 143, 144, 145, 146, 147, 148, 149, 150, 151, 152, 153, 155, 156, 157, 158, 159, 160, 161, 162, 163, 164, 165, 166, 167, 168, 169, 170, 171, 172, 173, 174, 175, 176, 177, 178, 179, 180, 181, 182]",153,False,0.00010957557361263189,3.0855166338236596e-07,3.642234064974984e-05,10.0
E83,62,62,9,53,1227,0.14516129032258066,0.007281553398058253,0.013867488443759632,raja,S4/S04_20170606_045500_3,all_channel,median,median__all_channel__E83,32,183,"[0, 1, 2, 3, 4, 7, 8, 11, 12, 14, 15, 16, 17, 18, 20, 21, 23, 24, 25, 26, 27, 28, 29, 31, 32, 33, 34, 36, 37, 38, 39, 40, 42, 43, 44, 45, 46, 47, 49, 50, 51, 53, 54, 55, 56, 57, 58, 59, 60, 61, 62, 63, 64, 65, 66, 67, 68, 69, 70, 72, 73, 74, 75, 76, 77, 78, 79, 80, 81, 82, 84, 85, 86, 88, 89, 90, 92, 93, 94, 95, 96, 97, 98, 99, 100, 104, 106, 107, 108, 111, 115, 116, 117, 119, 120, 121, 123, 124, 125, 126, 127, 129, 130, 131, 132, 133, 135, 136, 137, 138, 139, 140, 141, 142, 143, 144, 145, 146, 147, 148, 149, 150, 151, 152, 153, 155, 156, 157, 158, 159, 160, 161, 162, 163, 164, 165, 166, 167, 168, 169, 170, 171, 172, 173, 174, 175, 176, 177, 178, 179, 180, 181, 182]",153,False,3.067836820092255e-05,8.901196623253589e-07,9.929416179532398e-06,10.0
E47,65,65,7,58,1229,0.1076923076923077,0.0056634304207119745,0.010760953112990008,raja,S4/S04_20170606_045500_3,all_channel,median,median__all_channel__E47,32,183,"[0, 1, 2, 3, 4, 7, 8, 11, 12, 14, 15, 16, 17, 18, 20, 21, 23, 24, 25, 26, 27, 28, 29, 31, 32, 33, 34, 36, 37, 38, 39, 40, 42, 43, 44, 45, 46, 47, 49, 50, 51, 53, 54, 55, 56, 57, 58, 59, 60, 61, 62, 63, 64, 65, 66, 67, 68, 69, 70, 72, 73, 74, 75, 76, 77, 78, 79, 80, 81, 82, 84, 85, 86, 88, 89, 90, 92, 93, 94, 95, 96, 97, 98, 99, 100, 104, 106, 107, 108, 111, 115, 116, 117, 119, 120, 121, 123, 124, 125, 126, 127, 129, 130, 131, 132, 133, 135, 136, 137, 138, 139, 140, 141, 142, 143, 144, 145, 146, 147, 148, 149, 150, 151, 152, 153, 155, 156, 157, 158, 159, 160, 161, 162, 163, 164, 165, 166, 167, 168, 169, 170, 171, 172, 173, 174, 175, 176, 177, 178, 179, 180, 181, 182]",153,False,8.83396951346385e-05,-1.6467490392004655e-06,2.9995481391279652e-05,10.0
E91,82,82,7,75,1229,0.08536585365853659,0.0056634304207119745,0.010622154779969651,raja,S4/S04_20170606_045500_3,all_channel,median,median__all_channel__E91,32,183,"[0, 1, 2, 3, 4, 7, 8, 11, 12, 14, 15, 16, 17, 18, 20, 21, 23, 24, 25, 26, 27, 28, 29, 31, 32, 33, 34, 36, 37, 38, 39, 40, 42, 43, 44, 45, 46, 47, 49, 50, 51, 53, 54, 55, 56, 57, 58, 59, 60, 61, 62, 63, 64, 65, 66, 67, 68, 69, 70, 72, 73, 74, 75, 76, 77, 78, 79, 80, 81, 82, 84, 85, 86, 88, 89, 90, 92, 93, 94, 95, 96, 97, 98, 99, 100, 104, 106, 107, 108, 111, 115, 116, 117, 119, 120, 121, 123, 124, 125, 126, 127, 129, 130, 131, 132, 133, 135, 136, 137, 138, 139, 140, 141, 142, 143, 144, 145, 146, 147, 148, 149, 150, 151, 152, 153, 155, 156, 157, 158, 159, 160, 161, 162, 163, 164, 165, 166, 167, 168, 169, 170, 171, 172, 173, 174, 175, 176, 177, 178, 179, 180, 181, 182]",153,False,2.3703711447507064e-05,7.098455489463357e-07,7.664621966186909e-06,10.0
E87,18,18,5,13,1231,0.2777777777777778,0.0040453074433656954,0.007974481658692186,raja,S4/S04_20170606_045500_3,all_channel,median,median__all_channel__E87,32,183,"[0, 1, 2, 3, 4, 7, 8, 11, 12, 14, 15, 16, 17, 18, 20, 21, 23, 24, 25, 26, 27, 28, 29, 31, 32, 33, 34, 36, 37, 38, 39, 40, 42, 43, 44, 45, 46, 47, 49, 50, 51, 53, 54, 55, 56, 57, 58, 59, 60, 61, 62, 63, 64, 65, 66, 67, 68, 69, 70, 72, 73, 74, 75, 76, 77, 78, 79, 80, 81, 82, 84, 85, 86, 88, 89, 90, 92, 93, 94, 95, 96, 97, 98, 99, 100, 104, 106, 107, 108, 111, 115, 116, 117, 119, 120, 121, 123, 124, 125, 126, 127, 129, 130, 131, 132, 133, 135, 136, 137, 138, 139, 140, 141, 142, 143, 144, 145, 146, 147, 148, 149, 150, 151, 152, 153, 155, 156, 157, 158, 159, 160, 161, 162, 163, 164, 165, 166, 167, 168, 169, 170, 171, 172, 173, 174, 175, 176, 177, 178, 179, 180, 181, 182]",153,False,5.6221840707181086e-05,1.3642615023777805e-07,1.869513818564777e-05,10.0
E13,7,7,4,3,1232,0.5714285714285714,0.003236245954692557,0.006436041834271923,raja,S4/S04_20170606_045500_3,all_channel,median,median__all_channel__E13,32,183,"[0, 1, 2, 3, 4, 7, 8, 11, 12, 14, 15, 16, 17, 18, 20, 21, 23, 24, 25, 26, 27, 28, 29, 31, 32, 33, 34, 36, 37, 38, 39, 40, 42, 43, 44, 45, 46, 47, 49, 50, 51, 53, 54, 55, 56, 57, 58, 59, 60, 61, 62, 63, 64, 65, 66, 67, 68, 69, 70, 72, 73, 74, 75, 76, 77, 78, 79, 80, 81, 82, 84, 85, 86, 88, 89, 90, 92, 93, 94, 95, 96, 97, 98, 99, 100, 104, 106, 107, 108, 111, 115, 116, 117, 119, 120, 121, 123, 124, 125, 126, 127, 129, 130, 131, 132, 133, 135, 136, 137, 138, 139, 140, 141, 142, 143, 144, 145, 146, 147, 148, 149, 150, 151, 152, 153, 155, 156, 157, 158, 159, 160, 161, 162, 163, 164, 165, 166, 167, 168, 169, 170, 171, 172, 173, 174, 175, 176, 177, 178, 179, 180, 181, 182]",153,False,7.478470161593203e-05,1.3509443207864077e-07,2.4883202394617795e-05,10.0
E117,12,12,2,10,1234,0.16666666666666666,0.0016181229773462784,0.003205128205128205,raja,S4/S04_20170606_045500_3,all_channel,median,median__all_channel__E117,32,183,"[0, 1, 2, 3, 4, 7, 8, 11, 12, 14, 15, 16, 17, 18, 20, 21, 23, 24, 25, 26, 27, 28, 29, 31, 32, 33, 34, 36, 37, 38, 39, 40, 42, 43, 44, 45, 46, 47, 49, 50, 51, 53, 54, 55, 56, 57, 58, 59, 60, 61, 62, 63, 64, 65, 66, 67, 68, 69, 70, 72, 73, 74, 75, 76, 77, 78, 79, 80, 81, 82, 84, 85, 86, 88, 89, 90, 92, 93, 94, 95, 96, 97, 98, 99, 100, 104, 106, 107, 108, 111, 115, 116, 117, 119, 120, 121, 123, 124, 125, 126, 127, 129, 130, 131, 132, 133, 135, 136, 137, 138, 139, 140, 141, 142, 143, 144, 145, 146, 147, 148, 149, 150, 151, 152, 153, 155, 156, 157, 158, 159, 160, 161, 162, 163, 164, 165, 166, 167, 168, 169, 170, 171, 172, 173, 174, 175, 176, 177, 178, 179, 180, 181, 182]",153,False,0.0005366115530273315,9.451456155793481e-07,0.00017855546913725072,10.0
E98,13,13,2,11,1234,0.15384615384615385,0.0016181229773462784,0.0032025620496397116,raja,S4/S04_20170606_045500_3,all_channel,median,median__all_channel__E98,32,183,"[0, 1, 2, 3, 4, 7, 8, 11, 12, 14, 15, 16, 17, 18, 20, 21, 23, 24, 25, 26, 27, 28, 29, 31, 32, 33, 34, 36, 37, 38, 39, 40, 42, 43, 44, 45, 46, 47, 49, 50, 51, 53, 54, 55, 56, 57, 58, 59, 60, 61, 62, 63, 64, 65, 66, 67, 68, 69, 70, 72, 73, 74, 75, 76, 77, 78, 79, 80, 81, 82, 84, 85, 86, 88, 89, 90, 92, 93, 94, 95, 96, 97, 98, 99, 100, 104, 106, 107, 108, 111, 115, 116, 117, 119, 120, 121, 123, 124, 125, 126, 127, 129, 130, 131, 132, 133, 135, 136, 137, 138, 139, 140, 141, 142, 143, 144, 145, 146, 147, 148, 149, 150, 151, 152, 153, 155, 156, 157, 158, 159, 160, 161, 162, 163, 164, 165, 166, 167, 168, 169, 170, 171, 172, 173, 174, 175, 176, 177, 178, 179, 180, 181, 182]",153,False,8.905315728173618e-05,3.8873897326185574e-07,2.9554806102824775e-05,10.0
E9,1230,1230,1194,36,42,0.9707317073170731,0.9660194174757282,0.9683698296836983,raja,S4/S04_20170606_045500_3,all_channel,mean,mean__all_channel__E9,32,183,"[0, 1, 2, 3, 4, 7, 8, 11, 12, 14, 15, 16, 17, 18, 20, 21, 23, 24, 25, 26, 27, 28, 29, 31, 32, 33, 34, 36, 37, 38, 39, 40, 42, 43, 44, 45, 46, 47, 49, 50, 51, 53, 54, 55, 56, 57, 58, 59, 60, 61, 62, 63, 64, 65, 66, 67, 68, 69, 70, 72, 73, 74, 75, 76, 77, 78, 79, 80, 81, 82, 84, 85, 86, 88, 89, 90, 92, 93, 94, 95, 96, 97, 98, 99, 100, 104, 106, 107, 108, 111, 115, 116, 117, 119, 120, 121, 123, 124, 125, 126, 127, 129, 130, 131, 132, 133, 135, 136, 137, 138, 139, 140, 141, 142, 143, 144, 145, 146, 147, 148, 149, 150, 151, 152, 153, 155, 156, 157, 158, 159, 160, 161, 162, 163, 164, 165, 166, 167, 168, 169, 170, 171, 172, 173, 174, 175, 176, 177, 178, 179, 180, 181, 182]",153,False,5.349119647837461e-05,1.2027159437052816e-08,1.7826389772979187e-05,10.0
E22,1191,1191,1150,41,86,0.9655751469353484,0.93042071197411,0.9476720230737536,raja,S4/S04_20170606_045500_3,all_channel,mean,mean__all_channel__E22,32,183,"[0, 1, 2, 3, 4, 7, 8, 11, 12, 14, 15, 16, 17, 18, 20, 21, 23, 24, 25, 26, 27, 28, 29, 31, 32, 33, 34, 36, 37, 38, 39, 40, 42, 43, 44, 45, 46, 47, 49, 50, 51, 53, 54, 55, 56, 57, 58, 59, 60, 61, 62, 63, 64, 65, 66, 67, 68, 69, 70, 72, 73, 74, 75, 76, 77, 78, 79, 80, 81, 82, 84, 85, 86, 88, 89, 90, 92, 93, 94, 95, 96, 97, 98, 99, 100, 104, 106, 107, 108, 111, 115, 116, 117, 119, 120, 121, 123, 124, 125, 126, 127, 129, 130, 131, 132, 133, 135, 136, 137, 138, 139, 140, 141, 142, 143, 144, 145, 146, 147, 148, 149, 150, 151, 152, 153, 155, 156, 157, 158, 159, 160, 161, 162, 163, 164, 165, 166, 167, 168, 169, 170, 171, 172, 173, 174, 175, 176, 177, 178, 179, 180, 181, 182]",153,False,5.2103499169101316e-05,-3.434160399440409e-08,1.7379280257698573e-05,10.0
E3,1084,1084,1047,37,189,0.9658671586715867,0.8470873786407767,0.9025862068965516,raja,S4/S04_20170606_045500_3,all_channel,mean,mean__all_channel__E3,32,183,"[0, 1, 2, 3, 4, 7, 8, 11, 12, 14, 15, 16, 17, 18, 20, 21, 23, 24, 25, 26, 27, 28, 29, 31, 32, 33, 34, 36, 37, 38, 39, 40, 42, 43, 44, 45, 46, 47, 49, 50, 51, 53, 54, 55, 56, 57, 58, 59, 60, 61, 62, 63, 64, 65, 66, 67, 68, 69, 70, 72, 73, 74, 75, 76, 77, 78, 79, 80, 81, 82, 84, 85, 86, 88, 89, 90, 92, 93, 94, 95, 96, 97, 98, 99, 100, 104, 106, 107, 108, 111, 115, 116, 117, 119, 120, 121, 123, 124, 125, 126, 127, 129, 130, 131, 132, 133, 135, 136, 137, 138, 139, 140, 141, 142, 143, 144, 145, 146, 147, 148, 149, 150, 151, 152, 153, 155, 156, 157, 158, 159, 160, 161, 162, 163, 164, 165, 166, 167, 168, 169, 170, 171, 172, 173, 174, 175, 176, 177, 178, 179, 180, 181, 182]",153,False,3.784556714729636e-05,-4.6039615049545565e-08,1.2630535587448636e-05,10.0
E23,780,780,745,35,491,0.9551282051282052,0.6027508090614887,0.7390873015873017,raja,S4/S04_20170606_045500_3,all_channel,mean,mean__all_channel__E23,32,183,"[0, 1, 2, 3, 4, 7, 8, 11, 12, 14, 15, 16, 17, 18, 20, 21, 23, 24, 25, 26, 27, 28, 29, 31, 32, 33, 34, 36, 37, 38, 39, 40, 42, 43, 44, 45, 46, 47, 49, 50, 51, 53, 54, 55, 56, 57, 58, 59, 60, 61, 62, 63, 64, 65, 66, 67, 68, 69, 70, 72, 73, 74, 75, 76, 77, 78, 79, 80, 81, 82, 84, 85, 86, 88, 89, 90, 92, 93, 94, 95, 96, 97, 98, 99, 100, 104, 106, 107, 108, 111, 115, 116, 117, 119, 120, 121, 123, 124, 125, 126, 127, 129, 130, 131, 132, 133, 135, 136, 137, 138, 139, 140, 141, 142, 143, 144, 145, 146, 147, 148, 149, 150, 151, 152, 153, 155, 156, 157, 158, 159, 160, 161, 162, 163, 164, 165, 166, 167, 168, 169, 170, 171, 172, 173, 174, 175, 176, 177, 178, 179, 180, 181, 182]",153,False,3.532860348922398e-05,-8.14154694611834e-08,1.1803339652895053e-05,10.0
E26,660,660,608,52,628,0.9212121212121213,0.4919093851132686,0.6413502109704641,raja,S4/S04_20170606_045500_3,all_channel,mean,mean__all_channel__E26,32,183,"[0, 1, 2, 3, 4, 7, 8, 11, 12, 14, 15, 16, 17, 18, 20, 21, 23, 24, 25, 26, 27, 28, 29, 31, 32, 33, 34, 36, 37, 38, 39, 40, 42, 43, 44, 45, 46, 47, 49, 50, 51, 53, 54, 55, 56, 57, 58, 59, 60, 61, 62, 63, 64, 65, 66, 67, 68, 69, 70, 72, 73, 74, 75, 76, 77, 78, 79, 80, 81, 82, 84, 85, 86, 88, 89, 90, 92, 93, 94, 95, 96, 97, 98, 99, 100, 104, 106, 107, 108, 111, 115, 116, 117, 119, 120, 121, 123, 124, 125, 126, 127, 129, 130, 131, 132, 133, 135, 136, 137, 138, 139, 140, 141, 142, 143, 144, 145, 146, 147, 148, 149, 150, 151, 152, 153, 155, 156, 157, 158, 159, 160, 161, 162, 163, 164, 165, 166, 167, 168, 169, 170, 171, 172, 173, 174, 175, 176, 177, 178, 179, 180, 181, 182]",153,False,3.0373238830826022e-05,-3.7174971354495975e-08,1.0136804600726839e-05,10.0
E122,149,149,109,40,1127,0.7315436241610739,0.08818770226537216,0.15740072202166064,raja,S4/S04_20170606_045500_3,all_channel,mean,mean__all_channel__E122,32,183,"[0, 1, 2, 3, 4, 7, 8, 11, 12, 14, 15, 16, 17, 18, 20, 21, 23, 24, 25, 26, 27, 28, 29, 31, 32, 33, 34, 36, 37, 38, 39, 40, 42, 43, 44, 45, 46, 47, 49, 50, 51, 53, 54, 55, 56, 57, 58, 59, 60, 61, 62, 63, 64, 65, 66, 67, 68, 69, 70, 72, 73, 74, 75, 76, 77, 78, 79, 80, 81, 82, 84, 85, 86, 88, 89, 90, 92, 93, 94, 95, 96, 97, 98, 99, 100, 104, 106, 107, 108, 111, 115, 116, 117, 119, 120, 121, 123, 124, 125, 126, 127, 129, 130, 131, 132, 133, 135, 136, 137, 138, 139, 140, 141, 142, 143, 144, 145, 146, 147, 148, 149, 150, 151, 152, 153, 155, 156, 157, 158, 159, 160, 161, 162, 163, 164, 165, 166, 167, 168, 169, 170, 171, 172, 173, 174, 175, 176, 177, 178, 179, 180, 181, 182]",153,False,2.3011306603827844e-05,-4.258281501311993e-08,7.68462980628032e-06,10.0
E67,173,173,42,131,1194,0.24277456647398843,0.03398058252427184,0.0596167494677076,raja,S4/S04_20170606_045500_3,all_channel,mean,mean__all_channel__E67,32,183,"[0, 1, 2, 3, 4, 7, 8, 11, 12, 14, 15, 16, 17, 18, 20, 21, 23, 24, 25, 26, 27, 28, 29, 31, 32, 33, 34, 36, 37, 38, 39, 40, 42, 43, 44, 45, 46, 47, 49, 50, 51, 53, 54, 55, 56, 57, 58, 59, 60, 61, 62, 63, 64, 65, 66, 67, 68, 69, 70, 72, 73, 74, 75, 76, 77, 78, 79, 80, 81, 82, 84, 85, 86, 88, 89, 90, 92, 93, 94, 95, 96, 97, 98, 99, 100, 104, 106, 107, 108, 111, 115, 116, 117, 119, 120, 121, 123, 124, 125, 126, 127, 129, 130, 131, 132, 133, 135, 136, 137, 138, 139, 140, 141, 142, 143, 144, 145, 146, 147, 148, 149, 150, 151, 152, 153, 155, 156, 157, 158, 159, 160, 161, 162, 163, 164, 165, 166, 167, 168, 169, 170, 171, 172, 173, 174, 175, 176, 177, 178, 179, 180, 181, 182]",153,False,3.6226334844045254e-05,-4.7290066654197615e-08,1.2091208303566483e-05,10.0
E62,168,168,41,127,1195,0.24404761904761904,0.03317152103559871,0.05840455840455841,raja,S4/S04_20170606_045500_3,all_channel,mean,mean__all_channel__E62,32,183,"[0, 1, 2, 3, 4, 7, 8, 11, 12, 14, 15, 16, 17, 18, 20, 21, 23, 24, 25, 26, 27, 28, 29, 31, 32, 33, 34, 36, 37, 38, 39, 40, 42, 43, 44, 45, 46, 47, 49, 50, 51, 53, 54, 55, 56, 57, 58, 59, 60, 61, 62, 63, 64, 65, 66, 67, 68, 69, 70, 72, 73, 74, 75, 76, 77, 78, 79, 80, 81, 82, 84, 85, 86, 88, 89, 90, 92, 93, 94, 95, 96, 97, 98, 99, 100, 104, 106, 107, 108, 111, 115, 116, 117, 119, 120, 121, 123, 124, 125, 126, 127, 129, 130, 131, 132, 133, 135, 136, 137, 138, 139, 140, 141, 142, 143, 144, 145, 146, 147, 148, 149, 150, 151, 152, 153, 155, 156, 157, 158, 159, 160, 161, 162, 163, 164, 165, 166, 167, 168, 169, 170, 171, 172, 173, 174, 175, 176, 177, 178, 179, 180, 181, 182]",153,False,3.736069087748619e-05,4.321033483600502e-08,1.2439160180883393e-05,10.0
E33,121,121,35,86,1201,0.2892561983471074,0.02831715210355987,0.051584377302873984,raja,S4/S04_20170606_045500_3,all_channel,mean,mean__all_channel__E33,32,183,"[0, 1, 2, 3, 4, 7, 8, 11, 12, 14, 15, 16, 17, 18, 20, 21, 23, 24, 25, 26, 27, 28, 29, 31, 32, 33, 34, 36, 37, 38, 39, 40, 42, 43, 44, 45, 46, 47, 49, 50, 51, 53, 54, 55, 56, 57, 58, 59, 60, 61, 62, 63, 64, 65, 66, 67, 68, 69, 70, 72, 73, 74, 75, 76, 77, 78, 79, 80, 81, 82, 84, 85, 86, 88, 89, 90, 92, 93, 94, 95, 96, 97, 98, 99, 100, 104, 106, 107, 108, 111, 115, 116, 117, 119, 120, 121, 123, 124, 125, 126, 127, 129, 130, 131, 132, 133, 135, 136, 137, 138, 139, 140, 141, 142, 143, 144, 145, 146, 147, 148, 149, 150, 151, 152, 153, 155, 156, 157, 158, 159, 160, 161, 162, 163, 164, 165, 166, 167, 168, 169, 170, 171, 172, 173, 174, 175, 176, 177, 178, 179, 180, 181, 182]",153,False,1.9366275845874863e-05,-3.365488897022884e-08,6.466643578281698e-06,10.0
E11,33,33,30,3,1206,0.9090909090909091,0.024271844660194174,0.04728132387706856,raja,S4/S04_20170606_045500_3,all_channel,mean,mean__all_channel__E11,32,183,"[0, 1, 2, 3, 4, 7, 8, 11, 12, 14, 15, 16, 17, 18, 20, 21, 23, 24, 25, 26, 27, 28, 29, 31, 32, 33, 34, 36, 37, 38, 39, 40, 42, 43, 44, 45, 46, 47, 49, 50, 51, 53, 54, 55, 56, 57, 58, 59, 60, 61, 62, 63, 64, 65, 66, 67, 68, 69, 70, 72, 73, 74, 75, 76, 77, 78, 79, 80, 81, 82, 84, 85, 86, 88, 89, 90, 92, 93, 94, 95, 96, 97, 98, 99, 100, 104, 106, 107, 108, 111, 115, 116, 117, 119, 120, 121, 123, 124, 125, 126, 127, 129, 130, 131, 132, 133, 135, 136, 137, 138, 139, 140, 141, 142, 143, 144, 145, 146, 147, 148, 149, 150, 151, 152, 153, 155, 156, 157, 158, 159, 160, 161, 162, 163, 164, 165, 166, 167, 168, 169, 170, 171, 172, 173, 174, 175, 176, 177, 178, 179, 180, 181, 182]",153,False,6.471324096964447e-05,-3.3463205507661483e-08,2.1582234725050707e-05,10.0
E28,80,80,26,54,1210,0.325,0.021035598705501618,0.03951367781155016,raja,S4/S04_20170606_045500_3,all_channel,mean,mean__all_channel__E28,32,183,"[0, 1, 2, 3, 4, 7, 8, 11, 12, 14, 15, 16, 17, 18, 20, 21, 23, 24, 25, 26, 27, 28, 29, 31, 32, 33, 34, 36, 37, 38, 39, 40, 42, 43, 44, 45, 46, 47, 49, 50, 51, 53, 54, 55, 56, 57, 58, 59, 60, 61, 62, 63, 64, 65, 66, 67, 68, 69, 70, 72, 73, 74, 75, 76, 77, 78, 79, 80, 81, 82, 84, 85, 86, 88, 89, 90, 92, 93, 94, 95, 96, 97, 98, 99, 100, 104, 106, 107, 108, 111, 115, 116, 117, 119, 120, 121, 123, 124, 125, 126, 127, 129, 130, 131, 132, 133, 135, 136, 137, 138, 139, 140, 141, 142, 143, 144, 145, 146, 147, 148, 149, 150, 151, 152, 153, 155, 156, 157, 158, 159, 160, 161, 162, 163, 164, 165, 166, 167, 168, 169, 170, 171, 172, 173, 174, 175, 176, 177, 178, 179, 180, 181, 182]",153,False,1.9663522394623335e-05,-2.1114844364975314e-08,6.561545746329437e-06,10.0
E75,135,135,26,109,1210,0.1925925925925926,0.021035598705501618,0.03792851932895696,raja,S4/S04_20170606_045500_3,all_channel,mean,mean__all_channel__E75,32,183,"[0, 1, 2, 3, 4, 7, 8, 11, 12, 14, 15, 16, 17, 18, 20, 21, 23, 24, 25, 26, 27, 28, 29, 31, 32, 33, 34, 36, 37, 38, 39, 40, 42, 43, 44, 45, 46, 47, 49, 50, 51, 53, 54, 55, 56, 57, 58, 59, 60, 61, 62, 63, 64, 65, 66, 67, 68, 69, 70, 72, 73, 74, 75, 76, 77, 78, 79, 80, 81, 82, 84, 85, 86, 88, 89, 90, 92, 93, 94, 95, 96, 97, 98, 99, 100, 104, 106, 107, 108, 111, 115, 116, 117, 119, 120, 121, 123, 124, 125, 126, 127, 129, 130, 131, 132, 133, 135, 136, 137, 138, 139, 140, 141, 142, 143, 144, 145, 146, 147, 148, 149, 150, 151, 152, 153, 155, 156, 157, 158, 159, 160, 161, 162, 163, 164, 165, 166, 167, 168, 169, 170, 171, 172, 173, 174, 175, 176, 177, 178, 179, 180, 181, 182]",153,False,3.052086053934385e-05,6.816193794370686e-08,1.0150899533800048e-05,10.0
E84,95,95,18,77,1218,0.18947368421052632,0.014563106796116505,0.0270473328324568,raja,S4/S04_20170606_045500_3,all_channel,mean,mean__all_channel__E84,32,183,"[0, 1, 2, 3, 4, 7, 8, 11, 12, 14, 15, 16, 17, 18, 20, 21, 23, 24, 25, 26, 27, 28, 29, 31, 32, 33, 34, 36, 37, 38, 39, 40, 42, 43, 44, 45, 46, 47, 49, 50, 51, 53, 54, 55, 56, 57, 58, 59, 60, 61, 62, 63, 64, 65, 66, 67, 68, 69, 70, 72, 73, 74, 75, 76, 77, 78, 79, 80, 81, 82, 84, 85, 86, 88, 89, 90, 92, 93, 94, 95, 96, 97, 98, 99, 100, 104, 106, 107, 108, 111, 115, 116, 117, 119, 120, 121, 123, 124, 125, 126, 127, 129, 130, 131, 132, 133, 135, 136, 137, 138, 139, 140, 141, 142, 143, 144, 145, 146, 147, 148, 149, 150, 151, 152, 153, 155, 156, 157, 158, 159, 160, 161, 162, 163, 164, 165, 166, 167, 168, 169, 170, 171, 172, 173, 174, 175, 176, 177, 178, 179, 180, 181, 182]",153,False,2.623260680732502e-05,-3.0525376938626026e-08,8.75437739475455e-06,10.0
E109,80,80,17,63,1219,0.2125,0.013754045307443365,0.025835866261398176,raja,S4/S04_20170606_045500_3,all_channel,mean,mean__all_channel__E109,32,183,"[0, 1, 2, 3, 4, 7, 8, 11, 12, 14, 15, 16, 17, 18, 20, 21, 23, 24, 25, 26, 27, 28, 29, 31, 32, 33, 34, 36, 37, 38, 39, 40, 42, 43, 44, 45, 46, 47, 49, 50, 51, 53, 54, 55, 56, 57, 58, 59, 60, 61, 62, 63, 64, 65, 66, 67, 68, 69, 70, 72, 73, 74, 75, 76, 77, 78, 79, 80, 81, 82, 84, 85, 86, 88, 89, 90, 92, 93, 94, 95, 96, 97, 98, 99, 100, 104, 106, 107, 108, 111, 115, 116, 117, 119, 120, 121, 123, 124, 125, 126, 127, 129, 130, 131, 132, 133, 135, 136, 137, 138, 139, 140, 141, 142, 143, 144, 145, 146, 147, 148, 149, 150, 151, 152, 153, 155, 156, 157, 158, 159, 160, 161, 162, 163, 164, 165, 166, 167, 168, 169, 170, 171, 172, 173, 174, 175, 176, 177, 178, 179, 180, 181, 182]",153,False,1.911974729320338e-05,-2.0116377123137154e-08,6.379954556775506e-06,10.0
E60,101,101,17,84,1219,0.16831683168316833,0.013754045307443365,0.025430067314884067,raja,S4/S04_20170606_045500_3,all_channel,mean,mean__all_channel__E60,32,183,"[0, 1, 2, 3, 4, 7, 8, 11, 12, 14, 15, 16, 17, 18, 20, 21, 23, 24, 25, 26, 27, 28, 29, 31, 32, 33, 34, 36, 37, 38, 39, 40, 42, 43, 44, 45, 46, 47, 49, 50, 51, 53, 54, 55, 56, 57, 58, 59, 60, 61, 62, 63, 64, 65, 66, 67, 68, 69, 70, 72, 73, 74, 75, 76, 77, 78, 79, 80, 81, 82, 84, 85, 86, 88, 89, 90, 92, 93, 94, 95, 96, 97, 98, 99, 100, 104, 106, 107, 108, 111, 115, 116, 117, 119, 120, 121, 123, 124, 125, 126, 127, 129, 130, 131, 132, 133, 135, 136, 137, 138, 139, 140, 141, 142, 143, 144, 145, 146, 147, 148, 149, 150, 151, 152, 153, 155, 156, 157, 158, 159, 160, 161, 162, 163, 164, 165, 166, 167, 168, 169, 170, 171, 172, 173, 174, 175, 176, 177, 178, 179, 180, 181, 182]",153,False,4.975208561318652e-05,-5.479439112015302e-08,1.660229333476889e-05,10.0
E104,65,65,16,49,1220,0.24615384615384617,0.012944983818770227,0.024596464258262875,raja,S4/S04_20170606_045500_3,all_channel,mean,mean__all_channel__E104,32,183,"[0, 1, 2, 3, 4, 7, 8, 11, 12, 14, 15, 16, 17, 18, 20, 21, 23, 24, 25, 26, 27, 28, 29, 31, 32, 33, 34, 36, 37, 38, 39, 40, 42, 43, 44, 45, 46, 47, 49, 50, 51, 53, 54, 55, 56, 57, 58, 59, 60, 61, 62, 63, 64, 65, 66, 67, 68, 69, 70, 72, 73, 74, 75, 76, 77, 78, 79, 80, 81, 82, 84, 85, 86, 88, 89, 90, 92, 93, 94, 95, 96, 97, 98, 99, 100, 104, 106, 107, 108, 111, 115, 116, 117, 119, 120, 121, 123, 124, 125, 126, 127, 129, 130, 131, 132, 133, 135, 136, 137, 138, 139, 140, 141, 142, 143, 144, 145, 146, 147, 148, 149, 150, 151, 152, 153, 155, 156, 157, 158, 159, 160, 161, 162, 163, 164, 165, 166, 167, 168, 169, 170, 171, 172, 173, 174, 175, 176, 177, 178, 179, 180, 181, 182]",153,False,1.9654279439158023e-05,-3.890644155366151e-09,6.552723361104463e-06,10.0
E40,74,74,16,58,1220,0.21621621621621623,0.012944983818770227,0.024427480916030534,raja,S4/S04_20170606_045500_3,all_channel,mean,mean__all_channel__E40,32,183,"[0, 1, 2, 3, 4, 7, 8, 11, 12, 14, 15, 16, 17, 18, 20, 21, 23, 24, 25, 26, 27, 28, 29, 31, 32, 33, 34, 36, 37, 38, 39, 40, 42, 43, 44, 45, 46, 47, 49, 50, 51, 53, 54, 55, 56, 57, 58, 59, 60, 61, 62, 63, 64, 65, 66, 67, 68, 69, 70, 72, 73, 74, 75, 76, 77, 78, 79, 80, 81, 82, 84, 85, 86, 88, 89, 90, 92, 93, 94, 95, 96, 97, 98, 99, 100, 104, 106, 107, 108, 111, 115, 116, 117, 119, 120, 121, 123, 124, 125, 126, 127, 129, 130, 131, 132, 133, 135, 136, 137, 138, 139, 140, 141, 142, 143, 144, 145, 146, 147, 148, 149, 150, 151, 152, 153, 155, 156, 157, 158, 159, 160, 161, 162, 163, 164, 165, 166, 167, 168, 169, 170, 171, 172, 173, 174, 175, 176, 177, 178, 179, 180, 181, 182]",153,False,2.029481822030742e-05,-2.8186810381504366e-08,6.774335010229641e-06,10.0
E24,32,32,15,17,1221,0.46875,0.012135922330097087,0.023659305993690854,raja,S4/S04_20170606_045500_3,all_channel,mean,mean__all_channel__E24,32,183,"[0, 1, 2, 3, 4, 7, 8, 11, 12, 14, 15, 16, 17, 18, 20, 21, 23, 24, 25, 26, 27, 28, 29, 31, 32, 33, 34, 36, 37, 38, 39, 40, 42, 43, 44, 45, 46, 47, 49, 50, 51, 53, 54, 55, 56, 57, 58, 59, 60, 61, 62, 63, 64, 65, 66, 67, 68, 69, 70, 72, 73, 74, 75, 76, 77, 78, 79, 80, 81, 82, 84, 85, 86, 88, 89, 90, 92, 93, 94, 95, 96, 97, 98, 99, 100, 104, 106, 107, 108, 111, 115, 116, 117, 119, 120, 121, 123, 124, 125, 126, 127, 129, 130, 131, 132, 133, 135, 136, 137, 138, 139, 140, 141, 142, 143, 144, 145, 146, 147, 148, 149, 150, 151, 152, 153, 155, 156, 157, 158, 159, 160, 161, 162, 163, 164, 165, 166, 167, 168, 169, 170, 171, 172, 173, 174, 175, 176, 177, 178, 179, 180, 181, 182]",153,False,3.9748228490433645e-05,-5.787556034702823e-08,1.3268701350260224e-05,10.0
E77,95,95,15,80,1221,0.15789473684210525,0.012135922330097087,0.022539444027047332,raja,S4/S04_20170606_045500_3,all_channel,mean,mean__all_channel__E77,32,183,"[0, 1, 2, 3, 4, 7, 8, 11, 12, 14, 15, 16, 17, 18, 20, 21, 23, 24, 25, 26, 27, 28, 29, 31, 32, 33, 34, 36, 37, 38, 39, 40, 42, 43, 44, 45, 46, 47, 49, 50, 51, 53, 54, 55, 56, 57, 58, 59, 60, 61, 62, 63, 64, 65, 66, 67, 68, 69, 70, 72, 73, 74, 75, 76, 77, 78, 79, 80, 81, 82, 84, 85, 86, 88, 89, 90, 92, 93, 94, 95, 96, 97, 98, 99, 100, 104, 106, 107, 108, 111, 115, 116, 117, 119, 120, 121, 123, 124, 125, 126, 127, 129, 130, 131, 132, 133, 135, 136, 137, 138, 139, 140, 141, 142, 143, 144, 145, 146, 147, 148, 149, 150, 151, 152, 153, 155, 156, 157, 158, 159, 160, 161, 162, 163, 164, 165, 166, 167, 168, 169, 170, 171, 172, 173, 174, 175, 176, 177, 178, 179, 180, 181, 182]",153,False,2.3939562607294905e-05,-1.2349009056764649e-08,7.98397053878389e-06,10.0
E37,38,38,14,24,1222,0.3684210526315789,0.011326860841423949,0.021978021978021983,raja,S4/S04_20170606_045500_3,all_channel,mean,mean__all_channel__E37,32,183,"[0, 1, 2, 3, 4, 7, 8, 11, 12, 14, 15, 16, 17, 18, 20, 21, 23, 24, 25, 26, 27, 28, 29, 31, 32, 33, 34, 36, 37, 38, 39, 40, 42, 43, 44, 45, 46, 47, 49, 50, 51, 53, 54, 55, 56, 57, 58, 59, 60, 61, 62, 63, 64, 65, 66, 67, 68, 69, 70, 72, 73, 74, 75, 76, 77, 78, 79, 80, 81, 82, 84, 85, 86, 88, 89, 90, 92, 93, 94, 95, 96, 97, 98, 99, 100, 104, 106, 107, 108, 111, 115, 116, 117, 119, 120, 121, 123, 124, 125, 126, 127, 129, 130, 131, 132, 133, 135, 136, 137, 138, 139, 140, 141, 142, 143, 144, 145, 146, 147, 148, 149, 150, 151, 152, 153, 155, 156, 157, 158, 159, 160, 161, 162, 163, 164, 165, 166, 167, 168, 169, 170, 171, 172, 173, 174, 175, 176, 177, 178, 179, 180, 181, 182]",153,False,3.764520017459912e-05,5.171334596266244e-09,1.2546676280000951e-05,10.0
E70,87,87,13,74,1223,0.14942528735632185,0.010517799352750809,0.019652305366591082,raja,S4/S04_20170606_045500_3,all_channel,mean,mean__all_channel__E70,32,183,"[0, 1, 2, 3, 4, 7, 8, 11, 12, 14, 15, 16, 17, 18, 20, 21, 23, 24, 25, 26, 27, 28, 29, 31, 32, 33, 34, 36, 37, 38, 39, 40, 42, 43, 44, 45, 46, 47, 49, 50, 51, 53, 54, 55, 56, 57, 58, 59, 60, 61, 62, 63, 64, 65, 66, 67, 68, 69, 70, 72, 73, 74, 75, 76, 77, 78, 79, 80, 81, 82, 84, 85, 86, 88, 89, 90, 92, 93, 94, 95, 96, 97, 98, 99, 100, 104, 106, 107, 108, 111, 115, 116, 117, 119, 120, 121, 123, 124, 125, 126, 127, 129, 130, 131, 132, 133, 135, 136, 137, 138, 139, 140, 141, 142, 143, 144, 145, 146, 147, 148, 149, 150, 151, 152, 153, 155, 156, 157, 158, 159, 160, 161, 162, 163, 164, 165, 166, 167, 168, 169, 170, 171, 172, 173, 174, 175, 176, 177, 178, 179, 180, 181, 182]",153,False,2.5872911075229764e-05,2.9265658430182115e-09,8.623328169795582e-06,10.0
E59,43,43,11,32,1225,0.2558139534883721,0.00889967637540453,0.01720093823299453,raja,S4/S04_20170606_045500_3,all_channel,mean,mean__all_channel__E59,32,183,"[0, 1, 2, 3, 4, 7, 8, 11, 12, 14, 15, 16, 17, 18, 20, 21, 23, 24, 25, 26, 27, 28, 29, 31, 32, 33, 34, 36, 37, 38, 39, 40, 42, 43, 44, 45, 46, 47, 49, 50, 51, 53, 54, 55, 56, 57, 58, 59, 60, 61, 62, 63, 64, 65, 66, 67, 68, 69, 70, 72, 73, 74, 75, 76, 77, 78, 79, 80, 81, 82, 84, 85, 86, 88, 89, 90, 92, 93, 94, 95, 96, 97, 98, 99, 100, 104, 106, 107, 108, 111, 115, 116, 117, 119, 120, 121, 123, 124, 125, 126, 127, 129, 130, 131, 132, 133, 135, 136, 137, 138, 139, 140, 141, 142, 143, 144, 145, 146, 147, 148, 149, 150, 151, 152, 153, 155, 156, 157, 158, 159, 160, 161, 162, 163, 164, 165, 166, 167, 168, 169, 170, 171, 172, 173, 174, 175, 176, 177, 178, 179, 180, 181, 182]",153,False,3.2008007325400956e-05,4.204154632024129e-08,1.0655321926360238e-05,10.0
E85,82,82,11,71,1225,0.13414634146341464,0.00889967637540453,0.01669195751138088,raja,S4/S04_20170606_045500_3,all_channel,mean,mean__all_channel__E85,32,183,"[0, 1, 2, 3, 4, 7, 8, 11, 12, 14, 15, 16, 17, 18, 20, 21, 23, 24, 25, 26, 27, 28, 29, 31, 32, 33, 34, 36, 37, 38, 39, 40, 42, 43, 44, 45, 46, 47, 49, 50, 51, 53, 54, 55, 56, 57, 58, 59, 60, 61, 62, 63, 64, 65, 66, 67, 68, 69, 70, 72, 73, 74, 75, 76, 77, 78, 79, 80, 81, 82, 84, 85, 86, 88, 89, 90, 92, 93, 94, 95, 96, 97, 98, 99, 100, 104, 106, 107, 108, 111, 115, 116, 117, 119, 120, 121, 123, 124, 125, 126, 127, 129, 130, 131, 132, 133, 135, 136, 137, 138, 139, 140, 141, 142, 143, 144, 145, 146, 147, 148, 149, 150, 151, 152, 153, 155, 156, 157, 158, 159, 160, 161, 162, 163, 164, 165, 166, 167, 168, 169, 170, 171, 172, 173, 174, 175, 176, 177, 178, 179, 180, 181, 182]",153,False,2.2245360143923752e-05,-8.42693108622027e-09,7.417929025003324e-06,10.0
E91,99,99,11,88,1225,0.1111111111111111,0.00889967637540453,0.01647940074906367,raja,S4/S04_20170606_045500_3,all_channel,mean,mean__all_channel__E91,32,183,"[0, 1, 2, 3, 4, 7, 8, 11, 12, 14, 15, 16, 17, 18, 20, 21, 23, 24, 25, 26, 27, 28, 29, 31, 32, 33, 34, 36, 37, 38, 39, 40, 42, 43, 44, 45, 46, 47, 49, 50, 51, 53, 54, 55, 56, 57, 58, 59, 60, 61, 62, 63, 64, 65, 66, 67, 68, 69, 70, 72, 73, 74, 75, 76, 77, 78, 79, 80, 81, 82, 84, 85, 86, 88, 89, 90, 92, 93, 94, 95, 96, 97, 98, 99, 100, 104, 106, 107, 108, 111, 115, 116, 117, 119, 120, 121, 123, 124, 125, 126, 127, 129, 130, 131, 132, 133, 135, 136, 137, 138, 139, 140, 141, 142, 143, 144, 145, 146, 147, 148, 149, 150, 151, 152, 153, 155, 156, 157, 158, 159, 160, 161, 162, 163, 164, 165, 166, 167, 168, 169, 170, 171, 172, 173, 174, 175, 176, 177, 178, 179, 180, 181, 182]",153,False,2.300666886229985e-05,1.2802963739121857e-08,7.664621966186909e-06,10.0
E124,29,29,9,20,1227,0.3103448275862069,0.007281553398058253,0.014229249011857709,raja,S4/S04_20170606_045500_3,all_channel,mean,mean__all_channel__E124,32,183,"[0, 1, 2, 3, 4, 7, 8, 11, 12, 14, 15, 16, 17, 18, 20, 21, 23, 24, 25, 26, 27, 28, 29, 31, 32, 33, 34, 36, 37, 38, 39, 40, 42, 43, 44, 45, 46, 47, 49, 50, 51, 53, 54, 55, 56, 57, 58, 59, 60, 61, 62, 63, 64, 65, 66, 67, 68, 69, 70, 72, 73, 74, 75, 76, 77, 78, 79, 80, 81, 82, 84, 85, 86, 88, 89, 90, 92, 93, 94, 95, 96, 97, 98, 99, 100, 104, 106, 107, 108, 111, 115, 116, 117, 119, 120, 121, 123, 124, 125, 126, 127, 129, 130, 131, 132, 133, 135, 136, 137, 138, 139, 140, 141, 142, 143, 144, 145, 146, 147, 148, 149, 150, 151, 152, 153, 155, 156, 157, 158, 159, 160, 161, 162, 163, 164, 165, 166, 167, 168, 169, 170, 171, 172, 173, 174, 175, 176, 177, 178, 179, 180, 181, 182]",153,False,0.00023000694775009094,-8.3128493884896e-08,7.669669208132527e-05,10.0
E112,38,38,9,29,1227,0.23684210526315788,0.007281553398058253,0.0141287284144427,raja,S4/S04_20170606_045500_3,all_channel,mean,mean__all_channel__E112,32,183,"[0, 1, 2, 3, 4, 7, 8, 11, 12, 14, 15, 16, 17, 18, 20, 21, 23, 24, 25, 26, 27, 28, 29, 31, 32, 33, 34, 36, 37, 38, 39, 40, 42, 43, 44, 45, 46, 47, 49, 50, 51, 53, 54, 55, 56, 57, 58, 59, 60, 61, 62, 63, 64, 65, 66, 67, 68, 69, 70, 72, 73, 74, 75, 76, 77, 78, 79, 80, 81, 82, 84, 85, 86, 88, 89, 90, 92, 93, 94, 95, 96, 97, 98, 99, 100, 104, 106, 107, 108, 111, 115, 116, 117, 119, 120, 121, 123, 124, 125, 126, 127, 129, 130, 131, 132, 133, 135, 136, 137, 138, 139, 140, 141, 142, 143, 144, 145, 146, 147, 148, 149, 150, 151, 152, 153, 155, 156, 157, 158, 159, 160, 161, 162, 163, 164, 165, 166, 167, 168, 169, 170, 171, 172, 173, 174, 175, 176, 177, 178, 179, 180, 181, 182]",153,False,0.00010929737560408349,3.035365483397007e-08,3.642234064974984e-05,10.0
E83,70,70,8,62,1228,0.11428571428571428,0.006472491909385114,0.01225114854517611,raja,S4/S04_20170606_045500_3,all_channel,mean,mean__all_channel__E83,32,183,"[0, 1, 2, 3, 4, 7, 8, 11, 12, 14, 15, 16, 17, 18, 20, 21, 23, 24, 25, 26, 27, 28, 29, 31, 32, 33, 34, 36, 37, 38, 39, 40, 42, 43, 44, 45, 46, 47, 49, 50, 51, 53, 54, 55, 56, 57, 58, 59, 60, 61, 62, 63, 64, 65, 66, 67, 68, 69, 70, 72, 73, 74, 75, 76, 77, 78, 79, 80, 81, 82, 84, 85, 86, 88, 89, 90, 92, 93, 94, 95, 96, 97, 98, 99, 100, 104, 106, 107, 108, 111, 115, 116, 117, 119, 120, 121, 123, 124, 125, 126, 127, 129, 130, 131, 132, 133, 135, 136, 137, 138, 139, 140, 141, 142, 143, 144, 145, 146, 147, 148, 149, 150, 151, 152, 153, 155, 156, 157, 158, 159, 160, 161, 162, 163, 164, 165, 166, 167, 168, 169, 170, 171, 172, 173, 174, 175, 176, 177, 178, 179, 180, 181, 182]",153,False,2.9789364961728413e-05,1.116423131220453e-09,9.929416179532398e-06,10.0
E47,58,58,7,51,1229,0.1206896551724138,0.0056634304207119745,0.01081916537867079,raja,S4/S04_20170606_045500_3,all_channel,mean,mean__all_channel__E47,32,183,"[0, 1, 2, 3, 4, 7, 8, 11, 12, 14, 15, 16, 17, 18, 20, 21, 23, 24, 25, 26, 27, 28, 29, 31, 32, 33, 34, 36, 37, 38, 39, 40, 42, 43, 44, 45, 46, 47, 49, 50, 51, 53, 54, 55, 56, 57, 58, 59, 60, 61, 62, 63, 64, 65, 66, 67, 68, 69, 70, 72, 73, 74, 75, 76, 77, 78, 79, 80, 81, 82, 84, 85, 86, 88, 89, 90, 92, 93, 94, 95, 96, 97, 98, 99, 100, 104, 106, 107, 108, 111, 115, 116, 117, 119, 120, 121, 123, 124, 125, 126, 127, 129, 130, 131, 132, 133, 135, 136, 137, 138, 139, 140, 141, 142, 143, 144, 145, 146, 147, 148, 149, 150, 151, 152, 153, 155, 156, 157, 158, 159, 160, 161, 162, 163, 164, 165, 166, 167, 168, 169, 170, 171, 172, 173, 174, 175, 176, 177, 178, 179, 180, 181, 182]",153,False,9.004273067972858e-05,5.628650588962125e-08,2.9995481391279652e-05,10.0
E87,18,18,5,13,1231,0.2777777777777778,0.0040453074433656954,0.007974481658692186,raja,S4/S04_20170606_045500_3,all_channel,mean,mean__all_channel__E87,32,183,"[0, 1, 2, 3, 4, 7, 8, 11, 12, 14, 15, 16, 17, 18, 20, 21, 23, 24, 25, 26, 27, 28, 29, 31, 32, 33, 34, 36, 37, 38, 39, 40, 42, 43, 44, 45, 46, 47, 49, 50, 51, 53, 54, 55, 56, 57, 58, 59, 60, 61, 62, 63, 64, 65, 66, 67, 68, 69, 70, 72, 73, 74, 75, 76, 77, 78, 79, 80, 81, 82, 84, 85, 86, 88, 89, 90, 92, 93, 94, 95, 96, 97, 98, 99, 100, 104, 106, 107, 108, 111, 115, 116, 117, 119, 120, 121, 123, 124, 125, 126, 127, 129, 130, 131, 132, 133, 135, 136, 137, 138, 139, 140, 141, 142, 143, 144, 145, 146, 147, 148, 149, 150, 151, 152, 153, 155, 156, 157, 158, 159, 160, 161, 162, 163, 164, 165, 166, 167, 168, 169, 170, 171, 172, 173, 174, 175, 176, 177, 178, 179, 180, 181, 182]",153,False,5.608892080281381e-05,3.506245870497905e-09,1.869513818564777e-05,10.0
E13,7,7,4,3,1232,0.5714285714285714,0.003236245954692557,0.006436041834271923,raja,S4/S04_20170606_045500_3,all_channel,mean,mean__all_channel__E13,32,183,"[0, 1, 2, 3, 4, 7, 8, 11, 12, 14, 15, 16, 17, 18, 20, 21, 23, 24, 25, 26, 27, 28, 29, 31, 32, 33, 34, 36, 37, 38, 39, 40, 42, 43, 44, 45, 46, 47, 49, 50, 51, 53, 54, 55, 56, 57, 58, 59, 60, 61, 62, 63, 64, 65, 66, 67, 68, 69, 70, 72, 73, 74, 75, 76, 77, 78, 79, 80, 81, 82, 84, 85, 86, 88, 89, 90, 92, 93, 94, 95, 96, 97, 98, 99, 100, 104, 106, 107, 108, 111, 115, 116, 117, 119, 120, 121, 123, 124, 125, 126, 127, 129, 130, 131, 132, 133, 135, 136, 137, 138, 139, 140, 141, 142, 143, 144, 145, 146, 147, 148, 149, 150, 151, 152, 153, 155, 156, 157, 158, 159, 160, 161, 162, 163, 164, 165, 166, 167, 168, 169, 170, 171, 172, 173, 174, 175, 176, 177, 178, 179, 180, 181, 182]",153,False,7.463945940010882e-05,-1.0147783744580016e-08,2.4883202394617795e-05,10.0
E117,12,12,2,10,1234,0.16666666666666666,0.0016181229773462784,0.003205128205128205,raja,S4/S04_20170606_045500_3,all_channel,mean,mean__all_channel__E117,32,183,"[0, 1, 2, 3, 4, 7, 8, 11, 12, 14, 15, 16, 17, 18, 20, 21, 23, 24, 25, 26, 27, 28, 29, 31, 32, 33, 34, 36, 37, 38, 39, 40, 42, 43, 44, 45, 46, 47, 49, 50, 51, 53, 54, 55, 56, 57, 58, 59, 60, 61, 62, 63, 64, 65, 66, 67, 68, 69, 70, 72, 73, 74, 75, 76, 77, 78, 79, 80, 81, 82, 84, 85, 86, 88, 89, 90, 92, 93, 94, 95, 96, 97, 98, 99, 100, 104, 106, 107, 108, 111, 115, 116, 117, 119, 120, 121, 123, 124, 125, 126, 127, 129, 130, 131, 132, 133, 135, 136, 137, 138, 139, 140, 141, 142, 143, 144, 145, 146, 147, 148, 149, 150, 151, 152, 153, 155, 156, 157, 158, 159, 160, 161, 162, 163, 164, 165, 166, 167, 168, 169, 170, 171, 172, 173, 174, 175, 176, 177, 178, 179, 180, 181, 182]",153,False,0.0005355671807341387,-9.922667761347711e-08,0.00017855546913725072,10.0
E98,13,13,2,11,1234,0.15384615384615385,0.0016181229773462784,0.0032025620496397116,raja,S4/S04_20170606_045500_3,all_channel,mean,mean__all_channel__E98,32,183,"[0, 1, 2, 3, 4, 7, 8, 11, 12, 14, 15, 16, 17, 18, 20, 21, 23, 24, 25, 26, 27, 28, 29, 31, 32, 33, 34, 36, 37, 38, 39, 40, 42, 43, 44, 45, 46, 47, 49, 50, 51, 53, 54, 55, 56, 57, 58, 59, 60, 61, 62, 63, 64, 65, 66, 67, 68, 69, 70, 72, 73, 74, 75, 76, 77, 78, 79, 80, 81, 82, 84, 85, 86, 88, 89, 90, 92, 93, 94, 95, 96, 97, 98, 99, 100, 104, 106, 107, 108, 111, 115, 116, 117, 119, 120, 121, 123, 124, 125, 126, 127, 129, 130, 131, 132, 133, 135, 136, 137, 138, 139, 140, 141, 142, 143, 144, 145, 146, 147, 148, 149, 150, 151, 152, 153, 155, 156, 157, 158, 159, 160, 161, 162, 163, 164, 165, 166, 167, 168, 169, 170, 171, 172, 173, 174, 175, 176, 177, 178, 179, 180, 181, 182]",153,False,8.867205277142107e-05,7.634462946747303e-09,2.9554806102824775e-05,10.0
E9,1238,1238,1203,35,33,0.9717285945072698,0.9733009708737864,0.9725141471301536,raja,S4/S04_20170606_045500_3,frontal,median,median__frontal__E9,6,183,"[0, 1, 11, 17, 18, 26, 28, 29, 34, 40, 43, 44, 45, 46, 47, 51, 53, 54, 56, 58, 59, 60, 61, 62, 65, 66, 67, 68, 69, 72, 74, 75, 79, 80, 81, 82, 88, 89, 90, 93, 99, 100, 106, 107, 115, 119, 120, 121, 124, 125, 127, 130, 131, 132, 133, 135, 136, 137, 138, 139, 140, 142, 143, 144, 145, 146, 147, 148, 149, 150, 151, 152, 153, 155, 156, 157, 158, 159, 160, 161, 162, 163, 164, 165, 166, 167, 168, 169, 170, 172, 173, 174, 175, 176, 177, 178, 179, 180, 181, 182]",100,False,5.042268768619552e-05,-6.729056905105146e-06,1.9050581530433555e-05,10.0
E22,1204,1204,1163,41,73,0.9659468438538206,0.9409385113268608,0.9532786885245902,raja,S4/S04_20170606_045500_3,frontal,median,median__frontal__E22,6,183,"[0, 1, 11, 17, 18, 26, 28, 29, 34, 40, 43, 44, 45, 46, 47, 51, 53, 54, 56, 58, 59, 60, 61, 62, 65, 66, 67, 68, 69, 72, 74, 75, 79, 80, 81, 82, 88, 89, 90, 93, 99, 100, 106, 107, 115, 119, 120, 121, 124, 125, 127, 130, 131, 132, 133, 135, 136, 137, 138, 139, 140, 142, 143, 144, 145, 146, 147, 148, 149, 150, 151, 152, 153, 155, 156, 157, 158, 159, 160, 161, 162, 163, 164, 165, 166, 167, 168, 169, 170, 172, 173, 174, 175, 176, 177, 178, 179, 180, 181, 182]",100,False,4.940144850646054e-05,-5.98473200468905e-06,1.8462060170383196e-05,10.0
E3,1112,1112,1074,38,162,0.9658273381294964,0.8689320388349514,0.9148211243611585,raja,S4/S04_20170606_045500_3,frontal,median,median__frontal__E3,6,183,"[0, 1, 11, 17, 18, 26, 28, 29, 34, 40, 43, 44, 45, 46, 47, 51, 53, 54, 56, 58, 59, 60, 61, 62, 65, 66, 67, 68, 69, 72, 74, 75, 79, 80, 81, 82, 88, 89, 90, 93, 99, 100, 106, 107, 115, 119, 120, 121, 124, 125, 127, 130, 131, 132, 133, 135, 136, 137, 138, 139, 140, 142, 143, 144, 145, 146, 147, 148, 149, 150, 151, 152, 153, 155, 156, 157, 158, 159, 160, 161, 162, 163, 164, 165, 166, 167, 168, 169, 170, 172, 173, 174, 175, 176, 177, 178, 179, 180, 181, 182]",100,False,3.641092979277791e-05,-3.4017711550185854e-06,1.3270900315932166e-05,10.0
E23,812,812,774,38,462,0.9532019704433498,0.6262135922330098,0.755859375,raja,S4/S04_20170606_045500_3,frontal,median,median__frontal__E23,6,183,"[0, 1, 11, 17, 18, 26, 28, 29, 34, 40, 43, 44, 45, 46, 47, 51, 53, 54, 56, 58, 59, 60, 61, 62, 65, 66, 67, 68, 69, 72, 74, 75, 79, 80, 81, 82, 88, 89, 90, 93, 99, 100, 106, 107, 115, 119, 120, 121, 124, 125, 127, 130, 131, 132, 133, 135, 136, 137, 138, 139, 140, 142, 143, 144, 145, 146, 147, 148, 149, 150, 151, 152, 153, 155, 156, 157, 158, 159, 160, 161, 162, 163, 164, 165, 166, 167, 168, 169, 170, 172, 173, 174, 175, 176, 177, 178, 179, 180, 181, 182]",100,False,3.446999938941892e-05,-2.518691854464642e-06,1.2329563747961187e-05,10.0
E24,26,26,12,14,1224,0.46153846153846156,0.009708737864077669,0.019017432646592707,raja,S4/S04_20170606_045500_3,frontal,median,median__frontal__E24,6,183,"[0, 1, 11, 17, 18, 26, 28, 29, 34, 40, 43, 44, 45, 46, 47, 51, 53, 54, 56, 58, 59, 60, 61, 62, 65, 66, 67, 68, 69, 72, 74, 75, 79, 80, 81, 82, 88, 89, 90, 93, 99, 100, 106, 107, 115, 119, 120, 121, 124, 125, 127, 130, 131, 132, 133, 135, 136, 137, 138, 139, 140, 142, 143, 144, 145, 146, 147, 148, 149, 150, 151, 152, 153, 155, 156, 157, 158, 159, 160, 161, 162, 163, 164, 165, 166, 167, 168, 169, 170, 172, 173, 174, 175, 176, 177, 178, 179, 180, 181, 182]",100,False,4.2800619954038325e-05,-3.5205051469700016e-07,1.438422348957844e-05,10.0
E124,17,17,6,11,1230,0.35294117647058826,0.0048543689320388345,0.00957701516360734,raja,S4/S04_20170606_045500_3,frontal,median,median__frontal__E124,6,183,"[0, 1, 11, 17, 18, 26, 28, 29, 34, 40, 43, 44, 45, 46, 47, 51, 53, 54, 56, 58, 59, 60, 61, 62, 65, 66, 67, 68, 69, 72, 74, 75, 79, 80, 81, 82, 88, 89, 90, 93, 99, 100, 106, 107, 115, 119, 120, 121, 124, 125, 127, 130, 131, 132, 133, 135, 136, 137, 138, 139, 140, 142, 143, 144, 145, 146, 147, 148, 149, 150, 151, 152, 153, 155, 156, 157, 158, 159, 160, 161, 162, 163, 164, 165, 166, 167, 168, 169, 170, 172, 173, 174, 175, 176, 177, 178, 179, 180, 181, 182]",100,False,0.00025060090489904997,1.0681970237691209e-07,8.3498028398891e-05,10.0
E9,1219,1219,1183,36,53,0.970467596390484,0.9571197411003236,0.9637474541751527,raja,S4/S04_20170606_045500_3,frontal,mean,mean__frontal__E9,6,183,"[0, 1, 11, 17, 18, 26, 28, 29, 34, 40, 43, 44, 45, 46, 47, 51, 53, 54, 56, 58, 59, 60, 61, 62, 65, 66, 67, 68, 69, 72, 74, 75, 79, 80, 81, 82, 88, 89, 90, 93, 99, 100, 106, 107, 115, 119, 120, 121, 124, 125, 127, 130, 131, 132, 133, 135, 136, 137, 138, 139, 140, 142, 143, 144, 145, 146, 147, 148, 149, 150, 151, 152, 153, 155, 156, 157, 158, 159, 160, 161, 162, 163, 164, 165, 166, 167, 168, 169, 170, 172, 173, 174, 175, 176, 177, 178, 179, 180, 181, 182]",100,False,5.7159479154706146e-05,7.734563405480562e-09,1.9050581530433555e-05,10.0
E22,1177,1177,1136,41,100,0.9651656754460493,0.919093851132686,0.9415665147119767,raja,S4/S04_20170606_045500_3,frontal,mean,mean__frontal__E22,6,183,"[0, 1, 11, 17, 18, 26, 28, 29, 34, 40, 43, 44, 45, 46, 47, 51, 53, 54, 56, 58, 59, 60, 61, 62, 65, 66, 67, 68, 69, 72, 74, 75, 79, 80, 81, 82, 88, 89, 90, 93, 99, 100, 106, 107, 115, 119, 120, 121, 124, 125, 127, 130, 131, 132, 133, 135, 136, 137, 138, 139, 140, 142, 143, 144, 145, 146, 147, 148, 149, 150, 151, 152, 153, 155, 156, 157, 158, 159, 160, 161, 162, 163, 164, 165, 166, 167, 168, 169, 170, 172, 173, 174, 175, 176, 177, 178, 179, 180, 181, 182]",100,False,5.531250676588759e-05,-7.367374526199737e-08,1.8462060170383196e-05,10.0
E3,1041,1041,1008,33,228,0.968299711815562,0.8155339805825242,0.8853754940711462,raja,S4/S04_20170606_045500_3,frontal,mean,mean__frontal__E3,6,183,"[0, 1, 11, 17, 18, 26, 28, 29, 34, 40, 43, 44, 45, 46, 47, 51, 53, 54, 56, 58, 59, 60, 61, 62, 65, 66, 67, 68, 69, 72, 74, 75, 79, 80, 81, 82, 88, 89, 90, 93, 99, 100, 106, 107, 115, 119, 120, 121, 124, 125, 127, 130, 131, 132, 133, 135, 136, 137, 138, 139, 140, 142, 143, 144, 145, 146, 147, 148, 149, 150, 151, 152, 153, 155, 156, 157, 158, 159, 160, 161, 162, 163, 164, 165, 166, 167, 168, 169, 170, 172, 173, 174, 175, 176, 177, 178, 179, 180, 181, 182]",100,False,3.977102487350371e-05,-4.1676074292791966e-08,1.3270900315932166e-05,10.0
E23,728,728,698,30,538,0.9587912087912088,0.5647249190938511,0.7107942973523421,raja,S4/S04_20170606_045500_3,frontal,mean,mean__frontal__E23,6,183,"[0, 1, 11, 17, 18, 26, 28, 29, 34, 40, 43, 44, 45, 46, 47, 51, 53, 54, 56, 58, 59, 60, 61, 62, 65, 66, 67, 68, 69, 72, 74, 75, 79, 80, 81, 82, 88, 89, 90, 93, 99, 100, 106, 107, 115, 119, 120, 121, 124, 125, 127, 130, 131, 132, 133, 135, 136, 137, 138, 139, 140, 142, 143, 144, 145, 146, 147, 148, 149, 150, 151, 152, 153, 155, 156, 157, 158, 159, 160, 161, 162, 163, 164, 165, 166, 167, 168, 169, 170, 172, 173, 174, 175, 176, 177, 178, 179, 180, 181, 182]",100,False,3.688836816929737e-05,-1.0032307458618981e-07,1.2329563747961187e-05,10.0
E24,25,25,11,14,1225,0.44,0.00889967637540453,0.017446471054718478,raja,S4/S04_20170606_045500_3,frontal,mean,mean__frontal__E24,6,183,"[0, 1, 11, 17, 18, 26, 28, 29, 34, 40, 43, 44, 45, 46, 47, 51, 53, 54, 56, 58, 59, 60, 61, 62, 65, 66, 67, 68, 69, 72, 74, 75, 79, 80, 81, 82, 88, 89, 90, 93, 99, 100, 106, 107, 115, 119, 120, 121, 124, 125, 127, 130, 131, 132, 133, 135, 136, 137, 138, 139, 140, 142, 143, 144, 145, 146, 147, 148, 149, 150, 151, 152, 153, 155, 156, 157, 158, 159, 160, 161, 162, 163, 164, 165, 166, 167, 168, 169, 170, 172, 173, 174, 175, 176, 177, 178, 179, 180, 181, 182]",100,False,4.311395371560173e-05,-3.8716753133590965e-08,1.438422348957844e-05,10.0
E124,17,17,6,11,1230,0.35294117647058826,0.0048543689320388345,0.00957701516360734,raja,S4/S04_20170606_045500_3,frontal,mean,mean__frontal__E124,6,183,"[0, 1, 11, 17, 18, 26, 28, 29, 34, 40, 43, 44, 45, 46, 47, 51, 53, 54, 56, 58, 59, 60, 61, 62, 65, 66, 67, 68, 69, 72, 74, 75, 79, 80, 81, 82, 88, 89, 90, 93, 99, 100, 106, 107, 115, 119, 120, 121, 124, 125, 127, 130, 131, 132, 133, 135, 136, 137, 138, 139, 140, 142, 143, 144, 145, 146, 147, 148, 149, 150, 151, 152, 153, 155, 156, 157, 158, 159, 160, 161, 162, 163, 164, 165, 166, 167, 168, 169, 170, 172, 173, 174, 175, 176, 177, 178, 179, 180, 181, 182]",100,False,0.0002502859337339747,-2.0815146269837427e-07,8.3498028398891e-05,10.0
E22,1014,1014,986,28,250,0.9723865877712031,0.7977346278317152,0.8764444444444445,raja,S4/S04_20170606_045500_3,frontal_left,median,median__frontal_left__E22,3,183,"[11, 28, 29, 34, 40, 45, 47, 54, 56, 60, 72, 79, 80, 81, 82, 140, 143, 144, 145, 146, 151, 164, 168, 178, 179, 182]",26,False,7.095015019752791e-05,-6.78195174101829e-06,2.5910700646182065e-05,10.0
E23,390,390,364,26,872,0.9333333333333333,0.29449838187702265,0.44772447724477243,raja,S4/S04_20170606_045500_3,frontal_left,median,median__frontal_left__E23,3,183,"[11, 28, 29, 34, 40, 45, 47, 54, 56, 60, 72, 79, 80, 81, 82, 140, 143, 144, 145, 146, 151, 164, 168, 178, 179, 182]",26,False,4.539156224183591e-05,-2.723596533486991e-06,1.6038386258440967e-05,10.0
E24,20,20,10,10,1226,0.5,0.008090614886731391,0.01592356687898089,raja,S4/S04_20170606_045500_3,frontal_left,median,median__frontal_left__E24,3,183,"[11, 28, 29, 34, 40, 45, 47, 54, 56, 60, 72, 79, 80, 81, 82, 140, 143, 144, 145, 146, 151, 164, 168, 178, 179, 182]",26,False,4.956818993409332e-05,-3.632318124436811e-07,1.6643807248845667e-05,10.0
E22,899,899,873,26,363,0.9710789766407119,0.7063106796116505,0.8177985948477752,raja,S4/S04_20170606_045500_3,frontal_left,mean,mean__frontal_left__E22,3,183,"[11, 28, 29, 34, 40, 45, 47, 54, 56, 60, 72, 79, 80, 81, 82, 140, 143, 144, 145, 146, 151, 164, 168, 178, 179, 182]",26,False,7.746971551108853e-05,-2.6238642745766177e-07,2.5910700646182065e-05,10.0
E23,293,293,274,19,962,0.9351535836177475,0.22168284789644013,0.35840418574231525,raja,S4/S04_20170606_045500_3,frontal_left,mean,mean__frontal_left__E23,3,183,"[11, 28, 29, 34, 40, 45, 47, 54, 56, 60, 72, 79, 80, 81, 82, 140, 143, 144, 145, 146, 151, 164, 168, 178, 179, 182]",26,False,4.788915697252055e-05,-2.2600180280235411e-07,1.6038386258440967e-05,10.0
E24,19,19,10,9,1226,0.5263157894736842,0.008090614886731391,0.01593625498007968,raja,S4/S04_20170606_045500_3,frontal_left,mean,mean__frontal_left__E24,3,183,"[11, 28, 29, 34, 40, 45, 47, 54, 56, 60, 72, 79, 80, 81, 82, 140, 143, 144, 145, 146, 151, 164, 168, 178, 179, 182]",26,False,4.981383300094438e-05,-1.1758874559262062e-07,1.6643807248845667e-05,10.0
E9,1238,1238,1203,35,33,0.9717285945072698,0.9733009708737864,0.9725141471301536,raja,S4/S04_20170606_045500_3,frontal_right,median,median__frontal_right__E9,3,183,"[0, 1, 11, 17, 18, 26, 28, 34, 40, 43, 44, 45, 46, 47, 51, 53, 54, 56, 58, 59, 60, 61, 62, 65, 66, 67, 68, 69, 74, 75, 79, 80, 88, 89, 90, 93, 99, 100, 106, 107, 115, 119, 120, 121, 124, 125, 127, 130, 131, 132, 133, 135, 136, 137, 138, 139, 140, 142, 143, 144, 145, 146, 147, 148, 149, 150, 151, 152, 153, 155, 156, 157, 158, 159, 160, 161, 162, 163, 164, 165, 166, 167, 168, 169, 170, 172, 173, 174, 175, 176, 177, 178, 179, 180, 181, 182]",96,False,5.029027859476841e-05,-6.594399211491204e-06,1.8961559268753203e-05,10.0
E3,1111,1111,1073,38,163,0.9657965796579658,0.8681229773462783,0.9143587558585429,raja,S4/S04_20170606_045500_3,frontal_right,median,median__frontal_right__E3,3,183,"[0, 1, 11, 17, 18, 26, 28, 34, 40, 43, 44, 45, 46, 47, 51, 53, 54, 56, 58, 59, 60, 61, 62, 65, 66, 67, 68, 69, 74, 75, 79, 80, 88, 89, 90, 93, 99, 100, 106, 107, 115, 119, 120, 121, 124, 125, 127, 130, 131, 132, 133, 135, 136, 137, 138, 139, 140, 142, 143, 144, 145, 146, 147, 148, 149, 150, 151, 152, 153, 155, 156, 157, 158, 159, 160, 161, 162, 163, 164, 165, 166, 167, 168, 169, 170, 172, 173, 174, 175, 176, 177, 178, 179, 180, 181, 182]",96,False,3.646560932310956e-05,-3.3431804679059576e-06,1.326959659700517e-05,10.0
E124,16,16,6,10,1230,0.375,0.0048543689320388345,0.009584664536741214,raja,S4/S04_20170606_045500_3,frontal_right,median,median__frontal_right__E124,3,183,"[0, 1, 11, 17, 18, 26, 28, 34, 40, 43, 44, 45, 46, 47, 51, 53, 54, 56, 58, 59, 60, 61, 62, 65, 66, 67, 68, 69, 74, 75, 79, 80, 88, 89, 90, 93, 99, 100, 106, 107, 115, 119, 120, 121, 124, 125, 127, 130, 131, 132, 133, 135, 136, 137, 138, 139, 140, 142, 143, 144, 145, 146, 147, 148, 149, 150, 151, 152, 153, 155, 156, 157, 158, 159, 160, 161, 162, 163, 164, 165, 166, 167, 168, 169, 170, 172, 173, 174, 175, 176, 177, 178, 179, 180, 181, 182]",96,False,0.00025235543098762054,2.408782635526133e-07,8.403818424135597e-05,10.0
E9,1219,1219,1183,36,53,0.970467596390484,0.9571197411003236,0.9637474541751527,raja,S4/S04_20170606_045500_3,frontal_right,mean,mean__frontal_right__E9,3,183,"[0, 1, 11, 17, 18, 26, 28, 34, 40, 43, 44, 45, 46, 47, 51, 53, 54, 56, 58, 59, 60, 61, 62, 65, 66, 67, 68, 69, 74, 75, 79, 80, 88, 89, 90, 93, 99, 100, 106, 107, 115, 119, 120, 121, 124, 125, 127, 130, 131, 132, 133, 135, 136, 137, 138, 139, 140, 142, 143, 144, 145, 146, 147, 148, 149, 150, 151, 152, 153, 155, 156, 157, 158, 159, 160, 161, 162, 163, 164, 165, 166, 167, 168, 169, 170, 172, 173, 174, 175, 176, 177, 178, 179, 180, 181, 182]",96,False,5.6906720473257985e-05,2.2042666998374147e-08,1.8961559268753203e-05,10.0
E3,1041,1041,1008,33,228,0.968299711815562,0.8155339805825242,0.8853754940711462,raja,S4/S04_20170606_045500_3,frontal_right,mean,mean__frontal_right__E3,3,183,"[0, 1, 11, 17, 18, 26, 28, 34, 40, 43, 44, 45, 46, 47, 51, 53, 54, 56, 58, 59, 60, 61, 62, 65, 66, 67, 68, 69, 74, 75, 79, 80, 88, 89, 90, 93, 99, 100, 106, 107, 115, 119, 120, 121, 124, 125, 127, 130, 131, 132, 133, 135, 136, 137, 138, 139, 140, 142, 143, 144, 145, 146, 147, 148, 149, 150, 151, 152, 153, 155, 156, 157, 158, 159, 160, 161, 162, 163, 164, 165, 166, 167, 168, 169, 170, 172, 173, 174, 175, 176, 177, 178, 179, 180, 181, 182]",96,False,3.977663225646645e-05,-3.215753454907079e-08,1.326959659700517e-05,10.0
E124,16,16,6,10,1230,0.375,0.0048543689320388345,0.009584664536741214,raja,S4/S04_20170606_045500_3,frontal_right,mean,mean__frontal_right__E124,3,183,"[0, 1, 11, 17, 18, 26, 28, 34, 40, 43, 44, 45, 46, 47, 51, 53, 54, 56, 58, 59, 60, 61, 62, 65, 66, 67, 68, 69, 74, 75, 79, 80, 88, 89, 90, 93, 99, 100, 106, 107, 115, 119, 120, 121, 124, 125, 127, 130, 131, 132, 133, 135, 136, 137, 138, 139, 140, 142, 143, 144, 145, 146, 147, 148, 149, 150, 151, 152, 153, 155, 156, 157, 158, 159, 160, 161, 162, 163, 164, 165, 166, 167, 168, 169, 170, 172, 173, 174, 175, 176, 177, 178, 179, 180, 181, 182]",96,False,0.0002519449432035891,-1.6960952047877984e-07,8.403818424135597e-05,10.0
E9,1245,1245,1213,32,23,0.97429718875502,0.9813915857605178,0.9778315195485692,raja,S4/S04_20170606_045500_3,all_channel,median,median__all_channel__E9,32,91,"[0, 4, 5, 6, 8, 9, 10, 11, 13, 14, 16, 17, 18, 19, 20, 21, 22, 23, 25, 26, 27, 28, 29, 30, 31, 32, 33, 34, 35, 36, 37, 39, 40, 41, 42, 43, 44, 46, 47, 48, 49, 50, 52, 53, 54, 57, 58, 59, 60, 61, 62, 63, 64, 65, 66, 67, 68, 69, 70, 71, 72, 73, 74, 75, 76, 77, 78, 79, 80, 81, 82, 83, 84, 85, 86, 87, 88, 89, 90]",79,False,4.5542241334960796e-05,-6.163450565350248e-06,1.7235230633437014e-05,20.0
E22,1220,1220,1188,32,48,0.9737704918032787,0.9611650485436893,0.96742671009772,raja,S4/S04_20170606_045500_3,all_channel,median,median__all_channel__E22,32,91,"[0, 4, 5, 6, 8, 9, 10, 11, 13, 14, 16, 17, 18, 19, 20, 21, 22, 23, 25, 26, 27, 28, 29, 30, 31, 32, 33, 34, 35, 36, 37, 39, 40, 41, 42, 43, 44, 46, 47, 48, 49, 50, 52, 53, 54, 57, 58, 59, 60, 61, 62, 63, 64, 65, 66, 67, 68, 69, 70, 71, 72, 73, 74, 75, 76, 77, 78, 79, 80, 81, 82, 83, 84, 85, 86, 87, 88, 89, 90]",79,False,4.508940584453149e-05,-5.548011389000637e-06,1.6879139077844045e-05,20.0
E3,1157,1157,1122,35,114,0.9697493517718236,0.9077669902912622,0.9377350605933974,raja,S4/S04_20170606_045500_3,all_channel,median,median__all_channel__E3,32,91,"[0, 4, 5, 6, 8, 9, 10, 11, 13, 14, 16, 17, 18, 19, 20, 21, 22, 23, 25, 26, 27, 28, 29, 30, 31, 32, 33, 34, 35, 36, 37, 39, 40, 41, 42, 43, 44, 46, 47, 48, 49, 50, 52, 53, 54, 57, 58, 59, 60, 61, 62, 63, 64, 65, 66, 67, 68, 69, 70, 71, 72, 73, 74, 75, 76, 77, 78, 79, 80, 81, 82, 83, 84, 85, 86, 87, 88, 89, 90]",79,False,3.37885059742643e-05,-3.156935202909145e-06,1.2315147059057816e-05,20.0
E23,907,907,872,35,364,0.9614112458654906,0.7055016181229773,0.8138124125058329,raja,S4/S04_20170606_045500_3,all_channel,median,median__all_channel__E23,32,91,"[0, 4, 5, 6, 8, 9, 10, 11, 13, 14, 16, 17, 18, 19, 20, 21, 22, 23, 25, 26, 27, 28, 29, 30, 31, 32, 33, 34, 35, 36, 37, 39, 40, 41, 42, 43, 44, 46, 47, 48, 49, 50, 52, 53, 54, 57, 58, 59, 60, 61, 62, 63, 64, 65, 66, 67, 68, 69, 70, 71, 72, 73, 74, 75, 76, 77, 78, 79, 80, 81, 82, 83, 84, 85, 86, 87, 88, 89, 90]",79,False,3.234078783195745e-05,-2.2959102897091934e-06,1.1545566040555548e-05,20.0
E26,799,799,730,69,506,0.9136420525657072,0.5906148867313916,0.7174447174447175,raja,S4/S04_20170606_045500_3,all_channel,median,median__all_channel__E26,32,91,"[0, 4, 5, 6, 8, 9, 10, 11, 13, 14, 16, 17, 18, 19, 20, 21, 22, 23, 25, 26, 27, 28, 29, 30, 31, 32, 33, 34, 35, 36, 37, 39, 40, 41, 42, 43, 44, 46, 47, 48, 49, 50, 52, 53, 54, 57, 58, 59, 60, 61, 62, 63, 64, 65, 66, 67, 68, 69, 70, 71, 72, 73, 74, 75, 76, 77, 78, 79, 80, 81, 82, 83, 84, 85, 86, 87, 88, 89, 90]",79,False,2.7803479384264257e-05,-1.7937609118300472e-06,9.865746765364768e-06,20.0
E122,176,176,132,44,1104,0.75,0.10679611650485436,0.18696883852691218,raja,S4/S04_20170606_045500_3,all_channel,median,median__all_channel__E122,32,91,"[0, 4, 5, 6, 8, 9, 10, 11, 13, 14, 16, 17, 18, 19, 20, 21, 22, 23, 25, 26, 27, 28, 29, 30, 31, 32, 33, 34, 35, 36, 37, 39, 40, 41, 42, 43, 44, 46, 47, 48, 49, 50, 52, 53, 54, 57, 58, 59, 60, 61, 62, 63, 64, 65, 66, 67, 68, 69, 70, 71, 72, 73, 74, 75, 76, 77, 78, 79, 80, 81, 82, 83, 84, 85, 86, 87, 88, 89, 90]",79,False,2.2205247692194952e-05,-3.5334915332650004e-07,7.519532281840484e-06,20.0
E67,169,169,43,126,1193,0.25443786982248523,0.03478964401294499,0.061209964412811395,raja,S4/S04_20170606_045500_3,all_channel,median,median__all_channel__E67,32,91,"[0, 4, 5, 6, 8, 9, 10, 11, 13, 14, 16, 17, 18, 19, 20, 21, 22, 23, 25, 26, 27, 28, 29, 30, 31, 32, 33, 34, 35, 36, 37, 39, 40, 41, 42, 43, 44, 46, 47, 48, 49, 50, 52, 53, 54, 57, 58, 59, 60, 61, 62, 63, 64, 65, 66, 67, 68, 69, 70, 71, 72, 73, 74, 75, 76, 77, 78, 79, 80, 81, 82, 83, 84, 85, 86, 87, 88, 89, 90]",79,False,3.6143409936080974e-05,4.3234454509811886e-07,1.1903688463660951e-05,20.0
E62,162,162,41,121,1195,0.25308641975308643,0.03317152103559871,0.0586552217453505,raja,S4/S04_20170606_045500_3,all_channel,median,median__all_channel__E62,32,91,"[0, 4, 5, 6, 8, 9, 10, 11, 13, 14, 16, 17, 18, 19, 20, 21, 22, 23, 25, 26, 27, 28, 29, 30, 31, 32, 33, 34, 35, 36, 37, 39, 40, 41, 42, 43, 44, 46, 47, 48, 49, 50, 52, 53, 54, 57, 58, 59, 60, 61, 62, 63, 64, 65, 66, 67, 68, 69, 70, 71, 72, 73, 74, 75, 76, 77, 78, 79, 80, 81, 82, 83, 84, 85, 86, 87, 88, 89, 90]",79,False,3.732739643247168e-05,3.0386030773918064e-07,1.2341178708244166e-05,20.0
E33,130,130,37,93,1199,0.2846153846153846,0.029935275080906147,0.054172767203513904,raja,S4/S04_20170606_045500_3,all_channel,median,median__all_channel__E33,32,91,"[0, 4, 5, 6, 8, 9, 10, 11, 13, 14, 16, 17, 18, 19, 20, 21, 22, 23, 25, 26, 27, 28, 29, 30, 31, 32, 33, 34, 35, 36, 37, 39, 40, 41, 42, 43, 44, 46, 47, 48, 49, 50, 52, 53, 54, 57, 58, 59, 60, 61, 62, 63, 64, 65, 66, 67, 68, 69, 70, 71, 72, 73, 74, 75, 76, 77, 78, 79, 80, 81, 82, 83, 84, 85, 86, 87, 88, 89, 90]",79,False,1.8721516078084743e-05,-9.229993039038541e-08,6.2712720028250426e-06,20.0
E11,37,37,34,3,1202,0.918918918918919,0.02750809061488673,0.05341712490180676,raja,S4/S04_20170606_045500_3,all_channel,median,median__all_channel__E11,32,91,"[0, 4, 5, 6, 8, 9, 10, 11, 13, 14, 16, 17, 18, 19, 20, 21, 22, 23, 25, 26, 27, 28, 29, 30, 31, 32, 33, 34, 35, 36, 37, 39, 40, 41, 42, 43, 44, 46, 47, 48, 49, 50, 52, 53, 54, 57, 58, 59, 60, 61, 62, 63, 64, 65, 66, 67, 68, 69, 70, 71, 72, 73, 74, 75, 76, 77, 78, 79, 80, 81, 82, 83, 84, 85, 86, 87, 88, 89, 90]",79,False,6.423049828837814e-05,-6.742124974405284e-07,2.1634903595272892e-05,20.0
E28,86,86,29,57,1207,0.3372093023255814,0.023462783171521034,0.04387291981845688,raja,S4/S04_20170606_045500_3,all_channel,median,median__all_channel__E28,32,91,"[0, 4, 5, 6, 8, 9, 10, 11, 13, 14, 16, 17, 18, 19, 20, 21, 22, 23, 25, 26, 27, 28, 29, 30, 31, 32, 33, 34, 35, 36, 37, 39, 40, 41, 42, 43, 44, 46, 47, 48, 49, 50, 52, 53, 54, 57, 58, 59, 60, 61, 62, 63, 64, 65, 66, 67, 68, 69, 70, 71, 72, 73, 74, 75, 76, 77, 78, 79, 80, 81, 82, 83, 84, 85, 86, 87, 88, 89, 90]",79,False,1.919326425736953e-05,-9.610121245653003e-08,6.429788489942021e-06,20.0
E75,130,130,26,104,1210,0.2,0.021035598705501618,0.03806734992679356,raja,S4/S04_20170606_045500_3,all_channel,median,median__all_channel__E75,32,91,"[0, 4, 5, 6, 8, 9, 10, 11, 13, 14, 16, 17, 18, 19, 20, 21, 22, 23, 25, 26, 27, 28, 29, 30, 31, 32, 33, 34, 35, 36, 37, 39, 40, 41, 42, 43, 44, 46, 47, 48, 49, 50, 52, 53, 54, 57, 58, 59, 60, 61, 62, 63, 64, 65, 66, 67, 68, 69, 70, 71, 72, 73, 74, 75, 76, 77, 78, 79, 80, 81, 82, 83, 84, 85, 86, 87, 88, 89, 90]",79,False,3.0262934038434043e-05,8.038317895735212e-07,9.819700749620174e-06,20.0
E24,34,34,18,16,1218,0.5294117647058824,0.014563106796116505,0.028346456692913385,raja,S4/S04_20170606_045500_3,all_channel,median,median__all_channel__E24,32,91,"[0, 4, 5, 6, 8, 9, 10, 11, 13, 14, 16, 17, 18, 19, 20, 21, 22, 23, 25, 26, 27, 28, 29, 30, 31, 32, 33, 34, 35, 36, 37, 39, 40, 41, 42, 43, 44, 46, 47, 48, 49, 50, 52, 53, 54, 57, 58, 59, 60, 61, 62, 63, 64, 65, 66, 67, 68, 69, 70, 71, 72, 73, 74, 75, 76, 77, 78, 79, 80, 81, 82, 83, 84, 85, 86, 87, 88, 89, 90]",79,False,3.947196337552229e-05,-2.454477017162298e-07,1.3239137025746174e-05,20.0
E84,87,87,18,69,1218,0.20689655172413793,0.014563106796116505,0.0272108843537415,raja,S4/S04_20170606_045500_3,all_channel,median,median__all_channel__E84,32,91,"[0, 4, 5, 6, 8, 9, 10, 11, 13, 14, 16, 17, 18, 19, 20, 21, 22, 23, 25, 26, 27, 28, 29, 30, 31, 32, 33, 34, 35, 36, 37, 39, 40, 41, 42, 43, 44, 46, 47, 48, 49, 50, 52, 53, 54, 57, 58, 59, 60, 61, 62, 63, 64, 65, 66, 67, 68, 69, 70, 71, 72, 73, 74, 75, 76, 77, 78, 79, 80, 81, 82, 83, 84, 85, 86, 87, 88, 89, 90]",79,False,2.6157734421958182e-05,6.359869015357064e-07,8.507249173474158e-06,20.0
E104,66,66,17,49,1219,0.25757575757575757,0.013754045307443365,0.026113671274961597,raja,S4/S04_20170606_045500_3,all_channel,median,median__all_channel__E104,32,91,"[0, 4, 5, 6, 8, 9, 10, 11, 13, 14, 16, 17, 18, 19, 20, 21, 22, 23, 25, 26, 27, 28, 29, 30, 31, 32, 33, 34, 35, 36, 37, 39, 40, 41, 42, 43, 44, 46, 47, 48, 49, 50, 52, 53, 54, 57, 58, 59, 60, 61, 62, 63, 64, 65, 66, 67, 68, 69, 70, 71, 72, 73, 74, 75, 76, 77, 78, 79, 80, 81, 82, 83, 84, 85, 86, 87, 88, 89, 90]",79,False,1.9230711774348276e-05,1.4335282904425725e-07,6.3624529817680065e-06,20.0
E40,74,74,17,57,1219,0.22972972972972974,0.013754045307443365,0.025954198473282442,raja,S4/S04_20170606_045500_3,all_channel,median,median__all_channel__E40,32,91,"[0, 4, 5, 6, 8, 9, 10, 11, 13, 14, 16, 17, 18, 19, 20, 21, 22, 23, 25, 26, 27, 28, 29, 30, 31, 32, 33, 34, 35, 36, 37, 39, 40, 41, 42, 43, 44, 46, 47, 48, 49, 50, 52, 53, 54, 57, 58, 59, 60, 61, 62, 63, 64, 65, 66, 67, 68, 69, 70, 71, 72, 73, 74, 75, 76, 77, 78, 79, 80, 81, 82, 83, 84, 85, 86, 87, 88, 89, 90]",79,False,1.9999991761207236e-05,2.671119201006757e-07,6.577626613702187e-06,20.0
E109,82,82,17,65,1219,0.2073170731707317,0.013754045307443365,0.025796661608497723,raja,S4/S04_20170606_045500_3,all_channel,median,median__all_channel__E109,32,91,"[0, 4, 5, 6, 8, 9, 10, 11, 13, 14, 16, 17, 18, 19, 20, 21, 22, 23, 25, 26, 27, 28, 29, 30, 31, 32, 33, 34, 35, 36, 37, 39, 40, 41, 42, 43, 44, 46, 47, 48, 49, 50, 52, 53, 54, 57, 58, 59, 60, 61, 62, 63, 64, 65, 66, 67, 68, 69, 70, 71, 72, 73, 74, 75, 76, 77, 78, 79, 80, 81, 82, 83, 84, 85, 86, 87, 88, 89, 90]",79,False,1.882125991195106e-05,1.7082421987002502e-07,6.216811897360345e-06,20.0
E60,100,100,17,83,1219,0.17,0.013754045307443365,0.025449101796407185,raja,S4/S04_20170606_045500_3,all_channel,median,median__all_channel__E60,32,91,"[0, 4, 5, 6, 8, 9, 10, 11, 13, 14, 16, 17, 18, 19, 20, 21, 22, 23, 25, 26, 27, 28, 29, 30, 31, 32, 33, 34, 35, 36, 37, 39, 40, 41, 42, 43, 44, 46, 47, 48, 49, 50, 52, 53, 54, 57, 58, 59, 60, 61, 62, 63, 64, 65, 66, 67, 68, 69, 70, 71, 72, 73, 74, 75, 76, 77, 78, 79, 80, 81, 82, 83, 84, 85, 86, 87, 88, 89, 90]",79,False,4.96808331712417e-05,2.2268934158481583e-07,1.6486047943218962e-05,20.0
E77,92,92,15,77,1221,0.16304347826086957,0.012135922330097087,0.022590361445783132,raja,S4/S04_20170606_045500_3,all_channel,median,median__all_channel__E77,32,91,"[0, 4, 5, 6, 8, 9, 10, 11, 13, 14, 16, 17, 18, 19, 20, 21, 22, 23, 25, 26, 27, 28, 29, 30, 31, 32, 33, 34, 35, 36, 37, 39, 40, 41, 42, 43, 44, 46, 47, 48, 49, 50, 52, 53, 54, 57, 58, 59, 60, 61, 62, 63, 64, 65, 66, 67, 68, 69, 70, 71, 72, 73, 74, 75, 76, 77, 78, 79, 80, 81, 82, 83, 84, 85, 86, 87, 88, 89, 90]",79,False,2.3798574690502223e-05,5.502081220495657e-07,7.749455522817552e-06,20.0
E37,37,37,14,23,1222,0.3783783783783784,0.011326860841423949,0.021995286724273373,raja,S4/S04_20170606_045500_3,all_channel,median,median__all_channel__E37,32,91,"[0, 4, 5, 6, 8, 9, 10, 11, 13, 14, 16, 17, 18, 19, 20, 21, 22, 23, 25, 26, 27, 28, 29, 30, 31, 32, 33, 34, 35, 36, 37, 39, 40, 41, 42, 43, 44, 46, 47, 48, 49, 50, 52, 53, 54, 57, 58, 59, 60, 61, 62, 63, 64, 65, 66, 67, 68, 69, 70, 71, 72, 73, 74, 75, 76, 77, 78, 79, 80, 81, 82, 83, 84, 85, 86, 87, 88, 89, 90]",79,False,3.758473207846654e-05,2.0972804377065793e-07,1.245833467823196e-05,20.0
E70,82,82,14,68,1222,0.17073170731707318,0.011326860841423949,0.021244309559939303,raja,S4/S04_20170606_045500_3,all_channel,median,median__all_channel__E70,32,91,"[0, 4, 5, 6, 8, 9, 10, 11, 13, 14, 16, 17, 18, 19, 20, 21, 22, 23, 25, 26, 27, 28, 29, 30, 31, 32, 33, 34, 35, 36, 37, 39, 40, 41, 42, 43, 44, 46, 47, 48, 49, 50, 52, 53, 54, 57, 58, 59, 60, 61, 62, 63, 64, 65, 66, 67, 68, 69, 70, 71, 72, 73, 74, 75, 76, 77, 78, 79, 80, 81, 82, 83, 84, 85, 86, 87, 88, 89, 90]",79,False,2.5847327531363242e-05,7.822736651229854e-07,8.355017955413419e-06,20.0
E85,79,79,12,67,1224,0.1518987341772152,0.009708737864077669,0.018250950570342202,raja,S4/S04_20170606_045500_3,all_channel,median,median__all_channel__E85,32,91,"[0, 4, 5, 6, 8, 9, 10, 11, 13, 14, 16, 17, 18, 19, 20, 21, 22, 23, 25, 26, 27, 28, 29, 30, 31, 32, 33, 34, 35, 36, 37, 39, 40, 41, 42, 43, 44, 46, 47, 48, 49, 50, 52, 53, 54, 57, 58, 59, 60, 61, 62, 63, 64, 65, 66, 67, 68, 69, 70, 71, 72, 73, 74, 75, 76, 77, 78, 79, 80, 81, 82, 83, 84, 85, 86, 87, 88, 89, 90]",79,False,2.2144402853440395e-05,6.12815170782674e-07,7.1771958942192395e-06,20.0
E59,43,43,11,32,1225,0.2558139534883721,0.00889967637540453,0.01720093823299453,raja,S4/S04_20170606_045500_3,all_channel,median,median__all_channel__E59,32,91,"[0, 4, 5, 6, 8, 9, 10, 11, 13, 14, 16, 17, 18, 19, 20, 21, 22, 23, 25, 26, 27, 28, 29, 30, 31, 32, 33, 34, 35, 36, 37, 39, 40, 41, 42, 43, 44, 46, 47, 48, 49, 50, 52, 53, 54, 57, 58, 59, 60, 61, 62, 63, 64, 65, 66, 67, 68, 69, 70, 71, 72, 73, 74, 75, 76, 77, 78, 79, 80, 81, 82, 83, 84, 85, 86, 87, 88, 89, 90]",79,False,3.200352617519062e-05,4.179046014770028e-07,1.0528540524571206e-05,20.0
E91,98,98,11,87,1225,0.11224489795918367,0.00889967637540453,0.01649175412293853,raja,S4/S04_20170606_045500_3,all_channel,median,median__all_channel__E91,32,91,"[0, 4, 5, 6, 8, 9, 10, 11, 13, 14, 16, 17, 18, 19, 20, 21, 22, 23, 25, 26, 27, 28, 29, 30, 31, 32, 33, 34, 35, 36, 37, 39, 40, 41, 42, 43, 44, 46, 47, 48, 49, 50, 52, 53, 54, 57, 58, 59, 60, 61, 62, 63, 64, 65, 66, 67, 68, 69, 70, 71, 72, 73, 74, 75, 76, 77, 78, 79, 80, 81, 82, 83, 84, 85, 86, 87, 88, 89, 90]",79,False,2.2928139603022215e-05,6.81408455138292e-07,7.415577049294641e-06,20.0
E124,26,26,9,17,1227,0.34615384615384615,0.007281553398058253,0.014263074484944533,raja,S4/S04_20170606_045500_3,all_channel,median,median__all_channel__E124,32,91,"[0, 4, 5, 6, 8, 9, 10, 11, 13, 14, 16, 17, 18, 19, 20, 21, 22, 23, 25, 26, 27, 28, 29, 30, 31, 32, 33, 34, 35, 36, 37, 39, 40, 41, 42, 43, 44, 46, 47, 48, 49, 50, 52, 53, 54, 57, 58, 59, 60, 61, 62, 63, 64, 65, 66, 67, 68, 69, 70, 71, 72, 73, 74, 75, 76, 77, 78, 79, 80, 81, 82, 83, 84, 85, 86, 87, 88, 89, 90]",79,False,0.000232909489617785,2.791795358157303e-07,7.754343669398975e-05,20.0
E112,30,30,9,21,1227,0.3,0.007281553398058253,0.014218009478672987,raja,S4/S04_20170606_045500_3,all_channel,median,median__all_channel__E112,32,91,"[0, 4, 5, 6, 8, 9, 10, 11, 13, 14, 16, 17, 18, 19, 20, 21, 22, 23, 25, 26, 27, 28, 29, 30, 31, 32, 33, 34, 35, 36, 37, 39, 40, 41, 42, 43, 44, 46, 47, 48, 49, 50, 52, 53, 54, 57, 58, 59, 60, 61, 62, 63, 64, 65, 66, 67, 68, 69, 70, 71, 72, 73, 74, 75, 76, 77, 78, 79, 80, 81, 82, 83, 84, 85, 86, 87, 88, 89, 90]",79,False,0.00011056429043836602,3.217848592251268e-07,3.674750185971363e-05,20.0
E83,68,68,8,60,1228,0.11764705882352941,0.006472491909385114,0.012269938650306749,raja,S4/S04_20170606_045500_3,all_channel,median,median__all_channel__E83,32,91,"[0, 4, 5, 6, 8, 9, 10, 11, 13, 14, 16, 17, 18, 19, 20, 21, 22, 23, 25, 26, 27, 28, 29, 30, 31, 32, 33, 34, 35, 36, 37, 39, 40, 41, 42, 43, 44, 46, 47, 48, 49, 50, 52, 53, 54, 57, 58, 59, 60, 61, 62, 63, 64, 65, 66, 67, 68, 69, 70, 71, 72, 73, 74, 75, 76, 77, 78, 79, 80, 81, 82, 83, 84, 85, 86, 87, 88, 89, 90]",79,False,2.9834260161372066e-05,8.523661496772272e-07,9.660631337231613e-06,20.0
E47,62,62,7,55,1229,0.11290322580645161,0.0056634304207119745,0.01078582434514638,raja,S4/S04_20170606_045500_3,all_channel,median,median__all_channel__E47,32,91,"[0, 4, 5, 6, 8, 9, 10, 11, 13, 14, 16, 17, 18, 19, 20, 21, 22, 23, 25, 26, 27, 28, 29, 30, 31, 32, 33, 34, 35, 36, 37, 39, 40, 41, 42, 43, 44, 46, 47, 48, 49, 50, 52, 53, 54, 57, 58, 59, 60, 61, 62, 63, 64, 65, 66, 67, 68, 69, 70, 71, 72, 73, 74, 75, 76, 77, 78, 79, 80, 81, 82, 83, 84, 85, 86, 87, 88, 89, 90]",79,False,8.914777218986928e-05,-1.678963957162696e-06,3.0275578715677326e-05,20.0
E13,8,8,5,3,1231,0.625,0.0040453074433656954,0.008038585209003215,raja,S4/S04_20170606_045500_3,all_channel,median,median__all_channel__E13,32,91,"[0, 4, 5, 6, 8, 9, 10, 11, 13, 14, 16, 17, 18, 19, 20, 21, 22, 23, 25, 26, 27, 28, 29, 30, 31, 32, 33, 34, 35, 36, 37, 39, 40, 41, 42, 43, 44, 46, 47, 48, 49, 50, 52, 53, 54, 57, 58, 59, 60, 61, 62, 63, 64, 65, 66, 67, 68, 69, 70, 71, 72, 73, 74, 75, 76, 77, 78, 79, 80, 81, 82, 83, 84, 85, 86, 87, 88, 89, 90]",79,False,7.501367962562994e-05,1.5902636260157016e-07,2.4951551087676126e-05,20.0
E87,17,17,5,12,1231,0.29411764705882354,0.0040453074433656954,0.007980845969672785,raja,S4/S04_20170606_045500_3,all_channel,median,median__all_channel__E87,32,91,"[0, 4, 5, 6, 8, 9, 10, 11, 13, 14, 16, 17, 18, 19, 20, 21, 22, 23, 25, 26, 27, 28, 29, 30, 31, 32, 33, 34, 35, 36, 37, 39, 40, 41, 42, 43, 44, 46, 47, 48, 49, 50, 52, 53, 54, 57, 58, 59, 60, 61, 62, 63, 64, 65, 66, 67, 68, 69, 70, 71, 72, 73, 74, 75, 76, 77, 78, 79, 80, 81, 82, 83, 84, 85, 86, 87, 88, 89, 90]",79,False,5.619913423119189e-05,9.795546754426452e-08,1.8700392921215875e-05,20.0
E117,12,12,3,9,1233,0.25,0.0024271844660194173,0.004807692307692307,raja,S4/S04_20170606_045500_3,all_channel,median,median__all_channel__E117,32,91,"[0, 4, 5, 6, 8, 9, 10, 11, 13, 14, 16, 17, 18, 19, 20, 21, 22, 23, 25, 26, 27, 28, 29, 30, 31, 32, 33, 34, 35, 36, 37, 39, 40, 41, 42, 43, 44, 46, 47, 48, 49, 50, 52, 53, 54, 57, 58, 59, 60, 61, 62, 63, 64, 65, 66, 67, 68, 69, 70, 71, 72, 73, 74, 75, 76, 77, 78, 79, 80, 81, 82, 83, 84, 85, 86, 87, 88, 89, 90]",79,False,0.0005405896145727058,1.2611762823106708e-06,0.00017977614609679838,20.0
E98,12,12,2,10,1234,0.16666666666666666,0.0016181229773462784,0.003205128205128205,raja,S4/S04_20170606_045500_3,all_channel,median,median__all_channel__E98,32,91,"[0, 4, 5, 6, 8, 9, 10, 11, 13, 14, 16, 17, 18, 19, 20, 21, 22, 23, 25, 26, 27, 28, 29, 30, 31, 32, 33, 34, 35, 36, 37, 39, 40, 41, 42, 43, 44, 46, 47, 48, 49, 50, 52, 53, 54, 57, 58, 59, 60, 61, 62, 63, 64, 65, 66, 67, 68, 69, 70, 71, 72, 73, 74, 75, 76, 77, 78, 79, 80, 81, 82, 83, 84, 85, 86, 87, 88, 89, 90]",79,False,8.990166072157465e-05,3.744548416320747e-07,2.984240195998086e-05,20.0
E9,1234,1234,1204,30,32,0.9756888168557536,0.9741100323624595,0.9748987854251012,raja,S4/S04_20170606_045500_3,all_channel,mean,mean__all_channel__E9,32,91,"[0, 4, 5, 6, 8, 9, 10, 11, 13, 14, 16, 17, 18, 19, 20, 21, 22, 23, 25, 26, 27, 28, 29, 30, 31, 32, 33, 34, 35, 36, 37, 39, 40, 41, 42, 43, 44, 46, 47, 48, 49, 50, 52, 53, 54, 57, 58, 59, 60, 61, 62, 63, 64, 65, 66, 67, 68, 69, 70, 71, 72, 73, 74, 75, 76, 77, 78, 79, 80, 81, 82, 83, 84, 85, 86, 87, 88, 89, 90]",79,False,5.174032041378265e-05,3.462851347160367e-08,1.7235230633437014e-05,20.0
E22,1203,1203,1169,34,67,0.971737323358271,0.9457928802588996,0.9585895858958589,raja,S4/S04_20170606_045500_3,all_channel,mean,mean__all_channel__E22,32,91,"[0, 4, 5, 6, 8, 9, 10, 11, 13, 14, 16, 17, 18, 19, 20, 21, 22, 23, 25, 26, 27, 28, 29, 30, 31, 32, 33, 34, 35, 36, 37, 39, 40, 41, 42, 43, 44, 46, 47, 48, 49, 50, 52, 53, 54, 57, 58, 59, 60, 61, 62, 63, 64, 65, 66, 67, 68, 69, 70, 71, 72, 73, 74, 75, 76, 77, 78, 79, 80, 81, 82, 83, 84, 85, 86, 87, 88, 89, 90]",79,False,5.06329405343738e-05,-4.476699158330079e-09,1.6879139077844045e-05,20.0
E3,1110,1110,1075,35,161,0.9684684684684685,0.8697411003236246,0.916453537936914,raja,S4/S04_20170606_045500_3,all_channel,mean,mean__all_channel__E3,32,91,"[0, 4, 5, 6, 8, 9, 10, 11, 13, 14, 16, 17, 18, 19, 20, 21, 22, 23, 25, 26, 27, 28, 29, 30, 31, 32, 33, 34, 35, 36, 37, 39, 40, 41, 42, 43, 44, 46, 47, 48, 49, 50, 52, 53, 54, 57, 58, 59, 60, 61, 62, 63, 64, 65, 66, 67, 68, 69, 70, 71, 72, 73, 74, 75, 76, 77, 78, 79, 80, 81, 82, 83, 84, 85, 86, 87, 88, 89, 90]",79,False,3.693738568563888e-05,-8.055491534566804e-09,1.2315147059057816e-05,20.0
E23,808,808,773,35,463,0.9566831683168316,0.6254045307443366,0.7563600782778865,raja,S4/S04_20170606_045500_3,all_channel,mean,mean__all_channel__E23,32,91,"[0, 4, 5, 6, 8, 9, 10, 11, 13, 14, 16, 17, 18, 19, 20, 21, 22, 23, 25, 26, 27, 28, 29, 30, 31, 32, 33, 34, 35, 36, 37, 39, 40, 41, 42, 43, 44, 46, 47, 48, 49, 50, 52, 53, 54, 57, 58, 59, 60, 61, 62, 63, 64, 65, 66, 67, 68, 69, 70, 71, 72, 73, 74, 75, 76, 77, 78, 79, 80, 81, 82, 83, 84, 85, 86, 87, 88, 89, 90]",79,False,3.463469648113197e-05,-2.00164053467655e-09,1.1545566040555548e-05,20.0
E26,710,710,655,55,581,0.9225352112676056,0.5299352750809061,0.6731757451181912,raja,S4/S04_20170606_045500_3,all_channel,mean,mean__all_channel__E26,32,91,"[0, 4, 5, 6, 8, 9, 10, 11, 13, 14, 16, 17, 18, 19, 20, 21, 22, 23, 25, 26, 27, 28, 29, 30, 31, 32, 33, 34, 35, 36, 37, 39, 40, 41, 42, 43, 44, 46, 47, 48, 49, 50, 52, 53, 54, 57, 58, 59, 60, 61, 62, 63, 64, 65, 66, 67, 68, 69, 70, 71, 72, 73, 74, 75, 76, 77, 78, 79, 80, 81, 82, 83, 84, 85, 86, 87, 88, 89, 90]",79,False,2.9595982007913622e-05,-1.2582881806822319e-09,9.865746765364768e-06,20.0
E122,170,170,127,43,1109,0.7470588235294118,0.10275080906148867,0.1806543385490754,raja,S4/S04_20170606_045500_3,all_channel,mean,mean__all_channel__E122,32,91,"[0, 4, 5, 6, 8, 9, 10, 11, 13, 14, 16, 17, 18, 19, 20, 21, 22, 23, 25, 26, 27, 28, 29, 30, 31, 32, 33, 34, 35, 36, 37, 39, 40, 41, 42, 43, 44, 46, 47, 48, 49, 50, 52, 53, 54, 57, 58, 59, 60, 61, 62, 63, 64, 65, 66, 67, 68, 69, 70, 71, 72, 73, 74, 75, 76, 77, 78, 79, 80, 81, 82, 83, 84, 85, 86, 87, 88, 89, 90]",79,False,2.2549814391764722e-05,-8.782453756728476e-09,7.519532281840484e-06,20.0
E67,174,174,43,131,1193,0.2471264367816092,0.03478964401294499,0.060992907801418444,raja,S4/S04_20170606_045500_3,all_channel,mean,mean__all_channel__E67,32,91,"[0, 4, 5, 6, 8, 9, 10, 11, 13, 14, 16, 17, 18, 19, 20, 21, 22, 23, 25, 26, 27, 28, 29, 30, 31, 32, 33, 34, 35, 36, 37, 39, 40, 41, 42, 43, 44, 46, 47, 48, 49, 50, 52, 53, 54, 57, 58, 59, 60, 61, 62, 63, 64, 65, 66, 67, 68, 69, 70, 71, 72, 73, 74, 75, 76, 77, 78, 79, 80, 81, 82, 83, 84, 85, 86, 87, 88, 89, 90]",79,False,3.567229648981148e-05,-3.876890117137523e-08,1.1903688463660951e-05,20.0
E62,165,165,41,124,1195,0.24848484848484848,0.03317152103559871,0.058529621698786574,raja,S4/S04_20170606_045500_3,all_channel,mean,mean__all_channel__E62,32,91,"[0, 4, 5, 6, 8, 9, 10, 11, 13, 14, 16, 17, 18, 19, 20, 21, 22, 23, 25, 26, 27, 28, 29, 30, 31, 32, 33, 34, 35, 36, 37, 39, 40, 41, 42, 43, 44, 46, 47, 48, 49, 50, 52, 53, 54, 57, 58, 59, 60, 61, 62, 63, 64, 65, 66, 67, 68, 69, 70, 71, 72, 73, 74, 75, 76, 77, 78, 79, 80, 81, 82, 83, 84, 85, 86, 87, 88, 89, 90]",79,False,3.7093238321008766e-05,6.97021962762673e-08,1.2341178708244166e-05,20.0
E33,130,130,37,93,1199,0.2846153846153846,0.029935275080906147,0.054172767203513904,raja,S4/S04_20170606_045500_3,all_channel,mean,mean__all_channel__E33,32,91,"[0, 4, 5, 6, 8, 9, 10, 11, 13, 14, 16, 17, 18, 19, 20, 21, 22, 23, 25, 26, 27, 28, 29, 30, 31, 32, 33, 34, 35, 36, 37, 39, 40, 41, 42, 43, 44, 46, 47, 48, 49, 50, 52, 53, 54, 57, 58, 59, 60, 61, 62, 63, 64, 65, 66, 67, 68, 69, 70, 71, 72, 73, 74, 75, 76, 77, 78, 79, 80, 81, 82, 83, 84, 85, 86, 87, 88, 89, 90]",79,False,1.8799429979487014e-05,-1.4386028988114166e-08,6.2712720028250426e-06,20.0
E11,33,33,30,3,1206,0.9090909090909091,0.024271844660194174,0.04728132387706856,raja,S4/S04_20170606_045500_3,all_channel,mean,mean__all_channel__E11,32,91,"[0, 4, 5, 6, 8, 9, 10, 11, 13, 14, 16, 17, 18, 19, 20, 21, 22, 23, 25, 26, 27, 28, 29, 30, 31, 32, 33, 34, 35, 36, 37, 39, 40, 41, 42, 43, 44, 46, 47, 48, 49, 50, 52, 53, 54, 57, 58, 59, 60, 61, 62, 63, 64, 65, 66, 67, 68, 69, 70, 71, 72, 73, 74, 75, 76, 77, 78, 79, 80, 81, 82, 83, 84, 85, 86, 87, 88, 89, 90]",79,False,6.4871071454829e-05,-3.363933098966934e-08,2.1634903595272892e-05,20.0
E28,86,86,29,57,1207,0.3372093023255814,0.023462783171521034,0.04387291981845688,raja,S4/S04_20170606_045500_3,all_channel,mean,mean__all_channel__E28,32,91,"[0, 4, 5, 6, 8, 9, 10, 11, 13, 14, 16, 17, 18, 19, 20, 21, 22, 23, 25, 26, 27, 28, 29, 30, 31, 32, 33, 34, 35, 36, 37, 39, 40, 41, 42, 43, 44, 46, 47, 48, 49, 50, 52, 53, 54, 57, 58, 59, 60, 61, 62, 63, 64, 65, 66, 67, 68, 69, 70, 71, 72, 73, 74, 75, 76, 77, 78, 79, 80, 81, 82, 83, 84, 85, 86, 87, 88, 89, 90]",79,False,1.928805055302521e-05,-1.3149168008497009e-09,6.429788489942021e-06,20.0
E75,137,137,26,111,1210,0.1897810218978102,0.021035598705501618,0.037873270211216316,raja,S4/S04_20170606_045500_3,all_channel,mean,mean__all_channel__E75,32,91,"[0, 4, 5, 6, 8, 9, 10, 11, 13, 14, 16, 17, 18, 19, 20, 21, 22, 23, 25, 26, 27, 28, 29, 30, 31, 32, 33, 34, 35, 36, 37, 39, 40, 41, 42, 43, 44, 46, 47, 48, 49, 50, 52, 53, 54, 57, 58, 59, 60, 61, 62, 63, 64, 65, 66, 67, 68, 69, 70, 71, 72, 73, 74, 75, 76, 77, 78, 79, 80, 81, 82, 83, 84, 85, 86, 87, 88, 89, 90]",79,False,2.9576079398802985e-05,1.1697714994246324e-07,9.819700749620174e-06,20.0
E40,80,80,18,62,1218,0.225,0.014563106796116505,0.02735562310030395,raja,S4/S04_20170606_045500_3,all_channel,mean,mean__all_channel__E40,32,91,"[0, 4, 5, 6, 8, 9, 10, 11, 13, 14, 16, 17, 18, 19, 20, 21, 22, 23, 25, 26, 27, 28, 29, 30, 31, 32, 33, 34, 35, 36, 37, 39, 40, 41, 42, 43, 44, 46, 47, 48, 49, 50, 52, 53, 54, 57, 58, 59, 60, 61, 62, 63, 64, 65, 66, 67, 68, 69, 70, 71, 72, 73, 74, 75, 76, 77, 78, 79, 80, 81, 82, 83, 84, 85, 86, 87, 88, 89, 90]",79,False,1.972424343562167e-05,-8.636405484890251e-09,6.577626613702187e-06,20.0
E109,86,86,18,68,1218,0.20930232558139536,0.014563106796116505,0.027231467473524965,raja,S4/S04_20170606_045500_3,all_channel,mean,mean__all_channel__E109,32,91,"[0, 4, 5, 6, 8, 9, 10, 11, 13, 14, 16, 17, 18, 19, 20, 21, 22, 23, 25, 26, 27, 28, 29, 30, 31, 32, 33, 34, 35, 36, 37, 39, 40, 41, 42, 43, 44, 46, 47, 48, 49, 50, 52, 53, 54, 57, 58, 59, 60, 61, 62, 63, 64, 65, 66, 67, 68, 69, 70, 71, 72, 73, 74, 75, 76, 77, 78, 79, 80, 81, 82, 83, 84, 85, 86, 87, 88, 89, 90]",79,False,1.8635170041016668e-05,-1.52656510643664e-08,6.216811897360345e-06,20.0
E84,91,91,18,73,1218,0.1978021978021978,0.014563106796116505,0.02712886209495102,raja,S4/S04_20170606_045500_3,all_channel,mean,mean__all_channel__E84,32,91,"[0, 4, 5, 6, 8, 9, 10, 11, 13, 14, 16, 17, 18, 19, 20, 21, 22, 23, 25, 26, 27, 28, 29, 30, 31, 32, 33, 34, 35, 36, 37, 39, 40, 41, 42, 43, 44, 46, 47, 48, 49, 50, 52, 53, 54, 57, 58, 59, 60, 61, 62, 63, 64, 65, 66, 67, 68, 69, 70, 71, 72, 73, 74, 75, 76, 77, 78, 79, 80, 81, 82, 83, 84, 85, 86, 87, 88, 89, 90]",79,False,2.551928622967507e-05,-2.4612907474068112e-09,8.507249173474158e-06,20.0
E60,101,101,18,83,1218,0.1782178217821782,0.014563106796116505,0.02692595362752431,raja,S4/S04_20170606_045500_3,all_channel,mean,mean__all_channel__E60,32,91,"[0, 4, 5, 6, 8, 9, 10, 11, 13, 14, 16, 17, 18, 19, 20, 21, 22, 23, 25, 26, 27, 28, 29, 30, 31, 32, 33, 34, 35, 36, 37, 39, 40, 41, 42, 43, 44, 46, 47, 48, 49, 50, 52, 53, 54, 57, 58, 59, 60, 61, 62, 63, 64, 65, 66, 67, 68, 69, 70, 71, 72, 73, 74, 75, 76, 77, 78, 79, 80, 81, 82, 83, 84, 85, 86, 87, 88, 89, 90]",79,False,4.9413353540065824e-05,-4.4790289591057277e-08,1.6486047943218962e-05,20.0
E24,33,33,17,16,1219,0.5151515151515151,0.013754045307443365,0.026792750197005513,raja,S4/S04_20170606_045500_3,all_channel,mean,mean__all_channel__E24,32,91,"[0, 4, 5, 6, 8, 9, 10, 11, 13, 14, 16, 17, 18, 19, 20, 21, 22, 23, 25, 26, 27, 28, 29, 30, 31, 32, 33, 34, 35, 36, 37, 39, 40, 41, 42, 43, 44, 46, 47, 48, 49, 50, 52, 53, 54, 57, 58, 59, 60, 61, 62, 63, 64, 65, 66, 67, 68, 69, 70, 71, 72, 73, 74, 75, 76, 77, 78, 79, 80, 81, 82, 83, 84, 85, 86, 87, 88, 89, 90]",79,False,3.97197798711524e-05,2.3687939138801164e-09,1.3239137025746174e-05,20.0
E104,69,69,17,52,1219,0.2463768115942029,0.013754045307443365,0.026053639846743294,raja,S4/S04_20170606_045500_3,all_channel,mean,mean__all_channel__E104,32,91,"[0, 4, 5, 6, 8, 9, 10, 11, 13, 14, 16, 17, 18, 19, 20, 21, 22, 23, 25, 26, 27, 28, 29, 30, 31, 32, 33, 34, 35, 36, 37, 39, 40, 41, 42, 43, 44, 46, 47, 48, 49, 50, 52, 53, 54, 57, 58, 59, 60, 61, 62, 63, 64, 65, 66, 67, 68, 69, 70, 71, 72, 73, 74, 75, 76, 77, 78, 79, 80, 81, 82, 83, 84, 85, 86, 87, 88, 89, 90]",79,False,1.9074613857693166e-05,-1.2745087610853658e-08,6.3624529817680065e-06,20.0
E77,99,99,15,84,1221,0.15151515151515152,0.012135922330097087,0.02247191011235955,raja,S4/S04_20170606_045500_3,all_channel,mean,mean__all_channel__E77,32,91,"[0, 4, 5, 6, 8, 9, 10, 11, 13, 14, 16, 17, 18, 19, 20, 21, 22, 23, 25, 26, 27, 28, 29, 30, 31, 32, 33, 34, 35, 36, 37, 39, 40, 41, 42, 43, 44, 46, 47, 48, 49, 50, 52, 53, 54, 57, 58, 59, 60, 61, 62, 63, 64, 65, 66, 67, 68, 69, 70, 71, 72, 73, 74, 75, 76, 77, 78, 79, 80, 81, 82, 83, 84, 85, 86, 87, 88, 89, 90]",79,False,2.3275147730901693e-05,2.678116244903668e-08,7.749455522817552e-06,20.0
E37,37,37,14,23,1222,0.3783783783783784,0.011326860841423949,0.021995286724273373,raja,S4/S04_20170606_045500_3,all_channel,mean,mean__all_channel__E37,32,91,"[0, 4, 5, 6, 8, 9, 10, 11, 13, 14, 16, 17, 18, 19, 20, 21, 22, 23, 25, 26, 27, 28, 29, 30, 31, 32, 33, 34, 35, 36, 37, 39, 40, 41, 42, 43, 44, 46, 47, 48, 49, 50, 52, 53, 54, 57, 58, 59, 60, 61, 62, 63, 64, 65, 66, 67, 68, 69, 70, 71, 72, 73, 74, 75, 76, 77, 78, 79, 80, 81, 82, 83, 84, 85, 86, 87, 88, 89, 90]",79,False,3.740629198755122e-05,3.1287952855343465e-08,1.245833467823196e-05,20.0
E70,94,94,14,80,1222,0.14893617021276595,0.011326860841423949,0.021052631578947368,raja,S4/S04_20170606_045500_3,all_channel,mean,mean__all_channel__E70,32,91,"[0, 4, 5, 6, 8, 9, 10, 11, 13, 14, 16, 17, 18, 19, 20, 21, 22, 23, 25, 26, 27, 28, 29, 30, 31, 32, 33, 34, 35, 36, 37, 39, 40, 41, 42, 43, 44, 46, 47, 48, 49, 50, 52, 53, 54, 57, 58, 59, 60, 61, 62, 63, 64, 65, 66, 67, 68, 69, 70, 71, 72, 73, 74, 75, 76, 77, 78, 79, 80, 81, 82, 83, 84, 85, 86, 87, 88, 89, 90]",79,False,2.5077482720975006e-05,1.2428854734749831e-08,8.355017955413419e-06,20.0
E85,92,92,13,79,1223,0.14130434782608695,0.010517799352750809,0.019578313253012052,raja,S4/S04_20170606_045500_3,all_channel,mean,mean__all_channel__E85,32,91,"[0, 4, 5, 6, 8, 9, 10, 11, 13, 14, 16, 17, 18, 19, 20, 21, 22, 23, 25, 26, 27, 28, 29, 30, 31, 32, 33, 34, 35, 36, 37, 39, 40, 41, 42, 43, 44, 46, 47, 48, 49, 50, 52, 53, 54, 57, 58, 59, 60, 61, 62, 63, 64, 65, 66, 67, 68, 69, 70, 71, 72, 73, 74, 75, 76, 77, 78, 79, 80, 81, 82, 83, 84, 85, 86, 87, 88, 89, 90]",79,False,2.15251964018837e-05,-6.3912807740182025e-09,7.1771958942192395e-06,20.0
E59,44,44,11,33,1225,0.25,0.00889967637540453,0.0171875,raja,S4/S04_20170606_045500_3,all_channel,mean,mean__all_channel__E59,32,91,"[0, 4, 5, 6, 8, 9, 10, 11, 13, 14, 16, 17, 18, 19, 20, 21, 22, 23, 25, 26, 27, 28, 29, 30, 31, 32, 33, 34, 35, 36, 37, 39, 40, 41, 42, 43, 44, 46, 47, 48, 49, 50, 52, 53, 54, 57, 58, 59, 60, 61, 62, 63, 64, 65, 66, 67, 68, 69, 70, 71, 72, 73, 74, 75, 76, 77, 78, 79, 80, 81, 82, 83, 84, 85, 86, 87, 88, 89, 90]",79,False,3.157087966375975e-05,-1.474190995386372e-08,1.0528540524571206e-05,20.0
E91,100,100,11,89,1225,0.11,0.00889967637540453,0.016467065868263474,raja,S4/S04_20170606_045500_3,all_channel,mean,mean__all_channel__E91,32,91,"[0, 4, 5, 6, 8, 9, 10, 11, 13, 14, 16, 17, 18, 19, 20, 21, 22, 23, 25, 26, 27, 28, 29, 30, 31, 32, 33, 34, 35, 36, 37, 39, 40, 41, 42, 43, 44, 46, 47, 48, 49, 50, 52, 53, 54, 57, 58, 59, 60, 61, 62, 63, 64, 65, 66, 67, 68, 69, 70, 71, 72, 73, 74, 75, 76, 77, 78, 79, 80, 81, 82, 83, 84, 85, 86, 87, 88, 89, 90]",79,False,2.224079213355558e-05,-5.939014328341165e-09,7.415577049294641e-06,20.0
E124,26,26,9,17,1227,0.34615384615384615,0.007281553398058253,0.014263074484944533,raja,S4/S04_20170606_045500_3,all_channel,mean,mean__all_channel__E124,32,91,"[0, 4, 5, 6, 8, 9, 10, 11, 13, 14, 16, 17, 18, 19, 20, 21, 22, 23, 25, 26, 27, 28, 29, 30, 31, 32, 33, 34, 35, 36, 37, 39, 40, 41, 42, 43, 44, 46, 47, 48, 49, 50, 52, 53, 54, 57, 58, 59, 60, 61, 62, 63, 64, 65, 66, 67, 68, 69, 70, 71, 72, 73, 74, 75, 76, 77, 78, 79, 80, 81, 82, 83, 84, 85, 86, 87, 88, 89, 90]",79,False,0.00023257904891117194,-5.126117079731388e-08,7.754343669398975e-05,20.0
E112,31,31,9,22,1227,0.2903225806451613,0.007281553398058253,0.014206787687450673,raja,S4/S04_20170606_045500_3,all_channel,mean,mean__all_channel__E112,32,91,"[0, 4, 5, 6, 8, 9, 10, 11, 13, 14, 16, 17, 18, 19, 20, 21, 22, 23, 25, 26, 27, 28, 29, 30, 31, 32, 33, 34, 35, 36, 37, 39, 40, 41, 42, 43, 44, 46, 47, 48, 49, 50, 52, 53, 54, 57, 58, 59, 60, 61, 62, 63, 64, 65, 66, 67, 68, 69, 70, 71, 72, 73, 74, 75, 76, 77, 78, 79, 80, 81, 82, 83, 84, 85, 86, 87, 88, 89, 90]",79,False,0.00011030168444499643,5.9178865855540033e-08,3.674750185971363e-05,20.0
E83,75,75,9,66,1227,0.12,0.007281553398058253,0.013729977116704806,raja,S4/S04_20170606_045500_3,all_channel,mean,mean__all_channel__E83,32,91,"[0, 4, 5, 6, 8, 9, 10, 11, 13, 14, 16, 17, 18, 19, 20, 21, 22, 23, 25, 26, 27, 28, 29, 30, 31, 32, 33, 34, 35, 36, 37, 39, 40, 41, 42, 43, 44, 46, 47, 48, 49, 50, 52, 53, 54, 57, 58, 59, 60, 61, 62, 63, 64, 65, 66, 67, 68, 69, 70, 71, 72, 73, 74, 75, 76, 77, 78, 79, 80, 81, 82, 83, 84, 85, 86, 87, 88, 89, 90]",79,False,2.8972730418972345e-05,-9.163592722494442e-09,9.660631337231613e-06,20.0
E47,54,54,6,48,1230,0.1111111111111111,0.0048543689320388345,0.009302325581395349,raja,S4/S04_20170606_045500_3,all_channel,mean,mean__all_channel__E47,32,91,"[0, 4, 5, 6, 8, 9, 10, 11, 13, 14, 16, 17, 18, 19, 20, 21, 22, 23, 25, 26, 27, 28, 29, 30, 31, 32, 33, 34, 35, 36, 37, 39, 40, 41, 42, 43, 44, 46, 47, 48, 49, 50, 52, 53, 54, 57, 58, 59, 60, 61, 62, 63, 64, 65, 66, 67, 68, 69, 70, 71, 72, 73, 74, 75, 76, 77, 78, 79, 80, 81, 82, 83, 84, 85, 86, 87, 88, 89, 90]",79,False,9.087308146155568e-05,4.634531452369994e-08,3.0275578715677326e-05,20.0
E13,8,8,5,3,1231,0.625,0.0040453074433656954,0.008038585209003215,raja,S4/S04_20170606_045500_3,all_channel,mean,mean__all_channel__E13,32,91,"[0, 4, 5, 6, 8, 9, 10, 11, 13, 14, 16, 17, 18, 19, 20, 21, 22, 23, 25, 26, 27, 28, 29, 30, 31, 32, 33, 34, 35, 36, 37, 39, 40, 41, 42, 43, 44, 46, 47, 48, 49, 50, 52, 53, 54, 57, 58, 59, 60, 61, 62, 63, 64, 65, 66, 67, 68, 69, 70, 71, 72, 73, 74, 75, 76, 77, 78, 79, 80, 81, 82, 83, 84, 85, 86, 87, 88, 89, 90]",79,False,7.485741637793661e-05,2.763114908240681e-09,2.4951551087676126e-05,20.0
E87,17,17,5,12,1231,0.29411764705882354,0.0040453074433656954,0.007980845969672785,raja,S4/S04_20170606_045500_3,all_channel,mean,mean__all_channel__E87,32,91,"[0, 4, 5, 6, 8, 9, 10, 11, 13, 14, 16, 17, 18, 19, 20, 21, 22, 23, 25, 26, 27, 28, 29, 30, 31, 32, 33, 34, 35, 36, 37, 39, 40, 41, 42, 43, 44, 46, 47, 48, 49, 50, 52, 53, 54, 57, 58, 59, 60, 61, 62, 63, 64, 65, 66, 67, 68, 69, 70, 71, 72, 73, 74, 75, 76, 77, 78, 79, 80, 81, 82, 83, 84, 85, 86, 87, 88, 89, 90]",79,False,5.608645240414595e-05,-1.4726359501677737e-08,1.8700392921215875e-05,20.0
E117,13,13,3,10,1233,0.23076923076923078,0.0024271844660194173,0.004803843074459567,raja,S4/S04_20170606_045500_3,all_channel,mean,mean__all_channel__E117,32,91,"[0, 4, 5, 6, 8, 9, 10, 11, 13, 14, 16, 17, 18, 19, 20, 21, 22, 23, 25, 26, 27, 28, 29, 30, 31, 32, 33, 34, 35, 36, 37, 39, 40, 41, 42, 43, 44, 46, 47, 48, 49, 50, 52, 53, 54, 57, 58, 59, 60, 61, 62, 63, 64, 65, 66, 67, 68, 69, 70, 71, 72, 73, 74, 75, 76, 77, 78, 79, 80, 81, 82, 83, 84, 85, 86, 87, 88, 89, 90]",79,False,0.0005395436552371488,2.1521694675365315e-07,0.00017977614609679838,20.0
E98,13,13,2,11,1234,0.15384615384615385,0.0016181229773462784,0.0032025620496397116,raja,S4/S04_20170606_045500_3,all_channel,mean,mean__all_channel__E98,32,91,"[0, 4, 5, 6, 8, 9, 10, 11, 13, 14, 16, 17, 18, 19, 20, 21, 22, 23, 25, 26, 27, 28, 29, 30, 31, 32, 33, 34, 35, 36, 37, 39, 40, 41, 42, 43, 44, 46, 47, 48, 49, 50, 52, 53, 54, 57, 58, 59, 60, 61, 62, 63, 64, 65, 66, 67, 68, 69, 70, 71, 72, 73, 74, 75, 76, 77, 78, 79, 80, 81, 82, 83, 84, 85, 86, 87, 88, 89, 90]",79,False,8.952481533662926e-05,-2.3905433133189344e-09,2.984240195998086e-05,20.0
E9,1213,1213,1180,33,56,0.9727947238252267,0.9546925566343042,0.9636586361780318,raja,S4/S04_20170606_045500_3,frontal,median,median__frontal__E9,6,91,"[0, 5, 8, 9, 13, 14, 17, 18, 20, 21, 22, 23, 25, 26, 27, 28, 29, 30, 31, 32, 34, 37, 39, 40, 41, 42, 44, 49, 50, 65, 71, 72, 73]",33,False,6.141095413227983e-05,-7.4026352125536905e-06,2.2937863114944507e-05,20.0
E22,1160,1160,1123,37,113,0.968103448275862,0.9085760517799353,0.9373956594323872,raja,S4/S04_20170606_045500_3,frontal,median,median__frontal__E22,6,91,"[0, 5, 8, 9, 13, 14, 17, 18, 20, 21, 22, 23, 25, 26, 27, 28, 29, 30, 31, 32, 34, 37, 39, 40, 41, 42, 44, 49, 50, 65, 71, 72, 73]",33,False,5.881910539429706e-05,-6.116258012969209e-06,2.164512113575542e-05,20.0
E3,1001,1001,968,33,268,0.967032967032967,0.7831715210355987,0.8654447921323201,raja,S4/S04_20170606_045500_3,frontal,median,median__frontal__E3,6,91,"[0, 5, 8, 9, 13, 14, 17, 18, 20, 21, 22, 23, 25, 26, 27, 28, 29, 30, 31, 32, 34, 37, 39, 40, 41, 42, 44, 49, 50, 65, 71, 72, 73]",33,False,4.17103128979889e-05,-3.680754028366274e-06,1.5130355642118393e-05,20.0
E23,648,648,625,23,611,0.9645061728395061,0.5056634304207119,0.6634819532908705,raja,S4/S04_20170606_045500_3,frontal,median,median__frontal__E23,6,91,"[0, 5, 8, 9, 13, 14, 17, 18, 20, 21, 22, 23, 25, 26, 27, 28, 29, 30, 31, 32, 34, 37, 39, 40, 41, 42, 44, 49, 50, 65, 71, 72, 73]",33,False,3.883601224063348e-05,-2.4645908391880765e-06,1.3766867693273852e-05,20.0
E24,36,36,19,17,1217,0.5277777777777778,0.015372168284789644,0.029874213836477988,raja,S4/S04_20170606_045500_3,frontal,median,median__frontal__E24,6,91,"[0, 5, 8, 9, 13, 14, 17, 18, 20, 21, 22, 23, 25, 26, 27, 28, 29, 30, 31, 32, 34, 37, 39, 40, 41, 42, 44, 49, 50, 65, 71, 72, 73]",33,False,3.8625381710202e-05,-4.059803405497802e-07,1.301045401691726e-05,20.0
E124,50,50,19,31,1217,0.38,0.015372168284789644,0.029548989113530322,raja,S4/S04_20170606_045500_3,frontal,median,median__frontal__E124,6,91,"[0, 5, 8, 9, 13, 14, 17, 18, 20, 21, 22, 23, 25, 26, 27, 28, 29, 30, 31, 32, 34, 37, 39, 40, 41, 42, 44, 49, 50, 65, 71, 72, 73]",33,False,0.00020977238126286375,1.7980444331563082e-07,6.986419227318271e-05,20.0
E9,1162,1162,1133,29,103,0.9750430292598967,0.9166666666666666,0.944954128440367,raja,S4/S04_20170606_045500_3,frontal,mean,mean__frontal__E9,6,91,"[0, 5, 8, 9, 13, 14, 17, 18, 20, 21, 22, 23, 25, 26, 27, 28, 29, 30, 31, 32, 34, 37, 39, 40, 41, 42, 44, 49, 50, 65, 71, 72, 73]",33,False,6.881375759643058e-05,1.6825159705928075e-10,2.2937863114944507e-05,20.0
E22,1112,1112,1079,33,157,0.9703237410071942,0.8729773462783171,0.9190800681431004,raja,S4/S04_20170606_045500_3,frontal,mean,mean__frontal__E22,6,91,"[0, 5, 8, 9, 13, 14, 17, 18, 20, 21, 22, 23, 25, 26, 27, 28, 29, 30, 31, 32, 34, 37, 39, 40, 41, 42, 44, 49, 50, 65, 71, 72, 73]",33,False,6.489970495381131e-05,-3.565845345494801e-08,2.164512113575542e-05,20.0
E3,876,876,856,20,380,0.9771689497716894,0.6925566343042071,0.8106060606060604,raja,S4/S04_20170606_045500_3,frontal,mean,mean__frontal__E3,6,91,"[0, 5, 8, 9, 13, 14, 17, 18, 20, 21, 22, 23, 25, 26, 27, 28, 29, 30, 31, 32, 34, 37, 39, 40, 41, 42, 44, 49, 50, 65, 71, 72, 73]",33,False,4.537419412540197e-05,-1.6872800953207608e-08,1.5130355642118393e-05,20.0
E23,550,550,528,22,708,0.96,0.42718446601941745,0.5912653975363942,raja,S4/S04_20170606_045500_3,frontal,mean,mean__frontal__E23,6,91,"[0, 5, 8, 9, 13, 14, 17, 18, 20, 21, 22, 23, 25, 26, 27, 28, 29, 30, 31, 32, 34, 37, 39, 40, 41, 42, 44, 49, 50, 65, 71, 72, 73]",33,False,4.1285643164504316e-05,-1.495991531723807e-08,1.3766867693273852e-05,20.0
E124,50,50,19,31,1217,0.38,0.015372168284789644,0.029548989113530322,raja,S4/S04_20170606_045500_3,frontal,mean,mean__frontal__E124,6,91,"[0, 5, 8, 9, 13, 14, 17, 18, 20, 21, 22, 23, 25, 26, 27, 28, 29, 30, 31, 32, 34, 37, 39, 40, 41, 42, 44, 49, 50, 65, 71, 72, 73]",33,False,0.00020957827861376268,-1.429820578542931e-08,6.986419227318271e-05,20.0
E24,35,35,18,17,1218,0.5142857142857142,0.014563106796116505,0.02832415420928403,raja,S4/S04_20170606_045500_3,frontal,mean,mean__frontal__E24,6,91,"[0, 5, 8, 9, 13, 14, 17, 18, 20, 21, 22, 23, 25, 26, 27, 28, 29, 30, 31, 32, 34, 37, 39, 40, 41, 42, 44, 49, 50, 65, 71, 72, 73]",33,False,3.902651099358015e-05,-4.851057171630711e-09,1.301045401691726e-05,20.0
E22,1044,1044,1014,30,222,0.9712643678160919,0.8203883495145631,0.8894736842105263,raja,S4/S04_20170606_045500_3,frontal_left,median,median__frontal_left__E22,3,91,"[0, 5, 14, 17, 20, 22, 23, 25, 27, 29, 30, 34, 39, 40, 41, 65, 71, 72, 73]",19,False,6.943548972998588e-05,-6.232375299608482e-06,2.5222621676531455e-05,20.0
E23,433,433,406,27,830,0.9376443418013857,0.3284789644012945,0.4865188735769922,raja,S4/S04_20170606_045500_3,frontal_left,median,median__frontal_left__E23,3,91,"[0, 5, 14, 17, 20, 22, 23, 25, 27, 29, 30, 34, 39, 40, 41, 65, 71, 72, 73]",19,False,4.427404316703261e-05,-2.4772133773386263e-06,1.558375218145708e-05,20.0
E24,31,31,15,16,1221,0.4838709677419355,0.012135922330097087,0.02367797947908445,raja,S4/S04_20170606_045500_3,frontal_left,median,median__frontal_left__E24,3,91,"[0, 5, 14, 17, 20, 22, 23, 25, 27, 29, 30, 34, 39, 40, 41, 65, 71, 72, 73]",19,False,4.1260209876882205e-05,-4.7083089170405155e-07,1.3910346922862085e-05,20.0
E22,943,943,922,21,314,0.9777306468716861,0.7459546925566343,0.8462597521798991,raja,S4/S04_20170606_045500_3,frontal_left,mean,mean__frontal_left__E22,3,91,"[0, 5, 14, 17, 20, 22, 23, 25, 27, 29, 30, 34, 39, 40, 41, 65, 71, 72, 73]",19,False,7.564287943973798e-05,-2.498558985638012e-08,2.5222621676531455e-05,20.0
E23,342,342,319,23,917,0.9327485380116959,0.2580906148867314,0.4043092522179975,raja,S4/S04_20170606_045500_3,frontal_left,mean,mean__frontal_left__E23,3,91,"[0, 5, 14, 17, 20, 22, 23, 25, 27, 29, 30, 34, 39, 40, 41, 65, 71, 72, 73]",19,False,4.67694674942853e-05,1.821094991406181e-08,1.558375218145708e-05,20.0
E24,30,30,15,15,1221,0.5,0.012135922330097087,0.023696682464454975,raja,S4/S04_20170606_045500_3,frontal_left,mean,mean__frontal_left__E24,3,91,"[0, 5, 14, 17, 20, 22, 23, 25, 27, 29, 30, 34, 39, 40, 41, 65, 71, 72, 73]",19,False,4.172650415471442e-05,-4.536613871838242e-09,1.3910346922862085e-05,20.0
E9,1206,1206,1176,30,60,0.9751243781094527,0.9514563106796117,0.9631449631449632,raja,S4/S04_20170606_045500_3,frontal_right,median,median__frontal_right__E9,3,91,"[0, 5, 8, 9, 13, 14, 17, 18, 20, 21, 22, 23, 25, 26, 27, 28, 29, 30, 31, 32, 34, 37, 39, 40, 42, 44, 49, 50, 65, 71, 72]",31,False,6.283432502207192e-05,-7.452340494905596e-06,2.3428888505659173e-05,20.0
E3,977,977,946,31,290,0.9682702149437052,0.7653721682847896,0.8549480343425214,raja,S4/S04_20170606_045500_3,frontal_right,median,median__frontal_right__E3,3,91,"[0, 5, 8, 9, 13, 14, 17, 18, 20, 21, 22, 23, 25, 26, 27, 28, 29, 30, 31, 32, 34, 37, 39, 40, 42, 44, 49, 50, 65, 71, 72]",31,False,4.247617687459496e-05,-3.7091910712937564e-06,1.5395122648629572e-05,20.0
E124,54,54,19,35,1217,0.35185185185185186,0.015372168284789644,0.029457364341085267,raja,S4/S04_20170606_045500_3,frontal_right,median,median__frontal_right__E124,3,91,"[0, 5, 8, 9, 13, 14, 17, 18, 20, 21, 22, 23, 25, 26, 27, 28, 29, 30, 31, 32, 34, 37, 39, 40, 42, 44, 49, 50, 65, 71, 72]",31,False,0.0002064374571438741,1.4824445792053085e-07,6.876307089531785e-05,20.0
E9,1156,1156,1126,30,110,0.9740484429065744,0.9110032362459547,0.9414715719063546,raja,S4/S04_20170606_045500_3,frontal_right,mean,mean__frontal_right__E9,3,91,"[0, 5, 8, 9, 13, 14, 17, 18, 20, 21, 22, 23, 25, 26, 27, 28, 29, 30, 31, 32, 34, 37, 39, 40, 42, 44, 49, 50, 65, 71, 72]",31,False,7.028584888314781e-05,-8.166338297043376e-10,2.3428888505659173e-05,20.0
E3,856,856,838,18,398,0.9789719626168224,0.6779935275080906,0.8011472275334608,raja,S4/S04_20170606_045500_3,frontal_right,mean,mean__frontal_right__E3,3,91,"[0, 5, 8, 9, 13, 14, 17, 18, 20, 21, 22, 23, 25, 26, 27, 28, 29, 30, 31, 32, 34, 37, 39, 40, 42, 44, 49, 50, 65, 71, 72]",31,False,4.616796563782519e-05,-1.7402308063527866e-08,1.5395122648629572e-05,20.0
E124,55,55,20,35,1216,0.36363636363636365,0.016181229773462782,0.030983733539891554,raja,S4/S04_20170606_045500_3,frontal_right,mean,mean__frontal_right__E124,3,91,"[0, 5, 8, 9, 13, 14, 17, 18, 20, 21, 22, 23, 25, 26, 27, 28, 29, 30, 31, 32, 34, 37, 39, 40, 42, 44, 49, 50, 65, 71, 72]",31,False,0.00020626471250769965,-2.4500178253891106e-08,6.876307089531785e-05,20.0
E9,1250,1250,1212,38,24,0.9696,0.9805825242718447,0.9750603378921964,raja,S4/S04_20170606_045500_3,all_channel,median,median__all_channel__E9,32,61,"[0, 3, 6, 7, 9, 11, 12, 15, 18, 19, 20, 21, 22, 24, 25, 26, 27, 28, 30, 31, 32, 33, 34, 35, 36, 38, 39, 40, 41, 43, 44, 45, 46, 47, 48, 49, 50, 51, 52, 53, 54, 55, 56, 57, 58, 59, 60]",47,False,4.497941860429042e-05,-6.23831956650668e-06,1.7072579390265703e-05,30.0
E22,1226,1226,1186,40,50,0.967373572593801,0.959546925566343,0.9634443541835905,raja,S4/S04_20170606_045500_3,all_channel,median,median__all_channel__E22,32,61,"[0, 3, 6, 7, 9, 11, 12, 15, 18, 19, 20, 21, 22, 24, 25, 26, 27, 28, 30, 31, 32, 33, 34, 35, 36, 38, 39, 40, 41, 43, 44, 45, 46, 47, 48, 49, 50, 51, 52, 53, 54, 55, 56, 57, 58, 59, 60]",47,False,4.456032101263209e-05,-5.683331035495094e-06,1.6747884016042396e-05,30.0
E3,1172,1172,1131,41,105,0.9650170648464164,0.9150485436893204,0.9393687707641196,raja,S4/S04_20170606_045500_3,all_channel,median,median__all_channel__E3,32,61,"[0, 3, 6, 7, 9, 11, 12, 15, 18, 19, 20, 21, 22, 24, 25, 26, 27, 28, 30, 31, 32, 33, 34, 35, 36, 38, 39, 40, 41, 43, 44, 45, 46, 47, 48, 49, 50, 51, 52, 53, 54, 55, 56, 57, 58, 59, 60]",47,False,3.327629789031936e-05,-3.2034244129735015e-06,1.2159907434430953e-05,30.0
E23,922,922,882,40,354,0.9566160520607375,0.7135922330097088,0.8174235403151066,raja,S4/S04_20170606_045500_3,all_channel,median,median__all_channel__E23,32,61,"[0, 3, 6, 7, 9, 11, 12, 15, 18, 19, 20, 21, 22, 24, 25, 26, 27, 28, 30, 31, 32, 33, 34, 35, 36, 38, 39, 40, 41, 43, 44, 45, 46, 47, 48, 49, 50, 51, 52, 53, 54, 55, 56, 57, 58, 59, 60]",47,False,3.1938310458447854e-05,-2.397245908229822e-06,1.1445185455559226e-05,30.0
E26,833,833,756,77,480,0.907563025210084,0.6116504854368932,0.7307878202029966,raja,S4/S04_20170606_045500_3,all_channel,median,median__all_channel__E26,32,61,"[0, 3, 6, 7, 9, 11, 12, 15, 18, 19, 20, 21, 22, 24, 25, 26, 27, 28, 30, 31, 32, 33, 34, 35, 36, 38, 39, 40, 41, 43, 44, 45, 46, 47, 48, 49, 50, 51, 52, 53, 54, 55, 56, 57, 58, 59, 60]",47,False,2.7325372158466462e-05,-1.839727777887832e-06,9.721699978784764e-06,30.0
E122,194,194,147,47,1089,0.7577319587628866,0.11893203883495146,0.20559440559440556,raja,S4/S04_20170606_045500_3,all_channel,median,median__all_channel__E122,32,61,"[0, 3, 6, 7, 9, 11, 12, 15, 18, 19, 20, 21, 22, 24, 25, 26, 27, 28, 30, 31, 32, 33, 34, 35, 36, 38, 39, 40, 41, 43, 44, 45, 46, 47, 48, 49, 50, 51, 52, 53, 54, 55, 56, 57, 58, 59, 60]",47,False,2.1774736148898518e-05,-3.5417513510937307e-07,7.376303761335964e-06,30.0
E67,169,169,44,125,1192,0.2603550295857988,0.03559870550161812,0.06263345195729537,raja,S4/S04_20170606_045500_3,all_channel,median,median__all_channel__E67,32,61,"[0, 3, 6, 7, 9, 11, 12, 15, 18, 19, 20, 21, 22, 24, 25, 26, 27, 28, 30, 31, 32, 33, 34, 35, 36, 38, 39, 40, 41, 43, 44, 45, 46, 47, 48, 49, 50, 51, 52, 53, 54, 55, 56, 57, 58, 59, 60]",47,False,3.6707960309009775e-05,4.64704177524462e-07,1.208108537716177e-05,30.0
E62,166,166,41,125,1195,0.2469879518072289,0.03317152103559871,0.05848787446504993,raja,S4/S04_20170606_045500_3,all_channel,median,median__all_channel__E62,32,61,"[0, 3, 6, 7, 9, 11, 12, 15, 18, 19, 20, 21, 22, 24, 25, 26, 27, 28, 30, 31, 32, 33, 34, 35, 36, 38, 39, 40, 41, 43, 44, 45, 46, 47, 48, 49, 50, 51, 52, 53, 54, 55, 56, 57, 58, 59, 60]",47,False,3.7869267857008966e-05,3.336420051494236e-07,1.251187528395318e-05,30.0
E33,144,144,39,105,1197,0.2708333333333333,0.03155339805825243,0.05652173913043478,raja,S4/S04_20170606_045500_3,all_channel,median,median__all_channel__E33,32,61,"[0, 3, 6, 7, 9, 11, 12, 15, 18, 19, 20, 21, 22, 24, 25, 26, 27, 28, 30, 31, 32, 33, 34, 35, 36, 38, 39, 40, 41, 43, 44, 45, 46, 47, 48, 49, 50, 51, 52, 53, 54, 55, 56, 57, 58, 59, 60]",47,False,1.833262920909212e-05,-6.550949115511065e-08,6.13271290008241e-06,30.0
E28,91,91,31,60,1205,0.34065934065934067,0.025080906148867314,0.04672192916352675,raja,S4/S04_20170606_045500_3,all_channel,median,median__all_channel__E28,32,61,"[0, 3, 6, 7, 9, 11, 12, 15, 18, 19, 20, 21, 22, 24, 25, 26, 27, 28, 30, 31, 32, 33, 34, 35, 36, 38, 39, 40, 41, 43, 44, 45, 46, 47, 48, 49, 50, 51, 52, 53, 54, 55, 56, 57, 58, 59, 60]",47,False,1.882004969745747e-05,-1.0753688620849531e-07,6.309195527888655e-06,30.0
E11,32,32,29,3,1207,0.90625,0.023462783171521034,0.04574132492113565,raja,S4/S04_20170606_045500_3,all_channel,median,median__all_channel__E11,32,61,"[0, 3, 6, 7, 9, 11, 12, 15, 18, 19, 20, 21, 22, 24, 25, 26, 27, 28, 30, 31, 32, 33, 34, 35, 36, 38, 39, 40, 41, 43, 44, 45, 46, 47, 48, 49, 50, 51, 52, 53, 54, 55, 56, 57, 58, 59, 60]",47,False,6.485360207734201e-05,-7.267417849028794e-07,2.1860114620748295e-05,30.0
E75,136,136,26,110,1210,0.19117647058823528,0.021035598705501618,0.03790087463556851,raja,S4/S04_20170606_045500_3,all_channel,median,median__all_channel__E75,32,61,"[0, 3, 6, 7, 9, 11, 12, 15, 18, 19, 20, 21, 22, 24, 25, 26, 27, 28, 30, 31, 32, 33, 34, 35, 36, 38, 39, 40, 41, 43, 44, 45, 46, 47, 48, 49, 50, 51, 52, 53, 54, 55, 56, 57, 58, 59, 60]",47,False,3.01197952393582e-05,8.280433022205836e-07,9.763917312379206e-06,30.0
E109,90,90,19,71,1217,0.2111111111111111,0.015372168284789644,0.02865761689291101,raja,S4/S04_20170606_045500_3,all_channel,median,median__all_channel__E109,32,61,"[0, 3, 6, 7, 9, 11, 12, 15, 18, 19, 20, 21, 22, 24, 25, 26, 27, 28, 30, 31, 32, 33, 34, 35, 36, 38, 39, 40, 41, 43, 44, 45, 46, 47, 48, 49, 50, 51, 52, 53, 54, 55, 56, 57, 58, 59, 60]",47,False,1.83353539136751e-05,1.8146041171020562e-07,6.051297833988299e-06,30.0
E104,74,74,18,56,1218,0.24324324324324326,0.014563106796116505,0.027480916030534354,raja,S4/S04_20170606_045500_3,all_channel,median,median__all_channel__E104,32,61,"[0, 3, 6, 7, 9, 11, 12, 15, 18, 19, 20, 21, 22, 24, 25, 26, 27, 28, 30, 31, 32, 33, 34, 35, 36, 38, 39, 40, 41, 43, 44, 45, 46, 47, 48, 49, 50, 51, 52, 53, 54, 55, 56, 57, 58, 59, 60]",47,False,1.8801205602804464e-05,1.686302765496689e-07,6.210858442084931e-06,30.0
E84,97,97,18,79,1218,0.18556701030927836,0.014563106796116505,0.027006751687921982,raja,S4/S04_20170606_045500_3,all_channel,median,median__all_channel__E84,32,61,"[0, 3, 6, 7, 9, 11, 12, 15, 18, 19, 20, 21, 22, 24, 25, 26, 27, 28, 30, 31, 32, 33, 34, 35, 36, 38, 39, 40, 41, 43, 44, 45, 46, 47, 48, 49, 50, 51, 52, 53, 54, 55, 56, 57, 58, 59, 60]",47,False,2.56835240299928e-05,6.649244586429657e-07,8.339533190449945e-06,30.0
E40,86,86,17,69,1219,0.19767441860465115,0.013754045307443365,0.02571860816944024,raja,S4/S04_20170606_045500_3,all_channel,median,median__all_channel__E40,32,61,"[0, 3, 6, 7, 9, 11, 12, 15, 18, 19, 20, 21, 22, 24, 25, 26, 27, 28, 30, 31, 32, 33, 34, 35, 36, 38, 39, 40, 41, 43, 44, 45, 46, 47, 48, 49, 50, 51, 52, 53, 54, 55, 56, 57, 58, 59, 60]",47,False,1.9516144419928633e-05,2.8804254293874394e-07,6.409367292329963e-06,30.0
E60,98,98,17,81,1219,0.17346938775510204,0.013754045307443365,0.025487256371814093,raja,S4/S04_20170606_045500_3,all_channel,median,median__all_channel__E60,32,61,"[0, 3, 6, 7, 9, 11, 12, 15, 18, 19, 20, 21, 22, 24, 25, 26, 27, 28, 30, 31, 32, 33, 34, 35, 36, 38, 39, 40, 41, 43, 44, 45, 46, 47, 48, 49, 50, 51, 52, 53, 54, 55, 56, 57, 58, 59, 60]",47,False,5.056756371721671e-05,2.1855843752522794e-07,1.678300175989716e-05,30.0
E24,31,31,15,16,1221,0.4838709677419355,0.012135922330097087,0.02367797947908445,raja,S4/S04_20170606_045500_3,all_channel,median,median__all_channel__E24,32,61,"[0, 3, 6, 7, 9, 11, 12, 15, 18, 19, 20, 21, 22, 24, 25, 26, 27, 28, 30, 31, 32, 33, 34, 35, 36, 38, 39, 40, 41, 43, 44, 45, 46, 47, 48, 49, 50, 51, 52, 53, 54, 55, 56, 57, 58, 59, 60]",47,False,4.0295070469932915e-05,-2.6249094715066155e-07,1.3519187139027858e-05,30.0
E77,100,100,15,85,1221,0.15,0.012135922330097087,0.02245508982035928,raja,S4/S04_20170606_045500_3,all_channel,median,median__all_channel__E77,32,61,"[0, 3, 6, 7, 9, 11, 12, 15, 18, 19, 20, 21, 22, 24, 25, 26, 27, 28, 30, 31, 32, 33, 34, 35, 36, 38, 39, 40, 41, 43, 44, 45, 46, 47, 48, 49, 50, 51, 52, 53, 54, 55, 56, 57, 58, 59, 60]",47,False,2.3344443628329102e-05,5.761281111384097e-07,7.589438505730231e-06,30.0
E37,37,37,14,23,1222,0.3783783783783784,0.011326860841423949,0.021995286724273373,raja,S4/S04_20170606_045500_3,all_channel,median,median__all_channel__E37,32,61,"[0, 3, 6, 7, 9, 11, 12, 15, 18, 19, 20, 21, 22, 24, 25, 26, 27, 28, 30, 31, 32, 33, 34, 35, 36, 38, 39, 40, 41, 43, 44, 45, 46, 47, 48, 49, 50, 51, 52, 53, 54, 55, 56, 57, 58, 59, 60]",47,False,3.7882285627246594e-05,1.4794380438504267e-07,1.2578113940953849e-05,30.0
E70,94,94,14,80,1222,0.14893617021276595,0.011326860841423949,0.021052631578947368,raja,S4/S04_20170606_045500_3,all_channel,median,median__all_channel__E70,32,61,"[0, 3, 6, 7, 9, 11, 12, 15, 18, 19, 20, 21, 22, 24, 25, 26, 27, 28, 30, 31, 32, 33, 34, 35, 36, 38, 39, 40, 41, 43, 44, 45, 46, 47, 48, 49, 50, 51, 52, 53, 54, 55, 56, 57, 58, 59, 60]",47,False,2.5300711489308924e-05,8.012059599472655e-07,8.166501843120553e-06,30.0
E85,91,91,13,78,1223,0.14285714285714285,0.010517799352750809,0.01959306706857573,raja,S4/S04_20170606_045500_3,all_channel,median,median__all_channel__E85,32,61,"[0, 3, 6, 7, 9, 11, 12, 15, 18, 19, 20, 21, 22, 24, 25, 26, 27, 28, 30, 31, 32, 33, 34, 35, 36, 38, 39, 40, 41, 43, 44, 45, 46, 47, 48, 49, 50, 51, 52, 53, 54, 55, 56, 57, 58, 59, 60]",47,False,2.1623330930321276e-05,6.26997996985533e-07,6.9987776444452476e-06,30.0
E59,46,46,11,35,1225,0.2391304347826087,0.00889967637540453,0.0171606864274571,raja,S4/S04_20170606_045500_3,all_channel,median,median__all_channel__E59,32,61,"[0, 3, 6, 7, 9, 11, 12, 15, 18, 19, 20, 21, 22, 24, 25, 26, 27, 28, 30, 31, 32, 33, 34, 35, 36, 38, 39, 40, 41, 43, 44, 45, 46, 47, 48, 49, 50, 51, 52, 53, 54, 55, 56, 57, 58, 59, 60]",47,False,3.1795433805000924e-05,4.607876189417361e-07,1.0444882062019728e-05,30.0
E91,102,102,11,91,1225,0.10784313725490197,0.00889967637540453,0.016442451420029897,raja,S4/S04_20170606_045500_3,all_channel,median,median__all_channel__E91,32,61,"[0, 3, 6, 7, 9, 11, 12, 15, 18, 19, 20, 21, 22, 24, 25, 26, 27, 28, 30, 31, 32, 33, 34, 35, 36, 38, 39, 40, 41, 43, 44, 45, 46, 47, 48, 49, 50, 51, 52, 53, 54, 55, 56, 57, 58, 59, 60]",47,False,2.2441389878869827e-05,7.033812636815548e-07,7.246002871729424e-06,30.0
E83,71,71,8,63,1228,0.11267605633802817,0.006472491909385114,0.012241775057383322,raja,S4/S04_20170606_045500_3,all_channel,median,median__all_channel__E83,32,61,"[0, 3, 6, 7, 9, 11, 12, 15, 18, 19, 20, 21, 22, 24, 25, 26, 27, 28, 30, 31, 32, 33, 34, 35, 36, 38, 39, 40, 41, 43, 44, 45, 46, 47, 48, 49, 50, 51, 52, 53, 54, 55, 56, 57, 58, 59, 60]",47,False,2.9461709970914945e-05,8.604780191285142e-07,9.53374398392881e-06,30.0
E124,24,24,7,17,1229,0.2916666666666667,0.0056634304207119745,0.011111111111111112,raja,S4/S04_20170606_045500_3,all_channel,median,median__all_channel__E124,32,61,"[0, 3, 6, 7, 9, 11, 12, 15, 18, 19, 20, 21, 22, 24, 25, 26, 27, 28, 30, 31, 32, 33, 34, 35, 36, 38, 39, 40, 41, 43, 44, 45, 46, 47, 48, 49, 50, 51, 52, 53, 54, 55, 56, 57, 58, 59, 60]",47,False,0.00024084694991146954,1.2172103321441762e-07,8.024174295941837e-05,30.0
E112,31,31,7,24,1229,0.22580645161290322,0.0056634304207119745,0.011049723756906079,raja,S4/S04_20170606_045500_3,all_channel,median,median__all_channel__E112,32,61,"[0, 3, 6, 7, 9, 11, 12, 15, 18, 19, 20, 21, 22, 24, 25, 26, 27, 28, 30, 31, 32, 33, 34, 35, 36, 38, 39, 40, 41, 43, 44, 45, 46, 47, 48, 49, 50, 51, 52, 53, 54, 55, 56, 57, 58, 59, 60]",47,False,0.00011598109238369913,7.044509759061727e-08,3.863688242870284e-05,30.0
E47,50,50,6,44,1230,0.12,0.0048543689320388345,0.009331259720062208,raja,S4/S04_20170606_045500_3,all_channel,median,median__all_channel__E47,32,61,"[0, 3, 6, 7, 9, 11, 12, 15, 18, 19, 20, 21, 22, 24, 25, 26, 27, 28, 30, 31, 32, 33, 34, 35, 36, 38, 39, 40, 41, 43, 44, 45, 46, 47, 48, 49, 50, 51, 52, 53, 54, 55, 56, 57, 58, 59, 60]",47,False,9.285338962392315e-05,-1.8338511603227373e-06,3.1562413594748626e-05,30.0
E13,8,8,5,3,1231,0.625,0.0040453074433656954,0.008038585209003215,raja,S4/S04_20170606_045500_3,all_channel,median,median__all_channel__E13,32,61,"[0, 3, 6, 7, 9, 11, 12, 15, 18, 19, 20, 21, 22, 24, 25, 26, 27, 28, 30, 31, 32, 33, 34, 35, 36, 38, 39, 40, 41, 43, 44, 45, 46, 47, 48, 49, 50, 51, 52, 53, 54, 55, 56, 57, 58, 59, 60]",47,False,7.680181826658971e-05,1.1088019096254685e-07,2.5563646025209055e-05,30.0
E87,15,15,5,10,1231,0.3333333333333333,0.0040453074433656954,0.007993605115907274,raja,S4/S04_20170606_045500_3,all_channel,median,median__all_channel__E87,32,61,"[0, 3, 6, 7, 9, 11, 12, 15, 18, 19, 20, 21, 22, 24, 25, 26, 27, 28, 30, 31, 32, 33, 34, 35, 36, 38, 39, 40, 41, 43, 44, 45, 46, 47, 48, 49, 50, 51, 52, 53, 54, 55, 56, 57, 58, 59, 60]",47,False,5.74555438520655e-05,1.5321569360726898e-07,1.910077605281941e-05,30.0
E117,8,8,2,6,1234,0.25,0.0016181229773462784,0.0032154340836012866,raja,S4/S04_20170606_045500_3,all_channel,median,median__all_channel__E117,32,61,"[0, 3, 6, 7, 9, 11, 12, 15, 18, 19, 20, 21, 22, 24, 25, 26, 27, 28, 30, 31, 32, 33, 34, 35, 36, 38, 39, 40, 41, 43, 44, 45, 46, 47, 48, 49, 50, 51, 52, 53, 54, 55, 56, 57, 58, 59, 60]",47,False,0.0005501558332796384,8.957393875875215e-07,0.00018308669796401696,30.0
E98,10,10,2,8,1234,0.2,0.0016181229773462784,0.003210272873194222,raja,S4/S04_20170606_045500_3,all_channel,median,median__all_channel__E98,32,61,"[0, 3, 6, 7, 9, 11, 12, 15, 18, 19, 20, 21, 22, 24, 25, 26, 27, 28, 30, 31, 32, 33, 34, 35, 36, 38, 39, 40, 41, 43, 44, 45, 46, 47, 48, 49, 50, 51, 52, 53, 54, 55, 56, 57, 58, 59, 60]",47,False,9.301583798293405e-05,2.6111821462324264e-07,3.091823992277027e-05,30.0
E9,1238,1238,1203,35,33,0.9717285945072698,0.9733009708737864,0.9725141471301536,raja,S4/S04_20170606_045500_3,all_channel,mean,mean__all_channel__E9,32,61,"[0, 3, 6, 7, 9, 11, 12, 15, 18, 19, 20, 21, 22, 24, 25, 26, 27, 28, 30, 31, 32, 33, 34, 35, 36, 38, 39, 40, 41, 43, 44, 45, 46, 47, 48, 49, 50, 51, 52, 53, 54, 55, 56, 57, 58, 59, 60]",47,False,5.118223898402852e-05,-3.549918676858377e-08,1.7072579390265703e-05,30.0
E22,1209,1209,1168,41,68,0.9660876757650951,0.9449838187702265,0.9554192229038854,raja,S4/S04_20170606_045500_3,all_channel,mean,mean__all_channel__E22,32,61,"[0, 3, 6, 7, 9, 11, 12, 15, 18, 19, 20, 21, 22, 24, 25, 26, 27, 28, 30, 31, 32, 33, 34, 35, 36, 38, 39, 40, 41, 43, 44, 45, 46, 47, 48, 49, 50, 51, 52, 53, 54, 55, 56, 57, 58, 59, 60]",47,False,5.019326477225552e-05,-5.038727587167489e-08,1.6747884016042396e-05,30.0
E3,1120,1120,1084,36,152,0.9678571428571429,0.8770226537216829,0.9202037351443124,raja,S4/S04_20170606_045500_3,all_channel,mean,mean__all_channel__E3,32,61,"[0, 3, 6, 7, 9, 11, 12, 15, 18, 19, 20, 21, 22, 24, 25, 26, 27, 28, 30, 31, 32, 33, 34, 35, 36, 38, 39, 40, 41, 43, 44, 45, 46, 47, 48, 49, 50, 51, 52, 53, 54, 55, 56, 57, 58, 59, 60]",47,False,3.644269374206832e-05,-3.702856122453631e-08,1.2159907434430953e-05,30.0
E23,834,834,795,39,441,0.9532374100719424,0.6432038834951457,0.7681159420289856,raja,S4/S04_20170606_045500_3,all_channel,mean,mean__all_channel__E23,32,61,"[0, 3, 6, 7, 9, 11, 12, 15, 18, 19, 20, 21, 22, 24, 25, 26, 27, 28, 30, 31, 32, 33, 34, 35, 36, 38, 39, 40, 41, 43, 44, 45, 46, 47, 48, 49, 50, 51, 52, 53, 54, 55, 56, 57, 58, 59, 60]",47,False,3.4270225468824006e-05,-6.533089785367017e-08,1.1445185455559226e-05,30.0
E26,738,738,675,63,561,0.9146341463414634,0.5461165048543689,0.6838905775075987,raja,S4/S04_20170606_045500_3,all_channel,mean,mean__all_channel__E26,32,61,"[0, 3, 6, 7, 9, 11, 12, 15, 18, 19, 20, 21, 22, 24, 25, 26, 27, 28, 30, 31, 32, 33, 34, 35, 36, 38, 39, 40, 41, 43, 44, 45, 46, 47, 48, 49, 50, 51, 52, 53, 54, 55, 56, 57, 58, 59, 60]",47,False,2.9137089114353503e-05,-2.801082200079043e-08,9.721699978784764e-06,30.0
E122,179,179,134,45,1102,0.7486033519553073,0.10841423948220065,0.18939929328621907,raja,S4/S04_20170606_045500_3,all_channel,mean,mean__all_channel__E122,32,61,"[0, 3, 6, 7, 9, 11, 12, 15, 18, 19, 20, 21, 22, 24, 25, 26, 27, 28, 30, 31, 32, 33, 34, 35, 36, 38, 39, 40, 41, 43, 44, 45, 46, 47, 48, 49, 50, 51, 52, 53, 54, 55, 56, 57, 58, 59, 60]",47,False,2.211426151605002e-05,-1.4649767957870852e-08,7.376303761335964e-06,30.0
E67,173,173,44,129,1192,0.2543352601156069,0.03559870550161812,0.06245564229950319,raja,S4/S04_20170606_045500_3,all_channel,mean,mean__all_channel__E67,32,61,"[0, 3, 6, 7, 9, 11, 12, 15, 18, 19, 20, 21, 22, 24, 25, 26, 27, 28, 30, 31, 32, 33, 34, 35, 36, 38, 39, 40, 41, 43, 44, 45, 46, 47, 48, 49, 50, 51, 52, 53, 54, 55, 56, 57, 58, 59, 60]",47,False,3.62621532938435e-05,1.889716235819129e-08,1.208108537716177e-05,30.0
E62,168,168,41,127,1195,0.24404761904761904,0.03317152103559871,0.05840455840455841,raja,S4/S04_20170606_045500_3,all_channel,mean,mean__all_channel__E62,32,61,"[0, 3, 6, 7, 9, 11, 12, 15, 18, 19, 20, 21, 22, 24, 25, 26, 27, 28, 30, 31, 32, 33, 34, 35, 36, 38, 39, 40, 41, 43, 44, 45, 46, 47, 48, 49, 50, 51, 52, 53, 54, 55, 56, 57, 58, 59, 60]",47,False,3.7640407517411125e-05,1.0478166555158408e-07,1.251187528395318e-05,30.0
E33,143,143,38,105,1198,0.26573426573426573,0.030744336569579287,0.055112400290065255,raja,S4/S04_20170606_045500_3,all_channel,mean,mean__all_channel__E33,32,61,"[0, 3, 6, 7, 9, 11, 12, 15, 18, 19, 20, 21, 22, 24, 25, 26, 27, 28, 30, 31, 32, 33, 34, 35, 36, 38, 39, 40, 41, 43, 44, 45, 46, 47, 48, 49, 50, 51, 52, 53, 54, 55, 56, 57, 58, 59, 60]",47,False,1.8387681209277685e-05,-1.0457490969545584e-08,6.13271290008241e-06,30.0
E11,31,31,29,2,1207,0.9354838709677419,0.023462783171521034,0.04577742699289661,raja,S4/S04_20170606_045500_3,all_channel,mean,mean__all_channel__E11,32,61,"[0, 3, 6, 7, 9, 11, 12, 15, 18, 19, 20, 21, 22, 24, 25, 26, 27, 28, 30, 31, 32, 33, 34, 35, 36, 38, 39, 40, 41, 43, 44, 45, 46, 47, 48, 49, 50, 51, 52, 53, 54, 55, 56, 57, 58, 59, 60]",47,False,6.552759506204804e-05,-5.274880019684501e-08,2.1860114620748295e-05,30.0
E28,88,88,30,58,1206,0.3409090909090909,0.024271844660194174,0.045317220543806644,raja,S4/S04_20170606_045500_3,all_channel,mean,mean__all_channel__E28,32,61,"[0, 3, 6, 7, 9, 11, 12, 15, 18, 19, 20, 21, 22, 24, 25, 26, 27, 28, 30, 31, 32, 33, 34, 35, 36, 38, 39, 40, 41, 43, 44, 45, 46, 47, 48, 49, 50, 51, 52, 53, 54, 55, 56, 57, 58, 59, 60]",47,False,1.8913610226468785e-05,-1.3976357197179566e-08,6.309195527888655e-06,30.0
E75,145,145,26,119,1210,0.1793103448275862,0.021035598705501618,0.03765387400434468,raja,S4/S04_20170606_045500_3,all_channel,mean,mean__all_channel__E75,32,61,"[0, 3, 6, 7, 9, 11, 12, 15, 18, 19, 20, 21, 22, 24, 25, 26, 27, 28, 30, 31, 32, 33, 34, 35, 36, 38, 39, 40, 41, 43, 44, 45, 46, 47, 48, 49, 50, 51, 52, 53, 54, 55, 56, 57, 58, 59, 60]",47,False,2.944055460080922e-05,1.4880266367160227e-07,9.763917312379206e-06,30.0
E109,94,94,19,75,1217,0.20212765957446807,0.015372168284789644,0.028571428571428567,raja,S4/S04_20170606_045500_3,all_channel,mean,mean__all_channel__E109,32,61,"[0, 3, 6, 7, 9, 11, 12, 15, 18, 19, 20, 21, 22, 24, 25, 26, 27, 28, 30, 31, 32, 33, 34, 35, 36, 38, 39, 40, 41, 43, 44, 45, 46, 47, 48, 49, 50, 51, 52, 53, 54, 55, 56, 57, 58, 59, 60]",47,False,1.8143504103128346e-05,-1.0389398836548503e-08,6.051297833988299e-06,30.0
E84,104,104,19,85,1217,0.18269230769230768,0.015372168284789644,0.02835820895522388,raja,S4/S04_20170606_045500_3,all_channel,mean,mean__all_channel__E84,32,61,"[0, 3, 6, 7, 9, 11, 12, 15, 18, 19, 20, 21, 22, 24, 25, 26, 27, 28, 30, 31, 32, 33, 34, 35, 36, 38, 39, 40, 41, 43, 44, 45, 46, 47, 48, 49, 50, 51, 52, 53, 54, 55, 56, 57, 58, 59, 60]",47,False,2.5026997558406336e-05,8.397987056503594e-09,8.339533190449945e-06,30.0
E104,76,76,18,58,1218,0.23684210526315788,0.014563106796116505,0.027439024390243903,raja,S4/S04_20170606_045500_3,all_channel,mean,mean__all_channel__E104,32,61,"[0, 3, 6, 7, 9, 11, 12, 15, 18, 19, 20, 21, 22, 24, 25, 26, 27, 28, 30, 31, 32, 33, 34, 35, 36, 38, 39, 40, 41, 43, 44, 45, 46, 47, 48, 49, 50, 51, 52, 53, 54, 55, 56, 57, 58, 59, 60]",47,False,1.8630983228073103e-05,-1.5920981816918154e-09,6.210858442084931e-06,30.0
E40,88,88,17,71,1219,0.19318181818181818,0.013754045307443365,0.025679758308157098,raja,S4/S04_20170606_045500_3,all_channel,mean,mean__all_channel__E40,32,61,"[0, 3, 6, 7, 9, 11, 12, 15, 18, 19, 20, 21, 22, 24, 25, 26, 27, 28, 30, 31, 32, 33, 34, 35, 36, 38, 39, 40, 41, 43, 44, 45, 46, 47, 48, 49, 50, 51, 52, 53, 54, 55, 56, 57, 58, 59, 60]",47,False,1.9213355815601162e-05,-1.4746061388728744e-08,6.409367292329963e-06,30.0
E60,99,99,17,82,1219,0.1717171717171717,0.013754045307443365,0.02546816479400749,raja,S4/S04_20170606_045500_3,all_channel,mean,mean__all_channel__E60,32,61,"[0, 3, 6, 7, 9, 11, 12, 15, 18, 19, 20, 21, 22, 24, 25, 26, 27, 28, 30, 31, 32, 33, 34, 35, 36, 38, 39, 40, 41, 43, 44, 45, 46, 47, 48, 49, 50, 51, 52, 53, 54, 55, 56, 57, 58, 59, 60]",47,False,5.0317255778359355e-05,-3.1749501332126085e-08,1.678300175989716e-05,30.0
E24,30,30,15,15,1221,0.5,0.012135922330097087,0.023696682464454975,raja,S4/S04_20170606_045500_3,all_channel,mean,mean__all_channel__E24,32,61,"[0, 3, 6, 7, 9, 11, 12, 15, 18, 19, 20, 21, 22, 24, 25, 26, 27, 28, 30, 31, 32, 33, 34, 35, 36, 38, 39, 40, 41, 43, 44, 45, 46, 47, 48, 49, 50, 51, 52, 53, 54, 55, 56, 57, 58, 59, 60]",47,False,4.0525753868147895e-05,-3.1807548935680065e-08,1.3519187139027858e-05,30.0
E70,101,101,15,86,1221,0.1485148514851485,0.012135922330097087,0.02243829468960359,raja,S4/S04_20170606_045500_3,all_channel,mean,mean__all_channel__E70,32,61,"[0, 3, 6, 7, 9, 11, 12, 15, 18, 19, 20, 21, 22, 24, 25, 26, 27, 28, 30, 31, 32, 33, 34, 35, 36, 38, 39, 40, 41, 43, 44, 45, 46, 47, 48, 49, 50, 51, 52, 53, 54, 55, 56, 57, 58, 59, 60]",47,False,2.452615671000338e-05,2.6651180641724194e-08,8.166501843120553e-06,30.0
E77,106,106,15,91,1221,0.14150943396226415,0.012135922330097087,0.022354694485842028,raja,S4/S04_20170606_045500_3,all_channel,mean,mean__all_channel__E77,32,61,"[0, 3, 6, 7, 9, 11, 12, 15, 18, 19, 20, 21, 22, 24, 25, 26, 27, 28, 30, 31, 32, 33, 34, 35, 36, 38, 39, 40, 41, 43, 44, 45, 46, 47, 48, 49, 50, 51, 52, 53, 54, 55, 56, 57, 58, 59, 60]",47,False,2.28019089877413e-05,3.3593470550606845e-08,7.589438505730231e-06,30.0
E37,38,38,14,24,1222,0.3684210526315789,0.011326860841423949,0.021978021978021983,raja,S4/S04_20170606_045500_3,all_channel,mean,mean__all_channel__E37,32,61,"[0, 3, 6, 7, 9, 11, 12, 15, 18, 19, 20, 21, 22, 24, 25, 26, 27, 28, 30, 31, 32, 33, 34, 35, 36, 38, 39, 40, 41, 43, 44, 45, 46, 47, 48, 49, 50, 51, 52, 53, 54, 55, 56, 57, 58, 59, 60]",47,False,3.77050645813073e-05,-2.927724155424658e-08,1.2578113940953849e-05,30.0
E85,95,95,13,82,1223,0.1368421052631579,0.010517799352750809,0.019534184823441023,raja,S4/S04_20170606_045500_3,all_channel,mean,mean__all_channel__E85,32,61,"[0, 3, 6, 7, 9, 11, 12, 15, 18, 19, 20, 21, 22, 24, 25, 26, 27, 28, 30, 31, 32, 33, 34, 35, 36, 38, 39, 40, 41, 43, 44, 45, 46, 47, 48, 49, 50, 51, 52, 53, 54, 55, 56, 57, 58, 59, 60]",47,False,2.0998230848112196e-05,1.897914776452795e-09,6.9987776444452476e-06,30.0
E59,46,46,11,35,1225,0.2391304347826087,0.00889967637540453,0.0171606864274571,raja,S4/S04_20170606_045500_3,all_channel,mean,mean__all_channel__E59,32,61,"[0, 3, 6, 7, 9, 11, 12, 15, 18, 19, 20, 21, 22, 24, 25, 26, 27, 28, 30, 31, 32, 33, 34, 35, 36, 38, 39, 40, 41, 43, 44, 45, 46, 47, 48, 49, 50, 51, 52, 53, 54, 55, 56, 57, 58, 59, 60]",47,False,3.134054521363063e-05,5.899027571449787e-09,1.0444882062019728e-05,30.0
E91,106,106,11,95,1225,0.10377358490566038,0.00889967637540453,0.016393442622950817,raja,S4/S04_20170606_045500_3,all_channel,mean,mean__all_channel__E91,32,61,"[0, 3, 6, 7, 9, 11, 12, 15, 18, 19, 20, 21, 22, 24, 25, 26, 27, 28, 30, 31, 32, 33, 34, 35, 36, 38, 39, 40, 41, 43, 44, 45, 46, 47, 48, 49, 50, 51, 52, 53, 54, 55, 56, 57, 58, 59, 60]",47,False,2.1741373270185785e-05,3.3646549975128407e-09,7.246002871729424e-06,30.0
E83,78,78,9,69,1227,0.11538461538461539,0.007281553398058253,0.013698630136986302,raja,S4/S04_20170606_045500_3,all_channel,mean,mean__all_channel__E83,32,61,"[0, 3, 6, 7, 9, 11, 12, 15, 18, 19, 20, 21, 22, 24, 25, 26, 27, 28, 30, 31, 32, 33, 34, 35, 36, 38, 39, 40, 41, 43, 44, 45, 46, 47, 48, 49, 50, 51, 52, 53, 54, 55, 56, 57, 58, 59, 60]",47,False,2.8591709902609436e-05,-9.522049176994228e-09,9.53374398392881e-06,30.0
E124,24,24,7,17,1229,0.2916666666666667,0.0056634304207119745,0.011111111111111112,raja,S4/S04_20170606_045500_3,all_channel,mean,mean__all_channel__E124,32,61,"[0, 3, 6, 7, 9, 11, 12, 15, 18, 19, 20, 21, 22, 24, 25, 26, 27, 28, 30, 31, 32, 33, 34, 35, 36, 38, 39, 40, 41, 43, 44, 45, 46, 47, 48, 49, 50, 51, 52, 53, 54, 55, 56, 57, 58, 59, 60]",47,False,0.00024055077660442372,-1.7445227383140857e-07,8.024174295941837e-05,30.0
E112,31,31,7,24,1229,0.22580645161290322,0.0056634304207119745,0.011049723756906079,raja,S4/S04_20170606_045500_3,all_channel,mean,mean__all_channel__E112,32,61,"[0, 3, 6, 7, 9, 11, 12, 15, 18, 19, 20, 21, 22, 24, 25, 26, 27, 28, 30, 31, 32, 33, 34, 35, 36, 38, 39, 40, 41, 43, 44, 45, 46, 47, 48, 49, 50, 51, 52, 53, 54, 55, 56, 57, 58, 59, 60]",47,False,0.00011584479639309468,-6.585089301384043e-08,3.863688242870284e-05,30.0
E47,47,47,6,41,1230,0.1276595744680851,0.0048543689320388345,0.009353078721745907,raja,S4/S04_20170606_045500_3,all_channel,mean,mean__all_channel__E47,32,61,"[0, 3, 6, 7, 9, 11, 12, 15, 18, 19, 20, 21, 22, 24, 25, 26, 27, 28, 30, 31, 32, 33, 34, 35, 36, 38, 39, 40, 41, 43, 44, 45, 46, 47, 48, 49, 50, 51, 52, 53, 54, 55, 56, 57, 58, 59, 60]",47,False,9.470516438385884e-05,1.7923599612966285e-08,3.1562413594748626e-05,30.0
E13,8,8,5,3,1231,0.625,0.0040453074433656954,0.008038585209003215,raja,S4/S04_20170606_045500_3,all_channel,mean,mean__all_channel__E13,32,61,"[0, 3, 6, 7, 9, 11, 12, 15, 18, 19, 20, 21, 22, 24, 25, 26, 27, 28, 30, 31, 32, 33, 34, 35, 36, 38, 39, 40, 41, 43, 44, 45, 46, 47, 48, 49, 50, 51, 52, 53, 54, 55, 56, 57, 58, 59, 60]",47,False,7.665574491245427e-05,-3.519316317288424e-08,2.5563646025209055e-05,30.0
E87,15,15,5,10,1231,0.3333333333333333,0.0040453074433656954,0.007993605115907274,raja,S4/S04_20170606_045500_3,all_channel,mean,mean__all_channel__E87,32,61,"[0, 3, 6, 7, 9, 11, 12, 15, 18, 19, 20, 21, 22, 24, 25, 26, 27, 28, 30, 31, 32, 33, 34, 35, 36, 38, 39, 40, 41, 43, 44, 45, 46, 47, 48, 49, 50, 51, 52, 53, 54, 55, 56, 57, 58, 59, 60]",47,False,5.729886561915606e-05,-3.4625393021656135e-09,1.910077605281941e-05,30.0
E117,8,8,2,6,1234,0.25,0.0016181229773462784,0.0032154340836012866,raja,S4/S04_20170606_045500_3,all_channel,mean,mean__all_channel__E117,32,61,"[0, 3, 6, 7, 9, 11, 12, 15, 18, 19, 20, 21, 22, 24, 25, 26, 27, 28, 30, 31, 32, 33, 34, 35, 36, 38, 39, 40, 41, 43, 44, 45, 46, 47, 48, 49, 50, 51, 52, 53, 54, 55, 56, 57, 58, 59, 60]",47,False,0.0005491718629237604,-8.82309682904292e-08,0.00018308669796401696,30.0
E98,10,10,2,8,1234,0.2,0.0016181229773462784,0.003210272873194222,raja,S4/S04_20170606_045500_3,all_channel,mean,mean__all_channel__E98,32,61,"[0, 3, 6, 7, 9, 11, 12, 15, 18, 19, 20, 21, 22, 24, 25, 26, 27, 28, 30, 31, 32, 33, 34, 35, 36, 38, 39, 40, 41, 43, 44, 45, 46, 47, 48, 49, 50, 51, 52, 53, 54, 55, 56, 57, 58, 59, 60]",47,False,9.26930846870513e-05,-6.163508125949942e-08,3.091823992277027e-05,30.0
E9,1251,1251,1212,39,24,0.9688249400479616,0.9805825242718447,0.9746682750301567,raja,S4/S04_20170606_045500_3,frontal,median,median__frontal__E9,6,61,"[3, 26, 27, 47, 48, 49, 54, 57, 60]",9,False,4.596792818066773e-05,-6.385979304644107e-06,1.7451302495103947e-05,30.0
E22,1213,1213,1175,38,61,0.9686727122835944,0.9506472491909385,0.9595753368721927,raja,S4/S04_20170606_045500_3,frontal,median,median__frontal__E22,6,61,"[3, 26, 27, 47, 48, 49, 54, 57, 60]",9,False,4.8949285168722344e-05,-5.508380079153905e-06,1.8152555082625414e-05,30.0
E3,1157,1157,1117,40,119,0.9654278305963699,0.9037216828478964,0.9335562055996657,raja,S4/S04_20170606_045500_3,frontal,median,median__frontal__E3,6,61,"[3, 26, 27, 47, 48, 49, 54, 57, 60]",9,False,3.41589786192366e-05,-3.236784224506263e-06,1.246525428124762e-05,30.0
E23,740,740,709,31,527,0.9581081081081081,0.5736245954692557,0.7176113360323886,raja,S4/S04_20170606_045500_3,frontal,median,median__frontal__E23,6,61,"[3, 26, 27, 47, 48, 49, 54, 57, 60]",9,False,3.6702804696433025e-05,-2.161759993128978e-06,1.2954854896520667e-05,30.0
E24,24,24,10,14,1226,0.4166666666666667,0.008090614886731391,0.01587301587301587,raja,S4/S04_20170606_045500_3,frontal,median,median__frontal__E24,6,61,"[3, 26, 27, 47, 48, 49, 54, 57, 60]",9,False,4.722088110625855e-05,-4.054209315134869e-07,1.587543401259068e-05,30.0
E124,11,11,5,6,1231,0.45454545454545453,0.0040453074433656954,0.00801924619085806,raja,S4/S04_20170606_045500_3,frontal,median,median__frontal__E124,6,61,"[3, 26, 27, 47, 48, 49, 54, 57, 60]",9,False,0.00027686444392171995,9.648445552212194e-07,9.196653312216624e-05,30.0
E9,1238,1238,1202,36,34,0.9709208400646203,0.9724919093851133,0.9717057396928052,raja,S4/S04_20170606_045500_3,frontal,mean,mean__frontal__E9,6,61,"[3, 26, 27, 47, 48, 49, 54, 57, 60]",9,False,5.225966929969392e-05,-9.42381856179228e-08,1.7451302495103947e-05,30.0
E22,1191,1191,1151,40,85,0.966414777497901,0.9312297734627831,0.9484960857025134,raja,S4/S04_20170606_045500_3,frontal,mean,mean__frontal__E22,6,61,"[3, 26, 27, 47, 48, 49, 54, 57, 60]",9,False,5.4270847729554726e-05,-1.8681751832151933e-07,1.8152555082625414e-05,30.0
E3,1101,1101,1064,37,172,0.9663941871026339,0.86084142394822,0.910569105691057,raja,S4/S04_20170606_045500_3,frontal,mean,mean__frontal__E3,6,61,"[3, 26, 27, 47, 48, 49, 54, 57, 60]",9,False,3.7314649600544494e-05,-8.111324319837087e-08,1.246525428124762e-05,30.0
E23,662,662,637,25,599,0.9622356495468278,0.5153721682847896,0.6712328767123288,raja,S4/S04_20170606_045500_3,frontal,mean,mean__frontal__E23,6,61,"[3, 26, 27, 47, 48, 49, 54, 57, 60]",9,False,3.86284461647513e-05,-2.361185248107024e-07,1.2954854896520667e-05,30.0
E24,24,24,10,14,1226,0.4166666666666667,0.008090614886731391,0.01587301587301587,raja,S4/S04_20170606_045500_3,frontal,mean,mean__frontal__E24,6,61,"[3, 26, 27, 47, 48, 49, 54, 57, 60]",9,False,4.752924989088935e-05,-9.705214688268647e-08,1.587543401259068e-05,30.0
E124,11,11,5,6,1231,0.45454545454545453,0.0040453074433656954,0.00801924619085806,raja,S4/S04_20170606_045500_3,frontal,mean,mean__frontal__E124,6,61,"[3, 26, 27, 47, 48, 49, 54, 57, 60]",9,False,0.0002756345726448502,-2.650267216485295e-07,9.196653312216624e-05,30.0
E22,931,931,905,26,331,0.9720730397422127,0.732200647249191,0.8352561144439317,raja,S4/S04_20170606_045500_3,frontal_left,median,median__frontal_left__E22,3,61,"[3, 26, 27, 47, 48]",5,False,7.661687291595898e-05,-5.861542808587308e-06,2.749280524151543e-05,30.0
E23,315,315,296,19,940,0.9396825396825397,0.23948220064724918,0.38168923275306255,raja,S4/S04_20170606_045500_3,frontal_left,median,median__frontal_left__E23,3,61,"[3, 26, 27, 47, 48]",5,False,4.7443455391203994e-05,-2.3890102440013335e-06,1.6610821878401777e-05,30.0
E24,24,24,10,14,1226,0.4166666666666667,0.008090614886731391,0.01587301587301587,raja,S4/S04_20170606_045500_3,frontal_left,median,median__frontal_left__E24,3,61,"[3, 26, 27, 47, 48]",5,False,4.7002952811600284e-05,-4.1829902129702293e-07,1.5807083944299103e-05,30.0
E22,817,817,795,22,441,0.9730722154222766,0.6432038834951457,0.7744763760350707,raja,S4/S04_20170606_045500_3,frontal_left,mean,mean__frontal_left__E22,3,61,"[3, 26, 27, 47, 48]",5,False,8.215163661885005e-05,-3.2677910569624764e-07,2.749280524151543e-05,30.0
E23,245,245,228,17,1008,0.9306122448979591,0.18446601941747573,0.3079000675219446,raja,S4/S04_20170606_045500_3,frontal_left,mean,mean__frontal_left__E23,3,61,"[3, 26, 27, 47, 48]",5,False,4.951789640376644e-05,-3.1456923143888314e-07,1.6610821878401777e-05,30.0
E24,24,24,10,14,1226,0.4166666666666667,0.008090614886731391,0.01587301587301587,raja,S4/S04_20170606_045500_3,frontal_left,mean,mean__frontal_left__E24,3,61,"[3, 26, 27, 47, 48]",5,False,4.7306903156759426e-05,-1.1434867613787993e-07,1.5807083944299103e-05,30.0
E9,1250,1250,1211,39,25,0.9688,0.9797734627831716,0.9742558326629124,raja,S4/S04_20170606_045500_3,frontal_right,median,median__frontal_right__E9,3,61,"[3, 26, 47, 48, 49, 54, 57, 60]",8,False,4.653959839360136e-05,-6.079051051877741e-06,1.75395498151597e-05,30.0
E3,1155,1155,1115,40,121,0.9653679653679653,0.9021035598705501,0.9326641572563781,raja,S4/S04_20170606_045500_3,frontal_right,median,median__frontal_right__E3,3,61,"[3, 26, 47, 48, 49, 54, 57, 60]",8,False,3.476085634099627e-05,-3.0190669112835273e-06,1.259330775075993e-05,30.0
E124,10,10,5,5,1231,0.5,0.0040453074433656954,0.008025682182985553,raja,S4/S04_20170606_045500_3,frontal_right,median,median__frontal_right__E124,3,61,"[3, 26, 47, 48, 49, 54, 57, 60]",8,False,0.0002817713017723241,1.0875550636279675e-06,9.35612489028987e-05,30.0
E9,1237,1237,1201,36,35,0.9708973322554567,0.9716828478964401,0.9712899312575818,raja,S4/S04_20170606_045500_3,frontal_right,mean,mean__frontal_right__E9,3,61,"[3, 26, 47, 48, 49, 54, 57, 60]",8,False,5.251944740856815e-05,-9.92020369109511e-08,1.75395498151597e-05,30.0
E3,1094,1094,1057,37,179,0.9661791590493601,0.8551779935275081,0.9072961373390558,raja,S4/S04_20170606_045500_3,frontal_right,mean,mean__frontal_right__E3,3,61,"[3, 26, 47, 48, 49, 54, 57, 60]",8,False,3.7709162192378236e-05,-7.076105990156234e-08,1.259330775075993e-05,30.0
E124,10,10,5,5,1231,0.5,0.0040453074433656954,0.008025682182985553,raja,S4/S04_20170606_045500_3,frontal_right,mean,mean__frontal_right__E124,3,61,"[3, 26, 47, 48, 49, 54, 57, 60]",8,False,0.0002802917491479294,-3.919975607667002e-07,9.35612489028987e-05,30.0
E9,1236,1236,1214,22,22,0.982200647249191,0.982200647249191,0.982200647249191,raja,S4/S04_20170606_045500_3,all_channel,median,median__all_channel__E9,32,45,"[0, 2, 4, 5, 7, 8, 9, 11, 13, 14, 15, 16, 17, 18, 19, 20, 21, 23, 24, 26, 28, 29, 30, 31, 32, 34, 35, 36, 37, 38, 39, 40, 41, 42, 43, 44]",36,False,4.5754644954925305e-05,-6.090113351632841e-06,1.7281586102186047e-05,40.0
E22,1210,1210,1188,22,48,0.9818181818181818,0.9611650485436893,0.9713818479149632,raja,S4/S04_20170606_045500_3,all_channel,median,median__all_channel__E22,32,45,"[0, 2, 4, 5, 7, 8, 9, 11, 13, 14, 15, 16, 17, 18, 19, 20, 21, 23, 24, 26, 28, 29, 30, 31, 32, 34, 35, 36, 37, 38, 39, 40, 41, 42, 43, 44]",36,False,4.526536176357516e-05,-5.486287208787939e-06,1.691721632412103e-05,40.0
E3,1156,1156,1127,29,109,0.9749134948096886,0.9118122977346278,0.9423076923076923,raja,S4/S04_20170606_045500_3,all_channel,median,median__all_channel__E3,32,45,"[0, 2, 4, 5, 7, 8, 9, 11, 13, 14, 15, 16, 17, 18, 19, 20, 21, 23, 24, 26, 28, 29, 30, 31, 32, 34, 35, 36, 37, 38, 39, 40, 41, 42, 43, 44]",36,False,3.367963710897558e-05,-3.130106003936071e-06,1.2269914370970552e-05,40.0
E23,897,897,869,28,367,0.9687848383500557,0.7030744336569579,0.8148148148148148,raja,S4/S04_20170606_045500_3,all_channel,median,median__all_channel__E23,32,45,"[0, 2, 4, 5, 7, 8, 9, 11, 13, 14, 15, 16, 17, 18, 19, 20, 21, 23, 24, 26, 28, 29, 30, 31, 32, 34, 35, 36, 37, 38, 39, 40, 41, 42, 43, 44]",36,False,3.2434558929887536e-05,-2.2775691446671116e-06,1.1570709358184882e-05,40.0
E26,776,776,717,59,519,0.9239690721649485,0.5800970873786407,0.7127236580516898,raja,S4/S04_20170606_045500_3,all_channel,median,median__all_channel__E26,32,45,"[0, 2, 4, 5, 7, 8, 9, 11, 13, 14, 15, 16, 17, 18, 19, 20, 21, 23, 24, 26, 28, 29, 30, 31, 32, 34, 35, 36, 37, 38, 39, 40, 41, 42, 43, 44]",36,False,2.797405400178092e-05,-1.811968091486829e-06,9.928674031089249e-06,40.0
E122,173,173,129,44,1107,0.7456647398843931,0.10436893203883495,0.1831085876508162,raja,S4/S04_20170606_045500_3,all_channel,median,median__all_channel__E122,32,45,"[0, 2, 4, 5, 7, 8, 9, 11, 13, 14, 15, 16, 17, 18, 19, 20, 21, 23, 24, 26, 28, 29, 30, 31, 32, 34, 35, 36, 37, 38, 39, 40, 41, 42, 43, 44]",36,False,2.245929272210182e-05,-3.217079733136857e-07,7.593666898471835e-06,40.0
E62,157,157,41,116,1195,0.2611464968152866,0.03317152103559871,0.05886575735821967,raja,S4/S04_20170606_045500_3,all_channel,median,median__all_channel__E62,32,45,"[0, 2, 4, 5, 7, 8, 9, 11, 13, 14, 15, 16, 17, 18, 19, 20, 21, 23, 24, 26, 28, 29, 30, 31, 32, 34, 35, 36, 37, 38, 39, 40, 41, 42, 43, 44]",36,False,3.796577793831441e-05,3.114934809570057e-07,1.2551428152452467e-05,40.0
E67,160,160,41,119,1195,0.25625,0.03317152103559871,0.05873925501432665,raja,S4/S04_20170606_045500_3,all_channel,median,median__all_channel__E67,32,45,"[0, 2, 4, 5, 7, 8, 9, 11, 13, 14, 15, 16, 17, 18, 19, 20, 21, 23, 24, 26, 28, 29, 30, 31, 32, 34, 35, 36, 37, 38, 39, 40, 41, 42, 43, 44]",36,False,3.7330526712478066e-05,4.185447767415728e-07,1.230399397857883e-05,40.0
E33,128,128,36,92,1200,0.28125,0.02912621359223301,0.05278592375366569,raja,S4/S04_20170606_045500_3,all_channel,median,median__all_channel__E33,32,45,"[0, 2, 4, 5, 7, 8, 9, 11, 13, 14, 15, 16, 17, 18, 19, 20, 21, 23, 24, 26, 28, 29, 30, 31, 32, 34, 35, 36, 37, 38, 39, 40, 41, 42, 43, 44]",36,False,1.887102190495002e-05,-8.109155355250239e-08,6.317371152834174e-06,40.0
E11,36,36,33,3,1203,0.9166666666666666,0.02669902912621359,0.051886792452830184,raja,S4/S04_20170606_045500_3,all_channel,median,median__all_channel__E11,32,45,"[0, 2, 4, 5, 7, 8, 9, 11, 13, 14, 15, 16, 17, 18, 19, 20, 21, 23, 24, 26, 28, 29, 30, 31, 32, 34, 35, 36, 37, 38, 39, 40, 41, 42, 43, 44]",36,False,6.429616057969876e-05,-6.537332709407099e-07,2.1649964616879824e-05,40.0
E28,86,86,29,57,1207,0.3372093023255814,0.023462783171521034,0.04387291981845688,raja,S4/S04_20170606_045500_3,all_channel,median,median__all_channel__E28,32,45,"[0, 2, 4, 5, 7, 8, 9, 11, 13, 14, 15, 16, 17, 18, 19, 20, 21, 23, 24, 26, 28, 29, 30, 31, 32, 34, 35, 36, 37, 38, 39, 40, 41, 42, 43, 44]",36,False,1.932413341358774e-05,-1.1138291607399108e-07,6.478505443220577e-06,40.0
E75,127,127,26,101,1210,0.2047244094488189,0.021035598705501618,0.03815113719735877,raja,S4/S04_20170606_045500_3,all_channel,median,median__all_channel__E75,32,45,"[0, 2, 4, 5, 7, 8, 9, 11, 13, 14, 15, 16, 17, 18, 19, 20, 21, 23, 24, 26, 28, 29, 30, 31, 32, 34, 35, 36, 37, 38, 39, 40, 41, 42, 43, 44]",36,False,3.066206180593286e-05,8.061870824804074e-07,9.951958241150818e-06,40.0
E24,34,34,18,16,1218,0.5294117647058824,0.014563106796116505,0.028346456692913385,raja,S4/S04_20170606_045500_3,all_channel,median,median__all_channel__E24,32,45,"[0, 2, 4, 5, 7, 8, 9, 11, 13, 14, 15, 16, 17, 18, 19, 20, 21, 23, 24, 26, 28, 29, 30, 31, 32, 34, 35, 36, 37, 38, 39, 40, 41, 42, 43, 44]",36,False,3.959390079632965e-05,-2.6686331190273456e-07,1.3286921369410795e-05,40.0
E84,87,87,18,69,1218,0.20689655172413793,0.014563106796116505,0.0272108843537415,raja,S4/S04_20170606_045500_3,all_channel,median,median__all_channel__E84,32,45,"[0, 2, 4, 5, 7, 8, 9, 11, 13, 14, 15, 16, 17, 18, 19, 20, 21, 23, 24, 26, 28, 29, 30, 31, 32, 34, 35, 36, 37, 38, 39, 40, 41, 42, 43, 44]",36,False,2.6333254334319833e-05,6.415265766575214e-07,8.563909252554104e-06,40.0
E60,99,99,18,81,1218,0.18181818181818182,0.014563106796116505,0.02696629213483146,raja,S4/S04_20170606_045500_3,all_channel,median,median__all_channel__E60,32,45,"[0, 2, 4, 5, 7, 8, 9, 11, 13, 14, 15, 16, 17, 18, 19, 20, 21, 23, 24, 26, 28, 29, 30, 31, 32, 34, 35, 36, 37, 38, 39, 40, 41, 42, 43, 44]",36,False,5.0166055685730814e-05,2.1028361782524733e-07,1.6651924022635188e-05,40.0
E104,66,66,17,49,1219,0.25757575757575757,0.013754045307443365,0.026113671274961597,raja,S4/S04_20170606_045500_3,all_channel,median,median__all_channel__E104,32,45,"[0, 2, 4, 5, 7, 8, 9, 11, 13, 14, 15, 16, 17, 18, 19, 20, 21, 23, 24, 26, 28, 29, 30, 31, 32, 34, 35, 36, 37, 38, 39, 40, 41, 42, 43, 44]",36,False,1.9229542870087735e-05,1.5132819433452415e-07,6.359404891917737e-06,40.0
E40,72,72,17,55,1219,0.2361111111111111,0.013754045307443365,0.02599388379204893,raja,S4/S04_20170606_045500_3,all_channel,median,median__all_channel__E40,32,45,"[0, 2, 4, 5, 7, 8, 9, 11, 13, 14, 15, 16, 17, 18, 19, 20, 21, 23, 24, 26, 28, 29, 30, 31, 32, 34, 35, 36, 37, 38, 39, 40, 41, 42, 43, 44]",36,False,2.022610964161954e-05,2.782622732634117e-07,6.649282456118709e-06,40.0
E109,81,81,17,64,1219,0.20987654320987653,0.013754045307443365,0.025816249050873194,raja,S4/S04_20170606_045500_3,all_channel,median,median__all_channel__E109,32,45,"[0, 2, 4, 5, 7, 8, 9, 11, 13, 14, 15, 16, 17, 18, 19, 20, 21, 23, 24, 26, 28, 29, 30, 31, 32, 34, 35, 36, 37, 38, 39, 40, 41, 42, 43, 44]",36,False,1.892106669849892e-05,1.7831740085987073e-07,6.247583099213017e-06,40.0
E77,89,89,15,74,1221,0.16853932584269662,0.012135922330097087,0.022641509433962266,raja,S4/S04_20170606_045500_3,all_channel,median,median__all_channel__E77,32,45,"[0, 2, 4, 5, 7, 8, 9, 11, 13, 14, 15, 16, 17, 18, 19, 20, 21, 23, 24, 26, 28, 29, 30, 31, 32, 34, 35, 36, 37, 38, 39, 40, 41, 42, 43, 44]",36,False,2.4043019405137094e-05,5.315359542482494e-07,7.837161150296281e-06,40.0
E37,37,37,14,23,1222,0.3783783783783784,0.011326860841423949,0.021995286724273373,raja,S4/S04_20170606_045500_3,all_channel,median,median__all_channel__E37,32,45,"[0, 2, 4, 5, 7, 8, 9, 11, 13, 14, 15, 16, 17, 18, 19, 20, 21, 23, 24, 26, 28, 29, 30, 31, 32, 34, 35, 36, 37, 38, 39, 40, 41, 42, 43, 44]",36,False,3.7790734697708334e-05,2.0352593150711336e-07,1.2529069588733742e-05,40.0
E70,83,83,14,69,1222,0.1686746987951807,0.011326860841423949,0.02122820318423048,raja,S4/S04_20170606_045500_3,all_channel,median,median__all_channel__E70,32,45,"[0, 2, 4, 5, 7, 8, 9, 11, 13, 14, 15, 16, 17, 18, 19, 20, 21, 23, 24, 26, 28, 29, 30, 31, 32, 34, 35, 36, 37, 38, 39, 40, 41, 42, 43, 44]",36,False,2.5996765133841478e-05,7.751625605950162e-07,8.40720085774882e-06,40.0
E85,78,78,12,66,1224,0.15384615384615385,0.009708737864077669,0.0182648401826484,raja,S4/S04_20170606_045500_3,all_channel,median,median__all_channel__E85,32,45,"[0, 2, 4, 5, 7, 8, 9, 11, 13, 14, 15, 16, 17, 18, 19, 20, 21, 23, 24, 26, 28, 29, 30, 31, 32, 34, 35, 36, 37, 38, 39, 40, 41, 42, 43, 44]",36,False,2.2210671230475833e-05,5.924702245141667e-07,7.206067001987222e-06,40.0
E59,42,42,10,32,1226,0.23809523809523808,0.008090614886731391,0.01564945226917058,raja,S4/S04_20170606_045500_3,all_channel,median,median__all_channel__E59,32,45,"[0, 2, 4, 5, 7, 8, 9, 11, 13, 14, 15, 16, 17, 18, 19, 20, 21, 23, 24, 26, 28, 29, 30, 31, 32, 34, 35, 36, 37, 38, 39, 40, 41, 42, 43, 44]",36,False,3.2265312221808415e-05,4.0073131013854066e-07,1.0621526970556624e-05,40.0
E91,92,92,10,82,1226,0.10869565217391304,0.008090614886731391,0.01506024096385542,raja,S4/S04_20170606_045500_3,all_channel,median,median__all_channel__E91,32,45,"[0, 2, 4, 5, 7, 8, 9, 11, 13, 14, 15, 16, 17, 18, 19, 20, 21, 23, 24, 26, 28, 29, 30, 31, 32, 34, 35, 36, 37, 38, 39, 40, 41, 42, 43, 44]",36,False,2.3097012766428352e-05,6.730749976563701e-07,7.474645922923994e-06,40.0
E124,25,25,9,16,1227,0.36,0.007281553398058253,0.014274385408406027,raja,S4/S04_20170606_045500_3,all_channel,median,median__all_channel__E124,32,45,"[0, 2, 4, 5, 7, 8, 9, 11, 13, 14, 15, 16, 17, 18, 19, 20, 21, 23, 24, 26, 28, 29, 30, 31, 32, 34, 35, 36, 37, 38, 39, 40, 41, 42, 43, 44]",36,False,0.0002320712609643301,3.40815080208178e-07,7.724348196137397e-05,40.0
E112,29,29,9,20,1227,0.3103448275862069,0.007281553398058253,0.014229249011857709,raja,S4/S04_20170606_045500_3,all_channel,median,median__all_channel__E112,32,45,"[0, 2, 4, 5, 7, 8, 9, 11, 13, 14, 15, 16, 17, 18, 19, 20, 21, 23, 24, 26, 28, 29, 30, 31, 32, 34, 35, 36, 37, 38, 39, 40, 41, 42, 43, 44]",36,False,0.00011037181656462945,2.0090808982488718e-07,3.672363615826819e-05,40.0
E83,66,66,8,58,1228,0.12121212121212122,0.006472491909385114,0.01228878648233487,raja,S4/S04_20170606_045500_3,all_channel,median,median__all_channel__E83,32,45,"[0, 2, 4, 5, 7, 8, 9, 11, 13, 14, 15, 16, 17, 18, 19, 20, 21, 23, 24, 26, 28, 29, 30, 31, 32, 34, 35, 36, 37, 38, 39, 40, 41, 42, 43, 44]",36,False,2.999087616847277e-05,8.276466479256199e-07,9.72107650684905e-06,40.0
E47,60,60,7,53,1229,0.11666666666666667,0.0056634304207119745,0.010802469135802469,raja,S4/S04_20170606_045500_3,all_channel,median,median__all_channel__E47,32,45,"[0, 2, 4, 5, 7, 8, 9, 11, 13, 14, 15, 16, 17, 18, 19, 20, 21, 23, 24, 26, 28, 29, 30, 31, 32, 34, 35, 36, 37, 38, 39, 40, 41, 42, 43, 44]",36,False,8.9102481151797e-05,-1.7301379844863666e-06,3.0277539712094455e-05,40.0
E13,8,8,5,3,1231,0.625,0.0040453074433656954,0.008038585209003215,raja,S4/S04_20170606_045500_3,all_channel,median,median__all_channel__E13,32,45,"[0, 2, 4, 5, 7, 8, 9, 11, 13, 14, 15, 16, 17, 18, 19, 20, 21, 23, 24, 26, 28, 29, 30, 31, 32, 34, 35, 36, 37, 38, 39, 40, 41, 42, 43, 44]",36,False,7.494219980467912e-05,1.3317363421985785e-07,2.4936342056819755e-05,40.0
E87,17,17,5,12,1231,0.29411764705882354,0.0040453074433656954,0.007980845969672785,raja,S4/S04_20170606_045500_3,all_channel,median,median__all_channel__E87,32,45,"[0, 2, 4, 5, 7, 8, 9, 11, 13, 14, 15, 16, 17, 18, 19, 20, 21, 23, 24, 26, 28, 29, 30, 31, 32, 34, 35, 36, 37, 38, 39, 40, 41, 42, 43, 44]",36,False,5.609244063720067e-05,1.452006229274404e-07,1.8649080004757743e-05,40.0
E117,11,11,3,8,1233,0.2727272727272727,0.0024271844660194173,0.0048115477145148355,raja,S4/S04_20170606_045500_3,all_channel,median,median__all_channel__E117,32,45,"[0, 2, 4, 5, 7, 8, 9, 11, 13, 14, 15, 16, 17, 18, 19, 20, 21, 23, 24, 26, 28, 29, 30, 31, 32, 34, 35, 36, 37, 38, 39, 40, 41, 42, 43, 44]",36,False,0.0005413861945416119,9.226766935784131e-07,0.0001801545059493445,40.0
E98,11,11,2,9,1234,0.18181818181818182,0.0016181229773462784,0.0032076984763432237,raja,S4/S04_20170606_045500_3,all_channel,median,median__all_channel__E98,32,45,"[0, 2, 4, 5, 7, 8, 9, 11, 13, 14, 15, 16, 17, 18, 19, 20, 21, 23, 24, 26, 28, 29, 30, 31, 32, 34, 35, 36, 37, 38, 39, 40, 41, 42, 43, 44]",36,False,8.994584550578897e-05,3.4883494943530245e-07,2.986567018545122e-05,40.0
E9,1225,1225,1205,20,31,0.9836734693877551,0.9749190938511327,0.9792767167817961,raja,S4/S04_20170606_045500_3,all_channel,mean,mean__all_channel__E9,32,45,"[0, 2, 4, 5, 7, 8, 9, 11, 13, 14, 15, 16, 17, 18, 19, 20, 21, 23, 24, 26, 28, 29, 30, 31, 32, 34, 35, 36, 37, 38, 39, 40, 41, 42, 43, 44]",36,False,5.1873084493157855e-05,2.8326186599709072e-08,1.7281586102186047e-05,40.0
E22,1192,1192,1168,24,68,0.9798657718120806,0.9449838187702265,0.9621087314662273,raja,S4/S04_20170606_045500_3,all_channel,mean,mean__all_channel__E22,32,45,"[0, 2, 4, 5, 7, 8, 9, 11, 13, 14, 15, 16, 17, 18, 19, 20, 21, 23, 24, 26, 28, 29, 30, 31, 32, 34, 35, 36, 37, 38, 39, 40, 41, 42, 43, 44]",36,False,5.0744073503088e-05,-7.575469275089127e-09,1.691721632412103e-05,40.0
E3,1111,1111,1083,28,153,0.9747974797479748,0.8762135922330098,0.9228802726885387,raja,S4/S04_20170606_045500_3,all_channel,mean,mean__all_channel__E3,32,45,"[0, 2, 4, 5, 7, 8, 9, 11, 13, 14, 15, 16, 17, 18, 19, 20, 21, 23, 24, 26, 28, 29, 30, 31, 32, 34, 35, 36, 37, 38, 39, 40, 41, 42, 43, 44]",36,False,3.681055173524086e-05,8.0862232920335e-10,1.2269914370970552e-05,40.0
E23,797,797,769,28,467,0.9648682559598495,0.622168284789644,0.7565174618789965,raja,S4/S04_20170606_045500_3,all_channel,mean,mean__all_channel__E23,32,45,"[0, 2, 4, 5, 7, 8, 9, 11, 13, 14, 15, 16, 17, 18, 19, 20, 21, 23, 24, 26, 28, 29, 30, 31, 32, 34, 35, 36, 37, 38, 39, 40, 41, 42, 43, 44]",36,False,3.471096539386259e-05,-1.1626806920500575e-09,1.1570709358184882e-05,40.0
E26,696,696,649,47,587,0.9324712643678161,0.5250809061488673,0.6718426501035196,raja,S4/S04_20170606_045500_3,all_channel,mean,mean__all_channel__E26,32,45,"[0, 2, 4, 5, 7, 8, 9, 11, 13, 14, 15, 16, 17, 18, 19, 20, 21, 23, 24, 26, 28, 29, 30, 31, 32, 34, 35, 36, 37, 38, 39, 40, 41, 42, 43, 44]",36,False,2.977329588428797e-05,-1.2726208979778094e-08,9.928674031089249e-06,40.0
E122,156,156,116,40,1120,0.7435897435897436,0.09385113268608414,0.16666666666666666,raja,S4/S04_20170606_045500_3,all_channel,mean,mean__all_channel__E122,32,45,"[0, 2, 4, 5, 7, 8, 9, 11, 13, 14, 15, 16, 17, 18, 19, 20, 21, 23, 24, 26, 28, 29, 30, 31, 32, 34, 35, 36, 37, 38, 39, 40, 41, 42, 43, 44]",36,False,2.2776900312063738e-05,-4.100383351766961e-09,7.593666898471835e-06,40.0
E67,163,163,42,121,1194,0.25766871165644173,0.03398058252427184,0.060042887776983564,raja,S4/S04_20170606_045500_3,all_channel,mean,mean__all_channel__E67,32,45,"[0, 2, 4, 5, 7, 8, 9, 11, 13, 14, 15, 16, 17, 18, 19, 20, 21, 23, 24, 26, 28, 29, 30, 31, 32, 34, 35, 36, 37, 38, 39, 40, 41, 42, 43, 44]",36,False,3.6880602549351295e-05,-3.137938638519858e-08,1.230399397857883e-05,40.0
E62,161,161,41,120,1195,0.2546583850931677,0.03317152103559871,0.05869720830350751,raja,S4/S04_20170606_045500_3,all_channel,mean,mean__all_channel__E62,32,45,"[0, 2, 4, 5, 7, 8, 9, 11, 13, 14, 15, 16, 17, 18, 19, 20, 21, 23, 24, 26, 28, 29, 30, 31, 32, 34, 35, 36, 37, 38, 39, 40, 41, 42, 43, 44]",36,False,3.7721935628168935e-05,6.765117081153076e-08,1.2551428152452467e-05,40.0
E33,126,126,36,90,1200,0.2857142857142857,0.02912621359223301,0.05286343612334802,raja,S4/S04_20170606_045500_3,all_channel,mean,mean__all_channel__E33,32,45,"[0, 2, 4, 5, 7, 8, 9, 11, 13, 14, 15, 16, 17, 18, 19, 20, 21, 23, 24, 26, 28, 29, 30, 31, 32, 34, 35, 36, 37, 38, 39, 40, 41, 42, 43, 44]",36,False,1.893494294528608e-05,-1.7170513216441885e-08,6.317371152834174e-06,40.0
E11,33,33,30,3,1206,0.9090909090909091,0.024271844660194174,0.04728132387706856,raja,S4/S04_20170606_045500_3,all_channel,mean,mean__all_channel__E11,32,45,"[0, 2, 4, 5, 7, 8, 9, 11, 13, 14, 15, 16, 17, 18, 19, 20, 21, 23, 24, 26, 28, 29, 30, 31, 32, 34, 35, 36, 37, 38, 39, 40, 41, 42, 43, 44]",36,False,6.496200173832673e-05,1.2107887687274376e-08,2.1649964616879824e-05,40.0
E28,83,83,28,55,1208,0.3373493975903614,0.022653721682847898,0.04245640636846096,raja,S4/S04_20170606_045500_3,all_channel,mean,mean__all_channel__E28,32,45,"[0, 2, 4, 5, 7, 8, 9, 11, 13, 14, 15, 16, 17, 18, 19, 20, 21, 23, 24, 26, 28, 29, 30, 31, 32, 34, 35, 36, 37, 38, 39, 40, 41, 42, 43, 44]",36,False,1.9429424680021387e-05,-6.091649640344302e-09,6.478505443220577e-06,40.0
E75,133,133,26,107,1210,0.19548872180451127,0.021035598705501618,0.03798392987582176,raja,S4/S04_20170606_045500_3,all_channel,mean,mean__all_channel__E75,32,45,"[0, 2, 4, 5, 7, 8, 9, 11, 13, 14, 15, 16, 17, 18, 19, 20, 21, 23, 24, 26, 28, 29, 30, 31, 32, 34, 35, 36, 37, 38, 39, 40, 41, 42, 43, 44]",36,False,2.997665507665605e-05,1.207803532035944e-07,9.951958241150818e-06,40.0
E109,84,84,18,66,1218,0.21428571428571427,0.014563106796116505,0.027272727272727275,raja,S4/S04_20170606_045500_3,all_channel,mean,mean__all_channel__E109,32,45,"[0, 2, 4, 5, 7, 8, 9, 11, 13, 14, 15, 16, 17, 18, 19, 20, 21, 23, 24, 26, 28, 29, 30, 31, 32, 34, 35, 36, 37, 38, 39, 40, 41, 42, 43, 44]",36,False,1.872897343688388e-05,-1.3775860755171894e-08,6.247583099213017e-06,40.0
E84,91,91,18,73,1218,0.1978021978021978,0.014563106796116505,0.02712886209495102,raja,S4/S04_20170606_045500_3,all_channel,mean,mean__all_channel__E84,32,45,"[0, 2, 4, 5, 7, 8, 9, 11, 13, 14, 15, 16, 17, 18, 19, 20, 21, 23, 24, 26, 28, 29, 30, 31, 32, 34, 35, 36, 37, 38, 39, 40, 41, 42, 43, 44]",36,False,2.5682232326560566e-05,-9.49543110174484e-09,8.563909252554104e-06,40.0
E60,98,98,18,80,1218,0.1836734693877551,0.014563106796116505,0.026986506746626688,raja,S4/S04_20170606_045500_3,all_channel,mean,mean__all_channel__E60,32,45,"[0, 2, 4, 5, 7, 8, 9, 11, 13, 14, 15, 16, 17, 18, 19, 20, 21, 23, 24, 26, 28, 29, 30, 31, 32, 34, 35, 36, 37, 38, 39, 40, 41, 42, 43, 44]",36,False,4.9944076102982214e-05,-1.1695964923347556e-08,1.6651924022635188e-05,40.0
E24,32,32,17,15,1219,0.53125,0.013754045307443365,0.026813880126182965,raja,S4/S04_20170606_045500_3,all_channel,mean,mean__all_channel__E24,32,45,"[0, 2, 4, 5, 7, 8, 9, 11, 13, 14, 15, 16, 17, 18, 19, 20, 21, 23, 24, 26, 28, 29, 30, 31, 32, 34, 35, 36, 37, 38, 39, 40, 41, 42, 43, 44]",36,False,3.9852469617084576e-05,-8.294491147810122e-09,1.3286921369410795e-05,40.0
E104,69,69,17,52,1219,0.2463768115942029,0.013754045307443365,0.026053639846743294,raja,S4/S04_20170606_045500_3,all_channel,mean,mean__all_channel__E104,32,45,"[0, 2, 4, 5, 7, 8, 9, 11, 13, 14, 15, 16, 17, 18, 19, 20, 21, 23, 24, 26, 28, 29, 30, 31, 32, 34, 35, 36, 37, 38, 39, 40, 41, 42, 43, 44]",36,False,1.907218322758399e-05,-6.031448169218451e-09,6.359404891917737e-06,40.0
E40,75,75,17,58,1219,0.22666666666666666,0.013754045307443365,0.02593440122044241,raja,S4/S04_20170606_045500_3,all_channel,mean,mean__all_channel__E40,32,45,"[0, 2, 4, 5, 7, 8, 9, 11, 13, 14, 15, 16, 17, 18, 19, 20, 21, 23, 24, 26, 28, 29, 30, 31, 32, 34, 35, 36, 37, 38, 39, 40, 41, 42, 43, 44]",36,False,1.9936937622942416e-05,-1.0909745413711546e-08,6.649282456118709e-06,40.0
E77,99,99,15,84,1221,0.15151515151515152,0.012135922330097087,0.02247191011235955,raja,S4/S04_20170606_045500_3,all_channel,mean,mean__all_channel__E77,32,45,"[0, 2, 4, 5, 7, 8, 9, 11, 13, 14, 15, 16, 17, 18, 19, 20, 21, 23, 24, 26, 28, 29, 30, 31, 32, 34, 35, 36, 37, 38, 39, 40, 41, 42, 43, 44]",36,False,2.353291140700053e-05,2.1427956111683783e-08,7.837161150296281e-06,40.0
E37,37,37,14,23,1222,0.3783783783783784,0.011326860841423949,0.021995286724273373,raja,S4/S04_20170606_045500_3,all_channel,mean,mean__all_channel__E37,32,45,"[0, 2, 4, 5, 7, 8, 9, 11, 13, 14, 15, 16, 17, 18, 19, 20, 21, 23, 24, 26, 28, 29, 30, 31, 32, 34, 35, 36, 37, 38, 39, 40, 41, 42, 43, 44]",36,False,3.76156981346699e-05,2.848936846867556e-08,1.2529069588733742e-05,40.0
E70,94,94,14,80,1222,0.14893617021276595,0.011326860841423949,0.021052631578947368,raja,S4/S04_20170606_045500_3,all_channel,mean,mean__all_channel__E70,32,45,"[0, 2, 4, 5, 7, 8, 9, 11, 13, 14, 15, 16, 17, 18, 19, 20, 21, 23, 24, 26, 28, 29, 30, 31, 32, 34, 35, 36, 37, 38, 39, 40, 41, 42, 43, 44]",36,False,2.5232159904196423e-05,1.0557330949959642e-08,8.40720085774882e-06,40.0
E85,90,90,13,77,1223,0.14444444444444443,0.010517799352750809,0.0196078431372549,raja,S4/S04_20170606_045500_3,all_channel,mean,mean__all_channel__E85,32,45,"[0, 2, 4, 5, 7, 8, 9, 11, 13, 14, 15, 16, 17, 18, 19, 20, 21, 23, 24, 26, 28, 29, 30, 31, 32, 34, 35, 36, 37, 38, 39, 40, 41, 42, 43, 44]",36,False,2.1609177489676483e-05,-9.023516285185266e-09,7.206067001987222e-06,40.0
E59,44,44,11,33,1225,0.25,0.00889967637540453,0.0171875,raja,S4/S04_20170606_045500_3,all_channel,mean,mean__all_channel__E59,32,45,"[0, 2, 4, 5, 7, 8, 9, 11, 13, 14, 15, 16, 17, 18, 19, 20, 21, 23, 24, 26, 28, 29, 30, 31, 32, 34, 35, 36, 37, 38, 39, 40, 41, 42, 43, 44]",36,False,3.185045740368417e-05,-1.4123507985701361e-08,1.0621526970556624e-05,40.0
E91,100,100,11,89,1225,0.11,0.00889967637540453,0.016467065868263474,raja,S4/S04_20170606_045500_3,all_channel,mean,mean__all_channel__E91,32,45,"[0, 2, 4, 5, 7, 8, 9, 11, 13, 14, 15, 16, 17, 18, 19, 20, 21, 23, 24, 26, 28, 29, 30, 31, 32, 34, 35, 36, 37, 38, 39, 40, 41, 42, 43, 44]",36,False,2.2413293056511892e-05,-1.0644712260091247e-08,7.474645922923994e-06,40.0
E124,26,26,9,17,1227,0.34615384615384615,0.007281553398058253,0.014263074484944533,raja,S4/S04_20170606_045500_3,all_channel,mean,mean__all_channel__E124,32,45,"[0, 2, 4, 5, 7, 8, 9, 11, 13, 14, 15, 16, 17, 18, 19, 20, 21, 23, 24, 26, 28, 29, 30, 31, 32, 34, 35, 36, 37, 38, 39, 40, 41, 42, 43, 44]",36,False,0.00023169944362022248,-3.1002263899435656e-08,7.724348196137397e-05,40.0
E112,30,30,9,21,1227,0.3,0.007281553398058253,0.014218009478672987,raja,S4/S04_20170606_045500_3,all_channel,mean,mean__all_channel__E112,32,45,"[0, 2, 4, 5, 7, 8, 9, 11, 13, 14, 15, 16, 17, 18, 19, 20, 21, 23, 24, 26, 28, 29, 30, 31, 32, 34, 35, 36, 37, 38, 39, 40, 41, 42, 43, 44]",36,False,0.00011020389959769092,3.299112288635649e-08,3.672363615826819e-05,40.0
E83,73,73,9,64,1227,0.1232876712328767,0.007281553398058253,0.013750954927425516,raja,S4/S04_20170606_045500_3,all_channel,mean,mean__all_channel__E83,32,45,"[0, 2, 4, 5, 7, 8, 9, 11, 13, 14, 15, 16, 17, 18, 19, 20, 21, 23, 24, 26, 28, 29, 30, 31, 32, 34, 35, 36, 37, 38, 39, 40, 41, 42, 43, 44]",36,False,2.914597484063469e-05,-1.7254679912461135e-08,9.72107650684905e-06,40.0
E47,52,52,6,46,1230,0.11538461538461539,0.0048543689320388345,0.009316770186335404,raja,S4/S04_20170606_045500_3,all_channel,mean,mean__all_channel__E47,32,45,"[0, 2, 4, 5, 7, 8, 9, 11, 13, 14, 15, 16, 17, 18, 19, 20, 21, 23, 24, 26, 28, 29, 30, 31, 32, 34, 35, 36, 37, 38, 39, 40, 41, 42, 43, 44]",36,False,9.083111345012237e-05,-1.5056861610027851e-09,3.0277539712094455e-05,40.0
E13,8,8,5,3,1231,0.625,0.0040453074433656954,0.008038585209003215,raja,S4/S04_20170606_045500_3,all_channel,mean,mean__all_channel__E13,32,45,"[0, 2, 4, 5, 7, 8, 9, 11, 13, 14, 15, 16, 17, 18, 19, 20, 21, 23, 24, 26, 28, 29, 30, 31, 32, 34, 35, 36, 37, 38, 39, 40, 41, 42, 43, 44]",36,False,7.478136513362733e-05,-2.766103683194637e-08,2.4936342056819755e-05,40.0
E87,17,17,5,12,1231,0.29411764705882354,0.0040453074433656954,0.007980845969672785,raja,S4/S04_20170606_045500_3,all_channel,mean,mean__all_channel__E87,32,45,"[0, 2, 4, 5, 7, 8, 9, 11, 13, 14, 15, 16, 17, 18, 19, 20, 21, 23, 24, 26, 28, 29, 30, 31, 32, 34, 35, 36, 37, 38, 39, 40, 41, 42, 43, 44]",36,False,5.593939318646712e-05,-7.846827806101488e-09,1.8649080004757743e-05,40.0
E117,13,13,3,10,1233,0.23076923076923078,0.0024271844660194173,0.004803843074459567,raja,S4/S04_20170606_045500_3,all_channel,mean,mean__all_channel__E117,32,45,"[0, 2, 4, 5, 7, 8, 9, 11, 13, 14, 15, 16, 17, 18, 19, 20, 21, 23, 24, 26, 28, 29, 30, 31, 32, 34, 35, 36, 37, 38, 39, 40, 41, 42, 43, 44]",36,False,0.0005403197665760813,-1.437512719521257e-07,0.0001801545059493445,40.0
E98,12,12,2,10,1234,0.16666666666666666,0.0016181229773462784,0.003205128205128205,raja,S4/S04_20170606_045500_3,all_channel,mean,mean__all_channel__E98,32,45,"[0, 2, 4, 5, 7, 8, 9, 11, 13, 14, 15, 16, 17, 18, 19, 20, 21, 23, 24, 26, 28, 29, 30, 31, 32, 34, 35, 36, 37, 38, 39, 40, 41, 42, 43, 44]",36,False,8.962343587496117e-05,2.642531860750798e-08,2.986567018545122e-05,40.0
E9,1222,1222,1200,22,36,0.9819967266775778,0.970873786407767,0.9764035801464604,raja,S4/S04_20170606_045500_3,frontal,median,median__frontal__E9,6,45,"[2, 19, 20, 36, 43]",5,False,5.3677567211082087e-05,-6.971774219564696e-06,2.0216447143548927e-05,40.0
E22,1164,1164,1139,25,97,0.9785223367697594,0.9215210355987055,0.9491666666666666,raja,S4/S04_20170606_045500_3,frontal,median,median__frontal__E22,6,45,"[2, 19, 20, 36, 43]",5,False,5.703676739179697e-05,-5.6706965606237474e-06,2.090248798414024e-05,40.0
E3,1104,1104,1075,29,161,0.9737318840579711,0.8697411003236246,0.918803418803419,raja,S4/S04_20170606_045500_3,frontal,median,median__frontal__E3,6,45,"[2, 19, 20, 36, 43]",5,False,3.71327271833768e-05,-3.4211525230572978e-06,1.3517959902144698e-05,40.0
E23,588,588,570,18,666,0.9693877551020408,0.46116504854368934,0.6250000000000001,raja,S4/S04_20170606_045500_3,frontal,median,median__frontal__E23,6,45,"[2, 19, 20, 36, 43]",5,False,4.0238984046009334e-05,-2.177688304061272e-06,1.413889078335687e-05,40.0
E24,24,24,12,12,1224,0.5,0.009708737864077669,0.019047619047619046,raja,S4/S04_20170606_045500_3,frontal,median,median__frontal__E24,6,45,"[2, 19, 20, 36, 43]",5,False,4.4918643217923523e-05,-3.083915599069684e-07,1.507567825927683e-05,40.0
E124,18,18,6,12,1230,0.3333333333333333,0.0048543689320388345,0.009569377990430622,raja,S4/S04_20170606_045500_3,frontal,median,median__frontal__E124,6,45,"[2, 19, 20, 36, 43]",5,False,0.0002464938211368607,9.209558071625752e-07,8.185762177656604e-05,40.0
E9,1208,1208,1185,23,51,0.9809602649006622,0.9587378640776699,0.969721767594108,raja,S4/S04_20170606_045500_3,frontal,mean,mean__frontal__E9,6,45,"[2, 19, 20, 36, 43]",5,False,6.0752622022931417e-05,1.0328059228463368e-07,2.0216447143548927e-05,40.0
E22,1128,1128,1102,26,134,0.9769503546099291,0.8915857605177994,0.9323181049069375,raja,S4/S04_20170606_045500_3,frontal,mean,mean__frontal__E22,6,45,"[2, 19, 20, 36, 43]",5,False,6.26594797592531e-05,-4.79841931676235e-08,2.090248798414024e-05,40.0
E3,1024,1024,1000,24,236,0.9765625,0.8090614886731392,0.8849557522123895,raja,S4/S04_20170606_045500_3,frontal,mean,mean__frontal__E3,6,45,"[2, 19, 20, 36, 43]",5,False,4.051746288918001e-05,-3.641681725408727e-08,1.3517959902144698e-05,40.0
E23,493,493,472,21,764,0.9574036511156186,0.3818770226537217,0.5459803354540197,raja,S4/S04_20170606_045500_3,frontal,mean,mean__frontal__E23,6,45,"[2, 19, 20, 36, 43]",5,False,4.237086114541995e-05,-4.581120465065995e-08,1.413889078335687e-05,40.0
E24,24,24,11,13,1225,0.4583333333333333,0.00889967637540453,0.01746031746031746,raja,S4/S04_20170606_045500_3,frontal,mean,mean__frontal__E24,6,45,"[2, 19, 20, 36, 43]",5,False,4.5149239011853574e-05,-7.77957659769191e-08,1.507567825927683e-05,40.0
E124,19,19,6,13,1230,0.3157894736842105,0.0048543689320388345,0.009561752988047808,raja,S4/S04_20170606_045500_3,frontal,mean,mean__frontal__E124,6,45,"[2, 19, 20, 36, 43]",5,False,0.00024543792870516555,-1.349366245325165e-07,8.185762177656604e-05,40.0
E22,1052,1052,1030,22,206,0.9790874524714829,0.8333333333333334,0.9003496503496504,raja,S4/S04_20170606_045500_3,frontal_left,median,median__frontal_left__E22,3,45,"[2, 19, 20, 36]",4,False,6.847805838092518e-05,-5.241878665400179e-06,2.4573312348775117e-05,40.0
E23,420,420,393,27,843,0.9357142857142857,0.3179611650485437,0.4746376811594204,raja,S4/S04_20170606_045500_3,frontal_left,median,median__frontal_left__E23,3,45,"[2, 19, 20, 36]",4,False,4.474007993591527e-05,-1.9768288369626185e-06,1.557230292429263e-05,40.0
E24,25,25,12,13,1224,0.48,0.009708737864077669,0.0190325138778747,raja,S4/S04_20170606_045500_3,frontal_left,median,median__frontal_left__E24,3,45,"[2, 19, 20, 36]",4,False,4.425480111122255e-05,-2.977089267214962e-07,1.4850836679314683e-05,40.0
E22,973,973,959,14,277,0.9856115107913669,0.7758899676375405,0.8682661837935718,raja,S4/S04_20170606_045500_3,frontal_left,mean,mean__frontal_left__E22,3,45,"[2, 19, 20, 36]",4,False,7.369001454970687e-05,-2.9922496618488365e-08,2.4573312348775117e-05,40.0
E23,348,348,325,23,911,0.9339080459770115,0.26294498381877024,0.41035353535353536,raja,S4/S04_20170606_045500_3,frontal_left,mean,mean__frontal_left__E23,3,45,"[2, 19, 20, 36]",4,False,4.666444803312622e-05,-5.246073975166575e-08,1.557230292429263e-05,40.0
E24,24,24,12,12,1224,0.5,0.009708737864077669,0.019047619047619046,raja,S4/S04_20170606_045500_3,frontal_left,mean,mean__frontal_left__E24,3,45,"[2, 19, 20, 36]",4,False,4.448566822179161e-05,-6.684181615244195e-08,1.4850836679314683e-05,40.0
E9,1217,1217,1197,20,39,0.9835661462612982,0.9684466019417476,0.9759478189971463,raja,S4/S04_20170606_045500_3,frontal_right,median,median__frontal_right__E9,3,45,"[2, 19, 36, 43]",4,False,5.5516382760573306e-05,-6.2753129278427544e-06,2.0597231896138684e-05,40.0
E3,1080,1080,1056,24,180,0.9777777777777777,0.8543689320388349,0.9119170984455958,raja,S4/S04_20170606_045500_3,frontal_right,median,median__frontal_right__E3,3,45,"[2, 19, 36, 43]",4,False,3.816806831850739e-05,-2.988285276325033e-06,1.371878453161081e-05,40.0
E124,18,18,6,12,1230,0.3333333333333333,0.0048543689320388345,0.009569377990430622,raja,S4/S04_20170606_045500_3,frontal_right,median,median__frontal_right__E124,3,45,"[2, 19, 36, 43]",4,False,0.00024613930245362815,1.0516445841850288e-06,8.169588595648104e-05,40.0
E9,1204,1204,1181,23,55,0.9808970099667774,0.9555016181229773,0.9680327868852459,raja,S4/S04_20170606_045500_3,frontal_right,mean,mean__frontal_right__E9,3,45,"[2, 19, 36, 43]",4,False,6.190455712681534e-05,1.1286143839927783e-07,2.0597231896138684e-05,40.0
E3,1012,1012,984,28,252,0.9723320158102767,0.7961165048543689,0.8754448398576512,raja,S4/S04_20170606_045500_3,frontal_right,mean,mean__frontal_right__E3,3,45,"[2, 19, 36, 43]",4,False,4.110859140810061e-05,-4.7762186731812585e-08,1.371878453161081e-05,40.0
E124,19,19,6,13,1230,0.3157894736842105,0.0048543689320388345,0.009561752988047808,raja,S4/S04_20170606_045500_3,frontal_right,mean,mean__frontal_right__E124,3,45,"[2, 19, 36, 43]",4,False,0.00024490016126259604,-1.874966068470694e-07,8.169588595648104e-05,40.0
E9,1239,1239,1215,24,21,0.9806295399515739,0.9830097087378641,0.9818181818181817,raja,S4/S04_20170606_045500_3,all_channel,median,median__all_channel__E9,32,36,"[0, 2, 4, 5, 6, 9, 11, 12, 13, 14, 15, 16, 17, 18, 19, 23, 24, 28, 29, 30, 31, 32, 33, 34, 35]",25,False,4.518863192199134e-05,-5.850753506587051e-06,1.7013128476192797e-05,50.0
E22,1209,1209,1187,22,49,0.9818031430934657,0.9603559870550162,0.970961145194274,raja,S4/S04_20170606_045500_3,all_channel,median,median__all_channel__E22,32,36,"[0, 2, 4, 5, 6, 9, 11, 12, 13, 14, 15, 16, 17, 18, 19, 23, 24, 28, 29, 30, 31, 32, 33, 34, 35]",25,False,4.461886411066382e-05,-5.250605388205317e-06,1.6623156499623045e-05,50.0
E3,1157,1157,1127,30,109,0.9740708729472775,0.9118122977346278,0.9419139155871291,raja,S4/S04_20170606_045500_3,all_channel,median,median__all_channel__E3,32,36,"[0, 2, 4, 5, 6, 9, 11, 12, 13, 14, 15, 16, 17, 18, 19, 23, 24, 28, 29, 30, 31, 32, 33, 34, 35]",25,False,3.3646053295345936e-05,-3.027659047879924e-06,1.2224570781075287e-05,50.0
E23,899,899,870,29,366,0.967741935483871,0.7038834951456311,0.8149882903981265,raja,S4/S04_20170606_045500_3,all_channel,median,median__all_channel__E23,32,36,"[0, 2, 4, 5, 6, 9, 11, 12, 13, 14, 15, 16, 17, 18, 19, 23, 24, 28, 29, 30, 31, 32, 33, 34, 35]",25,False,3.224399972249223e-05,-2.1549537686723457e-06,1.1466317830388191e-05,50.0
E26,769,769,710,59,526,0.9232769830949284,0.5744336569579288,0.7082294264339153,raja,S4/S04_20170606_045500_3,all_channel,median,median__all_channel__E26,32,36,"[0, 2, 4, 5, 6, 9, 11, 12, 13, 14, 15, 16, 17, 18, 19, 23, 24, 28, 29, 30, 31, 32, 33, 34, 35]",25,False,2.803666853212399e-05,-1.7118781258089112e-06,9.916182219310968e-06,50.0
E122,165,165,123,42,1113,0.7454545454545455,0.09951456310679611,0.17558886509635976,raja,S4/S04_20170606_045500_3,all_channel,median,median__all_channel__E122,32,36,"[0, 2, 4, 5, 6, 9, 11, 12, 13, 14, 15, 16, 17, 18, 19, 23, 24, 28, 29, 30, 31, 32, 33, 34, 35]",25,False,2.260166853537704e-05,-3.0594333604778587e-07,7.635870623808275e-06,50.0
E67,156,156,41,115,1195,0.26282051282051283,0.03317152103559871,0.0589080459770115,raja,S4/S04_20170606_045500_3,all_channel,median,median__all_channel__E67,32,36,"[0, 2, 4, 5, 6, 9, 11, 12, 13, 14, 15, 16, 17, 18, 19, 23, 24, 28, 29, 30, 31, 32, 33, 34, 35]",25,False,3.780202368361923e-05,4.3505512946909377e-07,1.2455656184716711e-05,50.0
E11,40,40,36,4,1200,0.9,0.02912621359223301,0.05642633228840126,raja,S4/S04_20170606_045500_3,all_channel,median,median__all_channel__E11,32,36,"[0, 2, 4, 5, 6, 9, 11, 12, 13, 14, 15, 16, 17, 18, 19, 23, 24, 28, 29, 30, 31, 32, 33, 34, 35]",25,False,6.37232159284902e-05,-6.279977994466316e-07,2.1450404575978946e-05,50.0
E62,151,151,38,113,1198,0.25165562913907286,0.030744336569579287,0.054794520547945195,raja,S4/S04_20170606_045500_3,all_channel,median,median__all_channel__E62,32,36,"[0, 2, 4, 5, 6, 9, 11, 12, 13, 14, 15, 16, 17, 18, 19, 23, 24, 28, 29, 30, 31, 32, 33, 34, 35]",25,False,3.850050770970744e-05,3.268007829245579e-07,1.2724568975594294e-05,50.0
E33,125,125,34,91,1202,0.272,0.02750809061488673,0.04996326230712711,raja,S4/S04_20170606_045500_3,all_channel,median,median__all_channel__E33,32,36,"[0, 2, 4, 5, 6, 9, 11, 12, 13, 14, 15, 16, 17, 18, 19, 23, 24, 28, 29, 30, 31, 32, 33, 34, 35]",25,False,1.9153686455517857e-05,-8.119206078133769e-08,6.4116261720997324e-06,50.0
E28,81,81,27,54,1209,0.3333333333333333,0.021844660194174758,0.041002277904328026,raja,S4/S04_20170606_045500_3,all_channel,median,median__all_channel__E28,32,36,"[0, 2, 4, 5, 6, 9, 11, 12, 13, 14, 15, 16, 17, 18, 19, 23, 24, 28, 29, 30, 31, 32, 33, 34, 35]",25,False,1.954004048149952e-05,-7.370481555506425e-08,6.5379150990181955e-06,50.0
E75,127,127,26,101,1210,0.2047244094488189,0.021035598705501618,0.03815113719735877,raja,S4/S04_20170606_045500_3,all_channel,median,median__all_channel__E75,32,36,"[0, 2, 4, 5, 6, 9, 11, 12, 13, 14, 15, 16, 17, 18, 19, 23, 24, 28, 29, 30, 31, 32, 33, 34, 35]",25,False,3.0687125474697906e-05,8.025254236643247e-07,9.961533350344526e-06,50.0
E60,101,101,19,82,1217,0.18811881188118812,0.015372168284789644,0.028421839940164544,raja,S4/S04_20170606_045500_3,all_channel,median,median__all_channel__E60,32,36,"[0, 2, 4, 5, 6, 9, 11, 12, 13, 14, 15, 16, 17, 18, 19, 23, 24, 28, 29, 30, 31, 32, 33, 34, 35]",25,False,4.9376191091708236e-05,2.4105571674022494e-07,1.6378378458322672e-05,50.0
E24,33,33,17,16,1219,0.5151515151515151,0.013754045307443365,0.026792750197005513,raja,S4/S04_20170606_045500_3,all_channel,median,median__all_channel__E24,32,36,"[0, 2, 4, 5, 6, 9, 11, 12, 13, 14, 15, 16, 17, 18, 19, 23, 24, 28, 29, 30, 31, 32, 33, 34, 35]",25,False,3.950575134131291e-05,-2.1656508004861454e-07,1.3240772140453843e-05,50.0
E40,70,70,17,53,1219,0.24285714285714285,0.013754045307443365,0.026033690658499233,raja,S4/S04_20170606_045500_3,all_channel,median,median__all_channel__E40,32,36,"[0, 2, 4, 5, 6, 9, 11, 12, 13, 14, 15, 16, 17, 18, 19, 23, 24, 28, 29, 30, 31, 32, 33, 34, 35]",25,False,2.0354476025642883e-05,2.697796623873365e-07,6.694898787751849e-06,50.0
E109,77,77,17,60,1219,0.22077922077922077,0.013754045307443365,0.025894897182025894,raja,S4/S04_20170606_045500_3,all_channel,median,median__all_channel__E109,32,36,"[0, 2, 4, 5, 6, 9, 11, 12, 13, 14, 15, 16, 17, 18, 19, 23, 24, 28, 29, 30, 31, 32, 33, 34, 35]",25,False,1.9115446832850166e-05,1.74909526617689e-07,6.3135124354108255e-06,50.0
E84,89,89,17,72,1219,0.19101123595505617,0.013754045307443365,0.025660377358490565,raja,S4/S04_20170606_045500_3,all_channel,median,median__all_channel__E84,32,36,"[0, 2, 4, 5, 6, 9, 11, 12, 13, 14, 15, 16, 17, 18, 19, 23, 24, 28, 29, 30, 31, 32, 33, 34, 35]",25,False,2.6280195979260095e-05,6.161230678368078e-07,8.554690970474429e-06,50.0
E104,69,69,16,53,1220,0.2318840579710145,0.012944983818770227,0.024521072796934867,raja,S4/S04_20170606_045500_3,all_channel,median,median__all_channel__E104,32,36,"[0, 2, 4, 5, 6, 9, 11, 12, 13, 14, 15, 16, 17, 18, 19, 23, 24, 28, 29, 30, 31, 32, 33, 34, 35]",25,False,1.9425455996849063e-05,1.5057093329918408e-07,6.424961687849959e-06,50.0
E77,91,91,15,76,1221,0.16483516483516483,0.012135922330097087,0.02260738507912585,raja,S4/S04_20170606_045500_3,all_channel,median,median__all_channel__E77,32,36,"[0, 2, 4, 5, 6, 9, 11, 12, 13, 14, 15, 16, 17, 18, 19, 23, 24, 28, 29, 30, 31, 32, 33, 34, 35]",25,False,2.3935877138636643e-05,5.481549998425905e-07,7.795907379598017e-06,50.0
E37,36,36,14,22,1222,0.3888888888888889,0.011326860841423949,0.022012578616352207,raja,S4/S04_20170606_045500_3,all_channel,median,median__all_channel__E37,32,36,"[0, 2, 4, 5, 6, 9, 11, 12, 13, 14, 15, 16, 17, 18, 19, 23, 24, 28, 29, 30, 31, 32, 33, 34, 35]",25,False,3.78898653224255e-05,1.9971252292074522e-07,1.2563384266501583e-05,50.0
E70,82,82,13,69,1223,0.15853658536585366,0.010517799352750809,0.019726858877086497,raja,S4/S04_20170606_045500_3,all_channel,median,median__all_channel__E70,32,36,"[0, 2, 4, 5, 6, 9, 11, 12, 13, 14, 15, 16, 17, 18, 19, 23, 24, 28, 29, 30, 31, 32, 33, 34, 35]",25,False,2.5814574908372973e-05,7.792548611725759e-07,8.345106682400133e-06,50.0
E85,77,77,12,65,1224,0.15584415584415584,0.009708737864077669,0.01827875095201828,raja,S4/S04_20170606_045500_3,all_channel,median,median__all_channel__E85,32,36,"[0, 2, 4, 5, 6, 9, 11, 12, 13, 14, 15, 16, 17, 18, 19, 23, 24, 28, 29, 30, 31, 32, 33, 34, 35]",25,False,2.2265396683087902e-05,5.896586644894418e-07,7.2252460061994865e-06,50.0
E91,99,99,12,87,1224,0.12121212121212122,0.009708737864077669,0.01797752808988764,raja,S4/S04_20170606_045500_3,all_channel,median,median__all_channel__E91,32,36,"[0, 2, 4, 5, 6, 9, 11, 12, 13, 14, 15, 16, 17, 18, 19, 23, 24, 28, 29, 30, 31, 32, 33, 34, 35]",25,False,2.2929627990527253e-05,6.569136969823783e-07,7.424238097848291e-06,50.0
E59,43,43,11,32,1225,0.2558139534883721,0.00889967637540453,0.01720093823299453,raja,S4/S04_20170606_045500_3,all_channel,median,median__all_channel__E59,32,36,"[0, 2, 4, 5, 6, 9, 11, 12, 13, 14, 15, 16, 17, 18, 19, 23, 24, 28, 29, 30, 31, 32, 33, 34, 35]",25,False,3.2075194477377216e-05,4.2875077948312334e-07,1.0548814565964698e-05,50.0
E124,27,27,10,17,1226,0.37037037037037035,0.008090614886731391,0.01583531274742676,raja,S4/S04_20170606_045500_3,all_channel,median,median__all_channel__E124,32,36,"[0, 2, 4, 5, 6, 9, 11, 12, 13, 14, 15, 16, 17, 18, 19, 23, 24, 28, 29, 30, 31, 32, 33, 34, 35]",25,False,0.00023049678676570584,3.7261037269118214e-07,7.670805879767155e-05,50.0
E112,29,29,8,21,1228,0.27586206896551724,0.006472491909385114,0.01264822134387352,raja,S4/S04_20170606_045500_3,all_channel,median,median__all_channel__E112,32,36,"[0, 2, 4, 5, 6, 9, 11, 12, 13, 14, 15, 16, 17, 18, 19, 23, 24, 28, 29, 30, 31, 32, 33, 34, 35]",25,False,0.00011064329491632803,7.014852856301859e-08,3.685771546258834e-05,50.0
E83,68,68,8,60,1228,0.11764705882352941,0.006472491909385114,0.012269938650306749,raja,S4/S04_20170606_045500_3,all_channel,median,median__all_channel__E83,32,36,"[0, 2, 4, 5, 6, 9, 11, 12, 13, 14, 15, 16, 17, 18, 19, 23, 24, 28, 29, 30, 31, 32, 33, 34, 35]",25,False,2.9700467112795438e-05,8.200794388914384e-07,9.626795891301334e-06,50.0
E47,62,62,7,55,1229,0.11290322580645161,0.0056634304207119745,0.01078582434514638,raja,S4/S04_20170606_045500_3,all_channel,median,median__all_channel__E47,32,36,"[0, 2, 4, 5, 6, 9, 11, 12, 13, 14, 15, 16, 17, 18, 19, 23, 24, 28, 29, 30, 31, 32, 33, 34, 35]",25,False,8.809202238360854e-05,-1.6412901716437826e-06,2.991110418508411e-05,50.0
E87,16,16,5,11,1231,0.3125,0.0040453074433656954,0.007987220447284345,raja,S4/S04_20170606_045500_3,all_channel,median,median__all_channel__E87,32,36,"[0, 2, 4, 5, 6, 9, 11, 12, 13, 14, 15, 16, 17, 18, 19, 23, 24, 28, 29, 30, 31, 32, 33, 34, 35]",25,False,5.6356659787310575e-05,1.7325576393667888e-07,1.872780134112463e-05,50.0
E13,7,7,4,3,1232,0.5714285714285714,0.003236245954692557,0.006436041834271923,raja,S4/S04_20170606_045500_3,all_channel,median,median__all_channel__E13,32,36,"[0, 2, 4, 5, 6, 9, 11, 12, 13, 14, 15, 16, 17, 18, 19, 23, 24, 28, 29, 30, 31, 32, 33, 34, 35]",25,False,7.489740097485992e-05,8.885321335602464e-08,2.4936182587167966e-05,50.0
E117,13,13,3,10,1233,0.23076923076923078,0.0024271844660194173,0.004803843074459567,raja,S4/S04_20170606_045500_3,all_channel,median,median__all_channel__E117,32,36,"[0, 2, 4, 5, 6, 9, 11, 12, 13, 14, 15, 16, 17, 18, 19, 23, 24, 28, 29, 30, 31, 32, 33, 34, 35]",25,False,0.0005390500344949908,2.1986922748982372e-07,0.00017961005508916695,50.0
E98,11,11,2,9,1234,0.18181818181818182,0.0016181229773462784,0.0032076984763432237,raja,S4/S04_20170606_045500_3,all_channel,median,median__all_channel__E98,32,36,"[0, 2, 4, 5, 6, 9, 11, 12, 13, 14, 15, 16, 17, 18, 19, 23, 24, 28, 29, 30, 31, 32, 33, 34, 35]",25,False,8.953777902378115e-05,3.8211459240742757e-07,2.9718554810457903e-05,50.0
E9,1228,1228,1206,22,30,0.9820846905537459,0.9757281553398058,0.9788961038961038,raja,S4/S04_20170606_045500_3,all_channel,mean,mean__all_channel__E9,32,36,"[0, 2, 4, 5, 6, 9, 11, 12, 13, 14, 15, 16, 17, 18, 19, 23, 24, 28, 29, 30, 31, 32, 33, 34, 35]",25,False,5.1002795473893906e-05,-3.6589954684478627e-08,1.7013128476192797e-05,50.0
E22,1194,1194,1169,25,67,0.9790619765494137,0.9457928802588996,0.9621399176954732,raja,S4/S04_20170606_045500_3,all_channel,mean,mean__all_channel__E22,32,36,"[0, 2, 4, 5, 6, 9, 11, 12, 13, 14, 15, 16, 17, 18, 19, 23, 24, 28, 29, 30, 31, 32, 33, 34, 35]",25,False,4.983822442740781e-05,-3.1245071461325555e-08,1.6623156499623045e-05,50.0
E3,1112,1112,1084,28,152,0.9748201438848921,0.8770226537216829,0.9233390119250426,raja,S4/S04_20170606_045500_3,all_channel,mean,mean__all_channel__E3,32,36,"[0, 2, 4, 5, 6, 9, 11, 12, 13, 14, 15, 16, 17, 18, 19, 23, 24, 28, 29, 30, 31, 32, 33, 34, 35]",25,False,3.666166763032606e-05,-1.2044712899801403e-08,1.2224570781075287e-05,50.0
E23,818,818,788,30,448,0.9633251833740831,0.6375404530744336,0.7672833495618305,raja,S4/S04_20170606_045500_3,all_channel,mean,mean__all_channel__E23,32,36,"[0, 2, 4, 5, 6, 9, 11, 12, 13, 14, 15, 16, 17, 18, 19, 23, 24, 28, 29, 30, 31, 32, 33, 34, 35]",25,False,3.4392839011922464e-05,-6.114479242109437e-09,1.1466317830388191e-05,50.0
E26,699,699,648,51,588,0.927038626609442,0.5242718446601942,0.6697674418604651,raja,S4/S04_20170606_045500_3,all_channel,mean,mean__all_channel__E26,32,36,"[0, 2, 4, 5, 6, 9, 11, 12, 13, 14, 15, 16, 17, 18, 19, 23, 24, 28, 29, 30, 31, 32, 33, 34, 35]",25,False,2.9742904490448313e-05,-5.642167484589603e-09,9.916182219310968e-06,50.0
E122,153,153,113,40,1123,0.738562091503268,0.09142394822006472,0.1627069834413247,raja,S4/S04_20170606_045500_3,all_channel,mean,mean__all_channel__E122,32,36,"[0, 2, 4, 5, 6, 9, 11, 12, 13, 14, 15, 16, 17, 18, 19, 23, 24, 28, 29, 30, 31, 32, 33, 34, 35]",25,False,2.2902670955502582e-05,-4.940915922245014e-09,7.635870623808275e-06,50.0
E67,158,158,41,117,1195,0.25949367088607594,0.03317152103559871,0.058823529411764705,raja,S4/S04_20170606_045500_3,all_channel,mean,mean__all_channel__E67,32,36,"[0, 2, 4, 5, 6, 9, 11, 12, 13, 14, 15, 16, 17, 18, 19, 23, 24, 28, 29, 30, 31, 32, 33, 34, 35]",25,False,3.739292984070915e-05,2.5961286559015376e-08,1.2455656184716711e-05,50.0
E62,152,152,38,114,1198,0.25,0.030744336569579287,0.0547550432276657,raja,S4/S04_20170606_045500_3,all_channel,mean,mean__all_channel__E62,32,36,"[0, 2, 4, 5, 6, 9, 11, 12, 13, 14, 15, 16, 17, 18, 19, 23, 24, 28, 29, 30, 31, 32, 33, 34, 35]",25,False,3.819214126900466e-05,1.843434222178148e-08,1.2724568975594294e-05,50.0
E11,36,36,32,4,1204,0.8888888888888888,0.025889967637540454,0.050314465408805034,raja,S4/S04_20170606_045500_3,all_channel,mean,mean__all_channel__E11,32,36,"[0, 2, 4, 5, 6, 9, 11, 12, 13, 14, 15, 16, 17, 18, 19, 23, 24, 28, 29, 30, 31, 32, 33, 34, 35]",25,False,6.436690613032687e-05,1.5692402390044096e-08,2.1450404575978946e-05,50.0
E33,123,123,34,89,1202,0.2764227642276423,0.02750809061488673,0.05003679175864606,raja,S4/S04_20170606_045500_3,all_channel,mean,mean__all_channel__E33,32,36,"[0, 2, 4, 5, 6, 9, 11, 12, 13, 14, 15, 16, 17, 18, 19, 23, 24, 28, 29, 30, 31, 32, 33, 34, 35]",25,False,1.923283381145369e-05,-2.0447048455062976e-09,6.4116261720997324e-06,50.0
E28,78,78,26,52,1210,0.3333333333333333,0.021035598705501618,0.03957382039573821,raja,S4/S04_20170606_045500_3,all_channel,mean,mean__all_channel__E28,32,36,"[0, 2, 4, 5, 6, 9, 11, 12, 13, 14, 15, 16, 17, 18, 19, 23, 24, 28, 29, 30, 31, 32, 33, 34, 35]",25,False,1.961914439327778e-05,5.3990962231947045e-09,6.5379150990181955e-06,50.0
E75,132,132,26,106,1210,0.19696969696969696,0.021035598705501618,0.038011695906432746,raja,S4/S04_20170606_045500_3,all_channel,mean,mean__all_channel__E75,32,36,"[0, 2, 4, 5, 6, 9, 11, 12, 13, 14, 15, 16, 17, 18, 19, 23, 24, 28, 29, 30, 31, 32, 33, 34, 35]",25,False,2.9883336302638798e-05,-1.2637483947795062e-09,9.961533350344526e-06,50.0
E60,103,103,19,84,1217,0.18446601941747573,0.015372168284789644,0.02837938760268857,raja,S4/S04_20170606_045500_3,all_channel,mean,mean__all_channel__E60,32,36,"[0, 2, 4, 5, 6, 9, 11, 12, 13, 14, 15, 16, 17, 18, 19, 23, 24, 28, 29, 30, 31, 32, 33, 34, 35]",25,False,4.914836675597659e-05,1.3231381008577074e-08,1.6378378458322672e-05,50.0
E104,70,70,17,53,1219,0.24285714285714285,0.013754045307443365,0.026033690658499233,raja,S4/S04_20170606_045500_3,all_channel,mean,mean__all_channel__E104,32,36,"[0, 2, 4, 5, 6, 9, 11, 12, 13, 14, 15, 16, 17, 18, 19, 23, 24, 28, 29, 30, 31, 32, 33, 34, 35]",25,False,1.9277265603926346e-05,2.3805403764663044e-09,6.424961687849959e-06,50.0
E40,70,70,17,53,1219,0.24285714285714285,0.013754045307443365,0.026033690658499233,raja,S4/S04_20170606_045500_3,all_channel,mean,mean__all_channel__E40,32,36,"[0, 2, 4, 5, 6, 9, 11, 12, 13, 14, 15, 16, 17, 18, 19, 23, 24, 28, 29, 30, 31, 32, 33, 34, 35]",25,False,2.0087106240694698e-05,2.4098774391493346e-09,6.694898787751849e-06,50.0
E109,78,78,17,61,1219,0.21794871794871795,0.013754045307443365,0.0258751902587519,raja,S4/S04_20170606_045500_3,all_channel,mean,mean__all_channel__E109,32,36,"[0, 2, 4, 5, 6, 9, 11, 12, 13, 14, 15, 16, 17, 18, 19, 23, 24, 28, 29, 30, 31, 32, 33, 34, 35]",25,False,1.8943363900883922e-05,2.8265946514439787e-09,6.3135124354108255e-06,50.0
E84,93,93,17,76,1219,0.1827956989247312,0.013754045307443365,0.025583145221971408,raja,S4/S04_20170606_045500_3,all_channel,mean,mean__all_channel__E84,32,36,"[0, 2, 4, 5, 6, 9, 11, 12, 13, 14, 15, 16, 17, 18, 19, 23, 24, 28, 29, 30, 31, 32, 33, 34, 35]",25,False,2.5677460997953178e-05,1.3388086529890324e-08,8.554690970474429e-06,50.0
E24,32,32,16,16,1220,0.5,0.012944983818770227,0.02523659305993691,raja,S4/S04_20170606_045500_3,all_channel,mean,mean__all_channel__E24,32,36,"[0, 2, 4, 5, 6, 9, 11, 12, 13, 14, 15, 16, 17, 18, 19, 23, 24, 28, 29, 30, 31, 32, 33, 34, 35]",25,False,3.972277210792172e-05,4.556865601898566e-10,1.3240772140453843e-05,50.0
E77,97,97,15,82,1221,0.15463917525773196,0.012135922330097087,0.022505626406601652,raja,S4/S04_20170606_045500_3,all_channel,mean,mean__all_channel__E77,32,36,"[0, 2, 4, 5, 6, 9, 11, 12, 13, 14, 15, 16, 17, 18, 19, 23, 24, 28, 29, 30, 31, 32, 33, 34, 35]",25,False,2.3402815351550887e-05,1.5093212756834718e-08,7.795907379598017e-06,50.0
E37,37,37,14,23,1222,0.3783783783783784,0.011326860841423949,0.021995286724273373,raja,S4/S04_20170606_045500_3,all_channel,mean,mean__all_channel__E37,32,36,"[0, 2, 4, 5, 6, 9, 11, 12, 13, 14, 15, 16, 17, 18, 19, 23, 24, 28, 29, 30, 31, 32, 33, 34, 35]",25,False,3.77187682190128e-05,2.861541950804514e-08,1.2563384266501583e-05,50.0
E85,86,86,13,73,1223,0.1511627906976744,0.010517799352750809,0.01966717095310136,raja,S4/S04_20170606_045500_3,all_channel,mean,mean__all_channel__E85,32,36,"[0, 2, 4, 5, 6, 9, 11, 12, 13, 14, 15, 16, 17, 18, 19, 23, 24, 28, 29, 30, 31, 32, 33, 34, 35]",25,False,2.1681086556049994e-05,5.348537451536059e-09,7.2252460061994865e-06,50.0
E70,94,94,13,81,1223,0.13829787234042554,0.010517799352750809,0.01954887218045113,raja,S4/S04_20170606_045500_3,all_channel,mean,mean__all_channel__E70,32,36,"[0, 2, 4, 5, 6, 9, 11, 12, 13, 14, 15, 16, 17, 18, 19, 23, 24, 28, 29, 30, 31, 32, 33, 34, 35]",25,False,2.5053863825259257e-05,1.8543778058857268e-08,8.345106682400133e-06,50.0
E91,101,101,12,89,1224,0.1188118811881188,0.009708737864077669,0.01795063575168287,raja,S4/S04_20170606_045500_3,all_channel,mean,mean__all_channel__E91,32,36,"[0, 2, 4, 5, 6, 9, 11, 12, 13, 14, 15, 16, 17, 18, 19, 23, 24, 28, 29, 30, 31, 32, 33, 34, 35]",25,False,2.228777809399998e-05,1.506380045510521e-08,7.424238097848291e-06,50.0
E59,44,44,11,33,1225,0.25,0.00889967637540453,0.0171875,raja,S4/S04_20170606_045500_3,all_channel,mean,mean__all_channel__E59,32,36,"[0, 2, 4, 5, 6, 9, 11, 12, 13, 14, 15, 16, 17, 18, 19, 23, 24, 28, 29, 30, 31, 32, 33, 34, 35]",25,False,3.1709578526414096e-05,6.31348285200022e-08,1.0548814565964698e-05,50.0
E124,27,27,10,17,1226,0.37037037037037035,0.008090614886731391,0.01583531274742676,raja,S4/S04_20170606_045500_3,all_channel,mean,mean__all_channel__E124,32,36,"[0, 2, 4, 5, 6, 9, 11, 12, 13, 14, 15, 16, 17, 18, 19, 23, 24, 28, 29, 30, 31, 32, 33, 34, 35]",25,False,0.00023017462607687704,5.044968386239504e-08,7.670805879767155e-05,50.0
E83,74,74,9,65,1227,0.12162162162162163,0.007281553398058253,0.013740458015267177,raja,S4/S04_20170606_045500_3,all_channel,mean,mean__all_channel__E83,32,36,"[0, 2, 4, 5, 6, 9, 11, 12, 13, 14, 15, 16, 17, 18, 19, 23, 24, 28, 29, 30, 31, 32, 33, 34, 35]",25,False,2.8901162307947606e-05,2.0774634043606922e-08,9.626795891301334e-06,50.0
E112,29,29,8,21,1228,0.27586206896551724,0.006472491909385114,0.01264822134387352,raja,S4/S04_20170606_045500_3,all_channel,mean,mean__all_channel__E112,32,36,"[0, 2, 4, 5, 6, 9, 11, 12, 13, 14, 15, 16, 17, 18, 19, 23, 24, 28, 29, 30, 31, 32, 33, 34, 35]",25,False,0.00011058331058307962,1.0164195314612005e-08,3.685771546258834e-05,50.0
E47,60,60,7,53,1229,0.11666666666666667,0.0056634304207119745,0.010802469135802469,raja,S4/S04_20170606_045500_3,all_channel,mean,mean__all_channel__E47,32,36,"[0, 2, 4, 5, 6, 9, 11, 12, 13, 14, 15, 16, 17, 18, 19, 23, 24, 28, 29, 30, 31, 32, 33, 34, 35]",25,False,8.97781674217865e-05,4.485486653416469e-08,2.991110418508411e-05,50.0
E87,17,17,5,12,1231,0.29411764705882354,0.0040453074433656954,0.007980845969672785,raja,S4/S04_20170606_045500_3,all_channel,mean,mean__all_channel__E87,32,36,"[0, 2, 4, 5, 6, 9, 11, 12, 13, 14, 15, 16, 17, 18, 19, 23, 24, 28, 29, 30, 31, 32, 33, 34, 35]",25,False,5.618693286334544e-05,3.528839971550427e-09,1.872780134112463e-05,50.0
E13,7,7,4,3,1232,0.5714285714285714,0.003236245954692557,0.006436041834271923,raja,S4/S04_20170606_045500_3,all_channel,mean,mean__all_channel__E13,32,36,"[0, 2, 4, 5, 6, 9, 11, 12, 13, 14, 15, 16, 17, 18, 19, 23, 24, 28, 29, 30, 31, 32, 33, 34, 35]",25,False,7.476299279228133e-05,-4.555496922257794e-08,2.4936182587167966e-05,50.0
E117,13,13,3,10,1233,0.23076923076923078,0.0024271844660194173,0.004803843074459567,raja,S4/S04_20170606_045500_3,all_channel,mean,mean__all_channel__E117,32,36,"[0, 2, 4, 5, 6, 9, 11, 12, 13, 14, 15, 16, 17, 18, 19, 23, 24, 28, 29, 30, 31, 32, 33, 34, 35]",25,False,0.0005384997182567949,-3.3044701070601075e-07,0.00017961005508916695,50.0
E98,11,11,2,9,1234,0.18181818181818182,0.0016181229773462784,0.0032076984763432237,raja,S4/S04_20170606_045500_3,all_channel,mean,mean__all_channel__E98,32,36,"[0, 2, 4, 5, 6, 9, 11, 12, 13, 14, 15, 16, 17, 18, 19, 23, 24, 28, 29, 30, 31, 32, 33, 34, 35]",25,False,8.913646667497268e-05,-1.9197756401037373e-08,2.9718554810457903e-05,50.0
E9,1230,1230,1208,22,28,0.9821138211382113,0.9773462783171522,0.9797242497972425,raja,S4/S04_20170606_045500_3,frontal,median,median__frontal__E9,6,36,"[15, 16, 28, 29, 34]",5,False,5.038234533303928e-05,-7.386133461327751e-06,1.9256159598122343e-05,50.0
E22,1176,1176,1152,24,84,0.9795918367346939,0.9320388349514563,0.9552238805970149,raja,S4/S04_20170606_045500_3,frontal,median,median__frontal__E22,6,36,"[15, 16, 28, 29, 34]",5,False,5.378247183312595e-05,-6.172610456103237e-06,1.9985027429743063e-05,50.0
E3,1137,1137,1107,30,129,0.9736147757255936,0.8956310679611651,0.9329962073324906,raja,S4/S04_20170606_045500_3,frontal,median,median__frontal__E3,6,36,"[15, 16, 28, 29, 34]",5,False,3.526654167114529e-05,-3.709172332939733e-06,1.2991904668028342e-05,50.0
E23,668,668,649,19,587,0.9715568862275449,0.5250809061488673,0.6817226890756302,raja,S4/S04_20170606_045500_3,frontal,median,median__frontal__E23,6,36,"[15, 16, 28, 29, 34]",5,False,3.816267603821481e-05,-2.3121634797126273e-06,1.349161317264248e-05,50.0
E24,26,26,11,15,1225,0.4230769230769231,0.00889967637540453,0.017432646592709985,raja,S4/S04_20170606_045500_3,frontal,median,median__frontal__E24,6,36,"[15, 16, 28, 29, 34]",5,False,4.6598982881711326e-05,-3.0762591811974745e-07,1.5635536266610357e-05,50.0
E124,10,10,5,5,1231,0.5,0.0040453074433656954,0.008025682182985553,raja,S4/S04_20170606_045500_3,frontal,median,median__frontal__E124,6,36,"[15, 16, 28, 29, 34]",5,False,0.0002798120480890886,8.294098941705671e-07,9.299421273163934e-05,50.0
E9,1209,1209,1188,21,48,0.9826302729528535,0.9611650485436893,0.9717791411042944,raja,S4/S04_20170606_045500_3,frontal,mean,mean__frontal__E9,6,36,"[15, 16, 28, 29, 34]",5,False,5.777455452750722e-05,6.075733140192248e-09,1.9256159598122343e-05,50.0
E22,1147,1147,1118,29,118,0.974716652136007,0.9045307443365695,0.9383130507763324,raja,S4/S04_20170606_045500_3,frontal,mean,mean__frontal__E22,6,36,"[15, 16, 28, 29, 34]",5,False,5.9941851465852626e-05,-1.3230823376559684e-08,1.9985027429743063e-05,50.0
E3,1060,1060,1036,24,200,0.9773584905660377,0.8381877022653722,0.902439024390244,raja,S4/S04_20170606_045500_3,frontal,mean,mean__frontal__E3,6,36,"[15, 16, 28, 29, 34]",5,False,3.8961136357895083e-05,-1.457764618994635e-08,1.2991904668028342e-05,50.0
E23,579,579,561,18,675,0.9689119170984456,0.4538834951456311,0.6181818181818183,raja,S4/S04_20170606_045500_3,frontal,mean,mean__frontal__E23,6,36,"[15, 16, 28, 29, 34]",5,False,4.047990793905116e-05,5.068421123724216e-09,1.349161317264248e-05,50.0
E24,26,26,11,15,1225,0.4230769230769231,0.00889967637540453,0.017432646592709985,raja,S4/S04_20170606_045500_3,frontal,mean,mean__frontal__E24,6,36,"[15, 16, 28, 29, 34]",5,False,4.68930357475856e-05,-1.3573052245467108e-08,1.5635536266610357e-05,50.0
E124,10,10,5,5,1231,0.5,0.0040453074433656954,0.008025682182985553,raja,S4/S04_20170606_045500_3,frontal,mean,mean__frontal__E124,6,36,"[15, 16, 28, 29, 34]",5,False,0.00027890381017094926,-7.882802396877773e-08,9.299421273163934e-05,50.0
E22,1121,1121,1094,27,142,0.975914362176628,0.8851132686084142,0.9282986847687738,raja,S4/S04_20170606_045500_3,frontal_left,median,median__frontal_left__E22,3,36,"[15, 16, 28, 29]",4,False,6.29472145693455e-05,-5.921538511875569e-06,2.2956251027073692e-05,50.0
E23,525,525,506,19,730,0.9638095238095238,0.40938511326860844,0.5746734809767178,raja,S4/S04_20170606_045500_3,frontal_left,median,median__frontal_left__E23,3,36,"[15, 16, 28, 29]",4,False,4.180476911234827e-05,-2.24658008181034e-06,1.4683783064719536e-05,50.0
E24,26,26,11,15,1225,0.4230769230769231,0.00889967637540453,0.017432646592709985,raja,S4/S04_20170606_045500_3,frontal_left,median,median__frontal_left__E24,3,36,"[15, 16, 28, 29]",4,False,4.6500868541928e-05,-2.8716050013384656e-07,1.5596009680687283e-05,50.0
E22,1044,1044,1022,22,214,0.9789272030651341,0.8268608414239482,0.8964912280701754,raja,S4/S04_20170606_045500_3,frontal_left,mean,mean__frontal_left__E22,3,36,"[15, 16, 28, 29]",4,False,6.885584248648e-05,-1.2910594741076933e-08,2.2956251027073692e-05,50.0
E23,444,444,421,23,815,0.9481981981981982,0.34061488673139156,0.5011904761904762,raja,S4/S04_20170606_045500_3,frontal_left,mean,mean__frontal_left__E23,3,36,"[15, 16, 28, 29]",4,False,4.405855317386698e-05,7.203979708368857e-09,1.4683783064719536e-05,50.0
E24,26,26,11,15,1225,0.4230769230769231,0.00889967637540453,0.017432646592709985,raja,S4/S04_20170606_045500_3,frontal_left,mean,mean__frontal_left__E24,3,36,"[15, 16, 28, 29]",4,False,4.6769112095288346e-05,-1.8916946773499978e-08,1.5596009680687283e-05,50.0
E9,1222,1222,1198,24,38,0.9803600654664485,0.9692556634304207,0.9747762408462164,raja,S4/S04_20170606_045500_3,frontal_right,median,median__frontal_right__E9,3,36,"[15, 28, 34]",3,False,5.340445155979402e-05,-7.403851740480149e-06,2.0269434433424722e-05,50.0
E3,1082,1082,1057,25,179,0.9768946395563771,0.8551779935275081,0.911993097497843,raja,S4/S04_20170606_045500_3,frontal_right,median,median__frontal_right__E3,3,36,"[15, 28, 34]",3,False,3.811082944452161e-05,-3.6728649938545423e-06,1.3927898146125383e-05,50.0
E124,9,9,5,4,1231,0.5555555555555556,0.0040453074433656954,0.008032128514056224,raja,S4/S04_20170606_045500_3,frontal_right,median,median__frontal_right__E124,3,36,"[15, 28, 34]",3,False,0.0002862043674099535,6.385886659582334e-07,9.51885929146651e-05,50.0
E9,1207,1207,1183,24,53,0.980115990057995,0.9571197411003236,0.9684813753581661,raja,S4/S04_20170606_045500_3,frontal_right,mean,mean__frontal_right__E9,3,36,"[15, 28, 34]",3,False,6.08334116396656e-05,2.510833939143561e-08,2.0269434433424722e-05,50.0
E3,996,996,967,29,269,0.9708835341365462,0.7823624595469255,0.8664874551971326,raja,S4/S04_20170606_045500_3,frontal_right,mean,mean__frontal_right__E3,3,36,"[15, 28, 34]",3,False,4.1785832665558574e-05,2.13822718242387e-09,1.3927898146125383e-05,50.0
E124,9,9,5,4,1231,0.5555555555555556,0.0040453074433656954,0.008032128514056224,raja,S4/S04_20170606_045500_3,frontal_right,mean,mean__frontal_right__E124,3,36,"[15, 28, 34]",3,False,0.0002856657025969623,9.992385296706857e-08,9.51885929146651e-05,50.0
E9,1234,1234,1212,22,24,0.9821717990275527,0.9805825242718447,0.9813765182186235,raja,S4/S04_20170606_045500_3,all_channel,median,median__all_channel__E9,32,30,"[0, 1, 3, 4, 5, 7, 9, 10, 11, 12, 13, 14, 15, 19, 20, 23, 24, 25, 27, 28]",20,False,4.711002013139181e-05,-6.114660418629168e-06,1.7741560183340326e-05,60.0
E22,1208,1208,1185,23,51,0.9809602649006622,0.9587378640776699,0.969721767594108,raja,S4/S04_20170606_045500_3,all_channel,median,median__all_channel__E22,32,30,"[0, 1, 3, 4, 5, 7, 9, 10, 11, 12, 13, 14, 15, 19, 20, 23, 24, 25, 27, 28]",20,False,4.608291047933867e-05,-5.4171016769014615e-06,1.716667071874671e-05,60.0
E3,1146,1146,1118,28,118,0.9755671902268761,0.9045307443365695,0.9387069689336691,raja,S4/S04_20170606_045500_3,all_channel,median,median__all_channel__E3,32,30,"[0, 1, 3, 4, 5, 7, 9, 10, 11, 12, 13, 14, 15, 19, 20, 23, 24, 25, 27, 28]",20,False,3.4355079254890125e-05,-3.1451568637121945e-06,1.2500078706200774e-05,60.0
E23,883,883,857,26,379,0.970554926387316,0.6933656957928802,0.8088721094856063,raja,S4/S04_20170606_045500_3,all_channel,median,median__all_channel__E23,32,30,"[0, 1, 3, 4, 5, 7, 9, 10, 11, 12, 13, 14, 15, 19, 20, 23, 24, 25, 27, 28]",20,False,3.283984650655539e-05,-2.2231179897410156e-06,1.1687654832098802e-05,60.0
E26,748,748,693,55,543,0.9264705882352942,0.5606796116504854,0.6985887096774194,raja,S4/S04_20170606_045500_3,all_channel,median,median__all_channel__E26,32,30,"[0, 1, 3, 4, 5, 7, 9, 10, 11, 12, 13, 14, 15, 19, 20, 23, 24, 25, 27, 28]",20,False,2.867533146255333e-05,-1.7656590877902612e-06,1.0146996850114531e-05,60.0
E122,148,148,110,38,1126,0.7432432432432432,0.0889967637540453,0.1589595375722543,raja,S4/S04_20170606_045500_3,all_channel,median,median__all_channel__E122,32,30,"[0, 1, 3, 4, 5, 7, 9, 10, 11, 12, 13, 14, 15, 19, 20, 23, 24, 25, 27, 28]",20,False,2.330084959455729e-05,-3.151222197019588e-07,7.871990604753084e-06,60.0
E11,41,41,38,3,1198,0.926829268292683,0.030744336569579287,0.05951448707909162,raja,S4/S04_20170606_045500_3,all_channel,median,median__all_channel__E11,32,30,"[0, 1, 3, 4, 5, 7, 9, 10, 11, 12, 13, 14, 15, 19, 20, 23, 24, 25, 27, 28]",20,False,6.330735368340318e-05,-6.595949777361439e-07,2.1322316220379773e-05,60.0
E67,145,145,41,104,1195,0.2827586206896552,0.03317152103559871,0.05937726285300506,raja,S4/S04_20170606_045500_3,all_channel,median,median__all_channel__E67,32,30,"[0, 1, 3, 4, 5, 7, 9, 10, 11, 12, 13, 14, 15, 19, 20, 23, 24, 25, 27, 28]",20,False,3.9423168611603804e-05,5.239600083421291e-07,1.2966402867753891e-05,60.0
E62,152,152,39,113,1197,0.2565789473684211,0.03155339805825243,0.056195965417867436,raja,S4/S04_20170606_045500_3,all_channel,median,median__all_channel__E62,32,30,"[0, 1, 3, 4, 5, 7, 9, 10, 11, 12, 13, 14, 15, 19, 20, 23, 24, 25, 27, 28]",20,False,3.9184385591120336e-05,3.130729243118469e-07,1.2957104222269497e-05,60.0
E33,115,115,32,83,1204,0.2782608695652174,0.025889967637540454,0.047372316802368614,raja,S4/S04_20170606_045500_3,all_channel,median,median__all_channel__E33,32,30,"[0, 1, 3, 4, 5, 7, 9, 10, 11, 12, 13, 14, 15, 19, 20, 23, 24, 25, 27, 28]",20,False,1.9732816773428538e-05,-1.1553898461004788e-07,6.616118586012862e-06,60.0
E75,117,117,24,93,1212,0.20512820512820512,0.019417475728155338,0.035476718403547665,raja,S4/S04_20170606_045500_3,all_channel,median,median__all_channel__E75,32,30,"[0, 1, 3, 4, 5, 7, 9, 10, 11, 12, 13, 14, 15, 19, 20, 23, 24, 25, 27, 28]",20,False,3.162653106820196e-05,7.670070574992537e-07,1.028650800356757e-05,60.0
E28,74,74,22,52,1214,0.2972972972972973,0.01779935275080906,0.03358778625954199,raja,S4/S04_20170606_045500_3,all_channel,median,median__all_channel__E28,32,30,"[0, 1, 3, 4, 5, 7, 9, 10, 11, 12, 13, 14, 15, 19, 20, 23, 24, 25, 27, 28]",20,False,2.0019045083489814e-05,-1.1352895225813262e-07,6.710858011915982e-06,60.0
E24,36,36,19,17,1217,0.5277777777777778,0.015372168284789644,0.029874213836477988,raja,S4/S04_20170606_045500_3,all_channel,median,median__all_channel__E24,32,30,"[0, 1, 3, 4, 5, 7, 9, 10, 11, 12, 13, 14, 15, 19, 20, 23, 24, 25, 27, 28]",20,False,3.848737954303879e-05,-2.6463805040025916e-07,1.2917339197813014e-05,60.0
E109,72,72,17,55,1219,0.2361111111111111,0.013754045307443365,0.02599388379204893,raja,S4/S04_20170606_045500_3,all_channel,median,median__all_channel__E109,32,30,"[0, 1, 3, 4, 5, 7, 9, 10, 11, 12, 13, 14, 15, 19, 20, 23, 24, 25, 27, 28]",20,False,1.9756552624354205e-05,1.6676821839616504e-07,6.529928135319347e-06,60.0
E84,77,77,17,60,1219,0.22077922077922077,0.013754045307443365,0.025894897182025894,raja,S4/S04_20170606_045500_3,all_channel,median,median__all_channel__E84,32,30,"[0, 1, 3, 4, 5, 7, 9, 10, 11, 12, 13, 14, 15, 19, 20, 23, 24, 25, 27, 28]",20,False,2.7351912331087718e-05,5.989722004032912e-07,8.917646710228143e-06,60.0
E60,95,95,17,78,1219,0.17894736842105263,0.013754045307443365,0.02554470323065364,raja,S4/S04_20170606_045500_3,all_channel,median,median__all_channel__E60,32,30,"[0, 1, 3, 4, 5, 7, 9, 10, 11, 12, 13, 14, 15, 19, 20, 23, 24, 25, 27, 28]",20,False,5.100938408304773e-05,2.669252906993769e-07,1.6914152930782785e-05,60.0
E40,62,62,16,46,1220,0.25806451612903225,0.012944983818770227,0.02465331278890601,raja,S4/S04_20170606_045500_3,all_channel,median,median__all_channel__E40,32,30,"[0, 1, 3, 4, 5, 7, 9, 10, 11, 12, 13, 14, 15, 19, 20, 23, 24, 25, 27, 28]",20,False,2.0921160705202474e-05,2.5290822144785037e-07,6.889417494584874e-06,60.0
E104,62,62,15,47,1221,0.24193548387096775,0.012135922330097087,0.023112480739599383,raja,S4/S04_20170606_045500_3,all_channel,median,median__all_channel__E104,32,30,"[0, 1, 3, 4, 5, 7, 9, 10, 11, 12, 13, 14, 15, 19, 20, 23, 24, 25, 27, 28]",20,False,2.027145110465145e-05,1.3229710501280713e-07,6.71305133321288e-06,60.0
E77,80,80,15,65,1221,0.1875,0.012135922330097087,0.022796352583586626,raja,S4/S04_20170606_045500_3,all_channel,median,median__all_channel__E77,32,30,"[0, 1, 3, 4, 5, 7, 9, 10, 11, 12, 13, 14, 15, 19, 20, 23, 24, 25, 27, 28]",20,False,2.5010396568373052e-05,5.3242448277842e-07,8.159324028531545e-06,60.0
E37,35,35,14,21,1222,0.4,0.011326860841423949,0.022029897718332025,raja,S4/S04_20170606_045500_3,all_channel,median,median__all_channel__E37,32,30,"[0, 1, 3, 4, 5, 7, 9, 10, 11, 12, 13, 14, 15, 19, 20, 23, 24, 25, 27, 28]",20,False,3.793844871377961e-05,1.592347049503038e-07,1.2593071336276436e-05,60.0
E124,36,36,13,23,1223,0.3611111111111111,0.010517799352750809,0.020440251572327043,raja,S4/S04_20170606_045500_3,all_channel,median,median__all_channel__E124,32,30,"[0, 1, 3, 4, 5, 7, 9, 10, 11, 12, 13, 14, 15, 19, 20, 23, 24, 25, 27, 28]",20,False,0.00022026258910400507,8.068804880748162e-08,7.33939670183992e-05,60.0
E70,73,73,11,62,1225,0.1506849315068493,0.00889967637540453,0.01680672268907563,raja,S4/S04_20170606_045500_3,all_channel,median,median__all_channel__E70,32,30,"[0, 1, 3, 4, 5, 7, 9, 10, 11, 12, 13, 14, 15, 19, 20, 23, 24, 25, 27, 28]",20,False,2.691098539449472e-05,7.656003273814658e-07,8.715128355704417e-06,60.0
E59,42,42,10,32,1226,0.23809523809523808,0.008090614886731391,0.01564945226917058,raja,S4/S04_20170606_045500_3,all_channel,median,median__all_channel__E59,32,30,"[0, 1, 3, 4, 5, 7, 9, 10, 11, 12, 13, 14, 15, 19, 20, 23, 24, 25, 27, 28]",20,False,3.2537572251136956e-05,3.9632706789753417e-07,1.0713748394413142e-05,60.0
E85,67,67,10,57,1226,0.14925373134328357,0.008090614886731391,0.015349194167306216,raja,S4/S04_20170606_045500_3,all_channel,median,median__all_channel__E85,32,30,"[0, 1, 3, 4, 5, 7, 9, 10, 11, 12, 13, 14, 15, 19, 20, 23, 24, 25, 27, 28]",20,False,2.3265670889802132e-05,5.693649478331329e-07,7.565435313989666e-06,60.0
E112,39,39,9,30,1227,0.23076923076923078,0.007281553398058253,0.01411764705882353,raja,S4/S04_20170606_045500_3,all_channel,median,median__all_channel__E112,32,30,"[0, 1, 3, 4, 5, 7, 9, 10, 11, 12, 13, 14, 15, 19, 20, 23, 24, 25, 27, 28]",20,False,0.00010387461082901451,9.167843675394963e-08,3.4594310797420184e-05,60.0
E83,61,61,9,52,1227,0.14754098360655737,0.007281553398058253,0.013878180416345412,raja,S4/S04_20170606_045500_3,all_channel,median,median__all_channel__E83,32,30,"[0, 1, 3, 4, 5, 7, 9, 10, 11, 12, 13, 14, 15, 19, 20, 23, 24, 25, 27, 28]",20,False,3.072077823128975e-05,8.071843107126621e-07,9.971197973525697e-06,60.0
E47,79,79,9,70,1227,0.11392405063291139,0.007281553398058253,0.013688212927756654,raja,S4/S04_20170606_045500_3,all_channel,median,median__all_channel__E47,32,30,"[0, 1, 3, 4, 5, 7, 9, 10, 11, 12, 13, 14, 15, 19, 20, 23, 24, 25, 27, 28]",20,False,8.399711057633379e-05,-1.61873659060581e-06,2.85386157223132e-05,60.0
E91,78,78,7,71,1229,0.08974358974358974,0.0056634304207119745,0.0106544901065449,raja,S4/S04_20170606_045500_3,all_channel,median,median__all_channel__E91,32,30,"[0, 1, 3, 4, 5, 7, 9, 10, 11, 12, 13, 14, 15, 19, 20, 23, 24, 25, 27, 28]",20,False,2.386791886188173e-05,6.42951912502084e-07,7.741655649793215e-06,60.0
E87,18,18,6,12,1230,0.3333333333333333,0.0048543689320388345,0.009569377990430622,raja,S4/S04_20170606_045500_3,all_channel,median,median__all_channel__E87,32,30,"[0, 1, 3, 4, 5, 7, 9, 10, 11, 12, 13, 14, 15, 19, 20, 23, 24, 25, 27, 28]",20,False,5.4673230361176217e-05,1.5445122344656165e-07,1.8172926379243218e-05,60.0
E13,12,12,5,7,1231,0.4166666666666667,0.0040453074433656954,0.008012820512820512,raja,S4/S04_20170606_045500_3,all_channel,median,median__all_channel__E13,32,30,"[0, 1, 3, 4, 5, 7, 9, 10, 11, 12, 13, 14, 15, 19, 20, 23, 24, 25, 27, 28]",20,False,7.273564776375296e-05,1.21335850352259e-07,2.4204770637800234e-05,60.0
E117,13,13,3,10,1233,0.23076923076923078,0.0024271844660194173,0.004803843074459567,raja,S4/S04_20170606_045500_3,all_channel,median,median__all_channel__E117,32,30,"[0, 1, 3, 4, 5, 7, 9, 10, 11, 12, 13, 14, 15, 19, 20, 23, 24, 25, 27, 28]",20,False,0.00052701548809117,1.329453247651828e-06,0.0001752286782811727,60.0
E98,16,16,2,14,1234,0.125,0.0016181229773462784,0.003194888178913738,raja,S4/S04_20170606_045500_3,all_channel,median,median__all_channel__E98,32,30,"[0, 1, 3, 4, 5, 7, 9, 10, 11, 12, 13, 14, 15, 19, 20, 23, 24, 25, 27, 28]",20,False,8.582055407744608e-05,3.093485993772493e-07,2.8503735159356278e-05,60.0
E9,1224,1224,1201,23,35,0.9812091503267973,0.9716828478964401,0.9764227642276422,raja,S4/S04_20170606_045500_3,all_channel,mean,mean__all_channel__E9,32,30,"[0, 1, 3, 4, 5, 7, 9, 10, 11, 12, 13, 14, 15, 19, 20, 23, 24, 25, 27, 28]",20,False,5.319187020417557e-05,-3.281034584540474e-08,1.7741560183340326e-05,60.0
E22,1190,1190,1165,25,71,0.9789915966386554,0.9425566343042071,0.9604286892003298,raja,S4/S04_20170606_045500_3,all_channel,mean,mean__all_channel__E22,32,30,"[0, 1, 3, 4, 5, 7, 9, 10, 11, 12, 13, 14, 15, 19, 20, 23, 24, 25, 27, 28]",20,False,5.146290975019806e-05,-3.710240604207042e-08,1.716667071874671e-05,60.0
E3,1090,1090,1063,27,173,0.9752293577981651,0.860032362459547,0.9140154772141015,raja,S4/S04_20170606_045500_3,all_channel,mean,mean__all_channel__E3,32,30,"[0, 1, 3, 4, 5, 7, 9, 10, 11, 12, 13, 14, 15, 19, 20, 23, 24, 25, 27, 28]",20,False,3.7482837624132826e-05,-1.739849446949749e-08,1.2500078706200774e-05,60.0
E23,792,792,766,26,470,0.9671717171717171,0.6197411003236246,0.7554240631163708,raja,S4/S04_20170606_045500_3,all_channel,mean,mean__all_channel__E23,32,30,"[0, 1, 3, 4, 5, 7, 9, 10, 11, 12, 13, 14, 15, 19, 20, 23, 24, 25, 27, 28]",20,False,3.5038884524995605e-05,-2.4079971300797154e-08,1.1687654832098802e-05,60.0
E26,661,661,618,43,618,0.9349470499243571,0.5,0.6515550869794412,raja,S4/S04_20170606_045500_3,all_channel,mean,mean__all_channel__E26,32,30,"[0, 1, 3, 4, 5, 7, 9, 10, 11, 12, 13, 14, 15, 19, 20, 23, 24, 25, 27, 28]",20,False,3.0418755964209667e-05,-2.2234586133924932e-08,1.0146996850114531e-05,60.0
E122,133,133,98,35,1138,0.7368421052631579,0.07928802588996764,0.14317019722425128,raja,S4/S04_20170606_045500_3,all_channel,mean,mean__all_channel__E122,32,30,"[0, 1, 3, 4, 5, 7, 9, 10, 11, 12, 13, 14, 15, 19, 20, 23, 24, 25, 27, 28]",20,False,2.359914925021306e-05,-1.682256404618956e-08,7.871990604753084e-06,60.0
E67,151,151,41,110,1195,0.271523178807947,0.03317152103559871,0.05912040374909877,raja,S4/S04_20170606_045500_3,all_channel,mean,mean__all_channel__E67,32,30,"[0, 1, 3, 4, 5, 7, 9, 10, 11, 12, 13, 14, 15, 19, 20, 23, 24, 25, 27, 28]",20,False,3.889315281018448e-05,-6.055793077196823e-09,1.2966402867753891e-05,60.0
E11,39,39,36,3,1200,0.9230769230769231,0.02912621359223301,0.05647058823529412,raja,S4/S04_20170606_045500_3,all_channel,mean,mean__all_channel__E11,32,30,"[0, 1, 3, 4, 5, 7, 9, 10, 11, 12, 13, 14, 15, 19, 20, 23, 24, 25, 27, 28]",20,False,6.39243283780418e-05,-4.262028309751408e-08,2.1322316220379773e-05,60.0
E62,152,152,39,113,1197,0.2565789473684211,0.03155339805825243,0.056195965417867436,raja,S4/S04_20170606_045500_3,all_channel,mean,mean__all_channel__E62,32,30,"[0, 1, 3, 4, 5, 7, 9, 10, 11, 12, 13, 14, 15, 19, 20, 23, 24, 25, 27, 28]",20,False,3.8968517470423455e-05,9.72048036149675e-08,1.2957104222269497e-05,60.0
E33,114,114,32,82,1204,0.2807017543859649,0.025889967637540454,0.047407407407407405,raja,S4/S04_20170606_045500_3,all_channel,mean,mean__all_channel__E33,32,30,"[0, 1, 3, 4, 5, 7, 9, 10, 11, 12, 13, 14, 15, 19, 20, 23, 24, 25, 27, 28]",20,False,1.9829459953135203e-05,-1.8895804903380917e-08,6.616118586012862e-06,60.0
E75,122,122,24,98,1212,0.19672131147540983,0.019417475728155338,0.035346097201767304,raja,S4/S04_20170606_045500_3,all_channel,mean,mean__all_channel__E75,32,30,"[0, 1, 3, 4, 5, 7, 9, 10, 11, 12, 13, 14, 15, 19, 20, 23, 24, 25, 27, 28]",20,False,3.101481381341945e-05,1.552898027167425e-07,1.028650800356757e-05,60.0
E28,72,72,22,50,1214,0.3055555555555556,0.01779935275080906,0.03363914373088685,raja,S4/S04_20170606_045500_3,all_channel,mean,mean__all_channel__E28,32,30,"[0, 1, 3, 4, 5, 7, 9, 10, 11, 12, 13, 14, 15, 19, 20, 23, 24, 25, 27, 28]",20,False,2.0121398589739572e-05,-1.1175446008375479e-08,6.710858011915982e-06,60.0
E24,36,36,19,17,1217,0.5277777777777778,0.015372168284789644,0.029874213836477988,raja,S4/S04_20170606_045500_3,all_channel,mean,mean__all_channel__E24,32,30,"[0, 1, 3, 4, 5, 7, 9, 10, 11, 12, 13, 14, 15, 19, 20, 23, 24, 25, 27, 28]",20,False,3.87380130060878e-05,-1.4004587351247432e-08,1.2917339197813014e-05,60.0
E84,86,86,18,68,1218,0.20930232558139536,0.014563106796116505,0.027231467473524965,raja,S4/S04_20170606_045500_3,all_channel,mean,mean__all_channel__E84,32,30,"[0, 1, 3, 4, 5, 7, 9, 10, 11, 12, 13, 14, 15, 19, 20, 23, 24, 25, 27, 28]",20,False,2.675240938915757e-05,-5.307415268567258e-10,8.917646710228143e-06,60.0
E109,73,73,17,56,1219,0.2328767123287671,0.013754045307443365,0.025974025974025972,raja,S4/S04_20170606_045500_3,all_channel,mean,mean__all_channel__E109,32,30,"[0, 1, 3, 4, 5, 7, 9, 10, 11, 12, 13, 14, 15, 19, 20, 23, 24, 25, 27, 28]",20,False,1.9570820125838336e-05,-1.8964280119704476e-08,6.529928135319347e-06,60.0
E60,96,96,17,79,1219,0.17708333333333334,0.013754045307443365,0.025525525525525523,raja,S4/S04_20170606_045500_3,all_channel,mean,mean__all_channel__E60,32,30,"[0, 1, 3, 4, 5, 7, 9, 10, 11, 12, 13, 14, 15, 19, 20, 23, 24, 25, 27, 28]",20,False,5.0704577891418395e-05,-3.788090092995706e-08,1.6914152930782785e-05,60.0
E40,65,65,16,49,1220,0.24615384615384617,0.012944983818770227,0.024596464258262875,raja,S4/S04_20170606_045500_3,all_channel,mean,mean__all_channel__E40,32,30,"[0, 1, 3, 4, 5, 7, 9, 10, 11, 12, 13, 14, 15, 19, 20, 23, 24, 25, 27, 28]",20,False,2.0657241589645857e-05,-1.1010894108767111e-08,6.889417494584874e-06,60.0
E104,63,63,15,48,1221,0.23809523809523808,0.012135922330097087,0.023094688221709007,raja,S4/S04_20170606_045500_3,all_channel,mean,mean__all_channel__E104,32,30,"[0, 1, 3, 4, 5, 7, 9, 10, 11, 12, 13, 14, 15, 19, 20, 23, 24, 25, 27, 28]",20,False,2.0123918214353164e-05,-1.523578528547845e-08,6.71305133321288e-06,60.0
E77,80,80,15,65,1221,0.1875,0.012135922330097087,0.022796352583586626,raja,S4/S04_20170606_045500_3,all_channel,mean,mean__all_channel__E77,32,30,"[0, 1, 3, 4, 5, 7, 9, 10, 11, 12, 13, 14, 15, 19, 20, 23, 24, 25, 27, 28]",20,False,2.4508234592842622e-05,3.0262507247987976e-08,8.159324028531545e-06,60.0
E37,37,37,14,23,1222,0.3783783783783784,0.011326860841423949,0.021995286724273373,raja,S4/S04_20170606_045500_3,all_channel,mean,mean__all_channel__E37,32,30,"[0, 1, 3, 4, 5, 7, 9, 10, 11, 12, 13, 14, 15, 19, 20, 23, 24, 25, 27, 28]",20,False,3.7762032138860396e-05,-1.7181869968913225e-08,1.2593071336276436e-05,60.0
E70,82,82,14,68,1222,0.17073170731707318,0.011326860841423949,0.021244309559939303,raja,S4/S04_20170606_045500_3,all_channel,mean,mean__all_channel__E70,32,30,"[0, 1, 3, 4, 5, 7, 9, 10, 11, 12, 13, 14, 15, 19, 20, 23, 24, 25, 27, 28]",20,False,2.6164327635730506e-05,1.8942568617251634e-08,8.715128355704417e-06,60.0
E124,36,36,13,23,1223,0.3611111111111111,0.010517799352750809,0.020440251572327043,raja,S4/S04_20170606_045500_3,all_channel,mean,mean__all_channel__E124,32,30,"[0, 1, 3, 4, 5, 7, 9, 10, 11, 12, 13, 14, 15, 19, 20, 23, 24, 25, 27, 28]",20,False,0.00022010720887869265,-7.469217650493007e-08,7.33939670183992e-05,60.0
E85,76,76,11,65,1225,0.14473684210526316,0.00889967637540453,0.01676829268292683,raja,S4/S04_20170606_045500_3,all_channel,mean,mean__all_channel__E85,32,30,"[0, 1, 3, 4, 5, 7, 9, 10, 11, 12, 13, 14, 15, 19, 20, 23, 24, 25, 27, 28]",20,False,2.2684594258391913e-05,-1.1711683577083189e-08,7.565435313989666e-06,60.0
E59,42,42,10,32,1226,0.23809523809523808,0.008090614886731391,0.01564945226917058,raja,S4/S04_20170606_045500_3,all_channel,mean,mean__all_channel__E59,32,30,"[0, 1, 3, 4, 5, 7, 9, 10, 11, 12, 13, 14, 15, 19, 20, 23, 24, 25, 27, 28]",20,False,3.213562899710547e-05,-5.616186133951223e-09,1.0713748394413142e-05,60.0
E91,90,90,10,80,1226,0.1111111111111111,0.008090614886731391,0.015082956259426846,raja,S4/S04_20170606_045500_3,all_channel,mean,mean__all_channel__E91,32,30,"[0, 1, 3, 4, 5, 7, 9, 10, 11, 12, 13, 14, 15, 19, 20, 23, 24, 25, 27, 28]",20,False,2.3210538277121172e-05,-1.4428672258472386e-08,7.741655649793215e-06,60.0
E112,39,39,9,30,1227,0.23076923076923078,0.007281553398058253,0.01411764705882353,raja,S4/S04_20170606_045500_3,all_channel,mean,mean__all_channel__E112,32,30,"[0, 1, 3, 4, 5, 7, 9, 10, 11, 12, 13, 14, 15, 19, 20, 23, 24, 25, 27, 28]",20,False,0.00010374012487872293,-4.280751353762727e-08,3.4594310797420184e-05,60.0
E47,71,71,9,62,1227,0.1267605633802817,0.007281553398058253,0.013771996939556237,raja,S4/S04_20170606_045500_3,all_channel,mean,mean__all_channel__E47,32,30,"[0, 1, 3, 4, 5, 7, 9, 10, 11, 12, 13, 14, 15, 19, 20, 23, 24, 25, 27, 28]",20,False,8.562066002131454e-05,4.812854374940994e-09,2.85386157223132e-05,60.0
E83,67,67,8,59,1228,0.11940298507462686,0.006472491909385114,0.012279355333844975,raja,S4/S04_20170606_045500_3,all_channel,mean,mean__all_channel__E83,32,30,"[0, 1, 3, 4, 5, 7, 9, 10, 11, 12, 13, 14, 15, 19, 20, 23, 24, 25, 27, 28]",20,False,2.989318454970554e-05,-2.0409370871549575e-08,9.971197973525697e-06,60.0
E87,18,18,6,12,1230,0.3333333333333333,0.0048543689320388345,0.009569377990430622,raja,S4/S04_20170606_045500_3,all_channel,mean,mean__all_channel__E87,32,30,"[0, 1, 3, 4, 5, 7, 9, 10, 11, 12, 13, 14, 15, 19, 20, 23, 24, 25, 27, 28]",20,False,5.451376368706312e-05,-5.0154506665365e-09,1.8172926379243218e-05,60.0
E13,13,13,5,8,1231,0.38461538461538464,0.0040453074433656954,0.008006405124099279,raja,S4/S04_20170606_045500_3,all_channel,mean,mean__all_channel__E13,32,30,"[0, 1, 3, 4, 5, 7, 9, 10, 11, 12, 13, 14, 15, 19, 20, 23, 24, 25, 27, 28]",20,False,7.255189871137075e-05,-6.241320202995072e-08,2.4204770637800234e-05,60.0
E117,13,13,3,10,1233,0.23076923076923078,0.0024271844660194173,0.004803843074459567,raja,S4/S04_20170606_045500_3,all_channel,mean,mean__all_channel__E117,32,30,"[0, 1, 3, 4, 5, 7, 9, 10, 11, 12, 13, 14, 15, 19, 20, 23, 24, 25, 27, 28]",20,False,0.0005258650523076561,1.7901746413799105e-07,0.0001752286782811727,60.0
E98,16,16,2,14,1234,0.125,0.0016181229773462784,0.003194888178913738,raja,S4/S04_20170606_045500_3,all_channel,mean,mean__all_channel__E98,32,30,"[0, 1, 3, 4, 5, 7, 9, 10, 11, 12, 13, 14, 15, 19, 20, 23, 24, 25, 27, 28]",20,False,8.550031614672405e-05,-1.088933134478458e-08,2.8503735159356278e-05,60.0
E9,1234,1234,1212,22,24,0.9821717990275527,0.9805825242718447,0.9813765182186235,raja,S4/S04_20170606_045500_3,frontal,median,median__frontal__E9,6,30,"[13, 24, 27, 28]",4,False,4.657524221526489e-05,-7.145096617411716e-06,1.79067796108922e-05,60.0
E22,1198,1198,1173,25,63,0.9791318864774624,0.9490291262135923,0.9638455217748562,raja,S4/S04_20170606_045500_3,frontal,median,median__frontal__E22,6,30,"[13, 24, 27, 28]",4,False,4.965170464625995e-05,-6.1712050177971116e-06,1.8607636554685688e-05,60.0
E3,1145,1145,1118,27,118,0.9764192139737992,0.9045307443365695,0.9391012179756405,raja,S4/S04_20170606_045500_3,frontal,median,median__frontal__E3,6,30,"[13, 24, 27, 28]",4,False,3.461887370601149e-05,-3.5467575533729128e-06,1.2721877086461467e-05,60.0
E23,705,705,684,21,552,0.9702127659574468,0.5533980582524272,0.7047913446676971,raja,S4/S04_20170606_045500_3,frontal,median,median__frontal__E23,6,30,"[13, 24, 27, 28]",4,False,3.7377309114101345e-05,-2.240367120632991e-06,1.3205892078244778e-05,60.0
E24,22,22,11,11,1225,0.5,0.00889967637540453,0.017488076311605722,raja,S4/S04_20170606_045500_3,frontal,median,median__frontal__E24,6,30,"[13, 24, 27, 28]",4,False,4.8999812336020834e-05,-3.791430875623543e-07,1.6459651807861062e-05,60.0
E124,8,8,5,3,1231,0.625,0.0040453074433656954,0.008038585209003215,raja,S4/S04_20170606_045500_3,frontal,median,median__frontal__E124,6,30,"[13, 24, 27, 28]",4,False,0.0003075879771875691,6.569774190944283e-07,0.00010231033325615823,60.0
E9,1220,1220,1199,21,37,0.9827868852459016,0.9700647249190939,0.9763843648208469,raja,S4/S04_20170606_045500_3,frontal,mean,mean__frontal__E9,6,30,"[13, 24, 27, 28]",4,False,5.374031212545381e-05,1.9973292777207e-08,1.79067796108922e-05,60.0
E22,1172,1172,1146,26,90,0.9778156996587031,0.9271844660194175,0.951827242524917,raja,S4/S04_20170606_045500_3,frontal,mean,mean__frontal__E22,6,30,"[13, 24, 27, 28]",4,False,5.5742258460556494e-05,-8.065120350056575e-08,1.8607636554685688e-05,60.0
E3,1078,1078,1054,24,182,0.9777365491651205,0.8527508090614887,0.9109766637856526,raja,S4/S04_20170606_045500_3,frontal,mean,mean__frontal__E3,6,30,"[13, 24, 27, 28]",4,False,3.811147478369435e-05,-5.4156475690051154e-08,1.2721877086461467e-05,60.0
E23,616,616,596,20,640,0.9675324675324676,0.48220064724919093,0.6436285097192224,raja,S4/S04_20170606_045500_3,frontal,mean,mean__frontal__E23,6,30,"[13, 24, 27, 28]",4,False,3.955859187210669e-05,-5.9084362627650684e-08,1.3205892078244778e-05,60.0
E24,22,22,11,11,1225,0.5,0.00889967637540453,0.017488076311605722,raja,S4/S04_20170606_045500_3,frontal,mean,mean__frontal__E24,6,30,"[13, 24, 27, 28]",4,False,4.929655095890775e-05,-8.240446467543092e-08,1.6459651807861062e-05,60.0
E124,8,8,5,3,1231,0.625,0.0040453074433656954,0.008038585209003215,raja,S4/S04_20170606_045500_3,frontal,mean,mean__frontal__E124,6,30,"[13, 24, 27, 28]",4,False,0.0003067927998966529,-1.3819987182177505e-07,0.00010231033325615823,60.0
E22,1030,1030,1009,21,227,0.9796116504854369,0.8163430420711975,0.8905560458958517,raja,S4/S04_20170606_045500_3,frontal_left,median,median__frontal_left__E22,3,30,"[13, 24]",2,False,7.032849754843242e-05,-4.80082284939954e-06,2.5043106799277325e-05,60.0
E23,304,304,286,18,950,0.9407894736842105,0.2313915857605178,0.3714285714285714,raja,S4/S04_20170606_045500_3,frontal_left,median,median__frontal_left__E23,3,30,"[13, 24]",2,False,4.774348636195253e-05,-1.5359512192439258e-06,1.642647919373215e-05,60.0
E24,19,19,10,9,1226,0.5263157894736842,0.008090614886731391,0.01593625498007968,raja,S4/S04_20170606_045500_3,frontal_left,median,median__frontal_left__E24,3,30,"[13, 24]",2,False,5.0569033664240717e-05,-5.359815251372732e-07,1.7035005063125997e-05,60.0
E22,951,951,937,14,299,0.9852786540483701,0.7580906148867314,0.8568815729309556,raja,S4/S04_20170606_045500_3,frontal_left,mean,mean__frontal_left__E22,3,30,"[13, 24]",2,False,7.50423468458621e-05,-8.69735519698682e-08,2.5043106799277325e-05,60.0
E23,254,254,239,15,997,0.9409448818897638,0.19336569579288027,0.3208053691275168,raja,S4/S04_20170606_045500_3,frontal_left,mean,mean__frontal_left__E23,3,30,"[13, 24]",2,False,4.920844669691759e-05,-7.099088427886577e-08,1.642647919373215e-05,60.0
E24,19,19,10,9,1226,0.5263157894736842,0.008090614886731391,0.01593625498007968,raja,S4/S04_20170606_045500_3,frontal_left,mean,mean__frontal_left__E24,3,30,"[13, 24]",2,False,5.098337893766255e-05,-1.2163625171543548e-07,1.7035005063125997e-05,60.0
E9,1234,1234,1212,22,24,0.9821717990275527,0.9805825242718447,0.9813765182186235,raja,S4/S04_20170606_045500_3,frontal_right,median,median__frontal_right__E9,3,30,"[13, 24, 27, 28]",4,False,4.657524221526489e-05,-7.145096617411716e-06,1.79067796108922e-05,60.0
E3,1145,1145,1118,27,118,0.9764192139737992,0.9045307443365695,0.9391012179756405,raja,S4/S04_20170606_045500_3,frontal_right,median,median__frontal_right__E3,3,30,"[13, 24, 27, 28]",4,False,3.461887370601149e-05,-3.5467575533729128e-06,1.2721877086461467e-05,60.0
E124,8,8,5,3,1231,0.625,0.0040453074433656954,0.008038585209003215,raja,S4/S04_20170606_045500_3,frontal_right,median,median__frontal_right__E124,3,30,"[13, 24, 27, 28]",4,False,0.0003075879771875691,6.569774190944283e-07,0.00010231033325615823,60.0
E9,1220,1220,1199,21,37,0.9827868852459016,0.9700647249190939,0.9763843648208469,raja,S4/S04_20170606_045500_3,frontal_right,mean,mean__frontal_right__E9,3,30,"[13, 24, 27, 28]",4,False,5.374031212545381e-05,1.9973292777207e-08,1.79067796108922e-05,60.0
E3,1078,1078,1054,24,182,0.9777365491651205,0.8527508090614887,0.9109766637856526,raja,S4/S04_20170606_045500_3,frontal_right,mean,mean__frontal_right__E3,3,30,"[13, 24, 27, 28]",4,False,3.811147478369435e-05,-5.4156475690051154e-08,1.2721877086461467e-05,60.0
E124,8,8,5,3,1231,0.625,0.0040453074433656954,0.008038585209003215,raja,S4/S04_20170606_045500_3,frontal_right,mean,mean__frontal_right__E124,3,30,"[13, 24, 27, 28]",4,False,0.0003067927998966529,-1.3819987182177505e-07,0.00010231033325615823,60.0
E9,1226,1226,1206,20,30,0.9836867862969005,0.9757281553398058,0.9796913078797725,raja,S4/S04_20170606_045500_3,all_channel,median,median__all_channel__E9,32,15,"[0, 2, 3, 4, 5, 6, 7, 11, 12]",9,False,5.098244285684749e-05,-6.2061313722533565e-06,1.9062858076366947e-05,120.0
E22,1200,1200,1178,22,58,0.9816666666666667,0.9530744336569579,0.967159277504105,raja,S4/S04_20170606_045500_3,all_channel,median,median__all_channel__E22,32,15,"[0, 2, 3, 4, 5, 6, 7, 11, 12]",9,False,4.8872124236887964e-05,-5.4597003150496065e-06,1.811060818397919e-05,120.0
E3,1118,1118,1090,28,146,0.9749552772808586,0.8818770226537217,0.9260832625318607,raja,S4/S04_20170606_045500_3,all_channel,median,median__all_channel__E3,32,15,"[0, 2, 3, 4, 5, 6, 7, 11, 12]",9,False,3.634060414906068e-05,-3.2360259305414284e-06,1.3192210026534037e-05,120.0
E23,822,822,793,29,443,0.9647201946472019,0.6415857605177994,0.7706511175898931,raja,S4/S04_20170606_045500_3,all_channel,median,median__all_channel__E23,32,15,"[0, 2, 3, 4, 5, 6, 7, 11, 12]",9,False,3.434702149165615e-05,-2.244595486932714e-06,1.2197205659529624e-05,120.0
E26,676,676,632,44,604,0.9349112426035503,0.511326860841424,0.6610878661087867,raja,S4/S04_20170606_045500_3,all_channel,median,median__all_channel__E26,32,15,"[0, 2, 3, 4, 5, 6, 7, 11, 12]",9,False,3.0228680587550614e-05,-1.77745162472953e-06,1.0668710737426715e-05,120.0
E122,113,113,82,31,1154,0.7256637168141593,0.06634304207119741,0.12157153446997776,raja,S4/S04_20170606_045500_3,all_channel,median,median__all_channel__E122,32,15,"[0, 2, 3, 4, 5, 6, 7, 11, 12]",9,False,2.494649123755871e-05,-3.156155165430892e-07,8.420702251367265e-06,120.0
E11,46,46,43,3,1193,0.9347826086956522,0.03478964401294499,0.06708268330733229,raja,S4/S04_20170606_045500_3,all_channel,median,median__all_channel__E11,32,15,"[0, 2, 3, 4, 5, 6, 7, 11, 12]",9,False,6.263467127437746e-05,-7.332813672697108e-07,2.1122650880549055e-05,120.0
E67,145,145,41,104,1195,0.2827586206896552,0.03317152103559871,0.05937726285300506,raja,S4/S04_20170606_045500_3,all_channel,median,median__all_channel__E67,32,15,"[0, 2, 3, 4, 5, 6, 7, 11, 12]",9,False,3.9709430168050075e-05,4.802113752460522e-07,1.3076406264268009e-05,120.0
E62,153,153,39,114,1197,0.2549019607843137,0.03155339805825243,0.056155507559395246,raja,S4/S04_20170606_045500_3,all_channel,median,median__all_channel__E62,32,15,"[0, 2, 3, 4, 5, 6, 7, 11, 12]",9,False,3.870303351391852e-05,3.273385423490504e-07,1.2791898323856488e-05,120.0
E33,99,99,28,71,1208,0.2828282828282828,0.022653721682847898,0.041947565543071164,raja,S4/S04_20170606_045500_3,all_channel,median,median__all_channel__E33,32,15,"[0, 2, 3, 4, 5, 6, 7, 11, 12]",9,False,2.0870924087285823e-05,-1.6295955068759115e-07,7.011294545991138e-06,120.0
E75,109,109,25,84,1211,0.22935779816513763,0.020226537216828478,0.03717472118959107,raja,S4/S04_20170606_045500_3,all_channel,median,median__all_channel__E75,32,15,"[0, 2, 3, 4, 5, 6, 7, 11, 12]",9,False,3.3318928436314064e-05,7.452249262186382e-07,1.0857901170031809e-05,120.0
E24,43,43,23,20,1213,0.5348837209302325,0.0186084142394822,0.03596559812353401,raja,S4/S04_20170606_045500_3,all_channel,median,median__all_channel__E24,32,15,"[0, 2, 3, 4, 5, 6, 7, 11, 12]",9,False,3.759722510469388e-05,-2.8268043884522007e-07,1.2626635181179698e-05,120.0
E28,67,67,21,46,1215,0.31343283582089554,0.01699029126213592,0.03223330775134305,raja,S4/S04_20170606_045500_3,all_channel,median,median__all_channel__E28,32,15,"[0, 2, 3, 4, 5, 6, 7, 11, 12]",9,False,2.0925139749876592e-05,-1.157250658947749e-07,7.0136216052571215e-06,120.0
E124,47,47,19,28,1217,0.40425531914893614,0.015372168284789644,0.02961808261886204,raja,S4/S04_20170606_045500_3,all_channel,median,median__all_channel__E124,32,15,"[0, 2, 3, 4, 5, 6, 7, 11, 12]",9,False,0.0002127656831844967,2.1056188706267018e-07,7.085170709914467e-05,120.0
E84,65,65,16,49,1220,0.24615384615384617,0.012944983818770227,0.024596464258262875,raja,S4/S04_20170606_045500_3,all_channel,median,median__all_channel__E84,32,15,"[0, 2, 3, 4, 5, 6, 7, 11, 12]",9,False,2.8973918256968166e-05,6.077199352059979e-07,9.45539944058739e-06,120.0
E40,56,56,15,41,1221,0.26785714285714285,0.012135922330097087,0.02321981424148607,raja,S4/S04_20170606_045500_3,all_channel,median,median__all_channel__E40,32,15,"[0, 2, 3, 4, 5, 6, 7, 11, 12]",9,False,2.1963836072435344e-05,2.2318242753782424e-07,7.246884548299173e-06,120.0
E109,57,57,15,42,1221,0.2631578947368421,0.012135922330097087,0.02320185614849188,raja,S4/S04_20170606_045500_3,all_channel,median,median__all_channel__E109,32,15,"[0, 2, 3, 4, 5, 6, 7, 11, 12]",9,False,2.0804461182591884e-05,1.7898787361466706e-07,6.8751577696590715e-06,120.0
E77,73,73,15,58,1221,0.2054794520547945,0.012135922330097087,0.022918258212375857,raja,S4/S04_20170606_045500_3,all_channel,median,median__all_channel__E77,32,15,"[0, 2, 3, 4, 5, 6, 7, 11, 12]",9,False,2.6070388698465964e-05,5.370305086237444e-07,8.511119396614073e-06,120.0
E60,91,91,15,76,1221,0.16483516483516483,0.012135922330097087,0.02260738507912585,raja,S4/S04_20170606_045500_3,all_channel,median,median__all_channel__E60,32,15,"[0, 2, 3, 4, 5, 6, 7, 11, 12]",9,False,5.231632490403939e-05,2.4110934568048756e-07,1.7358405186119634e-05,120.0
E37,35,35,14,21,1222,0.4,0.011326860841423949,0.022029897718332025,raja,S4/S04_20170606_045500_3,all_channel,median,median__all_channel__E37,32,15,"[0, 2, 3, 4, 5, 6, 7, 11, 12]",9,False,3.820537501518933e-05,1.8615194197735967e-07,1.2673074357737324e-05,120.0
E104,53,53,12,41,1224,0.22641509433962265,0.009708737864077669,0.018619084561675717,raja,S4/S04_20170606_045500_3,all_channel,median,median__all_channel__E104,32,15,"[0, 2, 3, 4, 5, 6, 7, 11, 12]",9,False,2.1536742567658518e-05,1.343424692067137e-07,7.134133366150602e-06,120.0
E70,69,69,11,58,1225,0.15942028985507245,0.00889967637540453,0.016858237547892722,raja,S4/S04_20170606_045500_3,all_channel,median,median__all_channel__E70,32,15,"[0, 2, 3, 4, 5, 6, 7, 11, 12]",9,False,2.8676754075294223e-05,7.341203993354232e-07,9.3142112253196e-06,120.0
E59,40,40,10,30,1226,0.25,0.008090614886731391,0.01567398119122257,raja,S4/S04_20170606_045500_3,all_channel,median,median__all_channel__E59,32,15,"[0, 2, 3, 4, 5, 6, 7, 11, 12]",9,False,3.3609176597368486e-05,4.5040438488010353e-07,1.105292407082946e-05,120.0
E85,56,56,10,46,1226,0.17857142857142858,0.008090614886731391,0.015479876160990712,raja,S4/S04_20170606_045500_3,all_channel,median,median__all_channel__E85,32,15,"[0, 2, 3, 4, 5, 6, 7, 11, 12]",9,False,2.4756374891569958e-05,5.675276564675006e-07,8.062949078367486e-06,120.0
E47,98,98,10,88,1226,0.10204081632653061,0.008090614886731391,0.014992503748125935,raja,S4/S04_20170606_045500_3,all_channel,median,median__all_channel__E47,32,15,"[0, 2, 3, 4, 5, 6, 7, 11, 12]",9,False,7.999789424807888e-05,-1.553075550174171e-06,2.718365659941768e-05,120.0
E112,47,47,9,38,1227,0.19148936170212766,0.007281553398058253,0.014029618082618862,raja,S4/S04_20170606_045500_3,all_channel,median,median__all_channel__E112,32,15,"[0, 2, 3, 4, 5, 6, 7, 11, 12]",9,False,9.946673373718943e-05,1.1848424088668591e-07,3.311608316543425e-05,120.0
E83,47,47,7,40,1229,0.14893617021276595,0.0056634304207119745,0.010911925175370228,raja,S4/S04_20170606_045500_3,all_channel,median,median__all_channel__E83,32,15,"[0, 2, 3, 4, 5, 6, 7, 11, 12]",9,False,3.231247841024573e-05,7.801562861809677e-07,1.051077404135492e-05,120.0
E91,61,61,7,54,1229,0.11475409836065574,0.0056634304207119745,0.010794140323824211,raja,S4/S04_20170606_045500_3,all_channel,median,median__all_channel__E91,32,15,"[0, 2, 3, 4, 5, 6, 7, 11, 12]",9,False,2.5452625038045182e-05,6.379075256970915e-07,8.27157250411603e-06,120.0
E87,19,19,6,13,1230,0.3157894736842105,0.0048543689320388345,0.009561752988047808,raja,S4/S04_20170606_045500_3,all_channel,median,median__all_channel__E87,32,15,"[0, 2, 3, 4, 5, 6, 7, 11, 12]",9,False,5.3914004395124075e-05,1.8762757154978423e-07,1.7908792274524762e-05,120.0
E13,14,14,5,9,1231,0.35714285714285715,0.0040453074433656954,0.008,raja,S4/S04_20170606_045500_3,all_channel,median,median__all_channel__E13,32,15,"[0, 2, 3, 4, 5, 6, 7, 11, 12]",9,False,7.10516740548025e-05,8.529367970795858e-08,2.3655460125031514e-05,120.0
E117,13,13,3,10,1233,0.23076923076923078,0.0024271844660194173,0.004803843074459567,raja,S4/S04_20170606_045500_3,all_channel,median,median__all_channel__E117,32,15,"[0, 2, 3, 4, 5, 6, 7, 11, 12]",9,False,0.0005154900273928803,8.880931037534986e-07,0.0001715339780963756,120.0
E98,21,21,2,19,1234,0.09523809523809523,0.0016181229773462784,0.003182179793158314,raja,S4/S04_20170606_045500_3,all_channel,median,median__all_channel__E98,32,15,"[0, 2, 3, 4, 5, 6, 7, 11, 12]",9,False,8.20721792887179e-05,3.794674470789976e-07,2.723090394721297e-05,120.0
E9,1214,1214,1193,21,43,0.9827018121911038,0.9652103559870551,0.9738775510204082,raja,S4/S04_20170606_045500_3,all_channel,mean,mean__all_channel__E9,32,15,"[0, 2, 3, 4, 5, 6, 7, 11, 12]",9,False,5.716415379516305e-05,-2.44204339377941e-08,1.9062858076366947e-05,120.0
E22,1178,1178,1154,24,82,0.9796264855687606,0.9336569579288025,0.9560894780447391,raja,S4/S04_20170606_045500_3,all_channel,mean,mean__all_channel__E22,32,15,"[0, 2, 3, 4, 5, 6, 7, 11, 12]",9,False,5.4296404599570966e-05,-3.541995236660383e-08,1.811060818397919e-05,120.0
E3,1050,1050,1028,22,208,0.979047619047619,0.8317152103559871,0.8993875765529308,raja,S4/S04_20170606_045500_3,all_channel,mean,mean__all_channel__E3,32,15,"[0, 2, 3, 4, 5, 6, 7, 11, 12]",9,False,3.955652129573229e-05,-2.010878386981953e-08,1.3192210026534037e-05,120.0
E23,734,734,710,24,526,0.9673024523160763,0.5744336569579288,0.7208121827411166,raja,S4/S04_20170606_045500_3,all_channel,mean,mean__all_channel__E23,32,15,"[0, 2, 3, 4, 5, 6, 7, 11, 12]",9,False,3.657958723544552e-05,-1.2029743143347742e-08,1.2197205659529624e-05,120.0
E26,601,601,551,50,685,0.9168053244592346,0.4457928802588997,0.5998911268372347,raja,S4/S04_20170606_045500_3,all_channel,mean,mean__all_channel__E26,32,15,"[0, 2, 3, 4, 5, 6, 7, 11, 12]",9,False,3.198734431823374e-05,-1.878789404640138e-08,1.0668710737426715e-05,120.0
E122,107,107,79,28,1157,0.7383177570093458,0.063915857605178,0.11764705882352941,raja,S4/S04_20170606_045500_3,all_channel,mean,mean__all_channel__E122,32,15,"[0, 2, 3, 4, 5, 6, 7, 11, 12]",9,False,2.5241237454175227e-05,-2.0869299926572295e-08,8.420702251367265e-06,120.0
E11,41,41,38,3,1198,0.926829268292683,0.030744336569579287,0.05951448707909162,raja,S4/S04_20170606_045500_3,all_channel,mean,mean__all_channel__E11,32,15,"[0, 2, 3, 4, 5, 6, 7, 11, 12]",9,False,6.33548235839504e-05,-1.3129057696762648e-08,2.1122650880549055e-05,120.0
E67,148,148,41,107,1195,0.27702702702702703,0.03317152103559871,0.059248554913294796,raja,S4/S04_20170606_045500_3,all_channel,mean,mean__all_channel__E67,32,15,"[0, 2, 3, 4, 5, 6, 7, 11, 12]",9,False,3.922066749655356e-05,-8.551296250463095e-09,1.3076406264268009e-05,120.0
E62,154,154,39,115,1197,0.2532467532467532,0.03155339805825243,0.05611510791366906,raja,S4/S04_20170606_045500_3,all_channel,mean,mean__all_channel__E62,32,15,"[0, 2, 3, 4, 5, 6, 7, 11, 12]",9,False,3.8490063865556926e-05,1.1436889398745805e-07,1.2791898323856488e-05,120.0
E33,97,97,27,70,1209,0.27835051546391754,0.021844660194174758,0.040510127531882975,raja,S4/S04_20170606_045500_3,all_channel,mean,mean__all_channel__E33,32,15,"[0, 2, 3, 4, 5, 6, 7, 11, 12]",9,False,2.1016952725425658e-05,-1.693091254775507e-08,7.011294545991138e-06,120.0
E75,112,112,25,87,1211,0.22321428571428573,0.020226537216828478,0.037091988130563795,raja,S4/S04_20170606_045500_3,all_channel,mean,mean__all_channel__E75,32,15,"[0, 2, 3, 4, 5, 6, 7, 11, 12]",9,False,3.274265682014102e-05,1.6895331004559385e-07,1.0857901170031809e-05,120.0
E24,41,41,22,19,1214,0.5365853658536586,0.01779935275080906,0.03445575567736883,raja,S4/S04_20170606_045500_3,all_channel,mean,mean__all_channel__E24,32,15,"[0, 2, 3, 4, 5, 6, 7, 11, 12]",9,False,3.7873050532817014e-05,-6.855010722078657e-09,1.2626635181179698e-05,120.0
E28,66,66,21,45,1215,0.3181818181818182,0.01699029126213592,0.03225806451612903,raja,S4/S04_20170606_045500_3,all_channel,mean,mean__all_channel__E28,32,15,"[0, 2, 3, 4, 5, 6, 7, 11, 12]",9,False,2.1028049198452908e-05,-1.2815617318456836e-08,7.0136216052571215e-06,120.0
E124,47,47,19,28,1217,0.40425531914893614,0.015372168284789644,0.02961808261886204,raja,S4/S04_20170606_045500_3,all_channel,mean,mean__all_channel__E124,32,15,"[0, 2, 3, 4, 5, 6, 7, 11, 12]",9,False,0.00021254886848865126,-6.252808782755276e-09,7.085170709914467e-05,120.0
E84,68,68,17,51,1219,0.25,0.013754045307443365,0.026073619631901843,raja,S4/S04_20170606_045500_3,all_channel,mean,mean__all_channel__E84,32,15,"[0, 2, 3, 4, 5, 6, 7, 11, 12]",9,False,2.8357130824299883e-05,-9.067497462286742e-09,9.45539944058739e-06,120.0
E40,57,57,16,41,1220,0.2807017543859649,0.012944983818770227,0.024748646558391336,raja,S4/S04_20170606_045500_3,all_channel,mean,mean__all_channel__E40,32,15,"[0, 2, 3, 4, 5, 6, 7, 11, 12]",9,False,2.17285259044697e-05,-1.2127740427816598e-08,7.246884548299173e-06,120.0
E60,91,91,16,75,1220,0.17582417582417584,0.012944983818770227,0.0241145440844009,raja,S4/S04_20170606_045500_3,all_channel,mean,mean__all_channel__E60,32,15,"[0, 2, 3, 4, 5, 6, 7, 11, 12]",9,False,5.2047968755660386e-05,-2.7246802698516297e-08,1.7358405186119634e-05,120.0
E109,59,59,15,44,1221,0.2542372881355932,0.012135922330097087,0.023166023166023165,raja,S4/S04_20170606_045500_3,all_channel,mean,mean__all_channel__E109,32,15,"[0, 2, 3, 4, 5, 6, 7, 11, 12]",9,False,2.0605325593652615e-05,-2.014771532460143e-08,6.8751577696590715e-06,120.0
E77,74,74,15,59,1221,0.20270270270270271,0.012135922330097087,0.022900763358778626,raja,S4/S04_20170606_045500_3,all_channel,mean,mean__all_channel__E77,32,15,"[0, 2, 3, 4, 5, 6, 7, 11, 12]",9,False,2.5566264363758856e-05,3.29061739166364e-08,8.511119396614073e-06,120.0
E37,35,35,14,21,1222,0.4,0.011326860841423949,0.022029897718332025,raja,S4/S04_20170606_045500_3,all_channel,mean,mean__all_channel__E37,32,15,"[0, 2, 3, 4, 5, 6, 7, 11, 12]",9,False,3.8007894030199594e-05,-1.132904301237788e-08,1.2673074357737324e-05,120.0
E104,56,56,12,44,1224,0.21428571428571427,0.009708737864077669,0.01857585139318885,raja,S4/S04_20170606_045500_3,all_channel,mean,mean__all_channel__E104,32,15,"[0, 2, 3, 4, 5, 6, 7, 11, 12]",9,False,2.139113370385521e-05,-1.1266394596595933e-08,7.134133366150602e-06,120.0
E59,40,40,10,30,1226,0.25,0.008090614886731391,0.01567398119122257,raja,S4/S04_20170606_045500_3,all_channel,mean,mean__all_channel__E59,32,15,"[0, 2, 3, 4, 5, 6, 7, 11, 12]",9,False,3.3150926835392315e-05,-7.84537709606512e-09,1.105292407082946e-05,120.0
E85,59,59,10,49,1226,0.1694915254237288,0.008090614886731391,0.015444015444015444,raja,S4/S04_20170606_045500_3,all_channel,mean,mean__all_channel__E85,32,15,"[0, 2, 3, 4, 5, 6, 7, 11, 12]",9,False,2.41794538694251e-05,-9.393365677358077e-09,8.062949078367486e-06,120.0
E70,68,68,10,58,1226,0.14705882352941177,0.008090614886731391,0.015337423312883436,raja,S4/S04_20170606_045500_3,all_channel,mean,mean__all_channel__E70,32,15,"[0, 2, 3, 4, 5, 6, 7, 11, 12]",9,False,2.7960475719146794e-05,1.7842043187994895e-08,9.3142112253196e-06,120.0
E112,47,47,9,38,1227,0.19148936170212766,0.007281553398058253,0.014029618082618862,raja,S4/S04_20170606_045500_3,all_channel,mean,mean__all_channel__E112,32,15,"[0, 2, 3, 4, 5, 6, 7, 11, 12]",9,False,9.929551547127666e-05,-5.273402502608196e-08,3.311608316543425e-05,120.0
E47,89,89,9,80,1227,0.10112359550561797,0.007281553398058253,0.01358490566037736,raja,S4/S04_20170606_045500_3,all_channel,mean,mean__all_channel__E47,32,15,"[0, 2, 3, 4, 5, 6, 7, 11, 12]",9,False,8.15551708355023e-05,4.201037249241961e-09,2.718365659941768e-05,120.0
E83,51,51,8,43,1228,0.1568627450980392,0.006472491909385114,0.012432012432012432,raja,S4/S04_20170606_045500_3,all_channel,mean,mean__all_channel__E83,32,15,"[0, 2, 3, 4, 5, 6, 7, 11, 12]",9,False,3.150500746811353e-05,-2.7314655951237746e-08,1.051077404135492e-05,120.0
E91,66,66,7,59,1229,0.10606060606060606,0.0056634304207119745,0.010752688172043012,raja,S4/S04_20170606_045500_3,all_channel,mean,mean__all_channel__E91,32,15,"[0, 2, 3, 4, 5, 6, 7, 11, 12]",9,False,2.4798836430252146e-05,-1.588108209594191e-08,8.27157250411603e-06,120.0
E87,20,20,6,14,1230,0.3,0.0048543689320388345,0.009554140127388535,raja,S4/S04_20170606_045500_3,all_channel,mean,mean__all_channel__E87,32,15,"[0, 2, 3, 4, 5, 6, 7, 11, 12]",9,False,5.3727102483598955e-05,7.25660024662658e-10,1.7908792274524762e-05,120.0
E13,14,14,5,9,1231,0.35714285714285715,0.0040453074433656954,0.008,raja,S4/S04_20170606_045500_3,all_channel,mean,mean__all_channel__E13,32,15,"[0, 2, 3, 4, 5, 6, 7, 11, 12]",9,False,7.095328124296782e-05,-1.3099132126722254e-08,2.3655460125031514e-05,120.0
E117,13,13,3,10,1233,0.23076923076923078,0.0024271844660194173,0.004803843074459567,raja,S4/S04_20170606_045500_3,all_channel,mean,mean__all_channel__E117,32,15,"[0, 2, 3, 4, 5, 6, 7, 11, 12]",9,False,0.0005146470083600687,4.507407094195705e-08,0.0001715339780963756,120.0
E98,21,21,2,19,1234,0.09523809523809523,0.0016181229773462784,0.003182179793158314,raja,S4/S04_20170606_045500_3,all_channel,mean,mean__all_channel__E98,32,15,"[0, 2, 3, 4, 5, 6, 7, 11, 12]",9,False,8.171099629472412e-05,1.82844530852234e-08,2.723090394721297e-05,120.0
E9,1227,1227,1208,19,28,0.9845150774246129,0.9773462783171522,0.9809175801867642,raja,S4/S04_20170606_045500_3,frontal,median,median__frontal__E9,6,15,"[6, 12]",2,False,5.019494980002376e-05,-6.645961340225405e-06,1.8946970380083055e-05,120.0
E22,1189,1189,1165,24,71,0.9798149705634988,0.9425566343042071,0.9608247422680414,raja,S4/S04_20170606_045500_3,frontal,median,median__frontal__E22,6,15,"[6, 12]",2,False,5.1845528147976866e-05,-5.420850634546588e-06,1.9088792927507817e-05,120.0
E3,1144,1144,1115,29,121,0.9746503496503497,0.9021035598705501,0.9369747899159664,raja,S4/S04_20170606_045500_3,frontal,median,median__frontal__E3,6,15,"[6, 12]",2,False,3.499610898761966e-05,-3.430764849427864e-06,1.2808957945682507e-05,120.0
E23,730,730,706,24,530,0.9671232876712329,0.5711974110032363,0.7182095625635809,raja,S4/S04_20170606_045500_3,frontal,median,median__frontal__E23,6,15,"[6, 12]",2,False,3.6797001522077495e-05,-2.0271354358336332e-06,1.2941378985970377e-05,120.0
E24,25,25,11,14,1225,0.44,0.00889967637540453,0.017446471054718478,raja,S4/S04_20170606_045500_3,frontal,median,median__frontal__E24,6,15,"[6, 12]",2,False,4.577022740372836e-05,-3.078760460608494e-07,1.5359367816596404e-05,120.0
E124,12,12,6,6,1230,0.5,0.0048543689320388345,0.009615384615384614,raja,S4/S04_20170606_045500_3,frontal,median,median__frontal__E124,6,15,"[6, 12]",2,False,0.0002693258814179818,5.976522456210409e-07,8.957607639078692e-05,120.0
E9,1214,1214,1193,21,43,0.9827018121911038,0.9652103559870551,0.9738775510204082,raja,S4/S04_20170606_045500_3,frontal,mean,mean__frontal__E9,6,15,"[6, 12]",2,False,5.6912329274456036e-05,7.141813420687269e-08,1.8946970380083055e-05,120.0
E22,1161,1161,1136,25,100,0.9784668389319552,0.919093851132686,0.947851481017939,raja,S4/S04_20170606_045500_3,frontal,mean,mean__frontal__E22,6,15,"[6, 12]",2,False,5.726977910636574e-05,3.400323842291969e-09,1.9088792927507817e-05,120.0
E3,1074,1074,1050,24,186,0.9776536312849162,0.8495145631067961,0.9090909090909091,raja,S4/S04_20170606_045500_3,frontal,mean,mean__frontal__E3,6,15,"[6, 12]",2,False,3.837548315594867e-05,-5.1390681098850394e-08,1.2808957945682507e-05,120.0
E23,647,647,628,19,608,0.9706336939721792,0.5080906148867314,0.667020711630377,raja,S4/S04_20170606_045500_3,frontal,mean,mean__frontal__E23,6,15,"[6, 12]",2,False,3.8773952140419245e-05,-5.0184817491884705e-08,1.2941378985970377e-05,120.0
E24,25,25,11,14,1225,0.44,0.00889967637540453,0.017446471054718478,raja,S4/S04_20170606_045500_3,frontal,mean,mean__frontal__E24,6,15,"[6, 12]",2,False,4.601665296281475e-05,-6.145048697445935e-08,1.5359367816596404e-05,120.0
E124,12,12,6,6,1230,0.5,0.0048543689320388345,0.009615384615384614,raja,S4/S04_20170606_045500_3,frontal,mean,mean__frontal__E124,6,15,"[6, 12]",2,False,0.0002686451016858774,-8.312748648334464e-08,8.957607639078692e-05,120.0
E22,1189,1189,1165,24,71,0.9798149705634988,0.9425566343042071,0.9608247422680414,raja,S4/S04_20170606_045500_3,frontal_left,median,median__frontal_left__E22,3,15,"[6, 12]",2,False,5.1845528147976866e-05,-5.420850634546588e-06,1.9088792927507817e-05,120.0
E23,730,730,706,24,530,0.9671232876712329,0.5711974110032363,0.7182095625635809,raja,S4/S04_20170606_045500_3,frontal_left,median,median__frontal_left__E23,3,15,"[6, 12]",2,False,3.6797001522077495e-05,-2.0271354358336332e-06,1.2941378985970377e-05,120.0
E24,25,25,11,14,1225,0.44,0.00889967637540453,0.017446471054718478,raja,S4/S04_20170606_045500_3,frontal_left,median,median__frontal_left__E24,3,15,"[6, 12]",2,False,4.577022740372836e-05,-3.078760460608494e-07,1.5359367816596404e-05,120.0
E22,1161,1161,1136,25,100,0.9784668389319552,0.919093851132686,0.947851481017939,raja,S4/S04_20170606_045500_3,frontal_left,mean,mean__frontal_left__E22,3,15,"[6, 12]",2,False,5.726977910636574e-05,3.400323842291969e-09,1.9088792927507817e-05,120.0
E23,647,647,628,19,608,0.9706336939721792,0.5080906148867314,0.667020711630377,raja,S4/S04_20170606_045500_3,frontal_left,mean,mean__frontal_left__E23,3,15,"[6, 12]",2,False,3.8773952140419245e-05,-5.0184817491884705e-08,1.2941378985970377e-05,120.0
E24,25,25,11,14,1225,0.44,0.00889967637540453,0.017446471054718478,raja,S4/S04_20170606_045500_3,frontal_left,mean,mean__frontal_left__E24,3,15,"[6, 12]",2,False,4.601665296281475e-05,-6.145048697445935e-08,1.5359367816596404e-05,120.0
E9,1227,1227,1208,19,28,0.9845150774246129,0.9773462783171522,0.9809175801867642,raja,S4/S04_20170606_045500_3,frontal_right,median,median__frontal_right__E9,3,15,"[6, 12]",2,False,5.019494980002376e-05,-6.645961340225405e-06,1.8946970380083055e-05,120.0
E3,1144,1144,1115,29,121,0.9746503496503497,0.9021035598705501,0.9369747899159664,raja,S4/S04_20170606_045500_3,frontal_right,median,median__frontal_right__E3,3,15,"[6, 12]",2,False,3.499610898761966e-05,-3.430764849427864e-06,1.2808957945682507e-05,120.0
E124,12,12,6,6,1230,0.5,0.0048543689320388345,0.009615384615384614,raja,S4/S04_20170606_045500_3,frontal_right,median,median__frontal_right__E124,3,15,"[6, 12]",2,False,0.0002693258814179818,5.976522456210409e-07,8.957607639078692e-05,120.0
E9,1214,1214,1193,21,43,0.9827018121911038,0.9652103559870551,0.9738775510204082,raja,S4/S04_20170606_045500_3,frontal_right,mean,mean__frontal_right__E9,3,15,"[6, 12]",2,False,5.6912329274456036e-05,7.141813420687269e-08,1.8946970380083055e-05,120.0
E3,1074,1074,1050,24,186,0.9776536312849162,0.8495145631067961,0.9090909090909091,raja,S4/S04_20170606_045500_3,frontal_right,mean,mean__frontal_right__E3,3,15,"[6, 12]",2,False,3.837548315594867e-05,-5.1390681098850394e-08,1.2808957945682507e-05,120.0
E124,12,12,6,6,1230,0.5,0.0048543689320388345,0.009615384615384614,raja,S4/S04_20170606_045500_3,frontal_right,mean,mean__frontal_right__E124,3,15,"[6, 12]",2,False,0.0002686451016858774,-8.312748648334464e-08,8.957607639078692e-05,120.0
