channel,raw_candidate_count,mapped_candidate_count,tp,fp,fn,precision,recall,f1,dataset,session,selection,center_method,condition,n_channels_used,n_valid,flagged_valid_epoch_indices,n_flagged,used_all_epochs,blink_region_threshold,threshold_center,threshold_dispersion,epoch_duration_s
E9,550,550,515,35,9,0.9363636363636364,0.982824427480916,0.9590316573556797,raja,S5/S05_20170607_032937_2,all_channel,median,median__all_channel__E9,32,179,"[0, 2, 3, 4, 5, 6, 10, 12, 13, 14, 15, 17, 18, 19, 20, 21, 22, 24, 26, 27, 29, 31, 32, 36, 37, 38, 39, 40, 43, 44, 45, 46, 49, 50, 51, 54, 55, 56, 57, 58, 59, 60, 61, 62, 63, 64, 65, 67, 68, 69, 71, 72, 73, 74, 75, 76, 77, 78, 79, 83, 85, 86, 87, 88, 89, 90, 91, 92, 93, 94, 95, 96, 97, 98, 99, 100, 101, 102, 103, 104, 108, 110, 111, 112, 113, 114, 115, 116, 117, 118, 119, 120, 121, 122, 123, 125, 126, 127, 128, 129, 130, 131, 132, 133, 134, 136, 137, 138, 140, 141, 142, 143, 144, 145, 146, 147, 148, 149, 150, 151, 152, 153, 154, 155, 156, 157, 158, 159, 160, 161, 162, 163, 164, 165, 166, 167, 168, 169, 170, 171, 172, 173, 174, 175, 176, 177, 178]",147,False,4.3443183589752766e-05,-2.1336808577243084e-06,1.5192288149159023e-05,10.0
E22,563,563,510,53,14,0.9058614564831261,0.9732824427480916,0.9383624655013799,raja,S5/S05_20170607_032937_2,all_channel,median,median__all_channel__E22,32,179,"[0, 2, 3, 4, 5, 6, 10, 12, 13, 14, 15, 17, 18, 19, 20, 21, 22, 24, 26, 27, 29, 31, 32, 36, 37, 38, 39, 40, 43, 44, 45, 46, 49, 50, 51, 54, 55, 56, 57, 58, 59, 60, 61, 62, 63, 64, 65, 67, 68, 69, 71, 72, 73, 74, 75, 76, 77, 78, 79, 83, 85, 86, 87, 88, 89, 90, 91, 92, 93, 94, 95, 96, 97, 98, 99, 100, 101, 102, 103, 104, 108, 110, 111, 112, 113, 114, 115, 116, 117, 118, 119, 120, 121, 122, 123, 125, 126, 127, 128, 129, 130, 131, 132, 133, 134, 136, 137, 138, 140, 141, 142, 143, 144, 145, 146, 147, 148, 149, 150, 151, 152, 153, 154, 155, 156, 157, 158, 159, 160, 161, 162, 163, 164, 165, 166, 167, 168, 169, 170, 171, 172, 173, 174, 175, 176, 177, 178]",147,False,4.311230955836349e-05,-2.1360986717012845e-06,1.5082802743354925e-05,10.0
E23,555,555,497,58,27,0.8954954954954955,0.9484732824427481,0.9212233549582948,raja,S5/S05_20170607_032937_2,all_channel,median,median__all_channel__E23,32,179,"[0, 2, 3, 4, 5, 6, 10, 12, 13, 14, 15, 17, 18, 19, 20, 21, 22, 24, 26, 27, 29, 31, 32, 36, 37, 38, 39, 40, 43, 44, 45, 46, 49, 50, 51, 54, 55, 56, 57, 58, 59, 60, 61, 62, 63, 64, 65, 67, 68, 69, 71, 72, 73, 74, 75, 76, 77, 78, 79, 83, 85, 86, 87, 88, 89, 90, 91, 92, 93, 94, 95, 96, 97, 98, 99, 100, 101, 102, 103, 104, 108, 110, 111, 112, 113, 114, 115, 116, 117, 118, 119, 120, 121, 122, 123, 125, 126, 127, 128, 129, 130, 131, 132, 133, 134, 136, 137, 138, 140, 141, 142, 143, 144, 145, 146, 147, 148, 149, 150, 151, 152, 153, 154, 155, 156, 157, 158, 159, 160, 161, 162, 163, 164, 165, 166, 167, 168, 169, 170, 171, 172, 173, 174, 175, 176, 177, 178]",147,False,3.1929876272683496e-05,-1.349946401385485e-06,1.109327422468966e-05,10.0
E11,560,560,484,76,40,0.8642857142857143,0.9236641221374046,0.8929889298892988,raja,S5/S05_20170607_032937_2,all_channel,median,median__all_channel__E11,32,179,"[0, 2, 3, 4, 5, 6, 10, 12, 13, 14, 15, 17, 18, 19, 20, 21, 22, 24, 26, 27, 29, 31, 32, 36, 37, 38, 39, 40, 43, 44, 45, 46, 49, 50, 51, 54, 55, 56, 57, 58, 59, 60, 61, 62, 63, 64, 65, 67, 68, 69, 71, 72, 73, 74, 75, 76, 77, 78, 79, 83, 85, 86, 87, 88, 89, 90, 91, 92, 93, 94, 95, 96, 97, 98, 99, 100, 101, 102, 103, 104, 108, 110, 111, 112, 113, 114, 115, 116, 117, 118, 119, 120, 121, 122, 123, 125, 126, 127, 128, 129, 130, 131, 132, 133, 134, 136, 137, 138, 140, 141, 142, 143, 144, 145, 146, 147, 148, 149, 150, 151, 152, 153, 154, 155, 156, 157, 158, 159, 160, 161, 162, 163, 164, 165, 166, 167, 168, 169, 170, 171, 172, 173, 174, 175, 176, 177, 178]",147,False,2.330392230370448e-05,-8.174904139540361e-07,8.040470905886172e-06,10.0
E3,521,521,456,65,68,0.8752399232245681,0.8702290076335878,0.8727272727272727,raja,S5/S05_20170607_032937_2,all_channel,median,median__all_channel__E3,32,179,"[0, 2, 3, 4, 5, 6, 10, 12, 13, 14, 15, 17, 18, 19, 20, 21, 22, 24, 26, 27, 29, 31, 32, 36, 37, 38, 39, 40, 43, 44, 45, 46, 49, 50, 51, 54, 55, 56, 57, 58, 59, 60, 61, 62, 63, 64, 65, 67, 68, 69, 71, 72, 73, 74, 75, 76, 77, 78, 79, 83, 85, 86, 87, 88, 89, 90, 91, 92, 93, 94, 95, 96, 97, 98, 99, 100, 101, 102, 103, 104, 108, 110, 111, 112, 113, 114, 115, 116, 117, 118, 119, 120, 121, 122, 123, 125, 126, 127, 128, 129, 130, 131, 132, 133, 134, 136, 137, 138, 140, 141, 142, 143, 144, 145, 146, 147, 148, 149, 150, 151, 152, 153, 154, 155, 156, 157, 158, 159, 160, 161, 162, 163, 164, 165, 166, 167, 168, 169, 170, 171, 172, 173, 174, 175, 176, 177, 178]",147,False,3.177884187025711e-05,-1.115039126491622e-06,1.0964626998916244e-05,10.0
E24,478,478,406,72,118,0.8493723849372385,0.7748091603053435,0.810379241516966,raja,S5/S05_20170607_032937_2,all_channel,median,median__all_channel__E24,32,179,"[0, 2, 3, 4, 5, 6, 10, 12, 13, 14, 15, 17, 18, 19, 20, 21, 22, 24, 26, 27, 29, 31, 32, 36, 37, 38, 39, 40, 43, 44, 45, 46, 49, 50, 51, 54, 55, 56, 57, 58, 59, 60, 61, 62, 63, 64, 65, 67, 68, 69, 71, 72, 73, 74, 75, 76, 77, 78, 79, 83, 85, 86, 87, 88, 89, 90, 91, 92, 93, 94, 95, 96, 97, 98, 99, 100, 101, 102, 103, 104, 108, 110, 111, 112, 113, 114, 115, 116, 117, 118, 119, 120, 121, 122, 123, 125, 126, 127, 128, 129, 130, 131, 132, 133, 134, 136, 137, 138, 140, 141, 142, 143, 144, 145, 146, 147, 148, 149, 150, 151, 152, 153, 154, 155, 156, 157, 158, 159, 160, 161, 162, 163, 164, 165, 166, 167, 168, 169, 170, 171, 172, 173, 174, 175, 176, 177, 178]",147,False,2.3569274394492704e-05,-7.354686894468936e-07,8.101581027979867e-06,10.0
E26,467,467,399,68,125,0.854389721627409,0.7614503816793893,0.8052472250252272,raja,S5/S05_20170607_032937_2,all_channel,median,median__all_channel__E26,32,179,"[0, 2, 3, 4, 5, 6, 10, 12, 13, 14, 15, 17, 18, 19, 20, 21, 22, 24, 26, 27, 29, 31, 32, 36, 37, 38, 39, 40, 43, 44, 45, 46, 49, 50, 51, 54, 55, 56, 57, 58, 59, 60, 61, 62, 63, 64, 65, 67, 68, 69, 71, 72, 73, 74, 75, 76, 77, 78, 79, 83, 85, 86, 87, 88, 89, 90, 91, 92, 93, 94, 95, 96, 97, 98, 99, 100, 101, 102, 103, 104, 108, 110, 111, 112, 113, 114, 115, 116, 117, 118, 119, 120, 121, 122, 123, 125, 126, 127, 128, 129, 130, 131, 132, 133, 134, 136, 137, 138, 140, 141, 142, 143, 144, 145, 146, 147, 148, 149, 150, 151, 152, 153, 154, 155, 156, 157, 158, 159, 160, 161, 162, 163, 164, 165, 166, 167, 168, 169, 170, 171, 172, 173, 174, 175, 176, 177, 178]",147,False,3.706283813229129e-05,-1.2701078803866321e-06,1.277764867089264e-05,10.0
E124,366,366,294,72,230,0.8032786885245902,0.5610687022900763,0.6606741573033708,raja,S5/S05_20170607_032937_2,all_channel,median,median__all_channel__E124,32,179,"[0, 2, 3, 4, 5, 6, 10, 12, 13, 14, 15, 17, 18, 19, 20, 21, 22, 24, 26, 27, 29, 31, 32, 36, 37, 38, 39, 40, 43, 44, 45, 46, 49, 50, 51, 54, 55, 56, 57, 58, 59, 60, 61, 62, 63, 64, 65, 67, 68, 69, 71, 72, 73, 74, 75, 76, 77, 78, 79, 83, 85, 86, 87, 88, 89, 90, 91, 92, 93, 94, 95, 96, 97, 98, 99, 100, 101, 102, 103, 104, 108, 110, 111, 112, 113, 114, 115, 116, 117, 118, 119, 120, 121, 122, 123, 125, 126, 127, 128, 129, 130, 131, 132, 133, 134, 136, 137, 138, 140, 141, 142, 143, 144, 145, 146, 147, 148, 149, 150, 151, 152, 153, 154, 155, 156, 157, 158, 159, 160, 161, 162, 163, 164, 165, 166, 167, 168, 169, 170, 171, 172, 173, 174, 175, 176, 177, 178]",147,False,2.194841974049939e-05,-5.751794133587032e-07,7.507866384619365e-06,10.0
E77,271,271,34,237,490,0.12546125461254612,0.0648854961832061,0.08553459119496855,raja,S5/S05_20170607_032937_2,all_channel,median,median__all_channel__E77,32,179,"[0, 2, 3, 4, 5, 6, 10, 12, 13, 14, 15, 17, 18, 19, 20, 21, 22, 24, 26, 27, 29, 31, 32, 36, 37, 38, 39, 40, 43, 44, 45, 46, 49, 50, 51, 54, 55, 56, 57, 58, 59, 60, 61, 62, 63, 64, 65, 67, 68, 69, 71, 72, 73, 74, 75, 76, 77, 78, 79, 83, 85, 86, 87, 88, 89, 90, 91, 92, 93, 94, 95, 96, 97, 98, 99, 100, 101, 102, 103, 104, 108, 110, 111, 112, 113, 114, 115, 116, 117, 118, 119, 120, 121, 122, 123, 125, 126, 127, 128, 129, 130, 131, 132, 133, 134, 136, 137, 138, 140, 141, 142, 143, 144, 145, 146, 147, 148, 149, 150, 151, 152, 153, 154, 155, 156, 157, 158, 159, 160, 161, 162, 163, 164, 165, 166, 167, 168, 169, 170, 171, 172, 173, 174, 175, 176, 177, 178]",147,False,2.9483915893340728e-05,3.4012781989885944e-07,9.714596024480622e-06,10.0
E122,119,119,21,98,503,0.17647058823529413,0.04007633587786259,0.06531881804043545,raja,S5/S05_20170607_032937_2,all_channel,median,median__all_channel__E122,32,179,"[0, 2, 3, 4, 5, 6, 10, 12, 13, 14, 15, 17, 18, 19, 20, 21, 22, 24, 26, 27, 29, 31, 32, 36, 37, 38, 39, 40, 43, 44, 45, 46, 49, 50, 51, 54, 55, 56, 57, 58, 59, 60, 61, 62, 63, 64, 65, 67, 68, 69, 71, 72, 73, 74, 75, 76, 77, 78, 79, 83, 85, 86, 87, 88, 89, 90, 91, 92, 93, 94, 95, 96, 97, 98, 99, 100, 101, 102, 103, 104, 108, 110, 111, 112, 113, 114, 115, 116, 117, 118, 119, 120, 121, 122, 123, 125, 126, 127, 128, 129, 130, 131, 132, 133, 134, 136, 137, 138, 140, 141, 142, 143, 144, 145, 146, 147, 148, 149, 150, 151, 152, 153, 154, 155, 156, 157, 158, 159, 160, 161, 162, 163, 164, 165, 166, 167, 168, 169, 170, 171, 172, 173, 174, 175, 176, 177, 178]",147,False,1.7947462345162307e-05,-4.1766188673837327e-08,5.9964095112787155e-06,10.0
E28,43,43,18,25,506,0.4186046511627907,0.03435114503816794,0.0634920634920635,raja,S5/S05_20170607_032937_2,all_channel,median,median__all_channel__E28,32,179,"[0, 2, 3, 4, 5, 6, 10, 12, 13, 14, 15, 17, 18, 19, 20, 21, 22, 24, 26, 27, 29, 31, 32, 36, 37, 38, 39, 40, 43, 44, 45, 46, 49, 50, 51, 54, 55, 56, 57, 58, 59, 60, 61, 62, 63, 64, 65, 67, 68, 69, 71, 72, 73, 74, 75, 76, 77, 78, 79, 83, 85, 86, 87, 88, 89, 90, 91, 92, 93, 94, 95, 96, 97, 98, 99, 100, 101, 102, 103, 104, 108, 110, 111, 112, 113, 114, 115, 116, 117, 118, 119, 120, 121, 122, 123, 125, 126, 127, 128, 129, 130, 131, 132, 133, 134, 136, 137, 138, 140, 141, 142, 143, 144, 145, 146, 147, 148, 149, 150, 151, 152, 153, 154, 155, 156, 157, 158, 159, 160, 161, 162, 163, 164, 165, 166, 167, 168, 169, 170, 171, 172, 173, 174, 175, 176, 177, 178]",147,False,2.297386284345904e-05,-2.201100777270189e-07,7.731324307062019e-06,10.0
E33,84,84,19,65,505,0.2261904761904762,0.03625954198473282,0.0625,raja,S5/S05_20170607_032937_2,all_channel,median,median__all_channel__E33,32,179,"[0, 2, 3, 4, 5, 6, 10, 12, 13, 14, 15, 17, 18, 19, 20, 21, 22, 24, 26, 27, 29, 31, 32, 36, 37, 38, 39, 40, 43, 44, 45, 46, 49, 50, 51, 54, 55, 56, 57, 58, 59, 60, 61, 62, 63, 64, 65, 67, 68, 69, 71, 72, 73, 74, 75, 76, 77, 78, 79, 83, 85, 86, 87, 88, 89, 90, 91, 92, 93, 94, 95, 96, 97, 98, 99, 100, 101, 102, 103, 104, 108, 110, 111, 112, 113, 114, 115, 116, 117, 118, 119, 120, 121, 122, 123, 125, 126, 127, 128, 129, 130, 131, 132, 133, 134, 136, 137, 138, 140, 141, 142, 143, 144, 145, 146, 147, 148, 149, 150, 151, 152, 153, 154, 155, 156, 157, 158, 159, 160, 161, 162, 163, 164, 165, 166, 167, 168, 169, 170, 171, 172, 173, 174, 175, 176, 177, 178]",147,False,1.9882683774241245e-05,-1.7224221713260794e-07,6.6849753304579505e-06,10.0
E67,157,157,13,144,511,0.08280254777070063,0.02480916030534351,0.0381791483113069,raja,S5/S05_20170607_032937_2,all_channel,median,median__all_channel__E67,32,179,"[0, 2, 3, 4, 5, 6, 10, 12, 13, 14, 15, 17, 18, 19, 20, 21, 22, 24, 26, 27, 29, 31, 32, 36, 37, 38, 39, 40, 43, 44, 45, 46, 49, 50, 51, 54, 55, 56, 57, 58, 59, 60, 61, 62, 63, 64, 65, 67, 68, 69, 71, 72, 73, 74, 75, 76, 77, 78, 79, 83, 85, 86, 87, 88, 89, 90, 91, 92, 93, 94, 95, 96, 97, 98, 99, 100, 101, 102, 103, 104, 108, 110, 111, 112, 113, 114, 115, 116, 117, 118, 119, 120, 121, 122, 123, 125, 126, 127, 128, 129, 130, 131, 132, 133, 134, 136, 137, 138, 140, 141, 142, 143, 144, 145, 146, 147, 148, 149, 150, 151, 152, 153, 154, 155, 156, 157, 158, 159, 160, 161, 162, 163, 164, 165, 166, 167, 168, 169, 170, 171, 172, 173, 174, 175, 176, 177, 178]",147,False,1.8445095308181276e-05,2.588681040496162e-07,6.062075734710553e-06,10.0
E117,54,54,10,44,514,0.18518518518518517,0.019083969465648856,0.03460207612456748,raja,S5/S05_20170607_032937_2,all_channel,median,median__all_channel__E117,32,179,"[0, 2, 3, 4, 5, 6, 10, 12, 13, 14, 15, 17, 18, 19, 20, 21, 22, 24, 26, 27, 29, 31, 32, 36, 37, 38, 39, 40, 43, 44, 45, 46, 49, 50, 51, 54, 55, 56, 57, 58, 59, 60, 61, 62, 63, 64, 65, 67, 68, 69, 71, 72, 73, 74, 75, 76, 77, 78, 79, 83, 85, 86, 87, 88, 89, 90, 91, 92, 93, 94, 95, 96, 97, 98, 99, 100, 101, 102, 103, 104, 108, 110, 111, 112, 113, 114, 115, 116, 117, 118, 119, 120, 121, 122, 123, 125, 126, 127, 128, 129, 130, 131, 132, 133, 134, 136, 137, 138, 140, 141, 142, 143, 144, 145, 146, 147, 148, 149, 150, 151, 152, 153, 154, 155, 156, 157, 158, 159, 160, 161, 162, 163, 164, 165, 166, 167, 168, 169, 170, 171, 172, 173, 174, 175, 176, 177, 178]",147,False,2.7677945567626015e-05,-3.9084558737991954e-08,9.239010042121336e-06,10.0
E84,171,171,12,159,512,0.07017543859649122,0.022900763358778626,0.034532374100719423,raja,S5/S05_20170607_032937_2,all_channel,median,median__all_channel__E84,32,179,"[0, 2, 3, 4, 5, 6, 10, 12, 13, 14, 15, 17, 18, 19, 20, 21, 22, 24, 26, 27, 29, 31, 32, 36, 37, 38, 39, 40, 43, 44, 45, 46, 49, 50, 51, 54, 55, 56, 57, 58, 59, 60, 61, 62, 63, 64, 65, 67, 68, 69, 71, 72, 73, 74, 75, 76, 77, 78, 79, 83, 85, 86, 87, 88, 89, 90, 91, 92, 93, 94, 95, 96, 97, 98, 99, 100, 101, 102, 103, 104, 108, 110, 111, 112, 113, 114, 115, 116, 117, 118, 119, 120, 121, 122, 123, 125, 126, 127, 128, 129, 130, 131, 132, 133, 134, 136, 137, 138, 140, 141, 142, 143, 144, 145, 146, 147, 148, 149, 150, 151, 152, 153, 154, 155, 156, 157, 158, 159, 160, 161, 162, 163, 164, 165, 166, 167, 168, 169, 170, 171, 172, 173, 174, 175, 176, 177, 178]",147,False,2.2546799787089116e-05,2.78520228081394e-07,7.4227598530025736e-06,10.0
E13,30,30,9,21,515,0.3,0.01717557251908397,0.03249097472924188,raja,S5/S05_20170607_032937_2,all_channel,median,median__all_channel__E13,32,179,"[0, 2, 3, 4, 5, 6, 10, 12, 13, 14, 15, 17, 18, 19, 20, 21, 22, 24, 26, 27, 29, 31, 32, 36, 37, 38, 39, 40, 43, 44, 45, 46, 49, 50, 51, 54, 55, 56, 57, 58, 59, 60, 61, 62, 63, 64, 65, 67, 68, 69, 71, 72, 73, 74, 75, 76, 77, 78, 79, 83, 85, 86, 87, 88, 89, 90, 91, 92, 93, 94, 95, 96, 97, 98, 99, 100, 101, 102, 103, 104, 108, 110, 111, 112, 113, 114, 115, 116, 117, 118, 119, 120, 121, 122, 123, 125, 126, 127, 128, 129, 130, 131, 132, 133, 134, 136, 137, 138, 140, 141, 142, 143, 144, 145, 146, 147, 148, 149, 150, 151, 152, 153, 154, 155, 156, 157, 158, 159, 160, 161, 162, 163, 164, 165, 166, 167, 168, 169, 170, 171, 172, 173, 174, 175, 176, 177, 178]",147,False,1.597836685319014e-05,-1.7603263867889807e-08,5.331990039019344e-06,10.0
E59,129,129,8,121,516,0.06201550387596899,0.015267175572519083,0.024502297090352218,raja,S5/S05_20170607_032937_2,all_channel,median,median__all_channel__E59,32,179,"[0, 2, 3, 4, 5, 6, 10, 12, 13, 14, 15, 17, 18, 19, 20, 21, 22, 24, 26, 27, 29, 31, 32, 36, 37, 38, 39, 40, 43, 44, 45, 46, 49, 50, 51, 54, 55, 56, 57, 58, 59, 60, 61, 62, 63, 64, 65, 67, 68, 69, 71, 72, 73, 74, 75, 76, 77, 78, 79, 83, 85, 86, 87, 88, 89, 90, 91, 92, 93, 94, 95, 96, 97, 98, 99, 100, 101, 102, 103, 104, 108, 110, 111, 112, 113, 114, 115, 116, 117, 118, 119, 120, 121, 122, 123, 125, 126, 127, 128, 129, 130, 131, 132, 133, 134, 136, 137, 138, 140, 141, 142, 143, 144, 145, 146, 147, 148, 149, 150, 151, 152, 153, 154, 155, 156, 157, 158, 159, 160, 161, 162, 163, 164, 165, 166, 167, 168, 169, 170, 171, 172, 173, 174, 175, 176, 177, 178]",147,False,1.5431480703866796e-05,3.9682174803411596e-07,5.0115529852775604e-06,10.0
E85,79,79,6,73,518,0.0759493670886076,0.011450381679389313,0.019900497512437807,raja,S5/S05_20170607_032937_2,all_channel,median,median__all_channel__E85,32,179,"[0, 2, 3, 4, 5, 6, 10, 12, 13, 14, 15, 17, 18, 19, 20, 21, 22, 24, 26, 27, 29, 31, 32, 36, 37, 38, 39, 40, 43, 44, 45, 46, 49, 50, 51, 54, 55, 56, 57, 58, 59, 60, 61, 62, 63, 64, 65, 67, 68, 69, 71, 72, 73, 74, 75, 76, 77, 78, 79, 83, 85, 86, 87, 88, 89, 90, 91, 92, 93, 94, 95, 96, 97, 98, 99, 100, 101, 102, 103, 104, 108, 110, 111, 112, 113, 114, 115, 116, 117, 118, 119, 120, 121, 122, 123, 125, 126, 127, 128, 129, 130, 131, 132, 133, 134, 136, 137, 138, 140, 141, 142, 143, 144, 145, 146, 147, 148, 149, 150, 151, 152, 153, 154, 155, 156, 157, 158, 159, 160, 161, 162, 163, 164, 165, 166, 167, 168, 169, 170, 171, 172, 173, 174, 175, 176, 177, 178]",147,False,2.43973092212404e-05,3.5892073526650616e-07,8.012796161991298e-06,10.0
E83,102,102,6,96,518,0.058823529411764705,0.011450381679389313,0.019169329073482424,raja,S5/S05_20170607_032937_2,all_channel,median,median__all_channel__E83,32,179,"[0, 2, 3, 4, 5, 6, 10, 12, 13, 14, 15, 17, 18, 19, 20, 21, 22, 24, 26, 27, 29, 31, 32, 36, 37, 38, 39, 40, 43, 44, 45, 46, 49, 50, 51, 54, 55, 56, 57, 58, 59, 60, 61, 62, 63, 64, 65, 67, 68, 69, 71, 72, 73, 74, 75, 76, 77, 78, 79, 83, 85, 86, 87, 88, 89, 90, 91, 92, 93, 94, 95, 96, 97, 98, 99, 100, 101, 102, 103, 104, 108, 110, 111, 112, 113, 114, 115, 116, 117, 118, 119, 120, 121, 122, 123, 125, 126, 127, 128, 129, 130, 131, 132, 133, 134, 136, 137, 138, 140, 141, 142, 143, 144, 145, 146, 147, 148, 149, 150, 151, 152, 153, 154, 155, 156, 157, 158, 159, 160, 161, 162, 163, 164, 165, 166, 167, 168, 169, 170, 171, 172, 173, 174, 175, 176, 177, 178]",147,False,2.3992159284324276e-05,1.46758116940024e-07,7.94846705579475e-06,10.0
E60,109,109,6,103,518,0.05504587155963303,0.011450381679389313,0.018957345971563982,raja,S5/S05_20170607_032937_2,all_channel,median,median__all_channel__E60,32,179,"[0, 2, 3, 4, 5, 6, 10, 12, 13, 14, 15, 17, 18, 19, 20, 21, 22, 24, 26, 27, 29, 31, 32, 36, 37, 38, 39, 40, 43, 44, 45, 46, 49, 50, 51, 54, 55, 56, 57, 58, 59, 60, 61, 62, 63, 64, 65, 67, 68, 69, 71, 72, 73, 74, 75, 76, 77, 78, 79, 83, 85, 86, 87, 88, 89, 90, 91, 92, 93, 94, 95, 96, 97, 98, 99, 100, 101, 102, 103, 104, 108, 110, 111, 112, 113, 114, 115, 116, 117, 118, 119, 120, 121, 122, 123, 125, 126, 127, 128, 129, 130, 131, 132, 133, 134, 136, 137, 138, 140, 141, 142, 143, 144, 145, 146, 147, 148, 149, 150, 151, 152, 153, 154, 155, 156, 157, 158, 159, 160, 161, 162, 163, 164, 165, 166, 167, 168, 169, 170, 171, 172, 173, 174, 175, 176, 177, 178]",147,False,1.8472907284207746e-05,4.0208251841530135e-07,6.023608255264148e-06,10.0
E62,112,112,6,106,518,0.05357142857142857,0.011450381679389313,0.01886792452830189,raja,S5/S05_20170607_032937_2,all_channel,median,median__all_channel__E62,32,179,"[0, 2, 3, 4, 5, 6, 10, 12, 13, 14, 15, 17, 18, 19, 20, 21, 22, 24, 26, 27, 29, 31, 32, 36, 37, 38, 39, 40, 43, 44, 45, 46, 49, 50, 51, 54, 55, 56, 57, 58, 59, 60, 61, 62, 63, 64, 65, 67, 68, 69, 71, 72, 73, 74, 75, 76, 77, 78, 79, 83, 85, 86, 87, 88, 89, 90, 91, 92, 93, 94, 95, 96, 97, 98, 99, 100, 101, 102, 103, 104, 108, 110, 111, 112, 113, 114, 115, 116, 117, 118, 119, 120, 121, 122, 123, 125, 126, 127, 128, 129, 130, 131, 132, 133, 134, 136, 137, 138, 140, 141, 142, 143, 144, 145, 146, 147, 148, 149, 150, 151, 152, 153, 154, 155, 156, 157, 158, 159, 160, 161, 162, 163, 164, 165, 166, 167, 168, 169, 170, 171, 172, 173, 174, 175, 176, 177, 178]",147,False,1.661293418215592e-05,3.571306911431183e-07,5.418601163670934e-06,10.0
E75,135,135,6,129,518,0.044444444444444446,0.011450381679389313,0.018209408194233688,raja,S5/S05_20170607_032937_2,all_channel,median,median__all_channel__E75,32,179,"[0, 2, 3, 4, 5, 6, 10, 12, 13, 14, 15, 17, 18, 19, 20, 21, 22, 24, 26, 27, 29, 31, 32, 36, 37, 38, 39, 40, 43, 44, 45, 46, 49, 50, 51, 54, 55, 56, 57, 58, 59, 60, 61, 62, 63, 64, 65, 67, 68, 69, 71, 72, 73, 74, 75, 76, 77, 78, 79, 83, 85, 86, 87, 88, 89, 90, 91, 92, 93, 94, 95, 96, 97, 98, 99, 100, 101, 102, 103, 104, 108, 110, 111, 112, 113, 114, 115, 116, 117, 118, 119, 120, 121, 122, 123, 125, 126, 127, 128, 129, 130, 131, 132, 133, 134, 136, 137, 138, 140, 141, 142, 143, 144, 145, 146, 147, 148, 149, 150, 151, 152, 153, 154, 155, 156, 157, 158, 159, 160, 161, 162, 163, 164, 165, 166, 167, 168, 169, 170, 171, 172, 173, 174, 175, 176, 177, 178]",147,False,2.292370390593189e-05,1.5975528967903834e-07,7.587982872084283e-06,10.0
E70,143,143,6,137,518,0.04195804195804196,0.011450381679389313,0.017991004497751123,raja,S5/S05_20170607_032937_2,all_channel,median,median__all_channel__E70,32,179,"[0, 2, 3, 4, 5, 6, 10, 12, 13, 14, 15, 17, 18, 19, 20, 21, 22, 24, 26, 27, 29, 31, 32, 36, 37, 38, 39, 40, 43, 44, 45, 46, 49, 50, 51, 54, 55, 56, 57, 58, 59, 60, 61, 62, 63, 64, 65, 67, 68, 69, 71, 72, 73, 74, 75, 76, 77, 78, 79, 83, 85, 86, 87, 88, 89, 90, 91, 92, 93, 94, 95, 96, 97, 98, 99, 100, 101, 102, 103, 104, 108, 110, 111, 112, 113, 114, 115, 116, 117, 118, 119, 120, 121, 122, 123, 125, 126, 127, 128, 129, 130, 131, 132, 133, 134, 136, 137, 138, 140, 141, 142, 143, 144, 145, 146, 147, 148, 149, 150, 151, 152, 153, 154, 155, 156, 157, 158, 159, 160, 161, 162, 163, 164, 165, 166, 167, 168, 169, 170, 171, 172, 173, 174, 175, 176, 177, 178]",147,False,2.184680098459797e-05,1.4899112676192402e-07,7.23260328594535e-06,10.0
E112,32,32,4,28,520,0.125,0.007633587786259542,0.01438848920863309,raja,S5/S05_20170607_032937_2,all_channel,median,median__all_channel__E112,32,179,"[0, 2, 3, 4, 5, 6, 10, 12, 13, 14, 15, 17, 18, 19, 20, 21, 22, 24, 26, 27, 29, 31, 32, 36, 37, 38, 39, 40, 43, 44, 45, 46, 49, 50, 51, 54, 55, 56, 57, 58, 59, 60, 61, 62, 63, 64, 65, 67, 68, 69, 71, 72, 73, 74, 75, 76, 77, 78, 79, 83, 85, 86, 87, 88, 89, 90, 91, 92, 93, 94, 95, 96, 97, 98, 99, 100, 101, 102, 103, 104, 108, 110, 111, 112, 113, 114, 115, 116, 117, 118, 119, 120, 121, 122, 123, 125, 126, 127, 128, 129, 130, 131, 132, 133, 134, 136, 137, 138, 140, 141, 142, 143, 144, 145, 146, 147, 148, 149, 150, 151, 152, 153, 154, 155, 156, 157, 158, 159, 160, 161, 162, 163, 164, 165, 166, 167, 168, 169, 170, 171, 172, 173, 174, 175, 176, 177, 178]",147,False,1.5552661101116633e-05,6.52296302990828e-08,5.162477156939183e-06,10.0
E40,44,44,3,41,521,0.06818181818181818,0.0057251908396946565,0.010563380281690142,raja,S5/S05_20170607_032937_2,all_channel,median,median__all_channel__E40,32,179,"[0, 2, 3, 4, 5, 6, 10, 12, 13, 14, 15, 17, 18, 19, 20, 21, 22, 24, 26, 27, 29, 31, 32, 36, 37, 38, 39, 40, 43, 44, 45, 46, 49, 50, 51, 54, 55, 56, 57, 58, 59, 60, 61, 62, 63, 64, 65, 67, 68, 69, 71, 72, 73, 74, 75, 76, 77, 78, 79, 83, 85, 86, 87, 88, 89, 90, 91, 92, 93, 94, 95, 96, 97, 98, 99, 100, 101, 102, 103, 104, 108, 110, 111, 112, 113, 114, 115, 116, 117, 118, 119, 120, 121, 122, 123, 125, 126, 127, 128, 129, 130, 131, 132, 133, 134, 136, 137, 138, 140, 141, 142, 143, 144, 145, 146, 147, 148, 149, 150, 151, 152, 153, 154, 155, 156, 157, 158, 159, 160, 161, 162, 163, 164, 165, 166, 167, 168, 169, 170, 171, 172, 173, 174, 175, 176, 177, 178]",147,False,1.4090362986963484e-05,2.0706089363144576e-07,4.627767364444013e-06,10.0
E37,46,46,3,43,521,0.06521739130434782,0.0057251908396946565,0.010526315789473686,raja,S5/S05_20170607_032937_2,all_channel,median,median__all_channel__E37,32,179,"[0, 2, 3, 4, 5, 6, 10, 12, 13, 14, 15, 17, 18, 19, 20, 21, 22, 24, 26, 27, 29, 31, 32, 36, 37, 38, 39, 40, 43, 44, 45, 46, 49, 50, 51, 54, 55, 56, 57, 58, 59, 60, 61, 62, 63, 64, 65, 67, 68, 69, 71, 72, 73, 74, 75, 76, 77, 78, 79, 83, 85, 86, 87, 88, 89, 90, 91, 92, 93, 94, 95, 96, 97, 98, 99, 100, 101, 102, 103, 104, 108, 110, 111, 112, 113, 114, 115, 116, 117, 118, 119, 120, 121, 122, 123, 125, 126, 127, 128, 129, 130, 131, 132, 133, 134, 136, 137, 138, 140, 141, 142, 143, 144, 145, 146, 147, 148, 149, 150, 151, 152, 153, 154, 155, 156, 157, 158, 159, 160, 161, 162, 163, 164, 165, 166, 167, 168, 169, 170, 171, 172, 173, 174, 175, 176, 177, 178]",147,False,1.2613046673257513e-05,2.3000484139707984e-07,4.127680610620144e-06,10.0
E47,59,59,3,56,521,0.05084745762711865,0.0057251908396946565,0.010291595197255575,raja,S5/S05_20170607_032937_2,all_channel,median,median__all_channel__E47,32,179,"[0, 2, 3, 4, 5, 6, 10, 12, 13, 14, 15, 17, 18, 19, 20, 21, 22, 24, 26, 27, 29, 31, 32, 36, 37, 38, 39, 40, 43, 44, 45, 46, 49, 50, 51, 54, 55, 56, 57, 58, 59, 60, 61, 62, 63, 64, 65, 67, 68, 69, 71, 72, 73, 74, 75, 76, 77, 78, 79, 83, 85, 86, 87, 88, 89, 90, 91, 92, 93, 94, 95, 96, 97, 98, 99, 100, 101, 102, 103, 104, 108, 110, 111, 112, 113, 114, 115, 116, 117, 118, 119, 120, 121, 122, 123, 125, 126, 127, 128, 129, 130, 131, 132, 133, 134, 136, 137, 138, 140, 141, 142, 143, 144, 145, 146, 147, 148, 149, 150, 151, 152, 153, 154, 155, 156, 157, 158, 159, 160, 161, 162, 163, 164, 165, 166, 167, 168, 169, 170, 171, 172, 173, 174, 175, 176, 177, 178]",147,False,1.3024495856053062e-05,3.521199193967627e-07,4.224125312218767e-06,10.0
E91,60,60,3,57,521,0.05,0.0057251908396946565,0.010273972602739725,raja,S5/S05_20170607_032937_2,all_channel,median,median__all_channel__E91,32,179,"[0, 2, 3, 4, 5, 6, 10, 12, 13, 14, 15, 17, 18, 19, 20, 21, 22, 24, 26, 27, 29, 31, 32, 36, 37, 38, 39, 40, 43, 44, 45, 46, 49, 50, 51, 54, 55, 56, 57, 58, 59, 60, 61, 62, 63, 64, 65, 67, 68, 69, 71, 72, 73, 74, 75, 76, 77, 78, 79, 83, 85, 86, 87, 88, 89, 90, 91, 92, 93, 94, 95, 96, 97, 98, 99, 100, 101, 102, 103, 104, 108, 110, 111, 112, 113, 114, 115, 116, 117, 118, 119, 120, 121, 122, 123, 125, 126, 127, 128, 129, 130, 131, 132, 133, 134, 136, 137, 138, 140, 141, 142, 143, 144, 145, 146, 147, 148, 149, 150, 151, 152, 153, 154, 155, 156, 157, 158, 159, 160, 161, 162, 163, 164, 165, 166, 167, 168, 169, 170, 171, 172, 173, 174, 175, 176, 177, 178]",147,False,2.169811152523647e-05,4.1679358398282216e-07,7.0937726470845484e-06,10.0
E109,35,35,2,33,522,0.05714285714285714,0.003816793893129771,0.007155635062611807,raja,S5/S05_20170607_032937_2,all_channel,median,median__all_channel__E109,32,179,"[0, 2, 3, 4, 5, 6, 10, 12, 13, 14, 15, 17, 18, 19, 20, 21, 22, 24, 26, 27, 29, 31, 32, 36, 37, 38, 39, 40, 43, 44, 45, 46, 49, 50, 51, 54, 55, 56, 57, 58, 59, 60, 61, 62, 63, 64, 65, 67, 68, 69, 71, 72, 73, 74, 75, 76, 77, 78, 79, 83, 85, 86, 87, 88, 89, 90, 91, 92, 93, 94, 95, 96, 97, 98, 99, 100, 101, 102, 103, 104, 108, 110, 111, 112, 113, 114, 115, 116, 117, 118, 119, 120, 121, 122, 123, 125, 126, 127, 128, 129, 130, 131, 132, 133, 134, 136, 137, 138, 140, 141, 142, 143, 144, 145, 146, 147, 148, 149, 150, 151, 152, 153, 154, 155, 156, 157, 158, 159, 160, 161, 162, 163, 164, 165, 166, 167, 168, 169, 170, 171, 172, 173, 174, 175, 176, 177, 178]",147,False,1.6749179200169157e-05,2.801513167047065e-07,5.489675961154816e-06,10.0
E104,15,15,1,14,523,0.06666666666666667,0.0019083969465648854,0.0037105751391465673,raja,S5/S05_20170607_032937_2,all_channel,median,median__all_channel__E104,32,179,"[0, 2, 3, 4, 5, 6, 10, 12, 13, 14, 15, 17, 18, 19, 20, 21, 22, 24, 26, 27, 29, 31, 32, 36, 37, 38, 39, 40, 43, 44, 45, 46, 49, 50, 51, 54, 55, 56, 57, 58, 59, 60, 61, 62, 63, 64, 65, 67, 68, 69, 71, 72, 73, 74, 75, 76, 77, 78, 79, 83, 85, 86, 87, 88, 89, 90, 91, 92, 93, 94, 95, 96, 97, 98, 99, 100, 101, 102, 103, 104, 108, 110, 111, 112, 113, 114, 115, 116, 117, 118, 119, 120, 121, 122, 123, 125, 126, 127, 128, 129, 130, 131, 132, 133, 134, 136, 137, 138, 140, 141, 142, 143, 144, 145, 146, 147, 148, 149, 150, 151, 152, 153, 154, 155, 156, 157, 158, 159, 160, 161, 162, 163, 164, 165, 166, 167, 168, 169, 170, 171, 172, 173, 174, 175, 176, 177, 178]",147,False,1.5681950918646733e-05,1.3902995558729643e-07,5.180973654353146e-06,10.0
E98,29,29,0,29,524,0.0,0.0,0.0,raja,S5/S05_20170607_032937_2,all_channel,median,median__all_channel__E98,32,179,"[0, 2, 3, 4, 5, 6, 10, 12, 13, 14, 15, 17, 18, 19, 20, 21, 22, 24, 26, 27, 29, 31, 32, 36, 37, 38, 39, 40, 43, 44, 45, 46, 49, 50, 51, 54, 55, 56, 57, 58, 59, 60, 61, 62, 63, 64, 65, 67, 68, 69, 71, 72, 73, 74, 75, 76, 77, 78, 79, 83, 85, 86, 87, 88, 89, 90, 91, 92, 93, 94, 95, 96, 97, 98, 99, 100, 101, 102, 103, 104, 108, 110, 111, 112, 113, 114, 115, 116, 117, 118, 119, 120, 121, 122, 123, 125, 126, 127, 128, 129, 130, 131, 132, 133, 134, 136, 137, 138, 140, 141, 142, 143, 144, 145, 146, 147, 148, 149, 150, 151, 152, 153, 154, 155, 156, 157, 158, 159, 160, 161, 162, 163, 164, 165, 166, 167, 168, 169, 170, 171, 172, 173, 174, 175, 176, 177, 178]",147,False,2.1423650475503015e-05,3.32212543769733e-07,7.03047931057776e-06,10.0
E87,37,37,0,37,524,0.0,0.0,0.0,raja,S5/S05_20170607_032937_2,all_channel,median,median__all_channel__E87,32,179,"[0, 2, 3, 4, 5, 6, 10, 12, 13, 14, 15, 17, 18, 19, 20, 21, 22, 24, 26, 27, 29, 31, 32, 36, 37, 38, 39, 40, 43, 44, 45, 46, 49, 50, 51, 54, 55, 56, 57, 58, 59, 60, 61, 62, 63, 64, 65, 67, 68, 69, 71, 72, 73, 74, 75, 76, 77, 78, 79, 83, 85, 86, 87, 88, 89, 90, 91, 92, 93, 94, 95, 96, 97, 98, 99, 100, 101, 102, 103, 104, 108, 110, 111, 112, 113, 114, 115, 116, 117, 118, 119, 120, 121, 122, 123, 125, 126, 127, 128, 129, 130, 131, 132, 133, 134, 136, 137, 138, 140, 141, 142, 143, 144, 145, 146, 147, 148, 149, 150, 151, 152, 153, 154, 155, 156, 157, 158, 159, 160, 161, 162, 163, 164, 165, 166, 167, 168, 169, 170, 171, 172, 173, 174, 175, 176, 177, 178]",147,False,1.4101007877673167e-05,2.4484867512281293e-07,4.618719734183451e-06,10.0
E9,551,551,511,40,13,0.9274047186932849,0.9751908396946565,0.9506976744186046,raja,S5/S05_20170607_032937_2,all_channel,mean,mean__all_channel__E9,32,179,"[0, 2, 3, 4, 5, 6, 10, 12, 13, 14, 15, 17, 18, 19, 20, 21, 22, 24, 26, 27, 29, 31, 32, 36, 37, 38, 39, 40, 43, 44, 45, 46, 49, 50, 51, 54, 55, 56, 57, 58, 59, 60, 61, 62, 63, 64, 65, 67, 68, 69, 71, 72, 73, 74, 75, 76, 77, 78, 79, 83, 85, 86, 87, 88, 89, 90, 91, 92, 93, 94, 95, 96, 97, 98, 99, 100, 101, 102, 103, 104, 108, 110, 111, 112, 113, 114, 115, 116, 117, 118, 119, 120, 121, 122, 123, 125, 126, 127, 128, 129, 130, 131, 132, 133, 134, 136, 137, 138, 140, 141, 142, 143, 144, 145, 146, 147, 148, 149, 150, 151, 152, 153, 154, 155, 156, 157, 158, 159, 160, 161, 162, 163, 164, 165, 166, 167, 168, 169, 170, 171, 172, 173, 174, 175, 176, 177, 178]",147,False,4.55828062003216e-05,5.9417528445275635e-09,1.5192288149159023e-05,10.0
E22,552,552,507,45,17,0.9184782608695652,0.9675572519083969,0.9423791821561338,raja,S5/S05_20170607_032937_2,all_channel,mean,mean__all_channel__E22,32,179,"[0, 2, 3, 4, 5, 6, 10, 12, 13, 14, 15, 17, 18, 19, 20, 21, 22, 24, 26, 27, 29, 31, 32, 36, 37, 38, 39, 40, 43, 44, 45, 46, 49, 50, 51, 54, 55, 56, 57, 58, 59, 60, 61, 62, 63, 64, 65, 67, 68, 69, 71, 72, 73, 74, 75, 76, 77, 78, 79, 83, 85, 86, 87, 88, 89, 90, 91, 92, 93, 94, 95, 96, 97, 98, 99, 100, 101, 102, 103, 104, 108, 110, 111, 112, 113, 114, 115, 116, 117, 118, 119, 120, 121, 122, 123, 125, 126, 127, 128, 129, 130, 131, 132, 133, 134, 136, 137, 138, 140, 141, 142, 143, 144, 145, 146, 147, 148, 149, 150, 151, 152, 153, 154, 155, 156, 157, 158, 159, 160, 161, 162, 163, 164, 165, 166, 167, 168, 169, 170, 171, 172, 173, 174, 175, 176, 177, 178]",147,False,4.5270681582585515e-05,2.227335252074362e-08,1.5082802743354925e-05,10.0
E23,546,546,493,53,31,0.9029304029304029,0.9408396946564885,0.9214953271028036,raja,S5/S05_20170607_032937_2,all_channel,mean,mean__all_channel__E23,32,179,"[0, 2, 3, 4, 5, 6, 10, 12, 13, 14, 15, 17, 18, 19, 20, 21, 22, 24, 26, 27, 29, 31, 32, 36, 37, 38, 39, 40, 43, 44, 45, 46, 49, 50, 51, 54, 55, 56, 57, 58, 59, 60, 61, 62, 63, 64, 65, 67, 68, 69, 71, 72, 73, 74, 75, 76, 77, 78, 79, 83, 85, 86, 87, 88, 89, 90, 91, 92, 93, 94, 95, 96, 97, 98, 99, 100, 101, 102, 103, 104, 108, 110, 111, 112, 113, 114, 115, 116, 117, 118, 119, 120, 121, 122, 123, 125, 126, 127, 128, 129, 130, 131, 132, 133, 134, 136, 137, 138, 140, 141, 142, 143, 144, 145, 146, 147, 148, 149, 150, 151, 152, 153, 154, 155, 156, 157, 158, 159, 160, 161, 162, 163, 164, 165, 166, 167, 168, 169, 170, 171, 172, 173, 174, 175, 176, 177, 178]",147,False,3.333355734357162e-05,5.373466950263739e-08,1.109327422468966e-05,10.0
E11,561,561,475,86,49,0.8467023172905526,0.9064885496183206,0.8755760368663594,raja,S5/S05_20170607_032937_2,all_channel,mean,mean__all_channel__E11,32,179,"[0, 2, 3, 4, 5, 6, 10, 12, 13, 14, 15, 17, 18, 19, 20, 21, 22, 24, 26, 27, 29, 31, 32, 36, 37, 38, 39, 40, 43, 44, 45, 46, 49, 50, 51, 54, 55, 56, 57, 58, 59, 60, 61, 62, 63, 64, 65, 67, 68, 69, 71, 72, 73, 74, 75, 76, 77, 78, 79, 83, 85, 86, 87, 88, 89, 90, 91, 92, 93, 94, 95, 96, 97, 98, 99, 100, 101, 102, 103, 104, 108, 110, 111, 112, 113, 114, 115, 116, 117, 118, 119, 120, 121, 122, 123, 125, 126, 127, 128, 129, 130, 131, 132, 133, 134, 136, 137, 138, 140, 141, 142, 143, 144, 145, 146, 147, 148, 149, 150, 151, 152, 153, 154, 155, 156, 157, 158, 159, 160, 161, 162, 163, 164, 165, 166, 167, 168, 169, 170, 171, 172, 173, 174, 175, 176, 177, 178]",147,False,2.4134405548154774e-05,1.299283049625902e-08,8.040470905886172e-06,10.0
E3,517,517,454,63,70,0.8781431334622823,0.8664122137404581,0.8722382324687801,raja,S5/S05_20170607_032937_2,all_channel,mean,mean__all_channel__E3,32,179,"[0, 2, 3, 4, 5, 6, 10, 12, 13, 14, 15, 17, 18, 19, 20, 21, 22, 24, 26, 27, 29, 31, 32, 36, 37, 38, 39, 40, 43, 44, 45, 46, 49, 50, 51, 54, 55, 56, 57, 58, 59, 60, 61, 62, 63, 64, 65, 67, 68, 69, 71, 72, 73, 74, 75, 76, 77, 78, 79, 83, 85, 86, 87, 88, 89, 90, 91, 92, 93, 94, 95, 96, 97, 98, 99, 100, 101, 102, 103, 104, 108, 110, 111, 112, 113, 114, 115, 116, 117, 118, 119, 120, 121, 122, 123, 125, 126, 127, 128, 129, 130, 131, 132, 133, 134, 136, 137, 138, 140, 141, 142, 143, 144, 145, 146, 147, 148, 149, 150, 151, 152, 153, 154, 155, 156, 157, 158, 159, 160, 161, 162, 163, 164, 165, 166, 167, 168, 169, 170, 171, 172, 173, 174, 175, 176, 177, 178]",147,False,3.292095106462822e-05,2.7070067879487757e-08,1.0964626998916244e-05,10.0
E26,452,452,390,62,134,0.8628318584070797,0.7442748091603053,0.7991803278688525,raja,S5/S05_20170607_032937_2,all_channel,mean,mean__all_channel__E26,32,179,"[0, 2, 3, 4, 5, 6, 10, 12, 13, 14, 15, 17, 18, 19, 20, 21, 22, 24, 26, 27, 29, 31, 32, 36, 37, 38, 39, 40, 43, 44, 45, 46, 49, 50, 51, 54, 55, 56, 57, 58, 59, 60, 61, 62, 63, 64, 65, 67, 68, 69, 71, 72, 73, 74, 75, 76, 77, 78, 79, 83, 85, 86, 87, 88, 89, 90, 91, 92, 93, 94, 95, 96, 97, 98, 99, 100, 101, 102, 103, 104, 108, 110, 111, 112, 113, 114, 115, 116, 117, 118, 119, 120, 121, 122, 123, 125, 126, 127, 128, 129, 130, 131, 132, 133, 134, 136, 137, 138, 140, 141, 142, 143, 144, 145, 146, 147, 148, 149, 150, 151, 152, 153, 154, 155, 156, 157, 158, 159, 160, 161, 162, 163, 164, 165, 166, 167, 168, 169, 170, 171, 172, 173, 174, 175, 176, 177, 178]",147,False,3.832964748176193e-05,-3.2985309159893384e-09,1.277764867089264e-05,10.0
E24,470,470,397,73,127,0.8446808510638298,0.7576335877862596,0.7987927565392354,raja,S5/S05_20170607_032937_2,all_channel,mean,mean__all_channel__E24,32,179,"[0, 2, 3, 4, 5, 6, 10, 12, 13, 14, 15, 17, 18, 19, 20, 21, 22, 24, 26, 27, 29, 31, 32, 36, 37, 38, 39, 40, 43, 44, 45, 46, 49, 50, 51, 54, 55, 56, 57, 58, 59, 60, 61, 62, 63, 64, 65, 67, 68, 69, 71, 72, 73, 74, 75, 76, 77, 78, 79, 83, 85, 86, 87, 88, 89, 90, 91, 92, 93, 94, 95, 96, 97, 98, 99, 100, 101, 102, 103, 104, 108, 110, 111, 112, 113, 114, 115, 116, 117, 118, 119, 120, 121, 122, 123, 125, 126, 127, 128, 129, 130, 131, 132, 133, 134, 136, 137, 138, 140, 141, 142, 143, 144, 145, 146, 147, 148, 149, 150, 151, 152, 153, 154, 155, 156, 157, 158, 159, 160, 161, 162, 163, 164, 165, 166, 167, 168, 169, 170, 171, 172, 173, 174, 175, 176, 177, 178]",147,False,2.4332206188299355e-05,2.7463104359755413e-08,8.101581027979867e-06,10.0
E124,339,339,274,65,250,0.8082595870206489,0.5229007633587787,0.6349942062572421,raja,S5/S05_20170607_032937_2,all_channel,mean,mean__all_channel__E124,32,179,"[0, 2, 3, 4, 5, 6, 10, 12, 13, 14, 15, 17, 18, 19, 20, 21, 22, 24, 26, 27, 29, 31, 32, 36, 37, 38, 39, 40, 43, 44, 45, 46, 49, 50, 51, 54, 55, 56, 57, 58, 59, 60, 61, 62, 63, 64, 65, 67, 68, 69, 71, 72, 73, 74, 75, 76, 77, 78, 79, 83, 85, 86, 87, 88, 89, 90, 91, 92, 93, 94, 95, 96, 97, 98, 99, 100, 101, 102, 103, 104, 108, 110, 111, 112, 113, 114, 115, 116, 117, 118, 119, 120, 121, 122, 123, 125, 126, 127, 128, 129, 130, 131, 132, 133, 134, 136, 137, 138, 140, 141, 142, 143, 144, 145, 146, 147, 148, 149, 150, 151, 152, 153, 154, 155, 156, 157, 158, 159, 160, 161, 162, 163, 164, 165, 166, 167, 168, 169, 170, 171, 172, 173, 174, 175, 176, 177, 178]",147,False,2.251745275869172e-05,-6.146395166373163e-09,7.507866384619365e-06,10.0
E77,277,277,34,243,490,0.12274368231046931,0.0648854961832061,0.08489388264669163,raja,S5/S05_20170607_032937_2,all_channel,mean,mean__all_channel__E77,32,179,"[0, 2, 3, 4, 5, 6, 10, 12, 13, 14, 15, 17, 18, 19, 20, 21, 22, 24, 26, 27, 29, 31, 32, 36, 37, 38, 39, 40, 43, 44, 45, 46, 49, 50, 51, 54, 55, 56, 57, 58, 59, 60, 61, 62, 63, 64, 65, 67, 68, 69, 71, 72, 73, 74, 75, 76, 77, 78, 79, 83, 85, 86, 87, 88, 89, 90, 91, 92, 93, 94, 95, 96, 97, 98, 99, 100, 101, 102, 103, 104, 108, 110, 111, 112, 113, 114, 115, 116, 117, 118, 119, 120, 121, 122, 123, 125, 126, 127, 128, 129, 130, 131, 132, 133, 134, 136, 137, 138, 140, 141, 142, 143, 144, 145, 146, 147, 148, 149, 150, 151, 152, 153, 154, 155, 156, 157, 158, 159, 160, 161, 162, 163, 164, 165, 166, 167, 168, 169, 170, 171, 172, 173, 174, 175, 176, 177, 178]",147,False,2.9122300246346418e-05,-2.1487827095448822e-08,9.714596024480622e-06,10.0
E122,119,119,21,98,503,0.17647058823529413,0.04007633587786259,0.06531881804043545,raja,S5/S05_20170607_032937_2,all_channel,mean,mean__all_channel__E122,32,179,"[0, 2, 3, 4, 5, 6, 10, 12, 13, 14, 15, 17, 18, 19, 20, 21, 22, 24, 26, 27, 29, 31, 32, 36, 37, 38, 39, 40, 43, 44, 45, 46, 49, 50, 51, 54, 55, 56, 57, 58, 59, 60, 61, 62, 63, 64, 65, 67, 68, 69, 71, 72, 73, 74, 75, 76, 77, 78, 79, 83, 85, 86, 87, 88, 89, 90, 91, 92, 93, 94, 95, 96, 97, 98, 99, 100, 101, 102, 103, 104, 108, 110, 111, 112, 113, 114, 115, 116, 117, 118, 119, 120, 121, 122, 123, 125, 126, 127, 128, 129, 130, 131, 132, 133, 134, 136, 137, 138, 140, 141, 142, 143, 144, 145, 146, 147, 148, 149, 150, 151, 152, 153, 154, 155, 156, 157, 158, 159, 160, 161, 162, 163, 164, 165, 166, 167, 168, 169, 170, 171, 172, 173, 174, 175, 176, 177, 178]",147,False,1.7987863419079274e-05,-1.365114756871095e-09,5.9964095112787155e-06,10.0
E33,83,83,19,64,505,0.2289156626506024,0.03625954198473282,0.06260296540362438,raja,S5/S05_20170607_032937_2,all_channel,mean,mean__all_channel__E33,32,179,"[0, 2, 3, 4, 5, 6, 10, 12, 13, 14, 15, 17, 18, 19, 20, 21, 22, 24, 26, 27, 29, 31, 32, 36, 37, 38, 39, 40, 43, 44, 45, 46, 49, 50, 51, 54, 55, 56, 57, 58, 59, 60, 61, 62, 63, 64, 65, 67, 68, 69, 71, 72, 73, 74, 75, 76, 77, 78, 79, 83, 85, 86, 87, 88, 89, 90, 91, 92, 93, 94, 95, 96, 97, 98, 99, 100, 101, 102, 103, 104, 108, 110, 111, 112, 113, 114, 115, 116, 117, 118, 119, 120, 121, 122, 123, 125, 126, 127, 128, 129, 130, 131, 132, 133, 134, 136, 137, 138, 140, 141, 142, 143, 144, 145, 146, 147, 148, 149, 150, 151, 152, 153, 154, 155, 156, 157, 158, 159, 160, 161, 162, 163, 164, 165, 166, 167, 168, 169, 170, 171, 172, 173, 174, 175, 176, 177, 178]",147,False,2.0076279458483642e-05,2.135346710978939e-08,6.6849753304579505e-06,10.0
E28,42,42,17,25,507,0.40476190476190477,0.03244274809160305,0.06007067137809186,raja,S5/S05_20170607_032937_2,all_channel,mean,mean__all_channel__E28,32,179,"[0, 2, 3, 4, 5, 6, 10, 12, 13, 14, 15, 17, 18, 19, 20, 21, 22, 24, 26, 27, 29, 31, 32, 36, 37, 38, 39, 40, 43, 44, 45, 46, 49, 50, 51, 54, 55, 56, 57, 58, 59, 60, 61, 62, 63, 64, 65, 67, 68, 69, 71, 72, 73, 74, 75, 76, 77, 78, 79, 83, 85, 86, 87, 88, 89, 90, 91, 92, 93, 94, 95, 96, 97, 98, 99, 100, 101, 102, 103, 104, 108, 110, 111, 112, 113, 114, 115, 116, 117, 118, 119, 120, 121, 122, 123, 125, 126, 127, 128, 129, 130, 131, 132, 133, 134, 136, 137, 138, 140, 141, 142, 143, 144, 145, 146, 147, 148, 149, 150, 151, 152, 153, 154, 155, 156, 157, 158, 159, 160, 161, 162, 163, 164, 165, 166, 167, 168, 169, 170, 171, 172, 173, 174, 175, 176, 177, 178]",147,False,2.323220689162784e-05,3.8233970441779735e-08,7.731324307062019e-06,10.0
E67,162,162,13,149,511,0.08024691358024691,0.02480916030534351,0.037900874635568516,raja,S5/S05_20170607_032937_2,all_channel,mean,mean__all_channel__E67,32,179,"[0, 2, 3, 4, 5, 6, 10, 12, 13, 14, 15, 17, 18, 19, 20, 21, 22, 24, 26, 27, 29, 31, 32, 36, 37, 38, 39, 40, 43, 44, 45, 46, 49, 50, 51, 54, 55, 56, 57, 58, 59, 60, 61, 62, 63, 64, 65, 67, 68, 69, 71, 72, 73, 74, 75, 76, 77, 78, 79, 83, 85, 86, 87, 88, 89, 90, 91, 92, 93, 94, 95, 96, 97, 98, 99, 100, 101, 102, 103, 104, 108, 110, 111, 112, 113, 114, 115, 116, 117, 118, 119, 120, 121, 122, 123, 125, 126, 127, 128, 129, 130, 131, 132, 133, 134, 136, 137, 138, 140, 141, 142, 143, 144, 145, 146, 147, 148, 149, 150, 151, 152, 153, 154, 155, 156, 157, 158, 159, 160, 161, 162, 163, 164, 165, 166, 167, 168, 169, 170, 171, 172, 173, 174, 175, 176, 177, 178]",147,False,1.818167597231875e-05,-4.551231812908548e-09,6.062075734710553e-06,10.0
E117,54,54,10,44,514,0.18518518518518517,0.019083969465648856,0.03460207612456748,raja,S5/S05_20170607_032937_2,all_channel,mean,mean__all_channel__E117,32,179,"[0, 2, 3, 4, 5, 6, 10, 12, 13, 14, 15, 17, 18, 19, 20, 21, 22, 24, 26, 27, 29, 31, 32, 36, 37, 38, 39, 40, 43, 44, 45, 46, 49, 50, 51, 54, 55, 56, 57, 58, 59, 60, 61, 62, 63, 64, 65, 67, 68, 69, 71, 72, 73, 74, 75, 76, 77, 78, 79, 83, 85, 86, 87, 88, 89, 90, 91, 92, 93, 94, 95, 96, 97, 98, 99, 100, 101, 102, 103, 104, 108, 110, 111, 112, 113, 114, 115, 116, 117, 118, 119, 120, 121, 122, 123, 125, 126, 127, 128, 129, 130, 131, 132, 133, 134, 136, 137, 138, 140, 141, 142, 143, 144, 145, 146, 147, 148, 149, 150, 151, 152, 153, 154, 155, 156, 157, 158, 159, 160, 161, 162, 163, 164, 165, 166, 167, 168, 169, 170, 171, 172, 173, 174, 175, 176, 177, 178]",147,False,2.769360962760928e-05,-2.3420498754730477e-08,9.239010042121336e-06,10.0
E84,178,178,12,166,512,0.06741573033707865,0.022900763358778626,0.03418803418803419,raja,S5/S05_20170607_032937_2,all_channel,mean,mean__all_channel__E84,32,179,"[0, 2, 3, 4, 5, 6, 10, 12, 13, 14, 15, 17, 18, 19, 20, 21, 22, 24, 26, 27, 29, 31, 32, 36, 37, 38, 39, 40, 43, 44, 45, 46, 49, 50, 51, 54, 55, 56, 57, 58, 59, 60, 61, 62, 63, 64, 65, 67, 68, 69, 71, 72, 73, 74, 75, 76, 77, 78, 79, 83, 85, 86, 87, 88, 89, 90, 91, 92, 93, 94, 95, 96, 97, 98, 99, 100, 101, 102, 103, 104, 108, 110, 111, 112, 113, 114, 115, 116, 117, 118, 119, 120, 121, 122, 123, 125, 126, 127, 128, 129, 130, 131, 132, 133, 134, 136, 137, 138, 140, 141, 142, 143, 144, 145, 146, 147, 148, 149, 150, 151, 152, 153, 154, 155, 156, 157, 158, 159, 160, 161, 162, 163, 164, 165, 166, 167, 168, 169, 170, 171, 172, 173, 174, 175, 176, 177, 178]",147,False,2.226909246802565e-05,8.129090179301682e-10,7.4227598530025736e-06,10.0
E13,30,30,9,21,515,0.3,0.01717557251908397,0.03249097472924188,raja,S5/S05_20170607_032937_2,all_channel,mean,mean__all_channel__E13,32,179,"[0, 2, 3, 4, 5, 6, 10, 12, 13, 14, 15, 17, 18, 19, 20, 21, 22, 24, 26, 27, 29, 31, 32, 36, 37, 38, 39, 40, 43, 44, 45, 46, 49, 50, 51, 54, 55, 56, 57, 58, 59, 60, 61, 62, 63, 64, 65, 67, 68, 69, 71, 72, 73, 74, 75, 76, 77, 78, 79, 83, 85, 86, 87, 88, 89, 90, 91, 92, 93, 94, 95, 96, 97, 98, 99, 100, 101, 102, 103, 104, 108, 110, 111, 112, 113, 114, 115, 116, 117, 118, 119, 120, 121, 122, 123, 125, 126, 127, 128, 129, 130, 131, 132, 133, 134, 136, 137, 138, 140, 141, 142, 143, 144, 145, 146, 147, 148, 149, 150, 151, 152, 153, 154, 155, 156, 157, 158, 159, 160, 161, 162, 163, 164, 165, 166, 167, 168, 169, 170, 171, 172, 173, 174, 175, 176, 177, 178]",147,False,1.6007506652012995e-05,1.153653495496537e-08,5.331990039019344e-06,10.0
E59,142,142,8,134,516,0.056338028169014086,0.015267175572519083,0.02402402402402402,raja,S5/S05_20170607_032937_2,all_channel,mean,mean__all_channel__E59,32,179,"[0, 2, 3, 4, 5, 6, 10, 12, 13, 14, 15, 17, 18, 19, 20, 21, 22, 24, 26, 27, 29, 31, 32, 36, 37, 38, 39, 40, 43, 44, 45, 46, 49, 50, 51, 54, 55, 56, 57, 58, 59, 60, 61, 62, 63, 64, 65, 67, 68, 69, 71, 72, 73, 74, 75, 76, 77, 78, 79, 83, 85, 86, 87, 88, 89, 90, 91, 92, 93, 94, 95, 96, 97, 98, 99, 100, 101, 102, 103, 104, 108, 110, 111, 112, 113, 114, 115, 116, 117, 118, 119, 120, 121, 122, 123, 125, 126, 127, 128, 129, 130, 131, 132, 133, 134, 136, 137, 138, 140, 141, 142, 143, 144, 145, 146, 147, 148, 149, 150, 151, 152, 153, 154, 155, 156, 157, 158, 159, 160, 161, 162, 163, 164, 165, 166, 167, 168, 169, 170, 171, 172, 173, 174, 175, 176, 177, 178]",147,False,1.5021984836021318e-05,-1.267411981136318e-08,5.0115529852775604e-06,10.0
E85,81,81,6,75,518,0.07407407407407407,0.011450381679389313,0.019834710743801654,raja,S5/S05_20170607_032937_2,all_channel,mean,mean__all_channel__E85,32,179,"[0, 2, 3, 4, 5, 6, 10, 12, 13, 14, 15, 17, 18, 19, 20, 21, 22, 24, 26, 27, 29, 31, 32, 36, 37, 38, 39, 40, 43, 44, 45, 46, 49, 50, 51, 54, 55, 56, 57, 58, 59, 60, 61, 62, 63, 64, 65, 67, 68, 69, 71, 72, 73, 74, 75, 76, 77, 78, 79, 83, 85, 86, 87, 88, 89, 90, 91, 92, 93, 94, 95, 96, 97, 98, 99, 100, 101, 102, 103, 104, 108, 110, 111, 112, 113, 114, 115, 116, 117, 118, 119, 120, 121, 122, 123, 125, 126, 127, 128, 129, 130, 131, 132, 133, 134, 136, 137, 138, 140, 141, 142, 143, 144, 145, 146, 147, 148, 149, 150, 151, 152, 153, 154, 155, 156, 157, 158, 159, 160, 161, 162, 163, 164, 165, 166, 167, 168, 169, 170, 171, 172, 173, 174, 175, 176, 177, 178]",147,False,2.4015990869805138e-05,-2.2397616168757037e-08,8.012796161991298e-06,10.0
E83,105,105,6,99,518,0.05714285714285714,0.011450381679389313,0.01907790143084261,raja,S5/S05_20170607_032937_2,all_channel,mean,mean__all_channel__E83,32,179,"[0, 2, 3, 4, 5, 6, 10, 12, 13, 14, 15, 17, 18, 19, 20, 21, 22, 24, 26, 27, 29, 31, 32, 36, 37, 38, 39, 40, 43, 44, 45, 46, 49, 50, 51, 54, 55, 56, 57, 58, 59, 60, 61, 62, 63, 64, 65, 67, 68, 69, 71, 72, 73, 74, 75, 76, 77, 78, 79, 83, 85, 86, 87, 88, 89, 90, 91, 92, 93, 94, 95, 96, 97, 98, 99, 100, 101, 102, 103, 104, 108, 110, 111, 112, 113, 114, 115, 116, 117, 118, 119, 120, 121, 122, 123, 125, 126, 127, 128, 129, 130, 131, 132, 133, 134, 136, 137, 138, 140, 141, 142, 143, 144, 145, 146, 147, 148, 149, 150, 151, 152, 153, 154, 155, 156, 157, 158, 159, 160, 161, 162, 163, 164, 165, 166, 167, 168, 169, 170, 171, 172, 173, 174, 175, 176, 177, 178]",147,False,2.3831758452842448e-05,-1.3642714541802805e-08,7.94846705579475e-06,10.0
E60,113,113,6,107,518,0.05309734513274336,0.011450381679389313,0.018838304552590265,raja,S5/S05_20170607_032937_2,all_channel,mean,mean__all_channel__E60,32,179,"[0, 2, 3, 4, 5, 6, 10, 12, 13, 14, 15, 17, 18, 19, 20, 21, 22, 24, 26, 27, 29, 31, 32, 36, 37, 38, 39, 40, 43, 44, 45, 46, 49, 50, 51, 54, 55, 56, 57, 58, 59, 60, 61, 62, 63, 64, 65, 67, 68, 69, 71, 72, 73, 74, 75, 76, 77, 78, 79, 83, 85, 86, 87, 88, 89, 90, 91, 92, 93, 94, 95, 96, 97, 98, 99, 100, 101, 102, 103, 104, 108, 110, 111, 112, 113, 114, 115, 116, 117, 118, 119, 120, 121, 122, 123, 125, 126, 127, 128, 129, 130, 131, 132, 133, 134, 136, 137, 138, 140, 141, 142, 143, 144, 145, 146, 147, 148, 149, 150, 151, 152, 153, 154, 155, 156, 157, 158, 159, 160, 161, 162, 163, 164, 165, 166, 167, 168, 169, 170, 171, 172, 173, 174, 175, 176, 177, 178]",147,False,1.8057578562110357e-05,-1.3246203682087444e-08,6.023608255264148e-06,10.0
E62,120,120,6,114,518,0.05,0.011450381679389313,0.018633540372670808,raja,S5/S05_20170607_032937_2,all_channel,mean,mean__all_channel__E62,32,179,"[0, 2, 3, 4, 5, 6, 10, 12, 13, 14, 15, 17, 18, 19, 20, 21, 22, 24, 26, 27, 29, 31, 32, 36, 37, 38, 39, 40, 43, 44, 45, 46, 49, 50, 51, 54, 55, 56, 57, 58, 59, 60, 61, 62, 63, 64, 65, 67, 68, 69, 71, 72, 73, 74, 75, 76, 77, 78, 79, 83, 85, 86, 87, 88, 89, 90, 91, 92, 93, 94, 95, 96, 97, 98, 99, 100, 101, 102, 103, 104, 108, 110, 111, 112, 113, 114, 115, 116, 117, 118, 119, 120, 121, 122, 123, 125, 126, 127, 128, 129, 130, 131, 132, 133, 134, 136, 137, 138, 140, 141, 142, 143, 144, 145, 146, 147, 148, 149, 150, 151, 152, 153, 154, 155, 156, 157, 158, 159, 160, 161, 162, 163, 164, 165, 166, 167, 168, 169, 170, 171, 172, 173, 174, 175, 176, 177, 178]",147,False,1.6246841683748502e-05,-8.961807264299453e-09,5.418601163670934e-06,10.0
E75,136,136,6,130,518,0.04411764705882353,0.011450381679389313,0.018181818181818184,raja,S5/S05_20170607_032937_2,all_channel,mean,mean__all_channel__E75,32,179,"[0, 2, 3, 4, 5, 6, 10, 12, 13, 14, 15, 17, 18, 19, 20, 21, 22, 24, 26, 27, 29, 31, 32, 36, 37, 38, 39, 40, 43, 44, 45, 46, 49, 50, 51, 54, 55, 56, 57, 58, 59, 60, 61, 62, 63, 64, 65, 67, 68, 69, 71, 72, 73, 74, 75, 76, 77, 78, 79, 83, 85, 86, 87, 88, 89, 90, 91, 92, 93, 94, 95, 96, 97, 98, 99, 100, 101, 102, 103, 104, 108, 110, 111, 112, 113, 114, 115, 116, 117, 118, 119, 120, 121, 122, 123, 125, 126, 127, 128, 129, 130, 131, 132, 133, 134, 136, 137, 138, 140, 141, 142, 143, 144, 145, 146, 147, 148, 149, 150, 151, 152, 153, 154, 155, 156, 157, 158, 159, 160, 161, 162, 163, 164, 165, 166, 167, 168, 169, 170, 171, 172, 173, 174, 175, 176, 177, 178]",147,False,2.275428016815748e-05,-9.668448095371109e-09,7.587982872084283e-06,10.0
E70,142,142,6,136,518,0.04225352112676056,0.011450381679389313,0.018018018018018018,raja,S5/S05_20170607_032937_2,all_channel,mean,mean__all_channel__E70,32,179,"[0, 2, 3, 4, 5, 6, 10, 12, 13, 14, 15, 17, 18, 19, 20, 21, 22, 24, 26, 27, 29, 31, 32, 36, 37, 38, 39, 40, 43, 44, 45, 46, 49, 50, 51, 54, 55, 56, 57, 58, 59, 60, 61, 62, 63, 64, 65, 67, 68, 69, 71, 72, 73, 74, 75, 76, 77, 78, 79, 83, 85, 86, 87, 88, 89, 90, 91, 92, 93, 94, 95, 96, 97, 98, 99, 100, 101, 102, 103, 104, 108, 110, 111, 112, 113, 114, 115, 116, 117, 118, 119, 120, 121, 122, 123, 125, 126, 127, 128, 129, 130, 131, 132, 133, 134, 136, 137, 138, 140, 141, 142, 143, 144, 145, 146, 147, 148, 149, 150, 151, 152, 153, 154, 155, 156, 157, 158, 159, 160, 161, 162, 163, 164, 165, 166, 167, 168, 169, 170, 171, 172, 173, 174, 175, 176, 177, 178]",147,False,2.1681384306093992e-05,-1.6425551742057008e-08,7.23260328594535e-06,10.0
E112,34,34,4,30,520,0.11764705882352941,0.007633587786259542,0.014336917562724013,raja,S5/S05_20170607_032937_2,all_channel,mean,mean__all_channel__E112,32,179,"[0, 2, 3, 4, 5, 6, 10, 12, 13, 14, 15, 17, 18, 19, 20, 21, 22, 24, 26, 27, 29, 31, 32, 36, 37, 38, 39, 40, 43, 44, 45, 46, 49, 50, 51, 54, 55, 56, 57, 58, 59, 60, 61, 62, 63, 64, 65, 67, 68, 69, 71, 72, 73, 74, 75, 76, 77, 78, 79, 83, 85, 86, 87, 88, 89, 90, 91, 92, 93, 94, 95, 96, 97, 98, 99, 100, 101, 102, 103, 104, 108, 110, 111, 112, 113, 114, 115, 116, 117, 118, 119, 120, 121, 122, 123, 125, 126, 127, 128, 129, 130, 131, 132, 133, 134, 136, 137, 138, 140, 141, 142, 143, 144, 145, 146, 147, 148, 149, 150, 151, 152, 153, 154, 155, 156, 157, 158, 159, 160, 161, 162, 163, 164, 165, 166, 167, 168, 169, 170, 171, 172, 173, 174, 175, 176, 177, 178]",147,False,1.548718915556132e-05,-2.4231525622905293e-10,5.162477156939183e-06,10.0
E40,46,46,4,42,520,0.08695652173913043,0.007633587786259542,0.014035087719298244,raja,S5/S05_20170607_032937_2,all_channel,mean,mean__all_channel__E40,32,179,"[0, 2, 3, 4, 5, 6, 10, 12, 13, 14, 15, 17, 18, 19, 20, 21, 22, 24, 26, 27, 29, 31, 32, 36, 37, 38, 39, 40, 43, 44, 45, 46, 49, 50, 51, 54, 55, 56, 57, 58, 59, 60, 61, 62, 63, 64, 65, 67, 68, 69, 71, 72, 73, 74, 75, 76, 77, 78, 79, 83, 85, 86, 87, 88, 89, 90, 91, 92, 93, 94, 95, 96, 97, 98, 99, 100, 101, 102, 103, 104, 108, 110, 111, 112, 113, 114, 115, 116, 117, 118, 119, 120, 121, 122, 123, 125, 126, 127, 128, 129, 130, 131, 132, 133, 134, 136, 137, 138, 140, 141, 142, 143, 144, 145, 146, 147, 148, 149, 150, 151, 152, 153, 154, 155, 156, 157, 158, 159, 160, 161, 162, 163, 164, 165, 166, 167, 168, 169, 170, 171, 172, 173, 174, 175, 176, 177, 178]",147,False,1.3885246042069946e-05,1.943948737907257e-09,4.627767364444013e-06,10.0
E37,46,46,3,43,521,0.06521739130434782,0.0057251908396946565,0.010526315789473686,raja,S5/S05_20170607_032937_2,all_channel,mean,mean__all_channel__E37,32,179,"[0, 2, 3, 4, 5, 6, 10, 12, 13, 14, 15, 17, 18, 19, 20, 21, 22, 24, 26, 27, 29, 31, 32, 36, 37, 38, 39, 40, 43, 44, 45, 46, 49, 50, 51, 54, 55, 56, 57, 58, 59, 60, 61, 62, 63, 64, 65, 67, 68, 69, 71, 72, 73, 74, 75, 76, 77, 78, 79, 83, 85, 86, 87, 88, 89, 90, 91, 92, 93, 94, 95, 96, 97, 98, 99, 100, 101, 102, 103, 104, 108, 110, 111, 112, 113, 114, 115, 116, 117, 118, 119, 120, 121, 122, 123, 125, 126, 127, 128, 129, 130, 131, 132, 133, 134, 136, 137, 138, 140, 141, 142, 143, 144, 145, 146, 147, 148, 149, 150, 151, 152, 153, 154, 155, 156, 157, 158, 159, 160, 161, 162, 163, 164, 165, 166, 167, 168, 169, 170, 171, 172, 173, 174, 175, 176, 177, 178]",147,False,1.2384861741167767e-05,1.819909307334395e-09,4.127680610620144e-06,10.0
E47,60,60,3,57,521,0.05,0.0057251908396946565,0.010273972602739725,raja,S5/S05_20170607_032937_2,all_channel,mean,mean__all_channel__E47,32,179,"[0, 2, 3, 4, 5, 6, 10, 12, 13, 14, 15, 17, 18, 19, 20, 21, 22, 24, 26, 27, 29, 31, 32, 36, 37, 38, 39, 40, 43, 44, 45, 46, 49, 50, 51, 54, 55, 56, 57, 58, 59, 60, 61, 62, 63, 64, 65, 67, 68, 69, 71, 72, 73, 74, 75, 76, 77, 78, 79, 83, 85, 86, 87, 88, 89, 90, 91, 92, 93, 94, 95, 96, 97, 98, 99, 100, 101, 102, 103, 104, 108, 110, 111, 112, 113, 114, 115, 116, 117, 118, 119, 120, 121, 122, 123, 125, 126, 127, 128, 129, 130, 131, 132, 133, 134, 136, 137, 138, 140, 141, 142, 143, 144, 145, 146, 147, 148, 149, 150, 151, 152, 153, 154, 155, 156, 157, 158, 159, 160, 161, 162, 163, 164, 165, 166, 167, 168, 169, 170, 171, 172, 173, 174, 175, 176, 177, 178]",147,False,1.2674949011683858e-05,2.573075027558153e-09,4.224125312218767e-06,10.0
E91,63,63,3,60,521,0.047619047619047616,0.0057251908396946565,0.010221465076660987,raja,S5/S05_20170607_032937_2,all_channel,mean,mean__all_channel__E91,32,179,"[0, 2, 3, 4, 5, 6, 10, 12, 13, 14, 15, 17, 18, 19, 20, 21, 22, 24, 26, 27, 29, 31, 32, 36, 37, 38, 39, 40, 43, 44, 45, 46, 49, 50, 51, 54, 55, 56, 57, 58, 59, 60, 61, 62, 63, 64, 65, 67, 68, 69, 71, 72, 73, 74, 75, 76, 77, 78, 79, 83, 85, 86, 87, 88, 89, 90, 91, 92, 93, 94, 95, 96, 97, 98, 99, 100, 101, 102, 103, 104, 108, 110, 111, 112, 113, 114, 115, 116, 117, 118, 119, 120, 121, 122, 123, 125, 126, 127, 128, 129, 130, 131, 132, 133, 134, 136, 137, 138, 140, 141, 142, 143, 144, 145, 146, 147, 148, 149, 150, 151, 152, 153, 154, 155, 156, 157, 158, 159, 160, 161, 162, 163, 164, 165, 166, 167, 168, 169, 170, 171, 172, 173, 174, 175, 176, 177, 178]",147,False,2.125624915686151e-05,-2.5068784392137094e-08,7.0937726470845484e-06,10.0
E109,37,37,2,35,522,0.05405405405405406,0.003816793893129771,0.0071301247771836,raja,S5/S05_20170607_032937_2,all_channel,mean,mean__all_channel__E109,32,179,"[0, 2, 3, 4, 5, 6, 10, 12, 13, 14, 15, 17, 18, 19, 20, 21, 22, 24, 26, 27, 29, 31, 32, 36, 37, 38, 39, 40, 43, 44, 45, 46, 49, 50, 51, 54, 55, 56, 57, 58, 59, 60, 61, 62, 63, 64, 65, 67, 68, 69, 71, 72, 73, 74, 75, 76, 77, 78, 79, 83, 85, 86, 87, 88, 89, 90, 91, 92, 93, 94, 95, 96, 97, 98, 99, 100, 101, 102, 103, 104, 108, 110, 111, 112, 113, 114, 115, 116, 117, 118, 119, 120, 121, 122, 123, 125, 126, 127, 128, 129, 130, 131, 132, 133, 134, 136, 137, 138, 140, 141, 142, 143, 144, 145, 146, 147, 148, 149, 150, 151, 152, 153, 154, 155, 156, 157, 158, 159, 160, 161, 162, 163, 164, 165, 166, 167, 168, 169, 170, 171, 172, 173, 174, 175, 176, 177, 178]",147,False,1.646910859983265e-05,8.071636819921816e-11,5.489675961154816e-06,10.0
E104,15,15,1,14,523,0.06666666666666667,0.0019083969465648854,0.0037105751391465673,raja,S5/S05_20170607_032937_2,all_channel,mean,mean__all_channel__E104,32,179,"[0, 2, 3, 4, 5, 6, 10, 12, 13, 14, 15, 17, 18, 19, 20, 21, 22, 24, 26, 27, 29, 31, 32, 36, 37, 38, 39, 40, 43, 44, 45, 46, 49, 50, 51, 54, 55, 56, 57, 58, 59, 60, 61, 62, 63, 64, 65, 67, 68, 69, 71, 72, 73, 74, 75, 76, 77, 78, 79, 83, 85, 86, 87, 88, 89, 90, 91, 92, 93, 94, 95, 96, 97, 98, 99, 100, 101, 102, 103, 104, 108, 110, 111, 112, 113, 114, 115, 116, 117, 118, 119, 120, 121, 122, 123, 125, 126, 127, 128, 129, 130, 131, 132, 133, 134, 136, 137, 138, 140, 141, 142, 143, 144, 145, 146, 147, 148, 149, 150, 151, 152, 153, 154, 155, 156, 157, 158, 159, 160, 161, 162, 163, 164, 165, 166, 167, 168, 169, 170, 171, 172, 173, 174, 175, 176, 177, 178]",147,False,1.553605859059654e-05,-6.86237246289787e-09,5.180973654353146e-06,10.0
E98,31,31,0,31,524,0.0,0.0,0.0,raja,S5/S05_20170607_032937_2,all_channel,mean,mean__all_channel__E98,32,179,"[0, 2, 3, 4, 5, 6, 10, 12, 13, 14, 15, 17, 18, 19, 20, 21, 22, 24, 26, 27, 29, 31, 32, 36, 37, 38, 39, 40, 43, 44, 45, 46, 49, 50, 51, 54, 55, 56, 57, 58, 59, 60, 61, 62, 63, 64, 65, 67, 68, 69, 71, 72, 73, 74, 75, 76, 77, 78, 79, 83, 85, 86, 87, 88, 89, 90, 91, 92, 93, 94, 95, 96, 97, 98, 99, 100, 101, 102, 103, 104, 108, 110, 111, 112, 113, 114, 115, 116, 117, 118, 119, 120, 121, 122, 123, 125, 126, 127, 128, 129, 130, 131, 132, 133, 134, 136, 137, 138, 140, 141, 142, 143, 144, 145, 146, 147, 148, 149, 150, 151, 152, 153, 154, 155, 156, 157, 158, 159, 160, 161, 162, 163, 164, 165, 166, 167, 168, 169, 170, 171, 172, 173, 174, 175, 176, 177, 178]",147,False,2.1075747363921503e-05,-1.569056781177891e-08,7.03047931057776e-06,10.0
E87,38,38,0,38,524,0.0,0.0,0.0,raja,S5/S05_20170607_032937_2,all_channel,mean,mean__all_channel__E87,32,179,"[0, 2, 3, 4, 5, 6, 10, 12, 13, 14, 15, 17, 18, 19, 20, 21, 22, 24, 26, 27, 29, 31, 32, 36, 37, 38, 39, 40, 43, 44, 45, 46, 49, 50, 51, 54, 55, 56, 57, 58, 59, 60, 61, 62, 63, 64, 65, 67, 68, 69, 71, 72, 73, 74, 75, 76, 77, 78, 79, 83, 85, 86, 87, 88, 89, 90, 91, 92, 93, 94, 95, 96, 97, 98, 99, 100, 101, 102, 103, 104, 108, 110, 111, 112, 113, 114, 115, 116, 117, 118, 119, 120, 121, 122, 123, 125, 126, 127, 128, 129, 130, 131, 132, 133, 134, 136, 137, 138, 140, 141, 142, 143, 144, 145, 146, 147, 148, 149, 150, 151, 152, 153, 154, 155, 156, 157, 158, 159, 160, 161, 162, 163, 164, 165, 166, 167, 168, 169, 170, 171, 172, 173, 174, 175, 176, 177, 178]",147,False,1.3850391255510847e-05,-5.767947039506932e-09,4.618719734183451e-06,10.0
E9,530,530,498,32,26,0.939622641509434,0.950381679389313,0.9449715370018975,raja,S5/S05_20170607_032937_2,frontal,median,median__frontal__E9,6,179,"[0, 3, 5, 15, 17, 18, 19, 24, 29, 36, 38, 39, 40, 45, 46, 51, 57, 58, 59, 62, 64, 67, 68, 69, 71, 73, 74, 77, 78, 79, 83, 85, 86, 92, 96, 97, 98, 100, 101, 103, 104, 111, 112, 113, 115, 116, 117, 118, 119, 120, 121, 122, 123, 125, 128, 130, 131, 134, 137, 138, 140, 141, 142, 143, 152, 156, 158, 160, 164, 165, 171, 176]",72,False,5.623612164796129e-05,-3.04913476804192e-06,1.9761752138667736e-05,10.0
E22,535,535,497,38,27,0.9289719626168225,0.9484732824427481,0.9386213408876298,raja,S5/S05_20170607_032937_2,frontal,median,median__frontal__E22,6,179,"[0, 3, 5, 15, 17, 18, 19, 24, 29, 36, 38, 39, 40, 45, 46, 51, 57, 58, 59, 62, 64, 67, 68, 69, 71, 73, 74, 77, 78, 79, 83, 85, 86, 92, 96, 97, 98, 100, 101, 103, 104, 111, 112, 113, 115, 116, 117, 118, 119, 120, 121, 122, 123, 125, 128, 130, 131, 134, 137, 138, 140, 141, 142, 143, 152, 156, 158, 160, 164, 165, 171, 176]",72,False,5.474571666494038e-05,-3.181806839324242e-06,1.9309174501421543e-05,10.0
E23,520,520,471,49,53,0.9057692307692308,0.898854961832061,0.9022988505747126,raja,S5/S05_20170607_032937_2,frontal,median,median__frontal__E23,6,179,"[0, 3, 5, 15, 17, 18, 19, 24, 29, 36, 38, 39, 40, 45, 46, 51, 57, 58, 59, 62, 64, 67, 68, 69, 71, 73, 74, 77, 78, 79, 83, 85, 86, 92, 96, 97, 98, 100, 101, 103, 104, 111, 112, 113, 115, 116, 117, 118, 119, 120, 121, 122, 123, 125, 128, 130, 131, 134, 137, 138, 140, 141, 142, 143, 152, 156, 158, 160, 164, 165, 171, 176]",72,False,3.9365165978182146e-05,-1.898505912850291e-06,1.3754557297010812e-05,10.0
E3,453,453,404,49,120,0.891832229580574,0.7709923664122137,0.827021494370522,raja,S5/S05_20170607_032937_2,frontal,median,median__frontal__E3,6,179,"[0, 3, 5, 15, 17, 18, 19, 24, 29, 36, 38, 39, 40, 45, 46, 51, 57, 58, 59, 62, 64, 67, 68, 69, 71, 73, 74, 77, 78, 79, 83, 85, 86, 92, 96, 97, 98, 100, 101, 103, 104, 111, 112, 113, 115, 116, 117, 118, 119, 120, 121, 122, 123, 125, 128, 130, 131, 134, 137, 138, 140, 141, 142, 143, 152, 156, 158, 160, 164, 165, 171, 176]",72,False,3.808326431119373e-05,-1.6143834580579875e-06,1.3232549256417239e-05,10.0
E24,387,387,330,57,194,0.8527131782945736,0.6297709923664122,0.7244785949506037,raja,S5/S05_20170607_032937_2,frontal,median,median__frontal__E24,6,179,"[0, 3, 5, 15, 17, 18, 19, 24, 29, 36, 38, 39, 40, 45, 46, 51, 57, 58, 59, 62, 64, 67, 68, 69, 71, 73, 74, 77, 78, 79, 83, 85, 86, 92, 96, 97, 98, 100, 101, 103, 104, 111, 112, 113, 115, 116, 117, 118, 119, 120, 121, 122, 123, 125, 128, 130, 131, 134, 137, 138, 140, 141, 142, 143, 152, 156, 158, 160, 164, 165, 171, 176]",72,False,2.743921809999386e-05,-1.0067086880252877e-06,9.481975596006383e-06,10.0
E124,241,241,186,55,338,0.7717842323651453,0.3549618320610687,0.4862745098039215,raja,S5/S05_20170607_032937_2,frontal,median,median__frontal__E124,6,179,"[0, 3, 5, 15, 17, 18, 19, 24, 29, 36, 38, 39, 40, 45, 46, 51, 57, 58, 59, 62, 64, 67, 68, 69, 71, 73, 74, 77, 78, 79, 83, 85, 86, 92, 96, 97, 98, 100, 101, 103, 104, 111, 112, 113, 115, 116, 117, 118, 119, 120, 121, 122, 123, 125, 128, 130, 131, 134, 137, 138, 140, 141, 142, 143, 152, 156, 158, 160, 164, 165, 171, 176]",72,False,2.5577367419571834e-05,-7.926375531236469e-07,8.79000165756516e-06,10.0
E22,528,528,494,34,30,0.9356060606060606,0.9427480916030534,0.9391634980988592,raja,S5/S05_20170607_032937_2,frontal,mean,mean__frontal__E22,6,179,"[0, 3, 5, 15, 17, 18, 19, 24, 29, 36, 38, 39, 40, 45, 46, 51, 57, 58, 59, 62, 64, 67, 68, 69, 71, 73, 74, 77, 78, 79, 83, 85, 86, 92, 96, 97, 98, 100, 101, 103, 104, 111, 112, 113, 115, 116, 117, 118, 119, 120, 121, 122, 123, 125, 128, 130, 131, 134, 137, 138, 140, 141, 142, 143, 152, 156, 158, 160, 164, 165, 171, 176]",72,False,5.7936404743492914e-05,8.881239228285903e-09,1.9309174501421543e-05,10.0
E9,520,520,490,30,34,0.9423076923076923,0.9351145038167938,0.9386973180076628,raja,S5/S05_20170607_032937_2,frontal,mean,mean__frontal__E9,6,179,"[0, 3, 5, 15, 17, 18, 19, 24, 29, 36, 38, 39, 40, 45, 46, 51, 57, 58, 59, 62, 64, 67, 68, 69, 71, 73, 74, 77, 78, 79, 83, 85, 86, 92, 96, 97, 98, 100, 101, 103, 104, 111, 112, 113, 115, 116, 117, 118, 119, 120, 121, 122, 123, 125, 128, 130, 131, 134, 137, 138, 140, 141, 142, 143, 152, 156, 158, 160, 164, 165, 171, 176]",72,False,5.9286535707799106e-05,1.279291795896945e-09,1.9761752138667736e-05,10.0
E23,513,513,463,50,61,0.9025341130604289,0.8835877862595419,0.892960462873674,raja,S5/S05_20170607_032937_2,frontal,mean,mean__frontal__E23,6,179,"[0, 3, 5, 15, 17, 18, 19, 24, 29, 36, 38, 39, 40, 45, 46, 51, 57, 58, 59, 62, 64, 67, 68, 69, 71, 73, 74, 77, 78, 79, 83, 85, 86, 92, 96, 97, 98, 100, 101, 103, 104, 111, 112, 113, 115, 116, 117, 118, 119, 120, 121, 122, 123, 125, 128, 130, 131, 134, 137, 138, 140, 141, 142, 143, 152, 156, 158, 160, 164, 165, 171, 176]",72,False,4.133107697721582e-05,6.740508618338631e-08,1.3754557297010812e-05,10.0
E3,435,435,384,51,140,0.8827586206896552,0.732824427480916,0.8008342022940563,raja,S5/S05_20170607_032937_2,frontal,mean,mean__frontal__E3,6,179,"[0, 3, 5, 15, 17, 18, 19, 24, 29, 36, 38, 39, 40, 45, 46, 51, 57, 58, 59, 62, 64, 67, 68, 69, 71, 73, 74, 77, 78, 79, 83, 85, 86, 92, 96, 97, 98, 100, 101, 103, 104, 111, 112, 113, 115, 116, 117, 118, 119, 120, 121, 122, 123, 125, 128, 130, 131, 134, 137, 138, 140, 141, 142, 143, 152, 156, 158, 160, 164, 165, 171, 176]",72,False,3.972961321486211e-05,3.196544561039699e-08,1.3232549256417239e-05,10.0
E24,356,356,308,48,216,0.8651685393258427,0.5877862595419847,0.7,raja,S5/S05_20170607_032937_2,frontal,mean,mean__frontal__E24,6,179,"[0, 3, 5, 15, 17, 18, 19, 24, 29, 36, 38, 39, 40, 45, 46, 51, 57, 58, 59, 62, 64, 67, 68, 69, 71, 73, 74, 77, 78, 79, 83, 85, 86, 92, 96, 97, 98, 100, 101, 103, 104, 111, 112, 113, 115, 116, 117, 118, 119, 120, 121, 122, 123, 125, 128, 130, 131, 134, 137, 138, 140, 141, 142, 143, 152, 156, 158, 160, 164, 165, 171, 176]",72,False,2.847731680977833e-05,3.1390021759182616e-08,9.481975596006383e-06,10.0
E124,216,216,164,52,360,0.7592592592592593,0.31297709923664124,0.4432432432432433,raja,S5/S05_20170607_032937_2,frontal,mean,mean__frontal__E124,6,179,"[0, 3, 5, 15, 17, 18, 19, 24, 29, 36, 38, 39, 40, 45, 46, 51, 57, 58, 59, 62, 64, 67, 68, 69, 71, 73, 74, 77, 78, 79, 83, 85, 86, 92, 96, 97, 98, 100, 101, 103, 104, 111, 112, 113, 115, 116, 117, 118, 119, 120, 121, 122, 123, 125, 128, 130, 131, 134, 137, 138, 140, 141, 142, 143, 152, 156, 158, 160, 164, 165, 171, 176]",72,False,2.6354366752227233e-05,-1.5638220468248077e-08,8.79000165756516e-06,10.0
E22,529,529,494,35,30,0.9338374291115312,0.9427480916030534,0.9382716049382716,raja,S5/S05_20170607_032937_2,frontal_left,median,median__frontal_left__E22,3,179,"[0, 3, 5, 15, 18, 24, 29, 36, 38, 40, 45, 46, 57, 58, 62, 69, 71, 73, 74, 79, 85, 86, 96, 97, 100, 101, 103, 104, 111, 112, 113, 115, 116, 119, 120, 121, 122, 123, 125, 130, 134, 137, 138, 140, 141, 142, 143, 152, 156, 158, 160, 164, 165, 171, 176]",55,False,5.8805027005910105e-05,-3.3440433714542625e-06,2.071635679245479e-05,10.0
E23,511,511,460,51,64,0.9001956947162426,0.8778625954198473,0.888888888888889,raja,S5/S05_20170607_032937_2,frontal_left,median,median__frontal_left__E23,3,179,"[0, 3, 5, 15, 18, 24, 29, 36, 38, 40, 45, 46, 57, 58, 62, 69, 71, 73, 74, 79, 85, 86, 96, 97, 100, 101, 103, 104, 111, 112, 113, 115, 116, 119, 120, 121, 122, 123, 125, 130, 134, 137, 138, 140, 141, 142, 143, 152, 156, 158, 160, 164, 165, 171, 176]",55,False,4.189732676290882e-05,-1.948781521239042e-06,1.4615369428049288e-05,10.0
E24,350,350,302,48,222,0.8628571428571429,0.5763358778625954,0.6910755148741419,raja,S5/S05_20170607_032937_2,frontal_left,median,median__frontal_left__E24,3,179,"[0, 3, 5, 15, 18, 24, 29, 36, 38, 40, 45, 46, 57, 58, 62, 69, 71, 73, 74, 79, 85, 86, 96, 97, 100, 101, 103, 104, 111, 112, 113, 115, 116, 119, 120, 121, 122, 123, 125, 130, 134, 137, 138, 140, 141, 142, 143, 152, 156, 158, 160, 164, 165, 171, 176]",55,False,2.8613370023224723e-05,-1.0188231806481912e-06,9.877397734624304e-06,10.0
E22,522,522,492,30,32,0.9425287356321839,0.9389312977099237,0.9407265774378586,raja,S5/S05_20170607_032937_2,frontal_left,mean,mean__frontal_left__E22,3,179,"[0, 3, 5, 15, 18, 24, 29, 36, 38, 40, 45, 46, 57, 58, 62, 69, 71, 73, 74, 79, 85, 86, 96, 97, 100, 101, 103, 104, 111, 112, 113, 115, 116, 119, 120, 121, 122, 123, 125, 130, 134, 137, 138, 140, 141, 142, 143, 152, 156, 158, 160, 164, 165, 171, 176]",55,False,6.216816864731915e-05,1.9098269954787754e-08,2.071635679245479e-05,10.0
E23,505,505,454,51,70,0.899009900990099,0.8664122137404581,0.8824101068999028,raja,S5/S05_20170607_032937_2,frontal_left,mean,mean__frontal_left__E23,3,179,"[0, 3, 5, 15, 18, 24, 29, 36, 38, 40, 45, 46, 57, 58, 62, 69, 71, 73, 74, 79, 85, 86, 96, 97, 100, 101, 103, 104, 111, 112, 113, 115, 116, 119, 120, 121, 122, 123, 125, 130, 134, 137, 138, 140, 141, 142, 143, 152, 156, 158, 160, 164, 165, 171, 176]",55,False,4.390064860898741e-05,5.4540324839546514e-08,1.4615369428049288e-05,10.0
E24,305,305,262,43,262,0.8590163934426229,0.5,0.632086851628468,raja,S5/S05_20170607_032937_2,frontal_left,mean,mean__frontal_left__E24,3,179,"[0, 3, 5, 15, 18, 24, 29, 36, 38, 40, 45, 46, 57, 58, 62, 69, 71, 73, 74, 79, 85, 86, 96, 97, 100, 101, 103, 104, 111, 112, 113, 115, 116, 119, 120, 121, 122, 123, 125, 130, 134, 137, 138, 140, 141, 142, 143, 152, 156, 158, 160, 164, 165, 171, 176]",55,False,2.966968832898516e-05,3.749512511224611e-08,9.877397734624304e-06,10.0
E9,528,528,495,33,29,0.9375,0.9446564885496184,0.9410646387832701,raja,S5/S05_20170607_032937_2,frontal_right,median,median__frontal_right__E9,3,179,"[0, 3, 5, 15, 17, 18, 19, 24, 29, 38, 39, 40, 45, 51, 57, 58, 59, 62, 64, 67, 68, 69, 71, 73, 74, 77, 78, 79, 83, 85, 86, 92, 96, 97, 98, 100, 101, 103, 104, 111, 112, 113, 115, 116, 117, 118, 119, 120, 121, 122, 125, 128, 130, 131, 134, 137, 138, 140, 141, 142, 143, 152, 158, 160, 164, 165, 171, 176]",68,False,5.714784990749592e-05,-3.09583648484811e-06,2.0081228797448008e-05,10.0
E3,453,453,400,53,124,0.8830022075055187,0.7633587786259542,0.8188331627430911,raja,S5/S05_20170607_032937_2,frontal_right,median,median__frontal_right__E3,3,179,"[0, 3, 5, 15, 17, 18, 19, 24, 29, 38, 39, 40, 45, 51, 57, 58, 59, 62, 64, 67, 68, 69, 71, 73, 74, 77, 78, 79, 83, 85, 86, 92, 96, 97, 98, 100, 101, 103, 104, 111, 112, 113, 115, 116, 117, 118, 119, 120, 121, 122, 125, 128, 130, 131, 134, 137, 138, 140, 141, 142, 143, 152, 158, 160, 164, 165, 171, 176]",68,False,3.854390126938572e-05,-1.644055653381663e-06,1.3395985640922461e-05,10.0
E124,234,234,179,55,345,0.7649572649572649,0.3416030534351145,0.47229551451187335,raja,S5/S05_20170607_032937_2,frontal_right,median,median__frontal_right__E124,3,179,"[0, 3, 5, 15, 17, 18, 19, 24, 29, 38, 39, 40, 45, 51, 57, 58, 59, 62, 64, 67, 68, 69, 71, 73, 74, 77, 78, 79, 83, 85, 86, 92, 96, 97, 98, 100, 101, 103, 104, 111, 112, 113, 115, 116, 117, 118, 119, 120, 121, 122, 125, 128, 130, 131, 134, 137, 138, 140, 141, 142, 143, 152, 158, 160, 164, 165, 171, 176]",68,False,2.5824022375873085e-05,-8.09173643727084e-07,8.87773200653339e-06,10.0
E9,520,520,489,31,35,0.9403846153846154,0.933206106870229,0.9367816091954022,raja,S5/S05_20170607_032937_2,frontal_right,mean,mean__frontal_right__E9,3,179,"[0, 3, 5, 15, 17, 18, 19, 24, 29, 38, 39, 40, 45, 51, 57, 58, 59, 62, 64, 67, 68, 69, 71, 73, 74, 77, 78, 79, 83, 85, 86, 92, 96, 97, 98, 100, 101, 103, 104, 111, 112, 113, 115, 116, 117, 118, 119, 120, 121, 122, 125, 128, 130, 131, 134, 137, 138, 140, 141, 142, 143, 152, 158, 160, 164, 165, 171, 176]",68,False,6.0248761557362226e-05,5.075165018200979e-09,2.0081228797448008e-05,10.0
E3,430,430,379,51,145,0.8813953488372093,0.7232824427480916,0.7945492662473794,raja,S5/S05_20170607_032937_2,frontal_right,mean,mean__frontal_right__E3,3,179,"[0, 3, 5, 15, 17, 18, 19, 24, 29, 38, 39, 40, 45, 51, 57, 58, 59, 62, 64, 67, 68, 69, 71, 73, 74, 77, 78, 79, 83, 85, 86, 92, 96, 97, 98, 100, 101, 103, 104, 111, 112, 113, 115, 116, 117, 118, 119, 120, 121, 122, 125, 128, 130, 131, 134, 137, 138, 140, 141, 142, 143, 152, 158, 160, 164, 165, 171, 176]",68,False,4.0227208822575835e-05,3.9251899808453016e-08,1.3395985640922461e-05,10.0
E124,210,210,160,50,364,0.7619047619047619,0.3053435114503817,0.4359673024523161,raja,S5/S05_20170607_032937_2,frontal_right,mean,mean__frontal_right__E124,3,179,"[0, 3, 5, 15, 17, 18, 19, 24, 29, 38, 39, 40, 45, 51, 57, 58, 59, 62, 64, 67, 68, 69, 71, 73, 74, 77, 78, 79, 83, 85, 86, 92, 96, 97, 98, 100, 101, 103, 104, 111, 112, 113, 115, 116, 117, 118, 119, 120, 121, 122, 125, 128, 130, 131, 134, 137, 138, 140, 141, 142, 143, 152, 158, 160, 164, 165, 171, 176]",68,False,2.6612070135197616e-05,-2.1125884402553003e-08,8.87773200653339e-06,10.0
E9,548,548,512,36,12,0.9343065693430657,0.9770992366412213,0.9552238805970148,raja,S5/S05_20170607_032937_2,all_channel,median,median__all_channel__E9,32,89,"[0, 1, 2, 3, 6, 7, 9, 14, 15, 16, 18, 19, 20, 23, 24, 25, 27, 28, 29, 30, 31, 32, 33, 34, 35, 36, 37, 38, 39, 42, 43, 44, 45, 46, 47, 48, 49, 50, 51, 52, 55, 56, 57, 58, 59, 60, 61, 62, 63, 64, 65, 66, 67, 68, 69, 70, 71, 72, 73, 74, 75, 76, 77, 78, 79, 80, 81, 82, 83, 84, 85, 86, 87, 88]",74,False,4.316413279320807e-05,-2.132295676910535e-06,1.5098809490039534e-05,20.0
E22,562,562,508,54,16,0.9039145907473309,0.9694656488549618,0.9355432780847145,raja,S5/S05_20170607_032937_2,all_channel,median,median__all_channel__E22,32,89,"[0, 1, 2, 3, 6, 7, 9, 14, 15, 16, 18, 19, 20, 23, 24, 25, 27, 28, 29, 30, 31, 32, 33, 34, 35, 36, 37, 38, 39, 42, 43, 44, 45, 46, 47, 48, 49, 50, 51, 52, 55, 56, 57, 58, 59, 60, 61, 62, 63, 64, 65, 66, 67, 68, 69, 70, 71, 72, 73, 74, 75, 76, 77, 78, 79, 80, 81, 82, 83, 84, 85, 86, 87, 88]",74,False,4.278828450715571e-05,-2.1728690035256274e-06,1.4987051170227112e-05,20.0
E23,552,552,496,56,28,0.8985507246376812,0.9465648854961832,0.9219330855018587,raja,S5/S05_20170607_032937_2,all_channel,median,median__all_channel__E23,32,89,"[0, 1, 2, 3, 6, 7, 9, 14, 15, 16, 18, 19, 20, 23, 24, 25, 27, 28, 29, 30, 31, 32, 33, 34, 35, 36, 37, 38, 39, 42, 43, 44, 45, 46, 47, 48, 49, 50, 51, 52, 55, 56, 57, 58, 59, 60, 61, 62, 63, 64, 65, 66, 67, 68, 69, 70, 71, 72, 73, 74, 75, 76, 77, 78, 79, 80, 81, 82, 83, 84, 85, 86, 87, 88]",74,False,3.161950973000349e-05,-1.374782649133414e-06,1.0998097459712301e-05,20.0
E11,556,556,485,71,39,0.8723021582733813,0.9255725190839694,0.898148148148148,raja,S5/S05_20170607_032937_2,all_channel,median,median__all_channel__E11,32,89,"[0, 1, 2, 3, 6, 7, 9, 14, 15, 16, 18, 19, 20, 23, 24, 25, 27, 28, 29, 30, 31, 32, 33, 34, 35, 36, 37, 38, 39, 42, 43, 44, 45, 46, 47, 48, 49, 50, 51, 52, 55, 56, 57, 58, 59, 60, 61, 62, 63, 64, 65, 66, 67, 68, 69, 70, 71, 72, 73, 74, 75, 76, 77, 78, 79, 80, 81, 82, 83, 84, 85, 86, 87, 88]",74,False,2.308669918852064e-05,-8.42638092177412e-07,7.976445760232685e-06,20.0
E3,526,526,459,67,65,0.8726235741444867,0.8759541984732825,0.8742857142857143,raja,S5/S05_20170607_032937_2,all_channel,median,median__all_channel__E3,32,89,"[0, 1, 2, 3, 6, 7, 9, 14, 15, 16, 18, 19, 20, 23, 24, 25, 27, 28, 29, 30, 31, 32, 33, 34, 35, 36, 37, 38, 39, 42, 43, 44, 45, 46, 47, 48, 49, 50, 51, 52, 55, 56, 57, 58, 59, 60, 61, 62, 63, 64, 65, 66, 67, 68, 69, 70, 71, 72, 73, 74, 75, 76, 77, 78, 79, 80, 81, 82, 83, 84, 85, 86, 87, 88]",74,False,3.1349631406316555e-05,-1.1557936943384953e-06,1.083514170021835e-05,20.0
E24,488,488,411,77,113,0.8422131147540983,0.7843511450381679,0.8122529644268774,raja,S5/S05_20170607_032937_2,all_channel,median,median__all_channel__E24,32,89,"[0, 1, 2, 3, 6, 7, 9, 14, 15, 16, 18, 19, 20, 23, 24, 25, 27, 28, 29, 30, 31, 32, 33, 34, 35, 36, 37, 38, 39, 42, 43, 44, 45, 46, 47, 48, 49, 50, 51, 52, 55, 56, 57, 58, 59, 60, 61, 62, 63, 64, 65, 66, 67, 68, 69, 70, 71, 72, 73, 74, 75, 76, 77, 78, 79, 80, 81, 82, 83, 84, 85, 86, 87, 88]",74,False,2.3290939851130087e-05,-7.568863567376822e-07,8.015942069289256e-06,20.0
E26,485,485,408,77,116,0.8412371134020619,0.7786259541984732,0.8087215064420219,raja,S5/S05_20170607_032937_2,all_channel,median,median__all_channel__E26,32,89,"[0, 1, 2, 3, 6, 7, 9, 14, 15, 16, 18, 19, 20, 23, 24, 25, 27, 28, 29, 30, 31, 32, 33, 34, 35, 36, 37, 38, 39, 42, 43, 44, 45, 46, 47, 48, 49, 50, 51, 52, 55, 56, 57, 58, 59, 60, 61, 62, 63, 64, 65, 66, 67, 68, 69, 70, 71, 72, 73, 74, 75, 76, 77, 78, 79, 80, 81, 82, 83, 84, 85, 86, 87, 88]",74,False,3.6549845612135414e-05,-1.296238648518775e-06,1.2615361420218062e-05,20.0
E124,371,371,298,73,226,0.8032345013477089,0.5687022900763359,0.6659217877094972,raja,S5/S05_20170607_032937_2,all_channel,median,median__all_channel__E124,32,89,"[0, 1, 2, 3, 6, 7, 9, 14, 15, 16, 18, 19, 20, 23, 24, 25, 27, 28, 29, 30, 31, 32, 33, 34, 35, 36, 37, 38, 39, 42, 43, 44, 45, 46, 47, 48, 49, 50, 51, 52, 55, 56, 57, 58, 59, 60, 61, 62, 63, 64, 65, 66, 67, 68, 69, 70, 71, 72, 73, 74, 75, 76, 77, 78, 79, 80, 81, 82, 83, 84, 85, 86, 87, 88]",74,False,2.1758735490698354e-05,-5.72245731408135e-07,7.44366040736883e-06,20.0
E77,270,270,33,237,491,0.12222222222222222,0.06297709923664122,0.08312342569269522,raja,S5/S05_20170607_032937_2,all_channel,median,median__all_channel__E77,32,89,"[0, 1, 2, 3, 6, 7, 9, 14, 15, 16, 18, 19, 20, 23, 24, 25, 27, 28, 29, 30, 31, 32, 33, 34, 35, 36, 37, 38, 39, 42, 43, 44, 45, 46, 47, 48, 49, 50, 51, 52, 55, 56, 57, 58, 59, 60, 61, 62, 63, 64, 65, 66, 67, 68, 69, 70, 71, 72, 73, 74, 75, 76, 77, 78, 79, 80, 81, 82, 83, 84, 85, 86, 87, 88]",74,False,2.968253547502473e-05,3.8091485576885654e-07,9.76720687308529e-06,20.0
E122,121,121,22,99,502,0.18181818181818182,0.04198473282442748,0.06821705426356589,raja,S5/S05_20170607_032937_2,all_channel,median,median__all_channel__E122,32,89,"[0, 1, 2, 3, 6, 7, 9, 14, 15, 16, 18, 19, 20, 23, 24, 25, 27, 28, 29, 30, 31, 32, 33, 34, 35, 36, 37, 38, 39, 42, 43, 44, 45, 46, 47, 48, 49, 50, 51, 52, 55, 56, 57, 58, 59, 60, 61, 62, 63, 64, 65, 66, 67, 68, 69, 70, 71, 72, 73, 74, 75, 76, 77, 78, 79, 80, 81, 82, 83, 84, 85, 86, 87, 88]",74,False,1.7851354516413915e-05,-2.4853998650163066e-08,5.9587361716880265e-06,20.0
E28,45,45,19,26,505,0.4222222222222222,0.03625954198473282,0.06678383128295255,raja,S5/S05_20170607_032937_2,all_channel,median,median__all_channel__E28,32,89,"[0, 1, 2, 3, 6, 7, 9, 14, 15, 16, 18, 19, 20, 23, 24, 25, 27, 28, 29, 30, 31, 32, 33, 34, 35, 36, 37, 38, 39, 42, 43, 44, 45, 46, 47, 48, 49, 50, 51, 52, 55, 56, 57, 58, 59, 60, 61, 62, 63, 64, 65, 66, 67, 68, 69, 70, 71, 72, 73, 74, 75, 76, 77, 78, 79, 80, 81, 82, 83, 84, 85, 86, 87, 88]",74,False,2.2819736258347075e-05,-2.3136834485933754e-07,7.683701534402138e-06,20.0
E33,88,88,19,69,505,0.2159090909090909,0.03625954198473282,0.06209150326797386,raja,S5/S05_20170607_032937_2,all_channel,median,median__all_channel__E33,32,89,"[0, 1, 2, 3, 6, 7, 9, 14, 15, 16, 18, 19, 20, 23, 24, 25, 27, 28, 29, 30, 31, 32, 33, 34, 35, 36, 37, 38, 39, 42, 43, 44, 45, 46, 47, 48, 49, 50, 51, 52, 55, 56, 57, 58, 59, 60, 61, 62, 63, 64, 65, 66, 67, 68, 69, 70, 71, 72, 73, 74, 75, 76, 77, 78, 79, 80, 81, 82, 83, 84, 85, 86, 87, 88]",74,False,1.9748881325028573e-05,-1.7274709975373734e-07,6.64054280826077e-06,20.0
E13,33,33,11,22,513,0.3333333333333333,0.02099236641221374,0.03949730700179534,raja,S5/S05_20170607_032937_2,all_channel,median,median__all_channel__E13,32,89,"[0, 1, 2, 3, 6, 7, 9, 14, 15, 16, 18, 19, 20, 23, 24, 25, 27, 28, 29, 30, 31, 32, 33, 34, 35, 36, 37, 38, 39, 42, 43, 44, 45, 46, 47, 48, 49, 50, 51, 52, 55, 56, 57, 58, 59, 60, 61, 62, 63, 64, 65, 66, 67, 68, 69, 70, 71, 72, 73, 74, 75, 76, 77, 78, 79, 80, 81, 82, 83, 84, 85, 86, 87, 88]",74,False,1.589476160485543e-05,-1.6617116717692287e-08,5.303792907191041e-06,20.0
E67,159,159,13,146,511,0.08176100628930817,0.02480916030534351,0.03806734992679356,raja,S5/S05_20170607_032937_2,all_channel,median,median__all_channel__E67,32,89,"[0, 1, 2, 3, 6, 7, 9, 14, 15, 16, 18, 19, 20, 23, 24, 25, 27, 28, 29, 30, 31, 32, 33, 34, 35, 36, 37, 38, 39, 42, 43, 44, 45, 46, 47, 48, 49, 50, 51, 52, 55, 56, 57, 58, 59, 60, 61, 62, 63, 64, 65, 66, 67, 68, 69, 70, 71, 72, 73, 74, 75, 76, 77, 78, 79, 80, 81, 82, 83, 84, 85, 86, 87, 88]",74,False,1.8422286860924697e-05,2.8044473972576666e-07,6.04728070706631e-06,20.0
E117,52,52,10,42,514,0.19230769230769232,0.019083969465648856,0.034722222222222224,raja,S5/S05_20170607_032937_2,all_channel,median,median__all_channel__E117,32,89,"[0, 1, 2, 3, 6, 7, 9, 14, 15, 16, 18, 19, 20, 23, 24, 25, 27, 28, 29, 30, 31, 32, 33, 34, 35, 36, 37, 38, 39, 42, 43, 44, 45, 46, 47, 48, 49, 50, 51, 52, 55, 56, 57, 58, 59, 60, 61, 62, 63, 64, 65, 66, 67, 68, 69, 70, 71, 72, 73, 74, 75, 76, 77, 78, 79, 80, 81, 82, 83, 84, 85, 86, 87, 88]",74,False,2.7740219954058373e-05,2.0597413945887868e-08,9.239874180037495e-06,20.0
E84,174,174,12,162,512,0.06896551724137931,0.022900763358778626,0.034383954154727794,raja,S5/S05_20170607_032937_2,all_channel,median,median__all_channel__E84,32,89,"[0, 1, 2, 3, 6, 7, 9, 14, 15, 16, 18, 19, 20, 23, 24, 25, 27, 28, 29, 30, 31, 32, 33, 34, 35, 36, 37, 38, 39, 42, 43, 44, 45, 46, 47, 48, 49, 50, 51, 52, 55, 56, 57, 58, 59, 60, 61, 62, 63, 64, 65, 66, 67, 68, 69, 70, 71, 72, 73, 74, 75, 76, 77, 78, 79, 80, 81, 82, 83, 84, 85, 86, 87, 88]",74,False,2.2557945838384005e-05,3.189644831243106e-07,7.412993785086565e-06,20.0
E59,131,131,8,123,516,0.061068702290076333,0.015267175572519083,0.02442748091603053,raja,S5/S05_20170607_032937_2,all_channel,median,median__all_channel__E59,32,89,"[0, 1, 2, 3, 6, 7, 9, 14, 15, 16, 18, 19, 20, 23, 24, 25, 27, 28, 29, 30, 31, 32, 33, 34, 35, 36, 37, 38, 39, 42, 43, 44, 45, 46, 47, 48, 49, 50, 51, 52, 55, 56, 57, 58, 59, 60, 61, 62, 63, 64, 65, 66, 67, 68, 69, 70, 71, 72, 73, 74, 75, 76, 77, 78, 79, 80, 81, 82, 83, 84, 85, 86, 87, 88]",74,False,1.527942149346359e-05,4.1614547334402076e-07,4.954425340039856e-06,20.0
E85,78,78,6,72,518,0.07692307692307693,0.011450381679389313,0.019933554817275746,raja,S5/S05_20170607_032937_2,all_channel,median,median__all_channel__E85,32,89,"[0, 1, 2, 3, 6, 7, 9, 14, 15, 16, 18, 19, 20, 23, 24, 25, 27, 28, 29, 30, 31, 32, 33, 34, 35, 36, 37, 38, 39, 42, 43, 44, 45, 46, 47, 48, 49, 50, 51, 52, 55, 56, 57, 58, 59, 60, 61, 62, 63, 64, 65, 66, 67, 68, 69, 70, 71, 72, 73, 74, 75, 76, 77, 78, 79, 80, 81, 82, 83, 84, 85, 86, 87, 88]",74,False,2.4422577103425036e-05,3.896923296994496e-07,8.010961591241862e-06,20.0
E83,107,107,6,101,518,0.056074766355140186,0.011450381679389313,0.01901743264659271,raja,S5/S05_20170607_032937_2,all_channel,median,median__all_channel__E83,32,89,"[0, 1, 2, 3, 6, 7, 9, 14, 15, 16, 18, 19, 20, 23, 24, 25, 27, 28, 29, 30, 31, 32, 33, 34, 35, 36, 37, 38, 39, 42, 43, 44, 45, 46, 47, 48, 49, 50, 51, 52, 55, 56, 57, 58, 59, 60, 61, 62, 63, 64, 65, 66, 67, 68, 69, 70, 71, 72, 73, 74, 75, 76, 77, 78, 79, 80, 81, 82, 83, 84, 85, 86, 87, 88]",74,False,2.3831270642916416e-05,1.5218338412820608e-07,7.893029086262736e-06,20.0
E60,111,111,6,105,518,0.05405405405405406,0.011450381679389313,0.018897637795275587,raja,S5/S05_20170607_032937_2,all_channel,median,median__all_channel__E60,32,89,"[0, 1, 2, 3, 6, 7, 9, 14, 15, 16, 18, 19, 20, 23, 24, 25, 27, 28, 29, 30, 31, 32, 33, 34, 35, 36, 37, 38, 39, 42, 43, 44, 45, 46, 47, 48, 49, 50, 51, 52, 55, 56, 57, 58, 59, 60, 61, 62, 63, 64, 65, 66, 67, 68, 69, 70, 71, 72, 73, 74, 75, 76, 77, 78, 79, 80, 81, 82, 83, 84, 85, 86, 87, 88]",74,False,1.844442459528607e-05,4.3245944610741177e-07,6.003988383059552e-06,20.0
E62,114,114,6,108,518,0.05263157894736842,0.011450381679389313,0.018808777429467082,raja,S5/S05_20170607_032937_2,all_channel,median,median__all_channel__E62,32,89,"[0, 1, 2, 3, 6, 7, 9, 14, 15, 16, 18, 19, 20, 23, 24, 25, 27, 28, 29, 30, 31, 32, 33, 34, 35, 36, 37, 38, 39, 42, 43, 44, 45, 46, 47, 48, 49, 50, 51, 52, 55, 56, 57, 58, 59, 60, 61, 62, 63, 64, 65, 66, 67, 68, 69, 70, 71, 72, 73, 74, 75, 76, 77, 78, 79, 80, 81, 82, 83, 84, 85, 86, 87, 88]",74,False,1.653239203361482e-05,3.7441035790440625e-07,5.385993891903472e-06,20.0
E75,139,139,6,133,518,0.04316546762589928,0.011450381679389313,0.01809954751131222,raja,S5/S05_20170607_032937_2,all_channel,median,median__all_channel__E75,32,89,"[0, 1, 2, 3, 6, 7, 9, 14, 15, 16, 18, 19, 20, 23, 24, 25, 27, 28, 29, 30, 31, 32, 33, 34, 35, 36, 37, 38, 39, 42, 43, 44, 45, 46, 47, 48, 49, 50, 51, 52, 55, 56, 57, 58, 59, 60, 61, 62, 63, 64, 65, 66, 67, 68, 69, 70, 71, 72, 73, 74, 75, 76, 77, 78, 79, 80, 81, 82, 83, 84, 85, 86, 87, 88]",74,False,2.2863829067497554e-05,1.745130612876863e-07,7.5631053354032885e-06,20.0
E70,145,145,6,139,518,0.041379310344827586,0.011450381679389313,0.017937219730941704,raja,S5/S05_20170607_032937_2,all_channel,median,median__all_channel__E70,32,89,"[0, 1, 2, 3, 6, 7, 9, 14, 15, 16, 18, 19, 20, 23, 24, 25, 27, 28, 29, 30, 31, 32, 33, 34, 35, 36, 37, 38, 39, 42, 43, 44, 45, 46, 47, 48, 49, 50, 51, 52, 55, 56, 57, 58, 59, 60, 61, 62, 63, 64, 65, 66, 67, 68, 69, 70, 71, 72, 73, 74, 75, 76, 77, 78, 79, 80, 81, 82, 83, 84, 85, 86, 87, 88]",74,False,2.156280522977898e-05,1.6216251652384995e-07,7.133547571085045e-06,20.0
E112,34,34,4,30,520,0.11764705882352941,0.007633587786259542,0.014336917562724013,raja,S5/S05_20170607_032937_2,all_channel,median,median__all_channel__E112,32,89,"[0, 1, 2, 3, 6, 7, 9, 14, 15, 16, 18, 19, 20, 23, 24, 25, 27, 28, 29, 30, 31, 32, 33, 34, 35, 36, 37, 38, 39, 42, 43, 44, 45, 46, 47, 48, 49, 50, 51, 52, 55, 56, 57, 58, 59, 60, 61, 62, 63, 64, 65, 66, 67, 68, 69, 70, 71, 72, 73, 74, 75, 76, 77, 78, 79, 80, 81, 82, 83, 84, 85, 86, 87, 88]",74,False,1.5453094766598915e-05,7.451356266460437e-08,5.126193734644771e-06,20.0
E40,47,47,4,43,520,0.0851063829787234,0.007633587786259542,0.014010507880910683,raja,S5/S05_20170607_032937_2,all_channel,median,median__all_channel__E40,32,89,"[0, 1, 2, 3, 6, 7, 9, 14, 15, 16, 18, 19, 20, 23, 24, 25, 27, 28, 29, 30, 31, 32, 33, 34, 35, 36, 37, 38, 39, 42, 43, 44, 45, 46, 47, 48, 49, 50, 51, 52, 55, 56, 57, 58, 59, 60, 61, 62, 63, 64, 65, 66, 67, 68, 69, 70, 71, 72, 73, 74, 75, 76, 77, 78, 79, 80, 81, 82, 83, 84, 85, 86, 87, 88]",74,False,1.392526945207036e-05,2.0585473289632827e-07,4.573138239724677e-06,20.0
E37,48,48,3,45,521,0.0625,0.0057251908396946565,0.01048951048951049,raja,S5/S05_20170607_032937_2,all_channel,median,median__all_channel__E37,32,89,"[0, 1, 2, 3, 6, 7, 9, 14, 15, 16, 18, 19, 20, 23, 24, 25, 27, 28, 29, 30, 31, 32, 33, 34, 35, 36, 37, 38, 39, 42, 43, 44, 45, 46, 47, 48, 49, 50, 51, 52, 55, 56, 57, 58, 59, 60, 61, 62, 63, 64, 65, 66, 67, 68, 69, 70, 71, 72, 73, 74, 75, 76, 77, 78, 79, 80, 81, 82, 83, 84, 85, 86, 87, 88]",74,False,1.25092149028143e-05,2.3277131526458624e-07,4.092147862516571e-06,20.0
E47,58,58,3,55,521,0.05172413793103448,0.0057251908396946565,0.010309278350515464,raja,S5/S05_20170607_032937_2,all_channel,median,median__all_channel__E47,32,89,"[0, 1, 2, 3, 6, 7, 9, 14, 15, 16, 18, 19, 20, 23, 24, 25, 27, 28, 29, 30, 31, 32, 33, 34, 35, 36, 37, 38, 39, 42, 43, 44, 45, 46, 47, 48, 49, 50, 51, 52, 55, 56, 57, 58, 59, 60, 61, 62, 63, 64, 65, 66, 67, 68, 69, 70, 71, 72, 73, 74, 75, 76, 77, 78, 79, 80, 81, 82, 83, 84, 85, 86, 87, 88]",74,False,1.2874639914799588e-05,3.4827981226719395e-07,4.175453367510798e-06,20.0
E91,62,62,3,59,521,0.04838709677419355,0.0057251908396946565,0.010238907849829351,raja,S5/S05_20170607_032937_2,all_channel,median,median__all_channel__E91,32,89,"[0, 1, 2, 3, 6, 7, 9, 14, 15, 16, 18, 19, 20, 23, 24, 25, 27, 28, 29, 30, 31, 32, 33, 34, 35, 36, 37, 38, 39, 42, 43, 44, 45, 46, 47, 48, 49, 50, 51, 52, 55, 56, 57, 58, 59, 60, 61, 62, 63, 64, 65, 66, 67, 68, 69, 70, 71, 72, 73, 74, 75, 76, 77, 78, 79, 80, 81, 82, 83, 84, 85, 86, 87, 88]",74,False,2.173881677123701e-05,4.541497919428794e-07,7.094888993098043e-06,20.0
E109,34,34,2,32,522,0.058823529411764705,0.003816793893129771,0.007168458781362006,raja,S5/S05_20170607_032937_2,all_channel,median,median__all_channel__E109,32,89,"[0, 1, 2, 3, 6, 7, 9, 14, 15, 16, 18, 19, 20, 23, 24, 25, 27, 28, 29, 30, 31, 32, 33, 34, 35, 36, 37, 38, 39, 42, 43, 44, 45, 46, 47, 48, 49, 50, 51, 52, 55, 56, 57, 58, 59, 60, 61, 62, 63, 64, 65, 66, 67, 68, 69, 70, 71, 72, 73, 74, 75, 76, 77, 78, 79, 80, 81, 82, 83, 84, 85, 86, 87, 88]",74,False,1.6659913776656522e-05,2.802409637098514e-07,5.4598909376488896e-06,20.0
E104,15,15,1,14,523,0.06666666666666667,0.0019083969465648854,0.0037105751391465673,raja,S5/S05_20170607_032937_2,all_channel,median,median__all_channel__E104,32,89,"[0, 1, 2, 3, 6, 7, 9, 14, 15, 16, 18, 19, 20, 23, 24, 25, 27, 28, 29, 30, 31, 32, 33, 34, 35, 36, 37, 38, 39, 42, 43, 44, 45, 46, 47, 48, 49, 50, 51, 52, 55, 56, 57, 58, 59, 60, 61, 62, 63, 64, 65, 66, 67, 68, 69, 70, 71, 72, 73, 74, 75, 76, 77, 78, 79, 80, 81, 82, 83, 84, 85, 86, 87, 88]",74,False,1.5627246880846026e-05,1.5581427724167363e-07,5.1571442012014506e-06,20.0
E98,29,29,0,29,524,0.0,0.0,0.0,raja,S5/S05_20170607_032937_2,all_channel,median,median__all_channel__E98,32,89,"[0, 1, 2, 3, 6, 7, 9, 14, 15, 16, 18, 19, 20, 23, 24, 25, 27, 28, 29, 30, 31, 32, 33, 34, 35, 36, 37, 38, 39, 42, 43, 44, 45, 46, 47, 48, 49, 50, 51, 52, 55, 56, 57, 58, 59, 60, 61, 62, 63, 64, 65, 66, 67, 68, 69, 70, 71, 72, 73, 74, 75, 76, 77, 78, 79, 80, 81, 82, 83, 84, 85, 86, 87, 88]",74,False,2.1374068557335856e-05,3.442198139106451e-07,7.009949581141736e-06,20.0
E87,37,37,0,37,524,0.0,0.0,0.0,raja,S5/S05_20170607_032937_2,all_channel,median,median__all_channel__E87,32,89,"[0, 1, 2, 3, 6, 7, 9, 14, 15, 16, 18, 19, 20, 23, 24, 25, 27, 28, 29, 30, 31, 32, 33, 34, 35, 36, 37, 38, 39, 42, 43, 44, 45, 46, 47, 48, 49, 50, 51, 52, 55, 56, 57, 58, 59, 60, 61, 62, 63, 64, 65, 66, 67, 68, 69, 70, 71, 72, 73, 74, 75, 76, 77, 78, 79, 80, 81, 82, 83, 84, 85, 86, 87, 88]",74,False,1.4043448613404635e-05,2.563526720627889e-07,4.5956986471139486e-06,20.0
E9,546,546,510,36,14,0.9340659340659341,0.9732824427480916,0.9532710280373833,raja,S5/S05_20170607_032937_2,all_channel,mean,mean__all_channel__E9,32,89,"[0, 1, 2, 3, 6, 7, 9, 14, 15, 16, 18, 19, 20, 23, 24, 25, 27, 28, 29, 30, 31, 32, 33, 34, 35, 36, 37, 38, 39, 42, 43, 44, 45, 46, 47, 48, 49, 50, 51, 52, 55, 56, 57, 58, 59, 60, 61, 62, 63, 64, 65, 66, 67, 68, 69, 70, 71, 72, 73, 74, 75, 76, 77, 78, 79, 80, 81, 82, 83, 84, 85, 86, 87, 88]",74,False,4.5267673801573515e-05,-2.8754668545093093e-08,1.5098809490039534e-05,20.0
E22,550,550,505,45,19,0.9181818181818182,0.9637404580152672,0.9404096834264432,raja,S5/S05_20170607_032937_2,all_channel,mean,mean__all_channel__E22,32,89,"[0, 1, 2, 3, 6, 7, 9, 14, 15, 16, 18, 19, 20, 23, 24, 25, 27, 28, 29, 30, 31, 32, 33, 34, 35, 36, 37, 38, 39, 42, 43, 44, 45, 46, 47, 48, 49, 50, 51, 52, 55, 56, 57, 58, 59, 60, 61, 62, 63, 64, 65, 66, 67, 68, 69, 70, 71, 72, 73, 74, 75, 76, 77, 78, 79, 80, 81, 82, 83, 84, 85, 86, 87, 88]",74,False,4.49313598950223e-05,-2.979361565904169e-08,1.4987051170227112e-05,20.0
E23,543,543,490,53,34,0.9023941068139963,0.9351145038167938,0.9184629803186505,raja,S5/S05_20170607_032937_2,all_channel,mean,mean__all_channel__E23,32,89,"[0, 1, 2, 3, 6, 7, 9, 14, 15, 16, 18, 19, 20, 23, 24, 25, 27, 28, 29, 30, 31, 32, 33, 34, 35, 36, 37, 38, 39, 42, 43, 44, 45, 46, 47, 48, 49, 50, 51, 52, 55, 56, 57, 58, 59, 60, 61, 62, 63, 64, 65, 66, 67, 68, 69, 70, 71, 72, 73, 74, 75, 76, 77, 78, 79, 80, 81, 82, 83, 84, 85, 86, 87, 88]",74,False,3.300231232236944e-05,8.019943232534688e-09,1.0998097459712301e-05,20.0
E11,558,558,476,82,48,0.8530465949820788,0.9083969465648855,0.8798521256931608,raja,S5/S05_20170607_032937_2,all_channel,mean,mean__all_channel__E11,32,89,"[0, 1, 2, 3, 6, 7, 9, 14, 15, 16, 18, 19, 20, 23, 24, 25, 27, 28, 29, 30, 31, 32, 33, 34, 35, 36, 37, 38, 39, 42, 43, 44, 45, 46, 47, 48, 49, 50, 51, 52, 55, 56, 57, 58, 59, 60, 61, 62, 63, 64, 65, 66, 67, 68, 69, 70, 71, 72, 73, 74, 75, 76, 77, 78, 79, 80, 81, 82, 83, 84, 85, 86, 87, 88]",74,False,2.391574697438769e-05,-1.3590306310366725e-08,7.976445760232685e-06,20.0
E3,523,523,456,67,68,0.8718929254302104,0.8702290076335878,0.8710601719197707,raja,S5/S05_20170607_032937_2,all_channel,mean,mean__all_channel__E3,32,89,"[0, 1, 2, 3, 6, 7, 9, 14, 15, 16, 18, 19, 20, 23, 24, 25, 27, 28, 29, 30, 31, 32, 33, 34, 35, 36, 37, 38, 39, 42, 43, 44, 45, 46, 47, 48, 49, 50, 51, 52, 55, 56, 57, 58, 59, 60, 61, 62, 63, 64, 65, 66, 67, 68, 69, 70, 71, 72, 73, 74, 75, 76, 77, 78, 79, 80, 81, 82, 83, 84, 85, 86, 87, 88]",74,False,3.2500589752635755e-05,-4.83534801929618e-09,1.083514170021835e-05,20.0
E24,477,477,405,72,119,0.8490566037735849,0.7729007633587787,0.8091908091908091,raja,S5/S05_20170607_032937_2,all_channel,mean,mean__all_channel__E24,32,89,"[0, 1, 2, 3, 6, 7, 9, 14, 15, 16, 18, 19, 20, 23, 24, 25, 27, 28, 29, 30, 31, 32, 33, 34, 35, 36, 37, 38, 39, 42, 43, 44, 45, 46, 47, 48, 49, 50, 51, 52, 55, 56, 57, 58, 59, 60, 61, 62, 63, 64, 65, 66, 67, 68, 69, 70, 71, 72, 73, 74, 75, 76, 77, 78, 79, 80, 81, 82, 83, 84, 85, 86, 87, 88]",74,False,2.4039381876028806e-05,-8.444331838963234e-09,8.015942069289256e-06,20.0
E26,461,461,394,67,130,0.8546637744034707,0.7519083969465649,0.7999999999999999,raja,S5/S05_20170607_032937_2,all_channel,mean,mean__all_channel__E26,32,89,"[0, 1, 2, 3, 6, 7, 9, 14, 15, 16, 18, 19, 20, 23, 24, 25, 27, 28, 29, 30, 31, 32, 33, 34, 35, 36, 37, 38, 39, 42, 43, 44, 45, 46, 47, 48, 49, 50, 51, 52, 55, 56, 57, 58, 59, 60, 61, 62, 63, 64, 65, 66, 67, 68, 69, 70, 71, 72, 73, 74, 75, 76, 77, 78, 79, 80, 81, 82, 83, 84, 85, 86, 87, 88]",74,False,3.7817126043743274e-05,-2.8958216910915944e-08,1.2615361420218062e-05,20.0
E124,346,346,278,68,246,0.8034682080924855,0.5305343511450382,0.639080459770115,raja,S5/S05_20170607_032937_2,all_channel,mean,mean__all_channel__E124,32,89,"[0, 1, 2, 3, 6, 7, 9, 14, 15, 16, 18, 19, 20, 23, 24, 25, 27, 28, 29, 30, 31, 32, 33, 34, 35, 36, 37, 38, 39, 42, 43, 44, 45, 46, 47, 48, 49, 50, 51, 52, 55, 56, 57, 58, 59, 60, 61, 62, 63, 64, 65, 66, 67, 68, 69, 70, 71, 72, 73, 74, 75, 76, 77, 78, 79, 80, 81, 82, 83, 84, 85, 86, 87, 88]",74,False,2.2319879097956432e-05,-1.1102124150058703e-08,7.44366040736883e-06,20.0
E77,276,276,33,243,491,0.11956521739130435,0.06297709923664122,0.08249999999999999,raja,S5/S05_20170607_032937_2,all_channel,mean,mean__all_channel__E77,32,89,"[0, 1, 2, 3, 6, 7, 9, 14, 15, 16, 18, 19, 20, 23, 24, 25, 27, 28, 29, 30, 31, 32, 33, 34, 35, 36, 37, 38, 39, 42, 43, 44, 45, 46, 47, 48, 49, 50, 51, 52, 55, 56, 57, 58, 59, 60, 61, 62, 63, 64, 65, 66, 67, 68, 69, 70, 71, 72, 73, 74, 75, 76, 77, 78, 79, 80, 81, 82, 83, 84, 85, 86, 87, 88]",74,False,2.9315581889137612e-05,1.3961269881738572e-08,9.76720687308529e-06,20.0
E122,120,120,21,99,503,0.175,0.04007633587786259,0.06521739130434782,raja,S5/S05_20170607_032937_2,all_channel,mean,mean__all_channel__E122,32,89,"[0, 1, 2, 3, 6, 7, 9, 14, 15, 16, 18, 19, 20, 23, 24, 25, 27, 28, 29, 30, 31, 32, 33, 34, 35, 36, 37, 38, 39, 42, 43, 44, 45, 46, 47, 48, 49, 50, 51, 52, 55, 56, 57, 58, 59, 60, 61, 62, 63, 64, 65, 66, 67, 68, 69, 70, 71, 72, 73, 74, 75, 76, 77, 78, 79, 80, 81, 82, 83, 84, 85, 86, 87, 88]",74,False,1.7875390845764693e-05,-8.176692993849771e-10,5.9587361716880265e-06,20.0
E28,44,44,18,26,506,0.4090909090909091,0.03435114503816794,0.06338028169014086,raja,S5/S05_20170607_032937_2,all_channel,mean,mean__all_channel__E28,32,89,"[0, 1, 2, 3, 6, 7, 9, 14, 15, 16, 18, 19, 20, 23, 24, 25, 27, 28, 29, 30, 31, 32, 33, 34, 35, 36, 37, 38, 39, 42, 43, 44, 45, 46, 47, 48, 49, 50, 51, 52, 55, 56, 57, 58, 59, 60, 61, 62, 63, 64, 65, 66, 67, 68, 69, 70, 71, 72, 73, 74, 75, 76, 77, 78, 79, 80, 81, 82, 83, 84, 85, 86, 87, 88]",74,False,2.3065154070719792e-05,1.4049467513377548e-08,7.683701534402138e-06,20.0
E33,84,84,19,65,505,0.2261904761904762,0.03625954198473282,0.0625,raja,S5/S05_20170607_032937_2,all_channel,mean,mean__all_channel__E33,32,89,"[0, 1, 2, 3, 6, 7, 9, 14, 15, 16, 18, 19, 20, 23, 24, 25, 27, 28, 29, 30, 31, 32, 33, 34, 35, 36, 37, 38, 39, 42, 43, 44, 45, 46, 47, 48, 49, 50, 51, 52, 55, 56, 57, 58, 59, 60, 61, 62, 63, 64, 65, 66, 67, 68, 69, 70, 71, 72, 73, 74, 75, 76, 77, 78, 79, 80, 81, 82, 83, 84, 85, 86, 87, 88]",74,False,1.9932815899473016e-05,1.1187474690706763e-08,6.64054280826077e-06,20.0
E13,33,33,11,22,513,0.3333333333333333,0.02099236641221374,0.03949730700179534,raja,S5/S05_20170607_032937_2,all_channel,mean,mean__all_channel__E13,32,89,"[0, 1, 2, 3, 6, 7, 9, 14, 15, 16, 18, 19, 20, 23, 24, 25, 27, 28, 29, 30, 31, 32, 33, 34, 35, 36, 37, 38, 39, 42, 43, 44, 45, 46, 47, 48, 49, 50, 51, 52, 55, 56, 57, 58, 59, 60, 61, 62, 63, 64, 65, 66, 67, 68, 69, 70, 71, 72, 73, 74, 75, 76, 77, 78, 79, 80, 81, 82, 83, 84, 85, 86, 87, 88]",74,False,1.5907779763577037e-05,-3.59895799608431e-09,5.303792907191041e-06,20.0
E67,164,164,13,151,511,0.07926829268292683,0.02480916030534351,0.0377906976744186,raja,S5/S05_20170607_032937_2,all_channel,mean,mean__all_channel__E67,32,89,"[0, 1, 2, 3, 6, 7, 9, 14, 15, 16, 18, 19, 20, 23, 24, 25, 27, 28, 29, 30, 31, 32, 33, 34, 35, 36, 37, 38, 39, 42, 43, 44, 45, 46, 47, 48, 49, 50, 51, 52, 55, 56, 57, 58, 59, 60, 61, 62, 63, 64, 65, 66, 67, 68, 69, 70, 71, 72, 73, 74, 75, 76, 77, 78, 79, 80, 81, 82, 83, 84, 85, 86, 87, 88]",74,False,1.813824814735025e-05,-3.5939738486799837e-09,6.04728070706631e-06,20.0
E117,52,52,10,42,514,0.19230769230769232,0.019083969465648856,0.034722222222222224,raja,S5/S05_20170607_032937_2,all_channel,mean,mean__all_channel__E117,32,89,"[0, 1, 2, 3, 6, 7, 9, 14, 15, 16, 18, 19, 20, 23, 24, 25, 27, 28, 29, 30, 31, 32, 33, 34, 35, 36, 37, 38, 39, 42, 43, 44, 45, 46, 47, 48, 49, 50, 51, 52, 55, 56, 57, 58, 59, 60, 61, 62, 63, 64, 65, 66, 67, 68, 69, 70, 71, 72, 73, 74, 75, 76, 77, 78, 79, 80, 81, 82, 83, 84, 85, 86, 87, 88]",74,False,2.7718336589935165e-05,-1.2859501773201832e-09,9.239874180037495e-06,20.0
E84,180,180,12,168,512,0.06666666666666667,0.022900763358778626,0.034090909090909095,raja,S5/S05_20170607_032937_2,all_channel,mean,mean__all_channel__E84,32,89,"[0, 1, 2, 3, 6, 7, 9, 14, 15, 16, 18, 19, 20, 23, 24, 25, 27, 28, 29, 30, 31, 32, 33, 34, 35, 36, 37, 38, 39, 42, 43, 44, 45, 46, 47, 48, 49, 50, 51, 52, 55, 56, 57, 58, 59, 60, 61, 62, 63, 64, 65, 66, 67, 68, 69, 70, 71, 72, 73, 74, 75, 76, 77, 78, 79, 80, 81, 82, 83, 84, 85, 86, 87, 88]",74,False,2.2253636220394546e-05,1.4654865134849799e-08,7.412993785086565e-06,20.0
E59,148,148,8,140,516,0.05405405405405406,0.015267175572519083,0.02380952380952381,raja,S5/S05_20170607_032937_2,all_channel,mean,mean__all_channel__E59,32,89,"[0, 1, 2, 3, 6, 7, 9, 14, 15, 16, 18, 19, 20, 23, 24, 25, 27, 28, 29, 30, 31, 32, 33, 34, 35, 36, 37, 38, 39, 42, 43, 44, 45, 46, 47, 48, 49, 50, 51, 52, 55, 56, 57, 58, 59, 60, 61, 62, 63, 64, 65, 66, 67, 68, 69, 70, 71, 72, 73, 74, 75, 76, 77, 78, 79, 80, 81, 82, 83, 84, 85, 86, 87, 88]",74,False,1.4867137339680446e-05,3.861319560877616e-09,4.954425340039856e-06,20.0
E85,80,80,6,74,518,0.075,0.011450381679389313,0.01986754966887417,raja,S5/S05_20170607_032937_2,all_channel,mean,mean__all_channel__E85,32,89,"[0, 1, 2, 3, 6, 7, 9, 14, 15, 16, 18, 19, 20, 23, 24, 25, 27, 28, 29, 30, 31, 32, 33, 34, 35, 36, 37, 38, 39, 42, 43, 44, 45, 46, 47, 48, 49, 50, 51, 52, 55, 56, 57, 58, 59, 60, 61, 62, 63, 64, 65, 66, 67, 68, 69, 70, 71, 72, 73, 74, 75, 76, 77, 78, 79, 80, 81, 82, 83, 84, 85, 86, 87, 88]",74,False,2.402450139475428e-05,-8.383378971307169e-09,8.010961591241862e-06,20.0
E83,110,110,6,104,518,0.05454545454545454,0.011450381679389313,0.01892744479495268,raja,S5/S05_20170607_032937_2,all_channel,mean,mean__all_channel__E83,32,89,"[0, 1, 2, 3, 6, 7, 9, 14, 15, 16, 18, 19, 20, 23, 24, 25, 27, 28, 29, 30, 31, 32, 33, 34, 35, 36, 37, 38, 39, 42, 43, 44, 45, 46, 47, 48, 49, 50, 51, 52, 55, 56, 57, 58, 59, 60, 61, 62, 63, 64, 65, 66, 67, 68, 69, 70, 71, 72, 73, 74, 75, 76, 77, 78, 79, 80, 81, 82, 83, 84, 85, 86, 87, 88]",74,False,2.3681677938927732e-05,2.5906801395231604e-09,7.893029086262736e-06,20.0
E60,118,118,6,112,518,0.05084745762711865,0.011450381679389313,0.01869158878504673,raja,S5/S05_20170607_032937_2,all_channel,mean,mean__all_channel__E60,32,89,"[0, 1, 2, 3, 6, 7, 9, 14, 15, 16, 18, 19, 20, 23, 24, 25, 27, 28, 29, 30, 31, 32, 33, 34, 35, 36, 37, 38, 39, 42, 43, 44, 45, 46, 47, 48, 49, 50, 51, 52, 55, 56, 57, 58, 59, 60, 61, 62, 63, 64, 65, 66, 67, 68, 69, 70, 71, 72, 73, 74, 75, 76, 77, 78, 79, 80, 81, 82, 83, 84, 85, 86, 87, 88]",74,False,1.8010728556296e-05,-1.2365928826571099e-09,6.003988383059552e-06,20.0
E62,127,127,6,121,518,0.047244094488188976,0.011450381679389313,0.018433179723502304,raja,S5/S05_20170607_032937_2,all_channel,mean,mean__all_channel__E62,32,89,"[0, 1, 2, 3, 6, 7, 9, 14, 15, 16, 18, 19, 20, 23, 24, 25, 27, 28, 29, 30, 31, 32, 33, 34, 35, 36, 37, 38, 39, 42, 43, 44, 45, 46, 47, 48, 49, 50, 51, 52, 55, 56, 57, 58, 59, 60, 61, 62, 63, 64, 65, 66, 67, 68, 69, 70, 71, 72, 73, 74, 75, 76, 77, 78, 79, 80, 81, 82, 83, 84, 85, 86, 87, 88]",74,False,1.6159143717680493e-05,1.1620419700783255e-09,5.385993891903472e-06,20.0
E75,142,142,6,136,518,0.04225352112676056,0.011450381679389313,0.018018018018018018,raja,S5/S05_20170607_032937_2,all_channel,mean,mean__all_channel__E75,32,89,"[0, 1, 2, 3, 6, 7, 9, 14, 15, 16, 18, 19, 20, 23, 24, 25, 27, 28, 29, 30, 31, 32, 33, 34, 35, 36, 37, 38, 39, 42, 43, 44, 45, 46, 47, 48, 49, 50, 51, 52, 55, 56, 57, 58, 59, 60, 61, 62, 63, 64, 65, 66, 67, 68, 69, 70, 71, 72, 73, 74, 75, 76, 77, 78, 79, 80, 81, 82, 83, 84, 85, 86, 87, 88]",74,False,2.2693679562111615e-05,4.363555901747002e-09,7.5631053354032885e-06,20.0
E70,145,145,6,139,518,0.041379310344827586,0.011450381679389313,0.017937219730941704,raja,S5/S05_20170607_032937_2,all_channel,mean,mean__all_channel__E70,32,89,"[0, 1, 2, 3, 6, 7, 9, 14, 15, 16, 18, 19, 20, 23, 24, 25, 27, 28, 29, 30, 31, 32, 33, 34, 35, 36, 37, 38, 39, 42, 43, 44, 45, 46, 47, 48, 49, 50, 51, 52, 55, 56, 57, 58, 59, 60, 61, 62, 63, 64, 65, 66, 67, 68, 69, 70, 71, 72, 73, 74, 75, 76, 77, 78, 79, 80, 81, 82, 83, 84, 85, 86, 87, 88]",74,False,2.1405173725102506e-05,4.531011847374403e-09,7.133547571085045e-06,20.0
E112,34,34,4,30,520,0.11764705882352941,0.007633587786259542,0.014336917562724013,raja,S5/S05_20170607_032937_2,all_channel,mean,mean__all_channel__E112,32,89,"[0, 1, 2, 3, 6, 7, 9, 14, 15, 16, 18, 19, 20, 23, 24, 25, 27, 28, 29, 30, 31, 32, 33, 34, 35, 36, 37, 38, 39, 42, 43, 44, 45, 46, 47, 48, 49, 50, 51, 52, 55, 56, 57, 58, 59, 60, 61, 62, 63, 64, 65, 66, 67, 68, 69, 70, 71, 72, 73, 74, 75, 76, 77, 78, 79, 80, 81, 82, 83, 84, 85, 86, 87, 88]",74,False,1.5378044160799326e-05,-5.370431349846644e-10,5.126193734644771e-06,20.0
E40,48,48,4,44,520,0.08333333333333333,0.007633587786259542,0.013986013986013986,raja,S5/S05_20170607_032937_2,all_channel,mean,mean__all_channel__E40,32,89,"[0, 1, 2, 3, 6, 7, 9, 14, 15, 16, 18, 19, 20, 23, 24, 25, 27, 28, 29, 30, 31, 32, 33, 34, 35, 36, 37, 38, 39, 42, 43, 44, 45, 46, 47, 48, 49, 50, 51, 52, 55, 56, 57, 58, 59, 60, 61, 62, 63, 64, 65, 66, 67, 68, 69, 70, 71, 72, 73, 74, 75, 76, 77, 78, 79, 80, 81, 82, 83, 84, 85, 86, 87, 88]",74,False,1.3726154175728174e-05,6.7394565541435065e-09,4.573138239724677e-06,20.0
E37,49,49,3,46,521,0.061224489795918366,0.0057251908396946565,0.010471204188481676,raja,S5/S05_20170607_032937_2,all_channel,mean,mean__all_channel__E37,32,89,"[0, 1, 2, 3, 6, 7, 9, 14, 15, 16, 18, 19, 20, 23, 24, 25, 27, 28, 29, 30, 31, 32, 33, 34, 35, 36, 37, 38, 39, 42, 43, 44, 45, 46, 47, 48, 49, 50, 51, 52, 55, 56, 57, 58, 59, 60, 61, 62, 63, 64, 65, 66, 67, 68, 69, 70, 71, 72, 73, 74, 75, 76, 77, 78, 79, 80, 81, 82, 83, 84, 85, 86, 87, 88]",74,False,1.2278305807523578e-05,1.862219973863326e-09,4.092147862516571e-06,20.0
E47,65,65,3,62,521,0.046153846153846156,0.0057251908396946565,0.010186757215619693,raja,S5/S05_20170607_032937_2,all_channel,mean,mean__all_channel__E47,32,89,"[0, 1, 2, 3, 6, 7, 9, 14, 15, 16, 18, 19, 20, 23, 24, 25, 27, 28, 29, 30, 31, 32, 33, 34, 35, 36, 37, 38, 39, 42, 43, 44, 45, 46, 47, 48, 49, 50, 51, 52, 55, 56, 57, 58, 59, 60, 61, 62, 63, 64, 65, 66, 67, 68, 69, 70, 71, 72, 73, 74, 75, 76, 77, 78, 79, 80, 81, 82, 83, 84, 85, 86, 87, 88]",74,False,1.2536095868169453e-05,9.735765637058863e-09,4.175453367510798e-06,20.0
E91,65,65,3,62,521,0.046153846153846156,0.0057251908396946565,0.010186757215619693,raja,S5/S05_20170607_032937_2,all_channel,mean,mean__all_channel__E91,32,89,"[0, 1, 2, 3, 6, 7, 9, 14, 15, 16, 18, 19, 20, 23, 24, 25, 27, 28, 29, 30, 31, 32, 33, 34, 35, 36, 37, 38, 39, 42, 43, 44, 45, 46, 47, 48, 49, 50, 51, 52, 55, 56, 57, 58, 59, 60, 61, 62, 63, 64, 65, 66, 67, 68, 69, 70, 71, 72, 73, 74, 75, 76, 77, 78, 79, 80, 81, 82, 83, 84, 85, 86, 87, 88]",74,False,2.1283514628943887e-05,-1.152350350244646e-09,7.094888993098043e-06,20.0
E109,37,37,2,35,522,0.05405405405405406,0.003816793893129771,0.0071301247771836,raja,S5/S05_20170607_032937_2,all_channel,mean,mean__all_channel__E109,32,89,"[0, 1, 2, 3, 6, 7, 9, 14, 15, 16, 18, 19, 20, 23, 24, 25, 27, 28, 29, 30, 31, 32, 33, 34, 35, 36, 37, 38, 39, 42, 43, 44, 45, 46, 47, 48, 49, 50, 51, 52, 55, 56, 57, 58, 59, 60, 61, 62, 63, 64, 65, 66, 67, 68, 69, 70, 71, 72, 73, 74, 75, 76, 77, 78, 79, 80, 81, 82, 83, 84, 85, 86, 87, 88]",74,False,1.638246461410011e-05,2.791801153441245e-09,5.4598909376488896e-06,20.0
E104,15,15,1,14,523,0.06666666666666667,0.0019083969465648854,0.0037105751391465673,raja,S5/S05_20170607_032937_2,all_channel,mean,mean__all_channel__E104,32,89,"[0, 1, 2, 3, 6, 7, 9, 14, 15, 16, 18, 19, 20, 23, 24, 25, 27, 28, 29, 30, 31, 32, 33, 34, 35, 36, 37, 38, 39, 42, 43, 44, 45, 46, 47, 48, 49, 50, 51, 52, 55, 56, 57, 58, 59, 60, 61, 62, 63, 64, 65, 66, 67, 68, 69, 70, 71, 72, 73, 74, 75, 76, 77, 78, 79, 80, 81, 82, 83, 84, 85, 86, 87, 88]",74,False,1.5471034171251764e-05,-3.98432352587525e-10,5.1571442012014506e-06,20.0
E98,31,31,0,31,524,0.0,0.0,0.0,raja,S5/S05_20170607_032937_2,all_channel,mean,mean__all_channel__E98,32,89,"[0, 1, 2, 3, 6, 7, 9, 14, 15, 16, 18, 19, 20, 23, 24, 25, 27, 28, 29, 30, 31, 32, 33, 34, 35, 36, 37, 38, 39, 42, 43, 44, 45, 46, 47, 48, 49, 50, 51, 52, 55, 56, 57, 58, 59, 60, 61, 62, 63, 64, 65, 66, 67, 68, 69, 70, 71, 72, 73, 74, 75, 76, 77, 78, 79, 80, 81, 82, 83, 84, 85, 86, 87, 88]",74,False,2.104128474615448e-05,1.1436002729270242e-08,7.009949581141736e-06,20.0
E87,39,39,0,39,524,0.0,0.0,0.0,raja,S5/S05_20170607_032937_2,all_channel,mean,mean__all_channel__E87,32,89,"[0, 1, 2, 3, 6, 7, 9, 14, 15, 16, 18, 19, 20, 23, 24, 25, 27, 28, 29, 30, 31, 32, 33, 34, 35, 36, 37, 38, 39, 42, 43, 44, 45, 46, 47, 48, 49, 50, 51, 52, 55, 56, 57, 58, 59, 60, 61, 62, 63, 64, 65, 66, 67, 68, 69, 70, 71, 72, 73, 74, 75, 76, 77, 78, 79, 80, 81, 82, 83, 84, 85, 86, 87, 88]",74,False,1.378600525839463e-05,-1.0906829472159422e-09,4.5956986471139486e-06,20.0
E9,543,543,507,36,17,0.9337016574585635,0.9675572519083969,0.950328022492971,raja,S5/S05_20170607_032937_2,frontal,median,median__frontal__E9,6,89,"[9, 19, 20, 23, 25, 31, 32, 34, 35, 39, 42, 43, 48, 50, 52, 55, 56, 58, 59, 61, 62, 65, 66, 67, 70, 76, 80, 82, 88]",29,False,4.8529079804051614e-05,-2.5617790709718893e-06,1.70302862916745e-05,20.0
E22,547,547,501,46,23,0.9159049360146252,0.9561068702290076,0.9355742296918768,raja,S5/S05_20170607_032937_2,frontal,median,median__frontal__E22,6,89,"[9, 19, 20, 23, 25, 31, 32, 34, 35, 39, 42, 43, 48, 50, 52, 55, 56, 58, 59, 61, 62, 65, 66, 67, 70, 76, 80, 82, 88]",29,False,4.8747218658528776e-05,-2.8588932142509352e-06,1.720203729092657e-05,20.0
E23,543,543,484,59,40,0.8913443830570903,0.9236641221374046,0.9072164948453608,raja,S5/S05_20170607_032937_2,frontal,median,median__frontal__E23,6,89,"[9, 19, 20, 23, 25, 31, 32, 34, 35, 39, 42, 43, 48, 50, 52, 55, 56, 58, 59, 61, 62, 65, 66, 67, 70, 76, 80, 82, 88]",29,False,3.555281785570631e-05,-1.8348671916287874e-06,1.2462561682445032e-05,20.0
E3,505,505,442,63,82,0.8752475247524752,0.8435114503816794,0.859086491739553,raja,S5/S05_20170607_032937_2,frontal,median,median__frontal__E3,6,89,"[9, 19, 20, 23, 25, 31, 32, 34, 35, 39, 42, 43, 48, 50, 52, 55, 56, 58, 59, 61, 62, 65, 66, 67, 70, 76, 80, 82, 88]",29,False,3.4512353345224585e-05,-1.4214561708740604e-06,1.1977936505366215e-05,20.0
E24,441,441,379,62,145,0.8594104308390023,0.7232824427480916,0.7854922279792746,raja,S5/S05_20170607_032937_2,frontal,median,median__frontal__E24,6,89,"[9, 19, 20, 23, 25, 31, 32, 34, 35, 39, 42, 43, 48, 50, 52, 55, 56, 58, 59, 61, 62, 65, 66, 67, 70, 76, 80, 82, 88]",29,False,2.5536749524076838e-05,-9.722101760047248e-07,8.836319900027187e-06,20.0
E124,300,300,236,64,288,0.7866666666666666,0.45038167938931295,0.5728155339805825,raja,S5/S05_20170607_032937_2,frontal,median,median__frontal__E124,6,89,"[9, 19, 20, 23, 25, 31, 32, 34, 35, 39, 42, 43, 48, 50, 52, 55, 56, 58, 59, 61, 62, 65, 66, 67, 70, 76, 80, 82, 88]",29,False,2.407657232263877e-05,-6.981627685457372e-07,8.258245030394835e-06,20.0
E9,539,539,506,33,18,0.9387755102040817,0.9656488549618321,0.9520225776105363,raja,S5/S05_20170607_032937_2,frontal,mean,mean__frontal__E9,6,89,"[9, 19, 20, 23, 25, 31, 32, 34, 35, 39, 42, 43, 48, 50, 52, 55, 56, 58, 59, 61, 62, 65, 66, 67, 70, 76, 80, 82, 88]",29,False,5.105493277916199e-05,-3.592609586151151e-08,1.70302862916745e-05,20.0
E22,538,538,499,39,25,0.9275092936802974,0.9522900763358778,0.9397363465160075,raja,S5/S05_20170607_032937_2,frontal,mean,mean__frontal__E22,6,89,"[9, 19, 20, 23, 25, 31, 32, 34, 35, 39, 42, 43, 48, 50, 52, 55, 56, 58, 59, 61, 62, 65, 66, 67, 70, 76, 80, 82, 88]",29,False,5.1586810110076315e-05,-1.930176270339572e-08,1.720203729092657e-05,20.0
E23,532,532,478,54,46,0.8984962406015038,0.9122137404580153,0.9053030303030303,raja,S5/S05_20170607_032937_2,frontal,mean,mean__frontal__E23,6,89,"[9, 19, 20, 23, 25, 31, 32, 34, 35, 39, 42, 43, 48, 50, 52, 55, 56, 58, 59, 61, 62, 65, 66, 67, 70, 76, 80, 82, 88]",29,False,3.737886723406547e-05,-8.817813269623896e-09,1.2462561682445032e-05,20.0
E3,488,488,426,62,98,0.8729508196721312,0.8129770992366412,0.841897233201581,raja,S5/S05_20170607_032937_2,frontal,mean,mean__frontal__E3,6,89,"[9, 19, 20, 23, 25, 31, 32, 34, 35, 39, 42, 43, 48, 50, 52, 55, 56, 58, 59, 61, 62, 65, 66, 67, 70, 76, 80, 82, 88]",29,False,3.592773876978902e-05,-6.0707463096283555e-09,1.1977936505366215e-05,20.0
E24,413,413,361,52,163,0.87409200968523,0.6889312977099237,0.7705442902881539,raja,S5/S05_20170607_032937_2,frontal,mean,mean__frontal__E24,6,89,"[9, 19, 20, 23, 25, 31, 32, 34, 35, 39, 42, 43, 48, 50, 52, 55, 56, 58, 59, 61, 62, 65, 66, 67, 70, 76, 80, 82, 88]",29,False,2.6489343461399983e-05,-1.961623868157682e-08,8.836319900027187e-06,20.0
E124,270,270,211,59,313,0.7814814814814814,0.4026717557251908,0.5314861460957178,raja,S5/S05_20170607_032937_2,frontal,mean,mean__frontal__E124,6,89,"[9, 19, 20, 23, 25, 31, 32, 34, 35, 39, 42, 43, 48, 50, 52, 55, 56, 58, 59, 61, 62, 65, 66, 67, 70, 76, 80, 82, 88]",29,False,2.475446172968703e-05,-2.0273361497477668e-08,8.258245030394835e-06,20.0
E22,548,548,501,47,23,0.9142335766423357,0.9561068702290076,0.9347014925373135,raja,S5/S05_20170607_032937_2,frontal_left,median,median__frontal_left__E22,3,89,"[9, 19, 20, 23, 25, 31, 34, 35, 39, 42, 43, 48, 50, 52, 55, 56, 58, 59, 61, 62, 65, 66, 67, 70, 76, 80, 82, 88]",28,False,4.913284334870721e-05,-2.7620220636953248e-06,1.7298288470800845e-05,20.0
E23,540,540,483,57,41,0.8944444444444445,0.9217557251908397,0.9078947368421052,raja,S5/S05_20170607_032937_2,frontal_left,median,median__frontal_left__E23,3,89,"[9, 19, 20, 23, 25, 31, 34, 35, 39, 42, 43, 48, 50, 52, 55, 56, 58, 59, 61, 62, 65, 66, 67, 70, 76, 80, 82, 88]",28,False,3.582480225544872e-05,-1.825047431791894e-06,1.2549949895746873e-05,20.0
E24,437,437,376,61,148,0.8604118993135011,0.7175572519083969,0.7825182101977107,raja,S5/S05_20170607_032937_2,frontal_left,median,median__frontal_left__E24,3,89,"[9, 19, 20, 23, 25, 31, 34, 35, 39, 42, 43, 48, 50, 52, 55, 56, 58, 59, 61, 62, 65, 66, 67, 70, 76, 80, 82, 88]",28,False,2.568393939717574e-05,-9.734928394174323e-07,8.885810745531057e-06,20.0
E22,539,539,499,40,25,0.9257884972170687,0.9522900763358778,0.9388523047977423,raja,S5/S05_20170607_032937_2,frontal_left,mean,mean__frontal_left__E22,3,89,"[9, 19, 20, 23, 25, 31, 34, 35, 39, 42, 43, 48, 50, 52, 55, 56, 58, 59, 61, 62, 65, 66, 67, 70, 76, 80, 82, 88]",28,False,5.188687889680559e-05,-7.986515596944483e-09,1.7298288470800845e-05,20.0
E23,533,533,478,55,46,0.8968105065666041,0.9122137404580153,0.9044465468306528,raja,S5/S05_20170607_032937_2,frontal_left,mean,mean__frontal_left__E23,3,89,"[9, 19, 20, 23, 25, 31, 34, 35, 39, 42, 43, 48, 50, 52, 55, 56, 58, 59, 61, 62, 65, 66, 67, 70, 76, 80, 82, 88]",28,False,3.763606653658334e-05,-1.3783150657271964e-08,1.2549949895746873e-05,20.0
E24,407,407,356,51,168,0.8746928746928747,0.6793893129770993,0.7647690655209453,raja,S5/S05_20170607_032937_2,frontal_left,mean,mean__frontal_left__E24,3,89,"[9, 19, 20, 23, 25, 31, 34, 35, 39, 42, 43, 48, 50, 52, 55, 56, 58, 59, 61, 62, 65, 66, 67, 70, 76, 80, 82, 88]",28,False,2.6638424917619446e-05,-1.900731897372599e-08,8.885810745531057e-06,20.0
E9,539,539,506,33,18,0.9387755102040817,0.9656488549618321,0.9520225776105363,raja,S5/S05_20170607_032937_2,frontal_right,median,median__frontal_right__E9,3,89,[32],1,False,5.0953830892486364e-05,-3.200931084641375e-06,1.8051587325709247e-05,20.0
E3,517,517,450,67,74,0.8704061895551257,0.8587786259541985,0.8645533141210375,raja,S5/S05_20170607_032937_2,frontal_right,median,median__frontal_right__E3,3,89,[32],1,False,3.3286749767814674e-05,-1.9126165534392776e-06,1.173312210708465e-05,20.0
E124,418,418,334,84,190,0.7990430622009569,0.6374045801526718,0.7091295116772823,raja,S5/S05_20170607_032937_2,frontal_right,median,median__frontal_right__E124,3,89,[32],1,False,2.0278938588361913e-05,-3.393613592344208e-07,6.8727666491987776e-06,20.0
E9,535,535,501,34,23,0.9364485981308411,0.9561068702290076,0.9461756373937676,raja,S5/S05_20170607_032937_2,frontal_right,mean,mean__frontal_right__E9,3,89,[32],1,False,5.384372661872674e-05,-3.1103535840099583e-07,1.8051587325709247e-05,20.0
E3,498,498,438,60,86,0.8795180722891566,0.8358778625954199,0.8571428571428571,raja,S5/S05_20170607_032937_2,frontal_right,mean,mean__frontal_right__E3,3,89,[32],1,False,3.5009948867163115e-05,-1.8941745409083773e-07,1.173312210708465e-05,20.0
E124,408,408,324,84,200,0.7941176470588235,0.6183206106870229,0.6952789699570816,raja,S5/S05_20170607_032937_2,frontal_right,mean,mean__frontal_right__E124,3,89,[32],1,False,2.0632024766564818e-05,1.372481896848541e-08,6.8727666491987776e-06,20.0
E9,547,547,509,38,15,0.9305301645338209,0.9713740458015268,0.9505135387488329,raja,S5/S05_20170607_032937_2,all_channel,median,median__all_channel__E9,32,59,"[0, 1, 2, 5, 6, 9, 10, 12, 13, 16, 17, 18, 19, 20, 21, 23, 24, 25, 26, 28, 29, 30, 31, 32, 33, 34, 36, 37, 38, 40, 41, 42, 43, 44, 45, 46, 47, 48, 49, 50, 51, 54, 55, 56, 57, 58]",46,False,4.24174860791514e-05,-1.9781160988314555e-06,1.479853405932762e-05,30.0
E22,560,560,505,55,19,0.9017857142857143,0.9637404580152672,0.9317343173431735,raja,S5/S05_20170607_032937_2,all_channel,median,median__all_channel__E22,32,59,"[0, 1, 2, 5, 6, 9, 10, 12, 13, 16, 17, 18, 19, 20, 21, 23, 24, 25, 26, 28, 29, 30, 31, 32, 33, 34, 36, 37, 38, 40, 41, 42, 43, 44, 45, 46, 47, 48, 49, 50, 51, 54, 55, 56, 57, 58]",46,False,4.1976107080845e-05,-1.9961045704554014e-06,1.46574038837668e-05,30.0
E23,551,551,493,58,31,0.8947368421052632,0.9408396946564885,0.9172093023255814,raja,S5/S05_20170607_032937_2,all_channel,median,median__all_channel__E23,32,59,"[0, 1, 2, 5, 6, 9, 10, 12, 13, 16, 17, 18, 19, 20, 21, 23, 24, 25, 26, 28, 29, 30, 31, 32, 33, 34, 36, 37, 38, 40, 41, 42, 43, 44, 45, 46, 47, 48, 49, 50, 51, 54, 55, 56, 57, 58]",46,False,3.081636024741517e-05,-1.315887407142683e-06,1.0710749218185951e-05,30.0
E11,555,555,483,72,41,0.8702702702702703,0.9217557251908397,0.8952734012974977,raja,S5/S05_20170607_032937_2,all_channel,median,median__all_channel__E11,32,59,"[0, 1, 2, 5, 6, 9, 10, 12, 13, 16, 17, 18, 19, 20, 21, 23, 24, 25, 26, 28, 29, 30, 31, 32, 33, 34, 36, 37, 38, 40, 41, 42, 43, 44, 45, 46, 47, 48, 49, 50, 51, 54, 55, 56, 57, 58]",46,False,2.2872473663854864e-05,-7.813316864270193e-07,7.884601783427295e-06,30.0
E3,524,524,457,67,67,0.8721374045801527,0.8721374045801527,0.8721374045801527,raja,S5/S05_20170607_032937_2,all_channel,median,median__all_channel__E3,32,59,"[0, 1, 2, 5, 6, 9, 10, 12, 13, 16, 17, 18, 19, 20, 21, 23, 24, 25, 26, 28, 29, 30, 31, 32, 33, 34, 36, 37, 38, 40, 41, 42, 43, 44, 45, 46, 47, 48, 49, 50, 51, 54, 55, 56, 57, 58]",46,False,3.093803002820906e-05,-1.0836708752892514e-06,1.0673900301166103e-05,30.0
E24,497,497,421,76,103,0.8470824949698189,0.8034351145038168,0.8246816846229187,raja,S5/S05_20170607_032937_2,all_channel,median,median__all_channel__E24,32,59,"[0, 1, 2, 5, 6, 9, 10, 12, 13, 16, 17, 18, 19, 20, 21, 23, 24, 25, 26, 28, 29, 30, 31, 32, 33, 34, 36, 37, 38, 40, 41, 42, 43, 44, 45, 46, 47, 48, 49, 50, 51, 54, 55, 56, 57, 58]",46,False,2.2866709597735888e-05,-7.083916165772351e-07,7.858367071437707e-06,30.0
E26,480,480,411,69,113,0.85625,0.7843511450381679,0.8187250996015936,raja,S5/S05_20170607_032937_2,all_channel,median,median__all_channel__E26,32,59,"[0, 1, 2, 5, 6, 9, 10, 12, 13, 16, 17, 18, 19, 20, 21, 23, 24, 25, 26, 28, 29, 30, 31, 32, 33, 34, 36, 37, 38, 40, 41, 42, 43, 44, 45, 46, 47, 48, 49, 50, 51, 54, 55, 56, 57, 58]",46,False,3.565247885468408e-05,-1.2182315314397763e-06,1.2290236795374617e-05,30.0
E124,370,370,296,74,228,0.8,0.5648854961832062,0.6621923937360179,raja,S5/S05_20170607_032937_2,all_channel,median,median__all_channel__E124,32,59,"[0, 1, 2, 5, 6, 9, 10, 12, 13, 16, 17, 18, 19, 20, 21, 23, 24, 25, 26, 28, 29, 30, 31, 32, 33, 34, 36, 37, 38, 40, 41, 42, 43, 44, 45, 46, 47, 48, 49, 50, 51, 54, 55, 56, 57, 58]",46,False,2.1503946244479508e-05,-5.199686771011675e-07,7.341304973860225e-06,30.0
E77,266,266,34,232,490,0.12781954887218044,0.0648854961832061,0.08607594936708861,raja,S5/S05_20170607_032937_2,all_channel,median,median__all_channel__E77,32,59,"[0, 1, 2, 5, 6, 9, 10, 12, 13, 16, 17, 18, 19, 20, 21, 23, 24, 25, 26, 28, 29, 30, 31, 32, 33, 34, 36, 37, 38, 40, 41, 42, 43, 44, 45, 46, 47, 48, 49, 50, 51, 54, 55, 56, 57, 58]",46,False,3.0063211840523872e-05,3.6361156606264256e-07,9.899866758153743e-06,30.0
E28,49,49,22,27,502,0.4489795918367347,0.04198473282442748,0.07678883071553227,raja,S5/S05_20170607_032937_2,all_channel,median,median__all_channel__E28,32,59,"[0, 1, 2, 5, 6, 9, 10, 12, 13, 16, 17, 18, 19, 20, 21, 23, 24, 25, 26, 28, 29, 30, 31, 32, 33, 34, 36, 37, 38, 40, 41, 42, 43, 44, 45, 46, 47, 48, 49, 50, 51, 54, 55, 56, 57, 58]",46,False,2.247075229093622e-05,-2.4415122213934736e-07,7.571634504358523e-06,30.0
E33,91,91,22,69,502,0.24175824175824176,0.04198473282442748,0.07154471544715447,raja,S5/S05_20170607_032937_2,all_channel,median,median__all_channel__E33,32,59,"[0, 1, 2, 5, 6, 9, 10, 12, 13, 16, 17, 18, 19, 20, 21, 23, 24, 25, 26, 28, 29, 30, 31, 32, 33, 34, 36, 37, 38, 40, 41, 42, 43, 44, 45, 46, 47, 48, 49, 50, 51, 54, 55, 56, 57, 58]",46,False,1.944129526725831e-05,-1.8276333778073815e-07,6.5413528683463495e-06,30.0
E122,126,126,23,103,501,0.18253968253968253,0.04389312977099236,0.07076923076923078,raja,S5/S05_20170607_032937_2,all_channel,median,median__all_channel__E122,32,59,"[0, 1, 2, 5, 6, 9, 10, 12, 13, 16, 17, 18, 19, 20, 21, 23, 24, 25, 26, 28, 29, 30, 31, 32, 33, 34, 36, 37, 38, 40, 41, 42, 43, 44, 45, 46, 47, 48, 49, 50, 51, 54, 55, 56, 57, 58]",46,False,1.7747398414115953e-05,-1.989974580825721e-08,5.922432719974737e-06,30.0
E117,54,54,12,42,512,0.2222222222222222,0.022900763358778626,0.04152249134948097,raja,S5/S05_20170607_032937_2,all_channel,median,median__all_channel__E117,32,59,"[0, 1, 2, 5, 6, 9, 10, 12, 13, 16, 17, 18, 19, 20, 21, 23, 24, 25, 26, 28, 29, 30, 31, 32, 33, 34, 36, 37, 38, 40, 41, 42, 43, 44, 45, 46, 47, 48, 49, 50, 51, 54, 55, 56, 57, 58]",46,False,2.7196019340674395e-05,-1.3219926122150815e-08,9.069746422265516e-06,30.0
E67,158,158,13,145,511,0.08227848101265822,0.02480916030534351,0.038123167155425214,raja,S5/S05_20170607_032937_2,all_channel,median,median__all_channel__E67,32,59,"[0, 1, 2, 5, 6, 9, 10, 12, 13, 16, 17, 18, 19, 20, 21, 23, 24, 25, 26, 28, 29, 30, 31, 32, 33, 34, 36, 37, 38, 40, 41, 42, 43, 44, 45, 46, 47, 48, 49, 50, 51, 54, 55, 56, 57, 58]",46,False,1.8237302811260094e-05,2.5922489256233795e-07,5.992692639565918e-06,30.0
E84,179,179,13,166,511,0.07262569832402235,0.02480916030534351,0.03698435277382646,raja,S5/S05_20170607_032937_2,all_channel,median,median__all_channel__E84,32,59,"[0, 1, 2, 5, 6, 9, 10, 12, 13, 16, 17, 18, 19, 20, 21, 23, 24, 25, 26, 28, 29, 30, 31, 32, 33, 34, 36, 37, 38, 40, 41, 42, 43, 44, 45, 46, 47, 48, 49, 50, 51, 54, 55, 56, 57, 58]",46,False,2.2326181991061655e-05,2.919613260959287e-07,7.344740221655242e-06,30.0
E13,33,33,10,23,514,0.30303030303030304,0.019083969465648856,0.03590664272890485,raja,S5/S05_20170607_032937_2,all_channel,median,median__all_channel__E13,32,59,"[0, 1, 2, 5, 6, 9, 10, 12, 13, 16, 17, 18, 19, 20, 21, 23, 24, 25, 26, 28, 29, 30, 31, 32, 33, 34, 36, 37, 38, 40, 41, 42, 43, 44, 45, 46, 47, 48, 49, 50, 51, 54, 55, 56, 57, 58]",46,False,1.582168814376177e-05,1.108189267152706e-08,5.270202083696748e-06,30.0
E59,141,141,8,133,516,0.05673758865248227,0.015267175572519083,0.02406015037593985,raja,S5/S05_20170607_032937_2,all_channel,median,median__all_channel__E59,32,59,"[0, 1, 2, 5, 6, 9, 10, 12, 13, 16, 17, 18, 19, 20, 21, 23, 24, 25, 26, 28, 29, 30, 31, 32, 33, 34, 36, 37, 38, 40, 41, 42, 43, 44, 45, 46, 47, 48, 49, 50, 51, 54, 55, 56, 57, 58]",46,False,1.5085876086551024e-05,3.794338018017669e-07,4.9021474282497525e-06,30.0
E62,116,116,7,109,517,0.0603448275862069,0.013358778625954198,0.021875,raja,S5/S05_20170607_032937_2,all_channel,median,median__all_channel__E62,32,59,"[0, 1, 2, 5, 6, 9, 10, 12, 13, 16, 17, 18, 19, 20, 21, 23, 24, 25, 26, 28, 29, 30, 31, 32, 33, 34, 36, 37, 38, 40, 41, 42, 43, 44, 45, 46, 47, 48, 49, 50, 51, 54, 55, 56, 57, 58]",46,False,1.6375658941744155e-05,3.600333213455835e-07,5.33854187346619e-06,30.0
E60,117,117,7,110,517,0.05982905982905983,0.013358778625954198,0.0218408736349454,raja,S5/S05_20170607_032937_2,all_channel,median,median__all_channel__E60,32,59,"[0, 1, 2, 5, 6, 9, 10, 12, 13, 16, 17, 18, 19, 20, 21, 23, 24, 25, 26, 28, 29, 30, 31, 32, 33, 34, 36, 37, 38, 40, 41, 42, 43, 44, 45, 46, 47, 48, 49, 50, 51, 54, 55, 56, 57, 58]",46,False,1.8215854667434783e-05,4.1285094878762623e-07,5.934334572882386e-06,30.0
E83,117,117,7,110,517,0.05982905982905983,0.013358778625954198,0.0218408736349454,raja,S5/S05_20170607_032937_2,all_channel,median,median__all_channel__E83,32,59,"[0, 1, 2, 5, 6, 9, 10, 12, 13, 16, 17, 18, 19, 20, 21, 23, 24, 25, 26, 28, 29, 30, 31, 32, 33, 34, 36, 37, 38, 40, 41, 42, 43, 44, 45, 46, 47, 48, 49, 50, 51, 54, 55, 56, 57, 58]",46,False,2.3469767809955533e-05,1.1796116297072912e-07,7.783935548994934e-06,30.0
E75,141,141,7,134,517,0.04964539007092199,0.013358778625954198,0.02105263157894737,raja,S5/S05_20170607_032937_2,all_channel,median,median__all_channel__E75,32,59,"[0, 1, 2, 5, 6, 9, 10, 12, 13, 16, 17, 18, 19, 20, 21, 23, 24, 25, 26, 28, 29, 30, 31, 32, 33, 34, 36, 37, 38, 40, 41, 42, 43, 44, 45, 46, 47, 48, 49, 50, 51, 54, 55, 56, 57, 58]",46,False,2.2545058784846052e-05,1.1225674212670098e-07,7.47760068090645e-06,30.0
E70,146,146,7,139,517,0.04794520547945205,0.013358778625954198,0.0208955223880597,raja,S5/S05_20170607_032937_2,all_channel,median,median__all_channel__E70,32,59,"[0, 1, 2, 5, 6, 9, 10, 12, 13, 16, 17, 18, 19, 20, 21, 23, 24, 25, 26, 28, 29, 30, 31, 32, 33, 34, 36, 37, 38, 40, 41, 42, 43, 44, 45, 46, 47, 48, 49, 50, 51, 54, 55, 56, 57, 58]",46,False,2.1373148145868454e-05,1.2384703787925851e-07,7.083100369329731e-06,30.0
E85,80,80,6,74,518,0.075,0.011450381679389313,0.01986754966887417,raja,S5/S05_20170607_032937_2,all_channel,median,median__all_channel__E85,32,59,"[0, 1, 2, 5, 6, 9, 10, 12, 13, 16, 17, 18, 19, 20, 21, 23, 24, 25, 26, 28, 29, 30, 31, 32, 33, 34, 36, 37, 38, 40, 41, 42, 43, 44, 45, 46, 47, 48, 49, 50, 51, 54, 55, 56, 57, 58]",46,False,2.4233118325086054e-05,3.9306337710769835e-07,7.946684982659452e-06,30.0
E112,32,32,4,28,520,0.125,0.007633587786259542,0.01438848920863309,raja,S5/S05_20170607_032937_2,all_channel,median,median__all_channel__E112,32,59,"[0, 1, 2, 5, 6, 9, 10, 12, 13, 16, 17, 18, 19, 20, 21, 23, 24, 25, 26, 28, 29, 30, 31, 32, 33, 34, 36, 37, 38, 40, 41, 42, 43, 44, 45, 46, 47, 48, 49, 50, 51, 54, 55, 56, 57, 58]",46,False,1.5295920167557017e-05,8.957871269730279e-08,5.068780484953238e-06,30.0
E40,48,48,4,44,520,0.08333333333333333,0.007633587786259542,0.013986013986013986,raja,S5/S05_20170607_032937_2,all_channel,median,median__all_channel__E40,32,59,"[0, 1, 2, 5, 6, 9, 10, 12, 13, 16, 17, 18, 19, 20, 21, 23, 24, 25, 26, 28, 29, 30, 31, 32, 33, 34, 36, 37, 38, 40, 41, 42, 43, 44, 45, 46, 47, 48, 49, 50, 51, 54, 55, 56, 57, 58]",46,False,1.3839962414151756e-05,1.9367989587166648e-07,4.5487608394266966e-06,30.0
E47,58,58,4,54,520,0.06896551724137931,0.007633587786259542,0.013745704467353952,raja,S5/S05_20170607_032937_2,all_channel,median,median__all_channel__E47,32,59,"[0, 1, 2, 5, 6, 9, 10, 12, 13, 16, 17, 18, 19, 20, 21, 23, 24, 25, 26, 28, 29, 30, 31, 32, 33, 34, 36, 37, 38, 40, 41, 42, 43, 44, 45, 46, 47, 48, 49, 50, 51, 54, 55, 56, 57, 58]",46,False,1.280750212448039e-05,3.292302171396933e-07,4.1594239691135655e-06,30.0
E91,64,64,4,60,520,0.0625,0.007633587786259542,0.013605442176870748,raja,S5/S05_20170607_032937_2,all_channel,median,median__all_channel__E91,32,59,"[0, 1, 2, 5, 6, 9, 10, 12, 13, 16, 17, 18, 19, 20, 21, 23, 24, 25, 26, 28, 29, 30, 31, 32, 33, 34, 36, 37, 38, 40, 41, 42, 43, 44, 45, 46, 47, 48, 49, 50, 51, 54, 55, 56, 57, 58]",46,False,2.138947783045881e-05,4.6382891544407764e-07,6.97521630500491e-06,30.0
E37,48,48,3,45,521,0.0625,0.0057251908396946565,0.01048951048951049,raja,S5/S05_20170607_032937_2,all_channel,median,median__all_channel__E37,32,59,"[0, 1, 2, 5, 6, 9, 10, 12, 13, 16, 17, 18, 19, 20, 21, 23, 24, 25, 26, 28, 29, 30, 31, 32, 33, 34, 36, 37, 38, 40, 41, 42, 43, 44, 45, 46, 47, 48, 49, 50, 51, 54, 55, 56, 57, 58]",46,False,1.2412516379934083e-05,2.3181264080618913e-07,4.060234579709298e-06,30.0
E109,36,36,2,34,522,0.05555555555555555,0.003816793893129771,0.007142857142857143,raja,S5/S05_20170607_032937_2,all_channel,median,median__all_channel__E109,32,59,"[0, 1, 2, 5, 6, 9, 10, 12, 13, 16, 17, 18, 19, 20, 21, 23, 24, 25, 26, 28, 29, 30, 31, 32, 33, 34, 36, 37, 38, 40, 41, 42, 43, 44, 45, 46, 47, 48, 49, 50, 51, 54, 55, 56, 57, 58]",46,False,1.659694122659239e-05,2.7690294414036075e-07,5.440012760817343e-06,30.0
E104,15,15,1,14,523,0.06666666666666667,0.0019083969465648854,0.0037105751391465673,raja,S5/S05_20170607_032937_2,all_channel,median,median__all_channel__E104,32,59,"[0, 1, 2, 5, 6, 9, 10, 12, 13, 16, 17, 18, 19, 20, 21, 23, 24, 25, 26, 28, 29, 30, 31, 32, 33, 34, 36, 37, 38, 40, 41, 42, 43, 44, 45, 46, 47, 48, 49, 50, 51, 54, 55, 56, 57, 58]",46,False,1.56015552239343e-05,1.587325759839181e-07,5.147607549316794e-06,30.0
E98,28,28,0,28,524,0.0,0.0,0.0,raja,S5/S05_20170607_032937_2,all_channel,median,median__all_channel__E98,32,59,"[0, 1, 2, 5, 6, 9, 10, 12, 13, 16, 17, 18, 19, 20, 21, 23, 24, 25, 26, 28, 29, 30, 31, 32, 33, 34, 36, 37, 38, 40, 41, 42, 43, 44, 45, 46, 47, 48, 49, 50, 51, 54, 55, 56, 57, 58]",46,False,2.108393940725729e-05,3.3143766506770955e-07,6.917500580729861e-06,30.0
E87,38,38,0,38,524,0.0,0.0,0.0,raja,S5/S05_20170607_032937_2,all_channel,median,median__all_channel__E87,32,59,"[0, 1, 2, 5, 6, 9, 10, 12, 13, 16, 17, 18, 19, 20, 21, 23, 24, 25, 26, 28, 29, 30, 31, 32, 33, 34, 36, 37, 38, 40, 41, 42, 43, 44, 45, 46, 47, 48, 49, 50, 51, 54, 55, 56, 57, 58]",46,False,1.3979526456478081e-05,2.620775580834791e-07,4.572482966131534e-06,30.0
E9,541,541,507,34,17,0.9371534195933456,0.9675572519083969,0.9521126760563381,raja,S5/S05_20170607_032937_2,all_channel,mean,mean__all_channel__E9,32,59,"[0, 1, 2, 5, 6, 9, 10, 12, 13, 16, 17, 18, 19, 20, 21, 23, 24, 25, 26, 28, 29, 30, 31, 32, 33, 34, 36, 37, 38, 40, 41, 42, 43, 44, 45, 46, 47, 48, 49, 50, 51, 54, 55, 56, 57, 58]",46,False,4.4394551215048265e-05,-1.050962934589823e-09,1.479853405932762e-05,30.0
E22,550,550,501,49,23,0.9109090909090909,0.9561068702290076,0.9329608938547486,raja,S5/S05_20170607_032937_2,all_channel,mean,mean__all_channel__E22,32,59,"[0, 1, 2, 5, 6, 9, 10, 12, 13, 16, 17, 18, 19, 20, 21, 23, 24, 25, 26, 28, 29, 30, 31, 32, 33, 34, 36, 37, 38, 40, 41, 42, 43, 44, 45, 46, 47, 48, 49, 50, 51, 54, 55, 56, 57, 58]",46,False,4.39664036900564e-05,-5.80796124400461e-09,1.46574038837668e-05,30.0
E23,545,545,488,57,36,0.8954128440366973,0.9312977099236641,0.9130028063610851,raja,S5/S05_20170607_032937_2,all_channel,mean,mean__all_channel__E23,32,59,"[0, 1, 2, 5, 6, 9, 10, 12, 13, 16, 17, 18, 19, 20, 21, 23, 24, 25, 26, 28, 29, 30, 31, 32, 33, 34, 36, 37, 38, 40, 41, 42, 43, 44, 45, 46, 47, 48, 49, 50, 51, 54, 55, 56, 57, 58]",46,False,3.212647026455694e-05,-5.777390000914835e-09,1.0710749218185951e-05,30.0
E11,552,552,473,79,51,0.8568840579710145,0.9026717557251909,0.879182156133829,raja,S5/S05_20170607_032937_2,all_channel,mean,mean__all_channel__E11,32,59,"[0, 1, 2, 5, 6, 9, 10, 12, 13, 16, 17, 18, 19, 20, 21, 23, 24, 25, 26, 28, 29, 30, 31, 32, 33, 34, 36, 37, 38, 40, 41, 42, 43, 44, 45, 46, 47, 48, 49, 50, 51, 54, 55, 56, 57, 58]",46,False,2.3646784065239757e-05,-7.021285042128828e-09,7.884601783427295e-06,30.0
E3,518,518,453,65,71,0.8745173745173745,0.8645038167938931,0.8694817658349328,raja,S5/S05_20170607_032937_2,all_channel,mean,mean__all_channel__E3,32,59,"[0, 1, 2, 5, 6, 9, 10, 12, 13, 16, 17, 18, 19, 20, 21, 23, 24, 25, 26, 28, 29, 30, 31, 32, 33, 34, 36, 37, 38, 40, 41, 42, 43, 44, 45, 46, 47, 48, 49, 50, 51, 54, 55, 56, 57, 58]",46,False,3.201607121249693e-05,-5.629691001377757e-09,1.0673900301166103e-05,30.0
E24,475,475,405,70,119,0.8526315789473684,0.7729007633587787,0.8108108108108107,raja,S5/S05_20170607_032937_2,all_channel,mean,mean__all_channel__E24,32,59,"[0, 1, 2, 5, 6, 9, 10, 12, 13, 16, 17, 18, 19, 20, 21, 23, 24, 25, 26, 28, 29, 30, 31, 32, 33, 34, 36, 37, 38, 40, 41, 42, 43, 44, 45, 46, 47, 48, 49, 50, 51, 54, 55, 56, 57, 58]",46,False,2.3574596733852254e-05,-5.044804608681202e-10,7.858367071437707e-06,30.0
E26,473,473,402,71,122,0.8498942917547568,0.767175572519084,0.80641925777332,raja,S5/S05_20170607_032937_2,all_channel,mean,mean__all_channel__E26,32,59,"[0, 1, 2, 5, 6, 9, 10, 12, 13, 16, 17, 18, 19, 20, 21, 23, 24, 25, 26, 28, 29, 30, 31, 32, 33, 34, 36, 37, 38, 40, 41, 42, 43, 44, 45, 46, 47, 48, 49, 50, 51, 54, 55, 56, 57, 58]",46,False,3.687456040703518e-05,3.850020911330419e-09,1.2290236795374617e-05,30.0
E124,359,359,286,73,238,0.7966573816155988,0.5458015267175572,0.6477916194790487,raja,S5/S05_20170607_032937_2,all_channel,mean,mean__all_channel__E124,32,59,"[0, 1, 2, 5, 6, 9, 10, 12, 13, 16, 17, 18, 19, 20, 21, 23, 24, 25, 26, 28, 29, 30, 31, 32, 33, 34, 36, 37, 38, 40, 41, 42, 43, 44, 45, 46, 47, 48, 49, 50, 51, 54, 55, 56, 57, 58]",46,False,2.2020952290618715e-05,-2.9626309619609374e-09,7.341304973860225e-06,30.0
E77,269,269,34,235,490,0.12639405204460966,0.0648854961832061,0.08575031525851198,raja,S5/S05_20170607_032937_2,all_channel,mean,mean__all_channel__E77,32,59,"[0, 1, 2, 5, 6, 9, 10, 12, 13, 16, 17, 18, 19, 20, 21, 23, 24, 25, 26, 28, 29, 30, 31, 32, 33, 34, 36, 37, 38, 40, 41, 42, 43, 44, 45, 46, 47, 48, 49, 50, 51, 54, 55, 56, 57, 58]",46,False,2.974099859105223e-05,4.139831659100142e-08,9.899866758153743e-06,30.0
E122,127,127,23,104,501,0.18110236220472442,0.04389312977099236,0.0706605222734255,raja,S5/S05_20170607_032937_2,all_channel,mean,mean__all_channel__E122,32,59,"[0, 1, 2, 5, 6, 9, 10, 12, 13, 16, 17, 18, 19, 20, 21, 23, 24, 25, 26, 28, 29, 30, 31, 32, 33, 34, 36, 37, 38, 40, 41, 42, 43, 44, 45, 46, 47, 48, 49, 50, 51, 54, 55, 56, 57, 58]",46,False,1.7769041055171892e-05,1.7428952476820068e-09,5.922432719974737e-06,30.0
E28,47,47,20,27,504,0.425531914893617,0.03816793893129771,0.07005253940455342,raja,S5/S05_20170607_032937_2,all_channel,mean,mean__all_channel__E28,32,59,"[0, 1, 2, 5, 6, 9, 10, 12, 13, 16, 17, 18, 19, 20, 21, 23, 24, 25, 26, 28, 29, 30, 31, 32, 33, 34, 36, 37, 38, 40, 41, 42, 43, 44, 45, 46, 47, 48, 49, 50, 51, 54, 55, 56, 57, 58]",46,False,2.27213640075487e-05,6.460494473133697e-09,7.571634504358523e-06,30.0
E33,87,87,19,68,505,0.21839080459770116,0.03625954198473282,0.06219312602291326,raja,S5/S05_20170607_032937_2,all_channel,mean,mean__all_channel__E33,32,59,"[0, 1, 2, 5, 6, 9, 10, 12, 13, 16, 17, 18, 19, 20, 21, 23, 24, 25, 26, 28, 29, 30, 31, 32, 33, 34, 36, 37, 38, 40, 41, 42, 43, 44, 45, 46, 47, 48, 49, 50, 51, 54, 55, 56, 57, 58]",46,False,1.962189480265436e-05,-2.16380238468743e-09,6.5413528683463495e-06,30.0
E117,54,54,12,42,512,0.2222222222222222,0.022900763358778626,0.04152249134948097,raja,S5/S05_20170607_032937_2,all_channel,mean,mean__all_channel__E117,32,59,"[0, 1, 2, 5, 6, 9, 10, 12, 13, 16, 17, 18, 19, 20, 21, 23, 24, 25, 26, 28, 29, 30, 31, 32, 33, 34, 36, 37, 38, 40, 41, 42, 43, 44, 45, 46, 47, 48, 49, 50, 51, 54, 55, 56, 57, 58]",46,False,2.7193799178068925e-05,-1.5440088727623685e-08,9.069746422265516e-06,30.0
E67,161,161,13,148,511,0.08074534161490683,0.02480916030534351,0.03795620437956204,raja,S5/S05_20170607_032937_2,all_channel,mean,mean__all_channel__E67,32,59,"[0, 1, 2, 5, 6, 9, 10, 12, 13, 16, 17, 18, 19, 20, 21, 23, 24, 25, 26, 28, 29, 30, 31, 32, 33, 34, 36, 37, 38, 40, 41, 42, 43, 44, 45, 46, 47, 48, 49, 50, 51, 54, 55, 56, 57, 58]",46,False,1.7984198063733064e-05,6.12014503530724e-09,5.992692639565918e-06,30.0
E84,180,180,13,167,511,0.07222222222222222,0.02480916030534351,0.03693181818181818,raja,S5/S05_20170607_032937_2,all_channel,mean,mean__all_channel__E84,32,59,"[0, 1, 2, 5, 6, 9, 10, 12, 13, 16, 17, 18, 19, 20, 21, 23, 24, 25, 26, 28, 29, 30, 31, 32, 33, 34, 36, 37, 38, 40, 41, 42, 43, 44, 45, 46, 47, 48, 49, 50, 51, 54, 55, 56, 57, 58]",46,False,2.204131231910203e-05,7.091654136301925e-09,7.344740221655242e-06,30.0
E13,33,33,10,23,514,0.30303030303030304,0.019083969465648856,0.03590664272890485,raja,S5/S05_20170607_032937_2,all_channel,mean,mean__all_channel__E13,32,59,"[0, 1, 2, 5, 6, 9, 10, 12, 13, 16, 17, 18, 19, 20, 21, 23, 24, 25, 26, 28, 29, 30, 31, 32, 33, 34, 36, 37, 38, 40, 41, 42, 43, 44, 45, 46, 47, 48, 49, 50, 51, 54, 55, 56, 57, 58]",46,False,1.581097595874913e-05,3.697076588850781e-10,5.270202083696748e-06,30.0
E59,151,151,8,143,516,0.052980132450331126,0.015267175572519083,0.0237037037037037,raja,S5/S05_20170607_032937_2,all_channel,mean,mean__all_channel__E59,32,59,"[0, 1, 2, 5, 6, 9, 10, 12, 13, 16, 17, 18, 19, 20, 21, 23, 24, 25, 26, 28, 29, 30, 31, 32, 33, 34, 36, 37, 38, 40, 41, 42, 43, 44, 45, 46, 47, 48, 49, 50, 51, 54, 55, 56, 57, 58]",46,False,1.4703706737757295e-05,-2.735546991963546e-09,4.9021474282497525e-06,30.0
E83,118,118,7,111,517,0.059322033898305086,0.013358778625954198,0.021806853582554516,raja,S5/S05_20170607_032937_2,all_channel,mean,mean__all_channel__E83,32,59,"[0, 1, 2, 5, 6, 9, 10, 12, 13, 16, 17, 18, 19, 20, 21, 23, 24, 25, 26, 28, 29, 30, 31, 32, 33, 34, 36, 37, 38, 40, 41, 42, 43, 44, 45, 46, 47, 48, 49, 50, 51, 54, 55, 56, 57, 58]",46,False,2.3352489760215808e-05,6.831132310033709e-10,7.783935548994934e-06,30.0
E60,122,122,7,115,517,0.05737704918032787,0.013358778625954198,0.021671826625386997,raja,S5/S05_20170607_032937_2,all_channel,mean,mean__all_channel__E60,32,59,"[0, 1, 2, 5, 6, 9, 10, 12, 13, 16, 17, 18, 19, 20, 21, 23, 24, 25, 26, 28, 29, 30, 31, 32, 33, 34, 36, 37, 38, 40, 41, 42, 43, 44, 45, 46, 47, 48, 49, 50, 51, 54, 55, 56, 57, 58]",46,False,1.7797863251910732e-05,-5.140466736426313e-09,5.934334572882386e-06,30.0
E62,130,130,7,123,517,0.05384615384615385,0.013358778625954198,0.021406727828746176,raja,S5/S05_20170607_032937_2,all_channel,mean,mean__all_channel__E62,32,59,"[0, 1, 2, 5, 6, 9, 10, 12, 13, 16, 17, 18, 19, 20, 21, 23, 24, 25, 26, 28, 29, 30, 31, 32, 33, 34, 36, 37, 38, 40, 41, 42, 43, 44, 45, 46, 47, 48, 49, 50, 51, 54, 55, 56, 57, 58]",46,False,1.6014737098043016e-05,-8.885223555547987e-10,5.33854187346619e-06,30.0
E75,141,141,7,134,517,0.04964539007092199,0.013358778625954198,0.02105263157894737,raja,S5/S05_20170607_032937_2,all_channel,mean,mean__all_channel__E75,32,59,"[0, 1, 2, 5, 6, 9, 10, 12, 13, 16, 17, 18, 19, 20, 21, 23, 24, 25, 26, 28, 29, 30, 31, 32, 33, 34, 36, 37, 38, 40, 41, 42, 43, 44, 45, 46, 47, 48, 49, 50, 51, 54, 55, 56, 57, 58]",46,False,2.242972692845103e-05,-3.0751142683207753e-09,7.47760068090645e-06,30.0
E70,150,150,7,143,517,0.04666666666666667,0.013358778625954198,0.020771513353115726,raja,S5/S05_20170607_032937_2,all_channel,mean,mean__all_channel__E70,32,59,"[0, 1, 2, 5, 6, 9, 10, 12, 13, 16, 17, 18, 19, 20, 21, 23, 24, 25, 26, 28, 29, 30, 31, 32, 33, 34, 36, 37, 38, 40, 41, 42, 43, 44, 45, 46, 47, 48, 49, 50, 51, 54, 55, 56, 57, 58]",46,False,2.1245603578147244e-05,-3.697529841952683e-09,7.083100369329731e-06,30.0
E85,85,85,6,79,518,0.07058823529411765,0.011450381679389313,0.019704433497536946,raja,S5/S05_20170607_032937_2,all_channel,mean,mean__all_channel__E85,32,59,"[0, 1, 2, 5, 6, 9, 10, 12, 13, 16, 17, 18, 19, 20, 21, 23, 24, 25, 26, 28, 29, 30, 31, 32, 33, 34, 36, 37, 38, 40, 41, 42, 43, 44, 45, 46, 47, 48, 49, 50, 51, 54, 55, 56, 57, 58]",46,False,2.3836436481469807e-05,-3.618466508550901e-09,7.946684982659452e-06,30.0
E91,69,69,5,64,519,0.07246376811594203,0.009541984732824428,0.016863406408094434,raja,S5/S05_20170607_032937_2,all_channel,mean,mean__all_channel__E91,32,59,"[0, 1, 2, 5, 6, 9, 10, 12, 13, 16, 17, 18, 19, 20, 21, 23, 24, 25, 26, 28, 29, 30, 31, 32, 33, 34, 36, 37, 38, 40, 41, 42, 43, 44, 45, 46, 47, 48, 49, 50, 51, 54, 55, 56, 57, 58]",46,False,2.0936911531203678e-05,1.126261618894632e-08,6.97521630500491e-06,30.0
E112,30,30,4,26,520,0.13333333333333333,0.007633587786259542,0.014440433212996389,raja,S5/S05_20170607_032937_2,all_channel,mean,mean__all_channel__E112,32,59,"[0, 1, 2, 5, 6, 9, 10, 12, 13, 16, 17, 18, 19, 20, 21, 23, 24, 25, 26, 28, 29, 30, 31, 32, 33, 34, 36, 37, 38, 40, 41, 42, 43, 44, 45, 46, 47, 48, 49, 50, 51, 54, 55, 56, 57, 58]",46,False,1.5208678983968871e-05,2.3375291091578378e-09,5.068780484953238e-06,30.0
E40,49,49,4,45,520,0.08163265306122448,0.007633587786259542,0.013961605584642234,raja,S5/S05_20170607_032937_2,all_channel,mean,mean__all_channel__E40,32,59,"[0, 1, 2, 5, 6, 9, 10, 12, 13, 16, 17, 18, 19, 20, 21, 23, 24, 25, 26, 28, 29, 30, 31, 32, 33, 34, 36, 37, 38, 40, 41, 42, 43, 44, 45, 46, 47, 48, 49, 50, 51, 54, 55, 56, 57, 58]",46,False,1.3642282747862645e-05,-3.999770417444754e-09,4.5487608394266966e-06,30.0
E47,65,65,4,61,520,0.06153846153846154,0.007633587786259542,0.013582342954159592,raja,S5/S05_20170607_032937_2,all_channel,mean,mean__all_channel__E47,32,59,"[0, 1, 2, 5, 6, 9, 10, 12, 13, 16, 17, 18, 19, 20, 21, 23, 24, 25, 26, 28, 29, 30, 31, 32, 33, 34, 36, 37, 38, 40, 41, 42, 43, 44, 45, 46, 47, 48, 49, 50, 51, 54, 55, 56, 57, 58]",46,False,1.24761052249006e-05,-2.1666824400964947e-09,4.1594239691135655e-06,30.0
E37,52,52,3,49,521,0.057692307692307696,0.0057251908396946565,0.010416666666666668,raja,S5/S05_20170607_032937_2,all_channel,mean,mean__all_channel__E37,32,59,"[0, 1, 2, 5, 6, 9, 10, 12, 13, 16, 17, 18, 19, 20, 21, 23, 24, 25, 26, 28, 29, 30, 31, 32, 33, 34, 36, 37, 38, 40, 41, 42, 43, 44, 45, 46, 47, 48, 49, 50, 51, 54, 55, 56, 57, 58]",46,False,1.2181446615973002e-05,7.428768451092584e-10,4.060234579709298e-06,30.0
E109,38,38,2,36,522,0.05263157894736842,0.003816793893129771,0.007117437722419929,raja,S5/S05_20170607_032937_2,all_channel,mean,mean__all_channel__E109,32,59,"[0, 1, 2, 5, 6, 9, 10, 12, 13, 16, 17, 18, 19, 20, 21, 23, 24, 25, 26, 28, 29, 30, 31, 32, 33, 34, 36, 37, 38, 40, 41, 42, 43, 44, 45, 46, 47, 48, 49, 50, 51, 54, 55, 56, 57, 58]",46,False,1.632119395915567e-05,1.1556767036411013e-09,5.440012760817343e-06,30.0
E104,15,15,1,14,523,0.06666666666666667,0.0019083969465648854,0.0037105751391465673,raja,S5/S05_20170607_032937_2,all_channel,mean,mean__all_channel__E104,32,59,"[0, 1, 2, 5, 6, 9, 10, 12, 13, 16, 17, 18, 19, 20, 21, 23, 24, 25, 26, 28, 29, 30, 31, 32, 33, 34, 36, 37, 38, 40, 41, 42, 43, 44, 45, 46, 47, 48, 49, 50, 51, 54, 55, 56, 57, 58]",46,False,1.544928654649189e-05,6.463898541507374e-09,5.147607549316794e-06,30.0
E98,30,30,0,30,524,0.0,0.0,0.0,raja,S5/S05_20170607_032937_2,all_channel,mean,mean__all_channel__E98,32,59,"[0, 1, 2, 5, 6, 9, 10, 12, 13, 16, 17, 18, 19, 20, 21, 23, 24, 25, 26, 28, 29, 30, 31, 32, 33, 34, 36, 37, 38, 40, 41, 42, 43, 44, 45, 46, 47, 48, 49, 50, 51, 54, 55, 56, 57, 58]",46,False,2.074875010694313e-05,-3.751635246450882e-09,6.917500580729861e-06,30.0
E87,40,40,0,40,524,0.0,0.0,0.0,raja,S5/S05_20170607_032937_2,all_channel,mean,mean__all_channel__E87,32,59,"[0, 1, 2, 5, 6, 9, 10, 12, 13, 16, 17, 18, 19, 20, 21, 23, 24, 25, 26, 28, 29, 30, 31, 32, 33, 34, 36, 37, 38, 40, 41, 42, 43, 44, 45, 46, 47, 48, 49, 50, 51, 54, 55, 56, 57, 58]",46,False,1.3718971628430506e-05,1.522730035902668e-09,4.572482966131534e-06,30.0
E9,543,543,504,39,20,0.9281767955801105,0.9618320610687023,0.9447047797563262,raja,S5/S05_20170607_032937_2,frontal,median,median__frontal__E9,6,59,"[1, 5, 6, 21, 23, 26, 28, 32, 34, 37, 40, 41, 43, 47, 50, 54]",16,False,4.653694261986855e-05,-2.1089225188800177e-06,1.6215288379582858e-05,30.0
E22,544,544,500,44,24,0.9191176470588235,0.9541984732824428,0.9363295880149813,raja,S5/S05_20170607_032937_2,frontal,median,median__frontal__E22,6,59,"[1, 5, 6, 21, 23, 26, 28, 32, 34, 37, 40, 41, 43, 47, 50, 54]",16,False,4.4501817718027926e-05,-2.2771649430506708e-06,1.5592994220359533e-05,30.0
E23,540,540,485,55,39,0.8981481481481481,0.9255725190839694,0.9116541353383458,raja,S5/S05_20170607_032937_2,frontal,median,median__frontal__E23,6,59,"[1, 5, 6, 21, 23, 26, 28, 32, 34, 37, 40, 41, 43, 47, 50, 54]",16,False,3.281985927082585e-05,-1.4537592792383883e-06,1.1424539516688079e-05,30.0
E3,506,506,443,63,81,0.8754940711462451,0.8454198473282443,0.8601941747572817,raja,S5/S05_20170607_032937_2,frontal,median,median__frontal__E3,6,59,"[1, 5, 6, 21, 23, 26, 28, 32, 34, 37, 40, 41, 43, 47, 50, 54]",16,False,3.392318699184137e-05,-1.1722290606118836e-06,1.1698472017484418e-05,30.0
E24,463,463,394,69,130,0.8509719222462203,0.7519083969465649,0.7983789260385006,raja,S5/S05_20170607_032937_2,frontal,median,median__frontal__E24,6,59,"[1, 5, 6, 21, 23, 26, 28, 32, 34, 37, 40, 41, 43, 47, 50, 54]",16,False,2.4455951544099078e-05,-8.0372582069236e-07,8.41989245493048e-06,30.0
E124,310,310,245,65,279,0.7903225806451613,0.4675572519083969,0.5875299760191847,raja,S5/S05_20170607_032937_2,frontal,median,median__frontal__E124,6,59,"[1, 5, 6, 21, 23, 26, 28, 32, 34, 37, 40, 41, 43, 47, 50, 54]",16,False,2.3485463311288487e-05,-4.305555757296553e-07,7.972006295672714e-06,30.0
E9,540,540,503,37,21,0.9314814814814815,0.9599236641221374,0.9454887218045113,raja,S5/S05_20170607_032937_2,frontal,mean,mean__frontal__E9,6,59,"[1, 5, 6, 21, 23, 26, 28, 32, 34, 37, 40, 41, 43, 47, 50, 54]",16,False,4.8678201783781237e-05,3.233664503266805e-08,1.6215288379582858e-05,30.0
E22,542,542,497,45,27,0.9169741697416974,0.9484732824427481,0.9324577861163227,raja,S5/S05_20170607_032937_2,frontal,mean,mean__frontal__E22,6,59,"[1, 5, 6, 21, 23, 26, 28, 32, 34, 37, 40, 41, 43, 47, 50, 54]",16,False,4.6822996272503806e-05,4.4013611425204397e-08,1.5592994220359533e-05,30.0
E23,541,541,485,56,39,0.8964879852125693,0.9255725190839694,0.9107981220657277,raja,S5/S05_20170607_032937_2,frontal,mean,mean__frontal__E23,6,59,"[1, 5, 6, 21, 23, 26, 28, 32, 34, 37, 40, 41, 43, 47, 50, 54]",16,False,3.42906359571128e-05,1.7017407048564326e-08,1.1424539516688079e-05,30.0
E3,495,495,435,60,89,0.8787878787878788,0.8301526717557252,0.8537782139352307,raja,S5/S05_20170607_032937_2,frontal,mean,mean__frontal__E3,6,59,"[1, 5, 6, 21, 23, 26, 28, 32, 34, 37, 40, 41, 43, 47, 50, 54]",16,False,3.5061860792730154e-05,-3.355525972309817e-08,1.1698472017484418e-05,30.0
E24,443,443,379,64,145,0.8555304740406321,0.7232824427480916,0.7838676318510859,raja,S5/S05_20170607_032937_2,frontal,mean,mean__frontal__E24,6,59,"[1, 5, 6, 21, 23, 26, 28, 32, 34, 37, 40, 41, 43, 47, 50, 54]",16,False,2.5267074102586298e-05,7.396737794861343e-09,8.41989245493048e-06,30.0
E124,300,300,238,62,286,0.7933333333333333,0.4541984732824427,0.5776699029126213,raja,S5/S05_20170607_032937_2,frontal,mean,mean__frontal__E124,6,59,"[1, 5, 6, 21, 23, 26, 28, 32, 34, 37, 40, 41, 43, 47, 50, 54]",16,False,2.3948122501410625e-05,3.21036143924838e-08,7.972006295672714e-06,30.0
E22,544,544,500,44,24,0.9191176470588235,0.9541984732824428,0.9363295880149813,raja,S5/S05_20170607_032937_2,frontal_left,median,median__frontal_left__E22,3,59,"[6, 23, 26, 28, 34, 37, 40, 43, 47, 50, 54]",11,False,4.523669363380917e-05,-2.655380246932905e-06,1.5964024626914025e-05,30.0
E23,541,541,485,56,39,0.8964879852125693,0.9255725190839694,0.9107981220657277,raja,S5/S05_20170607_032937_2,frontal_left,median,median__frontal_left__E23,3,59,"[6, 23, 26, 28, 34, 37, 40, 43, 47, 50, 54]",11,False,3.355656906576137e-05,-1.6984553943466238e-06,1.1751674820036e-05,30.0
E24,439,439,376,63,148,0.856492027334852,0.7175572519083969,0.7808930425752855,raja,S5/S05_20170607_032937_2,frontal_left,median,median__frontal_left__E24,3,59,"[6, 23, 26, 28, 34, 37, 40, 43, 47, 50, 54]",11,False,2.553697375369512e-05,-8.69597151805508e-07,8.802190301833543e-06,30.0
E22,542,542,497,45,27,0.9169741697416974,0.9484732824427481,0.9324577861163227,raja,S5/S05_20170607_032937_2,frontal_left,mean,mean__frontal_left__E22,3,59,"[6, 23, 26, 28, 34, 37, 40, 43, 47, 50, 54]",11,False,4.795426682909455e-05,6.219294835247462e-08,1.5964024626914025e-05,30.0
E23,540,540,481,59,43,0.8907407407407407,0.9179389312977099,0.9041353383458647,raja,S5/S05_20170607_032937_2,frontal_left,mean,mean__frontal_left__E23,3,59,"[6, 23, 26, 28, 34, 37, 40, 43, 47, 50, 54]",11,False,3.528135295651255e-05,2.632849640455497e-08,1.1751674820036e-05,30.0
E24,415,415,361,54,163,0.8698795180722891,0.6889312977099237,0.7689030883919064,raja,S5/S05_20170607_032937_2,frontal_left,mean,mean__frontal_left__E24,3,59,"[6, 23, 26, 28, 34, 37, 40, 43, 47, 50, 54]",11,False,2.6443127315008055e-05,3.6556409507427436e-08,8.802190301833543e-06,30.0
E9,537,537,502,35,22,0.9348230912476723,0.9580152671755725,0.9462770970782282,raja,S5/S05_20170607_032937_2,frontal_right,median,median__frontal_right__E9,3,59,"[1, 5, 6, 21, 23, 28, 32, 37, 40, 41]",10,False,4.9631951424681945e-05,-1.874313663205521e-06,1.716875502929582e-05,30.0
E3,495,495,435,60,89,0.8787878787878788,0.8301526717557252,0.8537782139352307,raja,S5/S05_20170607_032937_2,frontal_right,median,median__frontal_right__E3,3,59,"[1, 5, 6, 21, 23, 28, 32, 37, 40, 41]",10,False,3.4924329143086883e-05,-1.0179562019402551e-06,1.1980761781675713e-05,30.0
E124,310,310,244,66,280,0.7870967741935484,0.46564885496183206,0.5851318944844124,raja,S5/S05_20170607_032937_2,frontal_right,median,median__frontal_right__E124,3,59,"[1, 5, 6, 21, 23, 28, 32, 37, 40, 41]",10,False,2.3571893274976007e-05,-3.767205878053762e-07,7.982871287593795e-06,30.0
E9,534,534,501,33,23,0.9382022471910112,0.9561068702290076,0.9470699432892249,raja,S5/S05_20170607_032937_2,frontal_right,mean,mean__frontal_right__E9,3,59,"[1, 5, 6, 21, 23, 28, 32, 37, 40, 41]",10,False,5.1588677538780866e-05,8.241245089340231e-08,1.716875502929582e-05,30.0
E3,486,486,424,62,100,0.8724279835390947,0.8091603053435115,0.8396039603960396,raja,S5/S05_20170607_032937_2,frontal_right,mean,mean__frontal_right__E3,3,59,"[1, 5, 6, 21, 23, 28, 32, 37, 40, 41]",10,False,3.5953216795659014e-05,1.0931450631879667e-08,1.1980761781675713e-05,30.0
E124,300,300,238,62,286,0.7933333333333333,0.4541984732824427,0.5776699029126213,raja,S5/S05_20170607_032937_2,frontal_right,mean,mean__frontal_right__E124,3,59,"[1, 5, 6, 21, 23, 28, 32, 37, 40, 41]",10,False,2.3987034758585644e-05,3.8420895804263216e-08,7.982871287593795e-06,30.0
E9,541,541,505,36,19,0.933456561922366,0.9637404580152672,0.9483568075117371,raja,S5/S05_20170607_032937_2,all_channel,median,median__all_channel__E9,32,44,"[0, 1, 4, 7, 8, 9, 10, 12, 13, 14, 15, 16, 17, 18, 19, 21, 22, 23, 24, 25, 26, 27, 28, 30, 31, 32, 33, 34, 35, 36, 37, 38, 40, 41, 42, 43]",36,False,4.154712559166495e-05,-2.0411796861614308e-06,1.4529435092608795e-05,40.0
E22,558,558,503,55,21,0.9014336917562724,0.9599236641221374,0.9297597042513863,raja,S5/S05_20170607_032937_2,all_channel,median,median__all_channel__E22,32,44,"[0, 1, 4, 7, 8, 9, 10, 12, 13, 14, 15, 16, 17, 18, 19, 21, 22, 23, 24, 25, 26, 27, 28, 30, 31, 32, 33, 34, 35, 36, 37, 38, 40, 41, 42, 43]",36,False,4.107684670413186e-05,-2.0470430253991585e-06,1.4374629909843671e-05,40.0
E23,548,548,490,58,34,0.8941605839416058,0.9351145038167938,0.914179104477612,raja,S5/S05_20170607_032937_2,all_channel,median,median__all_channel__E23,32,44,"[0, 1, 4, 7, 8, 9, 10, 12, 13, 14, 15, 16, 17, 18, 19, 21, 22, 23, 24, 25, 26, 27, 28, 30, 31, 32, 33, 34, 35, 36, 37, 38, 40, 41, 42, 43]",36,False,3.016759865477238e-05,-1.3355080990276493e-06,1.0501035584600008e-05,40.0
E11,547,547,478,69,46,0.8738574040219378,0.9122137404580153,0.892623716153128,raja,S5/S05_20170607_032937_2,all_channel,median,median__all_channel__E11,32,44,"[0, 1, 4, 7, 8, 9, 10, 12, 13, 14, 15, 16, 17, 18, 19, 21, 22, 23, 24, 25, 26, 27, 28, 30, 31, 32, 33, 34, 35, 36, 37, 38, 40, 41, 42, 43]",36,False,2.2427358007226854e-05,-8.083295979125677e-07,7.74522920171314e-06,40.0
E3,524,524,459,65,65,0.8759541984732825,0.8759541984732825,0.8759541984732825,raja,S5/S05_20170607_032937_2,all_channel,median,median__all_channel__E3,32,44,"[0, 1, 4, 7, 8, 9, 10, 12, 13, 14, 15, 16, 17, 18, 19, 21, 22, 23, 24, 25, 26, 27, 28, 30, 31, 32, 33, 34, 35, 36, 37, 38, 40, 41, 42, 43]",36,False,3.036647773280293e-05,-1.1272112308110845e-06,1.0497896321204672e-05,40.0
E26,483,483,414,69,110,0.8571428571428571,0.7900763358778626,0.8222442899702087,raja,S5/S05_20170607_032937_2,all_channel,median,median__all_channel__E26,32,44,"[0, 1, 4, 7, 8, 9, 10, 12, 13, 14, 15, 16, 17, 18, 19, 21, 22, 23, 24, 25, 26, 27, 28, 30, 31, 32, 33, 34, 35, 36, 37, 38, 40, 41, 42, 43]",36,False,3.5346157718882066e-05,-1.2615209284439143e-06,1.2202559549108661e-05,40.0
E24,501,501,421,80,103,0.8403193612774451,0.8034351145038168,0.8214634146341464,raja,S5/S05_20170607_032937_2,all_channel,median,median__all_channel__E24,32,44,"[0, 1, 4, 7, 8, 9, 10, 12, 13, 14, 15, 16, 17, 18, 19, 21, 22, 23, 24, 25, 26, 27, 28, 30, 31, 32, 33, 34, 35, 36, 37, 38, 40, 41, 42, 43]",36,False,2.2610502661616048e-05,-7.468512907650279e-07,7.785784650793693e-06,40.0
E124,387,387,311,76,213,0.8036175710594315,0.5935114503816794,0.6827661909989023,raja,S5/S05_20170607_032937_2,all_channel,median,median__all_channel__E124,32,44,"[0, 1, 4, 7, 8, 9, 10, 12, 13, 14, 15, 16, 17, 18, 19, 21, 22, 23, 24, 25, 26, 27, 28, 30, 31, 32, 33, 34, 35, 36, 37, 38, 40, 41, 42, 43]",36,False,2.1112269061617716e-05,-5.590360498857033e-07,7.22376837050114e-06,40.0
E77,272,272,32,240,492,0.11764705882352941,0.061068702290076333,0.08040201005025126,raja,S5/S05_20170607_032937_2,all_channel,median,median__all_channel__E77,32,44,"[0, 1, 4, 7, 8, 9, 10, 12, 13, 14, 15, 16, 17, 18, 19, 21, 22, 23, 24, 25, 26, 27, 28, 30, 31, 32, 33, 34, 35, 36, 37, 38, 40, 41, 42, 43]",36,False,2.929525922443199e-05,3.6656448948634075e-07,9.642898244981883e-06,40.0
E33,97,97,23,74,501,0.23711340206185566,0.04389312977099236,0.07407407407407407,raja,S5/S05_20170607_032937_2,all_channel,median,median__all_channel__E33,32,44,"[0, 1, 4, 7, 8, 9, 10, 12, 13, 14, 15, 16, 17, 18, 19, 21, 22, 23, 24, 25, 26, 27, 28, 30, 31, 32, 33, 34, 35, 36, 37, 38, 40, 41, 42, 43]",36,False,1.9193093614574945e-05,-1.706935450600578e-07,6.4545957198783345e-06,40.0
E28,49,49,21,28,503,0.42857142857142855,0.04007633587786259,0.07329842931937172,raja,S5/S05_20170607_032937_2,all_channel,median,median__all_channel__E28,32,44,"[0, 1, 4, 7, 8, 9, 10, 12, 13, 14, 15, 16, 17, 18, 19, 21, 22, 23, 24, 25, 26, 27, 28, 30, 31, 32, 33, 34, 35, 36, 37, 38, 40, 41, 42, 43]",36,False,2.2446155381463238e-05,-2.4133128579365077e-07,7.562495555752297e-06,40.0
E122,130,130,23,107,501,0.17692307692307693,0.04389312977099236,0.07033639143730887,raja,S5/S05_20170607_032937_2,all_channel,median,median__all_channel__E122,32,44,"[0, 1, 4, 7, 8, 9, 10, 12, 13, 14, 15, 16, 17, 18, 19, 21, 22, 23, 24, 25, 26, 27, 28, 30, 31, 32, 33, 34, 35, 36, 37, 38, 40, 41, 42, 43]",36,False,1.751684314732871e-05,-8.172954316998615e-09,5.841672033881903e-06,40.0
E67,156,156,14,142,510,0.08974358974358974,0.026717557251908396,0.041176470588235294,raja,S5/S05_20170607_032937_2,all_channel,median,median__all_channel__E67,32,44,"[0, 1, 4, 7, 8, 9, 10, 12, 13, 14, 15, 16, 17, 18, 19, 21, 22, 23, 24, 25, 26, 27, 28, 30, 31, 32, 33, 34, 35, 36, 37, 38, 40, 41, 42, 43]",36,False,1.805796089951358e-05,2.795652768271482e-07,5.92613187422881e-06,40.0
E13,35,35,11,24,513,0.3142857142857143,0.02099236641221374,0.03935599284436494,raja,S5/S05_20170607_032937_2,all_channel,median,median__all_channel__E13,32,44,"[0, 1, 4, 7, 8, 9, 10, 12, 13, 14, 15, 16, 17, 18, 19, 21, 22, 23, 24, 25, 26, 27, 28, 30, 31, 32, 33, 34, 35, 36, 37, 38, 40, 41, 42, 43]",36,False,1.5655795576267603e-05,-1.1999448205139033e-08,5.2225983414909145e-06,40.0
E117,53,53,11,42,513,0.20754716981132076,0.02099236641221374,0.038128249566724434,raja,S5/S05_20170607_032937_2,all_channel,median,median__all_channel__E117,32,44,"[0, 1, 4, 7, 8, 9, 10, 12, 13, 14, 15, 16, 17, 18, 19, 21, 22, 23, 24, 25, 26, 27, 28, 30, 31, 32, 33, 34, 35, 36, 37, 38, 40, 41, 42, 43]",36,False,2.69004713445119e-05,3.878891492726857e-09,8.965530817673059e-06,40.0
E84,184,184,12,172,512,0.06521739130434782,0.022900763358778626,0.03389830508474576,raja,S5/S05_20170607_032937_2,all_channel,median,median__all_channel__E84,32,44,"[0, 1, 4, 7, 8, 9, 10, 12, 13, 14, 15, 16, 17, 18, 19, 21, 22, 23, 24, 25, 26, 27, 28, 30, 31, 32, 33, 34, 35, 36, 37, 38, 40, 41, 42, 43]",36,False,2.184309840066971e-05,3.018113361890949e-07,7.180429021493538e-06,40.0
E59,147,147,8,139,516,0.05442176870748299,0.015267175572519083,0.023845007451564825,raja,S5/S05_20170607_032937_2,all_channel,median,median__all_channel__E59,32,44,"[0, 1, 4, 7, 8, 9, 10, 12, 13, 14, 15, 16, 17, 18, 19, 21, 22, 23, 24, 25, 26, 27, 28, 30, 31, 32, 33, 34, 35, 36, 37, 38, 40, 41, 42, 43]",36,False,1.4919016112087873e-05,3.988474166228488e-07,4.840056231821674e-06,40.0
E60,118,118,7,111,517,0.059322033898305086,0.013358778625954198,0.021806853582554516,raja,S5/S05_20170607_032937_2,all_channel,median,median__all_channel__E60,32,44,"[0, 1, 4, 7, 8, 9, 10, 12, 13, 14, 15, 16, 17, 18, 19, 21, 22, 23, 24, 25, 26, 27, 28, 30, 31, 32, 33, 34, 35, 36, 37, 38, 40, 41, 42, 43]",36,False,1.8123622494501555e-05,4.220760523888442e-07,5.9005154807042375e-06,40.0
E62,121,121,7,114,517,0.05785123966942149,0.013358778625954198,0.02170542635658915,raja,S5/S05_20170607_032937_2,all_channel,median,median__all_channel__E62,32,44,"[0, 1, 4, 7, 8, 9, 10, 12, 13, 14, 15, 16, 17, 18, 19, 21, 22, 23, 24, 25, 26, 27, 28, 30, 31, 32, 33, 34, 35, 36, 37, 38, 40, 41, 42, 43]",36,False,1.622446121878884e-05,3.5684097295229817e-07,5.289206748612181e-06,40.0
E83,124,124,7,117,517,0.056451612903225805,0.013358778625954198,0.021604938271604937,raja,S5/S05_20170607_032937_2,all_channel,median,median__all_channel__E83,32,44,"[0, 1, 4, 7, 8, 9, 10, 12, 13, 14, 15, 16, 17, 18, 19, 21, 22, 23, 24, 25, 26, 27, 28, 30, 31, 32, 33, 34, 35, 36, 37, 38, 40, 41, 42, 43]",36,False,2.3059335526563263e-05,1.353512781285546e-07,7.64132808281157e-06,40.0
E75,148,148,7,141,517,0.0472972972972973,0.013358778625954198,0.020833333333333332,raja,S5/S05_20170607_032937_2,all_channel,median,median__all_channel__E75,32,44,"[0, 1, 4, 7, 8, 9, 10, 12, 13, 14, 15, 16, 17, 18, 19, 21, 22, 23, 24, 25, 26, 27, 28, 30, 31, 32, 33, 34, 35, 36, 37, 38, 40, 41, 42, 43]",36,False,2.208797126750111e-05,1.3499459520946176e-07,7.317658890763882e-06,40.0
E70,153,153,7,146,517,0.0457516339869281,0.013358778625954198,0.020679468242245196,raja,S5/S05_20170607_032937_2,all_channel,median,median__all_channel__E70,32,44,"[0, 1, 4, 7, 8, 9, 10, 12, 13, 14, 15, 16, 17, 18, 19, 21, 22, 23, 24, 25, 26, 27, 28, 30, 31, 32, 33, 34, 35, 36, 37, 38, 40, 41, 42, 43]",36,False,2.101357342901002e-05,1.3933795139094873e-07,6.958078492539689e-06,40.0
E85,80,80,6,74,518,0.075,0.011450381679389313,0.01986754966887417,raja,S5/S05_20170607_032937_2,all_channel,median,median__all_channel__E85,32,44,"[0, 1, 4, 7, 8, 9, 10, 12, 13, 14, 15, 16, 17, 18, 19, 21, 22, 23, 24, 25, 26, 27, 28, 30, 31, 32, 33, 34, 35, 36, 37, 38, 40, 41, 42, 43]",36,False,2.4041944182194383e-05,3.9185750033957466e-07,7.883362227284936e-06,40.0
E91,65,65,5,60,519,0.07692307692307693,0.009541984732824428,0.01697792869269949,raja,S5/S05_20170607_032937_2,all_channel,median,median__all_channel__E91,32,44,"[0, 1, 4, 7, 8, 9, 10, 12, 13, 14, 15, 16, 17, 18, 19, 21, 22, 23, 24, 25, 26, 27, 28, 30, 31, 32, 33, 34, 35, 36, 37, 38, 40, 41, 42, 43]",36,False,2.1112013060281613e-05,4.3977933047013853e-07,6.890744576603825e-06,40.0
E112,30,30,4,26,520,0.13333333333333333,0.007633587786259542,0.014440433212996389,raja,S5/S05_20170607_032937_2,all_channel,median,median__all_channel__E112,32,44,"[0, 1, 4, 7, 8, 9, 10, 12, 13, 14, 15, 16, 17, 18, 19, 21, 22, 23, 24, 25, 26, 27, 28, 30, 31, 32, 33, 34, 35, 36, 37, 38, 40, 41, 42, 43]",36,False,1.513945551151209e-05,7.004888900125082e-08,5.0231355408369465e-06,40.0
E40,49,49,4,45,520,0.08163265306122448,0.007633587786259542,0.013961605584642234,raja,S5/S05_20170607_032937_2,all_channel,median,median__all_channel__E40,32,44,"[0, 1, 4, 7, 8, 9, 10, 12, 13, 14, 15, 16, 17, 18, 19, 21, 22, 23, 24, 25, 26, 27, 28, 30, 31, 32, 33, 34, 35, 36, 37, 38, 40, 41, 42, 43]",36,False,1.364677225830052e-05,1.9303332569635623e-07,4.484579644201388e-06,40.0
E47,63,63,4,59,520,0.06349206349206349,0.007633587786259542,0.013628620102214651,raja,S5/S05_20170607_032937_2,all_channel,median,median__all_channel__E47,32,44,"[0, 1, 4, 7, 8, 9, 10, 12, 13, 14, 15, 16, 17, 18, 19, 21, 22, 23, 24, 25, 26, 27, 28, 30, 31, 32, 33, 34, 35, 36, 37, 38, 40, 41, 42, 43]",36,False,1.2664786902598135e-05,3.382469548390279e-07,4.1088466492530355e-06,40.0
E37,48,48,3,45,521,0.0625,0.0057251908396946565,0.01048951048951049,raja,S5/S05_20170607_032937_2,all_channel,median,median__all_channel__E37,32,44,"[0, 1, 4, 7, 8, 9, 10, 12, 13, 14, 15, 16, 17, 18, 19, 21, 22, 23, 24, 25, 26, 27, 28, 30, 31, 32, 33, 34, 35, 36, 37, 38, 40, 41, 42, 43]",36,False,1.2344641208290554e-05,2.2859956680575204e-07,4.038680547161601e-06,40.0
E109,37,37,2,35,522,0.05405405405405406,0.003816793893129771,0.0071301247771836,raja,S5/S05_20170607_032937_2,all_channel,median,median__all_channel__E109,32,44,"[0, 1, 4, 7, 8, 9, 10, 12, 13, 14, 15, 16, 17, 18, 19, 21, 22, 23, 24, 25, 26, 27, 28, 30, 31, 32, 33, 34, 35, 36, 37, 38, 40, 41, 42, 43]",36,False,1.6364543020090344e-05,2.6579530507618127e-07,5.366249238338054e-06,40.0
E104,15,15,1,14,523,0.06666666666666667,0.0019083969465648854,0.0037105751391465673,raja,S5/S05_20170607_032937_2,all_channel,median,median__all_channel__E104,32,44,"[0, 1, 4, 7, 8, 9, 10, 12, 13, 14, 15, 16, 17, 18, 19, 21, 22, 23, 24, 25, 26, 27, 28, 30, 31, 32, 33, 34, 35, 36, 37, 38, 40, 41, 42, 43]",36,False,1.5491691755372773e-05,1.421596539864102e-07,5.11651070046212e-06,40.0
E98,28,28,0,28,524,0.0,0.0,0.0,raja,S5/S05_20170607_032937_2,all_channel,median,median__all_channel__E98,32,44,"[0, 1, 4, 7, 8, 9, 10, 12, 13, 14, 15, 16, 17, 18, 19, 21, 22, 23, 24, 25, 26, 27, 28, 30, 31, 32, 33, 34, 35, 36, 37, 38, 40, 41, 42, 43]",36,False,2.088469076793639e-05,3.456932070831246e-07,6.846332520284422e-06,40.0
E87,38,38,0,38,524,0.0,0.0,0.0,raja,S5/S05_20170607_032937_2,all_channel,median,median__all_channel__E87,32,44,"[0, 1, 4, 7, 8, 9, 10, 12, 13, 14, 15, 16, 17, 18, 19, 21, 22, 23, 24, 25, 26, 27, 28, 30, 31, 32, 33, 34, 35, 36, 37, 38, 40, 41, 42, 43]",36,False,1.3808235439893985e-05,2.507182773063554e-07,4.51917238752921e-06,40.0
E9,538,538,504,34,20,0.9368029739776952,0.9618320610687023,0.9491525423728814,raja,S5/S05_20170607_032937_2,all_channel,mean,mean__all_channel__E9,32,44,"[0, 1, 4, 7, 8, 9, 10, 12, 13, 14, 15, 16, 17, 18, 19, 21, 22, 23, 24, 25, 26, 27, 28, 30, 31, 32, 33, 34, 35, 36, 37, 38, 40, 41, 42, 43]",36,False,4.3583720266360355e-05,-4.585011466031093e-09,1.4529435092608795e-05,40.0
E22,551,551,500,51,24,0.9074410163339383,0.9541984732824428,0.9302325581395349,raja,S5/S05_20170607_032937_2,all_channel,mean,mean__all_channel__E22,32,44,"[0, 1, 4, 7, 8, 9, 10, 12, 13, 14, 15, 16, 17, 18, 19, 21, 22, 23, 24, 25, 26, 27, 28, 30, 31, 32, 33, 34, 35, 36, 37, 38, 40, 41, 42, 43]",36,False,4.312089651305574e-05,-2.993216475277558e-09,1.4374629909843671e-05,40.0
E23,543,543,487,56,37,0.8968692449355433,0.9293893129770993,0.9128397375820057,raja,S5/S05_20170607_032937_2,all_channel,mean,mean__all_channel__E23,32,44,"[0, 1, 4, 7, 8, 9, 10, 12, 13, 14, 15, 16, 17, 18, 19, 21, 22, 23, 24, 25, 26, 27, 28, 30, 31, 32, 33, 34, 35, 36, 37, 38, 40, 41, 42, 43]",36,False,3.151661748855186e-05,1.35107347518382e-08,1.0501035584600008e-05,40.0
E11,544,544,475,69,49,0.8731617647058824,0.9064885496183206,0.8895131086142323,raja,S5/S05_20170607_032937_2,all_channel,mean,mean__all_channel__E11,32,44,"[0, 1, 4, 7, 8, 9, 10, 12, 13, 14, 15, 16, 17, 18, 19, 21, 22, 23, 24, 25, 26, 27, 28, 30, 31, 32, 33, 34, 35, 36, 37, 38, 40, 41, 42, 43]",36,False,2.3235668860350556e-05,-1.874478886575816e-11,7.74522920171314e-06,40.0
E3,514,514,453,61,71,0.8813229571984436,0.8645038167938931,0.8728323699421965,raja,S5/S05_20170607_032937_2,all_channel,mean,mean__all_channel__E3,32,44,"[0, 1, 4, 7, 8, 9, 10, 12, 13, 14, 15, 16, 17, 18, 19, 21, 22, 23, 24, 25, 26, 27, 28, 30, 31, 32, 33, 34, 35, 36, 37, 38, 40, 41, 42, 43]",36,False,3.150354808838237e-05,9.859124768358574e-09,1.0497896321204672e-05,40.0
E24,480,480,406,74,118,0.8458333333333333,0.7748091603053435,0.8087649402390439,raja,S5/S05_20170607_032937_2,all_channel,mean,mean__all_channel__E24,32,44,"[0, 1, 4, 7, 8, 9, 10, 12, 13, 14, 15, 16, 17, 18, 19, 21, 22, 23, 24, 25, 26, 27, 28, 30, 31, 32, 33, 34, 35, 36, 37, 38, 40, 41, 42, 43]",36,False,2.3356456514380905e-05,-8.974380001724256e-10,7.785784650793693e-06,40.0
E26,480,480,405,75,119,0.84375,0.7729007633587787,0.8067729083665339,raja,S5/S05_20170607_032937_2,all_channel,mean,mean__all_channel__E26,32,44,"[0, 1, 4, 7, 8, 9, 10, 12, 13, 14, 15, 16, 17, 18, 19, 21, 22, 23, 24, 25, 26, 27, 28, 30, 31, 32, 33, 34, 35, 36, 37, 38, 40, 41, 42, 43]",36,False,3.660788691665699e-05,2.0826933100443573e-10,1.2202559549108661e-05,40.0
E124,369,369,298,71,226,0.8075880758807588,0.5687022900763359,0.6674132138857783,raja,S5/S05_20170607_032937_2,all_channel,mean,mean__all_channel__E124,32,44,"[0, 1, 4, 7, 8, 9, 10, 12, 13, 14, 15, 16, 17, 18, 19, 21, 22, 23, 24, 25, 26, 27, 28, 30, 31, 32, 33, 34, 35, 36, 37, 38, 40, 41, 42, 43]",36,False,2.1656493578589327e-05,-1.4811532914092915e-08,7.22376837050114e-06,40.0
E77,272,272,34,238,490,0.125,0.0648854961832061,0.08542713567839195,raja,S5/S05_20170607_032937_2,all_channel,mean,mean__all_channel__E77,32,44,"[0, 1, 4, 7, 8, 9, 10, 12, 13, 14, 15, 16, 17, 18, 19, 21, 22, 23, 24, 25, 26, 27, 28, 30, 31, 32, 33, 34, 35, 36, 37, 38, 40, 41, 42, 43]",36,False,2.8925977938861467e-05,-2.716796084181281e-09,9.642898244981883e-06,40.0
E33,95,95,23,72,501,0.24210526315789474,0.04389312977099236,0.07431340872374798,raja,S5/S05_20170607_032937_2,all_channel,mean,mean__all_channel__E33,32,44,"[0, 1, 4, 7, 8, 9, 10, 12, 13, 14, 15, 16, 17, 18, 19, 21, 22, 23, 24, 25, 26, 27, 28, 30, 31, 32, 33, 34, 35, 36, 37, 38, 40, 41, 42, 43]",36,False,1.937882837390356e-05,1.5041214268554626e-08,6.4545957198783345e-06,40.0
E122,130,130,23,107,501,0.17692307692307693,0.04389312977099236,0.07033639143730887,raja,S5/S05_20170607_032937_2,all_channel,mean,mean__all_channel__E122,32,44,"[0, 1, 4, 7, 8, 9, 10, 12, 13, 14, 15, 16, 17, 18, 19, 21, 22, 23, 24, 25, 26, 27, 28, 30, 31, 32, 33, 34, 35, 36, 37, 38, 40, 41, 42, 43]",36,False,1.7516326939983488e-05,-8.689161662220024e-09,5.841672033881903e-06,40.0
E28,47,47,20,27,504,0.425531914893617,0.03816793893129771,0.07005253940455342,raja,S5/S05_20170607_032937_2,all_channel,mean,mean__all_channel__E28,32,44,"[0, 1, 4, 7, 8, 9, 10, 12, 13, 14, 15, 16, 17, 18, 19, 21, 22, 23, 24, 25, 26, 27, 28, 30, 31, 32, 33, 34, 35, 36, 37, 38, 40, 41, 42, 43]",36,False,2.2687595605908467e-05,1.0893865157697344e-10,7.562495555752297e-06,40.0
E67,163,163,14,149,510,0.08588957055214724,0.026717557251908396,0.040756914119359534,raja,S5/S05_20170607_032937_2,all_channel,mean,mean__all_channel__E67,32,44,"[0, 1, 4, 7, 8, 9, 10, 12, 13, 14, 15, 16, 17, 18, 19, 21, 22, 23, 24, 25, 26, 27, 28, 30, 31, 32, 33, 34, 35, 36, 37, 38, 40, 41, 42, 43]",36,False,1.777896725748855e-05,5.7163480211922e-10,5.92613187422881e-06,40.0
E13,35,35,11,24,513,0.3142857142857143,0.02099236641221374,0.03935599284436494,raja,S5/S05_20170607_032937_2,all_channel,mean,mean__all_channel__E13,32,44,"[0, 1, 4, 7, 8, 9, 10, 12, 13, 14, 15, 16, 17, 18, 19, 21, 22, 23, 24, 25, 26, 27, 28, 30, 31, 32, 33, 34, 35, 36, 37, 38, 40, 41, 42, 43]",36,False,1.5670615290764723e-05,2.820266291980143e-09,5.2225983414909145e-06,40.0
E117,53,53,11,42,513,0.20754716981132076,0.02099236641221374,0.038128249566724434,raja,S5/S05_20170607_032937_2,all_channel,mean,mean__all_channel__E117,32,44,"[0, 1, 4, 7, 8, 9, 10, 12, 13, 14, 15, 16, 17, 18, 19, 21, 22, 23, 24, 25, 26, 27, 28, 30, 31, 32, 33, 34, 35, 36, 37, 38, 40, 41, 42, 43]",36,False,2.689219348518723e-05,-4.39896783194508e-09,8.965530817673059e-06,40.0
E84,199,199,12,187,512,0.06030150753768844,0.022900763358778626,0.03319502074688797,raja,S5/S05_20170607_032937_2,all_channel,mean,mean__all_channel__E84,32,44,"[0, 1, 4, 7, 8, 9, 10, 12, 13, 14, 15, 16, 17, 18, 19, 21, 22, 23, 24, 25, 26, 27, 28, 30, 31, 32, 33, 34, 35, 36, 37, 38, 40, 41, 42, 43]",36,False,2.1540133418482334e-05,-1.1536459982790952e-09,7.180429021493538e-06,40.0
E59,153,153,8,145,516,0.05228758169934641,0.015267175572519083,0.02363367799113737,raja,S5/S05_20170607_032937_2,all_channel,mean,mean__all_channel__E59,32,44,"[0, 1, 4, 7, 8, 9, 10, 12, 13, 14, 15, 16, 17, 18, 19, 21, 22, 23, 24, 25, 26, 27, 28, 30, 31, 32, 33, 34, 35, 36, 37, 38, 40, 41, 42, 43]",36,False,1.45218578534989e-05,1.6891580338763678e-09,4.840056231821674e-06,40.0
E60,121,121,7,114,517,0.05785123966942149,0.013358778625954198,0.02170542635658915,raja,S5/S05_20170607_032937_2,all_channel,mean,mean__all_channel__E60,32,44,"[0, 1, 4, 7, 8, 9, 10, 12, 13, 14, 15, 16, 17, 18, 19, 21, 22, 23, 24, 25, 26, 27, 28, 30, 31, 32, 33, 34, 35, 36, 37, 38, 40, 41, 42, 43]",36,False,1.769373068984876e-05,-7.81575226395056e-09,5.9005154807042375e-06,40.0
E83,126,126,7,119,517,0.05555555555555555,0.013358778625954198,0.021538461538461538,raja,S5/S05_20170607_032937_2,all_channel,mean,mean__all_channel__E83,32,44,"[0, 1, 4, 7, 8, 9, 10, 12, 13, 14, 15, 16, 17, 18, 19, 21, 22, 23, 24, 25, 26, 27, 28, 30, 31, 32, 33, 34, 35, 36, 37, 38, 40, 41, 42, 43]",36,False,2.2922065672177608e-05,-1.9185762571015125e-09,7.64132808281157e-06,40.0
E62,138,138,7,131,517,0.050724637681159424,0.013358778625954198,0.021148036253776436,raja,S5/S05_20170607_032937_2,all_channel,mean,mean__all_channel__E62,32,44,"[0, 1, 4, 7, 8, 9, 10, 12, 13, 14, 15, 16, 17, 18, 19, 21, 22, 23, 24, 25, 26, 27, 28, 30, 31, 32, 33, 34, 35, 36, 37, 38, 40, 41, 42, 43]",36,False,1.5867122327495202e-05,-4.979183413402896e-10,5.289206748612181e-06,40.0
E75,151,151,7,144,517,0.046357615894039736,0.013358778625954198,0.02074074074074074,raja,S5/S05_20170607_032937_2,all_channel,mean,mean__all_channel__E75,32,44,"[0, 1, 4, 7, 8, 9, 10, 12, 13, 14, 15, 16, 17, 18, 19, 21, 22, 23, 24, 25, 26, 27, 28, 30, 31, 32, 33, 34, 35, 36, 37, 38, 40, 41, 42, 43]",36,False,2.1954318837896714e-05,1.342165605066627e-09,7.317658890763882e-06,40.0
E70,155,155,7,148,517,0.04516129032258064,0.013358778625954198,0.020618556701030927,raja,S5/S05_20170607_032937_2,all_channel,mean,mean__all_channel__E70,32,44,"[0, 1, 4, 7, 8, 9, 10, 12, 13, 14, 15, 16, 17, 18, 19, 21, 22, 23, 24, 25, 26, 27, 28, 30, 31, 32, 33, 34, 35, 36, 37, 38, 40, 41, 42, 43]",36,False,2.0876959093100367e-05,2.7236154812971845e-09,6.958078492539689e-06,40.0
E85,88,88,6,82,518,0.06818181818181818,0.011450381679389313,0.0196078431372549,raja,S5/S05_20170607_032937_2,all_channel,mean,mean__all_channel__E85,32,44,"[0, 1, 4, 7, 8, 9, 10, 12, 13, 14, 15, 16, 17, 18, 19, 21, 22, 23, 24, 25, 26, 27, 28, 30, 31, 32, 33, 34, 35, 36, 37, 38, 40, 41, 42, 43]",36,False,2.3645688629995622e-05,-4.398051859185331e-09,7.883362227284936e-06,40.0
E91,69,69,5,64,519,0.07246376811594203,0.009541984732824428,0.016863406408094434,raja,S5/S05_20170607_032937_2,all_channel,mean,mean__all_channel__E91,32,44,"[0, 1, 4, 7, 8, 9, 10, 12, 13, 14, 15, 16, 17, 18, 19, 21, 22, 23, 24, 25, 26, 27, 28, 30, 31, 32, 33, 34, 35, 36, 37, 38, 40, 41, 42, 43]",36,False,2.066107871743803e-05,-1.1155012373443317e-08,6.890744576603825e-06,40.0
E112,30,30,4,26,520,0.13333333333333333,0.007633587786259542,0.014440433212996389,raja,S5/S05_20170607_032937_2,all_channel,mean,mean__all_channel__E112,32,44,"[0, 1, 4, 7, 8, 9, 10, 12, 13, 14, 15, 16, 17, 18, 19, 21, 22, 23, 24, 25, 26, 27, 28, 30, 31, 32, 33, 34, 35, 36, 37, 38, 40, 41, 42, 43]",36,False,1.506871560678418e-05,-6.910157266608042e-10,5.0231355408369465e-06,40.0
E109,39,39,4,35,520,0.10256410256410256,0.007633587786259542,0.014209591474245114,raja,S5/S05_20170607_032937_2,all_channel,mean,mean__all_channel__E109,32,44,"[0, 1, 4, 7, 8, 9, 10, 12, 13, 14, 15, 16, 17, 18, 19, 21, 22, 23, 24, 25, 26, 27, 28, 30, 31, 32, 33, 34, 35, 36, 37, 38, 40, 41, 42, 43]",36,False,1.6088353645273763e-05,-1.039406974040005e-08,5.366249238338054e-06,40.0
E40,52,52,4,48,520,0.07692307692307693,0.007633587786259542,0.013888888888888888,raja,S5/S05_20170607_032937_2,all_channel,mean,mean__all_channel__E40,32,44,"[0, 1, 4, 7, 8, 9, 10, 12, 13, 14, 15, 16, 17, 18, 19, 21, 22, 23, 24, 25, 26, 27, 28, 30, 31, 32, 33, 34, 35, 36, 37, 38, 40, 41, 42, 43]",36,False,1.3457343780407634e-05,3.6048478034721652e-09,4.484579644201388e-06,40.0
E47,65,65,4,61,520,0.06153846153846154,0.007633587786259542,0.013582342954159592,raja,S5/S05_20170607_032937_2,all_channel,mean,mean__all_channel__E47,32,44,"[0, 1, 4, 7, 8, 9, 10, 12, 13, 14, 15, 16, 17, 18, 19, 21, 22, 23, 24, 25, 26, 27, 28, 30, 31, 32, 33, 34, 35, 36, 37, 38, 40, 41, 42, 43]",36,False,1.2332576328369641e-05,6.0363806105351815e-09,4.1088466492530355e-06,40.0
E37,52,52,3,49,521,0.057692307692307696,0.0057251908396946565,0.010416666666666668,raja,S5/S05_20170607_032937_2,all_channel,mean,mean__all_channel__E37,32,44,"[0, 1, 4, 7, 8, 9, 10, 12, 13, 14, 15, 16, 17, 18, 19, 21, 22, 23, 24, 25, 26, 27, 28, 30, 31, 32, 33, 34, 35, 36, 37, 38, 40, 41, 42, 43]",36,False,1.2119022743044409e-05,2.981101559606254e-09,4.038680547161601e-06,40.0
E104,15,15,1,14,523,0.06666666666666667,0.0019083969465648854,0.0037105751391465673,raja,S5/S05_20170607_032937_2,all_channel,mean,mean__all_channel__E104,32,44,"[0, 1, 4, 7, 8, 9, 10, 12, 13, 14, 15, 16, 17, 18, 19, 21, 22, 23, 24, 25, 26, 27, 28, 30, 31, 32, 33, 34, 35, 36, 37, 38, 40, 41, 42, 43]",36,False,1.5342621789770215e-05,-6.91031161614725e-09,5.11651070046212e-06,40.0
E98,31,31,0,31,524,0.0,0.0,0.0,raja,S5/S05_20170607_032937_2,all_channel,mean,mean__all_channel__E98,32,44,"[0, 1, 4, 7, 8, 9, 10, 12, 13, 14, 15, 16, 17, 18, 19, 21, 22, 23, 24, 25, 26, 27, 28, 30, 31, 32, 33, 34, 35, 36, 37, 38, 40, 41, 42, 43]",36,False,2.0540142442316995e-05,1.144881463726392e-09,6.846332520284422e-06,40.0
E87,42,42,0,42,524,0.0,0.0,0.0,raja,S5/S05_20170607_032937_2,all_channel,mean,mean__all_channel__E87,32,44,"[0, 1, 4, 7, 8, 9, 10, 12, 13, 14, 15, 16, 17, 18, 19, 21, 22, 23, 24, 25, 26, 27, 28, 30, 31, 32, 33, 34, 35, 36, 37, 38, 40, 41, 42, 43]",36,False,1.355584240346838e-05,-1.674759119250131e-09,4.51917238752921e-06,40.0
E9,532,532,498,34,26,0.9360902255639098,0.950381679389313,0.943181818181818,raja,S5/S05_20170607_032937_2,frontal,median,median__frontal__E9,6,44,"[16, 17, 24, 28, 30, 40, 41]",7,False,4.951242973161529e-05,-2.597188773097946e-06,1.7369872834904412e-05,40.0
E22,539,539,496,43,28,0.9202226345083488,0.9465648854961832,0.9332079021636878,raja,S5/S05_20170607_032937_2,frontal,median,median__frontal__E22,6,44,"[16, 17, 24, 28, 30, 40, 41]",7,False,4.584042404921844e-05,-2.9609322317312677e-06,1.6267118760316572e-05,40.0
E23,538,538,481,57,43,0.8940520446096655,0.9179389312977099,0.9058380414312617,raja,S5/S05_20170607_032937_2,frontal,median,median__frontal__E23,6,44,"[16, 17, 24, 28, 30, 40, 41]",7,False,3.3906434400850906e-05,-1.8334493089328054e-06,1.1913294569927904e-05,40.0
E3,498,498,438,60,86,0.8795180722891566,0.8358778625954199,0.8571428571428571,raja,S5/S05_20170607_032937_2,frontal,median,median__frontal__E3,6,44,"[16, 17, 24, 28, 30, 40, 41]",7,False,3.426002437883567e-05,-1.3233009770323793e-06,1.1861108451956017e-05,40.0
E24,452,452,384,68,140,0.8495575221238938,0.732824427480916,0.7868852459016393,raja,S5/S05_20170607_032937_2,frontal,median,median__frontal__E24,6,44,"[16, 17, 24, 28, 30, 40, 41]",7,False,2.483590432099373e-05,-9.849876897004937e-07,8.606964003564742e-06,40.0
E124,304,304,241,63,283,0.7927631578947368,0.4599236641221374,0.5821256038647342,raja,S5/S05_20170607_032937_2,frontal,median,median__frontal__E124,6,44,"[16, 17, 24, 28, 30, 40, 41]",7,False,2.3792206494535553e-05,-6.456162811962463e-07,8.145940925243933e-06,40.0
E9,530,530,498,32,26,0.939622641509434,0.950381679389313,0.9449715370018975,raja,S5/S05_20170607_032937_2,frontal,mean,mean__frontal__E9,6,44,"[16, 17, 24, 28, 30, 40, 41]",7,False,5.2096691689193203e-05,-1.2926815520031778e-08,1.7369872834904412e-05,40.0
E22,538,538,493,45,31,0.9163568773234201,0.9408396946564885,0.9284369114877589,raja,S5/S05_20170607_032937_2,frontal,mean,mean__frontal__E22,6,44,"[16, 17, 24, 28, 30, 40, 41]",7,False,4.877480635359211e-05,-2.654992735760305e-08,1.6267118760316572e-05,40.0
E23,529,529,476,53,48,0.8998109640831758,0.9083969465648855,0.9040835707502374,raja,S5/S05_20170607_032937_2,frontal,mean,mean__frontal__E23,6,44,"[16, 17, 24, 28, 30, 40, 41]",7,False,3.577618599844462e-05,3.630228866090386e-08,1.1913294569927904e-05,40.0
E3,490,490,426,64,98,0.8693877551020408,0.8129770992366412,0.8402366863905325,raja,S5/S05_20170607_032937_2,frontal,mean,mean__frontal__E3,6,44,"[16, 17, 24, 28, 30, 40, 41]",7,False,3.560202366582254e-05,1.8698309954493313e-08,1.1861108451956017e-05,40.0
E24,433,433,371,62,153,0.8568129330254042,0.7080152671755725,0.77533960292581,raja,S5/S05_20170607_032937_2,frontal,mean,mean__frontal__E24,6,44,"[16, 17, 24, 28, 30, 40, 41]",7,False,2.582481356103814e-05,3.921550343914406e-09,8.606964003564742e-06,40.0
E124,282,282,224,58,300,0.7943262411347518,0.42748091603053434,0.5558312655086849,raja,S5/S05_20170607_032937_2,frontal,mean,mean__frontal__E124,6,44,"[16, 17, 24, 28, 30, 40, 41]",7,False,2.4451028191015467e-05,1.3205415283667004e-08,8.145940925243933e-06,40.0
E22,537,537,491,46,33,0.9143389199255121,0.9370229007633588,0.9255419415645618,raja,S5/S05_20170607_032937_2,frontal_left,median,median__frontal_left__E22,3,44,"[17, 41]",2,False,5.004581858272963e-05,-3.3004440772253755e-06,1.7782087553318335e-05,40.0
E23,530,530,476,54,48,0.8981132075471698,0.9083969465648855,0.9032258064516129,raja,S5/S05_20170607_032937_2,frontal_left,median,median__frontal_left__E23,3,44,"[17, 41]",2,False,3.618907557692751e-05,-2.530874377016664e-06,1.2906649984648058e-05,40.0
E24,441,441,377,64,147,0.854875283446712,0.7194656488549618,0.7813471502590673,raja,S5/S05_20170607_032937_2,frontal_left,median,median__frontal_left__E24,3,44,"[17, 41]",2,False,2.545300447810141e-05,-1.2330093725389662e-06,8.895337950213458e-06,40.0
E22,525,525,490,35,34,0.9333333333333333,0.9351145038167938,0.9342230695900858,raja,S5/S05_20170607_032937_2,frontal_left,mean,mean__frontal_left__E22,3,44,"[17, 41]",2,False,5.334122964567029e-05,-5.033014284719774e-09,1.7782087553318335e-05,40.0
E23,513,513,467,46,57,0.9103313840155945,0.8912213740458015,0.9006750241080038,raja,S5/S05_20170607_032937_2,frontal_left,mean,mean__frontal_left__E23,3,44,"[17, 41]",2,False,3.865061591011619e-05,-6.933404382798728e-08,1.2906649984648058e-05,40.0
E24,404,404,353,51,171,0.8737623762376238,0.6736641221374046,0.7607758620689655,raja,S5/S05_20170607_032937_2,frontal_left,mean,mean__frontal_left__E24,3,44,"[17, 41]",2,False,2.6658683915224242e-05,-2.7329935416133555e-08,8.895337950213458e-06,40.0
E9,532,532,498,34,26,0.9360902255639098,0.950381679389313,0.943181818181818,raja,S5/S05_20170607_032937_2,frontal_right,median,median__frontal_right__E9,3,44,"[16, 17, 24, 28, 30, 40, 41]",7,False,4.951242973161529e-05,-2.597188773097946e-06,1.7369872834904412e-05,40.0
E3,498,498,438,60,86,0.8795180722891566,0.8358778625954199,0.8571428571428571,raja,S5/S05_20170607_032937_2,frontal_right,median,median__frontal_right__E3,3,44,"[16, 17, 24, 28, 30, 40, 41]",7,False,3.426002437883567e-05,-1.3233009770323793e-06,1.1861108451956017e-05,40.0
E124,304,304,241,63,283,0.7927631578947368,0.4599236641221374,0.5821256038647342,raja,S5/S05_20170607_032937_2,frontal_right,median,median__frontal_right__E124,3,44,"[16, 17, 24, 28, 30, 40, 41]",7,False,2.3792206494535553e-05,-6.456162811962463e-07,8.145940925243933e-06,40.0
E9,530,530,498,32,26,0.939622641509434,0.950381679389313,0.9449715370018975,raja,S5/S05_20170607_032937_2,frontal_right,mean,mean__frontal_right__E9,3,44,"[16, 17, 24, 28, 30, 40, 41]",7,False,5.2096691689193203e-05,-1.2926815520031778e-08,1.7369872834904412e-05,40.0
E3,490,490,426,64,98,0.8693877551020408,0.8129770992366412,0.8402366863905325,raja,S5/S05_20170607_032937_2,frontal_right,mean,mean__frontal_right__E3,3,44,"[16, 17, 24, 28, 30, 40, 41]",7,False,3.560202366582254e-05,1.8698309954493313e-08,1.1861108451956017e-05,40.0
E124,282,282,224,58,300,0.7943262411347518,0.42748091603053434,0.5558312655086849,raja,S5/S05_20170607_032937_2,frontal_right,mean,mean__frontal_right__E124,3,44,"[16, 17, 24, 28, 30, 40, 41]",7,False,2.4451028191015467e-05,1.3205415283667004e-08,8.145940925243933e-06,40.0
E9,538,538,503,35,21,0.9349442379182156,0.9599236641221374,0.9472693032015066,raja,S5/S05_20170607_032937_2,all_channel,median,median__all_channel__E9,32,35,"[0, 1, 3, 5, 6, 7, 9, 10, 11, 12, 13, 14, 15, 17, 18, 19, 20, 22, 23, 24, 25, 26, 27, 28, 29, 30, 31, 32, 33, 34]",30,False,4.299272912631036e-05,-2.117959077567403e-06,1.5036896067959253e-05,50.0
E22,551,551,498,53,26,0.9038112522686026,0.950381679389313,0.9265116279069767,raja,S5/S05_20170607_032937_2,all_channel,median,median__all_channel__E22,32,35,"[0, 1, 3, 5, 6, 7, 9, 10, 11, 12, 13, 14, 15, 17, 18, 19, 20, 22, 23, 24, 25, 26, 27, 28, 29, 30, 31, 32, 33, 34]",30,False,4.271159457854692e-05,-2.1420839794121025e-06,1.4951226185986339e-05,50.0
E23,539,539,487,52,37,0.9035250463821892,0.9293893129770993,0.9162746942615241,raja,S5/S05_20170607_032937_2,all_channel,median,median__all_channel__E23,32,35,"[0, 1, 3, 5, 6, 7, 9, 10, 11, 12, 13, 14, 15, 17, 18, 19, 20, 22, 23, 24, 25, 26, 27, 28, 29, 30, 31, 32, 33, 34]",30,False,3.1426296367419674e-05,-1.3673533572267002e-06,1.0931216574882125e-05,50.0
E11,543,543,474,69,50,0.8729281767955801,0.9045801526717557,0.8884723523898783,raja,S5/S05_20170607_032937_2,all_channel,median,median__all_channel__E11,32,35,"[0, 1, 3, 5, 6, 7, 9, 10, 11, 12, 13, 14, 15, 17, 18, 19, 20, 22, 23, 24, 25, 26, 27, 28, 29, 30, 31, 32, 33, 34]",30,False,2.3213942556602026e-05,-8.290062404103773e-07,8.0143162656708e-06,50.0
E3,513,513,452,61,72,0.8810916179337231,0.8625954198473282,0.8717454194792671,raja,S5/S05_20170607_032937_2,all_channel,median,median__all_channel__E3,32,35,"[0, 1, 3, 5, 6, 7, 9, 10, 11, 12, 13, 14, 15, 17, 18, 19, 20, 22, 23, 24, 25, 26, 27, 28, 29, 30, 31, 32, 33, 34]",30,False,3.1231431574016466e-05,-1.1425561420281133e-06,1.0791329238681525e-05,50.0
E26,481,481,409,72,115,0.8503118503118503,0.7805343511450382,0.8139303482587065,raja,S5/S05_20170607_032937_2,all_channel,median,median__all_channel__E26,32,35,"[0, 1, 3, 5, 6, 7, 9, 10, 11, 12, 13, 14, 15, 17, 18, 19, 20, 22, 23, 24, 25, 26, 27, 28, 29, 30, 31, 32, 33, 34]",30,False,3.59212879029412e-05,-1.2484982417532785e-06,1.2389928714898162e-05,50.0
E24,487,487,410,77,114,0.8418891170431212,0.7824427480916031,0.811078140454995,raja,S5/S05_20170607_032937_2,all_channel,median,median__all_channel__E24,32,35,"[0, 1, 3, 5, 6, 7, 9, 10, 11, 12, 13, 14, 15, 17, 18, 19, 20, 22, 23, 24, 25, 26, 27, 28, 29, 30, 31, 32, 33, 34]",30,False,2.316340188791765e-05,-7.475928492053986e-07,7.970331579041017e-06,50.0
E124,367,367,298,69,226,0.8119891008174387,0.5687022900763359,0.6689113355780023,raja,S5/S05_20170607_032937_2,all_channel,median,median__all_channel__E124,32,35,"[0, 1, 3, 5, 6, 7, 9, 10, 11, 12, 13, 14, 15, 17, 18, 19, 20, 22, 23, 24, 25, 26, 27, 28, 29, 30, 31, 32, 33, 34]",30,False,2.1510718704340977e-05,-5.751682537061467e-07,7.361962319349042e-06,50.0
E77,278,278,32,246,492,0.11510791366906475,0.061068702290076333,0.07980049875311722,raja,S5/S05_20170607_032937_2,all_channel,median,median__all_channel__E77,32,35,"[0, 1, 3, 5, 6, 7, 9, 10, 11, 12, 13, 14, 15, 17, 18, 19, 20, 22, 23, 24, 25, 26, 27, 28, 29, 30, 31, 32, 33, 34]",30,False,2.9121977867993513e-05,3.7230887405319687e-07,9.583222997980106e-06,50.0
E28,50,50,22,28,502,0.44,0.04198473282442748,0.07665505226480836,raja,S5/S05_20170607_032937_2,all_channel,median,median__all_channel__E28,32,35,"[0, 1, 3, 5, 6, 7, 9, 10, 11, 12, 13, 14, 15, 17, 18, 19, 20, 22, 23, 24, 25, 26, 27, 28, 29, 30, 31, 32, 33, 34]",30,False,2.2459881248594097e-05,-2.3686431247414193e-07,7.565581853689413e-06,50.0
E122,125,125,23,102,501,0.184,0.04389312977099236,0.07087827426810477,raja,S5/S05_20170607_032937_2,all_channel,median,median__all_channel__E122,32,35,"[0, 1, 3, 5, 6, 7, 9, 10, 11, 12, 13, 14, 15, 17, 18, 19, 20, 22, 23, 24, 25, 26, 27, 28, 29, 30, 31, 32, 33, 34]",30,False,1.7760570618689397e-05,-1.58547978838495e-08,5.925475138857748e-06,50.0
E33,92,92,20,72,504,0.21739130434782608,0.03816793893129771,0.06493506493506494,raja,S5/S05_20170607_032937_2,all_channel,median,median__all_channel__E33,32,35,"[0, 1, 3, 5, 6, 7, 9, 10, 11, 12, 13, 14, 15, 17, 18, 19, 20, 22, 23, 24, 25, 26, 27, 28, 29, 30, 31, 32, 33, 34]",30,False,1.949538288057117e-05,-1.8589396482206867e-07,6.560425615131079e-06,50.0
E13,33,33,11,22,513,0.3333333333333333,0.02099236641221374,0.03949730700179534,raja,S5/S05_20170607_032937_2,all_channel,median,median__all_channel__E13,32,35,"[0, 1, 3, 5, 6, 7, 9, 10, 11, 12, 13, 14, 15, 17, 18, 19, 20, 22, 23, 24, 25, 26, 27, 28, 29, 30, 31, 32, 33, 34]",30,False,1.5883139440364112e-05,-1.4329873878025829e-08,5.299156438080713e-06,50.0
E67,153,153,13,140,511,0.08496732026143791,0.02480916030534351,0.03840472673559823,raja,S5/S05_20170607_032937_2,all_channel,median,median__all_channel__E67,32,35,"[0, 1, 3, 5, 6, 7, 9, 10, 11, 12, 13, 14, 15, 17, 18, 19, 20, 22, 23, 24, 25, 26, 27, 28, 29, 30, 31, 32, 33, 34]",30,False,1.8286295823163126e-05,2.797567179310141e-07,6.002179701744037e-06,50.0
E117,51,51,11,40,513,0.21568627450980393,0.02099236641221374,0.03826086956521739,raja,S5/S05_20170607_032937_2,all_channel,median,median__all_channel__E117,32,35,"[0, 1, 3, 5, 6, 7, 9, 10, 11, 12, 13, 14, 15, 17, 18, 19, 20, 22, 23, 24, 25, 26, 27, 28, 29, 30, 31, 32, 33, 34]",30,False,2.6873506290368714e-05,-9.784434764476646e-09,8.96109690837773e-06,50.0
E84,177,177,12,165,512,0.06779661016949153,0.022900763358778626,0.034236804564907276,raja,S5/S05_20170607_032937_2,all_channel,median,median__all_channel__E84,32,35,"[0, 1, 3, 5, 6, 7, 9, 10, 11, 12, 13, 14, 15, 17, 18, 19, 20, 22, 23, 24, 25, 26, 27, 28, 29, 30, 31, 32, 33, 34]",30,False,2.2342666050632962e-05,3.06401810510148e-07,7.345421413374272e-06,50.0
E59,129,129,8,121,516,0.06201550387596899,0.015267175572519083,0.024502297090352218,raja,S5/S05_20170607_032937_2,all_channel,median,median__all_channel__E59,32,35,"[0, 1, 3, 5, 6, 7, 9, 10, 11, 12, 13, 14, 15, 17, 18, 19, 20, 22, 23, 24, 25, 26, 27, 28, 29, 30, 31, 32, 33, 34]",30,False,1.530204894373073e-05,4.177923243661241e-07,4.9614188731215355e-06,50.0
E83,106,106,7,99,517,0.0660377358490566,0.013358778625954198,0.022222222222222223,raja,S5/S05_20170607_032937_2,all_channel,median,median__all_channel__E83,32,35,"[0, 1, 3, 5, 6, 7, 9, 10, 11, 12, 13, 14, 15, 17, 18, 19, 20, 22, 23, 24, 25, 26, 27, 28, 29, 30, 31, 32, 33, 34]",30,False,2.3740513093819107e-05,1.4545206329997393e-07,7.865020343506378e-06,50.0
E62,114,114,7,107,517,0.06140350877192982,0.013358778625954198,0.0219435736677116,raja,S5/S05_20170607_032937_2,all_channel,median,median__all_channel__E62,32,35,"[0, 1, 3, 5, 6, 7, 9, 10, 11, 12, 13, 14, 15, 17, 18, 19, 20, 22, 23, 24, 25, 26, 27, 28, 29, 30, 31, 32, 33, 34]",30,False,1.6505439270907042e-05,3.7319433153742076e-07,5.377414979789873e-06,50.0
E60,116,116,7,109,517,0.0603448275862069,0.013358778625954198,0.021875,raja,S5/S05_20170607_032937_2,all_channel,median,median__all_channel__E60,32,35,"[0, 1, 3, 5, 6, 7, 9, 10, 11, 12, 13, 14, 15, 17, 18, 19, 20, 22, 23, 24, 25, 26, 27, 28, 29, 30, 31, 32, 33, 34]",30,False,1.8344253327513354e-05,4.3278820967918227e-07,5.9704883726113905e-06,50.0
E75,139,139,7,132,517,0.050359712230215826,0.013358778625954198,0.021116138763197585,raja,S5/S05_20170607_032937_2,all_channel,median,median__all_channel__E75,32,35,"[0, 1, 3, 5, 6, 7, 9, 10, 11, 12, 13, 14, 15, 17, 18, 19, 20, 22, 23, 24, 25, 26, 27, 28, 29, 30, 31, 32, 33, 34]",30,False,2.2785574042151632e-05,1.611400030589144e-07,7.541478013030906e-06,50.0
E70,145,145,7,138,517,0.04827586206896552,0.013358778625954198,0.020926756352765318,raja,S5/S05_20170607_032937_2,all_channel,median,median__all_channel__E70,32,35,"[0, 1, 3, 5, 6, 7, 9, 10, 11, 12, 13, 14, 15, 17, 18, 19, 20, 22, 23, 24, 25, 26, 27, 28, 29, 30, 31, 32, 33, 34]",30,False,2.1635705813793972e-05,1.4090177999505465e-07,7.164934677932973e-06,50.0
E85,81,81,6,75,518,0.07407407407407407,0.011450381679389313,0.019834710743801654,raja,S5/S05_20170607_032937_2,all_channel,median,median__all_channel__E85,32,35,"[0, 1, 3, 5, 6, 7, 9, 10, 11, 12, 13, 14, 15, 17, 18, 19, 20, 22, 23, 24, 25, 26, 27, 28, 29, 30, 31, 32, 33, 34]",30,False,2.411250115452942e-05,4.0153003726246703e-07,7.903657039088984e-06,50.0
E112,30,30,4,26,520,0.13333333333333333,0.007633587786259542,0.014440433212996389,raja,S5/S05_20170607_032937_2,all_channel,median,median__all_channel__E112,32,35,"[0, 1, 3, 5, 6, 7, 9, 10, 11, 12, 13, 14, 15, 17, 18, 19, 20, 22, 23, 24, 25, 26, 27, 28, 29, 30, 31, 32, 33, 34]",30,False,1.522594584047377e-05,7.880270866333139e-08,5.0490477106034796e-06,50.0
E40,49,49,4,45,520,0.08163265306122448,0.007633587786259542,0.013961605584642234,raja,S5/S05_20170607_032937_2,all_channel,median,median__all_channel__E40,32,35,"[0, 1, 3, 5, 6, 7, 9, 10, 11, 12, 13, 14, 15, 17, 18, 19, 20, 22, 23, 24, 25, 26, 27, 28, 29, 30, 31, 32, 33, 34]",30,False,1.3848523097284998e-05,1.9669278068287793e-07,4.55061010553404e-06,50.0
E47,61,61,4,57,520,0.06557377049180328,0.007633587786259542,0.013675213675213673,raja,S5/S05_20170607_032937_2,all_channel,median,median__all_channel__E47,32,35,"[0, 1, 3, 5, 6, 7, 9, 10, 11, 12, 13, 14, 15, 17, 18, 19, 20, 22, 23, 24, 25, 26, 27, 28, 29, 30, 31, 32, 33, 34]",30,False,1.2835239144670194e-05,3.4906081218802534e-07,4.162059444160723e-06,50.0
E91,64,64,4,60,520,0.0625,0.007633587786259542,0.013605442176870748,raja,S5/S05_20170607_032937_2,all_channel,median,median__all_channel__E91,32,35,"[0, 1, 3, 5, 6, 7, 9, 10, 11, 12, 13, 14, 15, 17, 18, 19, 20, 22, 23, 24, 25, 26, 27, 28, 29, 30, 31, 32, 33, 34]",30,False,2.133963032896186e-05,4.5807749778205113e-07,6.96051761039327e-06,50.0
E37,48,48,3,45,521,0.0625,0.0057251908396946565,0.01048951048951049,raja,S5/S05_20170607_032937_2,all_channel,median,median__all_channel__E37,32,35,"[0, 1, 3, 5, 6, 7, 9, 10, 11, 12, 13, 14, 15, 17, 18, 19, 20, 22, 23, 24, 25, 26, 27, 28, 29, 30, 31, 32, 33, 34]",30,False,1.2424365767522759e-05,2.302681745573437e-07,4.064699197655138e-06,50.0
E109,36,36,2,34,522,0.05555555555555555,0.003816793893129771,0.007142857142857143,raja,S5/S05_20170607_032937_2,all_channel,median,median__all_channel__E109,32,35,"[0, 1, 3, 5, 6, 7, 9, 10, 11, 12, 13, 14, 15, 17, 18, 19, 20, 22, 23, 24, 25, 26, 27, 28, 29, 30, 31, 32, 33, 34]",30,False,1.6529401619677216e-05,2.825865413404233e-07,5.415605026112264e-06,50.0
E104,15,15,1,14,523,0.06666666666666667,0.0019083969465648854,0.0037105751391465673,raja,S5/S05_20170607_032937_2,all_channel,median,median__all_channel__E104,32,35,"[0, 1, 3, 5, 6, 7, 9, 10, 11, 12, 13, 14, 15, 17, 18, 19, 20, 22, 23, 24, 25, 26, 27, 28, 29, 30, 31, 32, 33, 34]",30,False,1.5489795422987798e-05,1.4151915127645215e-07,5.116092090570449e-06,50.0
E98,28,28,0,28,524,0.0,0.0,0.0,raja,S5/S05_20170607_032937_2,all_channel,median,median__all_channel__E98,32,35,"[0, 1, 3, 5, 6, 7, 9, 10, 11, 12, 13, 14, 15, 17, 18, 19, 20, 22, 23, 24, 25, 26, 27, 28, 29, 30, 31, 32, 33, 34]",30,False,2.1106196641538364e-05,3.438314886715245e-07,6.920788384288946e-06,50.0
E87,38,38,0,38,524,0.0,0.0,0.0,raja,S5/S05_20170607_032937_2,all_channel,median,median__all_channel__E87,32,35,"[0, 1, 3, 5, 6, 7, 9, 10, 11, 12, 13, 14, 15, 17, 18, 19, 20, 22, 23, 24, 25, 26, 27, 28, 29, 30, 31, 32, 33, 34]",30,False,1.3940042211487043e-05,2.555816435989309e-07,4.5614868559627035e-06,50.0
E9,536,536,501,35,23,0.9347014925373134,0.9561068702290076,0.9452830188679245,raja,S5/S05_20170607_032937_2,all_channel,mean,mean__all_channel__E9,32,35,"[0, 1, 3, 5, 6, 7, 9, 10, 11, 12, 13, 14, 15, 17, 18, 19, 20, 22, 23, 24, 25, 26, 27, 28, 29, 30, 31, 32, 33, 34]",30,False,4.5108489081041734e-05,-2.1991228360273365e-09,1.5036896067959253e-05,50.0
E22,539,539,495,44,29,0.9183673469387755,0.9446564885496184,0.9313264346190029,raja,S5/S05_20170607_032937_2,all_channel,mean,mean__all_channel__E22,32,35,"[0, 1, 3, 5, 6, 7, 9, 10, 11, 12, 13, 14, 15, 17, 18, 19, 20, 22, 23, 24, 25, 26, 27, 28, 29, 30, 31, 32, 33, 34]",30,False,4.4865170998218974e-05,1.1492440259955724e-08,1.4951226185986339e-05,50.0
E23,534,534,480,54,44,0.898876404494382,0.916030534351145,0.9073724007561436,raja,S5/S05_20170607_032937_2,all_channel,mean,mean__all_channel__E23,32,35,"[0, 1, 3, 5, 6, 7, 9, 10, 11, 12, 13, 14, 15, 17, 18, 19, 20, 22, 23, 24, 25, 26, 27, 28, 29, 30, 31, 32, 33, 34]",30,False,3.2821166274224806e-05,2.7516549578429822e-08,1.0931216574882125e-05,50.0
E11,546,546,467,79,57,0.8553113553113553,0.8912213740458015,0.8728971962616823,raja,S5/S05_20170607_032937_2,all_channel,mean,mean__all_channel__E11,32,35,"[0, 1, 3, 5, 6, 7, 9, 10, 11, 12, 13, 14, 15, 17, 18, 19, 20, 22, 23, 24, 25, 26, 27, 28, 29, 30, 31, 32, 33, 34]",30,False,2.4045659147035044e-05,2.7103500226413783e-09,8.0143162656708e-06,50.0
E3,513,513,451,62,73,0.8791423001949318,0.8606870229007634,0.8698167791706847,raja,S5/S05_20170607_032937_2,all_channel,mean,mean__all_channel__E3,32,35,"[0, 1, 3, 5, 6, 7, 9, 10, 11, 12, 13, 14, 15, 17, 18, 19, 20, 22, 23, 24, 25, 26, 27, 28, 29, 30, 31, 32, 33, 34]",30,False,3.2390789134614994e-05,1.680141857041882e-08,1.0791329238681525e-05,50.0
E24,474,474,401,73,123,0.8459915611814346,0.7652671755725191,0.8036072144288576,raja,S5/S05_20170607_032937_2,all_channel,mean,mean__all_channel__E24,32,35,"[0, 1, 3, 5, 6, 7, 9, 10, 11, 12, 13, 14, 15, 17, 18, 19, 20, 22, 23, 24, 25, 26, 27, 28, 29, 30, 31, 32, 33, 34]",30,False,2.392508067270017e-05,1.4085935577122787e-08,7.970331579041017e-06,50.0
E26,465,465,397,68,127,0.853763440860215,0.7576335877862596,0.8028311425682507,raja,S5/S05_20170607_032937_2,all_channel,mean,mean__all_channel__E26,32,35,"[0, 1, 3, 5, 6, 7, 9, 10, 11, 12, 13, 14, 15, 17, 18, 19, 20, 22, 23, 24, 25, 26, 27, 28, 29, 30, 31, 32, 33, 34]",30,False,3.719404216201264e-05,2.4256017318154347e-08,1.2389928714898162e-05,50.0
E124,351,351,282,69,242,0.8034188034188035,0.5381679389312977,0.6445714285714286,raja,S5/S05_20170607_032937_2,all_channel,mean,mean__all_channel__E124,32,35,"[0, 1, 3, 5, 6, 7, 9, 10, 11, 12, 13, 14, 15, 17, 18, 19, 20, 22, 23, 24, 25, 26, 27, 28, 29, 30, 31, 32, 33, 34]",30,False,2.208238769141709e-05,-3.4992666300363576e-09,7.361962319349042e-06,50.0
E77,276,276,34,242,490,0.12318840579710146,0.0648854961832061,0.085,raja,S5/S05_20170607_032937_2,all_channel,mean,mean__all_channel__E77,32,35,"[0, 1, 3, 5, 6, 7, 9, 10, 11, 12, 13, 14, 15, 17, 18, 19, 20, 22, 23, 24, 25, 26, 27, 28, 29, 30, 31, 32, 33, 34]",30,False,2.8755311690783675e-05,5.642696843360165e-09,9.583222997980106e-06,50.0
E122,123,123,23,100,501,0.18699186991869918,0.04389312977099236,0.07109737248840803,raja,S5/S05_20170607_032937_2,all_channel,mean,mean__all_channel__E122,32,35,"[0, 1, 3, 5, 6, 7, 9, 10, 11, 12, 13, 14, 15, 17, 18, 19, 20, 22, 23, 24, 25, 26, 27, 28, 29, 30, 31, 32, 33, 34]",30,False,1.77779819470739e-05,1.5565305006558597e-09,5.925475138857748e-06,50.0
E28,47,47,20,27,504,0.425531914893617,0.03816793893129771,0.07005253940455342,raja,S5/S05_20170607_032937_2,all_channel,mean,mean__all_channel__E28,32,35,"[0, 1, 3, 5, 6, 7, 9, 10, 11, 12, 13, 14, 15, 17, 18, 19, 20, 22, 23, 24, 25, 26, 27, 28, 29, 30, 31, 32, 33, 34]",30,False,2.270901214481063e-05,1.2266583742392988e-08,7.565581853689413e-06,50.0
E33,86,86,18,68,506,0.20930232558139536,0.03435114503816794,0.05901639344262295,raja,S5/S05_20170607_032937_2,all_channel,mean,mean__all_channel__E33,32,35,"[0, 1, 3, 5, 6, 7, 9, 10, 11, 12, 13, 14, 15, 17, 18, 19, 20, 22, 23, 24, 25, 26, 27, 28, 29, 30, 31, 32, 33, 34]",30,False,1.9675214888956117e-05,-6.061956437122332e-09,6.560425615131079e-06,50.0
E13,33,33,11,22,513,0.3333333333333333,0.02099236641221374,0.03949730700179534,raja,S5/S05_20170607_032937_2,all_channel,mean,mean__all_channel__E13,32,35,"[0, 1, 3, 5, 6, 7, 9, 10, 11, 12, 13, 14, 15, 17, 18, 19, 20, 22, 23, 24, 25, 26, 27, 28, 29, 30, 31, 32, 33, 34]",30,False,1.5903188786070744e-05,5.719471828603186e-09,5.299156438080713e-06,50.0
E117,51,51,11,40,513,0.21568627450980393,0.02099236641221374,0.03826086956521739,raja,S5/S05_20170607_032937_2,all_channel,mean,mean__all_channel__E117,32,35,"[0, 1, 3, 5, 6, 7, 9, 10, 11, 12, 13, 14, 15, 17, 18, 19, 20, 22, 23, 24, 25, 26, 27, 28, 29, 30, 31, 32, 33, 34]",30,False,2.6883034816042827e-05,-2.559090903618183e-10,8.96109690837773e-06,50.0
E67,156,156,13,143,511,0.08333333333333333,0.02480916030534351,0.038235294117647055,raja,S5/S05_20170607_032937_2,all_channel,mean,mean__all_channel__E67,32,35,"[0, 1, 3, 5, 6, 7, 9, 10, 11, 12, 13, 14, 15, 17, 18, 19, 20, 22, 23, 24, 25, 26, 27, 28, 29, 30, 31, 32, 33, 34]",30,False,1.8007684565292384e-05,1.145460060271885e-09,6.002179701744037e-06,50.0
E84,177,177,12,165,512,0.06779661016949153,0.022900763358778626,0.034236804564907276,raja,S5/S05_20170607_032937_2,all_channel,mean,mean__all_channel__E84,32,35,"[0, 1, 3, 5, 6, 7, 9, 10, 11, 12, 13, 14, 15, 17, 18, 19, 20, 22, 23, 24, 25, 26, 27, 28, 29, 30, 31, 32, 33, 34]",30,False,2.2049474232463495e-05,1.3209992340678861e-08,7.345421413374272e-06,50.0
E59,145,145,8,137,516,0.05517241379310345,0.015267175572519083,0.023916292974588936,raja,S5/S05_20170607_032937_2,all_channel,mean,mean__all_channel__E59,32,35,"[0, 1, 3, 5, 6, 7, 9, 10, 11, 12, 13, 14, 15, 17, 18, 19, 20, 22, 23, 24, 25, 26, 27, 28, 29, 30, 31, 32, 33, 34]",30,False,1.4880042399120825e-05,-4.214220243781275e-09,4.9614188731215355e-06,50.0
E83,111,111,7,104,517,0.06306306306306306,0.013358778625954198,0.02204724409448819,raja,S5/S05_20170607_032937_2,all_channel,mean,mean__all_channel__E83,32,35,"[0, 1, 3, 5, 6, 7, 9, 10, 11, 12, 13, 14, 15, 17, 18, 19, 20, 22, 23, 24, 25, 26, 27, 28, 29, 30, 31, 32, 33, 34]",30,False,2.359075446629602e-05,-4.306564223110917e-09,7.865020343506378e-06,50.0
E60,119,119,7,112,517,0.058823529411764705,0.013358778625954198,0.02177293934681182,raja,S5/S05_20170607_032937_2,all_channel,mean,mean__all_channel__E60,32,35,"[0, 1, 3, 5, 6, 7, 9, 10, 11, 12, 13, 14, 15, 17, 18, 19, 20, 22, 23, 24, 25, 26, 27, 28, 29, 30, 31, 32, 33, 34]",30,False,1.7908008263545256e-05,-3.4568542889155778e-09,5.9704883726113905e-06,50.0
E62,128,128,7,121,517,0.0546875,0.013358778625954198,0.02147239263803681,raja,S5/S05_20170607_032937_2,all_channel,mean,mean__all_channel__E62,32,35,"[0, 1, 3, 5, 6, 7, 9, 10, 11, 12, 13, 14, 15, 17, 18, 19, 20, 22, 23, 24, 25, 26, 27, 28, 29, 30, 31, 32, 33, 34]",30,False,1.6130437802036096e-05,-1.8071373335247462e-09,5.377414979789873e-06,50.0
E75,142,142,7,135,517,0.04929577464788732,0.013358778625954198,0.02102102102102102,raja,S5/S05_20170607_032937_2,all_channel,mean,mean__all_channel__E75,32,35,"[0, 1, 3, 5, 6, 7, 9, 10, 11, 12, 13, 14, 15, 17, 18, 19, 20, 22, 23, 24, 25, 26, 27, 28, 29, 30, 31, 32, 33, 34]",30,False,2.2622682507771854e-05,-1.7515313208635008e-09,7.541478013030906e-06,50.0
E70,146,146,7,139,517,0.04794520547945205,0.013358778625954198,0.0208955223880597,raja,S5/S05_20170607_032937_2,all_channel,mean,mean__all_channel__E70,32,35,"[0, 1, 3, 5, 6, 7, 9, 10, 11, 12, 13, 14, 15, 17, 18, 19, 20, 22, 23, 24, 25, 26, 27, 28, 29, 30, 31, 32, 33, 34]",30,False,2.1490104897850998e-05,-4.699135947922629e-09,7.164934677932973e-06,50.0
E85,87,87,6,81,518,0.06896551724137931,0.011450381679389313,0.01963993453355155,raja,S5/S05_20170607_032937_2,all_channel,mean,mean__all_channel__E85,32,35,"[0, 1, 3, 5, 6, 7, 9, 10, 11, 12, 13, 14, 15, 17, 18, 19, 20, 22, 23, 24, 25, 26, 27, 28, 29, 30, 31, 32, 33, 34]",30,False,2.3715950113213774e-05,4.978995946822471e-09,7.903657039088984e-06,50.0
E91,67,67,5,62,519,0.07462686567164178,0.009541984732824428,0.01692047377326565,raja,S5/S05_20170607_032937_2,all_channel,mean,mean__all_channel__E91,32,35,"[0, 1, 3, 5, 6, 7, 9, 10, 11, 12, 13, 14, 15, 17, 18, 19, 20, 22, 23, 24, 25, 26, 27, 28, 29, 30, 31, 32, 33, 34]",30,False,2.0880609049744394e-05,-9.43781435414493e-10,6.96051761039327e-06,50.0
E112,30,30,4,26,520,0.13333333333333333,0.007633587786259542,0.014440433212996389,raja,S5/S05_20170607_032937_2,all_channel,mean,mean__all_channel__E112,32,35,"[0, 1, 3, 5, 6, 7, 9, 10, 11, 12, 13, 14, 15, 17, 18, 19, 20, 22, 23, 24, 25, 26, 27, 28, 29, 30, 31, 32, 33, 34]",30,False,1.515305323959754e-05,5.910107787100126e-09,5.0490477106034796e-06,50.0
E40,49,49,4,45,520,0.08163265306122448,0.007633587786259542,0.013961605584642234,raja,S5/S05_20170607_032937_2,all_channel,mean,mean__all_channel__E40,32,35,"[0, 1, 3, 5, 6, 7, 9, 10, 11, 12, 13, 14, 15, 17, 18, 19, 20, 22, 23, 24, 25, 26, 27, 28, 29, 30, 31, 32, 33, 34]",30,False,1.365055729053958e-05,-1.273026062538973e-09,4.55061010553404e-06,50.0
E47,68,68,4,64,520,0.058823529411764705,0.007633587786259542,0.013513513513513513,raja,S5/S05_20170607_032937_2,all_channel,mean,mean__all_channel__E47,32,35,"[0, 1, 3, 5, 6, 7, 9, 10, 11, 12, 13, 14, 15, 17, 18, 19, 20, 22, 23, 24, 25, 26, 27, 28, 29, 30, 31, 32, 33, 34]",30,False,1.2486208774150076e-05,3.0441667907428266e-11,4.162059444160723e-06,50.0
E37,51,51,3,48,521,0.058823529411764705,0.0057251908396946565,0.010434782608695651,raja,S5/S05_20170607_032937_2,all_channel,mean,mean__all_channel__E37,32,35,"[0, 1, 3, 5, 6, 7, 9, 10, 11, 12, 13, 14, 15, 17, 18, 19, 20, 22, 23, 24, 25, 26, 27, 28, 29, 30, 31, 32, 33, 34]",30,False,1.2196117393152785e-05,2.0198001873695076e-09,4.064699197655138e-06,50.0
E109,37,37,2,35,522,0.05405405405405406,0.003816793893129771,0.0071301247771836,raja,S5/S05_20170607_032937_2,all_channel,mean,mean__all_channel__E109,32,35,"[0, 1, 3, 5, 6, 7, 9, 10, 11, 12, 13, 14, 15, 17, 18, 19, 20, 22, 23, 24, 25, 26, 27, 28, 29, 30, 31, 32, 33, 34]",30,False,1.6253685500795662e-05,6.870422458870361e-09,5.415605026112264e-06,50.0
E104,15,15,1,14,523,0.06666666666666667,0.0019083969465648854,0.0037105751391465673,raja,S5/S05_20170607_032937_2,all_channel,mean,mean__all_channel__E104,32,35,"[0, 1, 3, 5, 6, 7, 9, 10, 11, 12, 13, 14, 15, 17, 18, 19, 20, 22, 23, 24, 25, 26, 27, 28, 29, 30, 31, 32, 33, 34]",30,False,1.5344234982506452e-05,-4.0412892048927195e-09,5.116092090570449e-06,50.0
E98,29,29,0,29,524,0.0,0.0,0.0,raja,S5/S05_20170607_032937_2,all_channel,mean,mean__all_channel__E98,32,35,"[0, 1, 3, 5, 6, 7, 9, 10, 11, 12, 13, 14, 15, 17, 18, 19, 20, 22, 23, 24, 25, 26, 27, 28, 29, 30, 31, 32, 33, 34]",30,False,2.076068369695871e-05,-1.681455908128286e-09,6.920788384288946e-06,50.0
E87,40,40,0,40,524,0.0,0.0,0.0,raja,S5/S05_20170607_032937_2,all_channel,mean,mean__all_channel__E87,32,35,"[0, 1, 3, 5, 6, 7, 9, 10, 11, 12, 13, 14, 15, 17, 18, 19, 20, 22, 23, 24, 25, 26, 27, 28, 29, 30, 31, 32, 33, 34]",30,False,1.368383819239504e-05,-6.223754930706343e-10,4.5614868559627035e-06,50.0
E9,533,533,498,35,26,0.9343339587242027,0.950381679389313,0.9422894985808893,raja,S5/S05_20170607_032937_2,frontal,median,median__frontal__E9,6,35,"[12, 13, 14, 24, 28, 32]",6,False,4.7966016167780223e-05,-2.7287312707929304e-06,1.689824914619105e-05,50.0
E22,537,537,494,43,30,0.9199255121042831,0.9427480916030534,0.9311969839773797,raja,S5/S05_20170607_032937_2,frontal,median,median__frontal__E22,6,35,"[12, 13, 14, 24, 28, 32]",6,False,4.5500357825875804e-05,-2.782732979582541e-06,1.609436360181945e-05,50.0
E23,535,535,480,55,44,0.897196261682243,0.916030534351145,0.9065155807365439,raja,S5/S05_20170607_032937_2,frontal,median,median__frontal__E23,6,35,"[12, 13, 14, 24, 28, 32]",6,False,3.373818401333995e-05,-1.932759531609022e-06,1.189031451498299e-05,50.0
E3,505,505,444,61,80,0.8792079207920792,0.8473282442748091,0.8629737609329445,raja,S5/S05_20170607_032937_2,frontal,median,median__frontal__E3,6,35,"[12, 13, 14, 24, 28, 32]",6,False,3.346339408584962e-05,-1.3163720659775755e-06,1.1593255383942398e-05,50.0
E24,474,474,402,72,122,0.8481012658227848,0.767175572519084,0.8056112224448898,raja,S5/S05_20170607_032937_2,frontal,median,median__frontal__E24,6,35,"[12, 13, 14, 24, 28, 32]",6,False,2.3726659603534697e-05,-1.0254194027629052e-06,8.250693002099201e-06,50.0
E124,329,329,264,65,260,0.8024316109422492,0.5038167938931297,0.618991793669402,raja,S5/S05_20170607_032937_2,frontal,median,median__frontal__E124,6,35,"[12, 13, 14, 24, 28, 32]",6,False,2.2864747301626427e-05,-6.747030338896025e-07,7.84648344517201e-06,50.0
E9,529,529,497,32,27,0.9395085066162571,0.9484732824427481,0.9439696106362773,raja,S5/S05_20170607_032937_2,frontal,mean,mean__frontal__E9,6,35,"[12, 13, 14, 24, 28, 32]",6,False,5.06957725704104e-05,1.0251318372440899e-09,1.689824914619105e-05,50.0
E22,536,536,492,44,32,0.917910447761194,0.9389312977099237,0.9283018867924528,raja,S5/S05_20170607_032937_2,frontal,mean,mean__frontal__E22,6,35,"[12, 13, 14, 24, 28, 32]",6,False,4.8322951685434196e-05,3.9860879975851604e-08,1.609436360181945e-05,50.0
E23,531,531,475,56,49,0.8945386064030132,0.9064885496183206,0.9004739336492891,raja,S5/S05_20170607_032937_2,frontal,mean,mean__frontal__E23,6,35,"[12, 13, 14, 24, 28, 32]",6,False,3.571906889855896e-05,4.8125353609988136e-08,1.189031451498299e-05,50.0
E3,493,493,434,59,90,0.8803245436105477,0.8282442748091603,0.8534906588003932,raja,S5/S05_20170607_032937_2,frontal,mean,mean__frontal__E3,6,35,"[12, 13, 14, 24, 28, 32]",6,False,3.4832909807627404e-05,5.3143655800206413e-08,1.1593255383942398e-05,50.0
E24,456,456,387,69,137,0.8486842105263158,0.7385496183206107,0.789795918367347,raja,S5/S05_20170607_032937_2,frontal,mean,mean__frontal__E24,6,35,"[12, 13, 14, 24, 28, 32]",6,False,2.4751327689226415e-05,-7.513170711894244e-10,8.250693002099201e-06,50.0
E124,311,311,244,67,280,0.7845659163987139,0.46564885496183206,0.584431137724551,raja,S5/S05_20170607_032937_2,frontal,mean,mean__frontal__E124,6,35,"[12, 13, 14, 24, 28, 32]",6,False,2.3544651362759272e-05,5.201027243244853e-09,7.84648344517201e-06,50.0
E22,537,537,494,43,30,0.9199255121042831,0.9427480916030534,0.9311969839773797,raja,S5/S05_20170607_032937_2,frontal_left,median,median__frontal_left__E22,3,35,"[13, 14, 28, 32]",4,False,4.593040849390113e-05,-3.062755124653917e-06,1.633105453951835e-05,50.0
E23,537,537,480,57,44,0.8938547486033519,0.916030534351145,0.9048067860508953,raja,S5/S05_20170607_032937_2,frontal_left,median,median__frontal_left__E23,3,35,"[13, 14, 28, 32]",4,False,3.38506219888375e-05,-2.112571708716332e-06,1.1987731232517944e-05,50.0
E24,473,473,402,71,122,0.8498942917547568,0.767175572519084,0.80641925777332,raja,S5/S05_20170607_032937_2,frontal_left,median,median__frontal_left__E24,3,35,"[13, 14, 28, 32]",4,False,2.3699107607654268e-05,-1.1980091723671236e-06,8.299038926673797e-06,50.0
E22,536,536,491,45,33,0.9160447761194029,0.9370229007633588,0.9264150943396227,raja,S5/S05_20170607_032937_2,frontal_left,mean,mean__frontal_left__E22,3,35,"[13, 14, 28, 32]",4,False,4.902199546065083e-05,2.8831842095782055e-08,1.633105453951835e-05,50.0
E23,529,529,475,54,49,0.8979206049149339,0.9064885496183206,0.902184235517569,raja,S5/S05_20170607_032937_2,frontal_left,mean,mean__frontal_left__E23,3,35,"[13, 14, 28, 32]",4,False,3.602481245146701e-05,6.16187539131731e-08,1.1987731232517944e-05,50.0
E24,450,450,383,67,141,0.8511111111111112,0.7309160305343512,0.7864476386036962,raja,S5/S05_20170607_032937_2,frontal_left,mean,mean__frontal_left__E24,3,35,"[13, 14, 28, 32]",4,False,2.4895632615389142e-05,-1.4841646322490471e-09,8.299038926673797e-06,50.0
E9,531,531,497,34,27,0.935969868173258,0.9484732824427481,0.9421800947867299,raja,S5/S05_20170607_032937_2,frontal_right,median,median__frontal_right__E9,3,35,"[12, 14, 24]",3,False,4.92017982665127e-05,-2.0326878884211195e-06,1.7078162051644606e-05,50.0
E3,500,500,440,60,84,0.88,0.8396946564885496,0.859375,raja,S5/S05_20170607_032937_2,frontal_right,median,median__frontal_right__E3,3,35,"[12, 14, 24]",3,False,3.405410232641236e-05,-1.0797581482257699e-06,1.1711286824879377e-05,50.0
E124,327,327,262,65,262,0.8012232415902141,0.5,0.6157461809635723,raja,S5/S05_20170607_032937_2,frontal_right,median,median__frontal_right__E124,3,35,"[12, 14, 24]",3,False,2.291900612342966e-05,-5.500191286239172e-07,7.823008417351192e-06,50.0
E9,531,531,497,34,27,0.935969868173258,0.9484732824427481,0.9421800947867299,raja,S5/S05_20170607_032937_2,frontal_right,mean,mean__frontal_right__E9,3,35,"[12, 14, 24]",3,False,5.1245776779773175e-05,1.1290624839357806e-08,1.7078162051644606e-05,50.0
E3,488,488,431,57,93,0.8831967213114754,0.8225190839694656,0.8517786561264821,raja,S5/S05_20170607_032937_2,frontal_right,mean,mean__frontal_right__E3,3,35,"[12, 14, 24]",3,False,3.518794676710925e-05,5.4086292471115244e-08,1.1711286824879377e-05,50.0
E124,312,312,246,66,278,0.7884615384615384,0.46946564885496184,0.5885167464114832,raja,S5/S05_20170607_032937_2,frontal_right,mean,mean__frontal_right__E124,3,35,"[12, 14, 24]",3,False,2.3469522024351394e-05,4.967722978183794e-10,7.823008417351192e-06,50.0
E9,541,541,501,40,23,0.9260628465804066,0.9561068702290076,0.9408450704225352,raja,S5/S05_20170607_032937_2,all_channel,median,median__all_channel__E9,32,29,"[0, 1, 3, 4, 5, 6, 8, 9, 10, 11, 12, 13, 14, 15, 16, 17, 18, 19, 20, 21, 22, 23, 24, 25, 27, 28]",26,False,4.0823987471524924e-05,-1.9184190490465454e-06,1.424746884019049e-05,60.0
E22,555,555,498,57,26,0.8972972972972973,0.950381679389313,0.923076923076923,raja,S5/S05_20170607_032937_2,all_channel,median,median__all_channel__E22,32,29,"[0, 1, 3, 4, 5, 6, 8, 9, 10, 11, 12, 13, 14, 15, 16, 17, 18, 19, 20, 21, 22, 23, 24, 25, 27, 28]",26,False,4.043265240065126e-05,-1.92871724820049e-06,1.412045654961725e-05,60.0
E23,545,545,486,59,38,0.8917431192660551,0.9274809160305344,0.9092609915809168,raja,S5/S05_20170607_032937_2,all_channel,median,median__all_channel__E23,32,29,"[0, 1, 3, 4, 5, 6, 8, 9, 10, 11, 12, 13, 14, 15, 16, 17, 18, 19, 20, 21, 22, 23, 24, 25, 27, 28]",26,False,2.9650291629176888e-05,-1.2657913949722913e-06,1.0305361008049726e-05,60.0
E11,545,545,474,71,50,0.8697247706422019,0.9045801526717557,0.8868101028999066,raja,S5/S05_20170607_032937_2,all_channel,median,median__all_channel__E11,32,29,"[0, 1, 3, 4, 5, 6, 8, 9, 10, 11, 12, 13, 14, 15, 16, 17, 18, 19, 20, 21, 22, 23, 24, 25, 27, 28]",26,False,2.2363377964460832e-05,-7.659545898269077e-07,7.709777518095912e-06,60.0
E3,520,520,456,64,68,0.8769230769230769,0.8702290076335878,0.8735632183908046,raja,S5/S05_20170607_032937_2,all_channel,median,median__all_channel__E3,32,29,"[0, 1, 3, 4, 5, 6, 8, 9, 10, 11, 12, 13, 14, 15, 16, 17, 18, 19, 20, 21, 22, 23, 24, 25, 27, 28]",26,False,3.0034533830927983e-05,-1.0455835345423247e-06,1.0360039121823435e-05,60.0
E26,482,482,414,68,110,0.8589211618257261,0.7900763358778626,0.8230616302186878,raja,S5/S05_20170607_032937_2,all_channel,median,median__all_channel__E26,32,29,"[0, 1, 3, 4, 5, 6, 8, 9, 10, 11, 12, 13, 14, 15, 16, 17, 18, 19, 20, 21, 22, 23, 24, 25, 27, 28]",26,False,3.453705418018873e-05,-1.1962229915265199e-06,1.191109239057175e-05,60.0
E24,499,499,420,79,104,0.8416833667334669,0.8015267175572519,0.8211143695014662,raja,S5/S05_20170607_032937_2,all_channel,median,median__all_channel__E24,32,29,"[0, 1, 3, 4, 5, 6, 8, 9, 10, 11, 12, 13, 14, 15, 16, 17, 18, 19, 20, 21, 22, 23, 24, 25, 27, 28]",26,False,2.225324670925412e-05,-6.999998487940141e-07,7.651082186016044e-06,60.0
E124,394,394,315,79,209,0.799492385786802,0.601145038167939,0.6862745098039216,raja,S5/S05_20170607_032937_2,all_channel,median,median__all_channel__E124,32,29,"[0, 1, 3, 4, 5, 6, 8, 9, 10, 11, 12, 13, 14, 15, 16, 17, 18, 19, 20, 21, 22, 23, 24, 25, 27, 28]",26,False,2.084544735957119e-05,-5.164760069601081e-07,7.120641122177099e-06,60.0
E77,281,281,36,245,488,0.12811387900355872,0.06870229007633588,0.08944099378881988,raja,S5/S05_20170607_032937_2,all_channel,median,median__all_channel__E77,32,29,"[0, 1, 3, 4, 5, 6, 8, 9, 10, 11, 12, 13, 14, 15, 16, 17, 18, 19, 20, 21, 22, 23, 24, 25, 27, 28]",26,False,2.7552899969267326e-05,3.4305102371889417e-07,9.069949648516144e-06,60.0
E28,53,53,24,29,500,0.4528301886792453,0.04580152671755725,0.0831889081455806,raja,S5/S05_20170607_032937_2,all_channel,median,median__all_channel__E28,32,29,"[0, 1, 3, 4, 5, 6, 8, 9, 10, 11, 12, 13, 14, 15, 16, 17, 18, 19, 20, 21, 22, 23, 24, 25, 27, 28]",26,False,2.186601850837207e-05,-2.3063269642744547e-07,7.365550401599839e-06,60.0
E33,98,98,24,74,500,0.24489795918367346,0.04580152671755725,0.07717041800643086,raja,S5/S05_20170607_032937_2,all_channel,median,median__all_channel__E33,32,29,"[0, 1, 3, 4, 5, 6, 8, 9, 10, 11, 12, 13, 14, 15, 16, 17, 18, 19, 20, 21, 22, 23, 24, 25, 27, 28]",26,False,1.892250571361236e-05,-1.7264313891090653e-07,6.3650496175077555e-06,60.0
E122,135,135,25,110,499,0.18518518518518517,0.04770992366412214,0.07587253414264038,raja,S5/S05_20170607_032937_2,all_channel,median,median__all_channel__E122,32,29,"[0, 1, 3, 4, 5, 6, 8, 9, 10, 11, 12, 13, 14, 15, 16, 17, 18, 19, 20, 21, 22, 23, 24, 25, 27, 28]",26,False,1.7274601469905248e-05,-1.7914015672455422e-08,5.764171828525901e-06,60.0
E117,66,66,12,54,512,0.18181818181818182,0.022900763358778626,0.04067796610169491,raja,S5/S05_20170607_032937_2,all_channel,median,median__all_channel__E117,32,29,"[0, 1, 3, 4, 5, 6, 8, 9, 10, 11, 12, 13, 14, 15, 16, 17, 18, 19, 20, 21, 22, 23, 24, 25, 27, 28]",26,False,2.5762873239745262e-05,1.8393474559734254e-08,8.581493255061842e-06,60.0
E13,36,36,11,25,513,0.3055555555555556,0.02099236641221374,0.039285714285714285,raja,S5/S05_20170607_032937_2,all_channel,median,median__all_channel__E13,32,29,"[0, 1, 3, 4, 5, 6, 8, 9, 10, 11, 12, 13, 14, 15, 16, 17, 18, 19, 20, 21, 22, 23, 24, 25, 27, 28]",26,False,1.557811889727204e-05,-3.379871863131253e-10,5.1928189614861174e-06,60.0
E67,171,171,13,158,511,0.07602339181286549,0.02480916030534351,0.03741007194244604,raja,S5/S05_20170607_032937_2,all_channel,median,median__all_channel__E67,32,29,"[0, 1, 3, 4, 5, 6, 8, 9, 10, 11, 12, 13, 14, 15, 16, 17, 18, 19, 20, 21, 22, 23, 24, 25, 27, 28]",26,False,1.7623497249632946e-05,2.521634393541173e-07,5.790444603426276e-06,60.0
E84,201,201,13,188,511,0.06467661691542288,0.02480916030534351,0.03586206896551724,raja,S5/S05_20170607_032937_2,all_channel,median,median__all_channel__E84,32,29,"[0, 1, 3, 4, 5, 6, 8, 9, 10, 11, 12, 13, 14, 15, 16, 17, 18, 19, 20, 21, 22, 23, 24, 25, 27, 28]",26,False,2.1331663673537394e-05,2.570043932668414e-07,7.024886426756851e-06,60.0
E59,148,148,8,140,516,0.05405405405405406,0.015267175572519083,0.02380952380952381,raja,S5/S05_20170607_032937_2,all_channel,median,median__all_channel__E59,32,29,"[0, 1, 3, 4, 5, 6, 8, 9, 10, 11, 12, 13, 14, 15, 16, 17, 18, 19, 20, 21, 22, 23, 24, 25, 27, 28]",26,False,1.4761688430340168e-05,3.6348904594889666e-07,4.79939979479709e-06,60.0
E75,149,149,8,141,516,0.053691275167785234,0.015267175572519083,0.023774145616641897,raja,S5/S05_20170607_032937_2,all_channel,median,median__all_channel__E75,32,29,"[0, 1, 3, 4, 5, 6, 8, 9, 10, 11, 12, 13, 14, 15, 16, 17, 18, 19, 20, 21, 22, 23, 24, 25, 27, 28]",26,False,2.184066427514702e-05,1.0818561951533483e-07,7.2441595518772275e-06,60.0
E60,121,121,7,114,517,0.05785123966942149,0.013358778625954198,0.02170542635658915,raja,S5/S05_20170607_032937_2,all_channel,median,median__all_channel__E60,32,29,"[0, 1, 3, 4, 5, 6, 8, 9, 10, 11, 12, 13, 14, 15, 16, 17, 18, 19, 20, 21, 22, 23, 24, 25, 27, 28]",26,False,1.7750171305657754e-05,4.162936942883943e-07,5.777959203789787e-06,60.0
E83,126,126,7,119,517,0.05555555555555555,0.013358778625954198,0.021538461538461538,raja,S5/S05_20170607_032937_2,all_channel,median,median__all_channel__E83,32,29,"[0, 1, 3, 4, 5, 6, 8, 9, 10, 11, 12, 13, 14, 15, 16, 17, 18, 19, 20, 21, 22, 23, 24, 25, 27, 28]",26,False,2.279219816850176e-05,1.0491765625923561e-07,7.562426837414175e-06,60.0
E62,127,127,7,120,517,0.05511811023622047,0.013358778625954198,0.021505376344086023,raja,S5/S05_20170607_032937_2,all_channel,median,median__all_channel__E62,32,29,"[0, 1, 3, 4, 5, 6, 8, 9, 10, 11, 12, 13, 14, 15, 16, 17, 18, 19, 20, 21, 22, 23, 24, 25, 27, 28]",26,False,1.6070089361350056e-05,3.4017638252902573e-07,5.243304326273677e-06,60.0
E70,152,152,7,145,517,0.046052631578947366,0.013358778625954198,0.020710059171597635,raja,S5/S05_20170607_032937_2,all_channel,median,median__all_channel__E70,32,29,"[0, 1, 3, 4, 5, 6, 8, 9, 10, 11, 12, 13, 14, 15, 16, 17, 18, 19, 20, 21, 22, 23, 24, 25, 27, 28]",26,False,2.0911329804527425e-05,1.0704702931910266e-07,6.93476092506944e-06,60.0
E91,73,73,6,67,518,0.0821917808219178,0.011450381679389313,0.020100502512562814,raja,S5/S05_20170607_032937_2,all_channel,median,median__all_channel__E91,32,29,"[0, 1, 3, 4, 5, 6, 8, 9, 10, 11, 12, 13, 14, 15, 16, 17, 18, 19, 20, 21, 22, 23, 24, 25, 27, 28]",26,False,2.0401435169068024e-05,4.264507428785668e-07,6.658328142063152e-06,60.0
E85,91,91,6,85,518,0.06593406593406594,0.011450381679389313,0.01951219512195122,raja,S5/S05_20170607_032937_2,all_channel,median,median__all_channel__E85,32,29,"[0, 1, 3, 4, 5, 6, 8, 9, 10, 11, 12, 13, 14, 15, 16, 17, 18, 19, 20, 21, 22, 23, 24, 25, 27, 28]",26,False,2.3365562546808534e-05,3.67584014186826e-07,7.665992844207236e-06,60.0
E112,33,33,4,29,520,0.12121212121212122,0.007633587786259542,0.014362657091561938,raja,S5/S05_20170607_032937_2,all_channel,median,median__all_channel__E112,32,29,"[0, 1, 3, 4, 5, 6, 8, 9, 10, 11, 12, 13, 14, 15, 16, 17, 18, 19, 20, 21, 22, 23, 24, 25, 27, 28]",26,False,1.4774500927855155e-05,7.646066421679944e-08,4.899346754546118e-06,60.0
E109,38,38,4,34,520,0.10526315789473684,0.007633587786259542,0.014234875444839859,raja,S5/S05_20170607_032937_2,all_channel,median,median__all_channel__E109,32,29,"[0, 1, 3, 4, 5, 6, 8, 9, 10, 11, 12, 13, 14, 15, 16, 17, 18, 19, 20, 21, 22, 23, 24, 25, 27, 28]",26,False,1.6174799551255632e-05,2.6984044930363127e-07,5.3016530339840005e-06,60.0
E40,50,50,4,46,520,0.08,0.007633587786259542,0.013937282229965157,raja,S5/S05_20170607_032937_2,all_channel,median,median__all_channel__E40,32,29,"[0, 1, 3, 4, 5, 6, 8, 9, 10, 11, 12, 13, 14, 15, 16, 17, 18, 19, 20, 21, 22, 23, 24, 25, 27, 28]",26,False,1.3550264791290811e-05,1.7548929364328676e-07,4.4582584992158414e-06,60.0
E47,66,66,4,62,520,0.06060606060606061,0.007633587786259542,0.013559322033898305,raja,S5/S05_20170607_032937_2,all_channel,median,median__all_channel__E47,32,29,"[0, 1, 3, 4, 5, 6, 8, 9, 10, 11, 12, 13, 14, 15, 16, 17, 18, 19, 20, 21, 22, 23, 24, 25, 27, 28]",26,False,1.2480718800541032e-05,3.1386933448685e-07,4.055616488684727e-06,60.0
E37,50,50,3,47,521,0.06,0.0057251908396946565,0.010452961672473868,raja,S5/S05_20170607_032937_2,all_channel,median,median__all_channel__E37,32,29,"[0, 1, 3, 4, 5, 6, 8, 9, 10, 11, 12, 13, 14, 15, 16, 17, 18, 19, 20, 21, 22, 23, 24, 25, 27, 28]",26,False,1.2221367545641865e-05,2.186404441713465e-07,4.000909033823506e-06,60.0
E104,16,16,1,15,523,0.0625,0.0019083969465648854,0.0037037037037037034,raja,S5/S05_20170607_032937_2,all_channel,median,median__all_channel__E104,32,29,"[0, 1, 3, 4, 5, 6, 8, 9, 10, 11, 12, 13, 14, 15, 16, 17, 18, 19, 20, 21, 22, 23, 24, 25, 27, 28]",26,False,1.5141895487583858e-05,1.4791729188158386e-07,4.997992731900758e-06,60.0
E98,30,30,0,30,524,0.0,0.0,0.0,raja,S5/S05_20170607_032937_2,all_channel,median,median__all_channel__E98,32,29,"[0, 1, 3, 4, 5, 6, 8, 9, 10, 11, 12, 13, 14, 15, 16, 17, 18, 19, 20, 21, 22, 23, 24, 25, 27, 28]",26,False,2.0357308362076618e-05,3.3262390485883984e-07,6.674894819072593e-06,60.0
E87,42,42,0,42,524,0.0,0.0,0.0,raja,S5/S05_20170607_032937_2,all_channel,median,median__all_channel__E87,32,29,"[0, 1, 3, 4, 5, 6, 8, 9, 10, 11, 12, 13, 14, 15, 16, 17, 18, 19, 20, 21, 22, 23, 24, 25, 27, 28]",26,False,1.3552760045469957e-05,2.384482282060982e-07,4.438103939087953e-06,60.0
E9,535,535,500,35,24,0.9345794392523364,0.9541984732824428,0.9442870632672333,raja,S5/S05_20170607_032937_2,all_channel,mean,mean__all_channel__E9,32,29,"[0, 1, 3, 4, 5, 6, 8, 9, 10, 11, 12, 13, 14, 15, 16, 17, 18, 19, 20, 21, 22, 23, 24, 25, 27, 28]",26,False,4.2743510474802695e-05,1.1039542312229097e-09,1.424746884019049e-05,60.0
E22,550,550,496,54,28,0.9018181818181819,0.9465648854961832,0.9236499068901304,raja,S5/S05_20170607_032937_2,all_channel,mean,mean__all_channel__E22,32,29,"[0, 1, 3, 4, 5, 6, 8, 9, 10, 11, 12, 13, 14, 15, 16, 17, 18, 19, 20, 21, 22, 23, 24, 25, 27, 28]",26,False,4.2345580329727065e-05,-1.5789319124680824e-08,1.412045654961725e-05,60.0
E23,542,542,485,57,39,0.8948339483394834,0.9255725190839694,0.9099437148217636,raja,S5/S05_20170607_032937_2,all_channel,mean,mean__all_channel__E23,32,29,"[0, 1, 3, 4, 5, 6, 8, 9, 10, 11, 12, 13, 14, 15, 16, 17, 18, 19, 20, 21, 22, 23, 24, 25, 27, 28]",26,False,3.0906358105109746e-05,-9.724919039431516e-09,1.0305361008049726e-05,60.0
E11,540,540,472,68,52,0.8740740740740741,0.9007633587786259,0.8872180451127819,raja,S5/S05_20170607_032937_2,all_channel,mean,mean__all_channel__E11,32,29,"[0, 1, 3, 4, 5, 6, 8, 9, 10, 11, 12, 13, 14, 15, 16, 17, 18, 19, 20, 21, 22, 23, 24, 25, 27, 28]",26,False,2.312332516158236e-05,-6.007392705376571e-09,7.709777518095912e-06,60.0
E3,514,514,450,64,74,0.8754863813229572,0.8587786259541985,0.8670520231213873,raja,S5/S05_20170607_032937_2,all_channel,mean,mean__all_channel__E3,32,29,"[0, 1, 3, 4, 5, 6, 8, 9, 10, 11, 12, 13, 14, 15, 16, 17, 18, 19, 20, 21, 22, 23, 24, 25, 27, 28]",26,False,3.107991317831679e-05,-2.0418715352323506e-10,1.0360039121823435e-05,60.0
E24,489,489,414,75,110,0.8466257668711656,0.7900763358778626,0.8173741362290227,raja,S5/S05_20170607_032937_2,all_channel,mean,mean__all_channel__E24,32,29,"[0, 1, 3, 4, 5, 6, 8, 9, 10, 11, 12, 13, 14, 15, 16, 17, 18, 19, 20, 21, 22, 23, 24, 25, 27, 28]",26,False,2.2943394115311296e-05,-9.852442736837875e-09,7.651082186016044e-06,60.0
E26,477,477,407,70,117,0.8532494758909853,0.7767175572519084,0.8131868131868132,raja,S5/S05_20170607_032937_2,all_channel,mean,mean__all_channel__E26,32,29,"[0, 1, 3, 4, 5, 6, 8, 9, 10, 11, 12, 13, 14, 15, 16, 17, 18, 19, 20, 21, 22, 23, 24, 25, 27, 28]",26,False,3.5715520068809625e-05,-1.7757102905625886e-08,1.191109239057175e-05,60.0
E124,373,373,301,72,223,0.806970509383378,0.5744274809160306,0.6711259754738016,raja,S5/S05_20170607_032937_2,all_channel,mean,mean__all_channel__E124,32,29,"[0, 1, 3, 4, 5, 6, 8, 9, 10, 11, 12, 13, 14, 15, 16, 17, 18, 19, 20, 21, 22, 23, 24, 25, 27, 28]",26,False,2.1358013715151483e-05,-3.909651379814014e-09,7.120641122177099e-06,60.0
E77,286,286,36,250,488,0.1258741258741259,0.06870229007633588,0.08888888888888889,raja,S5/S05_20170607_032937_2,all_channel,mean,mean__all_channel__E77,32,29,"[0, 1, 3, 4, 5, 6, 8, 9, 10, 11, 12, 13, 14, 15, 16, 17, 18, 19, 20, 21, 22, 23, 24, 25, 27, 28]",26,False,2.7252691590292897e-05,4.284264474446573e-08,9.069949648516144e-06,60.0
E33,97,97,24,73,500,0.24742268041237114,0.04580152671755725,0.07729468599033816,raja,S5/S05_20170607_032937_2,all_channel,mean,mean__all_channel__E33,32,29,"[0, 1, 3, 4, 5, 6, 8, 9, 10, 11, 12, 13, 14, 15, 16, 17, 18, 19, 20, 21, 22, 23, 24, 25, 27, 28]",26,False,1.9083715714470678e-05,-1.1433138052587501e-08,6.3650496175077555e-06,60.0
E28,51,51,22,29,502,0.43137254901960786,0.04198473282442748,0.07652173913043478,raja,S5/S05_20170607_032937_2,all_channel,mean,mean__all_channel__E28,32,29,"[0, 1, 3, 4, 5, 6, 8, 9, 10, 11, 12, 13, 14, 15, 16, 17, 18, 19, 20, 21, 22, 23, 24, 25, 27, 28]",26,False,2.209401283780505e-05,-2.6383669944649815e-09,7.365550401599839e-06,60.0
E122,135,135,25,110,499,0.18518518518518517,0.04770992366412214,0.07587253414264038,raja,S5/S05_20170607_032937_2,all_channel,mean,mean__all_channel__E122,32,29,"[0, 1, 3, 4, 5, 6, 8, 9, 10, 11, 12, 13, 14, 15, 16, 17, 18, 19, 20, 21, 22, 23, 24, 25, 27, 28]",26,False,1.729217792464347e-05,-3.3756093423347587e-10,5.764171828525901e-06,60.0
E117,66,66,12,54,512,0.18181818181818182,0.022900763358778626,0.04067796610169491,raja,S5/S05_20170607_032937_2,all_channel,mean,mean__all_channel__E117,32,29,"[0, 1, 3, 4, 5, 6, 8, 9, 10, 11, 12, 13, 14, 15, 16, 17, 18, 19, 20, 21, 22, 23, 24, 25, 27, 28]",26,False,2.574750872348394e-05,3.0289582984138846e-09,8.581493255061842e-06,60.0
E13,36,36,11,25,513,0.3055555555555556,0.02099236641221374,0.039285714285714285,raja,S5/S05_20170607_032937_2,all_channel,mean,mean__all_channel__E13,32,29,"[0, 1, 3, 4, 5, 6, 8, 9, 10, 11, 12, 13, 14, 15, 16, 17, 18, 19, 20, 21, 22, 23, 24, 25, 27, 28]",26,False,1.557500010483396e-05,-3.4567796243916037e-09,5.1928189614861174e-06,60.0
E67,175,175,13,162,511,0.07428571428571429,0.02480916030534351,0.03719599427753934,raja,S5/S05_20170607_032937_2,all_channel,mean,mean__all_channel__E67,32,29,"[0, 1, 3, 4, 5, 6, 8, 9, 10, 11, 12, 13, 14, 15, 16, 17, 18, 19, 20, 21, 22, 23, 24, 25, 27, 28]",26,False,1.7371510859644884e-05,1.7704936605639268e-10,5.790444603426276e-06,60.0
E84,209,209,13,196,511,0.06220095693779904,0.02480916030534351,0.0354706684856753,raja,S5/S05_20170607_032937_2,all_channel,mean,mean__all_channel__E84,32,29,"[0, 1, 3, 4, 5, 6, 8, 9, 10, 11, 12, 13, 14, 15, 16, 17, 18, 19, 20, 21, 22, 23, 24, 25, 27, 28]",26,False,2.1083558758876487e-05,8.899478605934514e-09,7.024886426756851e-06,60.0
E62,140,140,8,132,516,0.05714285714285714,0.015267175572519083,0.024096385542168672,raja,S5/S05_20170607_032937_2,all_channel,mean,mean__all_channel__E62,32,29,"[0, 1, 3, 4, 5, 6, 8, 9, 10, 11, 12, 13, 14, 15, 16, 17, 18, 19, 20, 21, 22, 23, 24, 25, 27, 28]",26,False,1.5732244925819834e-05,2.3319469988031043e-09,5.243304326273677e-06,60.0
E75,150,150,8,142,516,0.05333333333333334,0.015267175572519083,0.023738872403560828,raja,S5/S05_20170607_032937_2,all_channel,mean,mean__all_channel__E75,32,29,"[0, 1, 3, 4, 5, 6, 8, 9, 10, 11, 12, 13, 14, 15, 16, 17, 18, 19, 20, 21, 22, 23, 24, 25, 27, 28]",26,False,2.1735167366864753e-05,2.6887112330701534e-09,7.2441595518772275e-06,60.0
E59,158,158,8,150,516,0.05063291139240506,0.015267175572519083,0.02346041055718475,raja,S5/S05_20170607_032937_2,all_channel,mean,mean__all_channel__E59,32,29,"[0, 1, 3, 4, 5, 6, 8, 9, 10, 11, 12, 13, 14, 15, 16, 17, 18, 19, 20, 21, 22, 23, 24, 25, 27, 28]",26,False,1.4396157057911251e-05,-2.042326480019778e-09,4.79939979479709e-06,60.0
E60,127,127,7,120,517,0.05511811023622047,0.013358778625954198,0.021505376344086023,raja,S5/S05_20170607_032937_2,all_channel,mean,mean__all_channel__E60,32,29,"[0, 1, 3, 4, 5, 6, 8, 9, 10, 11, 12, 13, 14, 15, 16, 17, 18, 19, 20, 21, 22, 23, 24, 25, 27, 28]",26,False,1.7327544650015577e-05,-6.332961353785017e-09,5.777959203789787e-06,60.0
E83,128,128,7,121,517,0.0546875,0.013358778625954198,0.02147239263803681,raja,S5/S05_20170607_032937_2,all_channel,mean,mean__all_channel__E83,32,29,"[0, 1, 3, 4, 5, 6, 8, 9, 10, 11, 12, 13, 14, 15, 16, 17, 18, 19, 20, 21, 22, 23, 24, 25, 27, 28]",26,False,2.2693028182161653e-05,5.747669919126422e-09,7.562426837414175e-06,60.0
E70,153,153,7,146,517,0.0457516339869281,0.013358778625954198,0.020679468242245196,raja,S5/S05_20170607_032937_2,all_channel,mean,mean__all_channel__E70,32,29,"[0, 1, 3, 4, 5, 6, 8, 9, 10, 11, 12, 13, 14, 15, 16, 17, 18, 19, 20, 21, 22, 23, 24, 25, 27, 28]",26,False,2.0805113992459194e-05,8.312172508718732e-10,6.93476092506944e-06,60.0
E91,80,80,6,74,518,0.075,0.011450381679389313,0.01986754966887417,raja,S5/S05_20170607_032937_2,all_channel,mean,mean__all_channel__E91,32,29,"[0, 1, 3, 4, 5, 6, 8, 9, 10, 11, 12, 13, 14, 15, 16, 17, 18, 19, 20, 21, 22, 23, 24, 25, 27, 28]",26,False,1.9984863471688807e-05,9.879045499349502e-09,6.658328142063152e-06,60.0
E85,91,91,6,85,518,0.06593406593406594,0.011450381679389313,0.01951219512195122,raja,S5/S05_20170607_032937_2,all_channel,mean,mean__all_channel__E85,32,29,"[0, 1, 3, 4, 5, 6, 8, 9, 10, 11, 12, 13, 14, 15, 16, 17, 18, 19, 20, 21, 22, 23, 24, 25, 27, 28]",26,False,2.299742026006501e-05,-5.582725566989522e-10,7.665992844207236e-06,60.0
E112,34,34,4,30,520,0.11764705882352941,0.007633587786259542,0.014336917562724013,raja,S5/S05_20170607_032937_2,all_channel,mean,mean__all_channel__E112,32,29,"[0, 1, 3, 4, 5, 6, 8, 9, 10, 11, 12, 13, 14, 15, 16, 17, 18, 19, 20, 21, 22, 23, 24, 25, 27, 28]",26,False,1.469748803042996e-05,-5.522332083944134e-10,4.899346754546118e-06,60.0
E109,38,38,4,34,520,0.10526315789473684,0.007633587786259542,0.014234875444839859,raja,S5/S05_20170607_032937_2,all_channel,mean,mean__all_channel__E109,32,29,"[0, 1, 3, 4, 5, 6, 8, 9, 10, 11, 12, 13, 14, 15, 16, 17, 18, 19, 20, 21, 22, 23, 24, 25, 27, 28]",26,False,1.590470494429652e-05,-2.541576554813802e-10,5.3016530339840005e-06,60.0
E40,54,54,4,50,520,0.07407407407407407,0.007633587786259542,0.01384083044982699,raja,S5/S05_20170607_032937_2,all_channel,mean,mean__all_channel__E40,32,29,"[0, 1, 3, 4, 5, 6, 8, 9, 10, 11, 12, 13, 14, 15, 16, 17, 18, 19, 20, 21, 22, 23, 24, 25, 27, 28]",26,False,1.3369887059377325e-05,-4.88843827019883e-09,4.4582584992158414e-06,60.0
E47,67,67,4,63,520,0.05970149253731343,0.007633587786259542,0.013536379018612519,raja,S5/S05_20170607_032937_2,all_channel,mean,mean__all_channel__E47,32,29,"[0, 1, 3, 4, 5, 6, 8, 9, 10, 11, 12, 13, 14, 15, 16, 17, 18, 19, 20, 21, 22, 23, 24, 25, 27, 28]",26,False,1.2164707432935729e-05,-2.1420331184517724e-09,4.055616488684727e-06,60.0
E37,54,54,3,51,521,0.05555555555555555,0.0057251908396946565,0.010380622837370242,raja,S5/S05_20170607_032937_2,all_channel,mean,mean__all_channel__E37,32,29,"[0, 1, 3, 4, 5, 6, 8, 9, 10, 11, 12, 13, 14, 15, 16, 17, 18, 19, 20, 21, 22, 23, 24, 25, 27, 28]",26,False,1.2002063675562286e-05,-6.634259082322809e-10,4.000909033823506e-06,60.0
E104,18,18,1,17,523,0.05555555555555555,0.0019083969465648854,0.003690036900369003,raja,S5/S05_20170607_032937_2,all_channel,mean,mean__all_channel__E104,32,29,"[0, 1, 3, 4, 5, 6, 8, 9, 10, 11, 12, 13, 14, 15, 16, 17, 18, 19, 20, 21, 22, 23, 24, 25, 27, 28]",26,False,1.4997980041899379e-05,4.0018461971045525e-09,4.997992731900758e-06,60.0
E87,45,45,1,44,523,0.022222222222222223,0.0019083969465648854,0.0035149384885764497,raja,S5/S05_20170607_032937_2,all_channel,mean,mean__all_channel__E87,32,29,"[0, 1, 3, 4, 5, 6, 8, 9, 10, 11, 12, 13, 14, 15, 16, 17, 18, 19, 20, 21, 22, 23, 24, 25, 27, 28]",26,False,1.3317263000889758e-05,2.951183625897951e-09,4.438103939087953e-06,60.0
E98,37,37,0,37,524,0.0,0.0,0.0,raja,S5/S05_20170607_032937_2,all_channel,mean,mean__all_channel__E98,32,29,"[0, 1, 3, 4, 5, 6, 8, 9, 10, 11, 12, 13, 14, 15, 16, 17, 18, 19, 20, 21, 22, 23, 24, 25, 27, 28]",26,False,2.003066887386204e-05,5.9844166442604275e-09,6.674894819072593e-06,60.0
E9,535,535,500,35,24,0.9345794392523364,0.9541984732824428,0.9442870632672333,raja,S5/S05_20170607_032937_2,frontal,median,median__frontal__E9,6,29,"[10, 13, 18]",3,False,4.3827576118645966e-05,-1.9634655782869097e-06,1.5263680565644292e-05,60.0
E22,552,552,498,54,26,0.9021739130434783,0.950381679389313,0.9256505576208178,raja,S5/S05_20170607_032937_2,frontal,median,median__frontal__E22,6,29,"[10, 13, 18]",3,False,4.147029556381743e-05,-2.230933011361057e-06,1.4567076191726163e-05,60.0
E23,545,545,486,59,38,0.8917431192660551,0.9274809160305344,0.9092609915809168,raja,S5/S05_20170607_032937_2,frontal,median,median__frontal__E23,6,29,"[10, 13, 18]",3,False,3.010871660075259e-05,-1.4601058076850436e-06,1.0522940802812545e-05,60.0
E3,519,519,453,66,71,0.8728323699421965,0.8645038167938931,0.8686481303930967,raja,S5/S05_20170607_032937_2,frontal,median,median__frontal__E3,6,29,"[10, 13, 18]",3,False,3.051655003227562e-05,-1.1200093189428531e-06,1.054551978373949e-05,60.0
E24,490,490,415,75,109,0.8469387755102041,0.7919847328244275,0.8185404339250493,raja,S5/S05_20170607_032937_2,frontal,median,median__frontal__E24,6,29,"[10, 13, 18]",3,False,2.27188570375836e-05,-7.438769566070868e-07,7.820911331396896e-06,60.0
E124,367,367,294,73,230,0.8010899182561307,0.5610687022900763,0.6599326599326599,raja,S5/S05_20170607_032937_2,frontal,median,median__frontal__E124,6,29,"[10, 13, 18]",3,False,2.1541538530088686e-05,-5.518525177916623e-07,7.364463682626784e-06,60.0
E9,534,534,496,38,28,0.9288389513108615,0.9465648854961832,0.9376181474480152,raja,S5/S05_20170607_032937_2,frontal,mean,mean__frontal__E9,6,29,"[10, 13, 18]",3,False,4.591189545918155e-05,1.2085376224867624e-07,1.5263680565644292e-05,60.0
E22,543,543,493,50,31,0.9079189686924494,0.9408396946564885,0.9240862230552953,raja,S5/S05_20170607_032937_2,frontal,mean,mean__frontal__E22,6,29,"[10, 13, 18]",3,False,4.3790321780020665e-05,8.909320484218043e-08,1.4567076191726163e-05,60.0
E23,539,539,483,56,41,0.8961038961038961,0.9217557251908397,0.9087488240827846,raja,S5/S05_20170607_032937_2,frontal,mean,mean__frontal__E23,6,29,"[10, 13, 18]",3,False,3.162206895211851e-05,5.324654368086998e-08,1.0522940802812545e-05,60.0
E3,511,511,448,63,76,0.8767123287671232,0.8549618320610687,0.8657004830917873,raja,S5/S05_20170607_032937_2,frontal,mean,mean__frontal__E3,6,29,"[10, 13, 18]",3,False,3.1687967508587234e-05,5.140815736875974e-08,1.054551978373949e-05,60.0
E24,472,472,401,71,123,0.8495762711864406,0.7652671755725191,0.8052208835341366,raja,S5/S05_20170607_032937_2,frontal,mean,mean__frontal__E24,6,29,"[10, 13, 18]",3,False,2.3478369716784024e-05,1.5635722593337496e-08,7.820911331396896e-06,60.0
E124,350,350,280,70,244,0.8,0.5343511450381679,0.6407322654462243,raja,S5/S05_20170607_032937_2,frontal,mean,mean__frontal__E124,6,29,"[10, 13, 18]",3,False,2.2129532044564155e-05,3.614099668380526e-08,7.364463682626784e-06,60.0
E22,550,550,496,54,28,0.9018181818181819,0.9465648854961832,0.9236499068901304,raja,S5/S05_20170607_032937_2,frontal_left,median,median__frontal_left__E22,3,29,"[13, 18]",2,False,4.230271773590141e-05,-2.352492757584406e-06,1.4885070164495271e-05,60.0
E23,541,541,485,56,39,0.8964879852125693,0.9255725190839694,0.9107981220657277,raja,S5/S05_20170607_032937_2,frontal_left,median,median__frontal_left__E23,3,29,"[13, 18]",2,False,3.066703125010081e-05,-1.549615445596066e-06,1.0738882231898958e-05,60.0
E24,474,474,402,72,122,0.8481012658227848,0.767175572519084,0.8056112224448898,raja,S5/S05_20170607_032937_2,frontal_left,median,median__frontal_left__E24,3,29,"[13, 18]",2,False,2.336622186416525e-05,-8.28982166590522e-07,8.065068010251924e-06,60.0
E22,536,536,492,44,32,0.917910447761194,0.9389312977099237,0.9283018867924528,raja,S5/S05_20170607_032937_2,frontal_left,mean,mean__frontal_left__E22,3,29,"[13, 18]",2,False,4.4749942379946107e-05,9.473188646029277e-08,1.4885070164495271e-05,60.0
E23,537,537,478,59,46,0.8901303538175046,0.9122137404580153,0.9010367577756833,raja,S5/S05_20170607_032937_2,frontal_left,mean,mean__frontal_left__E23,3,29,"[13, 18]",2,False,3.227214020437267e-05,5.549350867578873e-08,1.0738882231898958e-05,60.0
E24,462,462,392,70,132,0.8484848484848485,0.7480916030534351,0.795131845841785,raja,S5/S05_20170607_032937_2,frontal_left,mean,mean__frontal_left__E24,3,29,"[13, 18]",2,False,2.4228833670420887e-05,3.3629639665114104e-08,8.065068010251924e-06,60.0
E9,541,541,501,40,23,0.9260628465804066,0.9561068702290076,0.9408450704225352,raja,S5/S05_20170607_032937_2,frontal_right,median,median__frontal_right__E9,3,29,[10],1,False,4.069373876956352e-05,-1.5007778834620067e-06,1.4064838884341842e-05,60.0
E3,520,520,456,64,68,0.8769230769230769,0.8702290076335878,0.8735632183908046,raja,S5/S05_20170607_032937_2,frontal_right,median,median__frontal_right__E3,3,29,[10],1,False,3.0184294716826357e-05,-9.192121347705482e-07,1.0367835617198968e-05,60.0
E124,421,421,343,78,181,0.8147268408551069,0.6545801526717557,0.725925925925926,raja,S5/S05_20170607_032937_2,frontal_right,median,median__frontal_right__E124,3,29,[10],1,False,1.9663717285892037e-05,-3.9094308018269684e-07,6.684886788691578e-06,60.0
E9,538,538,501,37,23,0.9312267657992565,0.9561068702290076,0.9435028248587569,raja,S5/S05_20170607_032937_2,frontal_right,mean,mean__frontal_right__E9,3,29,[10],1,False,4.2285304411673975e-05,9.078775864844697e-08,1.4064838884341842e-05,60.0
E3,512,512,449,63,75,0.876953125,0.8568702290076335,0.8667953667953667,raja,S5/S05_20170607_032937_2,frontal_right,mean,mean__frontal_right__E3,3,29,[10],1,False,3.1204167195929385e-05,1.0066034433248193e-07,1.0367835617198968e-05,60.0
E124,414,414,330,84,194,0.7971014492753623,0.6297709923664122,0.7036247334754797,raja,S5/S05_20170607_032937_2,frontal_right,mean,mean__frontal_right__E124,3,29,[10],1,False,2.0055285973872025e-05,6.256077972893967e-10,6.684886788691578e-06,60.0
E9,520,520,484,36,40,0.9307692307692308,0.9236641221374046,0.9272030651340997,raja,S5/S05_20170607_032937_2,all_channel,median,median__all_channel__E9,32,14,"[2, 4, 5, 6, 7, 8, 9, 10, 11, 12, 13]",11,False,4.1454286524623e-05,-2.0227340815271124e-06,1.4492340202050038e-05,120.0
E22,534,534,481,53,43,0.900749063670412,0.9179389312977099,0.9092627599243855,raja,S5/S05_20170607_032937_2,all_channel,median,median__all_channel__E22,32,14,"[2, 4, 5, 6, 7, 8, 9, 10, 11, 12, 13]",11,False,4.101346439194204e-05,-2.070741581469659e-06,1.4361401991137232e-05,120.0
E23,527,527,469,58,55,0.889943074003795,0.8950381679389313,0.8924833491912463,raja,S5/S05_20170607_032937_2,all_channel,median,median__all_channel__E23,32,14,"[2, 4, 5, 6, 7, 8, 9, 10, 11, 12, 13]",11,False,3.0075658938863664e-05,-1.3516920993852822e-06,1.0475783679416317e-05,120.0
E11,523,523,458,65,66,0.875717017208413,0.8740458015267175,0.8748806112702961,raja,S5/S05_20170607_032937_2,all_channel,median,median__all_channel__E11,32,14,"[2, 4, 5, 6, 7, 8, 9, 10, 11, 12, 13]",11,False,2.2818958898837958e-05,-8.043263853367521e-07,7.874428428058236e-06,120.0
E3,502,502,439,63,85,0.8745019920318725,0.8377862595419847,0.8557504873294346,raja,S5/S05_20170607_032937_2,all_channel,median,median__all_channel__E3,32,14,"[2, 4, 5, 6, 7, 8, 9, 10, 11, 12, 13]",11,False,3.0324082755273144e-05,-1.12257755499643e-06,1.0482220103423191e-05,120.0
E26,465,465,398,67,126,0.8559139784946237,0.7595419847328244,0.8048533872598584,raja,S5/S05_20170607_032937_2,all_channel,median,median__all_channel__E26,32,14,"[2, 4, 5, 6, 7, 8, 9, 10, 11, 12, 13]",11,False,3.476908835494785e-05,-1.2197041052209874e-06,1.1996264153389614e-05,120.0
E24,477,477,401,76,123,0.8406708595387841,0.7652671755725191,0.8011988011988012,raja,S5/S05_20170607_032937_2,all_channel,median,median__all_channel__E24,32,14,"[2, 4, 5, 6, 7, 8, 9, 10, 11, 12, 13]",11,False,2.286736768771644e-05,-7.458181259721453e-07,7.871061937896196e-06,120.0
E124,367,367,293,74,231,0.7983651226158038,0.5591603053435115,0.6576879910213242,raja,S5/S05_20170607_032937_2,all_channel,median,median__all_channel__E124,32,14,"[2, 4, 5, 6, 7, 8, 9, 10, 11, 12, 13]",11,False,2.1269612841137063e-05,-5.884259905153243e-07,7.286012943884129e-06,120.0
E77,257,257,32,225,492,0.1245136186770428,0.061068702290076333,0.08194622279129321,raja,S5/S05_20170607_032937_2,all_channel,median,median__all_channel__E77,32,14,"[2, 4, 5, 6, 7, 8, 9, 10, 11, 12, 13]",11,False,2.961301461976795e-05,3.74605816824872e-07,9.746136267647693e-06,120.0
E122,126,126,24,102,500,0.19047619047619047,0.04580152671755725,0.07384615384615384,raja,S5/S05_20170607_032937_2,all_channel,median,median__all_channel__E122,32,14,"[2, 4, 5, 6, 7, 8, 9, 10, 11, 12, 13]",11,False,1.7400212924831405e-05,-1.9843413586803135e-08,5.806685446139402e-06,120.0
E33,95,95,22,73,502,0.23157894736842105,0.04198473282442748,0.07108239095315023,raja,S5/S05_20170607_032937_2,all_channel,median,median__all_channel__E33,32,14,"[2, 4, 5, 6, 7, 8, 9, 10, 11, 12, 13]",11,False,1.8934805144536825e-05,-1.7276942606483358e-07,6.369191523533886e-06,120.0
E28,48,48,20,28,504,0.4166666666666667,0.03816793893129771,0.06993006993006992,raja,S5/S05_20170607_032937_2,all_channel,median,median__all_channel__E28,32,14,"[2, 4, 5, 6, 7, 8, 9, 10, 11, 12, 13]",11,False,2.2352125301232025e-05,-2.2982482124730445e-07,7.52731670749311e-06,120.0
E13,35,35,11,24,513,0.3142857142857143,0.02099236641221374,0.03935599284436494,raja,S5/S05_20170607_032937_2,all_channel,median,median__all_channel__E13,32,14,"[2, 4, 5, 6, 7, 8, 9, 10, 11, 12, 13]",11,False,1.5758703696398377e-05,1.6916109523458112e-09,5.252337361815345e-06,120.0
E67,153,153,13,140,511,0.08496732026143791,0.02480916030534351,0.03840472673559823,raja,S5/S05_20170607_032937_2,all_channel,median,median__all_channel__E67,32,14,"[2, 4, 5, 6, 7, 8, 9, 10, 11, 12, 13]",11,False,1.8124566609294946e-05,2.849556499039639e-07,5.946536986463661e-06,120.0
E117,33,33,10,23,514,0.30303030303030304,0.019083969465648856,0.03590664272890485,raja,S5/S05_20170607_032937_2,all_channel,median,median__all_channel__E117,32,14,"[2, 4, 5, 6, 7, 8, 9, 10, 11, 12, 13]",11,False,2.751148212021385e-05,3.099751959812387e-08,9.160161533538575e-06,120.0
E84,176,176,12,164,512,0.06818181818181818,0.022900763358778626,0.03428571428571429,raja,S5/S05_20170607_032937_2,all_channel,median,median__all_channel__E84,32,14,"[2, 4, 5, 6, 7, 8, 9, 10, 11, 12, 13]",11,False,2.1409838805604437e-05,3.0376424767992607e-07,7.035358185974837e-06,120.0
E59,134,134,8,126,516,0.05970149253731343,0.015267175572519083,0.024316109422492398,raja,S5/S05_20170607_032937_2,all_channel,median,median__all_channel__E59,32,14,"[2, 4, 5, 6, 7, 8, 9, 10, 11, 12, 13]",11,False,1.5124566845329665e-05,4.051819305215733e-07,4.906461638269364e-06,120.0
E60,114,114,7,107,517,0.06140350877192982,0.013358778625954198,0.0219435736677116,raja,S5/S05_20170607_032937_2,all_channel,median,median__all_channel__E60,32,14,"[2, 4, 5, 6, 7, 8, 9, 10, 11, 12, 13]",11,False,1.8233614452623147e-05,4.328758058495927e-07,5.933579548924517e-06,120.0
E62,116,116,7,109,517,0.0603448275862069,0.013358778625954198,0.021875,raja,S5/S05_20170607_032937_2,all_channel,median,median__all_channel__E62,32,14,"[2, 4, 5, 6, 7, 8, 9, 10, 11, 12, 13]",11,False,1.634118079447888e-05,3.553513298928832e-07,5.3286098215286655e-06,120.0
E83,118,118,7,111,517,0.059322033898305086,0.013358778625954198,0.021806853582554516,raja,S5/S05_20170607_032937_2,all_channel,median,median__all_channel__E83,32,14,"[2, 4, 5, 6, 7, 8, 9, 10, 11, 12, 13]",11,False,2.3215688994868185e-05,1.4489283909546723e-07,7.690265385257573e-06,120.0
E75,142,142,7,135,517,0.04929577464788732,0.013358778625954198,0.02102102102102102,raja,S5/S05_20170607_032937_2,all_channel,median,median__all_channel__E75,32,14,"[2, 4, 5, 6, 7, 8, 9, 10, 11, 12, 13]",11,False,2.2223687300501248e-05,1.4790609018802295e-07,7.3585937367710756e-06,120.0
E70,147,147,7,140,517,0.047619047619047616,0.013358778625954198,0.020864381520119223,raja,S5/S05_20170607_032937_2,all_channel,median,median__all_channel__E70,32,14,"[2, 4, 5, 6, 7, 8, 9, 10, 11, 12, 13]",11,False,2.1256518097194413e-05,1.4551961949333554e-07,7.036999492567026e-06,120.0
E85,75,75,6,69,518,0.08,0.011450381679389313,0.020033388981636056,raja,S5/S05_20170607_032937_2,all_channel,median,median__all_channel__E85,32,14,"[2, 4, 5, 6, 7, 8, 9, 10, 11, 12, 13]",11,False,2.4523974335324077e-05,3.930905861571082e-07,8.04362791638899e-06,120.0
E112,24,24,4,20,520,0.16666666666666666,0.007633587786259542,0.0145985401459854,raja,S5/S05_20170607_032937_2,all_channel,median,median__all_channel__E112,32,14,"[2, 4, 5, 6, 7, 8, 9, 10, 11, 12, 13]",11,False,1.5210096421706248e-05,6.983089876978939e-08,5.046755174312153e-06,120.0
E40,49,49,4,45,520,0.08163265306122448,0.007633587786259542,0.013961605584642234,raja,S5/S05_20170607_032937_2,all_channel,median,median__all_channel__E40,32,14,"[2, 4, 5, 6, 7, 8, 9, 10, 11, 12, 13]",11,False,1.365399307958601e-05,1.8121868337831352e-07,4.490924798735899e-06,120.0
E47,60,60,4,56,520,0.06666666666666667,0.007633587786259542,0.013698630136986302,raja,S5/S05_20170607_032937_2,all_channel,median,median__all_channel__E47,32,14,"[2, 4, 5, 6, 7, 8, 9, 10, 11, 12, 13]",11,False,1.2737217413863373e-05,3.3833330186914347e-07,4.132961370664743e-06,120.0
E91,63,63,4,59,520,0.06349206349206349,0.007633587786259542,0.013628620102214651,raja,S5/S05_20170607_032937_2,all_channel,median,median__all_channel__E91,32,14,"[2, 4, 5, 6, 7, 8, 9, 10, 11, 12, 13]",11,False,2.1381126913270584e-05,4.4246843056353657e-07,6.979552827569016e-06,120.0
E37,48,48,3,45,521,0.0625,0.0057251908396946565,0.01048951048951049,raja,S5/S05_20170607_032937_2,all_channel,median,median__all_channel__E37,32,14,"[2, 4, 5, 6, 7, 8, 9, 10, 11, 12, 13]",11,False,1.2470440604135148e-05,2.346299723774258e-07,4.078603543919241e-06,120.0
E109,36,36,2,34,522,0.05555555555555555,0.003816793893129771,0.007142857142857143,raja,S5/S05_20170607_032937_2,all_channel,median,median__all_channel__E109,32,14,"[2, 4, 5, 6, 7, 8, 9, 10, 11, 12, 13]",11,False,1.6360438747129854e-05,2.684824580096833e-07,5.363985429706723e-06,120.0
E104,15,15,1,14,523,0.06666666666666667,0.0019083969465648854,0.0037105751391465673,raja,S5/S05_20170607_032937_2,all_channel,median,median__all_channel__E104,32,14,"[2, 4, 5, 6, 7, 8, 9, 10, 11, 12, 13]",11,False,1.5749041070769776e-05,1.4875919285270375e-07,5.200093959305691e-06,120.0
E98,25,25,0,25,524,0.0,0.0,0.0,raja,S5/S05_20170607_032937_2,all_channel,median,median__all_channel__E98,32,14,"[2, 4, 5, 6, 7, 8, 9, 10, 11, 12, 13]",11,False,2.12169744965382e-05,3.331397232244952e-07,6.961278257771235e-06,120.0
E87,38,38,0,38,524,0.0,0.0,0.0,raja,S5/S05_20170607_032937_2,all_channel,median,median__all_channel__E87,32,14,"[2, 4, 5, 6, 7, 8, 9, 10, 11, 12, 13]",11,False,1.3982875810268281e-05,2.375455526752994e-07,4.581776752530994e-06,120.0
E9,517,517,483,34,41,0.9342359767891683,0.9217557251908397,0.9279538904899136,raja,S5/S05_20170607_032937_2,all_channel,mean,mean__all_channel__E9,32,14,"[2, 4, 5, 6, 7, 8, 9, 10, 11, 12, 13]",11,False,4.347531123842207e-05,-1.7093677280376857e-09,1.4492340202050038e-05,120.0
E22,530,530,479,51,45,0.9037735849056604,0.9141221374045801,0.9089184060721063,raja,S5/S05_20170607_032937_2,all_channel,mean,mean__all_channel__E22,32,14,"[2, 4, 5, 6, 7, 8, 9, 10, 11, 12, 13]",11,False,4.3079335701998804e-05,-4.870271412890385e-09,1.4361401991137232e-05,120.0
E23,518,518,467,51,57,0.9015444015444015,0.8912213740458015,0.8963531669865644,raja,S5/S05_20170607_032937_2,all_channel,mean,mean__all_channel__E23,32,14,"[2, 4, 5, 6, 7, 8, 9, 10, 11, 12, 13]",11,False,3.1422073934668316e-05,-5.277103580633514e-09,1.0475783679416317e-05,120.0
E11,525,525,450,75,74,0.8571428571428571,0.8587786259541985,0.8579599618684461,raja,S5/S05_20170607_032937_2,all_channel,mean,mean__all_channel__E11,32,14,"[2, 4, 5, 6, 7, 8, 9, 10, 11, 12, 13]",11,False,2.3623578930941483e-05,2.9364676677461636e-10,7.874428428058236e-06,120.0
E3,494,494,435,59,89,0.8805668016194332,0.8301526717557252,0.8546168958742633,raja,S5/S05_20170607_032937_2,all_channel,mean,mean__all_channel__E3,32,14,"[2, 4, 5, 6, 7, 8, 9, 10, 11, 12, 13]",11,False,3.144447075414717e-05,-2.1895561224049512e-09,1.0482220103423191e-05,120.0
E26,462,462,393,69,131,0.8506493506493507,0.75,0.7971602434077079,raja,S5/S05_20170607_032937_2,all_channel,mean,mean__all_channel__E26,32,14,"[2, 4, 5, 6, 7, 8, 9, 10, 11, 12, 13]",11,False,3.599326771165947e-05,4.475251490628515e-09,1.1996264153389614e-05,120.0
E24,456,456,385,71,139,0.8442982456140351,0.7347328244274809,0.7857142857142857,raja,S5/S05_20170607_032937_2,all_channel,mean,mean__all_channel__E24,32,14,"[2, 4, 5, 6, 7, 8, 9, 10, 11, 12, 13]",11,False,2.3607602581787466e-05,-5.5832319011189195e-09,7.871061937896196e-06,120.0
E124,347,347,277,70,247,0.7982708933717579,0.5286259541984732,0.6360505166475315,raja,S5/S05_20170607_032937_2,all_channel,mean,mean__all_channel__E124,32,14,"[2, 4, 5, 6, 7, 8, 9, 10, 11, 12, 13]",11,False,2.1852103527030468e-05,-5.93530462192055e-09,7.286012943884129e-06,120.0
E77,262,262,32,230,492,0.12213740458015267,0.061068702290076333,0.08142493638676844,raja,S5/S05_20170607_032937_2,all_channel,mean,mean__all_channel__E77,32,14,"[2, 4, 5, 6, 7, 8, 9, 10, 11, 12, 13]",11,False,2.9248020524496767e-05,9.611721553688703e-09,9.746136267647693e-06,120.0
E122,127,127,24,103,500,0.1889763779527559,0.04580152671755725,0.07373271889400922,raja,S5/S05_20170607_032937_2,all_channel,mean,mean__all_channel__E122,32,14,"[2, 4, 5, 6, 7, 8, 9, 10, 11, 12, 13]",11,False,1.741466158380401e-05,-5.394754614198099e-09,5.806685446139402e-06,120.0
E33,94,94,22,72,502,0.23404255319148937,0.04198473282442748,0.07119741100323623,raja,S5/S05_20170607_032937_2,all_channel,mean,mean__all_channel__E33,32,14,"[2, 4, 5, 6, 7, 8, 9, 10, 11, 12, 13]",11,False,1.9107254700417568e-05,-3.19870184092168e-10,6.369191523533886e-06,120.0
E28,46,46,19,27,505,0.41304347826086957,0.03625954198473282,0.06666666666666667,raja,S5/S05_20170607_032937_2,all_channel,mean,mean__all_channel__E28,32,14,"[2, 4, 5, 6, 7, 8, 9, 10, 11, 12, 13]",11,False,2.2576311411386853e-05,-5.638711092476167e-09,7.52731670749311e-06,120.0
E13,35,35,11,24,513,0.3142857142857143,0.02099236641221374,0.03935599284436494,raja,S5/S05_20170607_032937_2,all_channel,mean,mean__all_channel__E13,32,14,"[2, 4, 5, 6, 7, 8, 9, 10, 11, 12, 13]",11,False,1.5761423549389667e-05,4.411463943636127e-09,5.252337361815345e-06,120.0
E67,160,160,13,147,511,0.08125,0.02480916030534351,0.03801169590643275,raja,S5/S05_20170607_032937_2,all_channel,mean,mean__all_channel__E67,32,14,"[2, 4, 5, 6, 7, 8, 9, 10, 11, 12, 13]",11,False,1.7842306278131606e-05,2.6953187406237946e-09,5.946536986463661e-06,120.0
E117,34,34,10,24,514,0.29411764705882354,0.019083969465648856,0.03584229390681004,raja,S5/S05_20170607_032937_2,all_channel,mean,mean__all_channel__E117,32,14,"[2, 4, 5, 6, 7, 8, 9, 10, 11, 12, 13]",11,False,2.7476585165775464e-05,-3.899434840262457e-09,9.160161533538575e-06,120.0
E84,182,182,12,170,512,0.06593406593406594,0.022900763358778626,0.0339943342776204,raja,S5/S05_20170607_032937_2,all_channel,mean,mean__all_channel__E84,32,14,"[2, 4, 5, 6, 7, 8, 9, 10, 11, 12, 13]",11,False,2.1107960265344813e-05,1.885707420302574e-09,7.035358185974837e-06,120.0
E59,147,147,8,139,516,0.05442176870748299,0.015267175572519083,0.023845007451564825,raja,S5/S05_20170607_032937_2,all_channel,mean,mean__all_channel__E59,32,14,"[2, 4, 5, 6, 7, 8, 9, 10, 11, 12, 13]",11,False,1.4720511131131872e-05,1.1262163237799135e-09,4.906461638269364e-06,120.0
E60,117,117,7,110,517,0.05982905982905983,0.013358778625954198,0.0218408736349454,raja,S5/S05_20170607_032937_2,all_channel,mean,mean__all_channel__E60,32,14,"[2, 4, 5, 6, 7, 8, 9, 10, 11, 12, 13]",11,False,1.7798406829910954e-05,-2.331816862600035e-09,5.933579548924517e-06,120.0
E83,122,122,7,115,517,0.05737704918032787,0.013358778625954198,0.021671826625386997,raja,S5/S05_20170607_032937_2,all_channel,mean,mean__all_channel__E83,32,14,"[2, 4, 5, 6, 7, 8, 9, 10, 11, 12, 13]",11,False,2.307161304766339e-05,8.168918906739394e-10,7.690265385257573e-06,120.0
E62,130,130,7,123,517,0.05384615384615385,0.013358778625954198,0.021406727828746176,raja,S5/S05_20170607_032937_2,all_channel,mean,mean__all_channel__E62,32,14,"[2, 4, 5, 6, 7, 8, 9, 10, 11, 12, 13]",11,False,1.5989514662940756e-05,3.685198354760472e-09,5.3286098215286655e-06,120.0
E75,145,145,7,138,517,0.04827586206896552,0.013358778625954198,0.020926756352765318,raja,S5/S05_20170607_032937_2,all_channel,mean,mean__all_channel__E75,32,14,"[2, 4, 5, 6, 7, 8, 9, 10, 11, 12, 13]",11,False,2.2077086317525714e-05,1.3051072124882567e-09,7.3585937367710756e-06,120.0
E70,147,147,7,140,517,0.047619047619047616,0.013358778625954198,0.020864381520119223,raja,S5/S05_20170607_032937_2,all_channel,mean,mean__all_channel__E70,32,14,"[2, 4, 5, 6, 7, 8, 9, 10, 11, 12, 13]",11,False,2.1111133993097554e-05,1.3551539647603078e-10,7.036999492567026e-06,120.0
E85,79,79,6,73,518,0.0759493670886076,0.011450381679389313,0.019900497512437807,raja,S5/S05_20170607_032937_2,all_channel,mean,mean__all_channel__E85,32,14,"[2, 4, 5, 6, 7, 8, 9, 10, 11, 12, 13]",11,False,2.4132174302787046e-05,1.290553620076465e-09,8.04362791638899e-06,120.0
E91,66,66,5,61,519,0.07575757575757576,0.009541984732824428,0.01694915254237288,raja,S5/S05_20170607_032937_2,all_channel,mean,mean__all_channel__E91,32,14,"[2, 4, 5, 6, 7, 8, 9, 10, 11, 12, 13]",11,False,2.0940212433125347e-05,1.553950418299746e-09,6.979552827569016e-06,120.0
E112,24,24,4,20,520,0.16666666666666666,0.007633587786259542,0.0145985401459854,raja,S5/S05_20170607_032937_2,all_channel,mean,mean__all_channel__E112,32,14,"[2, 4, 5, 6, 7, 8, 9, 10, 11, 12, 13]",11,False,1.5142993561681452e-05,2.728038744993742e-09,5.046755174312153e-06,120.0
E109,38,38,4,34,520,0.10526315789473684,0.007633587786259542,0.014234875444839859,raja,S5/S05_20170607_032937_2,all_channel,mean,mean__all_channel__E109,32,14,"[2, 4, 5, 6, 7, 8, 9, 10, 11, 12, 13]",11,False,1.608869668215989e-05,-3.25960696027705e-09,5.363985429706723e-06,120.0
E40,52,52,4,48,520,0.07692307692307693,0.007633587786259542,0.013888888888888888,raja,S5/S05_20170607_032937_2,all_channel,mean,mean__all_channel__E40,32,14,"[2, 4, 5, 6, 7, 8, 9, 10, 11, 12, 13]",11,False,1.3473884929895095e-05,1.1105336873983503e-09,4.490924798735899e-06,120.0
E47,65,65,4,61,520,0.06153846153846154,0.007633587786259542,0.013582342954159592,raja,S5/S05_20170607_032937_2,all_channel,mean,mean__all_channel__E47,32,14,"[2, 4, 5, 6, 7, 8, 9, 10, 11, 12, 13]",11,False,1.2402753080627647e-05,3.868968633417653e-09,4.132961370664743e-06,120.0
E37,50,50,3,47,521,0.06,0.0057251908396946565,0.010452961672473868,raja,S5/S05_20170607_032937_2,all_channel,mean,mean__all_channel__E37,32,14,"[2, 4, 5, 6, 7, 8, 9, 10, 11, 12, 13]",11,False,1.2241054157366229e-05,5.243525608507338e-09,4.078603543919241e-06,120.0
E104,15,15,1,14,523,0.06666666666666667,0.0019083969465648854,0.0037105751391465673,raja,S5/S05_20170607_032937_2,all_channel,mean,mean__all_channel__E104,32,14,"[2, 4, 5, 6, 7, 8, 9, 10, 11, 12, 13]",11,False,1.5602616604031886e-05,2.3347261148148733e-09,5.200093959305691e-06,120.0
E98,25,25,0,25,524,0.0,0.0,0.0,raja,S5/S05_20170607_032937_2,all_channel,mean,mean__all_channel__E98,32,14,"[2, 4, 5, 6, 7, 8, 9, 10, 11, 12, 13]",11,False,2.0886278779601606e-05,2.4440062879005064e-09,6.961278257771235e-06,120.0
E87,40,40,0,40,524,0.0,0.0,0.0,raja,S5/S05_20170607_032937_2,all_channel,mean,mean__all_channel__E87,32,14,"[2, 4, 5, 6, 7, 8, 9, 10, 11, 12, 13]",11,False,1.3750180209377128e-05,4.849951784145306e-09,4.581776752530994e-06,120.0
E9,517,517,480,37,44,0.9284332688588007,0.916030534351145,0.9221902017291065,raja,S5/S05_20170607_032937_2,frontal,median,median__frontal__E9,6,14,[5],1,False,4.623775663707735e-05,-2.2822677636692113e-06,1.617334146691552e-05,120.0
E22,526,526,477,49,47,0.9068441064638784,0.9103053435114504,0.9085714285714287,raja,S5/S05_20170607_032937_2,frontal,median,median__frontal__E22,6,14,[5],1,False,4.3794485736516e-05,-2.4377682135779403e-06,1.541075131669798e-05,120.0
E23,518,518,463,55,61,0.8938223938223938,0.8835877862595419,0.8886756238003838,raja,S5/S05_20170607_032937_2,frontal,median,median__frontal__E23,6,14,[5],1,False,3.211759493942507e-05,-1.8529103836476716e-06,1.132350177435758e-05,120.0
E3,494,494,435,59,89,0.8805668016194332,0.8301526717557252,0.8546168958742633,raja,S5/S05_20170607_032937_2,frontal,median,median__frontal__E3,6,14,[5],1,False,3.153175899021472e-05,-1.2888928215100182e-06,1.0940217270574914e-05,120.0
E24,477,477,401,76,123,0.8406708595387841,0.7652671755725191,0.8011988011988012,raja,S5/S05_20170607_032937_2,frontal,median,median__frontal__E24,6,14,[5],1,False,2.2828377653226337e-05,-8.737709183458685e-07,7.900716190524069e-06,120.0
E124,365,365,291,74,233,0.7972602739726027,0.5553435114503816,0.6546681664791901,raja,S5/S05_20170607_032937_2,frontal,median,median__frontal__E124,6,14,[5],1,False,2.127984223005762e-05,-5.751503927917124e-07,7.284997540949778e-06,120.0
E9,514,514,479,35,45,0.9319066147859922,0.9141221374045801,0.9229287090558765,raja,S5/S05_20170607_032937_2,frontal,mean,mean__frontal__E9,6,14,[5],1,False,4.853103106710034e-05,1.1006666353777396e-08,1.617334146691552e-05,120.0
E22,517,517,475,42,49,0.9187620889748549,0.9064885496183206,0.9125840537944284,raja,S5/S05_20170607_032937_2,frontal,mean,mean__frontal__E22,6,14,[5],1,False,4.6232617642157736e-05,3.636920637936161e-10,1.541075131669798e-05,120.0
E23,517,517,461,56,63,0.8916827852998066,0.8797709923664122,0.8856868395773295,raja,S5/S05_20170607_032937_2,frontal,mean,mean__frontal__E23,6,14,[5],1,False,3.394280974237937e-05,-2.7695580693369323e-08,1.132350177435758e-05,120.0
E3,490,490,432,58,92,0.8816326530612245,0.8244274809160306,0.8520710059171599,raja,S5/S05_20170607_032937_2,frontal,mean,mean__frontal__E3,6,14,[5],1,False,3.283136205078762e-05,1.071023906288243e-08,1.0940217270574914e-05,120.0
E24,455,455,385,70,139,0.8461538461538461,0.7347328244274809,0.7865168539325843,raja,S5/S05_20170607_032937_2,frontal,mean,mean__frontal__E24,6,14,[5],1,False,2.3680618971024948e-05,-2.152960054725756e-08,7.900716190524069e-06,120.0
E124,348,348,276,72,248,0.7931034482758621,0.5267175572519084,0.6330275229357799,raja,S5/S05_20170607_032937_2,frontal,mean,mean__frontal__E124,6,14,[5],1,False,2.1876808699176616e-05,2.1816076327284875e-08,7.284997540949778e-06,120.0
E22,535,535,481,54,43,0.8990654205607477,0.9179389312977099,0.9084041548630784,raja,S5/S05_20170607_032937_2,frontal_left,median,median__frontal_left__E22,3,14,[],0,True,4.071266851937693e-05,-1.9806986895936703e-06,1.4231122402990199e-05,120.0
E23,526,526,469,57,55,0.8916349809885932,0.8950381679389313,0.8933333333333334,raja,S5/S05_20170607_032937_2,frontal_left,median,median__frontal_left__E23,3,14,[],0,True,2.9838063224956976e-05,-1.2925897001286957e-06,1.037688430836189e-05,120.0
E24,483,483,406,77,118,0.8405797101449275,0.7748091603053435,0.8063555114200596,raja,S5/S05_20170607_032937_2,frontal_left,median,median__frontal_left__E24,3,14,[],0,True,2.230909681345846e-05,-7.058062840493647e-07,7.671634365835941e-06,120.0
E22,531,531,479,52,45,0.9020715630885122,0.9141221374045801,0.9080568720379146,raja,S5/S05_20170607_032937_2,frontal_left,mean,mean__frontal_left__E22,3,14,[],0,True,4.26910488384154e-05,-2.3183705551880465e-09,1.4231122402990199e-05,120.0
E23,521,521,468,53,56,0.8982725527831094,0.8931297709923665,0.8956937799043061,raja,S5/S05_20170607_032937_2,frontal_left,mean,mean__frontal_left__E23,3,14,[],0,True,3.113064793586163e-05,-4.9892240434949676e-12,1.037688430836189e-05,120.0
E24,473,473,397,76,127,0.8393234672304439,0.7576335877862596,0.7963891675025077,raja,S5/S05_20170607_032937_2,frontal_left,mean,mean__frontal_left__E24,3,14,[],0,True,2.3013139676036953e-05,-1.7634214708713304e-09,7.671634365835941e-06,120.0
E9,517,517,480,37,44,0.9284332688588007,0.916030534351145,0.9221902017291065,raja,S5/S05_20170607_032937_2,frontal_right,median,median__frontal_right__E9,3,14,[5],1,False,4.623775663707735e-05,-2.2822677636692113e-06,1.617334146691552e-05,120.0
E3,494,494,435,59,89,0.8805668016194332,0.8301526717557252,0.8546168958742633,raja,S5/S05_20170607_032937_2,frontal_right,median,median__frontal_right__E3,3,14,[5],1,False,3.153175899021472e-05,-1.2888928215100182e-06,1.0940217270574914e-05,120.0
E124,365,365,291,74,233,0.7972602739726027,0.5553435114503816,0.6546681664791901,raja,S5/S05_20170607_032937_2,frontal_right,median,median__frontal_right__E124,3,14,[5],1,False,2.127984223005762e-05,-5.751503927917124e-07,7.284997540949778e-06,120.0
E9,514,514,479,35,45,0.9319066147859922,0.9141221374045801,0.9229287090558765,raja,S5/S05_20170607_032937_2,frontal_right,mean,mean__frontal_right__E9,3,14,[5],1,False,4.853103106710034e-05,1.1006666353777396e-08,1.617334146691552e-05,120.0
E3,490,490,432,58,92,0.8816326530612245,0.8244274809160306,0.8520710059171599,raja,S5/S05_20170607_032937_2,frontal_right,mean,mean__frontal_right__E3,3,14,[5],1,False,3.283136205078762e-05,1.071023906288243e-08,1.0940217270574914e-05,120.0
E124,348,348,276,72,248,0.7931034482758621,0.5267175572519084,0.6330275229357799,raja,S5/S05_20170607_032937_2,frontal_right,mean,mean__frontal_right__E124,3,14,[5],1,False,2.1876808699176616e-05,2.1816076327284875e-08,7.284997540949778e-06,120.0
