channel,raw_candidate_count,mapped_candidate_count,tp,fp,fn,precision,recall,f1,dataset,session,selection,center_method,condition,n_channels_used,n_valid,flagged_valid_epoch_indices,n_flagged,used_all_epochs,blink_region_threshold,threshold_center,threshold_dispersion,epoch_duration_s
E22,366,366,299,67,7,0.8169398907103825,0.9771241830065359,0.8898809523809523,raja,S6/S06_20170817_034716_3,all_channel,median,median__all_channel__E22,32,142,"[0, 2, 3, 4, 5, 6, 7, 8, 9, 10, 11, 12, 13, 14, 15, 16, 17, 18, 20, 21, 22, 23, 24, 25, 26, 27, 30, 31, 32, 33, 34, 36, 37, 38, 39, 40, 41, 42, 43, 44, 45, 46, 47, 48, 50, 52, 54, 55, 56, 57, 58, 59, 60, 61, 62, 64, 65, 66, 67, 70, 71, 72, 73, 74, 75, 76, 77, 78, 79, 80, 81, 82, 83, 85, 86, 88, 89, 90, 91, 92, 93, 94, 95, 97, 100, 101, 103, 104, 105, 107, 109, 111, 112, 113, 114, 115, 119, 120, 122, 123, 124, 125, 126, 131, 132, 133, 134, 135, 136, 137, 138, 141]",112,False,2.4297253851363725e-05,-1.0530078027229435e-06,8.45008721802889e-06,10.0
E9,376,376,301,75,5,0.800531914893617,0.9836601307189542,0.8826979472140762,raja,S6/S06_20170817_034716_3,all_channel,median,median__all_channel__E9,32,142,"[0, 2, 3, 4, 5, 6, 7, 8, 9, 10, 11, 12, 13, 14, 15, 16, 17, 18, 20, 21, 22, 23, 24, 25, 26, 27, 30, 31, 32, 33, 34, 36, 37, 38, 39, 40, 41, 42, 43, 44, 45, 46, 47, 48, 50, 52, 54, 55, 56, 57, 58, 59, 60, 61, 62, 64, 65, 66, 67, 70, 71, 72, 73, 74, 75, 76, 77, 78, 79, 80, 81, 82, 83, 85, 86, 88, 89, 90, 91, 92, 93, 94, 95, 97, 100, 101, 103, 104, 105, 107, 109, 111, 112, 113, 114, 115, 119, 120, 122, 123, 124, 125, 126, 131, 132, 133, 134, 135, 136, 137, 138, 141]",112,False,2.671922226648735e-05,-1.1729270008281553e-06,9.297383089105168e-06,10.0
E3,316,316,271,45,35,0.8575949367088608,0.8856209150326797,0.8713826366559484,raja,S6/S06_20170817_034716_3,all_channel,median,median__all_channel__E3,32,142,"[0, 2, 3, 4, 5, 6, 7, 8, 9, 10, 11, 12, 13, 14, 15, 16, 17, 18, 20, 21, 22, 23, 24, 25, 26, 27, 30, 31, 32, 33, 34, 36, 37, 38, 39, 40, 41, 42, 43, 44, 45, 46, 47, 48, 50, 52, 54, 55, 56, 57, 58, 59, 60, 61, 62, 64, 65, 66, 67, 70, 71, 72, 73, 74, 75, 76, 77, 78, 79, 80, 81, 82, 83, 85, 86, 88, 89, 90, 91, 92, 93, 94, 95, 97, 100, 101, 103, 104, 105, 107, 109, 111, 112, 113, 114, 115, 119, 120, 122, 123, 124, 125, 126, 131, 132, 133, 134, 135, 136, 137, 138, 141]",112,False,2.252752767570039e-05,-6.402173252178308e-07,7.72258166697274e-06,10.0
E23,310,310,261,49,45,0.8419354838709677,0.8529411764705882,0.8474025974025973,raja,S6/S06_20170817_034716_3,all_channel,median,median__all_channel__E23,32,142,"[0, 2, 3, 4, 5, 6, 7, 8, 9, 10, 11, 12, 13, 14, 15, 16, 17, 18, 20, 21, 22, 23, 24, 25, 26, 27, 30, 31, 32, 33, 34, 36, 37, 38, 39, 40, 41, 42, 43, 44, 45, 46, 47, 48, 50, 52, 54, 55, 56, 57, 58, 59, 60, 61, 62, 64, 65, 66, 67, 70, 71, 72, 73, 74, 75, 76, 77, 78, 79, 80, 81, 82, 83, 85, 86, 88, 89, 90, 91, 92, 93, 94, 95, 97, 100, 101, 103, 104, 105, 107, 109, 111, 112, 113, 114, 115, 119, 120, 122, 123, 124, 125, 126, 131, 132, 133, 134, 135, 136, 137, 138, 141]",112,False,1.9185137257271467e-05,-5.47748521704195e-07,6.5776285929918865e-06,10.0
E11,230,230,202,28,104,0.8782608695652174,0.6601307189542484,0.7537313432835819,raja,S6/S06_20170817_034716_3,all_channel,median,median__all_channel__E11,32,142,"[0, 2, 3, 4, 5, 6, 7, 8, 9, 10, 11, 12, 13, 14, 15, 16, 17, 18, 20, 21, 22, 23, 24, 25, 26, 27, 30, 31, 32, 33, 34, 36, 37, 38, 39, 40, 41, 42, 43, 44, 45, 46, 47, 48, 50, 52, 54, 55, 56, 57, 58, 59, 60, 61, 62, 64, 65, 66, 67, 70, 71, 72, 73, 74, 75, 76, 77, 78, 79, 80, 81, 82, 83, 85, 86, 88, 89, 90, 91, 92, 93, 94, 95, 97, 100, 101, 103, 104, 105, 107, 109, 111, 112, 113, 114, 115, 119, 120, 122, 123, 124, 125, 126, 131, 132, 133, 134, 135, 136, 137, 138, 141]",112,False,1.8316304203125986e-05,-4.1733195169029975e-07,6.244545384938762e-06,10.0
E124,187,187,166,21,140,0.8877005347593583,0.5424836601307189,0.6734279918864098,raja,S6/S06_20170817_034716_3,all_channel,median,median__all_channel__E124,32,142,"[0, 2, 3, 4, 5, 6, 7, 8, 9, 10, 11, 12, 13, 14, 15, 16, 17, 18, 20, 21, 22, 23, 24, 25, 26, 27, 30, 31, 32, 33, 34, 36, 37, 38, 39, 40, 41, 42, 43, 44, 45, 46, 47, 48, 50, 52, 54, 55, 56, 57, 58, 59, 60, 61, 62, 64, 65, 66, 67, 70, 71, 72, 73, 74, 75, 76, 77, 78, 79, 80, 81, 82, 83, 85, 86, 88, 89, 90, 91, 92, 93, 94, 95, 97, 100, 101, 103, 104, 105, 107, 109, 111, 112, 113, 114, 115, 119, 120, 122, 123, 124, 125, 126, 131, 132, 133, 134, 135, 136, 137, 138, 141]",112,False,1.773096198221803e-05,-3.306207649107651e-07,6.020527582376265e-06,10.0
E26,218,218,167,51,139,0.7660550458715596,0.545751633986928,0.6374045801526718,raja,S6/S06_20170817_034716_3,all_channel,median,median__all_channel__E26,32,142,"[0, 2, 3, 4, 5, 6, 7, 8, 9, 10, 11, 12, 13, 14, 15, 16, 17, 18, 20, 21, 22, 23, 24, 25, 26, 27, 30, 31, 32, 33, 34, 36, 37, 38, 39, 40, 41, 42, 43, 44, 45, 46, 47, 48, 50, 52, 54, 55, 56, 57, 58, 59, 60, 61, 62, 64, 65, 66, 67, 70, 71, 72, 73, 74, 75, 76, 77, 78, 79, 80, 81, 82, 83, 85, 86, 88, 89, 90, 91, 92, 93, 94, 95, 97, 100, 101, 103, 104, 105, 107, 109, 111, 112, 113, 114, 115, 119, 120, 122, 123, 124, 125, 126, 131, 132, 133, 134, 135, 136, 137, 138, 141]",112,False,2.5706712521808286e-05,-3.676825320909545e-07,8.691465017966413e-06,10.0
E122,58,58,31,27,275,0.5344827586206896,0.10130718954248366,0.17032967032967034,raja,S6/S06_20170817_034716_3,all_channel,median,median__all_channel__E122,32,142,"[0, 2, 3, 4, 5, 6, 7, 8, 9, 10, 11, 12, 13, 14, 15, 16, 17, 18, 20, 21, 22, 23, 24, 25, 26, 27, 30, 31, 32, 33, 34, 36, 37, 38, 39, 40, 41, 42, 43, 44, 45, 46, 47, 48, 50, 52, 54, 55, 56, 57, 58, 59, 60, 61, 62, 64, 65, 66, 67, 70, 71, 72, 73, 74, 75, 76, 77, 78, 79, 80, 81, 82, 83, 85, 86, 88, 89, 90, 91, 92, 93, 94, 95, 97, 100, 101, 103, 104, 105, 107, 109, 111, 112, 113, 114, 115, 119, 120, 122, 123, 124, 125, 126, 131, 132, 133, 134, 135, 136, 137, 138, 141]",112,False,2.4945691214283817e-05,8.94665454940671e-08,8.285408222929918e-06,10.0
E24,101,101,24,77,282,0.2376237623762376,0.0784313725490196,0.11793611793611793,raja,S6/S06_20170817_034716_3,all_channel,median,median__all_channel__E24,32,142,"[0, 2, 3, 4, 5, 6, 7, 8, 9, 10, 11, 12, 13, 14, 15, 16, 17, 18, 20, 21, 22, 23, 24, 25, 26, 27, 30, 31, 32, 33, 34, 36, 37, 38, 39, 40, 41, 42, 43, 44, 45, 46, 47, 48, 50, 52, 54, 55, 56, 57, 58, 59, 60, 61, 62, 64, 65, 66, 67, 70, 71, 72, 73, 74, 75, 76, 77, 78, 79, 80, 81, 82, 83, 85, 86, 88, 89, 90, 91, 92, 93, 94, 95, 97, 100, 101, 103, 104, 105, 107, 109, 111, 112, 113, 114, 115, 119, 120, 122, 123, 124, 125, 126, 131, 132, 133, 134, 135, 136, 137, 138, 141]",112,False,2.035912601381904e-05,-8.111189848809145e-08,6.81341263743571e-06,10.0
E117,20,20,16,4,290,0.8,0.05228758169934641,0.09815950920245399,raja,S6/S06_20170817_034716_3,all_channel,median,median__all_channel__E117,32,142,"[0, 2, 3, 4, 5, 6, 7, 8, 9, 10, 11, 12, 13, 14, 15, 16, 17, 18, 20, 21, 22, 23, 24, 25, 26, 27, 30, 31, 32, 33, 34, 36, 37, 38, 39, 40, 41, 42, 43, 44, 45, 46, 47, 48, 50, 52, 54, 55, 56, 57, 58, 59, 60, 61, 62, 64, 65, 66, 67, 70, 71, 72, 73, 74, 75, 76, 77, 78, 79, 80, 81, 82, 83, 85, 86, 88, 89, 90, 91, 92, 93, 94, 95, 97, 100, 101, 103, 104, 105, 107, 109, 111, 112, 113, 114, 115, 119, 120, 122, 123, 124, 125, 126, 131, 132, 133, 134, 135, 136, 137, 138, 141]",112,False,1.6534592827092888e-05,-2.3867494110970402e-08,5.5194867737346194e-06,10.0
E75,114,114,12,102,294,0.10526315789473684,0.0392156862745098,0.05714285714285714,raja,S6/S06_20170817_034716_3,all_channel,median,median__all_channel__E75,32,142,"[0, 2, 3, 4, 5, 6, 7, 8, 9, 10, 11, 12, 13, 14, 15, 16, 17, 18, 20, 21, 22, 23, 24, 25, 26, 27, 30, 31, 32, 33, 34, 36, 37, 38, 39, 40, 41, 42, 43, 44, 45, 46, 47, 48, 50, 52, 54, 55, 56, 57, 58, 59, 60, 61, 62, 64, 65, 66, 67, 70, 71, 72, 73, 74, 75, 76, 77, 78, 79, 80, 81, 82, 83, 85, 86, 88, 89, 90, 91, 92, 93, 94, 95, 97, 100, 101, 103, 104, 105, 107, 109, 111, 112, 113, 114, 115, 119, 120, 122, 123, 124, 125, 126, 131, 132, 133, 134, 135, 136, 137, 138, 141]",112,False,1.936699787998908e-05,1.305440157047493e-07,6.412151288094777e-06,10.0
E33,47,47,8,39,298,0.1702127659574468,0.026143790849673203,0.0453257790368272,raja,S6/S06_20170817_034716_3,all_channel,median,median__all_channel__E33,32,142,"[0, 2, 3, 4, 5, 6, 7, 8, 9, 10, 11, 12, 13, 14, 15, 16, 17, 18, 20, 21, 22, 23, 24, 25, 26, 27, 30, 31, 32, 33, 34, 36, 37, 38, 39, 40, 41, 42, 43, 44, 45, 46, 47, 48, 50, 52, 54, 55, 56, 57, 58, 59, 60, 61, 62, 64, 65, 66, 67, 70, 71, 72, 73, 74, 75, 76, 77, 78, 79, 80, 81, 82, 83, 85, 86, 88, 89, 90, 91, 92, 93, 94, 95, 97, 100, 101, 103, 104, 105, 107, 109, 111, 112, 113, 114, 115, 119, 120, 122, 123, 124, 125, 126, 131, 132, 133, 134, 135, 136, 137, 138, 141]",112,False,2.0577381205351153e-05,6.819741116882123e-08,6.836394598060777e-06,10.0
E62,9,9,2,7,304,0.2222222222222222,0.006535947712418301,0.012698412698412698,raja,S6/S06_20170817_034716_3,all_channel,median,median__all_channel__E62,32,142,"[0, 2, 3, 4, 5, 6, 7, 8, 9, 10, 11, 12, 13, 14, 15, 16, 17, 18, 20, 21, 22, 23, 24, 25, 26, 27, 30, 31, 32, 33, 34, 36, 37, 38, 39, 40, 41, 42, 43, 44, 45, 46, 47, 48, 50, 52, 54, 55, 56, 57, 58, 59, 60, 61, 62, 64, 65, 66, 67, 70, 71, 72, 73, 74, 75, 76, 77, 78, 79, 80, 81, 82, 83, 85, 86, 88, 89, 90, 91, 92, 93, 94, 95, 97, 100, 101, 103, 104, 105, 107, 109, 111, 112, 113, 114, 115, 119, 120, 122, 123, 124, 125, 126, 131, 132, 133, 134, 135, 136, 137, 138, 141]",112,False,1.5540322529220535e-05,1.6759881755162628e-07,5.12424123722297e-06,10.0
E112,10,10,2,8,304,0.2,0.006535947712418301,0.012658227848101266,raja,S6/S06_20170817_034716_3,all_channel,median,median__all_channel__E112,32,142,"[0, 2, 3, 4, 5, 6, 7, 8, 9, 10, 11, 12, 13, 14, 15, 16, 17, 18, 20, 21, 22, 23, 24, 25, 26, 27, 30, 31, 32, 33, 34, 36, 37, 38, 39, 40, 41, 42, 43, 44, 45, 46, 47, 48, 50, 52, 54, 55, 56, 57, 58, 59, 60, 61, 62, 64, 65, 66, 67, 70, 71, 72, 73, 74, 75, 76, 77, 78, 79, 80, 81, 82, 83, 85, 86, 88, 89, 90, 91, 92, 93, 94, 95, 97, 100, 101, 103, 104, 105, 107, 109, 111, 112, 113, 114, 115, 119, 120, 122, 123, 124, 125, 126, 131, 132, 133, 134, 135, 136, 137, 138, 141]",112,False,1.5756830321666078e-05,5.5049744081788414e-08,5.2339268591947635e-06,10.0
E40,12,12,2,10,304,0.16666666666666666,0.006535947712418301,0.012578616352201257,raja,S6/S06_20170817_034716_3,all_channel,median,median__all_channel__E40,32,142,"[0, 2, 3, 4, 5, 6, 7, 8, 9, 10, 11, 12, 13, 14, 15, 16, 17, 18, 20, 21, 22, 23, 24, 25, 26, 27, 30, 31, 32, 33, 34, 36, 37, 38, 39, 40, 41, 42, 43, 44, 45, 46, 47, 48, 50, 52, 54, 55, 56, 57, 58, 59, 60, 61, 62, 64, 65, 66, 67, 70, 71, 72, 73, 74, 75, 76, 77, 78, 79, 80, 81, 82, 83, 85, 86, 88, 89, 90, 91, 92, 93, 94, 95, 97, 100, 101, 103, 104, 105, 107, 109, 111, 112, 113, 114, 115, 119, 120, 122, 123, 124, 125, 126, 131, 132, 133, 134, 135, 136, 137, 138, 141]",112,False,1.6605562383146733e-05,1.1829300753796256e-07,5.495756458536257e-06,10.0
E109,13,13,2,11,304,0.15384615384615385,0.006535947712418301,0.012539184952978058,raja,S6/S06_20170817_034716_3,all_channel,median,median__all_channel__E109,32,142,"[0, 2, 3, 4, 5, 6, 7, 8, 9, 10, 11, 12, 13, 14, 15, 16, 17, 18, 20, 21, 22, 23, 24, 25, 26, 27, 30, 31, 32, 33, 34, 36, 37, 38, 39, 40, 41, 42, 43, 44, 45, 46, 47, 48, 50, 52, 54, 55, 56, 57, 58, 59, 60, 61, 62, 64, 65, 66, 67, 70, 71, 72, 73, 74, 75, 76, 77, 78, 79, 80, 81, 82, 83, 85, 86, 88, 89, 90, 91, 92, 93, 94, 95, 97, 100, 101, 103, 104, 105, 107, 109, 111, 112, 113, 114, 115, 119, 120, 122, 123, 124, 125, 126, 131, 132, 133, 134, 135, 136, 137, 138, 141]",112,False,1.883218203754551e-05,1.5357317045877594e-07,6.226202955695579e-06,10.0
E85,17,17,2,15,304,0.11764705882352941,0.006535947712418301,0.01238390092879257,raja,S6/S06_20170817_034716_3,all_channel,median,median__all_channel__E85,32,142,"[0, 2, 3, 4, 5, 6, 7, 8, 9, 10, 11, 12, 13, 14, 15, 16, 17, 18, 20, 21, 22, 23, 24, 25, 26, 27, 30, 31, 32, 33, 34, 36, 37, 38, 39, 40, 41, 42, 43, 44, 45, 46, 47, 48, 50, 52, 54, 55, 56, 57, 58, 59, 60, 61, 62, 64, 65, 66, 67, 70, 71, 72, 73, 74, 75, 76, 77, 78, 79, 80, 81, 82, 83, 85, 86, 88, 89, 90, 91, 92, 93, 94, 95, 97, 100, 101, 103, 104, 105, 107, 109, 111, 112, 113, 114, 115, 119, 120, 122, 123, 124, 125, 126, 131, 132, 133, 134, 135, 136, 137, 138, 141]",112,False,1.663916538665136e-05,2.2039584773622617e-07,5.4729231796383775e-06,10.0
E13,33,33,2,31,304,0.06060606060606061,0.006535947712418301,0.011799410029498525,raja,S6/S06_20170817_034716_3,all_channel,median,median__all_channel__E13,32,142,"[0, 2, 3, 4, 5, 6, 7, 8, 9, 10, 11, 12, 13, 14, 15, 16, 17, 18, 20, 21, 22, 23, 24, 25, 26, 27, 30, 31, 32, 33, 34, 36, 37, 38, 39, 40, 41, 42, 43, 44, 45, 46, 47, 48, 50, 52, 54, 55, 56, 57, 58, 59, 60, 61, 62, 64, 65, 66, 67, 70, 71, 72, 73, 74, 75, 76, 77, 78, 79, 80, 81, 82, 83, 85, 86, 88, 89, 90, 91, 92, 93, 94, 95, 97, 100, 101, 103, 104, 105, 107, 109, 111, 112, 113, 114, 115, 119, 120, 122, 123, 124, 125, 126, 131, 132, 133, 134, 135, 136, 137, 138, 141]",112,False,1.6654021268256955e-05,1.1103438918027119e-07,5.514328959692228e-06,10.0
E70,34,34,2,32,304,0.058823529411764705,0.006535947712418301,0.011764705882352941,raja,S6/S06_20170817_034716_3,all_channel,median,median__all_channel__E70,32,142,"[0, 2, 3, 4, 5, 6, 7, 8, 9, 10, 11, 12, 13, 14, 15, 16, 17, 18, 20, 21, 22, 23, 24, 25, 26, 27, 30, 31, 32, 33, 34, 36, 37, 38, 39, 40, 41, 42, 43, 44, 45, 46, 47, 48, 50, 52, 54, 55, 56, 57, 58, 59, 60, 61, 62, 64, 65, 66, 67, 70, 71, 72, 73, 74, 75, 76, 77, 78, 79, 80, 81, 82, 83, 85, 86, 88, 89, 90, 91, 92, 93, 94, 95, 97, 100, 101, 103, 104, 105, 107, 109, 111, 112, 113, 114, 115, 119, 120, 122, 123, 124, 125, 126, 131, 132, 133, 134, 135, 136, 137, 138, 141]",112,False,1.782893886263366e-05,2.0234689606645405e-07,5.8755306555224015e-06,10.0
E59,13,13,1,12,305,0.07692307692307693,0.0032679738562091504,0.006269592476489029,raja,S6/S06_20170817_034716_3,all_channel,median,median__all_channel__E59,32,142,"[0, 2, 3, 4, 5, 6, 7, 8, 9, 10, 11, 12, 13, 14, 15, 16, 17, 18, 20, 21, 22, 23, 24, 25, 26, 27, 30, 31, 32, 33, 34, 36, 37, 38, 39, 40, 41, 42, 43, 44, 45, 46, 47, 48, 50, 52, 54, 55, 56, 57, 58, 59, 60, 61, 62, 64, 65, 66, 67, 70, 71, 72, 73, 74, 75, 76, 77, 78, 79, 80, 81, 82, 83, 85, 86, 88, 89, 90, 91, 92, 93, 94, 95, 97, 100, 101, 103, 104, 105, 107, 109, 111, 112, 113, 114, 115, 119, 120, 122, 123, 124, 125, 126, 131, 132, 133, 134, 135, 136, 137, 138, 141]",112,False,1.5403187747597547e-05,2.0181985961945275e-07,5.067122629326031e-06,10.0
E60,14,14,1,13,305,0.07142857142857142,0.0032679738562091504,0.0062499999999999995,raja,S6/S06_20170817_034716_3,all_channel,median,median__all_channel__E60,32,142,"[0, 2, 3, 4, 5, 6, 7, 8, 9, 10, 11, 12, 13, 14, 15, 16, 17, 18, 20, 21, 22, 23, 24, 25, 26, 27, 30, 31, 32, 33, 34, 36, 37, 38, 39, 40, 41, 42, 43, 44, 45, 46, 47, 48, 50, 52, 54, 55, 56, 57, 58, 59, 60, 61, 62, 64, 65, 66, 67, 70, 71, 72, 73, 74, 75, 76, 77, 78, 79, 80, 81, 82, 83, 85, 86, 88, 89, 90, 91, 92, 93, 94, 95, 97, 100, 101, 103, 104, 105, 107, 109, 111, 112, 113, 114, 115, 119, 120, 122, 123, 124, 125, 126, 131, 132, 133, 134, 135, 136, 137, 138, 141]",112,False,1.815883989768047e-05,1.8054645252374803e-07,5.992764481718907e-06,10.0
E77,14,14,1,13,305,0.07142857142857142,0.0032679738562091504,0.0062499999999999995,raja,S6/S06_20170817_034716_3,all_channel,median,median__all_channel__E77,32,142,"[0, 2, 3, 4, 5, 6, 7, 8, 9, 10, 11, 12, 13, 14, 15, 16, 17, 18, 20, 21, 22, 23, 24, 25, 26, 27, 30, 31, 32, 33, 34, 36, 37, 38, 39, 40, 41, 42, 43, 44, 45, 46, 47, 48, 50, 52, 54, 55, 56, 57, 58, 59, 60, 61, 62, 64, 65, 66, 67, 70, 71, 72, 73, 74, 75, 76, 77, 78, 79, 80, 81, 82, 83, 85, 86, 88, 89, 90, 91, 92, 93, 94, 95, 97, 100, 101, 103, 104, 105, 107, 109, 111, 112, 113, 114, 115, 119, 120, 122, 123, 124, 125, 126, 131, 132, 133, 134, 135, 136, 137, 138, 141]",112,False,1.545987250411361e-05,2.2993734557420862e-07,5.076645052846467e-06,10.0
E47,16,16,1,15,305,0.0625,0.0032679738562091504,0.006211180124223602,raja,S6/S06_20170817_034716_3,all_channel,median,median__all_channel__E47,32,142,"[0, 2, 3, 4, 5, 6, 7, 8, 9, 10, 11, 12, 13, 14, 15, 16, 17, 18, 20, 21, 22, 23, 24, 25, 26, 27, 30, 31, 32, 33, 34, 36, 37, 38, 39, 40, 41, 42, 43, 44, 45, 46, 47, 48, 50, 52, 54, 55, 56, 57, 58, 59, 60, 61, 62, 64, 65, 66, 67, 70, 71, 72, 73, 74, 75, 76, 77, 78, 79, 80, 81, 82, 83, 85, 86, 88, 89, 90, 91, 92, 93, 94, 95, 97, 100, 101, 103, 104, 105, 107, 109, 111, 112, 113, 114, 115, 119, 120, 122, 123, 124, 125, 126, 131, 132, 133, 134, 135, 136, 137, 138, 141]",112,False,1.4414415240158049e-05,1.247956274092829e-07,4.763206537582922e-06,10.0
E98,16,16,1,15,305,0.0625,0.0032679738562091504,0.006211180124223602,raja,S6/S06_20170817_034716_3,all_channel,median,median__all_channel__E98,32,142,"[0, 2, 3, 4, 5, 6, 7, 8, 9, 10, 11, 12, 13, 14, 15, 16, 17, 18, 20, 21, 22, 23, 24, 25, 26, 27, 30, 31, 32, 33, 34, 36, 37, 38, 39, 40, 41, 42, 43, 44, 45, 46, 47, 48, 50, 52, 54, 55, 56, 57, 58, 59, 60, 61, 62, 64, 65, 66, 67, 70, 71, 72, 73, 74, 75, 76, 77, 78, 79, 80, 81, 82, 83, 85, 86, 88, 89, 90, 91, 92, 93, 94, 95, 97, 100, 101, 103, 104, 105, 107, 109, 111, 112, 113, 114, 115, 119, 120, 122, 123, 124, 125, 126, 131, 132, 133, 134, 135, 136, 137, 138, 141]",112,False,1.6055091805343314e-05,1.7598309785465566e-07,5.293036235829553e-06,10.0
E84,18,18,1,17,305,0.05555555555555555,0.0032679738562091504,0.006172839506172839,raja,S6/S06_20170817_034716_3,all_channel,median,median__all_channel__E84,32,142,"[0, 2, 3, 4, 5, 6, 7, 8, 9, 10, 11, 12, 13, 14, 15, 16, 17, 18, 20, 21, 22, 23, 24, 25, 26, 27, 30, 31, 32, 33, 34, 36, 37, 38, 39, 40, 41, 42, 43, 44, 45, 46, 47, 48, 50, 52, 54, 55, 56, 57, 58, 59, 60, 61, 62, 64, 65, 66, 67, 70, 71, 72, 73, 74, 75, 76, 77, 78, 79, 80, 81, 82, 83, 85, 86, 88, 89, 90, 91, 92, 93, 94, 95, 97, 100, 101, 103, 104, 105, 107, 109, 111, 112, 113, 114, 115, 119, 120, 122, 123, 124, 125, 126, 131, 132, 133, 134, 135, 136, 137, 138, 141]",112,False,1.6622817203047654e-05,2.5840949411263353e-07,5.454802569645007e-06,10.0
E91,18,18,1,17,305,0.05555555555555555,0.0032679738562091504,0.006172839506172839,raja,S6/S06_20170817_034716_3,all_channel,median,median__all_channel__E91,32,142,"[0, 2, 3, 4, 5, 6, 7, 8, 9, 10, 11, 12, 13, 14, 15, 16, 17, 18, 20, 21, 22, 23, 24, 25, 26, 27, 30, 31, 32, 33, 34, 36, 37, 38, 39, 40, 41, 42, 43, 44, 45, 46, 47, 48, 50, 52, 54, 55, 56, 57, 58, 59, 60, 61, 62, 64, 65, 66, 67, 70, 71, 72, 73, 74, 75, 76, 77, 78, 79, 80, 81, 82, 83, 85, 86, 88, 89, 90, 91, 92, 93, 94, 95, 97, 100, 101, 103, 104, 105, 107, 109, 111, 112, 113, 114, 115, 119, 120, 122, 123, 124, 125, 126, 131, 132, 133, 134, 135, 136, 137, 138, 141]",112,False,1.4782893318747375e-05,3.0294206152807983e-07,4.826650419073098e-06,10.0
E37,3,3,0,3,306,0.0,0.0,0.0,raja,S6/S06_20170817_034716_3,all_channel,median,median__all_channel__E37,32,142,"[0, 2, 3, 4, 5, 6, 7, 8, 9, 10, 11, 12, 13, 14, 15, 16, 17, 18, 20, 21, 22, 23, 24, 25, 26, 27, 30, 31, 32, 33, 34, 36, 37, 38, 39, 40, 41, 42, 43, 44, 45, 46, 47, 48, 50, 52, 54, 55, 56, 57, 58, 59, 60, 61, 62, 64, 65, 66, 67, 70, 71, 72, 73, 74, 75, 76, 77, 78, 79, 80, 81, 82, 83, 85, 86, 88, 89, 90, 91, 92, 93, 94, 95, 97, 100, 101, 103, 104, 105, 107, 109, 111, 112, 113, 114, 115, 119, 120, 122, 123, 124, 125, 126, 131, 132, 133, 134, 135, 136, 137, 138, 141]",112,False,1.282796374520085e-05,7.724705584081474e-08,4.250238896453345e-06,10.0
E87,4,4,0,4,306,0.0,0.0,0.0,raja,S6/S06_20170817_034716_3,all_channel,median,median__all_channel__E87,32,142,"[0, 2, 3, 4, 5, 6, 7, 8, 9, 10, 11, 12, 13, 14, 15, 16, 17, 18, 20, 21, 22, 23, 24, 25, 26, 27, 30, 31, 32, 33, 34, 36, 37, 38, 39, 40, 41, 42, 43, 44, 45, 46, 47, 48, 50, 52, 54, 55, 56, 57, 58, 59, 60, 61, 62, 64, 65, 66, 67, 70, 71, 72, 73, 74, 75, 76, 77, 78, 79, 80, 81, 82, 83, 85, 86, 88, 89, 90, 91, 92, 93, 94, 95, 97, 100, 101, 103, 104, 105, 107, 109, 111, 112, 113, 114, 115, 119, 120, 122, 123, 124, 125, 126, 131, 132, 133, 134, 135, 136, 137, 138, 141]",112,False,1.3064416837319877e-05,8.402980794046435e-08,4.326795676459804e-06,10.0
E28,7,7,0,7,306,0.0,0.0,0.0,raja,S6/S06_20170817_034716_3,all_channel,median,median__all_channel__E28,32,142,"[0, 2, 3, 4, 5, 6, 7, 8, 9, 10, 11, 12, 13, 14, 15, 16, 17, 18, 20, 21, 22, 23, 24, 25, 26, 27, 30, 31, 32, 33, 34, 36, 37, 38, 39, 40, 41, 42, 43, 44, 45, 46, 47, 48, 50, 52, 54, 55, 56, 57, 58, 59, 60, 61, 62, 64, 65, 66, 67, 70, 71, 72, 73, 74, 75, 76, 77, 78, 79, 80, 81, 82, 83, 85, 86, 88, 89, 90, 91, 92, 93, 94, 95, 97, 100, 101, 103, 104, 105, 107, 109, 111, 112, 113, 114, 115, 119, 120, 122, 123, 124, 125, 126, 131, 132, 133, 134, 135, 136, 137, 138, 141]",112,False,1.6361526485479936e-05,4.9927888313372405e-09,5.452177898882867e-06,10.0
E104,11,11,0,11,306,0.0,0.0,0.0,raja,S6/S06_20170817_034716_3,all_channel,median,median__all_channel__E104,32,142,"[0, 2, 3, 4, 5, 6, 7, 8, 9, 10, 11, 12, 13, 14, 15, 16, 17, 18, 20, 21, 22, 23, 24, 25, 26, 27, 30, 31, 32, 33, 34, 36, 37, 38, 39, 40, 41, 42, 43, 44, 45, 46, 47, 48, 50, 52, 54, 55, 56, 57, 58, 59, 60, 61, 62, 64, 65, 66, 67, 70, 71, 72, 73, 74, 75, 76, 77, 78, 79, 80, 81, 82, 83, 85, 86, 88, 89, 90, 91, 92, 93, 94, 95, 97, 100, 101, 103, 104, 105, 107, 109, 111, 112, 113, 114, 115, 119, 120, 122, 123, 124, 125, 126, 131, 132, 133, 134, 135, 136, 137, 138, 141]",112,False,1.7305459010783522e-05,1.2820193984971316e-07,5.725752356977937e-06,10.0
E67,26,26,0,26,306,0.0,0.0,0.0,raja,S6/S06_20170817_034716_3,all_channel,median,median__all_channel__E67,32,142,"[0, 2, 3, 4, 5, 6, 7, 8, 9, 10, 11, 12, 13, 14, 15, 16, 17, 18, 20, 21, 22, 23, 24, 25, 26, 27, 30, 31, 32, 33, 34, 36, 37, 38, 39, 40, 41, 42, 43, 44, 45, 46, 47, 48, 50, 52, 54, 55, 56, 57, 58, 59, 60, 61, 62, 64, 65, 66, 67, 70, 71, 72, 73, 74, 75, 76, 77, 78, 79, 80, 81, 82, 83, 85, 86, 88, 89, 90, 91, 92, 93, 94, 95, 97, 100, 101, 103, 104, 105, 107, 109, 111, 112, 113, 114, 115, 119, 120, 122, 123, 124, 125, 126, 131, 132, 133, 134, 135, 136, 137, 138, 141]",112,False,2.0470829656492167e-05,2.1352488596757453e-07,6.752434923508197e-06,10.0
E83,36,36,0,36,306,0.0,0.0,0.0,raja,S6/S06_20170817_034716_3,all_channel,median,median__all_channel__E83,32,142,"[0, 2, 3, 4, 5, 6, 7, 8, 9, 10, 11, 12, 13, 14, 15, 16, 17, 18, 20, 21, 22, 23, 24, 25, 26, 27, 30, 31, 32, 33, 34, 36, 37, 38, 39, 40, 41, 42, 43, 44, 45, 46, 47, 48, 50, 52, 54, 55, 56, 57, 58, 59, 60, 61, 62, 64, 65, 66, 67, 70, 71, 72, 73, 74, 75, 76, 77, 78, 79, 80, 81, 82, 83, 85, 86, 88, 89, 90, 91, 92, 93, 94, 95, 97, 100, 101, 103, 104, 105, 107, 109, 111, 112, 113, 114, 115, 119, 120, 122, 123, 124, 125, 126, 131, 132, 133, 134, 135, 136, 137, 138, 141]",112,False,1.6984053371041326e-05,1.832246717502318e-07,5.600276233097032e-06,10.0
E22,358,358,298,60,8,0.8324022346368715,0.9738562091503268,0.8975903614457831,raja,S6/S06_20170817_034716_3,all_channel,mean,mean__all_channel__E22,32,142,"[0, 2, 3, 4, 5, 6, 7, 8, 9, 10, 11, 12, 13, 14, 15, 16, 17, 18, 20, 21, 22, 23, 24, 25, 26, 27, 30, 31, 32, 33, 34, 36, 37, 38, 39, 40, 41, 42, 43, 44, 45, 46, 47, 48, 50, 52, 54, 55, 56, 57, 58, 59, 60, 61, 62, 64, 65, 66, 67, 70, 71, 72, 73, 74, 75, 76, 77, 78, 79, 80, 81, 82, 83, 85, 86, 88, 89, 90, 91, 92, 93, 94, 95, 97, 100, 101, 103, 104, 105, 107, 109, 111, 112, 113, 114, 115, 119, 120, 122, 123, 124, 125, 126, 131, 132, 133, 134, 135, 136, 137, 138, 141]",112,False,2.5330793370713465e-05,-1.946828337320455e-08,8.45008721802889e-06,10.0
E9,365,365,300,65,6,0.821917808219178,0.9803921568627451,0.894187779433681,raja,S6/S06_20170817_034716_3,all_channel,mean,mean__all_channel__E9,32,142,"[0, 2, 3, 4, 5, 6, 7, 8, 9, 10, 11, 12, 13, 14, 15, 16, 17, 18, 20, 21, 22, 23, 24, 25, 26, 27, 30, 31, 32, 33, 34, 36, 37, 38, 39, 40, 41, 42, 43, 44, 45, 46, 47, 48, 50, 52, 54, 55, 56, 57, 58, 59, 60, 61, 62, 64, 65, 66, 67, 70, 71, 72, 73, 74, 75, 76, 77, 78, 79, 80, 81, 82, 83, 85, 86, 88, 89, 90, 91, 92, 93, 94, 95, 97, 100, 101, 103, 104, 105, 107, 109, 111, 112, 113, 114, 115, 119, 120, 122, 123, 124, 125, 126, 131, 132, 133, 134, 135, 136, 137, 138, 141]",112,False,2.7849403067264522e-05,-4.2746200050980996e-08,9.297383089105168e-06,10.0
E3,314,314,270,44,36,0.8598726114649682,0.8823529411764706,0.8709677419354838,raja,S6/S06_20170817_034716_3,all_channel,mean,mean__all_channel__E3,32,142,"[0, 2, 3, 4, 5, 6, 7, 8, 9, 10, 11, 12, 13, 14, 15, 16, 17, 18, 20, 21, 22, 23, 24, 25, 26, 27, 30, 31, 32, 33, 34, 36, 37, 38, 39, 40, 41, 42, 43, 44, 45, 46, 47, 48, 50, 52, 54, 55, 56, 57, 58, 59, 60, 61, 62, 64, 65, 66, 67, 70, 71, 72, 73, 74, 75, 76, 77, 78, 79, 80, 81, 82, 83, 85, 86, 88, 89, 90, 91, 92, 93, 94, 95, 97, 100, 101, 103, 104, 105, 107, 109, 111, 112, 113, 114, 115, 119, 120, 122, 123, 124, 125, 126, 131, 132, 133, 134, 135, 136, 137, 138, 141]",112,False,2.314474546029896e-05,-2.2999540619260252e-08,7.72258166697274e-06,10.0
E23,304,304,256,48,50,0.8421052631578947,0.8366013071895425,0.8393442622950819,raja,S6/S06_20170817_034716_3,all_channel,mean,mean__all_channel__E23,32,142,"[0, 2, 3, 4, 5, 6, 7, 8, 9, 10, 11, 12, 13, 14, 15, 16, 17, 18, 20, 21, 22, 23, 24, 25, 26, 27, 30, 31, 32, 33, 34, 36, 37, 38, 39, 40, 41, 42, 43, 44, 45, 46, 47, 48, 50, 52, 54, 55, 56, 57, 58, 59, 60, 61, 62, 64, 65, 66, 67, 70, 71, 72, 73, 74, 75, 76, 77, 78, 79, 80, 81, 82, 83, 85, 86, 88, 89, 90, 91, 92, 93, 94, 95, 97, 100, 101, 103, 104, 105, 107, 109, 111, 112, 113, 114, 115, 119, 120, 122, 123, 124, 125, 126, 131, 132, 133, 134, 135, 136, 137, 138, 141]",112,False,1.971729512420479e-05,-1.559065477087141e-08,6.5776285929918865e-06,10.0
E11,225,225,195,30,111,0.8666666666666667,0.6372549019607843,0.7344632768361582,raja,S6/S06_20170817_034716_3,all_channel,mean,mean__all_channel__E11,32,142,"[0, 2, 3, 4, 5, 6, 7, 8, 9, 10, 11, 12, 13, 14, 15, 16, 17, 18, 20, 21, 22, 23, 24, 25, 26, 27, 30, 31, 32, 33, 34, 36, 37, 38, 39, 40, 41, 42, 43, 44, 45, 46, 47, 48, 50, 52, 54, 55, 56, 57, 58, 59, 60, 61, 62, 64, 65, 66, 67, 70, 71, 72, 73, 74, 75, 76, 77, 78, 79, 80, 81, 82, 83, 85, 86, 88, 89, 90, 91, 92, 93, 94, 95, 97, 100, 101, 103, 104, 105, 107, 109, 111, 112, 113, 114, 115, 119, 120, 122, 123, 124, 125, 126, 131, 132, 133, 134, 135, 136, 137, 138, 141]",112,False,1.8719617814183084e-05,-1.4018340633200629e-08,6.244545384938762e-06,10.0
E124,178,178,156,22,150,0.8764044943820225,0.5098039215686274,0.6446280991735538,raja,S6/S06_20170817_034716_3,all_channel,mean,mean__all_channel__E124,32,142,"[0, 2, 3, 4, 5, 6, 7, 8, 9, 10, 11, 12, 13, 14, 15, 16, 17, 18, 20, 21, 22, 23, 24, 25, 26, 27, 30, 31, 32, 33, 34, 36, 37, 38, 39, 40, 41, 42, 43, 44, 45, 46, 47, 48, 50, 52, 54, 55, 56, 57, 58, 59, 60, 61, 62, 64, 65, 66, 67, 70, 71, 72, 73, 74, 75, 76, 77, 78, 79, 80, 81, 82, 83, 85, 86, 88, 89, 90, 91, 92, 93, 94, 95, 97, 100, 101, 103, 104, 105, 107, 109, 111, 112, 113, 114, 115, 119, 120, 122, 123, 124, 125, 126, 131, 132, 133, 134, 135, 136, 137, 138, 141]",112,False,1.80430220924887e-05,-1.856065464009749e-08,6.020527582376265e-06,10.0
E26,205,205,162,43,144,0.7902439024390244,0.5294117647058824,0.6340508806262231,raja,S6/S06_20170817_034716_3,all_channel,mean,mean__all_channel__E26,32,142,"[0, 2, 3, 4, 5, 6, 7, 8, 9, 10, 11, 12, 13, 14, 15, 16, 17, 18, 20, 21, 22, 23, 24, 25, 26, 27, 30, 31, 32, 33, 34, 36, 37, 38, 39, 40, 41, 42, 43, 44, 45, 46, 47, 48, 50, 52, 54, 55, 56, 57, 58, 59, 60, 61, 62, 64, 65, 66, 67, 70, 71, 72, 73, 74, 75, 76, 77, 78, 79, 80, 81, 82, 83, 85, 86, 88, 89, 90, 91, 92, 93, 94, 95, 97, 100, 101, 103, 104, 105, 107, 109, 111, 112, 113, 114, 115, 119, 120, 122, 123, 124, 125, 126, 131, 132, 133, 134, 135, 136, 137, 138, 141]",112,False,2.6071865355295526e-05,-2.5296986037125256e-09,8.691465017966413e-06,10.0
E122,60,60,32,28,274,0.5333333333333333,0.10457516339869281,0.17486338797814208,raja,S6/S06_20170817_034716_3,all_channel,mean,mean__all_channel__E122,32,142,"[0, 2, 3, 4, 5, 6, 7, 8, 9, 10, 11, 12, 13, 14, 15, 16, 17, 18, 20, 21, 22, 23, 24, 25, 26, 27, 30, 31, 32, 33, 34, 36, 37, 38, 39, 40, 41, 42, 43, 44, 45, 46, 47, 48, 50, 52, 54, 55, 56, 57, 58, 59, 60, 61, 62, 64, 65, 66, 67, 70, 71, 72, 73, 74, 75, 76, 77, 78, 79, 80, 81, 82, 83, 85, 86, 88, 89, 90, 91, 92, 93, 94, 95, 97, 100, 101, 103, 104, 105, 107, 109, 111, 112, 113, 114, 115, 119, 120, 122, 123, 124, 125, 126, 131, 132, 133, 134, 135, 136, 137, 138, 141]",112,False,2.4834552414019784e-05,-2.167225476996846e-08,8.285408222929918e-06,10.0
E24,100,100,24,76,282,0.24,0.0784313725490196,0.11822660098522167,raja,S6/S06_20170817_034716_3,all_channel,mean,mean__all_channel__E24,32,142,"[0, 2, 3, 4, 5, 6, 7, 8, 9, 10, 11, 12, 13, 14, 15, 16, 17, 18, 20, 21, 22, 23, 24, 25, 26, 27, 30, 31, 32, 33, 34, 36, 37, 38, 39, 40, 41, 42, 43, 44, 45, 46, 47, 48, 50, 52, 54, 55, 56, 57, 58, 59, 60, 61, 62, 64, 65, 66, 67, 70, 71, 72, 73, 74, 75, 76, 77, 78, 79, 80, 81, 82, 83, 85, 86, 88, 89, 90, 91, 92, 93, 94, 95, 97, 100, 101, 103, 104, 105, 107, 109, 111, 112, 113, 114, 115, 119, 120, 122, 123, 124, 125, 126, 131, 132, 133, 134, 135, 136, 137, 138, 141]",112,False,2.0426625373245245e-05,-1.3612539061885874e-08,6.81341263743571e-06,10.0
E117,20,20,16,4,290,0.8,0.05228758169934641,0.09815950920245399,raja,S6/S06_20170817_034716_3,all_channel,mean,mean__all_channel__E117,32,142,"[0, 2, 3, 4, 5, 6, 7, 8, 9, 10, 11, 12, 13, 14, 15, 16, 17, 18, 20, 21, 22, 23, 24, 25, 26, 27, 30, 31, 32, 33, 34, 36, 37, 38, 39, 40, 41, 42, 43, 44, 45, 46, 47, 48, 50, 52, 54, 55, 56, 57, 58, 59, 60, 61, 62, 64, 65, 66, 67, 70, 71, 72, 73, 74, 75, 76, 77, 78, 79, 80, 81, 82, 83, 85, 86, 88, 89, 90, 91, 92, 93, 94, 95, 97, 100, 101, 103, 104, 105, 107, 109, 111, 112, 113, 114, 115, 119, 120, 122, 123, 124, 125, 126, 131, 132, 133, 134, 135, 136, 137, 138, 141]",112,False,1.6553063158976735e-05,-5.397162227119697e-09,5.5194867737346194e-06,10.0
E75,114,114,12,102,294,0.10526315789473684,0.0392156862745098,0.05714285714285714,raja,S6/S06_20170817_034716_3,all_channel,mean,mean__all_channel__E75,32,142,"[0, 2, 3, 4, 5, 6, 7, 8, 9, 10, 11, 12, 13, 14, 15, 16, 17, 18, 20, 21, 22, 23, 24, 25, 26, 27, 30, 31, 32, 33, 34, 36, 37, 38, 39, 40, 41, 42, 43, 44, 45, 46, 47, 48, 50, 52, 54, 55, 56, 57, 58, 59, 60, 61, 62, 64, 65, 66, 67, 70, 71, 72, 73, 74, 75, 76, 77, 78, 79, 80, 81, 82, 83, 85, 86, 88, 89, 90, 91, 92, 93, 94, 95, 97, 100, 101, 103, 104, 105, 107, 109, 111, 112, 113, 114, 115, 119, 120, 122, 123, 124, 125, 126, 131, 132, 133, 134, 135, 136, 137, 138, 141]",112,False,1.9483489966807313e-05,2.470361025229822e-07,6.412151288094777e-06,10.0
E33,49,49,8,41,298,0.16326530612244897,0.026143790849673203,0.04507042253521127,raja,S6/S06_20170817_034716_3,all_channel,mean,mean__all_channel__E33,32,142,"[0, 2, 3, 4, 5, 6, 7, 8, 9, 10, 11, 12, 13, 14, 15, 16, 17, 18, 20, 21, 22, 23, 24, 25, 26, 27, 30, 31, 32, 33, 34, 36, 37, 38, 39, 40, 41, 42, 43, 44, 45, 46, 47, 48, 50, 52, 54, 55, 56, 57, 58, 59, 60, 61, 62, 64, 65, 66, 67, 70, 71, 72, 73, 74, 75, 76, 77, 78, 79, 80, 81, 82, 83, 85, 86, 88, 89, 90, 91, 92, 93, 94, 95, 97, 100, 101, 103, 104, 105, 107, 109, 111, 112, 113, 114, 115, 119, 120, 122, 123, 124, 125, 126, 131, 132, 133, 134, 135, 136, 137, 138, 141]",112,False,2.0520534683939437e-05,1.1350889757107957e-08,6.836394598060777e-06,10.0
E112,10,10,2,8,304,0.2,0.006535947712418301,0.012658227848101266,raja,S6/S06_20170817_034716_3,all_channel,mean,mean__all_channel__E112,32,142,"[0, 2, 3, 4, 5, 6, 7, 8, 9, 10, 11, 12, 13, 14, 15, 16, 17, 18, 20, 21, 22, 23, 24, 25, 26, 27, 30, 31, 32, 33, 34, 36, 37, 38, 39, 40, 41, 42, 43, 44, 45, 46, 47, 48, 50, 52, 54, 55, 56, 57, 58, 59, 60, 61, 62, 64, 65, 66, 67, 70, 71, 72, 73, 74, 75, 76, 77, 78, 79, 80, 81, 82, 83, 85, 86, 88, 89, 90, 91, 92, 93, 94, 95, 97, 100, 101, 103, 104, 105, 107, 109, 111, 112, 113, 114, 115, 119, 120, 122, 123, 124, 125, 126, 131, 132, 133, 134, 135, 136, 137, 138, 141]",112,False,1.5704690398416565e-05,2.909820832275948e-09,5.2339268591947635e-06,10.0
E62,11,11,2,9,304,0.18181818181818182,0.006535947712418301,0.012618296529968454,raja,S6/S06_20170817_034716_3,all_channel,mean,mean__all_channel__E62,32,142,"[0, 2, 3, 4, 5, 6, 7, 8, 9, 10, 11, 12, 13, 14, 15, 16, 17, 18, 20, 21, 22, 23, 24, 25, 26, 27, 30, 31, 32, 33, 34, 36, 37, 38, 39, 40, 41, 42, 43, 44, 45, 46, 47, 48, 50, 52, 54, 55, 56, 57, 58, 59, 60, 61, 62, 64, 65, 66, 67, 70, 71, 72, 73, 74, 75, 76, 77, 78, 79, 80, 81, 82, 83, 85, 86, 88, 89, 90, 91, 92, 93, 94, 95, 97, 100, 101, 103, 104, 105, 107, 109, 111, 112, 113, 114, 115, 119, 120, 122, 123, 124, 125, 126, 131, 132, 133, 134, 135, 136, 137, 138, 141]",112,False,1.5374332780356584e-05,1.6090686876740794e-09,5.12424123722297e-06,10.0
E109,13,13,2,11,304,0.15384615384615385,0.006535947712418301,0.012539184952978058,raja,S6/S06_20170817_034716_3,all_channel,mean,mean__all_channel__E109,32,142,"[0, 2, 3, 4, 5, 6, 7, 8, 9, 10, 11, 12, 13, 14, 15, 16, 17, 18, 20, 21, 22, 23, 24, 25, 26, 27, 30, 31, 32, 33, 34, 36, 37, 38, 39, 40, 41, 42, 43, 44, 45, 46, 47, 48, 50, 52, 54, 55, 56, 57, 58, 59, 60, 61, 62, 64, 65, 66, 67, 70, 71, 72, 73, 74, 75, 76, 77, 78, 79, 80, 81, 82, 83, 85, 86, 88, 89, 90, 91, 92, 93, 94, 95, 97, 100, 101, 103, 104, 105, 107, 109, 111, 112, 113, 114, 115, 119, 120, 122, 123, 124, 125, 126, 131, 132, 133, 134, 135, 136, 137, 138, 141]",112,False,1.8674108533079006e-05,-4.500334007729153e-09,6.226202955695579e-06,10.0
E40,13,13,2,11,304,0.15384615384615385,0.006535947712418301,0.012539184952978058,raja,S6/S06_20170817_034716_3,all_channel,mean,mean__all_channel__E40,32,142,"[0, 2, 3, 4, 5, 6, 7, 8, 9, 10, 11, 12, 13, 14, 15, 16, 17, 18, 20, 21, 22, 23, 24, 25, 26, 27, 30, 31, 32, 33, 34, 36, 37, 38, 39, 40, 41, 42, 43, 44, 45, 46, 47, 48, 50, 52, 54, 55, 56, 57, 58, 59, 60, 61, 62, 64, 65, 66, 67, 70, 71, 72, 73, 74, 75, 76, 77, 78, 79, 80, 81, 82, 83, 85, 86, 88, 89, 90, 91, 92, 93, 94, 95, 97, 100, 101, 103, 104, 105, 107, 109, 111, 112, 113, 114, 115, 119, 120, 122, 123, 124, 125, 126, 131, 132, 133, 134, 135, 136, 137, 138, 141]",112,False,1.6495256381678075e-05,7.9870060693034e-09,5.495756458536257e-06,10.0
E85,18,18,2,16,304,0.1111111111111111,0.006535947712418301,0.012345679012345678,raja,S6/S06_20170817_034716_3,all_channel,mean,mean__all_channel__E85,32,142,"[0, 2, 3, 4, 5, 6, 7, 8, 9, 10, 11, 12, 13, 14, 15, 16, 17, 18, 20, 21, 22, 23, 24, 25, 26, 27, 30, 31, 32, 33, 34, 36, 37, 38, 39, 40, 41, 42, 43, 44, 45, 46, 47, 48, 50, 52, 54, 55, 56, 57, 58, 59, 60, 61, 62, 64, 65, 66, 67, 70, 71, 72, 73, 74, 75, 76, 77, 78, 79, 80, 81, 82, 83, 85, 86, 88, 89, 90, 91, 92, 93, 94, 95, 97, 100, 101, 103, 104, 105, 107, 109, 111, 112, 113, 114, 115, 119, 120, 122, 123, 124, 125, 126, 131, 132, 133, 134, 135, 136, 137, 138, 141]",112,False,1.6446760792502284e-05,2.7991253587151867e-08,5.4729231796383775e-06,10.0
E13,35,35,2,33,304,0.05714285714285714,0.006535947712418301,0.011730205278592375,raja,S6/S06_20170817_034716_3,all_channel,mean,mean__all_channel__E13,32,142,"[0, 2, 3, 4, 5, 6, 7, 8, 9, 10, 11, 12, 13, 14, 15, 16, 17, 18, 20, 21, 22, 23, 24, 25, 26, 27, 30, 31, 32, 33, 34, 36, 37, 38, 39, 40, 41, 42, 43, 44, 45, 46, 47, 48, 50, 52, 54, 55, 56, 57, 58, 59, 60, 61, 62, 64, 65, 66, 67, 70, 71, 72, 73, 74, 75, 76, 77, 78, 79, 80, 81, 82, 83, 85, 86, 88, 89, 90, 91, 92, 93, 94, 95, 97, 100, 101, 103, 104, 105, 107, 109, 111, 112, 113, 114, 115, 119, 120, 122, 123, 124, 125, 126, 131, 132, 133, 134, 135, 136, 137, 138, 141]",112,False,1.6533694448315875e-05,-9.292430760809524e-09,5.514328959692228e-06,10.0
E70,37,37,2,35,304,0.05405405405405406,0.006535947712418301,0.011661807580174927,raja,S6/S06_20170817_034716_3,all_channel,mean,mean__all_channel__E70,32,142,"[0, 2, 3, 4, 5, 6, 7, 8, 9, 10, 11, 12, 13, 14, 15, 16, 17, 18, 20, 21, 22, 23, 24, 25, 26, 27, 30, 31, 32, 33, 34, 36, 37, 38, 39, 40, 41, 42, 43, 44, 45, 46, 47, 48, 50, 52, 54, 55, 56, 57, 58, 59, 60, 61, 62, 64, 65, 66, 67, 70, 71, 72, 73, 74, 75, 76, 77, 78, 79, 80, 81, 82, 83, 85, 86, 88, 89, 90, 91, 92, 93, 94, 95, 97, 100, 101, 103, 104, 105, 107, 109, 111, 112, 113, 114, 115, 119, 120, 122, 123, 124, 125, 126, 131, 132, 133, 134, 135, 136, 137, 138, 141]",112,False,1.765693948139376e-05,3.034751482655345e-08,5.8755306555224015e-06,10.0
E60,14,14,1,13,305,0.07142857142857142,0.0032679738562091504,0.0062499999999999995,raja,S6/S06_20170817_034716_3,all_channel,mean,mean__all_channel__E60,32,142,"[0, 2, 3, 4, 5, 6, 7, 8, 9, 10, 11, 12, 13, 14, 15, 16, 17, 18, 20, 21, 22, 23, 24, 25, 26, 27, 30, 31, 32, 33, 34, 36, 37, 38, 39, 40, 41, 42, 43, 44, 45, 46, 47, 48, 50, 52, 54, 55, 56, 57, 58, 59, 60, 61, 62, 64, 65, 66, 67, 70, 71, 72, 73, 74, 75, 76, 77, 78, 79, 80, 81, 82, 83, 85, 86, 88, 89, 90, 91, 92, 93, 94, 95, 97, 100, 101, 103, 104, 105, 107, 109, 111, 112, 113, 114, 115, 119, 120, 122, 123, 124, 125, 126, 131, 132, 133, 134, 135, 136, 137, 138, 141]",112,False,1.7974843171483555e-05,-3.4502736731648153e-09,5.992764481718907e-06,10.0
E77,15,15,1,14,305,0.06666666666666667,0.0032679738562091504,0.006230529595015576,raja,S6/S06_20170817_034716_3,all_channel,mean,mean__all_channel__E77,32,142,"[0, 2, 3, 4, 5, 6, 7, 8, 9, 10, 11, 12, 13, 14, 15, 16, 17, 18, 20, 21, 22, 23, 24, 25, 26, 27, 30, 31, 32, 33, 34, 36, 37, 38, 39, 40, 41, 42, 43, 44, 45, 46, 47, 48, 50, 52, 54, 55, 56, 57, 58, 59, 60, 61, 62, 64, 65, 66, 67, 70, 71, 72, 73, 74, 75, 76, 77, 78, 79, 80, 81, 82, 83, 85, 86, 88, 89, 90, 91, 92, 93, 94, 95, 97, 100, 101, 103, 104, 105, 107, 109, 111, 112, 113, 114, 115, 119, 120, 122, 123, 124, 125, 126, 131, 132, 133, 134, 135, 136, 137, 138, 141]",112,False,1.5239385287990845e-05,9.450129451444263e-09,5.076645052846467e-06,10.0
E59,16,16,1,15,305,0.0625,0.0032679738562091504,0.006211180124223602,raja,S6/S06_20170817_034716_3,all_channel,mean,mean__all_channel__E59,32,142,"[0, 2, 3, 4, 5, 6, 7, 8, 9, 10, 11, 12, 13, 14, 15, 16, 17, 18, 20, 21, 22, 23, 24, 25, 26, 27, 30, 31, 32, 33, 34, 36, 37, 38, 39, 40, 41, 42, 43, 44, 45, 46, 47, 48, 50, 52, 54, 55, 56, 57, 58, 59, 60, 61, 62, 64, 65, 66, 67, 70, 71, 72, 73, 74, 75, 76, 77, 78, 79, 80, 81, 82, 83, 85, 86, 88, 89, 90, 91, 92, 93, 94, 95, 97, 100, 101, 103, 104, 105, 107, 109, 111, 112, 113, 114, 115, 119, 120, 122, 123, 124, 125, 126, 131, 132, 133, 134, 135, 136, 137, 138, 141]",112,False,1.5214103950055395e-05,1.2736062077303098e-08,5.067122629326031e-06,10.0
E47,17,17,1,16,305,0.058823529411764705,0.0032679738562091504,0.006191950464396285,raja,S6/S06_20170817_034716_3,all_channel,mean,mean__all_channel__E47,32,142,"[0, 2, 3, 4, 5, 6, 7, 8, 9, 10, 11, 12, 13, 14, 15, 16, 17, 18, 20, 21, 22, 23, 24, 25, 26, 27, 30, 31, 32, 33, 34, 36, 37, 38, 39, 40, 41, 42, 43, 44, 45, 46, 47, 48, 50, 52, 54, 55, 56, 57, 58, 59, 60, 61, 62, 64, 65, 66, 67, 70, 71, 72, 73, 74, 75, 76, 77, 78, 79, 80, 81, 82, 83, 85, 86, 88, 89, 90, 91, 92, 93, 94, 95, 97, 100, 101, 103, 104, 105, 107, 109, 111, 112, 113, 114, 115, 119, 120, 122, 123, 124, 125, 126, 131, 132, 133, 134, 135, 136, 137, 138, 141]",112,False,1.4288017215753364e-05,-1.6023969954014561e-09,4.763206537582922e-06,10.0
E98,17,17,1,16,305,0.058823529411764705,0.0032679738562091504,0.006191950464396285,raja,S6/S06_20170817_034716_3,all_channel,mean,mean__all_channel__E98,32,142,"[0, 2, 3, 4, 5, 6, 7, 8, 9, 10, 11, 12, 13, 14, 15, 16, 17, 18, 20, 21, 22, 23, 24, 25, 26, 27, 30, 31, 32, 33, 34, 36, 37, 38, 39, 40, 41, 42, 43, 44, 45, 46, 47, 48, 50, 52, 54, 55, 56, 57, 58, 59, 60, 61, 62, 64, 65, 66, 67, 70, 71, 72, 73, 74, 75, 76, 77, 78, 79, 80, 81, 82, 83, 85, 86, 88, 89, 90, 91, 92, 93, 94, 95, 97, 100, 101, 103, 104, 105, 107, 109, 111, 112, 113, 114, 115, 119, 120, 122, 123, 124, 125, 126, 131, 132, 133, 134, 135, 136, 137, 138, 141]",112,False,1.587736709290814e-05,-1.7416145805172068e-09,5.293036235829553e-06,10.0
E91,18,18,1,17,305,0.05555555555555555,0.0032679738562091504,0.006172839506172839,raja,S6/S06_20170817_034716_3,all_channel,mean,mean__all_channel__E91,32,142,"[0, 2, 3, 4, 5, 6, 7, 8, 9, 10, 11, 12, 13, 14, 15, 16, 17, 18, 20, 21, 22, 23, 24, 25, 26, 27, 30, 31, 32, 33, 34, 36, 37, 38, 39, 40, 41, 42, 43, 44, 45, 46, 47, 48, 50, 52, 54, 55, 56, 57, 58, 59, 60, 61, 62, 64, 65, 66, 67, 70, 71, 72, 73, 74, 75, 76, 77, 78, 79, 80, 81, 82, 83, 85, 86, 88, 89, 90, 91, 92, 93, 94, 95, 97, 100, 101, 103, 104, 105, 107, 109, 111, 112, 113, 114, 115, 119, 120, 122, 123, 124, 125, 126, 131, 132, 133, 134, 135, 136, 137, 138, 141]",112,False,1.4496034683485576e-05,1.608342626628156e-08,4.826650419073098e-06,10.0
E84,19,19,1,18,305,0.05263157894736842,0.0032679738562091504,0.006153846153846154,raja,S6/S06_20170817_034716_3,all_channel,mean,mean__all_channel__E84,32,142,"[0, 2, 3, 4, 5, 6, 7, 8, 9, 10, 11, 12, 13, 14, 15, 16, 17, 18, 20, 21, 22, 23, 24, 25, 26, 27, 30, 31, 32, 33, 34, 36, 37, 38, 39, 40, 41, 42, 43, 44, 45, 46, 47, 48, 50, 52, 54, 55, 56, 57, 58, 59, 60, 61, 62, 64, 65, 66, 67, 70, 71, 72, 73, 74, 75, 76, 77, 78, 79, 80, 81, 82, 83, 85, 86, 88, 89, 90, 91, 92, 93, 94, 95, 97, 100, 101, 103, 104, 105, 107, 109, 111, 112, 113, 114, 115, 119, 120, 122, 123, 124, 125, 126, 131, 132, 133, 134, 135, 136, 137, 138, 141]",112,False,1.638089231537311e-05,1.6484606438087646e-08,5.454802569645007e-06,10.0
E37,3,3,0,3,306,0.0,0.0,0.0,raja,S6/S06_20170817_034716_3,all_channel,mean,mean__all_channel__E37,32,142,"[0, 2, 3, 4, 5, 6, 7, 8, 9, 10, 11, 12, 13, 14, 15, 16, 17, 18, 20, 21, 22, 23, 24, 25, 26, 27, 30, 31, 32, 33, 34, 36, 37, 38, 39, 40, 41, 42, 43, 44, 45, 46, 47, 48, 50, 52, 54, 55, 56, 57, 58, 59, 60, 61, 62, 64, 65, 66, 67, 70, 71, 72, 73, 74, 75, 76, 77, 78, 79, 80, 81, 82, 83, 85, 86, 88, 89, 90, 91, 92, 93, 94, 95, 97, 100, 101, 103, 104, 105, 107, 109, 111, 112, 113, 114, 115, 119, 120, 122, 123, 124, 125, 126, 131, 132, 133, 134, 135, 136, 137, 138, 141]",112,False,1.2759063714077296e-05,8.347024717262063e-09,4.250238896453345e-06,10.0
E87,4,4,0,4,306,0.0,0.0,0.0,raja,S6/S06_20170817_034716_3,all_channel,mean,mean__all_channel__E87,32,142,"[0, 2, 3, 4, 5, 6, 7, 8, 9, 10, 11, 12, 13, 14, 15, 16, 17, 18, 20, 21, 22, 23, 24, 25, 26, 27, 30, 31, 32, 33, 34, 36, 37, 38, 39, 40, 41, 42, 43, 44, 45, 46, 47, 48, 50, 52, 54, 55, 56, 57, 58, 59, 60, 61, 62, 64, 65, 66, 67, 70, 71, 72, 73, 74, 75, 76, 77, 78, 79, 80, 81, 82, 83, 85, 86, 88, 89, 90, 91, 92, 93, 94, 95, 97, 100, 101, 103, 104, 105, 107, 109, 111, 112, 113, 114, 115, 119, 120, 122, 123, 124, 125, 126, 131, 132, 133, 134, 135, 136, 137, 138, 141]",112,False,1.298442398110133e-05,4.036951721919173e-09,4.326795676459804e-06,10.0
E28,7,7,0,7,306,0.0,0.0,0.0,raja,S6/S06_20170817_034716_3,all_channel,mean,mean__all_channel__E28,32,142,"[0, 2, 3, 4, 5, 6, 7, 8, 9, 10, 11, 12, 13, 14, 15, 16, 17, 18, 20, 21, 22, 23, 24, 25, 26, 27, 30, 31, 32, 33, 34, 36, 37, 38, 39, 40, 41, 42, 43, 44, 45, 46, 47, 48, 50, 52, 54, 55, 56, 57, 58, 59, 60, 61, 62, 64, 65, 66, 67, 70, 71, 72, 73, 74, 75, 76, 77, 78, 79, 80, 81, 82, 83, 85, 86, 88, 89, 90, 91, 92, 93, 94, 95, 97, 100, 101, 103, 104, 105, 107, 109, 111, 112, 113, 114, 115, 119, 120, 122, 123, 124, 125, 126, 131, 132, 133, 134, 135, 136, 137, 138, 141]",112,False,1.6359806622841834e-05,3.2729261932357382e-09,5.452177898882867e-06,10.0
E104,12,12,0,12,306,0.0,0.0,0.0,raja,S6/S06_20170817_034716_3,all_channel,mean,mean__all_channel__E104,32,142,"[0, 2, 3, 4, 5, 6, 7, 8, 9, 10, 11, 12, 13, 14, 15, 16, 17, 18, 20, 21, 22, 23, 24, 25, 26, 27, 30, 31, 32, 33, 34, 36, 37, 38, 39, 40, 41, 42, 43, 44, 45, 46, 47, 48, 50, 52, 54, 55, 56, 57, 58, 59, 60, 61, 62, 64, 65, 66, 67, 70, 71, 72, 73, 74, 75, 76, 77, 78, 79, 80, 81, 82, 83, 85, 86, 88, 89, 90, 91, 92, 93, 94, 95, 97, 100, 101, 103, 104, 105, 107, 109, 111, 112, 113, 114, 115, 119, 120, 122, 123, 124, 125, 126, 131, 132, 133, 134, 135, 136, 137, 138, 141]",112,False,1.718327463804061e-05,6.017567106799499e-09,5.725752356977937e-06,10.0
E67,26,26,0,26,306,0.0,0.0,0.0,raja,S6/S06_20170817_034716_3,all_channel,mean,mean__all_channel__E67,32,142,"[0, 2, 3, 4, 5, 6, 7, 8, 9, 10, 11, 12, 13, 14, 15, 16, 17, 18, 20, 21, 22, 23, 24, 25, 26, 27, 30, 31, 32, 33, 34, 36, 37, 38, 39, 40, 41, 42, 43, 44, 45, 46, 47, 48, 50, 52, 54, 55, 56, 57, 58, 59, 60, 61, 62, 64, 65, 66, 67, 70, 71, 72, 73, 74, 75, 76, 77, 78, 79, 80, 81, 82, 83, 85, 86, 88, 89, 90, 91, 92, 93, 94, 95, 97, 100, 101, 103, 104, 105, 107, 109, 111, 112, 113, 114, 115, 119, 120, 122, 123, 124, 125, 126, 131, 132, 133, 134, 135, 136, 137, 138, 141]",112,False,2.025485050822524e-05,-2.4542622993499283e-09,6.752434923508197e-06,10.0
E83,36,36,0,36,306,0.0,0.0,0.0,raja,S6/S06_20170817_034716_3,all_channel,mean,mean__all_channel__E83,32,142,"[0, 2, 3, 4, 5, 6, 7, 8, 9, 10, 11, 12, 13, 14, 15, 16, 17, 18, 20, 21, 22, 23, 24, 25, 26, 27, 30, 31, 32, 33, 34, 36, 37, 38, 39, 40, 41, 42, 43, 44, 45, 46, 47, 48, 50, 52, 54, 55, 56, 57, 58, 59, 60, 61, 62, 64, 65, 66, 67, 70, 71, 72, 73, 74, 75, 76, 77, 78, 79, 80, 81, 82, 83, 85, 86, 88, 89, 90, 91, 92, 93, 94, 95, 97, 100, 101, 103, 104, 105, 107, 109, 111, 112, 113, 114, 115, 119, 120, 122, 123, 124, 125, 126, 131, 132, 133, 134, 135, 136, 137, 138, 141]",112,False,1.682932410449607e-05,2.8495405204975093e-08,5.600276233097032e-06,10.0
E22,352,352,297,55,9,0.84375,0.9705882352941176,0.9027355623100304,raja,S6/S06_20170817_034716_3,frontal,median,median__frontal__E22,6,142,"[0, 2, 3, 4, 7, 8, 9, 10, 11, 13, 14, 15, 16, 17, 18, 20, 21, 22, 23, 24, 25, 26, 27, 30, 31, 32, 33, 34, 36, 38, 39, 40, 41, 42, 43, 44, 45, 46, 47, 48, 52, 54, 55, 56, 57, 58, 59, 60, 61, 62, 64, 65, 66, 67, 70, 72, 74, 75, 76, 78, 79, 81, 83, 88, 89, 90, 91, 92, 97, 100, 107, 109, 111, 112, 113, 114, 115, 122, 123, 124, 132, 133, 134, 136, 137, 138, 141]",87,False,2.589047130734751e-05,-1.3545269032299656e-06,9.081666070192492e-06,10.0
E9,362,362,299,63,7,0.8259668508287292,0.9771241830065359,0.8952095808383234,raja,S6/S06_20170817_034716_3,frontal,median,median__frontal__E9,6,142,"[0, 2, 3, 4, 7, 8, 9, 10, 11, 13, 14, 15, 16, 17, 18, 20, 21, 22, 23, 24, 25, 26, 27, 30, 31, 32, 33, 34, 36, 38, 39, 40, 41, 42, 43, 44, 45, 46, 47, 48, 52, 54, 55, 56, 57, 58, 59, 60, 61, 62, 64, 65, 66, 67, 70, 72, 74, 75, 76, 78, 79, 81, 83, 88, 89, 90, 91, 92, 97, 100, 107, 109, 111, 112, 113, 114, 115, 122, 123, 124, 132, 133, 134, 136, 137, 138, 141]",87,False,2.850310115933736e-05,-1.4713957842164207e-06,9.991498981184594e-06,10.0
E3,309,309,267,42,39,0.8640776699029126,0.8725490196078431,0.8682926829268292,raja,S6/S06_20170817_034716_3,frontal,median,median__frontal__E3,6,142,"[0, 2, 3, 4, 7, 8, 9, 10, 11, 13, 14, 15, 16, 17, 18, 20, 21, 22, 23, 24, 25, 26, 27, 30, 31, 32, 33, 34, 36, 38, 39, 40, 41, 42, 43, 44, 45, 46, 47, 48, 52, 54, 55, 56, 57, 58, 59, 60, 61, 62, 64, 65, 66, 67, 70, 72, 74, 75, 76, 78, 79, 81, 83, 88, 89, 90, 91, 92, 97, 100, 107, 109, 111, 112, 113, 114, 115, 122, 123, 124, 132, 133, 134, 136, 137, 138, 141]",87,False,2.370265295967527e-05,-7.926933751739808e-07,8.16511544494975e-06,10.0
E23,300,300,254,46,52,0.8466666666666667,0.8300653594771242,0.8382838283828382,raja,S6/S06_20170817_034716_3,frontal,median,median__frontal__E23,6,142,"[0, 2, 3, 4, 7, 8, 9, 10, 11, 13, 14, 15, 16, 17, 18, 20, 21, 22, 23, 24, 25, 26, 27, 30, 31, 32, 33, 34, 36, 38, 39, 40, 41, 42, 43, 44, 45, 46, 47, 48, 52, 54, 55, 56, 57, 58, 59, 60, 61, 62, 64, 65, 66, 67, 70, 72, 74, 75, 76, 78, 79, 81, 83, 88, 89, 90, 91, 92, 97, 100, 107, 109, 111, 112, 113, 114, 115, 122, 123, 124, 132, 133, 134, 136, 137, 138, 141]",87,False,1.9908628210315842e-05,-7.008690159275396e-07,6.869832408747794e-06,10.0
E124,174,174,154,20,152,0.8850574712643678,0.5032679738562091,0.6416666666666667,raja,S6/S06_20170817_034716_3,frontal,median,median__frontal__E124,6,142,"[0, 2, 3, 4, 7, 8, 9, 10, 11, 13, 14, 15, 16, 17, 18, 20, 21, 22, 23, 24, 25, 26, 27, 30, 31, 32, 33, 34, 36, 38, 39, 40, 41, 42, 43, 44, 45, 46, 47, 48, 52, 54, 55, 56, 57, 58, 59, 60, 61, 62, 64, 65, 66, 67, 70, 72, 74, 75, 76, 78, 79, 81, 83, 88, 89, 90, 91, 92, 97, 100, 107, 109, 111, 112, 113, 114, 115, 122, 123, 124, 132, 133, 134, 136, 137, 138, 141]",87,False,1.8278699539909418e-05,-4.334265068371817e-07,6.237375348915533e-06,10.0
E24,90,90,19,71,287,0.2111111111111111,0.06209150326797386,0.09595959595959594,raja,S6/S06_20170817_034716_3,frontal,median,median__frontal__E24,6,142,"[0, 2, 3, 4, 7, 8, 9, 10, 11, 13, 14, 15, 16, 17, 18, 20, 21, 22, 23, 24, 25, 26, 27, 30, 31, 32, 33, 34, 36, 38, 39, 40, 41, 42, 43, 44, 45, 46, 47, 48, 52, 54, 55, 56, 57, 58, 59, 60, 61, 62, 64, 65, 66, 67, 70, 72, 74, 75, 76, 78, 79, 81, 83, 88, 89, 90, 91, 92, 97, 100, 107, 109, 111, 112, 113, 114, 115, 122, 123, 124, 132, 133, 134, 136, 137, 138, 141]",87,False,2.1842072021880222e-05,-1.1027033938894356e-07,7.317447453756388e-06,10.0
E22,346,346,295,51,11,0.8526011560693642,0.9640522875816994,0.9049079754601227,raja,S6/S06_20170817_034716_3,frontal,mean,mean__frontal__E22,6,142,"[0, 2, 3, 4, 7, 8, 9, 10, 11, 13, 14, 15, 16, 17, 18, 20, 21, 22, 23, 24, 25, 26, 27, 30, 31, 32, 33, 34, 36, 38, 39, 40, 41, 42, 43, 44, 45, 46, 47, 48, 52, 54, 55, 56, 57, 58, 59, 60, 61, 62, 64, 65, 66, 67, 70, 72, 74, 75, 76, 78, 79, 81, 83, 88, 89, 90, 91, 92, 97, 100, 107, 109, 111, 112, 113, 114, 115, 122, 123, 124, 132, 133, 134, 136, 137, 138, 141]",87,False,2.7221716771595533e-05,-2.3281438981942392e-08,9.081666070192492e-06,10.0
E9,356,356,296,60,10,0.8314606741573034,0.9673202614379085,0.8942598187311179,raja,S6/S06_20170817_034716_3,frontal,mean,mean__frontal__E9,6,142,"[0, 2, 3, 4, 7, 8, 9, 10, 11, 13, 14, 15, 16, 17, 18, 20, 21, 22, 23, 24, 25, 26, 27, 30, 31, 32, 33, 34, 36, 38, 39, 40, 41, 42, 43, 44, 45, 46, 47, 48, 52, 54, 55, 56, 57, 58, 59, 60, 61, 62, 64, 65, 66, 67, 70, 72, 74, 75, 76, 78, 79, 81, 83, 88, 89, 90, 91, 92, 97, 100, 107, 109, 111, 112, 113, 114, 115, 122, 123, 124, 132, 133, 134, 136, 137, 138, 141]",87,False,2.9941015232777425e-05,-3.348171077635896e-08,9.991498981184594e-06,10.0
E3,303,303,263,40,43,0.8679867986798679,0.8594771241830066,0.8637110016420362,raja,S6/S06_20170817_034716_3,frontal,mean,mean__frontal__E3,6,142,"[0, 2, 3, 4, 7, 8, 9, 10, 11, 13, 14, 15, 16, 17, 18, 20, 21, 22, 23, 24, 25, 26, 27, 30, 31, 32, 33, 34, 36, 38, 39, 40, 41, 42, 43, 44, 45, 46, 47, 48, 52, 54, 55, 56, 57, 58, 59, 60, 61, 62, 64, 65, 66, 67, 70, 72, 74, 75, 76, 78, 79, 81, 83, 88, 89, 90, 91, 92, 97, 100, 107, 109, 111, 112, 113, 114, 115, 122, 123, 124, 132, 133, 134, 136, 137, 138, 141]",87,False,2.448726477557282e-05,-8.081559276429114e-09,8.16511544494975e-06,10.0
E23,291,291,245,46,61,0.8419243986254296,0.8006535947712419,0.8207705192629816,raja,S6/S06_20170817_034716_3,frontal,mean,mean__frontal__E23,6,142,"[0, 2, 3, 4, 7, 8, 9, 10, 11, 13, 14, 15, 16, 17, 18, 20, 21, 22, 23, 24, 25, 26, 27, 30, 31, 32, 33, 34, 36, 38, 39, 40, 41, 42, 43, 44, 45, 46, 47, 48, 52, 54, 55, 56, 57, 58, 59, 60, 61, 62, 64, 65, 66, 67, 70, 72, 74, 75, 76, 78, 79, 81, 83, 88, 89, 90, 91, 92, 97, 100, 107, 109, 111, 112, 113, 114, 115, 122, 123, 124, 132, 133, 134, 136, 137, 138, 141]",87,False,2.0590196244281314e-05,-1.9300981962068656e-08,6.869832408747794e-06,10.0
E124,163,163,146,17,160,0.8957055214723927,0.477124183006536,0.6226012793176973,raja,S6/S06_20170817_034716_3,frontal,mean,mean__frontal__E124,6,142,"[0, 2, 3, 4, 7, 8, 9, 10, 11, 13, 14, 15, 16, 17, 18, 20, 21, 22, 23, 24, 25, 26, 27, 30, 31, 32, 33, 34, 36, 38, 39, 40, 41, 42, 43, 44, 45, 46, 47, 48, 52, 54, 55, 56, 57, 58, 59, 60, 61, 62, 64, 65, 66, 67, 70, 72, 74, 75, 76, 78, 79, 81, 83, 88, 89, 90, 91, 92, 97, 100, 107, 109, 111, 112, 113, 114, 115, 122, 123, 124, 132, 133, 134, 136, 137, 138, 141]",87,False,1.8702494481504728e-05,-9.631565241873206e-09,6.237375348915533e-06,10.0
E24,90,90,19,71,287,0.2111111111111111,0.06209150326797386,0.09595959595959594,raja,S6/S06_20170817_034716_3,frontal,mean,mean__frontal__E24,6,142,"[0, 2, 3, 4, 7, 8, 9, 10, 11, 13, 14, 15, 16, 17, 18, 20, 21, 22, 23, 24, 25, 26, 27, 30, 31, 32, 33, 34, 36, 38, 39, 40, 41, 42, 43, 44, 45, 46, 47, 48, 52, 54, 55, 56, 57, 58, 59, 60, 61, 62, 64, 65, 66, 67, 70, 72, 74, 75, 76, 78, 79, 81, 83, 88, 89, 90, 91, 92, 97, 100, 107, 109, 111, 112, 113, 114, 115, 122, 123, 124, 132, 133, 134, 136, 137, 138, 141]",87,False,2.1939031708360287e-05,-1.3310652908880227e-08,7.317447453756388e-06,10.0
E22,345,345,295,50,11,0.855072463768116,0.9640522875816994,0.9062980030721968,raja,S6/S06_20170817_034716_3,frontal_left,median,median__frontal_left__E22,3,142,"[0, 2, 3, 4, 7, 9, 10, 11, 15, 17, 18, 20, 21, 22, 23, 24, 25, 26, 27, 30, 31, 32, 33, 34, 38, 39, 42, 45, 46, 47, 48, 54, 55, 56, 57, 58, 59, 60, 61, 64, 67, 70, 74, 75, 76, 79, 88, 89, 92, 97, 100, 107, 111, 112, 113, 114, 115, 123, 124, 132, 133, 141]",62,False,2.727368651683199e-05,-1.4704338183591631e-06,9.581373445063718e-06,10.0
E23,290,290,245,45,61,0.8448275862068966,0.8006535947712419,0.8221476510067114,raja,S6/S06_20170817_034716_3,frontal_left,median,median__frontal_left__E23,3,142,"[0, 2, 3, 4, 7, 9, 10, 11, 15, 17, 18, 20, 21, 22, 23, 24, 25, 26, 27, 30, 31, 32, 33, 34, 38, 39, 42, 45, 46, 47, 48, 54, 55, 56, 57, 58, 59, 60, 61, 64, 67, 70, 74, 75, 76, 79, 88, 89, 92, 97, 100, 107, 111, 112, 113, 114, 115, 123, 124, 132, 133, 141]",62,False,2.0735564517128183e-05,-7.466016403921119e-07,7.160722052506764e-06,10.0
E24,78,78,15,63,291,0.19230769230769232,0.049019607843137254,0.07812500000000001,raja,S6/S06_20170817_034716_3,frontal_left,median,median__frontal_left__E24,3,142,"[0, 2, 3, 4, 7, 9, 10, 11, 15, 17, 18, 20, 21, 22, 23, 24, 25, 26, 27, 30, 31, 32, 33, 34, 38, 39, 42, 45, 46, 47, 48, 54, 55, 56, 57, 58, 59, 60, 61, 64, 67, 70, 74, 75, 76, 79, 88, 89, 92, 97, 100, 107, 111, 112, 113, 114, 115, 123, 124, 132, 133, 141]",62,False,2.416186267099144e-05,-5.806855926113223e-08,8.07331041008419e-06,10.0
E22,340,340,292,48,14,0.8588235294117647,0.954248366013072,0.9040247678018575,raja,S6/S06_20170817_034716_3,frontal_left,mean,mean__frontal_left__E22,3,142,"[0, 2, 3, 4, 7, 9, 10, 11, 15, 17, 18, 20, 21, 22, 23, 24, 25, 26, 27, 30, 31, 32, 33, 34, 38, 39, 42, 45, 46, 47, 48, 54, 55, 56, 57, 58, 59, 60, 61, 64, 67, 70, 74, 75, 76, 79, 88, 89, 92, 97, 100, 107, 111, 112, 113, 114, 115, 123, 124, 132, 133, 141]",62,False,2.870914797954062e-05,-3.497235565053335e-08,9.581373445063718e-06,10.0
E23,289,289,244,45,62,0.8442906574394463,0.7973856209150327,0.8201680672268908,raja,S6/S06_20170817_034716_3,frontal_left,mean,mean__frontal_left__E23,3,142,"[0, 2, 3, 4, 7, 9, 10, 11, 15, 17, 18, 20, 21, 22, 23, 24, 25, 26, 27, 30, 31, 32, 33, 34, 38, 39, 42, 45, 46, 47, 48, 54, 55, 56, 57, 58, 59, 60, 61, 64, 67, 70, 74, 75, 76, 79, 88, 89, 92, 97, 100, 107, 111, 112, 113, 114, 115, 123, 124, 132, 133, 141]",62,False,2.1452764152999867e-05,-2.940200452042853e-08,7.160722052506764e-06,10.0
E24,78,78,15,63,291,0.19230769230769232,0.049019607843137254,0.07812500000000001,raja,S6/S06_20170817_034716_3,frontal_left,mean,mean__frontal_left__E24,3,142,"[0, 2, 3, 4, 7, 9, 10, 11, 15, 17, 18, 20, 21, 22, 23, 24, 25, 26, 27, 30, 31, 32, 33, 34, 38, 39, 42, 45, 46, 47, 48, 54, 55, 56, 57, 58, 59, 60, 61, 64, 67, 70, 74, 75, 76, 79, 88, 89, 92, 97, 100, 107, 111, 112, 113, 114, 115, 123, 124, 132, 133, 141]",62,False,2.4198294455938376e-05,-2.163677431419601e-08,8.07331041008419e-06,10.0
E9,360,360,296,64,10,0.8222222222222222,0.9673202614379085,0.8888888888888888,raja,S6/S06_20170817_034716_3,frontal_right,median,median__frontal_right__E9,3,142,"[2, 7, 8, 9, 10, 11, 13, 14, 15, 16, 17, 18, 22, 23, 24, 25, 26, 27, 30, 31, 32, 36, 38, 39, 40, 41, 42, 43, 44, 45, 47, 48, 52, 54, 55, 56, 57, 58, 59, 61, 62, 64, 65, 66, 67, 70, 72, 74, 75, 76, 78, 79, 81, 83, 88, 89, 90, 91, 92, 97, 100, 107, 109, 111, 112, 113, 114, 115, 122, 123, 124, 132, 133, 134, 136, 137, 138, 141]",78,False,2.9247306021599333e-05,-1.653638261819492e-06,1.0300314761139607e-05,10.0
E3,304,304,265,39,41,0.8717105263157895,0.8660130718954249,0.8688524590163935,raja,S6/S06_20170817_034716_3,frontal_right,median,median__frontal_right__E3,3,142,"[2, 7, 8, 9, 10, 11, 13, 14, 15, 16, 17, 18, 22, 23, 24, 25, 26, 27, 30, 31, 32, 36, 38, 39, 40, 41, 42, 43, 44, 45, 47, 48, 52, 54, 55, 56, 57, 58, 59, 61, 62, 64, 65, 66, 67, 70, 72, 74, 75, 76, 78, 79, 81, 83, 88, 89, 90, 91, 92, 97, 100, 107, 109, 111, 112, 113, 114, 115, 122, 123, 124, 132, 133, 134, 136, 137, 138, 141]",78,False,2.429255142112295e-05,-8.895693067666281e-07,8.39404024262986e-06,10.0
E124,167,167,150,17,156,0.8982035928143712,0.49019607843137253,0.6342494714587738,raja,S6/S06_20170817_034716_3,frontal_right,median,median__frontal_right__E124,3,142,"[2, 7, 8, 9, 10, 11, 13, 14, 15, 16, 17, 18, 22, 23, 24, 25, 26, 27, 30, 31, 32, 36, 38, 39, 40, 41, 42, 43, 44, 45, 47, 48, 52, 54, 55, 56, 57, 58, 59, 61, 62, 64, 65, 66, 67, 70, 72, 74, 75, 76, 78, 79, 81, 83, 88, 89, 90, 91, 92, 97, 100, 107, 109, 111, 112, 113, 114, 115, 122, 123, 124, 132, 133, 134, 136, 137, 138, 141]",78,False,1.8498949142945342e-05,-4.712589608502333e-07,6.3234027012651915e-06,10.0
E9,351,351,294,57,12,0.8376068376068376,0.9607843137254902,0.8949771689497716,raja,S6/S06_20170817_034716_3,frontal_right,mean,mean__frontal_right__E9,3,142,"[2, 7, 8, 9, 10, 11, 13, 14, 15, 16, 17, 18, 22, 23, 24, 25, 26, 27, 30, 31, 32, 36, 38, 39, 40, 41, 42, 43, 44, 45, 47, 48, 52, 54, 55, 56, 57, 58, 59, 61, 62, 64, 65, 66, 67, 70, 72, 74, 75, 76, 78, 79, 81, 83, 88, 89, 90, 91, 92, 97, 100, 107, 109, 111, 112, 113, 114, 115, 122, 123, 124, 132, 133, 134, 136, 137, 138, 141]",78,False,3.0867763072536766e-05,-3.318121088205821e-08,1.0300314761139607e-05,10.0
E3,296,296,259,37,47,0.875,0.8464052287581699,0.8604651162790697,raja,S6/S06_20170817_034716_3,frontal_right,mean,mean__frontal_right__E3,3,142,"[2, 7, 8, 9, 10, 11, 13, 14, 15, 16, 17, 18, 22, 23, 24, 25, 26, 27, 30, 31, 32, 36, 38, 39, 40, 41, 42, 43, 44, 45, 47, 48, 52, 54, 55, 56, 57, 58, 59, 61, 62, 64, 65, 66, 67, 70, 72, 74, 75, 76, 78, 79, 81, 83, 88, 89, 90, 91, 92, 97, 100, 107, 109, 111, 112, 113, 114, 115, 122, 123, 124, 132, 133, 134, 136, 137, 138, 141]",78,False,2.517711093881141e-05,-5.0097890781654854e-09,8.39404024262986e-06,10.0
E124,159,159,144,15,162,0.9056603773584906,0.47058823529411764,0.6193548387096774,raja,S6/S06_20170817_034716_3,frontal_right,mean,mean__frontal_right__E124,3,142,"[2, 7, 8, 9, 10, 11, 13, 14, 15, 16, 17, 18, 22, 23, 24, 25, 26, 27, 30, 31, 32, 36, 38, 39, 40, 41, 42, 43, 44, 45, 47, 48, 52, 54, 55, 56, 57, 58, 59, 61, 62, 64, 65, 66, 67, 70, 72, 74, 75, 76, 78, 79, 81, 83, 88, 89, 90, 91, 92, 97, 100, 107, 109, 111, 112, 113, 114, 115, 122, 123, 124, 132, 133, 134, 136, 137, 138, 141]",78,False,1.8962984661325443e-05,-7.2234424701311094e-09,6.3234027012651915e-06,10.0
E22,368,368,301,67,5,0.8179347826086957,0.9836601307189542,0.8931750741839762,raja,S6/S06_20170817_034716_3,all_channel,median,median__all_channel__E22,32,71,"[0, 1, 2, 3, 4, 5, 7, 8, 9, 10, 11, 12, 13, 15, 16, 17, 19, 20, 21, 22, 23, 24, 25, 26, 27, 28, 29, 30, 32, 33, 35, 36, 37, 38, 39, 41, 42, 43, 44, 46, 47, 48, 50, 52, 53, 54, 55, 56, 57, 61, 62, 66, 67, 70]",54,False,2.4394728191475496e-05,-1.0205693178785227e-06,8.471765836451339e-06,20.0
E9,375,375,301,74,5,0.8026666666666666,0.9836601307189542,0.8839941262848751,raja,S6/S06_20170817_034716_3,all_channel,median,median__all_channel__E9,32,71,"[0, 1, 2, 3, 4, 5, 7, 8, 9, 10, 11, 12, 13, 15, 16, 17, 19, 20, 21, 22, 23, 24, 25, 26, 27, 28, 29, 30, 32, 33, 35, 36, 37, 38, 39, 41, 42, 43, 44, 46, 47, 48, 50, 52, 53, 54, 55, 56, 57, 61, 62, 66, 67, 70]",54,False,2.6949638453482647e-05,-1.1232067168630202e-06,9.35761505678189e-06,20.0
E3,319,319,274,45,32,0.8589341692789969,0.8954248366013072,0.8767999999999999,raja,S6/S06_20170817_034716_3,all_channel,median,median__all_channel__E3,32,71,"[0, 1, 2, 3, 4, 5, 7, 8, 9, 10, 11, 12, 13, 15, 16, 17, 19, 20, 21, 22, 23, 24, 25, 26, 27, 28, 29, 30, 32, 33, 35, 36, 37, 38, 39, 41, 42, 43, 44, 46, 47, 48, 50, 52, 53, 54, 55, 56, 57, 61, 62, 66, 67, 70]",54,False,2.2683228118562373e-05,-6.025102130626782e-07,7.761912777208351e-06,20.0
E23,316,316,266,50,40,0.8417721518987342,0.869281045751634,0.8553054662379421,raja,S6/S06_20170817_034716_3,all_channel,median,median__all_channel__E23,32,71,"[0, 1, 2, 3, 4, 5, 7, 8, 9, 10, 11, 12, 13, 15, 16, 17, 19, 20, 21, 22, 23, 24, 25, 26, 27, 28, 29, 30, 32, 33, 35, 36, 37, 38, 39, 41, 42, 43, 44, 46, 47, 48, 50, 52, 53, 54, 55, 56, 57, 61, 62, 66, 67, 70]",54,False,1.910241074774631e-05,-5.115593494869724e-07,6.537990032411093e-06,20.0
E11,236,236,206,30,100,0.8728813559322034,0.673202614379085,0.7601476014760147,raja,S6/S06_20170817_034716_3,all_channel,median,median__all_channel__E11,32,71,"[0, 1, 2, 3, 4, 5, 7, 8, 9, 10, 11, 12, 13, 15, 16, 17, 19, 20, 21, 22, 23, 24, 25, 26, 27, 28, 29, 30, 32, 33, 35, 36, 37, 38, 39, 41, 42, 43, 44, 46, 47, 48, 50, 52, 53, 54, 55, 56, 57, 61, 62, 66, 67, 70]",54,False,1.8195720943656788e-05,-3.90767105351854e-07,6.195496016336214e-06,20.0
E124,181,181,159,22,147,0.8784530386740331,0.5196078431372549,0.6529774127310062,raja,S6/S06_20170817_034716_3,all_channel,median,median__all_channel__E124,32,71,"[0, 1, 2, 3, 4, 5, 7, 8, 9, 10, 11, 12, 13, 15, 16, 17, 19, 20, 21, 22, 23, 24, 25, 26, 27, 28, 29, 30, 32, 33, 35, 36, 37, 38, 39, 41, 42, 43, 44, 46, 47, 48, 50, 52, 53, 54, 55, 56, 57, 61, 62, 66, 67, 70]",54,False,1.7943654693962537e-05,-3.121673631983542e-07,6.08527401905363e-06,20.0
E26,214,214,167,47,139,0.780373831775701,0.545751633986928,0.6423076923076922,raja,S6/S06_20170817_034716_3,all_channel,median,median__all_channel__E26,32,71,"[0, 1, 2, 3, 4, 5, 7, 8, 9, 10, 11, 12, 13, 15, 16, 17, 19, 20, 21, 22, 23, 24, 25, 26, 27, 28, 29, 30, 32, 33, 35, 36, 37, 38, 39, 41, 42, 43, 44, 46, 47, 48, 50, 52, 53, 54, 55, 56, 57, 61, 62, 66, 67, 70]",54,False,2.58633280104441e-05,-3.464163568683188e-07,8.736581455770806e-06,20.0
E122,59,59,32,27,274,0.5423728813559322,0.10457516339869281,0.17534246575342466,raja,S6/S06_20170817_034716_3,all_channel,median,median__all_channel__E122,32,71,"[0, 1, 2, 3, 4, 5, 7, 8, 9, 10, 11, 12, 13, 15, 16, 17, 19, 20, 21, 22, 23, 24, 25, 26, 27, 28, 29, 30, 32, 33, 35, 36, 37, 38, 39, 41, 42, 43, 44, 46, 47, 48, 50, 52, 53, 54, 55, 56, 57, 61, 62, 66, 67, 70]",54,False,2.5087677662366152e-05,9.309544193426273e-08,8.33152740681063e-06,20.0
E24,101,101,25,76,281,0.24752475247524752,0.08169934640522876,0.12285012285012287,raja,S6/S06_20170817_034716_3,all_channel,median,median__all_channel__E24,32,71,"[0, 1, 2, 3, 4, 5, 7, 8, 9, 10, 11, 12, 13, 15, 16, 17, 19, 20, 21, 22, 23, 24, 25, 26, 27, 28, 29, 30, 32, 33, 35, 36, 37, 38, 39, 41, 42, 43, 44, 46, 47, 48, 50, 52, 53, 54, 55, 56, 57, 61, 62, 66, 67, 70]",54,False,2.038225947947687e-05,-4.8793923168476486e-08,6.810351134215116e-06,20.0
E117,20,20,16,4,290,0.8,0.05228758169934641,0.09815950920245399,raja,S6/S06_20170817_034716_3,all_channel,median,median__all_channel__E117,32,71,"[0, 1, 2, 3, 4, 5, 7, 8, 9, 10, 11, 12, 13, 15, 16, 17, 19, 20, 21, 22, 23, 24, 25, 26, 27, 28, 29, 30, 32, 33, 35, 36, 37, 38, 39, 41, 42, 43, 44, 46, 47, 48, 50, 52, 53, 54, 55, 56, 57, 61, 62, 66, 67, 70]",54,False,1.6557704848477694e-05,-4.0988530218274884e-09,5.520601233833174e-06,20.0
E75,114,114,12,102,294,0.10526315789473684,0.0392156862745098,0.05714285714285714,raja,S6/S06_20170817_034716_3,all_channel,median,median__all_channel__E75,32,71,"[0, 1, 2, 3, 4, 5, 7, 8, 9, 10, 11, 12, 13, 15, 16, 17, 19, 20, 21, 22, 23, 24, 25, 26, 27, 28, 29, 30, 32, 33, 35, 36, 37, 38, 39, 41, 42, 43, 44, 46, 47, 48, 50, 52, 53, 54, 55, 56, 57, 61, 62, 66, 67, 70]",54,False,1.9407637354703427e-05,1.0906737249273741e-07,6.432856660736896e-06,20.0
E33,48,48,8,40,298,0.16666666666666666,0.026143790849673203,0.04519774011299435,raja,S6/S06_20170817_034716_3,all_channel,median,median__all_channel__E33,32,71,"[0, 1, 2, 3, 4, 5, 7, 8, 9, 10, 11, 12, 13, 15, 16, 17, 19, 20, 21, 22, 23, 24, 25, 26, 27, 28, 29, 30, 32, 33, 35, 36, 37, 38, 39, 41, 42, 43, 44, 46, 47, 48, 50, 52, 53, 54, 55, 56, 57, 61, 62, 66, 67, 70]",54,False,2.0482592620451645e-05,6.344716235762246e-08,6.806381819364674e-06,20.0
E112,10,10,2,8,304,0.2,0.006535947712418301,0.012658227848101266,raja,S6/S06_20170817_034716_3,all_channel,median,median__all_channel__E112,32,71,"[0, 1, 2, 3, 4, 5, 7, 8, 9, 10, 11, 12, 13, 15, 16, 17, 19, 20, 21, 22, 23, 24, 25, 26, 27, 28, 29, 30, 32, 33, 35, 36, 37, 38, 39, 41, 42, 43, 44, 46, 47, 48, 50, 52, 53, 54, 55, 56, 57, 61, 62, 66, 67, 70]",54,False,1.5686366910906492e-05,5.443637135734754e-08,5.210643513183048e-06,20.0
E62,10,10,2,8,304,0.2,0.006535947712418301,0.012658227848101266,raja,S6/S06_20170817_034716_3,all_channel,median,median__all_channel__E62,32,71,"[0, 1, 2, 3, 4, 5, 7, 8, 9, 10, 11, 12, 13, 15, 16, 17, 19, 20, 21, 22, 23, 24, 25, 26, 27, 28, 29, 30, 32, 33, 35, 36, 37, 38, 39, 41, 42, 43, 44, 46, 47, 48, 50, 52, 53, 54, 55, 56, 57, 61, 62, 66, 67, 70]",54,False,1.5504094947844233e-05,1.545378256585544e-07,5.11651904072856e-06,20.0
E109,12,12,2,10,304,0.16666666666666666,0.006535947712418301,0.012578616352201257,raja,S6/S06_20170817_034716_3,all_channel,median,median__all_channel__E109,32,71,"[0, 1, 2, 3, 4, 5, 7, 8, 9, 10, 11, 12, 13, 15, 16, 17, 19, 20, 21, 22, 23, 24, 25, 26, 27, 28, 29, 30, 32, 33, 35, 36, 37, 38, 39, 41, 42, 43, 44, 46, 47, 48, 50, 52, 53, 54, 55, 56, 57, 61, 62, 66, 67, 70]",54,False,1.881043318021997e-05,1.632959067282184e-07,6.2157124244972505e-06,20.0
E40,13,13,2,11,304,0.15384615384615385,0.006535947712418301,0.012539184952978058,raja,S6/S06_20170817_034716_3,all_channel,median,median__all_channel__E40,32,71,"[0, 1, 2, 3, 4, 5, 7, 8, 9, 10, 11, 12, 13, 15, 16, 17, 19, 20, 21, 22, 23, 24, 25, 26, 27, 28, 29, 30, 32, 33, 35, 36, 37, 38, 39, 41, 42, 43, 44, 46, 47, 48, 50, 52, 53, 54, 55, 56, 57, 61, 62, 66, 67, 70]",54,False,1.6479396175563675e-05,1.0630743399901208e-07,5.45769624718822e-06,20.0
E85,18,18,2,16,304,0.1111111111111111,0.006535947712418301,0.012345679012345678,raja,S6/S06_20170817_034716_3,all_channel,median,median__all_channel__E85,32,71,"[0, 1, 2, 3, 4, 5, 7, 8, 9, 10, 11, 12, 13, 15, 16, 17, 19, 20, 21, 22, 23, 24, 25, 26, 27, 28, 29, 30, 32, 33, 35, 36, 37, 38, 39, 41, 42, 43, 44, 46, 47, 48, 50, 52, 53, 54, 55, 56, 57, 61, 62, 66, 67, 70]",54,False,1.6581475855863227e-05,2.3102150350588912e-07,5.450151450785779e-06,20.0
E13,33,33,2,31,304,0.06060606060606061,0.006535947712418301,0.011799410029498525,raja,S6/S06_20170817_034716_3,all_channel,median,median__all_channel__E13,32,71,"[0, 1, 2, 3, 4, 5, 7, 8, 9, 10, 11, 12, 13, 15, 16, 17, 19, 20, 21, 22, 23, 24, 25, 26, 27, 28, 29, 30, 32, 33, 35, 36, 37, 38, 39, 41, 42, 43, 44, 46, 47, 48, 50, 52, 53, 54, 55, 56, 57, 61, 62, 66, 67, 70]",54,False,1.6581839319661575e-05,1.2538516820938721e-07,5.485484717150729e-06,20.0
E70,36,36,2,34,304,0.05555555555555555,0.006535947712418301,0.011695906432748539,raja,S6/S06_20170817_034716_3,all_channel,median,median__all_channel__E70,32,71,"[0, 1, 2, 3, 4, 5, 7, 8, 9, 10, 11, 12, 13, 15, 16, 17, 19, 20, 21, 22, 23, 24, 25, 26, 27, 28, 29, 30, 32, 33, 35, 36, 37, 38, 39, 41, 42, 43, 44, 46, 47, 48, 50, 52, 53, 54, 55, 56, 57, 61, 62, 66, 67, 70]",54,False,1.7689116925524953e-05,1.8192081257515635e-07,5.8357320376499326e-06,20.0
E59,14,14,1,13,305,0.07142857142857142,0.0032679738562091504,0.0062499999999999995,raja,S6/S06_20170817_034716_3,all_channel,median,median__all_channel__E59,32,71,"[0, 1, 2, 3, 4, 5, 7, 8, 9, 10, 11, 12, 13, 15, 16, 17, 19, 20, 21, 22, 23, 24, 25, 26, 27, 28, 29, 30, 32, 33, 35, 36, 37, 38, 39, 41, 42, 43, 44, 46, 47, 48, 50, 52, 53, 54, 55, 56, 57, 61, 62, 66, 67, 70]",54,False,1.5448619468651453e-05,1.9087998143609474e-07,5.085913162405119e-06,20.0
E98,15,15,1,14,305,0.06666666666666667,0.0032679738562091504,0.006230529595015576,raja,S6/S06_20170817_034716_3,all_channel,median,median__all_channel__E98,32,71,"[0, 1, 2, 3, 4, 5, 7, 8, 9, 10, 11, 12, 13, 15, 16, 17, 19, 20, 21, 22, 23, 24, 25, 26, 27, 28, 29, 30, 32, 33, 35, 36, 37, 38, 39, 41, 42, 43, 44, 46, 47, 48, 50, 52, 53, 54, 55, 56, 57, 61, 62, 66, 67, 70]",54,False,1.617994486572451e-05,1.9335165286190966e-07,5.328864404287533e-06,20.0
E47,16,16,1,15,305,0.0625,0.0032679738562091504,0.006211180124223602,raja,S6/S06_20170817_034716_3,all_channel,median,median__all_channel__E47,32,71,"[0, 1, 2, 3, 4, 5, 7, 8, 9, 10, 11, 12, 13, 15, 16, 17, 19, 20, 21, 22, 23, 24, 25, 26, 27, 28, 29, 30, 32, 33, 35, 36, 37, 38, 39, 41, 42, 43, 44, 46, 47, 48, 50, 52, 53, 54, 55, 56, 57, 61, 62, 66, 67, 70]",54,False,1.4451693176997975e-05,1.1861361605727796e-07,4.777693186980233e-06,20.0
E60,16,16,1,15,305,0.0625,0.0032679738562091504,0.006211180124223602,raja,S6/S06_20170817_034716_3,all_channel,median,median__all_channel__E60,32,71,"[0, 1, 2, 3, 4, 5, 7, 8, 9, 10, 11, 12, 13, 15, 16, 17, 19, 20, 21, 22, 23, 24, 25, 26, 27, 28, 29, 30, 32, 33, 35, 36, 37, 38, 39, 41, 42, 43, 44, 46, 47, 48, 50, 52, 53, 54, 55, 56, 57, 61, 62, 66, 67, 70]",54,False,1.802231474205015e-05,1.926672908184316e-07,5.9432158170772395e-06,20.0
E77,16,16,1,15,305,0.0625,0.0032679738562091504,0.006211180124223602,raja,S6/S06_20170817_034716_3,all_channel,median,median__all_channel__E77,32,71,"[0, 1, 2, 3, 4, 5, 7, 8, 9, 10, 11, 12, 13, 15, 16, 17, 19, 20, 21, 22, 23, 24, 25, 26, 27, 28, 29, 30, 32, 33, 35, 36, 37, 38, 39, 41, 42, 43, 44, 46, 47, 48, 50, 52, 53, 54, 55, 56, 57, 61, 62, 66, 67, 70]",54,False,1.5361331425805116e-05,2.121443808497676e-07,5.049729014985116e-06,20.0
E91,17,17,1,16,305,0.058823529411764705,0.0032679738562091504,0.006191950464396285,raja,S6/S06_20170817_034716_3,all_channel,median,median__all_channel__E91,32,71,"[0, 1, 2, 3, 4, 5, 7, 8, 9, 10, 11, 12, 13, 15, 16, 17, 19, 20, 21, 22, 23, 24, 25, 26, 27, 28, 29, 30, 32, 33, 35, 36, 37, 38, 39, 41, 42, 43, 44, 46, 47, 48, 50, 52, 53, 54, 55, 56, 57, 61, 62, 66, 67, 70]",54,False,1.472775484709099e-05,2.846703999870352e-07,4.814361482367985e-06,20.0
E84,20,20,1,19,305,0.05,0.0032679738562091504,0.006134969325153374,raja,S6/S06_20170817_034716_3,all_channel,median,median__all_channel__E84,32,71,"[0, 1, 2, 3, 4, 5, 7, 8, 9, 10, 11, 12, 13, 15, 16, 17, 19, 20, 21, 22, 23, 24, 25, 26, 27, 28, 29, 30, 32, 33, 35, 36, 37, 38, 39, 41, 42, 43, 44, 46, 47, 48, 50, 52, 53, 54, 55, 56, 57, 61, 62, 66, 67, 70]",54,False,1.6567173118862957e-05,2.423311523193343e-07,5.441613988847874e-06,20.0
E37,3,3,0,3,306,0.0,0.0,0.0,raja,S6/S06_20170817_034716_3,all_channel,median,median__all_channel__E37,32,71,"[0, 1, 2, 3, 4, 5, 7, 8, 9, 10, 11, 12, 13, 15, 16, 17, 19, 20, 21, 22, 23, 24, 25, 26, 27, 28, 29, 30, 32, 33, 35, 36, 37, 38, 39, 41, 42, 43, 44, 46, 47, 48, 50, 52, 53, 54, 55, 56, 57, 61, 62, 66, 67, 70]",54,False,1.2794656276509417e-05,7.091954308769855e-08,4.24124557780724e-06,20.0
E87,4,4,0,4,306,0.0,0.0,0.0,raja,S6/S06_20170817_034716_3,all_channel,median,median__all_channel__E87,32,71,"[0, 1, 2, 3, 4, 5, 7, 8, 9, 10, 11, 12, 13, 15, 16, 17, 19, 20, 21, 22, 23, 24, 25, 26, 27, 28, 29, 30, 32, 33, 35, 36, 37, 38, 39, 41, 42, 43, 44, 46, 47, 48, 50, 52, 53, 54, 55, 56, 57, 61, 62, 66, 67, 70]",54,False,1.3059067006580404e-05,9.739097992659412e-08,4.32055867555127e-06,20.0
E28,7,7,0,7,306,0.0,0.0,0.0,raja,S6/S06_20170817_034716_3,all_channel,median,median__all_channel__E28,32,71,"[0, 1, 2, 3, 4, 5, 7, 8, 9, 10, 11, 12, 13, 15, 16, 17, 19, 20, 21, 22, 23, 24, 25, 26, 27, 28, 29, 30, 32, 33, 35, 36, 37, 38, 39, 41, 42, 43, 44, 46, 47, 48, 50, 52, 53, 54, 55, 56, 57, 61, 62, 66, 67, 70]",54,False,1.6261049419709677e-05,1.2890194591847087e-08,5.416053075039277e-06,20.0
E104,13,13,0,13,306,0.0,0.0,0.0,raja,S6/S06_20170817_034716_3,all_channel,median,median__all_channel__E104,32,71,"[0, 1, 2, 3, 4, 5, 7, 8, 9, 10, 11, 12, 13, 15, 16, 17, 19, 20, 21, 22, 23, 24, 25, 26, 27, 28, 29, 30, 32, 33, 35, 36, 37, 38, 39, 41, 42, 43, 44, 46, 47, 48, 50, 52, 53, 54, 55, 56, 57, 61, 62, 66, 67, 70]",54,False,1.7397543499074806e-05,1.4794603178910812e-07,5.749865822428566e-06,20.0
E67,25,25,0,25,306,0.0,0.0,0.0,raja,S6/S06_20170817_034716_3,all_channel,median,median__all_channel__E67,32,71,"[0, 1, 2, 3, 4, 5, 7, 8, 9, 10, 11, 12, 13, 15, 16, 17, 19, 20, 21, 22, 23, 24, 25, 26, 27, 28, 29, 30, 32, 33, 35, 36, 37, 38, 39, 41, 42, 43, 44, 46, 47, 48, 50, 52, 53, 54, 55, 56, 57, 61, 62, 66, 67, 70]",54,False,2.0460147529916927e-05,2.2313642001807098e-07,6.745670369966285e-06,20.0
E83,37,37,0,37,306,0.0,0.0,0.0,raja,S6/S06_20170817_034716_3,all_channel,median,median__all_channel__E83,32,71,"[0, 1, 2, 3, 4, 5, 7, 8, 9, 10, 11, 12, 13, 15, 16, 17, 19, 20, 21, 22, 23, 24, 25, 26, 27, 28, 29, 30, 32, 33, 35, 36, 37, 38, 39, 41, 42, 43, 44, 46, 47, 48, 50, 52, 53, 54, 55, 56, 57, 61, 62, 66, 67, 70]",54,False,1.6942890167126695e-05,1.6141300981704687e-07,5.5938257191032156e-06,20.0
E22,360,360,299,61,7,0.8305555555555556,0.9771241830065359,0.897897897897898,raja,S6/S06_20170817_034716_3,all_channel,mean,mean__all_channel__E22,32,71,"[0, 1, 2, 3, 4, 5, 7, 8, 9, 10, 11, 12, 13, 15, 16, 17, 19, 20, 21, 22, 23, 24, 25, 26, 27, 28, 29, 30, 32, 33, 35, 36, 37, 38, 39, 41, 42, 43, 44, 46, 47, 48, 50, 52, 53, 54, 55, 56, 57, 61, 62, 66, 67, 70]",54,False,2.5411276876703593e-05,-4.020632650426046e-09,8.471765836451339e-06,20.0
E9,366,366,300,66,6,0.819672131147541,0.9803921568627451,0.8928571428571428,raja,S6/S06_20170817_034716_3,all_channel,mean,mean__all_channel__E9,32,71,"[0, 1, 2, 3, 4, 5, 7, 8, 9, 10, 11, 12, 13, 15, 16, 17, 19, 20, 21, 22, 23, 24, 25, 26, 27, 28, 29, 30, 32, 33, 35, 36, 37, 38, 39, 41, 42, 43, 44, 46, 47, 48, 50, 52, 53, 54, 55, 56, 57, 61, 62, 66, 67, 70]",54,False,2.8067330922037786e-05,-5.514248307881545e-09,9.35761505678189e-06,20.0
E3,316,316,272,44,34,0.8607594936708861,0.8888888888888888,0.8745980707395498,raja,S6/S06_20170817_034716_3,all_channel,mean,mean__all_channel__E3,32,71,"[0, 1, 2, 3, 4, 5, 7, 8, 9, 10, 11, 12, 13, 15, 16, 17, 19, 20, 21, 22, 23, 24, 25, 26, 27, 28, 29, 30, 32, 33, 35, 36, 37, 38, 39, 41, 42, 43, 44, 46, 47, 48, 50, 52, 53, 54, 55, 56, 57, 61, 62, 66, 67, 70]",54,False,2.3286990585535294e-05,1.2522539102442686e-09,7.761912777208351e-06,20.0
E23,309,309,261,48,45,0.8446601941747572,0.8529411764705882,0.848780487804878,raja,S6/S06_20170817_034716_3,all_channel,mean,mean__all_channel__E23,32,71,"[0, 1, 2, 3, 4, 5, 7, 8, 9, 10, 11, 12, 13, 15, 16, 17, 19, 20, 21, 22, 23, 24, 25, 26, 27, 28, 29, 30, 32, 33, 35, 36, 37, 38, 39, 41, 42, 43, 44, 46, 47, 48, 50, 52, 53, 54, 55, 56, 57, 61, 62, 66, 67, 70]",54,False,1.961547894279772e-05,1.5088455644362237e-09,6.537990032411093e-06,20.0
E11,227,227,199,28,107,0.8766519823788547,0.6503267973856209,0.7467166979362101,raja,S6/S06_20170817_034716_3,all_channel,mean,mean__all_channel__E11,32,71,"[0, 1, 2, 3, 4, 5, 7, 8, 9, 10, 11, 12, 13, 15, 16, 17, 19, 20, 21, 22, 23, 24, 25, 26, 27, 28, 29, 30, 32, 33, 35, 36, 37, 38, 39, 41, 42, 43, 44, 46, 47, 48, 50, 52, 53, 54, 55, 56, 57, 61, 62, 66, 67, 70]",54,False,1.8585432949533418e-05,-1.0550994752220728e-09,6.195496016336214e-06,20.0
E124,177,177,156,21,150,0.8813559322033898,0.5098039215686274,0.6459627329192547,raja,S6/S06_20170817_034716_3,all_channel,mean,mean__all_channel__E124,32,71,"[0, 1, 2, 3, 4, 5, 7, 8, 9, 10, 11, 12, 13, 15, 16, 17, 19, 20, 21, 22, 23, 24, 25, 26, 27, 28, 29, 30, 32, 33, 35, 36, 37, 38, 39, 41, 42, 43, 44, 46, 47, 48, 50, 52, 53, 54, 55, 56, 57, 61, 62, 66, 67, 70]",54,False,1.8254696529643938e-05,-1.1255275169523428e-09,6.08527401905363e-06,20.0
E26,207,207,165,42,141,0.7971014492753623,0.5392156862745098,0.6432748538011697,raja,S6/S06_20170817_034716_3,all_channel,mean,mean__all_channel__E26,32,71,"[0, 1, 2, 3, 4, 5, 7, 8, 9, 10, 11, 12, 13, 15, 16, 17, 19, 20, 21, 22, 23, 24, 25, 26, 27, 28, 29, 30, 32, 33, 35, 36, 37, 38, 39, 41, 42, 43, 44, 46, 47, 48, 50, 52, 53, 54, 55, 56, 57, 61, 62, 66, 67, 70]",54,False,2.6221107832005046e-05,1.1363464692629523e-08,8.736581455770806e-06,20.0
E122,60,60,33,27,273,0.55,0.10784313725490197,0.180327868852459,raja,S6/S06_20170817_034716_3,all_channel,mean,mean__all_channel__E122,32,71,"[0, 1, 2, 3, 4, 5, 7, 8, 9, 10, 11, 12, 13, 15, 16, 17, 19, 20, 21, 22, 23, 24, 25, 26, 27, 28, 29, 30, 32, 33, 35, 36, 37, 38, 39, 41, 42, 43, 44, 46, 47, 48, 50, 52, 53, 54, 55, 56, 57, 61, 62, 66, 67, 70]",54,False,2.4986661484976872e-05,-7.920735455016476e-09,8.33152740681063e-06,20.0
E24,101,101,25,76,281,0.24752475247524752,0.08169934640522876,0.12285012285012287,raja,S6/S06_20170817_034716_3,all_channel,mean,mean__all_channel__E24,32,71,"[0, 1, 2, 3, 4, 5, 7, 8, 9, 10, 11, 12, 13, 15, 16, 17, 19, 20, 21, 22, 23, 24, 25, 26, 27, 28, 29, 30, 32, 33, 35, 36, 37, 38, 39, 41, 42, 43, 44, 46, 47, 48, 50, 52, 53, 54, 55, 56, 57, 61, 62, 66, 67, 70]",54,False,2.0426795888492166e-05,-4.257514153182951e-09,6.810351134215116e-06,20.0
E117,20,20,16,4,290,0.8,0.05228758169934641,0.09815950920245399,raja,S6/S06_20170817_034716_3,all_channel,mean,mean__all_channel__E117,32,71,"[0, 1, 2, 3, 4, 5, 7, 8, 9, 10, 11, 12, 13, 15, 16, 17, 19, 20, 21, 22, 23, 24, 25, 26, 27, 28, 29, 30, 32, 33, 35, 36, 37, 38, 39, 41, 42, 43, 44, 46, 47, 48, 50, 52, 53, 54, 55, 56, 57, 61, 62, 66, 67, 70]",54,False,1.656832030707351e-05,6.51660557398939e-09,5.520601233833174e-06,20.0
E75,114,114,12,102,294,0.10526315789473684,0.0392156862745098,0.05714285714285714,raja,S6/S06_20170817_034716_3,all_channel,mean,mean__all_channel__E75,32,71,"[0, 1, 2, 3, 4, 5, 7, 8, 9, 10, 11, 12, 13, 15, 16, 17, 19, 20, 21, 22, 23, 24, 25, 26, 27, 28, 29, 30, 32, 33, 35, 36, 37, 38, 39, 41, 42, 43, 44, 46, 47, 48, 50, 52, 53, 54, 55, 56, 57, 61, 62, 66, 67, 70]",54,False,1.950854241240146e-05,2.0997243019077185e-07,6.432856660736896e-06,20.0
E33,49,49,8,41,298,0.16326530612244897,0.026143790849673203,0.04507042253521127,raja,S6/S06_20170817_034716_3,all_channel,mean,mean__all_channel__E33,32,71,"[0, 1, 2, 3, 4, 5, 7, 8, 9, 10, 11, 12, 13, 15, 16, 17, 19, 20, 21, 22, 23, 24, 25, 26, 27, 28, 29, 30, 32, 33, 35, 36, 37, 38, 39, 41, 42, 43, 44, 46, 47, 48, 50, 52, 53, 54, 55, 56, 57, 61, 62, 66, 67, 70]",54,False,2.0439757173372563e-05,2.0611715278541237e-08,6.806381819364674e-06,20.0
E112,10,10,2,8,304,0.2,0.006535947712418301,0.012658227848101266,raja,S6/S06_20170817_034716_3,all_channel,mean,mean__all_channel__E112,32,71,"[0, 1, 2, 3, 4, 5, 7, 8, 9, 10, 11, 12, 13, 15, 16, 17, 19, 20, 21, 22, 23, 24, 25, 26, 27, 28, 29, 30, 32, 33, 35, 36, 37, 38, 39, 41, 42, 43, 44, 46, 47, 48, 50, 52, 53, 54, 55, 56, 57, 61, 62, 66, 67, 70]",54,False,1.563634117889345e-05,4.41063934430484e-09,5.210643513183048e-06,20.0
E62,11,11,2,9,304,0.18181818181818182,0.006535947712418301,0.012618296529968454,raja,S6/S06_20170817_034716_3,all_channel,mean,mean__all_channel__E62,32,71,"[0, 1, 2, 3, 4, 5, 7, 8, 9, 10, 11, 12, 13, 15, 16, 17, 19, 20, 21, 22, 23, 24, 25, 26, 27, 28, 29, 30, 32, 33, 35, 36, 37, 38, 39, 41, 42, 43, 44, 46, 47, 48, 50, 52, 53, 54, 55, 56, 57, 61, 62, 66, 67, 70]",54,False,1.5340389069160673e-05,-9.16805302500845e-09,5.11651904072856e-06,20.0
E109,12,12,2,10,304,0.16666666666666666,0.006535947712418301,0.012578616352201257,raja,S6/S06_20170817_034716_3,all_channel,mean,mean__all_channel__E109,32,71,"[0, 1, 2, 3, 4, 5, 7, 8, 9, 10, 11, 12, 13, 15, 16, 17, 19, 20, 21, 22, 23, 24, 25, 26, 27, 28, 29, 30, 32, 33, 35, 36, 37, 38, 39, 41, 42, 43, 44, 46, 47, 48, 50, 52, 53, 54, 55, 56, 57, 61, 62, 66, 67, 70]",54,False,1.8648238367960202e-05,1.1010944684507499e-09,6.2157124244972505e-06,20.0
E40,13,13,2,11,304,0.15384615384615385,0.006535947712418301,0.012539184952978058,raja,S6/S06_20170817_034716_3,all_channel,mean,mean__all_channel__E40,32,71,"[0, 1, 2, 3, 4, 5, 7, 8, 9, 10, 11, 12, 13, 15, 16, 17, 19, 20, 21, 22, 23, 24, 25, 26, 27, 28, 29, 30, 32, 33, 35, 36, 37, 38, 39, 41, 42, 43, 44, 46, 47, 48, 50, 52, 53, 54, 55, 56, 57, 61, 62, 66, 67, 70]",54,False,1.6370859210181845e-05,-2.22953138281614e-09,5.45769624718822e-06,20.0
E85,20,20,2,18,304,0.1,0.006535947712418301,0.012269938650306749,raja,S6/S06_20170817_034716_3,all_channel,mean,mean__all_channel__E85,32,71,"[0, 1, 2, 3, 4, 5, 7, 8, 9, 10, 11, 12, 13, 15, 16, 17, 19, 20, 21, 22, 23, 24, 25, 26, 27, 28, 29, 30, 32, 33, 35, 36, 37, 38, 39, 41, 42, 43, 44, 46, 47, 48, 50, 52, 53, 54, 55, 56, 57, 61, 62, 66, 67, 70]",54,False,1.636688673250295e-05,1.6432380145611293e-08,5.450151450785779e-06,20.0
E13,35,35,2,33,304,0.05714285714285714,0.006535947712418301,0.011730205278592375,raja,S6/S06_20170817_034716_3,all_channel,mean,mean__all_channel__E13,32,71,"[0, 1, 2, 3, 4, 5, 7, 8, 9, 10, 11, 12, 13, 15, 16, 17, 19, 20, 21, 22, 23, 24, 25, 26, 27, 28, 29, 30, 32, 33, 35, 36, 37, 38, 39, 41, 42, 43, 44, 46, 47, 48, 50, 52, 53, 54, 55, 56, 57, 61, 62, 66, 67, 70]",54,False,1.6451452429759837e-05,-5.001721692351645e-09,5.485484717150729e-06,20.0
E70,37,37,2,35,304,0.05405405405405406,0.006535947712418301,0.011661807580174927,raja,S6/S06_20170817_034716_3,all_channel,mean,mean__all_channel__E70,32,71,"[0, 1, 2, 3, 4, 5, 7, 8, 9, 10, 11, 12, 13, 15, 16, 17, 19, 20, 21, 22, 23, 24, 25, 26, 27, 28, 29, 30, 32, 33, 35, 36, 37, 38, 39, 41, 42, 43, 44, 46, 47, 48, 50, 52, 53, 54, 55, 56, 57, 61, 62, 66, 67, 70]",54,False,1.7522809953537568e-05,1.561384058777021e-08,5.8357320376499326e-06,20.0
E59,16,16,1,15,305,0.0625,0.0032679738562091504,0.006211180124223602,raja,S6/S06_20170817_034716_3,all_channel,mean,mean__all_channel__E59,32,71,"[0, 1, 2, 3, 4, 5, 7, 8, 9, 10, 11, 12, 13, 15, 16, 17, 19, 20, 21, 22, 23, 24, 25, 26, 27, 28, 29, 30, 32, 33, 35, 36, 37, 38, 39, 41, 42, 43, 44, 46, 47, 48, 50, 52, 53, 54, 55, 56, 57, 61, 62, 66, 67, 70]",54,False,1.5258055814724311e-05,3.1632750895471906e-10,5.085913162405119e-06,20.0
E98,16,16,1,15,305,0.0625,0.0032679738562091504,0.006211180124223602,raja,S6/S06_20170817_034716_3,all_channel,mean,mean__all_channel__E98,32,71,"[0, 1, 2, 3, 4, 5, 7, 8, 9, 10, 11, 12, 13, 15, 16, 17, 19, 20, 21, 22, 23, 24, 25, 26, 27, 28, 29, 30, 32, 33, 35, 36, 37, 38, 39, 41, 42, 43, 44, 46, 47, 48, 50, 52, 53, 54, 55, 56, 57, 61, 62, 66, 67, 70]",54,False,1.5984120374694833e-05,-2.4728381677685143e-09,5.328864404287533e-06,20.0
E47,17,17,1,16,305,0.058823529411764705,0.0032679738562091504,0.006191950464396285,raja,S6/S06_20170817_034716_3,all_channel,mean,mean__all_channel__E47,32,71,"[0, 1, 2, 3, 4, 5, 7, 8, 9, 10, 11, 12, 13, 15, 16, 17, 19, 20, 21, 22, 23, 24, 25, 26, 27, 28, 29, 30, 32, 33, 35, 36, 37, 38, 39, 41, 42, 43, 44, 46, 47, 48, 50, 52, 53, 54, 55, 56, 57, 61, 62, 66, 67, 70]",54,False,1.432072282569494e-05,-1.2356735245757239e-08,4.777693186980233e-06,20.0
E60,17,17,1,16,305,0.058823529411764705,0.0032679738562091504,0.006191950464396285,raja,S6/S06_20170817_034716_3,all_channel,mean,mean__all_channel__E60,32,71,"[0, 1, 2, 3, 4, 5, 7, 8, 9, 10, 11, 12, 13, 15, 16, 17, 19, 20, 21, 22, 23, 24, 25, 26, 27, 28, 29, 30, 32, 33, 35, 36, 37, 38, 39, 41, 42, 43, 44, 46, 47, 48, 50, 52, 53, 54, 55, 56, 57, 61, 62, 66, 67, 70]",54,False,1.7821724466302434e-05,-7.922984929286145e-09,5.9432158170772395e-06,20.0
E77,18,18,1,17,305,0.05555555555555555,0.0032679738562091504,0.006172839506172839,raja,S6/S06_20170817_034716_3,all_channel,mean,mean__all_channel__E77,32,71,"[0, 1, 2, 3, 4, 5, 7, 8, 9, 10, 11, 12, 13, 15, 16, 17, 19, 20, 21, 22, 23, 24, 25, 26, 27, 28, 29, 30, 32, 33, 35, 36, 37, 38, 39, 41, 42, 43, 44, 46, 47, 48, 50, 52, 53, 54, 55, 56, 57, 61, 62, 66, 67, 70]",54,False,1.5151236173655337e-05,2.0491286999910296e-09,5.049729014985116e-06,20.0
E91,18,18,1,17,305,0.05555555555555555,0.0032679738562091504,0.006172839506172839,raja,S6/S06_20170817_034716_3,all_channel,mean,mean__all_channel__E91,32,71,"[0, 1, 2, 3, 4, 5, 7, 8, 9, 10, 11, 12, 13, 15, 16, 17, 19, 20, 21, 22, 23, 24, 25, 26, 27, 28, 29, 30, 32, 33, 35, 36, 37, 38, 39, 41, 42, 43, 44, 46, 47, 48, 50, 52, 53, 54, 55, 56, 57, 61, 62, 66, 67, 70]",54,False,1.4451982245008285e-05,8.89779790433052e-09,4.814361482367985e-06,20.0
E84,21,21,1,20,305,0.047619047619047616,0.0032679738562091504,0.0061162079510703364,raja,S6/S06_20170817_034716_3,all_channel,mean,mean__all_channel__E84,32,71,"[0, 1, 2, 3, 4, 5, 7, 8, 9, 10, 11, 12, 13, 15, 16, 17, 19, 20, 21, 22, 23, 24, 25, 26, 27, 28, 29, 30, 32, 33, 35, 36, 37, 38, 39, 41, 42, 43, 44, 46, 47, 48, 50, 52, 53, 54, 55, 56, 57, 61, 62, 66, 67, 70]",54,False,1.6327640621809328e-05,2.7986552657056283e-09,5.441613988847874e-06,20.0
E37,3,3,0,3,306,0.0,0.0,0.0,raja,S6/S06_20170817_034716_3,all_channel,mean,mean__all_channel__E37,32,71,"[0, 1, 2, 3, 4, 5, 7, 8, 9, 10, 11, 12, 13, 15, 16, 17, 19, 20, 21, 22, 23, 24, 25, 26, 27, 28, 29, 30, 32, 33, 35, 36, 37, 38, 39, 41, 42, 43, 44, 46, 47, 48, 50, 52, 53, 54, 55, 56, 57, 61, 62, 66, 67, 70]",54,False,1.2724573178605526e-05,8.364451838068285e-10,4.24124557780724e-06,20.0
E87,4,4,0,4,306,0.0,0.0,0.0,raja,S6/S06_20170817_034716_3,all_channel,mean,mean__all_channel__E87,32,71,"[0, 1, 2, 3, 4, 5, 7, 8, 9, 10, 11, 12, 13, 15, 16, 17, 19, 20, 21, 22, 23, 24, 25, 26, 27, 28, 29, 30, 32, 33, 35, 36, 37, 38, 39, 41, 42, 43, 44, 46, 47, 48, 50, 52, 53, 54, 55, 56, 57, 61, 62, 66, 67, 70]",54,False,1.2968633126238702e-05,6.957099584891838e-09,4.32055867555127e-06,20.0
E28,7,7,0,7,306,0.0,0.0,0.0,raja,S6/S06_20170817_034716_3,all_channel,mean,mean__all_channel__E28,32,71,"[0, 1, 2, 3, 4, 5, 7, 8, 9, 10, 11, 12, 13, 15, 16, 17, 19, 20, 21, 22, 23, 24, 25, 26, 27, 28, 29, 30, 32, 33, 35, 36, 37, 38, 39, 41, 42, 43, 44, 46, 47, 48, 50, 52, 53, 54, 55, 56, 57, 61, 62, 66, 67, 70]",54,False,1.6251957567495207e-05,3.798342377377762e-09,5.416053075039277e-06,20.0
E104,13,13,0,13,306,0.0,0.0,0.0,raja,S6/S06_20170817_034716_3,all_channel,mean,mean__all_channel__E104,32,71,"[0, 1, 2, 3, 4, 5, 7, 8, 9, 10, 11, 12, 13, 15, 16, 17, 19, 20, 21, 22, 23, 24, 25, 26, 27, 28, 29, 30, 32, 33, 35, 36, 37, 38, 39, 41, 42, 43, 44, 46, 47, 48, 50, 52, 53, 54, 55, 56, 57, 61, 62, 66, 67, 70]",54,False,1.7259593756023496e-05,9.996288737796207e-09,5.749865822428566e-06,20.0
E67,25,25,0,25,306,0.0,0.0,0.0,raja,S6/S06_20170817_034716_3,all_channel,mean,mean__all_channel__E67,32,71,"[0, 1, 2, 3, 4, 5, 7, 8, 9, 10, 11, 12, 13, 15, 16, 17, 19, 20, 21, 22, 23, 24, 25, 26, 27, 28, 29, 30, 32, 33, 35, 36, 37, 38, 39, 41, 42, 43, 44, 46, 47, 48, 50, 52, 53, 54, 55, 56, 57, 61, 62, 66, 67, 70]",54,False,2.0231602263940186e-05,-5.408845958668098e-09,6.745670369966285e-06,20.0
E83,37,37,0,37,306,0.0,0.0,0.0,raja,S6/S06_20170817_034716_3,all_channel,mean,mean__all_channel__E83,32,71,"[0, 1, 2, 3, 4, 5, 7, 8, 9, 10, 11, 12, 13, 15, 16, 17, 19, 20, 21, 22, 23, 24, 25, 26, 27, 28, 29, 30, 32, 33, 35, 36, 37, 38, 39, 41, 42, 43, 44, 46, 47, 48, 50, 52, 53, 54, 55, 56, 57, 61, 62, 66, 67, 70]",54,False,1.6795093960941567e-05,1.3616803631920052e-08,5.5938257191032156e-06,20.0
E22,359,359,299,60,7,0.8328690807799443,0.9771241830065359,0.8992481203007519,raja,S6/S06_20170817_034716_3,frontal,median,median__frontal__E22,6,71,"[0, 1, 2, 3, 4, 5, 7, 8, 9, 10, 11, 12, 13, 15, 16, 17, 19, 20, 21, 22, 23, 24, 27, 28, 29, 30, 32, 33, 35, 37, 38, 39, 44, 46, 48, 53, 55, 56, 57, 61, 62, 66, 67, 70]",44,False,2.552120079033478e-05,-1.1489671111177092e-06,8.89005596715083e-06,20.0
E9,366,366,300,66,6,0.819672131147541,0.9803921568627451,0.8928571428571428,raja,S6/S06_20170817_034716_3,frontal,median,median__frontal__E9,6,71,"[0, 1, 2, 3, 4, 5, 7, 8, 9, 10, 11, 12, 13, 15, 16, 17, 19, 20, 21, 22, 23, 24, 27, 28, 29, 30, 32, 33, 35, 37, 38, 39, 44, 46, 48, 53, 55, 56, 57, 61, 62, 66, 67, 70]",44,False,2.807873607608488e-05,-1.2901129513991336e-06,9.789616342494671e-06,20.0
E3,317,317,272,45,34,0.8580441640378549,0.8888888888888888,0.8731942215088282,raja,S6/S06_20170817_034716_3,frontal,median,median__frontal__E3,6,71,"[0, 1, 2, 3, 4, 5, 7, 8, 9, 10, 11, 12, 13, 15, 16, 17, 19, 20, 21, 22, 23, 24, 27, 28, 29, 30, 32, 33, 35, 37, 38, 39, 44, 46, 48, 53, 55, 56, 57, 61, 62, 66, 67, 70]",44,False,2.3409459867041412e-05,-7.11250110620942e-07,8.040236659220784e-06,20.0
E23,306,306,258,48,48,0.8431372549019608,0.8431372549019608,0.8431372549019607,raja,S6/S06_20170817_034716_3,frontal,median,median__frontal__E23,6,71,"[0, 1, 2, 3, 4, 5, 7, 8, 9, 10, 11, 12, 13, 15, 16, 17, 19, 20, 21, 22, 23, 24, 27, 28, 29, 30, 32, 33, 35, 37, 38, 39, 44, 46, 48, 53, 55, 56, 57, 61, 62, 66, 67, 70]",44,False,1.981073077951108e-05,-5.950626058229844e-07,6.801931128444688e-06,20.0
E124,179,179,157,22,149,0.8770949720670391,0.5130718954248366,0.647422680412371,raja,S6/S06_20170817_034716_3,frontal,median,median__frontal__E124,6,71,"[0, 1, 2, 3, 4, 5, 7, 8, 9, 10, 11, 12, 13, 15, 16, 17, 19, 20, 21, 22, 23, 24, 27, 28, 29, 30, 32, 33, 35, 37, 38, 39, 44, 46, 48, 53, 55, 56, 57, 61, 62, 66, 67, 70]",44,False,1.8192755821349783e-05,-3.87887593839578e-07,6.193547805063121e-06,20.0
E24,86,86,17,69,289,0.19767441860465115,0.05555555555555555,0.08673469387755102,raja,S6/S06_20170817_034716_3,frontal,median,median__frontal__E24,6,71,"[0, 1, 2, 3, 4, 5, 7, 8, 9, 10, 11, 12, 13, 15, 16, 17, 19, 20, 21, 22, 23, 24, 27, 28, 29, 30, 32, 33, 35, 37, 38, 39, 44, 46, 48, 53, 55, 56, 57, 61, 62, 66, 67, 70]",44,False,2.218255975218575e-05,-3.859156351762518e-08,7.407050438567791e-06,20.0
E22,351,351,298,53,8,0.8490028490028491,0.9738562091503268,0.9071537290715374,raja,S6/S06_20170817_034716_3,frontal,mean,mean__frontal__E22,6,71,"[0, 1, 2, 3, 4, 5, 7, 8, 9, 10, 11, 12, 13, 15, 16, 17, 19, 20, 21, 22, 23, 24, 27, 28, 29, 30, 32, 33, 35, 37, 38, 39, 44, 46, 48, 53, 55, 56, 57, 61, 62, 66, 67, 70]",44,False,2.666441010495781e-05,-5.757796494681734e-09,8.89005596715083e-06,20.0
E9,362,362,297,65,9,0.8204419889502762,0.9705882352941176,0.8892215568862275,raja,S6/S06_20170817_034716_3,frontal,mean,mean__frontal__E9,6,71,"[0, 1, 2, 3, 4, 5, 7, 8, 9, 10, 11, 12, 13, 15, 16, 17, 19, 20, 21, 22, 23, 24, 27, 28, 29, 30, 32, 33, 35, 37, 38, 39, 44, 46, 48, 53, 55, 56, 57, 61, 62, 66, 67, 70]",44,False,2.9362245633459866e-05,-6.60339402414627e-09,9.789616342494671e-06,20.0
E3,312,312,271,41,35,0.8685897435897436,0.8856209150326797,0.8770226537216829,raja,S6/S06_20170817_034716_3,frontal,mean,mean__frontal__E3,6,71,"[0, 1, 2, 3, 4, 5, 7, 8, 9, 10, 11, 12, 13, 15, 16, 17, 19, 20, 21, 22, 23, 24, 27, 28, 29, 30, 32, 33, 35, 37, 38, 39, 44, 46, 48, 53, 55, 56, 57, 61, 62, 66, 67, 70]",44,False,2.411305999542908e-05,-7.649982233273476e-09,8.040236659220784e-06,20.0
E23,296,296,249,47,57,0.8412162162162162,0.8137254901960784,0.8272425249169435,raja,S6/S06_20170817_034716_3,frontal,mean,mean__frontal__E23,6,71,"[0, 1, 2, 3, 4, 5, 7, 8, 9, 10, 11, 12, 13, 15, 16, 17, 19, 20, 21, 22, 23, 24, 27, 28, 29, 30, 32, 33, 35, 37, 38, 39, 44, 46, 48, 53, 55, 56, 57, 61, 62, 66, 67, 70]",44,False,2.0407394558559032e-05,1.6011732249657342e-09,6.801931128444688e-06,20.0
E124,165,165,149,16,157,0.9030303030303031,0.4869281045751634,0.6326963906581741,raja,S6/S06_20170817_034716_3,frontal,mean,mean__frontal__E124,6,71,"[0, 1, 2, 3, 4, 5, 7, 8, 9, 10, 11, 12, 13, 15, 16, 17, 19, 20, 21, 22, 23, 24, 27, 28, 29, 30, 32, 33, 35, 37, 38, 39, 44, 46, 48, 53, 55, 56, 57, 61, 62, 66, 67, 70]",44,False,1.8572727301838327e-05,-7.916113351035352e-09,6.193547805063121e-06,20.0
E24,86,86,16,70,290,0.18604651162790697,0.05228758169934641,0.0816326530612245,raja,S6/S06_20170817_034716_3,frontal,mean,mean__frontal__E24,6,71,"[0, 1, 2, 3, 4, 5, 7, 8, 9, 10, 11, 12, 13, 15, 16, 17, 19, 20, 21, 22, 23, 24, 27, 28, 29, 30, 32, 33, 35, 37, 38, 39, 44, 46, 48, 53, 55, 56, 57, 61, 62, 66, 67, 70]",44,False,2.2216002649827005e-05,-5.148665876370302e-09,7.407050438567791e-06,20.0
E22,359,359,299,60,7,0.8328690807799443,0.9771241830065359,0.8992481203007519,raja,S6/S06_20170817_034716_3,frontal_left,median,median__frontal_left__E22,3,71,"[0, 1, 2, 3, 4, 5, 7, 8, 9, 10, 11, 12, 13, 15, 16, 17, 19, 20, 21, 22, 23, 24, 27, 28, 29, 30, 32, 33, 35, 37, 38, 39, 44, 46, 48, 53, 55, 56, 57, 61, 62, 66, 67, 70]",44,False,2.552120079033478e-05,-1.1489671111177092e-06,8.89005596715083e-06,20.0
E23,306,306,258,48,48,0.8431372549019608,0.8431372549019608,0.8431372549019607,raja,S6/S06_20170817_034716_3,frontal_left,median,median__frontal_left__E23,3,71,"[0, 1, 2, 3, 4, 5, 7, 8, 9, 10, 11, 12, 13, 15, 16, 17, 19, 20, 21, 22, 23, 24, 27, 28, 29, 30, 32, 33, 35, 37, 38, 39, 44, 46, 48, 53, 55, 56, 57, 61, 62, 66, 67, 70]",44,False,1.981073077951108e-05,-5.950626058229844e-07,6.801931128444688e-06,20.0
E24,86,86,17,69,289,0.19767441860465115,0.05555555555555555,0.08673469387755102,raja,S6/S06_20170817_034716_3,frontal_left,median,median__frontal_left__E24,3,71,"[0, 1, 2, 3, 4, 5, 7, 8, 9, 10, 11, 12, 13, 15, 16, 17, 19, 20, 21, 22, 23, 24, 27, 28, 29, 30, 32, 33, 35, 37, 38, 39, 44, 46, 48, 53, 55, 56, 57, 61, 62, 66, 67, 70]",44,False,2.218255975218575e-05,-3.859156351762518e-08,7.407050438567791e-06,20.0
E22,351,351,298,53,8,0.8490028490028491,0.9738562091503268,0.9071537290715374,raja,S6/S06_20170817_034716_3,frontal_left,mean,mean__frontal_left__E22,3,71,"[0, 1, 2, 3, 4, 5, 7, 8, 9, 10, 11, 12, 13, 15, 16, 17, 19, 20, 21, 22, 23, 24, 27, 28, 29, 30, 32, 33, 35, 37, 38, 39, 44, 46, 48, 53, 55, 56, 57, 61, 62, 66, 67, 70]",44,False,2.666441010495781e-05,-5.757796494681734e-09,8.89005596715083e-06,20.0
E23,296,296,249,47,57,0.8412162162162162,0.8137254901960784,0.8272425249169435,raja,S6/S06_20170817_034716_3,frontal_left,mean,mean__frontal_left__E23,3,71,"[0, 1, 2, 3, 4, 5, 7, 8, 9, 10, 11, 12, 13, 15, 16, 17, 19, 20, 21, 22, 23, 24, 27, 28, 29, 30, 32, 33, 35, 37, 38, 39, 44, 46, 48, 53, 55, 56, 57, 61, 62, 66, 67, 70]",44,False,2.0407394558559032e-05,1.6011732249657342e-09,6.801931128444688e-06,20.0
E24,86,86,16,70,290,0.18604651162790697,0.05228758169934641,0.0816326530612245,raja,S6/S06_20170817_034716_3,frontal_left,mean,mean__frontal_left__E24,3,71,"[0, 1, 2, 3, 4, 5, 7, 8, 9, 10, 11, 12, 13, 15, 16, 17, 19, 20, 21, 22, 23, 24, 27, 28, 29, 30, 32, 33, 35, 37, 38, 39, 44, 46, 48, 53, 55, 56, 57, 61, 62, 66, 67, 70]",44,False,2.2216002649827005e-05,-5.148665876370302e-09,7.407050438567791e-06,20.0
E9,350,350,294,56,12,0.84,0.9607843137254902,0.896341463414634,raja,S6/S06_20170817_034716_3,frontal_right,median,median__frontal_right__E9,3,71,"[3, 9, 11, 12, 19, 21, 27, 28, 33, 35, 37, 39, 44, 46, 53, 55, 57, 62]",18,False,3.120172315121437e-05,-1.5731612559126867e-06,1.0924961469042353e-05,20.0
E3,297,297,261,36,45,0.8787878787878788,0.8529411764705882,0.8656716417910447,raja,S6/S06_20170817_034716_3,frontal_right,median,median__frontal_right__E3,3,71,"[3, 9, 11, 12, 19, 21, 27, 28, 33, 35, 37, 39, 44, 46, 53, 55, 57, 62]",18,False,2.5707305690028537e-05,-9.435424088152733e-07,8.883616032947936e-06,20.0
E124,148,148,133,15,173,0.8986486486486487,0.434640522875817,0.5859030837004405,raja,S6/S06_20170817_034716_3,frontal_right,median,median__frontal_right__E124,3,71,"[3, 9, 11, 12, 19, 21, 27, 28, 33, 35, 37, 39, 44, 46, 53, 55, 57, 62]",18,False,1.9260949471493194e-05,-5.397838270977715e-07,6.600244432863655e-06,20.0
E9,344,344,291,53,15,0.8459302325581395,0.9509803921568627,0.8953846153846153,raja,S6/S06_20170817_034716_3,frontal_right,mean,mean__frontal_right__E9,3,71,"[3, 9, 11, 12, 19, 21, 27, 28, 33, 35, 37, 39, 44, 46, 53, 55, 57, 62]",18,False,3.2755051324784084e-05,-1.98330823429755e-08,1.0924961469042353e-05,20.0
E3,297,297,258,39,48,0.8686868686868687,0.8431372549019608,0.855721393034826,raja,S6/S06_20170817_034716_3,frontal_right,mean,mean__frontal_right__E3,3,71,"[3, 9, 11, 12, 19, 21, 27, 28, 33, 35, 37, 39, 44, 46, 53, 55, 57, 62]",18,False,2.6620516281038502e-05,-3.0331817805305697e-08,8.883616032947936e-06,20.0
E124,136,136,124,12,182,0.9117647058823529,0.40522875816993464,0.5610859728506787,raja,S6/S06_20170817_034716_3,frontal_right,mean,mean__frontal_right__E124,3,71,"[3, 9, 11, 12, 19, 21, 27, 28, 33, 35, 37, 39, 44, 46, 53, 55, 57, 62]",18,False,1.9787949580454994e-05,-1.278371813597189e-08,6.600244432863655e-06,20.0
E22,365,365,296,69,10,0.810958904109589,0.9673202614379085,0.8822652757078987,raja,S6/S06_20170817_034716_3,all_channel,median,median__all_channel__E22,32,47,"[0, 1, 3, 4, 5, 6, 7, 8, 9, 10, 11, 12, 13, 14, 15, 16, 18, 19, 20, 22, 24, 25, 26, 27, 28, 29, 30, 31, 33, 34, 36, 38, 41, 42, 43, 44]",36,False,2.4130630354887832e-05,-9.028256042670754e-07,8.344485319718304e-06,30.0
E9,373,373,297,76,9,0.7962466487935657,0.9705882352941176,0.8748159057437408,raja,S6/S06_20170817_034716_3,all_channel,median,median__all_channel__E9,32,47,"[0, 1, 3, 4, 5, 6, 7, 8, 9, 10, 11, 12, 13, 14, 15, 16, 18, 19, 20, 22, 24, 25, 26, 27, 28, 29, 30, 31, 33, 34, 36, 38, 41, 42, 43, 44]",36,False,2.6416675734824838e-05,-9.52116115238675e-07,9.122930616687837e-06,30.0
E3,316,316,270,46,36,0.8544303797468354,0.8823529411764706,0.8681672025723473,raja,S6/S06_20170817_034716_3,all_channel,median,median__all_channel__E3,32,47,"[0, 1, 3, 4, 5, 6, 7, 8, 9, 10, 11, 12, 13, 14, 15, 16, 18, 19, 20, 22, 24, 25, 26, 27, 28, 29, 30, 31, 33, 34, 36, 38, 41, 42, 43, 44]",36,False,2.242759598876704e-05,-5.321533649761358e-07,7.653249784581058e-06,30.0
E23,314,314,264,50,42,0.8407643312101911,0.8627450980392157,0.8516129032258065,raja,S6/S06_20170817_034716_3,all_channel,median,median__all_channel__E23,32,47,"[0, 1, 3, 4, 5, 6, 7, 8, 9, 10, 11, 12, 13, 14, 15, 16, 18, 19, 20, 22, 24, 25, 26, 27, 28, 29, 30, 31, 33, 34, 36, 38, 41, 42, 43, 44]",36,False,1.9005765819536e-05,-4.5606494359496627e-07,6.487276921043655e-06,30.0
E11,233,233,202,31,104,0.8669527896995708,0.6601307189542484,0.7495361781076065,raja,S6/S06_20170817_034716_3,all_channel,median,median__all_channel__E11,32,47,"[0, 1, 3, 4, 5, 6, 7, 8, 9, 10, 11, 12, 13, 14, 15, 16, 18, 19, 20, 22, 24, 25, 26, 27, 28, 29, 30, 31, 33, 34, 36, 38, 41, 42, 43, 44]",36,False,1.8200802322658413e-05,-3.4251403590709276e-07,6.1811054528551686e-06,30.0
E124,188,188,167,21,139,0.8882978723404256,0.545751633986928,0.6761133603238866,raja,S6/S06_20170817_034716_3,all_channel,median,median__all_channel__E124,32,47,"[0, 1, 3, 4, 5, 6, 7, 8, 9, 10, 11, 12, 13, 14, 15, 16, 18, 19, 20, 22, 24, 25, 26, 27, 28, 29, 30, 31, 33, 34, 36, 38, 41, 42, 43, 44]",36,False,1.7618623327432797e-05,-2.621830870679518e-07,5.960268804833583e-06,30.0
E26,214,214,163,51,143,0.7616822429906542,0.5326797385620915,0.626923076923077,raja,S6/S06_20170817_034716_3,all_channel,median,median__all_channel__E26,32,47,"[0, 1, 3, 4, 5, 6, 7, 8, 9, 10, 11, 12, 13, 14, 15, 16, 18, 19, 20, 22, 24, 25, 26, 27, 28, 29, 30, 31, 33, 34, 36, 38, 41, 42, 43, 44]",36,False,2.5744614702351665e-05,-2.923143121942779e-07,8.67897633818198e-06,30.0
E122,62,62,35,27,271,0.5645161290322581,0.11437908496732026,0.1902173913043478,raja,S6/S06_20170817_034716_3,all_channel,median,median__all_channel__E122,32,47,"[0, 1, 3, 4, 5, 6, 7, 8, 9, 10, 11, 12, 13, 14, 15, 16, 18, 19, 20, 22, 24, 25, 26, 27, 28, 29, 30, 31, 33, 34, 36, 38, 41, 42, 43, 44]",36,False,2.476750987904194e-05,1.0879448061597678e-07,8.219571799475321e-06,30.0
E24,105,105,25,80,281,0.23809523809523808,0.08169934640522876,0.12165450121654502,raja,S6/S06_20170817_034716_3,all_channel,median,median__all_channel__E24,32,47,"[0, 1, 3, 4, 5, 6, 7, 8, 9, 10, 11, 12, 13, 14, 15, 16, 18, 19, 20, 22, 24, 25, 26, 27, 28, 29, 30, 31, 33, 34, 36, 38, 41, 42, 43, 44]",36,False,2.0210028278964485e-05,-4.03157179459166e-08,6.750114665636801e-06,30.0
E117,20,20,16,4,290,0.8,0.05228758169934641,0.09815950920245399,raja,S6/S06_20170817_034716_3,all_channel,median,median__all_channel__E117,32,47,"[0, 1, 3, 4, 5, 6, 7, 8, 9, 10, 11, 12, 13, 14, 15, 16, 18, 19, 20, 22, 24, 25, 26, 27, 28, 29, 30, 31, 33, 34, 36, 38, 41, 42, 43, 44]",36,False,1.6511930158441486e-05,-4.464696199718963e-09,5.505464951547068e-06,30.0
E75,112,112,11,101,295,0.09821428571428571,0.03594771241830065,0.05263157894736842,raja,S6/S06_20170817_034716_3,all_channel,median,median__all_channel__E75,32,47,"[0, 1, 3, 4, 5, 6, 7, 8, 9, 10, 11, 12, 13, 14, 15, 16, 18, 19, 20, 22, 24, 25, 26, 27, 28, 29, 30, 31, 33, 34, 36, 38, 41, 42, 43, 44]",36,False,1.9302201330119472e-05,3.663464874947798e-08,6.421855560456664e-06,30.0
E33,46,46,8,38,298,0.17391304347826086,0.026143790849673203,0.045454545454545456,raja,S6/S06_20170817_034716_3,all_channel,median,median__all_channel__E33,32,47,"[0, 1, 3, 4, 5, 6, 7, 8, 9, 10, 11, 12, 13, 14, 15, 16, 18, 19, 20, 22, 24, 25, 26, 27, 28, 29, 30, 31, 33, 34, 36, 38, 41, 42, 43, 44]",36,False,2.055008735796522e-05,2.5408936658498076e-08,6.8415594737689066e-06,30.0
E112,9,9,2,7,304,0.2222222222222222,0.006535947712418301,0.012698412698412698,raja,S6/S06_20170817_034716_3,all_channel,median,median__all_channel__E112,32,47,"[0, 1, 3, 4, 5, 6, 7, 8, 9, 10, 11, 12, 13, 14, 15, 16, 18, 19, 20, 22, 24, 25, 26, 27, 28, 29, 30, 31, 33, 34, 36, 38, 41, 42, 43, 44]",36,False,1.5672833016565695e-05,6.23829833963384e-08,5.203483344389785e-06,30.0
E40,13,13,2,11,304,0.15384615384615385,0.006535947712418301,0.012539184952978058,raja,S6/S06_20170817_034716_3,all_channel,median,median__all_channel__E40,32,47,"[0, 1, 3, 4, 5, 6, 7, 8, 9, 10, 11, 12, 13, 14, 15, 16, 18, 19, 20, 22, 24, 25, 26, 27, 28, 29, 30, 31, 33, 34, 36, 38, 41, 42, 43, 44]",36,False,1.6646966912495592e-05,1.1714037077389911e-07,5.5099421805738975e-06,30.0
E62,13,13,2,11,304,0.15384615384615385,0.006535947712418301,0.012539184952978058,raja,S6/S06_20170817_034716_3,all_channel,median,median__all_channel__E62,32,47,"[0, 1, 3, 4, 5, 6, 7, 8, 9, 10, 11, 12, 13, 14, 15, 16, 18, 19, 20, 22, 24, 25, 26, 27, 28, 29, 30, 31, 33, 34, 36, 38, 41, 42, 43, 44]",36,False,1.5308316009064016e-05,1.6238948217545524e-07,5.04864217562952e-06,30.0
E13,31,31,2,29,304,0.06451612903225806,0.006535947712418301,0.011869436201780414,raja,S6/S06_20170817_034716_3,all_channel,median,median__all_channel__E13,32,47,"[0, 1, 3, 4, 5, 6, 7, 8, 9, 10, 11, 12, 13, 14, 15, 16, 18, 19, 20, 22, 24, 25, 26, 27, 28, 29, 30, 31, 33, 34, 36, 38, 41, 42, 43, 44]",36,False,1.6741769348732478e-05,1.5218637031762328e-07,5.529860992804952e-06,30.0
E109,10,10,1,9,305,0.1,0.0032679738562091504,0.006329113924050633,raja,S6/S06_20170817_034716_3,all_channel,median,median__all_channel__E109,32,47,"[0, 1, 3, 4, 5, 6, 7, 8, 9, 10, 11, 12, 13, 14, 15, 16, 18, 19, 20, 22, 24, 25, 26, 27, 28, 29, 30, 31, 33, 34, 36, 38, 41, 42, 43, 44]",36,False,1.8638807473383225e-05,1.6176338665465015e-07,6.159014695576191e-06,30.0
E60,16,16,1,15,305,0.0625,0.0032679738562091504,0.006211180124223602,raja,S6/S06_20170817_034716_3,all_channel,median,median__all_channel__E60,32,47,"[0, 1, 3, 4, 5, 6, 7, 8, 9, 10, 11, 12, 13, 14, 15, 16, 18, 19, 20, 22, 24, 25, 26, 27, 28, 29, 30, 31, 33, 34, 36, 38, 41, 42, 43, 44]",36,False,1.789641861426392e-05,1.7203332039299355e-07,5.908128431290308e-06,30.0
E47,18,18,1,17,305,0.05555555555555555,0.0032679738562091504,0.006172839506172839,raja,S6/S06_20170817_034716_3,all_channel,median,median__all_channel__E47,32,47,"[0, 1, 3, 4, 5, 6, 7, 8, 9, 10, 11, 12, 13, 14, 15, 16, 18, 19, 20, 22, 24, 25, 26, 27, 28, 29, 30, 31, 33, 34, 36, 38, 41, 42, 43, 44]",36,False,1.4251412076943997e-05,1.4638568655582715e-07,4.701675463462724e-06,30.0
E77,18,18,1,17,305,0.05555555555555555,0.0032679738562091504,0.006172839506172839,raja,S6/S06_20170817_034716_3,all_channel,median,median__all_channel__E77,32,47,"[0, 1, 3, 4, 5, 6, 7, 8, 9, 10, 11, 12, 13, 14, 15, 16, 18, 19, 20, 22, 24, 25, 26, 27, 28, 29, 30, 31, 33, 34, 36, 38, 41, 42, 43, 44]",36,False,1.5169165820711888e-05,1.9786261129781614e-07,4.990434403138024e-06,30.0
E85,18,18,1,17,305,0.05555555555555555,0.0032679738562091504,0.006172839506172839,raja,S6/S06_20170817_034716_3,all_channel,median,median__all_channel__E85,32,47,"[0, 1, 3, 4, 5, 6, 7, 8, 9, 10, 11, 12, 13, 14, 15, 16, 18, 19, 20, 22, 24, 25, 26, 27, 28, 29, 30, 31, 33, 34, 36, 38, 41, 42, 43, 44]",36,False,1.6372557049402504e-05,1.9899604072852126e-07,5.391187002891328e-06,30.0
E70,33,33,1,32,305,0.030303030303030304,0.0032679738562091504,0.0058997050147492625,raja,S6/S06_20170817_034716_3,all_channel,median,median__all_channel__E70,32,47,"[0, 1, 3, 4, 5, 6, 7, 8, 9, 10, 11, 12, 13, 14, 15, 16, 18, 19, 20, 22, 24, 25, 26, 27, 28, 29, 30, 31, 33, 34, 36, 38, 41, 42, 43, 44]",36,False,1.7635962424164777e-05,1.537517160503482e-07,5.827403569371476e-06,30.0
E37,3,3,0,3,306,0.0,0.0,0.0,raja,S6/S06_20170817_034716_3,all_channel,median,median__all_channel__E37,32,47,"[0, 1, 3, 4, 5, 6, 7, 8, 9, 10, 11, 12, 13, 14, 15, 16, 18, 19, 20, 22, 24, 25, 26, 27, 28, 29, 30, 31, 33, 34, 36, 38, 41, 42, 43, 44]",36,False,1.2730813824595875e-05,6.823511555422834e-08,4.220859569680549e-06,30.0
E87,4,4,0,4,306,0.0,0.0,0.0,raja,S6/S06_20170817_034716_3,all_channel,median,median__all_channel__E87,32,47,"[0, 1, 3, 4, 5, 6, 7, 8, 9, 10, 11, 12, 13, 14, 15, 16, 18, 19, 20, 22, 24, 25, 26, 27, 28, 29, 30, 31, 33, 34, 36, 38, 41, 42, 43, 44]",36,False,1.2893369342644224e-05,6.286942050577769e-08,4.276833307379482e-06,30.0
E28,7,7,0,7,306,0.0,0.0,0.0,raja,S6/S06_20170817_034716_3,all_channel,median,median__all_channel__E28,32,47,"[0, 1, 3, 4, 5, 6, 7, 8, 9, 10, 11, 12, 13, 14, 15, 16, 18, 19, 20, 22, 24, 25, 26, 27, 28, 29, 30, 31, 33, 34, 36, 38, 41, 42, 43, 44]",36,False,1.6337064170492165e-05,9.359889624443538e-09,5.442568093622575e-06,30.0
E104,13,13,0,13,306,0.0,0.0,0.0,raja,S6/S06_20170817_034716_3,all_channel,median,median__all_channel__E104,32,47,"[0, 1, 3, 4, 5, 6, 7, 8, 9, 10, 11, 12, 13, 14, 15, 16, 18, 19, 20, 22, 24, 25, 26, 27, 28, 29, 30, 31, 33, 34, 36, 38, 41, 42, 43, 44]",36,False,1.7322810168088132e-05,1.313521689300863e-07,5.730485999719349e-06,30.0
E98,14,14,0,14,306,0.0,0.0,0.0,raja,S6/S06_20170817_034716_3,all_channel,median,median__all_channel__E98,32,47,"[0, 1, 3, 4, 5, 6, 7, 8, 9, 10, 11, 12, 13, 14, 15, 16, 18, 19, 20, 22, 24, 25, 26, 27, 28, 29, 30, 31, 33, 34, 36, 38, 41, 42, 43, 44]",36,False,1.5887300550967993e-05,1.8536352723285692e-07,5.2339790079117115e-06,30.0
E59,15,15,0,15,306,0.0,0.0,0.0,raja,S6/S06_20170817_034716_3,all_channel,median,median__all_channel__E59,32,47,"[0, 1, 3, 4, 5, 6, 7, 8, 9, 10, 11, 12, 13, 14, 15, 16, 18, 19, 20, 22, 24, 25, 26, 27, 28, 29, 30, 31, 33, 34, 36, 38, 41, 42, 43, 44]",36,False,1.5244419743053696e-05,1.7217190387997772e-07,5.024082613057906e-06,30.0
E91,16,16,0,16,306,0.0,0.0,0.0,raja,S6/S06_20170817_034716_3,all_channel,median,median__all_channel__E91,32,47,"[0, 1, 3, 4, 5, 6, 7, 8, 9, 10, 11, 12, 13, 14, 15, 16, 18, 19, 20, 22, 24, 25, 26, 27, 28, 29, 30, 31, 33, 34, 36, 38, 41, 42, 43, 44]",36,False,1.4600682870709386e-05,2.742258316109138e-07,4.775485679699491e-06,30.0
E84,18,18,0,18,306,0.0,0.0,0.0,raja,S6/S06_20170817_034716_3,all_channel,median,median__all_channel__E84,32,47,"[0, 1, 3, 4, 5, 6, 7, 8, 9, 10, 11, 12, 13, 14, 15, 16, 18, 19, 20, 22, 24, 25, 26, 27, 28, 29, 30, 31, 33, 34, 36, 38, 41, 42, 43, 44]",36,False,1.635126452016535e-05,2.1142178952366962e-07,5.37994757688056e-06,30.0
E67,24,24,0,24,306,0.0,0.0,0.0,raja,S6/S06_20170817_034716_3,all_channel,median,median__all_channel__E67,32,47,"[0, 1, 3, 4, 5, 6, 7, 8, 9, 10, 11, 12, 13, 14, 15, 16, 18, 19, 20, 22, 24, 25, 26, 27, 28, 29, 30, 31, 33, 34, 36, 38, 41, 42, 43, 44]",36,False,2.017535186831899e-05,2.020312134027536e-07,6.6577735516387445e-06,30.0
E83,36,36,0,36,306,0.0,0.0,0.0,raja,S6/S06_20170817_034716_3,all_channel,median,median__all_channel__E83,32,47,"[0, 1, 3, 4, 5, 6, 7, 8, 9, 10, 11, 12, 13, 14, 15, 16, 18, 19, 20, 22, 24, 25, 26, 27, 28, 29, 30, 31, 33, 34, 36, 38, 41, 42, 43, 44]",36,False,1.6724255811952097e-05,1.3447065031544549e-07,5.529928387212217e-06,30.0
E22,357,357,295,62,11,0.8263305322128851,0.9640522875816994,0.8898944193061841,raja,S6/S06_20170817_034716_3,all_channel,mean,mean__all_channel__E22,32,47,"[0, 1, 3, 4, 5, 6, 7, 8, 9, 10, 11, 12, 13, 14, 15, 16, 18, 19, 20, 22, 24, 25, 26, 27, 28, 29, 30, 31, 33, 34, 36, 38, 41, 42, 43, 44]",36,False,2.5008085049426393e-05,-2.5370909728515568e-08,8.344485319718304e-06,30.0
E9,365,365,297,68,9,0.8136986301369863,0.9705882352941176,0.8852459016393442,raja,S6/S06_20170817_034716_3,all_channel,mean,mean__all_channel__E9,32,47,"[0, 1, 3, 4, 5, 6, 7, 8, 9, 10, 11, 12, 13, 14, 15, 16, 18, 19, 20, 22, 24, 25, 26, 27, 28, 29, 30, 31, 33, 34, 36, 38, 41, 42, 43, 44]",36,False,2.7320712604873892e-05,-4.8079245189619607e-08,9.122930616687837e-06,30.0
E3,315,315,269,46,37,0.8539682539682539,0.8790849673202614,0.8663446054750401,raja,S6/S06_20170817_034716_3,all_channel,mean,mean__all_channel__E3,32,47,"[0, 1, 3, 4, 5, 6, 7, 8, 9, 10, 11, 12, 13, 14, 15, 16, 18, 19, 20, 22, 24, 25, 26, 27, 28, 29, 30, 31, 33, 34, 36, 38, 41, 42, 43, 44]",36,False,2.2928465806938433e-05,-3.1283546804741636e-08,7.653249784581058e-06,30.0
E23,310,310,260,50,46,0.8387096774193549,0.8496732026143791,0.8441558441558441,raja,S6/S06_20170817_034716_3,all_channel,mean,mean__all_channel__E23,32,47,"[0, 1, 3, 4, 5, 6, 7, 8, 9, 10, 11, 12, 13, 14, 15, 16, 18, 19, 20, 22, 24, 25, 26, 27, 28, 29, 30, 31, 33, 34, 36, 38, 41, 42, 43, 44]",36,False,1.9454934980375597e-05,-6.895782755368311e-09,6.487276921043655e-06,30.0
E11,224,224,196,28,110,0.875,0.6405228758169934,0.739622641509434,raja,S6/S06_20170817_034716_3,all_channel,mean,mean__all_channel__E11,32,47,"[0, 1, 3, 4, 5, 6, 7, 8, 9, 10, 11, 12, 13, 14, 15, 16, 18, 19, 20, 22, 24, 25, 26, 27, 28, 29, 30, 31, 33, 34, 36, 38, 41, 42, 43, 44]",36,False,1.853782176308429e-05,-5.494595481216244e-09,6.1811054528551686e-06,30.0
E124,182,182,160,22,146,0.8791208791208791,0.5228758169934641,0.6557377049180328,raja,S6/S06_20170817_034716_3,all_channel,mean,mean__all_channel__E124,32,47,"[0, 1, 3, 4, 5, 6, 7, 8, 9, 10, 11, 12, 13, 14, 15, 16, 18, 19, 20, 22, 24, 25, 26, 27, 28, 29, 30, 31, 33, 34, 36, 38, 41, 42, 43, 44]",36,False,1.7866448651222098e-05,-1.4357763278652144e-08,5.960268804833583e-06,30.0
E26,205,205,159,46,147,0.775609756097561,0.5196078431372549,0.6223091976516634,raja,S6/S06_20170817_034716_3,all_channel,mean,mean__all_channel__E26,32,47,"[0, 1, 3, 4, 5, 6, 7, 8, 9, 10, 11, 12, 13, 14, 15, 16, 18, 19, 20, 22, 24, 25, 26, 27, 28, 29, 30, 31, 33, 34, 36, 38, 41, 42, 43, 44]",36,False,2.602067901574971e-05,-1.624999879623184e-08,8.67897633818198e-06,30.0
E122,63,63,36,27,270,0.5714285714285714,0.11764705882352941,0.1951219512195122,raja,S6/S06_20170817_034716_3,all_channel,mean,mean__all_channel__E122,32,47,"[0, 1, 3, 4, 5, 6, 7, 8, 9, 10, 11, 12, 13, 14, 15, 16, 18, 19, 20, 22, 24, 25, 26, 27, 28, 29, 30, 31, 33, 34, 36, 38, 41, 42, 43, 44]",36,False,2.4619691849579395e-05,-3.902354884656756e-08,8.219571799475321e-06,30.0
E24,105,105,25,80,281,0.23809523809523808,0.08169934640522876,0.12165450121654502,raja,S6/S06_20170817_034716_3,all_channel,mean,mean__all_channel__E24,32,47,"[0, 1, 3, 4, 5, 6, 7, 8, 9, 10, 11, 12, 13, 14, 15, 16, 18, 19, 20, 22, 24, 25, 26, 27, 28, 29, 30, 31, 33, 34, 36, 38, 41, 42, 43, 44]",36,False,2.0256440909067263e-05,6.096912156859249e-09,6.750114665636801e-06,30.0
E117,20,20,16,4,290,0.8,0.05228758169934641,0.09815950920245399,raja,S6/S06_20170817_034716_3,all_channel,mean,mean__all_channel__E117,32,47,"[0, 1, 3, 4, 5, 6, 7, 8, 9, 10, 11, 12, 13, 14, 15, 16, 18, 19, 20, 22, 24, 25, 26, 27, 28, 29, 30, 31, 33, 34, 36, 38, 41, 42, 43, 44]",36,False,1.651359127554702e-05,-2.8035790941835787e-09,5.505464951547068e-06,30.0
E75,112,112,11,101,295,0.09821428571428571,0.03594771241830065,0.05263157894736842,raja,S6/S06_20170817_034716_3,all_channel,mean,mean__all_channel__E75,32,47,"[0, 1, 3, 4, 5, 6, 7, 8, 9, 10, 11, 12, 13, 14, 15, 16, 18, 19, 20, 22, 24, 25, 26, 27, 28, 29, 30, 31, 33, 34, 36, 38, 41, 42, 43, 44]",36,False,1.927146154515796e-05,5.894863787965415e-09,6.421855560456664e-06,30.0
E33,47,47,8,39,298,0.1702127659574468,0.026143790849673203,0.0453257790368272,raja,S6/S06_20170817_034716_3,all_channel,mean,mean__all_channel__E33,32,47,"[0, 1, 3, 4, 5, 6, 7, 8, 9, 10, 11, 12, 13, 14, 15, 16, 18, 19, 20, 22, 24, 25, 26, 27, 28, 29, 30, 31, 33, 34, 36, 38, 41, 42, 43, 44]",36,False,2.051343316723409e-05,-1.1245254072630444e-08,6.8415594737689066e-06,30.0
E112,9,9,2,7,304,0.2222222222222222,0.006535947712418301,0.012698412698412698,raja,S6/S06_20170817_034716_3,all_channel,mean,mean__all_channel__E112,32,47,"[0, 1, 3, 4, 5, 6, 7, 8, 9, 10, 11, 12, 13, 14, 15, 16, 18, 19, 20, 22, 24, 25, 26, 27, 28, 29, 30, 31, 33, 34, 36, 38, 41, 42, 43, 44]",36,False,1.561468506006829e-05,4.235026898936352e-09,5.203483344389785e-06,30.0
E40,13,13,2,11,304,0.15384615384615385,0.006535947712418301,0.012539184952978058,raja,S6/S06_20170817_034716_3,all_channel,mean,mean__all_channel__E40,32,47,"[0, 1, 3, 4, 5, 6, 7, 8, 9, 10, 11, 12, 13, 14, 15, 16, 18, 19, 20, 22, 24, 25, 26, 27, 28, 29, 30, 31, 33, 34, 36, 38, 41, 42, 43, 44]",36,False,1.6533923821023348e-05,4.097279301655051e-09,5.5099421805738975e-06,30.0
E62,14,14,2,12,304,0.14285714285714285,0.006535947712418301,0.012499999999999999,raja,S6/S06_20170817_034716_3,all_channel,mean,mean__all_channel__E62,32,47,"[0, 1, 3, 4, 5, 6, 7, 8, 9, 10, 11, 12, 13, 14, 15, 16, 18, 19, 20, 22, 24, 25, 26, 27, 28, 29, 30, 31, 33, 34, 36, 38, 41, 42, 43, 44]",36,False,1.5173110068632259e-05,2.7183541743696413e-08,5.04864217562952e-06,30.0
E13,34,34,2,32,304,0.058823529411764705,0.006535947712418301,0.011764705882352941,raja,S6/S06_20170817_034716_3,all_channel,mean,mean__all_channel__E13,32,47,"[0, 1, 3, 4, 5, 6, 7, 8, 9, 10, 11, 12, 13, 14, 15, 16, 18, 19, 20, 22, 24, 25, 26, 27, 28, 29, 30, 31, 33, 34, 36, 38, 41, 42, 43, 44]",36,False,1.6592503154744336e-05,2.92017632948331e-09,5.529860992804952e-06,30.0
E109,10,10,1,9,305,0.1,0.0032679738562091504,0.006329113924050633,raja,S6/S06_20170817_034716_3,all_channel,mean,mean__all_channel__E109,32,47,"[0, 1, 3, 4, 5, 6, 7, 8, 9, 10, 11, 12, 13, 14, 15, 16, 18, 19, 20, 22, 24, 25, 26, 27, 28, 29, 30, 31, 33, 34, 36, 38, 41, 42, 43, 44]",36,False,1.84642149159914e-05,-1.2829170737174496e-08,6.159014695576191e-06,30.0
E60,17,17,1,16,305,0.058823529411764705,0.0032679738562091504,0.006191950464396285,raja,S6/S06_20170817_034716_3,all_channel,mean,mean__all_channel__E60,32,47,"[0, 1, 3, 4, 5, 6, 7, 8, 9, 10, 11, 12, 13, 14, 15, 16, 18, 19, 20, 22, 24, 25, 26, 27, 28, 29, 30, 31, 33, 34, 36, 38, 41, 42, 43, 44]",36,False,1.7733786453090014e-05,9.401159219087967e-09,5.908128431290308e-06,30.0
E47,18,18,1,17,305,0.05555555555555555,0.0032679738562091504,0.006172839506172839,raja,S6/S06_20170817_034716_3,all_channel,mean,mean__all_channel__E47,32,47,"[0, 1, 3, 4, 5, 6, 7, 8, 9, 10, 11, 12, 13, 14, 15, 16, 18, 19, 20, 22, 24, 25, 26, 27, 28, 29, 30, 31, 33, 34, 36, 38, 41, 42, 43, 44]",36,False,1.4115232463978847e-05,1.0206073590677366e-08,4.701675463462724e-06,30.0
E77,18,18,1,17,305,0.05555555555555555,0.0032679738562091504,0.006172839506172839,raja,S6/S06_20170817_034716_3,all_channel,mean,mean__all_channel__E77,32,47,"[0, 1, 3, 4, 5, 6, 7, 8, 9, 10, 11, 12, 13, 14, 15, 16, 18, 19, 20, 22, 24, 25, 26, 27, 28, 29, 30, 31, 33, 34, 36, 38, 41, 42, 43, 44]",36,False,1.4996635066986261e-05,2.5331857572190276e-08,4.990434403138024e-06,30.0
E85,19,19,1,18,305,0.05263157894736842,0.0032679738562091504,0.006153846153846154,raja,S6/S06_20170817_034716_3,all_channel,mean,mean__all_channel__E85,32,47,"[0, 1, 3, 4, 5, 6, 7, 8, 9, 10, 11, 12, 13, 14, 15, 16, 18, 19, 20, 22, 24, 25, 26, 27, 28, 29, 30, 31, 33, 34, 36, 38, 41, 42, 43, 44]",36,False,1.6196174405918976e-05,2.2613397244993152e-08,5.391187002891328e-06,30.0
E70,33,33,1,32,305,0.030303030303030304,0.0032679738562091504,0.0058997050147492625,raja,S6/S06_20170817_034716_3,all_channel,mean,mean__all_channel__E70,32,47,"[0, 1, 3, 4, 5, 6, 7, 8, 9, 10, 11, 12, 13, 14, 15, 16, 18, 19, 20, 22, 24, 25, 26, 27, 28, 29, 30, 31, 33, 34, 36, 38, 41, 42, 43, 44]",36,False,1.7497116184182082e-05,1.4905476067654844e-08,5.827403569371476e-06,30.0
E37,3,3,0,3,306,0.0,0.0,0.0,raja,S6/S06_20170817_034716_3,all_channel,mean,mean__all_channel__E37,32,47,"[0, 1, 3, 4, 5, 6, 7, 8, 9, 10, 11, 12, 13, 14, 15, 16, 18, 19, 20, 22, 24, 25, 26, 27, 28, 29, 30, 31, 33, 34, 36, 38, 41, 42, 43, 44]",36,False,1.2678303320724765e-05,1.5724611683117522e-08,4.220859569680549e-06,30.0
E87,4,4,0,4,306,0.0,0.0,0.0,raja,S6/S06_20170817_034716_3,all_channel,mean,mean__all_channel__E87,32,47,"[0, 1, 3, 4, 5, 6, 7, 8, 9, 10, 11, 12, 13, 14, 15, 16, 18, 19, 20, 22, 24, 25, 26, 27, 28, 29, 30, 31, 33, 34, 36, 38, 41, 42, 43, 44]",36,False,1.284948403887105e-05,1.898411673260323e-08,4.276833307379482e-06,30.0
E28,7,7,0,7,306,0.0,0.0,0.0,raja,S6/S06_20170817_034716_3,all_channel,mean,mean__all_channel__E28,32,47,"[0, 1, 3, 4, 5, 6, 7, 8, 9, 10, 11, 12, 13, 14, 15, 16, 18, 19, 20, 22, 24, 25, 26, 27, 28, 29, 30, 31, 33, 34, 36, 38, 41, 42, 43, 44]",36,False,1.6333287601485735e-05,5.5833206180118875e-09,5.442568093622575e-06,30.0
E104,14,14,0,14,306,0.0,0.0,0.0,raja,S6/S06_20170817_034716_3,all_channel,mean,mean__all_channel__E104,32,47,"[0, 1, 3, 4, 5, 6, 7, 8, 9, 10, 11, 12, 13, 14, 15, 16, 18, 19, 20, 22, 24, 25, 26, 27, 28, 29, 30, 31, 33, 34, 36, 38, 41, 42, 43, 44]",36,False,1.7203327618538277e-05,1.1869619380229084e-08,5.730485999719349e-06,30.0
E98,14,14,0,14,306,0.0,0.0,0.0,raja,S6/S06_20170817_034716_3,all_channel,mean,mean__all_channel__E98,32,47,"[0, 1, 3, 4, 5, 6, 7, 8, 9, 10, 11, 12, 13, 14, 15, 16, 18, 19, 20, 22, 24, 25, 26, 27, 28, 29, 30, 31, 33, 34, 36, 38, 41, 42, 43, 44]",36,False,1.571402691667789e-05,1.2089892942755886e-08,5.2339790079117115e-06,30.0
E91,16,16,0,16,306,0.0,0.0,0.0,raja,S6/S06_20170817_034716_3,all_channel,mean,mean__all_channel__E91,32,47,"[0, 1, 3, 4, 5, 6, 7, 8, 9, 10, 11, 12, 13, 14, 15, 16, 18, 19, 20, 22, 24, 25, 26, 27, 28, 29, 30, 31, 33, 34, 36, 38, 41, 42, 43, 44]",36,False,1.4346396757571682e-05,1.9939718473207633e-08,4.775485679699491e-06,30.0
E59,17,17,0,17,306,0.0,0.0,0.0,raja,S6/S06_20170817_034716_3,all_channel,mean,mean__all_channel__E59,32,47,"[0, 1, 3, 4, 5, 6, 7, 8, 9, 10, 11, 12, 13, 14, 15, 16, 18, 19, 20, 22, 24, 25, 26, 27, 28, 29, 30, 31, 33, 34, 36, 38, 41, 42, 43, 44]",36,False,1.5086432580646389e-05,1.4184741472671276e-08,5.024082613057906e-06,30.0
E84,22,22,0,22,306,0.0,0.0,0.0,raja,S6/S06_20170817_034716_3,all_channel,mean,mean__all_channel__E84,32,47,"[0, 1, 3, 4, 5, 6, 7, 8, 9, 10, 11, 12, 13, 14, 15, 16, 18, 19, 20, 22, 24, 25, 26, 27, 28, 29, 30, 31, 33, 34, 36, 38, 41, 42, 43, 44]",36,False,1.616621073847957e-05,2.6368007837889882e-08,5.37994757688056e-06,30.0
E67,25,25,0,25,306,0.0,0.0,0.0,raja,S6/S06_20170817_034716_3,all_channel,mean,mean__all_channel__E67,32,47,"[0, 1, 3, 4, 5, 6, 7, 8, 9, 10, 11, 12, 13, 14, 15, 16, 18, 19, 20, 22, 24, 25, 26, 27, 28, 29, 30, 31, 33, 34, 36, 38, 41, 42, 43, 44]",36,False,2.0004473319955465e-05,3.115266503923047e-08,6.6577735516387445e-06,30.0
E83,37,37,0,37,306,0.0,0.0,0.0,raja,S6/S06_20170817_034716_3,all_channel,mean,mean__all_channel__E83,32,47,"[0, 1, 3, 4, 5, 6, 7, 8, 9, 10, 11, 12, 13, 14, 15, 16, 18, 19, 20, 22, 24, 25, 26, 27, 28, 29, 30, 31, 33, 34, 36, 38, 41, 42, 43, 44]",36,False,1.6611912250447645e-05,2.2127088810992667e-08,5.529928387212217e-06,30.0
E22,352,352,295,57,11,0.8380681818181818,0.9640522875816994,0.8966565349544073,raja,S6/S06_20170817_034716_3,frontal,median,median__frontal__E22,6,47,"[0, 1, 3, 5, 6, 7, 8, 9, 10, 11, 12, 13, 14, 15, 16, 18, 19, 20, 22, 24, 29, 38, 44]",23,False,2.5785816569478157e-05,-1.1288887585504225e-06,8.971568442676193e-06,30.0
E9,359,359,296,63,10,0.8245125348189415,0.9673202614379085,0.8902255639097744,raja,S6/S06_20170817_034716_3,frontal,median,median__frontal__E9,6,47,"[0, 1, 3, 5, 6, 7, 8, 9, 10, 11, 12, 13, 14, 15, 16, 18, 19, 20, 22, 24, 29, 38, 44]",23,False,2.8194562970056377e-05,-1.2136414311813605e-06,9.802734800412579e-06,30.0
E3,309,309,266,43,40,0.86084142394822,0.869281045751634,0.865040650406504,raja,S6/S06_20170817_034716_3,frontal,median,median__frontal__E3,6,47,"[0, 1, 3, 5, 6, 7, 8, 9, 10, 11, 12, 13, 14, 15, 16, 18, 19, 20, 22, 24, 29, 38, 44]",23,False,2.3811583973757602e-05,-6.540315533561045e-07,8.155205175704569e-06,30.0
E23,303,303,256,47,50,0.8448844884488449,0.8366013071895425,0.8407224958949097,raja,S6/S06_20170817_034716_3,frontal,median,median__frontal__E23,6,47,"[0, 1, 3, 5, 6, 7, 8, 9, 10, 11, 12, 13, 14, 15, 16, 18, 19, 20, 22, 24, 29, 38, 44]",23,False,1.9872443289732957e-05,-5.481893739591874e-07,6.806877554564048e-06,30.0
E124,177,177,155,22,151,0.8757062146892656,0.5065359477124183,0.6418219461697723,raja,S6/S06_20170817_034716_3,frontal,median,median__frontal__E124,6,47,"[0, 1, 3, 5, 6, 7, 8, 9, 10, 11, 12, 13, 14, 15, 16, 18, 19, 20, 22, 24, 29, 38, 44]",23,False,1.8235668762964647e-05,-3.732762791925267e-07,6.2029816807190575e-06,30.0
E24,79,79,15,64,291,0.189873417721519,0.049019607843137254,0.07792207792207793,raja,S6/S06_20170817_034716_3,frontal,median,median__frontal__E24,6,47,"[0, 1, 3, 5, 6, 7, 8, 9, 10, 11, 12, 13, 14, 15, 16, 18, 19, 20, 22, 24, 29, 38, 44]",23,False,2.379495143555932e-05,2.8062341962116574e-08,7.922296364532402e-06,30.0
E22,344,344,293,51,13,0.8517441860465116,0.9575163398692811,0.9015384615384615,raja,S6/S06_20170817_034716_3,frontal,mean,mean__frontal__E22,6,47,"[0, 1, 3, 5, 6, 7, 8, 9, 10, 11, 12, 13, 14, 15, 16, 18, 19, 20, 22, 24, 29, 38, 44]",23,False,2.686799136446056e-05,-4.671396356801925e-08,8.971568442676193e-06,30.0
E9,354,354,293,61,13,0.827683615819209,0.9575163398692811,0.8878787878787879,raja,S6/S06_20170817_034716_3,frontal,mean,mean__frontal__E9,6,47,"[0, 1, 3, 5, 6, 7, 8, 9, 10, 11, 12, 13, 14, 15, 16, 18, 19, 20, 22, 24, 29, 38, 44]",23,False,2.9346476695308237e-05,-6.172770592949826e-08,9.802734800412579e-06,30.0
E3,304,304,263,41,43,0.8651315789473685,0.8594771241830066,0.862295081967213,raja,S6/S06_20170817_034716_3,frontal,mean,mean__frontal__E3,6,47,"[0, 1, 3, 5, 6, 7, 8, 9, 10, 11, 12, 13, 14, 15, 16, 18, 19, 20, 22, 24, 29, 38, 44]",23,False,2.442594634664951e-05,-3.9669180464196006e-08,8.155205175704569e-06,30.0
E23,294,294,247,47,59,0.8401360544217688,0.8071895424836601,0.8233333333333333,raja,S6/S06_20170817_034716_3,frontal,mean,mean__frontal__E23,6,47,"[0, 1, 3, 5, 6, 7, 8, 9, 10, 11, 12, 13, 14, 15, 16, 18, 19, 20, 22, 24, 29, 38, 44]",23,False,2.0403539768269795e-05,-1.709289542234776e-08,6.806877554564048e-06,30.0
E124,166,166,149,17,157,0.8975903614457831,0.4869281045751634,0.6313559322033898,raja,S6/S06_20170817_034716_3,frontal,mean,mean__frontal__E124,6,47,"[0, 1, 3, 5, 6, 7, 8, 9, 10, 11, 12, 13, 14, 15, 16, 18, 19, 20, 22, 24, 29, 38, 44]",23,False,1.8591163619234757e-05,-1.7781422922416164e-08,6.2029816807190575e-06,30.0
E24,79,79,15,64,291,0.189873417721519,0.049019607843137254,0.07792207792207793,raja,S6/S06_20170817_034716_3,frontal,mean,mean__frontal__E24,6,47,"[0, 1, 3, 5, 6, 7, 8, 9, 10, 11, 12, 13, 14, 15, 16, 18, 19, 20, 22, 24, 29, 38, 44]",23,False,2.376892900604283e-05,2.0399124456225666e-09,7.922296364532402e-06,30.0
E22,352,352,295,57,11,0.8380681818181818,0.9640522875816994,0.8966565349544073,raja,S6/S06_20170817_034716_3,frontal_left,median,median__frontal_left__E22,3,47,"[0, 1, 3, 5, 6, 7, 8, 9, 10, 11, 12, 13, 14, 15, 16, 18, 19, 20, 22, 24, 29, 38, 44]",23,False,2.5785816569478157e-05,-1.1288887585504225e-06,8.971568442676193e-06,30.0
E23,303,303,256,47,50,0.8448844884488449,0.8366013071895425,0.8407224958949097,raja,S6/S06_20170817_034716_3,frontal_left,median,median__frontal_left__E23,3,47,"[0, 1, 3, 5, 6, 7, 8, 9, 10, 11, 12, 13, 14, 15, 16, 18, 19, 20, 22, 24, 29, 38, 44]",23,False,1.9872443289732957e-05,-5.481893739591874e-07,6.806877554564048e-06,30.0
E24,79,79,15,64,291,0.189873417721519,0.049019607843137254,0.07792207792207793,raja,S6/S06_20170817_034716_3,frontal_left,median,median__frontal_left__E24,3,47,"[0, 1, 3, 5, 6, 7, 8, 9, 10, 11, 12, 13, 14, 15, 16, 18, 19, 20, 22, 24, 29, 38, 44]",23,False,2.379495143555932e-05,2.8062341962116574e-08,7.922296364532402e-06,30.0
E22,344,344,293,51,13,0.8517441860465116,0.9575163398692811,0.9015384615384615,raja,S6/S06_20170817_034716_3,frontal_left,mean,mean__frontal_left__E22,3,47,"[0, 1, 3, 5, 6, 7, 8, 9, 10, 11, 12, 13, 14, 15, 16, 18, 19, 20, 22, 24, 29, 38, 44]",23,False,2.686799136446056e-05,-4.671396356801925e-08,8.971568442676193e-06,30.0
E23,294,294,247,47,59,0.8401360544217688,0.8071895424836601,0.8233333333333333,raja,S6/S06_20170817_034716_3,frontal_left,mean,mean__frontal_left__E23,3,47,"[0, 1, 3, 5, 6, 7, 8, 9, 10, 11, 12, 13, 14, 15, 16, 18, 19, 20, 22, 24, 29, 38, 44]",23,False,2.0403539768269795e-05,-1.709289542234776e-08,6.806877554564048e-06,30.0
E24,79,79,15,64,291,0.189873417721519,0.049019607843137254,0.07792207792207793,raja,S6/S06_20170817_034716_3,frontal_left,mean,mean__frontal_left__E24,3,47,"[0, 1, 3, 5, 6, 7, 8, 9, 10, 11, 12, 13, 14, 15, 16, 18, 19, 20, 22, 24, 29, 38, 44]",23,False,2.376892900604283e-05,2.0399124456225666e-09,7.922296364532402e-06,30.0
E9,336,336,287,49,19,0.8541666666666666,0.9379084967320261,0.8940809968847352,raja,S6/S06_20170817_034716_3,frontal_right,median,median__frontal_right__E9,3,47,"[6, 7, 18, 24, 29]",5,False,3.2952658743719694e-05,-1.415946003449742e-06,1.1456201582389812e-05,30.0
E3,290,290,252,38,54,0.8689655172413793,0.8235294117647058,0.8456375838926175,raja,S6/S06_20170817_034716_3,frontal_right,median,median__frontal_right__E3,3,47,"[6, 7, 18, 24, 29]",5,False,2.6918642784866182e-05,-6.602038641790459e-07,9.192948883015076e-06,30.0
E124,135,135,122,13,184,0.9037037037037037,0.39869281045751637,0.5532879818594104,raja,S6/S06_20170817_034716_3,frontal_right,median,median__frontal_right__E124,3,47,"[6, 7, 18, 24, 29]",5,False,1.9937108408650206e-05,-5.255080043734958e-07,6.820872137674566e-06,30.0
E9,326,326,283,43,23,0.8680981595092024,0.9248366013071896,0.8955696202531647,raja,S6/S06_20170817_034716_3,frontal_right,mean,mean__frontal_right__E9,3,47,"[6, 7, 18, 24, 29]",5,False,3.427374228727642e-05,-9.486245989301462e-08,1.1456201582389812e-05,30.0
E3,280,280,247,33,59,0.8821428571428571,0.8071895424836601,0.8430034129692833,raja,S6/S06_20170817_034716_3,frontal_right,mean,mean__frontal_right__E3,3,47,"[6, 7, 18, 24, 29]",5,False,2.7522376397098055e-05,-5.6470251947170095e-08,9.192948883015076e-06,30.0
E124,130,130,117,13,189,0.9,0.38235294117647056,0.536697247706422,raja,S6/S06_20170817_034716_3,frontal_right,mean,mean__frontal_right__E124,3,47,"[6, 7, 18, 24, 29]",5,False,2.0424951007292816e-05,-3.7665405730884236e-08,6.820872137674566e-06,30.0
E22,370,370,297,73,9,0.8027027027027027,0.9705882352941176,0.8786982248520709,raja,S6/S06_20170817_034716_3,all_channel,median,median__all_channel__E22,32,35,"[0, 1, 2, 3, 4, 5, 6, 8, 9, 10, 12, 13, 14, 18, 19, 20, 22, 23, 25, 27, 28, 30, 31, 33]",24,False,2.3924661102203597e-05,-9.689950802028982e-07,8.297885394135497e-06,40.0
E3,321,321,274,47,32,0.8535825545171339,0.8954248366013072,0.8740031897926634,raja,S6/S06_20170817_034716_3,all_channel,median,median__all_channel__E3,32,35,"[0, 1, 2, 3, 4, 5, 6, 8, 9, 10, 12, 13, 14, 18, 19, 20, 22, 23, 25, 27, 28, 30, 31, 33]",24,False,2.2064032449804028e-05,-5.694608408749664e-07,7.544497763559664e-06,40.0
E9,380,380,297,83,9,0.781578947368421,0.9705882352941176,0.8658892128279884,raja,S6/S06_20170817_034716_3,all_channel,median,median__all_channel__E9,32,35,"[0, 1, 2, 3, 4, 5, 6, 8, 9, 10, 12, 13, 14, 18, 19, 20, 22, 23, 25, 27, 28, 30, 31, 33]",24,False,2.595039406957054e-05,-1.0118489398502444e-06,8.987414336473596e-06,40.0
E23,313,313,264,49,42,0.8434504792332268,0.8627450980392157,0.852988691437803,raja,S6/S06_20170817_034716_3,all_channel,median,median__all_channel__E23,32,35,"[0, 1, 2, 3, 4, 5, 6, 8, 9, 10, 12, 13, 14, 18, 19, 20, 22, 23, 25, 27, 28, 30, 31, 33]",24,False,1.9072768408075992e-05,-4.783628884393342e-07,6.5170437655051085e-06,40.0
E11,235,235,204,31,102,0.8680851063829788,0.6666666666666666,0.754158964879852,raja,S6/S06_20170817_034716_3,all_channel,median,median__all_channel__E11,32,35,"[0, 1, 2, 3, 4, 5, 6, 8, 9, 10, 12, 13, 14, 18, 19, 20, 22, 23, 25, 27, 28, 30, 31, 33]",24,False,1.810788990121555e-05,-3.8356759855462606e-07,6.163819166590059e-06,40.0
E124,190,190,168,22,138,0.8842105263157894,0.5490196078431373,0.6774193548387097,raja,S6/S06_20170817_034716_3,all_channel,median,median__all_channel__E124,32,35,"[0, 1, 2, 3, 4, 5, 6, 8, 9, 10, 12, 13, 14, 18, 19, 20, 22, 23, 25, 27, 28, 30, 31, 33]",24,False,1.752301823693162e-05,-2.8711873292128094e-07,5.9367123232843e-06,40.0
E26,222,222,169,53,137,0.7612612612612613,0.5522875816993464,0.6401515151515152,raja,S6/S06_20170817_034716_3,all_channel,median,median__all_channel__E26,32,35,"[0, 1, 2, 3, 4, 5, 6, 8, 9, 10, 12, 13, 14, 18, 19, 20, 22, 23, 25, 27, 28, 30, 31, 33]",24,False,2.5425696488769763e-05,-3.3836880825104653e-07,8.588021765673602e-06,40.0
E122,60,60,34,26,272,0.5666666666666667,0.1111111111111111,0.18579234972677594,raja,S6/S06_20170817_034716_3,all_channel,median,median__all_channel__E122,32,35,"[0, 1, 2, 3, 4, 5, 6, 8, 9, 10, 12, 13, 14, 18, 19, 20, 22, 23, 25, 27, 28, 30, 31, 33]",24,False,2.4826316825750516e-05,1.417401923001373e-07,8.228192211150126e-06,40.0
E24,99,99,24,75,282,0.24242424242424243,0.0784313725490196,0.11851851851851852,raja,S6/S06_20170817_034716_3,all_channel,median,median__all_channel__E24,32,35,"[0, 1, 2, 3, 4, 5, 6, 8, 9, 10, 12, 13, 14, 18, 19, 20, 22, 23, 25, 27, 28, 30, 31, 33]",24,False,2.083257815948614e-05,-4.204958768038882e-08,6.958209249055509e-06,40.0
E117,21,21,17,4,289,0.8095238095238095,0.05555555555555555,0.10397553516819572,raja,S6/S06_20170817_034716_3,all_channel,median,median__all_channel__E117,32,35,"[0, 1, 2, 3, 4, 5, 6, 8, 9, 10, 12, 13, 14, 18, 19, 20, 22, 23, 25, 27, 28, 30, 31, 33]",24,False,1.6333716223673517e-05,-1.3354671877163632e-08,5.449023631850226e-06,40.0
E75,116,116,12,104,294,0.10344827586206896,0.0392156862745098,0.05687203791469194,raja,S6/S06_20170817_034716_3,all_channel,median,median__all_channel__E75,32,35,"[0, 1, 2, 3, 4, 5, 6, 8, 9, 10, 12, 13, 14, 18, 19, 20, 22, 23, 25, 27, 28, 30, 31, 33]",24,False,1.9206448461020823e-05,9.72616844085908e-08,6.369728925537411e-06,40.0
E33,50,50,8,42,298,0.16,0.026143790849673203,0.04494382022471911,raja,S6/S06_20170817_034716_3,all_channel,median,median__all_channel__E33,32,35,"[0, 1, 2, 3, 4, 5, 6, 8, 9, 10, 12, 13, 14, 18, 19, 20, 22, 23, 25, 27, 28, 30, 31, 33]",24,False,2.046392462541235e-05,6.207476448548728e-08,6.800616620308955e-06,40.0
E112,8,8,2,6,304,0.25,0.006535947712418301,0.012738853503184716,raja,S6/S06_20170817_034716_3,all_channel,median,median__all_channel__E112,32,35,"[0, 1, 2, 3, 4, 5, 6, 8, 9, 10, 12, 13, 14, 18, 19, 20, 22, 23, 25, 27, 28, 30, 31, 33]",24,False,1.5949694492203132e-05,6.159800722565436e-08,5.296032161659158e-06,40.0
E62,9,9,2,7,304,0.2222222222222222,0.006535947712418301,0.012698412698412698,raja,S6/S06_20170817_034716_3,all_channel,median,median__all_channel__E62,32,35,"[0, 1, 2, 3, 4, 5, 6, 8, 9, 10, 12, 13, 14, 18, 19, 20, 22, 23, 25, 27, 28, 30, 31, 33]",24,False,1.558643817885351e-05,1.6486013678234274e-07,5.140526014023723e-06,40.0
E40,11,11,2,9,304,0.18181818181818182,0.006535947712418301,0.012618296529968454,raja,S6/S06_20170817_034716_3,all_channel,median,median__all_channel__E40,32,35,"[0, 1, 2, 3, 4, 5, 6, 8, 9, 10, 12, 13, 14, 18, 19, 20, 22, 23, 25, 27, 28, 30, 31, 33]",24,False,1.6668265923985154e-05,1.286574245860122e-07,5.513202833133047e-06,40.0
E13,31,31,2,29,304,0.06451612903225806,0.006535947712418301,0.011869436201780414,raja,S6/S06_20170817_034716_3,all_channel,median,median__all_channel__E13,32,35,"[0, 1, 2, 3, 4, 5, 6, 8, 9, 10, 12, 13, 14, 18, 19, 20, 22, 23, 25, 27, 28, 30, 31, 33]",24,False,1.6836341308047884e-05,1.289735605763936e-07,5.569122582490497e-06,40.0
E109,8,8,1,7,305,0.125,0.0032679738562091504,0.006369426751592358,raja,S6/S06_20170817_034716_3,all_channel,median,median__all_channel__E109,32,35,"[0, 1, 2, 3, 4, 5, 6, 8, 9, 10, 12, 13, 14, 18, 19, 20, 22, 23, 25, 27, 28, 30, 31, 33]",24,False,1.8850652882512878e-05,1.62605106335573e-07,6.229349258725769e-06,40.0
E60,13,13,1,12,305,0.07692307692307693,0.0032679738562091504,0.006269592476489029,raja,S6/S06_20170817_034716_3,all_channel,median,median__all_channel__E60,32,35,"[0, 1, 2, 3, 4, 5, 6, 8, 9, 10, 12, 13, 14, 18, 19, 20, 22, 23, 25, 27, 28, 30, 31, 33]",24,False,1.8031840834329854e-05,2.0362381447795844e-07,5.942739006617298e-06,40.0
E47,14,14,1,13,305,0.07142857142857142,0.0032679738562091504,0.0062499999999999995,raja,S6/S06_20170817_034716_3,all_channel,median,median__all_channel__E47,32,35,"[0, 1, 2, 3, 4, 5, 6, 8, 9, 10, 12, 13, 14, 18, 19, 20, 22, 23, 25, 27, 28, 30, 31, 33]",24,False,1.4576458840478268e-05,1.256814957738158e-07,4.8169257815681505e-06,40.0
E77,14,14,1,13,305,0.07142857142857142,0.0032679738562091504,0.0062499999999999995,raja,S6/S06_20170817_034716_3,all_channel,median,median__all_channel__E77,32,35,"[0, 1, 2, 3, 4, 5, 6, 8, 9, 10, 12, 13, 14, 18, 19, 20, 22, 23, 25, 27, 28, 30, 31, 33]",24,False,1.5527327544716927e-05,2.2870089532406154e-07,5.099542216464289e-06,40.0
E85,14,14,1,13,305,0.07142857142857142,0.0032679738562091504,0.0062499999999999995,raja,S6/S06_20170817_034716_3,all_channel,median,median__all_channel__E85,32,35,"[0, 1, 2, 3, 4, 5, 6, 8, 9, 10, 12, 13, 14, 18, 19, 20, 22, 23, 25, 27, 28, 30, 31, 33]",24,False,1.676930465945916e-05,2.2060769976065388e-07,5.516232319899502e-06,40.0
E70,32,32,1,31,305,0.03125,0.0032679738562091504,0.005917159763313609,raja,S6/S06_20170817_034716_3,all_channel,median,median__all_channel__E70,32,35,"[0, 1, 2, 3, 4, 5, 6, 8, 9, 10, 12, 13, 14, 18, 19, 20, 22, 23, 25, 27, 28, 30, 31, 33]",24,False,1.781174372204495e-05,1.667800519913068e-07,5.881654556684547e-06,40.0
E37,2,2,0,2,306,0.0,0.0,0.0,raja,S6/S06_20170817_034716_3,all_channel,median,median__all_channel__E37,32,35,"[0, 1, 2, 3, 4, 5, 6, 8, 9, 10, 12, 13, 14, 18, 19, 20, 22, 23, 25, 27, 28, 30, 31, 33]",24,False,1.2953568830078627e-05,6.196877676836005e-08,4.297200017770089e-06,40.0
E87,4,4,0,4,306,0.0,0.0,0.0,raja,S6/S06_20170817_034716_3,all_channel,median,median__all_channel__E87,32,35,"[0, 1, 2, 3, 4, 5, 6, 8, 9, 10, 12, 13, 14, 18, 19, 20, 22, 23, 25, 27, 28, 30, 31, 33]",24,False,1.3133416716720038e-05,8.04616884933379e-08,4.3509850094089e-06,40.0
E28,6,6,0,6,306,0.0,0.0,0.0,raja,S6/S06_20170817_034716_3,all_channel,median,median__all_channel__E28,32,35,"[0, 1, 2, 3, 4, 5, 6, 8, 9, 10, 12, 13, 14, 18, 19, 20, 22, 23, 25, 27, 28, 30, 31, 33]",24,False,1.6434199111473656e-05,1.5214358410634256e-09,5.477559225210864e-06,40.0
E59,12,12,0,12,306,0.0,0.0,0.0,raja,S6/S06_20170817_034716_3,all_channel,median,median__all_channel__E59,32,35,"[0, 1, 2, 3, 4, 5, 6, 8, 9, 10, 12, 13, 14, 18, 19, 20, 22, 23, 25, 27, 28, 30, 31, 33]",24,False,1.5453703916011986e-05,1.953238012153124e-07,5.086126704932224e-06,40.0
E98,12,12,0,12,306,0.0,0.0,0.0,raja,S6/S06_20170817_034716_3,all_channel,median,median__all_channel__E98,32,35,"[0, 1, 2, 3, 4, 5, 6, 8, 9, 10, 12, 13, 14, 18, 19, 20, 22, 23, 25, 27, 28, 30, 31, 33]",24,False,1.6284393103187356e-05,1.7358908965915028e-07,5.370268004509402e-06,40.0
E104,13,13,0,13,306,0.0,0.0,0.0,raja,S6/S06_20170817_034716_3,all_channel,median,median__all_channel__E104,32,35,"[0, 1, 2, 3, 4, 5, 6, 8, 9, 10, 12, 13, 14, 18, 19, 20, 22, 23, 25, 27, 28, 30, 31, 33]",24,False,1.7344976850018242e-05,1.2642258327250433e-07,5.7395180889152464e-06,40.0
E91,14,14,0,14,306,0.0,0.0,0.0,raja,S6/S06_20170817_034716_3,all_channel,median,median__all_channel__E91,32,35,"[0, 1, 2, 3, 4, 5, 6, 8, 9, 10, 12, 13, 14, 18, 19, 20, 22, 23, 25, 27, 28, 30, 31, 33]",24,False,1.4988840206414357e-05,3.0434317270632204e-07,4.894832344569345e-06,40.0
E84,15,15,0,15,306,0.0,0.0,0.0,raja,S6/S06_20170817_034716_3,all_channel,median,median__all_channel__E84,32,35,"[0, 1, 2, 3, 4, 5, 6, 8, 9, 10, 12, 13, 14, 18, 19, 20, 22, 23, 25, 27, 28, 30, 31, 33]",24,False,1.657559720119438e-05,2.2628084857594714e-07,5.449772117539478e-06,40.0
E67,24,24,0,24,306,0.0,0.0,0.0,raja,S6/S06_20170817_034716_3,all_channel,median,median__all_channel__E67,32,35,"[0, 1, 2, 3, 4, 5, 6, 8, 9, 10, 12, 13, 14, 18, 19, 20, 22, 23, 25, 27, 28, 30, 31, 33]",24,False,2.0367670672476637e-05,1.9978148508058014e-07,6.72262972913202e-06,40.0
E83,34,34,0,34,306,0.0,0.0,0.0,raja,S6/S06_20170817_034716_3,all_channel,median,median__all_channel__E83,32,35,"[0, 1, 2, 3, 4, 5, 6, 8, 9, 10, 12, 13, 14, 18, 19, 20, 22, 23, 25, 27, 28, 30, 31, 33]",24,False,1.7021123593529727e-05,1.8786164314330643e-07,5.611087316795474e-06,40.0
E22,357,357,296,61,10,0.8291316526610645,0.9673202614379085,0.8929110105580694,raja,S6/S06_20170817_034716_3,all_channel,mean,mean__all_channel__E22,32,35,"[0, 1, 2, 3, 4, 5, 6, 8, 9, 10, 12, 13, 14, 18, 19, 20, 22, 23, 25, 27, 28, 30, 31, 33]",24,False,2.489080498324747e-05,-2.8511991590231574e-09,8.297885394135497e-06,40.0
E9,370,370,297,73,9,0.8027027027027027,0.9705882352941176,0.8786982248520709,raja,S6/S06_20170817_034716_3,all_channel,mean,mean__all_channel__E9,32,35,"[0, 1, 2, 3, 4, 5, 6, 8, 9, 10, 12, 13, 14, 18, 19, 20, 22, 23, 25, 27, 28, 30, 31, 33]",24,False,2.6957559128729965e-05,-4.6838806908208685e-09,8.987414336473596e-06,40.0
E3,317,317,271,46,35,0.8548895899053628,0.8856209150326797,0.869983948635634,raja,S6/S06_20170817_034716_3,all_channel,mean,mean__all_channel__E3,32,35,"[0, 1, 2, 3, 4, 5, 6, 8, 9, 10, 12, 13, 14, 18, 19, 20, 22, 23, 25, 27, 28, 30, 31, 33]",24,False,2.262994204189249e-05,-3.5512487865038135e-09,7.544497763559664e-06,40.0
E23,306,306,259,47,47,0.8464052287581699,0.8464052287581699,0.8464052287581698,raja,S6/S06_20170817_034716_3,all_channel,mean,mean__all_channel__E23,32,35,"[0, 1, 2, 3, 4, 5, 6, 8, 9, 10, 12, 13, 14, 18, 19, 20, 22, 23, 25, 27, 28, 30, 31, 33]",24,False,1.955796832757314e-05,6.837031057814229e-09,6.5170437655051085e-06,40.0
E11,226,226,198,28,108,0.8761061946902655,0.6470588235294118,0.744360902255639,raja,S6/S06_20170817_034716_3,all_channel,mean,mean__all_channel__E11,32,35,"[0, 1, 2, 3, 4, 5, 6, 8, 9, 10, 12, 13, 14, 18, 19, 20, 22, 23, 25, 27, 28, 30, 31, 33]",24,False,1.8492760003762823e-05,1.3025039926465532e-09,6.163819166590059e-06,40.0
E124,183,183,162,21,144,0.8852459016393442,0.5294117647058824,0.6625766871165645,raja,S6/S06_20170817_034716_3,all_channel,mean,mean__all_channel__E124,32,35,"[0, 1, 2, 3, 4, 5, 6, 8, 9, 10, 12, 13, 14, 18, 19, 20, 22, 23, 25, 27, 28, 30, 31, 33]",24,False,1.7807028026600437e-05,-3.1089432524642434e-09,5.9367123232843e-06,40.0
E26,214,214,166,48,140,0.7757009345794392,0.5424836601307189,0.6384615384615385,raja,S6/S06_20170817_034716_3,all_channel,mean,mean__all_channel__E26,32,35,"[0, 1, 2, 3, 4, 5, 6, 8, 9, 10, 12, 13, 14, 18, 19, 20, 22, 23, 25, 27, 28, 30, 31, 33]",24,False,2.5773164682618066e-05,9.099385597257109e-09,8.588021765673602e-06,40.0
E122,62,62,35,27,271,0.5645161290322581,0.11437908496732026,0.1902173913043478,raja,S6/S06_20170817_034716_3,all_channel,mean,mean__all_channel__E122,32,35,"[0, 1, 2, 3, 4, 5, 6, 8, 9, 10, 12, 13, 14, 18, 19, 20, 22, 23, 25, 27, 28, 30, 31, 33]",24,False,2.467586335533284e-05,-8.713278117540121e-09,8.228192211150126e-06,40.0
E24,99,99,24,75,282,0.24242424242424243,0.0784313725490196,0.11851851851851852,raja,S6/S06_20170817_034716_3,all_channel,mean,mean__all_channel__E24,32,35,"[0, 1, 2, 3, 4, 5, 6, 8, 9, 10, 12, 13, 14, 18, 19, 20, 22, 23, 25, 27, 28, 30, 31, 33]",24,False,2.088360105836535e-05,8.973311198822932e-09,6.958209249055509e-06,40.0
E117,21,21,17,4,289,0.8095238095238095,0.05555555555555555,0.10397553516819572,raja,S6/S06_20170817_034716_3,all_channel,mean,mean__all_channel__E117,32,35,"[0, 1, 2, 3, 4, 5, 6, 8, 9, 10, 12, 13, 14, 18, 19, 20, 22, 23, 25, 27, 28, 30, 31, 33]",24,False,1.634307156102303e-05,-3.999334527647275e-09,5.449023631850226e-06,40.0
E75,112,112,11,101,295,0.09821428571428571,0.03594771241830065,0.05263157894736842,raja,S6/S06_20170817_034716_3,all_channel,mean,mean__all_channel__E75,32,35,"[0, 1, 2, 3, 4, 5, 6, 8, 9, 10, 12, 13, 14, 18, 19, 20, 22, 23, 25, 27, 28, 30, 31, 33]",24,False,1.9339253140824406e-05,2.3006636421217372e-07,6.369728925537411e-06,40.0
E33,51,51,8,43,298,0.1568627450980392,0.026143790849673203,0.04481792717086835,raja,S6/S06_20170817_034716_3,all_channel,mean,mean__all_channel__E33,32,35,"[0, 1, 2, 3, 4, 5, 6, 8, 9, 10, 12, 13, 14, 18, 19, 20, 22, 23, 25, 27, 28, 30, 31, 33]",24,False,2.0422007622141473e-05,2.01577612146089e-08,6.800616620308955e-06,40.0
E112,9,9,2,7,304,0.2222222222222222,0.006535947712418301,0.012698412698412698,raja,S6/S06_20170817_034716_3,all_channel,mean,mean__all_channel__E112,32,35,"[0, 1, 2, 3, 4, 5, 6, 8, 9, 10, 12, 13, 14, 18, 19, 20, 22, 23, 25, 27, 28, 30, 31, 33]",24,False,1.5884283628952402e-05,-3.812856025073659e-09,5.296032161659158e-06,40.0
E62,10,10,2,8,304,0.2,0.006535947712418301,0.012658227848101266,raja,S6/S06_20170817_034716_3,all_channel,mean,mean__all_channel__E62,32,35,"[0, 1, 2, 3, 4, 5, 6, 8, 9, 10, 12, 13, 14, 18, 19, 20, 22, 23, 25, 27, 28, 30, 31, 33]",24,False,1.5416632082434014e-05,-4.94595963715654e-09,5.140526014023723e-06,40.0
E40,12,12,2,10,304,0.16666666666666666,0.006535947712418301,0.012578616352201257,raja,S6/S06_20170817_034716_3,all_channel,mean,mean__all_channel__E40,32,35,"[0, 1, 2, 3, 4, 5, 6, 8, 9, 10, 12, 13, 14, 18, 19, 20, 22, 23, 25, 27, 28, 30, 31, 33]",24,False,1.6533859076635173e-05,-5.749422763968744e-09,5.513202833133047e-06,40.0
E13,33,33,2,31,304,0.06060606060606061,0.006535947712418301,0.011799410029498525,raja,S6/S06_20170817_034716_3,all_channel,mean,mean__all_channel__E13,32,35,"[0, 1, 2, 3, 4, 5, 6, 8, 9, 10, 12, 13, 14, 18, 19, 20, 22, 23, 25, 27, 28, 30, 31, 33]",24,False,1.6700655740517095e-05,-6.712006954394116e-09,5.569122582490497e-06,40.0
E109,8,8,1,7,305,0.125,0.0032679738562091504,0.006369426751592358,raja,S6/S06_20170817_034716_3,all_channel,mean,mean__all_channel__E109,32,35,"[0, 1, 2, 3, 4, 5, 6, 8, 9, 10, 12, 13, 14, 18, 19, 20, 22, 23, 25, 27, 28, 30, 31, 33]",24,False,1.86779570631404e-05,-1.0090713036905646e-08,6.229349258725769e-06,40.0
E60,14,14,1,13,305,0.07142857142857142,0.0032679738562091504,0.0062499999999999995,raja,S6/S06_20170817_034716_3,all_channel,mean,mean__all_channel__E60,32,35,"[0, 1, 2, 3, 4, 5, 6, 8, 9, 10, 12, 13, 14, 18, 19, 20, 22, 23, 25, 27, 28, 30, 31, 33]",24,False,1.7819690359053933e-05,-8.526660797960057e-09,5.942739006617298e-06,40.0
E85,15,15,1,14,305,0.06666666666666667,0.0032679738562091504,0.006230529595015576,raja,S6/S06_20170817_034716_3,all_channel,mean,mean__all_channel__E85,32,35,"[0, 1, 2, 3, 4, 5, 6, 8, 9, 10, 12, 13, 14, 18, 19, 20, 22, 23, 25, 27, 28, 30, 31, 33]",24,False,1.6548751556380326e-05,5.459668181905701e-11,5.516232319899502e-06,40.0
E47,16,16,1,15,305,0.0625,0.0032679738562091504,0.006211180124223602,raja,S6/S06_20170817_034716_3,all_channel,mean,mean__all_channel__E47,32,35,"[0, 1, 2, 3, 4, 5, 6, 8, 9, 10, 12, 13, 14, 18, 19, 20, 22, 23, 25, 27, 28, 30, 31, 33]",24,False,1.4440618720947242e-05,-1.0158623757208492e-08,4.8169257815681505e-06,40.0
E77,16,16,1,15,305,0.0625,0.0032679738562091504,0.006211180124223602,raja,S6/S06_20170817_034716_3,all_channel,mean,mean__all_channel__E77,32,35,"[0, 1, 2, 3, 4, 5, 6, 8, 9, 10, 12, 13, 14, 18, 19, 20, 22, 23, 25, 27, 28, 30, 31, 33]",24,False,1.5296105341176975e-05,-2.52130821589256e-09,5.099542216464289e-06,40.0
E70,34,34,1,33,305,0.029411764705882353,0.0032679738562091504,0.0058823529411764705,raja,S6/S06_20170817_034716_3,all_channel,mean,mean__all_channel__E70,32,35,"[0, 1, 2, 3, 4, 5, 6, 8, 9, 10, 12, 13, 14, 18, 19, 20, 22, 23, 25, 27, 28, 30, 31, 33]",24,False,1.764622289494099e-05,1.2592248873473887e-09,5.881654556684547e-06,40.0
E37,2,2,0,2,306,0.0,0.0,0.0,raja,S6/S06_20170817_034716_3,all_channel,mean,mean__all_channel__E37,32,35,"[0, 1, 2, 3, 4, 5, 6, 8, 9, 10, 12, 13, 14, 18, 19, 20, 22, 23, 25, 27, 28, 30, 31, 33]",24,False,1.2887145771216277e-05,-4.454282093989163e-09,4.297200017770089e-06,40.0
E87,4,4,0,4,306,0.0,0.0,0.0,raja,S6/S06_20170817_034716_3,all_channel,mean,mean__all_channel__E87,32,35,"[0, 1, 2, 3, 4, 5, 6, 8, 9, 10, 12, 13, 14, 18, 19, 20, 22, 23, 25, 27, 28, 30, 31, 33]",24,False,1.3049357681960137e-05,-3.597346266562221e-09,4.3509850094089e-06,40.0
E28,6,6,0,6,306,0.0,0.0,0.0,raja,S6/S06_20170817_034716_3,all_channel,mean,mean__all_channel__E28,32,35,"[0, 1, 2, 3, 4, 5, 6, 8, 9, 10, 12, 13, 14, 18, 19, 20, 22, 23, 25, 27, 28, 30, 31, 33]",24,False,1.6435263485888087e-05,2.585810255497698e-09,5.477559225210864e-06,40.0
E98,12,12,0,12,306,0.0,0.0,0.0,raja,S6/S06_20170817_034716_3,all_channel,mean,mean__all_channel__E98,32,35,"[0, 1, 2, 3, 4, 5, 6, 8, 9, 10, 12, 13, 14, 18, 19, 20, 22, 23, 25, 27, 28, 30, 31, 33]",24,False,1.6098121268101464e-05,-1.2682745426743871e-08,5.370268004509402e-06,40.0
E104,14,14,0,14,306,0.0,0.0,0.0,raja,S6/S06_20170817_034716_3,all_channel,mean,mean__all_channel__E104,32,35,"[0, 1, 2, 3, 4, 5, 6, 8, 9, 10, 12, 13, 14, 18, 19, 20, 22, 23, 25, 27, 28, 30, 31, 33]",24,False,1.721126069344768e-05,-7.293573298058458e-09,5.7395180889152464e-06,40.0
E59,14,14,0,14,306,0.0,0.0,0.0,raja,S6/S06_20170817_034716_3,all_channel,mean,mean__all_channel__E59,32,35,"[0, 1, 2, 3, 4, 5, 6, 8, 9, 10, 12, 13, 14, 18, 19, 20, 22, 23, 25, 27, 28, 30, 31, 33]",24,False,1.5253289690810732e-05,-5.09042398593993e-09,5.086126704932224e-06,40.0
E91,15,15,0,15,306,0.0,0.0,0.0,raja,S6/S06_20170817_034716_3,all_channel,mean,mean__all_channel__E91,32,35,"[0, 1, 2, 3, 4, 5, 6, 8, 9, 10, 12, 13, 14, 18, 19, 20, 22, 23, 25, 27, 28, 30, 31, 33]",24,False,1.4681463411041264e-05,-3.033622666771051e-09,4.894832344569345e-06,40.0
E84,16,16,0,16,306,0.0,0.0,0.0,raja,S6/S06_20170817_034716_3,all_channel,mean,mean__all_channel__E84,32,35,"[0, 1, 2, 3, 4, 5, 6, 8, 9, 10, 12, 13, 14, 18, 19, 20, 22, 23, 25, 27, 28, 30, 31, 33]",24,False,1.6345103853510285e-05,-4.212499108149699e-09,5.449772117539478e-06,40.0
E67,24,24,0,24,306,0.0,0.0,0.0,raja,S6/S06_20170817_034716_3,all_channel,mean,mean__all_channel__E67,32,35,"[0, 1, 2, 3, 4, 5, 6, 8, 9, 10, 12, 13, 14, 18, 19, 20, 22, 23, 25, 27, 28, 30, 31, 33]",24,False,2.01687612960765e-05,8.721086804418229e-10,6.72262972913202e-06,40.0
E83,34,34,0,34,306,0.0,0.0,0.0,raja,S6/S06_20170817_034716_3,all_channel,mean,mean__all_channel__E83,32,35,"[0, 1, 2, 3, 4, 5, 6, 8, 9, 10, 12, 13, 14, 18, 19, 20, 22, 23, 25, 27, 28, 30, 31, 33]",24,False,1.683789301882899e-05,4.631068442572118e-09,5.611087316795474e-06,40.0
E22,355,355,295,60,11,0.8309859154929577,0.9640522875816994,0.8925869894099848,raja,S6/S06_20170817_034716_3,frontal,median,median__frontal__E22,6,35,"[0, 1, 2, 3, 4, 5, 6, 8, 9, 10, 13, 18, 22, 28]",14,False,2.535410335633727e-05,-1.069898532689827e-06,8.8080006296757e-06,40.0
E9,367,367,297,70,9,0.8092643051771117,0.9705882352941176,0.8826151560178306,raja,S6/S06_20170817_034716_3,frontal,median,median__frontal__E9,6,35,"[0, 1, 2, 3, 4, 5, 6, 8, 9, 10, 13, 18, 22, 28]",14,False,2.7235332743759554e-05,-1.082902290143154e-06,9.43941167796757e-06,40.0
E3,317,317,271,46,35,0.8548895899053628,0.8856209150326797,0.869983948635634,raja,S6/S06_20170817_034716_3,frontal,median,median__frontal__E3,6,35,"[0, 1, 2, 3, 4, 5, 6, 8, 9, 10, 13, 18, 22, 28]",14,False,2.2458497163505562e-05,-5.797047440040792e-07,7.679400635836547e-06,40.0
E23,304,304,257,47,49,0.8453947368421053,0.8398692810457516,0.8426229508196721,raja,S6/S06_20170817_034716_3,frontal,median,median__frontal__E23,6,35,"[0, 1, 2, 3, 4, 5, 6, 8, 9, 10, 13, 18, 22, 28]",14,False,1.974413887793718e-05,-5.326274234403748e-07,6.758922100459186e-06,40.0
E124,184,184,163,21,143,0.8858695652173914,0.5326797385620915,0.6653061224489796,raja,S6/S06_20170817_034716_3,frontal,median,median__frontal__E124,6,35,"[0, 1, 2, 3, 4, 5, 6, 8, 9, 10, 13, 18, 22, 28]",14,False,1.7742129357003103e-05,-3.415182584940146e-07,6.027882538499039e-06,40.0
E24,71,71,14,57,292,0.19718309859154928,0.0457516339869281,0.07427055702917772,raja,S6/S06_20170817_034716_3,frontal,median,median__frontal__E24,6,35,"[0, 1, 2, 3, 4, 5, 6, 8, 9, 10, 13, 18, 22, 28]",14,False,2.505641129137924e-05,-6.5692934353387704e-09,8.35432686160486e-06,40.0
E22,347,347,295,52,11,0.8501440922190202,0.9640522875816994,0.9035222052067381,raja,S6/S06_20170817_034716_3,frontal,mean,mean__frontal__E22,6,35,"[0, 1, 2, 3, 4, 5, 6, 8, 9, 10, 13, 18, 22, 28]",14,False,2.6390665292259268e-05,-3.3336596767829675e-08,8.8080006296757e-06,40.0
E9,360,360,296,64,10,0.8222222222222222,0.9673202614379085,0.8888888888888888,raja,S6/S06_20170817_034716_3,frontal,mean,mean__frontal__E9,6,35,"[0, 1, 2, 3, 4, 5, 6, 8, 9, 10, 13, 18, 22, 28]",14,False,2.8283105916369266e-05,-3.512911753344337e-08,9.43941167796757e-06,40.0
E3,316,316,270,46,36,0.8544303797468354,0.8823529411764706,0.8681672025723473,raja,S6/S06_20170817_034716_3,frontal,mean,mean__frontal__E3,6,35,"[0, 1, 2, 3, 4, 5, 6, 8, 9, 10, 13, 18, 22, 28]",14,False,2.3017077627371646e-05,-2.1124280137994903e-08,7.679400635836547e-06,40.0
E23,294,294,247,47,59,0.8401360544217688,0.8071895424836601,0.8233333333333333,raja,S6/S06_20170817_034716_3,frontal,mean,mean__frontal__E23,6,35,"[0, 1, 2, 3, 4, 5, 6, 8, 9, 10, 13, 18, 22, 28]",14,False,2.0264503301832066e-05,-1.2262999545491316e-08,6.758922100459186e-06,40.0
E124,177,177,155,22,151,0.8757062146892656,0.5065359477124183,0.6418219461697723,raja,S6/S06_20170817_034716_3,frontal,mean,mean__frontal__E124,6,35,"[0, 1, 2, 3, 4, 5, 6, 8, 9, 10, 13, 18, 22, 28]",14,False,1.8069204394575527e-05,-1.4443220921590466e-08,6.027882538499039e-06,40.0
E24,71,71,14,57,292,0.19718309859154928,0.0457516339869281,0.07427055702917772,raja,S6/S06_20170817_034716_3,frontal,mean,mean__frontal__E24,6,35,"[0, 1, 2, 3, 4, 5, 6, 8, 9, 10, 13, 18, 22, 28]",14,False,2.5063354832499768e-05,3.742476851886734e-10,8.35432686160486e-06,40.0
E22,355,355,295,60,11,0.8309859154929577,0.9640522875816994,0.8925869894099848,raja,S6/S06_20170817_034716_3,frontal_left,median,median__frontal_left__E22,3,35,"[0, 1, 2, 3, 4, 5, 6, 8, 9, 10, 13, 18, 22, 28]",14,False,2.535410335633727e-05,-1.069898532689827e-06,8.8080006296757e-06,40.0
E23,304,304,257,47,49,0.8453947368421053,0.8398692810457516,0.8426229508196721,raja,S6/S06_20170817_034716_3,frontal_left,median,median__frontal_left__E23,3,35,"[0, 1, 2, 3, 4, 5, 6, 8, 9, 10, 13, 18, 22, 28]",14,False,1.974413887793718e-05,-5.326274234403748e-07,6.758922100459186e-06,40.0
E24,71,71,14,57,292,0.19718309859154928,0.0457516339869281,0.07427055702917772,raja,S6/S06_20170817_034716_3,frontal_left,median,median__frontal_left__E24,3,35,"[0, 1, 2, 3, 4, 5, 6, 8, 9, 10, 13, 18, 22, 28]",14,False,2.505641129137924e-05,-6.5692934353387704e-09,8.35432686160486e-06,40.0
E22,347,347,295,52,11,0.8501440922190202,0.9640522875816994,0.9035222052067381,raja,S6/S06_20170817_034716_3,frontal_left,mean,mean__frontal_left__E22,3,35,"[0, 1, 2, 3, 4, 5, 6, 8, 9, 10, 13, 18, 22, 28]",14,False,2.6390665292259268e-05,-3.3336596767829675e-08,8.8080006296757e-06,40.0
E23,294,294,247,47,59,0.8401360544217688,0.8071895424836601,0.8233333333333333,raja,S6/S06_20170817_034716_3,frontal_left,mean,mean__frontal_left__E23,3,35,"[0, 1, 2, 3, 4, 5, 6, 8, 9, 10, 13, 18, 22, 28]",14,False,2.0264503301832066e-05,-1.2262999545491316e-08,6.758922100459186e-06,40.0
E24,71,71,14,57,292,0.19718309859154928,0.0457516339869281,0.07427055702917772,raja,S6/S06_20170817_034716_3,frontal_left,mean,mean__frontal_left__E24,3,35,"[0, 1, 2, 3, 4, 5, 6, 8, 9, 10, 13, 18, 22, 28]",14,False,2.5063354832499768e-05,3.742476851886734e-10,8.35432686160486e-06,40.0
E9,352,352,293,59,13,0.8323863636363636,0.9575163398692811,0.8905775075987842,raja,S6/S06_20170817_034716_3,frontal_right,median,median__frontal_right__E9,3,35,"[5, 13, 18, 22]",4,False,2.997148402031844e-05,-1.390231636236818e-06,1.0453905218851754e-05,40.0
E3,296,296,258,38,48,0.8716216216216216,0.8431372549019608,0.8571428571428572,raja,S6/S06_20170817_034716_3,frontal_right,median,median__frontal_right__E3,3,35,"[5, 13, 18, 22]",4,False,2.5273035094383786e-05,-7.224601740834207e-07,8.665165089489069e-06,40.0
E124,157,157,141,16,165,0.8980891719745223,0.46078431372549017,0.6090712742980561,raja,S6/S06_20170817_034716_3,frontal_right,median,median__frontal_right__E124,3,35,"[5, 13, 18, 22]",4,False,1.9010706628611943e-05,-4.7063307343215293e-07,6.493779900681364e-06,40.0
E9,345,345,290,55,16,0.8405797101449275,0.9477124183006536,0.890937019969278,raja,S6/S06_20170817_034716_3,frontal_right,mean,mean__frontal_right__E9,3,35,"[5, 13, 18, 22]",4,False,3.130755237515991e-05,-5.4163281395346157e-08,1.0453905218851754e-05,40.0
E3,293,293,256,37,50,0.8737201365187713,0.8366013071895425,0.8547579298831386,raja,S6/S06_20170817_034716_3,frontal_right,mean,mean__frontal_right__E3,3,35,"[5, 13, 18, 22]",4,False,2.5969596317333266e-05,-2.589895113394019e-08,8.665165089489069e-06,40.0
E124,145,145,131,14,175,0.903448275862069,0.42810457516339867,0.5809312638580931,raja,S6/S06_20170817_034716_3,frontal_right,mean,mean__frontal_right__E124,3,35,"[5, 13, 18, 22]",4,False,1.9464178459745834e-05,-1.7161242298260218e-08,6.493779900681364e-06,40.0
E22,371,371,297,74,9,0.8005390835579514,0.9705882352941176,0.8774002954209749,raja,S6/S06_20170817_034716_3,all_channel,median,median__all_channel__E22,32,28,"[0, 1, 2, 3, 4, 5, 6, 7, 8, 9, 11, 14, 15, 16, 17, 18, 20, 21, 23, 24, 26]",21,False,2.3957300856397054e-05,-8.862489697141186e-07,8.28118327537039e-06,50.0
E9,376,376,297,79,9,0.7898936170212766,0.9705882352941176,0.8709677419354839,raja,S6/S06_20170817_034716_3,all_channel,median,median__all_channel__E9,32,28,"[0, 1, 2, 3, 4, 5, 6, 7, 8, 9, 11, 14, 15, 16, 17, 18, 20, 21, 23, 24, 26]",21,False,2.623019152202421e-05,-9.634679249067338e-07,9.06455314897698e-06,50.0
E3,316,316,270,46,36,0.8544303797468354,0.8823529411764706,0.8681672025723473,raja,S6/S06_20170817_034716_3,all_channel,median,median__all_channel__E3,32,28,"[0, 1, 2, 3, 4, 5, 6, 7, 8, 9, 11, 14, 15, 16, 17, 18, 20, 21, 23, 24, 26]",21,False,2.2251474538046408e-05,-5.36142684711407e-07,7.595872407585938e-06,50.0
E23,314,314,265,49,41,0.8439490445859873,0.8660130718954249,0.8548387096774194,raja,S6/S06_20170817_034716_3,all_channel,median,median__all_channel__E23,32,28,"[0, 1, 2, 3, 4, 5, 6, 7, 8, 9, 11, 14, 15, 16, 17, 18, 20, 21, 23, 24, 26]",21,False,1.8939651167048067e-05,-4.4759882201970074e-07,6.46241666302259e-06,50.0
E11,235,235,204,31,102,0.8680851063829788,0.6666666666666666,0.754158964879852,raja,S6/S06_20170817_034716_3,all_channel,median,median__all_channel__E11,32,28,"[0, 1, 2, 3, 4, 5, 6, 7, 8, 9, 11, 14, 15, 16, 17, 18, 20, 21, 23, 24, 26]",21,False,1.8121907976322084e-05,-3.3899348730349507e-07,6.153633821208526e-06,50.0
E124,189,189,166,23,140,0.8783068783068783,0.5424836601307189,0.6707070707070706,raja,S6/S06_20170817_034716_3,all_channel,median,median__all_channel__E124,32,28,"[0, 1, 2, 3, 4, 5, 6, 7, 8, 9, 11, 14, 15, 16, 17, 18, 20, 21, 23, 24, 26]",21,False,1.7704613222265466e-05,-2.54079477145323e-07,5.986230899803596e-06,50.0
E26,221,221,168,53,138,0.7601809954751131,0.5490196078431373,0.6375711574952562,raja,S6/S06_20170817_034716_3,all_channel,median,median__all_channel__E26,32,28,"[0, 1, 2, 3, 4, 5, 6, 7, 8, 9, 11, 14, 15, 16, 17, 18, 20, 21, 23, 24, 26]",21,False,2.5588453423097964e-05,-3.218721499773309e-07,8.636775191025098e-06,50.0
E122,62,62,36,26,270,0.5806451612903226,0.11764705882352941,0.19565217391304346,raja,S6/S06_20170817_034716_3,all_channel,median,median__all_channel__E122,32,28,"[0, 1, 2, 3, 4, 5, 6, 7, 8, 9, 11, 14, 15, 16, 17, 18, 20, 21, 23, 24, 26]",21,False,2.4619609671386376e-05,9.724662137401515e-08,8.174121016670787e-06,50.0
E24,102,102,25,77,281,0.24509803921568626,0.08169934640522876,0.12254901960784313,raja,S6/S06_20170817_034716_3,all_channel,median,median__all_channel__E24,32,28,"[0, 1, 2, 3, 4, 5, 6, 7, 8, 9, 11, 14, 15, 16, 17, 18, 20, 21, 23, 24, 26]",21,False,2.065716996260543e-05,-1.8366581926919414e-08,6.891845514844116e-06,50.0
E117,20,20,16,4,290,0.8,0.05228758169934641,0.09815950920245399,raja,S6/S06_20170817_034716_3,all_channel,median,median__all_channel__E117,32,28,"[0, 1, 2, 3, 4, 5, 6, 7, 8, 9, 11, 14, 15, 16, 17, 18, 20, 21, 23, 24, 26]",21,False,1.6507314036522135e-05,3.5224765573281272e-09,5.5012638533216025e-06,50.0
E75,116,116,12,104,294,0.10344827586206896,0.0392156862745098,0.05687203791469194,raja,S6/S06_20170817_034716_3,all_channel,median,median__all_channel__E75,32,28,"[0, 1, 2, 3, 4, 5, 6, 7, 8, 9, 11, 14, 15, 16, 17, 18, 20, 21, 23, 24, 26]",21,False,1.8986047964090515e-05,5.676321938919099e-08,6.309761581567108e-06,50.0
E33,45,45,8,37,298,0.17777777777777778,0.026143790849673203,0.045584045584045586,raja,S6/S06_20170817_034716_3,all_channel,median,median__all_channel__E33,32,28,"[0, 1, 2, 3, 4, 5, 6, 7, 8, 9, 11, 14, 15, 16, 17, 18, 20, 21, 23, 24, 26]",21,False,2.0523436347134016e-05,4.205130001146373e-08,6.82712834904085e-06,50.0
E112,9,9,2,7,304,0.2222222222222222,0.006535947712418301,0.012698412698412698,raja,S6/S06_20170817_034716_3,all_channel,median,median__all_channel__E112,32,28,"[0, 1, 2, 3, 4, 5, 6, 7, 8, 9, 11, 14, 15, 16, 17, 18, 20, 21, 23, 24, 26]",21,False,1.584145583056481e-05,7.874107908223305e-08,5.254238250494193e-06,50.0
E40,12,12,2,10,304,0.16666666666666666,0.006535947712418301,0.012578616352201257,raja,S6/S06_20170817_034716_3,all_channel,median,median__all_channel__E40,32,28,"[0, 1, 2, 3, 4, 5, 6, 7, 8, 9, 11, 14, 15, 16, 17, 18, 20, 21, 23, 24, 26]",21,False,1.6713214724424277e-05,1.195823980812025e-07,5.531210775447692e-06,50.0
E62,12,12,2,10,304,0.16666666666666666,0.006535947712418301,0.012578616352201257,raja,S6/S06_20170817_034716_3,all_channel,median,median__all_channel__E62,32,28,"[0, 1, 2, 3, 4, 5, 6, 7, 8, 9, 11, 14, 15, 16, 17, 18, 20, 21, 23, 24, 26]",21,False,1.5425124936359122e-05,1.56015387548241e-07,5.08970318293696e-06,50.0
E13,30,30,2,28,304,0.06666666666666667,0.006535947712418301,0.011904761904761904,raja,S6/S06_20170817_034716_3,all_channel,median,median__all_channel__E13,32,28,"[0, 1, 2, 3, 4, 5, 6, 7, 8, 9, 11, 14, 15, 16, 17, 18, 20, 21, 23, 24, 26]",21,False,1.6751407386561296e-05,1.520217162940733e-07,5.53312855675574e-06,50.0
E109,9,9,1,8,305,0.1111111111111111,0.0032679738562091504,0.006349206349206349,raja,S6/S06_20170817_034716_3,all_channel,median,median__all_channel__E109,32,28,"[0, 1, 2, 3, 4, 5, 6, 7, 8, 9, 11, 14, 15, 16, 17, 18, 20, 21, 23, 24, 26]",21,False,1.8765809978929554e-05,1.7953195321290087e-07,6.1954260085722185e-06,50.0
E60,16,16,1,15,305,0.0625,0.0032679738562091504,0.006211180124223602,raja,S6/S06_20170817_034716_3,all_channel,median,median__all_channel__E60,32,28,"[0, 1, 2, 3, 4, 5, 6, 7, 8, 9, 11, 14, 15, 16, 17, 18, 20, 21, 23, 24, 26]",21,False,1.797242979248224e-05,1.6985669090232575e-07,5.934191033859971e-06,50.0
E85,16,16,1,15,305,0.0625,0.0032679738562091504,0.006211180124223602,raja,S6/S06_20170817_034716_3,all_channel,median,median__all_channel__E85,32,28,"[0, 1, 2, 3, 4, 5, 6, 7, 8, 9, 11, 14, 15, 16, 17, 18, 20, 21, 23, 24, 26]",21,False,1.648674301312897e-05,1.912921328826723e-07,5.4318169600820994e-06,50.0
E77,17,17,1,16,305,0.058823529411764705,0.0032679738562091504,0.006191950464396285,raja,S6/S06_20170817_034716_3,all_channel,median,median__all_channel__E77,32,28,"[0, 1, 2, 3, 4, 5, 6, 7, 8, 9, 11, 14, 15, 16, 17, 18, 20, 21, 23, 24, 26]",21,False,1.5281256176182252e-05,2.0229697216865816e-07,5.0263197346711985e-06,50.0
E47,18,18,1,17,305,0.05555555555555555,0.0032679738562091504,0.006172839506172839,raja,S6/S06_20170817_034716_3,all_channel,median,median__all_channel__E47,32,28,"[0, 1, 2, 3, 4, 5, 6, 7, 8, 9, 11, 14, 15, 16, 17, 18, 20, 21, 23, 24, 26]",21,False,1.4231343077613156e-05,1.3366081296185306e-07,4.699227421550434e-06,50.0
E70,33,33,1,32,305,0.030303030303030304,0.0032679738562091504,0.0058997050147492625,raja,S6/S06_20170817_034716_3,all_channel,median,median__all_channel__E70,32,28,"[0, 1, 2, 3, 4, 5, 6, 7, 8, 9, 11, 14, 15, 16, 17, 18, 20, 21, 23, 24, 26]",21,False,1.761571906505169e-05,1.4130318869542035e-07,5.824805292118756e-06,50.0
E37,2,2,0,2,306,0.0,0.0,0.0,raja,S6/S06_20170817_034716_3,all_channel,median,median__all_channel__E37,32,28,"[0, 1, 2, 3, 4, 5, 6, 7, 8, 9, 11, 14, 15, 16, 17, 18, 20, 21, 23, 24, 26]",21,False,1.2769218592308113e-05,7.930710329928735e-08,4.229970496336275e-06,50.0
E87,4,4,0,4,306,0.0,0.0,0.0,raja,S6/S06_20170817_034716_3,all_channel,median,median__all_channel__E87,32,28,"[0, 1, 2, 3, 4, 5, 6, 7, 8, 9, 11, 14, 15, 16, 17, 18, 20, 21, 23, 24, 26]",21,False,1.2998861391398335e-05,7.842459179299258e-08,4.306812266535114e-06,50.0
E28,5,5,0,5,306,0.0,0.0,0.0,raja,S6/S06_20170817_034716_3,all_channel,median,median__all_channel__E28,32,28,"[0, 1, 2, 3, 4, 5, 6, 7, 8, 9, 11, 14, 15, 16, 17, 18, 20, 21, 23, 24, 26]",21,False,1.637784340659876e-05,8.053112538237175e-09,5.456596764686841e-06,50.0
E104,12,12,0,12,306,0.0,0.0,0.0,raja,S6/S06_20170817_034716_3,all_channel,median,median__all_channel__E104,32,28,"[0, 1, 2, 3, 4, 5, 6, 7, 8, 9, 11, 14, 15, 16, 17, 18, 20, 21, 23, 24, 26]",21,False,1.725085478668952e-05,1.3527344427530547e-07,5.705193780804738e-06,50.0
E59,14,14,0,14,306,0.0,0.0,0.0,raja,S6/S06_20170817_034716_3,all_channel,median,median__all_channel__E59,32,28,"[0, 1, 2, 3, 4, 5, 6, 7, 8, 9, 11, 14, 15, 16, 17, 18, 20, 21, 23, 24, 26]",21,False,1.530624257608778e-05,1.7644570672212667e-07,5.043265623121885e-06,50.0
E98,14,14,0,14,306,0.0,0.0,0.0,raja,S6/S06_20170817_034716_3,all_channel,median,median__all_channel__E98,32,28,"[0, 1, 2, 3, 4, 5, 6, 7, 8, 9, 11, 14, 15, 16, 17, 18, 20, 21, 23, 24, 26]",21,False,1.5902495640087056e-05,1.8619702424162458e-07,5.23876620528181e-06,50.0
E91,15,15,0,15,306,0.0,0.0,0.0,raja,S6/S06_20170817_034716_3,all_channel,median,median__all_channel__E91,32,28,"[0, 1, 2, 3, 4, 5, 6, 7, 8, 9, 11, 14, 15, 16, 17, 18, 20, 21, 23, 24, 26]",21,False,1.4679692305382888e-05,2.7803223738569706e-07,4.800553355999064e-06,50.0
E84,18,18,0,18,306,0.0,0.0,0.0,raja,S6/S06_20170817_034716_3,all_channel,median,median__all_channel__E84,32,28,"[0, 1, 2, 3, 4, 5, 6, 7, 8, 9, 11, 14, 15, 16, 17, 18, 20, 21, 23, 24, 26]",21,False,1.6452498759571615e-05,2.180633731842424e-07,5.411478462129123e-06,50.0
E67,27,27,0,27,306,0.0,0.0,0.0,raja,S6/S06_20170817_034716_3,all_channel,median,median__all_channel__E67,32,28,"[0, 1, 2, 3, 4, 5, 6, 7, 8, 9, 11, 14, 15, 16, 17, 18, 20, 21, 23, 24, 26]",21,False,1.9946243125184612e-05,1.7951286572047417e-07,6.588910086488047e-06,50.0
E83,36,36,0,36,306,0.0,0.0,0.0,raja,S6/S06_20170817_034716_3,all_channel,median,median__all_channel__E83,32,28,"[0, 1, 2, 3, 4, 5, 6, 7, 8, 9, 11, 14, 15, 16, 17, 18, 20, 21, 23, 24, 26]",21,False,1.677679827710687e-05,1.3633676151238669e-07,5.546820505198161e-06,50.0
E22,359,359,296,63,10,0.8245125348189415,0.9673202614379085,0.8902255639097744,raja,S6/S06_20170817_034716_3,all_channel,mean,mean__all_channel__E22,32,28,"[0, 1, 2, 3, 4, 5, 6, 7, 8, 9, 11, 14, 15, 16, 17, 18, 20, 21, 23, 24, 26]",21,False,2.4828200429311355e-05,-1.53493967998196e-08,8.28118327537039e-06,50.0
E9,366,366,297,69,9,0.8114754098360656,0.9705882352941176,0.8839285714285714,raja,S6/S06_20170817_034716_3,all_channel,mean,mean__all_channel__E9,32,28,"[0, 1, 2, 3, 4, 5, 6, 7, 8, 9, 11, 14, 15, 16, 17, 18, 20, 21, 23, 24, 26]",21,False,2.717222959338286e-05,-2.142985354808133e-08,9.06455314897698e-06,50.0
E3,314,314,269,45,37,0.856687898089172,0.8790849673202614,0.867741935483871,raja,S6/S06_20170817_034716_3,all_channel,mean,mean__all_channel__E3,32,28,"[0, 1, 2, 3, 4, 5, 6, 7, 8, 9, 11, 14, 15, 16, 17, 18, 20, 21, 23, 24, 26]",21,False,2.277242531920916e-05,-1.5191903548655285e-08,7.595872407585938e-06,50.0
E23,311,311,262,49,44,0.842443729903537,0.8562091503267973,0.8492706645056726,raja,S6/S06_20170817_034716_3,all_channel,mean,mean__all_channel__E23,32,28,"[0, 1, 2, 3, 4, 5, 6, 7, 8, 9, 11, 14, 15, 16, 17, 18, 20, 21, 23, 24, 26]",21,False,1.9383836566363163e-05,-3.4134227046039835e-09,6.46241666302259e-06,50.0
E11,224,224,197,27,109,0.8794642857142857,0.6437908496732027,0.7433962264150944,raja,S6/S06_20170817_034716_3,all_channel,mean,mean__all_channel__E11,32,28,"[0, 1, 2, 3, 4, 5, 6, 7, 8, 9, 11, 14, 15, 16, 17, 18, 20, 21, 23, 24, 26]",21,False,1.846098549045462e-05,8.402682904403985e-11,6.153633821208526e-06,50.0
E124,183,183,159,24,147,0.8688524590163934,0.5196078431372549,0.6503067484662577,raja,S6/S06_20170817_034716_3,all_channel,mean,mean__all_channel__E124,32,28,"[0, 1, 2, 3, 4, 5, 6, 7, 8, 9, 11, 14, 15, 16, 17, 18, 20, 21, 23, 24, 26]",21,False,1.795799920516234e-05,-6.934942484459071e-10,5.986230899803596e-06,50.0
E26,209,209,162,47,144,0.7751196172248804,0.5294117647058824,0.629126213592233,raja,S6/S06_20170817_034716_3,all_channel,mean,mean__all_channel__E26,32,28,"[0, 1, 2, 3, 4, 5, 6, 7, 8, 9, 11, 14, 15, 16, 17, 18, 20, 21, 23, 24, 26]",21,False,2.58988712342136e-05,-1.1454338861696035e-08,8.636775191025098e-06,50.0
E122,62,62,36,26,270,0.5806451612903226,0.11764705882352941,0.19565217391304346,raja,S6/S06_20170817_034716_3,all_channel,mean,mean__all_channel__E122,32,28,"[0, 1, 2, 3, 4, 5, 6, 7, 8, 9, 11, 14, 15, 16, 17, 18, 20, 21, 23, 24, 26]",21,False,2.4519452815466916e-05,-2.91023454544512e-09,8.174121016670787e-06,50.0
E24,102,102,25,77,281,0.24509803921568626,0.08169934640522876,0.12254901960784313,raja,S6/S06_20170817_034716_3,all_channel,mean,mean__all_channel__E24,32,28,"[0, 1, 2, 3, 4, 5, 6, 7, 8, 9, 11, 14, 15, 16, 17, 18, 20, 21, 23, 24, 26]",21,False,2.0686148196934567e-05,1.0611652402216506e-08,6.891845514844116e-06,50.0
E117,20,20,16,4,290,0.8,0.05228758169934641,0.09815950920245399,raja,S6/S06_20170817_034716_3,all_channel,mean,mean__all_channel__E117,32,28,"[0, 1, 2, 3, 4, 5, 6, 7, 8, 9, 11, 14, 15, 16, 17, 18, 20, 21, 23, 24, 26]",21,False,1.650677271732554e-05,2.98115736073561e-09,5.5012638533216025e-06,50.0
E75,116,116,12,104,294,0.10344827586206896,0.0392156862745098,0.05687203791469194,raja,S6/S06_20170817_034716_3,all_channel,mean,mean__all_channel__E75,32,28,"[0, 1, 2, 3, 4, 5, 6, 7, 8, 9, 11, 14, 15, 16, 17, 18, 20, 21, 23, 24, 26]",21,False,1.8931019819064283e-05,1.7350743629594505e-09,6.309761581567108e-06,50.0
E33,46,46,8,38,298,0.17391304347826086,0.026143790849673203,0.045454545454545456,raja,S6/S06_20170817_034716_3,all_channel,mean,mean__all_channel__E33,32,28,"[0, 1, 2, 3, 4, 5, 6, 7, 8, 9, 11, 14, 15, 16, 17, 18, 20, 21, 23, 24, 26]",21,False,2.0475745351141494e-05,-5.639695981059455e-09,6.82712834904085e-06,50.0
E112,9,9,2,7,304,0.2222222222222222,0.006535947712418301,0.012698412698412698,raja,S6/S06_20170817_034716_3,all_channel,mean,mean__all_channel__E112,32,28,"[0, 1, 2, 3, 4, 5, 6, 7, 8, 9, 11, 14, 15, 16, 17, 18, 20, 21, 23, 24, 26]",21,False,1.5769953698632735e-05,7.238947150158663e-09,5.254238250494193e-06,50.0
E40,13,13,2,11,304,0.15384615384615385,0.006535947712418301,0.012539184952978058,raja,S6/S06_20170817_034716_3,all_channel,mean,mean__all_channel__E40,32,28,"[0, 1, 2, 3, 4, 5, 6, 7, 8, 9, 11, 14, 15, 16, 17, 18, 20, 21, 23, 24, 26]",21,False,1.659792420288005e-05,4.291876536973412e-09,5.531210775447692e-06,50.0
E62,13,13,2,11,304,0.15384615384615385,0.006535947712418301,0.012539184952978058,raja,S6/S06_20170817_034716_3,all_channel,mean,mean__all_channel__E62,32,28,"[0, 1, 2, 3, 4, 5, 6, 7, 8, 9, 11, 14, 15, 16, 17, 18, 20, 21, 23, 24, 26]",21,False,1.5274354412143794e-05,5.244863332913266e-09,5.08970318293696e-06,50.0
E13,32,32,2,30,304,0.0625,0.006535947712418301,0.011834319526627219,raja,S6/S06_20170817_034716_3,all_channel,mean,mean__all_channel__E13,32,28,"[0, 1, 2, 3, 4, 5, 6, 7, 8, 9, 11, 14, 15, 16, 17, 18, 20, 21, 23, 24, 26]",21,False,1.660183194927406e-05,2.4462790068403838e-09,5.53312855675574e-06,50.0
E109,9,9,1,8,305,0.1111111111111111,0.0032679738562091504,0.006349206349206349,raja,S6/S06_20170817_034716_3,all_channel,mean,mean__all_channel__E109,32,28,"[0, 1, 2, 3, 4, 5, 6, 7, 8, 9, 11, 14, 15, 16, 17, 18, 20, 21, 23, 24, 26]",21,False,1.8579849747847183e-05,-6.428277869470073e-09,6.1954260085722185e-06,50.0
E60,17,17,1,16,305,0.058823529411764705,0.0032679738562091504,0.006191950464396285,raja,S6/S06_20170817_034716_3,all_channel,mean,mean__all_channel__E60,32,28,"[0, 1, 2, 3, 4, 5, 6, 7, 8, 9, 11, 14, 15, 16, 17, 18, 20, 21, 23, 24, 26]",21,False,1.779893064836577e-05,-3.6424532141466093e-09,5.934191033859971e-06,50.0
E47,18,18,1,17,305,0.05555555555555555,0.0032679738562091504,0.006172839506172839,raja,S6/S06_20170817_034716_3,all_channel,mean,mean__all_channel__E47,32,28,"[0, 1, 2, 3, 4, 5, 6, 7, 8, 9, 11, 14, 15, 16, 17, 18, 20, 21, 23, 24, 26]",21,False,1.4104159592948765e-05,6.477328297461469e-09,4.699227421550434e-06,50.0
E77,18,18,1,17,305,0.05555555555555555,0.0032679738562091504,0.006172839506172839,raja,S6/S06_20170817_034716_3,all_channel,mean,mean__all_channel__E77,32,28,"[0, 1, 2, 3, 4, 5, 6, 7, 8, 9, 11, 14, 15, 16, 17, 18, 20, 21, 23, 24, 26]",21,False,1.5082424424389379e-05,3.465220375784595e-09,5.0263197346711985e-06,50.0
E85,18,18,1,17,305,0.05555555555555555,0.0032679738562091504,0.006172839506172839,raja,S6/S06_20170817_034716_3,all_channel,mean,mean__all_channel__E85,32,28,"[0, 1, 2, 3, 4, 5, 6, 7, 8, 9, 11, 14, 15, 16, 17, 18, 20, 21, 23, 24, 26]",21,False,1.6293206935548607e-05,-2.2439446976912776e-09,5.4318169600820994e-06,50.0
E70,33,33,1,32,305,0.030303030303030304,0.0032679738562091504,0.0058997050147492625,raja,S6/S06_20170817_034716_3,all_channel,mean,mean__all_channel__E70,32,28,"[0, 1, 2, 3, 4, 5, 6, 7, 8, 9, 11, 14, 15, 16, 17, 18, 20, 21, 23, 24, 26]",21,False,1.747908144361462e-05,4.66556725834903e-09,5.824805292118756e-06,50.0
E83,38,38,1,37,305,0.02631578947368421,0.0032679738562091504,0.005813953488372094,raja,S6/S06_20170817_034716_3,all_channel,mean,mean__all_channel__E83,32,28,"[0, 1, 2, 3, 4, 5, 6, 7, 8, 9, 11, 14, 15, 16, 17, 18, 20, 21, 23, 24, 26]",21,False,1.6642271780921554e-05,1.810265327072101e-09,5.546820505198161e-06,50.0
E37,2,2,0,2,306,0.0,0.0,0.0,raja,S6/S06_20170817_034716_3,all_channel,mean,mean__all_channel__E37,32,28,"[0, 1, 2, 3, 4, 5, 6, 7, 8, 9, 11, 14, 15, 16, 17, 18, 20, 21, 23, 24, 26]",21,False,1.2698736714805229e-05,8.825225796402403e-09,4.229970496336275e-06,50.0
E87,4,4,0,4,306,0.0,0.0,0.0,raja,S6/S06_20170817_034716_3,all_channel,mean,mean__all_channel__E87,32,28,"[0, 1, 2, 3, 4, 5, 6, 7, 8, 9, 11, 14, 15, 16, 17, 18, 20, 21, 23, 24, 26]",21,False,1.2923584498536404e-05,3.147698931061477e-09,4.306812266535114e-06,50.0
E28,5,5,0,5,306,0.0,0.0,0.0,raja,S6/S06_20170817_034716_3,all_channel,mean,mean__all_channel__E28,32,28,"[0, 1, 2, 3, 4, 5, 6, 7, 8, 9, 11, 14, 15, 16, 17, 18, 20, 21, 23, 24, 26]",21,False,1.637411302695725e-05,4.3227328967226774e-09,5.456596764686841e-06,50.0
E104,13,13,0,13,306,0.0,0.0,0.0,raja,S6/S06_20170817_034716_3,all_channel,mean,mean__all_channel__E104,32,28,"[0, 1, 2, 3, 4, 5, 6, 7, 8, 9, 11, 14, 15, 16, 17, 18, 20, 21, 23, 24, 26]",21,False,1.7119043399964923e-05,3.4620575507087614e-09,5.705193780804738e-06,50.0
E98,14,14,0,14,306,0.0,0.0,0.0,raja,S6/S06_20170817_034716_3,all_channel,mean,mean__all_channel__E98,32,28,"[0, 1, 2, 3, 4, 5, 6, 7, 8, 9, 11, 14, 15, 16, 17, 18, 20, 21, 23, 24, 26]",21,False,1.571250884996248e-05,-3.789765882950081e-09,5.23876620528181e-06,50.0
E59,16,16,0,16,306,0.0,0.0,0.0,raja,S6/S06_20170817_034716_3,all_channel,mean,mean__all_channel__E59,32,28,"[0, 1, 2, 3, 4, 5, 6, 7, 8, 9, 11, 14, 15, 16, 17, 18, 20, 21, 23, 24, 26]",21,False,1.513743694381729e-05,7.64007445163718e-09,5.043265623121885e-06,50.0
E91,16,16,0,16,306,0.0,0.0,0.0,raja,S6/S06_20170817_034716_3,all_channel,mean,mean__all_channel__E91,32,28,"[0, 1, 2, 3, 4, 5, 6, 7, 8, 9, 11, 14, 15, 16, 17, 18, 20, 21, 23, 24, 26]",21,False,1.4402993083174861e-05,1.3330151776694272e-09,4.800553355999064e-06,50.0
E84,19,19,0,19,306,0.0,0.0,0.0,raja,S6/S06_20170817_034716_3,all_channel,mean,mean__all_channel__E84,32,28,"[0, 1, 2, 3, 4, 5, 6, 7, 8, 9, 11, 14, 15, 16, 17, 18, 20, 21, 23, 24, 26]",21,False,1.6237190237078773e-05,2.7548506914010506e-09,5.411478462129123e-06,50.0
E67,27,27,0,27,306,0.0,0.0,0.0,raja,S6/S06_20170817_034716_3,all_channel,mean,mean__all_channel__E67,32,28,"[0, 1, 2, 3, 4, 5, 6, 7, 8, 9, 11, 14, 15, 16, 17, 18, 20, 21, 23, 24, 26]",21,False,1.976811732483632e-05,1.387065372180831e-09,6.588910086488047e-06,50.0
E22,368,368,297,71,9,0.8070652173913043,0.9705882352941176,0.8813056379821959,raja,S6/S06_20170817_034716_3,frontal,median,median__frontal__E22,6,28,"[0, 1, 2, 3, 4, 5, 6, 7, 8, 9]",10,False,2.4165881227182022e-05,-8.890789577372852e-07,8.351653394973103e-06,50.0
E9,372,372,297,75,9,0.7983870967741935,0.9705882352941176,0.8761061946902654,raja,S6/S06_20170817_034716_3,frontal,median,median__frontal__E9,6,28,"[0, 1, 2, 3, 4, 5, 6, 7, 8, 9]",10,False,2.671645631820536e-05,-9.44289840493373e-07,9.220248719566244e-06,50.0
E3,319,319,272,47,34,0.8526645768025078,0.8888888888888888,0.8704,raja,S6/S06_20170817_034716_3,frontal,median,median__frontal__E3,6,28,"[0, 1, 2, 3, 4, 5, 6, 7, 8, 9]",10,False,2.214301184253785e-05,-5.473842721308652e-07,7.5634653715562384e-06,50.0
E23,316,316,268,48,38,0.8481012658227848,0.8758169934640523,0.8617363344051446,raja,S6/S06_20170817_034716_3,frontal,median,median__frontal__E23,6,28,"[0, 1, 2, 3, 4, 5, 6, 7, 8, 9]",10,False,1.8778104343189022e-05,-4.682375018798219e-07,6.415447281689615e-06,50.0
E124,189,189,166,23,140,0.8783068783068783,0.5424836601307189,0.6707070707070706,raja,S6/S06_20170817_034716_3,frontal,median,median__frontal__E124,6,28,"[0, 1, 2, 3, 4, 5, 6, 7, 8, 9]",10,False,1.7656563895139735e-05,-2.778587263450378e-07,5.9781408738282575e-06,50.0
E24,60,60,12,48,294,0.2,0.0392156862745098,0.06557377049180327,raja,S6/S06_20170817_034716_3,frontal,median,median__frontal__E24,6,28,"[0, 1, 2, 3, 4, 5, 6, 7, 8, 9]",10,False,2.692125979574103e-05,1.8224736908783704e-07,8.913004142217732e-06,50.0
E22,357,357,295,62,11,0.8263305322128851,0.9640522875816994,0.8898944193061841,raja,S6/S06_20170817_034716_3,frontal,mean,mean__frontal__E22,6,28,"[0, 1, 2, 3, 4, 5, 6, 7, 8, 9]",10,False,2.5023970742109276e-05,-3.098944281003179e-08,8.351653394973103e-06,50.0
E9,363,363,297,66,9,0.8181818181818182,0.9705882352941176,0.8878923766816144,raja,S6/S06_20170817_034716_3,frontal,mean,mean__frontal__E9,6,28,"[0, 1, 2, 3, 4, 5, 6, 7, 8, 9]",10,False,2.761321967228675e-05,-4.7526486411981825e-08,9.220248719566244e-06,50.0
E3,314,314,269,45,37,0.856687898089172,0.8790849673202614,0.867741935483871,raja,S6/S06_20170817_034716_3,frontal,mean,mean__frontal__E3,6,28,"[0, 1, 2, 3, 4, 5, 6, 7, 8, 9]",10,False,2.2663310450226832e-05,-2.7085664441885373e-08,7.5634653715562384e-06,50.0
E23,313,313,265,48,41,0.8466453674121406,0.8660130718954249,0.8562197092084007,raja,S6/S06_20170817_034716_3,frontal,mean,mean__frontal__E23,6,28,"[0, 1, 2, 3, 4, 5, 6, 7, 8, 9]",10,False,1.924338855989475e-05,-2.9532851740936826e-09,6.415447281689615e-06,50.0
E124,184,184,160,24,146,0.8695652173913043,0.5228758169934641,0.653061224489796,raja,S6/S06_20170817_034716_3,frontal,mean,mean__frontal__E124,6,28,"[0, 1, 2, 3, 4, 5, 6, 7, 8, 9]",10,False,1.7931843671320937e-05,-2.5789501638354938e-09,5.9781408738282575e-06,50.0
E24,62,62,12,50,294,0.1935483870967742,0.0392156862745098,0.06521739130434782,raja,S6/S06_20170817_034716_3,frontal,mean,mean__frontal__E24,6,28,"[0, 1, 2, 3, 4, 5, 6, 7, 8, 9]",10,False,2.6768778171773288e-05,2.9765745120093213e-08,8.913004142217732e-06,50.0
E22,368,368,297,71,9,0.8070652173913043,0.9705882352941176,0.8813056379821959,raja,S6/S06_20170817_034716_3,frontal_left,median,median__frontal_left__E22,3,28,"[0, 1, 2, 3, 4, 5, 6, 7, 8, 9]",10,False,2.4165881227182022e-05,-8.890789577372852e-07,8.351653394973103e-06,50.0
E23,316,316,268,48,38,0.8481012658227848,0.8758169934640523,0.8617363344051446,raja,S6/S06_20170817_034716_3,frontal_left,median,median__frontal_left__E23,3,28,"[0, 1, 2, 3, 4, 5, 6, 7, 8, 9]",10,False,1.8778104343189022e-05,-4.682375018798219e-07,6.415447281689615e-06,50.0
E24,60,60,12,48,294,0.2,0.0392156862745098,0.06557377049180327,raja,S6/S06_20170817_034716_3,frontal_left,median,median__frontal_left__E24,3,28,"[0, 1, 2, 3, 4, 5, 6, 7, 8, 9]",10,False,2.692125979574103e-05,1.8224736908783704e-07,8.913004142217732e-06,50.0
E22,357,357,295,62,11,0.8263305322128851,0.9640522875816994,0.8898944193061841,raja,S6/S06_20170817_034716_3,frontal_left,mean,mean__frontal_left__E22,3,28,"[0, 1, 2, 3, 4, 5, 6, 7, 8, 9]",10,False,2.5023970742109276e-05,-3.098944281003179e-08,8.351653394973103e-06,50.0
E23,313,313,265,48,41,0.8466453674121406,0.8660130718954249,0.8562197092084007,raja,S6/S06_20170817_034716_3,frontal_left,mean,mean__frontal_left__E23,3,28,"[0, 1, 2, 3, 4, 5, 6, 7, 8, 9]",10,False,1.924338855989475e-05,-2.9532851740936826e-09,6.415447281689615e-06,50.0
E24,62,62,12,50,294,0.1935483870967742,0.0392156862745098,0.06521739130434782,raja,S6/S06_20170817_034716_3,frontal_left,mean,mean__frontal_left__E24,3,28,"[0, 1, 2, 3, 4, 5, 6, 7, 8, 9]",10,False,2.6768778171773288e-05,2.9765745120093213e-08,8.913004142217732e-06,50.0
E3,322,322,275,47,31,0.8540372670807453,0.8986928104575164,0.8757961783439491,raja,S6/S06_20170817_034716_3,frontal_right,median,median__frontal_right__E3,3,28,[],0,True,2.1746808564135874e-05,-5.122575582021596e-07,7.419688707446011e-06,50.0
E9,382,382,298,84,8,0.7801047120418848,0.9738562091503268,0.8662790697674418,raja,S6/S06_20170817_034716_3,frontal_right,median,median__frontal_right__E9,3,28,[],0,True,2.579548868387923e-05,-9.084780873972419e-07,8.901322257092158e-06,50.0
E124,197,197,174,23,132,0.883248730964467,0.5686274509803921,0.6918489065606362,raja,S6/S06_20170817_034716_3,frontal_right,median,median__frontal_right__E124,3,28,[],0,True,1.7338924949951845e-05,-2.461045634315581e-07,5.861676504461135e-06,50.0
E9,372,372,297,75,9,0.7983870967741935,0.9705882352941176,0.8761061946902654,raja,S6/S06_20170817_034716_3,frontal_right,mean,mean__frontal_right__E9,3,28,[],0,True,2.6687133149109408e-05,-1.6833622167064264e-08,8.901322257092158e-06,50.0
E3,316,316,270,46,36,0.8544303797468354,0.8823529411764706,0.8681672025723473,raja,S6/S06_20170817_034716_3,frontal_right,mean,mean__frontal_right__E3,3,28,[],0,True,2.224786306181283e-05,-1.1203060525206892e-08,7.419688707446011e-06,50.0
E124,192,192,170,22,136,0.8854166666666666,0.5555555555555556,0.6827309236947791,raja,S6/S06_20170817_034716_3,frontal_right,mean,mean__frontal_right__E124,3,28,[],0,True,1.7582667303817962e-05,-2.362209565443921e-09,5.861676504461135e-06,50.0
E22,366,366,294,72,12,0.8032786885245902,0.9607843137254902,0.8750000000000001,raja,S6/S06_20170817_034716_3,all_channel,median,median__all_channel__E22,32,23,"[0, 1, 2, 3, 4, 5, 6, 7, 8, 9, 13, 14, 15, 18, 19, 20, 22]",17,False,2.382441476102985e-05,-8.977970220455525e-07,8.240737261025134e-06,60.0
E3,316,316,272,44,34,0.8607594936708861,0.8888888888888888,0.8745980707395498,raja,S6/S06_20170817_034716_3,all_channel,median,median__all_channel__E3,32,23,"[0, 1, 2, 3, 4, 5, 6, 7, 8, 9, 13, 14, 15, 18, 19, 20, 22]",17,False,2.219357971798588e-05,-5.571668641138859e-07,7.583582194033256e-06,60.0
E9,371,371,294,77,12,0.7924528301886793,0.9607843137254902,0.8685376661742984,raja,S6/S06_20170817_034716_3,all_channel,median,median__all_channel__E9,32,23,"[0, 1, 2, 3, 4, 5, 6, 7, 8, 9, 13, 14, 15, 18, 19, 20, 22]",17,False,2.630094499703586e-05,-9.988456990534304e-07,9.099930232029762e-06,60.0
E23,314,314,265,49,41,0.8439490445859873,0.8660130718954249,0.8548387096774194,raja,S6/S06_20170817_034716_3,all_channel,median,median__all_channel__E23,32,23,"[0, 1, 2, 3, 4, 5, 6, 7, 8, 9, 13, 14, 15, 18, 19, 20, 22]",17,False,1.8861172225866904e-05,-4.5531103520073073e-07,6.438827753689211e-06,60.0
E11,236,236,205,31,101,0.8686440677966102,0.6699346405228758,0.7564575645756458,raja,S6/S06_20170817_034716_3,all_channel,median,median__all_channel__E11,32,23,"[0, 1, 2, 3, 4, 5, 6, 7, 8, 9, 13, 14, 15, 18, 19, 20, 22]",17,False,1.8037254533154872e-05,-3.6157168866331495e-07,6.132942073939396e-06,60.0
E124,190,190,170,20,136,0.8947368421052632,0.5555555555555556,0.685483870967742,raja,S6/S06_20170817_034716_3,all_channel,median,median__all_channel__E124,32,23,"[0, 1, 2, 3, 4, 5, 6, 7, 8, 9, 13, 14, 15, 18, 19, 20, 22]",17,False,1.7549672728722874e-05,-2.777427300242568e-07,5.942471819582377e-06,60.0
E26,224,224,169,55,137,0.7544642857142857,0.5522875816993464,0.6377358490566037,raja,S6/S06_20170817_034716_3,all_channel,median,median__all_channel__E26,32,23,"[0, 1, 2, 3, 4, 5, 6, 7, 8, 9, 13, 14, 15, 18, 19, 20, 22]",17,False,2.5433816012084674e-05,-2.9702534628890204e-07,8.576947119457859e-06,60.0
E122,63,63,36,27,270,0.5714285714285714,0.11764705882352941,0.1951219512195122,raja,S6/S06_20170817_034716_3,all_channel,median,median__all_channel__E122,32,23,"[0, 1, 2, 3, 4, 5, 6, 7, 8, 9, 13, 14, 15, 18, 19, 20, 22]",17,False,2.4635824699180864e-05,1.2393198991761177e-07,8.170630903087751e-06,60.0
E24,99,99,24,75,282,0.24242424242424243,0.0784313725490196,0.11851851851851852,raja,S6/S06_20170817_034716_3,all_channel,median,median__all_channel__E24,32,23,"[0, 1, 2, 3, 4, 5, 6, 7, 8, 9, 13, 14, 15, 18, 19, 20, 22]",17,False,2.079942682862844e-05,-1.3724393377267762e-08,6.937717074001903e-06,60.0
E117,22,22,18,4,288,0.8181818181818182,0.058823529411764705,0.10975609756097561,raja,S6/S06_20170817_034716_3,all_channel,median,median__all_channel__E117,32,23,"[0, 1, 2, 3, 4, 5, 6, 7, 8, 9, 13, 14, 15, 18, 19, 20, 22]",17,False,1.631408431828711e-05,-9.227642125045929e-09,5.441103986804052e-06,60.0
E75,116,116,12,104,294,0.10344827586206896,0.0392156862745098,0.05687203791469194,raja,S6/S06_20170817_034716_3,all_channel,median,median__all_channel__E75,32,23,"[0, 1, 2, 3, 4, 5, 6, 7, 8, 9, 13, 14, 15, 18, 19, 20, 22]",17,False,1.8600647183431315e-05,5.9029001264773045e-08,6.1805393940555145e-06,60.0
E33,46,46,8,38,298,0.17391304347826086,0.026143790849673203,0.045454545454545456,raja,S6/S06_20170817_034716_3,all_channel,median,median__all_channel__E33,32,23,"[0, 1, 2, 3, 4, 5, 6, 7, 8, 9, 13, 14, 15, 18, 19, 20, 22]",17,False,2.0548943376410546e-05,3.199583131339005e-08,6.838982515032385e-06,60.0
E112,9,9,2,7,304,0.2222222222222222,0.006535947712418301,0.012698412698412698,raja,S6/S06_20170817_034716_3,all_channel,median,median__all_channel__E112,32,23,"[0, 1, 2, 3, 4, 5, 6, 7, 8, 9, 13, 14, 15, 18, 19, 20, 22]",17,False,1.5826768662238498e-05,6.870977400950388e-08,5.252686296076331e-06,60.0
E40,12,12,2,10,304,0.16666666666666666,0.006535947712418301,0.012578616352201257,raja,S6/S06_20170817_034716_3,all_channel,median,median__all_channel__E40,32,23,"[0, 1, 2, 3, 4, 5, 6, 7, 8, 9, 13, 14, 15, 18, 19, 20, 22]",17,False,1.6661722148651735e-05,1.1961227456712555e-07,5.514036624694869e-06,60.0
E62,13,13,2,11,304,0.15384615384615385,0.006535947712418301,0.012539184952978058,raja,S6/S06_20170817_034716_3,all_channel,median,median__all_channel__E62,32,23,"[0, 1, 2, 3, 4, 5, 6, 7, 8, 9, 13, 14, 15, 18, 19, 20, 22]",17,False,1.5377634982665077e-05,1.5955675852315267e-07,5.072692741380642e-06,60.0
E13,33,33,2,31,304,0.06060606060606061,0.006535947712418301,0.011799410029498525,raja,S6/S06_20170817_034716_3,all_channel,median,median__all_channel__E13,32,23,"[0, 1, 2, 3, 4, 5, 6, 7, 8, 9, 13, 14, 15, 18, 19, 20, 22]",17,False,1.6604207206551774e-05,1.400460536567592e-07,5.488053717631672e-06,60.0
E109,8,8,1,7,305,0.125,0.0032679738562091504,0.006369426751592358,raja,S6/S06_20170817_034716_3,all_channel,median,median__all_channel__E109,32,23,"[0, 1, 2, 3, 4, 5, 6, 7, 8, 9, 13, 14, 15, 18, 19, 20, 22]",17,False,1.8605367175427062e-05,1.745013174783933e-07,6.1436219526495565e-06,60.0
E47,17,17,1,16,305,0.058823529411764705,0.0032679738562091504,0.006191950464396285,raja,S6/S06_20170817_034716_3,all_channel,median,median__all_channel__E47,32,23,"[0, 1, 2, 3, 4, 5, 6, 7, 8, 9, 13, 14, 15, 18, 19, 20, 22]",17,False,1.4401580566966441e-05,1.3872030932415572e-07,4.754286752547429e-06,60.0
E60,17,17,1,16,305,0.058823529411764705,0.0032679738562091504,0.006191950464396285,raja,S6/S06_20170817_034716_3,all_channel,median,median__all_channel__E60,32,23,"[0, 1, 2, 3, 4, 5, 6, 7, 8, 9, 13, 14, 15, 18, 19, 20, 22]",17,False,1.7843419969936067e-05,1.846483007816577e-07,5.88625722305147e-06,60.0
E77,18,18,1,17,305,0.05555555555555555,0.0032679738562091504,0.006172839506172839,raja,S6/S06_20170817_034716_3,all_channel,median,median__all_channel__E77,32,23,"[0, 1, 2, 3, 4, 5, 6, 7, 8, 9, 13, 14, 15, 18, 19, 20, 22]",17,False,1.5209231666003131e-05,2.119114238307966e-07,4.999106747390778e-06,60.0
E85,18,18,1,17,305,0.05555555555555555,0.0032679738562091504,0.006172839506172839,raja,S6/S06_20170817_034716_3,all_channel,median,median__all_channel__E85,32,23,"[0, 1, 2, 3, 4, 5, 6, 7, 8, 9, 13, 14, 15, 18, 19, 20, 22]",17,False,1.638411782039291e-05,1.8162396697107546e-07,5.400831284473944e-06,60.0
E70,33,33,1,32,305,0.030303030303030304,0.0032679738562091504,0.0058997050147492625,raja,S6/S06_20170817_034716_3,all_channel,median,median__all_channel__E70,32,23,"[0, 1, 2, 3, 4, 5, 6, 7, 8, 9, 13, 14, 15, 18, 19, 20, 22]",17,False,1.7578036401260695e-05,1.5629545333338413e-07,5.807246982642437e-06,60.0
E37,3,3,0,3,306,0.0,0.0,0.0,raja,S6/S06_20170817_034716_3,all_channel,median,median__all_channel__E37,32,23,"[0, 1, 2, 3, 4, 5, 6, 7, 8, 9, 13, 14, 15, 18, 19, 20, 22]",17,False,1.275024404746378e-05,6.595821524708732e-08,4.228095277405564e-06,60.0
E87,4,4,0,4,306,0.0,0.0,0.0,raja,S6/S06_20170817_034716_3,all_channel,median,median__all_channel__E87,32,23,"[0, 1, 2, 3, 4, 5, 6, 7, 8, 9, 13, 14, 15, 18, 19, 20, 22]",17,False,1.3040390216277363e-05,8.877236962270184e-08,4.317205948884888e-06,60.0
E28,7,7,0,7,306,0.0,0.0,0.0,raja,S6/S06_20170817_034716_3,all_channel,median,median__all_channel__E28,32,23,"[0, 1, 2, 3, 4, 5, 6, 7, 8, 9, 13, 14, 15, 18, 19, 20, 22]",17,False,1.6404234598791525e-05,1.559834476987427e-08,5.46287875134055e-06,60.0
E104,13,13,0,13,306,0.0,0.0,0.0,raja,S6/S06_20170817_034716_3,all_channel,median,median__all_channel__E104,32,23,"[0, 1, 2, 3, 4, 5, 6, 7, 8, 9, 13, 14, 15, 18, 19, 20, 22]",17,False,1.726315900285611e-05,1.3537451241712406e-07,5.7092614968129956e-06,60.0
E98,13,13,0,13,306,0.0,0.0,0.0,raja,S6/S06_20170817_034716_3,all_channel,median,median__all_channel__E98,32,23,"[0, 1, 2, 3, 4, 5, 6, 7, 8, 9, 13, 14, 15, 18, 19, 20, 22]",17,False,1.5923823093896334e-05,1.8287753383831243e-07,5.246981853352674e-06,60.0
E91,16,16,0,16,306,0.0,0.0,0.0,raja,S6/S06_20170817_034716_3,all_channel,median,median__all_channel__E91,32,23,"[0, 1, 2, 3, 4, 5, 6, 7, 8, 9, 13, 14, 15, 18, 19, 20, 22]",17,False,1.4551353395935057e-05,2.844513873477183e-07,4.7556340028624466e-06,60.0
E59,17,17,0,17,306,0.0,0.0,0.0,raja,S6/S06_20170817_034716_3,all_channel,median,median__all_channel__E59,32,23,"[0, 1, 2, 3, 4, 5, 6, 7, 8, 9, 13, 14, 15, 18, 19, 20, 22]",17,False,1.5221695655231381e-05,1.7649742509759662e-07,5.015066076711261e-06,60.0
E84,19,19,0,19,306,0.0,0.0,0.0,raja,S6/S06_20170817_034716_3,all_channel,median,median__all_channel__E84,32,23,"[0, 1, 2, 3, 4, 5, 6, 7, 8, 9, 13, 14, 15, 18, 19, 20, 22]",17,False,1.625784551809625e-05,2.135301532852808e-07,5.348105121603656e-06,60.0
E67,23,23,0,23,306,0.0,0.0,0.0,raja,S6/S06_20170817_034716_3,all_channel,median,median__all_channel__E67,32,23,"[0, 1, 2, 3, 4, 5, 6, 7, 8, 9, 13, 14, 15, 18, 19, 20, 22]",17,False,2.0114066822118254e-05,1.7425335781212756e-07,6.6466044881020414e-06,60.0
E83,38,38,0,38,306,0.0,0.0,0.0,raja,S6/S06_20170817_034716_3,all_channel,median,median__all_channel__E83,32,23,"[0, 1, 2, 3, 4, 5, 6, 7, 8, 9, 13, 14, 15, 18, 19, 20, 22]",17,False,1.669163832215106e-05,1.6404952623310274e-07,5.509196265305986e-06,60.0
E22,358,358,293,65,13,0.8184357541899442,0.9575163398692811,0.8825301204819277,raja,S6/S06_20170817_034716_3,all_channel,mean,mean__all_channel__E22,32,23,"[0, 1, 2, 3, 4, 5, 6, 7, 8, 9, 13, 14, 15, 18, 19, 20, 22]",17,False,2.470526846687036e-05,-1.6943316205044806e-08,8.240737261025134e-06,60.0
E9,365,365,294,71,12,0.8054794520547945,0.9607843137254902,0.8763040238450075,raja,S6/S06_20170817_034716_3,all_channel,mean,mean__all_channel__E9,32,23,"[0, 1, 2, 3, 4, 5, 6, 7, 8, 9, 13, 14, 15, 18, 19, 20, 22]",17,False,2.7269209030921925e-05,-3.058166516736376e-08,9.099930232029762e-06,60.0
E3,313,313,269,44,37,0.8594249201277955,0.8790849673202614,0.8691437802907915,raja,S6/S06_20170817_034716_3,all_channel,mean,mean__all_channel__E3,32,23,"[0, 1, 2, 3, 4, 5, 6, 7, 8, 9, 13, 14, 15, 18, 19, 20, 22]",17,False,2.2738388056251746e-05,-1.2358525848022764e-08,7.583582194033256e-06,60.0
E23,311,311,263,48,43,0.8456591639871383,0.8594771241830066,0.8525121555915721,raja,S6/S06_20170817_034716_3,all_channel,mean,mean__all_channel__E23,32,23,"[0, 1, 2, 3, 4, 5, 6, 7, 8, 9, 13, 14, 15, 18, 19, 20, 22]",17,False,1.931263501961711e-05,-3.848241450523911e-09,6.438827753689211e-06,60.0
E11,226,226,199,27,107,0.8805309734513275,0.6503267973856209,0.7481203007518797,raja,S6/S06_20170817_034716_3,all_channel,mean,mean__all_channel__E11,32,23,"[0, 1, 2, 3, 4, 5, 6, 7, 8, 9, 13, 14, 15, 18, 19, 20, 22]",17,False,1.8397528289830363e-05,-1.297931987826377e-09,6.132942073939396e-06,60.0
E124,182,182,161,21,145,0.8846153846153846,0.5261437908496732,0.6598360655737706,raja,S6/S06_20170817_034716_3,all_channel,mean,mean__all_channel__E124,32,23,"[0, 1, 2, 3, 4, 5, 6, 7, 8, 9, 13, 14, 15, 18, 19, 20, 22]",17,False,1.782414855705248e-05,-3.2669016946492226e-09,5.942471819582377e-06,60.0
E26,216,216,165,51,141,0.7638888888888888,0.5392156862745098,0.632183908045977,raja,S6/S06_20170817_034716_3,all_channel,mean,mean__all_channel__E26,32,23,"[0, 1, 2, 3, 4, 5, 6, 7, 8, 9, 13, 14, 15, 18, 19, 20, 22]",17,False,2.5729445856010142e-05,-1.3955023634325602e-09,8.576947119457859e-06,60.0
E122,63,63,36,27,270,0.5714285714285714,0.11764705882352941,0.1951219512195122,raja,S6/S06_20170817_034716_3,all_channel,mean,mean__all_channel__E122,32,23,"[0, 1, 2, 3, 4, 5, 6, 7, 8, 9, 13, 14, 15, 18, 19, 20, 22]",17,False,2.4503454296656343e-05,-8.438412606908383e-09,8.170630903087751e-06,60.0
E24,99,99,24,75,282,0.24242424242424243,0.0784313725490196,0.11851851851851852,raja,S6/S06_20170817_034716_3,all_channel,mean,mean__all_channel__E24,32,23,"[0, 1, 2, 3, 4, 5, 6, 7, 8, 9, 13, 14, 15, 18, 19, 20, 22]",17,False,2.0819850105228577e-05,6.698883222869827e-09,6.937717074001903e-06,60.0
E117,22,22,18,4,288,0.8181818181818182,0.058823529411764705,0.10975609756097561,raja,S6/S06_20170817_034716_3,all_channel,mean,mean__all_channel__E117,32,23,"[0, 1, 2, 3, 4, 5, 6, 7, 8, 9, 13, 14, 15, 18, 19, 20, 22]",17,False,1.6326986918541488e-05,3.6749581293316716e-09,5.441103986804052e-06,60.0
E75,116,116,12,104,294,0.10344827586206896,0.0392156862745098,0.05687203791469194,raja,S6/S06_20170817_034716_3,all_channel,mean,mean__all_channel__E75,32,23,"[0, 1, 2, 3, 4, 5, 6, 7, 8, 9, 13, 14, 15, 18, 19, 20, 22]",17,False,1.8548180643240573e-05,6.562461074030722e-09,6.1805393940555145e-06,60.0
E33,47,47,8,39,298,0.1702127659574468,0.026143790849673203,0.0453257790368272,raja,S6/S06_20170817_034716_3,all_channel,mean,mean__all_channel__E33,32,23,"[0, 1, 2, 3, 4, 5, 6, 7, 8, 9, 13, 14, 15, 18, 19, 20, 22]",17,False,2.0513986881899414e-05,-2.960663197740222e-09,6.838982515032385e-06,60.0
E112,9,9,2,7,304,0.2222222222222222,0.006535947712418301,0.012698412698412698,raja,S6/S06_20170817_034716_3,all_channel,mean,mean__all_channel__E112,32,23,"[0, 1, 2, 3, 4, 5, 6, 7, 8, 9, 13, 14, 15, 18, 19, 20, 22]",17,False,1.5763167787942795e-05,5.108899713802223e-09,5.252686296076331e-06,60.0
E40,13,13,2,11,304,0.15384615384615385,0.006535947712418301,0.012539184952978058,raja,S6/S06_20170817_034716_3,all_channel,mean,mean__all_channel__E40,32,23,"[0, 1, 2, 3, 4, 5, 6, 7, 8, 9, 13, 14, 15, 18, 19, 20, 22]",17,False,1.65459610478147e-05,3.8511737300917884e-09,5.514036624694869e-06,60.0
E62,13,13,2,11,304,0.15384615384615385,0.006535947712418301,0.012539184952978058,raja,S6/S06_20170817_034716_3,all_channel,mean,mean__all_channel__E62,32,23,"[0, 1, 2, 3, 4, 5, 6, 7, 8, 9, 13, 14, 15, 18, 19, 20, 22]",17,False,1.5226633950714045e-05,8.555726572120458e-09,5.072692741380642e-06,60.0
E13,35,35,2,33,304,0.05714285714285714,0.006535947712418301,0.011730205278592375,raja,S6/S06_20170817_034716_3,all_channel,mean,mean__all_channel__E13,32,23,"[0, 1, 2, 3, 4, 5, 6, 7, 8, 9, 13, 14, 15, 18, 19, 20, 22]",17,False,1.646725891962494e-05,3.097766729925414e-09,5.488053717631672e-06,60.0
E109,8,8,1,7,305,0.125,0.0032679738562091504,0.006369426751592358,raja,S6/S06_20170817_034716_3,all_channel,mean,mean__all_channel__E109,32,23,"[0, 1, 2, 3, 4, 5, 6, 7, 8, 9, 13, 14, 15, 18, 19, 20, 22]",17,False,1.8431688072381997e-05,8.222144333280714e-10,6.1436219526495565e-06,60.0
E60,17,17,1,16,305,0.058823529411764705,0.0032679738562091504,0.006191950464396285,raja,S6/S06_20170817_034716_3,all_channel,mean,mean__all_channel__E60,32,23,"[0, 1, 2, 3, 4, 5, 6, 7, 8, 9, 13, 14, 15, 18, 19, 20, 22]",17,False,1.766502277924381e-05,6.251110089400052e-09,5.88625722305147e-06,60.0
E47,18,18,1,17,305,0.05555555555555555,0.0032679738562091504,0.006172839506172839,raja,S6/S06_20170817_034716_3,all_channel,mean,mean__all_channel__E47,32,23,"[0, 1, 2, 3, 4, 5, 6, 7, 8, 9, 13, 14, 15, 18, 19, 20, 22]",17,False,1.4272878230499064e-05,1.0017972856780022e-08,4.754286752547429e-06,60.0
E77,18,18,1,17,305,0.05555555555555555,0.0032679738562091504,0.006172839506172839,raja,S6/S06_20170817_034716_3,all_channel,mean,mean__all_channel__E77,32,23,"[0, 1, 2, 3, 4, 5, 6, 7, 8, 9, 13, 14, 15, 18, 19, 20, 22]",17,False,1.5006407638478504e-05,9.087396306168922e-09,4.999106747390778e-06,60.0
E85,19,19,1,18,305,0.05263157894736842,0.0032679738562091504,0.006153846153846154,raja,S6/S06_20170817_034716_3,all_channel,mean,mean__all_channel__E85,32,23,"[0, 1, 2, 3, 4, 5, 6, 7, 8, 9, 13, 14, 15, 18, 19, 20, 22]",17,False,1.6211962834248234e-05,9.468980826400324e-09,5.400831284473944e-06,60.0
E70,33,33,1,32,305,0.030303030303030304,0.0032679738562091504,0.0058997050147492625,raja,S6/S06_20170817_034716_3,all_channel,mean,mean__all_channel__E70,32,23,"[0, 1, 2, 3, 4, 5, 6, 7, 8, 9, 13, 14, 15, 18, 19, 20, 22]",17,False,1.742693293665343e-05,5.191988726118994e-09,5.807246982642437e-06,60.0
E37,3,3,0,3,306,0.0,0.0,0.0,raja,S6/S06_20170817_034716_3,all_channel,mean,mean__all_channel__E37,32,23,"[0, 1, 2, 3, 4, 5, 6, 7, 8, 9, 13, 14, 15, 18, 19, 20, 22]",17,False,1.2689999362961966e-05,5.71353074527309e-09,4.228095277405564e-06,60.0
E87,4,4,0,4,306,0.0,0.0,0.0,raja,S6/S06_20170817_034716_3,all_channel,mean,mean__all_channel__E87,32,23,"[0, 1, 2, 3, 4, 5, 6, 7, 8, 9, 13, 14, 15, 18, 19, 20, 22]",17,False,1.2964035469088336e-05,1.2417622433674514e-08,4.317205948884888e-06,60.0
E28,7,7,0,7,306,0.0,0.0,0.0,raja,S6/S06_20170817_034716_3,all_channel,mean,mean__all_channel__E28,32,23,"[0, 1, 2, 3, 4, 5, 6, 7, 8, 9, 13, 14, 15, 18, 19, 20, 22]",17,False,1.639262582136602e-05,3.989567344371535e-09,5.46287875134055e-06,60.0
E104,14,14,0,14,306,0.0,0.0,0.0,raja,S6/S06_20170817_034716_3,all_channel,mean,mean__all_channel__E104,32,23,"[0, 1, 2, 3, 4, 5, 6, 7, 8, 9, 13, 14, 15, 18, 19, 20, 22]",17,False,1.7139039967741217e-05,1.1255477302229697e-08,5.7092614968129956e-06,60.0
E98,14,14,0,14,306,0.0,0.0,0.0,raja,S6/S06_20170817_034716_3,all_channel,mean,mean__all_channel__E98,32,23,"[0, 1, 2, 3, 4, 5, 6, 7, 8, 9, 13, 14, 15, 18, 19, 20, 22]",17,False,1.5745267505636155e-05,4.321945578132422e-09,5.246981853352674e-06,60.0
E59,17,17,0,17,306,0.0,0.0,0.0,raja,S6/S06_20170817_034716_3,all_channel,mean,mean__all_channel__E59,32,23,"[0, 1, 2, 3, 4, 5, 6, 7, 8, 9, 13, 14, 15, 18, 19, 20, 22]",17,False,1.504874019239126e-05,3.5419622574768714e-09,5.015066076711261e-06,60.0
E91,17,17,0,17,306,0.0,0.0,0.0,raja,S6/S06_20170817_034716_3,all_channel,mean,mean__all_channel__E91,32,23,"[0, 1, 2, 3, 4, 5, 6, 7, 8, 9, 13, 14, 15, 18, 19, 20, 22]",17,False,1.4277510101955497e-05,1.0608093368156913e-08,4.7556340028624466e-06,60.0
E84,23,23,0,23,306,0.0,0.0,0.0,raja,S6/S06_20170817_034716_3,all_channel,mean,mean__all_channel__E84,32,23,"[0, 1, 2, 3, 4, 5, 6, 7, 8, 9, 13, 14, 15, 18, 19, 20, 22]",17,False,1.6052771201108902e-05,8.455836297936115e-09,5.348105121603656e-06,60.0
E67,24,24,0,24,306,0.0,0.0,0.0,raja,S6/S06_20170817_034716_3,all_channel,mean,mean__all_channel__E67,32,23,"[0, 1, 2, 3, 4, 5, 6, 7, 8, 9, 13, 14, 15, 18, 19, 20, 22]",17,False,1.9949526366797152e-05,9.712902491026734e-09,6.6466044881020414e-06,60.0
E83,39,39,0,39,306,0.0,0.0,0.0,raja,S6/S06_20170817_034716_3,all_channel,mean,mean__all_channel__E83,32,23,"[0, 1, 2, 3, 4, 5, 6, 7, 8, 9, 13, 14, 15, 18, 19, 20, 22]",17,False,1.6534850602741794e-05,7.261806823837919e-09,5.509196265305986e-06,60.0
E22,360,360,294,66,12,0.8166666666666667,0.9607843137254902,0.882882882882883,raja,S6/S06_20170817_034716_3,frontal,median,median__frontal__E22,6,23,"[0, 1, 2, 3, 4, 5, 7]",7,False,2.4495063295908803e-05,-9.093223147366397e-07,8.468128536881814e-06,60.0
E9,365,365,294,71,12,0.8054794520547945,0.9607843137254902,0.8763040238450075,raja,S6/S06_20170817_034716_3,frontal,median,median__frontal__E9,6,23,"[0, 1, 2, 3, 4, 5, 7]",7,False,2.7142132826705135e-05,-9.444360422660953e-07,9.36218962299041e-06,60.0
E3,320,320,274,46,32,0.85625,0.8954248366013072,0.875399361022364,raja,S6/S06_20170817_034716_3,frontal,median,median__frontal__E3,6,23,"[0, 1, 2, 3, 4, 5, 7]",7,False,2.1816698547915055e-05,-5.585498418848791e-07,7.458416129933312e-06,60.0
E23,314,314,265,49,41,0.8439490445859873,0.8660130718954249,0.8548387096774194,raja,S6/S06_20170817_034716_3,frontal,median,median__frontal__E23,6,23,"[0, 1, 2, 3, 4, 5, 7]",7,False,1.886015187254198e-05,-4.7014691389222537e-07,6.4434329288114025e-06,60.0
E124,188,188,168,20,138,0.8936170212765957,0.5490196078431373,0.6801619433198381,raja,S6/S06_20170817_034716_3,frontal,median,median__frontal__E124,6,23,"[0, 1, 2, 3, 4, 5, 7]",7,False,1.760849061081166e-05,-2.731302740910171e-07,5.960540294967559e-06,60.0
E24,54,54,11,43,295,0.2037037037037037,0.03594771241830065,0.0611111111111111,raja,S6/S06_20170817_034716_3,frontal,median,median__frontal__E24,6,23,"[0, 1, 2, 3, 4, 5, 7]",7,False,2.8145636055942042e-05,1.7347092754480842e-07,9.324055042799079e-06,60.0
E22,352,352,292,60,14,0.8295454545454546,0.954248366013072,0.8875379939209727,raja,S6/S06_20170817_034716_3,frontal,mean,mean__frontal__E22,6,23,"[0, 1, 2, 3, 4, 5, 7]",7,False,2.5347737672827776e-05,-5.664793781766535e-08,8.468128536881814e-06,60.0
E9,357,357,293,64,13,0.8207282913165266,0.9575163398692811,0.8838612368024134,raja,S6/S06_20170817_034716_3,frontal,mean,mean__frontal__E9,6,23,"[0, 1, 2, 3, 4, 5, 7]",7,False,2.8022334935492404e-05,-6.423393347882866e-08,9.36218962299041e-06,60.0
E3,315,315,270,45,36,0.8571428571428571,0.8823529411764706,0.8695652173913043,raja,S6/S06_20170817_034716_3,frontal,mean,mean__frontal__E3,6,23,"[0, 1, 2, 3, 4, 5, 7]",7,False,2.234332833804651e-05,-3.192005175342489e-08,7.458416129933312e-06,60.0
E23,311,311,263,48,43,0.8456591639871383,0.8594771241830066,0.8525121555915721,raja,S6/S06_20170817_034716_3,frontal,mean,mean__frontal__E23,6,23,"[0, 1, 2, 3, 4, 5, 7]",7,False,1.930786552028224e-05,-2.2433266151967483e-08,6.4434329288114025e-06,60.0
E124,181,181,160,21,146,0.8839779005524862,0.5228758169934641,0.6570841889117044,raja,S6/S06_20170817_034716_3,frontal,mean,mean__frontal__E124,6,23,"[0, 1, 2, 3, 4, 5, 7]",7,False,1.786836890036819e-05,-1.3251984534488168e-08,5.960540294967559e-06,60.0
E24,54,54,11,43,295,0.2037037037037037,0.03594771241830065,0.0611111111111111,raja,S6/S06_20170817_034716_3,frontal,mean,mean__frontal__E24,6,23,"[0, 1, 2, 3, 4, 5, 7]",7,False,2.7978067051207115e-05,5.90192280988051e-09,9.324055042799079e-06,60.0
E22,360,360,294,66,12,0.8166666666666667,0.9607843137254902,0.882882882882883,raja,S6/S06_20170817_034716_3,frontal_left,median,median__frontal_left__E22,3,23,"[0, 1, 2, 3, 4, 5, 7]",7,False,2.4495063295908803e-05,-9.093223147366397e-07,8.468128536881814e-06,60.0
E23,314,314,265,49,41,0.8439490445859873,0.8660130718954249,0.8548387096774194,raja,S6/S06_20170817_034716_3,frontal_left,median,median__frontal_left__E23,3,23,"[0, 1, 2, 3, 4, 5, 7]",7,False,1.886015187254198e-05,-4.7014691389222537e-07,6.4434329288114025e-06,60.0
E24,54,54,11,43,295,0.2037037037037037,0.03594771241830065,0.0611111111111111,raja,S6/S06_20170817_034716_3,frontal_left,median,median__frontal_left__E24,3,23,"[0, 1, 2, 3, 4, 5, 7]",7,False,2.8145636055942042e-05,1.7347092754480842e-07,9.324055042799079e-06,60.0
E22,352,352,292,60,14,0.8295454545454546,0.954248366013072,0.8875379939209727,raja,S6/S06_20170817_034716_3,frontal_left,mean,mean__frontal_left__E22,3,23,"[0, 1, 2, 3, 4, 5, 7]",7,False,2.5347737672827776e-05,-5.664793781766535e-08,8.468128536881814e-06,60.0
E23,311,311,263,48,43,0.8456591639871383,0.8594771241830066,0.8525121555915721,raja,S6/S06_20170817_034716_3,frontal_left,mean,mean__frontal_left__E23,3,23,"[0, 1, 2, 3, 4, 5, 7]",7,False,1.930786552028224e-05,-2.2433266151967483e-08,6.4434329288114025e-06,60.0
E24,54,54,11,43,295,0.2037037037037037,0.03594771241830065,0.0611111111111111,raja,S6/S06_20170817_034716_3,frontal_left,mean,mean__frontal_left__E24,3,23,"[0, 1, 2, 3, 4, 5, 7]",7,False,2.7978067051207115e-05,5.90192280988051e-09,9.324055042799079e-06,60.0
E3,320,320,274,46,32,0.85625,0.8954248366013072,0.875399361022364,raja,S6/S06_20170817_034716_3,frontal_right,median,median__frontal_right__E3,3,23,[],0,True,2.1822776683451073e-05,-5.144466978425916e-07,7.445741127097888e-06,60.0
E9,379,379,295,84,11,0.7783641160949868,0.9640522875816994,0.8613138686131386,raja,S6/S06_20170817_034716_3,frontal_right,median,median__frontal_right__E9,3,23,[],0,True,2.5787369553805836e-05,-9.243347018429797e-07,8.903901418549605e-06,60.0
E124,195,195,173,22,133,0.8871794871794871,0.565359477124183,0.6906187624750498,raja,S6/S06_20170817_034716_3,frontal_right,median,median__frontal_right__E124,3,23,[],0,True,1.735673305031206e-05,-2.5176189747984514e-07,5.8694983159306345e-06,60.0
E9,370,370,294,76,12,0.7945945945945946,0.9607843137254902,0.8698224852071006,raja,S6/S06_20170817_034716_3,frontal_right,mean,mean__frontal_right__E9,3,23,[],0,True,2.669136643732863e-05,-2.033781832018478e-08,8.903901418549605e-06,60.0
E3,315,315,270,45,36,0.8571428571428571,0.8823529411764706,0.8695652173913043,raja,S6/S06_20170817_034716_3,frontal_right,mean,mean__frontal_right__E3,3,23,[],0,True,2.232986491891421e-05,-7.358462379454423e-09,7.445741127097888e-06,60.0
E124,189,189,169,20,137,0.8941798941798942,0.5522875816993464,0.6828282828282828,raja,S6/S06_20170817_034716_3,frontal_right,mean,mean__frontal_right__E124,3,23,[],0,True,1.7606995820060104e-05,-1.4991277317986416e-09,5.8694983159306345e-06,60.0
E3,297,297,257,40,49,0.8653198653198653,0.8398692810457516,0.8524046434494196,raja,S6/S06_20170817_034716_3,all_channel,median,median__all_channel__E3,32,11,"[0, 1, 2, 3, 4, 7, 9, 10]",8,False,2.1898866460264712e-05,-5.316511941069465e-07,7.476839218123886e-06,120.0
E22,345,345,277,68,29,0.8028985507246377,0.9052287581699346,0.8509984639016897,raja,S6/S06_20170817_034716_3,all_channel,median,median__all_channel__E22,32,11,"[0, 1, 2, 3, 4, 7, 9, 10]",8,False,2.3793069869819177e-05,-8.647710604980478e-07,8.219280310105741e-06,120.0
E9,345,345,277,68,29,0.8028985507246377,0.9052287581699346,0.8509984639016897,raja,S6/S06_20170817_034716_3,all_channel,median,median__all_channel__E9,32,11,"[0, 1, 2, 3, 4, 7, 9, 10]",8,False,2.6310674348575858e-05,-9.108061263135267e-07,9.073826824963128e-06,120.0
E23,295,295,253,42,53,0.8576271186440678,0.826797385620915,0.8419301164725457,raja,S6/S06_20170817_034716_3,all_channel,median,median__all_channel__E23,32,11,"[0, 1, 2, 3, 4, 7, 9, 10]",8,False,1.8689712334857794e-05,-4.495895368424321e-07,6.379767290566741e-06,120.0
E11,225,225,195,30,111,0.8666666666666667,0.6372549019607843,0.7344632768361582,raja,S6/S06_20170817_034716_3,all_channel,median,median__all_channel__E11,32,11,"[0, 1, 2, 3, 4, 7, 9, 10]",8,False,1.7974372200261915e-05,-3.309841539404326e-07,6.1017854514007826e-06,120.0
E124,185,185,165,20,141,0.8918918918918919,0.5392156862745098,0.6720977596741343,raja,S6/S06_20170817_034716_3,all_channel,median,median__all_channel__E124,32,11,"[0, 1, 2, 3, 4, 7, 9, 10]",8,False,1.7420759675331653e-05,-2.688811752352247e-07,5.896546950188959e-06,120.0
E26,211,211,162,49,144,0.7677725118483413,0.5294117647058824,0.6266924564796905,raja,S6/S06_20170817_034716_3,all_channel,median,median__all_channel__E26,32,11,"[0, 1, 2, 3, 4, 7, 9, 10]",8,False,2.505709828719759e-05,-2.938584799262282e-07,8.450318922374605e-06,120.0
E122,63,63,35,28,271,0.5555555555555556,0.11437908496732026,0.1897018970189702,raja,S6/S06_20170817_034716_3,all_channel,median,median__all_channel__E122,32,11,"[0, 1, 2, 3, 4, 7, 9, 10]",8,False,2.4203506714080368e-05,9.854679029081552e-08,8.034986641263184e-06,120.0
E24,98,98,24,74,282,0.24489795918367346,0.0784313725490196,0.1188118811881188,raja,S6/S06_20170817_034716_3,all_channel,median,median__all_channel__E24,32,11,"[0, 1, 2, 3, 4, 7, 9, 10]",8,False,2.081758275796626e-05,8.675401367254972e-09,6.9363024521996685e-06,120.0
E117,20,20,16,4,290,0.8,0.05228758169934641,0.09815950920245399,raja,S6/S06_20170817_034716_3,all_channel,median,median__all_channel__E117,32,11,"[0, 1, 2, 3, 4, 7, 9, 10]",8,False,1.628595076736105e-05,-1.1209197877364699e-08,5.432386655079472e-06,120.0
E75,114,114,12,102,294,0.10526315789473684,0.0392156862745098,0.05714285714285714,raja,S6/S06_20170817_034716_3,all_channel,median,median__all_channel__E75,32,11,"[0, 1, 2, 3, 4, 7, 9, 10]",8,False,1.8674999135378837e-05,3.756687923000423e-08,6.212477418716278e-06,120.0
E33,48,48,8,40,298,0.16666666666666666,0.026143790849673203,0.04519774011299435,raja,S6/S06_20170817_034716_3,all_channel,median,median__all_channel__E33,32,11,"[0, 1, 2, 3, 4, 7, 9, 10]",8,False,2.032901311565098e-05,4.031249264726975e-08,6.762900207667903e-06,120.0
E112,9,9,2,7,304,0.2222222222222222,0.006535947712418301,0.012698412698412698,raja,S6/S06_20170817_034716_3,all_channel,median,median__all_channel__E112,32,11,"[0, 1, 2, 3, 4, 7, 9, 10]",8,False,1.57177817098751e-05,6.606543964577818e-08,5.217238756743107e-06,120.0
E62,13,13,2,11,304,0.15384615384615385,0.006535947712418301,0.012539184952978058,raja,S6/S06_20170817_034716_3,all_channel,median,median__all_channel__E62,32,11,"[0, 1, 2, 3, 4, 7, 9, 10]",8,False,1.5316332172042978e-05,1.5485730484411265e-07,5.053824955732955e-06,120.0
E13,32,32,2,30,304,0.0625,0.006535947712418301,0.011834319526627219,raja,S6/S06_20170817_034716_3,all_channel,median,median__all_channel__E13,32,11,"[0, 1, 2, 3, 4, 7, 9, 10]",8,False,1.661248982906869e-05,1.4483273605567882e-07,5.489219031004337e-06,120.0
E109,8,8,1,7,305,0.125,0.0032679738562091504,0.006369426751592358,raja,S6/S06_20170817_034716_3,all_channel,median,median__all_channel__E109,32,11,"[0, 1, 2, 3, 4, 7, 9, 10]",8,False,1.836367141058957e-05,1.6736492371786588e-07,6.065435495623902e-06,120.0
E40,13,13,1,12,305,0.07692307692307693,0.0032679738562091504,0.006269592476489029,raja,S6/S06_20170817_034716_3,all_channel,median,median__all_channel__E40,32,11,"[0, 1, 2, 3, 4, 7, 9, 10]",8,False,1.644251994762305e-05,1.2733914506142577e-07,5.4383936008538736e-06,120.0
E77,16,16,1,15,305,0.0625,0.0032679738562091504,0.006211180124223602,raja,S6/S06_20170817_034716_3,all_channel,median,median__all_channel__E77,32,11,"[0, 1, 2, 3, 4, 7, 9, 10]",8,False,1.4986591283930088e-05,2.017583587604114e-07,4.928277641723225e-06,120.0
E60,17,17,1,16,305,0.058823529411764705,0.0032679738562091504,0.006191950464396285,raja,S6/S06_20170817_034716_3,all_channel,median,median__all_channel__E60,32,11,"[0, 1, 2, 3, 4, 7, 9, 10]",8,False,1.774987358784212e-05,1.8606952164872145e-07,5.8546013553977995e-06,120.0
E47,18,18,1,17,305,0.05555555555555555,0.0032679738562091504,0.006172839506172839,raja,S6/S06_20170817_034716_3,all_channel,median,median__all_channel__E47,32,11,"[0, 1, 2, 3, 4, 7, 9, 10]",8,False,1.4180146983027383e-05,1.4441653203152787e-07,4.678576816998618e-06,120.0
E85,18,18,1,17,305,0.05555555555555555,0.0032679738562091504,0.006172839506172839,raja,S6/S06_20170817_034716_3,all_channel,median,median__all_channel__E85,32,11,"[0, 1, 2, 3, 4, 7, 9, 10]",8,False,1.6296435536896856e-05,1.835405595661566e-07,5.3709649924435666e-06,120.0
E70,31,31,1,30,305,0.03225806451612903,0.0032679738562091504,0.005934718100890207,raja,S6/S06_20170817_034716_3,all_channel,median,median__all_channel__E70,32,11,"[0, 1, 2, 3, 4, 7, 9, 10]",8,False,1.7379583261788247e-05,1.3087961000441112e-07,5.749567883927945e-06,120.0
E37,2,2,0,2,306,0.0,0.0,0.0,raja,S6/S06_20170817_034716_3,all_channel,median,median__all_channel__E37,32,11,"[0, 1, 2, 3, 4, 7, 9, 10]",8,False,1.2683001396047147e-05,6.929482382558227e-08,4.204568857407189e-06,120.0
E87,4,4,0,4,306,0.0,0.0,0.0,raja,S6/S06_20170817_034716_3,all_channel,median,median__all_channel__E87,32,11,"[0, 1, 2, 3, 4, 7, 9, 10]",8,False,1.2910602078213127e-05,7.981928515346173e-08,4.2769275976865555e-06,120.0
E28,6,6,0,6,306,0.0,0.0,0.0,raja,S6/S06_20170817_034716_3,all_channel,median,median__all_channel__E28,32,11,"[0, 1, 2, 3, 4, 7, 9, 10]",8,False,1.6300970065006994e-05,8.733034566124036e-09,5.430745676813624e-06,120.0
E104,14,14,0,14,306,0.0,0.0,0.0,raja,S6/S06_20170817_034716_3,all_channel,median,median__all_channel__E104,32,11,"[0, 1, 2, 3, 4, 7, 9, 10]",8,False,1.702652882479509e-05,1.1879098249668386e-07,5.635912614099469e-06,120.0
E98,14,14,0,14,306,0.0,0.0,0.0,raja,S6/S06_20170817_034716_3,all_channel,median,median__all_channel__E98,32,11,"[0, 1, 2, 3, 4, 7, 9, 10]",8,False,1.578685698156552e-05,1.8582829998292105e-07,5.2003428938608655e-06,120.0
E91,16,16,0,16,306,0.0,0.0,0.0,raja,S6/S06_20170817_034716_3,all_channel,median,median__all_channel__E91,32,11,"[0, 1, 2, 3, 4, 7, 9, 10]",8,False,1.4457222078948522e-05,2.714589373049577e-07,4.728587713881188e-06,120.0
E59,17,17,0,17,306,0.0,0.0,0.0,raja,S6/S06_20170817_034716_3,all_channel,median,median__all_channel__E59,32,11,"[0, 1, 2, 3, 4, 7, 9, 10]",8,False,1.5139449157976768e-05,1.793583507011216e-07,4.986696935758548e-06,120.0
E84,22,22,0,22,306,0.0,0.0,0.0,raja,S6/S06_20170817_034716_3,all_channel,median,median__all_channel__E84,32,11,"[0, 1, 2, 3, 4, 7, 9, 10]",8,False,1.6112051965803718e-05,1.9375517504321957e-07,5.3060989302535e-06,120.0
E67,24,24,0,24,306,0.0,0.0,0.0,raja,S6/S06_20170817_034716_3,all_channel,median,median__all_channel__E67,32,11,"[0, 1, 2, 3, 4, 7, 9, 10]",8,False,1.9858183704212878e-05,1.652293419570353e-07,6.564318120751948e-06,120.0
E83,38,38,0,38,306,0.0,0.0,0.0,raja,S6/S06_20170817_034716_3,all_channel,median,median__all_channel__E83,32,11,"[0, 1, 2, 3, 4, 7, 9, 10]",8,False,1.6613750874627465e-05,1.4265854088013778e-07,5.490364111249109e-06,120.0
E22,337,337,277,60,29,0.8219584569732937,0.9052287581699346,0.8615863141524106,raja,S6/S06_20170817_034716_3,all_channel,mean,mean__all_channel__E22,32,11,"[0, 1, 2, 3, 4, 7, 9, 10]",8,False,2.46508495028395e-05,-6.991427477726501e-09,8.219280310105741e-06,120.0
E9,339,339,277,62,29,0.8171091445427728,0.9052287581699346,0.8589147286821706,raja,S6/S06_20170817_034716_3,all_channel,mean,mean__all_channel__E9,32,11,"[0, 1, 2, 3, 4, 7, 9, 10]",8,False,2.7202453994053293e-05,-1.9026480836088456e-08,9.073826824963128e-06,120.0
E3,292,292,253,39,53,0.8664383561643836,0.826797385620915,0.8461538461538461,raja,S6/S06_20170817_034716_3,all_channel,mean,mean__all_channel__E3,32,11,"[0, 1, 2, 3, 4, 7, 9, 10]",8,False,2.2420682088017997e-05,-9.835566353662522e-09,7.476839218123886e-06,120.0
E23,293,293,250,43,56,0.8532423208191127,0.8169934640522876,0.8347245409015025,raja,S6/S06_20170817_034716_3,all_channel,mean,mean__all_channel__E23,32,11,"[0, 1, 2, 3, 4, 7, 9, 10]",8,False,1.913862462459356e-05,-6.772471066651486e-10,6.379767290566741e-06,120.0
E11,217,217,191,26,115,0.880184331797235,0.6241830065359477,0.7304015296367113,raja,S6/S06_20170817_034716_3,all_channel,mean,mean__all_channel__E11,32,11,"[0, 1, 2, 3, 4, 7, 9, 10]",8,False,1.830637828816433e-05,1.0219339619818808e-09,6.1017854514007826e-06,120.0
E124,178,178,159,19,147,0.8932584269662921,0.5196078431372549,0.6570247933884298,raja,S6/S06_20170817_034716_3,all_channel,mean,mean__all_channel__E124,32,11,"[0, 1, 2, 3, 4, 7, 9, 10]",8,False,1.768466194512126e-05,-4.9789054456172984e-09,5.896546950188959e-06,120.0
E26,207,207,159,48,147,0.7681159420289855,0.5196078431372549,0.6198830409356725,raja,S6/S06_20170817_034716_3,all_channel,mean,mean__all_channel__E26,32,11,"[0, 1, 2, 3, 4, 7, 9, 10]",8,False,2.534279450191244e-05,-8.162265211377362e-09,8.450318922374605e-06,120.0
E122,64,64,36,28,270,0.5625,0.11764705882352941,0.19459459459459458,raja,S6/S06_20170817_034716_3,all_channel,mean,mean__all_channel__E122,32,11,"[0, 1, 2, 3, 4, 7, 9, 10]",8,False,2.409165314290986e-05,-1.3306780879693044e-08,8.034986641263184e-06,120.0
E24,98,98,24,74,282,0.24489795918367346,0.0784313725490196,0.1188118811881188,raja,S6/S06_20170817_034716_3,all_channel,mean,mean__all_channel__E24,32,11,"[0, 1, 2, 3, 4, 7, 9, 10]",8,False,2.082230452004855e-05,1.3397163449544353e-08,6.9363024521996685e-06,120.0
E117,20,20,16,4,290,0.8,0.05228758169934641,0.09815950920245399,raja,S6/S06_20170817_034716_3,all_channel,mean,mean__all_channel__E117,32,11,"[0, 1, 2, 3, 4, 7, 9, 10]",8,False,1.6296607376081526e-05,-5.52589156891495e-10,5.432386655079472e-06,120.0
E75,115,115,12,103,294,0.10434782608695652,0.0392156862745098,0.057007125890736345,raja,S6/S06_20170817_034716_3,all_channel,mean,mean__all_channel__E75,32,11,"[0, 1, 2, 3, 4, 7, 9, 10]",8,False,1.8647142838970964e-05,9.710582822130186e-09,6.212477418716278e-06,120.0
E33,48,48,8,40,298,0.16666666666666666,0.026143790849673203,0.04519774011299435,raja,S6/S06_20170817_034716_3,all_channel,mean,mean__all_channel__E33,32,11,"[0, 1, 2, 3, 4, 7, 9, 10]",8,False,2.0298559745569852e-05,9.859122566143592e-09,6.762900207667903e-06,120.0
E112,9,9,2,7,304,0.2222222222222222,0.006535947712418301,0.012698412698412698,raja,S6/S06_20170817_034716_3,all_channel,mean,mean__all_channel__E112,32,11,"[0, 1, 2, 3, 4, 7, 9, 10]",8,False,1.5655426291630544e-05,3.7100214012196815e-09,5.217238756743107e-06,120.0
E62,14,14,2,12,304,0.14285714285714285,0.006535947712418301,0.012499999999999999,raja,S6/S06_20170817_034716_3,all_channel,mean,mean__all_channel__E62,32,11,"[0, 1, 2, 3, 4, 7, 9, 10]",8,False,1.5170134289043402e-05,8.659421844535957e-09,5.053824955732955e-06,120.0
E77,17,17,2,15,304,0.11764705882352941,0.006535947712418301,0.01238390092879257,raja,S6/S06_20170817_034716_3,all_channel,mean,mean__all_channel__E77,32,11,"[0, 1, 2, 3, 4, 7, 9, 10]",8,False,1.4791197054821089e-05,6.3641296514132884e-09,4.928277641723225e-06,120.0
E13,34,34,2,32,304,0.058823529411764705,0.006535947712418301,0.011764705882352941,raja,S6/S06_20170817_034716_3,all_channel,mean,mean__all_channel__E13,32,11,"[0, 1, 2, 3, 4, 7, 9, 10]",8,False,1.646960184214949e-05,1.944749136477034e-09,5.489219031004337e-06,120.0
E109,9,9,1,8,305,0.1111111111111111,0.0032679738562091504,0.006349206349206349,raja,S6/S06_20170817_034716_3,all_channel,mean,mean__all_channel__E109,32,11,"[0, 1, 2, 3, 4, 7, 9, 10]",8,False,1.8187971161295056e-05,-8.335325576649966e-09,6.065435495623902e-06,120.0
E40,13,13,1,12,305,0.07692307692307693,0.0032679738562091504,0.006269592476489029,raja,S6/S06_20170817_034716_3,all_channel,mean,mean__all_channel__E40,32,11,"[0, 1, 2, 3, 4, 7, 9, 10]",8,False,1.6319262663949355e-05,4.081861387733815e-09,5.4383936008538736e-06,120.0
E104,15,15,1,14,305,0.06666666666666667,0.0032679738562091504,0.006230529595015576,raja,S6/S06_20170817_034716_3,all_channel,mean,mean__all_channel__E104,32,11,"[0, 1, 2, 3, 4, 7, 9, 10]",8,False,1.691167722456685e-05,3.9393822684421175e-09,5.635912614099469e-06,120.0
E60,16,16,1,15,305,0.0625,0.0032679738562091504,0.006211180124223602,raja,S6/S06_20170817_034716_3,all_channel,mean,mean__all_channel__E60,32,11,"[0, 1, 2, 3, 4, 7, 9, 10]",8,False,1.7571232588753733e-05,7.428522560333242e-09,5.8546013553977995e-06,120.0
E47,18,18,1,17,305,0.05555555555555555,0.0032679738562091504,0.006172839506172839,raja,S6/S06_20170817_034716_3,all_channel,mean,mean__all_channel__E47,32,11,"[0, 1, 2, 3, 4, 7, 9, 10]",8,False,1.4043730046967145e-05,7.999595971289984e-09,4.678576816998618e-06,120.0
E85,19,19,1,18,305,0.05263157894736842,0.0032679738562091504,0.006153846153846154,raja,S6/S06_20170817_034716_3,all_channel,mean,mean__all_channel__E85,32,11,"[0, 1, 2, 3, 4, 7, 9, 10]",8,False,1.6120695979492352e-05,7.801002161651484e-09,5.3709649924435666e-06,120.0
E70,32,32,1,31,305,0.03125,0.0032679738562091504,0.005917159763313609,raja,S6/S06_20170817_034716_3,all_channel,mean,mean__all_channel__E70,32,11,"[0, 1, 2, 3, 4, 7, 9, 10]",8,False,1.7255304814064302e-05,6.601162280469291e-09,5.749567883927945e-06,120.0
E37,2,2,0,2,306,0.0,0.0,0.0,raja,S6/S06_20170817_034716_3,all_channel,mean,mean__all_channel__E37,32,11,"[0, 1, 2, 3, 4, 7, 9, 10]",8,False,1.2618661492639107e-05,4.954920417542431e-09,4.204568857407189e-06,120.0
E87,4,4,0,4,306,0.0,0.0,0.0,raja,S6/S06_20170817_034716_3,all_channel,mean,mean__all_channel__E87,32,11,"[0, 1, 2, 3, 4, 7, 9, 10]",8,False,1.283685973057131e-05,6.07693751164316e-09,4.2769275976865555e-06,120.0
E28,6,6,0,6,306,0.0,0.0,0.0,raja,S6/S06_20170817_034716_3,all_channel,mean,mean__all_channel__E28,32,11,"[0, 1, 2, 3, 4, 7, 9, 10]",8,False,1.6296960080257097e-05,4.723049816227836e-09,5.430745676813624e-06,120.0
E98,15,15,0,15,306,0.0,0.0,0.0,raja,S6/S06_20170817_034716_3,all_channel,mean,mean__all_channel__E98,32,11,"[0, 1, 2, 3, 4, 7, 9, 10]",8,False,1.560019011351938e-05,-8.385680632190317e-10,5.2003428938608655e-06,120.0
E59,17,17,0,17,306,0.0,0.0,0.0,raja,S6/S06_20170817_034716_3,all_channel,mean,mean__all_channel__E59,32,11,"[0, 1, 2, 3, 4, 7, 9, 10]",8,False,1.4966899533520801e-05,6.80872624515568e-09,4.986696935758548e-06,120.0
E91,18,18,0,18,306,0.0,0.0,0.0,raja,S6/S06_20170817_034716_3,all_channel,mean,mean__all_channel__E91,32,11,"[0, 1, 2, 3, 4, 7, 9, 10]",8,False,1.419154543653844e-05,5.782294894876059e-09,4.728587713881188e-06,120.0
E84,22,22,0,22,306,0.0,0.0,0.0,raja,S6/S06_20170817_034716_3,all_channel,mean,mean__all_channel__E84,32,11,"[0, 1, 2, 3, 4, 7, 9, 10]",8,False,1.5923915509865065e-05,5.618719104565116e-09,5.3060989302535e-06,120.0
E67,25,25,0,25,306,0.0,0.0,0.0,raja,S6/S06_20170817_034716_3,all_channel,mean,mean__all_channel__E67,32,11,"[0, 1, 2, 3, 4, 7, 9, 10]",8,False,1.9699589790884512e-05,6.635428628668585e-09,6.564318120751948e-06,120.0
E83,40,40,0,40,306,0.0,0.0,0.0,raja,S6/S06_20170817_034716_3,all_channel,mean,mean__all_channel__E83,32,11,"[0, 1, 2, 3, 4, 7, 9, 10]",8,False,1.6476011518055908e-05,4.919184308582057e-09,5.490364111249109e-06,120.0
E22,338,338,277,61,29,0.8195266272189349,0.9052287581699346,0.860248447204969,raja,S6/S06_20170817_034716_3,frontal,median,median__frontal__E22,6,11,"[0, 1, 2, 3]",4,False,2.4346862102346854e-05,-9.249145581557762e-07,8.423925553500877e-06,120.0
E9,343,343,277,66,29,0.8075801749271136,0.9052287581699346,0.8536209553158705,raja,S6/S06_20170817_034716_3,frontal,median,median__frontal__E9,6,11,"[0, 1, 2, 3]",4,False,2.691828746967382e-05,-9.530247323082393e-07,9.290437400660687e-06,120.0
E3,296,296,256,40,50,0.8648648648648649,0.8366013071895425,0.8504983388704318,raja,S6/S06_20170817_034716_3,frontal,median,median__frontal__E3,6,11,"[0, 1, 2, 3]",4,False,2.2073836872843217e-05,-5.591434204649806e-07,7.544326764436066e-06,120.0
E23,295,295,253,42,53,0.8576271186440678,0.826797385620915,0.8419301164725457,raja,S6/S06_20170817_034716_3,frontal,median,median__frontal__E23,6,11,"[0, 1, 2, 3]",4,False,1.8767008740793427e-05,-4.945778839188645e-07,6.420528874904097e-06,120.0
E124,178,178,159,19,147,0.8932584269662921,0.5196078431372549,0.6570247933884298,raja,S6/S06_20170817_034716_3,frontal,median,median__frontal__E124,6,11,"[0, 1, 2, 3]",4,False,1.7626908877806248e-05,-3.0365468255243117e-07,5.976854520119559e-06,120.0
E24,54,54,11,43,295,0.2037037037037037,0.03594771241830065,0.0611111111111111,raja,S6/S06_20170817_034716_3,frontal,median,median__frontal__E24,6,11,"[0, 1, 2, 3]",4,False,2.732414129546645e-05,1.5694748979696518e-07,9.055731268556495e-06,120.0
E22,329,329,275,54,31,0.8358662613981763,0.8986928104575164,0.8661417322834646,raja,S6/S06_20170817_034716_3,frontal,mean,mean__frontal__E22,6,11,"[0, 1, 2, 3]",4,False,2.523726341515589e-05,-3.4513245346737604e-08,8.423925553500877e-06,120.0
E9,334,334,277,57,29,0.8293413173652695,0.9052287581699346,0.8656250000000001,raja,S6/S06_20170817_034716_3,frontal,mean,mean__frontal__E9,6,11,"[0, 1, 2, 3]",4,False,2.7830434172132918e-05,-4.08780298491407e-08,9.290437400660687e-06,120.0
E3,292,292,253,39,53,0.8664383561643836,0.826797385620915,0.8461538461538461,raja,S6/S06_20170817_034716_3,frontal,mean,mean__frontal__E3,6,11,"[0, 1, 2, 3]",4,False,2.2610860637556463e-05,-2.2119655751734638e-08,7.544326764436066e-06,120.0
E23,292,292,249,43,57,0.8527397260273972,0.8137254901960784,0.8327759197324415,raja,S6/S06_20170817_034716_3,frontal,mean,mean__frontal__E23,6,11,"[0, 1, 2, 3]",4,False,1.9243719414348855e-05,-1.7867210363436712e-08,6.420528874904097e-06,120.0
E124,173,173,152,21,154,0.8786127167630058,0.49673202614379086,0.6346555323590815,raja,S6/S06_20170817_034716_3,frontal,mean,mean__frontal__E124,6,11,"[0, 1, 2, 3]",4,False,1.7918087208251105e-05,-1.2476352107571487e-08,5.976854520119559e-06,120.0
E24,55,55,11,44,295,0.2,0.03594771241830065,0.060941828254847646,raja,S6/S06_20170817_034716_3,frontal,mean,mean__frontal__E24,6,11,"[0, 1, 2, 3]",4,False,2.717927516179213e-05,1.2081356122643366e-08,9.055731268556495e-06,120.0
E22,338,338,277,61,29,0.8195266272189349,0.9052287581699346,0.860248447204969,raja,S6/S06_20170817_034716_3,frontal_left,median,median__frontal_left__E22,3,11,"[0, 1, 2, 3]",4,False,2.4346862102346854e-05,-9.249145581557762e-07,8.423925553500877e-06,120.0
E23,295,295,253,42,53,0.8576271186440678,0.826797385620915,0.8419301164725457,raja,S6/S06_20170817_034716_3,frontal_left,median,median__frontal_left__E23,3,11,"[0, 1, 2, 3]",4,False,1.8767008740793427e-05,-4.945778839188645e-07,6.420528874904097e-06,120.0
E24,54,54,11,43,295,0.2037037037037037,0.03594771241830065,0.0611111111111111,raja,S6/S06_20170817_034716_3,frontal_left,median,median__frontal_left__E24,3,11,"[0, 1, 2, 3]",4,False,2.732414129546645e-05,1.5694748979696518e-07,9.055731268556495e-06,120.0
E22,329,329,275,54,31,0.8358662613981763,0.8986928104575164,0.8661417322834646,raja,S6/S06_20170817_034716_3,frontal_left,mean,mean__frontal_left__E22,3,11,"[0, 1, 2, 3]",4,False,2.523726341515589e-05,-3.4513245346737604e-08,8.423925553500877e-06,120.0
E23,292,292,249,43,57,0.8527397260273972,0.8137254901960784,0.8327759197324415,raja,S6/S06_20170817_034716_3,frontal_left,mean,mean__frontal_left__E23,3,11,"[0, 1, 2, 3]",4,False,1.9243719414348855e-05,-1.7867210363436712e-08,6.420528874904097e-06,120.0
E24,55,55,11,44,295,0.2,0.03594771241830065,0.060941828254847646,raja,S6/S06_20170817_034716_3,frontal_left,mean,mean__frontal_left__E24,3,11,"[0, 1, 2, 3]",4,False,2.717927516179213e-05,1.2081356122643366e-08,9.055731268556495e-06,120.0
E3,298,298,258,40,48,0.8657718120805369,0.8431372549019608,0.8543046357615894,raja,S6/S06_20170817_034716_3,frontal_right,median,median__frontal_right__E3,3,11,[],0,True,2.1784172663257417e-05,-4.781700961754454e-07,7.420780919810954e-06,120.0
E9,353,353,278,75,28,0.7875354107648725,0.9084967320261438,0.8437025796661609,raja,S6/S06_20170817_034716_3,frontal_right,median,median__frontal_right__E9,3,11,[],0,True,2.5773847566956928e-05,-8.651392383166948e-07,8.879662268424541e-06,120.0
E124,185,185,165,20,141,0.8918918918918919,0.5392156862745098,0.6720977596741343,raja,S6/S06_20170817_034716_3,frontal_right,median,median__frontal_right__E124,3,11,[],0,True,1.7390158261452796e-05,-2.4191569319583595e-07,5.8773579848828776e-06,120.0
E9,345,345,277,68,29,0.8028985507246377,0.9052287581699346,0.8509984639016897,raja,S6/S06_20170817_034716_3,frontal_right,mean,mean__frontal_right__E9,3,11,[],0,True,2.6628853693513074e-05,-1.0133111760548343e-08,8.879662268424541e-06,120.0
E3,292,292,253,39,53,0.8664383561643836,0.826797385620915,0.8461538461538461,raja,S6/S06_20170817_034716_3,frontal_right,mean,mean__frontal_right__E3,3,11,[],0,True,2.225975354428129e-05,-2.589215151573224e-09,7.420780919810954e-06,120.0
E124,178,178,159,19,147,0.8932584269662921,0.5196078431372549,0.6570247933884298,raja,S6/S06_20170817_034716_3,frontal_right,mean,mean__frontal_right__E124,3,11,[],0,True,1.7632248378952483e-05,1.744243038494238e-10,5.8773579848828776e-06,120.0
