channel,raw_candidate_count,mapped_candidate_count,tp,fp,fn,precision,recall,f1,dataset,session,selection,center_method,condition,n_channels_used,n_valid,flagged_valid_epoch_indices,n_flagged,used_all_epochs,blink_region_threshold,threshold_center,threshold_dispersion
FP1,3167,3167,2538,629,145,0.8013893274392169,0.9459560193812896,0.8676923076923075,cao2018,S45/070307n,all_channel,median,median__all_channel__FP1,32,217,"[3, 4, 7, 11, 18, 25, 26, 28, 29, 31, 32, 33, 34, 35, 36, 38, 39, 40, 41, 42, 43, 44, 45, 46, 48, 49, 50, 51, 52, 54, 55, 56, 57, 59, 60, 61, 62, 63, 64, 65, 66, 68, 70, 71, 72, 73, 74, 76, 77, 79, 81, 82, 83, 84, 85, 86, 87, 88, 89, 91, 92, 95, 96, 97, 98, 99, 100, 102, 103, 104, 105, 107, 109, 110, 111, 112, 113, 114, 115, 116, 117, 118, 119, 120, 122, 123, 125, 127, 128, 129, 131, 132, 133, 134, 135, 136, 137, 138, 139, 140, 141, 142, 143, 144, 145, 146, 147, 148, 149, 150, 151, 152, 153, 154, 155, 156, 157, 158, 160, 162, 165, 167, 169, 170, 174, 175, 180, 182, 183, 184, 186, 190, 193, 194, 197, 200, 204, 205, 208, 211, 213, 216]",142,False,8.304466845838112e-05,-5.354777995821456e-06,2.946648215140086e-05
FP2,2861,2861,2401,460,282,0.8392170569730864,0.8948937756243012,0.8661616161616161,cao2018,S45/070307n,all_channel,median,median__all_channel__FP2,32,217,"[3, 4, 7, 11, 18, 25, 26, 28, 29, 31, 32, 33, 34, 35, 36, 38, 39, 40, 41, 42, 43, 44, 45, 46, 48, 49, 50, 51, 52, 54, 55, 56, 57, 59, 60, 61, 62, 63, 64, 65, 66, 68, 70, 71, 72, 73, 74, 76, 77, 79, 81, 82, 83, 84, 85, 86, 87, 88, 89, 91, 92, 95, 96, 97, 98, 99, 100, 102, 103, 104, 105, 107, 109, 110, 111, 112, 113, 114, 115, 116, 117, 118, 119, 120, 122, 123, 125, 127, 128, 129, 131, 132, 133, 134, 135, 136, 137, 138, 139, 140, 141, 142, 143, 144, 145, 146, 147, 148, 149, 150, 151, 152, 153, 154, 155, 156, 157, 158, 160, 162, 165, 167, 169, 170, 174, 175, 180, 182, 183, 184, 186, 190, 193, 194, 197, 200, 204, 205, 208, 211, 213, 216]",142,False,8.406869000289324e-05,-4.995999632662771e-06,2.9688229878518667e-05
F7,2643,2643,2153,490,530,0.8146046159667045,0.8024599329109207,0.8084866691701089,cao2018,S45/070307n,all_channel,median,median__all_channel__F7,32,217,"[3, 4, 7, 11, 18, 25, 26, 28, 29, 31, 32, 33, 34, 35, 36, 38, 39, 40, 41, 42, 43, 44, 45, 46, 48, 49, 50, 51, 52, 54, 55, 56, 57, 59, 60, 61, 62, 63, 64, 65, 66, 68, 70, 71, 72, 73, 74, 76, 77, 79, 81, 82, 83, 84, 85, 86, 87, 88, 89, 91, 92, 95, 96, 97, 98, 99, 100, 102, 103, 104, 105, 107, 109, 110, 111, 112, 113, 114, 115, 116, 117, 118, 119, 120, 122, 123, 125, 127, 128, 129, 131, 132, 133, 134, 135, 136, 137, 138, 139, 140, 141, 142, 143, 144, 145, 146, 147, 148, 149, 150, 151, 152, 153, 154, 155, 156, 157, 158, 160, 162, 165, 167, 169, 170, 174, 175, 180, 182, 183, 184, 186, 190, 193, 194, 197, 200, 204, 205, 208, 211, 213, 216]",142,False,4.5909394362898786e-05,-2.582479199237059e-06,1.616395785404528e-05
FZ,2697,2697,2155,542,528,0.7990359658880237,0.803205367126351,0.8011152416356877,cao2018,S45/070307n,all_channel,median,median__all_channel__FZ,32,217,"[3, 4, 7, 11, 18, 25, 26, 28, 29, 31, 32, 33, 34, 35, 36, 38, 39, 40, 41, 42, 43, 44, 45, 46, 48, 49, 50, 51, 52, 54, 55, 56, 57, 59, 60, 61, 62, 63, 64, 65, 66, 68, 70, 71, 72, 73, 74, 76, 77, 79, 81, 82, 83, 84, 85, 86, 87, 88, 89, 91, 92, 95, 96, 97, 98, 99, 100, 102, 103, 104, 105, 107, 109, 110, 111, 112, 113, 114, 115, 116, 117, 118, 119, 120, 122, 123, 125, 127, 128, 129, 131, 132, 133, 134, 135, 136, 137, 138, 139, 140, 141, 142, 143, 144, 145, 146, 147, 148, 149, 150, 151, 152, 153, 154, 155, 156, 157, 158, 160, 162, 165, 167, 169, 170, 174, 175, 180, 182, 183, 184, 186, 190, 193, 194, 197, 200, 204, 205, 208, 211, 213, 216]",142,False,5.049212181883376e-05,-2.744326706097077e-06,1.774548284164361e-05
F3,2551,2551,1988,563,695,0.7793022344178754,0.7409616101379053,0.7596484524264424,cao2018,S45/070307n,all_channel,median,median__all_channel__F3,32,217,"[3, 4, 7, 11, 18, 25, 26, 28, 29, 31, 32, 33, 34, 35, 36, 38, 39, 40, 41, 42, 43, 44, 45, 46, 48, 49, 50, 51, 52, 54, 55, 56, 57, 59, 60, 61, 62, 63, 64, 65, 66, 68, 70, 71, 72, 73, 74, 76, 77, 79, 81, 82, 83, 84, 85, 86, 87, 88, 89, 91, 92, 95, 96, 97, 98, 99, 100, 102, 103, 104, 105, 107, 109, 110, 111, 112, 113, 114, 115, 116, 117, 118, 119, 120, 122, 123, 125, 127, 128, 129, 131, 132, 133, 134, 135, 136, 137, 138, 139, 140, 141, 142, 143, 144, 145, 146, 147, 148, 149, 150, 151, 152, 153, 154, 155, 156, 157, 158, 160, 162, 165, 167, 169, 170, 174, 175, 180, 182, 183, 184, 186, 190, 193, 194, 197, 200, 204, 205, 208, 211, 213, 216]",142,False,4.547041093753213e-05,-2.342367963802901e-06,1.5937592967111675e-05
F4,2140,2140,1722,418,961,0.8046728971962617,0.6418188594856504,0.7140783744557329,cao2018,S45/070307n,all_channel,median,median__all_channel__F4,32,217,"[3, 4, 7, 11, 18, 25, 26, 28, 29, 31, 32, 33, 34, 35, 36, 38, 39, 40, 41, 42, 43, 44, 45, 46, 48, 49, 50, 51, 52, 54, 55, 56, 57, 59, 60, 61, 62, 63, 64, 65, 66, 68, 70, 71, 72, 73, 74, 76, 77, 79, 81, 82, 83, 84, 85, 86, 87, 88, 89, 91, 92, 95, 96, 97, 98, 99, 100, 102, 103, 104, 105, 107, 109, 110, 111, 112, 113, 114, 115, 116, 117, 118, 119, 120, 122, 123, 125, 127, 128, 129, 131, 132, 133, 134, 135, 136, 137, 138, 139, 140, 141, 142, 143, 144, 145, 146, 147, 148, 149, 150, 151, 152, 153, 154, 155, 156, 157, 158, 160, 162, 165, 167, 169, 170, 174, 175, 180, 182, 183, 184, 186, 190, 193, 194, 197, 200, 204, 205, 208, 211, 213, 216]",142,False,4.907356651778328e-05,-2.225584095405881e-06,1.7099716871063054e-05
F8,1985,1985,1636,349,1047,0.8241813602015113,0.6097651882221394,0.700942587832048,cao2018,S45/070307n,all_channel,median,median__all_channel__F8,32,217,"[3, 4, 7, 11, 18, 25, 26, 28, 29, 31, 32, 33, 34, 35, 36, 38, 39, 40, 41, 42, 43, 44, 45, 46, 48, 49, 50, 51, 52, 54, 55, 56, 57, 59, 60, 61, 62, 63, 64, 65, 66, 68, 70, 71, 72, 73, 74, 76, 77, 79, 81, 82, 83, 84, 85, 86, 87, 88, 89, 91, 92, 95, 96, 97, 98, 99, 100, 102, 103, 104, 105, 107, 109, 110, 111, 112, 113, 114, 115, 116, 117, 118, 119, 120, 122, 123, 125, 127, 128, 129, 131, 132, 133, 134, 135, 136, 137, 138, 139, 140, 141, 142, 143, 144, 145, 146, 147, 148, 149, 150, 151, 152, 153, 154, 155, 156, 157, 158, 160, 162, 165, 167, 169, 170, 174, 175, 180, 182, 183, 184, 186, 190, 193, 194, 197, 200, 204, 205, 208, 211, 213, 216]",142,False,4.418931942343054e-05,-2.0074412940742116e-06,1.539892023916825e-05
FCZ,1732,1732,1292,440,1391,0.745958429561201,0.4815505031680954,0.585277463193658,cao2018,S45/070307n,all_channel,median,median__all_channel__FCZ,32,217,"[3, 4, 7, 11, 18, 25, 26, 28, 29, 31, 32, 33, 34, 35, 36, 38, 39, 40, 41, 42, 43, 44, 45, 46, 48, 49, 50, 51, 52, 54, 55, 56, 57, 59, 60, 61, 62, 63, 64, 65, 66, 68, 70, 71, 72, 73, 74, 76, 77, 79, 81, 82, 83, 84, 85, 86, 87, 88, 89, 91, 92, 95, 96, 97, 98, 99, 100, 102, 103, 104, 105, 107, 109, 110, 111, 112, 113, 114, 115, 116, 117, 118, 119, 120, 122, 123, 125, 127, 128, 129, 131, 132, 133, 134, 135, 136, 137, 138, 139, 140, 141, 142, 143, 144, 145, 146, 147, 148, 149, 150, 151, 152, 153, 154, 155, 156, 157, 158, 160, 162, 165, 167, 169, 170, 174, 175, 180, 182, 183, 184, 186, 190, 193, 194, 197, 200, 204, 205, 208, 211, 213, 216]",142,False,4.0221425547793455e-05,-1.5517039107445842e-06,1.3924376486179347e-05
FC3,1259,1259,908,351,1775,0.7212073073868149,0.33842713380544165,0.46067985794013194,cao2018,S45/070307n,all_channel,median,median__all_channel__FC3,32,217,"[3, 4, 7, 11, 18, 25, 26, 28, 29, 31, 32, 33, 34, 35, 36, 38, 39, 40, 41, 42, 43, 44, 45, 46, 48, 49, 50, 51, 52, 54, 55, 56, 57, 59, 60, 61, 62, 63, 64, 65, 66, 68, 70, 71, 72, 73, 74, 76, 77, 79, 81, 82, 83, 84, 85, 86, 87, 88, 89, 91, 92, 95, 96, 97, 98, 99, 100, 102, 103, 104, 105, 107, 109, 110, 111, 112, 113, 114, 115, 116, 117, 118, 119, 120, 122, 123, 125, 127, 128, 129, 131, 132, 133, 134, 135, 136, 137, 138, 139, 140, 141, 142, 143, 144, 145, 146, 147, 148, 149, 150, 151, 152, 153, 154, 155, 156, 157, 158, 160, 162, 165, 167, 169, 170, 174, 175, 180, 182, 183, 184, 186, 190, 193, 194, 197, 200, 204, 205, 208, 211, 213, 216]",142,False,4.105768378021827e-05,-1.4114733823897283e-06,1.4156385720869332e-05
FT7,1072,1072,795,277,1888,0.7416044776119403,0.29631010063361907,0.4234354194407457,cao2018,S45/070307n,all_channel,median,median__all_channel__FT7,32,217,"[3, 4, 7, 11, 18, 25, 26, 28, 29, 31, 32, 33, 34, 35, 36, 38, 39, 40, 41, 42, 43, 44, 45, 46, 48, 49, 50, 51, 52, 54, 55, 56, 57, 59, 60, 61, 62, 63, 64, 65, 66, 68, 70, 71, 72, 73, 74, 76, 77, 79, 81, 82, 83, 84, 85, 86, 87, 88, 89, 91, 92, 95, 96, 97, 98, 99, 100, 102, 103, 104, 105, 107, 109, 110, 111, 112, 113, 114, 115, 116, 117, 118, 119, 120, 122, 123, 125, 127, 128, 129, 131, 132, 133, 134, 135, 136, 137, 138, 139, 140, 141, 142, 143, 144, 145, 146, 147, 148, 149, 150, 151, 152, 153, 154, 155, 156, 157, 158, 160, 162, 165, 167, 169, 170, 174, 175, 180, 182, 183, 184, 186, 190, 193, 194, 197, 200, 204, 205, 208, 211, 213, 216]",142,False,2.846663518061961e-05,-8.756383910521674e-07,9.780757857223926e-06
C4,1186,1186,819,367,1864,0.6905564924114671,0.30525531121878496,0.42336521064874644,cao2018,S45/070307n,all_channel,median,median__all_channel__C4,32,217,"[3, 4, 7, 11, 18, 25, 26, 28, 29, 31, 32, 33, 34, 35, 36, 38, 39, 40, 41, 42, 43, 44, 45, 46, 48, 49, 50, 51, 52, 54, 55, 56, 57, 59, 60, 61, 62, 63, 64, 65, 66, 68, 70, 71, 72, 73, 74, 76, 77, 79, 81, 82, 83, 84, 85, 86, 87, 88, 89, 91, 92, 95, 96, 97, 98, 99, 100, 102, 103, 104, 105, 107, 109, 110, 111, 112, 113, 114, 115, 116, 117, 118, 119, 120, 122, 123, 125, 127, 128, 129, 131, 132, 133, 134, 135, 136, 137, 138, 139, 140, 141, 142, 143, 144, 145, 146, 147, 148, 149, 150, 151, 152, 153, 154, 155, 156, 157, 158, 160, 162, 165, 167, 169, 170, 174, 175, 180, 182, 183, 184, 186, 190, 193, 194, 197, 200, 204, 205, 208, 211, 213, 216]",142,False,3.6124919988092294e-05,-1.2181728343569612e-06,1.2447697607483085e-05
FC4,1172,1172,795,377,1888,0.6783276450511946,0.29631010063361907,0.41245136186770426,cao2018,S45/070307n,all_channel,median,median__all_channel__FC4,32,217,"[3, 4, 7, 11, 18, 25, 26, 28, 29, 31, 32, 33, 34, 35, 36, 38, 39, 40, 41, 42, 43, 44, 45, 46, 48, 49, 50, 51, 52, 54, 55, 56, 57, 59, 60, 61, 62, 63, 64, 65, 66, 68, 70, 71, 72, 73, 74, 76, 77, 79, 81, 82, 83, 84, 85, 86, 87, 88, 89, 91, 92, 95, 96, 97, 98, 99, 100, 102, 103, 104, 105, 107, 109, 110, 111, 112, 113, 114, 115, 116, 117, 118, 119, 120, 122, 123, 125, 127, 128, 129, 131, 132, 133, 134, 135, 136, 137, 138, 139, 140, 141, 142, 143, 144, 145, 146, 147, 148, 149, 150, 151, 152, 153, 154, 155, 156, 157, 158, 160, 162, 165, 167, 169, 170, 174, 175, 180, 182, 183, 184, 186, 190, 193, 194, 197, 200, 204, 205, 208, 211, 213, 216]",142,False,3.59708728596901e-05,-1.1965561739580623e-06,1.2389143011216055e-05
FT8,1105,1105,769,336,1914,0.6959276018099547,0.28661945583302273,0.40601900739176344,cao2018,S45/070307n,all_channel,median,median__all_channel__FT8,32,217,"[3, 4, 7, 11, 18, 25, 26, 28, 29, 31, 32, 33, 34, 35, 36, 38, 39, 40, 41, 42, 43, 44, 45, 46, 48, 49, 50, 51, 52, 54, 55, 56, 57, 59, 60, 61, 62, 63, 64, 65, 66, 68, 70, 71, 72, 73, 74, 76, 77, 79, 81, 82, 83, 84, 85, 86, 87, 88, 89, 91, 92, 95, 96, 97, 98, 99, 100, 102, 103, 104, 105, 107, 109, 110, 111, 112, 113, 114, 115, 116, 117, 118, 119, 120, 122, 123, 125, 127, 128, 129, 131, 132, 133, 134, 135, 136, 137, 138, 139, 140, 141, 142, 143, 144, 145, 146, 147, 148, 149, 150, 151, 152, 153, 154, 155, 156, 157, 158, 160, 162, 165, 167, 169, 170, 174, 175, 180, 182, 183, 184, 186, 190, 193, 194, 197, 200, 204, 205, 208, 211, 213, 216]",142,False,3.440883742311989e-05,-1.0892546744061358e-06,1.183269736584201e-05
C3,1044,1044,690,354,1993,0.6609195402298851,0.25717480432351847,0.3702709954386907,cao2018,S45/070307n,all_channel,median,median__all_channel__C3,32,217,"[3, 4, 7, 11, 18, 25, 26, 28, 29, 31, 32, 33, 34, 35, 36, 38, 39, 40, 41, 42, 43, 44, 45, 46, 48, 49, 50, 51, 52, 54, 55, 56, 57, 59, 60, 61, 62, 63, 64, 65, 66, 68, 70, 71, 72, 73, 74, 76, 77, 79, 81, 82, 83, 84, 85, 86, 87, 88, 89, 91, 92, 95, 96, 97, 98, 99, 100, 102, 103, 104, 105, 107, 109, 110, 111, 112, 113, 114, 115, 116, 117, 118, 119, 120, 122, 123, 125, 127, 128, 129, 131, 132, 133, 134, 135, 136, 137, 138, 139, 140, 141, 142, 143, 144, 145, 146, 147, 148, 149, 150, 151, 152, 153, 154, 155, 156, 157, 158, 160, 162, 165, 167, 169, 170, 174, 175, 180, 182, 183, 184, 186, 190, 193, 194, 197, 200, 204, 205, 208, 211, 213, 216]",142,False,3.221719362721286e-05,-9.643858742836496e-07,1.1060526500498837e-05
CZ,837,837,526,311,2157,0.6284348864994026,0.1960491986582184,0.2988636363636364,cao2018,S45/070307n,all_channel,median,median__all_channel__CZ,32,217,"[3, 4, 7, 11, 18, 25, 26, 28, 29, 31, 32, 33, 34, 35, 36, 38, 39, 40, 41, 42, 43, 44, 45, 46, 48, 49, 50, 51, 52, 54, 55, 56, 57, 59, 60, 61, 62, 63, 64, 65, 66, 68, 70, 71, 72, 73, 74, 76, 77, 79, 81, 82, 83, 84, 85, 86, 87, 88, 89, 91, 92, 95, 96, 97, 98, 99, 100, 102, 103, 104, 105, 107, 109, 110, 111, 112, 113, 114, 115, 116, 117, 118, 119, 120, 122, 123, 125, 127, 128, 129, 131, 132, 133, 134, 135, 136, 137, 138, 139, 140, 141, 142, 143, 144, 145, 146, 147, 148, 149, 150, 151, 152, 153, 154, 155, 156, 157, 158, 160, 162, 165, 167, 169, 170, 174, 175, 180, 182, 183, 184, 186, 190, 193, 194, 197, 200, 204, 205, 208, 211, 213, 216]",142,False,3.4615702880497844e-05,-8.696604153642413e-07,1.182845443195403e-05
TP7,739,739,478,261,2205,0.6468200270635994,0.1781587774878867,0.2793687901811806,cao2018,S45/070307n,all_channel,median,median__all_channel__TP7,32,217,"[3, 4, 7, 11, 18, 25, 26, 28, 29, 31, 32, 33, 34, 35, 36, 38, 39, 40, 41, 42, 43, 44, 45, 46, 48, 49, 50, 51, 52, 54, 55, 56, 57, 59, 60, 61, 62, 63, 64, 65, 66, 68, 70, 71, 72, 73, 74, 76, 77, 79, 81, 82, 83, 84, 85, 86, 87, 88, 89, 91, 92, 95, 96, 97, 98, 99, 100, 102, 103, 104, 105, 107, 109, 110, 111, 112, 113, 114, 115, 116, 117, 118, 119, 120, 122, 123, 125, 127, 128, 129, 131, 132, 133, 134, 135, 136, 137, 138, 139, 140, 141, 142, 143, 144, 145, 146, 147, 148, 149, 150, 151, 152, 153, 154, 155, 156, 157, 158, 160, 162, 165, 167, 169, 170, 174, 175, 180, 182, 183, 184, 186, 190, 193, 194, 197, 200, 204, 205, 208, 211, 213, 216]",142,False,2.4673842457964855e-05,-5.746435696383722e-07,8.416162009201075e-06
T4,737,737,429,308,2254,0.582089552238806,0.15989563920983973,0.25087719298245614,cao2018,S45/070307n,all_channel,median,median__all_channel__T4,32,217,"[3, 4, 7, 11, 18, 25, 26, 28, 29, 31, 32, 33, 34, 35, 36, 38, 39, 40, 41, 42, 43, 44, 45, 46, 48, 49, 50, 51, 52, 54, 55, 56, 57, 59, 60, 61, 62, 63, 64, 65, 66, 68, 70, 71, 72, 73, 74, 76, 77, 79, 81, 82, 83, 84, 85, 86, 87, 88, 89, 91, 92, 95, 96, 97, 98, 99, 100, 102, 103, 104, 105, 107, 109, 110, 111, 112, 113, 114, 115, 116, 117, 118, 119, 120, 122, 123, 125, 127, 128, 129, 131, 132, 133, 134, 135, 136, 137, 138, 139, 140, 141, 142, 143, 144, 145, 146, 147, 148, 149, 150, 151, 152, 153, 154, 155, 156, 157, 158, 160, 162, 165, 167, 169, 170, 174, 175, 180, 182, 183, 184, 186, 190, 193, 194, 197, 200, 204, 205, 208, 211, 213, 216]",142,False,2.882890412885761e-05,-5.7832104916269e-07,9.802408392673432e-06
CP3,676,676,408,268,2275,0.6035502958579881,0.1520685799478196,0.24292944328669244,cao2018,S45/070307n,all_channel,median,median__all_channel__CP3,32,217,"[3, 4, 7, 11, 18, 25, 26, 28, 29, 31, 32, 33, 34, 35, 36, 38, 39, 40, 41, 42, 43, 44, 45, 46, 48, 49, 50, 51, 52, 54, 55, 56, 57, 59, 60, 61, 62, 63, 64, 65, 66, 68, 70, 71, 72, 73, 74, 76, 77, 79, 81, 82, 83, 84, 85, 86, 87, 88, 89, 91, 92, 95, 96, 97, 98, 99, 100, 102, 103, 104, 105, 107, 109, 110, 111, 112, 113, 114, 115, 116, 117, 118, 119, 120, 122, 123, 125, 127, 128, 129, 131, 132, 133, 134, 135, 136, 137, 138, 139, 140, 141, 142, 143, 144, 145, 146, 147, 148, 149, 150, 151, 152, 153, 154, 155, 156, 157, 158, 160, 162, 165, 167, 169, 170, 174, 175, 180, 182, 183, 184, 186, 190, 193, 194, 197, 200, 204, 205, 208, 211, 213, 216]",142,False,2.900147452162309e-05,-6.266884160271997e-07,9.876054312550097e-06
CP4,708,708,405,303,2278,0.5720338983050848,0.15095042862467387,0.23886759068121496,cao2018,S45/070307n,all_channel,median,median__all_channel__CP4,32,217,"[3, 4, 7, 11, 18, 25, 26, 28, 29, 31, 32, 33, 34, 35, 36, 38, 39, 40, 41, 42, 43, 44, 45, 46, 48, 49, 50, 51, 52, 54, 55, 56, 57, 59, 60, 61, 62, 63, 64, 65, 66, 68, 70, 71, 72, 73, 74, 76, 77, 79, 81, 82, 83, 84, 85, 86, 87, 88, 89, 91, 92, 95, 96, 97, 98, 99, 100, 102, 103, 104, 105, 107, 109, 110, 111, 112, 113, 114, 115, 116, 117, 118, 119, 120, 122, 123, 125, 127, 128, 129, 131, 132, 133, 134, 135, 136, 137, 138, 139, 140, 141, 142, 143, 144, 145, 146, 147, 148, 149, 150, 151, 152, 153, 154, 155, 156, 157, 158, 160, 162, 165, 167, 169, 170, 174, 175, 180, 182, 183, 184, 186, 190, 193, 194, 197, 200, 204, 205, 208, 211, 213, 216]",142,False,3.0324533627007582e-05,-6.421125942354418e-07,1.0322215407081007e-05
CPZ,647,647,360,287,2323,0.5564142194744977,0.1341781587774879,0.2162162162162162,cao2018,S45/070307n,all_channel,median,median__all_channel__CPZ,32,217,"[3, 4, 7, 11, 18, 25, 26, 28, 29, 31, 32, 33, 34, 35, 36, 38, 39, 40, 41, 42, 43, 44, 45, 46, 48, 49, 50, 51, 52, 54, 55, 56, 57, 59, 60, 61, 62, 63, 64, 65, 66, 68, 70, 71, 72, 73, 74, 76, 77, 79, 81, 82, 83, 84, 85, 86, 87, 88, 89, 91, 92, 95, 96, 97, 98, 99, 100, 102, 103, 104, 105, 107, 109, 110, 111, 112, 113, 114, 115, 116, 117, 118, 119, 120, 122, 123, 125, 127, 128, 129, 131, 132, 133, 134, 135, 136, 137, 138, 139, 140, 141, 142, 143, 144, 145, 146, 147, 148, 149, 150, 151, 152, 153, 154, 155, 156, 157, 158, 160, 162, 165, 167, 169, 170, 174, 175, 180, 182, 183, 184, 186, 190, 193, 194, 197, 200, 204, 205, 208, 211, 213, 216]",142,False,2.9963182005901108e-05,-5.486204530517405e-07,1.017060081965095e-05
P3,601,601,348,253,2335,0.5790349417637272,0.12970555348490495,0.21193666260657734,cao2018,S45/070307n,all_channel,median,median__all_channel__P3,32,217,"[3, 4, 7, 11, 18, 25, 26, 28, 29, 31, 32, 33, 34, 35, 36, 38, 39, 40, 41, 42, 43, 44, 45, 46, 48, 49, 50, 51, 52, 54, 55, 56, 57, 59, 60, 61, 62, 63, 64, 65, 66, 68, 70, 71, 72, 73, 74, 76, 77, 79, 81, 82, 83, 84, 85, 86, 87, 88, 89, 91, 92, 95, 96, 97, 98, 99, 100, 102, 103, 104, 105, 107, 109, 110, 111, 112, 113, 114, 115, 116, 117, 118, 119, 120, 122, 123, 125, 127, 128, 129, 131, 132, 133, 134, 135, 136, 137, 138, 139, 140, 141, 142, 143, 144, 145, 146, 147, 148, 149, 150, 151, 152, 153, 154, 155, 156, 157, 158, 160, 162, 165, 167, 169, 170, 174, 175, 180, 182, 183, 184, 186, 190, 193, 194, 197, 200, 204, 205, 208, 211, 213, 216]",142,False,2.5603276155797342e-05,-4.795823353089597e-07,8.6942861637021e-06
T3,1915,1915,456,1459,2227,0.2381201044386423,0.16995900111815132,0.1983471074380165,cao2018,S45/070307n,all_channel,median,median__all_channel__T3,32,217,"[3, 4, 7, 11, 18, 25, 26, 28, 29, 31, 32, 33, 34, 35, 36, 38, 39, 40, 41, 42, 43, 44, 45, 46, 48, 49, 50, 51, 52, 54, 55, 56, 57, 59, 60, 61, 62, 63, 64, 65, 66, 68, 70, 71, 72, 73, 74, 76, 77, 79, 81, 82, 83, 84, 85, 86, 87, 88, 89, 91, 92, 95, 96, 97, 98, 99, 100, 102, 103, 104, 105, 107, 109, 110, 111, 112, 113, 114, 115, 116, 117, 118, 119, 120, 122, 123, 125, 127, 128, 129, 131, 132, 133, 134, 135, 136, 137, 138, 139, 140, 141, 142, 143, 144, 145, 146, 147, 148, 149, 150, 151, 152, 153, 154, 155, 156, 157, 158, 160, 162, 165, 167, 169, 170, 174, 175, 180, 182, 183, 184, 186, 190, 193, 194, 197, 200, 204, 205, 208, 211, 213, 216]",142,False,3.701225503950143e-05,-1.1537732242667922e-06,1.2722009421256076e-05
TP8,577,577,287,290,2396,0.49740034662045063,0.10696980991427507,0.17607361963190185,cao2018,S45/070307n,all_channel,median,median__all_channel__TP8,32,217,"[3, 4, 7, 11, 18, 25, 26, 28, 29, 31, 32, 33, 34, 35, 36, 38, 39, 40, 41, 42, 43, 44, 45, 46, 48, 49, 50, 51, 52, 54, 55, 56, 57, 59, 60, 61, 62, 63, 64, 65, 66, 68, 70, 71, 72, 73, 74, 76, 77, 79, 81, 82, 83, 84, 85, 86, 87, 88, 89, 91, 92, 95, 96, 97, 98, 99, 100, 102, 103, 104, 105, 107, 109, 110, 111, 112, 113, 114, 115, 116, 117, 118, 119, 120, 122, 123, 125, 127, 128, 129, 131, 132, 133, 134, 135, 136, 137, 138, 139, 140, 141, 142, 143, 144, 145, 146, 147, 148, 149, 150, 151, 152, 153, 154, 155, 156, 157, 158, 160, 162, 165, 167, 169, 170, 174, 175, 180, 182, 183, 184, 186, 190, 193, 194, 197, 200, 204, 205, 208, 211, 213, 216]",142,False,2.3633748801221853e-05,-2.714523500999786e-07,7.968400383773943e-06
P4,536,536,270,266,2413,0.503731343283582,0.10063361908311591,0.1677539608574091,cao2018,S45/070307n,all_channel,median,median__all_channel__P4,32,217,"[3, 4, 7, 11, 18, 25, 26, 28, 29, 31, 32, 33, 34, 35, 36, 38, 39, 40, 41, 42, 43, 44, 45, 46, 48, 49, 50, 51, 52, 54, 55, 56, 57, 59, 60, 61, 62, 63, 64, 65, 66, 68, 70, 71, 72, 73, 74, 76, 77, 79, 81, 82, 83, 84, 85, 86, 87, 88, 89, 91, 92, 95, 96, 97, 98, 99, 100, 102, 103, 104, 105, 107, 109, 110, 111, 112, 113, 114, 115, 116, 117, 118, 119, 120, 122, 123, 125, 127, 128, 129, 131, 132, 133, 134, 135, 136, 137, 138, 139, 140, 141, 142, 143, 144, 145, 146, 147, 148, 149, 150, 151, 152, 153, 154, 155, 156, 157, 158, 160, 162, 165, 167, 169, 170, 174, 175, 180, 182, 183, 184, 186, 190, 193, 194, 197, 200, 204, 205, 208, 211, 213, 216]",142,False,2.6308721939503482e-05,-4.119715123887136e-07,8.9068978172974e-06
PZ,484,484,248,236,2435,0.512396694214876,0.09243384271338054,0.1566150931480897,cao2018,S45/070307n,all_channel,median,median__all_channel__PZ,32,217,"[3, 4, 7, 11, 18, 25, 26, 28, 29, 31, 32, 33, 34, 35, 36, 38, 39, 40, 41, 42, 43, 44, 45, 46, 48, 49, 50, 51, 52, 54, 55, 56, 57, 59, 60, 61, 62, 63, 64, 65, 66, 68, 70, 71, 72, 73, 74, 76, 77, 79, 81, 82, 83, 84, 85, 86, 87, 88, 89, 91, 92, 95, 96, 97, 98, 99, 100, 102, 103, 104, 105, 107, 109, 110, 111, 112, 113, 114, 115, 116, 117, 118, 119, 120, 122, 123, 125, 127, 128, 129, 131, 132, 133, 134, 135, 136, 137, 138, 139, 140, 141, 142, 143, 144, 145, 146, 147, 148, 149, 150, 151, 152, 153, 154, 155, 156, 157, 158, 160, 162, 165, 167, 169, 170, 174, 175, 180, 182, 183, 184, 186, 190, 193, 194, 197, 200, 204, 205, 208, 211, 213, 216]",142,False,2.731730006470445e-05,-4.1594729006784674e-07,9.244415784924099e-06
T5,566,566,227,339,2456,0.4010600706713781,0.08460678345136041,0.13973530317020622,cao2018,S45/070307n,all_channel,median,median__all_channel__T5,32,217,"[3, 4, 7, 11, 18, 25, 26, 28, 29, 31, 32, 33, 34, 35, 36, 38, 39, 40, 41, 42, 43, 44, 45, 46, 48, 49, 50, 51, 52, 54, 55, 56, 57, 59, 60, 61, 62, 63, 64, 65, 66, 68, 70, 71, 72, 73, 74, 76, 77, 79, 81, 82, 83, 84, 85, 86, 87, 88, 89, 91, 92, 95, 96, 97, 98, 99, 100, 102, 103, 104, 105, 107, 109, 110, 111, 112, 113, 114, 115, 116, 117, 118, 119, 120, 122, 123, 125, 127, 128, 129, 131, 132, 133, 134, 135, 136, 137, 138, 139, 140, 141, 142, 143, 144, 145, 146, 147, 148, 149, 150, 151, 152, 153, 154, 155, 156, 157, 158, 160, 162, 165, 167, 169, 170, 174, 175, 180, 182, 183, 184, 186, 190, 193, 194, 197, 200, 204, 205, 208, 211, 213, 216]",142,False,2.553419924762459e-05,-3.428719113113403e-07,8.625690386311977e-06
T6,363,363,162,201,2521,0.4462809917355372,0.06038017144986955,0.10636900853578463,cao2018,S45/070307n,all_channel,median,median__all_channel__T6,32,217,"[3, 4, 7, 11, 18, 25, 26, 28, 29, 31, 32, 33, 34, 35, 36, 38, 39, 40, 41, 42, 43, 44, 45, 46, 48, 49, 50, 51, 52, 54, 55, 56, 57, 59, 60, 61, 62, 63, 64, 65, 66, 68, 70, 71, 72, 73, 74, 76, 77, 79, 81, 82, 83, 84, 85, 86, 87, 88, 89, 91, 92, 95, 96, 97, 98, 99, 100, 102, 103, 104, 105, 107, 109, 110, 111, 112, 113, 114, 115, 116, 117, 118, 119, 120, 122, 123, 125, 127, 128, 129, 131, 132, 133, 134, 135, 136, 137, 138, 139, 140, 141, 142, 143, 144, 145, 146, 147, 148, 149, 150, 151, 152, 153, 154, 155, 156, 157, 158, 160, 162, 165, 167, 169, 170, 174, 175, 180, 182, 183, 184, 186, 190, 193, 194, 197, 200, 204, 205, 208, 211, 213, 216]",142,False,2.1344447582877317e-05,-1.3385850126034865e-07,7.159435361379222e-06
O1,317,317,136,181,2547,0.42902208201892744,0.0506895266492732,0.09066666666666667,cao2018,S45/070307n,all_channel,median,median__all_channel__O1,32,217,"[3, 4, 7, 11, 18, 25, 26, 28, 29, 31, 32, 33, 34, 35, 36, 38, 39, 40, 41, 42, 43, 44, 45, 46, 48, 49, 50, 51, 52, 54, 55, 56, 57, 59, 60, 61, 62, 63, 64, 65, 66, 68, 70, 71, 72, 73, 74, 76, 77, 79, 81, 82, 83, 84, 85, 86, 87, 88, 89, 91, 92, 95, 96, 97, 98, 99, 100, 102, 103, 104, 105, 107, 109, 110, 111, 112, 113, 114, 115, 116, 117, 118, 119, 120, 122, 123, 125, 127, 128, 129, 131, 132, 133, 134, 135, 136, 137, 138, 139, 140, 141, 142, 143, 144, 145, 146, 147, 148, 149, 150, 151, 152, 153, 154, 155, 156, 157, 158, 160, 162, 165, 167, 169, 170, 174, 175, 180, 182, 183, 184, 186, 190, 193, 194, 197, 200, 204, 205, 208, 211, 213, 216]",142,False,2.0369574358772092e-05,-9.891878414685047e-08,6.822831047639647e-06
OZ,306,306,115,191,2568,0.3758169934640523,0.04286246738725308,0.07694881231180997,cao2018,S45/070307n,all_channel,median,median__all_channel__OZ,32,217,"[3, 4, 7, 11, 18, 25, 26, 28, 29, 31, 32, 33, 34, 35, 36, 38, 39, 40, 41, 42, 43, 44, 45, 46, 48, 49, 50, 51, 52, 54, 55, 56, 57, 59, 60, 61, 62, 63, 64, 65, 66, 68, 70, 71, 72, 73, 74, 76, 77, 79, 81, 82, 83, 84, 85, 86, 87, 88, 89, 91, 92, 95, 96, 97, 98, 99, 100, 102, 103, 104, 105, 107, 109, 110, 111, 112, 113, 114, 115, 116, 117, 118, 119, 120, 122, 123, 125, 127, 128, 129, 131, 132, 133, 134, 135, 136, 137, 138, 139, 140, 141, 142, 143, 144, 145, 146, 147, 148, 149, 150, 151, 152, 153, 154, 155, 156, 157, 158, 160, 162, 165, 167, 169, 170, 174, 175, 180, 182, 183, 184, 186, 190, 193, 194, 197, 200, 204, 205, 208, 211, 213, 216]",142,False,1.9620150085291968e-05,-1.2873153406651762e-07,6.582960539786162e-06
O2,275,275,113,162,2570,0.4109090909090909,0.04211703317182259,0.0764029749830967,cao2018,S45/070307n,all_channel,median,median__all_channel__O2,32,217,"[3, 4, 7, 11, 18, 25, 26, 28, 29, 31, 32, 33, 34, 35, 36, 38, 39, 40, 41, 42, 43, 44, 45, 46, 48, 49, 50, 51, 52, 54, 55, 56, 57, 59, 60, 61, 62, 63, 64, 65, 66, 68, 70, 71, 72, 73, 74, 76, 77, 79, 81, 82, 83, 84, 85, 86, 87, 88, 89, 91, 92, 95, 96, 97, 98, 99, 100, 102, 103, 104, 105, 107, 109, 110, 111, 112, 113, 114, 115, 116, 117, 118, 119, 120, 122, 123, 125, 127, 128, 129, 131, 132, 133, 134, 135, 136, 137, 138, 139, 140, 141, 142, 143, 144, 145, 146, 147, 148, 149, 150, 151, 152, 153, 154, 155, 156, 157, 158, 160, 162, 165, 167, 169, 170, 174, 175, 180, 182, 183, 184, 186, 190, 193, 194, 197, 200, 204, 205, 208, 211, 213, 216]",142,False,2.245076198676819e-05,-9.98460997526901e-08,7.516869362173627e-06
A2,350,350,78,272,2605,0.22285714285714286,0.029071934401789044,0.051434223541048464,cao2018,S45/070307n,all_channel,median,median__all_channel__A2,32,217,"[3, 4, 7, 11, 18, 25, 26, 28, 29, 31, 32, 33, 34, 35, 36, 38, 39, 40, 41, 42, 43, 44, 45, 46, 48, 49, 50, 51, 52, 54, 55, 56, 57, 59, 60, 61, 62, 63, 64, 65, 66, 68, 70, 71, 72, 73, 74, 76, 77, 79, 81, 82, 83, 84, 85, 86, 87, 88, 89, 91, 92, 95, 96, 97, 98, 99, 100, 102, 103, 104, 105, 107, 109, 110, 111, 112, 113, 114, 115, 116, 117, 118, 119, 120, 122, 123, 125, 127, 128, 129, 131, 132, 133, 134, 135, 136, 137, 138, 139, 140, 141, 142, 143, 144, 145, 146, 147, 148, 149, 150, 151, 152, 153, 154, 155, 156, 157, 158, 160, 162, 165, 167, 169, 170, 174, 175, 180, 182, 183, 184, 186, 190, 193, 194, 197, 200, 204, 205, 208, 211, 213, 216]",142,False,9.512237719143483e-06,2.404235618420744e-07,3.0906047191004695e-06
A1,372,372,71,301,2612,0.19086021505376344,0.026462914647782332,0.04648117839607201,cao2018,S45/070307n,all_channel,median,median__all_channel__A1,32,217,"[3, 4, 7, 11, 18, 25, 26, 28, 29, 31, 32, 33, 34, 35, 36, 38, 39, 40, 41, 42, 43, 44, 45, 46, 48, 49, 50, 51, 52, 54, 55, 56, 57, 59, 60, 61, 62, 63, 64, 65, 66, 68, 70, 71, 72, 73, 74, 76, 77, 79, 81, 82, 83, 84, 85, 86, 87, 88, 89, 91, 92, 95, 96, 97, 98, 99, 100, 102, 103, 104, 105, 107, 109, 110, 111, 112, 113, 114, 115, 116, 117, 118, 119, 120, 122, 123, 125, 127, 128, 129, 131, 132, 133, 134, 135, 136, 137, 138, 139, 140, 141, 142, 143, 144, 145, 146, 147, 148, 149, 150, 151, 152, 153, 154, 155, 156, 157, 158, 160, 162, 165, 167, 169, 170, 174, 175, 180, 182, 183, 184, 186, 190, 193, 194, 197, 200, 204, 205, 208, 211, 213, 216]",142,False,9.030015479036903e-06,-2.40184693255607e-07,3.0900667240975035e-06
FP1,3041,3041,2482,559,201,0.816178888523512,0.9250838613492359,0.86722571628232,cao2018,S45/070307n,all_channel,mean,mean__all_channel__FP1,32,217,"[3, 4, 7, 11, 18, 25, 26, 28, 29, 31, 32, 33, 34, 35, 36, 38, 39, 40, 41, 42, 43, 44, 45, 46, 48, 49, 50, 51, 52, 54, 55, 56, 57, 59, 60, 61, 62, 63, 64, 65, 66, 68, 70, 71, 72, 73, 74, 76, 77, 79, 81, 82, 83, 84, 85, 86, 87, 88, 89, 91, 92, 95, 96, 97, 98, 99, 100, 102, 103, 104, 105, 107, 109, 110, 111, 112, 113, 114, 115, 116, 117, 118, 119, 120, 122, 123, 125, 127, 128, 129, 131, 132, 133, 134, 135, 136, 137, 138, 139, 140, 141, 142, 143, 144, 145, 146, 147, 148, 149, 150, 151, 152, 153, 154, 155, 156, 157, 158, 160, 162, 165, 167, 169, 170, 174, 175, 180, 182, 183, 184, 186, 190, 193, 194, 197, 200, 204, 205, 208, 211, 213, 216]",142,False,8.836190581578976e-05,-3.7540638412825544e-08,2.946648215140086e-05
FP2,2731,2731,2320,411,363,0.8495056755767119,0.8647036898993664,0.8570373106760253,cao2018,S45/070307n,all_channel,mean,mean__all_channel__FP2,32,217,"[3, 4, 7, 11, 18, 25, 26, 28, 29, 31, 32, 33, 34, 35, 36, 38, 39, 40, 41, 42, 43, 44, 45, 46, 48, 49, 50, 51, 52, 54, 55, 56, 57, 59, 60, 61, 62, 63, 64, 65, 66, 68, 70, 71, 72, 73, 74, 76, 77, 79, 81, 82, 83, 84, 85, 86, 87, 88, 89, 91, 92, 95, 96, 97, 98, 99, 100, 102, 103, 104, 105, 107, 109, 110, 111, 112, 113, 114, 115, 116, 117, 118, 119, 120, 122, 123, 125, 127, 128, 129, 131, 132, 133, 134, 135, 136, 137, 138, 139, 140, 141, 142, 143, 144, 145, 146, 147, 148, 149, 150, 151, 152, 153, 154, 155, 156, 157, 158, 160, 162, 165, 167, 169, 170, 174, 175, 180, 182, 183, 184, 186, 190, 193, 194, 197, 200, 204, 205, 208, 211, 213, 216]",142,False,8.902751543999554e-05,-3.717419556046286e-08,2.9688229878518667e-05
F7,2448,2448,2038,410,645,0.8325163398692811,0.7595974655236676,0.7943870590528161,cao2018,S45/070307n,all_channel,mean,mean__all_channel__F7,32,217,"[3, 4, 7, 11, 18, 25, 26, 28, 29, 31, 32, 33, 34, 35, 36, 38, 39, 40, 41, 42, 43, 44, 45, 46, 48, 49, 50, 51, 52, 54, 55, 56, 57, 59, 60, 61, 62, 63, 64, 65, 66, 68, 70, 71, 72, 73, 74, 76, 77, 79, 81, 82, 83, 84, 85, 86, 87, 88, 89, 91, 92, 95, 96, 97, 98, 99, 100, 102, 103, 104, 105, 107, 109, 110, 111, 112, 113, 114, 115, 116, 117, 118, 119, 120, 122, 123, 125, 127, 128, 129, 131, 132, 133, 134, 135, 136, 137, 138, 139, 140, 141, 142, 143, 144, 145, 146, 147, 148, 149, 150, 151, 152, 153, 154, 155, 156, 157, 158, 160, 162, 165, 167, 169, 170, 174, 175, 180, 182, 183, 184, 186, 190, 193, 194, 197, 200, 204, 205, 208, 211, 213, 216]",142,False,4.847762094795464e-05,-1.4252614181201728e-08,1.616395785404528e-05
FZ,2525,2525,2054,471,629,0.8134653465346534,0.7655609392471114,0.7887864823348695,cao2018,S45/070307n,all_channel,mean,mean__all_channel__FZ,32,217,"[3, 4, 7, 11, 18, 25, 26, 28, 29, 31, 32, 33, 34, 35, 36, 38, 39, 40, 41, 42, 43, 44, 45, 46, 48, 49, 50, 51, 52, 54, 55, 56, 57, 59, 60, 61, 62, 63, 64, 65, 66, 68, 70, 71, 72, 73, 74, 76, 77, 79, 81, 82, 83, 84, 85, 86, 87, 88, 89, 91, 92, 95, 96, 97, 98, 99, 100, 102, 103, 104, 105, 107, 109, 110, 111, 112, 113, 114, 115, 116, 117, 118, 119, 120, 122, 123, 125, 127, 128, 129, 131, 132, 133, 134, 135, 136, 137, 138, 139, 140, 141, 142, 143, 144, 145, 146, 147, 148, 149, 150, 151, 152, 153, 154, 155, 156, 157, 158, 160, 162, 165, 167, 169, 170, 174, 175, 180, 182, 183, 184, 186, 190, 193, 194, 197, 200, 204, 205, 208, 211, 213, 216]",142,False,5.322137361593829e-05,-1.50749089925484e-08,1.774548284164361e-05
F3,2360,2360,1876,484,807,0.7949152542372881,0.699217294073798,0.744001586357327,cao2018,S45/070307n,all_channel,mean,mean__all_channel__F3,32,217,"[3, 4, 7, 11, 18, 25, 26, 28, 29, 31, 32, 33, 34, 35, 36, 38, 39, 40, 41, 42, 43, 44, 45, 46, 48, 49, 50, 51, 52, 54, 55, 56, 57, 59, 60, 61, 62, 63, 64, 65, 66, 68, 70, 71, 72, 73, 74, 76, 77, 79, 81, 82, 83, 84, 85, 86, 87, 88, 89, 91, 92, 95, 96, 97, 98, 99, 100, 102, 103, 104, 105, 107, 109, 110, 111, 112, 113, 114, 115, 116, 117, 118, 119, 120, 122, 123, 125, 127, 128, 129, 131, 132, 133, 134, 135, 136, 137, 138, 139, 140, 141, 142, 143, 144, 145, 146, 147, 148, 149, 150, 151, 152, 153, 154, 155, 156, 157, 158, 160, 162, 165, 167, 169, 170, 174, 175, 180, 182, 183, 184, 186, 190, 193, 194, 197, 200, 204, 205, 208, 211, 213, 216]",142,False,4.7803959558683274e-05,-8.819342651752597e-09,1.5937592967111675e-05
F4,1978,1978,1601,377,1082,0.8094034378159757,0.5967200894521059,0.6869770435528856,cao2018,S45/070307n,all_channel,mean,mean__all_channel__F4,32,217,"[3, 4, 7, 11, 18, 25, 26, 28, 29, 31, 32, 33, 34, 35, 36, 38, 39, 40, 41, 42, 43, 44, 45, 46, 48, 49, 50, 51, 52, 54, 55, 56, 57, 59, 60, 61, 62, 63, 64, 65, 66, 68, 70, 71, 72, 73, 74, 76, 77, 79, 81, 82, 83, 84, 85, 86, 87, 88, 89, 91, 92, 95, 96, 97, 98, 99, 100, 102, 103, 104, 105, 107, 109, 110, 111, 112, 113, 114, 115, 116, 117, 118, 119, 120, 122, 123, 125, 127, 128, 129, 131, 132, 133, 134, 135, 136, 137, 138, 139, 140, 141, 142, 143, 144, 145, 146, 147, 148, 149, 150, 151, 152, 153, 154, 155, 156, 157, 158, 160, 162, 165, 167, 169, 170, 174, 175, 180, 182, 183, 184, 186, 190, 193, 194, 197, 200, 204, 205, 208, 211, 213, 216]",142,False,5.128563446382237e-05,-1.3516149366791893e-08,1.7099716871063054e-05
F8,1832,1832,1514,318,1169,0.8264192139737991,0.5642937010808796,0.6706533776301218,cao2018,S45/070307n,all_channel,mean,mean__all_channel__F8,32,217,"[3, 4, 7, 11, 18, 25, 26, 28, 29, 31, 32, 33, 34, 35, 36, 38, 39, 40, 41, 42, 43, 44, 45, 46, 48, 49, 50, 51, 52, 54, 55, 56, 57, 59, 60, 61, 62, 63, 64, 65, 66, 68, 70, 71, 72, 73, 74, 76, 77, 79, 81, 82, 83, 84, 85, 86, 87, 88, 89, 91, 92, 95, 96, 97, 98, 99, 100, 102, 103, 104, 105, 107, 109, 110, 111, 112, 113, 114, 115, 116, 117, 118, 119, 120, 122, 123, 125, 127, 128, 129, 131, 132, 133, 134, 135, 136, 137, 138, 139, 140, 141, 142, 143, 144, 145, 146, 147, 148, 149, 150, 151, 152, 153, 154, 155, 156, 157, 158, 160, 162, 165, 167, 169, 170, 174, 175, 180, 182, 183, 184, 186, 190, 193, 194, 197, 200, 204, 205, 208, 211, 213, 216]",142,False,4.618430865205168e-05,-1.2452065453071502e-08,1.539892023916825e-05
FCZ,1558,1558,1165,393,1518,0.7477535301668806,0.4342154304882594,0.5493987267153974,cao2018,S45/070307n,all_channel,mean,mean__all_channel__FCZ,32,217,"[3, 4, 7, 11, 18, 25, 26, 28, 29, 31, 32, 33, 34, 35, 36, 38, 39, 40, 41, 42, 43, 44, 45, 46, 48, 49, 50, 51, 52, 54, 55, 56, 57, 59, 60, 61, 62, 63, 64, 65, 66, 68, 70, 71, 72, 73, 74, 76, 77, 79, 81, 82, 83, 84, 85, 86, 87, 88, 89, 91, 92, 95, 96, 97, 98, 99, 100, 102, 103, 104, 105, 107, 109, 110, 111, 112, 113, 114, 115, 116, 117, 118, 119, 120, 122, 123, 125, 127, 128, 129, 131, 132, 133, 134, 135, 136, 137, 138, 139, 140, 141, 142, 143, 144, 145, 146, 147, 148, 149, 150, 151, 152, 153, 154, 155, 156, 157, 158, 160, 162, 165, 167, 169, 170, 174, 175, 180, 182, 183, 184, 186, 190, 193, 194, 197, 200, 204, 205, 208, 211, 213, 216]",142,False,4.176692590352291e-05,-6.2035550151277744e-09,1.3924376486179347e-05
FC3,1123,1123,821,302,1862,0.7310774710596616,0.3060007454342154,0.4314240672622175,cao2018,S45/070307n,all_channel,mean,mean__all_channel__FC3,32,217,"[3, 4, 7, 11, 18, 25, 26, 28, 29, 31, 32, 33, 34, 35, 36, 38, 39, 40, 41, 42, 43, 44, 45, 46, 48, 49, 50, 51, 52, 54, 55, 56, 57, 59, 60, 61, 62, 63, 64, 65, 66, 68, 70, 71, 72, 73, 74, 76, 77, 79, 81, 82, 83, 84, 85, 86, 87, 88, 89, 91, 92, 95, 96, 97, 98, 99, 100, 102, 103, 104, 105, 107, 109, 110, 111, 112, 113, 114, 115, 116, 117, 118, 119, 120, 122, 123, 125, 127, 128, 129, 131, 132, 133, 134, 135, 136, 137, 138, 139, 140, 141, 142, 143, 144, 145, 146, 147, 148, 149, 150, 151, 152, 153, 154, 155, 156, 157, 158, 160, 162, 165, 167, 169, 170, 174, 175, 180, 182, 183, 184, 186, 190, 193, 194, 197, 200, 204, 205, 208, 211, 213, 216]",142,False,4.246398984525541e-05,-5.167317352587036e-09,1.4156385720869332e-05
FT7,972,972,722,250,1961,0.742798353909465,0.26910175177040624,0.3950752393980848,cao2018,S45/070307n,all_channel,mean,mean__all_channel__FT7,32,217,"[3, 4, 7, 11, 18, 25, 26, 28, 29, 31, 32, 33, 34, 35, 36, 38, 39, 40, 41, 42, 43, 44, 45, 46, 48, 49, 50, 51, 52, 54, 55, 56, 57, 59, 60, 61, 62, 63, 64, 65, 66, 68, 70, 71, 72, 73, 74, 76, 77, 79, 81, 82, 83, 84, 85, 86, 87, 88, 89, 91, 92, 95, 96, 97, 98, 99, 100, 102, 103, 104, 105, 107, 109, 110, 111, 112, 113, 114, 115, 116, 117, 118, 119, 120, 122, 123, 125, 127, 128, 129, 131, 132, 133, 134, 135, 136, 137, 138, 139, 140, 141, 142, 143, 144, 145, 146, 147, 148, 149, 150, 151, 152, 153, 154, 155, 156, 157, 158, 160, 162, 165, 167, 169, 170, 174, 175, 180, 182, 183, 184, 186, 190, 193, 194, 197, 200, 204, 205, 208, 211, 213, 216]",142,False,2.933593339793341e-05,-6.340173738365792e-09,9.780757857223926e-06
C4,1069,1069,732,337,1951,0.6847521047708138,0.2728289228475587,0.3901918976545843,cao2018,S45/070307n,all_channel,mean,mean__all_channel__C4,32,217,"[3, 4, 7, 11, 18, 25, 26, 28, 29, 31, 32, 33, 34, 35, 36, 38, 39, 40, 41, 42, 43, 44, 45, 46, 48, 49, 50, 51, 52, 54, 55, 56, 57, 59, 60, 61, 62, 63, 64, 65, 66, 68, 70, 71, 72, 73, 74, 76, 77, 79, 81, 82, 83, 84, 85, 86, 87, 88, 89, 91, 92, 95, 96, 97, 98, 99, 100, 102, 103, 104, 105, 107, 109, 110, 111, 112, 113, 114, 115, 116, 117, 118, 119, 120, 122, 123, 125, 127, 128, 129, 131, 132, 133, 134, 135, 136, 137, 138, 139, 140, 141, 142, 143, 144, 145, 146, 147, 148, 149, 150, 151, 152, 153, 154, 155, 156, 157, 158, 160, 162, 165, 167, 169, 170, 174, 175, 180, 182, 183, 184, 186, 190, 193, 194, 197, 200, 204, 205, 208, 211, 213, 216]",142,False,3.733657403783998e-05,-6.5187846092804415e-09,1.2447697607483085e-05
FC4,1038,1038,704,334,1979,0.6782273603082851,0.2623928438315319,0.37839290513302876,cao2018,S45/070307n,all_channel,mean,mean__all_channel__FC4,32,217,"[3, 4, 7, 11, 18, 25, 26, 28, 29, 31, 32, 33, 34, 35, 36, 38, 39, 40, 41, 42, 43, 44, 45, 46, 48, 49, 50, 51, 52, 54, 55, 56, 57, 59, 60, 61, 62, 63, 64, 65, 66, 68, 70, 71, 72, 73, 74, 76, 77, 79, 81, 82, 83, 84, 85, 86, 87, 88, 89, 91, 92, 95, 96, 97, 98, 99, 100, 102, 103, 104, 105, 107, 109, 110, 111, 112, 113, 114, 115, 116, 117, 118, 119, 120, 122, 123, 125, 127, 128, 129, 131, 132, 133, 134, 135, 136, 137, 138, 139, 140, 141, 142, 143, 144, 145, 146, 147, 148, 149, 150, 151, 152, 153, 154, 155, 156, 157, 158, 160, 162, 165, 167, 169, 170, 174, 175, 180, 182, 183, 184, 186, 190, 193, 194, 197, 200, 204, 205, 208, 211, 213, 216]",142,False,3.716078744733141e-05,-6.641586316755876e-09,1.2389143011216055e-05
FT8,981,981,675,306,2008,0.6880733944954128,0.2515840477077898,0.36844978165938863,cao2018,S45/070307n,all_channel,mean,mean__all_channel__FT8,32,217,"[3, 4, 7, 11, 18, 25, 26, 28, 29, 31, 32, 33, 34, 35, 36, 38, 39, 40, 41, 42, 43, 44, 45, 46, 48, 49, 50, 51, 52, 54, 55, 56, 57, 59, 60, 61, 62, 63, 64, 65, 66, 68, 70, 71, 72, 73, 74, 76, 77, 79, 81, 82, 83, 84, 85, 86, 87, 88, 89, 91, 92, 95, 96, 97, 98, 99, 100, 102, 103, 104, 105, 107, 109, 110, 111, 112, 113, 114, 115, 116, 117, 118, 119, 120, 122, 123, 125, 127, 128, 129, 131, 132, 133, 134, 135, 136, 137, 138, 139, 140, 141, 142, 143, 144, 145, 146, 147, 148, 149, 150, 151, 152, 153, 154, 155, 156, 157, 158, 160, 162, 165, 167, 169, 170, 174, 175, 180, 182, 183, 184, 186, 190, 193, 194, 197, 200, 204, 205, 208, 211, 213, 216]",142,False,3.549426607217609e-05,-3.826025349940833e-09,1.183269736584201e-05
C3,940,940,626,314,2057,0.6659574468085107,0.23332090942974282,0.3455699696384212,cao2018,S45/070307n,all_channel,mean,mean__all_channel__C3,32,217,"[3, 4, 7, 11, 18, 25, 26, 28, 29, 31, 32, 33, 34, 35, 36, 38, 39, 40, 41, 42, 43, 44, 45, 46, 48, 49, 50, 51, 52, 54, 55, 56, 57, 59, 60, 61, 62, 63, 64, 65, 66, 68, 70, 71, 72, 73, 74, 76, 77, 79, 81, 82, 83, 84, 85, 86, 87, 88, 89, 91, 92, 95, 96, 97, 98, 99, 100, 102, 103, 104, 105, 107, 109, 110, 111, 112, 113, 114, 115, 116, 117, 118, 119, 120, 122, 123, 125, 127, 128, 129, 131, 132, 133, 134, 135, 136, 137, 138, 139, 140, 141, 142, 143, 144, 145, 146, 147, 148, 149, 150, 151, 152, 153, 154, 155, 156, 157, 158, 160, 162, 165, 167, 169, 170, 174, 175, 180, 182, 183, 184, 186, 190, 193, 194, 197, 200, 204, 205, 208, 211, 213, 216]",142,False,3.3182855557512756e-05,1.276056016246472e-09,1.1060526500498837e-05
CZ,776,776,489,287,2194,0.6301546391752577,0.18225866567275437,0.28274067649609713,cao2018,S45/070307n,all_channel,mean,mean__all_channel__CZ,32,217,"[3, 4, 7, 11, 18, 25, 26, 28, 29, 31, 32, 33, 34, 35, 36, 38, 39, 40, 41, 42, 43, 44, 45, 46, 48, 49, 50, 51, 52, 54, 55, 56, 57, 59, 60, 61, 62, 63, 64, 65, 66, 68, 70, 71, 72, 73, 74, 76, 77, 79, 81, 82, 83, 84, 85, 86, 87, 88, 89, 91, 92, 95, 96, 97, 98, 99, 100, 102, 103, 104, 105, 107, 109, 110, 111, 112, 113, 114, 115, 116, 117, 118, 119, 120, 122, 123, 125, 127, 128, 129, 131, 132, 133, 134, 135, 136, 137, 138, 139, 140, 141, 142, 143, 144, 145, 146, 147, 148, 149, 150, 151, 152, 153, 154, 155, 156, 157, 158, 160, 162, 165, 167, 169, 170, 174, 175, 180, 182, 183, 184, 186, 190, 193, 194, 197, 200, 204, 205, 208, 211, 213, 216]",142,False,3.5480647044886575e-05,-4.716250975510627e-09,1.182845443195403e-05
TP7,690,690,442,248,2241,0.6405797101449275,0.1647409616101379,0.26208123332345096,cao2018,S45/070307n,all_channel,mean,mean__all_channel__TP7,32,217,"[3, 4, 7, 11, 18, 25, 26, 28, 29, 31, 32, 33, 34, 35, 36, 38, 39, 40, 41, 42, 43, 44, 45, 46, 48, 49, 50, 51, 52, 54, 55, 56, 57, 59, 60, 61, 62, 63, 64, 65, 66, 68, 70, 71, 72, 73, 74, 76, 77, 79, 81, 82, 83, 84, 85, 86, 87, 88, 89, 91, 92, 95, 96, 97, 98, 99, 100, 102, 103, 104, 105, 107, 109, 110, 111, 112, 113, 114, 115, 116, 117, 118, 119, 120, 122, 123, 125, 127, 128, 129, 131, 132, 133, 134, 135, 136, 137, 138, 139, 140, 141, 142, 143, 144, 145, 146, 147, 148, 149, 150, 151, 152, 153, 154, 155, 156, 157, 158, 160, 162, 165, 167, 169, 170, 174, 175, 180, 182, 183, 184, 186, 190, 193, 194, 197, 200, 204, 205, 208, 211, 213, 216]",142,False,2.524753177593393e-05,-9.54251669296337e-10,8.416162009201075e-06
T4,686,686,399,287,2284,0.5816326530612245,0.1487141259783824,0.23686553873552985,cao2018,S45/070307n,all_channel,mean,mean__all_channel__T4,32,217,"[3, 4, 7, 11, 18, 25, 26, 28, 29, 31, 32, 33, 34, 35, 36, 38, 39, 40, 41, 42, 43, 44, 45, 46, 48, 49, 50, 51, 52, 54, 55, 56, 57, 59, 60, 61, 62, 63, 64, 65, 66, 68, 70, 71, 72, 73, 74, 76, 77, 79, 81, 82, 83, 84, 85, 86, 87, 88, 89, 91, 92, 95, 96, 97, 98, 99, 100, 102, 103, 104, 105, 107, 109, 110, 111, 112, 113, 114, 115, 116, 117, 118, 119, 120, 122, 123, 125, 127, 128, 129, 131, 132, 133, 134, 135, 136, 137, 138, 139, 140, 141, 142, 143, 144, 145, 146, 147, 148, 149, 150, 151, 152, 153, 154, 155, 156, 157, 158, 160, 162, 165, 167, 169, 170, 174, 175, 180, 182, 183, 184, 186, 190, 193, 194, 197, 200, 204, 205, 208, 211, 213, 216]",142,False,2.941107214349997e-05,3.846965479669671e-09,9.802408392673432e-06
CP3,633,633,380,253,2303,0.6003159557661928,0.14163250093179278,0.22919179734620024,cao2018,S45/070307n,all_channel,mean,mean__all_channel__CP3,32,217,"[3, 4, 7, 11, 18, 25, 26, 28, 29, 31, 32, 33, 34, 35, 36, 38, 39, 40, 41, 42, 43, 44, 45, 46, 48, 49, 50, 51, 52, 54, 55, 56, 57, 59, 60, 61, 62, 63, 64, 65, 66, 68, 70, 71, 72, 73, 74, 76, 77, 79, 81, 82, 83, 84, 85, 86, 87, 88, 89, 91, 92, 95, 96, 97, 98, 99, 100, 102, 103, 104, 105, 107, 109, 110, 111, 112, 113, 114, 115, 116, 117, 118, 119, 120, 122, 123, 125, 127, 128, 129, 131, 132, 133, 134, 135, 136, 137, 138, 139, 140, 141, 142, 143, 144, 145, 146, 147, 148, 149, 150, 151, 152, 153, 154, 155, 156, 157, 158, 160, 162, 165, 167, 169, 170, 174, 175, 180, 182, 183, 184, 186, 190, 193, 194, 197, 200, 204, 205, 208, 211, 213, 216]",142,False,2.9627769112781695e-05,-3.9382486859812555e-10,9.876054312550097e-06
CP4,665,665,378,287,2305,0.5684210526315789,0.14088706671636228,0.22580645161290322,cao2018,S45/070307n,all_channel,mean,mean__all_channel__CP4,32,217,"[3, 4, 7, 11, 18, 25, 26, 28, 29, 31, 32, 33, 34, 35, 36, 38, 39, 40, 41, 42, 43, 44, 45, 46, 48, 49, 50, 51, 52, 54, 55, 56, 57, 59, 60, 61, 62, 63, 64, 65, 66, 68, 70, 71, 72, 73, 74, 76, 77, 79, 81, 82, 83, 84, 85, 86, 87, 88, 89, 91, 92, 95, 96, 97, 98, 99, 100, 102, 103, 104, 105, 107, 109, 110, 111, 112, 113, 114, 115, 116, 117, 118, 119, 120, 122, 123, 125, 127, 128, 129, 131, 132, 133, 134, 135, 136, 137, 138, 139, 140, 141, 142, 143, 144, 145, 146, 147, 148, 149, 150, 151, 152, 153, 154, 155, 156, 157, 158, 160, 162, 165, 167, 169, 170, 174, 175, 180, 182, 183, 184, 186, 190, 193, 194, 197, 200, 204, 205, 208, 211, 213, 216]",142,False,3.0965268720439786e-05,-1.377500803238938e-09,1.0322215407081007e-05
CPZ,605,605,335,270,2348,0.5537190082644629,0.12486023108460678,0.20377128953771292,cao2018,S45/070307n,all_channel,mean,mean__all_channel__CPZ,32,217,"[3, 4, 7, 11, 18, 25, 26, 28, 29, 31, 32, 33, 34, 35, 36, 38, 39, 40, 41, 42, 43, 44, 45, 46, 48, 49, 50, 51, 52, 54, 55, 56, 57, 59, 60, 61, 62, 63, 64, 65, 66, 68, 70, 71, 72, 73, 74, 76, 77, 79, 81, 82, 83, 84, 85, 86, 87, 88, 89, 91, 92, 95, 96, 97, 98, 99, 100, 102, 103, 104, 105, 107, 109, 110, 111, 112, 113, 114, 115, 116, 117, 118, 119, 120, 122, 123, 125, 127, 128, 129, 131, 132, 133, 134, 135, 136, 137, 138, 139, 140, 141, 142, 143, 144, 145, 146, 147, 148, 149, 150, 151, 152, 153, 154, 155, 156, 157, 158, 160, 162, 165, 167, 169, 170, 174, 175, 180, 182, 183, 184, 186, 190, 193, 194, 197, 200, 204, 205, 208, 211, 213, 216]",142,False,3.0509585291270692e-05,-2.2171676821584965e-09,1.017060081965095e-05
P3,563,563,329,234,2354,0.5843694493783304,0.12262392843831532,0.20271102895871843,cao2018,S45/070307n,all_channel,mean,mean__all_channel__P3,32,217,"[3, 4, 7, 11, 18, 25, 26, 28, 29, 31, 32, 33, 34, 35, 36, 38, 39, 40, 41, 42, 43, 44, 45, 46, 48, 49, 50, 51, 52, 54, 55, 56, 57, 59, 60, 61, 62, 63, 64, 65, 66, 68, 70, 71, 72, 73, 74, 76, 77, 79, 81, 82, 83, 84, 85, 86, 87, 88, 89, 91, 92, 95, 96, 97, 98, 99, 100, 102, 103, 104, 105, 107, 109, 110, 111, 112, 113, 114, 115, 116, 117, 118, 119, 120, 122, 123, 125, 127, 128, 129, 131, 132, 133, 134, 135, 136, 137, 138, 139, 140, 141, 142, 143, 144, 145, 146, 147, 148, 149, 150, 151, 152, 153, 154, 155, 156, 157, 158, 160, 162, 165, 167, 169, 170, 174, 175, 180, 182, 183, 184, 186, 190, 193, 194, 197, 200, 204, 205, 208, 211, 213, 216]",142,False,2.608341209067767e-05,5.535995713688297e-10,8.6942861637021e-06
T3,1890,1890,439,1451,2244,0.23227513227513227,0.16362281028699216,0.19199650120271156,cao2018,S45/070307n,all_channel,mean,mean__all_channel__T3,32,217,"[3, 4, 7, 11, 18, 25, 26, 28, 29, 31, 32, 33, 34, 35, 36, 38, 39, 40, 41, 42, 43, 44, 45, 46, 48, 49, 50, 51, 52, 54, 55, 56, 57, 59, 60, 61, 62, 63, 64, 65, 66, 68, 70, 71, 72, 73, 74, 76, 77, 79, 81, 82, 83, 84, 85, 86, 87, 88, 89, 91, 92, 95, 96, 97, 98, 99, 100, 102, 103, 104, 105, 107, 109, 110, 111, 112, 113, 114, 115, 116, 117, 118, 119, 120, 122, 123, 125, 127, 128, 129, 131, 132, 133, 134, 135, 136, 137, 138, 139, 140, 141, 142, 143, 144, 145, 146, 147, 148, 149, 150, 151, 152, 153, 154, 155, 156, 157, 158, 160, 162, 165, 167, 169, 170, 174, 175, 180, 182, 183, 184, 186, 190, 193, 194, 197, 200, 204, 205, 208, 211, 213, 216]",142,False,3.8121131969037535e-05,-4.4896294730688077e-08,1.2722009421256076e-05
TP8,555,555,277,278,2406,0.4990990990990991,0.10324263883712262,0.17109326744904263,cao2018,S45/070307n,all_channel,mean,mean__all_channel__TP8,32,217,"[3, 4, 7, 11, 18, 25, 26, 28, 29, 31, 32, 33, 34, 35, 36, 38, 39, 40, 41, 42, 43, 44, 45, 46, 48, 49, 50, 51, 52, 54, 55, 56, 57, 59, 60, 61, 62, 63, 64, 65, 66, 68, 70, 71, 72, 73, 74, 76, 77, 79, 81, 82, 83, 84, 85, 86, 87, 88, 89, 91, 92, 95, 96, 97, 98, 99, 100, 102, 103, 104, 105, 107, 109, 110, 111, 112, 113, 114, 115, 116, 117, 118, 119, 120, 122, 123, 125, 127, 128, 129, 131, 132, 133, 134, 135, 136, 137, 138, 139, 140, 141, 142, 143, 144, 145, 146, 147, 148, 149, 150, 151, 152, 153, 154, 155, 156, 157, 158, 160, 162, 165, 167, 169, 170, 174, 175, 180, 182, 183, 184, 186, 190, 193, 194, 197, 200, 204, 205, 208, 211, 213, 216]",142,False,2.3907131675598485e-05,1.9305242766520135e-09,7.968400383773943e-06
P4,508,508,254,254,2429,0.5,0.09467014535967201,0.15919774365402695,cao2018,S45/070307n,all_channel,mean,mean__all_channel__P4,32,217,"[3, 4, 7, 11, 18, 25, 26, 28, 29, 31, 32, 33, 34, 35, 36, 38, 39, 40, 41, 42, 43, 44, 45, 46, 48, 49, 50, 51, 52, 54, 55, 56, 57, 59, 60, 61, 62, 63, 64, 65, 66, 68, 70, 71, 72, 73, 74, 76, 77, 79, 81, 82, 83, 84, 85, 86, 87, 88, 89, 91, 92, 95, 96, 97, 98, 99, 100, 102, 103, 104, 105, 107, 109, 110, 111, 112, 113, 114, 115, 116, 117, 118, 119, 120, 122, 123, 125, 127, 128, 129, 131, 132, 133, 134, 135, 136, 137, 138, 139, 140, 141, 142, 143, 144, 145, 146, 147, 148, 149, 150, 151, 152, 153, 154, 155, 156, 157, 158, 160, 162, 165, 167, 169, 170, 174, 175, 180, 182, 183, 184, 186, 190, 193, 194, 197, 200, 204, 205, 208, 211, 213, 216]",142,False,2.6721236564802904e-05,5.431129107072492e-10,8.9068978172974e-06
PZ,461,461,235,226,2448,0.5097613882863341,0.08758852031308237,0.14949109414758271,cao2018,S45/070307n,all_channel,mean,mean__all_channel__PZ,32,217,"[3, 4, 7, 11, 18, 25, 26, 28, 29, 31, 32, 33, 34, 35, 36, 38, 39, 40, 41, 42, 43, 44, 45, 46, 48, 49, 50, 51, 52, 54, 55, 56, 57, 59, 60, 61, 62, 63, 64, 65, 66, 68, 70, 71, 72, 73, 74, 76, 77, 79, 81, 82, 83, 84, 85, 86, 87, 88, 89, 91, 92, 95, 96, 97, 98, 99, 100, 102, 103, 104, 105, 107, 109, 110, 111, 112, 113, 114, 115, 116, 117, 118, 119, 120, 122, 123, 125, 127, 128, 129, 131, 132, 133, 134, 135, 136, 137, 138, 139, 140, 141, 142, 143, 144, 145, 146, 147, 148, 149, 150, 151, 152, 153, 154, 155, 156, 157, 158, 160, 162, 165, 167, 169, 170, 174, 175, 180, 182, 183, 184, 186, 190, 193, 194, 197, 200, 204, 205, 208, 211, 213, 216]",142,False,2.773299383361808e-05,-2.5352115421734693e-10,9.244415784924099e-06
T5,545,545,222,323,2461,0.4073394495412844,0.0827431979127842,0.13754646840148702,cao2018,S45/070307n,all_channel,mean,mean__all_channel__T5,32,217,"[3, 4, 7, 11, 18, 25, 26, 28, 29, 31, 32, 33, 34, 35, 36, 38, 39, 40, 41, 42, 43, 44, 45, 46, 48, 49, 50, 51, 52, 54, 55, 56, 57, 59, 60, 61, 62, 63, 64, 65, 66, 68, 70, 71, 72, 73, 74, 76, 77, 79, 81, 82, 83, 84, 85, 86, 87, 88, 89, 91, 92, 95, 96, 97, 98, 99, 100, 102, 103, 104, 105, 107, 109, 110, 111, 112, 113, 114, 115, 116, 117, 118, 119, 120, 122, 123, 125, 127, 128, 129, 131, 132, 133, 134, 135, 136, 137, 138, 139, 140, 141, 142, 143, 144, 145, 146, 147, 148, 149, 150, 151, 152, 153, 154, 155, 156, 157, 158, 160, 162, 165, 167, 169, 170, 174, 175, 180, 182, 183, 184, 186, 190, 193, 194, 197, 200, 204, 205, 208, 211, 213, 216]",142,False,2.5876728735643912e-05,-3.424232920175023e-10,8.625690386311977e-06
T6,355,355,159,196,2524,0.447887323943662,0.05926202012672382,0.10467412771560237,cao2018,S45/070307n,all_channel,mean,mean__all_channel__T6,32,217,"[3, 4, 7, 11, 18, 25, 26, 28, 29, 31, 32, 33, 34, 35, 36, 38, 39, 40, 41, 42, 43, 44, 45, 46, 48, 49, 50, 51, 52, 54, 55, 56, 57, 59, 60, 61, 62, 63, 64, 65, 66, 68, 70, 71, 72, 73, 74, 76, 77, 79, 81, 82, 83, 84, 85, 86, 87, 88, 89, 91, 92, 95, 96, 97, 98, 99, 100, 102, 103, 104, 105, 107, 109, 110, 111, 112, 113, 114, 115, 116, 117, 118, 119, 120, 122, 123, 125, 127, 128, 129, 131, 132, 133, 134, 135, 136, 137, 138, 139, 140, 141, 142, 143, 144, 145, 146, 147, 148, 149, 150, 151, 152, 153, 154, 155, 156, 157, 158, 160, 162, 165, 167, 169, 170, 174, 175, 180, 182, 183, 184, 186, 190, 193, 194, 197, 200, 204, 205, 208, 211, 213, 216]",142,False,2.148422604128283e-05,5.9199571451626435e-09,7.159435361379222e-06
O1,318,318,136,182,2547,0.4276729559748428,0.0506895266492732,0.09063645451516163,cao2018,S45/070307n,all_channel,mean,mean__all_channel__O1,32,217,"[3, 4, 7, 11, 18, 25, 26, 28, 29, 31, 32, 33, 34, 35, 36, 38, 39, 40, 41, 42, 43, 44, 45, 46, 48, 49, 50, 51, 52, 54, 55, 56, 57, 59, 60, 61, 62, 63, 64, 65, 66, 68, 70, 71, 72, 73, 74, 76, 77, 79, 81, 82, 83, 84, 85, 86, 87, 88, 89, 91, 92, 95, 96, 97, 98, 99, 100, 102, 103, 104, 105, 107, 109, 110, 111, 112, 113, 114, 115, 116, 117, 118, 119, 120, 122, 123, 125, 127, 128, 129, 131, 132, 133, 134, 135, 136, 137, 138, 139, 140, 141, 142, 143, 144, 145, 146, 147, 148, 149, 150, 151, 152, 153, 154, 155, 156, 157, 158, 160, 162, 165, 167, 169, 170, 174, 175, 180, 182, 183, 184, 186, 190, 193, 194, 197, 200, 204, 205, 208, 211, 213, 216]",142,False,2.0468007435913418e-05,-4.857070055229484e-10,6.822831047639647e-06
OZ,301,301,111,190,2572,0.3687707641196013,0.0413715989563921,0.07439678284182306,cao2018,S45/070307n,all_channel,mean,mean__all_channel__OZ,32,217,"[3, 4, 7, 11, 18, 25, 26, 28, 29, 31, 32, 33, 34, 35, 36, 38, 39, 40, 41, 42, 43, 44, 45, 46, 48, 49, 50, 51, 52, 54, 55, 56, 57, 59, 60, 61, 62, 63, 64, 65, 66, 68, 70, 71, 72, 73, 74, 76, 77, 79, 81, 82, 83, 84, 85, 86, 87, 88, 89, 91, 92, 95, 96, 97, 98, 99, 100, 102, 103, 104, 105, 107, 109, 110, 111, 112, 113, 114, 115, 116, 117, 118, 119, 120, 122, 123, 125, 127, 128, 129, 131, 132, 133, 134, 135, 136, 137, 138, 139, 140, 141, 142, 143, 144, 145, 146, 147, 148, 149, 150, 151, 152, 153, 154, 155, 156, 157, 158, 160, 162, 165, 167, 169, 170, 174, 175, 180, 182, 183, 184, 186, 190, 193, 194, 197, 200, 204, 205, 208, 211, 213, 216]",142,False,1.974830833371896e-05,-5.73285639523593e-10,6.582960539786162e-06
O2,266,266,109,157,2574,0.40977443609022557,0.04062616474096161,0.07392336385215327,cao2018,S45/070307n,all_channel,mean,mean__all_channel__O2,32,217,"[3, 4, 7, 11, 18, 25, 26, 28, 29, 31, 32, 33, 34, 35, 36, 38, 39, 40, 41, 42, 43, 44, 45, 46, 48, 49, 50, 51, 52, 54, 55, 56, 57, 59, 60, 61, 62, 63, 64, 65, 66, 68, 70, 71, 72, 73, 74, 76, 77, 79, 81, 82, 83, 84, 85, 86, 87, 88, 89, 91, 92, 95, 96, 97, 98, 99, 100, 102, 103, 104, 105, 107, 109, 110, 111, 112, 113, 114, 115, 116, 117, 118, 119, 120, 122, 123, 125, 127, 128, 129, 131, 132, 133, 134, 135, 136, 137, 138, 139, 140, 141, 142, 143, 144, 145, 146, 147, 148, 149, 150, 151, 152, 153, 154, 155, 156, 157, 158, 160, 162, 165, 167, 169, 170, 174, 175, 180, 182, 183, 184, 186, 190, 193, 194, 197, 200, 204, 205, 208, 211, 213, 216]",142,False,2.2551945679931517e-05,1.3375934106361838e-09,7.516869362173627e-06
A2,376,376,82,294,2601,0.21808510638297873,0.03056280283265002,0.05361229159856162,cao2018,S45/070307n,all_channel,mean,mean__all_channel__A2,32,217,"[3, 4, 7, 11, 18, 25, 26, 28, 29, 31, 32, 33, 34, 35, 36, 38, 39, 40, 41, 42, 43, 44, 45, 46, 48, 49, 50, 51, 52, 54, 55, 56, 57, 59, 60, 61, 62, 63, 64, 65, 66, 68, 70, 71, 72, 73, 74, 76, 77, 79, 81, 82, 83, 84, 85, 86, 87, 88, 89, 91, 92, 95, 96, 97, 98, 99, 100, 102, 103, 104, 105, 107, 109, 110, 111, 112, 113, 114, 115, 116, 117, 118, 119, 120, 122, 123, 125, 127, 128, 129, 131, 132, 133, 134, 135, 136, 137, 138, 139, 140, 141, 142, 143, 144, 145, 146, 147, 148, 149, 150, 151, 152, 153, 154, 155, 156, 157, 158, 160, 162, 165, 167, 169, 170, 174, 175, 180, 182, 183, 184, 186, 190, 193, 194, 197, 200, 204, 205, 208, 211, 213, 216]",142,False,9.271599543965833e-06,-2.1461333557428641e-10,3.0906047191004695e-06
A1,356,356,69,287,2614,0.19382022471910113,0.025717480432351846,0.04540967423494571,cao2018,S45/070307n,all_channel,mean,mean__all_channel__A1,32,217,"[3, 4, 7, 11, 18, 25, 26, 28, 29, 31, 32, 33, 34, 35, 36, 38, 39, 40, 41, 42, 43, 44, 45, 46, 48, 49, 50, 51, 52, 54, 55, 56, 57, 59, 60, 61, 62, 63, 64, 65, 66, 68, 70, 71, 72, 73, 74, 76, 77, 79, 81, 82, 83, 84, 85, 86, 87, 88, 89, 91, 92, 95, 96, 97, 98, 99, 100, 102, 103, 104, 105, 107, 109, 110, 111, 112, 113, 114, 115, 116, 117, 118, 119, 120, 122, 123, 125, 127, 128, 129, 131, 132, 133, 134, 135, 136, 137, 138, 139, 140, 141, 142, 143, 144, 145, 146, 147, 148, 149, 150, 151, 152, 153, 154, 155, 156, 157, 158, 160, 162, 165, 167, 169, 170, 174, 175, 180, 182, 183, 184, 186, 190, 193, 194, 197, 200, 204, 205, 208, 211, 213, 216]",142,False,9.270392075561109e-06,1.9190326859797138e-10,3.0900667240975035e-06
FP1,2890,2890,2412,478,271,0.8346020761245675,0.8989936638091688,0.8656020096895748,cao2018,S45/070307n,frontal,median,median__frontal__FP1,4,217,"[4, 7, 18, 26, 28, 29, 31, 32, 35, 36, 38, 39, 40, 41, 42, 43, 44, 45, 46, 48, 49, 50, 51, 54, 55, 56, 57, 61, 62, 63, 64, 65, 66, 68, 70, 71, 72, 73, 76, 79, 81, 82, 84, 86, 87, 88, 89, 91, 92, 95, 96, 97, 98, 99, 100, 102, 103, 104, 105, 107, 109, 110, 112, 113, 114, 115, 117, 118, 122, 127, 128, 129, 131, 132, 133, 134, 136, 137, 138, 139, 140, 141, 142, 143, 144, 145, 146, 147, 151, 158, 165, 167, 169, 170, 174, 175, 182, 183, 184, 186, 190, 193, 194, 200, 204, 205, 211, 216]",108,False,9.523549074468831e-05,-5.766041996568453e-06,3.3667177580418924e-05
FP2,2553,2553,2219,334,464,0.8691735213474344,0.8270592620201267,0.8475935828877005,cao2018,S45/070307n,frontal,median,median__frontal__FP2,4,217,"[4, 7, 18, 26, 28, 29, 31, 32, 35, 36, 38, 39, 40, 41, 42, 43, 44, 45, 46, 48, 49, 50, 51, 54, 55, 56, 57, 61, 62, 63, 64, 65, 66, 68, 70, 71, 72, 73, 76, 79, 81, 82, 84, 86, 87, 88, 89, 91, 92, 95, 96, 97, 98, 99, 100, 102, 103, 104, 105, 107, 109, 110, 112, 113, 114, 115, 117, 118, 122, 127, 128, 129, 131, 132, 133, 134, 136, 137, 138, 139, 140, 141, 142, 143, 144, 145, 146, 147, 151, 158, 165, 167, 169, 170, 174, 175, 182, 183, 184, 186, 190, 193, 194, 200, 204, 205, 211, 216]",108,False,9.529904556456977e-05,-5.354722846990336e-06,3.35512561371867e-05
F3,2117,2117,1705,412,978,0.805384978743505,0.6354826686544912,0.7104166666666666,cao2018,S45/070307n,frontal,median,median__frontal__F3,4,217,"[4, 7, 18, 26, 28, 29, 31, 32, 35, 36, 38, 39, 40, 41, 42, 43, 44, 45, 46, 48, 49, 50, 51, 54, 55, 56, 57, 61, 62, 63, 64, 65, 66, 68, 70, 71, 72, 73, 76, 79, 81, 82, 84, 86, 87, 88, 89, 91, 92, 95, 96, 97, 98, 99, 100, 102, 103, 104, 105, 107, 109, 110, 112, 113, 114, 115, 117, 118, 122, 127, 128, 129, 131, 132, 133, 134, 136, 137, 138, 139, 140, 141, 142, 143, 144, 145, 146, 147, 151, 158, 165, 167, 169, 170, 174, 175, 182, 183, 184, 186, 190, 193, 194, 200, 204, 205, 211, 216]",108,False,5.0601991553251736e-05,-2.4990609099528916e-06,1.770035082106821e-05
F4,1705,1705,1388,317,1295,0.8140762463343109,0.5173313455087588,0.6326344576116681,cao2018,S45/070307n,frontal,median,median__frontal__F4,4,217,"[4, 7, 18, 26, 28, 29, 31, 32, 35, 36, 38, 39, 40, 41, 42, 43, 44, 45, 46, 48, 49, 50, 51, 54, 55, 56, 57, 61, 62, 63, 64, 65, 66, 68, 70, 71, 72, 73, 76, 79, 81, 82, 84, 86, 87, 88, 89, 91, 92, 95, 96, 97, 98, 99, 100, 102, 103, 104, 105, 107, 109, 110, 112, 113, 114, 115, 117, 118, 122, 127, 128, 129, 131, 132, 133, 134, 136, 137, 138, 139, 140, 141, 142, 143, 144, 145, 146, 147, 151, 158, 165, 167, 169, 170, 174, 175, 182, 183, 184, 186, 190, 193, 194, 200, 204, 205, 211, 216]",108,False,5.4627240242898936e-05,-2.360025709493198e-06,1.8995755317464044e-05
FP1,2770,2770,2330,440,353,0.8411552346570397,0.8684308609765188,0.8545754630478635,cao2018,S45/070307n,frontal,mean,mean__frontal__FP1,4,217,"[4, 7, 18, 26, 28, 29, 31, 32, 35, 36, 38, 39, 40, 41, 42, 43, 44, 45, 46, 48, 49, 50, 51, 54, 55, 56, 57, 61, 62, 63, 64, 65, 66, 68, 70, 71, 72, 73, 76, 79, 81, 82, 84, 86, 87, 88, 89, 91, 92, 95, 96, 97, 98, 99, 100, 102, 103, 104, 105, 107, 109, 110, 112, 113, 114, 115, 117, 118, 122, 127, 128, 129, 131, 132, 133, 134, 136, 137, 138, 139, 140, 141, 142, 143, 144, 145, 146, 147, 151, 158, 165, 167, 169, 170, 174, 175, 182, 183, 184, 186, 190, 193, 194, 200, 204, 205, 211, 216]",108,False,0.00010096701210175216,-3.4520639504604654e-08,3.3667177580418924e-05
FP2,2410,2410,2130,280,553,0.8838174273858921,0.79388743943347,0.8364421755350482,cao2018,S45/070307n,frontal,mean,mean__frontal__FP2,4,217,"[4, 7, 18, 26, 28, 29, 31, 32, 35, 36, 38, 39, 40, 41, 42, 43, 44, 45, 46, 48, 49, 50, 51, 54, 55, 56, 57, 61, 62, 63, 64, 65, 66, 68, 70, 71, 72, 73, 76, 79, 81, 82, 84, 86, 87, 88, 89, 91, 92, 95, 96, 97, 98, 99, 100, 102, 103, 104, 105, 107, 109, 110, 112, 113, 114, 115, 117, 118, 122, 127, 128, 129, 131, 132, 133, 134, 136, 137, 138, 139, 140, 141, 142, 143, 144, 145, 146, 147, 151, 158, 165, 167, 169, 170, 174, 175, 182, 183, 184, 186, 190, 193, 194, 200, 204, 205, 211, 216]",108,False,0.0001006225402296135,-3.12281819466074e-08,3.35512561371867e-05
F3,1887,1887,1550,337,1133,0.8214096449390567,0.5777115169586284,0.6783369803063458,cao2018,S45/070307n,frontal,mean,mean__frontal__F3,4,217,"[4, 7, 18, 26, 28, 29, 31, 32, 35, 36, 38, 39, 40, 41, 42, 43, 44, 45, 46, 48, 49, 50, 51, 54, 55, 56, 57, 61, 62, 63, 64, 65, 66, 68, 70, 71, 72, 73, 76, 79, 81, 82, 84, 86, 87, 88, 89, 91, 92, 95, 96, 97, 98, 99, 100, 102, 103, 104, 105, 107, 109, 110, 112, 113, 114, 115, 117, 118, 122, 127, 128, 129, 131, 132, 133, 134, 136, 137, 138, 139, 140, 141, 142, 143, 144, 145, 146, 147, 151, 158, 165, 167, 169, 170, 174, 175, 182, 183, 184, 186, 190, 193, 194, 200, 204, 205, 211, 216]",108,False,5.309303709353537e-05,-8.015369669258165e-09,1.770035082106821e-05
F4,1543,1543,1256,287,1427,0.81399870382372,0.4681326872903466,0.5944155229531473,cao2018,S45/070307n,frontal,mean,mean__frontal__F4,4,217,"[4, 7, 18, 26, 28, 29, 31, 32, 35, 36, 38, 39, 40, 41, 42, 43, 44, 45, 46, 48, 49, 50, 51, 54, 55, 56, 57, 61, 62, 63, 64, 65, 66, 68, 70, 71, 72, 73, 76, 79, 81, 82, 84, 86, 87, 88, 89, 91, 92, 95, 96, 97, 98, 99, 100, 102, 103, 104, 105, 107, 109, 110, 112, 113, 114, 115, 117, 118, 122, 127, 128, 129, 131, 132, 133, 134, 136, 137, 138, 139, 140, 141, 142, 143, 144, 145, 146, 147, 151, 158, 165, 167, 169, 170, 174, 175, 182, 183, 184, 186, 190, 193, 194, 200, 204, 205, 211, 216]",108,False,5.697863392648594e-05,-8.632025906197906e-09,1.8995755317464044e-05
FP1,2630,2630,2255,375,428,0.8574144486692015,0.8404770778978755,0.8488612836438925,cao2018,S45/070307n,frontal_left,median,median__frontal_left__FP1,2,217,"[4, 26, 28, 29, 31, 32, 36, 38, 39, 40, 41, 42, 44, 45, 46, 48, 49, 50, 55, 56, 57, 61, 62, 63, 64, 65, 68, 70, 71, 73, 79, 81, 82, 84, 86, 87, 88, 91, 92, 95, 96, 97, 98, 102, 103, 104, 105, 109, 112, 113, 114, 115, 117, 118, 122, 127, 128, 129, 131, 132, 133, 134, 136, 137, 138, 139, 140, 141, 142, 143, 145, 146, 151, 158, 165, 167, 170, 182, 183, 184, 186, 190, 194, 200]",84,False,0.000105854484540612,-6.150375115535255e-06,3.733495321871575e-05
F3,1722,1722,1425,297,1258,0.8275261324041812,0.5311218784942229,0.6469920544835414,cao2018,S45/070307n,frontal_left,median,median__frontal_left__F3,2,217,"[4, 26, 28, 29, 31, 32, 36, 38, 39, 40, 41, 42, 44, 45, 46, 48, 49, 50, 55, 56, 57, 61, 62, 63, 64, 65, 68, 70, 71, 73, 79, 81, 82, 84, 86, 87, 88, 91, 92, 95, 96, 97, 98, 102, 103, 104, 105, 109, 112, 113, 114, 115, 117, 118, 122, 127, 128, 129, 131, 132, 133, 134, 136, 137, 138, 139, 140, 141, 142, 143, 145, 146, 151, 158, 165, 167, 170, 182, 183, 184, 186, 190, 194, 200]",84,False,5.510363447744697e-05,-2.649513713807585e-06,1.925104939708485e-05
FP1,2448,2448,2150,298,533,0.8782679738562091,0.8013417815877749,0.8380432664198013,cao2018,S45/070307n,frontal_left,mean,mean__frontal_left__FP1,2,217,"[4, 26, 28, 29, 31, 32, 36, 38, 39, 40, 41, 42, 44, 45, 46, 48, 49, 50, 55, 56, 57, 61, 62, 63, 64, 65, 68, 70, 71, 73, 79, 81, 82, 84, 86, 87, 88, 91, 92, 95, 96, 97, 98, 102, 103, 104, 105, 109, 112, 113, 114, 115, 117, 118, 122, 127, 128, 129, 131, 132, 133, 134, 136, 137, 138, 139, 140, 141, 142, 143, 145, 146, 151, 158, 165, 167, 170, 182, 183, 184, 186, 190, 194, 200]",84,False,0.00011192588378462432,-7.897587152293967e-08,3.733495321871575e-05
F3,1532,1532,1260,272,1423,0.8224543080939948,0.4696235557212076,0.597864768683274,cao2018,S45/070307n,frontal_left,mean,mean__frontal_left__F3,2,217,"[4, 26, 28, 29, 31, 32, 36, 38, 39, 40, 41, 42, 44, 45, 46, 48, 49, 50, 55, 56, 57, 61, 62, 63, 64, 65, 68, 70, 71, 73, 79, 81, 82, 84, 86, 87, 88, 91, 92, 95, 96, 97, 98, 102, 103, 104, 105, 109, 112, 113, 114, 115, 117, 118, 122, 127, 128, 129, 131, 132, 133, 134, 136, 137, 138, 139, 140, 141, 142, 143, 145, 146, 151, 158, 165, 167, 170, 182, 183, 184, 186, 190, 194, 200]",84,False,5.7723142863181425e-05,-3.0005328073129855e-08,1.925104939708485e-05
FP2,2547,2547,2216,331,467,0.8700431880643895,0.825941110696981,0.8474187380497132,cao2018,S45/070307n,frontal_right,median,median__frontal_right__FP2,2,217,"[4, 7, 18, 26, 28, 29, 31, 32, 35, 36, 38, 39, 40, 41, 42, 43, 44, 45, 46, 48, 49, 50, 51, 54, 55, 56, 57, 61, 62, 63, 64, 65, 66, 68, 70, 71, 72, 76, 79, 81, 82, 84, 86, 87, 88, 89, 91, 92, 95, 96, 97, 98, 99, 100, 102, 103, 104, 105, 107, 109, 110, 112, 113, 114, 115, 117, 118, 122, 127, 128, 129, 131, 132, 133, 134, 136, 137, 138, 139, 141, 142, 143, 144, 145, 146, 147, 151, 165, 167, 169, 170, 174, 175, 182, 183, 190, 193, 200, 204, 205, 211, 216]",102,False,9.551472929477497e-05,-5.54669850803433e-06,3.3687142600936435e-05
F4,1693,1693,1375,318,1308,0.8121677495569994,0.5124860231084607,0.6284277879341865,cao2018,S45/070307n,frontal_right,median,median__frontal_right__F4,2,217,"[4, 7, 18, 26, 28, 29, 31, 32, 35, 36, 38, 39, 40, 41, 42, 43, 44, 45, 46, 48, 49, 50, 51, 54, 55, 56, 57, 61, 62, 63, 64, 65, 66, 68, 70, 71, 72, 76, 79, 81, 82, 84, 86, 87, 88, 89, 91, 92, 95, 96, 97, 98, 99, 100, 102, 103, 104, 105, 107, 109, 110, 112, 113, 114, 115, 117, 118, 122, 127, 128, 129, 131, 132, 133, 134, 136, 137, 138, 139, 141, 142, 143, 144, 145, 146, 147, 151, 165, 167, 169, 170, 174, 175, 182, 183, 190, 193, 200, 204, 205, 211, 216]",102,False,5.478447867049859e-05,-2.43703777577938e-06,1.907383881542599e-05
FP2,2402,2402,2124,278,559,0.884263114071607,0.7916511367871786,0.8353982300884957,cao2018,S45/070307n,frontal_right,mean,mean__frontal_right__FP2,2,217,"[4, 7, 18, 26, 28, 29, 31, 32, 35, 36, 38, 39, 40, 41, 42, 43, 44, 45, 46, 48, 49, 50, 51, 54, 55, 56, 57, 61, 62, 63, 64, 65, 66, 68, 70, 71, 72, 76, 79, 81, 82, 84, 86, 87, 88, 89, 91, 92, 95, 96, 97, 98, 99, 100, 102, 103, 104, 105, 107, 109, 110, 112, 113, 114, 115, 117, 118, 122, 127, 128, 129, 131, 132, 133, 134, 136, 137, 138, 139, 141, 142, 143, 144, 145, 146, 147, 151, 165, 167, 169, 170, 174, 175, 182, 183, 190, 193, 200, 204, 205, 211, 216]",102,False,0.00010102648359247186,-3.494421033745319e-08,3.3687142600936435e-05
F4,1533,1533,1248,285,1435,0.8140900195694716,0.4651509504286247,0.5920303605313093,cao2018,S45/070307n,frontal_right,mean,mean__frontal_right__F4,2,217,"[4, 7, 18, 26, 28, 29, 31, 32, 35, 36, 38, 39, 40, 41, 42, 43, 44, 45, 46, 48, 49, 50, 51, 54, 55, 56, 57, 61, 62, 63, 64, 65, 66, 68, 70, 71, 72, 76, 79, 81, 82, 84, 86, 87, 88, 89, 91, 92, 95, 96, 97, 98, 99, 100, 102, 103, 104, 105, 107, 109, 110, 112, 113, 114, 115, 117, 118, 122, 127, 128, 129, 131, 132, 133, 134, 136, 137, 138, 139, 141, 142, 143, 144, 145, 146, 147, 151, 165, 167, 169, 170, 174, 175, 182, 183, 190, 193, 200, 204, 205, 211, 216]",102,False,5.720612515736657e-05,-1.5391288911407608e-08,1.907383881542599e-05
FC3,1048,1048,765,283,1918,0.7299618320610687,0.28512858740216174,0.41007772715089785,cao2018,S45/070307n,central,median,median__central__FC3,6,217,"[3, 4, 25, 26, 28, 29, 31, 32, 34, 35, 36, 38, 39, 40, 41, 42, 43, 44, 45, 48, 50, 51, 55, 56, 57, 59, 61, 62, 63, 64, 65, 66, 68, 70, 71, 72, 73, 76, 77, 79, 81, 82, 83, 84, 85, 86, 87, 88, 89, 91, 92, 95, 96, 97, 98, 99, 100, 103, 104, 105, 107, 109, 111, 112, 113, 114, 115, 117, 118, 119, 120, 122, 123, 127, 128, 129, 131, 132, 133, 134, 136, 137, 140, 141, 142, 145, 146, 147, 150, 151, 156, 157, 158, 162, 165, 167, 170, 174, 180, 182, 183, 184, 186, 190, 194, 197, 200, 216]",108,False,4.327597728885539e-05,-1.4468493038794206e-06,1.4907608864244938e-05
C4,998,998,677,321,2006,0.6783567134268537,0.2523294819232203,0.3678348274925292,cao2018,S45/070307n,central,median,median__central__C4,6,217,"[3, 4, 25, 26, 28, 29, 31, 32, 34, 35, 36, 38, 39, 40, 41, 42, 43, 44, 45, 48, 50, 51, 55, 56, 57, 59, 61, 62, 63, 64, 65, 66, 68, 70, 71, 72, 73, 76, 77, 79, 81, 82, 83, 84, 85, 86, 87, 88, 89, 91, 92, 95, 96, 97, 98, 99, 100, 103, 104, 105, 107, 109, 111, 112, 113, 114, 115, 117, 118, 119, 120, 122, 123, 127, 128, 129, 131, 132, 133, 134, 136, 137, 140, 141, 142, 145, 146, 147, 150, 151, 156, 157, 158, 162, 165, 167, 170, 174, 180, 182, 183, 184, 186, 190, 194, 197, 200, 216]",108,False,3.815432237061184e-05,-1.2266032112689278e-06,1.3126975193960258e-05
FT7,865,865,635,230,2048,0.7341040462427746,0.23667536339918002,0.3579481397970688,cao2018,S45/070307n,central,median,median__central__FT7,6,217,"[3, 4, 25, 26, 28, 29, 31, 32, 34, 35, 36, 38, 39, 40, 41, 42, 43, 44, 45, 48, 50, 51, 55, 56, 57, 59, 61, 62, 63, 64, 65, 66, 68, 70, 71, 72, 73, 76, 77, 79, 81, 82, 83, 84, 85, 86, 87, 88, 89, 91, 92, 95, 96, 97, 98, 99, 100, 103, 104, 105, 107, 109, 111, 112, 113, 114, 115, 117, 118, 119, 120, 122, 123, 127, 128, 129, 131, 132, 133, 134, 136, 137, 140, 141, 142, 145, 146, 147, 150, 151, 156, 157, 158, 162, 165, 167, 170, 174, 180, 182, 183, 184, 186, 190, 194, 197, 200, 216]",108,False,3.0424375840801134e-05,-9.143698651564055e-07,1.0446248568652513e-05
FC4,965,965,649,316,2034,0.672538860103627,0.24189340290719344,0.35581140350877194,cao2018,S45/070307n,central,median,median__central__FC4,6,217,"[3, 4, 25, 26, 28, 29, 31, 32, 34, 35, 36, 38, 39, 40, 41, 42, 43, 44, 45, 48, 50, 51, 55, 56, 57, 59, 61, 62, 63, 64, 65, 66, 68, 70, 71, 72, 73, 76, 77, 79, 81, 82, 83, 84, 85, 86, 87, 88, 89, 91, 92, 95, 96, 97, 98, 99, 100, 103, 104, 105, 107, 109, 111, 112, 113, 114, 115, 117, 118, 119, 120, 122, 123, 127, 128, 129, 131, 132, 133, 134, 136, 137, 140, 141, 142, 145, 146, 147, 150, 151, 156, 157, 158, 162, 165, 167, 170, 174, 180, 182, 183, 184, 186, 190, 194, 197, 200, 216]",108,False,3.795140096675043e-05,-1.2080511973389138e-06,1.3053150721363116e-05
FT8,870,870,599,271,2084,0.6885057471264368,0.22325754752143123,0.33717984801576134,cao2018,S45/070307n,central,median,median__central__FT8,6,217,"[3, 4, 25, 26, 28, 29, 31, 32, 34, 35, 36, 38, 39, 40, 41, 42, 43, 44, 45, 48, 50, 51, 55, 56, 57, 59, 61, 62, 63, 64, 65, 66, 68, 70, 71, 72, 73, 76, 77, 79, 81, 82, 83, 84, 85, 86, 87, 88, 89, 91, 92, 95, 96, 97, 98, 99, 100, 103, 104, 105, 107, 109, 111, 112, 113, 114, 115, 117, 118, 119, 120, 122, 123, 127, 128, 129, 131, 132, 133, 134, 136, 137, 140, 141, 142, 145, 146, 147, 150, 151, 156, 157, 158, 162, 165, 167, 170, 174, 180, 182, 183, 184, 186, 190, 194, 197, 200, 216]",108,False,3.6470643149583234e-05,-1.1209273863407903e-06,1.2530523511974675e-05
C3,885,885,589,296,2094,0.6655367231638418,0.21953037644427878,0.3301569506726458,cao2018,S45/070307n,central,median,median__central__C3,6,217,"[3, 4, 25, 26, 28, 29, 31, 32, 34, 35, 36, 38, 39, 40, 41, 42, 43, 44, 45, 48, 50, 51, 55, 56, 57, 59, 61, 62, 63, 64, 65, 66, 68, 70, 71, 72, 73, 76, 77, 79, 81, 82, 83, 84, 85, 86, 87, 88, 89, 91, 92, 95, 96, 97, 98, 99, 100, 103, 104, 105, 107, 109, 111, 112, 113, 114, 115, 117, 118, 119, 120, 122, 123, 127, 128, 129, 131, 132, 133, 134, 136, 137, 140, 141, 142, 145, 146, 147, 150, 151, 156, 157, 158, 162, 165, 167, 170, 174, 180, 182, 183, 184, 186, 190, 194, 197, 200, 216]",108,False,3.378056947600549e-05,-1.0075794882817676e-06,1.1596049654762417e-05
FC3,930,930,665,265,2018,0.7150537634408602,0.24785687663063735,0.3681151397730418,cao2018,S45/070307n,central,mean,mean__central__FC3,6,217,"[3, 4, 25, 26, 28, 29, 31, 32, 34, 35, 36, 38, 39, 40, 41, 42, 43, 44, 45, 48, 50, 51, 55, 56, 57, 59, 61, 62, 63, 64, 65, 66, 68, 70, 71, 72, 73, 76, 77, 79, 81, 82, 83, 84, 85, 86, 87, 88, 89, 91, 92, 95, 96, 97, 98, 99, 100, 103, 104, 105, 107, 109, 111, 112, 113, 114, 115, 117, 118, 119, 120, 122, 123, 127, 128, 129, 131, 132, 133, 134, 136, 137, 140, 141, 142, 145, 146, 147, 150, 151, 156, 157, 158, 162, 165, 167, 170, 174, 180, 182, 183, 184, 186, 190, 194, 197, 200, 216]",108,False,4.472030596715305e-05,-2.520625581770263e-09,1.4907608864244938e-05
C4,874,874,595,279,2088,0.6807780320366132,0.22176667909057027,0.33455158841720556,cao2018,S45/070307n,central,mean,mean__central__C4,6,217,"[3, 4, 25, 26, 28, 29, 31, 32, 34, 35, 36, 38, 39, 40, 41, 42, 43, 44, 45, 48, 50, 51, 55, 56, 57, 59, 61, 62, 63, 64, 65, 66, 68, 70, 71, 72, 73, 76, 77, 79, 81, 82, 83, 84, 85, 86, 87, 88, 89, 91, 92, 95, 96, 97, 98, 99, 100, 103, 104, 105, 107, 109, 111, 112, 113, 114, 115, 117, 118, 119, 120, 122, 123, 127, 128, 129, 131, 132, 133, 134, 136, 137, 140, 141, 142, 145, 146, 147, 150, 151, 156, 157, 158, 162, 165, 167, 170, 174, 180, 182, 183, 184, 186, 190, 194, 197, 200, 216]",108,False,3.937925537284187e-05,-1.6702090389023886e-09,1.3126975193960258e-05
FT7,773,773,572,201,2111,0.7399741267787839,0.21319418561311965,0.3310185185185185,cao2018,S45/070307n,central,mean,mean__central__FT7,6,217,"[3, 4, 25, 26, 28, 29, 31, 32, 34, 35, 36, 38, 39, 40, 41, 42, 43, 44, 45, 48, 50, 51, 55, 56, 57, 59, 61, 62, 63, 64, 65, 66, 68, 70, 71, 72, 73, 76, 77, 79, 81, 82, 83, 84, 85, 86, 87, 88, 89, 91, 92, 95, 96, 97, 98, 99, 100, 103, 104, 105, 107, 109, 111, 112, 113, 114, 115, 117, 118, 119, 120, 122, 123, 127, 128, 129, 131, 132, 133, 134, 136, 137, 140, 141, 142, 145, 146, 147, 150, 151, 156, 157, 158, 162, 165, 167, 170, 174, 180, 182, 183, 184, 186, 190, 194, 197, 200, 216]",108,False,3.133076105221471e-05,-7.984653742826837e-09,1.0446248568652513e-05
FC4,864,864,577,287,2106,0.6678240740740741,0.21505777115169586,0.3253453622779814,cao2018,S45/070307n,central,mean,mean__central__FC4,6,217,"[3, 4, 25, 26, 28, 29, 31, 32, 34, 35, 36, 38, 39, 40, 41, 42, 43, 44, 45, 48, 50, 51, 55, 56, 57, 59, 61, 62, 63, 64, 65, 66, 68, 70, 71, 72, 73, 76, 77, 79, 81, 82, 83, 84, 85, 86, 87, 88, 89, 91, 92, 95, 96, 97, 98, 99, 100, 103, 104, 105, 107, 109, 111, 112, 113, 114, 115, 117, 118, 119, 120, 122, 123, 127, 128, 129, 131, 132, 133, 134, 136, 137, 140, 141, 142, 145, 146, 147, 150, 151, 156, 157, 158, 162, 165, 167, 170, 174, 180, 182, 183, 184, 186, 190, 194, 197, 200, 216]",108,False,3.915791924632091e-05,-1.5329177684355478e-09,1.3053150721363116e-05
FT8,786,786,536,250,2147,0.6819338422391857,0.19977636973537086,0.3090227731334679,cao2018,S45/070307n,central,mean,mean__central__FT8,6,217,"[3, 4, 25, 26, 28, 29, 31, 32, 34, 35, 36, 38, 39, 40, 41, 42, 43, 44, 45, 48, 50, 51, 55, 56, 57, 59, 61, 62, 63, 64, 65, 66, 68, 70, 71, 72, 73, 76, 77, 79, 81, 82, 83, 84, 85, 86, 87, 88, 89, 91, 92, 95, 96, 97, 98, 99, 100, 103, 104, 105, 107, 109, 111, 112, 113, 114, 115, 117, 118, 119, 120, 122, 123, 127, 128, 129, 131, 132, 133, 134, 136, 137, 140, 141, 142, 145, 146, 147, 150, 151, 156, 157, 158, 162, 165, 167, 170, 174, 180, 182, 183, 184, 186, 190, 194, 197, 200, 216]",108,False,3.7586400164662056e-05,-5.17037126197056e-09,1.2530523511974675e-05
C3,811,811,534,277,2149,0.6584463625154131,0.19903093551994036,0.3056668574699485,cao2018,S45/070307n,central,mean,mean__central__C3,6,217,"[3, 4, 25, 26, 28, 29, 31, 32, 34, 35, 36, 38, 39, 40, 41, 42, 43, 44, 45, 48, 50, 51, 55, 56, 57, 59, 61, 62, 63, 64, 65, 66, 68, 70, 71, 72, 73, 76, 77, 79, 81, 82, 83, 84, 85, 86, 87, 88, 89, 91, 92, 95, 96, 97, 98, 99, 100, 103, 104, 105, 107, 109, 111, 112, 113, 114, 115, 117, 118, 119, 120, 122, 123, 127, 128, 129, 131, 132, 133, 134, 136, 137, 140, 141, 142, 145, 146, 147, 150, 151, 156, 157, 158, 162, 165, 167, 170, 174, 180, 182, 183, 184, 186, 190, 194, 197, 200, 216]",108,False,3.479179468982044e-05,3.6457255331825416e-09,1.1596049654762417e-05
FC3,1014,1014,730,284,1953,0.7199211045364892,0.2720834886321282,0.3949147957803624,cao2018,S45/070307n,central_left,median,median__central_left__FC3,3,217,"[3, 4, 25, 26, 28, 29, 31, 32, 34, 36, 38, 39, 40, 41, 42, 43, 44, 45, 48, 50, 51, 55, 56, 57, 59, 61, 62, 63, 64, 65, 68, 70, 71, 72, 73, 76, 77, 79, 81, 82, 83, 84, 85, 86, 87, 88, 89, 91, 92, 95, 96, 97, 98, 99, 103, 104, 105, 109, 111, 112, 114, 115, 117, 118, 119, 120, 122, 127, 128, 129, 131, 132, 133, 134, 136, 137, 140, 141, 142, 145, 146, 147, 150, 151, 156, 157, 158, 162, 165, 167, 170, 174, 180, 182, 183, 184, 186, 190, 194, 197, 200]",101,False,4.37262623706993e-05,-1.4377244342294427e-06,1.505466226830958e-05
FT7,840,840,617,223,2066,0.7345238095238096,0.22996645546030564,0.3502696565427193,cao2018,S45/070307n,central_left,median,median__central_left__FT7,3,217,"[3, 4, 25, 26, 28, 29, 31, 32, 34, 36, 38, 39, 40, 41, 42, 43, 44, 45, 48, 50, 51, 55, 56, 57, 59, 61, 62, 63, 64, 65, 68, 70, 71, 72, 73, 76, 77, 79, 81, 82, 83, 84, 85, 86, 87, 88, 89, 91, 92, 95, 96, 97, 98, 99, 103, 104, 105, 109, 111, 112, 114, 115, 117, 118, 119, 120, 122, 127, 128, 129, 131, 132, 133, 134, 136, 137, 140, 141, 142, 145, 146, 147, 150, 151, 156, 157, 158, 162, 165, 167, 170, 174, 180, 182, 183, 184, 186, 190, 194, 197, 200]",101,False,3.063149453770689e-05,-8.96900240747539e-07,1.0509464926151477e-05
C3,861,861,572,289,2111,0.6643437862950058,0.21319418561311965,0.3227990970654628,cao2018,S45/070307n,central_left,median,median__central_left__C3,3,217,"[3, 4, 25, 26, 28, 29, 31, 32, 34, 36, 38, 39, 40, 41, 42, 43, 44, 45, 48, 50, 51, 55, 56, 57, 59, 61, 62, 63, 64, 65, 68, 70, 71, 72, 73, 76, 77, 79, 81, 82, 83, 84, 85, 86, 87, 88, 89, 91, 92, 95, 96, 97, 98, 99, 103, 104, 105, 109, 111, 112, 114, 115, 117, 118, 119, 120, 122, 127, 128, 129, 131, 132, 133, 134, 136, 137, 140, 141, 142, 145, 146, 147, 150, 151, 156, 157, 158, 162, 165, 167, 170, 174, 180, 182, 183, 184, 186, 190, 194, 197, 200]",101,False,3.407907286898192e-05,-9.902948031430435e-07,1.1689789224041656e-05
FC3,900,900,645,255,2038,0.7166666666666667,0.24040253447633247,0.3600334914875803,cao2018,S45/070307n,central_left,mean,mean__central_left__FC3,3,217,"[3, 4, 25, 26, 28, 29, 31, 32, 34, 36, 38, 39, 40, 41, 42, 43, 44, 45, 48, 50, 51, 55, 56, 57, 59, 61, 62, 63, 64, 65, 68, 70, 71, 72, 73, 76, 77, 79, 81, 82, 83, 84, 85, 86, 87, 88, 89, 91, 92, 95, 96, 97, 98, 99, 103, 104, 105, 109, 111, 112, 114, 115, 117, 118, 119, 120, 122, 127, 128, 129, 131, 132, 133, 134, 136, 137, 140, 141, 142, 145, 146, 147, 150, 151, 156, 157, 158, 162, 165, 167, 170, 174, 180, 182, 183, 184, 186, 190, 194, 197, 200]",101,False,4.5159980787964935e-05,-4.006016963806732e-09,1.505466226830958e-05
FT7,747,747,550,197,2133,0.7362784471218207,0.20499440924338427,0.3206997084548105,cao2018,S45/070307n,central_left,mean,mean__central_left__FT7,3,217,"[3, 4, 25, 26, 28, 29, 31, 32, 34, 36, 38, 39, 40, 41, 42, 43, 44, 45, 48, 50, 51, 55, 56, 57, 59, 61, 62, 63, 64, 65, 68, 70, 71, 72, 73, 76, 77, 79, 81, 82, 83, 84, 85, 86, 87, 88, 89, 91, 92, 95, 96, 97, 98, 99, 103, 104, 105, 109, 111, 112, 114, 115, 117, 118, 119, 120, 122, 127, 128, 129, 131, 132, 133, 134, 136, 137, 140, 141, 142, 145, 146, 147, 150, 151, 156, 157, 158, 162, 165, 167, 170, 174, 180, 182, 183, 184, 186, 190, 194, 197, 200]",101,False,3.151815006390209e-05,-1.0244714552342418e-08,1.0509464926151477e-05
C3,792,792,520,272,2163,0.6565656565656566,0.19381289601192694,0.2992805755395683,cao2018,S45/070307n,central_left,mean,mean__central_left__C3,3,217,"[3, 4, 25, 26, 28, 29, 31, 32, 34, 36, 38, 39, 40, 41, 42, 43, 44, 45, 48, 50, 51, 55, 56, 57, 59, 61, 62, 63, 64, 65, 68, 70, 71, 72, 73, 76, 77, 79, 81, 82, 83, 84, 85, 86, 87, 88, 89, 91, 92, 95, 96, 97, 98, 99, 103, 104, 105, 109, 111, 112, 114, 115, 117, 118, 119, 120, 122, 127, 128, 129, 131, 132, 133, 134, 136, 137, 140, 141, 142, 145, 146, 147, 150, 151, 156, 157, 158, 162, 165, 167, 170, 174, 180, 182, 183, 184, 186, 190, 194, 197, 200]",101,False,3.507057345853127e-05,1.2057864063108609e-09,1.1689789224041656e-05
C4,668,668,452,216,2231,0.6766467065868264,0.16846813268729036,0.2697702178454193,cao2018,S45/070307n,central_right,median,median__central_right__C4,3,217,"[4, 25, 26, 28, 29, 31, 35, 36, 38, 39, 40, 41, 44, 45, 48, 50, 51, 57, 61, 63, 64, 65, 66, 68, 70, 71, 76, 79, 82, 87, 88, 91, 92, 95, 96, 100, 104, 105, 107, 109, 112, 113, 115, 117, 122, 123, 127, 128, 132, 133, 137, 141, 142, 156, 165, 170, 182, 183, 197, 200, 216]",61,False,4.2043882612393745e-05,-1.3464787210576138e-06,1.446345377781712e-05
FC4,651,651,435,216,2248,0.6682027649769585,0.1621319418561312,0.26094781043791243,cao2018,S45/070307n,central_right,median,median__central_right__FC4,3,217,"[4, 25, 26, 28, 29, 31, 35, 36, 38, 39, 40, 41, 44, 45, 48, 50, 51, 57, 61, 63, 64, 65, 66, 68, 70, 71, 76, 79, 82, 87, 88, 91, 92, 95, 96, 100, 104, 105, 107, 109, 112, 113, 115, 117, 122, 123, 127, 128, 132, 133, 137, 141, 142, 156, 165, 170, 182, 183, 197, 200, 216]",61,False,4.184338358975485e-05,-1.3312900105401455e-06,1.4391557866764997e-05
FT8,599,599,407,192,2276,0.679465776293823,0.15169586284010436,0.24801950030469225,cao2018,S45/070307n,central_right,median,median__central_right__FT8,3,217,"[4, 25, 26, 28, 29, 31, 35, 36, 38, 39, 40, 41, 44, 45, 48, 50, 51, 57, 61, 63, 64, 65, 66, 68, 70, 71, 76, 79, 82, 87, 88, 91, 92, 95, 96, 100, 104, 105, 107, 109, 112, 113, 115, 117, 122, 123, 127, 128, 132, 133, 137, 141, 142, 156, 165, 170, 182, 183, 197, 200, 216]",61,False,4.0163801963862155e-05,-1.2191694124982622e-06,1.3794323792120139e-05
C4,603,603,399,204,2284,0.6616915422885572,0.1487141259783824,0.24284844796104685,cao2018,S45/070307n,central_right,mean,mean__central_right__C4,3,217,"[4, 25, 26, 28, 29, 31, 35, 36, 38, 39, 40, 41, 44, 45, 48, 50, 51, 57, 61, 63, 64, 65, 66, 68, 70, 71, 76, 79, 82, 87, 88, 91, 92, 95, 96, 100, 104, 105, 107, 109, 112, 113, 115, 117, 122, 123, 127, 128, 132, 133, 137, 141, 142, 156, 165, 170, 182, 183, 197, 200, 216]",61,False,4.3385892918117117e-05,-4.468415334238073e-09,1.446345377781712e-05
FC4,589,589,390,199,2293,0.6621392190152802,0.1453596720089452,0.23838630806845967,cao2018,S45/070307n,central_right,mean,mean__central_right__FC4,3,217,"[4, 25, 26, 28, 29, 31, 35, 36, 38, 39, 40, 41, 44, 45, 48, 50, 51, 57, 61, 63, 64, 65, 66, 68, 70, 71, 76, 79, 82, 87, 88, 91, 92, 95, 96, 100, 104, 105, 107, 109, 112, 113, 115, 117, 122, 123, 127, 128, 132, 133, 137, 141, 142, 156, 165, 170, 182, 183, 197, 200, 216]",61,False,4.317073560932681e-05,-3.9379909681815075e-09,1.4391557866764997e-05
FT8,533,533,359,174,2324,0.6735459662288931,0.13380544166977265,0.22325870646766172,cao2018,S45/070307n,central_right,mean,mean__central_right__FT8,3,217,"[4, 25, 26, 28, 29, 31, 35, 36, 38, 39, 40, 41, 44, 45, 48, 50, 51, 57, 61, 63, 64, 65, 66, 68, 70, 71, 76, 79, 82, 87, 88, 91, 92, 95, 96, 100, 104, 105, 107, 109, 112, 113, 115, 117, 122, 123, 127, 128, 132, 133, 137, 141, 142, 156, 165, 170, 182, 183, 197, 200, 216]",61,False,4.1374848113862804e-05,-8.123262497608558e-09,1.3794323792120139e-05
CP3,371,371,216,155,2467,0.5822102425876011,0.08050689526649273,0.14145383104125736,cao2018,S45/070307n,parietal,median,median__parietal__CP3,2,217,"[28, 29, 31, 36, 38, 39, 40, 41, 44, 45, 48, 50, 51, 63, 64, 65, 68, 71, 73, 76, 79, 82, 87, 88, 91, 92, 95, 100, 109, 112, 113, 115, 117, 122, 123, 128, 132, 133, 137, 141, 156, 157, 165, 183, 197]",45,False,3.413190611667759e-05,-8.777924272537839e-07,1.166989951464379e-05
CP4,361,361,206,155,2477,0.5706371191135734,0.07677972418934029,0.13534822601839686,cao2018,S45/070307n,parietal,median,median__parietal__CP4,2,217,"[28, 29, 31, 36, 38, 39, 40, 41, 44, 45, 48, 50, 51, 63, 64, 65, 68, 71, 73, 76, 79, 82, 87, 88, 91, 92, 95, 100, 109, 112, 113, 115, 117, 122, 123, 128, 132, 133, 137, 141, 156, 157, 165, 183, 197]",45,False,3.590180447836107e-05,-8.071897156917184e-07,1.2236331398017597e-05
CP3,344,344,197,147,2486,0.5726744186046512,0.0734252702199031,0.13016187644532543,cao2018,S45/070307n,parietal,mean,mean__parietal__CP3,2,217,"[28, 29, 31, 36, 38, 39, 40, 41, 44, 45, 48, 50, 51, 63, 64, 65, 68, 71, 73, 76, 79, 82, 87, 88, 91, 92, 95, 100, 109, 112, 113, 115, 117, 122, 123, 128, 132, 133, 137, 141, 156, 157, 165, 183, 197]",45,False,3.502151510882115e-05,1.1816564889776821e-08,1.166989951464379e-05
CP4,336,336,190,146,2493,0.5654761904761905,0.07081625046589639,0.12586949320967208,cao2018,S45/070307n,parietal,mean,mean__parietal__CP4,2,217,"[28, 29, 31, 36, 38, 39, 40, 41, 44, 45, 48, 50, 51, 63, 64, 65, 68, 71, 73, 76, 79, 82, 87, 88, 91, 92, 95, 100, 109, 112, 113, 115, 117, 122, 123, 128, 132, 133, 137, 141, 156, 157, 165, 183, 197]",45,False,3.6720627559604754e-05,1.1633365551961246e-08,1.2236331398017597e-05
CP3,348,348,198,150,2485,0.5689655172413793,0.07379798732761834,0.1306499505113824,cao2018,S45/070307n,parietal_left,median,median__parietal_left__CP3,1,217,"[28, 29, 31, 36, 39, 40, 44, 45, 48, 50, 63, 64, 65, 68, 71, 73, 79, 82, 87, 88, 91, 92, 95, 109, 112, 115, 117, 122, 128, 132, 133, 137, 156, 157, 165, 183, 197]",37,False,3.4903388640482576e-05,-8.519358037386449e-07,1.1918441481407074e-05
CP3,312,312,174,138,2509,0.5576923076923077,0.06485277674245248,0.11619365609348914,cao2018,S45/070307n,parietal_left,mean,mean__parietal_left__CP3,1,217,"[28, 29, 31, 36, 39, 40, 44, 45, 48, 50, 63, 64, 65, 68, 71, 73, 79, 82, 87, 88, 91, 92, 95, 109, 112, 115, 117, 122, 128, 132, 133, 137, 156, 157, 165, 183, 197]",37,False,3.576257273028617e-05,7.248286064946324e-09,1.1918441481407074e-05
CP4,318,318,182,136,2501,0.5723270440251572,0.06783451360417443,0.12129290236587803,cao2018,S45/070307n,parietal_right,median,median__parietal_right__CP4,1,217,"[28, 29, 31, 36, 38, 39, 41, 44, 45, 48, 50, 51, 63, 64, 65, 68, 71, 76, 79, 82, 87, 88, 91, 95, 100, 113, 115, 123, 128, 133, 137, 141]",32,False,3.714841906543224e-05,-9.01708512652743e-07,1.2683375859361662e-05
CP4,288,288,168,120,2515,0.5833333333333334,0.06261647409616102,0.11309323460114441,cao2018,S45/070307n,parietal_right,mean,mean__parietal_right__CP4,1,217,"[28, 29, 31, 36, 38, 39, 41, 44, 45, 48, 50, 51, 63, 64, 65, 68, 71, 76, 79, 82, 87, 88, 91, 95, 100, 113, 115, 123, 128, 133, 137, 141]",32,False,3.806554454083219e-05,1.541696274720151e-08,1.2683375859361662e-05
P3,398,398,226,172,2457,0.5678391959798995,0.08423406634364518,0.14670561506004545,cao2018,S45/070307n,occipital,median,median__occipital__P3,6,217,"[4, 25, 26, 28, 29, 31, 36, 38, 39, 40, 41, 44, 45, 48, 50, 51, 57, 63, 64, 65, 66, 68, 71, 72, 73, 79, 82, 87, 88, 91, 95, 100, 102, 109, 112, 113, 114, 115, 117, 122, 123, 128, 132, 133, 134, 136, 137, 141, 156, 157, 165, 170, 180, 183, 197, 200]",56,False,2.8914473737655412e-05,-5.972217423536716e-07,9.837231826669694e-06
P4,325,325,174,151,2509,0.5353846153846153,0.06485277674245248,0.11569148936170214,cao2018,S45/070307n,occipital,median,median__occipital__P4,6,217,"[4, 25, 26, 28, 29, 31, 36, 38, 39, 40, 41, 44, 45, 48, 50, 51, 57, 63, 64, 65, 66, 68, 71, 72, 73, 79, 82, 87, 88, 91, 95, 100, 102, 109, 112, 113, 114, 115, 117, 122, 123, 128, 132, 133, 134, 136, 137, 141, 156, 157, 165, 170, 180, 183, 197, 200]",56,False,2.9274290744253022e-05,-5.150154126600549e-07,9.929768718971025e-06
T5,332,332,143,189,2540,0.4307228915662651,0.05329854640327991,0.09485903814262023,cao2018,S45/070307n,occipital,median,median__occipital__T5,6,217,"[4, 25, 26, 28, 29, 31, 36, 38, 39, 40, 41, 44, 45, 48, 50, 51, 57, 63, 64, 65, 66, 68, 71, 72, 73, 79, 82, 87, 88, 91, 95, 100, 102, 109, 112, 113, 114, 115, 117, 122, 123, 128, 132, 133, 134, 136, 137, 141, 156, 157, 165, 170, 180, 183, 197, 200]",56,False,3.155654070943972e-05,-4.894077125746754e-07,1.0681982807338132e-05
T6,246,246,118,128,2565,0.4796747967479675,0.04398061871039881,0.0805735745988392,cao2018,S45/070307n,occipital,median,median__occipital__T6,6,217,"[4, 25, 26, 28, 29, 31, 36, 38, 39, 40, 41, 44, 45, 48, 50, 51, 57, 63, 64, 65, 66, 68, 71, 72, 73, 79, 82, 87, 88, 91, 95, 100, 102, 109, 112, 113, 114, 115, 117, 122, 123, 128, 132, 133, 134, 136, 137, 141, 156, 157, 165, 170, 180, 183, 197, 200]",56,False,2.4074703469720766e-05,-1.5412549997482877e-07,8.076276323231864e-06
O1,234,234,97,137,2586,0.41452991452991456,0.03615355944837868,0.0665066849502914,cao2018,S45/070307n,occipital,median,median__occipital__O1,6,217,"[4, 25, 26, 28, 29, 31, 36, 38, 39, 40, 41, 44, 45, 48, 50, 51, 57, 63, 64, 65, 66, 68, 71, 72, 73, 79, 82, 87, 88, 91, 95, 100, 102, 109, 112, 113, 114, 115, 117, 122, 123, 128, 132, 133, 134, 136, 137, 141, 156, 157, 165, 170, 180, 183, 197, 200]",56,False,2.2803318286239943e-05,-8.851606354677463e-08,7.630611449928905e-06
O2,173,173,72,101,2611,0.4161849710982659,0.026835631755497576,0.050420168067226885,cao2018,S45/070307n,occipital,median,median__occipital__O2,6,217,"[4, 25, 26, 28, 29, 31, 36, 38, 39, 40, 41, 44, 45, 48, 50, 51, 57, 63, 64, 65, 66, 68, 71, 72, 73, 79, 82, 87, 88, 91, 95, 100, 102, 109, 112, 113, 114, 115, 117, 122, 123, 128, 132, 133, 134, 136, 137, 141, 156, 157, 165, 170, 180, 183, 197, 200]",56,False,2.532285374889933e-05,-6.622707099988861e-08,8.463026939966407e-06
P3,372,372,211,161,2472,0.5672043010752689,0.07864330972791651,0.1381342062193126,cao2018,S45/070307n,occipital,mean,mean__occipital__P3,6,217,"[4, 25, 26, 28, 29, 31, 36, 38, 39, 40, 41, 44, 45, 48, 50, 51, 57, 63, 64, 65, 66, 68, 71, 72, 73, 79, 82, 87, 88, 91, 95, 100, 102, 109, 112, 113, 114, 115, 117, 122, 123, 128, 132, 133, 134, 136, 137, 141, 156, 157, 165, 170, 180, 183, 197, 200]",56,False,2.9523507547089004e-05,1.181206707992053e-08,9.837231826669694e-06
P4,305,305,160,145,2523,0.5245901639344263,0.05963473723443906,0.107095046854083,cao2018,S45/070307n,occipital,mean,mean__occipital__P4,6,217,"[4, 25, 26, 28, 29, 31, 36, 38, 39, 40, 41, 44, 45, 48, 50, 51, 57, 63, 64, 65, 66, 68, 71, 72, 73, 79, 82, 87, 88, 91, 95, 100, 102, 109, 112, 113, 114, 115, 117, 122, 123, 128, 132, 133, 134, 136, 137, 141, 156, 157, 165, 170, 180, 183, 197, 200]",56,False,2.9798338048982285e-05,9.031892069209166e-09,9.929768718971025e-06
T5,315,315,137,178,2546,0.43492063492063493,0.051062243756988444,0.0913942628418946,cao2018,S45/070307n,occipital,mean,mean__occipital__T5,6,217,"[4, 25, 26, 28, 29, 31, 36, 38, 39, 40, 41, 44, 45, 48, 50, 51, 57, 63, 64, 65, 66, 68, 71, 72, 73, 79, 82, 87, 88, 91, 95, 100, 102, 109, 112, 113, 114, 115, 117, 122, 123, 128, 132, 133, 134, 136, 137, 141, 156, 157, 165, 170, 180, 183, 197, 200]",56,False,3.2044612573750094e-05,-1.3358482642980549e-09,1.0681982807338132e-05
T6,242,242,112,130,2571,0.4628099173553719,0.04174431606410734,0.07658119658119658,cao2018,S45/070307n,occipital,mean,mean__occipital__T6,6,217,"[4, 25, 26, 28, 29, 31, 36, 38, 39, 40, 41, 44, 45, 48, 50, 51, 57, 63, 64, 65, 66, 68, 71, 72, 73, 79, 82, 87, 88, 91, 95, 100, 102, 109, 112, 113, 114, 115, 117, 122, 123, 128, 132, 133, 134, 136, 137, 141, 156, 157, 165, 170, 180, 183, 197, 200]",56,False,2.4239745455833827e-05,1.091648613823392e-08,8.076276323231864e-06
O1,232,232,97,135,2586,0.41810344827586204,0.03615355944837868,0.06655231560891939,cao2018,S45/070307n,occipital,mean,mean__occipital__O1,6,217,"[4, 25, 26, 28, 29, 31, 36, 38, 39, 40, 41, 44, 45, 48, 50, 51, 57, 63, 64, 65, 66, 68, 71, 72, 73, 79, 82, 87, 88, 91, 95, 100, 102, 109, 112, 113, 114, 115, 117, 122, 123, 128, 132, 133, 134, 136, 137, 141, 156, 157, 165, 170, 180, 183, 197, 200]",56,False,2.290204925835328e-05,1.0214908566563914e-08,7.630611449928905e-06
O2,171,171,71,100,2612,0.4152046783625731,0.026462914647782332,0.04975473020322354,cao2018,S45/070307n,occipital,mean,mean__occipital__O2,6,217,"[4, 25, 26, 28, 29, 31, 36, 38, 39, 40, 41, 44, 45, 48, 50, 51, 57, 63, 64, 65, 66, 68, 71, 72, 73, 79, 82, 87, 88, 91, 95, 100, 102, 109, 112, 113, 114, 115, 117, 122, 123, 128, 132, 133, 134, 136, 137, 141, 156, 157, 165, 170, 180, 183, 197, 200]",56,False,2.5391455940283807e-05,2.3751203845870544e-09,8.463026939966407e-06
P3,388,388,222,166,2461,0.5721649484536082,0.0827431979127842,0.14457831325301204,cao2018,S45/070307n,occipital_left,median,median__occipital_left__P3,3,217,"[4, 25, 26, 28, 29, 31, 36, 38, 39, 40, 41, 44, 45, 48, 50, 57, 63, 64, 65, 66, 68, 71, 72, 73, 79, 82, 87, 88, 91, 95, 102, 109, 112, 114, 115, 117, 122, 128, 132, 133, 136, 137, 141, 156, 157, 165, 170, 180, 183, 197, 200]",51,False,2.9122950851028475e-05,-5.591986096451382e-07,9.894049820224537e-06
T5,315,315,136,179,2547,0.43174603174603177,0.0506895266492732,0.09072715143428953,cao2018,S45/070307n,occipital_left,median,median__occipital_left__T5,3,217,"[4, 25, 26, 28, 29, 31, 36, 38, 39, 40, 41, 44, 45, 48, 50, 57, 63, 64, 65, 66, 68, 71, 72, 73, 79, 82, 87, 88, 91, 95, 102, 109, 112, 114, 115, 117, 122, 128, 132, 133, 136, 137, 141, 156, 157, 165, 170, 180, 183, 197, 200]",51,False,3.206718814155488e-05,-4.5317216924250427e-07,1.0840120103599129e-05
O1,226,226,94,132,2589,0.415929203539823,0.035035408125232946,0.06462701959436233,cao2018,S45/070307n,occipital_left,median,median__occipital_left__O1,3,217,"[4, 25, 26, 28, 29, 31, 36, 38, 39, 40, 41, 44, 45, 48, 50, 57, 63, 64, 65, 66, 68, 71, 72, 73, 79, 82, 87, 88, 91, 95, 102, 109, 112, 114, 115, 117, 122, 128, 132, 133, 136, 137, 141, 156, 157, 165, 170, 180, 183, 197, 200]",51,False,2.3051487234604652e-05,-9.230842255041684e-08,7.714598552385024e-06
P3,361,361,206,155,2477,0.5706371191135734,0.07677972418934029,0.13534822601839686,cao2018,S45/070307n,occipital_left,mean,mean__occipital_left__P3,3,217,"[4, 25, 26, 28, 29, 31, 36, 38, 39, 40, 41, 44, 45, 48, 50, 57, 63, 64, 65, 66, 68, 71, 72, 73, 79, 82, 87, 88, 91, 95, 102, 109, 112, 114, 115, 117, 122, 128, 132, 133, 136, 137, 141, 156, 157, 165, 170, 180, 183, 197, 200]",51,False,2.9694156581971277e-05,1.2007121297662745e-08,9.894049820224537e-06
T5,298,298,127,171,2556,0.4261744966442953,0.047335072679836006,0.08520630660852065,cao2018,S45/070307n,occipital_left,mean,mean__occipital_left__T5,3,217,"[4, 25, 26, 28, 29, 31, 36, 38, 39, 40, 41, 44, 45, 48, 50, 57, 63, 64, 65, 66, 68, 71, 72, 73, 79, 82, 87, 88, 91, 95, 102, 109, 112, 114, 115, 117, 122, 128, 132, 133, 136, 137, 141, 156, 157, 165, 170, 180, 183, 197, 200]",51,False,3.252560386266701e-05,5.243551869624085e-09,1.0840120103599129e-05
O1,220,220,92,128,2591,0.41818181818181815,0.03428997390980246,0.06338270754392009,cao2018,S45/070307n,occipital_left,mean,mean__occipital_left__O1,3,217,"[4, 25, 26, 28, 29, 31, 36, 38, 39, 40, 41, 44, 45, 48, 50, 57, 63, 64, 65, 66, 68, 71, 72, 73, 79, 82, 87, 88, 91, 95, 102, 109, 112, 114, 115, 117, 122, 128, 132, 133, 136, 137, 141, 156, 157, 165, 170, 180, 183, 197, 200]",51,False,2.3146627908424215e-05,2.832251269146746e-09,7.714598552385024e-06
P4,259,259,139,120,2544,0.5366795366795367,0.05180767797241893,0.09449354180829368,cao2018,S45/070307n,occipital_right,median,median__occipital_right__P4,3,217,"[28, 29, 36, 38, 39, 41, 44, 45, 48, 50, 51, 63, 64, 65, 68, 71, 79, 82, 87, 88, 91, 95, 100, 109, 113, 115, 122, 123, 128, 132, 133, 134, 137, 141, 156, 165, 183, 197]",38,False,3.0902134874932996e-05,-5.670158827111967e-07,1.0489716919214733e-05
T6,190,190,86,104,2597,0.45263157894736844,0.032053671263511,0.05986773407587887,cao2018,S45/070307n,occipital_right,median,median__occipital_right__T6,3,217,"[28, 29, 36, 38, 39, 41, 44, 45, 48, 50, 51, 63, 64, 65, 68, 71, 79, 82, 87, 88, 91, 95, 100, 109, 113, 115, 122, 123, 128, 132, 133, 134, 137, 141, 156, 165, 183, 197]",38,False,2.5701634851915026e-05,-1.4820926900143193e-07,8.616614706972153e-06
O2,131,131,56,75,2627,0.42748091603053434,0.02087215803205367,0.03980099502487562,cao2018,S45/070307n,occipital_right,median,median__occipital_right__O2,3,217,"[28, 29, 36, 38, 39, 41, 44, 45, 48, 50, 51, 63, 64, 65, 68, 71, 79, 82, 87, 88, 91, 95, 100, 109, 113, 115, 122, 123, 128, 132, 133, 134, 137, 141, 156, 165, 183, 197]",38,False,2.708333441288865e-05,-5.973471762750525e-08,9.047689710172052e-06
P4,250,250,133,117,2550,0.532,0.049571375326127466,0.09069212410501193,cao2018,S45/070307n,occipital_right,mean,mean__occipital_right__P4,3,217,"[28, 29, 36, 38, 39, 41, 44, 45, 48, 50, 51, 63, 64, 65, 68, 71, 79, 82, 87, 88, 91, 95, 100, 109, 113, 115, 122, 123, 128, 132, 133, 134, 137, 141, 156, 165, 183, 197]",38,False,3.1476917056214416e-05,7.766298570218375e-09,1.0489716919214733e-05
T6,189,189,84,105,2599,0.4444444444444444,0.03130823704808051,0.058495821727019504,cao2018,S45/070307n,occipital_right,mean,mean__occipital_right__T6,3,217,"[28, 29, 36, 38, 39, 41, 44, 45, 48, 50, 51, 63, 64, 65, 68, 71, 79, 82, 87, 88, 91, 95, 100, 109, 113, 115, 122, 123, 128, 132, 133, 134, 137, 141, 156, 165, 183, 197]",38,False,2.5867149424478346e-05,1.7305303561888457e-08,8.616614706972153e-06
O2,130,130,56,74,2627,0.4307692307692308,0.02087215803205367,0.03981514397440455,cao2018,S45/070307n,occipital_right,mean,mean__occipital_right__O2,3,217,"[28, 29, 36, 38, 39, 41, 44, 45, 48, 50, 51, 63, 64, 65, 68, 71, 79, 82, 87, 88, 91, 95, 100, 109, 113, 115, 122, 123, 128, 132, 133, 134, 137, 141, 156, 165, 183, 197]",38,False,2.713653336055324e-05,-6.5357699629154765e-09,9.047689710172052e-06
CP3,451,451,266,185,2417,0.5898004434589801,0.09914275065225493,0.16975111678366303,cao2018,S45/070307n,posterior,median,median__posterior__CP3,8,217,"[4, 25, 26, 28, 29, 31, 36, 38, 39, 40, 41, 44, 45, 48, 50, 51, 57, 63, 64, 65, 66, 68, 71, 72, 73, 76, 79, 82, 87, 88, 91, 92, 95, 100, 102, 109, 112, 113, 114, 115, 117, 122, 123, 128, 132, 133, 134, 136, 137, 141, 156, 157, 165, 170, 180, 183, 197, 200]",58,False,3.24767165864374e-05,-8.097395260261577e-07,1.1095485370821185e-05
CP4,455,455,253,202,2430,0.5560439560439561,0.09429742825195676,0.16124920331421286,cao2018,S45/070307n,posterior,median,median__posterior__CP4,8,217,"[4, 25, 26, 28, 29, 31, 36, 38, 39, 40, 41, 44, 45, 48, 50, 51, 57, 63, 64, 65, 66, 68, 71, 72, 73, 76, 79, 82, 87, 88, 91, 92, 95, 100, 102, 109, 112, 113, 114, 115, 117, 122, 123, 128, 132, 133, 134, 136, 137, 141, 156, 157, 165, 170, 180, 183, 197, 200]",58,False,3.4054603211682606e-05,-7.749571400211243e-07,1.1609853450567911e-05
P3,408,408,232,176,2451,0.5686274509803921,0.08647036898993664,0.15011323196376578,cao2018,S45/070307n,posterior,median,median__posterior__P3,8,217,"[4, 25, 26, 28, 29, 31, 36, 38, 39, 40, 41, 44, 45, 48, 50, 51, 57, 63, 64, 65, 66, 68, 71, 72, 73, 76, 79, 82, 87, 88, 91, 92, 95, 100, 102, 109, 112, 113, 114, 115, 117, 122, 123, 128, 132, 133, 134, 136, 137, 141, 156, 157, 165, 170, 180, 183, 197, 200]",58,False,2.868629158093259e-05,-6.010518619441063e-07,9.762447814292232e-06
P4,332,332,179,153,2504,0.5391566265060241,0.0667163622810287,0.1187396351575456,cao2018,S45/070307n,posterior,median,median__posterior__P4,8,217,"[4, 25, 26, 28, 29, 31, 36, 38, 39, 40, 41, 44, 45, 48, 50, 51, 57, 63, 64, 65, 66, 68, 71, 72, 73, 76, 79, 82, 87, 88, 91, 92, 95, 100, 102, 109, 112, 113, 114, 115, 117, 122, 123, 128, 132, 133, 134, 136, 137, 141, 156, 157, 165, 170, 180, 183, 197, 200]",58,False,2.9092862063611683e-05,-5.159441453164787e-07,9.86960206964272e-06
T5,342,342,146,196,2537,0.4269005847953216,0.05441669772642564,0.0965289256198347,cao2018,S45/070307n,posterior,median,median__posterior__T5,8,217,"[4, 25, 26, 28, 29, 31, 36, 38, 39, 40, 41, 44, 45, 48, 50, 51, 57, 63, 64, 65, 66, 68, 71, 72, 73, 76, 79, 82, 87, 88, 91, 92, 95, 100, 102, 109, 112, 113, 114, 115, 117, 122, 123, 128, 132, 133, 134, 136, 137, 141, 156, 157, 165, 170, 180, 183, 197, 200]",58,False,3.113966463826559e-05,-4.906934075333094e-07,1.0543452681932965e-05
T6,251,251,119,132,2564,0.47410358565737054,0.04435333581811405,0.08111792774369461,cao2018,S45/070307n,posterior,median,median__posterior__T6,8,217,"[4, 25, 26, 28, 29, 31, 36, 38, 39, 40, 41, 44, 45, 48, 50, 51, 57, 63, 64, 65, 66, 68, 71, 72, 73, 76, 79, 82, 87, 88, 91, 92, 95, 100, 102, 109, 112, 113, 114, 115, 117, 122, 123, 128, 132, 133, 134, 136, 137, 141, 156, 157, 165, 170, 180, 183, 197, 200]",58,False,2.3894333193106845e-05,-1.5373848035337838e-07,8.016023891153408e-06
O1,240,240,98,142,2585,0.4083333333333333,0.036526276556093924,0.06705439616832022,cao2018,S45/070307n,posterior,median,median__posterior__O1,8,217,"[4, 25, 26, 28, 29, 31, 36, 38, 39, 40, 41, 44, 45, 48, 50, 51, 57, 63, 64, 65, 66, 68, 71, 72, 73, 76, 79, 82, 87, 88, 91, 92, 95, 100, 102, 109, 112, 113, 114, 115, 117, 122, 123, 128, 132, 133, 134, 136, 137, 141, 156, 157, 165, 170, 180, 183, 197, 200]",58,False,2.2622377273558336e-05,-9.729148742582995e-08,7.573222920328055e-06
O2,179,179,75,104,2608,0.41899441340782123,0.02795378307864331,0.05241090146750524,cao2018,S45/070307n,posterior,median,median__posterior__O2,8,217,"[4, 25, 26, 28, 29, 31, 36, 38, 39, 40, 41, 44, 45, 48, 50, 51, 57, 63, 64, 65, 66, 68, 71, 72, 73, 76, 79, 82, 87, 88, 91, 92, 95, 100, 102, 109, 112, 113, 114, 115, 117, 122, 123, 128, 132, 133, 134, 136, 137, 141, 156, 157, 165, 170, 180, 183, 197, 200]",58,False,2.5142728697961314e-05,-6.879266732417892e-08,8.403840455095165e-06
CP3,413,413,242,171,2441,0.585956416464891,0.09019754006708908,0.15633074935400518,cao2018,S45/070307n,posterior,mean,mean__posterior__CP3,8,217,"[4, 25, 26, 28, 29, 31, 36, 38, 39, 40, 41, 44, 45, 48, 50, 51, 57, 63, 64, 65, 66, 68, 71, 72, 73, 76, 79, 82, 87, 88, 91, 92, 95, 100, 102, 109, 112, 113, 114, 115, 117, 122, 123, 128, 132, 133, 134, 136, 137, 141, 156, 157, 165, 170, 180, 183, 197, 200]",58,False,3.329897170336275e-05,1.2515590899200392e-08,1.1095485370821185e-05
CP4,406,406,229,177,2454,0.5640394088669951,0.08535221766679091,0.14826804791194562,cao2018,S45/070307n,posterior,mean,mean__posterior__CP4,8,217,"[4, 25, 26, 28, 29, 31, 36, 38, 39, 40, 41, 44, 45, 48, 50, 51, 57, 63, 64, 65, 66, 68, 71, 72, 73, 76, 79, 82, 87, 88, 91, 92, 95, 100, 102, 109, 112, 113, 114, 115, 117, 122, 123, 128, 132, 133, 134, 136, 137, 141, 156, 157, 165, 170, 180, 183, 197, 200]",58,False,3.48412868461757e-05,1.1726494471964593e-08,1.1609853450567911e-05
P3,382,382,217,165,2466,0.5680628272251309,0.08087961237420797,0.14159869494290375,cao2018,S45/070307n,posterior,mean,mean__posterior__P3,8,217,"[4, 25, 26, 28, 29, 31, 36, 38, 39, 40, 41, 44, 45, 48, 50, 51, 57, 63, 64, 65, 66, 68, 71, 72, 73, 76, 79, 82, 87, 88, 91, 92, 95, 100, 102, 109, 112, 113, 114, 115, 117, 122, 123, 128, 132, 133, 134, 136, 137, 141, 156, 157, 165, 170, 180, 183, 197, 200]",58,False,2.9297449321185477e-05,1.0105878308781032e-08,9.762447814292232e-06
P4,311,311,165,146,2518,0.5305466237942122,0.061498322773015285,0.11022044088176354,cao2018,S45/070307n,posterior,mean,mean__posterior__P4,8,217,"[4, 25, 26, 28, 29, 31, 36, 38, 39, 40, 41, 44, 45, 48, 50, 51, 57, 63, 64, 65, 66, 68, 71, 72, 73, 76, 79, 82, 87, 88, 91, 92, 95, 100, 102, 109, 112, 113, 114, 115, 117, 122, 123, 128, 132, 133, 134, 136, 137, 141, 156, 157, 165, 170, 180, 183, 197, 200]",58,False,2.9618276086400537e-05,9.469877472375248e-09,9.86960206964272e-06
T5,329,329,142,187,2541,0.4316109422492401,0.052925829295564664,0.0942895086321381,cao2018,S45/070307n,posterior,mean,mean__posterior__T5,8,217,"[4, 25, 26, 28, 29, 31, 36, 38, 39, 40, 41, 44, 45, 48, 50, 51, 57, 63, 64, 65, 66, 68, 71, 72, 73, 76, 79, 82, 87, 88, 91, 92, 95, 100, 102, 109, 112, 113, 114, 115, 117, 122, 123, 128, 132, 133, 134, 136, 137, 141, 156, 157, 165, 170, 180, 183, 197, 200]",58,False,3.162817918216608e-05,-2.17886363281162e-09,1.0543452681932965e-05
T6,246,246,118,128,2565,0.4796747967479675,0.04398061871039881,0.0805735745988392,cao2018,S45/070307n,posterior,mean,mean__posterior__T6,8,217,"[4, 25, 26, 28, 29, 31, 36, 38, 39, 40, 41, 44, 45, 48, 50, 51, 57, 63, 64, 65, 66, 68, 71, 72, 73, 76, 79, 82, 87, 88, 91, 92, 95, 100, 102, 109, 112, 113, 114, 115, 117, 122, 123, 128, 132, 133, 134, 136, 137, 141, 156, 157, 165, 170, 180, 183, 197, 200]",58,False,2.4060325138017607e-05,1.2253464557381339e-08,8.016023891153408e-06
O1,236,236,98,138,2585,0.4152542372881356,0.036526276556093924,0.0671462829736211,cao2018,S45/070307n,posterior,mean,mean__posterior__O1,8,217,"[4, 25, 26, 28, 29, 31, 36, 38, 39, 40, 41, 44, 45, 48, 50, 51, 57, 63, 64, 65, 66, 68, 71, 72, 73, 76, 79, 82, 87, 88, 91, 92, 95, 100, 102, 109, 112, 113, 114, 115, 117, 122, 123, 128, 132, 133, 134, 136, 137, 141, 156, 157, 165, 170, 180, 183, 197, 200]",58,False,2.2728119076173665e-05,8.450315189499444e-09,7.573222920328055e-06
O2,179,179,74,105,2609,0.4134078212290503,0.027581065970928065,0.0517120894479385,cao2018,S45/070307n,posterior,mean,mean__posterior__O2,8,217,"[4, 25, 26, 28, 29, 31, 36, 38, 39, 40, 41, 44, 45, 48, 50, 51, 57, 63, 64, 65, 66, 68, 71, 72, 73, 76, 79, 82, 87, 88, 91, 92, 95, 100, 102, 109, 112, 113, 114, 115, 117, 122, 123, 128, 132, 133, 134, 136, 137, 141, 156, 157, 165, 170, 180, 183, 197, 200]",58,False,2.5214076496922074e-05,2.555131636578729e-09,8.403840455095165e-06
FP1,2514,2514,2189,325,494,0.8707239459029436,0.8158777487886694,0.8424090821627863,cao2018,S45/070307n,fp1_only,median,median__fp1_only__FP1,1,217,"[4, 26, 28, 29, 31, 32, 38, 39, 40, 41, 44, 45, 46, 48, 50, 55, 56, 57, 61, 62, 63, 64, 65, 68, 70, 71, 79, 81, 82, 86, 87, 88, 92, 95, 96, 97, 102, 103, 104, 105, 109, 112, 113, 114, 117, 118, 122, 127, 128, 129, 131, 132, 133, 136, 137, 138, 139, 141, 142, 143, 145, 151, 183, 190, 200]",65,False,0.00010936463351796033,-6.420175453970594e-06,3.8594936323976974e-05
FP1,2338,2338,2074,264,609,0.8870829769033362,0.7730152814014163,0.8261302529376617,cao2018,S45/070307n,fp1_only,mean,mean__fp1_only__FP1,1,217,"[4, 26, 28, 29, 31, 32, 38, 39, 40, 41, 44, 45, 46, 48, 50, 55, 56, 57, 61, 62, 63, 64, 65, 68, 70, 71, 79, 81, 82, 86, 87, 88, 92, 95, 96, 97, 102, 103, 104, 105, 109, 112, 113, 114, 117, 118, 122, 127, 128, 129, 131, 132, 133, 136, 137, 138, 139, 141, 142, 143, 145, 151, 183, 190, 200]",65,False,0.00011569272803309418,-9.208093883674571e-08,3.8594936323976974e-05
FP2,2450,2450,2160,290,523,0.8816326530612245,0.8050689526649273,0.8416130917592052,cao2018,S45/070307n,fp2_only,median,median__fp2_only__FP2,1,217,"[4, 7, 18, 26, 28, 29, 31, 32, 35, 36, 38, 39, 40, 41, 42, 43, 44, 45, 46, 48, 50, 54, 55, 56, 57, 61, 62, 63, 64, 65, 66, 68, 70, 71, 72, 79, 81, 82, 86, 87, 88, 92, 95, 96, 97, 102, 103, 104, 105, 107, 109, 112, 113, 114, 117, 118, 122, 127, 128, 129, 131, 133, 134, 136, 137, 138, 139, 141, 142, 143, 145, 151, 167, 170, 182, 183, 190, 193, 200, 211, 216]",81,False,9.891931712215344e-05,-5.745570567176613e-06,3.488829589644335e-05
FP2,2297,2297,2061,236,622,0.8972572921201567,0.7681699590011182,0.827710843373494,cao2018,S45/070307n,fp2_only,mean,mean__fp2_only__FP2,1,217,"[4, 7, 18, 26, 28, 29, 31, 32, 35, 36, 38, 39, 40, 41, 42, 43, 44, 45, 46, 48, 50, 54, 55, 56, 57, 61, 62, 63, 64, 65, 66, 68, 70, 71, 72, 79, 81, 82, 86, 87, 88, 92, 95, 96, 97, 102, 103, 104, 105, 107, 109, 112, 113, 114, 117, 118, 122, 127, 128, 129, 131, 133, 134, 136, 137, 138, 139, 141, 142, 143, 145, 151, 167, 170, 182, 183, 190, 193, 200, 211, 216]",81,False,0.00010461041072490839,-5.447696442165826e-08,3.488829589644335e-05
F3,1699,1699,1404,295,1279,0.8263684520306063,0.5232948192322028,0.6408032861706984,cao2018,S45/070307n,f3_only,median,median__f3_only__F3,1,217,"[4, 26, 28, 29, 31, 36, 38, 39, 40, 41, 42, 44, 45, 48, 49, 50, 55, 56, 57, 61, 62, 63, 64, 65, 68, 70, 71, 73, 79, 81, 82, 84, 86, 87, 88, 91, 92, 95, 96, 97, 98, 103, 104, 105, 109, 112, 113, 114, 115, 117, 118, 122, 127, 128, 129, 131, 132, 133, 134, 136, 137, 138, 139, 140, 141, 142, 143, 145, 146, 151, 158, 165, 167, 170, 182, 183, 184, 186, 190, 194, 200]",81,False,5.545544317427926e-05,-2.5520829928453666e-06,1.933584205570821e-05
F3,1508,1508,1248,260,1435,0.8275862068965517,0.4651509504286247,0.595561918396564,cao2018,S45/070307n,f3_only,mean,mean__f3_only__F3,1,217,"[4, 26, 28, 29, 31, 36, 38, 39, 40, 41, 42, 44, 45, 48, 49, 50, 55, 56, 57, 61, 62, 63, 64, 65, 68, 70, 71, 73, 79, 81, 82, 84, 86, 87, 88, 91, 92, 95, 96, 97, 98, 103, 104, 105, 109, 112, 113, 114, 115, 117, 118, 122, 127, 128, 129, 131, 132, 133, 134, 136, 137, 138, 139, 140, 141, 142, 143, 145, 146, 151, 158, 165, 167, 170, 182, 183, 184, 186, 190, 194, 200]",81,False,5.799073808820067e-05,-1.6788078923959523e-08,1.933584205570821e-05
F4,1578,1578,1293,285,1390,0.8193916349809885,0.48192322027581064,0.606899788781976,cao2018,S45/070307n,f4_only,median,median__f4_only__F4,1,217,"[4, 26, 28, 29, 31, 35, 36, 38, 39, 40, 41, 42, 43, 44, 45, 46, 48, 49, 50, 51, 55, 56, 57, 61, 62, 63, 64, 65, 66, 68, 70, 71, 76, 79, 81, 82, 84, 86, 87, 88, 89, 91, 92, 95, 96, 97, 98, 99, 100, 103, 104, 105, 107, 109, 110, 112, 113, 114, 115, 117, 118, 122, 127, 128, 129, 131, 132, 133, 137, 138, 139, 141, 142, 143, 144, 145, 146, 147, 151, 165, 167, 169, 170, 174, 175, 182, 183, 190, 193, 200, 204, 205]",92,False,5.6330911520042725e-05,-2.3558597690998515e-06,1.956225709638086e-05
F4,1404,1404,1147,257,1536,0.8169515669515669,0.42750652254938504,0.5612919011499878,cao2018,S45/070307n,f4_only,mean,mean__f4_only__F4,1,217,"[4, 26, 28, 29, 31, 35, 36, 38, 39, 40, 41, 42, 43, 44, 45, 46, 48, 49, 50, 51, 55, 56, 57, 61, 62, 63, 64, 65, 66, 68, 70, 71, 76, 79, 81, 82, 84, 86, 87, 88, 89, 91, 92, 95, 96, 97, 98, 99, 100, 103, 104, 105, 107, 109, 110, 112, 113, 114, 115, 117, 118, 122, 127, 128, 129, 131, 132, 133, 137, 138, 139, 141, 142, 143, 144, 145, 146, 147, 151, 165, 167, 169, 170, 174, 175, 182, 183, 190, 193, 200, 204, 205]",92,False,5.867489530812402e-05,-1.1875981018563803e-08,1.956225709638086e-05
