channel,raw_candidate_count,mapped_candidate_count,tp,fp,fn,precision,recall,f1,dataset,session,selection,center_method,condition,n_channels_used,n_valid,flagged_valid_epoch_indices,n_flagged,used_all_epochs,blink_region_threshold,threshold_center,threshold_dispersion,epoch_duration_s
FP2,1667,1667,1413,254,23,0.847630473905219,0.983983286908078,0.9107315501127942,cao2018,S09/060720_1n,all_channel,median,median__all_channel__FP2,32,348,"[0, 1, 2, 3, 4, 5, 6, 7, 8, 9, 10, 11, 12, 13, 14, 15, 16, 17, 18, 19, 20, 21, 22, 23, 24, 25, 26, 27, 28, 29, 30, 31, 32, 33, 34, 35, 36, 37, 38, 39, 40, 41, 42, 43, 44, 45, 46, 47, 48, 49, 50, 51, 52, 53, 54, 55, 56, 57, 58, 59, 60, 61, 62, 63, 64, 65, 66, 67, 68, 69, 70, 71, 72, 73, 74, 75, 76, 77, 78, 79, 80, 81, 82, 83, 84, 85, 86, 87, 88, 89, 90, 92, 93, 94, 95, 96, 97, 98, 99, 100, 101, 102, 103, 104, 105, 106, 107, 108, 109, 110, 111, 112, 113, 114, 115, 117, 118, 119, 121, 122, 123, 124, 125, 127, 128, 130, 132, 135, 136, 137, 139, 140, 141, 144, 148, 149, 151, 152, 154, 156, 157, 158, 161, 162, 163, 164, 165, 167, 168, 169, 170, 171, 172, 173, 174, 176, 177, 178, 179, 180, 181, 184, 185, 186, 187, 189, 190, 191, 192, 193, 194, 195, 198, 199, 202, 203, 204, 205, 206, 207, 208, 209, 210, 211, 212, 213, 214, 215, 216, 217, 218, 219, 220, 221, 222, 223, 224, 225, 226, 227, 228, 230, 231, 232, 233, 234, 235, 236, 237, 238, 240, 241, 243, 244, 245, 246, 247, 248, 249, 250, 251, 252, 253, 254, 255, 256, 257, 258, 259, 260, 261, 262, 263, 264, 265, 266, 267, 268, 269, 270, 271, 272, 273, 274, 275, 276, 277, 278, 279, 280, 281, 282, 283, 284, 285, 286, 287, 288, 289, 290, 291, 292, 293, 294, 295, 296, 297, 298, 299, 300, 301, 302, 303, 304, 306, 307, 308, 310, 311, 312, 313, 314, 315, 316, 317, 318, 319, 320, 321, 322, 323, 324, 325, 326, 327, 328, 329, 330, 331, 332, 333, 334, 335, 336, 337, 338, 339, 340, 341, 342, 343, 344, 345, 346, 347]",315,False,4.71117035280601e-05,-4.61474195778079e-06,1.7242148495280297e-05,10.0
FP1,1660,1660,1403,257,33,0.8451807228915663,0.9770194986072424,0.9063307493540051,cao2018,S09/060720_1n,all_channel,median,median__all_channel__FP1,32,348,"[0, 1, 2, 3, 4, 5, 6, 7, 8, 9, 10, 11, 12, 13, 14, 15, 16, 17, 18, 19, 20, 21, 22, 23, 24, 25, 26, 27, 28, 29, 30, 31, 32, 33, 34, 35, 36, 37, 38, 39, 40, 41, 42, 43, 44, 45, 46, 47, 48, 49, 50, 51, 52, 53, 54, 55, 56, 57, 58, 59, 60, 61, 62, 63, 64, 65, 66, 67, 68, 69, 70, 71, 72, 73, 74, 75, 76, 77, 78, 79, 80, 81, 82, 83, 84, 85, 86, 87, 88, 89, 90, 92, 93, 94, 95, 96, 97, 98, 99, 100, 101, 102, 103, 104, 105, 106, 107, 108, 109, 110, 111, 112, 113, 114, 115, 117, 118, 119, 121, 122, 123, 124, 125, 127, 128, 130, 132, 135, 136, 137, 139, 140, 141, 144, 148, 149, 151, 152, 154, 156, 157, 158, 161, 162, 163, 164, 165, 167, 168, 169, 170, 171, 172, 173, 174, 176, 177, 178, 179, 180, 181, 184, 185, 186, 187, 189, 190, 191, 192, 193, 194, 195, 198, 199, 202, 203, 204, 205, 206, 207, 208, 209, 210, 211, 212, 213, 214, 215, 216, 217, 218, 219, 220, 221, 222, 223, 224, 225, 226, 227, 228, 230, 231, 232, 233, 234, 235, 236, 237, 238, 240, 241, 243, 244, 245, 246, 247, 248, 249, 250, 251, 252, 253, 254, 255, 256, 257, 258, 259, 260, 261, 262, 263, 264, 265, 266, 267, 268, 269, 270, 271, 272, 273, 274, 275, 276, 277, 278, 279, 280, 281, 282, 283, 284, 285, 286, 287, 288, 289, 290, 291, 292, 293, 294, 295, 296, 297, 298, 299, 300, 301, 302, 303, 304, 306, 307, 308, 310, 311, 312, 313, 314, 315, 316, 317, 318, 319, 320, 321, 322, 323, 324, 325, 326, 327, 328, 329, 330, 331, 332, 333, 334, 335, 336, 337, 338, 339, 340, 341, 342, 343, 344, 345, 346, 347]",315,False,5.234087410491786e-05,-5.189729007402761e-06,1.9176867704106873e-05,10.0
FZ,1348,1348,1197,151,239,0.8879821958456974,0.8335654596100278,0.8599137931034482,cao2018,S09/060720_1n,all_channel,median,median__all_channel__FZ,32,348,"[0, 1, 2, 3, 4, 5, 6, 7, 8, 9, 10, 11, 12, 13, 14, 15, 16, 17, 18, 19, 20, 21, 22, 23, 24, 25, 26, 27, 28, 29, 30, 31, 32, 33, 34, 35, 36, 37, 38, 39, 40, 41, 42, 43, 44, 45, 46, 47, 48, 49, 50, 51, 52, 53, 54, 55, 56, 57, 58, 59, 60, 61, 62, 63, 64, 65, 66, 67, 68, 69, 70, 71, 72, 73, 74, 75, 76, 77, 78, 79, 80, 81, 82, 83, 84, 85, 86, 87, 88, 89, 90, 92, 93, 94, 95, 96, 97, 98, 99, 100, 101, 102, 103, 104, 105, 106, 107, 108, 109, 110, 111, 112, 113, 114, 115, 117, 118, 119, 121, 122, 123, 124, 125, 127, 128, 130, 132, 135, 136, 137, 139, 140, 141, 144, 148, 149, 151, 152, 154, 156, 157, 158, 161, 162, 163, 164, 165, 167, 168, 169, 170, 171, 172, 173, 174, 176, 177, 178, 179, 180, 181, 184, 185, 186, 187, 189, 190, 191, 192, 193, 194, 195, 198, 199, 202, 203, 204, 205, 206, 207, 208, 209, 210, 211, 212, 213, 214, 215, 216, 217, 218, 219, 220, 221, 222, 223, 224, 225, 226, 227, 228, 230, 231, 232, 233, 234, 235, 236, 237, 238, 240, 241, 243, 244, 245, 246, 247, 248, 249, 250, 251, 252, 253, 254, 255, 256, 257, 258, 259, 260, 261, 262, 263, 264, 265, 266, 267, 268, 269, 270, 271, 272, 273, 274, 275, 276, 277, 278, 279, 280, 281, 282, 283, 284, 285, 286, 287, 288, 289, 290, 291, 292, 293, 294, 295, 296, 297, 298, 299, 300, 301, 302, 303, 304, 306, 307, 308, 310, 311, 312, 313, 314, 315, 316, 317, 318, 319, 320, 321, 322, 323, 324, 325, 326, 327, 328, 329, 330, 331, 332, 333, 334, 335, 336, 337, 338, 339, 340, 341, 342, 343, 344, 345, 346, 347]",315,False,3.384751401346206e-05,-2.108991473406864e-06,1.1985501828956307e-05,10.0
F4,1366,1366,1155,211,281,0.8455344070278185,0.8043175487465181,0.8244111349036403,cao2018,S09/060720_1n,all_channel,median,median__all_channel__F4,32,348,"[0, 1, 2, 3, 4, 5, 6, 7, 8, 9, 10, 11, 12, 13, 14, 15, 16, 17, 18, 19, 20, 21, 22, 23, 24, 25, 26, 27, 28, 29, 30, 31, 32, 33, 34, 35, 36, 37, 38, 39, 40, 41, 42, 43, 44, 45, 46, 47, 48, 49, 50, 51, 52, 53, 54, 55, 56, 57, 58, 59, 60, 61, 62, 63, 64, 65, 66, 67, 68, 69, 70, 71, 72, 73, 74, 75, 76, 77, 78, 79, 80, 81, 82, 83, 84, 85, 86, 87, 88, 89, 90, 92, 93, 94, 95, 96, 97, 98, 99, 100, 101, 102, 103, 104, 105, 106, 107, 108, 109, 110, 111, 112, 113, 114, 115, 117, 118, 119, 121, 122, 123, 124, 125, 127, 128, 130, 132, 135, 136, 137, 139, 140, 141, 144, 148, 149, 151, 152, 154, 156, 157, 158, 161, 162, 163, 164, 165, 167, 168, 169, 170, 171, 172, 173, 174, 176, 177, 178, 179, 180, 181, 184, 185, 186, 187, 189, 190, 191, 192, 193, 194, 195, 198, 199, 202, 203, 204, 205, 206, 207, 208, 209, 210, 211, 212, 213, 214, 215, 216, 217, 218, 219, 220, 221, 222, 223, 224, 225, 226, 227, 228, 230, 231, 232, 233, 234, 235, 236, 237, 238, 240, 241, 243, 244, 245, 246, 247, 248, 249, 250, 251, 252, 253, 254, 255, 256, 257, 258, 259, 260, 261, 262, 263, 264, 265, 266, 267, 268, 269, 270, 271, 272, 273, 274, 275, 276, 277, 278, 279, 280, 281, 282, 283, 284, 285, 286, 287, 288, 289, 290, 291, 292, 293, 294, 295, 296, 297, 298, 299, 300, 301, 302, 303, 304, 306, 307, 308, 310, 311, 312, 313, 314, 315, 316, 317, 318, 319, 320, 321, 322, 323, 324, 325, 326, 327, 328, 329, 330, 331, 332, 333, 334, 335, 336, 337, 338, 339, 340, 341, 342, 343, 344, 345, 346, 347]",315,False,3.306365207366742e-05,-1.8708771384796964e-06,1.1644843070715704e-05,10.0
F8,1301,1301,1103,198,333,0.8478093774019985,0.7681058495821727,0.805991962002192,cao2018,S09/060720_1n,all_channel,median,median__all_channel__F8,32,348,"[0, 1, 2, 3, 4, 5, 6, 7, 8, 9, 10, 11, 12, 13, 14, 15, 16, 17, 18, 19, 20, 21, 22, 23, 24, 25, 26, 27, 28, 29, 30, 31, 32, 33, 34, 35, 36, 37, 38, 39, 40, 41, 42, 43, 44, 45, 46, 47, 48, 49, 50, 51, 52, 53, 54, 55, 56, 57, 58, 59, 60, 61, 62, 63, 64, 65, 66, 67, 68, 69, 70, 71, 72, 73, 74, 75, 76, 77, 78, 79, 80, 81, 82, 83, 84, 85, 86, 87, 88, 89, 90, 92, 93, 94, 95, 96, 97, 98, 99, 100, 101, 102, 103, 104, 105, 106, 107, 108, 109, 110, 111, 112, 113, 114, 115, 117, 118, 119, 121, 122, 123, 124, 125, 127, 128, 130, 132, 135, 136, 137, 139, 140, 141, 144, 148, 149, 151, 152, 154, 156, 157, 158, 161, 162, 163, 164, 165, 167, 168, 169, 170, 171, 172, 173, 174, 176, 177, 178, 179, 180, 181, 184, 185, 186, 187, 189, 190, 191, 192, 193, 194, 195, 198, 199, 202, 203, 204, 205, 206, 207, 208, 209, 210, 211, 212, 213, 214, 215, 216, 217, 218, 219, 220, 221, 222, 223, 224, 225, 226, 227, 228, 230, 231, 232, 233, 234, 235, 236, 237, 238, 240, 241, 243, 244, 245, 246, 247, 248, 249, 250, 251, 252, 253, 254, 255, 256, 257, 258, 259, 260, 261, 262, 263, 264, 265, 266, 267, 268, 269, 270, 271, 272, 273, 274, 275, 276, 277, 278, 279, 280, 281, 282, 283, 284, 285, 286, 287, 288, 289, 290, 291, 292, 293, 294, 295, 296, 297, 298, 299, 300, 301, 302, 303, 304, 306, 307, 308, 310, 311, 312, 313, 314, 315, 316, 317, 318, 319, 320, 321, 322, 323, 324, 325, 326, 327, 328, 329, 330, 331, 332, 333, 334, 335, 336, 337, 338, 339, 340, 341, 342, 343, 344, 345, 346, 347]",315,False,3.515964449448481e-05,-1.6102957064288282e-06,1.2256646733637878e-05,10.0
F3,1273,1273,1089,184,347,0.8554595443833464,0.7583565459610028,0.803986710963455,cao2018,S09/060720_1n,all_channel,median,median__all_channel__F3,32,348,"[0, 1, 2, 3, 4, 5, 6, 7, 8, 9, 10, 11, 12, 13, 14, 15, 16, 17, 18, 19, 20, 21, 22, 23, 24, 25, 26, 27, 28, 29, 30, 31, 32, 33, 34, 35, 36, 37, 38, 39, 40, 41, 42, 43, 44, 45, 46, 47, 48, 49, 50, 51, 52, 53, 54, 55, 56, 57, 58, 59, 60, 61, 62, 63, 64, 65, 66, 67, 68, 69, 70, 71, 72, 73, 74, 75, 76, 77, 78, 79, 80, 81, 82, 83, 84, 85, 86, 87, 88, 89, 90, 92, 93, 94, 95, 96, 97, 98, 99, 100, 101, 102, 103, 104, 105, 106, 107, 108, 109, 110, 111, 112, 113, 114, 115, 117, 118, 119, 121, 122, 123, 124, 125, 127, 128, 130, 132, 135, 136, 137, 139, 140, 141, 144, 148, 149, 151, 152, 154, 156, 157, 158, 161, 162, 163, 164, 165, 167, 168, 169, 170, 171, 172, 173, 174, 176, 177, 178, 179, 180, 181, 184, 185, 186, 187, 189, 190, 191, 192, 193, 194, 195, 198, 199, 202, 203, 204, 205, 206, 207, 208, 209, 210, 211, 212, 213, 214, 215, 216, 217, 218, 219, 220, 221, 222, 223, 224, 225, 226, 227, 228, 230, 231, 232, 233, 234, 235, 236, 237, 238, 240, 241, 243, 244, 245, 246, 247, 248, 249, 250, 251, 252, 253, 254, 255, 256, 257, 258, 259, 260, 261, 262, 263, 264, 265, 266, 267, 268, 269, 270, 271, 272, 273, 274, 275, 276, 277, 278, 279, 280, 281, 282, 283, 284, 285, 286, 287, 288, 289, 290, 291, 292, 293, 294, 295, 296, 297, 298, 299, 300, 301, 302, 303, 304, 306, 307, 308, 310, 311, 312, 313, 314, 315, 316, 317, 318, 319, 320, 321, 322, 323, 324, 325, 326, 327, 328, 329, 330, 331, 332, 333, 334, 335, 336, 337, 338, 339, 340, 341, 342, 343, 344, 345, 346, 347]",315,False,3.962468733237419e-05,-2.2980362023177895e-06,1.397424117823066e-05,10.0
F7,1345,1345,1115,230,321,0.828996282527881,0.7764623955431755,0.8018698309960446,cao2018,S09/060720_1n,all_channel,median,median__all_channel__F7,32,348,"[0, 1, 2, 3, 4, 5, 6, 7, 8, 9, 10, 11, 12, 13, 14, 15, 16, 17, 18, 19, 20, 21, 22, 23, 24, 25, 26, 27, 28, 29, 30, 31, 32, 33, 34, 35, 36, 37, 38, 39, 40, 41, 42, 43, 44, 45, 46, 47, 48, 49, 50, 51, 52, 53, 54, 55, 56, 57, 58, 59, 60, 61, 62, 63, 64, 65, 66, 67, 68, 69, 70, 71, 72, 73, 74, 75, 76, 77, 78, 79, 80, 81, 82, 83, 84, 85, 86, 87, 88, 89, 90, 92, 93, 94, 95, 96, 97, 98, 99, 100, 101, 102, 103, 104, 105, 106, 107, 108, 109, 110, 111, 112, 113, 114, 115, 117, 118, 119, 121, 122, 123, 124, 125, 127, 128, 130, 132, 135, 136, 137, 139, 140, 141, 144, 148, 149, 151, 152, 154, 156, 157, 158, 161, 162, 163, 164, 165, 167, 168, 169, 170, 171, 172, 173, 174, 176, 177, 178, 179, 180, 181, 184, 185, 186, 187, 189, 190, 191, 192, 193, 194, 195, 198, 199, 202, 203, 204, 205, 206, 207, 208, 209, 210, 211, 212, 213, 214, 215, 216, 217, 218, 219, 220, 221, 222, 223, 224, 225, 226, 227, 228, 230, 231, 232, 233, 234, 235, 236, 237, 238, 240, 241, 243, 244, 245, 246, 247, 248, 249, 250, 251, 252, 253, 254, 255, 256, 257, 258, 259, 260, 261, 262, 263, 264, 265, 266, 267, 268, 269, 270, 271, 272, 273, 274, 275, 276, 277, 278, 279, 280, 281, 282, 283, 284, 285, 286, 287, 288, 289, 290, 291, 292, 293, 294, 295, 296, 297, 298, 299, 300, 301, 302, 303, 304, 306, 307, 308, 310, 311, 312, 313, 314, 315, 316, 317, 318, 319, 320, 321, 322, 323, 324, 325, 326, 327, 328, 329, 330, 331, 332, 333, 334, 335, 336, 337, 338, 339, 340, 341, 342, 343, 344, 345, 346, 347]",315,False,3.9450572569745194e-05,-2.224224624671219e-06,1.389159906480547e-05,10.0
FC3,997,997,824,173,612,0.8264794383149449,0.5738161559888579,0.6773530620632963,cao2018,S09/060720_1n,all_channel,median,median__all_channel__FC3,32,348,"[0, 1, 2, 3, 4, 5, 6, 7, 8, 9, 10, 11, 12, 13, 14, 15, 16, 17, 18, 19, 20, 21, 22, 23, 24, 25, 26, 27, 28, 29, 30, 31, 32, 33, 34, 35, 36, 37, 38, 39, 40, 41, 42, 43, 44, 45, 46, 47, 48, 49, 50, 51, 52, 53, 54, 55, 56, 57, 58, 59, 60, 61, 62, 63, 64, 65, 66, 67, 68, 69, 70, 71, 72, 73, 74, 75, 76, 77, 78, 79, 80, 81, 82, 83, 84, 85, 86, 87, 88, 89, 90, 92, 93, 94, 95, 96, 97, 98, 99, 100, 101, 102, 103, 104, 105, 106, 107, 108, 109, 110, 111, 112, 113, 114, 115, 117, 118, 119, 121, 122, 123, 124, 125, 127, 128, 130, 132, 135, 136, 137, 139, 140, 141, 144, 148, 149, 151, 152, 154, 156, 157, 158, 161, 162, 163, 164, 165, 167, 168, 169, 170, 171, 172, 173, 174, 176, 177, 178, 179, 180, 181, 184, 185, 186, 187, 189, 190, 191, 192, 193, 194, 195, 198, 199, 202, 203, 204, 205, 206, 207, 208, 209, 210, 211, 212, 213, 214, 215, 216, 217, 218, 219, 220, 221, 222, 223, 224, 225, 226, 227, 228, 230, 231, 232, 233, 234, 235, 236, 237, 238, 240, 241, 243, 244, 245, 246, 247, 248, 249, 250, 251, 252, 253, 254, 255, 256, 257, 258, 259, 260, 261, 262, 263, 264, 265, 266, 267, 268, 269, 270, 271, 272, 273, 274, 275, 276, 277, 278, 279, 280, 281, 282, 283, 284, 285, 286, 287, 288, 289, 290, 291, 292, 293, 294, 295, 296, 297, 298, 299, 300, 301, 302, 303, 304, 306, 307, 308, 310, 311, 312, 313, 314, 315, 316, 317, 318, 319, 320, 321, 322, 323, 324, 325, 326, 327, 328, 329, 330, 331, 332, 333, 334, 335, 336, 337, 338, 339, 340, 341, 342, 343, 344, 345, 346, 347]",315,False,2.8927179239811554e-05,-1.3219574500928782e-06,1.0083045563301477e-05,10.0
FT7,906,906,695,211,741,0.7671081677704195,0.483983286908078,0.5935098206660974,cao2018,S09/060720_1n,all_channel,median,median__all_channel__FT7,32,348,"[0, 1, 2, 3, 4, 5, 6, 7, 8, 9, 10, 11, 12, 13, 14, 15, 16, 17, 18, 19, 20, 21, 22, 23, 24, 25, 26, 27, 28, 29, 30, 31, 32, 33, 34, 35, 36, 37, 38, 39, 40, 41, 42, 43, 44, 45, 46, 47, 48, 49, 50, 51, 52, 53, 54, 55, 56, 57, 58, 59, 60, 61, 62, 63, 64, 65, 66, 67, 68, 69, 70, 71, 72, 73, 74, 75, 76, 77, 78, 79, 80, 81, 82, 83, 84, 85, 86, 87, 88, 89, 90, 92, 93, 94, 95, 96, 97, 98, 99, 100, 101, 102, 103, 104, 105, 106, 107, 108, 109, 110, 111, 112, 113, 114, 115, 117, 118, 119, 121, 122, 123, 124, 125, 127, 128, 130, 132, 135, 136, 137, 139, 140, 141, 144, 148, 149, 151, 152, 154, 156, 157, 158, 161, 162, 163, 164, 165, 167, 168, 169, 170, 171, 172, 173, 174, 176, 177, 178, 179, 180, 181, 184, 185, 186, 187, 189, 190, 191, 192, 193, 194, 195, 198, 199, 202, 203, 204, 205, 206, 207, 208, 209, 210, 211, 212, 213, 214, 215, 216, 217, 218, 219, 220, 221, 222, 223, 224, 225, 226, 227, 228, 230, 231, 232, 233, 234, 235, 236, 237, 238, 240, 241, 243, 244, 245, 246, 247, 248, 249, 250, 251, 252, 253, 254, 255, 256, 257, 258, 259, 260, 261, 262, 263, 264, 265, 266, 267, 268, 269, 270, 271, 272, 273, 274, 275, 276, 277, 278, 279, 280, 281, 282, 283, 284, 285, 286, 287, 288, 289, 290, 291, 292, 293, 294, 295, 296, 297, 298, 299, 300, 301, 302, 303, 304, 306, 307, 308, 310, 311, 312, 313, 314, 315, 316, 317, 318, 319, 320, 321, 322, 323, 324, 325, 326, 327, 328, 329, 330, 331, 332, 333, 334, 335, 336, 337, 338, 339, 340, 341, 342, 343, 344, 345, 346, 347]",315,False,2.755004924989741e-05,-1.0203097625105506e-06,9.523453004135987e-06,10.0
FCZ,730,730,632,98,804,0.8657534246575342,0.4401114206128134,0.5835641735918744,cao2018,S09/060720_1n,all_channel,median,median__all_channel__FCZ,32,348,"[0, 1, 2, 3, 4, 5, 6, 7, 8, 9, 10, 11, 12, 13, 14, 15, 16, 17, 18, 19, 20, 21, 22, 23, 24, 25, 26, 27, 28, 29, 30, 31, 32, 33, 34, 35, 36, 37, 38, 39, 40, 41, 42, 43, 44, 45, 46, 47, 48, 49, 50, 51, 52, 53, 54, 55, 56, 57, 58, 59, 60, 61, 62, 63, 64, 65, 66, 67, 68, 69, 70, 71, 72, 73, 74, 75, 76, 77, 78, 79, 80, 81, 82, 83, 84, 85, 86, 87, 88, 89, 90, 92, 93, 94, 95, 96, 97, 98, 99, 100, 101, 102, 103, 104, 105, 106, 107, 108, 109, 110, 111, 112, 113, 114, 115, 117, 118, 119, 121, 122, 123, 124, 125, 127, 128, 130, 132, 135, 136, 137, 139, 140, 141, 144, 148, 149, 151, 152, 154, 156, 157, 158, 161, 162, 163, 164, 165, 167, 168, 169, 170, 171, 172, 173, 174, 176, 177, 178, 179, 180, 181, 184, 185, 186, 187, 189, 190, 191, 192, 193, 194, 195, 198, 199, 202, 203, 204, 205, 206, 207, 208, 209, 210, 211, 212, 213, 214, 215, 216, 217, 218, 219, 220, 221, 222, 223, 224, 225, 226, 227, 228, 230, 231, 232, 233, 234, 235, 236, 237, 238, 240, 241, 243, 244, 245, 246, 247, 248, 249, 250, 251, 252, 253, 254, 255, 256, 257, 258, 259, 260, 261, 262, 263, 264, 265, 266, 267, 268, 269, 270, 271, 272, 273, 274, 275, 276, 277, 278, 279, 280, 281, 282, 283, 284, 285, 286, 287, 288, 289, 290, 291, 292, 293, 294, 295, 296, 297, 298, 299, 300, 301, 302, 303, 304, 306, 307, 308, 310, 311, 312, 313, 314, 315, 316, 317, 318, 319, 320, 321, 322, 323, 324, 325, 326, 327, 328, 329, 330, 331, 332, 333, 334, 335, 336, 337, 338, 339, 340, 341, 342, 343, 344, 345, 346, 347]",315,False,2.9801228063270785e-05,-1.1072761940765428e-06,1.030283475244911e-05,10.0
FC4,810,810,600,210,836,0.7407407407407407,0.4178272980501393,0.5342831700801424,cao2018,S09/060720_1n,all_channel,median,median__all_channel__FC4,32,348,"[0, 1, 2, 3, 4, 5, 6, 7, 8, 9, 10, 11, 12, 13, 14, 15, 16, 17, 18, 19, 20, 21, 22, 23, 24, 25, 26, 27, 28, 29, 30, 31, 32, 33, 34, 35, 36, 37, 38, 39, 40, 41, 42, 43, 44, 45, 46, 47, 48, 49, 50, 51, 52, 53, 54, 55, 56, 57, 58, 59, 60, 61, 62, 63, 64, 65, 66, 67, 68, 69, 70, 71, 72, 73, 74, 75, 76, 77, 78, 79, 80, 81, 82, 83, 84, 85, 86, 87, 88, 89, 90, 92, 93, 94, 95, 96, 97, 98, 99, 100, 101, 102, 103, 104, 105, 106, 107, 108, 109, 110, 111, 112, 113, 114, 115, 117, 118, 119, 121, 122, 123, 124, 125, 127, 128, 130, 132, 135, 136, 137, 139, 140, 141, 144, 148, 149, 151, 152, 154, 156, 157, 158, 161, 162, 163, 164, 165, 167, 168, 169, 170, 171, 172, 173, 174, 176, 177, 178, 179, 180, 181, 184, 185, 186, 187, 189, 190, 191, 192, 193, 194, 195, 198, 199, 202, 203, 204, 205, 206, 207, 208, 209, 210, 211, 212, 213, 214, 215, 216, 217, 218, 219, 220, 221, 222, 223, 224, 225, 226, 227, 228, 230, 231, 232, 233, 234, 235, 236, 237, 238, 240, 241, 243, 244, 245, 246, 247, 248, 249, 250, 251, 252, 253, 254, 255, 256, 257, 258, 259, 260, 261, 262, 263, 264, 265, 266, 267, 268, 269, 270, 271, 272, 273, 274, 275, 276, 277, 278, 279, 280, 281, 282, 283, 284, 285, 286, 287, 288, 289, 290, 291, 292, 293, 294, 295, 296, 297, 298, 299, 300, 301, 302, 303, 304, 306, 307, 308, 310, 311, 312, 313, 314, 315, 316, 317, 318, 319, 320, 321, 322, 323, 324, 325, 326, 327, 328, 329, 330, 331, 332, 333, 334, 335, 336, 337, 338, 339, 340, 341, 342, 343, 344, 345, 346, 347]",315,False,2.6267378431222358e-05,-9.736679653333528e-07,9.080348798851904e-06,10.0
FT8,701,701,530,171,906,0.7560627674750356,0.36908077994428967,0.49602246139447814,cao2018,S09/060720_1n,all_channel,median,median__all_channel__FT8,32,348,"[0, 1, 2, 3, 4, 5, 6, 7, 8, 9, 10, 11, 12, 13, 14, 15, 16, 17, 18, 19, 20, 21, 22, 23, 24, 25, 26, 27, 28, 29, 30, 31, 32, 33, 34, 35, 36, 37, 38, 39, 40, 41, 42, 43, 44, 45, 46, 47, 48, 49, 50, 51, 52, 53, 54, 55, 56, 57, 58, 59, 60, 61, 62, 63, 64, 65, 66, 67, 68, 69, 70, 71, 72, 73, 74, 75, 76, 77, 78, 79, 80, 81, 82, 83, 84, 85, 86, 87, 88, 89, 90, 92, 93, 94, 95, 96, 97, 98, 99, 100, 101, 102, 103, 104, 105, 106, 107, 108, 109, 110, 111, 112, 113, 114, 115, 117, 118, 119, 121, 122, 123, 124, 125, 127, 128, 130, 132, 135, 136, 137, 139, 140, 141, 144, 148, 149, 151, 152, 154, 156, 157, 158, 161, 162, 163, 164, 165, 167, 168, 169, 170, 171, 172, 173, 174, 176, 177, 178, 179, 180, 181, 184, 185, 186, 187, 189, 190, 191, 192, 193, 194, 195, 198, 199, 202, 203, 204, 205, 206, 207, 208, 209, 210, 211, 212, 213, 214, 215, 216, 217, 218, 219, 220, 221, 222, 223, 224, 225, 226, 227, 228, 230, 231, 232, 233, 234, 235, 236, 237, 238, 240, 241, 243, 244, 245, 246, 247, 248, 249, 250, 251, 252, 253, 254, 255, 256, 257, 258, 259, 260, 261, 262, 263, 264, 265, 266, 267, 268, 269, 270, 271, 272, 273, 274, 275, 276, 277, 278, 279, 280, 281, 282, 283, 284, 285, 286, 287, 288, 289, 290, 291, 292, 293, 294, 295, 296, 297, 298, 299, 300, 301, 302, 303, 304, 306, 307, 308, 310, 311, 312, 313, 314, 315, 316, 317, 318, 319, 320, 321, 322, 323, 324, 325, 326, 327, 328, 329, 330, 331, 332, 333, 334, 335, 336, 337, 338, 339, 340, 341, 342, 343, 344, 345, 346, 347]",315,False,2.435161978374907e-05,-6.175163597473439e-07,8.323045381165471e-06,10.0
C3,650,650,503,147,933,0.7738461538461539,0.3502785515320334,0.4822627037392138,cao2018,S09/060720_1n,all_channel,median,median__all_channel__C3,32,348,"[0, 1, 2, 3, 4, 5, 6, 7, 8, 9, 10, 11, 12, 13, 14, 15, 16, 17, 18, 19, 20, 21, 22, 23, 24, 25, 26, 27, 28, 29, 30, 31, 32, 33, 34, 35, 36, 37, 38, 39, 40, 41, 42, 43, 44, 45, 46, 47, 48, 49, 50, 51, 52, 53, 54, 55, 56, 57, 58, 59, 60, 61, 62, 63, 64, 65, 66, 67, 68, 69, 70, 71, 72, 73, 74, 75, 76, 77, 78, 79, 80, 81, 82, 83, 84, 85, 86, 87, 88, 89, 90, 92, 93, 94, 95, 96, 97, 98, 99, 100, 101, 102, 103, 104, 105, 106, 107, 108, 109, 110, 111, 112, 113, 114, 115, 117, 118, 119, 121, 122, 123, 124, 125, 127, 128, 130, 132, 135, 136, 137, 139, 140, 141, 144, 148, 149, 151, 152, 154, 156, 157, 158, 161, 162, 163, 164, 165, 167, 168, 169, 170, 171, 172, 173, 174, 176, 177, 178, 179, 180, 181, 184, 185, 186, 187, 189, 190, 191, 192, 193, 194, 195, 198, 199, 202, 203, 204, 205, 206, 207, 208, 209, 210, 211, 212, 213, 214, 215, 216, 217, 218, 219, 220, 221, 222, 223, 224, 225, 226, 227, 228, 230, 231, 232, 233, 234, 235, 236, 237, 238, 240, 241, 243, 244, 245, 246, 247, 248, 249, 250, 251, 252, 253, 254, 255, 256, 257, 258, 259, 260, 261, 262, 263, 264, 265, 266, 267, 268, 269, 270, 271, 272, 273, 274, 275, 276, 277, 278, 279, 280, 281, 282, 283, 284, 285, 286, 287, 288, 289, 290, 291, 292, 293, 294, 295, 296, 297, 298, 299, 300, 301, 302, 303, 304, 306, 307, 308, 310, 311, 312, 313, 314, 315, 316, 317, 318, 319, 320, 321, 322, 323, 324, 325, 326, 327, 328, 329, 330, 331, 332, 333, 334, 335, 336, 337, 338, 339, 340, 341, 342, 343, 344, 345, 346, 347]",315,False,2.5361270432095605e-05,-8.939252644117883e-07,8.751731898835798e-06,10.0
C4,676,676,479,197,957,0.7085798816568047,0.33356545961002787,0.45359848484848486,cao2018,S09/060720_1n,all_channel,median,median__all_channel__C4,32,348,"[0, 1, 2, 3, 4, 5, 6, 7, 8, 9, 10, 11, 12, 13, 14, 15, 16, 17, 18, 19, 20, 21, 22, 23, 24, 25, 26, 27, 28, 29, 30, 31, 32, 33, 34, 35, 36, 37, 38, 39, 40, 41, 42, 43, 44, 45, 46, 47, 48, 49, 50, 51, 52, 53, 54, 55, 56, 57, 58, 59, 60, 61, 62, 63, 64, 65, 66, 67, 68, 69, 70, 71, 72, 73, 74, 75, 76, 77, 78, 79, 80, 81, 82, 83, 84, 85, 86, 87, 88, 89, 90, 92, 93, 94, 95, 96, 97, 98, 99, 100, 101, 102, 103, 104, 105, 106, 107, 108, 109, 110, 111, 112, 113, 114, 115, 117, 118, 119, 121, 122, 123, 124, 125, 127, 128, 130, 132, 135, 136, 137, 139, 140, 141, 144, 148, 149, 151, 152, 154, 156, 157, 158, 161, 162, 163, 164, 165, 167, 168, 169, 170, 171, 172, 173, 174, 176, 177, 178, 179, 180, 181, 184, 185, 186, 187, 189, 190, 191, 192, 193, 194, 195, 198, 199, 202, 203, 204, 205, 206, 207, 208, 209, 210, 211, 212, 213, 214, 215, 216, 217, 218, 219, 220, 221, 222, 223, 224, 225, 226, 227, 228, 230, 231, 232, 233, 234, 235, 236, 237, 238, 240, 241, 243, 244, 245, 246, 247, 248, 249, 250, 251, 252, 253, 254, 255, 256, 257, 258, 259, 260, 261, 262, 263, 264, 265, 266, 267, 268, 269, 270, 271, 272, 273, 274, 275, 276, 277, 278, 279, 280, 281, 282, 283, 284, 285, 286, 287, 288, 289, 290, 291, 292, 293, 294, 295, 296, 297, 298, 299, 300, 301, 302, 303, 304, 306, 307, 308, 310, 311, 312, 313, 314, 315, 316, 317, 318, 319, 320, 321, 322, 323, 324, 325, 326, 327, 328, 329, 330, 331, 332, 333, 334, 335, 336, 337, 338, 339, 340, 341, 342, 343, 344, 345, 346, 347]",315,False,2.5117313547268715e-05,-8.610726941428461e-07,8.65946208047052e-06,10.0
CZ,382,382,282,100,1154,0.7382198952879581,0.19637883008356546,0.3102310231023102,cao2018,S09/060720_1n,all_channel,median,median__all_channel__CZ,32,348,"[0, 1, 2, 3, 4, 5, 6, 7, 8, 9, 10, 11, 12, 13, 14, 15, 16, 17, 18, 19, 20, 21, 22, 23, 24, 25, 26, 27, 28, 29, 30, 31, 32, 33, 34, 35, 36, 37, 38, 39, 40, 41, 42, 43, 44, 45, 46, 47, 48, 49, 50, 51, 52, 53, 54, 55, 56, 57, 58, 59, 60, 61, 62, 63, 64, 65, 66, 67, 68, 69, 70, 71, 72, 73, 74, 75, 76, 77, 78, 79, 80, 81, 82, 83, 84, 85, 86, 87, 88, 89, 90, 92, 93, 94, 95, 96, 97, 98, 99, 100, 101, 102, 103, 104, 105, 106, 107, 108, 109, 110, 111, 112, 113, 114, 115, 117, 118, 119, 121, 122, 123, 124, 125, 127, 128, 130, 132, 135, 136, 137, 139, 140, 141, 144, 148, 149, 151, 152, 154, 156, 157, 158, 161, 162, 163, 164, 165, 167, 168, 169, 170, 171, 172, 173, 174, 176, 177, 178, 179, 180, 181, 184, 185, 186, 187, 189, 190, 191, 192, 193, 194, 195, 198, 199, 202, 203, 204, 205, 206, 207, 208, 209, 210, 211, 212, 213, 214, 215, 216, 217, 218, 219, 220, 221, 222, 223, 224, 225, 226, 227, 228, 230, 231, 232, 233, 234, 235, 236, 237, 238, 240, 241, 243, 244, 245, 246, 247, 248, 249, 250, 251, 252, 253, 254, 255, 256, 257, 258, 259, 260, 261, 262, 263, 264, 265, 266, 267, 268, 269, 270, 271, 272, 273, 274, 275, 276, 277, 278, 279, 280, 281, 282, 283, 284, 285, 286, 287, 288, 289, 290, 291, 292, 293, 294, 295, 296, 297, 298, 299, 300, 301, 302, 303, 304, 306, 307, 308, 310, 311, 312, 313, 314, 315, 316, 317, 318, 319, 320, 321, 322, 323, 324, 325, 326, 327, 328, 329, 330, 331, 332, 333, 334, 335, 336, 337, 338, 339, 340, 341, 342, 343, 344, 345, 346, 347]",315,False,2.71889977217382e-05,-7.118534153054326e-07,9.300283712347876e-06,10.0
T4,432,432,276,156,1160,0.6388888888888888,0.19220055710306408,0.2955032119914347,cao2018,S09/060720_1n,all_channel,median,median__all_channel__T4,32,348,"[0, 1, 2, 3, 4, 5, 6, 7, 8, 9, 10, 11, 12, 13, 14, 15, 16, 17, 18, 19, 20, 21, 22, 23, 24, 25, 26, 27, 28, 29, 30, 31, 32, 33, 34, 35, 36, 37, 38, 39, 40, 41, 42, 43, 44, 45, 46, 47, 48, 49, 50, 51, 52, 53, 54, 55, 56, 57, 58, 59, 60, 61, 62, 63, 64, 65, 66, 67, 68, 69, 70, 71, 72, 73, 74, 75, 76, 77, 78, 79, 80, 81, 82, 83, 84, 85, 86, 87, 88, 89, 90, 92, 93, 94, 95, 96, 97, 98, 99, 100, 101, 102, 103, 104, 105, 106, 107, 108, 109, 110, 111, 112, 113, 114, 115, 117, 118, 119, 121, 122, 123, 124, 125, 127, 128, 130, 132, 135, 136, 137, 139, 140, 141, 144, 148, 149, 151, 152, 154, 156, 157, 158, 161, 162, 163, 164, 165, 167, 168, 169, 170, 171, 172, 173, 174, 176, 177, 178, 179, 180, 181, 184, 185, 186, 187, 189, 190, 191, 192, 193, 194, 195, 198, 199, 202, 203, 204, 205, 206, 207, 208, 209, 210, 211, 212, 213, 214, 215, 216, 217, 218, 219, 220, 221, 222, 223, 224, 225, 226, 227, 228, 230, 231, 232, 233, 234, 235, 236, 237, 238, 240, 241, 243, 244, 245, 246, 247, 248, 249, 250, 251, 252, 253, 254, 255, 256, 257, 258, 259, 260, 261, 262, 263, 264, 265, 266, 267, 268, 269, 270, 271, 272, 273, 274, 275, 276, 277, 278, 279, 280, 281, 282, 283, 284, 285, 286, 287, 288, 289, 290, 291, 292, 293, 294, 295, 296, 297, 298, 299, 300, 301, 302, 303, 304, 306, 307, 308, 310, 311, 312, 313, 314, 315, 316, 317, 318, 319, 320, 321, 322, 323, 324, 325, 326, 327, 328, 329, 330, 331, 332, 333, 334, 335, 336, 337, 338, 339, 340, 341, 342, 343, 344, 345, 346, 347]",315,False,1.965065296238233e-05,-2.7005039287199597e-07,6.640234451751442e-06,10.0
CP3,368,368,262,106,1174,0.7119565217391305,0.18245125348189414,0.29046563192904656,cao2018,S09/060720_1n,all_channel,median,median__all_channel__CP3,32,348,"[0, 1, 2, 3, 4, 5, 6, 7, 8, 9, 10, 11, 12, 13, 14, 15, 16, 17, 18, 19, 20, 21, 22, 23, 24, 25, 26, 27, 28, 29, 30, 31, 32, 33, 34, 35, 36, 37, 38, 39, 40, 41, 42, 43, 44, 45, 46, 47, 48, 49, 50, 51, 52, 53, 54, 55, 56, 57, 58, 59, 60, 61, 62, 63, 64, 65, 66, 67, 68, 69, 70, 71, 72, 73, 74, 75, 76, 77, 78, 79, 80, 81, 82, 83, 84, 85, 86, 87, 88, 89, 90, 92, 93, 94, 95, 96, 97, 98, 99, 100, 101, 102, 103, 104, 105, 106, 107, 108, 109, 110, 111, 112, 113, 114, 115, 117, 118, 119, 121, 122, 123, 124, 125, 127, 128, 130, 132, 135, 136, 137, 139, 140, 141, 144, 148, 149, 151, 152, 154, 156, 157, 158, 161, 162, 163, 164, 165, 167, 168, 169, 170, 171, 172, 173, 174, 176, 177, 178, 179, 180, 181, 184, 185, 186, 187, 189, 190, 191, 192, 193, 194, 195, 198, 199, 202, 203, 204, 205, 206, 207, 208, 209, 210, 211, 212, 213, 214, 215, 216, 217, 218, 219, 220, 221, 222, 223, 224, 225, 226, 227, 228, 230, 231, 232, 233, 234, 235, 236, 237, 238, 240, 241, 243, 244, 245, 246, 247, 248, 249, 250, 251, 252, 253, 254, 255, 256, 257, 258, 259, 260, 261, 262, 263, 264, 265, 266, 267, 268, 269, 270, 271, 272, 273, 274, 275, 276, 277, 278, 279, 280, 281, 282, 283, 284, 285, 286, 287, 288, 289, 290, 291, 292, 293, 294, 295, 296, 297, 298, 299, 300, 301, 302, 303, 304, 306, 307, 308, 310, 311, 312, 313, 314, 315, 316, 317, 318, 319, 320, 321, 322, 323, 324, 325, 326, 327, 328, 329, 330, 331, 332, 333, 334, 335, 336, 337, 338, 339, 340, 341, 342, 343, 344, 345, 346, 347]",315,False,2.118129763325432e-05,-5.623870631522593e-07,7.247894898802192e-06,10.0
T3,448,448,272,176,1164,0.6071428571428571,0.1894150417827298,0.28874734607218683,cao2018,S09/060720_1n,all_channel,median,median__all_channel__T3,32,348,"[0, 1, 2, 3, 4, 5, 6, 7, 8, 9, 10, 11, 12, 13, 14, 15, 16, 17, 18, 19, 20, 21, 22, 23, 24, 25, 26, 27, 28, 29, 30, 31, 32, 33, 34, 35, 36, 37, 38, 39, 40, 41, 42, 43, 44, 45, 46, 47, 48, 49, 50, 51, 52, 53, 54, 55, 56, 57, 58, 59, 60, 61, 62, 63, 64, 65, 66, 67, 68, 69, 70, 71, 72, 73, 74, 75, 76, 77, 78, 79, 80, 81, 82, 83, 84, 85, 86, 87, 88, 89, 90, 92, 93, 94, 95, 96, 97, 98, 99, 100, 101, 102, 103, 104, 105, 106, 107, 108, 109, 110, 111, 112, 113, 114, 115, 117, 118, 119, 121, 122, 123, 124, 125, 127, 128, 130, 132, 135, 136, 137, 139, 140, 141, 144, 148, 149, 151, 152, 154, 156, 157, 158, 161, 162, 163, 164, 165, 167, 168, 169, 170, 171, 172, 173, 174, 176, 177, 178, 179, 180, 181, 184, 185, 186, 187, 189, 190, 191, 192, 193, 194, 195, 198, 199, 202, 203, 204, 205, 206, 207, 208, 209, 210, 211, 212, 213, 214, 215, 216, 217, 218, 219, 220, 221, 222, 223, 224, 225, 226, 227, 228, 230, 231, 232, 233, 234, 235, 236, 237, 238, 240, 241, 243, 244, 245, 246, 247, 248, 249, 250, 251, 252, 253, 254, 255, 256, 257, 258, 259, 260, 261, 262, 263, 264, 265, 266, 267, 268, 269, 270, 271, 272, 273, 274, 275, 276, 277, 278, 279, 280, 281, 282, 283, 284, 285, 286, 287, 288, 289, 290, 291, 292, 293, 294, 295, 296, 297, 298, 299, 300, 301, 302, 303, 304, 306, 307, 308, 310, 311, 312, 313, 314, 315, 316, 317, 318, 319, 320, 321, 322, 323, 324, 325, 326, 327, 328, 329, 330, 331, 332, 333, 334, 335, 336, 337, 338, 339, 340, 341, 342, 343, 344, 345, 346, 347]",315,False,1.9155104055889433e-05,-3.0131890970979647e-07,6.485474321866409e-06,10.0
CP4,358,358,212,146,1224,0.5921787709497207,0.14763231197771587,0.23634336677814938,cao2018,S09/060720_1n,all_channel,median,median__all_channel__CP4,32,348,"[0, 1, 2, 3, 4, 5, 6, 7, 8, 9, 10, 11, 12, 13, 14, 15, 16, 17, 18, 19, 20, 21, 22, 23, 24, 25, 26, 27, 28, 29, 30, 31, 32, 33, 34, 35, 36, 37, 38, 39, 40, 41, 42, 43, 44, 45, 46, 47, 48, 49, 50, 51, 52, 53, 54, 55, 56, 57, 58, 59, 60, 61, 62, 63, 64, 65, 66, 67, 68, 69, 70, 71, 72, 73, 74, 75, 76, 77, 78, 79, 80, 81, 82, 83, 84, 85, 86, 87, 88, 89, 90, 92, 93, 94, 95, 96, 97, 98, 99, 100, 101, 102, 103, 104, 105, 106, 107, 108, 109, 110, 111, 112, 113, 114, 115, 117, 118, 119, 121, 122, 123, 124, 125, 127, 128, 130, 132, 135, 136, 137, 139, 140, 141, 144, 148, 149, 151, 152, 154, 156, 157, 158, 161, 162, 163, 164, 165, 167, 168, 169, 170, 171, 172, 173, 174, 176, 177, 178, 179, 180, 181, 184, 185, 186, 187, 189, 190, 191, 192, 193, 194, 195, 198, 199, 202, 203, 204, 205, 206, 207, 208, 209, 210, 211, 212, 213, 214, 215, 216, 217, 218, 219, 220, 221, 222, 223, 224, 225, 226, 227, 228, 230, 231, 232, 233, 234, 235, 236, 237, 238, 240, 241, 243, 244, 245, 246, 247, 248, 249, 250, 251, 252, 253, 254, 255, 256, 257, 258, 259, 260, 261, 262, 263, 264, 265, 266, 267, 268, 269, 270, 271, 272, 273, 274, 275, 276, 277, 278, 279, 280, 281, 282, 283, 284, 285, 286, 287, 288, 289, 290, 291, 292, 293, 294, 295, 296, 297, 298, 299, 300, 301, 302, 303, 304, 306, 307, 308, 310, 311, 312, 313, 314, 315, 316, 317, 318, 319, 320, 321, 322, 323, 324, 325, 326, 327, 328, 329, 330, 331, 332, 333, 334, 335, 336, 337, 338, 339, 340, 341, 342, 343, 344, 345, 346, 347]",315,False,2.249050170774858e-05,-5.591872988480438e-07,7.683229668865542e-06,10.0
CPZ,271,271,184,87,1252,0.6789667896678967,0.12813370473537605,0.2155828939660223,cao2018,S09/060720_1n,all_channel,median,median__all_channel__CPZ,32,348,"[0, 1, 2, 3, 4, 5, 6, 7, 8, 9, 10, 11, 12, 13, 14, 15, 16, 17, 18, 19, 20, 21, 22, 23, 24, 25, 26, 27, 28, 29, 30, 31, 32, 33, 34, 35, 36, 37, 38, 39, 40, 41, 42, 43, 44, 45, 46, 47, 48, 49, 50, 51, 52, 53, 54, 55, 56, 57, 58, 59, 60, 61, 62, 63, 64, 65, 66, 67, 68, 69, 70, 71, 72, 73, 74, 75, 76, 77, 78, 79, 80, 81, 82, 83, 84, 85, 86, 87, 88, 89, 90, 92, 93, 94, 95, 96, 97, 98, 99, 100, 101, 102, 103, 104, 105, 106, 107, 108, 109, 110, 111, 112, 113, 114, 115, 117, 118, 119, 121, 122, 123, 124, 125, 127, 128, 130, 132, 135, 136, 137, 139, 140, 141, 144, 148, 149, 151, 152, 154, 156, 157, 158, 161, 162, 163, 164, 165, 167, 168, 169, 170, 171, 172, 173, 174, 176, 177, 178, 179, 180, 181, 184, 185, 186, 187, 189, 190, 191, 192, 193, 194, 195, 198, 199, 202, 203, 204, 205, 206, 207, 208, 209, 210, 211, 212, 213, 214, 215, 216, 217, 218, 219, 220, 221, 222, 223, 224, 225, 226, 227, 228, 230, 231, 232, 233, 234, 235, 236, 237, 238, 240, 241, 243, 244, 245, 246, 247, 248, 249, 250, 251, 252, 253, 254, 255, 256, 257, 258, 259, 260, 261, 262, 263, 264, 265, 266, 267, 268, 269, 270, 271, 272, 273, 274, 275, 276, 277, 278, 279, 280, 281, 282, 283, 284, 285, 286, 287, 288, 289, 290, 291, 292, 293, 294, 295, 296, 297, 298, 299, 300, 301, 302, 303, 304, 306, 307, 308, 310, 311, 312, 313, 314, 315, 316, 317, 318, 319, 320, 321, 322, 323, 324, 325, 326, 327, 328, 329, 330, 331, 332, 333, 334, 335, 336, 337, 338, 339, 340, 341, 342, 343, 344, 345, 346, 347]",315,False,2.3548956497850944e-05,-5.345362908972233e-07,8.027830929582723e-06,10.0
T5,364,364,190,174,1246,0.521978021978022,0.13231197771587744,0.2111111111111111,cao2018,S09/060720_1n,all_channel,median,median__all_channel__T5,32,348,"[0, 1, 2, 3, 4, 5, 6, 7, 8, 9, 10, 11, 12, 13, 14, 15, 16, 17, 18, 19, 20, 21, 22, 23, 24, 25, 26, 27, 28, 29, 30, 31, 32, 33, 34, 35, 36, 37, 38, 39, 40, 41, 42, 43, 44, 45, 46, 47, 48, 49, 50, 51, 52, 53, 54, 55, 56, 57, 58, 59, 60, 61, 62, 63, 64, 65, 66, 67, 68, 69, 70, 71, 72, 73, 74, 75, 76, 77, 78, 79, 80, 81, 82, 83, 84, 85, 86, 87, 88, 89, 90, 92, 93, 94, 95, 96, 97, 98, 99, 100, 101, 102, 103, 104, 105, 106, 107, 108, 109, 110, 111, 112, 113, 114, 115, 117, 118, 119, 121, 122, 123, 124, 125, 127, 128, 130, 132, 135, 136, 137, 139, 140, 141, 144, 148, 149, 151, 152, 154, 156, 157, 158, 161, 162, 163, 164, 165, 167, 168, 169, 170, 171, 172, 173, 174, 176, 177, 178, 179, 180, 181, 184, 185, 186, 187, 189, 190, 191, 192, 193, 194, 195, 198, 199, 202, 203, 204, 205, 206, 207, 208, 209, 210, 211, 212, 213, 214, 215, 216, 217, 218, 219, 220, 221, 222, 223, 224, 225, 226, 227, 228, 230, 231, 232, 233, 234, 235, 236, 237, 238, 240, 241, 243, 244, 245, 246, 247, 248, 249, 250, 251, 252, 253, 254, 255, 256, 257, 258, 259, 260, 261, 262, 263, 264, 265, 266, 267, 268, 269, 270, 271, 272, 273, 274, 275, 276, 277, 278, 279, 280, 281, 282, 283, 284, 285, 286, 287, 288, 289, 290, 291, 292, 293, 294, 295, 296, 297, 298, 299, 300, 301, 302, 303, 304, 306, 307, 308, 310, 311, 312, 313, 314, 315, 316, 317, 318, 319, 320, 321, 322, 323, 324, 325, 326, 327, 328, 329, 330, 331, 332, 333, 334, 335, 336, 337, 338, 339, 340, 341, 342, 343, 344, 345, 346, 347]",315,False,1.250408478132827e-05,-2.29470176955975e-07,4.244518319428082e-06,10.0
TP7,350,350,170,180,1266,0.4857142857142857,0.11838440111420613,0.19036954087346022,cao2018,S09/060720_1n,all_channel,median,median__all_channel__TP7,32,348,"[0, 1, 2, 3, 4, 5, 6, 7, 8, 9, 10, 11, 12, 13, 14, 15, 16, 17, 18, 19, 20, 21, 22, 23, 24, 25, 26, 27, 28, 29, 30, 31, 32, 33, 34, 35, 36, 37, 38, 39, 40, 41, 42, 43, 44, 45, 46, 47, 48, 49, 50, 51, 52, 53, 54, 55, 56, 57, 58, 59, 60, 61, 62, 63, 64, 65, 66, 67, 68, 69, 70, 71, 72, 73, 74, 75, 76, 77, 78, 79, 80, 81, 82, 83, 84, 85, 86, 87, 88, 89, 90, 92, 93, 94, 95, 96, 97, 98, 99, 100, 101, 102, 103, 104, 105, 106, 107, 108, 109, 110, 111, 112, 113, 114, 115, 117, 118, 119, 121, 122, 123, 124, 125, 127, 128, 130, 132, 135, 136, 137, 139, 140, 141, 144, 148, 149, 151, 152, 154, 156, 157, 158, 161, 162, 163, 164, 165, 167, 168, 169, 170, 171, 172, 173, 174, 176, 177, 178, 179, 180, 181, 184, 185, 186, 187, 189, 190, 191, 192, 193, 194, 195, 198, 199, 202, 203, 204, 205, 206, 207, 208, 209, 210, 211, 212, 213, 214, 215, 216, 217, 218, 219, 220, 221, 222, 223, 224, 225, 226, 227, 228, 230, 231, 232, 233, 234, 235, 236, 237, 238, 240, 241, 243, 244, 245, 246, 247, 248, 249, 250, 251, 252, 253, 254, 255, 256, 257, 258, 259, 260, 261, 262, 263, 264, 265, 266, 267, 268, 269, 270, 271, 272, 273, 274, 275, 276, 277, 278, 279, 280, 281, 282, 283, 284, 285, 286, 287, 288, 289, 290, 291, 292, 293, 294, 295, 296, 297, 298, 299, 300, 301, 302, 303, 304, 306, 307, 308, 310, 311, 312, 313, 314, 315, 316, 317, 318, 319, 320, 321, 322, 323, 324, 325, 326, 327, 328, 329, 330, 331, 332, 333, 334, 335, 336, 337, 338, 339, 340, 341, 342, 343, 344, 345, 346, 347]",315,False,1.2550499959441843e-05,-2.0523160670543386e-07,4.251910522049092e-06,10.0
TP8,304,304,152,152,1284,0.5,0.10584958217270195,0.17471264367816092,cao2018,S09/060720_1n,all_channel,median,median__all_channel__TP8,32,348,"[0, 1, 2, 3, 4, 5, 6, 7, 8, 9, 10, 11, 12, 13, 14, 15, 16, 17, 18, 19, 20, 21, 22, 23, 24, 25, 26, 27, 28, 29, 30, 31, 32, 33, 34, 35, 36, 37, 38, 39, 40, 41, 42, 43, 44, 45, 46, 47, 48, 49, 50, 51, 52, 53, 54, 55, 56, 57, 58, 59, 60, 61, 62, 63, 64, 65, 66, 67, 68, 69, 70, 71, 72, 73, 74, 75, 76, 77, 78, 79, 80, 81, 82, 83, 84, 85, 86, 87, 88, 89, 90, 92, 93, 94, 95, 96, 97, 98, 99, 100, 101, 102, 103, 104, 105, 106, 107, 108, 109, 110, 111, 112, 113, 114, 115, 117, 118, 119, 121, 122, 123, 124, 125, 127, 128, 130, 132, 135, 136, 137, 139, 140, 141, 144, 148, 149, 151, 152, 154, 156, 157, 158, 161, 162, 163, 164, 165, 167, 168, 169, 170, 171, 172, 173, 174, 176, 177, 178, 179, 180, 181, 184, 185, 186, 187, 189, 190, 191, 192, 193, 194, 195, 198, 199, 202, 203, 204, 205, 206, 207, 208, 209, 210, 211, 212, 213, 214, 215, 216, 217, 218, 219, 220, 221, 222, 223, 224, 225, 226, 227, 228, 230, 231, 232, 233, 234, 235, 236, 237, 238, 240, 241, 243, 244, 245, 246, 247, 248, 249, 250, 251, 252, 253, 254, 255, 256, 257, 258, 259, 260, 261, 262, 263, 264, 265, 266, 267, 268, 269, 270, 271, 272, 273, 274, 275, 276, 277, 278, 279, 280, 281, 282, 283, 284, 285, 286, 287, 288, 289, 290, 291, 292, 293, 294, 295, 296, 297, 298, 299, 300, 301, 302, 303, 304, 306, 307, 308, 310, 311, 312, 313, 314, 315, 316, 317, 318, 319, 320, 321, 322, 323, 324, 325, 326, 327, 328, 329, 330, 331, 332, 333, 334, 335, 336, 337, 338, 339, 340, 341, 342, 343, 344, 345, 346, 347]",315,False,1.4946503553611712e-05,-1.996390004145645e-07,5.048714184675425e-06,10.0
A1,344,344,132,212,1304,0.38372093023255816,0.09192200557103064,0.14831460674157304,cao2018,S09/060720_1n,all_channel,median,median__all_channel__A1,32,348,"[0, 1, 2, 3, 4, 5, 6, 7, 8, 9, 10, 11, 12, 13, 14, 15, 16, 17, 18, 19, 20, 21, 22, 23, 24, 25, 26, 27, 28, 29, 30, 31, 32, 33, 34, 35, 36, 37, 38, 39, 40, 41, 42, 43, 44, 45, 46, 47, 48, 49, 50, 51, 52, 53, 54, 55, 56, 57, 58, 59, 60, 61, 62, 63, 64, 65, 66, 67, 68, 69, 70, 71, 72, 73, 74, 75, 76, 77, 78, 79, 80, 81, 82, 83, 84, 85, 86, 87, 88, 89, 90, 92, 93, 94, 95, 96, 97, 98, 99, 100, 101, 102, 103, 104, 105, 106, 107, 108, 109, 110, 111, 112, 113, 114, 115, 117, 118, 119, 121, 122, 123, 124, 125, 127, 128, 130, 132, 135, 136, 137, 139, 140, 141, 144, 148, 149, 151, 152, 154, 156, 157, 158, 161, 162, 163, 164, 165, 167, 168, 169, 170, 171, 172, 173, 174, 176, 177, 178, 179, 180, 181, 184, 185, 186, 187, 189, 190, 191, 192, 193, 194, 195, 198, 199, 202, 203, 204, 205, 206, 207, 208, 209, 210, 211, 212, 213, 214, 215, 216, 217, 218, 219, 220, 221, 222, 223, 224, 225, 226, 227, 228, 230, 231, 232, 233, 234, 235, 236, 237, 238, 240, 241, 243, 244, 245, 246, 247, 248, 249, 250, 251, 252, 253, 254, 255, 256, 257, 258, 259, 260, 261, 262, 263, 264, 265, 266, 267, 268, 269, 270, 271, 272, 273, 274, 275, 276, 277, 278, 279, 280, 281, 282, 283, 284, 285, 286, 287, 288, 289, 290, 291, 292, 293, 294, 295, 296, 297, 298, 299, 300, 301, 302, 303, 304, 306, 307, 308, 310, 311, 312, 313, 314, 315, 316, 317, 318, 319, 320, 321, 322, 323, 324, 325, 326, 327, 328, 329, 330, 331, 332, 333, 334, 335, 336, 337, 338, 339, 340, 341, 342, 343, 344, 345, 346, 347]",315,False,7.342200522175533e-06,-2.7576345128834137e-08,2.4565922891014557e-06,10.0
P3,352,352,130,222,1306,0.3693181818181818,0.0905292479108635,0.145413870246085,cao2018,S09/060720_1n,all_channel,median,median__all_channel__P3,32,348,"[0, 1, 2, 3, 4, 5, 6, 7, 8, 9, 10, 11, 12, 13, 14, 15, 16, 17, 18, 19, 20, 21, 22, 23, 24, 25, 26, 27, 28, 29, 30, 31, 32, 33, 34, 35, 36, 37, 38, 39, 40, 41, 42, 43, 44, 45, 46, 47, 48, 49, 50, 51, 52, 53, 54, 55, 56, 57, 58, 59, 60, 61, 62, 63, 64, 65, 66, 67, 68, 69, 70, 71, 72, 73, 74, 75, 76, 77, 78, 79, 80, 81, 82, 83, 84, 85, 86, 87, 88, 89, 90, 92, 93, 94, 95, 96, 97, 98, 99, 100, 101, 102, 103, 104, 105, 106, 107, 108, 109, 110, 111, 112, 113, 114, 115, 117, 118, 119, 121, 122, 123, 124, 125, 127, 128, 130, 132, 135, 136, 137, 139, 140, 141, 144, 148, 149, 151, 152, 154, 156, 157, 158, 161, 162, 163, 164, 165, 167, 168, 169, 170, 171, 172, 173, 174, 176, 177, 178, 179, 180, 181, 184, 185, 186, 187, 189, 190, 191, 192, 193, 194, 195, 198, 199, 202, 203, 204, 205, 206, 207, 208, 209, 210, 211, 212, 213, 214, 215, 216, 217, 218, 219, 220, 221, 222, 223, 224, 225, 226, 227, 228, 230, 231, 232, 233, 234, 235, 236, 237, 238, 240, 241, 243, 244, 245, 246, 247, 248, 249, 250, 251, 252, 253, 254, 255, 256, 257, 258, 259, 260, 261, 262, 263, 264, 265, 266, 267, 268, 269, 270, 271, 272, 273, 274, 275, 276, 277, 278, 279, 280, 281, 282, 283, 284, 285, 286, 287, 288, 289, 290, 291, 292, 293, 294, 295, 296, 297, 298, 299, 300, 301, 302, 303, 304, 306, 307, 308, 310, 311, 312, 313, 314, 315, 316, 317, 318, 319, 320, 321, 322, 323, 324, 325, 326, 327, 328, 329, 330, 331, 332, 333, 334, 335, 336, 337, 338, 339, 340, 341, 342, 343, 344, 345, 346, 347]",315,False,2.231692799744821e-05,-6.101704914696432e-07,7.642366162972617e-06,10.0
P4,234,234,118,116,1318,0.5042735042735043,0.08217270194986072,0.14131736526946106,cao2018,S09/060720_1n,all_channel,median,median__all_channel__P4,32,348,"[0, 1, 2, 3, 4, 5, 6, 7, 8, 9, 10, 11, 12, 13, 14, 15, 16, 17, 18, 19, 20, 21, 22, 23, 24, 25, 26, 27, 28, 29, 30, 31, 32, 33, 34, 35, 36, 37, 38, 39, 40, 41, 42, 43, 44, 45, 46, 47, 48, 49, 50, 51, 52, 53, 54, 55, 56, 57, 58, 59, 60, 61, 62, 63, 64, 65, 66, 67, 68, 69, 70, 71, 72, 73, 74, 75, 76, 77, 78, 79, 80, 81, 82, 83, 84, 85, 86, 87, 88, 89, 90, 92, 93, 94, 95, 96, 97, 98, 99, 100, 101, 102, 103, 104, 105, 106, 107, 108, 109, 110, 111, 112, 113, 114, 115, 117, 118, 119, 121, 122, 123, 124, 125, 127, 128, 130, 132, 135, 136, 137, 139, 140, 141, 144, 148, 149, 151, 152, 154, 156, 157, 158, 161, 162, 163, 164, 165, 167, 168, 169, 170, 171, 172, 173, 174, 176, 177, 178, 179, 180, 181, 184, 185, 186, 187, 189, 190, 191, 192, 193, 194, 195, 198, 199, 202, 203, 204, 205, 206, 207, 208, 209, 210, 211, 212, 213, 214, 215, 216, 217, 218, 219, 220, 221, 222, 223, 224, 225, 226, 227, 228, 230, 231, 232, 233, 234, 235, 236, 237, 238, 240, 241, 243, 244, 245, 246, 247, 248, 249, 250, 251, 252, 253, 254, 255, 256, 257, 258, 259, 260, 261, 262, 263, 264, 265, 266, 267, 268, 269, 270, 271, 272, 273, 274, 275, 276, 277, 278, 279, 280, 281, 282, 283, 284, 285, 286, 287, 288, 289, 290, 291, 292, 293, 294, 295, 296, 297, 298, 299, 300, 301, 302, 303, 304, 306, 307, 308, 310, 311, 312, 313, 314, 315, 316, 317, 318, 319, 320, 321, 322, 323, 324, 325, 326, 327, 328, 329, 330, 331, 332, 333, 334, 335, 336, 337, 338, 339, 340, 341, 342, 343, 344, 345, 346, 347]",315,False,1.9894747276651382e-05,-3.6527647173183086e-07,6.753341249461071e-06,10.0
A2,331,331,115,216,1321,0.3474320241691843,0.08008356545961003,0.13016411997736277,cao2018,S09/060720_1n,all_channel,median,median__all_channel__A2,32,348,"[0, 1, 2, 3, 4, 5, 6, 7, 8, 9, 10, 11, 12, 13, 14, 15, 16, 17, 18, 19, 20, 21, 22, 23, 24, 25, 26, 27, 28, 29, 30, 31, 32, 33, 34, 35, 36, 37, 38, 39, 40, 41, 42, 43, 44, 45, 46, 47, 48, 49, 50, 51, 52, 53, 54, 55, 56, 57, 58, 59, 60, 61, 62, 63, 64, 65, 66, 67, 68, 69, 70, 71, 72, 73, 74, 75, 76, 77, 78, 79, 80, 81, 82, 83, 84, 85, 86, 87, 88, 89, 90, 92, 93, 94, 95, 96, 97, 98, 99, 100, 101, 102, 103, 104, 105, 106, 107, 108, 109, 110, 111, 112, 113, 114, 115, 117, 118, 119, 121, 122, 123, 124, 125, 127, 128, 130, 132, 135, 136, 137, 139, 140, 141, 144, 148, 149, 151, 152, 154, 156, 157, 158, 161, 162, 163, 164, 165, 167, 168, 169, 170, 171, 172, 173, 174, 176, 177, 178, 179, 180, 181, 184, 185, 186, 187, 189, 190, 191, 192, 193, 194, 195, 198, 199, 202, 203, 204, 205, 206, 207, 208, 209, 210, 211, 212, 213, 214, 215, 216, 217, 218, 219, 220, 221, 222, 223, 224, 225, 226, 227, 228, 230, 231, 232, 233, 234, 235, 236, 237, 238, 240, 241, 243, 244, 245, 246, 247, 248, 249, 250, 251, 252, 253, 254, 255, 256, 257, 258, 259, 260, 261, 262, 263, 264, 265, 266, 267, 268, 269, 270, 271, 272, 273, 274, 275, 276, 277, 278, 279, 280, 281, 282, 283, 284, 285, 286, 287, 288, 289, 290, 291, 292, 293, 294, 295, 296, 297, 298, 299, 300, 301, 302, 303, 304, 306, 307, 308, 310, 311, 312, 313, 314, 315, 316, 317, 318, 319, 320, 321, 322, 323, 324, 325, 326, 327, 328, 329, 330, 331, 332, 333, 334, 335, 336, 337, 338, 339, 340, 341, 342, 343, 344, 345, 346, 347]",315,False,7.397736828857911e-06,2.697285057913277e-08,2.456921326092926e-06,10.0
PZ,175,175,98,77,1338,0.56,0.06824512534818941,0.12166356300434512,cao2018,S09/060720_1n,all_channel,median,median__all_channel__PZ,32,348,"[0, 1, 2, 3, 4, 5, 6, 7, 8, 9, 10, 11, 12, 13, 14, 15, 16, 17, 18, 19, 20, 21, 22, 23, 24, 25, 26, 27, 28, 29, 30, 31, 32, 33, 34, 35, 36, 37, 38, 39, 40, 41, 42, 43, 44, 45, 46, 47, 48, 49, 50, 51, 52, 53, 54, 55, 56, 57, 58, 59, 60, 61, 62, 63, 64, 65, 66, 67, 68, 69, 70, 71, 72, 73, 74, 75, 76, 77, 78, 79, 80, 81, 82, 83, 84, 85, 86, 87, 88, 89, 90, 92, 93, 94, 95, 96, 97, 98, 99, 100, 101, 102, 103, 104, 105, 106, 107, 108, 109, 110, 111, 112, 113, 114, 115, 117, 118, 119, 121, 122, 123, 124, 125, 127, 128, 130, 132, 135, 136, 137, 139, 140, 141, 144, 148, 149, 151, 152, 154, 156, 157, 158, 161, 162, 163, 164, 165, 167, 168, 169, 170, 171, 172, 173, 174, 176, 177, 178, 179, 180, 181, 184, 185, 186, 187, 189, 190, 191, 192, 193, 194, 195, 198, 199, 202, 203, 204, 205, 206, 207, 208, 209, 210, 211, 212, 213, 214, 215, 216, 217, 218, 219, 220, 221, 222, 223, 224, 225, 226, 227, 228, 230, 231, 232, 233, 234, 235, 236, 237, 238, 240, 241, 243, 244, 245, 246, 247, 248, 249, 250, 251, 252, 253, 254, 255, 256, 257, 258, 259, 260, 261, 262, 263, 264, 265, 266, 267, 268, 269, 270, 271, 272, 273, 274, 275, 276, 277, 278, 279, 280, 281, 282, 283, 284, 285, 286, 287, 288, 289, 290, 291, 292, 293, 294, 295, 296, 297, 298, 299, 300, 301, 302, 303, 304, 306, 307, 308, 310, 311, 312, 313, 314, 315, 316, 317, 318, 319, 320, 321, 322, 323, 324, 325, 326, 327, 328, 329, 330, 331, 332, 333, 334, 335, 336, 337, 338, 339, 340, 341, 342, 343, 344, 345, 346, 347]",315,False,2.0895610523018218e-05,-3.46842219753817e-07,7.080817580924012e-06,10.0
T6,208,208,81,127,1355,0.3894230769230769,0.056406685236768804,0.09854014598540146,cao2018,S09/060720_1n,all_channel,median,median__all_channel__T6,32,348,"[0, 1, 2, 3, 4, 5, 6, 7, 8, 9, 10, 11, 12, 13, 14, 15, 16, 17, 18, 19, 20, 21, 22, 23, 24, 25, 26, 27, 28, 29, 30, 31, 32, 33, 34, 35, 36, 37, 38, 39, 40, 41, 42, 43, 44, 45, 46, 47, 48, 49, 50, 51, 52, 53, 54, 55, 56, 57, 58, 59, 60, 61, 62, 63, 64, 65, 66, 67, 68, 69, 70, 71, 72, 73, 74, 75, 76, 77, 78, 79, 80, 81, 82, 83, 84, 85, 86, 87, 88, 89, 90, 92, 93, 94, 95, 96, 97, 98, 99, 100, 101, 102, 103, 104, 105, 106, 107, 108, 109, 110, 111, 112, 113, 114, 115, 117, 118, 119, 121, 122, 123, 124, 125, 127, 128, 130, 132, 135, 136, 137, 139, 140, 141, 144, 148, 149, 151, 152, 154, 156, 157, 158, 161, 162, 163, 164, 165, 167, 168, 169, 170, 171, 172, 173, 174, 176, 177, 178, 179, 180, 181, 184, 185, 186, 187, 189, 190, 191, 192, 193, 194, 195, 198, 199, 202, 203, 204, 205, 206, 207, 208, 209, 210, 211, 212, 213, 214, 215, 216, 217, 218, 219, 220, 221, 222, 223, 224, 225, 226, 227, 228, 230, 231, 232, 233, 234, 235, 236, 237, 238, 240, 241, 243, 244, 245, 246, 247, 248, 249, 250, 251, 252, 253, 254, 255, 256, 257, 258, 259, 260, 261, 262, 263, 264, 265, 266, 267, 268, 269, 270, 271, 272, 273, 274, 275, 276, 277, 278, 279, 280, 281, 282, 283, 284, 285, 286, 287, 288, 289, 290, 291, 292, 293, 294, 295, 296, 297, 298, 299, 300, 301, 302, 303, 304, 306, 307, 308, 310, 311, 312, 313, 314, 315, 316, 317, 318, 319, 320, 321, 322, 323, 324, 325, 326, 327, 328, 329, 330, 331, 332, 333, 334, 335, 336, 337, 338, 339, 340, 341, 342, 343, 344, 345, 346, 347]",315,False,1.3440123958422484e-05,-1.4361928694383266e-07,4.5279144151221055e-06,10.0
O2,172,172,43,129,1393,0.25,0.029944289693593314,0.053482587064676616,cao2018,S09/060720_1n,all_channel,median,median__all_channel__O2,32,348,"[0, 1, 2, 3, 4, 5, 6, 7, 8, 9, 10, 11, 12, 13, 14, 15, 16, 17, 18, 19, 20, 21, 22, 23, 24, 25, 26, 27, 28, 29, 30, 31, 32, 33, 34, 35, 36, 37, 38, 39, 40, 41, 42, 43, 44, 45, 46, 47, 48, 49, 50, 51, 52, 53, 54, 55, 56, 57, 58, 59, 60, 61, 62, 63, 64, 65, 66, 67, 68, 69, 70, 71, 72, 73, 74, 75, 76, 77, 78, 79, 80, 81, 82, 83, 84, 85, 86, 87, 88, 89, 90, 92, 93, 94, 95, 96, 97, 98, 99, 100, 101, 102, 103, 104, 105, 106, 107, 108, 109, 110, 111, 112, 113, 114, 115, 117, 118, 119, 121, 122, 123, 124, 125, 127, 128, 130, 132, 135, 136, 137, 139, 140, 141, 144, 148, 149, 151, 152, 154, 156, 157, 158, 161, 162, 163, 164, 165, 167, 168, 169, 170, 171, 172, 173, 174, 176, 177, 178, 179, 180, 181, 184, 185, 186, 187, 189, 190, 191, 192, 193, 194, 195, 198, 199, 202, 203, 204, 205, 206, 207, 208, 209, 210, 211, 212, 213, 214, 215, 216, 217, 218, 219, 220, 221, 222, 223, 224, 225, 226, 227, 228, 230, 231, 232, 233, 234, 235, 236, 237, 238, 240, 241, 243, 244, 245, 246, 247, 248, 249, 250, 251, 252, 253, 254, 255, 256, 257, 258, 259, 260, 261, 262, 263, 264, 265, 266, 267, 268, 269, 270, 271, 272, 273, 274, 275, 276, 277, 278, 279, 280, 281, 282, 283, 284, 285, 286, 287, 288, 289, 290, 291, 292, 293, 294, 295, 296, 297, 298, 299, 300, 301, 302, 303, 304, 306, 307, 308, 310, 311, 312, 313, 314, 315, 316, 317, 318, 319, 320, 321, 322, 323, 324, 325, 326, 327, 328, 329, 330, 331, 332, 333, 334, 335, 336, 337, 338, 339, 340, 341, 342, 343, 344, 345, 346, 347]",315,False,1.0591242312430975e-05,-8.718691896052532e-08,3.5594764104638333e-06,10.0
O1,173,173,40,133,1396,0.23121387283236994,0.027855153203342618,0.04972032318210068,cao2018,S09/060720_1n,all_channel,median,median__all_channel__O1,32,348,"[0, 1, 2, 3, 4, 5, 6, 7, 8, 9, 10, 11, 12, 13, 14, 15, 16, 17, 18, 19, 20, 21, 22, 23, 24, 25, 26, 27, 28, 29, 30, 31, 32, 33, 34, 35, 36, 37, 38, 39, 40, 41, 42, 43, 44, 45, 46, 47, 48, 49, 50, 51, 52, 53, 54, 55, 56, 57, 58, 59, 60, 61, 62, 63, 64, 65, 66, 67, 68, 69, 70, 71, 72, 73, 74, 75, 76, 77, 78, 79, 80, 81, 82, 83, 84, 85, 86, 87, 88, 89, 90, 92, 93, 94, 95, 96, 97, 98, 99, 100, 101, 102, 103, 104, 105, 106, 107, 108, 109, 110, 111, 112, 113, 114, 115, 117, 118, 119, 121, 122, 123, 124, 125, 127, 128, 130, 132, 135, 136, 137, 139, 140, 141, 144, 148, 149, 151, 152, 154, 156, 157, 158, 161, 162, 163, 164, 165, 167, 168, 169, 170, 171, 172, 173, 174, 176, 177, 178, 179, 180, 181, 184, 185, 186, 187, 189, 190, 191, 192, 193, 194, 195, 198, 199, 202, 203, 204, 205, 206, 207, 208, 209, 210, 211, 212, 213, 214, 215, 216, 217, 218, 219, 220, 221, 222, 223, 224, 225, 226, 227, 228, 230, 231, 232, 233, 234, 235, 236, 237, 238, 240, 241, 243, 244, 245, 246, 247, 248, 249, 250, 251, 252, 253, 254, 255, 256, 257, 258, 259, 260, 261, 262, 263, 264, 265, 266, 267, 268, 269, 270, 271, 272, 273, 274, 275, 276, 277, 278, 279, 280, 281, 282, 283, 284, 285, 286, 287, 288, 289, 290, 291, 292, 293, 294, 295, 296, 297, 298, 299, 300, 301, 302, 303, 304, 306, 307, 308, 310, 311, 312, 313, 314, 315, 316, 317, 318, 319, 320, 321, 322, 323, 324, 325, 326, 327, 328, 329, 330, 331, 332, 333, 334, 335, 336, 337, 338, 339, 340, 341, 342, 343, 344, 345, 346, 347]",315,False,1.153336161113859e-05,-5.966292832654523e-08,3.864341513155045e-06,10.0
OZ,153,153,39,114,1397,0.2549019607843137,0.027158774373259052,0.04908747640025173,cao2018,S09/060720_1n,all_channel,median,median__all_channel__OZ,32,348,"[0, 1, 2, 3, 4, 5, 6, 7, 8, 9, 10, 11, 12, 13, 14, 15, 16, 17, 18, 19, 20, 21, 22, 23, 24, 25, 26, 27, 28, 29, 30, 31, 32, 33, 34, 35, 36, 37, 38, 39, 40, 41, 42, 43, 44, 45, 46, 47, 48, 49, 50, 51, 52, 53, 54, 55, 56, 57, 58, 59, 60, 61, 62, 63, 64, 65, 66, 67, 68, 69, 70, 71, 72, 73, 74, 75, 76, 77, 78, 79, 80, 81, 82, 83, 84, 85, 86, 87, 88, 89, 90, 92, 93, 94, 95, 96, 97, 98, 99, 100, 101, 102, 103, 104, 105, 106, 107, 108, 109, 110, 111, 112, 113, 114, 115, 117, 118, 119, 121, 122, 123, 124, 125, 127, 128, 130, 132, 135, 136, 137, 139, 140, 141, 144, 148, 149, 151, 152, 154, 156, 157, 158, 161, 162, 163, 164, 165, 167, 168, 169, 170, 171, 172, 173, 174, 176, 177, 178, 179, 180, 181, 184, 185, 186, 187, 189, 190, 191, 192, 193, 194, 195, 198, 199, 202, 203, 204, 205, 206, 207, 208, 209, 210, 211, 212, 213, 214, 215, 216, 217, 218, 219, 220, 221, 222, 223, 224, 225, 226, 227, 228, 230, 231, 232, 233, 234, 235, 236, 237, 238, 240, 241, 243, 244, 245, 246, 247, 248, 249, 250, 251, 252, 253, 254, 255, 256, 257, 258, 259, 260, 261, 262, 263, 264, 265, 266, 267, 268, 269, 270, 271, 272, 273, 274, 275, 276, 277, 278, 279, 280, 281, 282, 283, 284, 285, 286, 287, 288, 289, 290, 291, 292, 293, 294, 295, 296, 297, 298, 299, 300, 301, 302, 303, 304, 306, 307, 308, 310, 311, 312, 313, 314, 315, 316, 317, 318, 319, 320, 321, 322, 323, 324, 325, 326, 327, 328, 329, 330, 331, 332, 333, 334, 335, 336, 337, 338, 339, 340, 341, 342, 343, 344, 345, 346, 347]",315,False,1.1669902017915384e-05,-8.591718877137801e-08,3.91860640222892e-06,10.0
FP2,1601,1601,1405,196,31,0.8775765146783261,0.9784122562674095,0.9252551860388541,cao2018,S09/060720_1n,all_channel,mean,mean__all_channel__FP2,32,348,"[0, 1, 2, 3, 4, 5, 6, 7, 8, 9, 10, 11, 12, 13, 14, 15, 16, 17, 18, 19, 20, 21, 22, 23, 24, 25, 26, 27, 28, 29, 30, 31, 32, 33, 34, 35, 36, 37, 38, 39, 40, 41, 42, 43, 44, 45, 46, 47, 48, 49, 50, 51, 52, 53, 54, 55, 56, 57, 58, 59, 60, 61, 62, 63, 64, 65, 66, 67, 68, 69, 70, 71, 72, 73, 74, 75, 76, 77, 78, 79, 80, 81, 82, 83, 84, 85, 86, 87, 88, 89, 90, 92, 93, 94, 95, 96, 97, 98, 99, 100, 101, 102, 103, 104, 105, 106, 107, 108, 109, 110, 111, 112, 113, 114, 115, 117, 118, 119, 121, 122, 123, 124, 125, 127, 128, 130, 132, 135, 136, 137, 139, 140, 141, 144, 148, 149, 151, 152, 154, 156, 157, 158, 161, 162, 163, 164, 165, 167, 168, 169, 170, 171, 172, 173, 174, 176, 177, 178, 179, 180, 181, 184, 185, 186, 187, 189, 190, 191, 192, 193, 194, 195, 198, 199, 202, 203, 204, 205, 206, 207, 208, 209, 210, 211, 212, 213, 214, 215, 216, 217, 218, 219, 220, 221, 222, 223, 224, 225, 226, 227, 228, 230, 231, 232, 233, 234, 235, 236, 237, 238, 240, 241, 243, 244, 245, 246, 247, 248, 249, 250, 251, 252, 253, 254, 255, 256, 257, 258, 259, 260, 261, 262, 263, 264, 265, 266, 267, 268, 269, 270, 271, 272, 273, 274, 275, 276, 277, 278, 279, 280, 281, 282, 283, 284, 285, 286, 287, 288, 289, 290, 291, 292, 293, 294, 295, 296, 297, 298, 299, 300, 301, 302, 303, 304, 306, 307, 308, 310, 311, 312, 313, 314, 315, 316, 317, 318, 319, 320, 321, 322, 323, 324, 325, 326, 327, 328, 329, 330, 331, 332, 333, 334, 335, 336, 337, 338, 339, 340, 341, 342, 343, 344, 345, 346, 347]",315,False,5.1744908797327694e-05,1.8463311486806866e-08,1.7242148495280297e-05,10.0
FP1,1598,1598,1397,201,39,0.8742177722152691,0.9728412256267409,0.92089650626236,cao2018,S09/060720_1n,all_channel,mean,mean__all_channel__FP1,32,348,"[0, 1, 2, 3, 4, 5, 6, 7, 8, 9, 10, 11, 12, 13, 14, 15, 16, 17, 18, 19, 20, 21, 22, 23, 24, 25, 26, 27, 28, 29, 30, 31, 32, 33, 34, 35, 36, 37, 38, 39, 40, 41, 42, 43, 44, 45, 46, 47, 48, 49, 50, 51, 52, 53, 54, 55, 56, 57, 58, 59, 60, 61, 62, 63, 64, 65, 66, 67, 68, 69, 70, 71, 72, 73, 74, 75, 76, 77, 78, 79, 80, 81, 82, 83, 84, 85, 86, 87, 88, 89, 90, 92, 93, 94, 95, 96, 97, 98, 99, 100, 101, 102, 103, 104, 105, 106, 107, 108, 109, 110, 111, 112, 113, 114, 115, 117, 118, 119, 121, 122, 123, 124, 125, 127, 128, 130, 132, 135, 136, 137, 139, 140, 141, 144, 148, 149, 151, 152, 154, 156, 157, 158, 161, 162, 163, 164, 165, 167, 168, 169, 170, 171, 172, 173, 174, 176, 177, 178, 179, 180, 181, 184, 185, 186, 187, 189, 190, 191, 192, 193, 194, 195, 198, 199, 202, 203, 204, 205, 206, 207, 208, 209, 210, 211, 212, 213, 214, 215, 216, 217, 218, 219, 220, 221, 222, 223, 224, 225, 226, 227, 228, 230, 231, 232, 233, 234, 235, 236, 237, 238, 240, 241, 243, 244, 245, 246, 247, 248, 249, 250, 251, 252, 253, 254, 255, 256, 257, 258, 259, 260, 261, 262, 263, 264, 265, 266, 267, 268, 269, 270, 271, 272, 273, 274, 275, 276, 277, 278, 279, 280, 281, 282, 283, 284, 285, 286, 287, 288, 289, 290, 291, 292, 293, 294, 295, 296, 297, 298, 299, 300, 301, 302, 303, 304, 306, 307, 308, 310, 311, 312, 313, 314, 315, 316, 317, 318, 319, 320, 321, 322, 323, 324, 325, 326, 327, 328, 329, 330, 331, 332, 333, 334, 335, 336, 337, 338, 339, 340, 341, 342, 343, 344, 345, 346, 347]",315,False,5.7571154463781834e-05,4.055135146121043e-08,1.9176867704106873e-05,10.0
FZ,1271,1271,1139,132,297,0.8961447678992919,0.7931754874651811,0.8415219800517176,cao2018,S09/060720_1n,all_channel,mean,mean__all_channel__FZ,32,348,"[0, 1, 2, 3, 4, 5, 6, 7, 8, 9, 10, 11, 12, 13, 14, 15, 16, 17, 18, 19, 20, 21, 22, 23, 24, 25, 26, 27, 28, 29, 30, 31, 32, 33, 34, 35, 36, 37, 38, 39, 40, 41, 42, 43, 44, 45, 46, 47, 48, 49, 50, 51, 52, 53, 54, 55, 56, 57, 58, 59, 60, 61, 62, 63, 64, 65, 66, 67, 68, 69, 70, 71, 72, 73, 74, 75, 76, 77, 78, 79, 80, 81, 82, 83, 84, 85, 86, 87, 88, 89, 90, 92, 93, 94, 95, 96, 97, 98, 99, 100, 101, 102, 103, 104, 105, 106, 107, 108, 109, 110, 111, 112, 113, 114, 115, 117, 118, 119, 121, 122, 123, 124, 125, 127, 128, 130, 132, 135, 136, 137, 139, 140, 141, 144, 148, 149, 151, 152, 154, 156, 157, 158, 161, 162, 163, 164, 165, 167, 168, 169, 170, 171, 172, 173, 174, 176, 177, 178, 179, 180, 181, 184, 185, 186, 187, 189, 190, 191, 192, 193, 194, 195, 198, 199, 202, 203, 204, 205, 206, 207, 208, 209, 210, 211, 212, 213, 214, 215, 216, 217, 218, 219, 220, 221, 222, 223, 224, 225, 226, 227, 228, 230, 231, 232, 233, 234, 235, 236, 237, 238, 240, 241, 243, 244, 245, 246, 247, 248, 249, 250, 251, 252, 253, 254, 255, 256, 257, 258, 259, 260, 261, 262, 263, 264, 265, 266, 267, 268, 269, 270, 271, 272, 273, 274, 275, 276, 277, 278, 279, 280, 281, 282, 283, 284, 285, 286, 287, 288, 289, 290, 291, 292, 293, 294, 295, 296, 297, 298, 299, 300, 301, 302, 303, 304, 306, 307, 308, 310, 311, 312, 313, 314, 315, 316, 317, 318, 319, 320, 321, 322, 323, 324, 325, 326, 327, 328, 329, 330, 331, 332, 333, 334, 335, 336, 337, 338, 339, 340, 341, 342, 343, 344, 345, 346, 347]",315,False,3.5968933414256476e-05,1.2427927387554201e-08,1.1985501828956307e-05,10.0
F4,1274,1274,1095,179,341,0.859497645211931,0.7625348189415042,0.8081180811808119,cao2018,S09/060720_1n,all_channel,mean,mean__all_channel__F4,32,348,"[0, 1, 2, 3, 4, 5, 6, 7, 8, 9, 10, 11, 12, 13, 14, 15, 16, 17, 18, 19, 20, 21, 22, 23, 24, 25, 26, 27, 28, 29, 30, 31, 32, 33, 34, 35, 36, 37, 38, 39, 40, 41, 42, 43, 44, 45, 46, 47, 48, 49, 50, 51, 52, 53, 54, 55, 56, 57, 58, 59, 60, 61, 62, 63, 64, 65, 66, 67, 68, 69, 70, 71, 72, 73, 74, 75, 76, 77, 78, 79, 80, 81, 82, 83, 84, 85, 86, 87, 88, 89, 90, 92, 93, 94, 95, 96, 97, 98, 99, 100, 101, 102, 103, 104, 105, 106, 107, 108, 109, 110, 111, 112, 113, 114, 115, 117, 118, 119, 121, 122, 123, 124, 125, 127, 128, 130, 132, 135, 136, 137, 139, 140, 141, 144, 148, 149, 151, 152, 154, 156, 157, 158, 161, 162, 163, 164, 165, 167, 168, 169, 170, 171, 172, 173, 174, 176, 177, 178, 179, 180, 181, 184, 185, 186, 187, 189, 190, 191, 192, 193, 194, 195, 198, 199, 202, 203, 204, 205, 206, 207, 208, 209, 210, 211, 212, 213, 214, 215, 216, 217, 218, 219, 220, 221, 222, 223, 224, 225, 226, 227, 228, 230, 231, 232, 233, 234, 235, 236, 237, 238, 240, 241, 243, 244, 245, 246, 247, 248, 249, 250, 251, 252, 253, 254, 255, 256, 257, 258, 259, 260, 261, 262, 263, 264, 265, 266, 267, 268, 269, 270, 271, 272, 273, 274, 275, 276, 277, 278, 279, 280, 281, 282, 283, 284, 285, 286, 287, 288, 289, 290, 291, 292, 293, 294, 295, 296, 297, 298, 299, 300, 301, 302, 303, 304, 306, 307, 308, 310, 311, 312, 313, 314, 315, 316, 317, 318, 319, 320, 321, 322, 323, 324, 325, 326, 327, 328, 329, 330, 331, 332, 333, 334, 335, 336, 337, 338, 339, 340, 341, 342, 343, 344, 345, 346, 347]",315,False,3.496098922211835e-05,2.6460009971230877e-08,1.1644843070715704e-05,10.0
F8,1221,1221,1046,175,390,0.8566748566748567,0.7284122562674095,0.7873541588257433,cao2018,S09/060720_1n,all_channel,mean,mean__all_channel__F8,32,348,"[0, 1, 2, 3, 4, 5, 6, 7, 8, 9, 10, 11, 12, 13, 14, 15, 16, 17, 18, 19, 20, 21, 22, 23, 24, 25, 26, 27, 28, 29, 30, 31, 32, 33, 34, 35, 36, 37, 38, 39, 40, 41, 42, 43, 44, 45, 46, 47, 48, 49, 50, 51, 52, 53, 54, 55, 56, 57, 58, 59, 60, 61, 62, 63, 64, 65, 66, 67, 68, 69, 70, 71, 72, 73, 74, 75, 76, 77, 78, 79, 80, 81, 82, 83, 84, 85, 86, 87, 88, 89, 90, 92, 93, 94, 95, 96, 97, 98, 99, 100, 101, 102, 103, 104, 105, 106, 107, 108, 109, 110, 111, 112, 113, 114, 115, 117, 118, 119, 121, 122, 123, 124, 125, 127, 128, 130, 132, 135, 136, 137, 139, 140, 141, 144, 148, 149, 151, 152, 154, 156, 157, 158, 161, 162, 163, 164, 165, 167, 168, 169, 170, 171, 172, 173, 174, 176, 177, 178, 179, 180, 181, 184, 185, 186, 187, 189, 190, 191, 192, 193, 194, 195, 198, 199, 202, 203, 204, 205, 206, 207, 208, 209, 210, 211, 212, 213, 214, 215, 216, 217, 218, 219, 220, 221, 222, 223, 224, 225, 226, 227, 228, 230, 231, 232, 233, 234, 235, 236, 237, 238, 240, 241, 243, 244, 245, 246, 247, 248, 249, 250, 251, 252, 253, 254, 255, 256, 257, 258, 259, 260, 261, 262, 263, 264, 265, 266, 267, 268, 269, 270, 271, 272, 273, 274, 275, 276, 277, 278, 279, 280, 281, 282, 283, 284, 285, 286, 287, 288, 289, 290, 291, 292, 293, 294, 295, 296, 297, 298, 299, 300, 301, 302, 303, 304, 306, 307, 308, 310, 311, 312, 313, 314, 315, 316, 317, 318, 319, 320, 321, 322, 323, 324, 325, 326, 327, 328, 329, 330, 331, 332, 333, 334, 335, 336, 337, 338, 339, 340, 341, 342, 343, 344, 345, 346, 347]",315,False,3.6775543996916984e-05,5.60379600334788e-09,1.2256646733637878e-05,10.0
F7,1260,1260,1054,206,382,0.8365079365079365,0.733983286908078,0.7818991097922848,cao2018,S09/060720_1n,all_channel,mean,mean__all_channel__F7,32,348,"[0, 1, 2, 3, 4, 5, 6, 7, 8, 9, 10, 11, 12, 13, 14, 15, 16, 17, 18, 19, 20, 21, 22, 23, 24, 25, 26, 27, 28, 29, 30, 31, 32, 33, 34, 35, 36, 37, 38, 39, 40, 41, 42, 43, 44, 45, 46, 47, 48, 49, 50, 51, 52, 53, 54, 55, 56, 57, 58, 59, 60, 61, 62, 63, 64, 65, 66, 67, 68, 69, 70, 71, 72, 73, 74, 75, 76, 77, 78, 79, 80, 81, 82, 83, 84, 85, 86, 87, 88, 89, 90, 92, 93, 94, 95, 96, 97, 98, 99, 100, 101, 102, 103, 104, 105, 106, 107, 108, 109, 110, 111, 112, 113, 114, 115, 117, 118, 119, 121, 122, 123, 124, 125, 127, 128, 130, 132, 135, 136, 137, 139, 140, 141, 144, 148, 149, 151, 152, 154, 156, 157, 158, 161, 162, 163, 164, 165, 167, 168, 169, 170, 171, 172, 173, 174, 176, 177, 178, 179, 180, 181, 184, 185, 186, 187, 189, 190, 191, 192, 193, 194, 195, 198, 199, 202, 203, 204, 205, 206, 207, 208, 209, 210, 211, 212, 213, 214, 215, 216, 217, 218, 219, 220, 221, 222, 223, 224, 225, 226, 227, 228, 230, 231, 232, 233, 234, 235, 236, 237, 238, 240, 241, 243, 244, 245, 246, 247, 248, 249, 250, 251, 252, 253, 254, 255, 256, 257, 258, 259, 260, 261, 262, 263, 264, 265, 266, 267, 268, 269, 270, 271, 272, 273, 274, 275, 276, 277, 278, 279, 280, 281, 282, 283, 284, 285, 286, 287, 288, 289, 290, 291, 292, 293, 294, 295, 296, 297, 298, 299, 300, 301, 302, 303, 304, 306, 307, 308, 310, 311, 312, 313, 314, 315, 316, 317, 318, 319, 320, 321, 322, 323, 324, 325, 326, 327, 328, 329, 330, 331, 332, 333, 334, 335, 336, 337, 338, 339, 340, 341, 342, 343, 344, 345, 346, 347]",315,False,4.1709182256746895e-05,3.438506233048211e-08,1.389159906480547e-05,10.0
F3,1168,1168,1017,151,419,0.8707191780821918,0.708217270194986,0.7811059907834101,cao2018,S09/060720_1n,all_channel,mean,mean__all_channel__F3,32,348,"[0, 1, 2, 3, 4, 5, 6, 7, 8, 9, 10, 11, 12, 13, 14, 15, 16, 17, 18, 19, 20, 21, 22, 23, 24, 25, 26, 27, 28, 29, 30, 31, 32, 33, 34, 35, 36, 37, 38, 39, 40, 41, 42, 43, 44, 45, 46, 47, 48, 49, 50, 51, 52, 53, 54, 55, 56, 57, 58, 59, 60, 61, 62, 63, 64, 65, 66, 67, 68, 69, 70, 71, 72, 73, 74, 75, 76, 77, 78, 79, 80, 81, 82, 83, 84, 85, 86, 87, 88, 89, 90, 92, 93, 94, 95, 96, 97, 98, 99, 100, 101, 102, 103, 104, 105, 106, 107, 108, 109, 110, 111, 112, 113, 114, 115, 117, 118, 119, 121, 122, 123, 124, 125, 127, 128, 130, 132, 135, 136, 137, 139, 140, 141, 144, 148, 149, 151, 152, 154, 156, 157, 158, 161, 162, 163, 164, 165, 167, 168, 169, 170, 171, 172, 173, 174, 176, 177, 178, 179, 180, 181, 184, 185, 186, 187, 189, 190, 191, 192, 193, 194, 195, 198, 199, 202, 203, 204, 205, 206, 207, 208, 209, 210, 211, 212, 213, 214, 215, 216, 217, 218, 219, 220, 221, 222, 223, 224, 225, 226, 227, 228, 230, 231, 232, 233, 234, 235, 236, 237, 238, 240, 241, 243, 244, 245, 246, 247, 248, 249, 250, 251, 252, 253, 254, 255, 256, 257, 258, 259, 260, 261, 262, 263, 264, 265, 266, 267, 268, 269, 270, 271, 272, 273, 274, 275, 276, 277, 278, 279, 280, 281, 282, 283, 284, 285, 286, 287, 288, 289, 290, 291, 292, 293, 294, 295, 296, 297, 298, 299, 300, 301, 302, 303, 304, 306, 307, 308, 310, 311, 312, 313, 314, 315, 316, 317, 318, 319, 320, 321, 322, 323, 324, 325, 326, 327, 328, 329, 330, 331, 332, 333, 334, 335, 336, 337, 338, 339, 340, 341, 342, 343, 344, 345, 346, 347]",315,False,4.1958899806911314e-05,3.61762722193353e-08,1.397424117823066e-05,10.0
FC3,909,909,757,152,679,0.8327832783278328,0.5271587743732591,0.6456289978678038,cao2018,S09/060720_1n,all_channel,mean,mean__all_channel__FC3,32,348,"[0, 1, 2, 3, 4, 5, 6, 7, 8, 9, 10, 11, 12, 13, 14, 15, 16, 17, 18, 19, 20, 21, 22, 23, 24, 25, 26, 27, 28, 29, 30, 31, 32, 33, 34, 35, 36, 37, 38, 39, 40, 41, 42, 43, 44, 45, 46, 47, 48, 49, 50, 51, 52, 53, 54, 55, 56, 57, 58, 59, 60, 61, 62, 63, 64, 65, 66, 67, 68, 69, 70, 71, 72, 73, 74, 75, 76, 77, 78, 79, 80, 81, 82, 83, 84, 85, 86, 87, 88, 89, 90, 92, 93, 94, 95, 96, 97, 98, 99, 100, 101, 102, 103, 104, 105, 106, 107, 108, 109, 110, 111, 112, 113, 114, 115, 117, 118, 119, 121, 122, 123, 124, 125, 127, 128, 130, 132, 135, 136, 137, 139, 140, 141, 144, 148, 149, 151, 152, 154, 156, 157, 158, 161, 162, 163, 164, 165, 167, 168, 169, 170, 171, 172, 173, 174, 176, 177, 178, 179, 180, 181, 184, 185, 186, 187, 189, 190, 191, 192, 193, 194, 195, 198, 199, 202, 203, 204, 205, 206, 207, 208, 209, 210, 211, 212, 213, 214, 215, 216, 217, 218, 219, 220, 221, 222, 223, 224, 225, 226, 227, 228, 230, 231, 232, 233, 234, 235, 236, 237, 238, 240, 241, 243, 244, 245, 246, 247, 248, 249, 250, 251, 252, 253, 254, 255, 256, 257, 258, 259, 260, 261, 262, 263, 264, 265, 266, 267, 268, 269, 270, 271, 272, 273, 274, 275, 276, 277, 278, 279, 280, 281, 282, 283, 284, 285, 286, 287, 288, 289, 290, 291, 292, 293, 294, 295, 296, 297, 298, 299, 300, 301, 302, 303, 304, 306, 307, 308, 310, 311, 312, 313, 314, 315, 316, 317, 318, 319, 320, 321, 322, 323, 324, 325, 326, 327, 328, 329, 330, 331, 332, 333, 334, 335, 336, 337, 338, 339, 340, 341, 342, 343, 344, 345, 346, 347]",315,False,3.026321534873393e-05,1.4078658829497458e-08,1.0083045563301477e-05,10.0
FT7,830,830,639,191,797,0.7698795180722892,0.4449860724233983,0.5639894086496028,cao2018,S09/060720_1n,all_channel,mean,mean__all_channel__FT7,32,348,"[0, 1, 2, 3, 4, 5, 6, 7, 8, 9, 10, 11, 12, 13, 14, 15, 16, 17, 18, 19, 20, 21, 22, 23, 24, 25, 26, 27, 28, 29, 30, 31, 32, 33, 34, 35, 36, 37, 38, 39, 40, 41, 42, 43, 44, 45, 46, 47, 48, 49, 50, 51, 52, 53, 54, 55, 56, 57, 58, 59, 60, 61, 62, 63, 64, 65, 66, 67, 68, 69, 70, 71, 72, 73, 74, 75, 76, 77, 78, 79, 80, 81, 82, 83, 84, 85, 86, 87, 88, 89, 90, 92, 93, 94, 95, 96, 97, 98, 99, 100, 101, 102, 103, 104, 105, 106, 107, 108, 109, 110, 111, 112, 113, 114, 115, 117, 118, 119, 121, 122, 123, 124, 125, 127, 128, 130, 132, 135, 136, 137, 139, 140, 141, 144, 148, 149, 151, 152, 154, 156, 157, 158, 161, 162, 163, 164, 165, 167, 168, 169, 170, 171, 172, 173, 174, 176, 177, 178, 179, 180, 181, 184, 185, 186, 187, 189, 190, 191, 192, 193, 194, 195, 198, 199, 202, 203, 204, 205, 206, 207, 208, 209, 210, 211, 212, 213, 214, 215, 216, 217, 218, 219, 220, 221, 222, 223, 224, 225, 226, 227, 228, 230, 231, 232, 233, 234, 235, 236, 237, 238, 240, 241, 243, 244, 245, 246, 247, 248, 249, 250, 251, 252, 253, 254, 255, 256, 257, 258, 259, 260, 261, 262, 263, 264, 265, 266, 267, 268, 269, 270, 271, 272, 273, 274, 275, 276, 277, 278, 279, 280, 281, 282, 283, 284, 285, 286, 287, 288, 289, 290, 291, 292, 293, 294, 295, 296, 297, 298, 299, 300, 301, 302, 303, 304, 306, 307, 308, 310, 311, 312, 313, 314, 315, 316, 317, 318, 319, 320, 321, 322, 323, 324, 325, 326, 327, 328, 329, 330, 331, 332, 333, 334, 335, 336, 337, 338, 339, 340, 341, 342, 343, 344, 345, 346, 347]",315,False,2.8579332026098864e-05,8.973013690903399e-09,9.523453004135987e-06,10.0
FCZ,659,659,571,88,865,0.866464339908953,0.39763231197771587,0.545107398568019,cao2018,S09/060720_1n,all_channel,mean,mean__all_channel__FCZ,32,348,"[0, 1, 2, 3, 4, 5, 6, 7, 8, 9, 10, 11, 12, 13, 14, 15, 16, 17, 18, 19, 20, 21, 22, 23, 24, 25, 26, 27, 28, 29, 30, 31, 32, 33, 34, 35, 36, 37, 38, 39, 40, 41, 42, 43, 44, 45, 46, 47, 48, 49, 50, 51, 52, 53, 54, 55, 56, 57, 58, 59, 60, 61, 62, 63, 64, 65, 66, 67, 68, 69, 70, 71, 72, 73, 74, 75, 76, 77, 78, 79, 80, 81, 82, 83, 84, 85, 86, 87, 88, 89, 90, 92, 93, 94, 95, 96, 97, 98, 99, 100, 101, 102, 103, 104, 105, 106, 107, 108, 109, 110, 111, 112, 113, 114, 115, 117, 118, 119, 121, 122, 123, 124, 125, 127, 128, 130, 132, 135, 136, 137, 139, 140, 141, 144, 148, 149, 151, 152, 154, 156, 157, 158, 161, 162, 163, 164, 165, 167, 168, 169, 170, 171, 172, 173, 174, 176, 177, 178, 179, 180, 181, 184, 185, 186, 187, 189, 190, 191, 192, 193, 194, 195, 198, 199, 202, 203, 204, 205, 206, 207, 208, 209, 210, 211, 212, 213, 214, 215, 216, 217, 218, 219, 220, 221, 222, 223, 224, 225, 226, 227, 228, 230, 231, 232, 233, 234, 235, 236, 237, 238, 240, 241, 243, 244, 245, 246, 247, 248, 249, 250, 251, 252, 253, 254, 255, 256, 257, 258, 259, 260, 261, 262, 263, 264, 265, 266, 267, 268, 269, 270, 271, 272, 273, 274, 275, 276, 277, 278, 279, 280, 281, 282, 283, 284, 285, 286, 287, 288, 289, 290, 291, 292, 293, 294, 295, 296, 297, 298, 299, 300, 301, 302, 303, 304, 306, 307, 308, 310, 311, 312, 313, 314, 315, 316, 317, 318, 319, 320, 321, 322, 323, 324, 325, 326, 327, 328, 329, 330, 331, 332, 333, 334, 335, 336, 337, 338, 339, 340, 341, 342, 343, 344, 345, 346, 347]",315,False,3.091408012494459e-05,5.575867597266489e-09,1.030283475244911e-05,10.0
FC4,744,744,543,201,893,0.7298387096774194,0.37813370473537605,0.49816513761467895,cao2018,S09/060720_1n,all_channel,mean,mean__all_channel__FC4,32,348,"[0, 1, 2, 3, 4, 5, 6, 7, 8, 9, 10, 11, 12, 13, 14, 15, 16, 17, 18, 19, 20, 21, 22, 23, 24, 25, 26, 27, 28, 29, 30, 31, 32, 33, 34, 35, 36, 37, 38, 39, 40, 41, 42, 43, 44, 45, 46, 47, 48, 49, 50, 51, 52, 53, 54, 55, 56, 57, 58, 59, 60, 61, 62, 63, 64, 65, 66, 67, 68, 69, 70, 71, 72, 73, 74, 75, 76, 77, 78, 79, 80, 81, 82, 83, 84, 85, 86, 87, 88, 89, 90, 92, 93, 94, 95, 96, 97, 98, 99, 100, 101, 102, 103, 104, 105, 106, 107, 108, 109, 110, 111, 112, 113, 114, 115, 117, 118, 119, 121, 122, 123, 124, 125, 127, 128, 130, 132, 135, 136, 137, 139, 140, 141, 144, 148, 149, 151, 152, 154, 156, 157, 158, 161, 162, 163, 164, 165, 167, 168, 169, 170, 171, 172, 173, 174, 176, 177, 178, 179, 180, 181, 184, 185, 186, 187, 189, 190, 191, 192, 193, 194, 195, 198, 199, 202, 203, 204, 205, 206, 207, 208, 209, 210, 211, 212, 213, 214, 215, 216, 217, 218, 219, 220, 221, 222, 223, 224, 225, 226, 227, 228, 230, 231, 232, 233, 234, 235, 236, 237, 238, 240, 241, 243, 244, 245, 246, 247, 248, 249, 250, 251, 252, 253, 254, 255, 256, 257, 258, 259, 260, 261, 262, 263, 264, 265, 266, 267, 268, 269, 270, 271, 272, 273, 274, 275, 276, 277, 278, 279, 280, 281, 282, 283, 284, 285, 286, 287, 288, 289, 290, 291, 292, 293, 294, 295, 296, 297, 298, 299, 300, 301, 302, 303, 304, 306, 307, 308, 310, 311, 312, 313, 314, 315, 316, 317, 318, 319, 320, 321, 322, 323, 324, 325, 326, 327, 328, 329, 330, 331, 332, 333, 334, 335, 336, 337, 338, 339, 340, 341, 342, 343, 344, 345, 346, 347]",315,False,2.7245089691725422e-05,4.043295169711804e-09,9.080348798851904e-06,10.0
FT8,661,661,505,156,931,0.7639939485627837,0.3516713091922006,0.4816404387219838,cao2018,S09/060720_1n,all_channel,mean,mean__all_channel__FT8,32,348,"[0, 1, 2, 3, 4, 5, 6, 7, 8, 9, 10, 11, 12, 13, 14, 15, 16, 17, 18, 19, 20, 21, 22, 23, 24, 25, 26, 27, 28, 29, 30, 31, 32, 33, 34, 35, 36, 37, 38, 39, 40, 41, 42, 43, 44, 45, 46, 47, 48, 49, 50, 51, 52, 53, 54, 55, 56, 57, 58, 59, 60, 61, 62, 63, 64, 65, 66, 67, 68, 69, 70, 71, 72, 73, 74, 75, 76, 77, 78, 79, 80, 81, 82, 83, 84, 85, 86, 87, 88, 89, 90, 92, 93, 94, 95, 96, 97, 98, 99, 100, 101, 102, 103, 104, 105, 106, 107, 108, 109, 110, 111, 112, 113, 114, 115, 117, 118, 119, 121, 122, 123, 124, 125, 127, 128, 130, 132, 135, 136, 137, 139, 140, 141, 144, 148, 149, 151, 152, 154, 156, 157, 158, 161, 162, 163, 164, 165, 167, 168, 169, 170, 171, 172, 173, 174, 176, 177, 178, 179, 180, 181, 184, 185, 186, 187, 189, 190, 191, 192, 193, 194, 195, 198, 199, 202, 203, 204, 205, 206, 207, 208, 209, 210, 211, 212, 213, 214, 215, 216, 217, 218, 219, 220, 221, 222, 223, 224, 225, 226, 227, 228, 230, 231, 232, 233, 234, 235, 236, 237, 238, 240, 241, 243, 244, 245, 246, 247, 248, 249, 250, 251, 252, 253, 254, 255, 256, 257, 258, 259, 260, 261, 262, 263, 264, 265, 266, 267, 268, 269, 270, 271, 272, 273, 274, 275, 276, 277, 278, 279, 280, 281, 282, 283, 284, 285, 286, 287, 288, 289, 290, 291, 292, 293, 294, 295, 296, 297, 298, 299, 300, 301, 302, 303, 304, 306, 307, 308, 310, 311, 312, 313, 314, 315, 316, 317, 318, 319, 320, 321, 322, 323, 324, 325, 326, 327, 328, 329, 330, 331, 332, 333, 334, 335, 336, 337, 338, 339, 340, 341, 342, 343, 344, 345, 346, 347]",315,False,2.4966421868532913e-05,-2.7142749635015814e-09,8.323045381165471e-06,10.0
C3,579,579,444,135,992,0.7668393782383419,0.30919220055710306,0.44069478908188586,cao2018,S09/060720_1n,all_channel,mean,mean__all_channel__C3,32,348,"[0, 1, 2, 3, 4, 5, 6, 7, 8, 9, 10, 11, 12, 13, 14, 15, 16, 17, 18, 19, 20, 21, 22, 23, 24, 25, 26, 27, 28, 29, 30, 31, 32, 33, 34, 35, 36, 37, 38, 39, 40, 41, 42, 43, 44, 45, 46, 47, 48, 49, 50, 51, 52, 53, 54, 55, 56, 57, 58, 59, 60, 61, 62, 63, 64, 65, 66, 67, 68, 69, 70, 71, 72, 73, 74, 75, 76, 77, 78, 79, 80, 81, 82, 83, 84, 85, 86, 87, 88, 89, 90, 92, 93, 94, 95, 96, 97, 98, 99, 100, 101, 102, 103, 104, 105, 106, 107, 108, 109, 110, 111, 112, 113, 114, 115, 117, 118, 119, 121, 122, 123, 124, 125, 127, 128, 130, 132, 135, 136, 137, 139, 140, 141, 144, 148, 149, 151, 152, 154, 156, 157, 158, 161, 162, 163, 164, 165, 167, 168, 169, 170, 171, 172, 173, 174, 176, 177, 178, 179, 180, 181, 184, 185, 186, 187, 189, 190, 191, 192, 193, 194, 195, 198, 199, 202, 203, 204, 205, 206, 207, 208, 209, 210, 211, 212, 213, 214, 215, 216, 217, 218, 219, 220, 221, 222, 223, 224, 225, 226, 227, 228, 230, 231, 232, 233, 234, 235, 236, 237, 238, 240, 241, 243, 244, 245, 246, 247, 248, 249, 250, 251, 252, 253, 254, 255, 256, 257, 258, 259, 260, 261, 262, 263, 264, 265, 266, 267, 268, 269, 270, 271, 272, 273, 274, 275, 276, 277, 278, 279, 280, 281, 282, 283, 284, 285, 286, 287, 288, 289, 290, 291, 292, 293, 294, 295, 296, 297, 298, 299, 300, 301, 302, 303, 304, 306, 307, 308, 310, 311, 312, 313, 314, 315, 316, 317, 318, 319, 320, 321, 322, 323, 324, 325, 326, 327, 328, 329, 330, 331, 332, 333, 334, 335, 336, 337, 338, 339, 340, 341, 342, 343, 344, 345, 346, 347]",315,False,2.6260534382477094e-05,5.338685969703124e-09,8.751731898835798e-06,10.0
C4,623,623,431,192,1005,0.6918138041733547,0.30013927576601673,0.4186498300145702,cao2018,S09/060720_1n,all_channel,mean,mean__all_channel__C4,32,348,"[0, 1, 2, 3, 4, 5, 6, 7, 8, 9, 10, 11, 12, 13, 14, 15, 16, 17, 18, 19, 20, 21, 22, 23, 24, 25, 26, 27, 28, 29, 30, 31, 32, 33, 34, 35, 36, 37, 38, 39, 40, 41, 42, 43, 44, 45, 46, 47, 48, 49, 50, 51, 52, 53, 54, 55, 56, 57, 58, 59, 60, 61, 62, 63, 64, 65, 66, 67, 68, 69, 70, 71, 72, 73, 74, 75, 76, 77, 78, 79, 80, 81, 82, 83, 84, 85, 86, 87, 88, 89, 90, 92, 93, 94, 95, 96, 97, 98, 99, 100, 101, 102, 103, 104, 105, 106, 107, 108, 109, 110, 111, 112, 113, 114, 115, 117, 118, 119, 121, 122, 123, 124, 125, 127, 128, 130, 132, 135, 136, 137, 139, 140, 141, 144, 148, 149, 151, 152, 154, 156, 157, 158, 161, 162, 163, 164, 165, 167, 168, 169, 170, 171, 172, 173, 174, 176, 177, 178, 179, 180, 181, 184, 185, 186, 187, 189, 190, 191, 192, 193, 194, 195, 198, 199, 202, 203, 204, 205, 206, 207, 208, 209, 210, 211, 212, 213, 214, 215, 216, 217, 218, 219, 220, 221, 222, 223, 224, 225, 226, 227, 228, 230, 231, 232, 233, 234, 235, 236, 237, 238, 240, 241, 243, 244, 245, 246, 247, 248, 249, 250, 251, 252, 253, 254, 255, 256, 257, 258, 259, 260, 261, 262, 263, 264, 265, 266, 267, 268, 269, 270, 271, 272, 273, 274, 275, 276, 277, 278, 279, 280, 281, 282, 283, 284, 285, 286, 287, 288, 289, 290, 291, 292, 293, 294, 295, 296, 297, 298, 299, 300, 301, 302, 303, 304, 306, 307, 308, 310, 311, 312, 313, 314, 315, 316, 317, 318, 319, 320, 321, 322, 323, 324, 325, 326, 327, 328, 329, 330, 331, 332, 333, 334, 335, 336, 337, 338, 339, 340, 341, 342, 343, 344, 345, 346, 347]",315,False,2.598215985604097e-05,3.773614629407179e-09,8.65946208047052e-06,10.0
T4,416,416,261,155,1175,0.6274038461538461,0.1817548746518106,0.2818574514038877,cao2018,S09/060720_1n,all_channel,mean,mean__all_channel__T4,32,348,"[0, 1, 2, 3, 4, 5, 6, 7, 8, 9, 10, 11, 12, 13, 14, 15, 16, 17, 18, 19, 20, 21, 22, 23, 24, 25, 26, 27, 28, 29, 30, 31, 32, 33, 34, 35, 36, 37, 38, 39, 40, 41, 42, 43, 44, 45, 46, 47, 48, 49, 50, 51, 52, 53, 54, 55, 56, 57, 58, 59, 60, 61, 62, 63, 64, 65, 66, 67, 68, 69, 70, 71, 72, 73, 74, 75, 76, 77, 78, 79, 80, 81, 82, 83, 84, 85, 86, 87, 88, 89, 90, 92, 93, 94, 95, 96, 97, 98, 99, 100, 101, 102, 103, 104, 105, 106, 107, 108, 109, 110, 111, 112, 113, 114, 115, 117, 118, 119, 121, 122, 123, 124, 125, 127, 128, 130, 132, 135, 136, 137, 139, 140, 141, 144, 148, 149, 151, 152, 154, 156, 157, 158, 161, 162, 163, 164, 165, 167, 168, 169, 170, 171, 172, 173, 174, 176, 177, 178, 179, 180, 181, 184, 185, 186, 187, 189, 190, 191, 192, 193, 194, 195, 198, 199, 202, 203, 204, 205, 206, 207, 208, 209, 210, 211, 212, 213, 214, 215, 216, 217, 218, 219, 220, 221, 222, 223, 224, 225, 226, 227, 228, 230, 231, 232, 233, 234, 235, 236, 237, 238, 240, 241, 243, 244, 245, 246, 247, 248, 249, 250, 251, 252, 253, 254, 255, 256, 257, 258, 259, 260, 261, 262, 263, 264, 265, 266, 267, 268, 269, 270, 271, 272, 273, 274, 275, 276, 277, 278, 279, 280, 281, 282, 283, 284, 285, 286, 287, 288, 289, 290, 291, 292, 293, 294, 295, 296, 297, 298, 299, 300, 301, 302, 303, 304, 306, 307, 308, 310, 311, 312, 313, 314, 315, 316, 317, 318, 319, 320, 321, 322, 323, 324, 325, 326, 327, 328, 329, 330, 331, 332, 333, 334, 335, 336, 337, 338, 339, 340, 341, 342, 343, 344, 345, 346, 347]",315,False,1.99242217716769e-05,3.5184164225720727e-09,6.640234451751442e-06,10.0
CZ,338,338,246,92,1190,0.727810650887574,0.1713091922005571,0.2773393461104848,cao2018,S09/060720_1n,all_channel,mean,mean__all_channel__CZ,32,348,"[0, 1, 2, 3, 4, 5, 6, 7, 8, 9, 10, 11, 12, 13, 14, 15, 16, 17, 18, 19, 20, 21, 22, 23, 24, 25, 26, 27, 28, 29, 30, 31, 32, 33, 34, 35, 36, 37, 38, 39, 40, 41, 42, 43, 44, 45, 46, 47, 48, 49, 50, 51, 52, 53, 54, 55, 56, 57, 58, 59, 60, 61, 62, 63, 64, 65, 66, 67, 68, 69, 70, 71, 72, 73, 74, 75, 76, 77, 78, 79, 80, 81, 82, 83, 84, 85, 86, 87, 88, 89, 90, 92, 93, 94, 95, 96, 97, 98, 99, 100, 101, 102, 103, 104, 105, 106, 107, 108, 109, 110, 111, 112, 113, 114, 115, 117, 118, 119, 121, 122, 123, 124, 125, 127, 128, 130, 132, 135, 136, 137, 139, 140, 141, 144, 148, 149, 151, 152, 154, 156, 157, 158, 161, 162, 163, 164, 165, 167, 168, 169, 170, 171, 172, 173, 174, 176, 177, 178, 179, 180, 181, 184, 185, 186, 187, 189, 190, 191, 192, 193, 194, 195, 198, 199, 202, 203, 204, 205, 206, 207, 208, 209, 210, 211, 212, 213, 214, 215, 216, 217, 218, 219, 220, 221, 222, 223, 224, 225, 226, 227, 228, 230, 231, 232, 233, 234, 235, 236, 237, 238, 240, 241, 243, 244, 245, 246, 247, 248, 249, 250, 251, 252, 253, 254, 255, 256, 257, 258, 259, 260, 261, 262, 263, 264, 265, 266, 267, 268, 269, 270, 271, 272, 273, 274, 275, 276, 277, 278, 279, 280, 281, 282, 283, 284, 285, 286, 287, 288, 289, 290, 291, 292, 293, 294, 295, 296, 297, 298, 299, 300, 301, 302, 303, 304, 306, 307, 308, 310, 311, 312, 313, 314, 315, 316, 317, 318, 319, 320, 321, 322, 323, 324, 325, 326, 327, 328, 329, 330, 331, 332, 333, 334, 335, 336, 337, 338, 339, 340, 341, 342, 343, 344, 345, 346, 347]",315,False,2.7898564093467815e-05,-2.2870435758155417e-09,9.300283712347876e-06,10.0
T3,428,428,252,176,1184,0.5887850467289719,0.17548746518105848,0.27038626609442057,cao2018,S09/060720_1n,all_channel,mean,mean__all_channel__T3,32,348,"[0, 1, 2, 3, 4, 5, 6, 7, 8, 9, 10, 11, 12, 13, 14, 15, 16, 17, 18, 19, 20, 21, 22, 23, 24, 25, 26, 27, 28, 29, 30, 31, 32, 33, 34, 35, 36, 37, 38, 39, 40, 41, 42, 43, 44, 45, 46, 47, 48, 49, 50, 51, 52, 53, 54, 55, 56, 57, 58, 59, 60, 61, 62, 63, 64, 65, 66, 67, 68, 69, 70, 71, 72, 73, 74, 75, 76, 77, 78, 79, 80, 81, 82, 83, 84, 85, 86, 87, 88, 89, 90, 92, 93, 94, 95, 96, 97, 98, 99, 100, 101, 102, 103, 104, 105, 106, 107, 108, 109, 110, 111, 112, 113, 114, 115, 117, 118, 119, 121, 122, 123, 124, 125, 127, 128, 130, 132, 135, 136, 137, 139, 140, 141, 144, 148, 149, 151, 152, 154, 156, 157, 158, 161, 162, 163, 164, 165, 167, 168, 169, 170, 171, 172, 173, 174, 176, 177, 178, 179, 180, 181, 184, 185, 186, 187, 189, 190, 191, 192, 193, 194, 195, 198, 199, 202, 203, 204, 205, 206, 207, 208, 209, 210, 211, 212, 213, 214, 215, 216, 217, 218, 219, 220, 221, 222, 223, 224, 225, 226, 227, 228, 230, 231, 232, 233, 234, 235, 236, 237, 238, 240, 241, 243, 244, 245, 246, 247, 248, 249, 250, 251, 252, 253, 254, 255, 256, 257, 258, 259, 260, 261, 262, 263, 264, 265, 266, 267, 268, 269, 270, 271, 272, 273, 274, 275, 276, 277, 278, 279, 280, 281, 282, 283, 284, 285, 286, 287, 288, 289, 290, 291, 292, 293, 294, 295, 296, 297, 298, 299, 300, 301, 302, 303, 304, 306, 307, 308, 310, 311, 312, 313, 314, 315, 316, 317, 318, 319, 320, 321, 322, 323, 324, 325, 326, 327, 328, 329, 330, 331, 332, 333, 334, 335, 336, 337, 338, 339, 340, 341, 342, 343, 344, 345, 346, 347]",315,False,1.946190816750586e-05,5.485201906632905e-09,6.485474321866409e-06,10.0
CP3,331,331,236,95,1200,0.7129909365558912,0.16434540389972144,0.2671194114318053,cao2018,S09/060720_1n,all_channel,mean,mean__all_channel__CP3,32,348,"[0, 1, 2, 3, 4, 5, 6, 7, 8, 9, 10, 11, 12, 13, 14, 15, 16, 17, 18, 19, 20, 21, 22, 23, 24, 25, 26, 27, 28, 29, 30, 31, 32, 33, 34, 35, 36, 37, 38, 39, 40, 41, 42, 43, 44, 45, 46, 47, 48, 49, 50, 51, 52, 53, 54, 55, 56, 57, 58, 59, 60, 61, 62, 63, 64, 65, 66, 67, 68, 69, 70, 71, 72, 73, 74, 75, 76, 77, 78, 79, 80, 81, 82, 83, 84, 85, 86, 87, 88, 89, 90, 92, 93, 94, 95, 96, 97, 98, 99, 100, 101, 102, 103, 104, 105, 106, 107, 108, 109, 110, 111, 112, 113, 114, 115, 117, 118, 119, 121, 122, 123, 124, 125, 127, 128, 130, 132, 135, 136, 137, 139, 140, 141, 144, 148, 149, 151, 152, 154, 156, 157, 158, 161, 162, 163, 164, 165, 167, 168, 169, 170, 171, 172, 173, 174, 176, 177, 178, 179, 180, 181, 184, 185, 186, 187, 189, 190, 191, 192, 193, 194, 195, 198, 199, 202, 203, 204, 205, 206, 207, 208, 209, 210, 211, 212, 213, 214, 215, 216, 217, 218, 219, 220, 221, 222, 223, 224, 225, 226, 227, 228, 230, 231, 232, 233, 234, 235, 236, 237, 238, 240, 241, 243, 244, 245, 246, 247, 248, 249, 250, 251, 252, 253, 254, 255, 256, 257, 258, 259, 260, 261, 262, 263, 264, 265, 266, 267, 268, 269, 270, 271, 272, 273, 274, 275, 276, 277, 278, 279, 280, 281, 282, 283, 284, 285, 286, 287, 288, 289, 290, 291, 292, 293, 294, 295, 296, 297, 298, 299, 300, 301, 302, 303, 304, 306, 307, 308, 310, 311, 312, 313, 314, 315, 316, 317, 318, 319, 320, 321, 322, 323, 324, 325, 326, 327, 328, 329, 330, 331, 332, 333, 334, 335, 336, 337, 338, 339, 340, 341, 342, 343, 344, 345, 346, 347]",315,False,2.174413677761573e-05,4.5208120915280665e-10,7.247894898802192e-06,10.0
CP4,326,326,193,133,1243,0.5920245398773006,0.13440111420612813,0.21906923950056753,cao2018,S09/060720_1n,all_channel,mean,mean__all_channel__CP4,32,348,"[0, 1, 2, 3, 4, 5, 6, 7, 8, 9, 10, 11, 12, 13, 14, 15, 16, 17, 18, 19, 20, 21, 22, 23, 24, 25, 26, 27, 28, 29, 30, 31, 32, 33, 34, 35, 36, 37, 38, 39, 40, 41, 42, 43, 44, 45, 46, 47, 48, 49, 50, 51, 52, 53, 54, 55, 56, 57, 58, 59, 60, 61, 62, 63, 64, 65, 66, 67, 68, 69, 70, 71, 72, 73, 74, 75, 76, 77, 78, 79, 80, 81, 82, 83, 84, 85, 86, 87, 88, 89, 90, 92, 93, 94, 95, 96, 97, 98, 99, 100, 101, 102, 103, 104, 105, 106, 107, 108, 109, 110, 111, 112, 113, 114, 115, 117, 118, 119, 121, 122, 123, 124, 125, 127, 128, 130, 132, 135, 136, 137, 139, 140, 141, 144, 148, 149, 151, 152, 154, 156, 157, 158, 161, 162, 163, 164, 165, 167, 168, 169, 170, 171, 172, 173, 174, 176, 177, 178, 179, 180, 181, 184, 185, 186, 187, 189, 190, 191, 192, 193, 194, 195, 198, 199, 202, 203, 204, 205, 206, 207, 208, 209, 210, 211, 212, 213, 214, 215, 216, 217, 218, 219, 220, 221, 222, 223, 224, 225, 226, 227, 228, 230, 231, 232, 233, 234, 235, 236, 237, 238, 240, 241, 243, 244, 245, 246, 247, 248, 249, 250, 251, 252, 253, 254, 255, 256, 257, 258, 259, 260, 261, 262, 263, 264, 265, 266, 267, 268, 269, 270, 271, 272, 273, 274, 275, 276, 277, 278, 279, 280, 281, 282, 283, 284, 285, 286, 287, 288, 289, 290, 291, 292, 293, 294, 295, 296, 297, 298, 299, 300, 301, 302, 303, 304, 306, 307, 308, 310, 311, 312, 313, 314, 315, 316, 317, 318, 319, 320, 321, 322, 323, 324, 325, 326, 327, 328, 329, 330, 331, 332, 333, 334, 335, 336, 337, 338, 339, 340, 341, 342, 343, 344, 345, 346, 347]",315,False,2.3049099585488963e-05,-5.89421107663539e-10,7.683229668865542e-06,10.0
CPZ,253,253,170,83,1266,0.6719367588932806,0.11838440111420613,0.20130254588513916,cao2018,S09/060720_1n,all_channel,mean,mean__all_channel__CPZ,32,348,"[0, 1, 2, 3, 4, 5, 6, 7, 8, 9, 10, 11, 12, 13, 14, 15, 16, 17, 18, 19, 20, 21, 22, 23, 24, 25, 26, 27, 28, 29, 30, 31, 32, 33, 34, 35, 36, 37, 38, 39, 40, 41, 42, 43, 44, 45, 46, 47, 48, 49, 50, 51, 52, 53, 54, 55, 56, 57, 58, 59, 60, 61, 62, 63, 64, 65, 66, 67, 68, 69, 70, 71, 72, 73, 74, 75, 76, 77, 78, 79, 80, 81, 82, 83, 84, 85, 86, 87, 88, 89, 90, 92, 93, 94, 95, 96, 97, 98, 99, 100, 101, 102, 103, 104, 105, 106, 107, 108, 109, 110, 111, 112, 113, 114, 115, 117, 118, 119, 121, 122, 123, 124, 125, 127, 128, 130, 132, 135, 136, 137, 139, 140, 141, 144, 148, 149, 151, 152, 154, 156, 157, 158, 161, 162, 163, 164, 165, 167, 168, 169, 170, 171, 172, 173, 174, 176, 177, 178, 179, 180, 181, 184, 185, 186, 187, 189, 190, 191, 192, 193, 194, 195, 198, 199, 202, 203, 204, 205, 206, 207, 208, 209, 210, 211, 212, 213, 214, 215, 216, 217, 218, 219, 220, 221, 222, 223, 224, 225, 226, 227, 228, 230, 231, 232, 233, 234, 235, 236, 237, 238, 240, 241, 243, 244, 245, 246, 247, 248, 249, 250, 251, 252, 253, 254, 255, 256, 257, 258, 259, 260, 261, 262, 263, 264, 265, 266, 267, 268, 269, 270, 271, 272, 273, 274, 275, 276, 277, 278, 279, 280, 281, 282, 283, 284, 285, 286, 287, 288, 289, 290, 291, 292, 293, 294, 295, 296, 297, 298, 299, 300, 301, 302, 303, 304, 306, 307, 308, 310, 311, 312, 313, 314, 315, 316, 317, 318, 319, 320, 321, 322, 323, 324, 325, 326, 327, 328, 329, 330, 331, 332, 333, 334, 335, 336, 337, 338, 339, 340, 341, 342, 343, 344, 345, 346, 347]",315,False,2.407789804943415e-05,-5.594739314019509e-09,8.027830929582723e-06,10.0
T5,345,345,179,166,1257,0.518840579710145,0.12465181058495822,0.20101066816395285,cao2018,S09/060720_1n,all_channel,mean,mean__all_channel__T5,32,348,"[0, 1, 2, 3, 4, 5, 6, 7, 8, 9, 10, 11, 12, 13, 14, 15, 16, 17, 18, 19, 20, 21, 22, 23, 24, 25, 26, 27, 28, 29, 30, 31, 32, 33, 34, 35, 36, 37, 38, 39, 40, 41, 42, 43, 44, 45, 46, 47, 48, 49, 50, 51, 52, 53, 54, 55, 56, 57, 58, 59, 60, 61, 62, 63, 64, 65, 66, 67, 68, 69, 70, 71, 72, 73, 74, 75, 76, 77, 78, 79, 80, 81, 82, 83, 84, 85, 86, 87, 88, 89, 90, 92, 93, 94, 95, 96, 97, 98, 99, 100, 101, 102, 103, 104, 105, 106, 107, 108, 109, 110, 111, 112, 113, 114, 115, 117, 118, 119, 121, 122, 123, 124, 125, 127, 128, 130, 132, 135, 136, 137, 139, 140, 141, 144, 148, 149, 151, 152, 154, 156, 157, 158, 161, 162, 163, 164, 165, 167, 168, 169, 170, 171, 172, 173, 174, 176, 177, 178, 179, 180, 181, 184, 185, 186, 187, 189, 190, 191, 192, 193, 194, 195, 198, 199, 202, 203, 204, 205, 206, 207, 208, 209, 210, 211, 212, 213, 214, 215, 216, 217, 218, 219, 220, 221, 222, 223, 224, 225, 226, 227, 228, 230, 231, 232, 233, 234, 235, 236, 237, 238, 240, 241, 243, 244, 245, 246, 247, 248, 249, 250, 251, 252, 253, 254, 255, 256, 257, 258, 259, 260, 261, 262, 263, 264, 265, 266, 267, 268, 269, 270, 271, 272, 273, 274, 275, 276, 277, 278, 279, 280, 281, 282, 283, 284, 285, 286, 287, 288, 289, 290, 291, 292, 293, 294, 295, 296, 297, 298, 299, 300, 301, 302, 303, 304, 306, 307, 308, 310, 311, 312, 313, 314, 315, 316, 317, 318, 319, 320, 321, 322, 323, 324, 325, 326, 327, 328, 329, 330, 331, 332, 333, 334, 335, 336, 337, 338, 339, 340, 341, 342, 343, 344, 345, 346, 347]",315,False,1.2731680608298508e-05,-1.8743499857372467e-09,4.244518319428082e-06,10.0
TP7,319,319,154,165,1282,0.4827586206896552,0.10724233983286909,0.1754985754985755,cao2018,S09/060720_1n,all_channel,mean,mean__all_channel__TP7,32,348,"[0, 1, 2, 3, 4, 5, 6, 7, 8, 9, 10, 11, 12, 13, 14, 15, 16, 17, 18, 19, 20, 21, 22, 23, 24, 25, 26, 27, 28, 29, 30, 31, 32, 33, 34, 35, 36, 37, 38, 39, 40, 41, 42, 43, 44, 45, 46, 47, 48, 49, 50, 51, 52, 53, 54, 55, 56, 57, 58, 59, 60, 61, 62, 63, 64, 65, 66, 67, 68, 69, 70, 71, 72, 73, 74, 75, 76, 77, 78, 79, 80, 81, 82, 83, 84, 85, 86, 87, 88, 89, 90, 92, 93, 94, 95, 96, 97, 98, 99, 100, 101, 102, 103, 104, 105, 106, 107, 108, 109, 110, 111, 112, 113, 114, 115, 117, 118, 119, 121, 122, 123, 124, 125, 127, 128, 130, 132, 135, 136, 137, 139, 140, 141, 144, 148, 149, 151, 152, 154, 156, 157, 158, 161, 162, 163, 164, 165, 167, 168, 169, 170, 171, 172, 173, 174, 176, 177, 178, 179, 180, 181, 184, 185, 186, 187, 189, 190, 191, 192, 193, 194, 195, 198, 199, 202, 203, 204, 205, 206, 207, 208, 209, 210, 211, 212, 213, 214, 215, 216, 217, 218, 219, 220, 221, 222, 223, 224, 225, 226, 227, 228, 230, 231, 232, 233, 234, 235, 236, 237, 238, 240, 241, 243, 244, 245, 246, 247, 248, 249, 250, 251, 252, 253, 254, 255, 256, 257, 258, 259, 260, 261, 262, 263, 264, 265, 266, 267, 268, 269, 270, 271, 272, 273, 274, 275, 276, 277, 278, 279, 280, 281, 282, 283, 284, 285, 286, 287, 288, 289, 290, 291, 292, 293, 294, 295, 296, 297, 298, 299, 300, 301, 302, 303, 304, 306, 307, 308, 310, 311, 312, 313, 314, 315, 316, 317, 318, 319, 320, 321, 322, 323, 324, 325, 326, 327, 328, 329, 330, 331, 332, 333, 334, 335, 336, 337, 338, 339, 340, 341, 342, 343, 344, 345, 346, 347]",315,False,1.2754904904558251e-05,-8.266615890247072e-10,4.251910522049092e-06,10.0
TP8,291,291,146,145,1290,0.5017182130584192,0.10167130919220056,0.1690793283149971,cao2018,S09/060720_1n,all_channel,mean,mean__all_channel__TP8,32,348,"[0, 1, 2, 3, 4, 5, 6, 7, 8, 9, 10, 11, 12, 13, 14, 15, 16, 17, 18, 19, 20, 21, 22, 23, 24, 25, 26, 27, 28, 29, 30, 31, 32, 33, 34, 35, 36, 37, 38, 39, 40, 41, 42, 43, 44, 45, 46, 47, 48, 49, 50, 51, 52, 53, 54, 55, 56, 57, 58, 59, 60, 61, 62, 63, 64, 65, 66, 67, 68, 69, 70, 71, 72, 73, 74, 75, 76, 77, 78, 79, 80, 81, 82, 83, 84, 85, 86, 87, 88, 89, 90, 92, 93, 94, 95, 96, 97, 98, 99, 100, 101, 102, 103, 104, 105, 106, 107, 108, 109, 110, 111, 112, 113, 114, 115, 117, 118, 119, 121, 122, 123, 124, 125, 127, 128, 130, 132, 135, 136, 137, 139, 140, 141, 144, 148, 149, 151, 152, 154, 156, 157, 158, 161, 162, 163, 164, 165, 167, 168, 169, 170, 171, 172, 173, 174, 176, 177, 178, 179, 180, 181, 184, 185, 186, 187, 189, 190, 191, 192, 193, 194, 195, 198, 199, 202, 203, 204, 205, 206, 207, 208, 209, 210, 211, 212, 213, 214, 215, 216, 217, 218, 219, 220, 221, 222, 223, 224, 225, 226, 227, 228, 230, 231, 232, 233, 234, 235, 236, 237, 238, 240, 241, 243, 244, 245, 246, 247, 248, 249, 250, 251, 252, 253, 254, 255, 256, 257, 258, 259, 260, 261, 262, 263, 264, 265, 266, 267, 268, 269, 270, 271, 272, 273, 274, 275, 276, 277, 278, 279, 280, 281, 282, 283, 284, 285, 286, 287, 288, 289, 290, 291, 292, 293, 294, 295, 296, 297, 298, 299, 300, 301, 302, 303, 304, 306, 307, 308, 310, 311, 312, 313, 314, 315, 316, 317, 318, 319, 320, 321, 322, 323, 324, 325, 326, 327, 328, 329, 330, 331, 332, 333, 334, 335, 336, 337, 338, 339, 340, 341, 342, 343, 344, 345, 346, 347]",315,False,1.5150740617395637e-05,4.598063369361501e-09,5.048714184675425e-06,10.0
A1,342,342,132,210,1304,0.38596491228070173,0.09192200557103064,0.14848143982002251,cao2018,S09/060720_1n,all_channel,mean,mean__all_channel__A1,32,348,"[0, 1, 2, 3, 4, 5, 6, 7, 8, 9, 10, 11, 12, 13, 14, 15, 16, 17, 18, 19, 20, 21, 22, 23, 24, 25, 26, 27, 28, 29, 30, 31, 32, 33, 34, 35, 36, 37, 38, 39, 40, 41, 42, 43, 44, 45, 46, 47, 48, 49, 50, 51, 52, 53, 54, 55, 56, 57, 58, 59, 60, 61, 62, 63, 64, 65, 66, 67, 68, 69, 70, 71, 72, 73, 74, 75, 76, 77, 78, 79, 80, 81, 82, 83, 84, 85, 86, 87, 88, 89, 90, 92, 93, 94, 95, 96, 97, 98, 99, 100, 101, 102, 103, 104, 105, 106, 107, 108, 109, 110, 111, 112, 113, 114, 115, 117, 118, 119, 121, 122, 123, 124, 125, 127, 128, 130, 132, 135, 136, 137, 139, 140, 141, 144, 148, 149, 151, 152, 154, 156, 157, 158, 161, 162, 163, 164, 165, 167, 168, 169, 170, 171, 172, 173, 174, 176, 177, 178, 179, 180, 181, 184, 185, 186, 187, 189, 190, 191, 192, 193, 194, 195, 198, 199, 202, 203, 204, 205, 206, 207, 208, 209, 210, 211, 212, 213, 214, 215, 216, 217, 218, 219, 220, 221, 222, 223, 224, 225, 226, 227, 228, 230, 231, 232, 233, 234, 235, 236, 237, 238, 240, 241, 243, 244, 245, 246, 247, 248, 249, 250, 251, 252, 253, 254, 255, 256, 257, 258, 259, 260, 261, 262, 263, 264, 265, 266, 267, 268, 269, 270, 271, 272, 273, 274, 275, 276, 277, 278, 279, 280, 281, 282, 283, 284, 285, 286, 287, 288, 289, 290, 291, 292, 293, 294, 295, 296, 297, 298, 299, 300, 301, 302, 303, 304, 306, 307, 308, 310, 311, 312, 313, 314, 315, 316, 317, 318, 319, 320, 321, 322, 323, 324, 325, 326, 327, 328, 329, 330, 331, 332, 333, 334, 335, 336, 337, 338, 339, 340, 341, 342, 343, 344, 345, 346, 347]",315,False,7.3687927296754426e-06,-9.841376289249273e-10,2.4565922891014557e-06,10.0
P3,328,328,122,206,1314,0.3719512195121951,0.08495821727019498,0.13832199546485258,cao2018,S09/060720_1n,all_channel,mean,mean__all_channel__P3,32,348,"[0, 1, 2, 3, 4, 5, 6, 7, 8, 9, 10, 11, 12, 13, 14, 15, 16, 17, 18, 19, 20, 21, 22, 23, 24, 25, 26, 27, 28, 29, 30, 31, 32, 33, 34, 35, 36, 37, 38, 39, 40, 41, 42, 43, 44, 45, 46, 47, 48, 49, 50, 51, 52, 53, 54, 55, 56, 57, 58, 59, 60, 61, 62, 63, 64, 65, 66, 67, 68, 69, 70, 71, 72, 73, 74, 75, 76, 77, 78, 79, 80, 81, 82, 83, 84, 85, 86, 87, 88, 89, 90, 92, 93, 94, 95, 96, 97, 98, 99, 100, 101, 102, 103, 104, 105, 106, 107, 108, 109, 110, 111, 112, 113, 114, 115, 117, 118, 119, 121, 122, 123, 124, 125, 127, 128, 130, 132, 135, 136, 137, 139, 140, 141, 144, 148, 149, 151, 152, 154, 156, 157, 158, 161, 162, 163, 164, 165, 167, 168, 169, 170, 171, 172, 173, 174, 176, 177, 178, 179, 180, 181, 184, 185, 186, 187, 189, 190, 191, 192, 193, 194, 195, 198, 199, 202, 203, 204, 205, 206, 207, 208, 209, 210, 211, 212, 213, 214, 215, 216, 217, 218, 219, 220, 221, 222, 223, 224, 225, 226, 227, 228, 230, 231, 232, 233, 234, 235, 236, 237, 238, 240, 241, 243, 244, 245, 246, 247, 248, 249, 250, 251, 252, 253, 254, 255, 256, 257, 258, 259, 260, 261, 262, 263, 264, 265, 266, 267, 268, 269, 270, 271, 272, 273, 274, 275, 276, 277, 278, 279, 280, 281, 282, 283, 284, 285, 286, 287, 288, 289, 290, 291, 292, 293, 294, 295, 296, 297, 298, 299, 300, 301, 302, 303, 304, 306, 307, 308, 310, 311, 312, 313, 314, 315, 316, 317, 318, 319, 320, 321, 322, 323, 324, 325, 326, 327, 328, 329, 330, 331, 332, 333, 334, 335, 336, 337, 338, 339, 340, 341, 342, 343, 344, 345, 346, 347]",315,False,2.292182980902499e-05,-5.268679892862321e-09,7.642366162972617e-06,10.0
A2,333,333,115,218,1321,0.34534534534534533,0.08008356545961003,0.13001695873374786,cao2018,S09/060720_1n,all_channel,mean,mean__all_channel__A2,32,348,"[0, 1, 2, 3, 4, 5, 6, 7, 8, 9, 10, 11, 12, 13, 14, 15, 16, 17, 18, 19, 20, 21, 22, 23, 24, 25, 26, 27, 28, 29, 30, 31, 32, 33, 34, 35, 36, 37, 38, 39, 40, 41, 42, 43, 44, 45, 46, 47, 48, 49, 50, 51, 52, 53, 54, 55, 56, 57, 58, 59, 60, 61, 62, 63, 64, 65, 66, 67, 68, 69, 70, 71, 72, 73, 74, 75, 76, 77, 78, 79, 80, 81, 82, 83, 84, 85, 86, 87, 88, 89, 90, 92, 93, 94, 95, 96, 97, 98, 99, 100, 101, 102, 103, 104, 105, 106, 107, 108, 109, 110, 111, 112, 113, 114, 115, 117, 118, 119, 121, 122, 123, 124, 125, 127, 128, 130, 132, 135, 136, 137, 139, 140, 141, 144, 148, 149, 151, 152, 154, 156, 157, 158, 161, 162, 163, 164, 165, 167, 168, 169, 170, 171, 172, 173, 174, 176, 177, 178, 179, 180, 181, 184, 185, 186, 187, 189, 190, 191, 192, 193, 194, 195, 198, 199, 202, 203, 204, 205, 206, 207, 208, 209, 210, 211, 212, 213, 214, 215, 216, 217, 218, 219, 220, 221, 222, 223, 224, 225, 226, 227, 228, 230, 231, 232, 233, 234, 235, 236, 237, 238, 240, 241, 243, 244, 245, 246, 247, 248, 249, 250, 251, 252, 253, 254, 255, 256, 257, 258, 259, 260, 261, 262, 263, 264, 265, 266, 267, 268, 269, 270, 271, 272, 273, 274, 275, 276, 277, 278, 279, 280, 281, 282, 283, 284, 285, 286, 287, 288, 289, 290, 291, 292, 293, 294, 295, 296, 297, 298, 299, 300, 301, 302, 303, 304, 306, 307, 308, 310, 311, 312, 313, 314, 315, 316, 317, 318, 319, 320, 321, 322, 323, 324, 325, 326, 327, 328, 329, 330, 331, 332, 333, 334, 335, 336, 337, 338, 339, 340, 341, 342, 343, 344, 345, 346, 347]",315,False,7.3717619863774026e-06,9.98008098623982e-10,2.456921326092926e-06,10.0
P4,213,213,104,109,1332,0.48826291079812206,0.07242339832869081,0.12613705275924803,cao2018,S09/060720_1n,all_channel,mean,mean__all_channel__P4,32,348,"[0, 1, 2, 3, 4, 5, 6, 7, 8, 9, 10, 11, 12, 13, 14, 15, 16, 17, 18, 19, 20, 21, 22, 23, 24, 25, 26, 27, 28, 29, 30, 31, 32, 33, 34, 35, 36, 37, 38, 39, 40, 41, 42, 43, 44, 45, 46, 47, 48, 49, 50, 51, 52, 53, 54, 55, 56, 57, 58, 59, 60, 61, 62, 63, 64, 65, 66, 67, 68, 69, 70, 71, 72, 73, 74, 75, 76, 77, 78, 79, 80, 81, 82, 83, 84, 85, 86, 87, 88, 89, 90, 92, 93, 94, 95, 96, 97, 98, 99, 100, 101, 102, 103, 104, 105, 106, 107, 108, 109, 110, 111, 112, 113, 114, 115, 117, 118, 119, 121, 122, 123, 124, 125, 127, 128, 130, 132, 135, 136, 137, 139, 140, 141, 144, 148, 149, 151, 152, 154, 156, 157, 158, 161, 162, 163, 164, 165, 167, 168, 169, 170, 171, 172, 173, 174, 176, 177, 178, 179, 180, 181, 184, 185, 186, 187, 189, 190, 191, 192, 193, 194, 195, 198, 199, 202, 203, 204, 205, 206, 207, 208, 209, 210, 211, 212, 213, 214, 215, 216, 217, 218, 219, 220, 221, 222, 223, 224, 225, 226, 227, 228, 230, 231, 232, 233, 234, 235, 236, 237, 238, 240, 241, 243, 244, 245, 246, 247, 248, 249, 250, 251, 252, 253, 254, 255, 256, 257, 258, 259, 260, 261, 262, 263, 264, 265, 266, 267, 268, 269, 270, 271, 272, 273, 274, 275, 276, 277, 278, 279, 280, 281, 282, 283, 284, 285, 286, 287, 288, 289, 290, 291, 292, 293, 294, 295, 296, 297, 298, 299, 300, 301, 302, 303, 304, 306, 307, 308, 310, 311, 312, 313, 314, 315, 316, 317, 318, 319, 320, 321, 322, 323, 324, 325, 326, 327, 328, 329, 330, 331, 332, 333, 334, 335, 336, 337, 338, 339, 340, 341, 342, 343, 344, 345, 346, 347]",315,False,2.025726399631217e-05,-2.7597520710427063e-09,6.753341249461071e-06,10.0
PZ,160,160,87,73,1349,0.54375,0.060584958217270196,0.10902255639097745,cao2018,S09/060720_1n,all_channel,mean,mean__all_channel__PZ,32,348,"[0, 1, 2, 3, 4, 5, 6, 7, 8, 9, 10, 11, 12, 13, 14, 15, 16, 17, 18, 19, 20, 21, 22, 23, 24, 25, 26, 27, 28, 29, 30, 31, 32, 33, 34, 35, 36, 37, 38, 39, 40, 41, 42, 43, 44, 45, 46, 47, 48, 49, 50, 51, 52, 53, 54, 55, 56, 57, 58, 59, 60, 61, 62, 63, 64, 65, 66, 67, 68, 69, 70, 71, 72, 73, 74, 75, 76, 77, 78, 79, 80, 81, 82, 83, 84, 85, 86, 87, 88, 89, 90, 92, 93, 94, 95, 96, 97, 98, 99, 100, 101, 102, 103, 104, 105, 106, 107, 108, 109, 110, 111, 112, 113, 114, 115, 117, 118, 119, 121, 122, 123, 124, 125, 127, 128, 130, 132, 135, 136, 137, 139, 140, 141, 144, 148, 149, 151, 152, 154, 156, 157, 158, 161, 162, 163, 164, 165, 167, 168, 169, 170, 171, 172, 173, 174, 176, 177, 178, 179, 180, 181, 184, 185, 186, 187, 189, 190, 191, 192, 193, 194, 195, 198, 199, 202, 203, 204, 205, 206, 207, 208, 209, 210, 211, 212, 213, 214, 215, 216, 217, 218, 219, 220, 221, 222, 223, 224, 225, 226, 227, 228, 230, 231, 232, 233, 234, 235, 236, 237, 238, 240, 241, 243, 244, 245, 246, 247, 248, 249, 250, 251, 252, 253, 254, 255, 256, 257, 258, 259, 260, 261, 262, 263, 264, 265, 266, 267, 268, 269, 270, 271, 272, 273, 274, 275, 276, 277, 278, 279, 280, 281, 282, 283, 284, 285, 286, 287, 288, 289, 290, 291, 292, 293, 294, 295, 296, 297, 298, 299, 300, 301, 302, 303, 304, 306, 307, 308, 310, 311, 312, 313, 314, 315, 316, 317, 318, 319, 320, 321, 322, 323, 324, 325, 326, 327, 328, 329, 330, 331, 332, 333, 334, 335, 336, 337, 338, 339, 340, 341, 342, 343, 344, 345, 346, 347]",315,False,2.123744237572032e-05,-5.010367051712368e-09,7.080817580924012e-06,10.0
T6,202,202,80,122,1356,0.39603960396039606,0.055710306406685235,0.09768009768009768,cao2018,S09/060720_1n,all_channel,mean,mean__all_channel__T6,32,348,"[0, 1, 2, 3, 4, 5, 6, 7, 8, 9, 10, 11, 12, 13, 14, 15, 16, 17, 18, 19, 20, 21, 22, 23, 24, 25, 26, 27, 28, 29, 30, 31, 32, 33, 34, 35, 36, 37, 38, 39, 40, 41, 42, 43, 44, 45, 46, 47, 48, 49, 50, 51, 52, 53, 54, 55, 56, 57, 58, 59, 60, 61, 62, 63, 64, 65, 66, 67, 68, 69, 70, 71, 72, 73, 74, 75, 76, 77, 78, 79, 80, 81, 82, 83, 84, 85, 86, 87, 88, 89, 90, 92, 93, 94, 95, 96, 97, 98, 99, 100, 101, 102, 103, 104, 105, 106, 107, 108, 109, 110, 111, 112, 113, 114, 115, 117, 118, 119, 121, 122, 123, 124, 125, 127, 128, 130, 132, 135, 136, 137, 139, 140, 141, 144, 148, 149, 151, 152, 154, 156, 157, 158, 161, 162, 163, 164, 165, 167, 168, 169, 170, 171, 172, 173, 174, 176, 177, 178, 179, 180, 181, 184, 185, 186, 187, 189, 190, 191, 192, 193, 194, 195, 198, 199, 202, 203, 204, 205, 206, 207, 208, 209, 210, 211, 212, 213, 214, 215, 216, 217, 218, 219, 220, 221, 222, 223, 224, 225, 226, 227, 228, 230, 231, 232, 233, 234, 235, 236, 237, 238, 240, 241, 243, 244, 245, 246, 247, 248, 249, 250, 251, 252, 253, 254, 255, 256, 257, 258, 259, 260, 261, 262, 263, 264, 265, 266, 267, 268, 269, 270, 271, 272, 273, 274, 275, 276, 277, 278, 279, 280, 281, 282, 283, 284, 285, 286, 287, 288, 289, 290, 291, 292, 293, 294, 295, 296, 297, 298, 299, 300, 301, 302, 303, 304, 306, 307, 308, 310, 311, 312, 313, 314, 315, 316, 317, 318, 319, 320, 321, 322, 323, 324, 325, 326, 327, 328, 329, 330, 331, 332, 333, 334, 335, 336, 337, 338, 339, 340, 341, 342, 343, 344, 345, 346, 347]",315,False,1.357839383212445e-05,-5.349413241865945e-09,4.5279144151221055e-06,10.0
O2,168,168,42,126,1394,0.25,0.02924791086350975,0.05236907730673317,cao2018,S09/060720_1n,all_channel,mean,mean__all_channel__O2,32,348,"[0, 1, 2, 3, 4, 5, 6, 7, 8, 9, 10, 11, 12, 13, 14, 15, 16, 17, 18, 19, 20, 21, 22, 23, 24, 25, 26, 27, 28, 29, 30, 31, 32, 33, 34, 35, 36, 37, 38, 39, 40, 41, 42, 43, 44, 45, 46, 47, 48, 49, 50, 51, 52, 53, 54, 55, 56, 57, 58, 59, 60, 61, 62, 63, 64, 65, 66, 67, 68, 69, 70, 71, 72, 73, 74, 75, 76, 77, 78, 79, 80, 81, 82, 83, 84, 85, 86, 87, 88, 89, 90, 92, 93, 94, 95, 96, 97, 98, 99, 100, 101, 102, 103, 104, 105, 106, 107, 108, 109, 110, 111, 112, 113, 114, 115, 117, 118, 119, 121, 122, 123, 124, 125, 127, 128, 130, 132, 135, 136, 137, 139, 140, 141, 144, 148, 149, 151, 152, 154, 156, 157, 158, 161, 162, 163, 164, 165, 167, 168, 169, 170, 171, 172, 173, 174, 176, 177, 178, 179, 180, 181, 184, 185, 186, 187, 189, 190, 191, 192, 193, 194, 195, 198, 199, 202, 203, 204, 205, 206, 207, 208, 209, 210, 211, 212, 213, 214, 215, 216, 217, 218, 219, 220, 221, 222, 223, 224, 225, 226, 227, 228, 230, 231, 232, 233, 234, 235, 236, 237, 238, 240, 241, 243, 244, 245, 246, 247, 248, 249, 250, 251, 252, 253, 254, 255, 256, 257, 258, 259, 260, 261, 262, 263, 264, 265, 266, 267, 268, 269, 270, 271, 272, 273, 274, 275, 276, 277, 278, 279, 280, 281, 282, 283, 284, 285, 286, 287, 288, 289, 290, 291, 292, 293, 294, 295, 296, 297, 298, 299, 300, 301, 302, 303, 304, 306, 307, 308, 310, 311, 312, 313, 314, 315, 316, 317, 318, 319, 320, 321, 322, 323, 324, 325, 326, 327, 328, 329, 330, 331, 332, 333, 334, 335, 336, 337, 338, 339, 340, 341, 342, 343, 344, 345, 346, 347]",315,False,1.067837228182227e-05,-5.6949569229101743e-11,3.5594764104638333e-06,10.0
O1,171,171,39,132,1397,0.22807017543859648,0.027158774373259052,0.048537647790914754,cao2018,S09/060720_1n,all_channel,mean,mean__all_channel__O1,32,348,"[0, 1, 2, 3, 4, 5, 6, 7, 8, 9, 10, 11, 12, 13, 14, 15, 16, 17, 18, 19, 20, 21, 22, 23, 24, 25, 26, 27, 28, 29, 30, 31, 32, 33, 34, 35, 36, 37, 38, 39, 40, 41, 42, 43, 44, 45, 46, 47, 48, 49, 50, 51, 52, 53, 54, 55, 56, 57, 58, 59, 60, 61, 62, 63, 64, 65, 66, 67, 68, 69, 70, 71, 72, 73, 74, 75, 76, 77, 78, 79, 80, 81, 82, 83, 84, 85, 86, 87, 88, 89, 90, 92, 93, 94, 95, 96, 97, 98, 99, 100, 101, 102, 103, 104, 105, 106, 107, 108, 109, 110, 111, 112, 113, 114, 115, 117, 118, 119, 121, 122, 123, 124, 125, 127, 128, 130, 132, 135, 136, 137, 139, 140, 141, 144, 148, 149, 151, 152, 154, 156, 157, 158, 161, 162, 163, 164, 165, 167, 168, 169, 170, 171, 172, 173, 174, 176, 177, 178, 179, 180, 181, 184, 185, 186, 187, 189, 190, 191, 192, 193, 194, 195, 198, 199, 202, 203, 204, 205, 206, 207, 208, 209, 210, 211, 212, 213, 214, 215, 216, 217, 218, 219, 220, 221, 222, 223, 224, 225, 226, 227, 228, 230, 231, 232, 233, 234, 235, 236, 237, 238, 240, 241, 243, 244, 245, 246, 247, 248, 249, 250, 251, 252, 253, 254, 255, 256, 257, 258, 259, 260, 261, 262, 263, 264, 265, 266, 267, 268, 269, 270, 271, 272, 273, 274, 275, 276, 277, 278, 279, 280, 281, 282, 283, 284, 285, 286, 287, 288, 289, 290, 291, 292, 293, 294, 295, 296, 297, 298, 299, 300, 301, 302, 303, 304, 306, 307, 308, 310, 311, 312, 313, 314, 315, 316, 317, 318, 319, 320, 321, 322, 323, 324, 325, 326, 327, 328, 329, 330, 331, 332, 333, 334, 335, 336, 337, 338, 339, 340, 341, 342, 343, 344, 345, 346, 347]",315,False,1.159642508848822e-05,3.4005490230864247e-09,3.864341513155045e-06,10.0
OZ,147,147,37,110,1399,0.25170068027210885,0.02576601671309192,0.04674668351231838,cao2018,S09/060720_1n,all_channel,mean,mean__all_channel__OZ,32,348,"[0, 1, 2, 3, 4, 5, 6, 7, 8, 9, 10, 11, 12, 13, 14, 15, 16, 17, 18, 19, 20, 21, 22, 23, 24, 25, 26, 27, 28, 29, 30, 31, 32, 33, 34, 35, 36, 37, 38, 39, 40, 41, 42, 43, 44, 45, 46, 47, 48, 49, 50, 51, 52, 53, 54, 55, 56, 57, 58, 59, 60, 61, 62, 63, 64, 65, 66, 67, 68, 69, 70, 71, 72, 73, 74, 75, 76, 77, 78, 79, 80, 81, 82, 83, 84, 85, 86, 87, 88, 89, 90, 92, 93, 94, 95, 96, 97, 98, 99, 100, 101, 102, 103, 104, 105, 106, 107, 108, 109, 110, 111, 112, 113, 114, 115, 117, 118, 119, 121, 122, 123, 124, 125, 127, 128, 130, 132, 135, 136, 137, 139, 140, 141, 144, 148, 149, 151, 152, 154, 156, 157, 158, 161, 162, 163, 164, 165, 167, 168, 169, 170, 171, 172, 173, 174, 176, 177, 178, 179, 180, 181, 184, 185, 186, 187, 189, 190, 191, 192, 193, 194, 195, 198, 199, 202, 203, 204, 205, 206, 207, 208, 209, 210, 211, 212, 213, 214, 215, 216, 217, 218, 219, 220, 221, 222, 223, 224, 225, 226, 227, 228, 230, 231, 232, 233, 234, 235, 236, 237, 238, 240, 241, 243, 244, 245, 246, 247, 248, 249, 250, 251, 252, 253, 254, 255, 256, 257, 258, 259, 260, 261, 262, 263, 264, 265, 266, 267, 268, 269, 270, 271, 272, 273, 274, 275, 276, 277, 278, 279, 280, 281, 282, 283, 284, 285, 286, 287, 288, 289, 290, 291, 292, 293, 294, 295, 296, 297, 298, 299, 300, 301, 302, 303, 304, 306, 307, 308, 310, 311, 312, 313, 314, 315, 316, 317, 318, 319, 320, 321, 322, 323, 324, 325, 326, 327, 328, 329, 330, 331, 332, 333, 334, 335, 336, 337, 338, 339, 340, 341, 342, 343, 344, 345, 346, 347]",315,False,1.1755346997302369e-05,-4.722093843925448e-10,3.91860640222892e-06,10.0
FP2,1654,1654,1410,244,26,0.8524788391777509,0.9818941504178273,0.912621359223301,cao2018,S09/060720_1n,frontal,median,median__frontal__FP2,4,348,"[0, 1, 2, 3, 4, 5, 6, 7, 8, 9, 10, 11, 12, 13, 14, 15, 16, 17, 18, 19, 20, 21, 22, 23, 24, 25, 26, 27, 28, 29, 30, 31, 32, 33, 34, 35, 36, 37, 38, 39, 40, 41, 42, 43, 44, 45, 46, 47, 48, 49, 50, 51, 52, 53, 54, 55, 56, 57, 58, 59, 60, 61, 62, 63, 64, 65, 66, 67, 68, 69, 70, 71, 72, 73, 74, 75, 76, 77, 78, 79, 80, 81, 82, 83, 84, 85, 86, 87, 88, 89, 90, 92, 93, 94, 95, 96, 97, 98, 99, 100, 101, 102, 103, 104, 105, 106, 107, 108, 109, 110, 111, 112, 113, 114, 115, 117, 118, 119, 122, 123, 124, 125, 127, 128, 130, 132, 135, 136, 139, 140, 141, 144, 148, 149, 152, 154, 156, 158, 161, 162, 163, 164, 165, 167, 168, 169, 170, 171, 172, 173, 174, 176, 177, 179, 180, 181, 184, 185, 186, 187, 189, 190, 191, 193, 194, 195, 198, 199, 203, 204, 205, 206, 207, 208, 209, 210, 211, 212, 213, 214, 215, 216, 217, 218, 219, 220, 221, 222, 223, 224, 225, 226, 227, 228, 230, 231, 232, 233, 234, 235, 236, 237, 240, 241, 244, 245, 246, 247, 248, 249, 250, 251, 252, 253, 254, 255, 256, 257, 258, 259, 260, 261, 262, 263, 264, 265, 266, 267, 268, 269, 270, 271, 272, 273, 274, 275, 276, 277, 278, 279, 280, 281, 282, 283, 284, 285, 286, 287, 288, 289, 290, 291, 292, 293, 294, 295, 296, 297, 298, 299, 300, 301, 302, 303, 304, 306, 307, 308, 310, 311, 312, 313, 314, 315, 316, 317, 318, 319, 320, 321, 322, 323, 324, 325, 326, 327, 328, 329, 330, 331, 332, 333, 334, 335, 336, 337, 338, 339, 340, 341, 342, 343, 344, 345, 346, 347]",306,False,4.793754656347798e-05,-4.863485891791014e-06,1.7600344151756332e-05,10.0
FP1,1652,1652,1402,250,34,0.8486682808716707,0.9763231197771588,0.9080310880829016,cao2018,S09/060720_1n,frontal,median,median__frontal__FP1,4,348,"[0, 1, 2, 3, 4, 5, 6, 7, 8, 9, 10, 11, 12, 13, 14, 15, 16, 17, 18, 19, 20, 21, 22, 23, 24, 25, 26, 27, 28, 29, 30, 31, 32, 33, 34, 35, 36, 37, 38, 39, 40, 41, 42, 43, 44, 45, 46, 47, 48, 49, 50, 51, 52, 53, 54, 55, 56, 57, 58, 59, 60, 61, 62, 63, 64, 65, 66, 67, 68, 69, 70, 71, 72, 73, 74, 75, 76, 77, 78, 79, 80, 81, 82, 83, 84, 85, 86, 87, 88, 89, 90, 92, 93, 94, 95, 96, 97, 98, 99, 100, 101, 102, 103, 104, 105, 106, 107, 108, 109, 110, 111, 112, 113, 114, 115, 117, 118, 119, 122, 123, 124, 125, 127, 128, 130, 132, 135, 136, 139, 140, 141, 144, 148, 149, 152, 154, 156, 158, 161, 162, 163, 164, 165, 167, 168, 169, 170, 171, 172, 173, 174, 176, 177, 179, 180, 181, 184, 185, 186, 187, 189, 190, 191, 193, 194, 195, 198, 199, 203, 204, 205, 206, 207, 208, 209, 210, 211, 212, 213, 214, 215, 216, 217, 218, 219, 220, 221, 222, 223, 224, 225, 226, 227, 228, 230, 231, 232, 233, 234, 235, 236, 237, 240, 241, 244, 245, 246, 247, 248, 249, 250, 251, 252, 253, 254, 255, 256, 257, 258, 259, 260, 261, 262, 263, 264, 265, 266, 267, 268, 269, 270, 271, 272, 273, 274, 275, 276, 277, 278, 279, 280, 281, 282, 283, 284, 285, 286, 287, 288, 289, 290, 291, 292, 293, 294, 295, 296, 297, 298, 299, 300, 301, 302, 303, 304, 306, 307, 308, 310, 311, 312, 313, 314, 315, 316, 317, 318, 319, 320, 321, 322, 323, 324, 325, 326, 327, 328, 329, 330, 331, 332, 333, 334, 335, 336, 337, 338, 339, 340, 341, 342, 343, 344, 345, 346, 347]",306,False,5.328597051268648e-05,-5.450643582052941e-06,1.957887136491314e-05,10.0
F4,1342,1342,1141,201,295,0.8502235469448585,0.7945682451253482,0.8214542836573074,cao2018,S09/060720_1n,frontal,median,median__frontal__F4,4,348,"[0, 1, 2, 3, 4, 5, 6, 7, 8, 9, 10, 11, 12, 13, 14, 15, 16, 17, 18, 19, 20, 21, 22, 23, 24, 25, 26, 27, 28, 29, 30, 31, 32, 33, 34, 35, 36, 37, 38, 39, 40, 41, 42, 43, 44, 45, 46, 47, 48, 49, 50, 51, 52, 53, 54, 55, 56, 57, 58, 59, 60, 61, 62, 63, 64, 65, 66, 67, 68, 69, 70, 71, 72, 73, 74, 75, 76, 77, 78, 79, 80, 81, 82, 83, 84, 85, 86, 87, 88, 89, 90, 92, 93, 94, 95, 96, 97, 98, 99, 100, 101, 102, 103, 104, 105, 106, 107, 108, 109, 110, 111, 112, 113, 114, 115, 117, 118, 119, 122, 123, 124, 125, 127, 128, 130, 132, 135, 136, 139, 140, 141, 144, 148, 149, 152, 154, 156, 158, 161, 162, 163, 164, 165, 167, 168, 169, 170, 171, 172, 173, 174, 176, 177, 179, 180, 181, 184, 185, 186, 187, 189, 190, 191, 193, 194, 195, 198, 199, 203, 204, 205, 206, 207, 208, 209, 210, 211, 212, 213, 214, 215, 216, 217, 218, 219, 220, 221, 222, 223, 224, 225, 226, 227, 228, 230, 231, 232, 233, 234, 235, 236, 237, 240, 241, 244, 245, 246, 247, 248, 249, 250, 251, 252, 253, 254, 255, 256, 257, 258, 259, 260, 261, 262, 263, 264, 265, 266, 267, 268, 269, 270, 271, 272, 273, 274, 275, 276, 277, 278, 279, 280, 281, 282, 283, 284, 285, 286, 287, 288, 289, 290, 291, 292, 293, 294, 295, 296, 297, 298, 299, 300, 301, 302, 303, 304, 306, 307, 308, 310, 311, 312, 313, 314, 315, 316, 317, 318, 319, 320, 321, 322, 323, 324, 325, 326, 327, 328, 329, 330, 331, 332, 333, 334, 335, 336, 337, 338, 339, 340, 341, 342, 343, 344, 345, 346, 347]",306,False,3.345962174128412e-05,-1.9469363007123025e-06,1.1802186013998807e-05,10.0
F3,1237,1237,1065,172,371,0.8609539207760711,0.7416434540389972,0.7968574635241302,cao2018,S09/060720_1n,frontal,median,median__frontal__F3,4,348,"[0, 1, 2, 3, 4, 5, 6, 7, 8, 9, 10, 11, 12, 13, 14, 15, 16, 17, 18, 19, 20, 21, 22, 23, 24, 25, 26, 27, 28, 29, 30, 31, 32, 33, 34, 35, 36, 37, 38, 39, 40, 41, 42, 43, 44, 45, 46, 47, 48, 49, 50, 51, 52, 53, 54, 55, 56, 57, 58, 59, 60, 61, 62, 63, 64, 65, 66, 67, 68, 69, 70, 71, 72, 73, 74, 75, 76, 77, 78, 79, 80, 81, 82, 83, 84, 85, 86, 87, 88, 89, 90, 92, 93, 94, 95, 96, 97, 98, 99, 100, 101, 102, 103, 104, 105, 106, 107, 108, 109, 110, 111, 112, 113, 114, 115, 117, 118, 119, 122, 123, 124, 125, 127, 128, 130, 132, 135, 136, 139, 140, 141, 144, 148, 149, 152, 154, 156, 158, 161, 162, 163, 164, 165, 167, 168, 169, 170, 171, 172, 173, 174, 176, 177, 179, 180, 181, 184, 185, 186, 187, 189, 190, 191, 193, 194, 195, 198, 199, 203, 204, 205, 206, 207, 208, 209, 210, 211, 212, 213, 214, 215, 216, 217, 218, 219, 220, 221, 222, 223, 224, 225, 226, 227, 228, 230, 231, 232, 233, 234, 235, 236, 237, 240, 241, 244, 245, 246, 247, 248, 249, 250, 251, 252, 253, 254, 255, 256, 257, 258, 259, 260, 261, 262, 263, 264, 265, 266, 267, 268, 269, 270, 271, 272, 273, 274, 275, 276, 277, 278, 279, 280, 281, 282, 283, 284, 285, 286, 287, 288, 289, 290, 291, 292, 293, 294, 295, 296, 297, 298, 299, 300, 301, 302, 303, 304, 306, 307, 308, 310, 311, 312, 313, 314, 315, 316, 317, 318, 319, 320, 321, 322, 323, 324, 325, 326, 327, 328, 329, 330, 331, 332, 333, 334, 335, 336, 337, 338, 339, 340, 341, 342, 343, 344, 345, 346, 347]",306,False,4.0201342395201496e-05,-2.405490968106819e-06,1.4202277787769438e-05,10.0
FP2,1586,1586,1400,186,36,0.8827238335435057,0.9749303621169917,0.926538716082065,cao2018,S09/060720_1n,frontal,mean,mean__frontal__FP2,4,348,"[0, 1, 2, 3, 4, 5, 6, 7, 8, 9, 10, 11, 12, 13, 14, 15, 16, 17, 18, 19, 20, 21, 22, 23, 24, 25, 26, 27, 28, 29, 30, 31, 32, 33, 34, 35, 36, 37, 38, 39, 40, 41, 42, 43, 44, 45, 46, 47, 48, 49, 50, 51, 52, 53, 54, 55, 56, 57, 58, 59, 60, 61, 62, 63, 64, 65, 66, 67, 68, 69, 70, 71, 72, 73, 74, 75, 76, 77, 78, 79, 80, 81, 82, 83, 84, 85, 86, 87, 88, 89, 90, 92, 93, 94, 95, 96, 97, 98, 99, 100, 101, 102, 103, 104, 105, 106, 107, 108, 109, 110, 111, 112, 113, 114, 115, 117, 118, 119, 122, 123, 124, 125, 127, 128, 130, 132, 135, 136, 139, 140, 141, 144, 148, 149, 152, 154, 156, 158, 161, 162, 163, 164, 165, 167, 168, 169, 170, 171, 172, 173, 174, 176, 177, 179, 180, 181, 184, 185, 186, 187, 189, 190, 191, 193, 194, 195, 198, 199, 203, 204, 205, 206, 207, 208, 209, 210, 211, 212, 213, 214, 215, 216, 217, 218, 219, 220, 221, 222, 223, 224, 225, 226, 227, 228, 230, 231, 232, 233, 234, 235, 236, 237, 240, 241, 244, 245, 246, 247, 248, 249, 250, 251, 252, 253, 254, 255, 256, 257, 258, 259, 260, 261, 262, 263, 264, 265, 266, 267, 268, 269, 270, 271, 272, 273, 274, 275, 276, 277, 278, 279, 280, 281, 282, 283, 284, 285, 286, 287, 288, 289, 290, 291, 292, 293, 294, 295, 296, 297, 298, 299, 300, 301, 302, 303, 304, 306, 307, 308, 310, 311, 312, 313, 314, 315, 316, 317, 318, 319, 320, 321, 322, 323, 324, 325, 326, 327, 328, 329, 330, 331, 332, 333, 334, 335, 336, 337, 338, 339, 340, 341, 342, 343, 344, 345, 346, 347]",306,False,5.2821316136614975e-05,2.0283681345978958e-08,1.7600344151756332e-05,10.0
FP1,1591,1591,1394,197,42,0.8761785040854808,0.9707520891364902,0.9210439378923027,cao2018,S09/060720_1n,frontal,mean,mean__frontal__FP1,4,348,"[0, 1, 2, 3, 4, 5, 6, 7, 8, 9, 10, 11, 12, 13, 14, 15, 16, 17, 18, 19, 20, 21, 22, 23, 24, 25, 26, 27, 28, 29, 30, 31, 32, 33, 34, 35, 36, 37, 38, 39, 40, 41, 42, 43, 44, 45, 46, 47, 48, 49, 50, 51, 52, 53, 54, 55, 56, 57, 58, 59, 60, 61, 62, 63, 64, 65, 66, 67, 68, 69, 70, 71, 72, 73, 74, 75, 76, 77, 78, 79, 80, 81, 82, 83, 84, 85, 86, 87, 88, 89, 90, 92, 93, 94, 95, 96, 97, 98, 99, 100, 101, 102, 103, 104, 105, 106, 107, 108, 109, 110, 111, 112, 113, 114, 115, 117, 118, 119, 122, 123, 124, 125, 127, 128, 130, 132, 135, 136, 139, 140, 141, 144, 148, 149, 152, 154, 156, 158, 161, 162, 163, 164, 165, 167, 168, 169, 170, 171, 172, 173, 174, 176, 177, 179, 180, 181, 184, 185, 186, 187, 189, 190, 191, 193, 194, 195, 198, 199, 203, 204, 205, 206, 207, 208, 209, 210, 211, 212, 213, 214, 215, 216, 217, 218, 219, 220, 221, 222, 223, 224, 225, 226, 227, 228, 230, 231, 232, 233, 234, 235, 236, 237, 240, 241, 244, 245, 246, 247, 248, 249, 250, 251, 252, 253, 254, 255, 256, 257, 258, 259, 260, 261, 262, 263, 264, 265, 266, 267, 268, 269, 270, 271, 272, 273, 274, 275, 276, 277, 278, 279, 280, 281, 282, 283, 284, 285, 286, 287, 288, 289, 290, 291, 292, 293, 294, 295, 296, 297, 298, 299, 300, 301, 302, 303, 304, 306, 307, 308, 310, 311, 312, 313, 314, 315, 316, 317, 318, 319, 320, 321, 322, 323, 324, 325, 326, 327, 328, 329, 330, 331, 332, 333, 334, 335, 336, 337, 338, 339, 340, 341, 342, 343, 344, 345, 346, 347]",306,False,5.877819610205501e-05,4.1582007315585524e-08,1.957887136491314e-05,10.0
F4,1250,1250,1070,180,366,0.856,0.745125348189415,0.7967237527922562,cao2018,S09/060720_1n,frontal,mean,mean__frontal__F4,4,348,"[0, 1, 2, 3, 4, 5, 6, 7, 8, 9, 10, 11, 12, 13, 14, 15, 16, 17, 18, 19, 20, 21, 22, 23, 24, 25, 26, 27, 28, 29, 30, 31, 32, 33, 34, 35, 36, 37, 38, 39, 40, 41, 42, 43, 44, 45, 46, 47, 48, 49, 50, 51, 52, 53, 54, 55, 56, 57, 58, 59, 60, 61, 62, 63, 64, 65, 66, 67, 68, 69, 70, 71, 72, 73, 74, 75, 76, 77, 78, 79, 80, 81, 82, 83, 84, 85, 86, 87, 88, 89, 90, 92, 93, 94, 95, 96, 97, 98, 99, 100, 101, 102, 103, 104, 105, 106, 107, 108, 109, 110, 111, 112, 113, 114, 115, 117, 118, 119, 122, 123, 124, 125, 127, 128, 130, 132, 135, 136, 139, 140, 141, 144, 148, 149, 152, 154, 156, 158, 161, 162, 163, 164, 165, 167, 168, 169, 170, 171, 172, 173, 174, 176, 177, 179, 180, 181, 184, 185, 186, 187, 189, 190, 191, 193, 194, 195, 198, 199, 203, 204, 205, 206, 207, 208, 209, 210, 211, 212, 213, 214, 215, 216, 217, 218, 219, 220, 221, 222, 223, 224, 225, 226, 227, 228, 230, 231, 232, 233, 234, 235, 236, 237, 240, 241, 244, 245, 246, 247, 248, 249, 250, 251, 252, 253, 254, 255, 256, 257, 258, 259, 260, 261, 262, 263, 264, 265, 266, 267, 268, 269, 270, 271, 272, 273, 274, 275, 276, 277, 278, 279, 280, 281, 282, 283, 284, 285, 286, 287, 288, 289, 290, 291, 292, 293, 294, 295, 296, 297, 298, 299, 300, 301, 302, 303, 304, 306, 307, 308, 310, 311, 312, 313, 314, 315, 316, 317, 318, 319, 320, 321, 322, 323, 324, 325, 326, 327, 328, 329, 330, 331, 332, 333, 334, 335, 336, 337, 338, 339, 340, 341, 342, 343, 344, 345, 346, 347]",306,False,3.543326926956462e-05,2.671122756819499e-08,1.1802186013998807e-05,10.0
F3,1148,1148,1001,147,435,0.8719512195121951,0.697075208913649,0.7747678018575852,cao2018,S09/060720_1n,frontal,mean,mean__frontal__F3,4,348,"[0, 1, 2, 3, 4, 5, 6, 7, 8, 9, 10, 11, 12, 13, 14, 15, 16, 17, 18, 19, 20, 21, 22, 23, 24, 25, 26, 27, 28, 29, 30, 31, 32, 33, 34, 35, 36, 37, 38, 39, 40, 41, 42, 43, 44, 45, 46, 47, 48, 49, 50, 51, 52, 53, 54, 55, 56, 57, 58, 59, 60, 61, 62, 63, 64, 65, 66, 67, 68, 69, 70, 71, 72, 73, 74, 75, 76, 77, 78, 79, 80, 81, 82, 83, 84, 85, 86, 87, 88, 89, 90, 92, 93, 94, 95, 96, 97, 98, 99, 100, 101, 102, 103, 104, 105, 106, 107, 108, 109, 110, 111, 112, 113, 114, 115, 117, 118, 119, 122, 123, 124, 125, 127, 128, 130, 132, 135, 136, 139, 140, 141, 144, 148, 149, 152, 154, 156, 158, 161, 162, 163, 164, 165, 167, 168, 169, 170, 171, 172, 173, 174, 176, 177, 179, 180, 181, 184, 185, 186, 187, 189, 190, 191, 193, 194, 195, 198, 199, 203, 204, 205, 206, 207, 208, 209, 210, 211, 212, 213, 214, 215, 216, 217, 218, 219, 220, 221, 222, 223, 224, 225, 226, 227, 228, 230, 231, 232, 233, 234, 235, 236, 237, 240, 241, 244, 245, 246, 247, 248, 249, 250, 251, 252, 253, 254, 255, 256, 257, 258, 259, 260, 261, 262, 263, 264, 265, 266, 267, 268, 269, 270, 271, 272, 273, 274, 275, 276, 277, 278, 279, 280, 281, 282, 283, 284, 285, 286, 287, 288, 289, 290, 291, 292, 293, 294, 295, 296, 297, 298, 299, 300, 301, 302, 303, 304, 306, 307, 308, 310, 311, 312, 313, 314, 315, 316, 317, 318, 319, 320, 321, 322, 323, 324, 325, 326, 327, 328, 329, 330, 331, 332, 333, 334, 335, 336, 337, 338, 339, 340, 341, 342, 343, 344, 345, 346, 347]",306,False,4.264374799008198e-05,3.691462677366665e-08,1.4202277787769438e-05,10.0
FP1,1640,1640,1400,240,36,0.8536585365853658,0.9749303621169917,0.9102730819245775,cao2018,S09/060720_1n,frontal_left,median,median__frontal_left__FP1,2,348,"[0, 1, 2, 3, 4, 5, 6, 7, 8, 9, 10, 11, 12, 13, 14, 15, 16, 17, 18, 19, 20, 21, 22, 23, 24, 25, 26, 27, 28, 29, 30, 31, 32, 33, 34, 35, 36, 37, 38, 39, 40, 41, 42, 43, 44, 45, 46, 47, 48, 49, 50, 51, 52, 53, 54, 55, 56, 57, 58, 59, 60, 61, 62, 63, 64, 65, 66, 67, 68, 69, 70, 71, 72, 73, 74, 75, 76, 77, 78, 79, 80, 81, 82, 83, 84, 86, 87, 88, 89, 90, 93, 94, 95, 96, 97, 98, 99, 101, 102, 103, 104, 105, 106, 107, 108, 109, 110, 111, 112, 113, 115, 117, 118, 119, 122, 123, 124, 127, 128, 132, 135, 136, 139, 140, 141, 144, 148, 158, 161, 163, 164, 165, 167, 168, 169, 170, 171, 172, 173, 174, 176, 177, 179, 180, 181, 184, 185, 186, 187, 189, 190, 191, 193, 198, 199, 203, 204, 205, 206, 207, 208, 209, 210, 211, 212, 213, 214, 215, 216, 217, 218, 219, 220, 221, 222, 223, 224, 225, 226, 227, 228, 230, 231, 232, 233, 234, 235, 236, 237, 241, 244, 245, 246, 247, 248, 249, 250, 251, 252, 253, 254, 255, 256, 257, 258, 259, 260, 261, 262, 263, 264, 265, 266, 267, 268, 269, 270, 271, 272, 273, 274, 275, 276, 277, 278, 279, 280, 281, 282, 283, 284, 285, 286, 287, 288, 289, 290, 291, 292, 293, 294, 295, 296, 297, 298, 299, 300, 301, 302, 303, 304, 306, 307, 308, 310, 312, 313, 314, 315, 316, 317, 318, 319, 320, 321, 322, 323, 324, 325, 326, 327, 328, 329, 330, 331, 332, 333, 334, 335, 336, 337, 338, 339, 340, 341, 342, 343, 344, 345, 346, 347]",291,False,5.436916520232642e-05,-5.898840490130797e-06,2.0089335230819073e-05,10.0
F3,1207,1207,1047,160,389,0.8674399337199669,0.729108635097493,0.7922814982973893,cao2018,S09/060720_1n,frontal_left,median,median__frontal_left__F3,2,348,"[0, 1, 2, 3, 4, 5, 6, 7, 8, 9, 10, 11, 12, 13, 14, 15, 16, 17, 18, 19, 20, 21, 22, 23, 24, 25, 26, 27, 28, 29, 30, 31, 32, 33, 34, 35, 36, 37, 38, 39, 40, 41, 42, 43, 44, 45, 46, 47, 48, 49, 50, 51, 52, 53, 54, 55, 56, 57, 58, 59, 60, 61, 62, 63, 64, 65, 66, 67, 68, 69, 70, 71, 72, 73, 74, 75, 76, 77, 78, 79, 80, 81, 82, 83, 84, 86, 87, 88, 89, 90, 93, 94, 95, 96, 97, 98, 99, 101, 102, 103, 104, 105, 106, 107, 108, 109, 110, 111, 112, 113, 115, 117, 118, 119, 122, 123, 124, 127, 128, 132, 135, 136, 139, 140, 141, 144, 148, 158, 161, 163, 164, 165, 167, 168, 169, 170, 171, 172, 173, 174, 176, 177, 179, 180, 181, 184, 185, 186, 187, 189, 190, 191, 193, 198, 199, 203, 204, 205, 206, 207, 208, 209, 210, 211, 212, 213, 214, 215, 216, 217, 218, 219, 220, 221, 222, 223, 224, 225, 226, 227, 228, 230, 231, 232, 233, 234, 235, 236, 237, 241, 244, 245, 246, 247, 248, 249, 250, 251, 252, 253, 254, 255, 256, 257, 258, 259, 260, 261, 262, 263, 264, 265, 266, 267, 268, 269, 270, 271, 272, 273, 274, 275, 276, 277, 278, 279, 280, 281, 282, 283, 284, 285, 286, 287, 288, 289, 290, 291, 292, 293, 294, 295, 296, 297, 298, 299, 300, 301, 302, 303, 304, 306, 307, 308, 310, 312, 313, 314, 315, 316, 317, 318, 319, 320, 321, 322, 323, 324, 325, 326, 327, 328, 329, 330, 331, 332, 333, 334, 335, 336, 337, 338, 339, 340, 341, 342, 343, 344, 345, 346, 347]",291,False,4.0940022859548324e-05,-2.5829409897118005e-06,1.4507654616420043e-05,10.0
FP1,1572,1572,1388,184,48,0.8829516539440203,0.9665738161559888,0.9228723404255319,cao2018,S09/060720_1n,frontal_left,mean,mean__frontal_left__FP1,2,348,"[0, 1, 2, 3, 4, 5, 6, 7, 8, 9, 10, 11, 12, 13, 14, 15, 16, 17, 18, 19, 20, 21, 22, 23, 24, 25, 26, 27, 28, 29, 30, 31, 32, 33, 34, 35, 36, 37, 38, 39, 40, 41, 42, 43, 44, 45, 46, 47, 48, 49, 50, 51, 52, 53, 54, 55, 56, 57, 58, 59, 60, 61, 62, 63, 64, 65, 66, 67, 68, 69, 70, 71, 72, 73, 74, 75, 76, 77, 78, 79, 80, 81, 82, 83, 84, 86, 87, 88, 89, 90, 93, 94, 95, 96, 97, 98, 99, 101, 102, 103, 104, 105, 106, 107, 108, 109, 110, 111, 112, 113, 115, 117, 118, 119, 122, 123, 124, 127, 128, 132, 135, 136, 139, 140, 141, 144, 148, 158, 161, 163, 164, 165, 167, 168, 169, 170, 171, 172, 173, 174, 176, 177, 179, 180, 181, 184, 185, 186, 187, 189, 190, 191, 193, 198, 199, 203, 204, 205, 206, 207, 208, 209, 210, 211, 212, 213, 214, 215, 216, 217, 218, 219, 220, 221, 222, 223, 224, 225, 226, 227, 228, 230, 231, 232, 233, 234, 235, 236, 237, 241, 244, 245, 246, 247, 248, 249, 250, 251, 252, 253, 254, 255, 256, 257, 258, 259, 260, 261, 262, 263, 264, 265, 266, 267, 268, 269, 270, 271, 272, 273, 274, 275, 276, 277, 278, 279, 280, 281, 282, 283, 284, 285, 286, 287, 288, 289, 290, 291, 292, 293, 294, 295, 296, 297, 298, 299, 300, 301, 302, 303, 304, 306, 307, 308, 310, 312, 313, 314, 315, 316, 317, 318, 319, 320, 321, 322, 323, 324, 325, 326, 327, 328, 329, 330, 331, 332, 333, 334, 335, 336, 337, 338, 339, 340, 341, 342, 343, 344, 345, 346, 347]",291,False,6.032218542351771e-05,5.417973106048956e-08,2.0089335230819073e-05,10.0
F3,1116,1116,979,137,457,0.8772401433691757,0.6817548746518106,0.7672413793103448,cao2018,S09/060720_1n,frontal_left,mean,mean__frontal_left__F3,2,348,"[0, 1, 2, 3, 4, 5, 6, 7, 8, 9, 10, 11, 12, 13, 14, 15, 16, 17, 18, 19, 20, 21, 22, 23, 24, 25, 26, 27, 28, 29, 30, 31, 32, 33, 34, 35, 36, 37, 38, 39, 40, 41, 42, 43, 44, 45, 46, 47, 48, 49, 50, 51, 52, 53, 54, 55, 56, 57, 58, 59, 60, 61, 62, 63, 64, 65, 66, 67, 68, 69, 70, 71, 72, 73, 74, 75, 76, 77, 78, 79, 80, 81, 82, 83, 84, 86, 87, 88, 89, 90, 93, 94, 95, 96, 97, 98, 99, 101, 102, 103, 104, 105, 106, 107, 108, 109, 110, 111, 112, 113, 115, 117, 118, 119, 122, 123, 124, 127, 128, 132, 135, 136, 139, 140, 141, 144, 148, 158, 161, 163, 164, 165, 167, 168, 169, 170, 171, 172, 173, 174, 176, 177, 179, 180, 181, 184, 185, 186, 187, 189, 190, 191, 193, 198, 199, 203, 204, 205, 206, 207, 208, 209, 210, 211, 212, 213, 214, 215, 216, 217, 218, 219, 220, 221, 222, 223, 224, 225, 226, 227, 228, 230, 231, 232, 233, 234, 235, 236, 237, 241, 244, 245, 246, 247, 248, 249, 250, 251, 252, 253, 254, 255, 256, 257, 258, 259, 260, 261, 262, 263, 264, 265, 266, 267, 268, 269, 270, 271, 272, 273, 274, 275, 276, 277, 278, 279, 280, 281, 282, 283, 284, 285, 286, 287, 288, 289, 290, 291, 292, 293, 294, 295, 296, 297, 298, 299, 300, 301, 302, 303, 304, 306, 307, 308, 310, 312, 313, 314, 315, 316, 317, 318, 319, 320, 321, 322, 323, 324, 325, 326, 327, 328, 329, 330, 331, 332, 333, 334, 335, 336, 337, 338, 339, 340, 341, 342, 343, 344, 345, 346, 347]",291,False,4.356306972286435e-05,4.0105873604227735e-08,1.4507654616420043e-05,10.0
FP2,1650,1650,1410,240,26,0.8545454545454545,0.9818941504178273,0.9138042773817239,cao2018,S09/060720_1n,frontal_right,median,median__frontal_right__FP2,2,348,"[0, 1, 2, 3, 4, 5, 6, 7, 8, 9, 10, 11, 12, 13, 14, 15, 16, 17, 18, 19, 20, 21, 22, 23, 24, 25, 26, 27, 28, 29, 30, 31, 32, 33, 34, 35, 36, 37, 38, 39, 40, 41, 42, 43, 44, 45, 46, 47, 48, 49, 50, 51, 52, 53, 54, 55, 56, 57, 58, 59, 60, 61, 62, 63, 64, 65, 66, 67, 68, 69, 70, 71, 72, 73, 74, 75, 76, 77, 78, 79, 80, 81, 82, 83, 84, 85, 86, 87, 88, 89, 90, 92, 93, 94, 95, 96, 97, 98, 99, 100, 101, 102, 103, 104, 105, 106, 107, 108, 109, 110, 111, 112, 113, 114, 115, 117, 118, 119, 122, 123, 124, 125, 127, 128, 130, 132, 135, 136, 139, 140, 141, 144, 148, 149, 152, 154, 156, 158, 161, 162, 163, 164, 165, 167, 168, 169, 170, 171, 172, 173, 174, 176, 177, 179, 180, 181, 184, 185, 186, 187, 189, 190, 191, 193, 194, 195, 198, 199, 203, 204, 205, 206, 207, 208, 209, 210, 211, 212, 213, 214, 215, 216, 217, 218, 219, 220, 221, 222, 223, 224, 225, 226, 227, 228, 230, 231, 232, 233, 234, 235, 236, 237, 240, 241, 244, 245, 246, 247, 248, 249, 250, 251, 252, 253, 254, 255, 256, 257, 258, 259, 260, 261, 262, 263, 264, 265, 266, 267, 268, 269, 270, 271, 272, 273, 274, 275, 276, 277, 278, 279, 280, 281, 282, 283, 284, 285, 286, 287, 288, 289, 290, 291, 292, 293, 294, 295, 296, 297, 298, 299, 300, 301, 302, 303, 304, 306, 307, 311, 312, 313, 314, 315, 316, 317, 318, 319, 320, 321, 322, 323, 324, 325, 326, 327, 328, 329, 330, 331, 332, 333, 334, 335, 336, 337, 338, 339, 340, 341, 342, 343, 344, 345, 346, 347]",304,False,4.8110427022397516e-05,-4.916125561257065e-06,1.7675517527884858e-05,10.0
F4,1339,1339,1140,199,296,0.8513816280806572,0.7938718662952646,0.8216216216216217,cao2018,S09/060720_1n,frontal_right,median,median__frontal_right__F4,2,348,"[0, 1, 2, 3, 4, 5, 6, 7, 8, 9, 10, 11, 12, 13, 14, 15, 16, 17, 18, 19, 20, 21, 22, 23, 24, 25, 26, 27, 28, 29, 30, 31, 32, 33, 34, 35, 36, 37, 38, 39, 40, 41, 42, 43, 44, 45, 46, 47, 48, 49, 50, 51, 52, 53, 54, 55, 56, 57, 58, 59, 60, 61, 62, 63, 64, 65, 66, 67, 68, 69, 70, 71, 72, 73, 74, 75, 76, 77, 78, 79, 80, 81, 82, 83, 84, 85, 86, 87, 88, 89, 90, 92, 93, 94, 95, 96, 97, 98, 99, 100, 101, 102, 103, 104, 105, 106, 107, 108, 109, 110, 111, 112, 113, 114, 115, 117, 118, 119, 122, 123, 124, 125, 127, 128, 130, 132, 135, 136, 139, 140, 141, 144, 148, 149, 152, 154, 156, 158, 161, 162, 163, 164, 165, 167, 168, 169, 170, 171, 172, 173, 174, 176, 177, 179, 180, 181, 184, 185, 186, 187, 189, 190, 191, 193, 194, 195, 198, 199, 203, 204, 205, 206, 207, 208, 209, 210, 211, 212, 213, 214, 215, 216, 217, 218, 219, 220, 221, 222, 223, 224, 225, 226, 227, 228, 230, 231, 232, 233, 234, 235, 236, 237, 240, 241, 244, 245, 246, 247, 248, 249, 250, 251, 252, 253, 254, 255, 256, 257, 258, 259, 260, 261, 262, 263, 264, 265, 266, 267, 268, 269, 270, 271, 272, 273, 274, 275, 276, 277, 278, 279, 280, 281, 282, 283, 284, 285, 286, 287, 288, 289, 290, 291, 292, 293, 294, 295, 296, 297, 298, 299, 300, 301, 302, 303, 304, 306, 307, 311, 312, 313, 314, 315, 316, 317, 318, 319, 320, 321, 322, 323, 324, 325, 326, 327, 328, 329, 330, 331, 332, 333, 334, 335, 336, 337, 338, 339, 340, 341, 342, 343, 344, 345, 346, 347]",304,False,3.353252223163668e-05,-1.963361502895578e-06,1.1831961244844087e-05,10.0
FP2,1582,1582,1400,182,36,0.8849557522123894,0.9749303621169917,0.9277667329357191,cao2018,S09/060720_1n,frontal_right,mean,mean__frontal_right__FP2,2,348,"[0, 1, 2, 3, 4, 5, 6, 7, 8, 9, 10, 11, 12, 13, 14, 15, 16, 17, 18, 19, 20, 21, 22, 23, 24, 25, 26, 27, 28, 29, 30, 31, 32, 33, 34, 35, 36, 37, 38, 39, 40, 41, 42, 43, 44, 45, 46, 47, 48, 49, 50, 51, 52, 53, 54, 55, 56, 57, 58, 59, 60, 61, 62, 63, 64, 65, 66, 67, 68, 69, 70, 71, 72, 73, 74, 75, 76, 77, 78, 79, 80, 81, 82, 83, 84, 85, 86, 87, 88, 89, 90, 92, 93, 94, 95, 96, 97, 98, 99, 100, 101, 102, 103, 104, 105, 106, 107, 108, 109, 110, 111, 112, 113, 114, 115, 117, 118, 119, 122, 123, 124, 125, 127, 128, 130, 132, 135, 136, 139, 140, 141, 144, 148, 149, 152, 154, 156, 158, 161, 162, 163, 164, 165, 167, 168, 169, 170, 171, 172, 173, 174, 176, 177, 179, 180, 181, 184, 185, 186, 187, 189, 190, 191, 193, 194, 195, 198, 199, 203, 204, 205, 206, 207, 208, 209, 210, 211, 212, 213, 214, 215, 216, 217, 218, 219, 220, 221, 222, 223, 224, 225, 226, 227, 228, 230, 231, 232, 233, 234, 235, 236, 237, 240, 241, 244, 245, 246, 247, 248, 249, 250, 251, 252, 253, 254, 255, 256, 257, 258, 259, 260, 261, 262, 263, 264, 265, 266, 267, 268, 269, 270, 271, 272, 273, 274, 275, 276, 277, 278, 279, 280, 281, 282, 283, 284, 285, 286, 287, 288, 289, 290, 291, 292, 293, 294, 295, 296, 297, 298, 299, 300, 301, 302, 303, 304, 306, 307, 311, 312, 313, 314, 315, 316, 317, 318, 319, 320, 321, 322, 323, 324, 325, 326, 327, 328, 329, 330, 331, 332, 333, 334, 335, 336, 337, 338, 339, 340, 341, 342, 343, 344, 345, 346, 347]",304,False,5.304681712662855e-05,2.0264542973972497e-08,1.7675517527884858e-05,10.0
F4,1246,1246,1068,178,368,0.8571428571428571,0.7437325905292479,0.796420581655481,cao2018,S09/060720_1n,frontal_right,mean,mean__frontal_right__F4,2,348,"[0, 1, 2, 3, 4, 5, 6, 7, 8, 9, 10, 11, 12, 13, 14, 15, 16, 17, 18, 19, 20, 21, 22, 23, 24, 25, 26, 27, 28, 29, 30, 31, 32, 33, 34, 35, 36, 37, 38, 39, 40, 41, 42, 43, 44, 45, 46, 47, 48, 49, 50, 51, 52, 53, 54, 55, 56, 57, 58, 59, 60, 61, 62, 63, 64, 65, 66, 67, 68, 69, 70, 71, 72, 73, 74, 75, 76, 77, 78, 79, 80, 81, 82, 83, 84, 85, 86, 87, 88, 89, 90, 92, 93, 94, 95, 96, 97, 98, 99, 100, 101, 102, 103, 104, 105, 106, 107, 108, 109, 110, 111, 112, 113, 114, 115, 117, 118, 119, 122, 123, 124, 125, 127, 128, 130, 132, 135, 136, 139, 140, 141, 144, 148, 149, 152, 154, 156, 158, 161, 162, 163, 164, 165, 167, 168, 169, 170, 171, 172, 173, 174, 176, 177, 179, 180, 181, 184, 185, 186, 187, 189, 190, 191, 193, 194, 195, 198, 199, 203, 204, 205, 206, 207, 208, 209, 210, 211, 212, 213, 214, 215, 216, 217, 218, 219, 220, 221, 222, 223, 224, 225, 226, 227, 228, 230, 231, 232, 233, 234, 235, 236, 237, 240, 241, 244, 245, 246, 247, 248, 249, 250, 251, 252, 253, 254, 255, 256, 257, 258, 259, 260, 261, 262, 263, 264, 265, 266, 267, 268, 269, 270, 271, 272, 273, 274, 275, 276, 277, 278, 279, 280, 281, 282, 283, 284, 285, 286, 287, 288, 289, 290, 291, 292, 293, 294, 295, 296, 297, 298, 299, 300, 301, 302, 303, 304, 306, 307, 311, 312, 313, 314, 315, 316, 317, 318, 319, 320, 321, 322, 323, 324, 325, 326, 327, 328, 329, 330, 331, 332, 333, 334, 335, 336, 337, 338, 339, 340, 341, 342, 343, 344, 345, 346, 347]",304,False,3.552267763828506e-05,2.6793903752799024e-08,1.1831961244844087e-05,10.0
FP2,1655,1655,1412,243,24,0.8531722054380665,0.9832869080779945,0.91362018764154,cao2018,S09/060720_1n,all_channel,median,median__all_channel__FP2,32,174,"[0, 1, 2, 3, 4, 5, 6, 7, 8, 9, 10, 11, 12, 13, 14, 15, 16, 17, 18, 19, 20, 21, 23, 24, 25, 26, 27, 28, 30, 33, 34, 35, 37, 38, 39, 40, 41, 42, 43, 47, 48, 51, 52, 53, 54, 55, 56, 58, 65, 67, 70, 74, 76, 79, 80, 81, 82, 83, 84, 85, 86, 87, 88, 89, 90, 92, 93, 94, 95, 96, 97, 98, 99, 101, 102, 103, 104, 105, 106, 107, 108, 109, 110, 111, 112, 113, 115, 116, 117, 118, 120, 122, 123, 124, 125, 126, 127, 128, 129, 130, 131, 132, 133, 134, 135, 136, 137, 138, 139, 140, 141, 142, 143, 144, 145, 146, 147, 148, 151, 153, 154, 155, 156, 157, 158, 159, 160, 161, 162, 163, 164, 165, 166, 167, 168, 169, 170, 171, 172, 173]",140,False,4.807409936506289e-05,-5.273890103178811e-06,1.778266315608057e-05,20.0
FP1,1650,1650,1402,248,34,0.8496969696969697,0.9763231197771588,0.9086195722618275,cao2018,S09/060720_1n,all_channel,median,median__all_channel__FP1,32,174,"[0, 1, 2, 3, 4, 5, 6, 7, 8, 9, 10, 11, 12, 13, 14, 15, 16, 17, 18, 19, 20, 21, 23, 24, 25, 26, 27, 28, 30, 33, 34, 35, 37, 38, 39, 40, 41, 42, 43, 47, 48, 51, 52, 53, 54, 55, 56, 58, 65, 67, 70, 74, 76, 79, 80, 81, 82, 83, 84, 85, 86, 87, 88, 89, 90, 92, 93, 94, 95, 96, 97, 98, 99, 101, 102, 103, 104, 105, 106, 107, 108, 109, 110, 111, 112, 113, 115, 116, 117, 118, 120, 122, 123, 124, 125, 126, 127, 128, 129, 130, 131, 132, 133, 134, 135, 136, 137, 138, 139, 140, 141, 142, 143, 144, 145, 146, 147, 148, 151, 153, 154, 155, 156, 157, 158, 159, 160, 161, 162, 163, 164, 165, 166, 167, 168, 169, 170, 171, 172, 173]",140,False,5.363610856112095e-05,-5.852674320661579e-06,1.9829594293927508e-05,20.0
FZ,1341,1341,1195,146,241,0.8911260253542133,0.8321727019498607,0.8606409794742528,cao2018,S09/060720_1n,all_channel,median,median__all_channel__FZ,32,174,"[0, 1, 2, 3, 4, 5, 6, 7, 8, 9, 10, 11, 12, 13, 14, 15, 16, 17, 18, 19, 20, 21, 23, 24, 25, 26, 27, 28, 30, 33, 34, 35, 37, 38, 39, 40, 41, 42, 43, 47, 48, 51, 52, 53, 54, 55, 56, 58, 65, 67, 70, 74, 76, 79, 80, 81, 82, 83, 84, 85, 86, 87, 88, 89, 90, 92, 93, 94, 95, 96, 97, 98, 99, 101, 102, 103, 104, 105, 106, 107, 108, 109, 110, 111, 112, 113, 115, 116, 117, 118, 120, 122, 123, 124, 125, 126, 127, 128, 129, 130, 131, 132, 133, 134, 135, 136, 137, 138, 139, 140, 141, 142, 143, 144, 145, 146, 147, 148, 151, 153, 154, 155, 156, 157, 158, 159, 160, 161, 162, 163, 164, 165, 166, 167, 168, 169, 170, 171, 172, 173]",140,False,3.418171031383726e-05,-2.360145173421753e-06,1.2180618495753003e-05,20.0
F4,1336,1336,1136,200,300,0.8502994011976048,0.7910863509749304,0.8196248196248197,cao2018,S09/060720_1n,all_channel,median,median__all_channel__F4,32,174,"[0, 1, 2, 3, 4, 5, 6, 7, 8, 9, 10, 11, 12, 13, 14, 15, 16, 17, 18, 19, 20, 21, 23, 24, 25, 26, 27, 28, 30, 33, 34, 35, 37, 38, 39, 40, 41, 42, 43, 47, 48, 51, 52, 53, 54, 55, 56, 58, 65, 67, 70, 74, 76, 79, 80, 81, 82, 83, 84, 85, 86, 87, 88, 89, 90, 92, 93, 94, 95, 96, 97, 98, 99, 101, 102, 103, 104, 105, 106, 107, 108, 109, 110, 111, 112, 113, 115, 116, 117, 118, 120, 122, 123, 124, 125, 126, 127, 128, 129, 130, 131, 132, 133, 134, 135, 136, 137, 138, 139, 140, 141, 142, 143, 144, 145, 146, 147, 148, 151, 153, 154, 155, 156, 157, 158, 159, 160, 161, 162, 163, 164, 165, 166, 167, 168, 169, 170, 171, 172, 173]",140,False,3.382232717246583e-05,-2.1036345198612182e-06,1.1975320564109017e-05,20.0
F7,1332,1332,1103,229,333,0.8280780780780781,0.7681058495821727,0.7969653179190751,cao2018,S09/060720_1n,all_channel,median,median__all_channel__F7,32,174,"[0, 1, 2, 3, 4, 5, 6, 7, 8, 9, 10, 11, 12, 13, 14, 15, 16, 17, 18, 19, 20, 21, 23, 24, 25, 26, 27, 28, 30, 33, 34, 35, 37, 38, 39, 40, 41, 42, 43, 47, 48, 51, 52, 53, 54, 55, 56, 58, 65, 67, 70, 74, 76, 79, 80, 81, 82, 83, 84, 85, 86, 87, 88, 89, 90, 92, 93, 94, 95, 96, 97, 98, 99, 101, 102, 103, 104, 105, 106, 107, 108, 109, 110, 111, 112, 113, 115, 116, 117, 118, 120, 122, 123, 124, 125, 126, 127, 128, 129, 130, 131, 132, 133, 134, 135, 136, 137, 138, 139, 140, 141, 142, 143, 144, 145, 146, 147, 148, 151, 153, 154, 155, 156, 157, 158, 159, 160, 161, 162, 163, 164, 165, 166, 167, 168, 169, 170, 171, 172, 173]",140,False,4.0236060717682515e-05,-2.4567999436943877e-06,1.42309535537923e-05,20.0
F8,1262,1262,1073,189,363,0.8502377179080824,0.7472144846796658,0.7954040029651595,cao2018,S09/060720_1n,all_channel,median,median__all_channel__F8,32,174,"[0, 1, 2, 3, 4, 5, 6, 7, 8, 9, 10, 11, 12, 13, 14, 15, 16, 17, 18, 19, 20, 21, 23, 24, 25, 26, 27, 28, 30, 33, 34, 35, 37, 38, 39, 40, 41, 42, 43, 47, 48, 51, 52, 53, 54, 55, 56, 58, 65, 67, 70, 74, 76, 79, 80, 81, 82, 83, 84, 85, 86, 87, 88, 89, 90, 92, 93, 94, 95, 96, 97, 98, 99, 101, 102, 103, 104, 105, 106, 107, 108, 109, 110, 111, 112, 113, 115, 116, 117, 118, 120, 122, 123, 124, 125, 126, 127, 128, 129, 130, 131, 132, 133, 134, 135, 136, 137, 138, 139, 140, 141, 142, 143, 144, 145, 146, 147, 148, 151, 153, 154, 155, 156, 157, 158, 159, 160, 161, 162, 163, 164, 165, 166, 167, 168, 169, 170, 171, 172, 173]",140,False,3.6153335820223854e-05,-1.799051478219766e-06,1.2650795766147873e-05,20.0
F3,1213,1213,1049,164,387,0.86479802143446,0.7305013927576601,0.79199697999245,cao2018,S09/060720_1n,all_channel,median,median__all_channel__F3,32,174,"[0, 1, 2, 3, 4, 5, 6, 7, 8, 9, 10, 11, 12, 13, 14, 15, 16, 17, 18, 19, 20, 21, 23, 24, 25, 26, 27, 28, 30, 33, 34, 35, 37, 38, 39, 40, 41, 42, 43, 47, 48, 51, 52, 53, 54, 55, 56, 58, 65, 67, 70, 74, 76, 79, 80, 81, 82, 83, 84, 85, 86, 87, 88, 89, 90, 92, 93, 94, 95, 96, 97, 98, 99, 101, 102, 103, 104, 105, 106, 107, 108, 109, 110, 111, 112, 113, 115, 116, 117, 118, 120, 122, 123, 124, 125, 126, 127, 128, 129, 130, 131, 132, 133, 134, 135, 136, 137, 138, 139, 140, 141, 142, 143, 144, 145, 146, 147, 148, 151, 153, 154, 155, 156, 157, 158, 159, 160, 161, 162, 163, 164, 165, 166, 167, 168, 169, 170, 171, 172, 173]",140,False,4.091138668984094e-05,-2.5688259814126317e-06,1.4493404223751192e-05,20.0
FC3,975,975,802,173,634,0.8225641025641026,0.5584958217270195,0.6652841144753214,cao2018,S09/060720_1n,all_channel,median,median__all_channel__FC3,32,174,"[0, 1, 2, 3, 4, 5, 6, 7, 8, 9, 10, 11, 12, 13, 14, 15, 16, 17, 18, 19, 20, 21, 23, 24, 25, 26, 27, 28, 30, 33, 34, 35, 37, 38, 39, 40, 41, 42, 43, 47, 48, 51, 52, 53, 54, 55, 56, 58, 65, 67, 70, 74, 76, 79, 80, 81, 82, 83, 84, 85, 86, 87, 88, 89, 90, 92, 93, 94, 95, 96, 97, 98, 99, 101, 102, 103, 104, 105, 106, 107, 108, 109, 110, 111, 112, 113, 115, 116, 117, 118, 120, 122, 123, 124, 125, 126, 127, 128, 129, 130, 131, 132, 133, 134, 135, 136, 137, 138, 139, 140, 141, 142, 143, 144, 145, 146, 147, 148, 151, 153, 154, 155, 156, 157, 158, 159, 160, 161, 162, 163, 164, 165, 166, 167, 168, 169, 170, 171, 172, 173]",140,False,2.947279870401303e-05,-1.4680280280943766e-06,1.0313608910702468e-05,20.0
FCZ,716,716,622,94,814,0.8687150837988827,0.4331476323119777,0.5780669144981413,cao2018,S09/060720_1n,all_channel,median,median__all_channel__FCZ,32,174,"[0, 1, 2, 3, 4, 5, 6, 7, 8, 9, 10, 11, 12, 13, 14, 15, 16, 17, 18, 19, 20, 21, 23, 24, 25, 26, 27, 28, 30, 33, 34, 35, 37, 38, 39, 40, 41, 42, 43, 47, 48, 51, 52, 53, 54, 55, 56, 58, 65, 67, 70, 74, 76, 79, 80, 81, 82, 83, 84, 85, 86, 87, 88, 89, 90, 92, 93, 94, 95, 96, 97, 98, 99, 101, 102, 103, 104, 105, 106, 107, 108, 109, 110, 111, 112, 113, 115, 116, 117, 118, 120, 122, 123, 124, 125, 126, 127, 128, 129, 130, 131, 132, 133, 134, 135, 136, 137, 138, 139, 140, 141, 142, 143, 144, 145, 146, 147, 148, 151, 153, 154, 155, 156, 157, 158, 159, 160, 161, 162, 163, 164, 165, 166, 167, 168, 169, 170, 171, 172, 173]",140,False,3.0159866702069973e-05,-1.2244555246475807e-06,1.0461440742239185e-05,20.0
FT7,880,880,669,211,767,0.7602272727272728,0.4658774373259053,0.577720207253886,cao2018,S09/060720_1n,all_channel,median,median__all_channel__FT7,32,174,"[0, 1, 2, 3, 4, 5, 6, 7, 8, 9, 10, 11, 12, 13, 14, 15, 16, 17, 18, 19, 20, 21, 23, 24, 25, 26, 27, 28, 30, 33, 34, 35, 37, 38, 39, 40, 41, 42, 43, 47, 48, 51, 52, 53, 54, 55, 56, 58, 65, 67, 70, 74, 76, 79, 80, 81, 82, 83, 84, 85, 86, 87, 88, 89, 90, 92, 93, 94, 95, 96, 97, 98, 99, 101, 102, 103, 104, 105, 106, 107, 108, 109, 110, 111, 112, 113, 115, 116, 117, 118, 120, 122, 123, 124, 125, 126, 127, 128, 129, 130, 131, 132, 133, 134, 135, 136, 137, 138, 139, 140, 141, 142, 143, 144, 145, 146, 147, 148, 151, 153, 154, 155, 156, 157, 158, 159, 160, 161, 162, 163, 164, 165, 166, 167, 168, 169, 170, 171, 172, 173]",140,False,2.809834504845587e-05,-1.1248415548094365e-06,9.741062201088436e-06,20.0
FC4,778,778,571,207,865,0.7339331619537275,0.39763231197771587,0.5158084914182475,cao2018,S09/060720_1n,all_channel,median,median__all_channel__FC4,32,174,"[0, 1, 2, 3, 4, 5, 6, 7, 8, 9, 10, 11, 12, 13, 14, 15, 16, 17, 18, 19, 20, 21, 23, 24, 25, 26, 27, 28, 30, 33, 34, 35, 37, 38, 39, 40, 41, 42, 43, 47, 48, 51, 52, 53, 54, 55, 56, 58, 65, 67, 70, 74, 76, 79, 80, 81, 82, 83, 84, 85, 86, 87, 88, 89, 90, 92, 93, 94, 95, 96, 97, 98, 99, 101, 102, 103, 104, 105, 106, 107, 108, 109, 110, 111, 112, 113, 115, 116, 117, 118, 120, 122, 123, 124, 125, 126, 127, 128, 129, 130, 131, 132, 133, 134, 135, 136, 137, 138, 139, 140, 141, 142, 143, 144, 145, 146, 147, 148, 151, 153, 154, 155, 156, 157, 158, 159, 160, 161, 162, 163, 164, 165, 166, 167, 168, 169, 170, 171, 172, 173]",140,False,2.6785318206632873e-05,-1.0913222368499686e-06,9.292213481160948e-06,20.0
FT8,663,663,506,157,930,0.7631975867269984,0.35236768802228413,0.4821343496903287,cao2018,S09/060720_1n,all_channel,median,median__all_channel__FT8,32,174,"[0, 1, 2, 3, 4, 5, 6, 7, 8, 9, 10, 11, 12, 13, 14, 15, 16, 17, 18, 19, 20, 21, 23, 24, 25, 26, 27, 28, 30, 33, 34, 35, 37, 38, 39, 40, 41, 42, 43, 47, 48, 51, 52, 53, 54, 55, 56, 58, 65, 67, 70, 74, 76, 79, 80, 81, 82, 83, 84, 85, 86, 87, 88, 89, 90, 92, 93, 94, 95, 96, 97, 98, 99, 101, 102, 103, 104, 105, 106, 107, 108, 109, 110, 111, 112, 113, 115, 116, 117, 118, 120, 122, 123, 124, 125, 126, 127, 128, 129, 130, 131, 132, 133, 134, 135, 136, 137, 138, 139, 140, 141, 142, 143, 144, 145, 146, 147, 148, 151, 153, 154, 155, 156, 157, 158, 159, 160, 161, 162, 163, 164, 165, 166, 167, 168, 169, 170, 171, 172, 173]",140,False,2.502522832390212e-05,-6.881722027027225e-07,8.571133508868282e-06,20.0
C3,617,617,476,141,960,0.7714748784440842,0.33147632311977715,0.4637116415002435,cao2018,S09/060720_1n,all_channel,median,median__all_channel__C3,32,174,"[0, 1, 2, 3, 4, 5, 6, 7, 8, 9, 10, 11, 12, 13, 14, 15, 16, 17, 18, 19, 20, 21, 23, 24, 25, 26, 27, 28, 30, 33, 34, 35, 37, 38, 39, 40, 41, 42, 43, 47, 48, 51, 52, 53, 54, 55, 56, 58, 65, 67, 70, 74, 76, 79, 80, 81, 82, 83, 84, 85, 86, 87, 88, 89, 90, 92, 93, 94, 95, 96, 97, 98, 99, 101, 102, 103, 104, 105, 106, 107, 108, 109, 110, 111, 112, 113, 115, 116, 117, 118, 120, 122, 123, 124, 125, 126, 127, 128, 129, 130, 131, 132, 133, 134, 135, 136, 137, 138, 139, 140, 141, 142, 143, 144, 145, 146, 147, 148, 151, 153, 154, 155, 156, 157, 158, 159, 160, 161, 162, 163, 164, 165, 166, 167, 168, 169, 170, 171, 172, 173]",140,False,2.5798129020246285e-05,-9.949970396492988e-07,8.931042019965195e-06,20.0
C4,652,652,455,197,981,0.6978527607361963,0.3168523676880223,0.435823754789272,cao2018,S09/060720_1n,all_channel,median,median__all_channel__C4,32,174,"[0, 1, 2, 3, 4, 5, 6, 7, 8, 9, 10, 11, 12, 13, 14, 15, 16, 17, 18, 19, 20, 21, 23, 24, 25, 26, 27, 28, 30, 33, 34, 35, 37, 38, 39, 40, 41, 42, 43, 47, 48, 51, 52, 53, 54, 55, 56, 58, 65, 67, 70, 74, 76, 79, 80, 81, 82, 83, 84, 85, 86, 87, 88, 89, 90, 92, 93, 94, 95, 96, 97, 98, 99, 101, 102, 103, 104, 105, 106, 107, 108, 109, 110, 111, 112, 113, 115, 116, 117, 118, 120, 122, 123, 124, 125, 126, 127, 128, 129, 130, 131, 132, 133, 134, 135, 136, 137, 138, 139, 140, 141, 142, 143, 144, 145, 146, 147, 148, 151, 153, 154, 155, 156, 157, 158, 159, 160, 161, 162, 163, 164, 165, 166, 167, 168, 169, 170, 171, 172, 173]",140,False,2.5557515358577993e-05,-9.549264321173462e-07,8.837480596898446e-06,20.0
CZ,369,369,272,97,1164,0.7371273712737128,0.1894150417827298,0.3013850415512465,cao2018,S09/060720_1n,all_channel,median,median__all_channel__CZ,32,174,"[0, 1, 2, 3, 4, 5, 6, 7, 8, 9, 10, 11, 12, 13, 14, 15, 16, 17, 18, 19, 20, 21, 23, 24, 25, 26, 27, 28, 30, 33, 34, 35, 37, 38, 39, 40, 41, 42, 43, 47, 48, 51, 52, 53, 54, 55, 56, 58, 65, 67, 70, 74, 76, 79, 80, 81, 82, 83, 84, 85, 86, 87, 88, 89, 90, 92, 93, 94, 95, 96, 97, 98, 99, 101, 102, 103, 104, 105, 106, 107, 108, 109, 110, 111, 112, 113, 115, 116, 117, 118, 120, 122, 123, 124, 125, 126, 127, 128, 129, 130, 131, 132, 133, 134, 135, 136, 137, 138, 139, 140, 141, 142, 143, 144, 145, 146, 147, 148, 151, 153, 154, 155, 156, 157, 158, 159, 160, 161, 162, 163, 164, 165, 166, 167, 168, 169, 170, 171, 172, 173]",140,False,2.7514928090904396e-05,-7.693762329003693e-07,9.428101441268255e-06,20.0
T4,401,401,255,146,1181,0.6359102244389028,0.1775766016713092,0.2776265650517148,cao2018,S09/060720_1n,all_channel,median,median__all_channel__T4,32,174,"[0, 1, 2, 3, 4, 5, 6, 7, 8, 9, 10, 11, 12, 13, 14, 15, 16, 17, 18, 19, 20, 21, 23, 24, 25, 26, 27, 28, 30, 33, 34, 35, 37, 38, 39, 40, 41, 42, 43, 47, 48, 51, 52, 53, 54, 55, 56, 58, 65, 67, 70, 74, 76, 79, 80, 81, 82, 83, 84, 85, 86, 87, 88, 89, 90, 92, 93, 94, 95, 96, 97, 98, 99, 101, 102, 103, 104, 105, 106, 107, 108, 109, 110, 111, 112, 113, 115, 116, 117, 118, 120, 122, 123, 124, 125, 126, 127, 128, 129, 130, 131, 132, 133, 134, 135, 136, 137, 138, 139, 140, 141, 142, 143, 144, 145, 146, 147, 148, 151, 153, 154, 155, 156, 157, 158, 159, 160, 161, 162, 163, 164, 165, 166, 167, 168, 169, 170, 171, 172, 173]",140,False,2.0191591903382407e-05,-3.1726922467138825e-07,6.836287042684599e-06,20.0
CP3,351,351,248,103,1188,0.7065527065527065,0.17270194986072424,0.27756015668718526,cao2018,S09/060720_1n,all_channel,median,median__all_channel__CP3,32,174,"[0, 1, 2, 3, 4, 5, 6, 7, 8, 9, 10, 11, 12, 13, 14, 15, 16, 17, 18, 19, 20, 21, 23, 24, 25, 26, 27, 28, 30, 33, 34, 35, 37, 38, 39, 40, 41, 42, 43, 47, 48, 51, 52, 53, 54, 55, 56, 58, 65, 67, 70, 74, 76, 79, 80, 81, 82, 83, 84, 85, 86, 87, 88, 89, 90, 92, 93, 94, 95, 96, 97, 98, 99, 101, 102, 103, 104, 105, 106, 107, 108, 109, 110, 111, 112, 113, 115, 116, 117, 118, 120, 122, 123, 124, 125, 126, 127, 128, 129, 130, 131, 132, 133, 134, 135, 136, 137, 138, 139, 140, 141, 142, 143, 144, 145, 146, 147, 148, 151, 153, 154, 155, 156, 157, 158, 159, 160, 161, 162, 163, 164, 165, 166, 167, 168, 169, 170, 171, 172, 173]",140,False,2.1490481411124793e-05,-6.17340328952439e-07,7.369273913359077e-06,20.0
T3,425,425,251,174,1185,0.5905882352941176,0.17479108635097493,0.2697474476088125,cao2018,S09/060720_1n,all_channel,median,median__all_channel__T3,32,174,"[0, 1, 2, 3, 4, 5, 6, 7, 8, 9, 10, 11, 12, 13, 14, 15, 16, 17, 18, 19, 20, 21, 23, 24, 25, 26, 27, 28, 30, 33, 34, 35, 37, 38, 39, 40, 41, 42, 43, 47, 48, 51, 52, 53, 54, 55, 56, 58, 65, 67, 70, 74, 76, 79, 80, 81, 82, 83, 84, 85, 86, 87, 88, 89, 90, 92, 93, 94, 95, 96, 97, 98, 99, 101, 102, 103, 104, 105, 106, 107, 108, 109, 110, 111, 112, 113, 115, 116, 117, 118, 120, 122, 123, 124, 125, 126, 127, 128, 129, 130, 131, 132, 133, 134, 135, 136, 137, 138, 139, 140, 141, 142, 143, 144, 145, 146, 147, 148, 151, 153, 154, 155, 156, 157, 158, 159, 160, 161, 162, 163, 164, 165, 166, 167, 168, 169, 170, 171, 172, 173]",140,False,1.9535528452974392e-05,-3.2114165018774213e-07,6.618890034387379e-06,20.0
CP4,336,336,199,137,1237,0.5922619047619048,0.13857938718662952,0.22460496613995484,cao2018,S09/060720_1n,all_channel,median,median__all_channel__CP4,32,174,"[0, 1, 2, 3, 4, 5, 6, 7, 8, 9, 10, 11, 12, 13, 14, 15, 16, 17, 18, 19, 20, 21, 23, 24, 25, 26, 27, 28, 30, 33, 34, 35, 37, 38, 39, 40, 41, 42, 43, 47, 48, 51, 52, 53, 54, 55, 56, 58, 65, 67, 70, 74, 76, 79, 80, 81, 82, 83, 84, 85, 86, 87, 88, 89, 90, 92, 93, 94, 95, 96, 97, 98, 99, 101, 102, 103, 104, 105, 106, 107, 108, 109, 110, 111, 112, 113, 115, 116, 117, 118, 120, 122, 123, 124, 125, 126, 127, 128, 129, 130, 131, 132, 133, 134, 135, 136, 137, 138, 139, 140, 141, 142, 143, 144, 145, 146, 147, 148, 151, 153, 154, 155, 156, 157, 158, 159, 160, 161, 162, 163, 164, 165, 166, 167, 168, 169, 170, 171, 172, 173]",140,False,2.2820909346377486e-05,-6.149676124292025e-07,7.811958986268897e-06,20.0
CPZ,255,255,172,83,1264,0.6745098039215687,0.11977715877437325,0.2034299231224128,cao2018,S09/060720_1n,all_channel,median,median__all_channel__CPZ,32,174,"[0, 1, 2, 3, 4, 5, 6, 7, 8, 9, 10, 11, 12, 13, 14, 15, 16, 17, 18, 19, 20, 21, 23, 24, 25, 26, 27, 28, 30, 33, 34, 35, 37, 38, 39, 40, 41, 42, 43, 47, 48, 51, 52, 53, 54, 55, 56, 58, 65, 67, 70, 74, 76, 79, 80, 81, 82, 83, 84, 85, 86, 87, 88, 89, 90, 92, 93, 94, 95, 96, 97, 98, 99, 101, 102, 103, 104, 105, 106, 107, 108, 109, 110, 111, 112, 113, 115, 116, 117, 118, 120, 122, 123, 124, 125, 126, 127, 128, 129, 130, 131, 132, 133, 134, 135, 136, 137, 138, 139, 140, 141, 142, 143, 144, 145, 146, 147, 148, 151, 153, 154, 155, 156, 157, 158, 159, 160, 161, 162, 163, 164, 165, 166, 167, 168, 169, 170, 171, 172, 173]",140,False,2.3886986458579235e-05,-5.756183806508165e-07,8.154201613076684e-06,20.0
T5,346,346,181,165,1255,0.523121387283237,0.12604456824512536,0.20314253647586983,cao2018,S09/060720_1n,all_channel,median,median__all_channel__T5,32,174,"[0, 1, 2, 3, 4, 5, 6, 7, 8, 9, 10, 11, 12, 13, 14, 15, 16, 17, 18, 19, 20, 21, 23, 24, 25, 26, 27, 28, 30, 33, 34, 35, 37, 38, 39, 40, 41, 42, 43, 47, 48, 51, 52, 53, 54, 55, 56, 58, 65, 67, 70, 74, 76, 79, 80, 81, 82, 83, 84, 85, 86, 87, 88, 89, 90, 92, 93, 94, 95, 96, 97, 98, 99, 101, 102, 103, 104, 105, 106, 107, 108, 109, 110, 111, 112, 113, 115, 116, 117, 118, 120, 122, 123, 124, 125, 126, 127, 128, 129, 130, 131, 132, 133, 134, 135, 136, 137, 138, 139, 140, 141, 142, 143, 144, 145, 146, 147, 148, 151, 153, 154, 155, 156, 157, 158, 159, 160, 161, 162, 163, 164, 165, 166, 167, 168, 169, 170, 171, 172, 173]",140,False,1.278745810997488e-05,-2.5028001443745576e-07,4.345912708137445e-06,20.0
TP7,319,319,153,166,1283,0.47962382445141066,0.10654596100278552,0.17435897435897438,cao2018,S09/060720_1n,all_channel,median,median__all_channel__TP7,32,174,"[0, 1, 2, 3, 4, 5, 6, 7, 8, 9, 10, 11, 12, 13, 14, 15, 16, 17, 18, 19, 20, 21, 23, 24, 25, 26, 27, 28, 30, 33, 34, 35, 37, 38, 39, 40, 41, 42, 43, 47, 48, 51, 52, 53, 54, 55, 56, 58, 65, 67, 70, 74, 76, 79, 80, 81, 82, 83, 84, 85, 86, 87, 88, 89, 90, 92, 93, 94, 95, 96, 97, 98, 99, 101, 102, 103, 104, 105, 106, 107, 108, 109, 110, 111, 112, 113, 115, 116, 117, 118, 120, 122, 123, 124, 125, 126, 127, 128, 129, 130, 131, 132, 133, 134, 135, 136, 137, 138, 139, 140, 141, 142, 143, 144, 145, 146, 147, 148, 151, 153, 154, 155, 156, 157, 158, 159, 160, 161, 162, 163, 164, 165, 166, 167, 168, 169, 170, 171, 172, 173]",140,False,1.2834051895908917e-05,-2.2839959244042662e-07,4.354150496116448e-06,20.0
TP8,287,287,147,140,1289,0.5121951219512195,0.10236768802228412,0.1706326175275682,cao2018,S09/060720_1n,all_channel,median,median__all_channel__TP8,32,174,"[0, 1, 2, 3, 4, 5, 6, 7, 8, 9, 10, 11, 12, 13, 14, 15, 16, 17, 18, 19, 20, 21, 23, 24, 25, 26, 27, 28, 30, 33, 34, 35, 37, 38, 39, 40, 41, 42, 43, 47, 48, 51, 52, 53, 54, 55, 56, 58, 65, 67, 70, 74, 76, 79, 80, 81, 82, 83, 84, 85, 86, 87, 88, 89, 90, 92, 93, 94, 95, 96, 97, 98, 99, 101, 102, 103, 104, 105, 106, 107, 108, 109, 110, 111, 112, 113, 115, 116, 117, 118, 120, 122, 123, 124, 125, 126, 127, 128, 129, 130, 131, 132, 133, 134, 135, 136, 137, 138, 139, 140, 141, 142, 143, 144, 145, 146, 147, 148, 151, 153, 154, 155, 156, 157, 158, 159, 160, 161, 162, 163, 164, 165, 166, 167, 168, 169, 170, 171, 172, 173]",140,False,1.527041116052976e-05,-2.3669300936733192e-07,5.169034723299031e-06,20.0
A1,342,342,127,215,1309,0.3713450292397661,0.08844011142061281,0.14285714285714285,cao2018,S09/060720_1n,all_channel,median,median__all_channel__A1,32,174,"[0, 1, 2, 3, 4, 5, 6, 7, 8, 9, 10, 11, 12, 13, 14, 15, 16, 17, 18, 19, 20, 21, 23, 24, 25, 26, 27, 28, 30, 33, 34, 35, 37, 38, 39, 40, 41, 42, 43, 47, 48, 51, 52, 53, 54, 55, 56, 58, 65, 67, 70, 74, 76, 79, 80, 81, 82, 83, 84, 85, 86, 87, 88, 89, 90, 92, 93, 94, 95, 96, 97, 98, 99, 101, 102, 103, 104, 105, 106, 107, 108, 109, 110, 111, 112, 113, 115, 116, 117, 118, 120, 122, 123, 124, 125, 126, 127, 128, 129, 130, 131, 132, 133, 134, 135, 136, 137, 138, 139, 140, 141, 142, 143, 144, 145, 146, 147, 148, 151, 153, 154, 155, 156, 157, 158, 159, 160, 161, 162, 163, 164, 165, 166, 167, 168, 169, 170, 171, 172, 173]",140,False,7.49134079453726e-06,-3.12448436754588e-08,2.507528546070906e-06,20.0
P3,335,335,125,210,1311,0.373134328358209,0.08704735376044569,0.1411631846414455,cao2018,S09/060720_1n,all_channel,median,median__all_channel__P3,32,174,"[0, 1, 2, 3, 4, 5, 6, 7, 8, 9, 10, 11, 12, 13, 14, 15, 16, 17, 18, 19, 20, 21, 23, 24, 25, 26, 27, 28, 30, 33, 34, 35, 37, 38, 39, 40, 41, 42, 43, 47, 48, 51, 52, 53, 54, 55, 56, 58, 65, 67, 70, 74, 76, 79, 80, 81, 82, 83, 84, 85, 86, 87, 88, 89, 90, 92, 93, 94, 95, 96, 97, 98, 99, 101, 102, 103, 104, 105, 106, 107, 108, 109, 110, 111, 112, 113, 115, 116, 117, 118, 120, 122, 123, 124, 125, 126, 127, 128, 129, 130, 131, 132, 133, 134, 135, 136, 137, 138, 139, 140, 141, 142, 143, 144, 145, 146, 147, 148, 151, 153, 154, 155, 156, 157, 158, 159, 160, 161, 162, 163, 164, 165, 166, 167, 168, 169, 170, 171, 172, 173]",140,False,2.2888849704575085e-05,-6.653944484067473e-07,7.85141471766061e-06,20.0
P4,224,224,111,113,1325,0.4955357142857143,0.07729805013927576,0.13373493975903614,cao2018,S09/060720_1n,all_channel,median,median__all_channel__P4,32,174,"[0, 1, 2, 3, 4, 5, 6, 7, 8, 9, 10, 11, 12, 13, 14, 15, 16, 17, 18, 19, 20, 21, 23, 24, 25, 26, 27, 28, 30, 33, 34, 35, 37, 38, 39, 40, 41, 42, 43, 47, 48, 51, 52, 53, 54, 55, 56, 58, 65, 67, 70, 74, 76, 79, 80, 81, 82, 83, 84, 85, 86, 87, 88, 89, 90, 92, 93, 94, 95, 96, 97, 98, 99, 101, 102, 103, 104, 105, 106, 107, 108, 109, 110, 111, 112, 113, 115, 116, 117, 118, 120, 122, 123, 124, 125, 126, 127, 128, 129, 130, 131, 132, 133, 134, 135, 136, 137, 138, 139, 140, 141, 142, 143, 144, 145, 146, 147, 148, 151, 153, 154, 155, 156, 157, 158, 159, 160, 161, 162, 163, 164, 165, 166, 167, 168, 169, 170, 171, 172, 173]",140,False,2.016151890391825e-05,-3.976720966277613e-07,6.85306366684867e-06,20.0
A2,311,311,111,200,1325,0.35691318327974275,0.07729805013927576,0.12707498568975387,cao2018,S09/060720_1n,all_channel,median,median__all_channel__A2,32,174,"[0, 1, 2, 3, 4, 5, 6, 7, 8, 9, 10, 11, 12, 13, 14, 15, 16, 17, 18, 19, 20, 21, 23, 24, 25, 26, 27, 28, 30, 33, 34, 35, 37, 38, 39, 40, 41, 42, 43, 47, 48, 51, 52, 53, 54, 55, 56, 58, 65, 67, 70, 74, 76, 79, 80, 81, 82, 83, 84, 85, 86, 87, 88, 89, 90, 92, 93, 94, 95, 96, 97, 98, 99, 101, 102, 103, 104, 105, 106, 107, 108, 109, 110, 111, 112, 113, 115, 116, 117, 118, 120, 122, 123, 124, 125, 126, 127, 128, 129, 130, 131, 132, 133, 134, 135, 136, 137, 138, 139, 140, 141, 142, 143, 144, 145, 146, 147, 148, 151, 153, 154, 155, 156, 157, 158, 159, 160, 161, 162, 163, 164, 165, 166, 167, 168, 169, 170, 171, 172, 173]",140,False,7.555451568677389e-06,3.125227763192081e-08,2.5080664303484894e-06,20.0
PZ,169,169,94,75,1342,0.5562130177514792,0.06545961002785515,0.11713395638629283,cao2018,S09/060720_1n,all_channel,median,median__all_channel__PZ,32,174,"[0, 1, 2, 3, 4, 5, 6, 7, 8, 9, 10, 11, 12, 13, 14, 15, 16, 17, 18, 19, 20, 21, 23, 24, 25, 26, 27, 28, 30, 33, 34, 35, 37, 38, 39, 40, 41, 42, 43, 47, 48, 51, 52, 53, 54, 55, 56, 58, 65, 67, 70, 74, 76, 79, 80, 81, 82, 83, 84, 85, 86, 87, 88, 89, 90, 92, 93, 94, 95, 96, 97, 98, 99, 101, 102, 103, 104, 105, 106, 107, 108, 109, 110, 111, 112, 113, 115, 116, 117, 118, 120, 122, 123, 124, 125, 126, 127, 128, 129, 130, 131, 132, 133, 134, 135, 136, 137, 138, 139, 140, 141, 142, 143, 144, 145, 146, 147, 148, 151, 153, 154, 155, 156, 157, 158, 159, 160, 161, 162, 163, 164, 165, 166, 167, 168, 169, 170, 171, 172, 173]",140,False,2.1114681264916054e-05,-3.719509404718304e-07,7.162210735129295e-06,20.0
T6,200,200,78,122,1358,0.39,0.054317548746518104,0.09535452322738384,cao2018,S09/060720_1n,all_channel,median,median__all_channel__T6,32,174,"[0, 1, 2, 3, 4, 5, 6, 7, 8, 9, 10, 11, 12, 13, 14, 15, 16, 17, 18, 19, 20, 21, 23, 24, 25, 26, 27, 28, 30, 33, 34, 35, 37, 38, 39, 40, 41, 42, 43, 47, 48, 51, 52, 53, 54, 55, 56, 58, 65, 67, 70, 74, 76, 79, 80, 81, 82, 83, 84, 85, 86, 87, 88, 89, 90, 92, 93, 94, 95, 96, 97, 98, 99, 101, 102, 103, 104, 105, 106, 107, 108, 109, 110, 111, 112, 113, 115, 116, 117, 118, 120, 122, 123, 124, 125, 126, 127, 128, 129, 130, 131, 132, 133, 134, 135, 136, 137, 138, 139, 140, 141, 142, 143, 144, 145, 146, 147, 148, 151, 153, 154, 155, 156, 157, 158, 159, 160, 161, 162, 163, 164, 165, 166, 167, 168, 169, 170, 171, 172, 173]",140,False,1.3652174100301591e-05,-1.616455929442379e-07,4.604606564415276e-06,20.0
O2,169,169,43,126,1393,0.25443786982248523,0.029944289693593314,0.05358255451713396,cao2018,S09/060720_1n,all_channel,median,median__all_channel__O2,32,174,"[0, 1, 2, 3, 4, 5, 6, 7, 8, 9, 10, 11, 12, 13, 14, 15, 16, 17, 18, 19, 20, 21, 23, 24, 25, 26, 27, 28, 30, 33, 34, 35, 37, 38, 39, 40, 41, 42, 43, 47, 48, 51, 52, 53, 54, 55, 56, 58, 65, 67, 70, 74, 76, 79, 80, 81, 82, 83, 84, 85, 86, 87, 88, 89, 90, 92, 93, 94, 95, 96, 97, 98, 99, 101, 102, 103, 104, 105, 106, 107, 108, 109, 110, 111, 112, 113, 115, 116, 117, 118, 120, 122, 123, 124, 125, 126, 127, 128, 129, 130, 131, 132, 133, 134, 135, 136, 137, 138, 139, 140, 141, 142, 143, 144, 145, 146, 147, 148, 151, 153, 154, 155, 156, 157, 158, 159, 160, 161, 162, 163, 164, 165, 166, 167, 168, 169, 170, 171, 172, 173]",140,False,1.070139032037387e-05,-9.450574310630926e-08,3.5986320211600593e-06,20.0
OZ,151,151,40,111,1396,0.26490066225165565,0.027855153203342618,0.05040957781978575,cao2018,S09/060720_1n,all_channel,median,median__all_channel__OZ,32,174,"[0, 1, 2, 3, 4, 5, 6, 7, 8, 9, 10, 11, 12, 13, 14, 15, 16, 17, 18, 19, 20, 21, 23, 24, 25, 26, 27, 28, 30, 33, 34, 35, 37, 38, 39, 40, 41, 42, 43, 47, 48, 51, 52, 53, 54, 55, 56, 58, 65, 67, 70, 74, 76, 79, 80, 81, 82, 83, 84, 85, 86, 87, 88, 89, 90, 92, 93, 94, 95, 96, 97, 98, 99, 101, 102, 103, 104, 105, 106, 107, 108, 109, 110, 111, 112, 113, 115, 116, 117, 118, 120, 122, 123, 124, 125, 126, 127, 128, 129, 130, 131, 132, 133, 134, 135, 136, 137, 138, 139, 140, 141, 142, 143, 144, 145, 146, 147, 148, 151, 153, 154, 155, 156, 157, 158, 159, 160, 161, 162, 163, 164, 165, 166, 167, 168, 169, 170, 171, 172, 173]",140,False,1.176624449794404e-05,-9.604650023538957e-08,3.954096999393143e-06,20.0
O1,172,172,40,132,1396,0.23255813953488372,0.027855153203342618,0.04975124378109453,cao2018,S09/060720_1n,all_channel,median,median__all_channel__O1,32,174,"[0, 1, 2, 3, 4, 5, 6, 7, 8, 9, 10, 11, 12, 13, 14, 15, 16, 17, 18, 19, 20, 21, 23, 24, 25, 26, 27, 28, 30, 33, 34, 35, 37, 38, 39, 40, 41, 42, 43, 47, 48, 51, 52, 53, 54, 55, 56, 58, 65, 67, 70, 74, 76, 79, 80, 81, 82, 83, 84, 85, 86, 87, 88, 89, 90, 92, 93, 94, 95, 96, 97, 98, 99, 101, 102, 103, 104, 105, 106, 107, 108, 109, 110, 111, 112, 113, 115, 116, 117, 118, 120, 122, 123, 124, 125, 126, 127, 128, 129, 130, 131, 132, 133, 134, 135, 136, 137, 138, 139, 140, 141, 142, 143, 144, 145, 146, 147, 148, 151, 153, 154, 155, 156, 157, 158, 159, 160, 161, 162, 163, 164, 165, 166, 167, 168, 169, 170, 171, 172, 173]",140,False,1.1651542913504895e-05,-7.206395128136702e-08,3.907868954928754e-06,20.0
FP2,1585,1585,1401,184,35,0.8839116719242902,0.9756267409470752,0.9275074478649454,cao2018,S09/060720_1n,all_channel,mean,mean__all_channel__FP2,32,174,"[0, 1, 2, 3, 4, 5, 6, 7, 8, 9, 10, 11, 12, 13, 14, 15, 16, 17, 18, 19, 20, 21, 23, 24, 25, 26, 27, 28, 30, 33, 34, 35, 37, 38, 39, 40, 41, 42, 43, 47, 48, 51, 52, 53, 54, 55, 56, 58, 65, 67, 70, 74, 76, 79, 80, 81, 82, 83, 84, 85, 86, 87, 88, 89, 90, 92, 93, 94, 95, 96, 97, 98, 99, 101, 102, 103, 104, 105, 106, 107, 108, 109, 110, 111, 112, 113, 115, 116, 117, 118, 120, 122, 123, 124, 125, 126, 127, 128, 129, 130, 131, 132, 133, 134, 135, 136, 137, 138, 139, 140, 141, 142, 143, 144, 145, 146, 147, 148, 151, 153, 154, 155, 156, 157, 158, 159, 160, 161, 162, 163, 164, 165, 166, 167, 168, 169, 170, 171, 172, 173]",140,False,5.3355345643096494e-05,7.356174854787533e-09,1.778266315608057e-05,20.0
FP1,1582,1582,1391,191,45,0.8792667509481669,0.9686629526462396,0.9218025182239894,cao2018,S09/060720_1n,all_channel,mean,mean__all_channel__FP1,32,174,"[0, 1, 2, 3, 4, 5, 6, 7, 8, 9, 10, 11, 12, 13, 14, 15, 16, 17, 18, 19, 20, 21, 23, 24, 25, 26, 27, 28, 30, 33, 34, 35, 37, 38, 39, 40, 41, 42, 43, 47, 48, 51, 52, 53, 54, 55, 56, 58, 65, 67, 70, 74, 76, 79, 80, 81, 82, 83, 84, 85, 86, 87, 88, 89, 90, 92, 93, 94, 95, 96, 97, 98, 99, 101, 102, 103, 104, 105, 106, 107, 108, 109, 110, 111, 112, 113, 115, 116, 117, 118, 120, 122, 123, 124, 125, 126, 127, 128, 129, 130, 131, 132, 133, 134, 135, 136, 137, 138, 139, 140, 141, 142, 143, 144, 145, 146, 147, 148, 151, 153, 154, 155, 156, 157, 158, 159, 160, 161, 162, 163, 164, 165, 166, 167, 168, 169, 170, 171, 172, 173]",140,False,5.950932845240596e-05,2.0545570623434956e-08,1.9829594293927508e-05,20.0
FZ,1251,1251,1123,128,313,0.8976818545163869,0.782033426183844,0.8358764421287681,cao2018,S09/060720_1n,all_channel,mean,mean__all_channel__FZ,32,174,"[0, 1, 2, 3, 4, 5, 6, 7, 8, 9, 10, 11, 12, 13, 14, 15, 16, 17, 18, 19, 20, 21, 23, 24, 25, 26, 27, 28, 30, 33, 34, 35, 37, 38, 39, 40, 41, 42, 43, 47, 48, 51, 52, 53, 54, 55, 56, 58, 65, 67, 70, 74, 76, 79, 80, 81, 82, 83, 84, 85, 86, 87, 88, 89, 90, 92, 93, 94, 95, 96, 97, 98, 99, 101, 102, 103, 104, 105, 106, 107, 108, 109, 110, 111, 112, 113, 115, 116, 117, 118, 120, 122, 123, 124, 125, 126, 127, 128, 129, 130, 131, 132, 133, 134, 135, 136, 137, 138, 139, 140, 141, 142, 143, 144, 145, 146, 147, 148, 151, 153, 154, 155, 156, 157, 158, 159, 160, 161, 162, 163, 164, 165, 166, 167, 168, 169, 170, 171, 172, 173]",140,False,3.6548989817260066e-05,7.134330001057538e-09,1.2180618495753003e-05,20.0
F4,1239,1239,1057,182,379,0.8531073446327684,0.7360724233983287,0.7902803738317757,cao2018,S09/060720_1n,all_channel,mean,mean__all_channel__F4,32,174,"[0, 1, 2, 3, 4, 5, 6, 7, 8, 9, 10, 11, 12, 13, 14, 15, 16, 17, 18, 19, 20, 21, 23, 24, 25, 26, 27, 28, 30, 33, 34, 35, 37, 38, 39, 40, 41, 42, 43, 47, 48, 51, 52, 53, 54, 55, 56, 58, 65, 67, 70, 74, 76, 79, 80, 81, 82, 83, 84, 85, 86, 87, 88, 89, 90, 92, 93, 94, 95, 96, 97, 98, 99, 101, 102, 103, 104, 105, 106, 107, 108, 109, 110, 111, 112, 113, 115, 116, 117, 118, 120, 122, 123, 124, 125, 126, 127, 128, 129, 130, 131, 132, 133, 134, 135, 136, 137, 138, 139, 140, 141, 142, 143, 144, 145, 146, 147, 148, 151, 153, 154, 155, 156, 157, 158, 159, 160, 161, 162, 163, 164, 165, 166, 167, 168, 169, 170, 171, 172, 173]",140,False,3.59438925154784e-05,1.793082315134949e-08,1.1975320564109017e-05,20.0
F8,1177,1177,1013,164,423,0.8606627017841971,0.7054317548746518,0.7753539992345961,cao2018,S09/060720_1n,all_channel,mean,mean__all_channel__F8,32,174,"[0, 1, 2, 3, 4, 5, 6, 7, 8, 9, 10, 11, 12, 13, 14, 15, 16, 17, 18, 19, 20, 21, 23, 24, 25, 26, 27, 28, 30, 33, 34, 35, 37, 38, 39, 40, 41, 42, 43, 47, 48, 51, 52, 53, 54, 55, 56, 58, 65, 67, 70, 74, 76, 79, 80, 81, 82, 83, 84, 85, 86, 87, 88, 89, 90, 92, 93, 94, 95, 96, 97, 98, 99, 101, 102, 103, 104, 105, 106, 107, 108, 109, 110, 111, 112, 113, 115, 116, 117, 118, 120, 122, 123, 124, 125, 126, 127, 128, 129, 130, 131, 132, 133, 134, 135, 136, 137, 138, 139, 140, 141, 142, 143, 144, 145, 146, 147, 148, 151, 153, 154, 155, 156, 157, 158, 159, 160, 161, 162, 163, 164, 165, 166, 167, 168, 169, 170, 171, 172, 173]",140,False,3.794343172203485e-05,-8.955576408767944e-09,1.2650795766147873e-05,20.0
F7,1241,1241,1036,205,400,0.8348106365834005,0.7214484679665738,0.7740007471049682,cao2018,S09/060720_1n,all_channel,mean,mean__all_channel__F7,32,174,"[0, 1, 2, 3, 4, 5, 6, 7, 8, 9, 10, 11, 12, 13, 14, 15, 16, 17, 18, 19, 20, 21, 23, 24, 25, 26, 27, 28, 30, 33, 34, 35, 37, 38, 39, 40, 41, 42, 43, 47, 48, 51, 52, 53, 54, 55, 56, 58, 65, 67, 70, 74, 76, 79, 80, 81, 82, 83, 84, 85, 86, 87, 88, 89, 90, 92, 93, 94, 95, 96, 97, 98, 99, 101, 102, 103, 104, 105, 106, 107, 108, 109, 110, 111, 112, 113, 115, 116, 117, 118, 120, 122, 123, 124, 125, 126, 127, 128, 129, 130, 131, 132, 133, 134, 135, 136, 137, 138, 139, 140, 141, 142, 143, 144, 145, 146, 147, 148, 151, 153, 154, 155, 156, 157, 158, 159, 160, 161, 162, 163, 164, 165, 166, 167, 168, 169, 170, 171, 172, 173]",140,False,4.270901957183416e-05,1.6158910457255666e-08,1.42309535537923e-05,20.0
F3,1122,1122,984,138,452,0.8770053475935828,0.6852367688022284,0.7693510555121189,cao2018,S09/060720_1n,all_channel,mean,mean__all_channel__F3,32,174,"[0, 1, 2, 3, 4, 5, 6, 7, 8, 9, 10, 11, 12, 13, 14, 15, 16, 17, 18, 19, 20, 21, 23, 24, 25, 26, 27, 28, 30, 33, 34, 35, 37, 38, 39, 40, 41, 42, 43, 47, 48, 51, 52, 53, 54, 55, 56, 58, 65, 67, 70, 74, 76, 79, 80, 81, 82, 83, 84, 85, 86, 87, 88, 89, 90, 92, 93, 94, 95, 96, 97, 98, 99, 101, 102, 103, 104, 105, 106, 107, 108, 109, 110, 111, 112, 113, 115, 116, 117, 118, 120, 122, 123, 124, 125, 126, 127, 128, 129, 130, 131, 132, 133, 134, 135, 136, 137, 138, 139, 140, 141, 142, 143, 144, 145, 146, 147, 148, 151, 153, 154, 155, 156, 157, 158, 159, 160, 161, 162, 163, 164, 165, 166, 167, 168, 169, 170, 171, 172, 173]",140,False,4.350521589863424e-05,2.500322738066531e-08,1.4493404223751192e-05,20.0
FC3,866,866,720,146,716,0.8314087759815243,0.5013927576601671,0.6255430060816681,cao2018,S09/060720_1n,all_channel,mean,mean__all_channel__FC3,32,174,"[0, 1, 2, 3, 4, 5, 6, 7, 8, 9, 10, 11, 12, 13, 14, 15, 16, 17, 18, 19, 20, 21, 23, 24, 25, 26, 27, 28, 30, 33, 34, 35, 37, 38, 39, 40, 41, 42, 43, 47, 48, 51, 52, 53, 54, 55, 56, 58, 65, 67, 70, 74, 76, 79, 80, 81, 82, 83, 84, 85, 86, 87, 88, 89, 90, 92, 93, 94, 95, 96, 97, 98, 99, 101, 102, 103, 104, 105, 106, 107, 108, 109, 110, 111, 112, 113, 115, 116, 117, 118, 120, 122, 123, 124, 125, 126, 127, 128, 129, 130, 131, 132, 133, 134, 135, 136, 137, 138, 139, 140, 141, 142, 143, 144, 145, 146, 147, 148, 151, 153, 154, 155, 156, 157, 158, 159, 160, 161, 162, 163, 164, 165, 166, 167, 168, 169, 170, 171, 172, 173]",140,False,3.094943273489141e-05,8.606002784002905e-09,1.0313608910702468e-05,20.0
FT7,798,798,613,185,823,0.768170426065163,0.4268802228412256,0.5487914055505819,cao2018,S09/060720_1n,all_channel,mean,mean__all_channel__FT7,32,174,"[0, 1, 2, 3, 4, 5, 6, 7, 8, 9, 10, 11, 12, 13, 14, 15, 16, 17, 18, 19, 20, 21, 23, 24, 25, 26, 27, 28, 30, 33, 34, 35, 37, 38, 39, 40, 41, 42, 43, 47, 48, 51, 52, 53, 54, 55, 56, 58, 65, 67, 70, 74, 76, 79, 80, 81, 82, 83, 84, 85, 86, 87, 88, 89, 90, 92, 93, 94, 95, 96, 97, 98, 99, 101, 102, 103, 104, 105, 106, 107, 108, 109, 110, 111, 112, 113, 115, 116, 117, 118, 120, 122, 123, 124, 125, 126, 127, 128, 129, 130, 131, 132, 133, 134, 135, 136, 137, 138, 139, 140, 141, 142, 143, 144, 145, 146, 147, 148, 151, 153, 154, 155, 156, 157, 158, 159, 160, 161, 162, 163, 164, 165, 166, 167, 168, 169, 170, 171, 172, 173]",140,False,2.9233469604676806e-05,1.0283001411500645e-08,9.741062201088436e-06,20.0
FCZ,635,635,554,81,882,0.8724409448818897,0.38579387186629527,0.5350072428778367,cao2018,S09/060720_1n,all_channel,mean,mean__all_channel__FCZ,32,174,"[0, 1, 2, 3, 4, 5, 6, 7, 8, 9, 10, 11, 12, 13, 14, 15, 16, 17, 18, 19, 20, 21, 23, 24, 25, 26, 27, 28, 30, 33, 34, 35, 37, 38, 39, 40, 41, 42, 43, 47, 48, 51, 52, 53, 54, 55, 56, 58, 65, 67, 70, 74, 76, 79, 80, 81, 82, 83, 84, 85, 86, 87, 88, 89, 90, 92, 93, 94, 95, 96, 97, 98, 99, 101, 102, 103, 104, 105, 106, 107, 108, 109, 110, 111, 112, 113, 115, 116, 117, 118, 120, 122, 123, 124, 125, 126, 127, 128, 129, 130, 131, 132, 133, 134, 135, 136, 137, 138, 139, 140, 141, 142, 143, 144, 145, 146, 147, 148, 151, 153, 154, 155, 156, 157, 158, 159, 160, 161, 162, 163, 164, 165, 166, 167, 168, 169, 170, 171, 172, 173]",140,False,3.138599298346594e-05,1.6707567483840205e-09,1.0461440742239185e-05,20.0
FC4,708,708,508,200,928,0.7175141242937854,0.35376044568245124,0.47388059701492535,cao2018,S09/060720_1n,all_channel,mean,mean__all_channel__FC4,32,174,"[0, 1, 2, 3, 4, 5, 6, 7, 8, 9, 10, 11, 12, 13, 14, 15, 16, 17, 18, 19, 20, 21, 23, 24, 25, 26, 27, 28, 30, 33, 34, 35, 37, 38, 39, 40, 41, 42, 43, 47, 48, 51, 52, 53, 54, 55, 56, 58, 65, 67, 70, 74, 76, 79, 80, 81, 82, 83, 84, 85, 86, 87, 88, 89, 90, 92, 93, 94, 95, 96, 97, 98, 99, 101, 102, 103, 104, 105, 106, 107, 108, 109, 110, 111, 112, 113, 115, 116, 117, 118, 120, 122, 123, 124, 125, 126, 127, 128, 129, 130, 131, 132, 133, 134, 135, 136, 137, 138, 139, 140, 141, 142, 143, 144, 145, 146, 147, 148, 151, 153, 154, 155, 156, 157, 158, 159, 160, 161, 162, 163, 164, 165, 166, 167, 168, 169, 170, 171, 172, 173]",140,False,2.786961755707074e-05,-7.022886412100649e-09,9.292213481160948e-06,20.0
FT8,614,614,473,141,963,0.7703583061889251,0.3293871866295265,0.4614634146341464,cao2018,S09/060720_1n,all_channel,mean,mean__all_channel__FT8,32,174,"[0, 1, 2, 3, 4, 5, 6, 7, 8, 9, 10, 11, 12, 13, 14, 15, 16, 17, 18, 19, 20, 21, 23, 24, 25, 26, 27, 28, 30, 33, 34, 35, 37, 38, 39, 40, 41, 42, 43, 47, 48, 51, 52, 53, 54, 55, 56, 58, 65, 67, 70, 74, 76, 79, 80, 81, 82, 83, 84, 85, 86, 87, 88, 89, 90, 92, 93, 94, 95, 96, 97, 98, 99, 101, 102, 103, 104, 105, 106, 107, 108, 109, 110, 111, 112, 113, 115, 116, 117, 118, 120, 122, 123, 124, 125, 126, 127, 128, 129, 130, 131, 132, 133, 134, 135, 136, 137, 138, 139, 140, 141, 142, 143, 144, 145, 146, 147, 148, 151, 153, 154, 155, 156, 157, 158, 159, 160, 161, 162, 163, 164, 165, 166, 167, 168, 169, 170, 171, 172, 173]",140,False,2.5712816949175667e-05,-5.835774291793252e-10,8.571133508868282e-06,20.0
C3,545,545,419,126,1017,0.7688073394495413,0.2917827298050139,0.4230186774356386,cao2018,S09/060720_1n,all_channel,mean,mean__all_channel__C3,32,174,"[0, 1, 2, 3, 4, 5, 6, 7, 8, 9, 10, 11, 12, 13, 14, 15, 16, 17, 18, 19, 20, 21, 23, 24, 25, 26, 27, 28, 30, 33, 34, 35, 37, 38, 39, 40, 41, 42, 43, 47, 48, 51, 52, 53, 54, 55, 56, 58, 65, 67, 70, 74, 76, 79, 80, 81, 82, 83, 84, 85, 86, 87, 88, 89, 90, 92, 93, 94, 95, 96, 97, 98, 99, 101, 102, 103, 104, 105, 106, 107, 108, 109, 110, 111, 112, 113, 115, 116, 117, 118, 120, 122, 123, 124, 125, 126, 127, 128, 129, 130, 131, 132, 133, 134, 135, 136, 137, 138, 139, 140, 141, 142, 143, 144, 145, 146, 147, 148, 151, 153, 154, 155, 156, 157, 158, 159, 160, 161, 162, 163, 164, 165, 166, 167, 168, 169, 170, 171, 172, 173]",140,False,2.6796970176567557e-05,3.84411667197313e-09,8.931042019965195e-06,20.0
C4,594,594,406,188,1030,0.6835016835016835,0.2827298050139276,0.39999999999999997,cao2018,S09/060720_1n,all_channel,mean,mean__all_channel__C4,32,174,"[0, 1, 2, 3, 4, 5, 6, 7, 8, 9, 10, 11, 12, 13, 14, 15, 16, 17, 18, 19, 20, 21, 23, 24, 25, 26, 27, 28, 30, 33, 34, 35, 37, 38, 39, 40, 41, 42, 43, 47, 48, 51, 52, 53, 54, 55, 56, 58, 65, 67, 70, 74, 76, 79, 80, 81, 82, 83, 84, 85, 86, 87, 88, 89, 90, 92, 93, 94, 95, 96, 97, 98, 99, 101, 102, 103, 104, 105, 106, 107, 108, 109, 110, 111, 112, 113, 115, 116, 117, 118, 120, 122, 123, 124, 125, 126, 127, 128, 129, 130, 131, 132, 133, 134, 135, 136, 137, 138, 139, 140, 141, 142, 143, 144, 145, 146, 147, 148, 151, 153, 154, 155, 156, 157, 158, 159, 160, 161, 162, 163, 164, 165, 166, 167, 168, 169, 170, 171, 172, 173]",140,False,2.6507995408357583e-05,-4.4463823377570255e-09,8.837480596898446e-06,20.0
T4,380,380,243,137,1193,0.6394736842105263,0.1692200557103064,0.2676211453744493,cao2018,S09/060720_1n,all_channel,mean,mean__all_channel__T4,32,174,"[0, 1, 2, 3, 4, 5, 6, 7, 8, 9, 10, 11, 12, 13, 14, 15, 16, 17, 18, 19, 20, 21, 23, 24, 25, 26, 27, 28, 30, 33, 34, 35, 37, 38, 39, 40, 41, 42, 43, 47, 48, 51, 52, 53, 54, 55, 56, 58, 65, 67, 70, 74, 76, 79, 80, 81, 82, 83, 84, 85, 86, 87, 88, 89, 90, 92, 93, 94, 95, 96, 97, 98, 99, 101, 102, 103, 104, 105, 106, 107, 108, 109, 110, 111, 112, 113, 115, 116, 117, 118, 120, 122, 123, 124, 125, 126, 127, 128, 129, 130, 131, 132, 133, 134, 135, 136, 137, 138, 139, 140, 141, 142, 143, 144, 145, 146, 147, 148, 151, 153, 154, 155, 156, 157, 158, 159, 160, 161, 162, 163, 164, 165, 166, 167, 168, 169, 170, 171, 172, 173]",140,False,2.0507496900770563e-05,-1.3642272832347016e-09,6.836287042684599e-06,20.0
CZ,326,326,233,93,1203,0.7147239263803681,0.16225626740947074,0.264472190692395,cao2018,S09/060720_1n,all_channel,mean,mean__all_channel__CZ,32,174,"[0, 1, 2, 3, 4, 5, 6, 7, 8, 9, 10, 11, 12, 13, 14, 15, 16, 17, 18, 19, 20, 21, 23, 24, 25, 26, 27, 28, 30, 33, 34, 35, 37, 38, 39, 40, 41, 42, 43, 47, 48, 51, 52, 53, 54, 55, 56, 58, 65, 67, 70, 74, 76, 79, 80, 81, 82, 83, 84, 85, 86, 87, 88, 89, 90, 92, 93, 94, 95, 96, 97, 98, 99, 101, 102, 103, 104, 105, 106, 107, 108, 109, 110, 111, 112, 113, 115, 116, 117, 118, 120, 122, 123, 124, 125, 126, 127, 128, 129, 130, 131, 132, 133, 134, 135, 136, 137, 138, 139, 140, 141, 142, 143, 144, 145, 146, 147, 148, 151, 153, 154, 155, 156, 157, 158, 159, 160, 161, 162, 163, 164, 165, 166, 167, 168, 169, 170, 171, 172, 173]",140,False,2.8284897574811513e-05,5.932510067473707e-10,9.428101441268255e-06,20.0
T3,409,409,241,168,1195,0.589242053789731,0.16782729805013927,0.2612466124661247,cao2018,S09/060720_1n,all_channel,mean,mean__all_channel__T3,32,174,"[0, 1, 2, 3, 4, 5, 6, 7, 8, 9, 10, 11, 12, 13, 14, 15, 16, 17, 18, 19, 20, 21, 23, 24, 25, 26, 27, 28, 30, 33, 34, 35, 37, 38, 39, 40, 41, 42, 43, 47, 48, 51, 52, 53, 54, 55, 56, 58, 65, 67, 70, 74, 76, 79, 80, 81, 82, 83, 84, 85, 86, 87, 88, 89, 90, 92, 93, 94, 95, 96, 97, 98, 99, 101, 102, 103, 104, 105, 106, 107, 108, 109, 110, 111, 112, 113, 115, 116, 117, 118, 120, 122, 123, 124, 125, 126, 127, 128, 129, 130, 131, 132, 133, 134, 135, 136, 137, 138, 139, 140, 141, 142, 143, 144, 145, 146, 147, 148, 151, 153, 154, 155, 156, 157, 158, 159, 160, 161, 162, 163, 164, 165, 166, 167, 168, 169, 170, 171, 172, 173]",140,False,1.986402738012202e-05,7.357276959885191e-09,6.618890034387379e-06,20.0
CP3,312,312,221,91,1215,0.7083333333333334,0.15389972144846797,0.2528604118993135,cao2018,S09/060720_1n,all_channel,mean,mean__all_channel__CP3,32,174,"[0, 1, 2, 3, 4, 5, 6, 7, 8, 9, 10, 11, 12, 13, 14, 15, 16, 17, 18, 19, 20, 21, 23, 24, 25, 26, 27, 28, 30, 33, 34, 35, 37, 38, 39, 40, 41, 42, 43, 47, 48, 51, 52, 53, 54, 55, 56, 58, 65, 67, 70, 74, 76, 79, 80, 81, 82, 83, 84, 85, 86, 87, 88, 89, 90, 92, 93, 94, 95, 96, 97, 98, 99, 101, 102, 103, 104, 105, 106, 107, 108, 109, 110, 111, 112, 113, 115, 116, 117, 118, 120, 122, 123, 124, 125, 126, 127, 128, 129, 130, 131, 132, 133, 134, 135, 136, 137, 138, 139, 140, 141, 142, 143, 144, 145, 146, 147, 148, 151, 153, 154, 155, 156, 157, 158, 159, 160, 161, 162, 163, 164, 165, 166, 167, 168, 169, 170, 171, 172, 173]",140,False,2.211032602909662e-05,2.5042890193883413e-09,7.369273913359077e-06,20.0
CP4,311,311,178,133,1258,0.572347266881029,0.12395543175487465,0.20377790497996567,cao2018,S09/060720_1n,all_channel,mean,mean__all_channel__CP4,32,174,"[0, 1, 2, 3, 4, 5, 6, 7, 8, 9, 10, 11, 12, 13, 14, 15, 16, 17, 18, 19, 20, 21, 23, 24, 25, 26, 27, 28, 30, 33, 34, 35, 37, 38, 39, 40, 41, 42, 43, 47, 48, 51, 52, 53, 54, 55, 56, 58, 65, 67, 70, 74, 76, 79, 80, 81, 82, 83, 84, 85, 86, 87, 88, 89, 90, 92, 93, 94, 95, 96, 97, 98, 99, 101, 102, 103, 104, 105, 106, 107, 108, 109, 110, 111, 112, 113, 115, 116, 117, 118, 120, 122, 123, 124, 125, 126, 127, 128, 129, 130, 131, 132, 133, 134, 135, 136, 137, 138, 139, 140, 141, 142, 143, 144, 145, 146, 147, 148, 151, 153, 154, 155, 156, 157, 158, 159, 160, 161, 162, 163, 164, 165, 166, 167, 168, 169, 170, 171, 172, 173]",140,False,2.3434572143869685e-05,-1.304814937001438e-09,7.811958986268897e-06,20.0
CPZ,233,233,156,77,1280,0.6695278969957081,0.10863509749303621,0.18693828639904134,cao2018,S09/060720_1n,all_channel,mean,mean__all_channel__CPZ,32,174,"[0, 1, 2, 3, 4, 5, 6, 7, 8, 9, 10, 11, 12, 13, 14, 15, 16, 17, 18, 19, 20, 21, 23, 24, 25, 26, 27, 28, 30, 33, 34, 35, 37, 38, 39, 40, 41, 42, 43, 47, 48, 51, 52, 53, 54, 55, 56, 58, 65, 67, 70, 74, 76, 79, 80, 81, 82, 83, 84, 85, 86, 87, 88, 89, 90, 92, 93, 94, 95, 96, 97, 98, 99, 101, 102, 103, 104, 105, 106, 107, 108, 109, 110, 111, 112, 113, 115, 116, 117, 118, 120, 122, 123, 124, 125, 126, 127, 128, 129, 130, 131, 132, 133, 134, 135, 136, 137, 138, 139, 140, 141, 142, 143, 144, 145, 146, 147, 148, 151, 153, 154, 155, 156, 157, 158, 159, 160, 161, 162, 163, 164, 165, 166, 167, 168, 169, 170, 171, 172, 173]",140,False,2.445976111600872e-05,-2.8437232213321926e-09,8.154201613076684e-06,20.0
T5,314,314,162,152,1274,0.5159235668789809,0.11281337047353761,0.18514285714285716,cao2018,S09/060720_1n,all_channel,mean,mean__all_channel__T5,32,174,"[0, 1, 2, 3, 4, 5, 6, 7, 8, 9, 10, 11, 12, 13, 14, 15, 16, 17, 18, 19, 20, 21, 23, 24, 25, 26, 27, 28, 30, 33, 34, 35, 37, 38, 39, 40, 41, 42, 43, 47, 48, 51, 52, 53, 54, 55, 56, 58, 65, 67, 70, 74, 76, 79, 80, 81, 82, 83, 84, 85, 86, 87, 88, 89, 90, 92, 93, 94, 95, 96, 97, 98, 99, 101, 102, 103, 104, 105, 106, 107, 108, 109, 110, 111, 112, 113, 115, 116, 117, 118, 120, 122, 123, 124, 125, 126, 127, 128, 129, 130, 131, 132, 133, 134, 135, 136, 137, 138, 139, 140, 141, 142, 143, 144, 145, 146, 147, 148, 151, 153, 154, 155, 156, 157, 158, 159, 160, 161, 162, 163, 164, 165, 166, 167, 168, 169, 170, 171, 172, 173]",140,False,1.3039594037758091e-05,1.8559133457568e-09,4.345912708137445e-06,20.0
TP7,299,299,142,157,1294,0.47491638795986624,0.0988857938718663,0.16368876080691647,cao2018,S09/060720_1n,all_channel,mean,mean__all_channel__TP7,32,174,"[0, 1, 2, 3, 4, 5, 6, 7, 8, 9, 10, 11, 12, 13, 14, 15, 16, 17, 18, 19, 20, 21, 23, 24, 25, 26, 27, 28, 30, 33, 34, 35, 37, 38, 39, 40, 41, 42, 43, 47, 48, 51, 52, 53, 54, 55, 56, 58, 65, 67, 70, 74, 76, 79, 80, 81, 82, 83, 84, 85, 86, 87, 88, 89, 90, 92, 93, 94, 95, 96, 97, 98, 99, 101, 102, 103, 104, 105, 106, 107, 108, 109, 110, 111, 112, 113, 115, 116, 117, 118, 120, 122, 123, 124, 125, 126, 127, 128, 129, 130, 131, 132, 133, 134, 135, 136, 137, 138, 139, 140, 141, 142, 143, 144, 145, 146, 147, 148, 151, 153, 154, 155, 156, 157, 158, 159, 160, 161, 162, 163, 164, 165, 166, 167, 168, 169, 170, 171, 172, 173]",140,False,1.3064642806472082e-05,2.191318122737324e-09,4.354150496116448e-06,20.0
TP8,275,275,139,136,1297,0.5054545454545455,0.0967966573816156,0.1624780829924021,cao2018,S09/060720_1n,all_channel,mean,mean__all_channel__TP8,32,174,"[0, 1, 2, 3, 4, 5, 6, 7, 8, 9, 10, 11, 12, 13, 14, 15, 16, 17, 18, 19, 20, 21, 23, 24, 25, 26, 27, 28, 30, 33, 34, 35, 37, 38, 39, 40, 41, 42, 43, 47, 48, 51, 52, 53, 54, 55, 56, 58, 65, 67, 70, 74, 76, 79, 80, 81, 82, 83, 84, 85, 86, 87, 88, 89, 90, 92, 93, 94, 95, 96, 97, 98, 99, 101, 102, 103, 104, 105, 106, 107, 108, 109, 110, 111, 112, 113, 115, 116, 117, 118, 120, 122, 123, 124, 125, 126, 127, 128, 129, 130, 131, 132, 133, 134, 135, 136, 137, 138, 139, 140, 141, 142, 143, 144, 145, 146, 147, 148, 151, 153, 154, 155, 156, 157, 158, 159, 160, 161, 162, 163, 164, 165, 166, 167, 168, 169, 170, 171, 172, 173]",140,False,1.5502017113873546e-05,-5.087056023547102e-09,5.169034723299031e-06,20.0
A1,342,342,127,215,1309,0.3713450292397661,0.08844011142061281,0.14285714285714285,cao2018,S09/060720_1n,all_channel,mean,mean__all_channel__A1,32,174,"[0, 1, 2, 3, 4, 5, 6, 7, 8, 9, 10, 11, 12, 13, 14, 15, 16, 17, 18, 19, 20, 21, 23, 24, 25, 26, 27, 28, 30, 33, 34, 35, 37, 38, 39, 40, 41, 42, 43, 47, 48, 51, 52, 53, 54, 55, 56, 58, 65, 67, 70, 74, 76, 79, 80, 81, 82, 83, 84, 85, 86, 87, 88, 89, 90, 92, 93, 94, 95, 96, 97, 98, 99, 101, 102, 103, 104, 105, 106, 107, 108, 109, 110, 111, 112, 113, 115, 116, 117, 118, 120, 122, 123, 124, 125, 126, 127, 128, 129, 130, 131, 132, 133, 134, 135, 136, 137, 138, 139, 140, 141, 142, 143, 144, 145, 146, 147, 148, 151, 153, 154, 155, 156, 157, 158, 159, 160, 161, 162, 163, 164, 165, 166, 167, 168, 169, 170, 171, 172, 173]",140,False,7.527240949991576e-06,4.6553117788572076e-09,2.507528546070906e-06,20.0
P3,306,306,116,190,1320,0.3790849673202614,0.0807799442896936,0.13318025258323765,cao2018,S09/060720_1n,all_channel,mean,mean__all_channel__P3,32,174,"[0, 1, 2, 3, 4, 5, 6, 7, 8, 9, 10, 11, 12, 13, 14, 15, 16, 17, 18, 19, 20, 21, 23, 24, 25, 26, 27, 28, 30, 33, 34, 35, 37, 38, 39, 40, 41, 42, 43, 47, 48, 51, 52, 53, 54, 55, 56, 58, 65, 67, 70, 74, 76, 79, 80, 81, 82, 83, 84, 85, 86, 87, 88, 89, 90, 92, 93, 94, 95, 96, 97, 98, 99, 101, 102, 103, 104, 105, 106, 107, 108, 109, 110, 111, 112, 113, 115, 116, 117, 118, 120, 122, 123, 124, 125, 126, 127, 128, 129, 130, 131, 132, 133, 134, 135, 136, 137, 138, 139, 140, 141, 142, 143, 144, 145, 146, 147, 148, 151, 153, 154, 155, 156, 157, 158, 159, 160, 161, 162, 163, 164, 165, 166, 167, 168, 169, 170, 171, 172, 173]",140,False,2.356152854575209e-05,7.284392770260546e-09,7.85141471766061e-06,20.0
A2,317,317,112,205,1324,0.35331230283911674,0.07799442896935933,0.127780946948089,cao2018,S09/060720_1n,all_channel,mean,mean__all_channel__A2,32,174,"[0, 1, 2, 3, 4, 5, 6, 7, 8, 9, 10, 11, 12, 13, 14, 15, 16, 17, 18, 19, 20, 21, 23, 24, 25, 26, 27, 28, 30, 33, 34, 35, 37, 38, 39, 40, 41, 42, 43, 47, 48, 51, 52, 53, 54, 55, 56, 58, 65, 67, 70, 74, 76, 79, 80, 81, 82, 83, 84, 85, 86, 87, 88, 89, 90, 92, 93, 94, 95, 96, 97, 98, 99, 101, 102, 103, 104, 105, 106, 107, 108, 109, 110, 111, 112, 113, 115, 116, 117, 118, 120, 122, 123, 124, 125, 126, 127, 128, 129, 130, 131, 132, 133, 134, 135, 136, 137, 138, 139, 140, 141, 142, 143, 144, 145, 146, 147, 148, 151, 153, 154, 155, 156, 157, 158, 159, 160, 161, 162, 163, 164, 165, 166, 167, 168, 169, 170, 171, 172, 173]",140,False,7.5195387098547675e-06,-4.660581190700054e-09,2.5080664303484894e-06,20.0
P4,201,201,99,102,1337,0.4925373134328358,0.06894150417827298,0.1209529627367135,cao2018,S09/060720_1n,all_channel,mean,mean__all_channel__P4,32,174,"[0, 1, 2, 3, 4, 5, 6, 7, 8, 9, 10, 11, 12, 13, 14, 15, 16, 17, 18, 19, 20, 21, 23, 24, 25, 26, 27, 28, 30, 33, 34, 35, 37, 38, 39, 40, 41, 42, 43, 47, 48, 51, 52, 53, 54, 55, 56, 58, 65, 67, 70, 74, 76, 79, 80, 81, 82, 83, 84, 85, 86, 87, 88, 89, 90, 92, 93, 94, 95, 96, 97, 98, 99, 101, 102, 103, 104, 105, 106, 107, 108, 109, 110, 111, 112, 113, 115, 116, 117, 118, 120, 122, 123, 124, 125, 126, 127, 128, 129, 130, 131, 132, 133, 134, 135, 136, 137, 138, 139, 140, 141, 142, 143, 144, 145, 146, 147, 148, 151, 153, 154, 155, 156, 157, 158, 159, 160, 161, 162, 163, 164, 165, 166, 167, 168, 169, 170, 171, 172, 173]",140,False,2.0557418182912753e-05,-1.7728176332571424e-09,6.85306366684867e-06,20.0
PZ,155,155,82,73,1354,0.5290322580645161,0.057103064066852366,0.10307982401005655,cao2018,S09/060720_1n,all_channel,mean,mean__all_channel__PZ,32,174,"[0, 1, 2, 3, 4, 5, 6, 7, 8, 9, 10, 11, 12, 13, 14, 15, 16, 17, 18, 19, 20, 21, 23, 24, 25, 26, 27, 28, 30, 33, 34, 35, 37, 38, 39, 40, 41, 42, 43, 47, 48, 51, 52, 53, 54, 55, 56, 58, 65, 67, 70, 74, 76, 79, 80, 81, 82, 83, 84, 85, 86, 87, 88, 89, 90, 92, 93, 94, 95, 96, 97, 98, 99, 101, 102, 103, 104, 105, 106, 107, 108, 109, 110, 111, 112, 113, 115, 116, 117, 118, 120, 122, 123, 124, 125, 126, 127, 128, 129, 130, 131, 132, 133, 134, 135, 136, 137, 138, 139, 140, 141, 142, 143, 144, 145, 146, 147, 148, 151, 153, 154, 155, 156, 157, 158, 159, 160, 161, 162, 163, 164, 165, 166, 167, 168, 169, 170, 171, 172, 173]",140,False,2.1485315557491983e-05,-1.3166478959005472e-09,7.162210735129295e-06,20.0
T6,195,195,77,118,1359,0.39487179487179486,0.05362116991643454,0.09442060085836909,cao2018,S09/060720_1n,all_channel,mean,mean__all_channel__T6,32,174,"[0, 1, 2, 3, 4, 5, 6, 7, 8, 9, 10, 11, 12, 13, 14, 15, 16, 17, 18, 19, 20, 21, 23, 24, 25, 26, 27, 28, 30, 33, 34, 35, 37, 38, 39, 40, 41, 42, 43, 47, 48, 51, 52, 53, 54, 55, 56, 58, 65, 67, 70, 74, 76, 79, 80, 81, 82, 83, 84, 85, 86, 87, 88, 89, 90, 92, 93, 94, 95, 96, 97, 98, 99, 101, 102, 103, 104, 105, 106, 107, 108, 109, 110, 111, 112, 113, 115, 116, 117, 118, 120, 122, 123, 124, 125, 126, 127, 128, 129, 130, 131, 132, 133, 134, 135, 136, 137, 138, 139, 140, 141, 142, 143, 144, 145, 146, 147, 148, 151, 153, 154, 155, 156, 157, 158, 159, 160, 161, 162, 163, 164, 165, 166, 167, 168, 169, 170, 171, 172, 173]",140,False,1.3807795013544765e-05,-6.0246797010627904e-09,4.604606564415276e-06,20.0
O2,163,163,42,121,1394,0.25766871165644173,0.02924791086350975,0.052532833020637895,cao2018,S09/060720_1n,all_channel,mean,mean__all_channel__O2,32,174,"[0, 1, 2, 3, 4, 5, 6, 7, 8, 9, 10, 11, 12, 13, 14, 15, 16, 17, 18, 19, 20, 21, 23, 24, 25, 26, 27, 28, 30, 33, 34, 35, 37, 38, 39, 40, 41, 42, 43, 47, 48, 51, 52, 53, 54, 55, 56, 58, 65, 67, 70, 74, 76, 79, 80, 81, 82, 83, 84, 85, 86, 87, 88, 89, 90, 92, 93, 94, 95, 96, 97, 98, 99, 101, 102, 103, 104, 105, 106, 107, 108, 109, 110, 111, 112, 113, 115, 116, 117, 118, 120, 122, 123, 124, 125, 126, 127, 128, 129, 130, 131, 132, 133, 134, 135, 136, 137, 138, 139, 140, 141, 142, 143, 144, 145, 146, 147, 148, 151, 153, 154, 155, 156, 157, 158, 159, 160, 161, 162, 163, 164, 165, 166, 167, 168, 169, 170, 171, 172, 173]",140,False,1.0794184627320663e-05,-1.7114361595142234e-09,3.5986320211600593e-06,20.0
O1,171,171,39,132,1397,0.22807017543859648,0.027158774373259052,0.048537647790914754,cao2018,S09/060720_1n,all_channel,mean,mean__all_channel__O1,32,174,"[0, 1, 2, 3, 4, 5, 6, 7, 8, 9, 10, 11, 12, 13, 14, 15, 16, 17, 18, 19, 20, 21, 23, 24, 25, 26, 27, 28, 30, 33, 34, 35, 37, 38, 39, 40, 41, 42, 43, 47, 48, 51, 52, 53, 54, 55, 56, 58, 65, 67, 70, 74, 76, 79, 80, 81, 82, 83, 84, 85, 86, 87, 88, 89, 90, 92, 93, 94, 95, 96, 97, 98, 99, 101, 102, 103, 104, 105, 106, 107, 108, 109, 110, 111, 112, 113, 115, 116, 117, 118, 120, 122, 123, 124, 125, 126, 127, 128, 129, 130, 131, 132, 133, 134, 135, 136, 137, 138, 139, 140, 141, 142, 143, 144, 145, 146, 147, 148, 151, 153, 154, 155, 156, 157, 158, 159, 160, 161, 162, 163, 164, 165, 166, 167, 168, 169, 170, 171, 172, 173]",140,False,1.172463224936618e-05,1.0253845799182958e-09,3.907868954928754e-06,20.0
OZ,144,144,38,106,1398,0.2638888888888889,0.026462395543175487,0.04810126582278481,cao2018,S09/060720_1n,all_channel,mean,mean__all_channel__OZ,32,174,"[0, 1, 2, 3, 4, 5, 6, 7, 8, 9, 10, 11, 12, 13, 14, 15, 16, 17, 18, 19, 20, 21, 23, 24, 25, 26, 27, 28, 30, 33, 34, 35, 37, 38, 39, 40, 41, 42, 43, 47, 48, 51, 52, 53, 54, 55, 56, 58, 65, 67, 70, 74, 76, 79, 80, 81, 82, 83, 84, 85, 86, 87, 88, 89, 90, 92, 93, 94, 95, 96, 97, 98, 99, 101, 102, 103, 104, 105, 106, 107, 108, 109, 110, 111, 112, 113, 115, 116, 117, 118, 120, 122, 123, 124, 125, 126, 127, 128, 129, 130, 131, 132, 133, 134, 135, 136, 137, 138, 139, 140, 141, 142, 143, 144, 145, 146, 147, 148, 151, 153, 154, 155, 156, 157, 158, 159, 160, 161, 162, 163, 164, 165, 166, 167, 168, 169, 170, 171, 172, 173]",140,False,1.1859135233275129e-05,-3.155764904300536e-09,3.954096999393143e-06,20.0
FP2,1619,1619,1410,209,26,0.8709079678814082,0.9818941504178273,0.923076923076923,cao2018,S09/060720_1n,frontal,median,median__frontal__FP2,4,174,"[0, 1, 2, 3, 4, 5, 6, 7, 8, 9, 10, 11, 12, 13, 14, 15, 16, 17, 18, 19, 20, 21, 23, 24, 25, 26, 27, 28, 30, 33, 35, 37, 38, 39, 40, 41, 42, 43, 47, 48, 51, 52, 53, 55, 70, 74, 80, 81, 82, 84, 85, 86, 87, 93, 99, 102, 103, 104, 105, 107, 108, 109, 110, 111, 112, 113, 118, 122, 123, 124, 125, 126, 127, 129, 130, 131, 133, 134, 135, 136, 137, 138, 139, 140, 141, 142, 143, 144, 145, 147, 148, 154, 157, 158, 159, 160, 161, 162, 163, 165, 166, 167, 168, 169, 170, 171, 172, 173]",108,False,5.0284030794766946e-05,-7.131563659769963e-06,1.9138531484845638e-05,20.0
FP1,1614,1614,1398,216,38,0.8661710037174721,0.9735376044568245,0.9167213114754098,cao2018,S09/060720_1n,frontal,median,median__frontal__FP1,4,174,"[0, 1, 2, 3, 4, 5, 6, 7, 8, 9, 10, 11, 12, 13, 14, 15, 16, 17, 18, 19, 20, 21, 23, 24, 25, 26, 27, 28, 30, 33, 35, 37, 38, 39, 40, 41, 42, 43, 47, 48, 51, 52, 53, 55, 70, 74, 80, 81, 82, 84, 85, 86, 87, 93, 99, 102, 103, 104, 105, 107, 108, 109, 110, 111, 112, 113, 118, 122, 123, 124, 125, 126, 127, 129, 130, 131, 133, 134, 135, 136, 137, 138, 139, 140, 141, 142, 143, 144, 145, 147, 148, 154, 157, 158, 159, 160, 161, 162, 163, 165, 166, 167, 168, 169, 170, 171, 172, 173]",108,False,5.6442638318198916e-05,-7.80955602348309e-06,2.1417398113894006e-05,20.0
F4,1268,1268,1085,183,351,0.8556782334384858,0.7555710306406686,0.8025147928994083,cao2018,S09/060720_1n,frontal,median,median__frontal__F4,4,174,"[0, 1, 2, 3, 4, 5, 6, 7, 8, 9, 10, 11, 12, 13, 14, 15, 16, 17, 18, 19, 20, 21, 23, 24, 25, 26, 27, 28, 30, 33, 35, 37, 38, 39, 40, 41, 42, 43, 47, 48, 51, 52, 53, 55, 70, 74, 80, 81, 82, 84, 85, 86, 87, 93, 99, 102, 103, 104, 105, 107, 108, 109, 110, 111, 112, 113, 118, 122, 123, 124, 125, 126, 127, 129, 130, 131, 133, 134, 135, 136, 137, 138, 139, 140, 141, 142, 143, 144, 145, 147, 148, 154, 157, 158, 159, 160, 161, 162, 163, 165, 166, 167, 168, 169, 170, 171, 172, 173]",108,False,3.5242225662019126e-05,-2.6889886449330973e-06,1.2643738102317407e-05,20.0
F3,1123,1123,985,138,451,0.8771148708815673,0.685933147632312,0.769831965611567,cao2018,S09/060720_1n,frontal,median,median__frontal__F3,4,174,"[0, 1, 2, 3, 4, 5, 6, 7, 8, 9, 10, 11, 12, 13, 14, 15, 16, 17, 18, 19, 20, 21, 23, 24, 25, 26, 27, 28, 30, 33, 35, 37, 38, 39, 40, 41, 42, 43, 47, 48, 51, 52, 53, 55, 70, 74, 80, 81, 82, 84, 85, 86, 87, 93, 99, 102, 103, 104, 105, 107, 108, 109, 110, 111, 112, 113, 118, 122, 123, 124, 125, 126, 127, 129, 130, 131, 133, 134, 135, 136, 137, 138, 139, 140, 141, 142, 143, 144, 145, 147, 148, 154, 157, 158, 159, 160, 161, 162, 163, 165, 166, 167, 168, 169, 170, 171, 172, 173]",108,False,4.348775303447134e-05,-3.3000916423494713e-06,1.5595948225606936e-05,20.0
FP2,1545,1545,1392,153,44,0.9009708737864077,0.9693593314763231,0.9339147936933915,cao2018,S09/060720_1n,frontal,mean,mean__frontal__FP2,4,174,"[0, 1, 2, 3, 4, 5, 6, 7, 8, 9, 10, 11, 12, 13, 14, 15, 16, 17, 18, 19, 20, 21, 23, 24, 25, 26, 27, 28, 30, 33, 35, 37, 38, 39, 40, 41, 42, 43, 47, 48, 51, 52, 53, 55, 70, 74, 80, 81, 82, 84, 85, 86, 87, 93, 99, 102, 103, 104, 105, 107, 108, 109, 110, 111, 112, 113, 118, 122, 123, 124, 125, 126, 127, 129, 130, 131, 133, 134, 135, 136, 137, 138, 139, 140, 141, 142, 143, 144, 145, 147, 148, 154, 157, 158, 159, 160, 161, 162, 163, 165, 166, 167, 168, 169, 170, 171, 172, 173]",108,False,5.7410808989179656e-05,-4.785465357252105e-09,1.9138531484845638e-05,20.0
FP1,1540,1540,1375,165,61,0.8928571428571429,0.9575208913649025,0.9240591397849462,cao2018,S09/060720_1n,frontal,mean,mean__frontal__FP1,4,174,"[0, 1, 2, 3, 4, 5, 6, 7, 8, 9, 10, 11, 12, 13, 14, 15, 16, 17, 18, 19, 20, 21, 23, 24, 25, 26, 27, 28, 30, 33, 35, 37, 38, 39, 40, 41, 42, 43, 47, 48, 51, 52, 53, 55, 70, 74, 80, 81, 82, 84, 85, 86, 87, 93, 99, 102, 103, 104, 105, 107, 108, 109, 110, 111, 112, 113, 118, 122, 123, 124, 125, 126, 127, 129, 130, 131, 133, 134, 135, 136, 137, 138, 139, 140, 141, 142, 143, 144, 145, 147, 148, 154, 157, 158, 159, 160, 161, 162, 163, 165, 166, 167, 168, 169, 170, 171, 172, 173]",108,False,6.426720739711105e-05,1.5013055429051187e-08,2.1417398113894006e-05,20.0
F4,1145,1145,982,163,454,0.8576419213973799,0.6838440111420613,0.7609453700116234,cao2018,S09/060720_1n,frontal,mean,mean__frontal__F4,4,174,"[0, 1, 2, 3, 4, 5, 6, 7, 8, 9, 10, 11, 12, 13, 14, 15, 16, 17, 18, 19, 20, 21, 23, 24, 25, 26, 27, 28, 30, 33, 35, 37, 38, 39, 40, 41, 42, 43, 47, 48, 51, 52, 53, 55, 70, 74, 80, 81, 82, 84, 85, 86, 87, 93, 99, 102, 103, 104, 105, 107, 108, 109, 110, 111, 112, 113, 118, 122, 123, 124, 125, 126, 127, 129, 130, 131, 133, 134, 135, 136, 137, 138, 139, 140, 141, 142, 143, 144, 145, 147, 148, 154, 157, 158, 159, 160, 161, 162, 163, 165, 166, 167, 168, 169, 170, 171, 172, 173]",108,False,3.795102653672338e-05,1.981222977115823e-08,1.2643738102317407e-05,20.0
F3,1006,1006,878,128,558,0.8727634194831014,0.6114206128133705,0.7190827190827191,cao2018,S09/060720_1n,frontal,mean,mean__frontal__F3,4,174,"[0, 1, 2, 3, 4, 5, 6, 7, 8, 9, 10, 11, 12, 13, 14, 15, 16, 17, 18, 19, 20, 21, 23, 24, 25, 26, 27, 28, 30, 33, 35, 37, 38, 39, 40, 41, 42, 43, 47, 48, 51, 52, 53, 55, 70, 74, 80, 81, 82, 84, 85, 86, 87, 93, 99, 102, 103, 104, 105, 107, 108, 109, 110, 111, 112, 113, 118, 122, 123, 124, 125, 126, 127, 129, 130, 131, 133, 134, 135, 136, 137, 138, 139, 140, 141, 142, 143, 144, 145, 147, 148, 154, 157, 158, 159, 160, 161, 162, 163, 165, 166, 167, 168, 169, 170, 171, 172, 173]",108,False,4.681519147466392e-05,2.7346797843114402e-08,1.5595948225606936e-05,20.0
FP1,1591,1591,1395,196,41,0.8768070395977373,0.9714484679665738,0.9217046580773044,cao2018,S09/060720_1n,frontal_left,median,median__frontal_left__FP1,2,174,"[0, 1, 2, 3, 4, 5, 6, 7, 8, 9, 10, 11, 12, 13, 15, 17, 18, 19, 20, 21, 23, 24, 25, 26, 27, 28, 30, 33, 35, 37, 38, 39, 40, 41, 43, 48, 52, 53, 74, 80, 84, 85, 86, 93, 102, 103, 104, 105, 107, 108, 109, 110, 111, 112, 118, 122, 123, 124, 125, 126, 129, 130, 131, 133, 134, 135, 136, 137, 138, 139, 140, 141, 142, 143, 144, 145, 147, 148, 154, 158, 159, 160, 161, 162, 163, 165, 166, 167, 168, 169, 170, 171, 172, 173]",94,False,5.857555590297947e-05,-8.840659365915771e-06,2.2472071756298414e-05,20.0
F3,1047,1047,913,134,523,0.8720152817574021,0.6357938718662952,0.7354007249295207,cao2018,S09/060720_1n,frontal_left,median,median__frontal_left__F3,2,174,"[0, 1, 2, 3, 4, 5, 6, 7, 8, 9, 10, 11, 12, 13, 15, 17, 18, 19, 20, 21, 23, 24, 25, 26, 27, 28, 30, 33, 35, 37, 38, 39, 40, 41, 43, 48, 52, 53, 74, 80, 84, 85, 86, 93, 102, 103, 104, 105, 107, 108, 109, 110, 111, 112, 118, 122, 123, 124, 125, 126, 129, 130, 131, 133, 134, 135, 136, 137, 138, 139, 140, 141, 142, 143, 144, 145, 147, 148, 154, 158, 159, 160, 161, 162, 163, 165, 166, 167, 168, 169, 170, 171, 172, 173]",94,False,4.5589121654243625e-05,-3.658079777621078e-06,1.641573381062157e-05,20.0
FP1,1502,1502,1361,141,75,0.9061251664447404,0.9477715877437326,0.9264805990469708,cao2018,S09/060720_1n,frontal_left,mean,mean__frontal_left__FP1,2,174,"[0, 1, 2, 3, 4, 5, 6, 7, 8, 9, 10, 11, 12, 13, 15, 17, 18, 19, 20, 21, 23, 24, 25, 26, 27, 28, 30, 33, 35, 37, 38, 39, 40, 41, 43, 48, 52, 53, 74, 80, 84, 85, 86, 93, 102, 103, 104, 105, 107, 108, 109, 110, 111, 112, 118, 122, 123, 124, 125, 126, 129, 130, 131, 133, 134, 135, 136, 137, 138, 139, 140, 141, 142, 143, 144, 145, 147, 148, 154, 158, 159, 160, 161, 162, 163, 165, 166, 167, 168, 169, 170, 171, 172, 173]",94,False,6.742554295815447e-05,9.327689259228745e-09,2.2472071756298414e-05,20.0
F3,893,893,779,114,657,0.8723404255319149,0.5424791086350975,0.6689566337483899,cao2018,S09/060720_1n,frontal_left,mean,mean__frontal_left__F3,2,174,"[0, 1, 2, 3, 4, 5, 6, 7, 8, 9, 10, 11, 12, 13, 15, 17, 18, 19, 20, 21, 23, 24, 25, 26, 27, 28, 30, 33, 35, 37, 38, 39, 40, 41, 43, 48, 52, 53, 74, 80, 84, 85, 86, 93, 102, 103, 104, 105, 107, 108, 109, 110, 111, 112, 118, 122, 123, 124, 125, 126, 129, 130, 131, 133, 134, 135, 136, 137, 138, 139, 140, 141, 142, 143, 144, 145, 147, 148, 154, 158, 159, 160, 161, 162, 163, 165, 166, 167, 168, 169, 170, 171, 172, 173]",94,False,4.926129372509167e-05,1.4092293226967045e-08,1.641573381062157e-05,20.0
FP2,1616,1616,1409,207,27,0.8719059405940595,0.9811977715877437,0.9233289646133682,cao2018,S09/060720_1n,frontal_right,median,median__frontal_right__FP2,2,174,"[0, 1, 2, 3, 4, 5, 6, 7, 8, 9, 10, 11, 12, 13, 14, 15, 16, 17, 18, 19, 20, 21, 23, 24, 25, 26, 27, 28, 33, 35, 37, 38, 41, 42, 43, 47, 48, 51, 53, 55, 70, 74, 80, 81, 82, 84, 85, 86, 87, 93, 99, 102, 103, 104, 105, 107, 108, 109, 110, 111, 112, 113, 118, 122, 123, 124, 125, 126, 127, 129, 130, 131, 133, 134, 135, 136, 137, 138, 140, 141, 142, 143, 144, 145, 147, 148, 157, 158, 159, 160, 161, 162, 163, 165, 166, 167, 168, 169, 170, 171, 172, 173]",102,False,5.044281626459302e-05,-7.4352398795930365e-06,1.9292685381395353e-05,20.0
F4,1267,1267,1084,183,352,0.8555643251775849,0.754874651810585,0.8020717721050685,cao2018,S09/060720_1n,frontal_right,median,median__frontal_right__F4,2,174,"[0, 1, 2, 3, 4, 5, 6, 7, 8, 9, 10, 11, 12, 13, 14, 15, 16, 17, 18, 19, 20, 21, 23, 24, 25, 26, 27, 28, 33, 35, 37, 38, 41, 42, 43, 47, 48, 51, 53, 55, 70, 74, 80, 81, 82, 84, 85, 86, 87, 93, 99, 102, 103, 104, 105, 107, 108, 109, 110, 111, 112, 113, 118, 122, 123, 124, 125, 126, 127, 129, 130, 131, 133, 134, 135, 136, 137, 138, 140, 141, 142, 143, 144, 145, 147, 148, 157, 158, 159, 160, 161, 162, 163, 165, 166, 167, 168, 169, 170, 171, 172, 173]",102,False,3.5265372831146715e-05,-2.7686157456895025e-06,1.267799619227874e-05,20.0
FP2,1534,1534,1388,146,48,0.9048239895697523,0.9665738161559888,0.9346801346801346,cao2018,S09/060720_1n,frontal_right,mean,mean__frontal_right__FP2,2,174,"[0, 1, 2, 3, 4, 5, 6, 7, 8, 9, 10, 11, 12, 13, 14, 15, 16, 17, 18, 19, 20, 21, 23, 24, 25, 26, 27, 28, 33, 35, 37, 38, 41, 42, 43, 47, 48, 51, 53, 55, 70, 74, 80, 81, 82, 84, 85, 86, 87, 93, 99, 102, 103, 104, 105, 107, 108, 109, 110, 111, 112, 113, 118, 122, 123, 124, 125, 126, 127, 129, 130, 131, 133, 134, 135, 136, 137, 138, 140, 141, 142, 143, 144, 145, 147, 148, 157, 158, 159, 160, 161, 162, 163, 165, 166, 167, 168, 169, 170, 171, 172, 173]",102,False,5.7883702049432146e-05,5.645905246090701e-09,1.9292685381395353e-05,20.0
F4,1134,1134,974,160,462,0.8589065255731922,0.6782729805013927,0.7579766536964981,cao2018,S09/060720_1n,frontal_right,mean,mean__frontal_right__F4,2,174,"[0, 1, 2, 3, 4, 5, 6, 7, 8, 9, 10, 11, 12, 13, 14, 15, 16, 17, 18, 19, 20, 21, 23, 24, 25, 26, 27, 28, 33, 35, 37, 38, 41, 42, 43, 47, 48, 51, 53, 55, 70, 74, 80, 81, 82, 84, 85, 86, 87, 93, 99, 102, 103, 104, 105, 107, 108, 109, 110, 111, 112, 113, 118, 122, 123, 124, 125, 126, 127, 129, 130, 131, 133, 134, 135, 136, 137, 138, 140, 141, 142, 143, 144, 145, 147, 148, 157, 158, 159, 160, 161, 162, 163, 165, 166, 167, 168, 169, 170, 171, 172, 173]",102,False,3.805886355573197e-05,2.487497889575095e-08,1.267799619227874e-05,20.0
FP2,1643,1643,1412,231,24,0.859403530127815,0.9832869080779945,0.9171809028905489,cao2018,S09/060720_1n,all_channel,median,median__all_channel__FP2,32,116,"[0, 1, 2, 3, 4, 5, 6, 7, 8, 9, 10, 11, 12, 13, 14, 15, 16, 17, 18, 19, 22, 23, 24, 25, 26, 27, 28, 29, 34, 35, 36, 43, 46, 49, 52, 53, 54, 56, 57, 59, 60, 62, 63, 64, 66, 67, 68, 69, 70, 71, 72, 73, 74, 75, 76, 77, 78, 80, 81, 82, 83, 84, 86, 87, 88, 89, 90, 91, 92, 93, 94, 95, 96, 97, 98, 99, 101, 102, 103, 104, 105, 106, 107, 108, 109, 110, 111, 112, 113, 114, 115]",91,False,4.871382737240097e-05,-5.484140262179011e-06,1.806598921152666e-05,30.0
FP1,1644,1644,1403,241,33,0.8534063260340633,0.9770194986072424,0.911038961038961,cao2018,S09/060720_1n,all_channel,median,median__all_channel__FP1,32,116,"[0, 1, 2, 3, 4, 5, 6, 7, 8, 9, 10, 11, 12, 13, 14, 15, 16, 17, 18, 19, 22, 23, 24, 25, 26, 27, 28, 29, 34, 35, 36, 43, 46, 49, 52, 53, 54, 56, 57, 59, 60, 62, 63, 64, 66, 67, 68, 69, 70, 71, 72, 73, 74, 75, 76, 77, 78, 80, 81, 82, 83, 84, 86, 87, 88, 89, 90, 91, 92, 93, 94, 95, 96, 97, 98, 99, 101, 102, 103, 104, 105, 106, 107, 108, 109, 110, 111, 112, 113, 114, 115]",91,False,5.4190130919374714e-05,-6.067514122761787e-06,2.0085881680712168e-05,30.0
FZ,1341,1341,1196,145,240,0.8918717375093214,0.8328690807799443,0.8613611811307166,cao2018,S09/060720_1n,all_channel,median,median__all_channel__FZ,32,116,"[0, 1, 2, 3, 4, 5, 6, 7, 8, 9, 10, 11, 12, 13, 14, 15, 16, 17, 18, 19, 22, 23, 24, 25, 26, 27, 28, 29, 34, 35, 36, 43, 46, 49, 52, 53, 54, 56, 57, 59, 60, 62, 63, 64, 66, 67, 68, 69, 70, 71, 72, 73, 74, 75, 76, 77, 78, 80, 81, 82, 83, 84, 86, 87, 88, 89, 90, 91, 92, 93, 94, 95, 96, 97, 98, 99, 101, 102, 103, 104, 105, 106, 107, 108, 109, 110, 111, 112, 113, 114, 115]",91,False,3.426023033200556e-05,-2.463169001676306e-06,1.2241133111227289e-05,30.0
F4,1327,1327,1130,197,306,0.8515448379804069,0.786908077994429,0.8179515019905899,cao2018,S09/060720_1n,all_channel,median,median__all_channel__F4,32,116,"[0, 1, 2, 3, 4, 5, 6, 7, 8, 9, 10, 11, 12, 13, 14, 15, 16, 17, 18, 19, 22, 23, 24, 25, 26, 27, 28, 29, 34, 35, 36, 43, 46, 49, 52, 53, 54, 56, 57, 59, 60, 62, 63, 64, 66, 67, 68, 69, 70, 71, 72, 73, 74, 75, 76, 77, 78, 80, 81, 82, 83, 84, 86, 87, 88, 89, 90, 91, 92, 93, 94, 95, 96, 97, 98, 99, 101, 102, 103, 104, 105, 106, 107, 108, 109, 110, 111, 112, 113, 114, 115]",91,False,3.398709371101077e-05,-2.186587153883737e-06,1.2057893621631503e-05,30.0
F8,1283,1283,1087,196,349,0.8472330475448169,0.7569637883008357,0.7995586612725266,cao2018,S09/060720_1n,all_channel,median,median__all_channel__F8,32,116,"[0, 1, 2, 3, 4, 5, 6, 7, 8, 9, 10, 11, 12, 13, 14, 15, 16, 17, 18, 19, 22, 23, 24, 25, 26, 27, 28, 29, 34, 35, 36, 43, 46, 49, 52, 53, 54, 56, 57, 59, 60, 62, 63, 64, 66, 67, 68, 69, 70, 71, 72, 73, 74, 75, 76, 77, 78, 80, 81, 82, 83, 84, 86, 87, 88, 89, 90, 91, 92, 93, 94, 95, 96, 97, 98, 99, 101, 102, 103, 104, 105, 106, 107, 108, 109, 110, 111, 112, 113, 114, 115]",91,False,3.5964146650459974e-05,-1.8467766057305837e-06,1.2603641085396853e-05,30.0
F7,1327,1327,1101,226,335,0.8296910324039186,0.7667130919220055,0.7969598262757872,cao2018,S09/060720_1n,all_channel,median,median__all_channel__F7,32,116,"[0, 1, 2, 3, 4, 5, 6, 7, 8, 9, 10, 11, 12, 13, 14, 15, 16, 17, 18, 19, 22, 23, 24, 25, 26, 27, 28, 29, 34, 35, 36, 43, 46, 49, 52, 53, 54, 56, 57, 59, 60, 62, 63, 64, 66, 67, 68, 69, 70, 71, 72, 73, 74, 75, 76, 77, 78, 80, 81, 82, 83, 84, 86, 87, 88, 89, 90, 91, 92, 93, 94, 95, 96, 97, 98, 99, 101, 102, 103, 104, 105, 106, 107, 108, 109, 110, 111, 112, 113, 114, 115]",91,False,4.033836600794111e-05,-2.5043912568901373e-06,1.4280919088277082e-05,30.0
F3,1210,1210,1048,162,388,0.8661157024793389,0.7298050139275766,0.7921390778533635,cao2018,S09/060720_1n,all_channel,median,median__all_channel__F3,32,116,"[0, 1, 2, 3, 4, 5, 6, 7, 8, 9, 10, 11, 12, 13, 14, 15, 16, 17, 18, 19, 22, 23, 24, 25, 26, 27, 28, 29, 34, 35, 36, 43, 46, 49, 52, 53, 54, 56, 57, 59, 60, 62, 63, 64, 66, 67, 68, 69, 70, 71, 72, 73, 74, 75, 76, 77, 78, 80, 81, 82, 83, 84, 86, 87, 88, 89, 90, 91, 92, 93, 94, 95, 96, 97, 98, 99, 101, 102, 103, 104, 105, 106, 107, 108, 109, 110, 111, 112, 113, 114, 115]",91,False,4.099487428562603e-05,-2.666215332582265e-06,1.4553696539402766e-05,30.0
FC3,969,969,801,168,635,0.826625386996904,0.557799442896936,0.6661122661122661,cao2018,S09/060720_1n,all_channel,median,median__all_channel__FC3,32,116,"[0, 1, 2, 3, 4, 5, 6, 7, 8, 9, 10, 11, 12, 13, 14, 15, 16, 17, 18, 19, 22, 23, 24, 25, 26, 27, 28, 29, 34, 35, 36, 43, 46, 49, 52, 53, 54, 56, 57, 59, 60, 62, 63, 64, 66, 67, 68, 69, 70, 71, 72, 73, 74, 75, 76, 77, 78, 80, 81, 82, 83, 84, 86, 87, 88, 89, 90, 91, 92, 93, 94, 95, 96, 97, 98, 99, 101, 102, 103, 104, 105, 106, 107, 108, 109, 110, 111, 112, 113, 114, 115]",91,False,2.9471537886401607e-05,-1.5236306890213996e-06,1.0331722858474336e-05,30.0
FCZ,714,714,620,94,816,0.8683473389355743,0.43175487465181056,0.5767441860465117,cao2018,S09/060720_1n,all_channel,median,median__all_channel__FCZ,32,116,"[0, 1, 2, 3, 4, 5, 6, 7, 8, 9, 10, 11, 12, 13, 14, 15, 16, 17, 18, 19, 22, 23, 24, 25, 26, 27, 28, 29, 34, 35, 36, 43, 46, 49, 52, 53, 54, 56, 57, 59, 60, 62, 63, 64, 66, 67, 68, 69, 70, 71, 72, 73, 74, 75, 76, 77, 78, 80, 81, 82, 83, 84, 86, 87, 88, 89, 90, 91, 92, 93, 94, 95, 96, 97, 98, 99, 101, 102, 103, 104, 105, 106, 107, 108, 109, 110, 111, 112, 113, 114, 115]",91,False,3.01804405906811e-05,-1.2803374503185572e-06,1.0486926013666552e-05,30.0
FT7,876,876,665,211,771,0.7591324200913242,0.46309192200557103,0.5752595155709342,cao2018,S09/060720_1n,all_channel,median,median__all_channel__FT7,32,116,"[0, 1, 2, 3, 4, 5, 6, 7, 8, 9, 10, 11, 12, 13, 14, 15, 16, 17, 18, 19, 22, 23, 24, 25, 26, 27, 28, 29, 34, 35, 36, 43, 46, 49, 52, 53, 54, 56, 57, 59, 60, 62, 63, 64, 66, 67, 68, 69, 70, 71, 72, 73, 74, 75, 76, 77, 78, 80, 81, 82, 83, 84, 86, 87, 88, 89, 90, 91, 92, 93, 94, 95, 96, 97, 98, 99, 101, 102, 103, 104, 105, 106, 107, 108, 109, 110, 111, 112, 113, 114, 115]",91,False,2.8139065258578234e-05,-1.1624601008725756e-06,9.767175119816937e-06,30.0
FC4,763,763,555,208,881,0.727391874180865,0.3864902506963788,0.504774897680764,cao2018,S09/060720_1n,all_channel,median,median__all_channel__FC4,32,116,"[0, 1, 2, 3, 4, 5, 6, 7, 8, 9, 10, 11, 12, 13, 14, 15, 16, 17, 18, 19, 22, 23, 24, 25, 26, 27, 28, 29, 34, 35, 36, 43, 46, 49, 52, 53, 54, 56, 57, 59, 60, 62, 63, 64, 66, 67, 68, 69, 70, 71, 72, 73, 74, 75, 76, 77, 78, 80, 81, 82, 83, 84, 86, 87, 88, 89, 90, 91, 92, 93, 94, 95, 96, 97, 98, 99, 101, 102, 103, 104, 105, 106, 107, 108, 109, 110, 111, 112, 113, 114, 115]",91,False,2.689228651070445e-05,-1.1273193705576682e-06,9.339868627087372e-06,30.0
FT8,683,683,516,167,920,0.7554904831625183,0.3593314763231198,0.4870221802737141,cao2018,S09/060720_1n,all_channel,median,median__all_channel__FT8,32,116,"[0, 1, 2, 3, 4, 5, 6, 7, 8, 9, 10, 11, 12, 13, 14, 15, 16, 17, 18, 19, 22, 23, 24, 25, 26, 27, 28, 29, 34, 35, 36, 43, 46, 49, 52, 53, 54, 56, 57, 59, 60, 62, 63, 64, 66, 67, 68, 69, 70, 71, 72, 73, 74, 75, 76, 77, 78, 80, 81, 82, 83, 84, 86, 87, 88, 89, 90, 91, 92, 93, 94, 95, 96, 97, 98, 99, 101, 102, 103, 104, 105, 106, 107, 108, 109, 110, 111, 112, 113, 114, 115]",91,False,2.490859320490843e-05,-7.078389007875169e-07,8.538810701898649e-06,30.0
C3,608,608,468,140,968,0.7697368421052632,0.32590529247910865,0.4579256360078278,cao2018,S09/060720_1n,all_channel,median,median__all_channel__C3,32,116,"[0, 1, 2, 3, 4, 5, 6, 7, 8, 9, 10, 11, 12, 13, 14, 15, 16, 17, 18, 19, 22, 23, 24, 25, 26, 27, 28, 29, 34, 35, 36, 43, 46, 49, 52, 53, 54, 56, 57, 59, 60, 62, 63, 64, 66, 67, 68, 69, 70, 71, 72, 73, 74, 75, 76, 77, 78, 80, 81, 82, 83, 84, 86, 87, 88, 89, 90, 91, 92, 93, 94, 95, 96, 97, 98, 99, 101, 102, 103, 104, 105, 106, 107, 108, 109, 110, 111, 112, 113, 114, 115]",91,False,2.5800207427418697e-05,-1.0264864140448372e-06,8.942231280487844e-06,30.0
C4,645,645,447,198,989,0.6930232558139535,0.3112813370473538,0.4296011532916867,cao2018,S09/060720_1n,all_channel,median,median__all_channel__C4,32,116,"[0, 1, 2, 3, 4, 5, 6, 7, 8, 9, 10, 11, 12, 13, 14, 15, 16, 17, 18, 19, 22, 23, 24, 25, 26, 27, 28, 29, 34, 35, 36, 43, 46, 49, 52, 53, 54, 56, 57, 59, 60, 62, 63, 64, 66, 67, 68, 69, 70, 71, 72, 73, 74, 75, 76, 77, 78, 80, 81, 82, 83, 84, 86, 87, 88, 89, 90, 91, 92, 93, 94, 95, 96, 97, 98, 99, 101, 102, 103, 104, 105, 106, 107, 108, 109, 110, 111, 112, 113, 114, 115]",91,False,2.5663803440675702e-05,-9.77091341636253e-07,8.880298260770651e-06,30.0
CZ,366,366,269,97,1167,0.7349726775956285,0.1873259052924791,0.2985571587125416,cao2018,S09/060720_1n,all_channel,median,median__all_channel__CZ,32,116,"[0, 1, 2, 3, 4, 5, 6, 7, 8, 9, 10, 11, 12, 13, 14, 15, 16, 17, 18, 19, 22, 23, 24, 25, 26, 27, 28, 29, 34, 35, 36, 43, 46, 49, 52, 53, 54, 56, 57, 59, 60, 62, 63, 64, 66, 67, 68, 69, 70, 71, 72, 73, 74, 75, 76, 77, 78, 80, 81, 82, 83, 84, 86, 87, 88, 89, 90, 91, 92, 93, 94, 95, 96, 97, 98, 99, 101, 102, 103, 104, 105, 106, 107, 108, 109, 110, 111, 112, 113, 114, 115]",91,False,2.7512563588783214e-05,-7.929540128850599e-07,9.435172533889425e-06,30.0
T4,407,407,257,150,1179,0.6314496314496314,0.1789693593314763,0.27889310906131304,cao2018,S09/060720_1n,all_channel,median,median__all_channel__T4,32,116,"[0, 1, 2, 3, 4, 5, 6, 7, 8, 9, 10, 11, 12, 13, 14, 15, 16, 17, 18, 19, 22, 23, 24, 25, 26, 27, 28, 29, 34, 35, 36, 43, 46, 49, 52, 53, 54, 56, 57, 59, 60, 62, 63, 64, 66, 67, 68, 69, 70, 71, 72, 73, 74, 75, 76, 77, 78, 80, 81, 82, 83, 84, 86, 87, 88, 89, 90, 91, 92, 93, 94, 95, 96, 97, 98, 99, 101, 102, 103, 104, 105, 106, 107, 108, 109, 110, 111, 112, 113, 114, 115]",91,False,2.0128401735849012e-05,-3.2734527605716296e-07,6.818582337302059e-06,30.0
CP3,341,341,241,100,1195,0.7067448680351907,0.16782729805013927,0.2712436691052335,cao2018,S09/060720_1n,all_channel,median,median__all_channel__CP3,32,116,"[0, 1, 2, 3, 4, 5, 6, 7, 8, 9, 10, 11, 12, 13, 14, 15, 16, 17, 18, 19, 22, 23, 24, 25, 26, 27, 28, 29, 34, 35, 36, 43, 46, 49, 52, 53, 54, 56, 57, 59, 60, 62, 63, 64, 66, 67, 68, 69, 70, 71, 72, 73, 74, 75, 76, 77, 78, 80, 81, 82, 83, 84, 86, 87, 88, 89, 90, 91, 92, 93, 94, 95, 96, 97, 98, 99, 101, 102, 103, 104, 105, 106, 107, 108, 109, 110, 111, 112, 113, 114, 115]",91,False,2.1547498585054877e-05,-6.419872857382051e-07,7.396495290264361e-06,30.0
T3,426,426,252,174,1184,0.5915492957746479,0.17548746518105848,0.2706766917293233,cao2018,S09/060720_1n,all_channel,median,median__all_channel__T3,32,116,"[0, 1, 2, 3, 4, 5, 6, 7, 8, 9, 10, 11, 12, 13, 14, 15, 16, 17, 18, 19, 22, 23, 24, 25, 26, 27, 28, 29, 34, 35, 36, 43, 46, 49, 52, 53, 54, 56, 57, 59, 60, 62, 63, 64, 66, 67, 68, 69, 70, 71, 72, 73, 74, 75, 76, 77, 78, 80, 81, 82, 83, 84, 86, 87, 88, 89, 90, 91, 92, 93, 94, 95, 96, 97, 98, 99, 101, 102, 103, 104, 105, 106, 107, 108, 109, 110, 111, 112, 113, 114, 115]",91,False,1.9531889766401772e-05,-3.3545483308490284e-07,6.622448199828892e-06,30.0
CP4,332,332,196,136,1240,0.5903614457831325,0.13649025069637882,0.22171945701357465,cao2018,S09/060720_1n,all_channel,median,median__all_channel__CP4,32,116,"[0, 1, 2, 3, 4, 5, 6, 7, 8, 9, 10, 11, 12, 13, 14, 15, 16, 17, 18, 19, 22, 23, 24, 25, 26, 27, 28, 29, 34, 35, 36, 43, 46, 49, 52, 53, 54, 56, 57, 59, 60, 62, 63, 64, 66, 67, 68, 69, 70, 71, 72, 73, 74, 75, 76, 77, 78, 80, 81, 82, 83, 84, 86, 87, 88, 89, 90, 91, 92, 93, 94, 95, 96, 97, 98, 99, 101, 102, 103, 104, 105, 106, 107, 108, 109, 110, 111, 112, 113, 114, 115]",91,False,2.2892444895788152e-05,-6.436960474662094e-07,7.84538031441812e-06,30.0
CPZ,253,253,170,83,1266,0.6719367588932806,0.11838440111420613,0.20130254588513916,cao2018,S09/060720_1n,all_channel,median,median__all_channel__CPZ,32,116,"[0, 1, 2, 3, 4, 5, 6, 7, 8, 9, 10, 11, 12, 13, 14, 15, 16, 17, 18, 19, 22, 23, 24, 25, 26, 27, 28, 29, 34, 35, 36, 43, 46, 49, 52, 53, 54, 56, 57, 59, 60, 62, 63, 64, 66, 67, 68, 69, 70, 71, 72, 73, 74, 75, 76, 77, 78, 80, 81, 82, 83, 84, 86, 87, 88, 89, 90, 91, 92, 93, 94, 95, 96, 97, 98, 99, 101, 102, 103, 104, 105, 106, 107, 108, 109, 110, 111, 112, 113, 114, 115]",91,False,2.3953448068396292e-05,-5.928507789049492e-07,8.18209961576708e-06,30.0
T5,341,341,177,164,1259,0.5190615835777126,0.12325905292479108,0.1992121553179516,cao2018,S09/060720_1n,all_channel,median,median__all_channel__T5,32,116,"[0, 1, 2, 3, 4, 5, 6, 7, 8, 9, 10, 11, 12, 13, 14, 15, 16, 17, 18, 19, 22, 23, 24, 25, 26, 27, 28, 29, 34, 35, 36, 43, 46, 49, 52, 53, 54, 56, 57, 59, 60, 62, 63, 64, 66, 67, 68, 69, 70, 71, 72, 73, 74, 75, 76, 77, 78, 80, 81, 82, 83, 84, 86, 87, 88, 89, 90, 91, 92, 93, 94, 95, 96, 97, 98, 99, 101, 102, 103, 104, 105, 106, 107, 108, 109, 110, 111, 112, 113, 114, 115]",91,False,1.2806968872565206e-05,-2.527351585328781e-07,4.353234677032694e-06,30.0
TP7,319,319,150,169,1286,0.4702194357366771,0.10445682451253482,0.17094017094017097,cao2018,S09/060720_1n,all_channel,median,median__all_channel__TP7,32,116,"[0, 1, 2, 3, 4, 5, 6, 7, 8, 9, 10, 11, 12, 13, 14, 15, 16, 17, 18, 19, 22, 23, 24, 25, 26, 27, 28, 29, 34, 35, 36, 43, 46, 49, 52, 53, 54, 56, 57, 59, 60, 62, 63, 64, 66, 67, 68, 69, 70, 71, 72, 73, 74, 75, 76, 77, 78, 80, 81, 82, 83, 84, 86, 87, 88, 89, 90, 91, 92, 93, 94, 95, 96, 97, 98, 99, 101, 102, 103, 104, 105, 106, 107, 108, 109, 110, 111, 112, 113, 114, 115]",91,False,1.2841640863193447e-05,-2.296876931008573e-07,4.357109518764768e-06,30.0
TP8,282,282,143,139,1293,0.5070921985815603,0.09958217270194986,0.16647264260768338,cao2018,S09/060720_1n,all_channel,median,median__all_channel__TP8,32,116,"[0, 1, 2, 3, 4, 5, 6, 7, 8, 9, 10, 11, 12, 13, 14, 15, 16, 17, 18, 19, 22, 23, 24, 25, 26, 27, 28, 29, 34, 35, 36, 43, 46, 49, 52, 53, 54, 56, 57, 59, 60, 62, 63, 64, 66, 67, 68, 69, 70, 71, 72, 73, 74, 75, 76, 77, 78, 80, 81, 82, 83, 84, 86, 87, 88, 89, 90, 91, 92, 93, 94, 95, 96, 97, 98, 99, 101, 102, 103, 104, 105, 106, 107, 108, 109, 110, 111, 112, 113, 114, 115]",91,False,1.5322140206233993e-05,-2.36434199248018e-07,5.1861914684940036e-06,30.0
A1,336,336,126,210,1310,0.375,0.08774373259052924,0.1422121896162528,cao2018,S09/060720_1n,all_channel,median,median__all_channel__A1,32,116,"[0, 1, 2, 3, 4, 5, 6, 7, 8, 9, 10, 11, 12, 13, 14, 15, 16, 17, 18, 19, 22, 23, 24, 25, 26, 27, 28, 29, 34, 35, 36, 43, 46, 49, 52, 53, 54, 56, 57, 59, 60, 62, 63, 64, 66, 67, 68, 69, 70, 71, 72, 73, 74, 75, 76, 77, 78, 80, 81, 82, 83, 84, 86, 87, 88, 89, 90, 91, 92, 93, 94, 95, 96, 97, 98, 99, 101, 102, 103, 104, 105, 106, 107, 108, 109, 110, 111, 112, 113, 114, 115]",91,False,7.457329543885701e-06,-3.148544533854227e-08,2.4962716630747476e-06,30.0
P3,330,330,123,207,1313,0.37272727272727274,0.08565459610027855,0.1392978482446206,cao2018,S09/060720_1n,all_channel,median,median__all_channel__P3,32,116,"[0, 1, 2, 3, 4, 5, 6, 7, 8, 9, 10, 11, 12, 13, 14, 15, 16, 17, 18, 19, 22, 23, 24, 25, 26, 27, 28, 29, 34, 35, 36, 43, 46, 49, 52, 53, 54, 56, 57, 59, 60, 62, 63, 64, 66, 67, 68, 69, 70, 71, 72, 73, 74, 75, 76, 77, 78, 80, 81, 82, 83, 84, 86, 87, 88, 89, 90, 91, 92, 93, 94, 95, 96, 97, 98, 99, 101, 102, 103, 104, 105, 106, 107, 108, 109, 110, 111, 112, 113, 114, 115]",91,False,2.2988664840563188e-05,-6.836869205241848e-07,7.890783920362457e-06,30.0
P4,219,219,107,112,1329,0.4885844748858447,0.0745125348189415,0.12930513595166163,cao2018,S09/060720_1n,all_channel,median,median__all_channel__P4,32,116,"[0, 1, 2, 3, 4, 5, 6, 7, 8, 9, 10, 11, 12, 13, 14, 15, 16, 17, 18, 19, 22, 23, 24, 25, 26, 27, 28, 29, 34, 35, 36, 43, 46, 49, 52, 53, 54, 56, 57, 59, 60, 62, 63, 64, 66, 67, 68, 69, 70, 71, 72, 73, 74, 75, 76, 77, 78, 80, 81, 82, 83, 84, 86, 87, 88, 89, 90, 91, 92, 93, 94, 95, 96, 97, 98, 99, 101, 102, 103, 104, 105, 106, 107, 108, 109, 110, 111, 112, 113, 114, 115]",91,False,2.021522159802478e-05,-4.054258027357869e-07,6.8735491335868555e-06,30.0
A2,326,326,112,214,1324,0.34355828220858897,0.07799442896935933,0.1271282633371169,cao2018,S09/060720_1n,all_channel,median,median__all_channel__A2,32,116,"[0, 1, 2, 3, 4, 5, 6, 7, 8, 9, 10, 11, 12, 13, 14, 15, 16, 17, 18, 19, 22, 23, 24, 25, 26, 27, 28, 29, 34, 35, 36, 43, 46, 49, 52, 53, 54, 56, 57, 59, 60, 62, 63, 64, 66, 67, 68, 69, 70, 71, 72, 73, 74, 75, 76, 77, 78, 80, 81, 82, 83, 84, 86, 87, 88, 89, 90, 91, 92, 93, 94, 95, 96, 97, 98, 99, 101, 102, 103, 104, 105, 106, 107, 108, 109, 110, 111, 112, 113, 114, 115]",91,False,7.522171944398703e-06,3.1210155859862286e-08,2.49698726284628e-06,30.0
PZ,168,168,92,76,1344,0.5476190476190477,0.06406685236768803,0.11471321695760599,cao2018,S09/060720_1n,all_channel,median,median__all_channel__PZ,32,116,"[0, 1, 2, 3, 4, 5, 6, 7, 8, 9, 10, 11, 12, 13, 14, 15, 16, 17, 18, 19, 22, 23, 24, 25, 26, 27, 28, 29, 34, 35, 36, 43, 46, 49, 52, 53, 54, 56, 57, 59, 60, 62, 63, 64, 66, 67, 68, 69, 70, 71, 72, 73, 74, 75, 76, 77, 78, 80, 81, 82, 83, 84, 86, 87, 88, 89, 90, 91, 92, 93, 94, 95, 96, 97, 98, 99, 101, 102, 103, 104, 105, 106, 107, 108, 109, 110, 111, 112, 113, 114, 115]",91,False,2.1195257024489287e-05,-3.7727889972964745e-07,7.190845308072979e-06,30.0
T6,198,198,78,120,1358,0.3939393939393939,0.054317548746518104,0.09547123623011015,cao2018,S09/060720_1n,all_channel,median,median__all_channel__T6,32,116,"[0, 1, 2, 3, 4, 5, 6, 7, 8, 9, 10, 11, 12, 13, 14, 15, 16, 17, 18, 19, 22, 23, 24, 25, 26, 27, 28, 29, 34, 35, 36, 43, 46, 49, 52, 53, 54, 56, 57, 59, 60, 62, 63, 64, 66, 67, 68, 69, 70, 71, 72, 73, 74, 75, 76, 77, 78, 80, 81, 82, 83, 84, 86, 87, 88, 89, 90, 91, 92, 93, 94, 95, 96, 97, 98, 99, 101, 102, 103, 104, 105, 106, 107, 108, 109, 110, 111, 112, 113, 114, 115]",91,False,1.373222347428895e-05,-1.601217875556051e-07,4.630781753948185e-06,30.0
O2,163,163,41,122,1395,0.25153374233128833,0.028551532033426183,0.05128205128205128,cao2018,S09/060720_1n,all_channel,median,median__all_channel__O2,32,116,"[0, 1, 2, 3, 4, 5, 6, 7, 8, 9, 10, 11, 12, 13, 14, 15, 16, 17, 18, 19, 22, 23, 24, 25, 26, 27, 28, 29, 34, 35, 36, 43, 46, 49, 52, 53, 54, 56, 57, 59, 60, 62, 63, 64, 66, 67, 68, 69, 70, 71, 72, 73, 74, 75, 76, 77, 78, 80, 81, 82, 83, 84, 86, 87, 88, 89, 90, 91, 92, 93, 94, 95, 96, 97, 98, 99, 101, 102, 103, 104, 105, 106, 107, 108, 109, 110, 111, 112, 113, 114, 115]",91,False,1.0767147779206002e-05,-9.707235962412985e-08,3.6214067129433774e-06,30.0
O1,170,170,39,131,1397,0.22941176470588234,0.027158774373259052,0.048567870485678705,cao2018,S09/060720_1n,all_channel,median,median__all_channel__O1,32,116,"[0, 1, 2, 3, 4, 5, 6, 7, 8, 9, 10, 11, 12, 13, 14, 15, 16, 17, 18, 19, 22, 23, 24, 25, 26, 27, 28, 29, 34, 35, 36, 43, 46, 49, 52, 53, 54, 56, 57, 59, 60, 62, 63, 64, 66, 67, 68, 69, 70, 71, 72, 73, 74, 75, 76, 77, 78, 80, 81, 82, 83, 84, 86, 87, 88, 89, 90, 91, 92, 93, 94, 95, 96, 97, 98, 99, 101, 102, 103, 104, 105, 106, 107, 108, 109, 110, 111, 112, 113, 114, 115]",91,False,1.1664471439814518e-05,-7.404254546200836e-08,3.912837995092176e-06,30.0
OZ,143,143,36,107,1400,0.2517482517482518,0.025069637883008356,0.045598480050664976,cao2018,S09/060720_1n,all_channel,median,median__all_channel__OZ,32,116,"[0, 1, 2, 3, 4, 5, 6, 7, 8, 9, 10, 11, 12, 13, 14, 15, 16, 17, 18, 19, 22, 23, 24, 25, 26, 27, 28, 29, 34, 35, 36, 43, 46, 49, 52, 53, 54, 56, 57, 59, 60, 62, 63, 64, 66, 67, 68, 69, 70, 71, 72, 73, 74, 75, 76, 77, 78, 80, 81, 82, 83, 84, 86, 87, 88, 89, 90, 91, 92, 93, 94, 95, 96, 97, 98, 99, 101, 102, 103, 104, 105, 106, 107, 108, 109, 110, 111, 112, 113, 114, 115]",91,False,1.182955691957596e-05,-9.083755937995018e-08,3.973464826318637e-06,30.0
FP2,1573,1573,1398,175,38,0.8887476160203432,0.9735376044568245,0.9292123629112662,cao2018,S09/060720_1n,all_channel,mean,mean__all_channel__FP2,32,116,"[0, 1, 2, 3, 4, 5, 6, 7, 8, 9, 10, 11, 12, 13, 14, 15, 16, 17, 18, 19, 22, 23, 24, 25, 26, 27, 28, 29, 34, 35, 36, 43, 46, 49, 52, 53, 54, 56, 57, 59, 60, 62, 63, 64, 66, 67, 68, 69, 70, 71, 72, 73, 74, 75, 76, 77, 78, 80, 81, 82, 83, 84, 86, 87, 88, 89, 90, 91, 92, 93, 94, 95, 96, 97, 98, 99, 101, 102, 103, 104, 105, 106, 107, 108, 109, 110, 111, 112, 113, 114, 115]",91,False,5.4178136907998585e-05,-1.983072658140079e-08,1.806598921152666e-05,30.0
FP1,1578,1578,1392,186,44,0.8821292775665399,0.9693593314763231,0.9236894492368944,cao2018,S09/060720_1n,all_channel,mean,mean__all_channel__FP1,32,116,"[0, 1, 2, 3, 4, 5, 6, 7, 8, 9, 10, 11, 12, 13, 14, 15, 16, 17, 18, 19, 22, 23, 24, 25, 26, 27, 28, 29, 34, 35, 36, 43, 46, 49, 52, 53, 54, 56, 57, 59, 60, 62, 63, 64, 66, 67, 68, 69, 70, 71, 72, 73, 74, 75, 76, 77, 78, 80, 81, 82, 83, 84, 86, 87, 88, 89, 90, 91, 92, 93, 94, 95, 96, 97, 98, 99, 101, 102, 103, 104, 105, 106, 107, 108, 109, 110, 111, 112, 113, 114, 115]",91,False,6.0237286028744106e-05,-2.0359013392394734e-08,2.0085881680712168e-05,30.0
FZ,1250,1250,1121,129,315,0.8968,0.7806406685236769,0.8346984363365599,cao2018,S09/060720_1n,all_channel,mean,mean__all_channel__FZ,32,116,"[0, 1, 2, 3, 4, 5, 6, 7, 8, 9, 10, 11, 12, 13, 14, 15, 16, 17, 18, 19, 22, 23, 24, 25, 26, 27, 28, 29, 34, 35, 36, 43, 46, 49, 52, 53, 54, 56, 57, 59, 60, 62, 63, 64, 66, 67, 68, 69, 70, 71, 72, 73, 74, 75, 76, 77, 78, 80, 81, 82, 83, 84, 86, 87, 88, 89, 90, 91, 92, 93, 94, 95, 96, 97, 98, 99, 101, 102, 103, 104, 105, 106, 107, 108, 109, 110, 111, 112, 113, 114, 115]",91,False,3.67111017454677e-05,-1.229758821416845e-08,1.2241133111227289e-05,30.0
F4,1229,1229,1052,177,384,0.8559804719283971,0.7325905292479109,0.7894934333958724,cao2018,S09/060720_1n,all_channel,mean,mean__all_channel__F4,32,116,"[0, 1, 2, 3, 4, 5, 6, 7, 8, 9, 10, 11, 12, 13, 14, 15, 16, 17, 18, 19, 22, 23, 24, 25, 26, 27, 28, 29, 34, 35, 36, 43, 46, 49, 52, 53, 54, 56, 57, 59, 60, 62, 63, 64, 66, 67, 68, 69, 70, 71, 72, 73, 74, 75, 76, 77, 78, 80, 81, 82, 83, 84, 86, 87, 88, 89, 90, 91, 92, 93, 94, 95, 96, 97, 98, 99, 101, 102, 103, 104, 105, 106, 107, 108, 109, 110, 111, 112, 113, 114, 115]",91,False,3.6179339022476115e-05,5.658157581605644e-09,1.2057893621631503e-05,30.0
F8,1192,1192,1021,171,415,0.8565436241610739,0.7110027855153204,0.7770167427701674,cao2018,S09/060720_1n,all_channel,mean,mean__all_channel__F8,32,116,"[0, 1, 2, 3, 4, 5, 6, 7, 8, 9, 10, 11, 12, 13, 14, 15, 16, 17, 18, 19, 22, 23, 24, 25, 26, 27, 28, 29, 34, 35, 36, 43, 46, 49, 52, 53, 54, 56, 57, 59, 60, 62, 63, 64, 66, 67, 68, 69, 70, 71, 72, 73, 74, 75, 76, 77, 78, 80, 81, 82, 83, 84, 86, 87, 88, 89, 90, 91, 92, 93, 94, 95, 96, 97, 98, 99, 101, 102, 103, 104, 105, 106, 107, 108, 109, 110, 111, 112, 113, 114, 115]",91,False,3.782230681146737e-05,1.1383555276809557e-08,1.2603641085396853e-05,30.0
F7,1239,1239,1035,204,401,0.8353510895883777,0.7207520891364902,0.7738317757009344,cao2018,S09/060720_1n,all_channel,mean,mean__all_channel__F7,32,116,"[0, 1, 2, 3, 4, 5, 6, 7, 8, 9, 10, 11, 12, 13, 14, 15, 16, 17, 18, 19, 22, 23, 24, 25, 26, 27, 28, 29, 34, 35, 36, 43, 46, 49, 52, 53, 54, 56, 57, 59, 60, 62, 63, 64, 66, 67, 68, 69, 70, 71, 72, 73, 74, 75, 76, 77, 78, 80, 81, 82, 83, 84, 86, 87, 88, 89, 90, 91, 92, 93, 94, 95, 96, 97, 98, 99, 101, 102, 103, 104, 105, 106, 107, 108, 109, 110, 111, 112, 113, 114, 115]",91,False,4.281958318467589e-05,-2.3174080155359552e-08,1.4280919088277082e-05,30.0
F3,1115,1115,980,135,456,0.8789237668161435,0.6824512534818942,0.7683261466091729,cao2018,S09/060720_1n,all_channel,mean,mean__all_channel__F3,32,116,"[0, 1, 2, 3, 4, 5, 6, 7, 8, 9, 10, 11, 12, 13, 14, 15, 16, 17, 18, 19, 22, 23, 24, 25, 26, 27, 28, 29, 34, 35, 36, 43, 46, 49, 52, 53, 54, 56, 57, 59, 60, 62, 63, 64, 66, 67, 68, 69, 70, 71, 72, 73, 74, 75, 76, 77, 78, 80, 81, 82, 83, 84, 86, 87, 88, 89, 90, 91, 92, 93, 94, 95, 96, 97, 98, 99, 101, 102, 103, 104, 105, 106, 107, 108, 109, 110, 111, 112, 113, 114, 115]",91,False,4.365305407298392e-05,-8.035545224376606e-09,1.4553696539402766e-05,30.0
FC3,856,856,713,143,723,0.8329439252336449,0.49651810584958217,0.6221640488656196,cao2018,S09/060720_1n,all_channel,mean,mean__all_channel__FC3,32,116,"[0, 1, 2, 3, 4, 5, 6, 7, 8, 9, 10, 11, 12, 13, 14, 15, 16, 17, 18, 19, 22, 23, 24, 25, 26, 27, 28, 29, 34, 35, 36, 43, 46, 49, 52, 53, 54, 56, 57, 59, 60, 62, 63, 64, 66, 67, 68, 69, 70, 71, 72, 73, 74, 75, 76, 77, 78, 80, 81, 82, 83, 84, 86, 87, 88, 89, 90, 91, 92, 93, 94, 95, 96, 97, 98, 99, 101, 102, 103, 104, 105, 106, 107, 108, 109, 110, 111, 112, 113, 114, 115]",91,False,3.098111919425203e-05,-1.4049381170977016e-08,1.0331722858474336e-05,30.0
FT7,799,799,614,185,822,0.7684605757196495,0.4275766016713092,0.5494407158836688,cao2018,S09/060720_1n,all_channel,mean,mean__all_channel__FT7,32,116,"[0, 1, 2, 3, 4, 5, 6, 7, 8, 9, 10, 11, 12, 13, 14, 15, 16, 17, 18, 19, 22, 23, 24, 25, 26, 27, 28, 29, 34, 35, 36, 43, 46, 49, 52, 53, 54, 56, 57, 59, 60, 62, 63, 64, 66, 67, 68, 69, 70, 71, 72, 73, 74, 75, 76, 77, 78, 80, 81, 82, 83, 84, 86, 87, 88, 89, 90, 91, 92, 93, 94, 95, 96, 97, 98, 99, 101, 102, 103, 104, 105, 106, 107, 108, 109, 110, 111, 112, 113, 114, 115]",91,False,2.9289114684154084e-05,-1.2410675296727722e-08,9.767175119816937e-06,30.0
FCZ,631,631,550,81,886,0.8716323296354992,0.383008356545961,0.5321722302854377,cao2018,S09/060720_1n,all_channel,mean,mean__all_channel__FCZ,32,116,"[0, 1, 2, 3, 4, 5, 6, 7, 8, 9, 10, 11, 12, 13, 14, 15, 16, 17, 18, 19, 22, 23, 24, 25, 26, 27, 28, 29, 34, 35, 36, 43, 46, 49, 52, 53, 54, 56, 57, 59, 60, 62, 63, 64, 66, 67, 68, 69, 70, 71, 72, 73, 74, 75, 76, 77, 78, 80, 81, 82, 83, 84, 86, 87, 88, 89, 90, 91, 92, 93, 94, 95, 96, 97, 98, 99, 101, 102, 103, 104, 105, 106, 107, 108, 109, 110, 111, 112, 113, 114, 115]",91,False,3.145580900427635e-05,-4.9690367233106336e-09,1.0486926013666552e-05,30.0
FC4,707,707,506,201,930,0.7157001414427157,0.35236768802228413,0.4722351843210452,cao2018,S09/060720_1n,all_channel,mean,mean__all_channel__FC4,32,116,"[0, 1, 2, 3, 4, 5, 6, 7, 8, 9, 10, 11, 12, 13, 14, 15, 16, 17, 18, 19, 22, 23, 24, 25, 26, 27, 28, 29, 34, 35, 36, 43, 46, 49, 52, 53, 54, 56, 57, 59, 60, 62, 63, 64, 66, 67, 68, 69, 70, 71, 72, 73, 74, 75, 76, 77, 78, 80, 81, 82, 83, 84, 86, 87, 88, 89, 90, 91, 92, 93, 94, 95, 96, 97, 98, 99, 101, 102, 103, 104, 105, 106, 107, 108, 109, 110, 111, 112, 113, 114, 115]",91,False,2.802194495222328e-05,2.3390709611631566e-09,9.339868627087372e-06,30.0
FT8,623,623,477,146,959,0.7656500802568218,0.3321727019498607,0.46333171442447796,cao2018,S09/060720_1n,all_channel,mean,mean__all_channel__FT8,32,116,"[0, 1, 2, 3, 4, 5, 6, 7, 8, 9, 10, 11, 12, 13, 14, 15, 16, 17, 18, 19, 22, 23, 24, 25, 26, 27, 28, 29, 34, 35, 36, 43, 46, 49, 52, 53, 54, 56, 57, 59, 60, 62, 63, 64, 66, 67, 68, 69, 70, 71, 72, 73, 74, 75, 76, 77, 78, 80, 81, 82, 83, 84, 86, 87, 88, 89, 90, 91, 92, 93, 94, 95, 96, 97, 98, 99, 101, 102, 103, 104, 105, 106, 107, 108, 109, 110, 111, 112, 113, 114, 115]",91,False,2.5622872545925974e-05,6.440440230028743e-09,8.538810701898649e-06,30.0
C3,542,542,415,127,1021,0.7656826568265682,0.2889972144846797,0.4196157735085945,cao2018,S09/060720_1n,all_channel,mean,mean__all_channel__C3,32,116,"[0, 1, 2, 3, 4, 5, 6, 7, 8, 9, 10, 11, 12, 13, 14, 15, 16, 17, 18, 19, 22, 23, 24, 25, 26, 27, 28, 29, 34, 35, 36, 43, 46, 49, 52, 53, 54, 56, 57, 59, 60, 62, 63, 64, 66, 67, 68, 69, 70, 71, 72, 73, 74, 75, 76, 77, 78, 80, 81, 82, 83, 84, 86, 87, 88, 89, 90, 91, 92, 93, 94, 95, 96, 97, 98, 99, 101, 102, 103, 104, 105, 106, 107, 108, 109, 110, 111, 112, 113, 114, 115]",91,False,2.6815147490929683e-05,-1.1546350533849583e-08,8.942231280487844e-06,30.0
C4,587,587,400,187,1036,0.6814310051107325,0.2785515320334262,0.39545229856648545,cao2018,S09/060720_1n,all_channel,mean,mean__all_channel__C4,32,116,"[0, 1, 2, 3, 4, 5, 6, 7, 8, 9, 10, 11, 12, 13, 14, 15, 16, 17, 18, 19, 22, 23, 24, 25, 26, 27, 28, 29, 34, 35, 36, 43, 46, 49, 52, 53, 54, 56, 57, 59, 60, 62, 63, 64, 66, 67, 68, 69, 70, 71, 72, 73, 74, 75, 76, 77, 78, 80, 81, 82, 83, 84, 86, 87, 88, 89, 90, 91, 92, 93, 94, 95, 96, 97, 98, 99, 101, 102, 103, 104, 105, 106, 107, 108, 109, 110, 111, 112, 113, 114, 115]",91,False,2.664503436395845e-05,4.139581646496859e-09,8.880298260770651e-06,30.0
T4,385,385,244,141,1192,0.6337662337662338,0.16991643454038996,0.26798462383305877,cao2018,S09/060720_1n,all_channel,mean,mean__all_channel__T4,32,116,"[0, 1, 2, 3, 4, 5, 6, 7, 8, 9, 10, 11, 12, 13, 14, 15, 16, 17, 18, 19, 22, 23, 24, 25, 26, 27, 28, 29, 34, 35, 36, 43, 46, 49, 52, 53, 54, 56, 57, 59, 60, 62, 63, 64, 66, 67, 68, 69, 70, 71, 72, 73, 74, 75, 76, 77, 78, 80, 81, 82, 83, 84, 86, 87, 88, 89, 90, 91, 92, 93, 94, 95, 96, 97, 98, 99, 101, 102, 103, 104, 105, 106, 107, 108, 109, 110, 111, 112, 113, 114, 115]",91,False,2.0465360919211724e-05,9.613907305548074e-09,6.818582337302059e-06,30.0
CZ,324,324,231,93,1205,0.7129629629629629,0.16086350974930363,0.2625,cao2018,S09/060720_1n,all_channel,mean,mean__all_channel__CZ,32,116,"[0, 1, 2, 3, 4, 5, 6, 7, 8, 9, 10, 11, 12, 13, 14, 15, 16, 17, 18, 19, 22, 23, 24, 25, 26, 27, 28, 29, 34, 35, 36, 43, 46, 49, 52, 53, 54, 56, 57, 59, 60, 62, 63, 64, 66, 67, 68, 69, 70, 71, 72, 73, 74, 75, 76, 77, 78, 80, 81, 82, 83, 84, 86, 87, 88, 89, 90, 91, 92, 93, 94, 95, 96, 97, 98, 99, 101, 102, 103, 104, 105, 106, 107, 108, 109, 110, 111, 112, 113, 114, 115]",91,False,2.8304536835537235e-05,-9.807661310372862e-10,9.435172533889425e-06,30.0
T3,408,408,241,167,1195,0.5906862745098039,0.16782729805013927,0.2613882863340564,cao2018,S09/060720_1n,all_channel,mean,mean__all_channel__T3,32,116,"[0, 1, 2, 3, 4, 5, 6, 7, 8, 9, 10, 11, 12, 13, 14, 15, 16, 17, 18, 19, 22, 23, 24, 25, 26, 27, 28, 29, 34, 35, 36, 43, 46, 49, 52, 53, 54, 56, 57, 59, 60, 62, 63, 64, 66, 67, 68, 69, 70, 71, 72, 73, 74, 75, 76, 77, 78, 80, 81, 82, 83, 84, 86, 87, 88, 89, 90, 91, 92, 93, 94, 95, 96, 97, 98, 99, 101, 102, 103, 104, 105, 106, 107, 108, 109, 110, 111, 112, 113, 114, 115]",91,False,1.986211516763814e-05,-5.229431848537535e-09,6.622448199828892e-06,30.0
CP3,310,310,218,92,1218,0.7032258064516129,0.15181058495821728,0.24971363115693013,cao2018,S09/060720_1n,all_channel,mean,mean__all_channel__CP3,32,116,"[0, 1, 2, 3, 4, 5, 6, 7, 8, 9, 10, 11, 12, 13, 14, 15, 16, 17, 18, 19, 22, 23, 24, 25, 26, 27, 28, 29, 34, 35, 36, 43, 46, 49, 52, 53, 54, 56, 57, 59, 60, 62, 63, 64, 66, 67, 68, 69, 70, 71, 72, 73, 74, 75, 76, 77, 78, 80, 81, 82, 83, 84, 86, 87, 88, 89, 90, 91, 92, 93, 94, 95, 96, 97, 98, 99, 101, 102, 103, 104, 105, 106, 107, 108, 109, 110, 111, 112, 113, 114, 115]",91,False,2.218266916032485e-05,-6.816710468232625e-09,7.396495290264361e-06,30.0
CP4,305,305,174,131,1262,0.5704918032786885,0.12116991643454039,0.19988512349224585,cao2018,S09/060720_1n,all_channel,mean,mean__all_channel__CP4,32,116,"[0, 1, 2, 3, 4, 5, 6, 7, 8, 9, 10, 11, 12, 13, 14, 15, 16, 17, 18, 19, 22, 23, 24, 25, 26, 27, 28, 29, 34, 35, 36, 43, 46, 49, 52, 53, 54, 56, 57, 59, 60, 62, 63, 64, 66, 67, 68, 69, 70, 71, 72, 73, 74, 75, 76, 77, 78, 80, 81, 82, 83, 84, 86, 87, 88, 89, 90, 91, 92, 93, 94, 95, 96, 97, 98, 99, 101, 102, 103, 104, 105, 106, 107, 108, 109, 110, 111, 112, 113, 114, 115]",91,False,2.353970070746594e-05,3.5597642115782532e-09,7.84538031441812e-06,30.0
T5,314,314,161,153,1275,0.5127388535031847,0.11211699164345404,0.18400000000000002,cao2018,S09/060720_1n,all_channel,mean,mean__all_channel__T5,32,116,"[0, 1, 2, 3, 4, 5, 6, 7, 8, 9, 10, 11, 12, 13, 14, 15, 16, 17, 18, 19, 22, 23, 24, 25, 26, 27, 28, 29, 34, 35, 36, 43, 46, 49, 52, 53, 54, 56, 57, 59, 60, 62, 63, 64, 66, 67, 68, 69, 70, 71, 72, 73, 74, 75, 76, 77, 78, 80, 81, 82, 83, 84, 86, 87, 88, 89, 90, 91, 92, 93, 94, 95, 96, 97, 98, 99, 101, 102, 103, 104, 105, 106, 107, 108, 109, 110, 111, 112, 113, 114, 115]",91,False,1.3054999024410041e-05,-4.705006688042998e-09,4.353234677032694e-06,30.0
CPZ,224,224,148,76,1288,0.6607142857142857,0.10306406685236769,0.17831325301204817,cao2018,S09/060720_1n,all_channel,mean,mean__all_channel__CPZ,32,116,"[0, 1, 2, 3, 4, 5, 6, 7, 8, 9, 10, 11, 12, 13, 14, 15, 16, 17, 18, 19, 22, 23, 24, 25, 26, 27, 28, 29, 34, 35, 36, 43, 46, 49, 52, 53, 54, 56, 57, 59, 60, 62, 63, 64, 66, 67, 68, 69, 70, 71, 72, 73, 74, 75, 76, 77, 78, 80, 81, 82, 83, 84, 86, 87, 88, 89, 90, 91, 92, 93, 94, 95, 96, 97, 98, 99, 101, 102, 103, 104, 105, 106, 107, 108, 109, 110, 111, 112, 113, 114, 115]",91,False,2.454420049186553e-05,-2.0983554357115265e-09,8.18209961576708e-06,30.0
TP7,301,301,141,160,1295,0.4684385382059801,0.09818941504178273,0.16234887737478412,cao2018,S09/060720_1n,all_channel,mean,mean__all_channel__TP7,32,116,"[0, 1, 2, 3, 4, 5, 6, 7, 8, 9, 10, 11, 12, 13, 14, 15, 16, 17, 18, 19, 22, 23, 24, 25, 26, 27, 28, 29, 34, 35, 36, 43, 46, 49, 52, 53, 54, 56, 57, 59, 60, 62, 63, 64, 66, 67, 68, 69, 70, 71, 72, 73, 74, 75, 76, 77, 78, 80, 81, 82, 83, 84, 86, 87, 88, 89, 90, 91, 92, 93, 94, 95, 96, 97, 98, 99, 101, 102, 103, 104, 105, 106, 107, 108, 109, 110, 111, 112, 113, 114, 115]",91,False,1.3067217954134182e-05,-4.110602160120818e-09,4.357109518764768e-06,30.0
TP8,275,275,138,137,1298,0.5018181818181818,0.09610027855153204,0.16130917592051433,cao2018,S09/060720_1n,all_channel,mean,mean__all_channel__TP8,32,116,"[0, 1, 2, 3, 4, 5, 6, 7, 8, 9, 10, 11, 12, 13, 14, 15, 16, 17, 18, 19, 22, 23, 24, 25, 26, 27, 28, 29, 34, 35, 36, 43, 46, 49, 52, 53, 54, 56, 57, 59, 60, 62, 63, 64, 66, 67, 68, 69, 70, 71, 72, 73, 74, 75, 76, 77, 78, 80, 81, 82, 83, 84, 86, 87, 88, 89, 90, 91, 92, 93, 94, 95, 96, 97, 98, 99, 101, 102, 103, 104, 105, 106, 107, 108, 109, 110, 111, 112, 113, 114, 115]",91,False,1.5562548735508293e-05,3.974330026282536e-09,5.1861914684940036e-06,30.0
A1,335,335,125,210,1311,0.373134328358209,0.08704735376044569,0.1411631846414455,cao2018,S09/060720_1n,all_channel,mean,mean__all_channel__A1,32,116,"[0, 1, 2, 3, 4, 5, 6, 7, 8, 9, 10, 11, 12, 13, 14, 15, 16, 17, 18, 19, 22, 23, 24, 25, 26, 27, 28, 29, 34, 35, 36, 43, 46, 49, 52, 53, 54, 56, 57, 59, 60, 62, 63, 64, 66, 67, 68, 69, 70, 71, 72, 73, 74, 75, 76, 77, 78, 80, 81, 82, 83, 84, 86, 87, 88, 89, 90, 91, 92, 93, 94, 95, 96, 97, 98, 99, 101, 102, 103, 104, 105, 106, 107, 108, 109, 110, 111, 112, 113, 114, 115]",91,False,7.485920199350613e-06,-2.8947898736297017e-09,2.4962716630747476e-06,30.0
P3,298,298,112,186,1324,0.37583892617449666,0.07799442896935933,0.12918108419838525,cao2018,S09/060720_1n,all_channel,mean,mean__all_channel__P3,32,116,"[0, 1, 2, 3, 4, 5, 6, 7, 8, 9, 10, 11, 12, 13, 14, 15, 16, 17, 18, 19, 22, 23, 24, 25, 26, 27, 28, 29, 34, 35, 36, 43, 46, 49, 52, 53, 54, 56, 57, 59, 60, 62, 63, 64, 66, 67, 68, 69, 70, 71, 72, 73, 74, 75, 76, 77, 78, 80, 81, 82, 83, 84, 86, 87, 88, 89, 90, 91, 92, 93, 94, 95, 96, 97, 98, 99, 101, 102, 103, 104, 105, 106, 107, 108, 109, 110, 111, 112, 113, 114, 115]",91,False,2.367277088144629e-05,4.191203589142091e-10,7.890783920362457e-06,30.0
A2,329,329,112,217,1324,0.3404255319148936,0.07799442896935933,0.12691218130311616,cao2018,S09/060720_1n,all_channel,mean,mean__all_channel__A2,32,116,"[0, 1, 2, 3, 4, 5, 6, 7, 8, 9, 10, 11, 12, 13, 14, 15, 16, 17, 18, 19, 22, 23, 24, 25, 26, 27, 28, 29, 34, 35, 36, 43, 46, 49, 52, 53, 54, 56, 57, 59, 60, 62, 63, 64, 66, 67, 68, 69, 70, 71, 72, 73, 74, 75, 76, 77, 78, 80, 81, 82, 83, 84, 86, 87, 88, 89, 90, 91, 92, 93, 94, 95, 96, 97, 98, 99, 101, 102, 103, 104, 105, 106, 107, 108, 109, 110, 111, 112, 113, 114, 115]",91,False,7.4938340368806825e-06,2.8722483418415972e-09,2.49698726284628e-06,30.0
P4,201,201,99,102,1337,0.4925373134328358,0.06894150417827298,0.1209529627367135,cao2018,S09/060720_1n,all_channel,mean,mean__all_channel__P4,32,116,"[0, 1, 2, 3, 4, 5, 6, 7, 8, 9, 10, 11, 12, 13, 14, 15, 16, 17, 18, 19, 22, 23, 24, 25, 26, 27, 28, 29, 34, 35, 36, 43, 46, 49, 52, 53, 54, 56, 57, 59, 60, 62, 63, 64, 66, 67, 68, 69, 70, 71, 72, 73, 74, 75, 76, 77, 78, 80, 81, 82, 83, 84, 86, 87, 88, 89, 90, 91, 92, 93, 94, 95, 96, 97, 98, 99, 101, 102, 103, 104, 105, 106, 107, 108, 109, 110, 111, 112, 113, 114, 115]",91,False,2.0624928153515417e-05,4.2807527548507155e-09,6.8735491335868555e-06,30.0
PZ,153,153,80,73,1356,0.5228758169934641,0.055710306406685235,0.10069225928256764,cao2018,S09/060720_1n,all_channel,mean,mean__all_channel__PZ,32,116,"[0, 1, 2, 3, 4, 5, 6, 7, 8, 9, 10, 11, 12, 13, 14, 15, 16, 17, 18, 19, 22, 23, 24, 25, 26, 27, 28, 29, 34, 35, 36, 43, 46, 49, 52, 53, 54, 56, 57, 59, 60, 62, 63, 64, 66, 67, 68, 69, 70, 71, 72, 73, 74, 75, 76, 77, 78, 80, 81, 82, 83, 84, 86, 87, 88, 89, 90, 91, 92, 93, 94, 95, 96, 97, 98, 99, 101, 102, 103, 104, 105, 106, 107, 108, 109, 110, 111, 112, 113, 114, 115]",91,False,2.157322727161786e-05,6.913473989240611e-10,7.190845308072979e-06,30.0
T6,194,194,76,118,1360,0.3917525773195876,0.052924791086350974,0.09325153374233129,cao2018,S09/060720_1n,all_channel,mean,mean__all_channel__T6,32,116,"[0, 1, 2, 3, 4, 5, 6, 7, 8, 9, 10, 11, 12, 13, 14, 15, 16, 17, 18, 19, 22, 23, 24, 25, 26, 27, 28, 29, 34, 35, 36, 43, 46, 49, 52, 53, 54, 56, 57, 59, 60, 62, 63, 64, 66, 67, 68, 69, 70, 71, 72, 73, 74, 75, 76, 77, 78, 80, 81, 82, 83, 84, 86, 87, 88, 89, 90, 91, 92, 93, 94, 95, 96, 97, 98, 99, 101, 102, 103, 104, 105, 106, 107, 108, 109, 110, 111, 112, 113, 114, 115]",91,False,1.389077940061155e-05,-1.5658612330051446e-09,4.630781753948185e-06,30.0
O2,160,160,40,120,1396,0.25,0.027855153203342618,0.05012531328320802,cao2018,S09/060720_1n,all_channel,mean,mean__all_channel__O2,32,116,"[0, 1, 2, 3, 4, 5, 6, 7, 8, 9, 10, 11, 12, 13, 14, 15, 16, 17, 18, 19, 22, 23, 24, 25, 26, 27, 28, 29, 34, 35, 36, 43, 46, 49, 52, 53, 54, 56, 57, 59, 60, 62, 63, 64, 66, 67, 68, 69, 70, 71, 72, 73, 74, 75, 76, 77, 78, 80, 81, 82, 83, 84, 86, 87, 88, 89, 90, 91, 92, 93, 94, 95, 96, 97, 98, 99, 101, 102, 103, 104, 105, 106, 107, 108, 109, 110, 111, 112, 113, 114, 115]",91,False,1.0863406810811912e-05,-8.133280182181633e-10,3.6214067129433774e-06,30.0
O1,170,170,38,132,1398,0.2235294117647059,0.026462395543175487,0.047322540473225407,cao2018,S09/060720_1n,all_channel,mean,mean__all_channel__O1,32,116,"[0, 1, 2, 3, 4, 5, 6, 7, 8, 9, 10, 11, 12, 13, 14, 15, 16, 17, 18, 19, 22, 23, 24, 25, 26, 27, 28, 29, 34, 35, 36, 43, 46, 49, 52, 53, 54, 56, 57, 59, 60, 62, 63, 64, 66, 67, 68, 69, 70, 71, 72, 73, 74, 75, 76, 77, 78, 80, 81, 82, 83, 84, 86, 87, 88, 89, 90, 91, 92, 93, 94, 95, 96, 97, 98, 99, 101, 102, 103, 104, 105, 106, 107, 108, 109, 110, 111, 112, 113, 114, 115]",91,False,1.173936509601589e-05,8.511107393621834e-10,3.912837995092176e-06,30.0
OZ,138,138,36,102,1400,0.2608695652173913,0.025069637883008356,0.045743329097839895,cao2018,S09/060720_1n,all_channel,mean,mean__all_channel__OZ,32,116,"[0, 1, 2, 3, 4, 5, 6, 7, 8, 9, 10, 11, 12, 13, 14, 15, 16, 17, 18, 19, 22, 23, 24, 25, 26, 27, 28, 29, 34, 35, 36, 43, 46, 49, 52, 53, 54, 56, 57, 59, 60, 62, 63, 64, 66, 67, 68, 69, 70, 71, 72, 73, 74, 75, 76, 77, 78, 80, 81, 82, 83, 84, 86, 87, 88, 89, 90, 91, 92, 93, 94, 95, 96, 97, 98, 99, 101, 102, 103, 104, 105, 106, 107, 108, 109, 110, 111, 112, 113, 114, 115]",91,False,1.1921676233443743e-05,1.281754487832883e-09,3.973464826318637e-06,30.0
FP2,1618,1618,1411,207,25,0.8720642768850433,0.9825905292479109,0.9240340537000654,cao2018,S09/060720_1n,frontal,median,median__frontal__FP2,4,116,"[0, 1, 2, 3, 4, 5, 6, 7, 8, 9, 10, 11, 12, 13, 14, 15, 16, 17, 18, 19, 23, 24, 25, 26, 27, 28, 29, 34, 35, 36, 46, 49, 52, 53, 54, 56, 57, 62, 66, 68, 69, 70, 71, 72, 73, 74, 76, 81, 82, 83, 84, 86, 87, 88, 89, 90, 91, 92, 93, 94, 95, 96, 97, 98, 99, 102, 104, 105, 106, 107, 108, 109, 110, 111, 112, 113, 114, 115]",78,False,5.003156663874893e-05,-6.665275816695054e-06,1.8898947485147995e-05,30.0
FP1,1625,1625,1402,223,34,0.8627692307692307,0.9763231197771588,0.9160405096373734,cao2018,S09/060720_1n,frontal,median,median__frontal__FP1,4,116,"[0, 1, 2, 3, 4, 5, 6, 7, 8, 9, 10, 11, 12, 13, 14, 15, 16, 17, 18, 19, 23, 24, 25, 26, 27, 28, 29, 34, 35, 36, 46, 49, 52, 53, 54, 56, 57, 62, 66, 68, 69, 70, 71, 72, 73, 74, 76, 81, 82, 83, 84, 86, 87, 88, 89, 90, 91, 92, 93, 94, 95, 96, 97, 98, 99, 102, 104, 105, 106, 107, 108, 109, 110, 111, 112, 113, 114, 115]",78,False,5.581179375009804e-05,-7.276526824211405e-06,2.102944019143648e-05,30.0
F4,1279,1279,1095,184,341,0.856137607505864,0.7625348189415042,0.8066298342541437,cao2018,S09/060720_1n,frontal,median,median__frontal__F4,4,116,"[0, 1, 2, 3, 4, 5, 6, 7, 8, 9, 10, 11, 12, 13, 14, 15, 16, 17, 18, 19, 23, 24, 25, 26, 27, 28, 29, 34, 35, 36, 46, 49, 52, 53, 54, 56, 57, 62, 66, 68, 69, 70, 71, 72, 73, 74, 76, 81, 82, 83, 84, 86, 87, 88, 89, 90, 91, 92, 93, 94, 95, 96, 97, 98, 99, 102, 104, 105, 106, 107, 108, 109, 110, 111, 112, 113, 114, 115]",78,False,3.489608337406512e-05,-2.5724500702434397e-06,1.2489511148102853e-05,30.0
F3,1148,1148,1001,147,435,0.8719512195121951,0.697075208913649,0.7747678018575852,cao2018,S09/060720_1n,frontal,median,median__frontal__F3,4,116,"[0, 1, 2, 3, 4, 5, 6, 7, 8, 9, 10, 11, 12, 13, 14, 15, 16, 17, 18, 19, 23, 24, 25, 26, 27, 28, 29, 34, 35, 36, 46, 49, 52, 53, 54, 56, 57, 62, 66, 68, 69, 70, 71, 72, 73, 74, 76, 81, 82, 83, 84, 86, 87, 88, 89, 90, 91, 92, 93, 94, 95, 96, 97, 98, 99, 102, 104, 105, 106, 107, 108, 109, 110, 111, 112, 113, 114, 115]",78,False,4.2657529549653065e-05,-3.145051838818463e-06,1.5267527129490507e-05,30.0
FP2,1553,1553,1396,157,40,0.8989053444945267,0.9721448467966574,0.9340916694546672,cao2018,S09/060720_1n,frontal,mean,mean__frontal__FP2,4,116,"[0, 1, 2, 3, 4, 5, 6, 7, 8, 9, 10, 11, 12, 13, 14, 15, 16, 17, 18, 19, 23, 24, 25, 26, 27, 28, 29, 34, 35, 36, 46, 49, 52, 53, 54, 56, 57, 62, 66, 68, 69, 70, 71, 72, 73, 74, 76, 81, 82, 83, 84, 86, 87, 88, 89, 90, 91, 92, 93, 94, 95, 96, 97, 98, 99, 102, 104, 105, 106, 107, 108, 109, 110, 111, 112, 113, 114, 115]",78,False,5.667891328377078e-05,-1.7929171673206377e-08,1.8898947485147995e-05,30.0
FP1,1549,1549,1381,168,55,0.8915429309231763,0.9616991643454039,0.9252931323283082,cao2018,S09/060720_1n,frontal,mean,mean__frontal__FP1,4,116,"[0, 1, 2, 3, 4, 5, 6, 7, 8, 9, 10, 11, 12, 13, 14, 15, 16, 17, 18, 19, 23, 24, 25, 26, 27, 28, 29, 34, 35, 36, 46, 49, 52, 53, 54, 56, 57, 62, 66, 68, 69, 70, 71, 72, 73, 74, 76, 81, 82, 83, 84, 86, 87, 88, 89, 90, 91, 92, 93, 94, 95, 96, 97, 98, 99, 102, 104, 105, 106, 107, 108, 109, 110, 111, 112, 113, 114, 115]",78,False,6.307632426160557e-05,-1.1996312703865558e-08,2.102944019143648e-05,30.0
F4,1171,1171,1001,170,435,0.8548249359521777,0.697075208913649,0.7679324894514767,cao2018,S09/060720_1n,frontal,mean,mean__frontal__F4,4,116,"[0, 1, 2, 3, 4, 5, 6, 7, 8, 9, 10, 11, 12, 13, 14, 15, 16, 17, 18, 19, 23, 24, 25, 26, 27, 28, 29, 34, 35, 36, 46, 49, 52, 53, 54, 56, 57, 62, 66, 68, 69, 70, 71, 72, 73, 74, 76, 81, 82, 83, 84, 86, 87, 88, 89, 90, 91, 92, 93, 94, 95, 96, 97, 98, 99, 102, 104, 105, 106, 107, 108, 109, 110, 111, 112, 113, 114, 115]",78,False,3.747845029299967e-05,9.916848691109235e-09,1.2489511148102853e-05,30.0
F3,1037,1037,907,130,529,0.8746383799421408,0.6316155988857939,0.7335220380105135,cao2018,S09/060720_1n,frontal,mean,mean__frontal__F3,4,116,"[0, 1, 2, 3, 4, 5, 6, 7, 8, 9, 10, 11, 12, 13, 14, 15, 16, 17, 18, 19, 23, 24, 25, 26, 27, 28, 29, 34, 35, 36, 46, 49, 52, 53, 54, 56, 57, 62, 66, 68, 69, 70, 71, 72, 73, 74, 76, 81, 82, 83, 84, 86, 87, 88, 89, 90, 91, 92, 93, 94, 95, 96, 97, 98, 99, 102, 104, 105, 106, 107, 108, 109, 110, 111, 112, 113, 114, 115]",78,False,4.579913746235969e-05,-3.4439261118362962e-09,1.5267527129490507e-05,30.0
FP1,1625,1625,1402,223,34,0.8627692307692307,0.9763231197771588,0.9160405096373734,cao2018,S09/060720_1n,frontal_left,median,median__frontal_left__FP1,2,116,"[0, 1, 2, 3, 4, 5, 6, 7, 8, 9, 10, 11, 12, 13, 14, 15, 16, 17, 18, 19, 23, 24, 25, 26, 27, 28, 29, 34, 35, 36, 46, 49, 52, 53, 54, 56, 57, 62, 66, 68, 69, 70, 71, 72, 73, 74, 76, 81, 82, 83, 84, 86, 87, 88, 89, 90, 91, 92, 93, 94, 95, 96, 97, 98, 99, 102, 104, 105, 106, 107, 108, 109, 110, 111, 112, 113, 114, 115]",78,False,5.581179375009804e-05,-7.276526824211405e-06,2.102944019143648e-05,30.0
F3,1148,1148,1001,147,435,0.8719512195121951,0.697075208913649,0.7747678018575852,cao2018,S09/060720_1n,frontal_left,median,median__frontal_left__F3,2,116,"[0, 1, 2, 3, 4, 5, 6, 7, 8, 9, 10, 11, 12, 13, 14, 15, 16, 17, 18, 19, 23, 24, 25, 26, 27, 28, 29, 34, 35, 36, 46, 49, 52, 53, 54, 56, 57, 62, 66, 68, 69, 70, 71, 72, 73, 74, 76, 81, 82, 83, 84, 86, 87, 88, 89, 90, 91, 92, 93, 94, 95, 96, 97, 98, 99, 102, 104, 105, 106, 107, 108, 109, 110, 111, 112, 113, 114, 115]",78,False,4.2657529549653065e-05,-3.145051838818463e-06,1.5267527129490507e-05,30.0
FP1,1549,1549,1381,168,55,0.8915429309231763,0.9616991643454039,0.9252931323283082,cao2018,S09/060720_1n,frontal_left,mean,mean__frontal_left__FP1,2,116,"[0, 1, 2, 3, 4, 5, 6, 7, 8, 9, 10, 11, 12, 13, 14, 15, 16, 17, 18, 19, 23, 24, 25, 26, 27, 28, 29, 34, 35, 36, 46, 49, 52, 53, 54, 56, 57, 62, 66, 68, 69, 70, 71, 72, 73, 74, 76, 81, 82, 83, 84, 86, 87, 88, 89, 90, 91, 92, 93, 94, 95, 96, 97, 98, 99, 102, 104, 105, 106, 107, 108, 109, 110, 111, 112, 113, 114, 115]",78,False,6.307632426160557e-05,-1.1996312703865558e-08,2.102944019143648e-05,30.0
F3,1037,1037,907,130,529,0.8746383799421408,0.6316155988857939,0.7335220380105135,cao2018,S09/060720_1n,frontal_left,mean,mean__frontal_left__F3,2,116,"[0, 1, 2, 3, 4, 5, 6, 7, 8, 9, 10, 11, 12, 13, 14, 15, 16, 17, 18, 19, 23, 24, 25, 26, 27, 28, 29, 34, 35, 36, 46, 49, 52, 53, 54, 56, 57, 62, 66, 68, 69, 70, 71, 72, 73, 74, 76, 81, 82, 83, 84, 86, 87, 88, 89, 90, 91, 92, 93, 94, 95, 96, 97, 98, 99, 102, 104, 105, 106, 107, 108, 109, 110, 111, 112, 113, 114, 115]",78,False,4.579913746235969e-05,-3.4439261118362962e-09,1.5267527129490507e-05,30.0
FP2,1605,1605,1407,198,29,0.8766355140186916,0.9798050139275766,0.9253535021374547,cao2018,S09/060720_1n,frontal_right,median,median__frontal_right__FP2,2,116,"[0, 1, 2, 3, 4, 5, 6, 7, 8, 10, 11, 13, 14, 15, 16, 17, 18, 19, 24, 25, 28, 54, 56, 57, 68, 69, 70, 72, 73, 74, 81, 82, 83, 84, 88, 89, 90, 91, 92, 93, 94, 95, 99, 105, 106, 108, 109, 110, 112, 113, 114, 115]",52,False,5.1803273236925956e-05,-8.75165700690782e-06,2.0184976747944592e-05,30.0
F4,1229,1229,1053,176,383,0.8567941415785191,0.7332869080779945,0.7902439024390243,cao2018,S09/060720_1n,frontal_right,median,median__frontal_right__F4,2,116,"[0, 1, 2, 3, 4, 5, 6, 7, 8, 10, 11, 13, 14, 15, 16, 17, 18, 19, 24, 25, 28, 54, 56, 57, 68, 69, 70, 72, 73, 74, 81, 82, 83, 84, 88, 89, 90, 91, 92, 93, 94, 95, 99, 105, 106, 108, 109, 110, 112, 113, 114, 115]",52,False,3.6140364266047315e-05,-3.1549424135266598e-06,1.3098435559857992e-05,30.0
FP2,1511,1511,1378,133,58,0.9119788219722038,0.9596100278551533,0.9351883271123177,cao2018,S09/060720_1n,frontal_right,mean,mean__frontal_right__FP2,2,116,"[0, 1, 2, 3, 4, 5, 6, 7, 8, 10, 11, 13, 14, 15, 16, 17, 18, 19, 24, 25, 28, 54, 56, 57, 68, 69, 70, 72, 73, 74, 81, 82, 83, 84, 88, 89, 90, 91, 92, 93, 94, 95, 99, 105, 106, 108, 109, 110, 112, 113, 114, 115]",52,False,6.0518579974508325e-05,-3.6350269325452115e-08,2.0184976747944592e-05,30.0
F4,1075,1075,922,153,514,0.8576744186046512,0.6420612813370473,0.73436877737953,cao2018,S09/060720_1n,frontal_right,mean,mean__frontal_right__F4,2,116,"[0, 1, 2, 3, 4, 5, 6, 7, 8, 10, 11, 13, 14, 15, 16, 17, 18, 19, 24, 25, 28, 54, 56, 57, 68, 69, 70, 72, 73, 74, 81, 82, 83, 84, 88, 89, 90, 91, 92, 93, 94, 95, 99, 105, 106, 108, 109, 110, 112, 113, 114, 115]",52,False,3.930391089480545e-05,8.604215231476335e-09,1.3098435559857992e-05,30.0
FP2,1639,1639,1414,225,22,0.8627211714460037,0.9846796657381616,0.9196747967479675,cao2018,S09/060720_1n,all_channel,median,median__all_channel__FP2,32,87,"[0, 1, 2, 3, 4, 5, 6, 7, 8, 9, 10, 11, 12, 13, 14, 18, 19, 20, 21, 26, 27, 35, 37, 39, 40, 41, 42, 43, 44, 46, 49, 51, 52, 53, 54, 55, 56, 57, 59, 61, 62, 63, 65, 66, 67, 68, 69, 70, 71, 72, 74, 76, 78, 79, 80, 81, 82, 83, 84, 85, 86]",61,False,4.92036791325759e-05,-6.063502253929545e-06,1.8422393795501817e-05,40.0
FP1,1640,1640,1403,237,33,0.8554878048780488,0.9770194986072424,0.91222366710013,cao2018,S09/060720_1n,all_channel,median,median__all_channel__FP1,32,87,"[0, 1, 2, 3, 4, 5, 6, 7, 8, 9, 10, 11, 12, 13, 14, 18, 19, 20, 21, 26, 27, 35, 37, 39, 40, 41, 42, 43, 44, 46, 49, 51, 52, 53, 54, 55, 56, 57, 59, 61, 62, 63, 65, 66, 67, 68, 69, 70, 71, 72, 74, 76, 78, 79, 80, 81, 82, 83, 84, 85, 86]",61,False,5.47010213832273e-05,-6.634406291086398e-06,2.0445142558104568e-05,40.0
FZ,1340,1340,1195,145,241,0.8917910447761194,0.8321727019498607,0.8609510086455331,cao2018,S09/060720_1n,all_channel,median,median__all_channel__FZ,32,87,"[0, 1, 2, 3, 4, 5, 6, 7, 8, 9, 10, 11, 12, 13, 14, 18, 19, 20, 21, 26, 27, 35, 37, 39, 40, 41, 42, 43, 44, 46, 49, 51, 52, 53, 54, 55, 56, 57, 59, 61, 62, 63, 65, 66, 67, 68, 69, 70, 71, 72, 74, 76, 78, 79, 80, 81, 82, 83, 84, 85, 86]",61,False,3.4349749654615754e-05,-2.645423143340785e-06,1.2331724265985513e-05,40.0
F4,1312,1312,1122,190,314,0.8551829268292683,0.7813370473537604,0.8165938864628821,cao2018,S09/060720_1n,all_channel,median,median__all_channel__F4,32,87,"[0, 1, 2, 3, 4, 5, 6, 7, 8, 9, 10, 11, 12, 13, 14, 18, 19, 20, 21, 26, 27, 35, 37, 39, 40, 41, 42, 43, 44, 46, 49, 51, 52, 53, 54, 55, 56, 57, 59, 61, 62, 63, 65, 66, 67, 68, 69, 70, 71, 72, 74, 76, 78, 79, 80, 81, 82, 83, 84, 85, 86]",61,False,3.4434974018841516e-05,-2.3902980105681185e-06,1.2275090676469876e-05,40.0
F7,1334,1334,1106,228,330,0.8290854572713643,0.7701949860724234,0.7985559566787004,cao2018,S09/060720_1n,all_channel,median,median__all_channel__F7,32,87,"[0, 1, 2, 3, 4, 5, 6, 7, 8, 9, 10, 11, 12, 13, 14, 18, 19, 20, 21, 26, 27, 35, 37, 39, 40, 41, 42, 43, 44, 46, 49, 51, 52, 53, 54, 55, 56, 57, 59, 61, 62, 63, 65, 66, 67, 68, 69, 70, 71, 72, 74, 76, 78, 79, 80, 81, 82, 83, 84, 85, 86]",61,False,4.033163088712363e-05,-2.7212430866363666e-06,1.4350957991253332e-05,40.0
F8,1261,1261,1076,185,360,0.8532910388580491,0.7493036211699164,0.7979236188357435,cao2018,S09/060720_1n,all_channel,median,median__all_channel__F8,32,87,"[0, 1, 2, 3, 4, 5, 6, 7, 8, 9, 10, 11, 12, 13, 14, 18, 19, 20, 21, 26, 27, 35, 37, 39, 40, 41, 42, 43, 44, 46, 49, 51, 52, 53, 54, 55, 56, 57, 59, 61, 62, 63, 65, 66, 67, 68, 69, 70, 71, 72, 74, 76, 78, 79, 80, 81, 82, 83, 84, 85, 86]",61,False,3.635028315737254e-05,-2.0558295654560047e-06,1.2802037574276182e-05,40.0
F3,1203,1203,1044,159,392,0.8678304239401496,0.7270194986072424,0.7912087912087912,cao2018,S09/060720_1n,all_channel,median,median__all_channel__F3,32,87,"[0, 1, 2, 3, 4, 5, 6, 7, 8, 9, 10, 11, 12, 13, 14, 18, 19, 20, 21, 26, 27, 35, 37, 39, 40, 41, 42, 43, 44, 46, 49, 51, 52, 53, 54, 55, 56, 57, 59, 61, 62, 63, 65, 66, 67, 68, 69, 70, 71, 72, 74, 76, 78, 79, 80, 81, 82, 83, 84, 85, 86]",61,False,4.1420010321181484e-05,-2.858034148389035e-06,1.4759348156523507e-05,40.0
FC3,964,964,795,169,641,0.8246887966804979,0.5536211699164345,0.6624999999999999,cao2018,S09/060720_1n,all_channel,median,median__all_channel__FC3,32,87,"[0, 1, 2, 3, 4, 5, 6, 7, 8, 9, 10, 11, 12, 13, 14, 18, 19, 20, 21, 26, 27, 35, 37, 39, 40, 41, 42, 43, 44, 46, 49, 51, 52, 53, 54, 55, 56, 57, 59, 61, 62, 63, 65, 66, 67, 68, 69, 70, 71, 72, 74, 76, 78, 79, 80, 81, 82, 83, 84, 85, 86]",61,False,2.965604123226593e-05,-1.6244006812982101e-06,1.0426813971188045e-05,40.0
FT7,882,882,670,212,766,0.7596371882086168,0.46657381615598886,0.5780845556514236,cao2018,S09/060720_1n,all_channel,median,median__all_channel__FT7,32,87,"[0, 1, 2, 3, 4, 5, 6, 7, 8, 9, 10, 11, 12, 13, 14, 18, 19, 20, 21, 26, 27, 35, 37, 39, 40, 41, 42, 43, 44, 46, 49, 51, 52, 53, 54, 55, 56, 57, 59, 61, 62, 63, 65, 66, 67, 68, 69, 70, 71, 72, 74, 76, 78, 79, 80, 81, 82, 83, 84, 85, 86]",61,False,2.814572701933922e-05,-1.2082738928612816e-06,9.7846669707335e-06,40.0
FCZ,712,712,617,95,819,0.8665730337078652,0.4296657381615599,0.574487895716946,cao2018,S09/060720_1n,all_channel,median,median__all_channel__FCZ,32,87,"[0, 1, 2, 3, 4, 5, 6, 7, 8, 9, 10, 11, 12, 13, 14, 18, 19, 20, 21, 26, 27, 35, 37, 39, 40, 41, 42, 43, 44, 46, 49, 51, 52, 53, 54, 55, 56, 57, 59, 61, 62, 63, 65, 66, 67, 68, 69, 70, 71, 72, 74, 76, 78, 79, 80, 81, 82, 83, 84, 85, 86]",61,False,3.0313433642242384e-05,-1.3899088584942824e-06,1.0567780833578889e-05,40.0
FC4,753,753,551,202,885,0.7317397078353254,0.38370473537604455,0.5034262220191869,cao2018,S09/060720_1n,all_channel,median,median__all_channel__FC4,32,87,"[0, 1, 2, 3, 4, 5, 6, 7, 8, 9, 10, 11, 12, 13, 14, 18, 19, 20, 21, 26, 27, 35, 37, 39, 40, 41, 42, 43, 44, 46, 49, 51, 52, 53, 54, 55, 56, 57, 59, 61, 62, 63, 65, 66, 67, 68, 69, 70, 71, 72, 74, 76, 78, 79, 80, 81, 82, 83, 84, 85, 86]",61,False,2.7141052719714397e-05,-1.2265262696584723e-06,9.45585966312429e-06,40.0
FT8,654,654,500,154,936,0.764525993883792,0.34818941504178275,0.4784688995215311,cao2018,S09/060720_1n,all_channel,median,median__all_channel__FT8,32,87,"[0, 1, 2, 3, 4, 5, 6, 7, 8, 9, 10, 11, 12, 13, 14, 18, 19, 20, 21, 26, 27, 35, 37, 39, 40, 41, 42, 43, 44, 46, 49, 51, 52, 53, 54, 55, 56, 57, 59, 61, 62, 63, 65, 66, 67, 68, 69, 70, 71, 72, 74, 76, 78, 79, 80, 81, 82, 83, 84, 85, 86]",61,False,2.5186734232980763e-05,-7.863988994860287e-07,8.657711044155597e-06,40.0
C3,596,596,460,136,976,0.7718120805369127,0.3203342618384401,0.452755905511811,cao2018,S09/060720_1n,all_channel,median,median__all_channel__C3,32,87,"[0, 1, 2, 3, 4, 5, 6, 7, 8, 9, 10, 11, 12, 13, 14, 18, 19, 20, 21, 26, 27, 35, 37, 39, 40, 41, 42, 43, 44, 46, 49, 51, 52, 53, 54, 55, 56, 57, 59, 61, 62, 63, 65, 66, 67, 68, 69, 70, 71, 72, 74, 76, 78, 79, 80, 81, 82, 83, 84, 85, 86]",61,False,2.6022527618228044e-05,-1.0873191682495565e-06,9.036615595492534e-06,40.0
C4,632,632,436,196,1000,0.689873417721519,0.30362116991643456,0.4216634429400387,cao2018,S09/060720_1n,all_channel,median,median__all_channel__C4,32,87,"[0, 1, 2, 3, 4, 5, 6, 7, 8, 9, 10, 11, 12, 13, 14, 18, 19, 20, 21, 26, 27, 35, 37, 39, 40, 41, 42, 43, 44, 46, 49, 51, 52, 53, 54, 55, 56, 57, 59, 61, 62, 63, 65, 66, 67, 68, 69, 70, 71, 72, 74, 76, 78, 79, 80, 81, 82, 83, 84, 85, 86]",61,False,2.587646391401081e-05,-1.06959822928322e-06,8.982020714431343e-06,40.0
CZ,361,361,267,94,1169,0.739612188365651,0.18593314763231197,0.2971619365609349,cao2018,S09/060720_1n,all_channel,median,median__all_channel__CZ,32,87,"[0, 1, 2, 3, 4, 5, 6, 7, 8, 9, 10, 11, 12, 13, 14, 18, 19, 20, 21, 26, 27, 35, 37, 39, 40, 41, 42, 43, 44, 46, 49, 51, 52, 53, 54, 55, 56, 57, 59, 61, 62, 63, 65, 66, 67, 68, 69, 70, 71, 72, 74, 76, 78, 79, 80, 81, 82, 83, 84, 85, 86]",61,False,2.7620450070847612e-05,-8.512484213631354e-07,9.490566164070249e-06,40.0
T4,402,402,255,147,1181,0.6343283582089553,0.1775766016713092,0.2774755168661589,cao2018,S09/060720_1n,all_channel,median,median__all_channel__T4,32,87,"[0, 1, 2, 3, 4, 5, 6, 7, 8, 9, 10, 11, 12, 13, 14, 18, 19, 20, 21, 26, 27, 35, 37, 39, 40, 41, 42, 43, 44, 46, 49, 51, 52, 53, 54, 55, 56, 57, 59, 61, 62, 63, 65, 66, 67, 68, 69, 70, 71, 72, 74, 76, 78, 79, 80, 81, 82, 83, 84, 85, 86]",61,False,2.0223003554482452e-05,-3.6482856087021643e-07,6.862610705117556e-06,40.0
T3,424,424,250,174,1186,0.589622641509434,0.17409470752089137,0.2688172043010753,cao2018,S09/060720_1n,all_channel,median,median__all_channel__T3,32,87,"[0, 1, 2, 3, 4, 5, 6, 7, 8, 9, 10, 11, 12, 13, 14, 18, 19, 20, 21, 26, 27, 35, 37, 39, 40, 41, 42, 43, 44, 46, 49, 51, 52, 53, 54, 55, 56, 57, 59, 61, 62, 63, 65, 66, 67, 68, 69, 70, 71, 72, 74, 76, 78, 79, 80, 81, 82, 83, 84, 85, 86]",61,False,1.965077668385769e-05,-3.4219498834712894e-07,6.66432389073494e-06,40.0
CP3,335,335,238,97,1198,0.7104477611940299,0.16573816155988857,0.26877470355731226,cao2018,S09/060720_1n,all_channel,median,median__all_channel__CP3,32,87,"[0, 1, 2, 3, 4, 5, 6, 7, 8, 9, 10, 11, 12, 13, 14, 18, 19, 20, 21, 26, 27, 35, 37, 39, 40, 41, 42, 43, 44, 46, 49, 51, 52, 53, 54, 55, 56, 57, 59, 61, 62, 63, 65, 66, 67, 68, 69, 70, 71, 72, 74, 76, 78, 79, 80, 81, 82, 83, 84, 85, 86]",61,False,2.167813226112659e-05,-6.678674111599254e-07,7.448666557428838e-06,40.0
CP4,322,322,189,133,1247,0.5869565217391305,0.13161559888579388,0.21501706484641642,cao2018,S09/060720_1n,all_channel,median,median__all_channel__CP4,32,87,"[0, 1, 2, 3, 4, 5, 6, 7, 8, 9, 10, 11, 12, 13, 14, 18, 19, 20, 21, 26, 27, 35, 37, 39, 40, 41, 42, 43, 44, 46, 49, 51, 52, 53, 54, 55, 56, 57, 59, 61, 62, 63, 65, 66, 67, 68, 69, 70, 71, 72, 74, 76, 78, 79, 80, 81, 82, 83, 84, 85, 86]",61,False,2.3073439352887677e-05,-6.914847717658118e-07,7.921641374884496e-06,40.0
CPZ,254,254,171,83,1265,0.6732283464566929,0.1190807799442897,0.20236686390532546,cao2018,S09/060720_1n,all_channel,median,median__all_channel__CPZ,32,87,"[0, 1, 2, 3, 4, 5, 6, 7, 8, 9, 10, 11, 12, 13, 14, 18, 19, 20, 21, 26, 27, 35, 37, 39, 40, 41, 42, 43, 44, 46, 49, 51, 52, 53, 54, 55, 56, 57, 59, 61, 62, 63, 65, 66, 67, 68, 69, 70, 71, 72, 74, 76, 78, 79, 80, 81, 82, 83, 84, 85, 86]",61,False,2.4052174545754623e-05,-6.344320736647555e-07,8.228868873139793e-06,40.0
T5,325,325,169,156,1267,0.52,0.11768802228412256,0.19193639977285634,cao2018,S09/060720_1n,all_channel,median,median__all_channel__T5,32,87,"[0, 1, 2, 3, 4, 5, 6, 7, 8, 9, 10, 11, 12, 13, 14, 18, 19, 20, 21, 26, 27, 35, 37, 39, 40, 41, 42, 43, 44, 46, 49, 51, 52, 53, 54, 55, 56, 57, 59, 61, 62, 63, 65, 66, 67, 68, 69, 70, 71, 72, 74, 76, 78, 79, 80, 81, 82, 83, 84, 85, 86]",61,False,1.2949085158689292e-05,-2.6417425509415035e-07,4.404419804594481e-06,40.0
TP7,307,307,147,160,1289,0.4788273615635179,0.10236768802228412,0.1686746987951807,cao2018,S09/060720_1n,all_channel,median,median__all_channel__TP7,32,87,"[0, 1, 2, 3, 4, 5, 6, 7, 8, 9, 10, 11, 12, 13, 14, 18, 19, 20, 21, 26, 27, 35, 37, 39, 40, 41, 42, 43, 44, 46, 49, 51, 52, 53, 54, 55, 56, 57, 59, 61, 62, 63, 65, 66, 67, 68, 69, 70, 71, 72, 74, 76, 78, 79, 80, 81, 82, 83, 84, 85, 86]",61,False,1.3002151152483896e-05,-2.402390804520359e-07,4.414130077645311e-06,40.0
TP8,280,280,141,139,1295,0.5035714285714286,0.09818941504178273,0.16433566433566435,cao2018,S09/060720_1n,all_channel,median,median__all_channel__TP8,32,87,"[0, 1, 2, 3, 4, 5, 6, 7, 8, 9, 10, 11, 12, 13, 14, 18, 19, 20, 21, 26, 27, 35, 37, 39, 40, 41, 42, 43, 44, 46, 49, 51, 52, 53, 54, 55, 56, 57, 59, 61, 62, 63, 65, 66, 67, 68, 69, 70, 71, 72, 74, 76, 78, 79, 80, 81, 82, 83, 84, 85, 86]",61,False,1.5440284897949353e-05,-2.6741921489993397e-07,5.235901370949763e-06,40.0
A1,341,341,127,214,1309,0.3724340175953079,0.08844011142061281,0.1429375351716376,cao2018,S09/060720_1n,all_channel,median,median__all_channel__A1,32,87,"[0, 1, 2, 3, 4, 5, 6, 7, 8, 9, 10, 11, 12, 13, 14, 18, 19, 20, 21, 26, 27, 35, 37, 39, 40, 41, 42, 43, 44, 46, 49, 51, 52, 53, 54, 55, 56, 57, 59, 61, 62, 63, 65, 66, 67, 68, 69, 70, 71, 72, 74, 76, 78, 79, 80, 81, 82, 83, 84, 85, 86]",61,False,7.4630731099143716e-06,-2.86527609353047e-08,2.497241956949892e-06,40.0
P3,336,336,125,211,1311,0.37202380952380953,0.08704735376044569,0.14108352144469524,cao2018,S09/060720_1n,all_channel,median,median__all_channel__P3,32,87,"[0, 1, 2, 3, 4, 5, 6, 7, 8, 9, 10, 11, 12, 13, 14, 18, 19, 20, 21, 26, 27, 35, 37, 39, 40, 41, 42, 43, 44, 46, 49, 51, 52, 53, 54, 55, 56, 57, 59, 61, 62, 63, 65, 66, 67, 68, 69, 70, 71, 72, 74, 76, 78, 79, 80, 81, 82, 83, 84, 85, 86]",61,False,2.2885604103851007e-05,-6.707171561634595e-07,7.852107086671489e-06,40.0
A2,319,319,113,206,1323,0.3542319749216301,0.0786908077994429,0.1287749287749288,cao2018,S09/060720_1n,all_channel,median,median__all_channel__A2,32,87,"[0, 1, 2, 3, 4, 5, 6, 7, 8, 9, 10, 11, 12, 13, 14, 18, 19, 20, 21, 26, 27, 35, 37, 39, 40, 41, 42, 43, 44, 46, 49, 51, 52, 53, 54, 55, 56, 57, 59, 61, 62, 63, 65, 66, 67, 68, 69, 70, 71, 72, 74, 76, 78, 79, 80, 81, 82, 83, 84, 85, 86]",61,False,7.521063019907187e-06,2.8120431818772816e-08,2.497647529362805e-06,40.0
P4,208,208,103,105,1333,0.4951923076923077,0.07172701949860724,0.12530413625304135,cao2018,S09/060720_1n,all_channel,median,median__all_channel__P4,32,87,"[0, 1, 2, 3, 4, 5, 6, 7, 8, 9, 10, 11, 12, 13, 14, 18, 19, 20, 21, 26, 27, 35, 37, 39, 40, 41, 42, 43, 44, 46, 49, 51, 52, 53, 54, 55, 56, 57, 59, 61, 62, 63, 65, 66, 67, 68, 69, 70, 71, 72, 74, 76, 78, 79, 80, 81, 82, 83, 84, 85, 86]",61,False,2.0418906167081062e-05,-4.2924283990394406e-07,6.949383002328335e-06,40.0
PZ,161,161,88,73,1348,0.546583850931677,0.06128133704735376,0.11020663744520977,cao2018,S09/060720_1n,all_channel,median,median__all_channel__PZ,32,87,"[0, 1, 2, 3, 4, 5, 6, 7, 8, 9, 10, 11, 12, 13, 14, 18, 19, 20, 21, 26, 27, 35, 37, 39, 40, 41, 42, 43, 44, 46, 49, 51, 52, 53, 54, 55, 56, 57, 59, 61, 62, 63, 65, 66, 67, 68, 69, 70, 71, 72, 74, 76, 78, 79, 80, 81, 82, 83, 84, 85, 86]",61,False,2.1343436033989624e-05,-3.934354483789826e-07,7.2456238274562025e-06,40.0
T6,193,193,76,117,1360,0.39378238341968913,0.052924791086350974,0.09330877839165132,cao2018,S09/060720_1n,all_channel,median,median__all_channel__T6,32,87,"[0, 1, 2, 3, 4, 5, 6, 7, 8, 9, 10, 11, 12, 13, 14, 18, 19, 20, 21, 26, 27, 35, 37, 39, 40, 41, 42, 43, 44, 46, 49, 51, 52, 53, 54, 55, 56, 57, 59, 61, 62, 63, 65, 66, 67, 68, 69, 70, 71, 72, 74, 76, 78, 79, 80, 81, 82, 83, 84, 85, 86]",61,False,1.3859564279663234e-05,-1.7190923166486308e-07,4.677157837109366e-06,40.0
O2,156,156,39,117,1397,0.25,0.027158774373259052,0.04899497487437186,cao2018,S09/060720_1n,all_channel,median,median__all_channel__O2,32,87,"[0, 1, 2, 3, 4, 5, 6, 7, 8, 9, 10, 11, 12, 13, 14, 18, 19, 20, 21, 26, 27, 35, 37, 39, 40, 41, 42, 43, 44, 46, 49, 51, 52, 53, 54, 55, 56, 57, 59, 61, 62, 63, 65, 66, 67, 68, 69, 70, 71, 72, 74, 76, 78, 79, 80, 81, 82, 83, 84, 85, 86]",61,False,1.0917467940939294e-05,-9.824999441877664e-08,3.6719059784526902e-06,40.0
O1,171,171,39,132,1397,0.22807017543859648,0.027158774373259052,0.048537647790914754,cao2018,S09/060720_1n,all_channel,median,median__all_channel__O1,32,87,"[0, 1, 2, 3, 4, 5, 6, 7, 8, 9, 10, 11, 12, 13, 14, 18, 19, 20, 21, 26, 27, 35, 37, 39, 40, 41, 42, 43, 44, 46, 49, 51, 52, 53, 54, 55, 56, 57, 59, 61, 62, 63, 65, 66, 67, 68, 69, 70, 71, 72, 74, 76, 78, 79, 80, 81, 82, 83, 84, 85, 86]",61,False,1.1749961888200325e-05,-8.543717776682216e-08,3.945133021989049e-06,40.0
OZ,138,138,37,101,1399,0.26811594202898553,0.02576601671309192,0.047013977128335445,cao2018,S09/060720_1n,all_channel,median,median__all_channel__OZ,32,87,"[0, 1, 2, 3, 4, 5, 6, 7, 8, 9, 10, 11, 12, 13, 14, 18, 19, 20, 21, 26, 27, 35, 37, 39, 40, 41, 42, 43, 44, 46, 49, 51, 52, 53, 54, 55, 56, 57, 59, 61, 62, 63, 65, 66, 67, 68, 69, 70, 71, 72, 74, 76, 78, 79, 80, 81, 82, 83, 84, 85, 86]",61,False,1.1947304757419175e-05,-9.205581774613638e-08,4.01312019172177e-06,40.0
FP2,1571,1571,1401,170,35,0.8917886696371737,0.9756267409470752,0.9318257399401395,cao2018,S09/060720_1n,all_channel,mean,mean__all_channel__FP2,32,87,"[0, 1, 2, 3, 4, 5, 6, 7, 8, 9, 10, 11, 12, 13, 14, 18, 19, 20, 21, 26, 27, 35, 37, 39, 40, 41, 42, 43, 44, 46, 49, 51, 52, 53, 54, 55, 56, 57, 59, 61, 62, 63, 65, 66, 67, 68, 69, 70, 71, 72, 74, 76, 78, 79, 80, 81, 82, 83, 84, 85, 86]",61,False,5.5303136172065996e-05,3.5954785560544263e-08,1.8422393795501817e-05,40.0
FP1,1568,1568,1388,180,48,0.8852040816326531,0.9665738161559888,0.9241011984021305,cao2018,S09/060720_1n,all_channel,mean,mean__all_channel__FP1,32,87,"[0, 1, 2, 3, 4, 5, 6, 7, 8, 9, 10, 11, 12, 13, 14, 18, 19, 20, 21, 26, 27, 35, 37, 39, 40, 41, 42, 43, 44, 46, 49, 51, 52, 53, 54, 55, 56, 57, 59, 61, 62, 63, 65, 66, 67, 68, 69, 70, 71, 72, 74, 76, 78, 79, 80, 81, 82, 83, 84, 85, 86]",61,False,6.137528966386936e-05,3.986198955565932e-08,2.0445142558104568e-05,40.0
FZ,1237,1237,1111,126,325,0.8981406628940987,0.7736768802228412,0.8312757201646092,cao2018,S09/060720_1n,all_channel,mean,mean__all_channel__FZ,32,87,"[0, 1, 2, 3, 4, 5, 6, 7, 8, 9, 10, 11, 12, 13, 14, 18, 19, 20, 21, 26, 27, 35, 37, 39, 40, 41, 42, 43, 44, 46, 49, 51, 52, 53, 54, 55, 56, 57, 59, 61, 62, 63, 65, 66, 67, 68, 69, 70, 71, 72, 74, 76, 78, 79, 80, 81, 82, 83, 84, 85, 86]",61,False,3.7021856489072594e-05,2.668369111605475e-08,1.2331724265985513e-05,40.0
F4,1212,1212,1033,179,403,0.8523102310231023,0.7193593314763231,0.7802114803625378,cao2018,S09/060720_1n,all_channel,mean,mean__all_channel__F4,32,87,"[0, 1, 2, 3, 4, 5, 6, 7, 8, 9, 10, 11, 12, 13, 14, 18, 19, 20, 21, 26, 27, 35, 37, 39, 40, 41, 42, 43, 44, 46, 49, 51, 52, 53, 54, 55, 56, 57, 59, 61, 62, 63, 65, 66, 67, 68, 69, 70, 71, 72, 74, 76, 78, 79, 80, 81, 82, 83, 84, 85, 86]",61,False,3.6850272436157375e-05,2.500040674774515e-08,1.2275090676469876e-05,40.0
F7,1236,1236,1033,203,403,0.8357605177993528,0.7193593314763231,0.7732035928143713,cao2018,S09/060720_1n,all_channel,mean,mean__all_channel__F7,32,87,"[0, 1, 2, 3, 4, 5, 6, 7, 8, 9, 10, 11, 12, 13, 14, 18, 19, 20, 21, 26, 27, 35, 37, 39, 40, 41, 42, 43, 44, 46, 49, 51, 52, 53, 54, 55, 56, 57, 59, 61, 62, 63, 65, 66, 67, 68, 69, 70, 71, 72, 74, 76, 78, 79, 80, 81, 82, 83, 84, 85, 86]",61,False,4.307470226618209e-05,2.1828292422096664e-08,1.4350957991253332e-05,40.0
F8,1159,1159,991,168,445,0.8550474547023296,0.6901114206128134,0.7637764932562621,cao2018,S09/060720_1n,all_channel,mean,mean__all_channel__F8,32,87,"[0, 1, 2, 3, 4, 5, 6, 7, 8, 9, 10, 11, 12, 13, 14, 18, 19, 20, 21, 26, 27, 35, 37, 39, 40, 41, 42, 43, 44, 46, 49, 51, 52, 53, 54, 55, 56, 57, 59, 61, 62, 63, 65, 66, 67, 68, 69, 70, 71, 72, 74, 76, 78, 79, 80, 81, 82, 83, 84, 85, 86]",61,False,3.841763650752806e-05,1.152378469951555e-08,1.2802037574276182e-05,40.0
F3,1099,1099,963,136,473,0.8762511373976342,0.6706128133704735,0.7597633136094674,cao2018,S09/060720_1n,all_channel,mean,mean__all_channel__F3,32,87,"[0, 1, 2, 3, 4, 5, 6, 7, 8, 9, 10, 11, 12, 13, 14, 18, 19, 20, 21, 26, 27, 35, 37, 39, 40, 41, 42, 43, 44, 46, 49, 51, 52, 53, 54, 55, 56, 57, 59, 61, 62, 63, 65, 66, 67, 68, 69, 70, 71, 72, 74, 76, 78, 79, 80, 81, 82, 83, 84, 85, 86]",61,False,4.4301805920970694e-05,2.3761451400172373e-08,1.4759348156523507e-05,40.0
FC3,844,844,705,139,731,0.8353080568720379,0.4909470752089137,0.618421052631579,cao2018,S09/060720_1n,all_channel,mean,mean__all_channel__FC3,32,87,"[0, 1, 2, 3, 4, 5, 6, 7, 8, 9, 10, 11, 12, 13, 14, 18, 19, 20, 21, 26, 27, 35, 37, 39, 40, 41, 42, 43, 44, 46, 49, 51, 52, 53, 54, 55, 56, 57, 59, 61, 62, 63, 65, 66, 67, 68, 69, 70, 71, 72, 74, 76, 78, 79, 80, 81, 82, 83, 84, 85, 86]",61,False,3.129870662786777e-05,1.8264714303631338e-08,1.0426813971188045e-05,40.0
FT7,799,799,614,185,822,0.7684605757196495,0.4275766016713092,0.5494407158836688,cao2018,S09/060720_1n,all_channel,mean,mean__all_channel__FT7,32,87,"[0, 1, 2, 3, 4, 5, 6, 7, 8, 9, 10, 11, 12, 13, 14, 18, 19, 20, 21, 26, 27, 35, 37, 39, 40, 41, 42, 43, 44, 46, 49, 51, 52, 53, 54, 55, 56, 57, 59, 61, 62, 63, 65, 66, 67, 68, 69, 70, 71, 72, 74, 76, 78, 79, 80, 81, 82, 83, 84, 85, 86]",61,False,2.936755395162957e-05,1.3553039429069262e-08,9.7846669707335e-06,40.0
FCZ,613,613,536,77,900,0.8743882544861338,0.3732590529247911,0.5231820400195217,cao2018,S09/060720_1n,all_channel,mean,mean__all_channel__FCZ,32,87,"[0, 1, 2, 3, 4, 5, 6, 7, 8, 9, 10, 11, 12, 13, 14, 18, 19, 20, 21, 26, 27, 35, 37, 39, 40, 41, 42, 43, 44, 46, 49, 51, 52, 53, 54, 55, 56, 57, 59, 61, 62, 63, 65, 66, 67, 68, 69, 70, 71, 72, 74, 76, 78, 79, 80, 81, 82, 83, 84, 85, 86]",61,False,3.172074655896348e-05,1.7404058226817113e-08,1.0567780833578889e-05,40.0
FC4,678,678,485,193,951,0.7153392330383481,0.33774373259052926,0.4588457899716178,cao2018,S09/060720_1n,all_channel,mean,mean__all_channel__FC4,32,87,"[0, 1, 2, 3, 4, 5, 6, 7, 8, 9, 10, 11, 12, 13, 14, 18, 19, 20, 21, 26, 27, 35, 37, 39, 40, 41, 42, 43, 44, 46, 49, 51, 52, 53, 54, 55, 56, 57, 59, 61, 62, 63, 65, 66, 67, 68, 69, 70, 71, 72, 74, 76, 78, 79, 80, 81, 82, 83, 84, 85, 86]",61,False,2.837029386576509e-05,2.7148763922214757e-09,9.45585966312429e-06,40.0
FT8,600,600,461,139,975,0.7683333333333333,0.32103064066852366,0.4528487229862475,cao2018,S09/060720_1n,all_channel,mean,mean__all_channel__FT8,32,87,"[0, 1, 2, 3, 4, 5, 6, 7, 8, 9, 10, 11, 12, 13, 14, 18, 19, 20, 21, 26, 27, 35, 37, 39, 40, 41, 42, 43, 44, 46, 49, 51, 52, 53, 54, 55, 56, 57, 59, 61, 62, 63, 65, 66, 67, 68, 69, 70, 71, 72, 74, 76, 78, 79, 80, 81, 82, 83, 84, 85, 86]",61,False,2.5982117911835338e-05,8.984779368547314e-09,8.657711044155597e-06,40.0
C3,526,526,402,124,1034,0.7642585551330798,0.2799442896935933,0.4097859327217125,cao2018,S09/060720_1n,all_channel,mean,mean__all_channel__C3,32,87,"[0, 1, 2, 3, 4, 5, 6, 7, 8, 9, 10, 11, 12, 13, 14, 18, 19, 20, 21, 26, 27, 35, 37, 39, 40, 41, 42, 43, 44, 46, 49, 51, 52, 53, 54, 55, 56, 57, 59, 61, 62, 63, 65, 66, 67, 68, 69, 70, 71, 72, 74, 76, 78, 79, 80, 81, 82, 83, 84, 85, 86]",61,False,2.7123234803827427e-05,1.338801734982543e-08,9.036615595492534e-06,40.0
C4,560,560,383,177,1053,0.6839285714285714,0.2667130919220056,0.3837675350701404,cao2018,S09/060720_1n,all_channel,mean,mean__all_channel__C4,32,87,"[0, 1, 2, 3, 4, 5, 6, 7, 8, 9, 10, 11, 12, 13, 14, 18, 19, 20, 21, 26, 27, 35, 37, 39, 40, 41, 42, 43, 44, 46, 49, 51, 52, 53, 54, 55, 56, 57, 59, 61, 62, 63, 65, 66, 67, 68, 69, 70, 71, 72, 74, 76, 78, 79, 80, 81, 82, 83, 84, 85, 86]",61,False,2.6948851706798713e-05,2.7895635046826338e-09,8.982020714431343e-06,40.0
T4,375,375,241,134,1195,0.6426666666666667,0.16782729805013927,0.2661512976256212,cao2018,S09/060720_1n,all_channel,mean,mean__all_channel__T4,32,87,"[0, 1, 2, 3, 4, 5, 6, 7, 8, 9, 10, 11, 12, 13, 14, 18, 19, 20, 21, 26, 27, 35, 37, 39, 40, 41, 42, 43, 44, 46, 49, 51, 52, 53, 54, 55, 56, 57, 59, 61, 62, 63, 65, 66, 67, 68, 69, 70, 71, 72, 74, 76, 78, 79, 80, 81, 82, 83, 84, 85, 86]",61,False,2.0600487358989204e-05,1.2655243636535029e-08,6.862610705117556e-06,40.0
T3,400,400,239,161,1197,0.5975,0.16643454038997216,0.26034858387799564,cao2018,S09/060720_1n,all_channel,mean,mean__all_channel__T3,32,87,"[0, 1, 2, 3, 4, 5, 6, 7, 8, 9, 10, 11, 12, 13, 14, 18, 19, 20, 21, 26, 27, 35, 37, 39, 40, 41, 42, 43, 44, 46, 49, 51, 52, 53, 54, 55, 56, 57, 59, 61, 62, 63, 65, 66, 67, 68, 69, 70, 71, 72, 74, 76, 78, 79, 80, 81, 82, 83, 84, 85, 86]",61,False,2.000116788157772e-05,8.196209372901105e-09,6.66432389073494e-06,40.0
CZ,318,318,226,92,1210,0.710691823899371,0.1573816155988858,0.25769669327252,cao2018,S09/060720_1n,all_channel,mean,mean__all_channel__CZ,32,87,"[0, 1, 2, 3, 4, 5, 6, 7, 8, 9, 10, 11, 12, 13, 14, 18, 19, 20, 21, 26, 27, 35, 37, 39, 40, 41, 42, 43, 44, 46, 49, 51, 52, 53, 54, 55, 56, 57, 59, 61, 62, 63, 65, 66, 67, 68, 69, 70, 71, 72, 74, 76, 78, 79, 80, 81, 82, 83, 84, 85, 86]",61,False,2.848186516544677e-05,1.0166673236025247e-08,9.490566164070249e-06,40.0
CP3,302,302,214,88,1222,0.7086092715231788,0.149025069637883,0.24626006904487915,cao2018,S09/060720_1n,all_channel,mean,mean__all_channel__CP3,32,87,"[0, 1, 2, 3, 4, 5, 6, 7, 8, 9, 10, 11, 12, 13, 14, 18, 19, 20, 21, 26, 27, 35, 37, 39, 40, 41, 42, 43, 44, 46, 49, 51, 52, 53, 54, 55, 56, 57, 59, 61, 62, 63, 65, 66, 67, 68, 69, 70, 71, 72, 74, 76, 78, 79, 80, 81, 82, 83, 84, 85, 86]",61,False,2.2356970316344733e-05,1.0970644058221385e-08,7.448666557428838e-06,40.0
CP4,292,292,164,128,1272,0.5616438356164384,0.11420612813370473,0.18981481481481477,cao2018,S09/060720_1n,all_channel,mean,mean__all_channel__CP4,32,87,"[0, 1, 2, 3, 4, 5, 6, 7, 8, 9, 10, 11, 12, 13, 14, 18, 19, 20, 21, 26, 27, 35, 37, 39, 40, 41, 42, 43, 44, 46, 49, 51, 52, 53, 54, 55, 56, 57, 59, 61, 62, 63, 65, 66, 67, 68, 69, 70, 71, 72, 74, 76, 78, 79, 80, 81, 82, 83, 84, 85, 86]",61,False,2.377200935621351e-05,7.085231560021081e-09,7.921641374884496e-06,40.0
CPZ,224,224,149,75,1287,0.6651785714285714,0.10376044568245125,0.17951807228915664,cao2018,S09/060720_1n,all_channel,mean,mean__all_channel__CPZ,32,87,"[0, 1, 2, 3, 4, 5, 6, 7, 8, 9, 10, 11, 12, 13, 14, 18, 19, 20, 21, 26, 27, 35, 37, 39, 40, 41, 42, 43, 44, 46, 49, 51, 52, 53, 54, 55, 56, 57, 59, 61, 62, 63, 65, 66, 67, 68, 69, 70, 71, 72, 74, 76, 78, 79, 80, 81, 82, 83, 84, 85, 86]",61,False,2.4693536077692205e-05,6.9294582728267885e-09,8.228868873139793e-06,40.0
T5,295,295,154,141,1282,0.5220338983050847,0.10724233983286909,0.1779318313113807,cao2018,S09/060720_1n,all_channel,mean,mean__all_channel__T5,32,87,"[0, 1, 2, 3, 4, 5, 6, 7, 8, 9, 10, 11, 12, 13, 14, 18, 19, 20, 21, 26, 27, 35, 37, 39, 40, 41, 42, 43, 44, 46, 49, 51, 52, 53, 54, 55, 56, 57, 59, 61, 62, 63, 65, 66, 67, 68, 69, 70, 71, 72, 74, 76, 78, 79, 80, 81, 82, 83, 84, 85, 86]",61,False,1.3214601906765568e-05,1.3424929821257905e-09,4.404419804594481e-06,40.0
TP8,271,271,136,135,1300,0.5018450184501845,0.0947075208913649,0.15934387814879905,cao2018,S09/060720_1n,all_channel,mean,mean__all_channel__TP8,32,87,"[0, 1, 2, 3, 4, 5, 6, 7, 8, 9, 10, 11, 12, 13, 14, 18, 19, 20, 21, 26, 27, 35, 37, 39, 40, 41, 42, 43, 44, 46, 49, 51, 52, 53, 54, 55, 56, 57, 59, 61, 62, 63, 65, 66, 67, 68, 69, 70, 71, 72, 74, 76, 78, 79, 80, 81, 82, 83, 84, 85, 86]",61,False,1.5710403234691196e-05,2.699121841907818e-09,5.235901370949763e-06,40.0
TP7,285,285,134,151,1302,0.47017543859649125,0.09331476323119778,0.1557234166182452,cao2018,S09/060720_1n,all_channel,mean,mean__all_channel__TP7,32,87,"[0, 1, 2, 3, 4, 5, 6, 7, 8, 9, 10, 11, 12, 13, 14, 18, 19, 20, 21, 26, 27, 35, 37, 39, 40, 41, 42, 43, 44, 46, 49, 51, 52, 53, 54, 55, 56, 57, 59, 61, 62, 63, 65, 66, 67, 68, 69, 70, 71, 72, 74, 76, 78, 79, 80, 81, 82, 83, 84, 85, 86]",61,False,1.3243239905865334e-05,8.496729294021254e-10,4.414130077645311e-06,40.0
A1,343,343,127,216,1309,0.37026239067055394,0.08844011142061281,0.14277684092186624,cao2018,S09/060720_1n,all_channel,mean,mean__all_channel__A1,32,87,"[0, 1, 2, 3, 4, 5, 6, 7, 8, 9, 10, 11, 12, 13, 14, 18, 19, 20, 21, 26, 27, 35, 37, 39, 40, 41, 42, 43, 44, 46, 49, 51, 52, 53, 54, 55, 56, 57, 59, 61, 62, 63, 65, 66, 67, 68, 69, 70, 71, 72, 74, 76, 78, 79, 80, 81, 82, 83, 84, 85, 86]",61,False,7.494598695472816e-06,2.872824623139653e-09,2.497241956949892e-06,40.0
P3,306,306,116,190,1320,0.3790849673202614,0.0807799442896936,0.13318025258323765,cao2018,S09/060720_1n,all_channel,mean,mean__all_channel__P3,32,87,"[0, 1, 2, 3, 4, 5, 6, 7, 8, 9, 10, 11, 12, 13, 14, 18, 19, 20, 21, 26, 27, 35, 37, 39, 40, 41, 42, 43, 44, 46, 49, 51, 52, 53, 54, 55, 56, 57, 59, 61, 62, 63, 65, 66, 67, 68, 69, 70, 71, 72, 74, 76, 78, 79, 80, 81, 82, 83, 84, 85, 86]",61,False,2.3570290463618662e-05,1.396920360419504e-08,7.852107086671489e-06,40.0
A2,321,321,113,208,1323,0.35202492211838005,0.0786908077994429,0.128628343767786,cao2018,S09/060720_1n,all_channel,mean,mean__all_channel__A2,32,87,"[0, 1, 2, 3, 4, 5, 6, 7, 8, 9, 10, 11, 12, 13, 14, 18, 19, 20, 21, 26, 27, 35, 37, 39, 40, 41, 42, 43, 44, 46, 49, 51, 52, 53, 54, 55, 56, 57, 59, 61, 62, 63, 65, 66, 67, 68, 69, 70, 71, 72, 74, 76, 78, 79, 80, 81, 82, 83, 84, 85, 86]",61,False,7.4900529423789366e-06,-2.889645709478211e-09,2.497647529362805e-06,40.0
P4,195,195,95,100,1341,0.48717948717948717,0.06615598885793872,0.11649294911097487,cao2018,S09/060720_1n,all_channel,mean,mean__all_channel__P4,32,87,"[0, 1, 2, 3, 4, 5, 6, 7, 8, 9, 10, 11, 12, 13, 14, 18, 19, 20, 21, 26, 27, 35, 37, 39, 40, 41, 42, 43, 44, 46, 49, 51, 52, 53, 54, 55, 56, 57, 59, 61, 62, 63, 65, 66, 67, 68, 69, 70, 71, 72, 74, 76, 78, 79, 80, 81, 82, 83, 84, 85, 86]",61,False,2.0853236341680647e-05,5.0873346956409975e-09,6.949383002328335e-06,40.0
PZ,146,146,75,71,1361,0.5136986301369864,0.05222841225626741,0.09481668773704173,cao2018,S09/060720_1n,all_channel,mean,mean__all_channel__PZ,32,87,"[0, 1, 2, 3, 4, 5, 6, 7, 8, 9, 10, 11, 12, 13, 14, 18, 19, 20, 21, 26, 27, 35, 37, 39, 40, 41, 42, 43, 44, 46, 49, 51, 52, 53, 54, 55, 56, 57, 59, 61, 62, 63, 65, 66, 67, 68, 69, 70, 71, 72, 74, 76, 78, 79, 80, 81, 82, 83, 84, 85, 86]",61,False,2.1742432828383638e-05,5.561346015032194e-09,7.2456238274562025e-06,40.0
T6,186,186,74,112,1362,0.3978494623655914,0.05153203342618384,0.09124537607891492,cao2018,S09/060720_1n,all_channel,mean,mean__all_channel__T6,32,87,"[0, 1, 2, 3, 4, 5, 6, 7, 8, 9, 10, 11, 12, 13, 14, 18, 19, 20, 21, 26, 27, 35, 37, 39, 40, 41, 42, 43, 44, 46, 49, 51, 52, 53, 54, 55, 56, 57, 59, 61, 62, 63, 65, 66, 67, 68, 69, 70, 71, 72, 74, 76, 78, 79, 80, 81, 82, 83, 84, 85, 86]",61,False,1.4031968384435081e-05,4.948731069837151e-10,4.677157837109366e-06,40.0
O2,152,152,37,115,1399,0.24342105263157895,0.02576601671309192,0.04659949622166248,cao2018,S09/060720_1n,all_channel,mean,mean__all_channel__O2,32,87,"[0, 1, 2, 3, 4, 5, 6, 7, 8, 9, 10, 11, 12, 13, 14, 18, 19, 20, 21, 26, 27, 35, 37, 39, 40, 41, 42, 43, 44, 46, 49, 51, 52, 53, 54, 55, 56, 57, 59, 61, 62, 63, 65, 66, 67, 68, 69, 70, 71, 72, 74, 76, 78, 79, 80, 81, 82, 83, 84, 85, 86]",61,False,1.1016334853947106e-05,6.169185890349706e-10,3.6719059784526902e-06,40.0
OZ,133,133,36,97,1400,0.2706766917293233,0.025069637883008356,0.04588910133843212,cao2018,S09/060720_1n,all_channel,mean,mean__all_channel__OZ,32,87,"[0, 1, 2, 3, 4, 5, 6, 7, 8, 9, 10, 11, 12, 13, 14, 18, 19, 20, 21, 26, 27, 35, 37, 39, 40, 41, 42, 43, 44, 46, 49, 51, 52, 53, 54, 55, 56, 57, 59, 61, 62, 63, 65, 66, 67, 68, 69, 70, 71, 72, 74, 76, 78, 79, 80, 81, 82, 83, 84, 85, 86]",61,False,1.2039343808247337e-05,-1.6766917974406995e-11,4.01312019172177e-06,40.0
O1,166,166,36,130,1400,0.21686746987951808,0.025069637883008356,0.0449438202247191,cao2018,S09/060720_1n,all_channel,mean,mean__all_channel__O1,32,87,"[0, 1, 2, 3, 4, 5, 6, 7, 8, 9, 10, 11, 12, 13, 14, 18, 19, 20, 21, 26, 27, 35, 37, 39, 40, 41, 42, 43, 44, 46, 49, 51, 52, 53, 54, 55, 56, 57, 59, 61, 62, 63, 65, 66, 67, 68, 69, 70, 71, 72, 74, 76, 78, 79, 80, 81, 82, 83, 84, 85, 86]",61,False,1.1839037912527428e-05,3.6388465602808817e-09,3.945133021989049e-06,40.0
FP2,1623,1623,1413,210,23,0.8706099815157117,0.983983286908078,0.9238313174239947,cao2018,S09/060720_1n,frontal,median,median__frontal__FP2,4,87,"[0, 1, 2, 3, 4, 5, 6, 7, 8, 9, 10, 11, 12, 13, 14, 18, 19, 20, 21, 26, 41, 42, 43, 46, 51, 52, 53, 54, 55, 56, 59, 61, 62, 63, 65, 66, 67, 68, 69, 70, 71, 72, 74, 78, 79, 80, 81, 82, 83, 84, 85, 86]",52,False,5.0153337374918766e-05,-7.67326292617198e-06,1.9275533433696914e-05,40.0
FP1,1616,1616,1400,216,36,0.8663366336633663,0.9749303621169917,0.9174311926605504,cao2018,S09/060720_1n,frontal,median,median__frontal__FP1,4,87,"[0, 1, 2, 3, 4, 5, 6, 7, 8, 9, 10, 11, 12, 13, 14, 18, 19, 20, 21, 26, 41, 42, 43, 46, 51, 52, 53, 54, 55, 56, 59, 61, 62, 63, 65, 66, 67, 68, 69, 70, 71, 72, 74, 78, 79, 80, 81, 82, 83, 84, 85, 86]",52,False,5.644728893689478e-05,-8.419229118367864e-06,2.1622172685087547e-05,40.0
F4,1284,1284,1100,184,336,0.8566978193146417,0.766016713091922,0.8088235294117647,cao2018,S09/060720_1n,frontal,median,median__frontal__F4,4,87,"[0, 1, 2, 3, 4, 5, 6, 7, 8, 9, 10, 11, 12, 13, 14, 18, 19, 20, 21, 26, 41, 42, 43, 46, 51, 52, 53, 54, 55, 56, 59, 61, 62, 63, 65, 66, 67, 68, 69, 70, 71, 72, 74, 78, 79, 80, 81, 82, 83, 84, 85, 86]",52,False,3.500692320964727e-05,-2.83323928447872e-06,1.2613387498041996e-05,40.0
F3,1144,1144,1002,142,434,0.8758741258741258,0.6977715877437326,0.7767441860465115,cao2018,S09/060720_1n,frontal,median,median__frontal__F3,4,87,"[0, 1, 2, 3, 4, 5, 6, 7, 8, 9, 10, 11, 12, 13, 14, 18, 19, 20, 21, 26, 41, 42, 43, 46, 51, 52, 53, 54, 55, 56, 59, 61, 62, 63, 65, 66, 67, 68, 69, 70, 71, 72, 74, 78, 79, 80, 81, 82, 83, 84, 85, 86]",52,False,4.31875015865352e-05,-3.478731004400835e-06,1.5555410863645345e-05,40.0
FP2,1540,1540,1392,148,44,0.9038961038961039,0.9693593314763231,0.935483870967742,cao2018,S09/060720_1n,frontal,mean,mean__frontal__FP2,4,87,"[0, 1, 2, 3, 4, 5, 6, 7, 8, 9, 10, 11, 12, 13, 14, 18, 19, 20, 21, 26, 41, 42, 43, 46, 51, 52, 53, 54, 55, 56, 59, 61, 62, 63, 65, 66, 67, 68, 69, 70, 71, 72, 74, 78, 79, 80, 81, 82, 83, 84, 85, 86]",52,False,5.78692795924921e-05,4.2679291401358414e-08,1.9275533433696914e-05,40.0
FP1,1533,1533,1373,160,63,0.8956294846705806,0.9561281337047354,0.9248905355338498,cao2018,S09/060720_1n,frontal,mean,mean__frontal__FP1,4,87,"[0, 1, 2, 3, 4, 5, 6, 7, 8, 9, 10, 11, 12, 13, 14, 18, 19, 20, 21, 26, 41, 42, 43, 46, 51, 52, 53, 54, 55, 56, 59, 61, 62, 63, 65, 66, 67, 68, 69, 70, 71, 72, 74, 78, 79, 80, 81, 82, 83, 84, 85, 86]",52,False,6.491611865443548e-05,4.9600599172836434e-08,2.1622172685087547e-05,40.0
F4,1156,1156,992,164,444,0.8581314878892734,0.6908077994428969,0.7654320987654322,cao2018,S09/060720_1n,frontal,mean,mean__frontal__F4,4,87,"[0, 1, 2, 3, 4, 5, 6, 7, 8, 9, 10, 11, 12, 13, 14, 18, 19, 20, 21, 26, 41, 42, 43, 46, 51, 52, 53, 54, 55, 56, 59, 61, 62, 63, 65, 66, 67, 68, 69, 70, 71, 72, 74, 78, 79, 80, 81, 82, 83, 84, 85, 86]",52,False,3.786796621188459e-05,2.7803717758607486e-08,1.2613387498041996e-05,40.0
F3,1018,1018,890,128,546,0.8742632612966601,0.6197771587743732,0.7253463732681336,cao2018,S09/060720_1n,frontal,mean,mean__frontal__F3,4,87,"[0, 1, 2, 3, 4, 5, 6, 7, 8, 9, 10, 11, 12, 13, 14, 18, 19, 20, 21, 26, 41, 42, 43, 46, 51, 52, 53, 54, 55, 56, 59, 61, 62, 63, 65, 66, 67, 68, 69, 70, 71, 72, 74, 78, 79, 80, 81, 82, 83, 84, 85, 86]",52,False,4.6690471514743335e-05,2.423892380730284e-08,1.5555410863645345e-05,40.0
FP1,1594,1594,1397,197,39,0.8764115432873275,0.9728412256267409,0.9221122112211222,cao2018,S09/060720_1n,frontal_left,median,median__frontal_left__FP1,2,87,"[0, 1, 2, 3, 4, 5, 6, 8, 9, 10, 11, 12, 13, 14, 18, 19, 20, 21, 26, 42, 43, 46, 51, 52, 53, 54, 55, 56, 61, 62, 63, 65, 66, 67, 68, 69, 70, 71, 72, 74, 79, 80, 81, 83, 84, 85, 86]",47,False,5.804851629502488e-05,-9.284330454844562e-06,2.244428224995648e-05,40.0
F3,1094,1094,959,135,477,0.876599634369287,0.6678272980501393,0.7581027667984189,cao2018,S09/060720_1n,frontal_left,median,median__frontal_left__F3,2,87,"[0, 1, 2, 3, 4, 5, 6, 8, 9, 10, 11, 12, 13, 14, 18, 19, 20, 21, 26, 42, 43, 46, 51, 52, 53, 54, 55, 56, 61, 62, 63, 65, 66, 67, 68, 69, 70, 71, 72, 74, 79, 80, 81, 83, 84, 85, 86]",47,False,4.448137441755807e-05,-3.7590092063929996e-06,1.6080127874650358e-05,40.0
FP1,1504,1504,1364,140,72,0.9069148936170213,0.9498607242339833,0.927891156462585,cao2018,S09/060720_1n,frontal_left,mean,mean__frontal_left__FP1,2,87,"[0, 1, 2, 3, 4, 5, 6, 8, 9, 10, 11, 12, 13, 14, 18, 19, 20, 21, 26, 42, 43, 46, 51, 52, 53, 54, 55, 56, 61, 62, 63, 65, 66, 67, 68, 69, 70, 71, 72, 74, 79, 80, 81, 83, 84, 85, 86]",47,False,6.737547517536025e-05,4.26284254908132e-08,2.244428224995648e-05,40.0
F3,945,945,826,119,610,0.8740740740740741,0.575208913649025,0.6938261234775306,cao2018,S09/060720_1n,frontal_left,mean,mean__frontal_left__F3,2,87,"[0, 1, 2, 3, 4, 5, 6, 8, 9, 10, 11, 12, 13, 14, 18, 19, 20, 21, 26, 42, 43, 46, 51, 52, 53, 54, 55, 56, 61, 62, 63, 65, 66, 67, 68, 69, 70, 71, 72, 74, 79, 80, 81, 83, 84, 85, 86]",47,False,4.8263261078021746e-05,2.287745407067251e-08,1.6080127874650358e-05,40.0
FP2,1628,1628,1413,215,23,0.8679361179361179,0.983983286908078,0.9223237597911226,cao2018,S09/060720_1n,frontal_right,median,median__frontal_right__FP2,2,87,"[0, 1, 2, 3, 4, 5, 6, 7, 8, 10, 11, 12, 13, 14, 18, 21, 26, 41, 42, 43, 51, 52, 53, 54, 55, 56, 59, 61, 62, 63, 65, 66, 67, 68, 69, 70, 71, 72, 74, 78, 79, 80, 81, 82, 83, 84, 85, 86]",48,False,4.997421101665099e-05,-7.988291121614791e-06,1.9320834046088594e-05,40.0
F4,1294,1294,1108,186,328,0.8562596599690881,0.7715877437325905,0.8117216117216116,cao2018,S09/060720_1n,frontal_right,median,median__frontal_right__F4,2,87,"[0, 1, 2, 3, 4, 5, 6, 7, 8, 10, 11, 12, 13, 14, 18, 21, 26, 41, 42, 43, 51, 52, 53, 54, 55, 56, 59, 61, 62, 63, 65, 66, 67, 68, 69, 70, 71, 72, 74, 78, 79, 80, 81, 82, 83, 84, 85, 86]",48,False,3.468544133392465e-05,-2.9122809167786235e-06,1.2532574083567759e-05,40.0
FP2,1539,1539,1391,148,45,0.9038336582196231,0.9686629526462396,0.935126050420168,cao2018,S09/060720_1n,frontal_right,mean,mean__frontal_right__FP2,2,87,"[0, 1, 2, 3, 4, 5, 6, 7, 8, 10, 11, 12, 13, 14, 18, 21, 26, 41, 42, 43, 51, 52, 53, 54, 55, 56, 59, 61, 62, 63, 65, 66, 67, 68, 69, 70, 71, 72, 74, 78, 79, 80, 81, 82, 83, 84, 85, 86]",48,False,5.8010074669486105e-05,4.757253122032357e-08,1.9320834046088594e-05,40.0
F4,1172,1172,1002,170,434,0.8549488054607508,0.6977715877437326,0.76840490797546,cao2018,S09/060720_1n,frontal_right,mean,mean__frontal_right__F4,2,87,"[0, 1, 2, 3, 4, 5, 6, 7, 8, 10, 11, 12, 13, 14, 18, 21, 26, 41, 42, 43, 51, 52, 53, 54, 55, 56, 59, 61, 62, 63, 65, 66, 67, 68, 69, 70, 71, 72, 74, 78, 79, 80, 81, 82, 83, 84, 85, 86]",48,False,3.762617088589021e-05,2.844863518693812e-08,1.2532574083567759e-05,40.0
FP2,1637,1637,1394,243,20,0.851557727550397,0.9858557284299858,0.913798754506719,cao2018,S09/060720_1n,all_channel,median,median__all_channel__FP2,32,69,"[0, 1, 2, 3, 4, 5, 6, 7, 8, 9, 10, 11, 14, 15, 16, 17, 19, 20, 21, 22, 28, 29, 31, 32, 33, 34, 35, 37, 39, 41, 42, 43, 44, 46, 47, 49, 50, 51, 52, 53, 54, 55, 56, 57, 58, 59, 61, 63, 64, 65, 66, 67, 68]",53,False,4.8153787029479814e-05,-5.4089078530357e-06,1.7854231627505173e-05,50.0
FP1,1628,1628,1384,244,30,0.8501228501228502,0.9787835926449788,0.9099276791584484,cao2018,S09/060720_1n,all_channel,median,median__all_channel__FP1,32,69,"[0, 1, 2, 3, 4, 5, 6, 7, 8, 9, 10, 11, 14, 15, 16, 17, 19, 20, 21, 22, 28, 29, 31, 32, 33, 34, 35, 37, 39, 41, 42, 43, 44, 46, 47, 49, 50, 51, 52, 53, 54, 55, 56, 57, 58, 59, 61, 63, 64, 65, 66, 67, 68]",53,False,5.3612097028577604e-05,-6.0061705501092625e-06,1.987275585956229e-05,50.0
FZ,1330,1330,1180,150,234,0.8872180451127819,0.8345120226308345,0.8600583090379008,cao2018,S09/060720_1n,all_channel,median,median__all_channel__FZ,32,69,"[0, 1, 2, 3, 4, 5, 6, 7, 8, 9, 10, 11, 14, 15, 16, 17, 19, 20, 21, 22, 28, 29, 31, 32, 33, 34, 35, 37, 39, 41, 42, 43, 44, 46, 47, 49, 50, 51, 52, 53, 54, 55, 56, 57, 58, 59, 61, 63, 64, 65, 66, 67, 68]",53,False,3.401402465542548e-05,-2.4666400062255597e-06,1.2160221553883679e-05,50.0
F4,1327,1327,1124,203,290,0.8470233609645818,0.7949080622347949,0.8201386355344764,cao2018,S09/060720_1n,all_channel,median,median__all_channel__F4,32,69,"[0, 1, 2, 3, 4, 5, 6, 7, 8, 9, 10, 11, 14, 15, 16, 17, 19, 20, 21, 22, 28, 29, 31, 32, 33, 34, 35, 37, 39, 41, 42, 43, 44, 46, 47, 49, 50, 51, 52, 53, 54, 55, 56, 57, 58, 59, 61, 63, 64, 65, 66, 67, 68]",53,False,3.359776346479878e-05,-2.2036768241117816e-06,1.1933813429636852e-05,50.0
F8,1274,1274,1076,198,338,0.8445839874411303,0.7609618104667609,0.800595238095238,cao2018,S09/060720_1n,all_channel,median,median__all_channel__F8,32,69,"[0, 1, 2, 3, 4, 5, 6, 7, 8, 9, 10, 11, 14, 15, 16, 17, 19, 20, 21, 22, 28, 29, 31, 32, 33, 34, 35, 37, 39, 41, 42, 43, 44, 46, 47, 49, 50, 51, 52, 53, 54, 55, 56, 57, 58, 59, 61, 63, 64, 65, 66, 67, 68]",53,False,3.552609640987398e-05,-1.8978681160110034e-06,1.247465484196166e-05,50.0
F7,1330,1330,1097,233,317,0.824812030075188,0.7758132956152758,0.7995626822157434,cao2018,S09/060720_1n,all_channel,median,median__all_channel__F7,32,69,"[0, 1, 2, 3, 4, 5, 6, 7, 8, 9, 10, 11, 14, 15, 16, 17, 19, 20, 21, 22, 28, 29, 31, 32, 33, 34, 35, 37, 39, 41, 42, 43, 44, 46, 47, 49, 50, 51, 52, 53, 54, 55, 56, 57, 58, 59, 61, 63, 64, 65, 66, 67, 68]",53,False,3.9665142952075653e-05,-2.5828767072187164e-06,1.408267321976479e-05,50.0
F3,1209,1209,1040,169,374,0.8602150537634409,0.7355021216407355,0.7929851315287838,cao2018,S09/060720_1n,all_channel,median,median__all_channel__F3,32,69,"[0, 1, 2, 3, 4, 5, 6, 7, 8, 9, 10, 11, 14, 15, 16, 17, 19, 20, 21, 22, 28, 29, 31, 32, 33, 34, 35, 37, 39, 41, 42, 43, 44, 46, 47, 49, 50, 51, 52, 53, 54, 55, 56, 57, 58, 59, 61, 63, 64, 65, 66, 67, 68]",53,False,4.057254477679855e-05,-2.6766736180790425e-06,1.4416406131625865e-05,50.0
FC3,973,973,802,171,612,0.8242548818088387,0.5671852899575672,0.6719731881022204,cao2018,S09/060720_1n,all_channel,median,median__all_channel__FC3,32,69,"[0, 1, 2, 3, 4, 5, 6, 7, 8, 9, 10, 11, 14, 15, 16, 17, 19, 20, 21, 22, 28, 29, 31, 32, 33, 34, 35, 37, 39, 41, 42, 43, 44, 46, 47, 49, 50, 51, 52, 53, 54, 55, 56, 57, 58, 59, 61, 63, 64, 65, 66, 67, 68]",53,False,2.9241082755248892e-05,-1.524599652191987e-06,1.0255227469146959e-05,50.0
FT7,886,886,672,214,742,0.7584650112866818,0.4752475247524752,0.5843478260869566,cao2018,S09/060720_1n,all_channel,median,median__all_channel__FT7,32,69,"[0, 1, 2, 3, 4, 5, 6, 7, 8, 9, 10, 11, 14, 15, 16, 17, 19, 20, 21, 22, 28, 29, 31, 32, 33, 34, 35, 37, 39, 41, 42, 43, 44, 46, 47, 49, 50, 51, 52, 53, 54, 55, 56, 57, 58, 59, 61, 63, 64, 65, 66, 67, 68]",53,False,2.778813762874421e-05,-1.1712479447763747e-06,9.65312852450686e-06,50.0
FCZ,709,709,613,96,801,0.8645980253878702,0.4335219236209335,0.5774846914743287,cao2018,S09/060720_1n,all_channel,median,median__all_channel__FCZ,32,69,"[0, 1, 2, 3, 4, 5, 6, 7, 8, 9, 10, 11, 14, 15, 16, 17, 19, 20, 21, 22, 28, 29, 31, 32, 33, 34, 35, 37, 39, 41, 42, 43, 44, 46, 47, 49, 50, 51, 52, 53, 54, 55, 56, 57, 58, 59, 61, 63, 64, 65, 66, 67, 68]",53,False,3.0083830659857338e-05,-1.302971110833837e-06,1.0462267256897057e-05,50.0
FC4,782,782,569,213,845,0.7276214833759591,0.4024045261669024,0.5182149362477232,cao2018,S09/060720_1n,all_channel,median,median__all_channel__FC4,32,69,"[0, 1, 2, 3, 4, 5, 6, 7, 8, 9, 10, 11, 14, 15, 16, 17, 19, 20, 21, 22, 28, 29, 31, 32, 33, 34, 35, 37, 39, 41, 42, 43, 44, 46, 47, 49, 50, 51, 52, 53, 54, 55, 56, 57, 58, 59, 61, 63, 64, 65, 66, 67, 68]",53,False,2.6568673126136136e-05,-1.146487639599719e-06,9.238386921911952e-06,50.0
FT8,679,679,513,166,901,0.7555228276877761,0.3628005657708628,0.49020544672718575,cao2018,S09/060720_1n,all_channel,median,median__all_channel__FT8,32,69,"[0, 1, 2, 3, 4, 5, 6, 7, 8, 9, 10, 11, 14, 15, 16, 17, 19, 20, 21, 22, 28, 29, 31, 32, 33, 34, 35, 37, 39, 41, 42, 43, 44, 46, 47, 49, 50, 51, 52, 53, 54, 55, 56, 57, 58, 59, 61, 63, 64, 65, 66, 67, 68]",53,False,2.473478147312499e-05,-7.257303865499264e-07,8.486837286558306e-06,50.0
C3,615,615,471,144,943,0.7658536585365854,0.3330975954738331,0.46426811237062593,cao2018,S09/060720_1n,all_channel,median,median__all_channel__C3,32,69,"[0, 1, 2, 3, 4, 5, 6, 7, 8, 9, 10, 11, 14, 15, 16, 17, 19, 20, 21, 22, 28, 29, 31, 32, 33, 34, 35, 37, 39, 41, 42, 43, 44, 46, 47, 49, 50, 51, 52, 53, 54, 55, 56, 57, 58, 59, 61, 63, 64, 65, 66, 67, 68]",53,False,2.5699025813040865e-05,-1.0347776231625825e-06,8.911267812067815e-06,50.0
C4,654,654,450,204,964,0.6880733944954128,0.31824611032531824,0.4352030947775629,cao2018,S09/060720_1n,all_channel,median,median__all_channel__C4,32,69,"[0, 1, 2, 3, 4, 5, 6, 7, 8, 9, 10, 11, 14, 15, 16, 17, 19, 20, 21, 22, 28, 29, 31, 32, 33, 34, 35, 37, 39, 41, 42, 43, 44, 46, 47, 49, 50, 51, 52, 53, 54, 55, 56, 57, 58, 59, 61, 63, 64, 65, 66, 67, 68]",53,False,2.5468984045715746e-05,-1.0136356825608726e-06,8.82753990942554e-06,50.0
CZ,361,361,265,96,1149,0.7340720221606648,0.18741159830268742,0.29859154929577464,cao2018,S09/060720_1n,all_channel,median,median__all_channel__CZ,32,69,"[0, 1, 2, 3, 4, 5, 6, 7, 8, 9, 10, 11, 14, 15, 16, 17, 19, 20, 21, 22, 28, 29, 31, 32, 33, 34, 35, 37, 39, 41, 42, 43, 44, 46, 47, 49, 50, 51, 52, 53, 54, 55, 56, 57, 58, 59, 61, 63, 64, 65, 66, 67, 68]",53,False,2.750802450411939e-05,-8.121524516371837e-07,9.440058985252192e-06,50.0
T4,417,417,259,158,1155,0.6211031175059952,0.18316831683168316,0.2829055161114145,cao2018,S09/060720_1n,all_channel,median,median__all_channel__T4,32,69,"[0, 1, 2, 3, 4, 5, 6, 7, 8, 9, 10, 11, 14, 15, 16, 17, 19, 20, 21, 22, 28, 29, 31, 32, 33, 34, 35, 37, 39, 41, 42, 43, 44, 46, 47, 49, 50, 51, 52, 53, 54, 55, 56, 57, 58, 59, 61, 63, 64, 65, 66, 67, 68]",53,False,1.9957073779336497e-05,-3.2282580354603884e-07,6.759966527627512e-06,50.0
CP3,345,345,242,103,1172,0.7014492753623188,0.17114568599717114,0.27515633882888,cao2018,S09/060720_1n,all_channel,median,median__all_channel__CP3,32,69,"[0, 1, 2, 3, 4, 5, 6, 7, 8, 9, 10, 11, 14, 15, 16, 17, 19, 20, 21, 22, 28, 29, 31, 32, 33, 34, 35, 37, 39, 41, 42, 43, 44, 46, 47, 49, 50, 51, 52, 53, 54, 55, 56, 57, 58, 59, 61, 63, 64, 65, 66, 67, 68]",53,False,2.1476418402729336e-05,-6.434848593879782e-07,7.3733010873724374e-06,50.0
T3,427,427,250,177,1164,0.585480093676815,0.1768033946251768,0.27159152634437805,cao2018,S09/060720_1n,all_channel,median,median__all_channel__T3,32,69,"[0, 1, 2, 3, 4, 5, 6, 7, 8, 9, 10, 11, 14, 15, 16, 17, 19, 20, 21, 22, 28, 29, 31, 32, 33, 34, 35, 37, 39, 41, 42, 43, 44, 46, 47, 49, 50, 51, 52, 53, 54, 55, 56, 57, 58, 59, 61, 63, 64, 65, 66, 67, 68]",53,False,1.9383102945134822e-05,-3.3764351806235227e-07,6.573582154399058e-06,50.0
CP4,339,339,197,142,1217,0.5811209439528023,0.13932107496463933,0.22475755847119228,cao2018,S09/060720_1n,all_channel,median,median__all_channel__CP4,32,69,"[0, 1, 2, 3, 4, 5, 6, 7, 8, 9, 10, 11, 14, 15, 16, 17, 19, 20, 21, 22, 28, 29, 31, 32, 33, 34, 35, 37, 39, 41, 42, 43, 44, 46, 47, 49, 50, 51, 52, 53, 54, 55, 56, 57, 58, 59, 61, 63, 64, 65, 66, 67, 68]",53,False,2.2777780480124e-05,-6.627738633096092e-07,7.81351811447787e-06,50.0
T5,351,351,182,169,1232,0.5185185185185185,0.12871287128712872,0.20623229461756373,cao2018,S09/060720_1n,all_channel,median,median__all_channel__T5,32,69,"[0, 1, 2, 3, 4, 5, 6, 7, 8, 9, 10, 11, 14, 15, 16, 17, 19, 20, 21, 22, 28, 29, 31, 32, 33, 34, 35, 37, 39, 41, 42, 43, 44, 46, 47, 49, 50, 51, 52, 53, 54, 55, 56, 57, 58, 59, 61, 63, 64, 65, 66, 67, 68]",53,False,1.2716705169446209e-05,-2.5458711321400575e-07,4.3237640942200714e-06,50.0
CPZ,253,253,169,84,1245,0.6679841897233202,0.11951909476661952,0.20275944811037797,cao2018,S09/060720_1n,all_channel,median,median__all_channel__CPZ,32,69,"[0, 1, 2, 3, 4, 5, 6, 7, 8, 9, 10, 11, 14, 15, 16, 17, 19, 20, 21, 22, 28, 29, 31, 32, 33, 34, 35, 37, 39, 41, 42, 43, 44, 46, 47, 49, 50, 51, 52, 53, 54, 55, 56, 57, 58, 59, 61, 63, 64, 65, 66, 67, 68]",53,False,2.388842730253574e-05,-6.159774566188051e-07,8.168134919718181e-06,50.0
TP7,323,323,154,169,1260,0.47678018575851394,0.10891089108910891,0.17731721358664362,cao2018,S09/060720_1n,all_channel,median,median__all_channel__TP7,32,69,"[0, 1, 2, 3, 4, 5, 6, 7, 8, 9, 10, 11, 14, 15, 16, 17, 19, 20, 21, 22, 28, 29, 31, 32, 33, 34, 35, 37, 39, 41, 42, 43, 44, 46, 47, 49, 50, 51, 52, 53, 54, 55, 56, 57, 58, 59, 61, 63, 64, 65, 66, 67, 68]",53,False,1.2751580996852978e-05,-2.3507547869991705e-07,4.328885491850965e-06,50.0
TP8,295,295,148,147,1266,0.5016949152542373,0.10466760961810467,0.1732007021650088,cao2018,S09/060720_1n,all_channel,median,median__all_channel__TP8,32,69,"[0, 1, 2, 3, 4, 5, 6, 7, 8, 9, 10, 11, 14, 15, 16, 17, 19, 20, 21, 22, 28, 29, 31, 32, 33, 34, 35, 37, 39, 41, 42, 43, 44, 46, 47, 49, 50, 51, 52, 53, 54, 55, 56, 57, 58, 59, 61, 63, 64, 65, 66, 67, 68]",53,False,1.5169994862587116e-05,-2.481234372488701e-07,5.139372766611996e-06,50.0
A1,351,351,129,222,1285,0.36752136752136755,0.09123055162659123,0.1461756373937677,cao2018,S09/060720_1n,all_channel,median,median__all_channel__A1,32,69,"[0, 1, 2, 3, 4, 5, 6, 7, 8, 9, 10, 11, 14, 15, 16, 17, 19, 20, 21, 22, 28, 29, 31, 32, 33, 34, 35, 37, 39, 41, 42, 43, 44, 46, 47, 49, 50, 51, 52, 53, 54, 55, 56, 57, 58, 59, 61, 63, 64, 65, 66, 67, 68]",53,False,7.343214622613978e-06,-3.461073315801429e-08,2.459275118590664e-06,50.0
P3,337,337,124,213,1290,0.36795252225519287,0.0876944837340877,0.14163335237007424,cao2018,S09/060720_1n,all_channel,median,median__all_channel__P3,32,69,"[0, 1, 2, 3, 4, 5, 6, 7, 8, 9, 10, 11, 14, 15, 16, 17, 19, 20, 21, 22, 28, 29, 31, 32, 33, 34, 35, 37, 39, 41, 42, 43, 44, 46, 47, 49, 50, 51, 52, 53, 54, 55, 56, 57, 58, 59, 61, 63, 64, 65, 66, 67, 68]",53,False,2.273871962313766e-05,-6.606708251905845e-07,7.799796816109414e-06,50.0
P4,222,222,109,113,1305,0.49099099099099097,0.07708628005657708,0.13325183374083127,cao2018,S09/060720_1n,all_channel,median,median__all_channel__P4,32,69,"[0, 1, 2, 3, 4, 5, 6, 7, 8, 9, 10, 11, 14, 15, 16, 17, 19, 20, 21, 22, 28, 29, 31, 32, 33, 34, 35, 37, 39, 41, 42, 43, 44, 46, 47, 49, 50, 51, 52, 53, 54, 55, 56, 57, 58, 59, 61, 63, 64, 65, 66, 67, 68]",53,False,2.0200414441792282e-05,-4.1990859144755276e-07,6.8734410110799454e-06,50.0
A2,330,330,114,216,1300,0.34545454545454546,0.08062234794908062,0.13073394495412843,cao2018,S09/060720_1n,all_channel,median,median__all_channel__A2,32,69,"[0, 1, 2, 3, 4, 5, 6, 7, 8, 9, 10, 11, 14, 15, 16, 17, 19, 20, 21, 22, 28, 29, 31, 32, 33, 34, 35, 37, 39, 41, 42, 43, 44, 46, 47, 49, 50, 51, 52, 53, 54, 55, 56, 57, 58, 59, 61, 63, 64, 65, 66, 67, 68]",53,False,7.412165404964106e-06,3.4959715567024636e-08,2.4590685631323606e-06,50.0
PZ,165,165,89,76,1325,0.5393939393939394,0.06294200848656294,0.11272957568081063,cao2018,S09/060720_1n,all_channel,median,median__all_channel__PZ,32,69,"[0, 1, 2, 3, 4, 5, 6, 7, 8, 9, 10, 11, 14, 15, 16, 17, 19, 20, 21, 22, 28, 29, 31, 32, 33, 34, 35, 37, 39, 41, 42, 43, 44, 46, 47, 49, 50, 51, 52, 53, 54, 55, 56, 57, 58, 59, 61, 63, 64, 65, 66, 67, 68]",53,False,2.1181073079626595e-05,-3.9428332903781797e-07,7.191785469554803e-06,50.0
T6,202,202,78,124,1336,0.38613861386138615,0.055162659123055166,0.09653465346534654,cao2018,S09/060720_1n,all_channel,median,median__all_channel__T6,32,69,"[0, 1, 2, 3, 4, 5, 6, 7, 8, 9, 10, 11, 14, 15, 16, 17, 19, 20, 21, 22, 28, 29, 31, 32, 33, 34, 35, 37, 39, 41, 42, 43, 44, 46, 47, 49, 50, 51, 52, 53, 54, 55, 56, 57, 58, 59, 61, 63, 64, 65, 66, 67, 68]",53,False,1.3644768536168672e-05,-1.6916798670066695e-07,4.604645507623113e-06,50.0
O2,163,163,41,122,1373,0.25153374233128833,0.028995756718528994,0.05199746353836398,cao2018,S09/060720_1n,all_channel,median,median__all_channel__O2,32,69,"[0, 1, 2, 3, 4, 5, 6, 7, 8, 9, 10, 11, 14, 15, 16, 17, 19, 20, 21, 22, 28, 29, 31, 32, 33, 34, 35, 37, 39, 41, 42, 43, 44, 46, 47, 49, 50, 51, 52, 53, 54, 55, 56, 57, 58, 59, 61, 63, 64, 65, 66, 67, 68]",53,False,1.0739273171974295e-05,-1.002346808954497e-07,3.613169284289915e-06,50.0
O1,171,171,40,131,1374,0.23391812865497075,0.028288543140028287,0.05047318611987382,cao2018,S09/060720_1n,all_channel,median,median__all_channel__O1,32,69,"[0, 1, 2, 3, 4, 5, 6, 7, 8, 9, 10, 11, 14, 15, 16, 17, 19, 20, 21, 22, 28, 29, 31, 32, 33, 34, 35, 37, 39, 41, 42, 43, 44, 46, 47, 49, 50, 51, 52, 53, 54, 55, 56, 57, 58, 59, 61, 63, 64, 65, 66, 67, 68]",53,False,1.1659241636213547e-05,-7.302798872609507e-08,3.9107565416465476e-06,50.0
OZ,144,144,38,106,1376,0.2638888888888889,0.026874115983026876,0.04878048780487806,cao2018,S09/060720_1n,all_channel,median,median__all_channel__OZ,32,69,"[0, 1, 2, 3, 4, 5, 6, 7, 8, 9, 10, 11, 14, 15, 16, 17, 19, 20, 21, 22, 28, 29, 31, 32, 33, 34, 35, 37, 39, 41, 42, 43, 44, 46, 47, 49, 50, 51, 52, 53, 54, 55, 56, 57, 58, 59, 61, 63, 64, 65, 66, 67, 68]",53,False,1.1822590024232705e-05,-9.394677894671361e-08,3.972178934393139e-06,50.0
FP2,1564,1564,1383,181,31,0.8842710997442456,0.978076379066478,0.928811282740094,cao2018,S09/060720_1n,all_channel,mean,mean__all_channel__FP2,32,69,"[0, 1, 2, 3, 4, 5, 6, 7, 8, 9, 10, 11, 14, 15, 16, 17, 19, 20, 21, 22, 28, 29, 31, 32, 33, 34, 35, 37, 39, 41, 42, 43, 44, 46, 47, 49, 50, 51, 52, 53, 54, 55, 56, 57, 58, 59, 61, 63, 64, 65, 66, 67, 68]",53,False,5.354335043884308e-05,-1.934444367244021e-08,1.7854231627505173e-05,50.0
FP1,1565,1565,1372,193,42,0.8766773162939298,0.9702970297029703,0.9211144679422626,cao2018,S09/060720_1n,all_channel,mean,mean__all_channel__FP1,32,69,"[0, 1, 2, 3, 4, 5, 6, 7, 8, 9, 10, 11, 14, 15, 16, 17, 19, 20, 21, 22, 28, 29, 31, 32, 33, 34, 35, 37, 39, 41, 42, 43, 44, 46, 47, 49, 50, 51, 52, 53, 54, 55, 56, 57, 58, 59, 61, 63, 64, 65, 66, 67, 68]",53,False,5.9592764823345005e-05,-2.5502755341858237e-08,1.987275585956229e-05,50.0
FZ,1245,1245,1112,133,302,0.8931726907630522,0.7864214992927864,0.836404663407296,cao2018,S09/060720_1n,all_channel,mean,mean__all_channel__FZ,32,69,"[0, 1, 2, 3, 4, 5, 6, 7, 8, 9, 10, 11, 14, 15, 16, 17, 19, 20, 21, 22, 28, 29, 31, 32, 33, 34, 35, 37, 39, 41, 42, 43, 44, 46, 47, 49, 50, 51, 52, 53, 54, 55, 56, 57, 58, 59, 61, 63, 64, 65, 66, 67, 68]",53,False,3.646674202594972e-05,-1.392263570132151e-08,1.2160221553883679e-05,50.0
F4,1226,1226,1043,183,371,0.8507340946166395,0.7376237623762376,0.7901515151515152,cao2018,S09/060720_1n,all_channel,mean,mean__all_channel__F4,32,69,"[0, 1, 2, 3, 4, 5, 6, 7, 8, 9, 10, 11, 14, 15, 16, 17, 19, 20, 21, 22, 28, 29, 31, 32, 33, 34, 35, 37, 39, 41, 42, 43, 44, 46, 47, 49, 50, 51, 52, 53, 54, 55, 56, 57, 58, 59, 61, 63, 64, 65, 66, 67, 68]",53,False,3.579339716100681e-05,-8.043127903753683e-09,1.1933813429636852e-05,50.0
F8,1188,1188,1015,173,399,0.8543771043771043,0.7178217821782178,0.7801691006917755,cao2018,S09/060720_1n,all_channel,mean,mean__all_channel__F8,32,69,"[0, 1, 2, 3, 4, 5, 6, 7, 8, 9, 10, 11, 14, 15, 16, 17, 19, 20, 21, 22, 28, 29, 31, 32, 33, 34, 35, 37, 39, 41, 42, 43, 44, 46, 47, 49, 50, 51, 52, 53, 54, 55, 56, 57, 58, 59, 61, 63, 64, 65, 66, 67, 68]",53,False,3.7425037216547865e-05,1.0726906628868365e-09,1.247465484196166e-05,50.0
F7,1231,1231,1023,208,391,0.8310316815597075,0.7234794908062234,0.7735349716446124,cao2018,S09/060720_1n,all_channel,mean,mean__all_channel__F7,32,69,"[0, 1, 2, 3, 4, 5, 6, 7, 8, 9, 10, 11, 14, 15, 16, 17, 19, 20, 21, 22, 28, 29, 31, 32, 33, 34, 35, 37, 39, 41, 42, 43, 44, 46, 47, 49, 50, 51, 52, 53, 54, 55, 56, 57, 58, 59, 61, 63, 64, 65, 66, 67, 68]",53,False,4.222433772908128e-05,-2.3681930213084466e-08,1.408267321976479e-05,50.0
F3,1117,1117,978,139,436,0.8755595344673232,0.6916548797736917,0.7728170683524299,cao2018,S09/060720_1n,all_channel,mean,mean__all_channel__F3,32,69,"[0, 1, 2, 3, 4, 5, 6, 7, 8, 9, 10, 11, 14, 15, 16, 17, 19, 20, 21, 22, 28, 29, 31, 32, 33, 34, 35, 37, 39, 41, 42, 43, 44, 46, 47, 49, 50, 51, 52, 53, 54, 55, 56, 57, 58, 59, 61, 63, 64, 65, 66, 67, 68]",53,False,4.323711835997615e-05,-1.2100034901443584e-08,1.4416406131625865e-05,50.0
FC3,860,860,712,148,702,0.827906976744186,0.5035360678925035,0.6262093227792436,cao2018,S09/060720_1n,all_channel,mean,mean__all_channel__FC3,32,69,"[0, 1, 2, 3, 4, 5, 6, 7, 8, 9, 10, 11, 14, 15, 16, 17, 19, 20, 21, 22, 28, 29, 31, 32, 33, 34, 35, 37, 39, 41, 42, 43, 44, 46, 47, 49, 50, 51, 52, 53, 54, 55, 56, 57, 58, 59, 61, 63, 64, 65, 66, 67, 68]",53,False,3.075196659187245e-05,-1.3715815568426878e-08,1.0255227469146959e-05,50.0
FT7,804,804,616,188,798,0.7661691542288557,0.43564356435643564,0.5554553651938683,cao2018,S09/060720_1n,all_channel,mean,mean__all_channel__FT7,32,69,"[0, 1, 2, 3, 4, 5, 6, 7, 8, 9, 10, 11, 14, 15, 16, 17, 19, 20, 21, 22, 28, 29, 31, 32, 33, 34, 35, 37, 39, 41, 42, 43, 44, 46, 47, 49, 50, 51, 52, 53, 54, 55, 56, 57, 58, 59, 61, 63, 64, 65, 66, 67, 68]",53,False,2.894228550151076e-05,-1.7100072009821702e-08,9.65312852450686e-06,50.0
FCZ,627,627,546,81,868,0.8708133971291866,0.38613861386138615,0.535031847133758,cao2018,S09/060720_1n,all_channel,mean,mean__all_channel__FCZ,32,69,"[0, 1, 2, 3, 4, 5, 6, 7, 8, 9, 10, 11, 14, 15, 16, 17, 19, 20, 21, 22, 28, 29, 31, 32, 33, 34, 35, 37, 39, 41, 42, 43, 44, 46, 47, 49, 50, 51, 52, 53, 54, 55, 56, 57, 58, 59, 61, 63, 64, 65, 66, 67, 68]",53,False,3.137865411150227e-05,-8.147659188900757e-09,1.0462267256897057e-05,50.0
FC4,716,716,509,207,905,0.7108938547486033,0.35997171145685997,0.4779342723004695,cao2018,S09/060720_1n,all_channel,mean,mean__all_channel__FC4,32,69,"[0, 1, 2, 3, 4, 5, 6, 7, 8, 9, 10, 11, 14, 15, 16, 17, 19, 20, 21, 22, 28, 29, 31, 32, 33, 34, 35, 37, 39, 41, 42, 43, 44, 46, 47, 49, 50, 51, 52, 53, 54, 55, 56, 57, 58, 59, 61, 63, 64, 65, 66, 67, 68]",53,False,2.770165899223578e-05,-1.3501773500072792e-08,9.238386921911952e-06,50.0
FT8,623,623,474,149,940,0.7608346709470305,0.3352192362093352,0.46539027982326947,cao2018,S09/060720_1n,all_channel,mean,mean__all_channel__FT8,32,69,"[0, 1, 2, 3, 4, 5, 6, 7, 8, 9, 10, 11, 14, 15, 16, 17, 19, 20, 21, 22, 28, 29, 31, 32, 33, 34, 35, 37, 39, 41, 42, 43, 44, 46, 47, 49, 50, 51, 52, 53, 54, 55, 56, 57, 58, 59, 61, 63, 64, 65, 66, 67, 68]",53,False,2.5459997672441803e-05,-5.141872331154942e-10,8.486837286558306e-06,50.0
C3,544,544,415,129,999,0.7628676470588235,0.29349363507779347,0.42390194075587323,cao2018,S09/060720_1n,all_channel,mean,mean__all_channel__C3,32,69,"[0, 1, 2, 3, 4, 5, 6, 7, 8, 9, 10, 11, 14, 15, 16, 17, 19, 20, 21, 22, 28, 29, 31, 32, 33, 34, 35, 37, 39, 41, 42, 43, 44, 46, 47, 49, 50, 51, 52, 53, 54, 55, 56, 57, 58, 59, 61, 63, 64, 65, 66, 67, 68]",53,False,2.6722030021628662e-05,-1.1773414574786834e-08,8.911267812067815e-06,50.0
C4,591,591,399,192,1015,0.6751269035532995,0.28217821782178215,0.3980049875311721,cao2018,S09/060720_1n,all_channel,mean,mean__all_channel__C4,32,69,"[0, 1, 2, 3, 4, 5, 6, 7, 8, 9, 10, 11, 14, 15, 16, 17, 19, 20, 21, 22, 28, 29, 31, 32, 33, 34, 35, 37, 39, 41, 42, 43, 44, 46, 47, 49, 50, 51, 52, 53, 54, 55, 56, 57, 58, 59, 61, 63, 64, 65, 66, 67, 68]",53,False,2.6470236137200026e-05,-1.2383591076592396e-08,8.82753990942554e-06,50.0
T4,392,392,244,148,1170,0.6224489795918368,0.17256011315417255,0.2702104097452934,cao2018,S09/060720_1n,all_channel,mean,mean__all_channel__T4,32,69,"[0, 1, 2, 3, 4, 5, 6, 7, 8, 9, 10, 11, 14, 15, 16, 17, 19, 20, 21, 22, 28, 29, 31, 32, 33, 34, 35, 37, 39, 41, 42, 43, 44, 46, 47, 49, 50, 51, 52, 53, 54, 55, 56, 57, 58, 59, 61, 63, 64, 65, 66, 67, 68]",53,False,2.0288105406894448e-05,8.205824011912217e-09,6.759966527627512e-06,50.0
T3,412,412,241,171,1173,0.5849514563106796,0.17043847241867044,0.26396495071193865,cao2018,S09/060720_1n,all_channel,mean,mean__all_channel__T3,32,69,"[0, 1, 2, 3, 4, 5, 6, 7, 8, 9, 10, 11, 14, 15, 16, 17, 19, 20, 21, 22, 28, 29, 31, 32, 33, 34, 35, 37, 39, 41, 42, 43, 44, 46, 47, 49, 50, 51, 52, 53, 54, 55, 56, 57, 58, 59, 61, 63, 64, 65, 66, 67, 68]",53,False,1.9714256749670527e-05,-6.489713526648588e-09,6.573582154399058e-06,50.0
CZ,323,323,229,94,1185,0.7089783281733746,0.16195190947666196,0.2636729994242948,cao2018,S09/060720_1n,all_channel,mean,mean__all_channel__CZ,32,69,"[0, 1, 2, 3, 4, 5, 6, 7, 8, 9, 10, 11, 14, 15, 16, 17, 19, 20, 21, 22, 28, 29, 31, 32, 33, 34, 35, 37, 39, 41, 42, 43, 44, 46, 47, 49, 50, 51, 52, 53, 54, 55, 56, 57, 58, 59, 61, 63, 64, 65, 66, 67, 68]",53,False,2.8310224300734987e-05,-9.952655021587276e-09,9.440058985252192e-06,50.0
CP3,307,307,215,92,1199,0.7003257328990228,0.15205091937765206,0.24985473561882626,cao2018,S09/060720_1n,all_channel,mean,mean__all_channel__CP3,32,69,"[0, 1, 2, 3, 4, 5, 6, 7, 8, 9, 10, 11, 14, 15, 16, 17, 19, 20, 21, 22, 28, 29, 31, 32, 33, 34, 35, 37, 39, 41, 42, 43, 44, 46, 47, 49, 50, 51, 52, 53, 54, 55, 56, 57, 58, 59, 61, 63, 64, 65, 66, 67, 68]",53,False,2.2110186401242992e-05,-9.716860874320852e-09,7.3733010873724374e-06,50.0
CP4,315,315,179,136,1235,0.5682539682539682,0.1265912305516266,0.2070561017929439,cao2018,S09/060720_1n,all_channel,mean,mean__all_channel__CP4,32,69,"[0, 1, 2, 3, 4, 5, 6, 7, 8, 9, 10, 11, 14, 15, 16, 17, 19, 20, 21, 22, 28, 29, 31, 32, 33, 34, 35, 37, 39, 41, 42, 43, 44, 46, 47, 49, 50, 51, 52, 53, 54, 55, 56, 57, 58, 59, 61, 63, 64, 65, 66, 67, 68]",53,False,2.343267881819833e-05,-7.875525235280833e-09,7.81351811447787e-06,50.0
T5,324,324,169,155,1245,0.5216049382716049,0.11951909476661952,0.1944764096662831,cao2018,S09/060720_1n,all_channel,mean,mean__all_channel__T5,32,69,"[0, 1, 2, 3, 4, 5, 6, 7, 8, 9, 10, 11, 14, 15, 16, 17, 19, 20, 21, 22, 28, 29, 31, 32, 33, 34, 35, 37, 39, 41, 42, 43, 44, 46, 47, 49, 50, 51, 52, 53, 54, 55, 56, 57, 58, 59, 61, 63, 64, 65, 66, 67, 68]",53,False,1.2965793277817165e-05,-5.499004843048667e-09,4.3237640942200714e-06,50.0
CPZ,229,229,151,78,1263,0.6593886462882096,0.10678925035360678,0.18381010346926352,cao2018,S09/060720_1n,all_channel,mean,mean__all_channel__CPZ,32,69,"[0, 1, 2, 3, 4, 5, 6, 7, 8, 9, 10, 11, 14, 15, 16, 17, 19, 20, 21, 22, 28, 29, 31, 32, 33, 34, 35, 37, 39, 41, 42, 43, 44, 46, 47, 49, 50, 51, 52, 53, 54, 55, 56, 57, 58, 59, 61, 63, 64, 65, 66, 67, 68]",53,False,2.4494662031002657e-05,-9.74272815188986e-09,8.168134919718181e-06,50.0
TP7,308,308,146,162,1268,0.474025974025974,0.10325318246110325,0.16957026713124274,cao2018,S09/060720_1n,all_channel,mean,mean__all_channel__TP7,32,69,"[0, 1, 2, 3, 4, 5, 6, 7, 8, 9, 10, 11, 14, 15, 16, 17, 19, 20, 21, 22, 28, 29, 31, 32, 33, 34, 35, 37, 39, 41, 42, 43, 44, 46, 47, 49, 50, 51, 52, 53, 54, 55, 56, 57, 58, 59, 61, 63, 64, 65, 66, 67, 68]",53,False,1.2981921427460597e-05,-4.735048092297319e-09,4.328885491850965e-06,50.0
TP8,283,283,141,142,1273,0.49823321554770317,0.09971711456859972,0.1661756040070713,cao2018,S09/060720_1n,all_channel,mean,mean__all_channel__TP8,32,69,"[0, 1, 2, 3, 4, 5, 6, 7, 8, 9, 10, 11, 14, 15, 16, 17, 19, 20, 21, 22, 28, 29, 31, 32, 33, 34, 35, 37, 39, 41, 42, 43, 44, 46, 47, 49, 50, 51, 52, 53, 54, 55, 56, 57, 58, 59, 61, 63, 64, 65, 66, 67, 68]",53,False,1.5421511794591428e-05,3.3934947554436197e-09,5.139372766611996e-06,50.0
A1,348,348,129,219,1285,0.3706896551724138,0.09123055162659123,0.14642451759364358,cao2018,S09/060720_1n,all_channel,mean,mean__all_channel__A1,32,69,"[0, 1, 2, 3, 4, 5, 6, 7, 8, 9, 10, 11, 14, 15, 16, 17, 19, 20, 21, 22, 28, 29, 31, 32, 33, 34, 35, 37, 39, 41, 42, 43, 44, 46, 47, 49, 50, 51, 52, 53, 54, 55, 56, 57, 58, 59, 61, 63, 64, 65, 66, 67, 68]",53,False,7.375644027419308e-06,-2.1813283526838332e-09,2.459275118590664e-06,50.0
P3,304,304,115,189,1299,0.3782894736842105,0.08132956152758133,0.13387660069848661,cao2018,S09/060720_1n,all_channel,mean,mean__all_channel__P3,32,69,"[0, 1, 2, 3, 4, 5, 6, 7, 8, 9, 10, 11, 14, 15, 16, 17, 19, 20, 21, 22, 28, 29, 31, 32, 33, 34, 35, 37, 39, 41, 42, 43, 44, 46, 47, 49, 50, 51, 52, 53, 54, 55, 56, 57, 58, 59, 61, 63, 64, 65, 66, 67, 68]",53,False,2.3393178626621376e-05,-6.211821706865576e-09,7.799796816109414e-06,50.0
A2,333,333,114,219,1300,0.34234234234234234,0.08062234794908062,0.13050944476244988,cao2018,S09/060720_1n,all_channel,mean,mean__all_channel__A2,32,69,"[0, 1, 2, 3, 4, 5, 6, 7, 8, 9, 10, 11, 14, 15, 16, 17, 19, 20, 21, 22, 28, 29, 31, 32, 33, 34, 35, 37, 39, 41, 42, 43, 44, 46, 47, 49, 50, 51, 52, 53, 54, 55, 56, 57, 58, 59, 61, 63, 64, 65, 66, 67, 68]",53,False,7.379372221937755e-06,2.166532540673895e-09,2.4590685631323606e-06,50.0
P4,198,198,96,102,1318,0.48484848484848486,0.06789250353606789,0.11910669975186103,cao2018,S09/060720_1n,all_channel,mean,mean__all_channel__P4,32,69,"[0, 1, 2, 3, 4, 5, 6, 7, 8, 9, 10, 11, 14, 15, 16, 17, 19, 20, 21, 22, 28, 29, 31, 32, 33, 34, 35, 37, 39, 41, 42, 43, 44, 46, 47, 49, 50, 51, 52, 53, 54, 55, 56, 57, 58, 59, 61, 63, 64, 65, 66, 67, 68]",53,False,2.0613289431777997e-05,-7.033601461838042e-09,6.8734410110799454e-06,50.0
PZ,149,149,76,73,1338,0.5100671140939598,0.05374823196605375,0.09724888035828536,cao2018,S09/060720_1n,all_channel,mean,mean__all_channel__PZ,32,69,"[0, 1, 2, 3, 4, 5, 6, 7, 8, 9, 10, 11, 14, 15, 16, 17, 19, 20, 21, 22, 28, 29, 31, 32, 33, 34, 35, 37, 39, 41, 42, 43, 44, 46, 47, 49, 50, 51, 52, 53, 54, 55, 56, 57, 58, 59, 61, 63, 64, 65, 66, 67, 68]",53,False,2.156434738153712e-05,-1.1009027127292786e-08,7.191785469554803e-06,50.0
T6,196,196,77,119,1337,0.39285714285714285,0.054455445544554455,0.09565217391304348,cao2018,S09/060720_1n,all_channel,mean,mean__all_channel__T6,32,69,"[0, 1, 2, 3, 4, 5, 6, 7, 8, 9, 10, 11, 14, 15, 16, 17, 19, 20, 21, 22, 28, 29, 31, 32, 33, 34, 35, 37, 39, 41, 42, 43, 44, 46, 47, 49, 50, 51, 52, 53, 54, 55, 56, 57, 58, 59, 61, 63, 64, 65, 66, 67, 68]",53,False,1.3810122728463795e-05,-3.813794405543621e-09,4.604645507623113e-06,50.0
O2,158,158,40,118,1374,0.25316455696202533,0.028288543140028287,0.05089058524173028,cao2018,S09/060720_1n,all_channel,mean,mean__all_channel__O2,32,69,"[0, 1, 2, 3, 4, 5, 6, 7, 8, 9, 10, 11, 14, 15, 16, 17, 19, 20, 21, 22, 28, 29, 31, 32, 33, 34, 35, 37, 39, 41, 42, 43, 44, 46, 47, 49, 50, 51, 52, 53, 54, 55, 56, 57, 58, 59, 61, 63, 64, 65, 66, 67, 68]",53,False,1.0834147948503827e-05,-5.359904365917918e-09,3.613169284289915e-06,50.0
O1,169,169,39,130,1375,0.23076923076923078,0.027581329561527583,0.049273531269740996,cao2018,S09/060720_1n,all_channel,mean,mean__all_channel__O1,32,69,"[0, 1, 2, 3, 4, 5, 6, 7, 8, 9, 10, 11, 14, 15, 16, 17, 19, 20, 21, 22, 28, 29, 31, 32, 33, 34, 35, 37, 39, 41, 42, 43, 44, 46, 47, 49, 50, 51, 52, 53, 54, 55, 56, 57, 58, 59, 61, 63, 64, 65, 66, 67, 68]",53,False,1.1728843223591561e-05,-3.4264013480815346e-09,3.9107565416465476e-06,50.0
OZ,138,138,37,101,1377,0.26811594202898553,0.02616690240452617,0.047680412371134025,cao2018,S09/060720_1n,all_channel,mean,mean__all_channel__OZ,32,69,"[0, 1, 2, 3, 4, 5, 6, 7, 8, 9, 10, 11, 14, 15, 16, 17, 19, 20, 21, 22, 28, 29, 31, 32, 33, 34, 35, 37, 39, 41, 42, 43, 44, 46, 47, 49, 50, 51, 52, 53, 54, 55, 56, 57, 58, 59, 61, 63, 64, 65, 66, 67, 68]",53,False,1.1910290238640533e-05,-6.2465645388854626e-09,3.972178934393139e-06,50.0
FP2,1595,1595,1391,204,23,0.8721003134796238,0.9837340876944838,0.9245596543702227,cao2018,S09/060720_1n,frontal,median,median__frontal__FP2,4,69,"[0, 1, 2, 3, 4, 5, 6, 7, 8, 9, 10, 11, 14, 15, 16, 17, 19, 21, 32, 33, 34, 37, 41, 42, 43, 44, 47, 49, 50, 52, 53, 54, 55, 56, 57, 58, 59, 63, 64, 65, 66, 67, 68]",43,False,5.0636014222416906e-05,-7.080881646563828e-06,1.9238965289660244e-05,50.0
FP1,1591,1591,1380,211,34,0.8673790069138906,0.9759547383309759,0.9184692179700498,cao2018,S09/060720_1n,frontal,median,median__frontal__FP1,4,69,"[0, 1, 2, 3, 4, 5, 6, 7, 8, 9, 10, 11, 14, 15, 16, 17, 19, 21, 32, 33, 34, 37, 41, 42, 43, 44, 47, 49, 50, 52, 53, 54, 55, 56, 57, 58, 59, 63, 64, 65, 66, 67, 68]",43,False,5.698815252655084e-05,-7.787487544550181e-06,2.1591880023700342e-05,50.0
F4,1254,1254,1071,183,343,0.854066985645933,0.7574257425742574,0.8028485757121439,cao2018,S09/060720_1n,frontal,median,median__frontal__F4,4,69,"[0, 1, 2, 3, 4, 5, 6, 7, 8, 9, 10, 11, 14, 15, 16, 17, 19, 21, 32, 33, 34, 37, 41, 42, 43, 44, 47, 49, 50, 52, 53, 54, 55, 56, 57, 58, 59, 63, 64, 65, 66, 67, 68]",43,False,3.4949648847167584e-05,-2.688646211342375e-06,1.2546098352836654e-05,50.0
F3,1134,1134,988,146,426,0.8712522045855379,0.6987270155586988,0.7755102040816326,cao2018,S09/060720_1n,frontal,median,median__frontal__F3,4,69,"[0, 1, 2, 3, 4, 5, 6, 7, 8, 9, 10, 11, 14, 15, 16, 17, 19, 21, 32, 33, 34, 37, 41, 42, 43, 44, 47, 49, 50, 52, 53, 54, 55, 56, 57, 58, 59, 63, 64, 65, 66, 67, 68]",43,False,4.272563306886828e-05,-3.2494049685210176e-06,1.5325012679129766e-05,50.0
FP2,1523,1523,1373,150,41,0.9015101772816809,0.9710042432814711,0.9349676540687776,cao2018,S09/060720_1n,frontal,mean,mean__frontal__FP2,4,69,"[0, 1, 2, 3, 4, 5, 6, 7, 8, 9, 10, 11, 14, 15, 16, 17, 19, 21, 32, 33, 34, 37, 41, 42, 43, 44, 47, 49, 50, 52, 53, 54, 55, 56, 57, 58, 59, 63, 64, 65, 66, 67, 68]",43,False,5.769578502592203e-05,-2.1110843058704296e-08,1.9238965289660244e-05,50.0
FP1,1516,1516,1353,163,61,0.8924802110817942,0.9568599717114569,0.9235494880546077,cao2018,S09/060720_1n,frontal,mean,mean__frontal__FP1,4,69,"[0, 1, 2, 3, 4, 5, 6, 7, 8, 9, 10, 11, 14, 15, 16, 17, 19, 21, 32, 33, 34, 37, 41, 42, 43, 44, 47, 49, 50, 52, 53, 54, 55, 56, 57, 58, 59, 63, 64, 65, 66, 67, 68]",43,False,6.475163044203704e-05,-2.400962906398003e-08,2.1591880023700342e-05,50.0
F4,1147,1147,977,170,437,0.8517872711421098,0.690947666195191,0.7629832096837172,cao2018,S09/060720_1n,frontal,mean,mean__frontal__F4,4,69,"[0, 1, 2, 3, 4, 5, 6, 7, 8, 9, 10, 11, 14, 15, 16, 17, 19, 21, 32, 33, 34, 37, 41, 42, 43, 44, 47, 49, 50, 52, 53, 54, 55, 56, 57, 58, 59, 63, 64, 65, 66, 67, 68]",43,False,3.763393405171196e-05,-4.361006797994872e-09,1.2546098352836654e-05,50.0
F3,1018,1018,889,129,525,0.8732809430255403,0.6287128712871287,0.7310855263157895,cao2018,S09/060720_1n,frontal,mean,mean__frontal__F3,4,69,"[0, 1, 2, 3, 4, 5, 6, 7, 8, 9, 10, 11, 14, 15, 16, 17, 19, 21, 32, 33, 34, 37, 41, 42, 43, 44, 47, 49, 50, 52, 53, 54, 55, 56, 57, 58, 59, 63, 64, 65, 66, 67, 68]",43,False,4.5965646348381803e-05,-9.391689007494907e-09,1.5325012679129766e-05,50.0
FP1,1584,1584,1380,204,34,0.8712121212121212,0.9759547383309759,0.9206137424949966,cao2018,S09/060720_1n,frontal_left,median,median__frontal_left__FP1,2,69,"[0, 1, 2, 3, 4, 5, 6, 7, 8, 9, 10, 11, 14, 15, 16, 17, 19, 21, 33, 34, 37, 41, 42, 43, 44, 47, 49, 50, 52, 53, 54, 55, 56, 57, 58, 59, 63, 64, 65, 66, 67, 68]",42,False,5.724661384805473e-05,-8.06653136655883e-06,2.1771048404871185e-05,50.0
F3,1129,1129,984,145,430,0.8715677590788308,0.695898161244696,0.7738891073535196,cao2018,S09/060720_1n,frontal_left,median,median__frontal_left__F3,2,69,"[0, 1, 2, 3, 4, 5, 6, 7, 8, 9, 10, 11, 14, 15, 16, 17, 19, 21, 33, 34, 37, 41, 42, 43, 44, 47, 49, 50, 52, 53, 54, 55, 56, 57, 58, 59, 63, 64, 65, 66, 67, 68]",42,False,4.290401493442733e-05,-3.3434125105747973e-06,1.5415809148334043e-05,50.0
FP1,1509,1509,1351,158,63,0.8952948972829688,0.9554455445544554,0.9243927471775573,cao2018,S09/060720_1n,frontal_left,mean,mean__frontal_left__FP1,2,69,"[0, 1, 2, 3, 4, 5, 6, 7, 8, 9, 10, 11, 14, 15, 16, 17, 19, 21, 33, 34, 37, 41, 42, 43, 44, 47, 49, 50, 52, 53, 54, 55, 56, 57, 58, 59, 63, 64, 65, 66, 67, 68]",42,False,6.528755805487714e-05,-2.5587159736418452e-08,2.1771048404871185e-05,50.0
F3,1005,1005,879,126,535,0.8746268656716418,0.6216407355021216,0.7267465894997933,cao2018,S09/060720_1n,frontal_left,mean,mean__frontal_left__F3,2,69,"[0, 1, 2, 3, 4, 5, 6, 7, 8, 9, 10, 11, 14, 15, 16, 17, 19, 21, 33, 34, 37, 41, 42, 43, 44, 47, 49, 50, 52, 53, 54, 55, 56, 57, 58, 59, 63, 64, 65, 66, 67, 68]",42,False,4.6236554896013086e-05,-1.0872548989044161e-08,1.5415809148334043e-05,50.0
FP2,1590,1590,1389,201,25,0.8735849056603774,0.9823196605374823,0.9247669773635154,cao2018,S09/060720_1n,frontal_right,median,median__frontal_right__FP2,2,69,"[0, 1, 2, 3, 6, 7, 9, 10, 17, 32, 33, 41, 44, 49, 50, 53, 54, 56]",18,False,5.1815995162896605e-05,-8.444448434413198e-06,2.00868145324366e-05,50.0
F4,1094,1094,936,158,478,0.8555758683729433,0.6619519094766619,0.7464114832535885,cao2018,S09/060720_1n,frontal_right,median,median__frontal_right__F4,2,69,"[0, 1, 2, 3, 6, 7, 9, 10, 17, 32, 33, 41, 44, 49, 50, 53, 54, 56]",18,False,3.860144581193406e-05,-3.0144313441650627e-06,1.3871959052033039e-05,50.0
FP2,1498,1498,1360,138,54,0.9078771695594126,0.9618104667609618,0.9340659340659341,cao2018,S09/060720_1n,frontal_right,mean,mean__frontal_right__FP2,2,69,"[0, 1, 2, 3, 6, 7, 9, 10, 17, 32, 33, 41, 44, 49, 50, 53, 54, 56]",18,False,6.0242323201405604e-05,-1.81203959041956e-08,2.00868145324366e-05,50.0
F4,953,953,823,130,591,0.863588667366212,0.582036775106082,0.6953950147866498,cao2018,S09/060720_1n,frontal_right,mean,mean__frontal_right__F4,2,69,"[0, 1, 2, 3, 6, 7, 9, 10, 17, 32, 33, 41, 44, 49, 50, 53, 54, 56]",18,False,4.161436917933857e-05,-1.5079767605487775e-09,1.3871959052033039e-05,50.0
FP2,1654,1654,1414,240,22,0.8548972188633616,0.9846796657381616,0.9152103559870549,cao2018,S09/060720_1n,all_channel,median,median__all_channel__FP2,32,58,"[0, 1, 2, 3, 4, 5, 6, 7, 8, 9, 12, 13, 14, 17, 18, 23, 24, 26, 27, 28, 29, 31, 33, 34, 35, 36, 37, 38, 39, 40, 41, 42, 43, 44, 45, 46, 47, 48, 49, 52, 53, 54, 55, 56, 57]",45,False,4.827399838056303e-05,-5.527081790888514e-06,1.7933693390483847e-05,60.0
FP1,1653,1653,1405,248,31,0.8499697519661222,0.9784122562674095,0.9096795079313695,cao2018,S09/060720_1n,all_channel,median,median__all_channel__FP1,32,58,"[0, 1, 2, 3, 4, 5, 6, 7, 8, 9, 12, 13, 14, 17, 18, 23, 24, 26, 27, 28, 29, 31, 33, 34, 35, 36, 37, 38, 39, 40, 41, 42, 43, 44, 45, 46, 47, 48, 49, 52, 53, 54, 55, 56, 57]",45,False,5.354475565389748e-05,-6.148909757448123e-06,1.9897888470448535e-05,60.0
FZ,1356,1356,1206,150,230,0.8893805309734514,0.8398328690807799,0.8638968481375359,cao2018,S09/060720_1n,all_channel,median,median__all_channel__FZ,32,58,"[0, 1, 2, 3, 4, 5, 6, 7, 8, 9, 12, 13, 14, 17, 18, 23, 24, 26, 27, 28, 29, 31, 33, 34, 35, 36, 37, 38, 39, 40, 41, 42, 43, 44, 45, 46, 47, 48, 49, 52, 53, 54, 55, 56, 57]",45,False,3.3907381699806086e-05,-2.4771001543267534e-06,1.2128160618044279e-05,60.0
F4,1340,1340,1139,201,297,0.85,0.7931754874651811,0.8206051873198849,cao2018,S09/060720_1n,all_channel,median,median__all_channel__F4,32,58,"[0, 1, 2, 3, 4, 5, 6, 7, 8, 9, 12, 13, 14, 17, 18, 23, 24, 26, 27, 28, 29, 31, 33, 34, 35, 36, 37, 38, 39, 40, 41, 42, 43, 44, 45, 46, 47, 48, 49, 52, 53, 54, 55, 56, 57]",45,False,3.3736151251488734e-05,-2.207867706116593e-06,1.1981339652535109e-05,60.0
F8,1293,1293,1098,195,338,0.8491879350348028,0.7646239554317549,0.8046903627702455,cao2018,S09/060720_1n,all_channel,median,median__all_channel__F8,32,58,"[0, 1, 2, 3, 4, 5, 6, 7, 8, 9, 12, 13, 14, 17, 18, 23, 24, 26, 27, 28, 29, 31, 33, 34, 35, 36, 37, 38, 39, 40, 41, 42, 43, 44, 45, 46, 47, 48, 49, 52, 53, 54, 55, 56, 57]",45,False,3.5681867325073435e-05,-1.8853302969539297e-06,1.2522399207342455e-05,60.0
F7,1355,1355,1122,233,314,0.8280442804428044,0.7813370473537604,0.8040128986026513,cao2018,S09/060720_1n,all_channel,median,median__all_channel__F7,32,58,"[0, 1, 2, 3, 4, 5, 6, 7, 8, 9, 12, 13, 14, 17, 18, 23, 24, 26, 27, 28, 29, 31, 33, 34, 35, 36, 37, 38, 39, 40, 41, 42, 43, 44, 45, 46, 47, 48, 49, 52, 53, 54, 55, 56, 57]",45,False,3.96616233661171e-05,-2.556347968246041e-06,1.4072657111454381e-05,60.0
F3,1228,1228,1059,169,377,0.8623778501628665,0.7374651810584958,0.7950450450450451,cao2018,S09/060720_1n,all_channel,median,median__all_channel__F3,32,58,"[0, 1, 2, 3, 4, 5, 6, 7, 8, 9, 12, 13, 14, 17, 18, 23, 24, 26, 27, 28, 29, 31, 33, 34, 35, 36, 37, 38, 39, 40, 41, 42, 43, 44, 45, 46, 47, 48, 49, 52, 53, 54, 55, 56, 57]",45,False,4.061228507883898e-05,-2.6869455522836384e-06,1.4433076877040872e-05,60.0
FC3,990,990,820,170,616,0.8282828282828283,0.5710306406685237,0.6760098928277,cao2018,S09/060720_1n,all_channel,median,median__all_channel__FC3,32,58,"[0, 1, 2, 3, 4, 5, 6, 7, 8, 9, 12, 13, 14, 17, 18, 23, 24, 26, 27, 28, 29, 31, 33, 34, 35, 36, 37, 38, 39, 40, 41, 42, 43, 44, 45, 46, 47, 48, 49, 52, 53, 54, 55, 56, 57]",45,False,2.9178163886723932e-05,-1.5281882915694785e-06,1.0235450726097803e-05,60.0
FT7,912,912,694,218,742,0.7609649122807017,0.4832869080779944,0.5911413969335605,cao2018,S09/060720_1n,all_channel,median,median__all_channel__FT7,32,58,"[0, 1, 2, 3, 4, 5, 6, 7, 8, 9, 12, 13, 14, 17, 18, 23, 24, 26, 27, 28, 29, 31, 33, 34, 35, 36, 37, 38, 39, 40, 41, 42, 43, 44, 45, 46, 47, 48, 49, 52, 53, 54, 55, 56, 57]",45,False,2.764158693340755e-05,-1.1644347660884912e-06,9.602007233165348e-06,60.0
FCZ,731,731,633,98,803,0.86593707250342,0.44080779944289694,0.5842178126442086,cao2018,S09/060720_1n,all_channel,median,median__all_channel__FCZ,32,58,"[0, 1, 2, 3, 4, 5, 6, 7, 8, 9, 12, 13, 14, 17, 18, 23, 24, 26, 27, 28, 29, 31, 33, 34, 35, 36, 37, 38, 39, 40, 41, 42, 43, 44, 45, 46, 47, 48, 49, 52, 53, 54, 55, 56, 57]",45,False,2.9973349601756943e-05,-1.2960393318168358e-06,1.0423129644524593e-05,60.0
FC4,788,788,577,211,859,0.7322335025380711,0.40181058495821725,0.5188848920863309,cao2018,S09/060720_1n,all_channel,median,median__all_channel__FC4,32,58,"[0, 1, 2, 3, 4, 5, 6, 7, 8, 9, 12, 13, 14, 17, 18, 23, 24, 26, 27, 28, 29, 31, 33, 34, 35, 36, 37, 38, 39, 40, 41, 42, 43, 44, 45, 46, 47, 48, 49, 52, 53, 54, 55, 56, 57]",45,False,2.6707751223265242e-05,-1.147342939180894e-06,9.285031387482045e-06,60.0
FT8,689,689,522,167,914,0.7576197387518142,0.3635097493036212,0.4912941176470588,cao2018,S09/060720_1n,all_channel,median,median__all_channel__FT8,32,58,"[0, 1, 2, 3, 4, 5, 6, 7, 8, 9, 12, 13, 14, 17, 18, 23, 24, 26, 27, 28, 29, 31, 33, 34, 35, 36, 37, 38, 39, 40, 41, 42, 43, 44, 45, 46, 47, 48, 49, 52, 53, 54, 55, 56, 57]",45,False,2.4797887630255166e-05,-7.084514138622833e-07,8.502113014705817e-06,60.0
C3,630,630,486,144,950,0.7714285714285715,0.3384401114206128,0.47047434656340753,cao2018,S09/060720_1n,all_channel,median,median__all_channel__C3,32,58,"[0, 1, 2, 3, 4, 5, 6, 7, 8, 9, 12, 13, 14, 17, 18, 23, 24, 26, 27, 28, 29, 31, 33, 34, 35, 36, 37, 38, 39, 40, 41, 42, 43, 44, 45, 46, 47, 48, 49, 52, 53, 54, 55, 56, 57]",45,False,2.559831616369075e-05,-1.0300312758821354e-06,8.876115813190961e-06,60.0
C4,657,657,456,201,980,0.6940639269406392,0.31754874651810583,0.43573817486860955,cao2018,S09/060720_1n,all_channel,median,median__all_channel__C4,32,58,"[0, 1, 2, 3, 4, 5, 6, 7, 8, 9, 12, 13, 14, 17, 18, 23, 24, 26, 27, 28, 29, 31, 33, 34, 35, 36, 37, 38, 39, 40, 41, 42, 43, 44, 45, 46, 47, 48, 49, 52, 53, 54, 55, 56, 57]",45,False,2.55092374192312e-05,-9.976890002144485e-07,8.835642139815216e-06,60.0
CZ,379,379,281,98,1155,0.741424802110818,0.19568245125348188,0.3096418732782369,cao2018,S09/060720_1n,all_channel,median,median__all_channel__CZ,32,58,"[0, 1, 2, 3, 4, 5, 6, 7, 8, 9, 12, 13, 14, 17, 18, 23, 24, 26, 27, 28, 29, 31, 33, 34, 35, 36, 37, 38, 39, 40, 41, 42, 43, 44, 45, 46, 47, 48, 49, 52, 53, 54, 55, 56, 57]",45,False,2.7337762630754076e-05,-8.080021223337134e-07,9.381921584362597e-06,60.0
T4,418,418,264,154,1172,0.631578947368421,0.18384401114206128,0.284789644012945,cao2018,S09/060720_1n,all_channel,median,median__all_channel__T4,32,58,"[0, 1, 2, 3, 4, 5, 6, 7, 8, 9, 12, 13, 14, 17, 18, 23, 24, 26, 27, 28, 29, 31, 33, 34, 35, 36, 37, 38, 39, 40, 41, 42, 43, 44, 45, 46, 47, 48, 49, 52, 53, 54, 55, 56, 57]",45,False,2.0018128624428424e-05,-3.314617201052943e-07,6.783196781511239e-06,60.0
CP3,355,355,250,105,1186,0.704225352112676,0.17409470752089137,0.27917364600781686,cao2018,S09/060720_1n,all_channel,median,median__all_channel__CP3,32,58,"[0, 1, 2, 3, 4, 5, 6, 7, 8, 9, 12, 13, 14, 17, 18, 23, 24, 26, 27, 28, 29, 31, 33, 34, 35, 36, 37, 38, 39, 40, 41, 42, 43, 44, 45, 46, 47, 48, 49, 52, 53, 54, 55, 56, 57]",45,False,2.136237387714294e-05,-6.403458661028679e-07,7.334239914415269e-06,60.0
T3,440,440,260,180,1176,0.5909090909090909,0.181058495821727,0.2771855010660981,cao2018,S09/060720_1n,all_channel,median,median__all_channel__T3,32,58,"[0, 1, 2, 3, 4, 5, 6, 7, 8, 9, 12, 13, 14, 17, 18, 23, 24, 26, 27, 28, 29, 31, 33, 34, 35, 36, 37, 38, 39, 40, 41, 42, 43, 44, 45, 46, 47, 48, 49, 52, 53, 54, 55, 56, 57]",45,False,1.9358619132124634e-05,-3.276878456551563e-07,6.5621023259265965e-06,60.0
CP4,341,341,201,140,1235,0.5894428152492669,0.13997214484679665,0.22622397298818234,cao2018,S09/060720_1n,all_channel,median,median__all_channel__CP4,32,58,"[0, 1, 2, 3, 4, 5, 6, 7, 8, 9, 12, 13, 14, 17, 18, 23, 24, 26, 27, 28, 29, 31, 33, 34, 35, 36, 37, 38, 39, 40, 41, 42, 43, 44, 45, 46, 47, 48, 49, 52, 53, 54, 55, 56, 57]",45,False,2.274486147009811e-05,-6.625650948053418e-07,7.802475521634483e-06,60.0
CPZ,261,261,177,84,1259,0.6781609195402298,0.12325905292479108,0.20860341779611075,cao2018,S09/060720_1n,all_channel,median,median__all_channel__CPZ,32,58,"[0, 1, 2, 3, 4, 5, 6, 7, 8, 9, 12, 13, 14, 17, 18, 23, 24, 26, 27, 28, 29, 31, 33, 34, 35, 36, 37, 38, 39, 40, 41, 42, 43, 44, 45, 46, 47, 48, 49, 52, 53, 54, 55, 56, 57]",45,False,2.3759901261529912e-05,-6.090219107916436e-07,8.122974390773851e-06,60.0
T5,350,350,182,168,1254,0.52,0.12674094707520892,0.2038073908174692,cao2018,S09/060720_1n,all_channel,median,median__all_channel__T5,32,58,"[0, 1, 2, 3, 4, 5, 6, 7, 8, 9, 12, 13, 14, 17, 18, 23, 24, 26, 27, 28, 29, 31, 33, 34, 35, 36, 37, 38, 39, 40, 41, 42, 43, 44, 45, 46, 47, 48, 49, 52, 53, 54, 55, 56, 57]",45,False,1.2754302891455127e-05,-2.5383542013814743e-07,4.336046103864425e-06,60.0
TP7,325,325,154,171,1282,0.47384615384615386,0.10724233983286909,0.17490062464508802,cao2018,S09/060720_1n,all_channel,median,median__all_channel__TP7,32,58,"[0, 1, 2, 3, 4, 5, 6, 7, 8, 9, 12, 13, 14, 17, 18, 23, 24, 26, 27, 28, 29, 31, 33, 34, 35, 36, 37, 38, 39, 40, 41, 42, 43, 44, 45, 46, 47, 48, 49, 52, 53, 54, 55, 56, 57]",45,False,1.2792677726650998e-05,-2.3203442886063967e-07,4.3415707185038795e-06,60.0
TP8,288,288,147,141,1289,0.5104166666666666,0.10236768802228412,0.1705336426914153,cao2018,S09/060720_1n,all_channel,median,median__all_channel__TP8,32,58,"[0, 1, 2, 3, 4, 5, 6, 7, 8, 9, 12, 13, 14, 17, 18, 23, 24, 26, 27, 28, 29, 31, 33, 34, 35, 36, 37, 38, 39, 40, 41, 42, 43, 44, 45, 46, 47, 48, 49, 52, 53, 54, 55, 56, 57]",45,False,1.525139867657717e-05,-2.475993739980728e-07,5.166332683525081e-06,60.0
A1,352,352,131,221,1305,0.3721590909090909,0.09122562674094707,0.1465324384787472,cao2018,S09/060720_1n,all_channel,median,median__all_channel__A1,32,58,"[0, 1, 2, 3, 4, 5, 6, 7, 8, 9, 12, 13, 14, 17, 18, 23, 24, 26, 27, 28, 29, 31, 33, 34, 35, 36, 37, 38, 39, 40, 41, 42, 43, 44, 45, 46, 47, 48, 49, 52, 53, 54, 55, 56, 57]",45,False,7.3768626214258105e-06,-3.038652806887024e-08,2.4690830498315602e-06,60.0
P3,341,341,129,212,1307,0.3782991202346041,0.08983286908077995,0.14518851997749016,cao2018,S09/060720_1n,all_channel,median,median__all_channel__P3,32,58,"[0, 1, 2, 3, 4, 5, 6, 7, 8, 9, 12, 13, 14, 17, 18, 23, 24, 26, 27, 28, 29, 31, 33, 34, 35, 36, 37, 38, 39, 40, 41, 42, 43, 44, 45, 46, 47, 48, 49, 52, 53, 54, 55, 56, 57]",45,False,2.279386346990674e-05,-6.799746163960386e-07,7.82461269543426e-06,60.0
P4,225,225,110,115,1326,0.4888888888888889,0.0766016713091922,0.13245033112582782,cao2018,S09/060720_1n,all_channel,median,median__all_channel__P4,32,58,"[0, 1, 2, 3, 4, 5, 6, 7, 8, 9, 12, 13, 14, 17, 18, 23, 24, 26, 27, 28, 29, 31, 33, 34, 35, 36, 37, 38, 39, 40, 41, 42, 43, 44, 45, 46, 47, 48, 49, 52, 53, 54, 55, 56, 57]",45,False,2.0117447571452702e-05,-4.1863115182607336e-07,6.845359574426258e-06,60.0
A2,333,333,116,217,1320,0.3483483483483483,0.0807799442896936,0.13114754098360656,cao2018,S09/060720_1n,all_channel,median,median__all_channel__A2,32,58,"[0, 1, 2, 3, 4, 5, 6, 7, 8, 9, 12, 13, 14, 17, 18, 23, 24, 26, 27, 28, 29, 31, 33, 34, 35, 36, 37, 38, 39, 40, 41, 42, 43, 44, 45, 46, 47, 48, 49, 52, 53, 54, 55, 56, 57]",45,False,7.437799594967846e-06,3.025428539917605e-08,2.4691817698562235e-06,60.0
PZ,173,173,95,78,1341,0.5491329479768786,0.06615598885793872,0.11808576755748912,cao2018,S09/060720_1n,all_channel,median,median__all_channel__PZ,32,58,"[0, 1, 2, 3, 4, 5, 6, 7, 8, 9, 12, 13, 14, 17, 18, 23, 24, 26, 27, 28, 29, 31, 33, 34, 35, 36, 37, 38, 39, 40, 41, 42, 43, 44, 45, 46, 47, 48, 49, 52, 53, 54, 55, 56, 57]",45,False,2.109502330964718e-05,-3.8265364981566817e-07,7.1592256531542834e-06,60.0
T6,202,202,78,124,1358,0.38613861386138615,0.054317548746518104,0.09523809523809523,cao2018,S09/060720_1n,all_channel,median,median__all_channel__T6,32,58,"[0, 1, 2, 3, 4, 5, 6, 7, 8, 9, 12, 13, 14, 17, 18, 23, 24, 26, 27, 28, 29, 31, 33, 34, 35, 36, 37, 38, 39, 40, 41, 42, 43, 44, 45, 46, 47, 48, 49, 52, 53, 54, 55, 56, 57]",45,False,1.3684273271690793e-05,-1.6788166930473197e-07,4.6173849803318414e-06,60.0
O2,165,165,42,123,1394,0.2545454545454545,0.02924791086350975,0.052467207995003116,cao2018,S09/060720_1n,all_channel,median,median__all_channel__O2,32,58,"[0, 1, 2, 3, 4, 5, 6, 7, 8, 9, 12, 13, 14, 17, 18, 23, 24, 26, 27, 28, 29, 31, 33, 34, 35, 36, 37, 38, 39, 40, 41, 42, 43, 44, 45, 46, 47, 48, 49, 52, 53, 54, 55, 56, 57]",45,False,1.0758982569758435e-05,-9.962895789488562e-08,3.61953717588444e-06,60.0
O1,172,172,39,133,1397,0.22674418604651161,0.027158774373259052,0.048507462686567165,cao2018,S09/060720_1n,all_channel,median,median__all_channel__O1,32,58,"[0, 1, 2, 3, 4, 5, 6, 7, 8, 9, 12, 13, 14, 17, 18, 23, 24, 26, 27, 28, 29, 31, 33, 34, 35, 36, 37, 38, 39, 40, 41, 42, 43, 44, 45, 46, 47, 48, 49, 52, 53, 54, 55, 56, 57]",45,False,1.164914538975912e-05,-7.513834406523454e-08,3.908094577941452e-06,60.0
OZ,146,146,38,108,1398,0.2602739726027397,0.026462395543175487,0.04804045512010113,cao2018,S09/060720_1n,all_channel,median,median__all_channel__OZ,32,58,"[0, 1, 2, 3, 4, 5, 6, 7, 8, 9, 12, 13, 14, 17, 18, 23, 24, 26, 27, 28, 29, 31, 33, 34, 35, 36, 37, 38, 39, 40, 41, 42, 43, 44, 45, 46, 47, 48, 49, 52, 53, 54, 55, 56, 57]",45,False,1.1819308046840196e-05,-9.164112604927286e-08,3.970316390963156e-06,60.0
FP2,1584,1584,1401,183,35,0.884469696969697,0.9756267409470752,0.9278145695364239,cao2018,S09/060720_1n,all_channel,mean,mean__all_channel__FP2,32,58,"[0, 1, 2, 3, 4, 5, 6, 7, 8, 9, 12, 13, 14, 17, 18, 23, 24, 26, 27, 28, 29, 31, 33, 34, 35, 36, 37, 38, 39, 40, 41, 42, 43, 44, 45, 46, 47, 48, 49, 52, 53, 54, 55, 56, 57]",45,False,5.380791468164421e-05,6.834510192668003e-09,1.7933693390483847e-05,60.0
FP1,1583,1583,1394,189,42,0.8806064434617814,0.9707520891364902,0.9234845975488574,cao2018,S09/060720_1n,all_channel,mean,mean__all_channel__FP1,32,58,"[0, 1, 2, 3, 4, 5, 6, 7, 8, 9, 12, 13, 14, 17, 18, 23, 24, 26, 27, 28, 29, 31, 33, 34, 35, 36, 37, 38, 39, 40, 41, 42, 43, 44, 45, 46, 47, 48, 49, 52, 53, 54, 55, 56, 57]",45,False,5.970713564968568e-05,1.3470238340074532e-08,1.9897888470448535e-05,60.0
FZ,1273,1273,1141,132,295,0.8963079340141398,0.7945682451253482,0.8423772609819121,cao2018,S09/060720_1n,all_channel,mean,mean__all_channel__FZ,32,58,"[0, 1, 2, 3, 4, 5, 6, 7, 8, 9, 12, 13, 14, 17, 18, 23, 24, 26, 27, 28, 29, 31, 33, 34, 35, 36, 37, 38, 39, 40, 41, 42, 43, 44, 45, 46, 47, 48, 49, 52, 53, 54, 55, 56, 57]",45,False,3.638058581592932e-05,-3.8960382035142474e-09,1.2128160618044279e-05,60.0
F4,1241,1241,1060,181,376,0.8541498791297341,0.7381615598885793,0.7919312663429212,cao2018,S09/060720_1n,all_channel,mean,mean__all_channel__F4,32,58,"[0, 1, 2, 3, 4, 5, 6, 7, 8, 9, 12, 13, 14, 17, 18, 23, 24, 26, 27, 28, 29, 31, 33, 34, 35, 36, 37, 38, 39, 40, 41, 42, 43, 44, 45, 46, 47, 48, 49, 52, 53, 54, 55, 56, 57]",45,False,3.5948170585974154e-05,4.151628368825773e-09,1.1981339652535109e-05,60.0
F8,1199,1199,1028,171,408,0.8573811509591326,0.7158774373259053,0.7802656546489564,cao2018,S09/060720_1n,all_channel,mean,mean__all_channel__F8,32,58,"[0, 1, 2, 3, 4, 5, 6, 7, 8, 9, 12, 13, 14, 17, 18, 23, 24, 26, 27, 28, 29, 31, 33, 34, 35, 36, 37, 38, 39, 40, 41, 42, 43, 44, 45, 46, 47, 48, 49, 52, 53, 54, 55, 56, 57]",45,False,3.757407710282908e-05,6.879480801716841e-09,1.2522399207342455e-05,60.0
F7,1258,1258,1048,210,388,0.8330683624801272,0.7298050139275766,0.7780252412769115,cao2018,S09/060720_1n,all_channel,mean,mean__all_channel__F7,32,58,"[0, 1, 2, 3, 4, 5, 6, 7, 8, 9, 12, 13, 14, 17, 18, 23, 24, 26, 27, 28, 29, 31, 33, 34, 35, 36, 37, 38, 39, 40, 41, 42, 43, 44, 45, 46, 47, 48, 49, 52, 53, 54, 55, 56, 57]",45,False,4.221205890678533e-05,-5.912427577810327e-09,1.4072657111454381e-05,60.0
F3,1132,1132,993,139,443,0.877208480565371,0.6915041782729805,0.7733644859813085,cao2018,S09/060720_1n,all_channel,mean,mean__all_channel__F3,32,58,"[0, 1, 2, 3, 4, 5, 6, 7, 8, 9, 12, 13, 14, 17, 18, 23, 24, 26, 27, 28, 29, 31, 33, 34, 35, 36, 37, 38, 39, 40, 41, 42, 43, 44, 45, 46, 47, 48, 49, 52, 53, 54, 55, 56, 57]",45,False,4.3304525790258484e-05,5.295159135866066e-09,1.4433076877040872e-05,60.0
FC3,879,879,732,147,704,0.8327645051194539,0.5097493036211699,0.6323974082073435,cao2018,S09/060720_1n,all_channel,mean,mean__all_channel__FC3,32,58,"[0, 1, 2, 3, 4, 5, 6, 7, 8, 9, 12, 13, 14, 17, 18, 23, 24, 26, 27, 28, 29, 31, 33, 34, 35, 36, 37, 38, 39, 40, 41, 42, 43, 44, 45, 46, 47, 48, 49, 52, 53, 54, 55, 56, 57]",45,False,3.069666617791738e-05,-9.686000376034025e-09,1.0235450726097803e-05,60.0
FT7,830,830,636,194,800,0.7662650602409639,0.4428969359331476,0.5613415710503088,cao2018,S09/060720_1n,all_channel,mean,mean__all_channel__FT7,32,58,"[0, 1, 2, 3, 4, 5, 6, 7, 8, 9, 12, 13, 14, 17, 18, 23, 24, 26, 27, 28, 29, 31, 33, 34, 35, 36, 37, 38, 39, 40, 41, 42, 43, 44, 45, 46, 47, 48, 49, 52, 53, 54, 55, 56, 57]",45,False,2.8800380887485684e-05,-5.640812010359968e-09,9.602007233165348e-06,60.0
FCZ,638,638,558,80,878,0.8746081504702194,0.38857938718662954,0.5380906460945034,cao2018,S09/060720_1n,all_channel,mean,mean__all_channel__FCZ,32,58,"[0, 1, 2, 3, 4, 5, 6, 7, 8, 9, 12, 13, 14, 17, 18, 23, 24, 26, 27, 28, 29, 31, 33, 34, 35, 36, 37, 38, 39, 40, 41, 42, 43, 44, 45, 46, 47, 48, 49, 52, 53, 54, 55, 56, 57]",45,False,3.1265024678072336e-05,-4.3642555014434324e-09,1.0423129644524593e-05,60.0
FC4,722,722,518,204,918,0.7174515235457064,0.3607242339832869,0.4800741427247452,cao2018,S09/060720_1n,all_channel,mean,mean__all_channel__FC4,32,58,"[0, 1, 2, 3, 4, 5, 6, 7, 8, 9, 12, 13, 14, 17, 18, 23, 24, 26, 27, 28, 29, 31, 33, 34, 35, 36, 37, 38, 39, 40, 41, 42, 43, 44, 45, 46, 47, 48, 49, 52, 53, 54, 55, 56, 57]",45,False,2.7847468771354263e-05,-7.625391091870051e-09,9.285031387482045e-06,60.0
FT8,629,629,482,147,954,0.766295707472178,0.33565459610027853,0.4668280871670702,cao2018,S09/060720_1n,all_channel,mean,mean__all_channel__FT8,32,58,"[0, 1, 2, 3, 4, 5, 6, 7, 8, 9, 12, 13, 14, 17, 18, 23, 24, 26, 27, 28, 29, 31, 33, 34, 35, 36, 37, 38, 39, 40, 41, 42, 43, 44, 45, 46, 47, 48, 49, 52, 53, 54, 55, 56, 57]",45,False,2.5518953355496847e-05,1.2614311379396295e-08,8.502113014705817e-06,60.0
C3,562,562,431,131,1005,0.7669039145907474,0.30013927576601673,0.4314314314314315,cao2018,S09/060720_1n,all_channel,mean,mean__all_channel__C3,32,58,"[0, 1, 2, 3, 4, 5, 6, 7, 8, 9, 12, 13, 14, 17, 18, 23, 24, 26, 27, 28, 29, 31, 33, 34, 35, 36, 37, 38, 39, 40, 41, 42, 43, 44, 45, 46, 47, 48, 49, 52, 53, 54, 55, 56, 57]",45,False,2.6618987683438456e-05,-9.359756134426449e-09,8.876115813190961e-06,60.0
C4,597,597,406,191,1030,0.6800670016750419,0.2827298050139276,0.39940973930152485,cao2018,S09/060720_1n,all_channel,mean,mean__all_channel__C4,32,58,"[0, 1, 2, 3, 4, 5, 6, 7, 8, 9, 12, 13, 14, 17, 18, 23, 24, 26, 27, 28, 29, 31, 33, 34, 35, 36, 37, 38, 39, 40, 41, 42, 43, 44, 45, 46, 47, 48, 49, 52, 53, 54, 55, 56, 57]",45,False,2.6501426112701238e-05,-5.500306744407386e-09,8.835642139815216e-06,60.0
T4,393,393,248,145,1188,0.6310432569974554,0.17270194986072424,0.27118644067796616,cao2018,S09/060720_1n,all_channel,mean,mean__all_channel__T4,32,58,"[0, 1, 2, 3, 4, 5, 6, 7, 8, 9, 12, 13, 14, 17, 18, 23, 24, 26, 27, 28, 29, 31, 33, 34, 35, 36, 37, 38, 39, 40, 41, 42, 43, 44, 45, 46, 47, 48, 49, 52, 53, 54, 55, 56, 57]",45,False,2.0357551187782314e-05,7.960843248595078e-09,6.783196781511239e-06,60.0
CZ,334,334,240,94,1196,0.718562874251497,0.1671309192200557,0.2711864406779661,cao2018,S09/060720_1n,all_channel,mean,mean__all_channel__CZ,32,58,"[0, 1, 2, 3, 4, 5, 6, 7, 8, 9, 12, 13, 14, 17, 18, 23, 24, 26, 27, 28, 29, 31, 33, 34, 35, 36, 37, 38, 39, 40, 41, 42, 43, 44, 45, 46, 47, 48, 49, 52, 53, 54, 55, 56, 57]",45,False,2.8142682123254212e-05,-3.0826298335776906e-09,9.381921584362597e-06,60.0
T3,421,421,249,172,1187,0.5914489311163895,0.1733983286908078,0.2681744749596123,cao2018,S09/060720_1n,all_channel,mean,mean__all_channel__T3,32,58,"[0, 1, 2, 3, 4, 5, 6, 7, 8, 9, 12, 13, 14, 17, 18, 23, 24, 26, 27, 28, 29, 31, 33, 34, 35, 36, 37, 38, 39, 40, 41, 42, 43, 44, 45, 46, 47, 48, 49, 52, 53, 54, 55, 56, 57]",45,False,1.9687410746974712e-05,1.1037691949215734e-09,6.5621023259265965e-06,60.0
CP3,320,320,227,93,1209,0.709375,0.15807799442896936,0.25854214123006836,cao2018,S09/060720_1n,all_channel,mean,mean__all_channel__CP3,32,58,"[0, 1, 2, 3, 4, 5, 6, 7, 8, 9, 12, 13, 14, 17, 18, 23, 24, 26, 27, 28, 29, 31, 33, 34, 35, 36, 37, 38, 39, 40, 41, 42, 43, 44, 45, 46, 47, 48, 49, 52, 53, 54, 55, 56, 57]",45,False,2.199563227109686e-05,-7.087472148948574e-09,7.334239914415269e-06,60.0
CP4,313,313,179,134,1257,0.5718849840255591,0.12465181058495822,0.20468839336763867,cao2018,S09/060720_1n,all_channel,mean,mean__all_channel__CP4,32,58,"[0, 1, 2, 3, 4, 5, 6, 7, 8, 9, 12, 13, 14, 17, 18, 23, 24, 26, 27, 28, 29, 31, 33, 34, 35, 36, 37, 38, 39, 40, 41, 42, 43, 44, 45, 46, 47, 48, 49, 52, 53, 54, 55, 56, 57]",45,False,2.340442397008418e-05,-3.002594819269469e-09,7.802475521634483e-06,60.0
CPZ,238,238,161,77,1275,0.6764705882352942,0.11211699164345404,0.1923536439665472,cao2018,S09/060720_1n,all_channel,mean,mean__all_channel__CPZ,32,58,"[0, 1, 2, 3, 4, 5, 6, 7, 8, 9, 12, 13, 14, 17, 18, 23, 24, 26, 27, 28, 29, 31, 33, 34, 35, 36, 37, 38, 39, 40, 41, 42, 43, 44, 45, 46, 47, 48, 49, 52, 53, 54, 55, 56, 57]",45,False,2.4363775931097905e-05,-5.147241223649275e-09,8.122974390773851e-06,60.0
T5,319,319,166,153,1270,0.5203761755485894,0.11559888579387187,0.18917378917378916,cao2018,S09/060720_1n,all_channel,mean,mean__all_channel__T5,32,58,"[0, 1, 2, 3, 4, 5, 6, 7, 8, 9, 12, 13, 14, 17, 18, 23, 24, 26, 27, 28, 29, 31, 33, 34, 35, 36, 37, 38, 39, 40, 41, 42, 43, 44, 45, 46, 47, 48, 49, 52, 53, 54, 55, 56, 57]",45,False,1.300570005478834e-05,-2.4382568049342916e-09,4.336046103864425e-06,60.0
TP7,309,309,145,164,1291,0.4692556634304207,0.100974930362117,0.166189111747851,cao2018,S09/060720_1n,all_channel,mean,mean__all_channel__TP7,32,58,"[0, 1, 2, 3, 4, 5, 6, 7, 8, 9, 12, 13, 14, 17, 18, 23, 24, 26, 27, 28, 29, 31, 33, 34, 35, 36, 37, 38, 39, 40, 41, 42, 43, 44, 45, 46, 47, 48, 49, 52, 53, 54, 55, 56, 57]",45,False,1.3022798279978624e-05,-1.9138755330134195e-09,4.3415707185038795e-06,60.0
TP8,277,277,139,138,1297,0.5018050541516246,0.0967966573816156,0.1622883829538821,cao2018,S09/060720_1n,all_channel,mean,mean__all_channel__TP8,32,58,"[0, 1, 2, 3, 4, 5, 6, 7, 8, 9, 12, 13, 14, 17, 18, 23, 24, 26, 27, 28, 29, 31, 33, 34, 35, 36, 37, 38, 39, 40, 41, 42, 43, 44, 45, 46, 47, 48, 49, 52, 53, 54, 55, 56, 57]",45,False,1.549929230441054e-05,2.9425383529781776e-10,5.166332683525081e-06,60.0
A1,348,348,130,218,1306,0.3735632183908046,0.0905292479108635,0.14573991031390132,cao2018,S09/060720_1n,all_channel,mean,mean__all_channel__A1,32,58,"[0, 1, 2, 3, 4, 5, 6, 7, 8, 9, 12, 13, 14, 17, 18, 23, 24, 26, 27, 28, 29, 31, 33, 34, 35, 36, 37, 38, 39, 40, 41, 42, 43, 44, 45, 46, 47, 48, 49, 52, 53, 54, 55, 56, 57]",45,False,7.406451807315952e-06,-7.973421787293835e-10,2.4690830498315602e-06,60.0
P3,309,309,116,193,1320,0.37540453074433655,0.0807799442896936,0.1329512893982808,cao2018,S09/060720_1n,all_channel,mean,mean__all_channel__P3,32,58,"[0, 1, 2, 3, 4, 5, 6, 7, 8, 9, 12, 13, 14, 17, 18, 23, 24, 26, 27, 28, 29, 31, 33, 34, 35, 36, 37, 38, 39, 40, 41, 42, 43, 44, 45, 46, 47, 48, 49, 52, 53, 54, 55, 56, 57]",45,False,2.346976901890278e-05,-4.069067400001015e-09,7.82461269543426e-06,60.0
A2,335,335,117,218,1319,0.3492537313432836,0.08147632311977716,0.13212874082439302,cao2018,S09/060720_1n,all_channel,mean,mean__all_channel__A2,32,58,"[0, 1, 2, 3, 4, 5, 6, 7, 8, 9, 12, 13, 14, 17, 18, 23, 24, 26, 27, 28, 29, 31, 33, 34, 35, 36, 37, 38, 39, 40, 41, 42, 43, 44, 45, 46, 47, 48, 49, 52, 53, 54, 55, 56, 57]",45,False,7.40832019497351e-06,7.748854048394225e-10,2.4691817698562235e-06,60.0
P4,204,204,99,105,1337,0.4852941176470588,0.06894150417827298,0.12073170731707318,cao2018,S09/060720_1n,all_channel,mean,mean__all_channel__P4,32,58,"[0, 1, 2, 3, 4, 5, 6, 7, 8, 9, 12, 13, 14, 17, 18, 23, 24, 26, 27, 28, 29, 31, 33, 34, 35, 36, 37, 38, 39, 40, 41, 42, 43, 44, 45, 46, 47, 48, 49, 52, 53, 54, 55, 56, 57]",45,False,2.0535285740089466e-05,-7.929831893094694e-10,6.845359574426258e-06,60.0
PZ,156,156,83,73,1353,0.532051282051282,0.057799442896935935,0.10427135678391959,cao2018,S09/060720_1n,all_channel,mean,mean__all_channel__PZ,32,58,"[0, 1, 2, 3, 4, 5, 6, 7, 8, 9, 12, 13, 14, 17, 18, 23, 24, 26, 27, 28, 29, 31, 33, 34, 35, 36, 37, 38, 39, 40, 41, 42, 43, 44, 45, 46, 47, 48, 49, 52, 53, 54, 55, 56, 57]",45,False,2.1474299016398516e-05,-3.3779430643322695e-09,7.1592256531542834e-06,60.0
T6,196,196,76,120,1360,0.3877551020408163,0.052924791086350974,0.09313725490196079,cao2018,S09/060720_1n,all_channel,mean,mean__all_channel__T6,32,58,"[0, 1, 2, 3, 4, 5, 6, 7, 8, 9, 12, 13, 14, 17, 18, 23, 24, 26, 27, 28, 29, 31, 33, 34, 35, 36, 37, 38, 39, 40, 41, 42, 43, 44, 45, 46, 47, 48, 49, 52, 53, 54, 55, 56, 57]",45,False,1.3850443537537884e-05,-1.711403457641593e-09,4.6173849803318414e-06,60.0
O2,162,162,41,121,1395,0.25308641975308643,0.028551532033426183,0.05131414267834793,cao2018,S09/060720_1n,all_channel,mean,mean__all_channel__O2,32,58,"[0, 1, 2, 3, 4, 5, 6, 7, 8, 9, 12, 13, 14, 17, 18, 23, 24, 26, 27, 28, 29, 31, 33, 34, 35, 36, 37, 38, 39, 40, 41, 42, 43, 44, 45, 46, 47, 48, 49, 52, 53, 54, 55, 56, 57]",45,False,1.0857041770219617e-05,-1.5697574337046366e-09,3.61953717588444e-06,60.0
O1,171,171,39,132,1397,0.22807017543859648,0.027158774373259052,0.048537647790914754,cao2018,S09/060720_1n,all_channel,mean,mean__all_channel__O1,32,58,"[0, 1, 2, 3, 4, 5, 6, 7, 8, 9, 12, 13, 14, 17, 18, 23, 24, 26, 27, 28, 29, 31, 33, 34, 35, 36, 37, 38, 39, 40, 41, 42, 43, 44, 45, 46, 47, 48, 49, 52, 53, 54, 55, 56, 57]",45,False,1.172348191992311e-05,-8.018139012443485e-10,3.908094577941452e-06,60.0
OZ,140,140,37,103,1399,0.2642857142857143,0.02576601671309192,0.04695431472081218,cao2018,S09/060720_1n,all_channel,mean,mean__all_channel__OZ,32,58,"[0, 1, 2, 3, 4, 5, 6, 7, 8, 9, 12, 13, 14, 17, 18, 23, 24, 26, 27, 28, 29, 31, 33, 34, 35, 36, 37, 38, 39, 40, 41, 42, 43, 44, 45, 46, 47, 48, 49, 52, 53, 54, 55, 56, 57]",45,False,1.190874294502995e-05,-2.2062278595201555e-09,3.970316390963156e-06,60.0
FP2,1627,1627,1413,214,23,0.8684695759065765,0.983983286908078,0.9226248775710089,cao2018,S09/060720_1n,frontal,median,median__frontal__FP2,4,58,"[0, 1, 2, 3, 4, 5, 6, 7, 8, 9, 12, 13, 14, 17, 27, 28, 31, 34, 35, 36, 37, 39, 40, 41, 42, 43, 44, 45, 46, 47, 48, 49, 52, 53, 54, 55, 56, 57]",38,False,4.9849442519613614e-05,-7.0120749903052e-06,1.8953839169972937e-05,60.0
FP1,1626,1626,1402,224,34,0.8622386223862238,0.9763231197771588,0.9157413455258001,cao2018,S09/060720_1n,frontal,median,median__frontal__FP1,4,58,"[0, 1, 2, 3, 4, 5, 6, 7, 8, 9, 12, 13, 14, 17, 27, 28, 31, 34, 35, 36, 37, 39, 40, 41, 42, 43, 44, 45, 46, 47, 48, 49, 52, 53, 54, 55, 56, 57]",38,False,5.567280639651171e-05,-7.705421976553214e-06,2.1126076124354976e-05,60.0
F4,1302,1302,1113,189,323,0.8548387096774194,0.7750696378830083,0.8130021913805697,cao2018,S09/060720_1n,frontal,median,median__frontal__F4,4,58,"[0, 1, 2, 3, 4, 5, 6, 7, 8, 9, 12, 13, 14, 17, 27, 28, 31, 34, 35, 36, 37, 39, 40, 41, 42, 43, 44, 45, 46, 47, 48, 49, 52, 53, 54, 55, 56, 57]",38,False,3.4519584130392886e-05,-2.632537776313114e-06,1.2384040635568666e-05,60.0
F3,1155,1155,1006,149,430,0.870995670995671,0.7005571030640668,0.7765341566962563,cao2018,S09/060720_1n,frontal,median,median__frontal__F3,4,58,"[0, 1, 2, 3, 4, 5, 6, 7, 8, 9, 12, 13, 14, 17, 27, 28, 31, 34, 35, 36, 37, 39, 40, 41, 42, 43, 44, 45, 46, 47, 48, 49, 52, 53, 54, 55, 56, 57]",38,False,4.26123142850758e-05,-3.283555229315737e-06,1.5298623171463845e-05,60.0
FP2,1556,1556,1398,158,38,0.8984575835475579,0.9735376044568245,0.9344919786096257,cao2018,S09/060720_1n,frontal,mean,mean__frontal__FP2,4,58,"[0, 1, 2, 3, 4, 5, 6, 7, 8, 9, 12, 13, 14, 17, 27, 28, 31, 34, 35, 36, 37, 39, 40, 41, 42, 43, 44, 45, 46, 47, 48, 49, 52, 53, 54, 55, 56, 57]",38,False,5.6871090920103116e-05,9.573410184301764e-09,1.8953839169972937e-05,60.0
FP1,1552,1552,1382,170,54,0.8904639175257731,0.9623955431754875,0.9250334672021417,cao2018,S09/060720_1n,frontal,mean,mean__frontal__FP1,4,58,"[0, 1, 2, 3, 4, 5, 6, 7, 8, 9, 12, 13, 14, 17, 27, 28, 31, 34, 35, 36, 37, 39, 40, 41, 42, 43, 44, 45, 46, 47, 48, 49, 52, 53, 54, 55, 56, 57]",38,False,6.33961796691326e-05,1.795129606766863e-08,2.1126076124354976e-05,60.0
F4,1189,1189,1014,175,422,0.8528174936921783,0.7061281337047354,0.7725714285714287,cao2018,S09/060720_1n,frontal,mean,mean__frontal__F4,4,58,"[0, 1, 2, 3, 4, 5, 6, 7, 8, 9, 12, 13, 14, 17, 27, 28, 31, 34, 35, 36, 37, 39, 40, 41, 42, 43, 44, 45, 46, 47, 48, 49, 52, 53, 54, 55, 56, 57]",38,False,3.716020298106973e-05,8.081074363723814e-09,1.2384040635568666e-05,60.0
F3,1036,1036,905,131,531,0.8735521235521235,0.6302228412256268,0.7322006472491909,cao2018,S09/060720_1n,frontal,mean,mean__frontal__F3,4,58,"[0, 1, 2, 3, 4, 5, 6, 7, 8, 9, 12, 13, 14, 17, 27, 28, 31, 34, 35, 36, 37, 39, 40, 41, 42, 43, 44, 45, 46, 47, 48, 49, 52, 53, 54, 55, 56, 57]",38,False,4.59035419243202e-05,7.672409928660806e-09,1.5298623171463845e-05,60.0
FP1,1623,1623,1401,222,35,0.8632162661737524,0.9756267409470752,0.9159856162144492,cao2018,S09/060720_1n,frontal_left,median,median__frontal_left__FP1,2,58,"[0, 1, 2, 3, 4, 5, 6, 7, 8, 9, 12, 13, 14, 28, 31, 34, 35, 36, 37, 40, 41, 42, 43, 44, 45, 46, 47, 48, 49, 52, 53, 54, 55, 56, 57]",35,False,5.606495812434588e-05,-8.546299478147993e-06,2.1537085867497958e-05,60.0
F3,1125,1125,987,138,449,0.8773333333333333,0.6873259052924791,0.7707926591175321,cao2018,S09/060720_1n,frontal_left,median,median__frontal_left__F3,2,58,"[0, 1, 2, 3, 4, 5, 6, 7, 8, 9, 12, 13, 14, 28, 31, 34, 35, 36, 37, 40, 41, 42, 43, 44, 45, 46, 47, 48, 49, 52, 53, 54, 55, 56, 57]",35,False,4.349175909388372e-05,-3.6523925964434952e-06,1.5714717230109074e-05,60.0
FP1,1537,1537,1375,162,61,0.8945998698763825,0.9575208913649025,0.9249915909855364,cao2018,S09/060720_1n,frontal_left,mean,mean__frontal_left__FP1,2,58,"[0, 1, 2, 3, 4, 5, 6, 7, 8, 9, 12, 13, 14, 28, 31, 34, 35, 36, 37, 40, 41, 42, 43, 44, 45, 46, 47, 48, 49, 52, 53, 54, 55, 56, 57]",35,False,6.462665986470927e-05,1.5402262215403862e-08,2.1537085867497958e-05,60.0
F3,993,993,867,126,569,0.8731117824773413,0.6037604456824512,0.7138740222313709,cao2018,S09/060720_1n,frontal_left,mean,mean__frontal_left__F3,2,58,"[0, 1, 2, 3, 4, 5, 6, 7, 8, 9, 12, 13, 14, 28, 31, 34, 35, 36, 37, 40, 41, 42, 43, 44, 45, 46, 47, 48, 49, 52, 53, 54, 55, 56, 57]",35,False,4.715214130994815e-05,7.989619620933096e-09,1.5714717230109074e-05,60.0
FP2,1632,1632,1413,219,23,0.8658088235294118,0.983983286908078,0.9211212516297262,cao2018,S09/060720_1n,frontal_right,median,median__frontal_right__FP2,2,58,"[0, 1, 2, 3, 4, 5, 6, 7, 8, 9, 12, 14, 17, 27, 28, 31, 34, 35, 36, 37, 39, 40, 41, 42, 43, 44, 45, 46, 47, 48, 49, 52, 53, 54, 55, 56, 57]",37,False,4.9647884586826824e-05,-7.151198036831559e-06,1.893302754121946e-05,60.0
F4,1317,1317,1123,194,313,0.8526955201214882,0.782033426183844,0.815837268434435,cao2018,S09/060720_1n,frontal_right,median,median__frontal_right__F4,2,58,"[0, 1, 2, 3, 4, 5, 6, 7, 8, 9, 12, 14, 17, 27, 28, 31, 34, 35, 36, 37, 39, 40, 41, 42, 43, 44, 45, 46, 47, 48, 49, 52, 53, 54, 55, 56, 57]",37,False,3.4232706060630196e-05,-2.6594154120938677e-06,1.2297373824241355e-05,60.0
FP2,1556,1556,1398,158,38,0.8984575835475579,0.9735376044568245,0.9344919786096257,cao2018,S09/060720_1n,frontal_right,mean,mean__frontal_right__FP2,2,58,"[0, 1, 2, 3, 4, 5, 6, 7, 8, 9, 12, 14, 17, 27, 28, 31, 34, 35, 36, 37, 39, 40, 41, 42, 43, 44, 45, 46, 47, 48, 49, 52, 53, 54, 55, 56, 57]",37,False,5.6816781930870286e-05,1.7699307211902263e-08,1.893302754121946e-05,60.0
F4,1202,1202,1026,176,410,0.8535773710482529,0.7144846796657381,0.7778620166793024,cao2018,S09/060720_1n,frontal_right,mean,mean__frontal_right__F4,2,58,"[0, 1, 2, 3, 4, 5, 6, 7, 8, 9, 12, 14, 17, 27, 28, 31, 34, 35, 36, 37, 39, 40, 41, 42, 43, 44, 45, 46, 47, 48, 49, 52, 53, 54, 55, 56, 57]",37,False,3.6903462715047304e-05,1.1341242323242554e-08,1.2297373824241355e-05,60.0
FP2,1634,1634,1415,219,21,0.8659730722154223,0.9853760445682451,0.9218241042345275,cao2018,S09/060720_1n,all_channel,median,median__all_channel__FP2,32,29,"[0, 1, 2, 4, 6, 7, 13, 14, 17, 18, 20, 21, 22, 23, 24, 26, 27, 28]",18,False,4.97118744362193e-05,-6.6721862279818666e-06,1.8794686888067055e-05,120.0
FP1,1631,1631,1404,227,32,0.8608215818516247,0.9777158774373259,0.9155526573198566,cao2018,S09/060720_1n,all_channel,median,median__all_channel__FP1,32,29,"[0, 1, 2, 4, 6, 7, 13, 14, 17, 18, 20, 21, 22, 23, 24, 26, 27, 28]",18,False,5.5607457495964796e-05,-7.3607271630589536e-06,2.098939488634125e-05,120.0
FZ,1344,1344,1198,146,238,0.8913690476190477,0.8342618384401114,0.8618705035971223,cao2018,S09/060720_1n,all_channel,median,median__all_channel__FZ,32,29,"[0, 1, 2, 4, 6, 7, 13, 14, 17, 18, 20, 21, 22, 23, 24, 26, 27, 28]",18,False,3.434323181423009e-05,-2.814464715346948e-06,1.2385898843192346e-05,120.0
F4,1299,1299,1112,187,324,0.8560431100846805,0.7743732590529248,0.813162705667276,cao2018,S09/060720_1n,all_channel,median,median__all_channel__F4,32,29,"[0, 1, 2, 4, 6, 7, 13, 14, 17, 18, 20, 21, 22, 23, 24, 26, 27, 28]",18,False,3.4597582726436245e-05,-2.5544695037491374e-06,1.2384017410061793e-05,120.0
F8,1250,1250,1068,182,368,0.8544,0.7437325905292479,0.795234549516009,cao2018,S09/060720_1n,all_channel,median,median__all_channel__F8,32,29,"[0, 1, 2, 4, 6, 7, 13, 14, 17, 18, 20, 21, 22, 23, 24, 26, 27, 28]",18,False,3.659083107183115e-05,-2.1872233882031775e-06,1.2926018153344775e-05,120.0
F7,1318,1318,1095,223,341,0.830804248861912,0.7625348189415042,0.79520697167756,cao2018,S09/060720_1n,all_channel,median,median__all_channel__F7,32,29,"[0, 1, 2, 4, 6, 7, 13, 14, 17, 18, 20, 21, 22, 23, 24, 26, 27, 28]",18,False,4.0879988912745454e-05,-2.9147447132348883e-06,1.4598244541993446e-05,120.0
F3,1150,1150,1003,147,433,0.8721739130434782,0.6984679665738162,0.7757153905645785,cao2018,S09/060720_1n,all_channel,median,median__all_channel__F3,32,29,"[0, 1, 2, 4, 6, 7, 13, 14, 17, 18, 20, 21, 22, 23, 24, 26, 27, 28]",18,False,4.2885384919086866e-05,-3.2142704633631535e-06,1.5366551794150006e-05,120.0
FC3,963,963,796,167,640,0.8265835929387332,0.5543175487465181,0.6636098374322634,cao2018,S09/060720_1n,all_channel,median,median__all_channel__FC3,32,29,"[0, 1, 2, 4, 6, 7, 13, 14, 17, 18, 20, 21, 22, 23, 24, 26, 27, 28]",18,False,2.9670135682537694e-05,-1.7122920074964236e-06,1.0460809230011373e-05,120.0
FCZ,714,714,620,94,816,0.8683473389355743,0.43175487465181056,0.5767441860465117,cao2018,S09/060720_1n,all_channel,median,median__all_channel__FCZ,32,29,"[0, 1, 2, 4, 6, 7, 13, 14, 17, 18, 20, 21, 22, 23, 24, 26, 27, 28]",18,False,3.023650618191204e-05,-1.4827790445259702e-06,1.0573095075479336e-05,120.0
FT7,849,849,652,197,784,0.767962308598351,0.45403899721448465,0.5706783369803063,cao2018,S09/060720_1n,all_channel,median,median__all_channel__FT7,32,29,"[0, 1, 2, 4, 6, 7, 13, 14, 17, 18, 20, 21, 22, 23, 24, 26, 27, 28]",18,False,2.8523277070182743e-05,-1.3266836058279013e-06,9.949986892003547e-06,120.0
FC4,754,754,548,206,888,0.726790450928382,0.3816155988857939,0.5004566210045662,cao2018,S09/060720_1n,all_channel,median,median__all_channel__FC4,32,29,"[0, 1, 2, 4, 6, 7, 13, 14, 17, 18, 20, 21, 22, 23, 24, 26, 27, 28]",18,False,2.7165882017573366e-05,-1.293089635591678e-06,9.486323884388348e-06,120.0
FT8,638,638,487,151,949,0.7633228840125392,0.33913649025069637,0.46962391513982643,cao2018,S09/060720_1n,all_channel,median,median__all_channel__FT8,32,29,"[0, 1, 2, 4, 6, 7, 13, 14, 17, 18, 20, 21, 22, 23, 24, 26, 27, 28]",18,False,2.544766503798667e-05,-8.057764968004708e-07,8.75114717826238e-06,120.0
C3,590,590,455,135,981,0.7711864406779662,0.3168523676880223,0.4491609081934847,cao2018,S09/060720_1n,all_channel,median,median__all_channel__C3,32,29,"[0, 1, 2, 4, 6, 7, 13, 14, 17, 18, 20, 21, 22, 23, 24, 26, 27, 28]",18,False,2.608665580886063e-05,-1.1243938207941182e-06,9.070349876551584e-06,120.0
C4,634,634,435,199,1001,0.6861198738170347,0.30292479108635095,0.42028985507246375,cao2018,S09/060720_1n,all_channel,median,median__all_channel__C4,32,29,"[0, 1, 2, 4, 6, 7, 13, 14, 17, 18, 20, 21, 22, 23, 24, 26, 27, 28]",18,False,2.5891849052182294e-05,-1.1176671977171142e-06,9.003172083299802e-06,120.0
CZ,362,362,268,94,1168,0.7403314917127072,0.18662952646239556,0.29810901001112355,cao2018,S09/060720_1n,all_channel,median,median__all_channel__CZ,32,29,"[0, 1, 2, 4, 6, 7, 13, 14, 17, 18, 20, 21, 22, 23, 24, 26, 27, 28]",18,False,2.7624693725763366e-05,-9.015891815028686e-07,9.508760969088745e-06,120.0
CP3,335,335,238,97,1198,0.7104477611940299,0.16573816155988857,0.26877470355731226,cao2018,S09/060720_1n,all_channel,median,median__all_channel__CP3,32,29,"[0, 1, 2, 4, 6, 7, 13, 14, 17, 18, 20, 21, 22, 23, 24, 26, 27, 28]",18,False,2.170620017380543e-05,-6.872108091436749e-07,7.464470327649702e-06,120.0
T4,377,377,242,135,1194,0.6419098143236074,0.16852367688022285,0.2669608383894098,cao2018,S09/060720_1n,all_channel,median,median__all_channel__T4,32,29,"[0, 1, 2, 4, 6, 7, 13, 14, 17, 18, 20, 21, 22, 23, 24, 26, 27, 28]",18,False,2.061227258735932e-05,-3.517585731785227e-07,6.988010386845947e-06,120.0
T3,411,411,243,168,1193,0.5912408759124088,0.1692200557103064,0.2631293990254467,cao2018,S09/060720_1n,all_channel,median,median__all_channel__T3,32,29,"[0, 1, 2, 4, 6, 7, 13, 14, 17, 18, 20, 21, 22, 23, 24, 26, 27, 28]",18,False,1.985714939980107e-05,-3.730661102907703e-07,6.743405170030613e-06,120.0
CP4,320,320,187,133,1249,0.584375,0.13022284122562675,0.21298405466970388,cao2018,S09/060720_1n,all_channel,median,median__all_channel__CP4,32,29,"[0, 1, 2, 4, 6, 7, 13, 14, 17, 18, 20, 21, 22, 23, 24, 26, 27, 28]",18,False,2.3155196833278688e-05,-7.378890793611929e-07,7.96436197087996e-06,120.0
CPZ,253,253,170,83,1266,0.6719367588932806,0.11838440111420613,0.20130254588513916,cao2018,S09/060720_1n,all_channel,median,median__all_channel__CPZ,32,29,"[0, 1, 2, 4, 6, 7, 13, 14, 17, 18, 20, 21, 22, 23, 24, 26, 27, 28]",18,False,2.4008766237524115e-05,-6.640420052822157e-07,8.224269414268777e-06,120.0
T5,314,314,161,153,1275,0.5127388535031847,0.11211699164345404,0.18400000000000002,cao2018,S09/060720_1n,all_channel,median,median__all_channel__T5,32,29,"[0, 1, 2, 4, 6, 7, 13, 14, 17, 18, 20, 21, 22, 23, 24, 26, 27, 28]",18,False,1.3085307004750907e-05,-2.6839407663261227e-07,4.451233693794506e-06,120.0
TP8,273,273,138,135,1298,0.5054945054945055,0.09610027855153204,0.1614979520187244,cao2018,S09/060720_1n,all_channel,median,median__all_channel__TP8,32,29,"[0, 1, 2, 4, 6, 7, 13, 14, 17, 18, 20, 21, 22, 23, 24, 26, 27, 28]",18,False,1.5645400747189045e-05,-2.6751401674027884e-07,5.304304921309775e-06,120.0
TP7,298,298,140,158,1296,0.4697986577181208,0.09749303621169916,0.16147635524798154,cao2018,S09/060720_1n,all_channel,median,median__all_channel__TP7,32,29,"[0, 1, 2, 4, 6, 7, 13, 14, 17, 18, 20, 21, 22, 23, 24, 26, 27, 28]",18,False,1.3123561657273272e-05,-2.443333500226399e-07,4.455965002431971e-06,120.0
A1,341,341,126,215,1310,0.36950146627565983,0.08774373259052924,0.1418120427687113,cao2018,S09/060720_1n,all_channel,median,median__all_channel__A1,32,29,"[0, 1, 2, 4, 6, 7, 13, 14, 17, 18, 20, 21, 22, 23, 24, 26, 27, 28]",18,False,7.556328038040611e-06,-4.023983353717106e-08,2.5321892905259274e-06,120.0
P3,316,316,119,197,1317,0.37658227848101267,0.08286908077994429,0.1358447488584475,cao2018,S09/060720_1n,all_channel,median,median__all_channel__P3,32,29,"[0, 1, 2, 4, 6, 7, 13, 14, 17, 18, 20, 21, 22, 23, 24, 26, 27, 28]",18,False,2.3337972606427454e-05,-7.157488859827783e-07,8.017907164136744e-06,120.0
A2,311,311,111,200,1325,0.35691318327974275,0.07729805013927576,0.12707498568975387,cao2018,S09/060720_1n,all_channel,median,median__all_channel__A2,32,29,"[0, 1, 2, 4, 6, 7, 13, 14, 17, 18, 20, 21, 22, 23, 24, 26, 27, 28]",18,False,7.638279398443875e-06,4.024395926635773e-08,2.5326784797258393e-06,120.0
P4,211,211,104,107,1332,0.4928909952606635,0.07242339832869081,0.12629022465088038,cao2018,S09/060720_1n,all_channel,median,median__all_channel__P4,32,29,"[0, 1, 2, 4, 6, 7, 13, 14, 17, 18, 20, 21, 22, 23, 24, 26, 27, 28]",18,False,2.0355123149759535e-05,-4.5754701745217736e-07,6.937556722403905e-06,120.0
PZ,163,163,90,73,1346,0.5521472392638037,0.06267409470752089,0.11257035647279548,cao2018,S09/060720_1n,all_channel,median,median__all_channel__PZ,32,29,"[0, 1, 2, 4, 6, 7, 13, 14, 17, 18, 20, 21, 22, 23, 24, 26, 27, 28]",18,False,2.129908388688784e-05,-4.1325738217098103e-07,7.237447089686273e-06,120.0
T6,194,194,75,119,1361,0.3865979381443299,0.05222841225626741,0.09202453987730062,cao2018,S09/060720_1n,all_channel,median,median__all_channel__T6,32,29,"[0, 1, 2, 4, 6, 7, 13, 14, 17, 18, 20, 21, 22, 23, 24, 26, 27, 28]",18,False,1.3915048642964593e-05,-1.753456235556311e-07,4.696798088840075e-06,120.0
O2,160,160,40,120,1396,0.25,0.027855153203342618,0.05012531328320802,cao2018,S09/060720_1n,all_channel,median,median__all_channel__O2,32,29,"[0, 1, 2, 4, 6, 7, 13, 14, 17, 18, 20, 21, 22, 23, 24, 26, 27, 28]",18,False,1.0873792499820888e-05,-9.764000819223897e-08,3.6571441693377088e-06,120.0
O1,169,169,39,130,1397,0.23076923076923078,0.027158774373259052,0.048598130841121495,cao2018,S09/060720_1n,all_channel,median,median__all_channel__O1,32,29,"[0, 1, 2, 4, 6, 7, 13, 14, 17, 18, 20, 21, 22, 23, 24, 26, 27, 28]",18,False,1.1786414539803407e-05,-8.39846626605852e-08,3.956799734154664e-06,120.0
OZ,139,139,37,102,1399,0.26618705035971224,0.02576601671309192,0.04698412698412698,cao2018,S09/060720_1n,all_channel,median,median__all_channel__OZ,32,29,"[0, 1, 2, 4, 6, 7, 13, 14, 17, 18, 20, 21, 22, 23, 24, 26, 27, 28]",18,False,1.189752483083457e-05,-8.894703374916308e-08,3.995490621527911e-06,120.0
FP2,1561,1561,1401,160,35,0.8975016015374759,0.9756267409470752,0.9349349349349348,cao2018,S09/060720_1n,all_channel,mean,mean__all_channel__FP2,32,29,"[0, 1, 2, 4, 6, 7, 13, 14, 17, 18, 20, 21, 22, 23, 24, 26, 27, 28]",18,False,5.642336487708118e-05,3.9304212880008304e-08,1.8794686888067055e-05,120.0
FP1,1556,1556,1385,171,51,0.8901028277634961,0.9644846796657381,0.9258021390374332,cao2018,S09/060720_1n,all_channel,mean,mean__all_channel__FP1,32,29,"[0, 1, 2, 4, 6, 7, 13, 14, 17, 18, 20, 21, 22, 23, 24, 26, 27, 28]",18,False,6.301148282987398e-05,4.329817085023183e-08,2.098939488634125e-05,120.0
FZ,1233,1233,1107,126,329,0.8978102189781022,0.770891364902507,0.8295241663544398,cao2018,S09/060720_1n,all_channel,mean,mean__all_channel__FZ,32,29,"[0, 1, 2, 4, 6, 7, 13, 14, 17, 18, 20, 21, 22, 23, 24, 26, 27, 28]",18,False,3.717098757870682e-05,1.3291049129781598e-08,1.2385898843192346e-05,120.0
F4,1195,1195,1018,177,418,0.8518828451882845,0.7089136490250696,0.773850247054352,cao2018,S09/060720_1n,all_channel,mean,mean__all_channel__F4,32,29,"[0, 1, 2, 4, 6, 7, 13, 14, 17, 18, 20, 21, 22, 23, 24, 26, 27, 28]",18,False,3.716966703900019e-05,1.7614808814808165e-08,1.2384017410061793e-05,120.0
F7,1206,1206,1008,198,428,0.835820895522388,0.7019498607242339,0.7630582891748675,cao2018,S09/060720_1n,all_channel,mean,mean__all_channel__F7,32,29,"[0, 1, 2, 4, 6, 7, 13, 14, 17, 18, 20, 21, 22, 23, 24, 26, 27, 28]",18,False,4.380558555551307e-05,1.0851929532735382e-08,1.4598244541993446e-05,120.0
F8,1137,1137,976,161,460,0.8583992963940194,0.6796657381615598,0.7586474931986008,cao2018,S09/060720_1n,all_channel,mean,mean__all_channel__F8,32,29,"[0, 1, 2, 4, 6, 7, 13, 14, 17, 18, 20, 21, 22, 23, 24, 26, 27, 28]",18,False,3.8797668950462055e-05,1.9614490427728203e-08,1.2926018153344775e-05,120.0
F3,1033,1033,902,131,534,0.8731848983543078,0.628133704735376,0.730660186310247,cao2018,S09/060720_1n,all_channel,mean,mean__all_channel__F3,32,29,"[0, 1, 2, 4, 6, 7, 13, 14, 17, 18, 20, 21, 22, 23, 24, 26, 27, 28]",18,False,4.611710379337928e-05,1.7448410929259716e-08,1.5366551794150006e-05,120.0
FC3,835,835,699,136,737,0.837125748502994,0.48676880222841223,0.6155878467635402,cao2018,S09/060720_1n,all_channel,mean,mean__all_channel__FC3,32,29,"[0, 1, 2, 4, 6, 7, 13, 14, 17, 18, 20, 21, 22, 23, 24, 26, 27, 28]",18,False,3.1384301204493696e-05,1.8735144595808524e-09,1.0460809230011373e-05,120.0
FT7,762,762,587,175,849,0.7703412073490814,0.4087743732590529,0.5341219290263876,cao2018,S09/060720_1n,all_channel,mean,mean__all_channel__FT7,32,29,"[0, 1, 2, 4, 6, 7, 13, 14, 17, 18, 20, 21, 22, 23, 24, 26, 27, 28]",18,False,2.9858242629609933e-05,8.281953599291231e-09,9.949986892003547e-06,120.0
FCZ,612,612,535,77,901,0.8741830065359477,0.3725626740947075,0.5224609375,cao2018,S09/060720_1n,all_channel,mean,mean__all_channel__FCZ,32,29,"[0, 1, 2, 4, 6, 7, 13, 14, 17, 18, 20, 21, 22, 23, 24, 26, 27, 28]",18,False,3.172379971486348e-05,4.514488425472664e-09,1.0573095075479336e-05,120.0
FC4,682,682,487,195,949,0.7140762463343109,0.33913649025069637,0.45986779981114256,cao2018,S09/060720_1n,all_channel,mean,mean__all_channel__FC4,32,29,"[0, 1, 2, 4, 6, 7, 13, 14, 17, 18, 20, 21, 22, 23, 24, 26, 27, 28]",18,False,2.8456723750233305e-05,-2.2479029317369437e-09,9.486323884388348e-06,120.0
FT8,590,590,454,136,982,0.7694915254237288,0.3161559888579387,0.4481737413622902,cao2018,S09/060720_1n,all_channel,mean,mean__all_channel__FT8,32,29,"[0, 1, 2, 4, 6, 7, 13, 14, 17, 18, 20, 21, 22, 23, 24, 26, 27, 28]",18,False,2.6271348149753123e-05,1.790661496598419e-08,8.75114717826238e-06,120.0
C3,521,521,398,123,1038,0.763915547024952,0.27715877437325903,0.4067450178845171,cao2018,S09/060720_1n,all_channel,mean,mean__all_channel__C3,32,29,"[0, 1, 2, 4, 6, 7, 13, 14, 17, 18, 20, 21, 22, 23, 24, 26, 27, 28]",18,False,2.7211561562315984e-05,5.119326612322256e-10,9.070349876551584e-06,120.0
C4,559,559,379,180,1057,0.6779964221824687,0.2639275766016713,0.3799498746867168,cao2018,S09/060720_1n,all_channel,mean,mean__all_channel__C4,32,29,"[0, 1, 2, 4, 6, 7, 13, 14, 17, 18, 20, 21, 22, 23, 24, 26, 27, 28]",18,False,2.7008202081144773e-05,-1.3141687546347488e-09,9.003172083299802e-06,120.0
T4,359,359,231,128,1205,0.6434540389972145,0.16086350974930363,0.25738161559888584,cao2018,S09/060720_1n,all_channel,mean,mean__all_channel__T4,32,29,"[0, 1, 2, 4, 6, 7, 13, 14, 17, 18, 20, 21, 22, 23, 24, 26, 27, 28]",18,False,2.097868822226796e-05,1.4657061730117428e-08,6.988010386845947e-06,120.0
CZ,317,317,225,92,1211,0.7097791798107256,0.15668523676880222,0.2567027952082145,cao2018,S09/060720_1n,all_channel,mean,mean__all_channel__CZ,32,29,"[0, 1, 2, 4, 6, 7, 13, 14, 17, 18, 20, 21, 22, 23, 24, 26, 27, 28]",18,False,2.8528765125880522e-05,2.482218614286821e-09,9.508760969088745e-06,120.0
T3,394,394,231,163,1205,0.5862944162436549,0.16086350974930363,0.25245901639344265,cao2018,S09/060720_1n,all_channel,mean,mean__all_channel__T3,32,29,"[0, 1, 2, 4, 6, 7, 13, 14, 17, 18, 20, 21, 22, 23, 24, 26, 27, 28]",18,False,2.023588156234233e-05,5.666052250490613e-09,6.743405170030613e-06,120.0
CP3,299,299,211,88,1225,0.705685618729097,0.1469359331476323,0.24322766570605187,cao2018,S09/060720_1n,all_channel,mean,mean__all_channel__CP3,32,29,"[0, 1, 2, 4, 6, 7, 13, 14, 17, 18, 20, 21, 22, 23, 24, 26, 27, 28]",18,False,2.239450909482601e-05,1.0981118769045075e-09,7.464470327649702e-06,120.0
CP4,282,282,159,123,1277,0.5638297872340425,0.1107242339832869,0.1850989522700815,cao2018,S09/060720_1n,all_channel,mean,mean__all_channel__CP4,32,29,"[0, 1, 2, 4, 6, 7, 13, 14, 17, 18, 20, 21, 22, 23, 24, 26, 27, 28]",18,False,2.389519466354996e-05,2.1087509100799572e-09,7.96436197087996e-06,120.0
CPZ,224,224,149,75,1287,0.6651785714285714,0.10376044568245125,0.17951807228915664,cao2018,S09/060720_1n,all_channel,mean,mean__all_channel__CPZ,32,29,"[0, 1, 2, 4, 6, 7, 13, 14, 17, 18, 20, 21, 22, 23, 24, 26, 27, 28]",18,False,2.4673359169567178e-05,5.509267608468748e-10,8.224269414268777e-06,120.0
T5,282,282,147,135,1289,0.5212765957446809,0.10236768802228412,0.17112922002328287,cao2018,S09/060720_1n,all_channel,mean,mean__all_channel__T5,32,29,"[0, 1, 2, 4, 6, 7, 13, 14, 17, 18, 20, 21, 22, 23, 24, 26, 27, 28]",18,False,1.3355893027517728e-05,2.1919461342100656e-09,4.451233693794506e-06,120.0
TP7,270,270,128,142,1308,0.4740740740740741,0.08913649025069638,0.1500586166471278,cao2018,S09/060720_1n,all_channel,mean,mean__all_channel__TP7,32,29,"[0, 1, 2, 4, 6, 7, 13, 14, 17, 18, 20, 21, 22, 23, 24, 26, 27, 28]",18,False,1.337016862943605e-05,2.27362214013755e-09,4.455965002431971e-06,120.0
TP8,262,262,126,136,1310,0.48091603053435117,0.08774373259052924,0.14840989399293286,cao2018,S09/060720_1n,all_channel,mean,mean__all_channel__TP8,32,29,"[0, 1, 2, 4, 6, 7, 13, 14, 17, 18, 20, 21, 22, 23, 24, 26, 27, 28]",18,False,1.5918500222667683e-05,5.585458738358865e-09,5.304304921309775e-06,120.0
A1,336,336,123,213,1313,0.36607142857142855,0.08565459610027855,0.13882618510158012,cao2018,S09/060720_1n,all_channel,mean,mean__all_channel__A1,32,29,"[0, 1, 2, 4, 6, 7, 13, 14, 17, 18, 20, 21, 22, 23, 24, 26, 27, 28]",18,False,7.595541689112847e-06,-1.0261824649356226e-09,2.5321892905259274e-06,120.0
A2,314,314,112,202,1324,0.35668789808917195,0.07799442896935933,0.128,cao2018,S09/060720_1n,all_channel,mean,mean__all_channel__A2,32,29,"[0, 1, 2, 4, 6, 7, 13, 14, 17, 18, 20, 21, 22, 23, 24, 26, 27, 28]",18,False,7.599058080985755e-06,1.0226418082370392e-09,2.5326784797258393e-06,120.0
P3,277,277,104,173,1332,0.37545126353790614,0.07242339832869081,0.12142440163455925,cao2018,S09/060720_1n,all_channel,mean,mean__all_channel__P3,32,29,"[0, 1, 2, 4, 6, 7, 13, 14, 17, 18, 20, 21, 22, 23, 24, 26, 27, 28]",18,False,2.4054264077279765e-05,5.425848695338809e-10,8.017907164136744e-06,120.0
P4,197,197,96,101,1340,0.4873096446700508,0.06685236768802229,0.11757501530924679,cao2018,S09/060720_1n,all_channel,mean,mean__all_channel__P4,32,29,"[0, 1, 2, 4, 6, 7, 13, 14, 17, 18, 20, 21, 22, 23, 24, 26, 27, 28]",18,False,2.0815950631181046e-05,3.2804639693346918e-09,6.937556722403905e-06,120.0
PZ,149,149,76,73,1360,0.5100671140939598,0.052924791086350974,0.09589905362776026,cao2018,S09/060720_1n,all_channel,mean,mean__all_channel__PZ,32,29,"[0, 1, 2, 4, 6, 7, 13, 14, 17, 18, 20, 21, 22, 23, 24, 26, 27, 28]",18,False,2.1714511999074118e-05,2.1707300152978543e-09,7.237447089686273e-06,120.0
T6,188,188,73,115,1363,0.3882978723404255,0.05083565459610028,0.08990147783251232,cao2018,S09/060720_1n,all_channel,mean,mean__all_channel__T6,32,29,"[0, 1, 2, 4, 6, 7, 13, 14, 17, 18, 20, 21, 22, 23, 24, 26, 27, 28]",18,False,1.4093727467370382e-05,3.3332008501576766e-09,4.696798088840075e-06,120.0
O2,156,156,38,118,1398,0.24358974358974358,0.026462395543175487,0.047738693467336675,cao2018,S09/060720_1n,all_channel,mean,mean__all_channel__O2,32,29,"[0, 1, 2, 4, 6, 7, 13, 14, 17, 18, 20, 21, 22, 23, 24, 26, 27, 28]",18,False,1.0973810310165363e-05,2.3778021522356823e-09,3.6571441693377088e-06,120.0
OZ,134,134,36,98,1400,0.26865671641791045,0.025069637883008356,0.045859872611464965,cao2018,S09/060720_1n,all_channel,mean,mean__all_channel__OZ,32,29,"[0, 1, 2, 4, 6, 7, 13, 14, 17, 18, 20, 21, 22, 23, 24, 26, 27, 28]",18,False,1.1989199732437051e-05,2.72786785331761e-09,3.995490621527911e-06,120.0
O1,163,163,35,128,1401,0.2147239263803681,0.02437325905292479,0.043777360850531584,cao2018,S09/060720_1n,all_channel,mean,mean__all_channel__O1,32,29,"[0, 1, 2, 4, 6, 7, 13, 14, 17, 18, 20, 21, 22, 23, 24, 26, 27, 28]",18,False,1.1874666291809585e-05,4.267089345591407e-09,3.956799734154664e-06,120.0
FP2,1626,1626,1415,211,21,0.8702337023370234,0.9853760445682451,0.9242325277596342,cao2018,S09/060720_1n,frontal,median,median__frontal__FP2,4,29,"[0, 1, 2, 4, 6, 7, 14, 17, 18, 20, 21, 22, 23, 24, 26, 27, 28]",17,False,5.0101940959950474e-05,-7.321668081372103e-06,1.9141203013774193e-05,120.0
FP1,1620,1620,1403,217,33,0.8660493827160494,0.9770194986072424,0.9181937172774869,cao2018,S09/060720_1n,frontal,median,median__frontal__FP1,4,29,"[0, 1, 2, 4, 6, 7, 14, 17, 18, 20, 21, 22, 23, 24, 26, 27, 28]",17,False,5.641995625481687e-05,-8.051369053242184e-06,2.1490441769353018e-05,120.0
F4,1290,1290,1105,185,331,0.8565891472868217,0.7694986072423399,0.810711665443874,cao2018,S09/060720_1n,frontal,median,median__frontal__F4,4,29,"[0, 1, 2, 4, 6, 7, 14, 17, 18, 20, 21, 22, 23, 24, 26, 27, 28]",17,False,3.475670585069001e-05,-2.723266702285464e-06,1.2493324184325157e-05,120.0
F3,1119,1119,982,137,454,0.8775692582663092,0.6838440111420613,0.7686888454011742,cao2018,S09/060720_1n,frontal,median,median__frontal__F3,4,29,"[0, 1, 2, 4, 6, 7, 14, 17, 18, 20, 21, 22, 23, 24, 26, 27, 28]",17,False,4.376569795594056e-05,-3.492219157888983e-06,1.575263903794318e-05,120.0
FP2,1552,1552,1398,154,38,0.9007731958762887,0.9735376044568245,0.9357429718875503,cao2018,S09/060720_1n,frontal,mean,mean__frontal__FP2,4,29,"[0, 1, 2, 4, 6, 7, 14, 17, 18, 20, 21, 22, 23, 24, 26, 27, 28]",17,False,5.746021033621561e-05,3.660129489303247e-08,1.9141203013774193e-05,120.0
FP1,1540,1540,1377,163,59,0.8941558441558441,0.9589136490250696,0.9254032258064515,cao2018,S09/060720_1n,frontal,mean,mean__frontal__FP1,4,29,"[0, 1, 2, 4, 6, 7, 14, 17, 18, 20, 21, 22, 23, 24, 26, 27, 28]",17,False,6.451203840015741e-05,4.07130920983538e-08,2.1490441769353018e-05,120.0
F4,1179,1179,1006,173,430,0.8532654792196777,0.7005571030640668,0.7694072657743785,cao2018,S09/060720_1n,frontal,mean,mean__frontal__F4,4,29,"[0, 1, 2, 4, 6, 7, 14, 17, 18, 20, 21, 22, 23, 24, 26, 27, 28]",17,False,3.7497718664302646e-05,1.7746111327167983e-08,1.2493324184325157e-05,120.0
F3,994,994,868,126,568,0.8732394366197183,0.6044568245125348,0.7144032921810699,cao2018,S09/060720_1n,frontal,mean,mean__frontal__F3,4,29,"[0, 1, 2, 4, 6, 7, 14, 17, 18, 20, 21, 22, 23, 24, 26, 27, 28]",17,False,4.727498650983638e-05,1.7069396006842242e-08,1.575263903794318e-05,120.0
FP1,1620,1620,1403,217,33,0.8660493827160494,0.9770194986072424,0.9181937172774869,cao2018,S09/060720_1n,frontal_left,median,median__frontal_left__FP1,2,29,"[0, 1, 2, 4, 6, 7, 14, 17, 18, 20, 21, 22, 23, 24, 26, 27, 28]",17,False,5.641995625481687e-05,-8.051369053242184e-06,2.1490441769353018e-05,120.0
F3,1119,1119,982,137,454,0.8775692582663092,0.6838440111420613,0.7686888454011742,cao2018,S09/060720_1n,frontal_left,median,median__frontal_left__F3,2,29,"[0, 1, 2, 4, 6, 7, 14, 17, 18, 20, 21, 22, 23, 24, 26, 27, 28]",17,False,4.376569795594056e-05,-3.492219157888983e-06,1.575263903794318e-05,120.0
FP1,1540,1540,1377,163,59,0.8941558441558441,0.9589136490250696,0.9254032258064515,cao2018,S09/060720_1n,frontal_left,mean,mean__frontal_left__FP1,2,29,"[0, 1, 2, 4, 6, 7, 14, 17, 18, 20, 21, 22, 23, 24, 26, 27, 28]",17,False,6.451203840015741e-05,4.07130920983538e-08,2.1490441769353018e-05,120.0
F3,994,994,868,126,568,0.8732394366197183,0.6044568245125348,0.7144032921810699,cao2018,S09/060720_1n,frontal_left,mean,mean__frontal_left__F3,2,29,"[0, 1, 2, 4, 6, 7, 14, 17, 18, 20, 21, 22, 23, 24, 26, 27, 28]",17,False,4.727498650983638e-05,1.7069396006842242e-08,1.575263903794318e-05,120.0
FP2,1718,1718,1425,293,11,0.829452852153667,0.9923398328690808,0.9036144578313253,cao2018,S09/060720_1n,frontal_right,median,median__frontal_right__FP2,2,29,"[2, 4]",2,False,4.371042906061597e-05,-9.825623614707496e-06,1.7845350891774488e-05,120.0
F4,1208,1208,1030,178,406,0.8526490066225165,0.7172701949860725,0.7791225416036309,cao2018,S09/060720_1n,frontal_right,median,median__frontal_right__F4,2,29,"[2, 4]",2,False,3.690703204308688e-05,-3.7484870080750802e-06,1.3551839683720653e-05,120.0
FP2,1589,1589,1406,183,30,0.8848332284455632,0.979108635097493,0.9295867768595041,cao2018,S09/060720_1n,frontal_right,mean,mean__frontal_right__FP2,2,29,"[2, 4]",2,False,5.3573372974676484e-05,3.7320299353021944e-08,1.7845350891774488e-05,120.0
F4,1022,1022,888,134,548,0.8688845401174168,0.6183844011142061,0.7225386493083807,cao2018,S09/060720_1n,frontal_right,mean,mean__frontal_right__F4,2,29,"[2, 4]",2,False,4.0722091526130175e-05,6.657247496821423e-08,1.3551839683720653e-05,120.0
