channel,raw_candidate_count,mapped_candidate_count,tp,fp,fn,precision,recall,f1,dataset,session,selection,center_method,condition,n_channels_used,n_valid,flagged_valid_epoch_indices,n_flagged,used_all_epochs,blink_region_threshold,threshold_center,threshold_dispersion,epoch_duration_s
FP2,1387,1387,964,423,123,0.6950252343186734,0.8868445262189513,0.7793047696038804,cao2018,S12/060710_1m,all_channel,median,median__all_channel__FP2,32,423,"[0, 1, 2, 3, 4, 6, 7, 8, 9, 10, 11, 13, 15, 16, 17, 18, 19, 20, 21, 22, 24, 25, 26, 27, 28, 29, 30, 31, 32, 33, 34, 35, 36, 37, 38, 39, 41, 42, 43, 44, 45, 46, 48, 49, 50, 51, 52, 53, 54, 55, 56, 57, 58, 59, 60, 61, 62, 64, 65, 66, 69, 70, 71, 72, 73, 74, 75, 77, 78, 79, 80, 81, 82, 83, 84, 85, 86, 87, 88, 89, 90, 91, 92, 93, 94, 95, 97, 98, 99, 100, 102, 104, 105, 106, 107, 108, 109, 110, 111, 112, 113, 114, 115, 116, 117, 118, 119, 120, 121, 122, 123, 124, 125, 126, 128, 129, 130, 131, 132, 133, 135, 136, 137, 138, 139, 140, 141, 142, 143, 144, 146, 147, 149, 152, 153, 156, 157, 158, 159, 160, 161, 163, 165, 167, 168, 169, 170, 171, 172, 173, 174, 175, 176, 177, 178, 179, 180, 181, 182, 183, 185, 186, 187, 188, 189, 190, 191, 192, 193, 194, 196, 197, 198, 199, 200, 201, 203, 204, 205, 206, 208, 209, 210, 211, 212, 213, 219, 220, 221, 223, 225, 226, 228, 235, 237, 238, 239, 240, 242, 243, 247, 248, 249, 250, 251, 252, 253, 254, 255, 256, 257, 258, 259, 260, 261, 264, 266, 267, 268, 269, 270, 271, 272, 274, 275, 278, 279, 281, 284, 285, 286, 287, 289, 291, 294, 295, 296, 297, 298, 299, 300, 302, 304, 305, 307, 308, 309, 310, 312, 313, 314, 315, 316, 317, 319, 320, 321, 322, 323, 324, 326, 327, 330, 331, 332, 334, 335, 336, 343, 344, 345, 346, 348, 349, 351, 354, 357, 363, 364, 367, 373, 379, 381, 382, 384, 385, 386, 387, 388, 389, 395, 396, 397, 398, 399, 400, 401, 402, 403, 404, 405, 406, 407, 408, 409, 410, 411, 415, 418, 419, 420, 422]",312,False,6.430243734012387e-05,-3.90934775755981e-06,2.2737261699227893e-05,10.0
FP1,1411,1411,970,441,117,0.6874557051736357,0.8923643054277829,0.7766212970376302,cao2018,S12/060710_1m,all_channel,median,median__all_channel__FP1,32,423,"[0, 1, 2, 3, 4, 6, 7, 8, 9, 10, 11, 13, 15, 16, 17, 18, 19, 20, 21, 22, 24, 25, 26, 27, 28, 29, 30, 31, 32, 33, 34, 35, 36, 37, 38, 39, 41, 42, 43, 44, 45, 46, 48, 49, 50, 51, 52, 53, 54, 55, 56, 57, 58, 59, 60, 61, 62, 64, 65, 66, 69, 70, 71, 72, 73, 74, 75, 77, 78, 79, 80, 81, 82, 83, 84, 85, 86, 87, 88, 89, 90, 91, 92, 93, 94, 95, 97, 98, 99, 100, 102, 104, 105, 106, 107, 108, 109, 110, 111, 112, 113, 114, 115, 116, 117, 118, 119, 120, 121, 122, 123, 124, 125, 126, 128, 129, 130, 131, 132, 133, 135, 136, 137, 138, 139, 140, 141, 142, 143, 144, 146, 147, 149, 152, 153, 156, 157, 158, 159, 160, 161, 163, 165, 167, 168, 169, 170, 171, 172, 173, 174, 175, 176, 177, 178, 179, 180, 181, 182, 183, 185, 186, 187, 188, 189, 190, 191, 192, 193, 194, 196, 197, 198, 199, 200, 201, 203, 204, 205, 206, 208, 209, 210, 211, 212, 213, 219, 220, 221, 223, 225, 226, 228, 235, 237, 238, 239, 240, 242, 243, 247, 248, 249, 250, 251, 252, 253, 254, 255, 256, 257, 258, 259, 260, 261, 264, 266, 267, 268, 269, 270, 271, 272, 274, 275, 278, 279, 281, 284, 285, 286, 287, 289, 291, 294, 295, 296, 297, 298, 299, 300, 302, 304, 305, 307, 308, 309, 310, 312, 313, 314, 315, 316, 317, 319, 320, 321, 322, 323, 324, 326, 327, 330, 331, 332, 334, 335, 336, 343, 344, 345, 346, 348, 349, 351, 354, 357, 363, 364, 367, 373, 379, 381, 382, 384, 385, 386, 387, 388, 389, 395, 396, 397, 398, 399, 400, 401, 402, 403, 404, 405, 406, 407, 408, 409, 410, 411, 415, 418, 419, 420, 422]",312,False,6.81182384639387e-05,-4.1919241479457835e-06,2.4103387537294826e-05,10.0
FZ,672,672,494,178,593,0.7351190476190477,0.45446182152713893,0.5616827743035816,cao2018,S12/060710_1m,all_channel,median,median__all_channel__FZ,32,423,"[0, 1, 2, 3, 4, 6, 7, 8, 9, 10, 11, 13, 15, 16, 17, 18, 19, 20, 21, 22, 24, 25, 26, 27, 28, 29, 30, 31, 32, 33, 34, 35, 36, 37, 38, 39, 41, 42, 43, 44, 45, 46, 48, 49, 50, 51, 52, 53, 54, 55, 56, 57, 58, 59, 60, 61, 62, 64, 65, 66, 69, 70, 71, 72, 73, 74, 75, 77, 78, 79, 80, 81, 82, 83, 84, 85, 86, 87, 88, 89, 90, 91, 92, 93, 94, 95, 97, 98, 99, 100, 102, 104, 105, 106, 107, 108, 109, 110, 111, 112, 113, 114, 115, 116, 117, 118, 119, 120, 121, 122, 123, 124, 125, 126, 128, 129, 130, 131, 132, 133, 135, 136, 137, 138, 139, 140, 141, 142, 143, 144, 146, 147, 149, 152, 153, 156, 157, 158, 159, 160, 161, 163, 165, 167, 168, 169, 170, 171, 172, 173, 174, 175, 176, 177, 178, 179, 180, 181, 182, 183, 185, 186, 187, 188, 189, 190, 191, 192, 193, 194, 196, 197, 198, 199, 200, 201, 203, 204, 205, 206, 208, 209, 210, 211, 212, 213, 219, 220, 221, 223, 225, 226, 228, 235, 237, 238, 239, 240, 242, 243, 247, 248, 249, 250, 251, 252, 253, 254, 255, 256, 257, 258, 259, 260, 261, 264, 266, 267, 268, 269, 270, 271, 272, 274, 275, 278, 279, 281, 284, 285, 286, 287, 289, 291, 294, 295, 296, 297, 298, 299, 300, 302, 304, 305, 307, 308, 309, 310, 312, 313, 314, 315, 316, 317, 319, 320, 321, 322, 323, 324, 326, 327, 330, 331, 332, 334, 335, 336, 343, 344, 345, 346, 348, 349, 351, 354, 357, 363, 364, 367, 373, 379, 381, 382, 384, 385, 386, 387, 388, 389, 395, 396, 397, 398, 399, 400, 401, 402, 403, 404, 405, 406, 407, 408, 409, 410, 411, 415, 418, 419, 420, 422]",312,False,4.098076416483687e-05,-1.604486461152544e-06,1.419508354199647e-05,10.0
F4,654,654,482,172,605,0.7370030581039755,0.44342226310947563,0.5537047673750719,cao2018,S12/060710_1m,all_channel,median,median__all_channel__F4,32,423,"[0, 1, 2, 3, 4, 6, 7, 8, 9, 10, 11, 13, 15, 16, 17, 18, 19, 20, 21, 22, 24, 25, 26, 27, 28, 29, 30, 31, 32, 33, 34, 35, 36, 37, 38, 39, 41, 42, 43, 44, 45, 46, 48, 49, 50, 51, 52, 53, 54, 55, 56, 57, 58, 59, 60, 61, 62, 64, 65, 66, 69, 70, 71, 72, 73, 74, 75, 77, 78, 79, 80, 81, 82, 83, 84, 85, 86, 87, 88, 89, 90, 91, 92, 93, 94, 95, 97, 98, 99, 100, 102, 104, 105, 106, 107, 108, 109, 110, 111, 112, 113, 114, 115, 116, 117, 118, 119, 120, 121, 122, 123, 124, 125, 126, 128, 129, 130, 131, 132, 133, 135, 136, 137, 138, 139, 140, 141, 142, 143, 144, 146, 147, 149, 152, 153, 156, 157, 158, 159, 160, 161, 163, 165, 167, 168, 169, 170, 171, 172, 173, 174, 175, 176, 177, 178, 179, 180, 181, 182, 183, 185, 186, 187, 188, 189, 190, 191, 192, 193, 194, 196, 197, 198, 199, 200, 201, 203, 204, 205, 206, 208, 209, 210, 211, 212, 213, 219, 220, 221, 223, 225, 226, 228, 235, 237, 238, 239, 240, 242, 243, 247, 248, 249, 250, 251, 252, 253, 254, 255, 256, 257, 258, 259, 260, 261, 264, 266, 267, 268, 269, 270, 271, 272, 274, 275, 278, 279, 281, 284, 285, 286, 287, 289, 291, 294, 295, 296, 297, 298, 299, 300, 302, 304, 305, 307, 308, 309, 310, 312, 313, 314, 315, 316, 317, 319, 320, 321, 322, 323, 324, 326, 327, 330, 331, 332, 334, 335, 336, 343, 344, 345, 346, 348, 349, 351, 354, 357, 363, 364, 367, 373, 379, 381, 382, 384, 385, 386, 387, 388, 389, 395, 396, 397, 398, 399, 400, 401, 402, 403, 404, 405, 406, 407, 408, 409, 410, 411, 415, 418, 419, 420, 422]",312,False,4.566952698118372e-05,-1.6213236345234405e-06,1.5763616871902387e-05,10.0
F8,523,523,427,96,660,0.8164435946462715,0.39282428702851885,0.5304347826086957,cao2018,S12/060710_1m,all_channel,median,median__all_channel__F8,32,423,"[0, 1, 2, 3, 4, 6, 7, 8, 9, 10, 11, 13, 15, 16, 17, 18, 19, 20, 21, 22, 24, 25, 26, 27, 28, 29, 30, 31, 32, 33, 34, 35, 36, 37, 38, 39, 41, 42, 43, 44, 45, 46, 48, 49, 50, 51, 52, 53, 54, 55, 56, 57, 58, 59, 60, 61, 62, 64, 65, 66, 69, 70, 71, 72, 73, 74, 75, 77, 78, 79, 80, 81, 82, 83, 84, 85, 86, 87, 88, 89, 90, 91, 92, 93, 94, 95, 97, 98, 99, 100, 102, 104, 105, 106, 107, 108, 109, 110, 111, 112, 113, 114, 115, 116, 117, 118, 119, 120, 121, 122, 123, 124, 125, 126, 128, 129, 130, 131, 132, 133, 135, 136, 137, 138, 139, 140, 141, 142, 143, 144, 146, 147, 149, 152, 153, 156, 157, 158, 159, 160, 161, 163, 165, 167, 168, 169, 170, 171, 172, 173, 174, 175, 176, 177, 178, 179, 180, 181, 182, 183, 185, 186, 187, 188, 189, 190, 191, 192, 193, 194, 196, 197, 198, 199, 200, 201, 203, 204, 205, 206, 208, 209, 210, 211, 212, 213, 219, 220, 221, 223, 225, 226, 228, 235, 237, 238, 239, 240, 242, 243, 247, 248, 249, 250, 251, 252, 253, 254, 255, 256, 257, 258, 259, 260, 261, 264, 266, 267, 268, 269, 270, 271, 272, 274, 275, 278, 279, 281, 284, 285, 286, 287, 289, 291, 294, 295, 296, 297, 298, 299, 300, 302, 304, 305, 307, 308, 309, 310, 312, 313, 314, 315, 316, 317, 319, 320, 321, 322, 323, 324, 326, 327, 330, 331, 332, 334, 335, 336, 343, 344, 345, 346, 348, 349, 351, 354, 357, 363, 364, 367, 373, 379, 381, 382, 384, 385, 386, 387, 388, 389, 395, 396, 397, 398, 399, 400, 401, 402, 403, 404, 405, 406, 407, 408, 409, 410, 411, 415, 418, 419, 420, 422]",312,False,5.086961597617715e-05,-1.2780417574653934e-06,1.738255257788085e-05,10.0
F3,666,666,458,208,629,0.6876876876876877,0.42134314627414904,0.5225328009127211,cao2018,S12/060710_1m,all_channel,median,median__all_channel__F3,32,423,"[0, 1, 2, 3, 4, 6, 7, 8, 9, 10, 11, 13, 15, 16, 17, 18, 19, 20, 21, 22, 24, 25, 26, 27, 28, 29, 30, 31, 32, 33, 34, 35, 36, 37, 38, 39, 41, 42, 43, 44, 45, 46, 48, 49, 50, 51, 52, 53, 54, 55, 56, 57, 58, 59, 60, 61, 62, 64, 65, 66, 69, 70, 71, 72, 73, 74, 75, 77, 78, 79, 80, 81, 82, 83, 84, 85, 86, 87, 88, 89, 90, 91, 92, 93, 94, 95, 97, 98, 99, 100, 102, 104, 105, 106, 107, 108, 109, 110, 111, 112, 113, 114, 115, 116, 117, 118, 119, 120, 121, 122, 123, 124, 125, 126, 128, 129, 130, 131, 132, 133, 135, 136, 137, 138, 139, 140, 141, 142, 143, 144, 146, 147, 149, 152, 153, 156, 157, 158, 159, 160, 161, 163, 165, 167, 168, 169, 170, 171, 172, 173, 174, 175, 176, 177, 178, 179, 180, 181, 182, 183, 185, 186, 187, 188, 189, 190, 191, 192, 193, 194, 196, 197, 198, 199, 200, 201, 203, 204, 205, 206, 208, 209, 210, 211, 212, 213, 219, 220, 221, 223, 225, 226, 228, 235, 237, 238, 239, 240, 242, 243, 247, 248, 249, 250, 251, 252, 253, 254, 255, 256, 257, 258, 259, 260, 261, 264, 266, 267, 268, 269, 270, 271, 272, 274, 275, 278, 279, 281, 284, 285, 286, 287, 289, 291, 294, 295, 296, 297, 298, 299, 300, 302, 304, 305, 307, 308, 309, 310, 312, 313, 314, 315, 316, 317, 319, 320, 321, 322, 323, 324, 326, 327, 330, 331, 332, 334, 335, 336, 343, 344, 345, 346, 348, 349, 351, 354, 357, 363, 364, 367, 373, 379, 381, 382, 384, 385, 386, 387, 388, 389, 395, 396, 397, 398, 399, 400, 401, 402, 403, 404, 405, 406, 407, 408, 409, 410, 411, 415, 418, 419, 420, 422]",312,False,4.385952108829052e-05,-1.4184033140071517e-06,1.5092641467432556e-05,10.0
F7,579,579,371,208,716,0.6407599309153713,0.34130634774609014,0.4453781512605042,cao2018,S12/060710_1m,all_channel,median,median__all_channel__F7,32,423,"[0, 1, 2, 3, 4, 6, 7, 8, 9, 10, 11, 13, 15, 16, 17, 18, 19, 20, 21, 22, 24, 25, 26, 27, 28, 29, 30, 31, 32, 33, 34, 35, 36, 37, 38, 39, 41, 42, 43, 44, 45, 46, 48, 49, 50, 51, 52, 53, 54, 55, 56, 57, 58, 59, 60, 61, 62, 64, 65, 66, 69, 70, 71, 72, 73, 74, 75, 77, 78, 79, 80, 81, 82, 83, 84, 85, 86, 87, 88, 89, 90, 91, 92, 93, 94, 95, 97, 98, 99, 100, 102, 104, 105, 106, 107, 108, 109, 110, 111, 112, 113, 114, 115, 116, 117, 118, 119, 120, 121, 122, 123, 124, 125, 126, 128, 129, 130, 131, 132, 133, 135, 136, 137, 138, 139, 140, 141, 142, 143, 144, 146, 147, 149, 152, 153, 156, 157, 158, 159, 160, 161, 163, 165, 167, 168, 169, 170, 171, 172, 173, 174, 175, 176, 177, 178, 179, 180, 181, 182, 183, 185, 186, 187, 188, 189, 190, 191, 192, 193, 194, 196, 197, 198, 199, 200, 201, 203, 204, 205, 206, 208, 209, 210, 211, 212, 213, 219, 220, 221, 223, 225, 226, 228, 235, 237, 238, 239, 240, 242, 243, 247, 248, 249, 250, 251, 252, 253, 254, 255, 256, 257, 258, 259, 260, 261, 264, 266, 267, 268, 269, 270, 271, 272, 274, 275, 278, 279, 281, 284, 285, 286, 287, 289, 291, 294, 295, 296, 297, 298, 299, 300, 302, 304, 305, 307, 308, 309, 310, 312, 313, 314, 315, 316, 317, 319, 320, 321, 322, 323, 324, 326, 327, 330, 331, 332, 334, 335, 336, 343, 344, 345, 346, 348, 349, 351, 354, 357, 363, 364, 367, 373, 379, 381, 382, 384, 385, 386, 387, 388, 389, 395, 396, 397, 398, 399, 400, 401, 402, 403, 404, 405, 406, 407, 408, 409, 410, 411, 415, 418, 419, 420, 422]",312,False,5.1913411287304164e-05,-1.538381311862743e-06,1.7817264199722303e-05,10.0
FC3,360,360,249,111,838,0.6916666666666667,0.22907083716651333,0.3441603317208016,cao2018,S12/060710_1m,all_channel,median,median__all_channel__FC3,32,423,"[0, 1, 2, 3, 4, 6, 7, 8, 9, 10, 11, 13, 15, 16, 17, 18, 19, 20, 21, 22, 24, 25, 26, 27, 28, 29, 30, 31, 32, 33, 34, 35, 36, 37, 38, 39, 41, 42, 43, 44, 45, 46, 48, 49, 50, 51, 52, 53, 54, 55, 56, 57, 58, 59, 60, 61, 62, 64, 65, 66, 69, 70, 71, 72, 73, 74, 75, 77, 78, 79, 80, 81, 82, 83, 84, 85, 86, 87, 88, 89, 90, 91, 92, 93, 94, 95, 97, 98, 99, 100, 102, 104, 105, 106, 107, 108, 109, 110, 111, 112, 113, 114, 115, 116, 117, 118, 119, 120, 121, 122, 123, 124, 125, 126, 128, 129, 130, 131, 132, 133, 135, 136, 137, 138, 139, 140, 141, 142, 143, 144, 146, 147, 149, 152, 153, 156, 157, 158, 159, 160, 161, 163, 165, 167, 168, 169, 170, 171, 172, 173, 174, 175, 176, 177, 178, 179, 180, 181, 182, 183, 185, 186, 187, 188, 189, 190, 191, 192, 193, 194, 196, 197, 198, 199, 200, 201, 203, 204, 205, 206, 208, 209, 210, 211, 212, 213, 219, 220, 221, 223, 225, 226, 228, 235, 237, 238, 239, 240, 242, 243, 247, 248, 249, 250, 251, 252, 253, 254, 255, 256, 257, 258, 259, 260, 261, 264, 266, 267, 268, 269, 270, 271, 272, 274, 275, 278, 279, 281, 284, 285, 286, 287, 289, 291, 294, 295, 296, 297, 298, 299, 300, 302, 304, 305, 307, 308, 309, 310, 312, 313, 314, 315, 316, 317, 319, 320, 321, 322, 323, 324, 326, 327, 330, 331, 332, 334, 335, 336, 343, 344, 345, 346, 348, 349, 351, 354, 357, 363, 364, 367, 373, 379, 381, 382, 384, 385, 386, 387, 388, 389, 395, 396, 397, 398, 399, 400, 401, 402, 403, 404, 405, 406, 407, 408, 409, 410, 411, 415, 418, 419, 420, 422]",312,False,3.662640489484161e-05,-9.594379494017905e-07,1.2528614281414468e-05,10.0
FC4,279,279,224,55,863,0.8028673835125448,0.20607175712971482,0.3279648609077599,cao2018,S12/060710_1m,all_channel,median,median__all_channel__FC4,32,423,"[0, 1, 2, 3, 4, 6, 7, 8, 9, 10, 11, 13, 15, 16, 17, 18, 19, 20, 21, 22, 24, 25, 26, 27, 28, 29, 30, 31, 32, 33, 34, 35, 36, 37, 38, 39, 41, 42, 43, 44, 45, 46, 48, 49, 50, 51, 52, 53, 54, 55, 56, 57, 58, 59, 60, 61, 62, 64, 65, 66, 69, 70, 71, 72, 73, 74, 75, 77, 78, 79, 80, 81, 82, 83, 84, 85, 86, 87, 88, 89, 90, 91, 92, 93, 94, 95, 97, 98, 99, 100, 102, 104, 105, 106, 107, 108, 109, 110, 111, 112, 113, 114, 115, 116, 117, 118, 119, 120, 121, 122, 123, 124, 125, 126, 128, 129, 130, 131, 132, 133, 135, 136, 137, 138, 139, 140, 141, 142, 143, 144, 146, 147, 149, 152, 153, 156, 157, 158, 159, 160, 161, 163, 165, 167, 168, 169, 170, 171, 172, 173, 174, 175, 176, 177, 178, 179, 180, 181, 182, 183, 185, 186, 187, 188, 189, 190, 191, 192, 193, 194, 196, 197, 198, 199, 200, 201, 203, 204, 205, 206, 208, 209, 210, 211, 212, 213, 219, 220, 221, 223, 225, 226, 228, 235, 237, 238, 239, 240, 242, 243, 247, 248, 249, 250, 251, 252, 253, 254, 255, 256, 257, 258, 259, 260, 261, 264, 266, 267, 268, 269, 270, 271, 272, 274, 275, 278, 279, 281, 284, 285, 286, 287, 289, 291, 294, 295, 296, 297, 298, 299, 300, 302, 304, 305, 307, 308, 309, 310, 312, 313, 314, 315, 316, 317, 319, 320, 321, 322, 323, 324, 326, 327, 330, 331, 332, 334, 335, 336, 343, 344, 345, 346, 348, 349, 351, 354, 357, 363, 364, 367, 373, 379, 381, 382, 384, 385, 386, 387, 388, 389, 395, 396, 397, 398, 399, 400, 401, 402, 403, 404, 405, 406, 407, 408, 409, 410, 411, 415, 418, 419, 420, 422]",312,False,3.643996852006595e-05,-9.188181473814794e-07,1.2452928889149142e-05,10.0
FCZ,208,208,148,60,939,0.7115384615384616,0.13615455381784727,0.22857142857142856,cao2018,S12/060710_1m,all_channel,median,median__all_channel__FCZ,32,423,"[0, 1, 2, 3, 4, 6, 7, 8, 9, 10, 11, 13, 15, 16, 17, 18, 19, 20, 21, 22, 24, 25, 26, 27, 28, 29, 30, 31, 32, 33, 34, 35, 36, 37, 38, 39, 41, 42, 43, 44, 45, 46, 48, 49, 50, 51, 52, 53, 54, 55, 56, 57, 58, 59, 60, 61, 62, 64, 65, 66, 69, 70, 71, 72, 73, 74, 75, 77, 78, 79, 80, 81, 82, 83, 84, 85, 86, 87, 88, 89, 90, 91, 92, 93, 94, 95, 97, 98, 99, 100, 102, 104, 105, 106, 107, 108, 109, 110, 111, 112, 113, 114, 115, 116, 117, 118, 119, 120, 121, 122, 123, 124, 125, 126, 128, 129, 130, 131, 132, 133, 135, 136, 137, 138, 139, 140, 141, 142, 143, 144, 146, 147, 149, 152, 153, 156, 157, 158, 159, 160, 161, 163, 165, 167, 168, 169, 170, 171, 172, 173, 174, 175, 176, 177, 178, 179, 180, 181, 182, 183, 185, 186, 187, 188, 189, 190, 191, 192, 193, 194, 196, 197, 198, 199, 200, 201, 203, 204, 205, 206, 208, 209, 210, 211, 212, 213, 219, 220, 221, 223, 225, 226, 228, 235, 237, 238, 239, 240, 242, 243, 247, 248, 249, 250, 251, 252, 253, 254, 255, 256, 257, 258, 259, 260, 261, 264, 266, 267, 268, 269, 270, 271, 272, 274, 275, 278, 279, 281, 284, 285, 286, 287, 289, 291, 294, 295, 296, 297, 298, 299, 300, 302, 304, 305, 307, 308, 309, 310, 312, 313, 314, 315, 316, 317, 319, 320, 321, 322, 323, 324, 326, 327, 330, 331, 332, 334, 335, 336, 343, 344, 345, 346, 348, 349, 351, 354, 357, 363, 364, 367, 373, 379, 381, 382, 384, 385, 386, 387, 388, 389, 395, 396, 397, 398, 399, 400, 401, 402, 403, 404, 405, 406, 407, 408, 409, 410, 411, 415, 418, 419, 420, 422]",312,False,3.723065290928007e-05,-8.98244721921965e-07,1.2709632543734012e-05,10.0
FT8,196,196,123,73,964,0.6275510204081632,0.11315547378104876,0.19173811379579112,cao2018,S12/060710_1m,all_channel,median,median__all_channel__FT8,32,423,"[0, 1, 2, 3, 4, 6, 7, 8, 9, 10, 11, 13, 15, 16, 17, 18, 19, 20, 21, 22, 24, 25, 26, 27, 28, 29, 30, 31, 32, 33, 34, 35, 36, 37, 38, 39, 41, 42, 43, 44, 45, 46, 48, 49, 50, 51, 52, 53, 54, 55, 56, 57, 58, 59, 60, 61, 62, 64, 65, 66, 69, 70, 71, 72, 73, 74, 75, 77, 78, 79, 80, 81, 82, 83, 84, 85, 86, 87, 88, 89, 90, 91, 92, 93, 94, 95, 97, 98, 99, 100, 102, 104, 105, 106, 107, 108, 109, 110, 111, 112, 113, 114, 115, 116, 117, 118, 119, 120, 121, 122, 123, 124, 125, 126, 128, 129, 130, 131, 132, 133, 135, 136, 137, 138, 139, 140, 141, 142, 143, 144, 146, 147, 149, 152, 153, 156, 157, 158, 159, 160, 161, 163, 165, 167, 168, 169, 170, 171, 172, 173, 174, 175, 176, 177, 178, 179, 180, 181, 182, 183, 185, 186, 187, 188, 189, 190, 191, 192, 193, 194, 196, 197, 198, 199, 200, 201, 203, 204, 205, 206, 208, 209, 210, 211, 212, 213, 219, 220, 221, 223, 225, 226, 228, 235, 237, 238, 239, 240, 242, 243, 247, 248, 249, 250, 251, 252, 253, 254, 255, 256, 257, 258, 259, 260, 261, 264, 266, 267, 268, 269, 270, 271, 272, 274, 275, 278, 279, 281, 284, 285, 286, 287, 289, 291, 294, 295, 296, 297, 298, 299, 300, 302, 304, 305, 307, 308, 309, 310, 312, 313, 314, 315, 316, 317, 319, 320, 321, 322, 323, 324, 326, 327, 330, 331, 332, 334, 335, 336, 343, 344, 345, 346, 348, 349, 351, 354, 357, 363, 364, 367, 373, 379, 381, 382, 384, 385, 386, 387, 388, 389, 395, 396, 397, 398, 399, 400, 401, 402, 403, 404, 405, 406, 407, 408, 409, 410, 411, 415, 418, 419, 420, 422]",312,False,3.6270987595670984e-05,-3.740049711359489e-07,1.2214997522268978e-05,10.0
C3,179,179,115,64,972,0.6424581005586593,0.10579576816927323,0.18167456556082148,cao2018,S12/060710_1m,all_channel,median,median__all_channel__C3,32,423,"[0, 1, 2, 3, 4, 6, 7, 8, 9, 10, 11, 13, 15, 16, 17, 18, 19, 20, 21, 22, 24, 25, 26, 27, 28, 29, 30, 31, 32, 33, 34, 35, 36, 37, 38, 39, 41, 42, 43, 44, 45, 46, 48, 49, 50, 51, 52, 53, 54, 55, 56, 57, 58, 59, 60, 61, 62, 64, 65, 66, 69, 70, 71, 72, 73, 74, 75, 77, 78, 79, 80, 81, 82, 83, 84, 85, 86, 87, 88, 89, 90, 91, 92, 93, 94, 95, 97, 98, 99, 100, 102, 104, 105, 106, 107, 108, 109, 110, 111, 112, 113, 114, 115, 116, 117, 118, 119, 120, 121, 122, 123, 124, 125, 126, 128, 129, 130, 131, 132, 133, 135, 136, 137, 138, 139, 140, 141, 142, 143, 144, 146, 147, 149, 152, 153, 156, 157, 158, 159, 160, 161, 163, 165, 167, 168, 169, 170, 171, 172, 173, 174, 175, 176, 177, 178, 179, 180, 181, 182, 183, 185, 186, 187, 188, 189, 190, 191, 192, 193, 194, 196, 197, 198, 199, 200, 201, 203, 204, 205, 206, 208, 209, 210, 211, 212, 213, 219, 220, 221, 223, 225, 226, 228, 235, 237, 238, 239, 240, 242, 243, 247, 248, 249, 250, 251, 252, 253, 254, 255, 256, 257, 258, 259, 260, 261, 264, 266, 267, 268, 269, 270, 271, 272, 274, 275, 278, 279, 281, 284, 285, 286, 287, 289, 291, 294, 295, 296, 297, 298, 299, 300, 302, 304, 305, 307, 308, 309, 310, 312, 313, 314, 315, 316, 317, 319, 320, 321, 322, 323, 324, 326, 327, 330, 331, 332, 334, 335, 336, 343, 344, 345, 346, 348, 349, 351, 354, 357, 363, 364, 367, 373, 379, 381, 382, 384, 385, 386, 387, 388, 389, 395, 396, 397, 398, 399, 400, 401, 402, 403, 404, 405, 406, 407, 408, 409, 410, 411, 415, 418, 419, 420, 422]",312,False,3.131247521224426e-05,-6.623644849144732e-07,1.0658279899052912e-05,10.0
FT7,236,236,108,128,979,0.4576271186440678,0.09935602575896964,0.16326530612244897,cao2018,S12/060710_1m,all_channel,median,median__all_channel__FT7,32,423,"[0, 1, 2, 3, 4, 6, 7, 8, 9, 10, 11, 13, 15, 16, 17, 18, 19, 20, 21, 22, 24, 25, 26, 27, 28, 29, 30, 31, 32, 33, 34, 35, 36, 37, 38, 39, 41, 42, 43, 44, 45, 46, 48, 49, 50, 51, 52, 53, 54, 55, 56, 57, 58, 59, 60, 61, 62, 64, 65, 66, 69, 70, 71, 72, 73, 74, 75, 77, 78, 79, 80, 81, 82, 83, 84, 85, 86, 87, 88, 89, 90, 91, 92, 93, 94, 95, 97, 98, 99, 100, 102, 104, 105, 106, 107, 108, 109, 110, 111, 112, 113, 114, 115, 116, 117, 118, 119, 120, 121, 122, 123, 124, 125, 126, 128, 129, 130, 131, 132, 133, 135, 136, 137, 138, 139, 140, 141, 142, 143, 144, 146, 147, 149, 152, 153, 156, 157, 158, 159, 160, 161, 163, 165, 167, 168, 169, 170, 171, 172, 173, 174, 175, 176, 177, 178, 179, 180, 181, 182, 183, 185, 186, 187, 188, 189, 190, 191, 192, 193, 194, 196, 197, 198, 199, 200, 201, 203, 204, 205, 206, 208, 209, 210, 211, 212, 213, 219, 220, 221, 223, 225, 226, 228, 235, 237, 238, 239, 240, 242, 243, 247, 248, 249, 250, 251, 252, 253, 254, 255, 256, 257, 258, 259, 260, 261, 264, 266, 267, 268, 269, 270, 271, 272, 274, 275, 278, 279, 281, 284, 285, 286, 287, 289, 291, 294, 295, 296, 297, 298, 299, 300, 302, 304, 305, 307, 308, 309, 310, 312, 313, 314, 315, 316, 317, 319, 320, 321, 322, 323, 324, 326, 327, 330, 331, 332, 334, 335, 336, 343, 344, 345, 346, 348, 349, 351, 354, 357, 363, 364, 367, 373, 379, 381, 382, 384, 385, 386, 387, 388, 389, 395, 396, 397, 398, 399, 400, 401, 402, 403, 404, 405, 406, 407, 408, 409, 410, 411, 415, 418, 419, 420, 422]",312,False,3.655615945141954e-05,-4.860106068075803e-07,1.2347390019409042e-05,10.0
C4,149,149,94,55,993,0.6308724832214765,0.08647654093836246,0.15210355987055016,cao2018,S12/060710_1m,all_channel,median,median__all_channel__C4,32,423,"[0, 1, 2, 3, 4, 6, 7, 8, 9, 10, 11, 13, 15, 16, 17, 18, 19, 20, 21, 22, 24, 25, 26, 27, 28, 29, 30, 31, 32, 33, 34, 35, 36, 37, 38, 39, 41, 42, 43, 44, 45, 46, 48, 49, 50, 51, 52, 53, 54, 55, 56, 57, 58, 59, 60, 61, 62, 64, 65, 66, 69, 70, 71, 72, 73, 74, 75, 77, 78, 79, 80, 81, 82, 83, 84, 85, 86, 87, 88, 89, 90, 91, 92, 93, 94, 95, 97, 98, 99, 100, 102, 104, 105, 106, 107, 108, 109, 110, 111, 112, 113, 114, 115, 116, 117, 118, 119, 120, 121, 122, 123, 124, 125, 126, 128, 129, 130, 131, 132, 133, 135, 136, 137, 138, 139, 140, 141, 142, 143, 144, 146, 147, 149, 152, 153, 156, 157, 158, 159, 160, 161, 163, 165, 167, 168, 169, 170, 171, 172, 173, 174, 175, 176, 177, 178, 179, 180, 181, 182, 183, 185, 186, 187, 188, 189, 190, 191, 192, 193, 194, 196, 197, 198, 199, 200, 201, 203, 204, 205, 206, 208, 209, 210, 211, 212, 213, 219, 220, 221, 223, 225, 226, 228, 235, 237, 238, 239, 240, 242, 243, 247, 248, 249, 250, 251, 252, 253, 254, 255, 256, 257, 258, 259, 260, 261, 264, 266, 267, 268, 269, 270, 271, 272, 274, 275, 278, 279, 281, 284, 285, 286, 287, 289, 291, 294, 295, 296, 297, 298, 299, 300, 302, 304, 305, 307, 308, 309, 310, 312, 313, 314, 315, 316, 317, 319, 320, 321, 322, 323, 324, 326, 327, 330, 331, 332, 334, 335, 336, 343, 344, 345, 346, 348, 349, 351, 354, 357, 363, 364, 367, 373, 379, 381, 382, 384, 385, 386, 387, 388, 389, 395, 396, 397, 398, 399, 400, 401, 402, 403, 404, 405, 406, 407, 408, 409, 410, 411, 415, 418, 419, 420, 422]",312,False,3.212066455924626e-05,-6.217205073653324e-07,1.0914128355537198e-05,10.0
CP4,80,80,47,33,1040,0.5875,0.04323827046918123,0.08054841473864609,cao2018,S12/060710_1m,all_channel,median,median__all_channel__CP4,32,423,"[0, 1, 2, 3, 4, 6, 7, 8, 9, 10, 11, 13, 15, 16, 17, 18, 19, 20, 21, 22, 24, 25, 26, 27, 28, 29, 30, 31, 32, 33, 34, 35, 36, 37, 38, 39, 41, 42, 43, 44, 45, 46, 48, 49, 50, 51, 52, 53, 54, 55, 56, 57, 58, 59, 60, 61, 62, 64, 65, 66, 69, 70, 71, 72, 73, 74, 75, 77, 78, 79, 80, 81, 82, 83, 84, 85, 86, 87, 88, 89, 90, 91, 92, 93, 94, 95, 97, 98, 99, 100, 102, 104, 105, 106, 107, 108, 109, 110, 111, 112, 113, 114, 115, 116, 117, 118, 119, 120, 121, 122, 123, 124, 125, 126, 128, 129, 130, 131, 132, 133, 135, 136, 137, 138, 139, 140, 141, 142, 143, 144, 146, 147, 149, 152, 153, 156, 157, 158, 159, 160, 161, 163, 165, 167, 168, 169, 170, 171, 172, 173, 174, 175, 176, 177, 178, 179, 180, 181, 182, 183, 185, 186, 187, 188, 189, 190, 191, 192, 193, 194, 196, 197, 198, 199, 200, 201, 203, 204, 205, 206, 208, 209, 210, 211, 212, 213, 219, 220, 221, 223, 225, 226, 228, 235, 237, 238, 239, 240, 242, 243, 247, 248, 249, 250, 251, 252, 253, 254, 255, 256, 257, 258, 259, 260, 261, 264, 266, 267, 268, 269, 270, 271, 272, 274, 275, 278, 279, 281, 284, 285, 286, 287, 289, 291, 294, 295, 296, 297, 298, 299, 300, 302, 304, 305, 307, 308, 309, 310, 312, 313, 314, 315, 316, 317, 319, 320, 321, 322, 323, 324, 326, 327, 330, 331, 332, 334, 335, 336, 343, 344, 345, 346, 348, 349, 351, 354, 357, 363, 364, 367, 373, 379, 381, 382, 384, 385, 386, 387, 388, 389, 395, 396, 397, 398, 399, 400, 401, 402, 403, 404, 405, 406, 407, 408, 409, 410, 411, 415, 418, 419, 420, 422]",312,False,2.9175530726058788e-05,-3.8406450837816443e-07,9.853198411478984e-06,10.0
CZ,91,91,45,46,1042,0.4945054945054945,0.04139834406623735,0.07640067911714771,cao2018,S12/060710_1m,all_channel,median,median__all_channel__CZ,32,423,"[0, 1, 2, 3, 4, 6, 7, 8, 9, 10, 11, 13, 15, 16, 17, 18, 19, 20, 21, 22, 24, 25, 26, 27, 28, 29, 30, 31, 32, 33, 34, 35, 36, 37, 38, 39, 41, 42, 43, 44, 45, 46, 48, 49, 50, 51, 52, 53, 54, 55, 56, 57, 58, 59, 60, 61, 62, 64, 65, 66, 69, 70, 71, 72, 73, 74, 75, 77, 78, 79, 80, 81, 82, 83, 84, 85, 86, 87, 88, 89, 90, 91, 92, 93, 94, 95, 97, 98, 99, 100, 102, 104, 105, 106, 107, 108, 109, 110, 111, 112, 113, 114, 115, 116, 117, 118, 119, 120, 121, 122, 123, 124, 125, 126, 128, 129, 130, 131, 132, 133, 135, 136, 137, 138, 139, 140, 141, 142, 143, 144, 146, 147, 149, 152, 153, 156, 157, 158, 159, 160, 161, 163, 165, 167, 168, 169, 170, 171, 172, 173, 174, 175, 176, 177, 178, 179, 180, 181, 182, 183, 185, 186, 187, 188, 189, 190, 191, 192, 193, 194, 196, 197, 198, 199, 200, 201, 203, 204, 205, 206, 208, 209, 210, 211, 212, 213, 219, 220, 221, 223, 225, 226, 228, 235, 237, 238, 239, 240, 242, 243, 247, 248, 249, 250, 251, 252, 253, 254, 255, 256, 257, 258, 259, 260, 261, 264, 266, 267, 268, 269, 270, 271, 272, 274, 275, 278, 279, 281, 284, 285, 286, 287, 289, 291, 294, 295, 296, 297, 298, 299, 300, 302, 304, 305, 307, 308, 309, 310, 312, 313, 314, 315, 316, 317, 319, 320, 321, 322, 323, 324, 326, 327, 330, 331, 332, 334, 335, 336, 343, 344, 345, 346, 348, 349, 351, 354, 357, 363, 364, 367, 373, 379, 381, 382, 384, 385, 386, 387, 388, 389, 395, 396, 397, 398, 399, 400, 401, 402, 403, 404, 405, 406, 407, 408, 409, 410, 411, 415, 418, 419, 420, 422]",312,False,3.396380290420216e-05,-5.638366438641088e-07,1.1509213182688758e-05,10.0
T3,134,134,46,88,1041,0.34328358208955223,0.04231830726770929,0.07534807534807535,cao2018,S12/060710_1m,all_channel,median,median__all_channel__T3,32,423,"[0, 1, 2, 3, 4, 6, 7, 8, 9, 10, 11, 13, 15, 16, 17, 18, 19, 20, 21, 22, 24, 25, 26, 27, 28, 29, 30, 31, 32, 33, 34, 35, 36, 37, 38, 39, 41, 42, 43, 44, 45, 46, 48, 49, 50, 51, 52, 53, 54, 55, 56, 57, 58, 59, 60, 61, 62, 64, 65, 66, 69, 70, 71, 72, 73, 74, 75, 77, 78, 79, 80, 81, 82, 83, 84, 85, 86, 87, 88, 89, 90, 91, 92, 93, 94, 95, 97, 98, 99, 100, 102, 104, 105, 106, 107, 108, 109, 110, 111, 112, 113, 114, 115, 116, 117, 118, 119, 120, 121, 122, 123, 124, 125, 126, 128, 129, 130, 131, 132, 133, 135, 136, 137, 138, 139, 140, 141, 142, 143, 144, 146, 147, 149, 152, 153, 156, 157, 158, 159, 160, 161, 163, 165, 167, 168, 169, 170, 171, 172, 173, 174, 175, 176, 177, 178, 179, 180, 181, 182, 183, 185, 186, 187, 188, 189, 190, 191, 192, 193, 194, 196, 197, 198, 199, 200, 201, 203, 204, 205, 206, 208, 209, 210, 211, 212, 213, 219, 220, 221, 223, 225, 226, 228, 235, 237, 238, 239, 240, 242, 243, 247, 248, 249, 250, 251, 252, 253, 254, 255, 256, 257, 258, 259, 260, 261, 264, 266, 267, 268, 269, 270, 271, 272, 274, 275, 278, 279, 281, 284, 285, 286, 287, 289, 291, 294, 295, 296, 297, 298, 299, 300, 302, 304, 305, 307, 308, 309, 310, 312, 313, 314, 315, 316, 317, 319, 320, 321, 322, 323, 324, 326, 327, 330, 331, 332, 334, 335, 336, 343, 344, 345, 346, 348, 349, 351, 354, 357, 363, 364, 367, 373, 379, 381, 382, 384, 385, 386, 387, 388, 389, 395, 396, 397, 398, 399, 400, 401, 402, 403, 404, 405, 406, 407, 408, 409, 410, 411, 415, 418, 419, 420, 422]",312,False,3.164542170597477e-05,1.4165381534581123e-07,1.0501255963542986e-05,10.0
CP3,85,85,43,42,1044,0.5058823529411764,0.03955841766329347,0.07337883959044368,cao2018,S12/060710_1m,all_channel,median,median__all_channel__CP3,32,423,"[0, 1, 2, 3, 4, 6, 7, 8, 9, 10, 11, 13, 15, 16, 17, 18, 19, 20, 21, 22, 24, 25, 26, 27, 28, 29, 30, 31, 32, 33, 34, 35, 36, 37, 38, 39, 41, 42, 43, 44, 45, 46, 48, 49, 50, 51, 52, 53, 54, 55, 56, 57, 58, 59, 60, 61, 62, 64, 65, 66, 69, 70, 71, 72, 73, 74, 75, 77, 78, 79, 80, 81, 82, 83, 84, 85, 86, 87, 88, 89, 90, 91, 92, 93, 94, 95, 97, 98, 99, 100, 102, 104, 105, 106, 107, 108, 109, 110, 111, 112, 113, 114, 115, 116, 117, 118, 119, 120, 121, 122, 123, 124, 125, 126, 128, 129, 130, 131, 132, 133, 135, 136, 137, 138, 139, 140, 141, 142, 143, 144, 146, 147, 149, 152, 153, 156, 157, 158, 159, 160, 161, 163, 165, 167, 168, 169, 170, 171, 172, 173, 174, 175, 176, 177, 178, 179, 180, 181, 182, 183, 185, 186, 187, 188, 189, 190, 191, 192, 193, 194, 196, 197, 198, 199, 200, 201, 203, 204, 205, 206, 208, 209, 210, 211, 212, 213, 219, 220, 221, 223, 225, 226, 228, 235, 237, 238, 239, 240, 242, 243, 247, 248, 249, 250, 251, 252, 253, 254, 255, 256, 257, 258, 259, 260, 261, 264, 266, 267, 268, 269, 270, 271, 272, 274, 275, 278, 279, 281, 284, 285, 286, 287, 289, 291, 294, 295, 296, 297, 298, 299, 300, 302, 304, 305, 307, 308, 309, 310, 312, 313, 314, 315, 316, 317, 319, 320, 321, 322, 323, 324, 326, 327, 330, 331, 332, 334, 335, 336, 343, 344, 345, 346, 348, 349, 351, 354, 357, 363, 364, 367, 373, 379, 381, 382, 384, 385, 386, 387, 388, 389, 395, 396, 397, 398, 399, 400, 401, 402, 403, 404, 405, 406, 407, 408, 409, 410, 411, 415, 418, 419, 420, 422]",312,False,2.801984980577058e-05,-3.815670651922976e-07,9.467138956987626e-06,10.0
T4,188,188,43,145,1044,0.22872340425531915,0.03955841766329347,0.06745098039215686,cao2018,S12/060710_1m,all_channel,median,median__all_channel__T4,32,423,"[0, 1, 2, 3, 4, 6, 7, 8, 9, 10, 11, 13, 15, 16, 17, 18, 19, 20, 21, 22, 24, 25, 26, 27, 28, 29, 30, 31, 32, 33, 34, 35, 36, 37, 38, 39, 41, 42, 43, 44, 45, 46, 48, 49, 50, 51, 52, 53, 54, 55, 56, 57, 58, 59, 60, 61, 62, 64, 65, 66, 69, 70, 71, 72, 73, 74, 75, 77, 78, 79, 80, 81, 82, 83, 84, 85, 86, 87, 88, 89, 90, 91, 92, 93, 94, 95, 97, 98, 99, 100, 102, 104, 105, 106, 107, 108, 109, 110, 111, 112, 113, 114, 115, 116, 117, 118, 119, 120, 121, 122, 123, 124, 125, 126, 128, 129, 130, 131, 132, 133, 135, 136, 137, 138, 139, 140, 141, 142, 143, 144, 146, 147, 149, 152, 153, 156, 157, 158, 159, 160, 161, 163, 165, 167, 168, 169, 170, 171, 172, 173, 174, 175, 176, 177, 178, 179, 180, 181, 182, 183, 185, 186, 187, 188, 189, 190, 191, 192, 193, 194, 196, 197, 198, 199, 200, 201, 203, 204, 205, 206, 208, 209, 210, 211, 212, 213, 219, 220, 221, 223, 225, 226, 228, 235, 237, 238, 239, 240, 242, 243, 247, 248, 249, 250, 251, 252, 253, 254, 255, 256, 257, 258, 259, 260, 261, 264, 266, 267, 268, 269, 270, 271, 272, 274, 275, 278, 279, 281, 284, 285, 286, 287, 289, 291, 294, 295, 296, 297, 298, 299, 300, 302, 304, 305, 307, 308, 309, 310, 312, 313, 314, 315, 316, 317, 319, 320, 321, 322, 323, 324, 326, 327, 330, 331, 332, 334, 335, 336, 343, 344, 345, 346, 348, 349, 351, 354, 357, 363, 364, 367, 373, 379, 381, 382, 384, 385, 386, 387, 388, 389, 395, 396, 397, 398, 399, 400, 401, 402, 403, 404, 405, 406, 407, 408, 409, 410, 411, 415, 418, 419, 420, 422]",312,False,3.648047727860464e-05,2.74291931381196e-07,1.2068728449074482e-05,10.0
P3,278,278,44,234,1043,0.15827338129496402,0.040478380864765406,0.06446886446886446,cao2018,S12/060710_1m,all_channel,median,median__all_channel__P3,32,423,"[0, 1, 2, 3, 4, 6, 7, 8, 9, 10, 11, 13, 15, 16, 17, 18, 19, 20, 21, 22, 24, 25, 26, 27, 28, 29, 30, 31, 32, 33, 34, 35, 36, 37, 38, 39, 41, 42, 43, 44, 45, 46, 48, 49, 50, 51, 52, 53, 54, 55, 56, 57, 58, 59, 60, 61, 62, 64, 65, 66, 69, 70, 71, 72, 73, 74, 75, 77, 78, 79, 80, 81, 82, 83, 84, 85, 86, 87, 88, 89, 90, 91, 92, 93, 94, 95, 97, 98, 99, 100, 102, 104, 105, 106, 107, 108, 109, 110, 111, 112, 113, 114, 115, 116, 117, 118, 119, 120, 121, 122, 123, 124, 125, 126, 128, 129, 130, 131, 132, 133, 135, 136, 137, 138, 139, 140, 141, 142, 143, 144, 146, 147, 149, 152, 153, 156, 157, 158, 159, 160, 161, 163, 165, 167, 168, 169, 170, 171, 172, 173, 174, 175, 176, 177, 178, 179, 180, 181, 182, 183, 185, 186, 187, 188, 189, 190, 191, 192, 193, 194, 196, 197, 198, 199, 200, 201, 203, 204, 205, 206, 208, 209, 210, 211, 212, 213, 219, 220, 221, 223, 225, 226, 228, 235, 237, 238, 239, 240, 242, 243, 247, 248, 249, 250, 251, 252, 253, 254, 255, 256, 257, 258, 259, 260, 261, 264, 266, 267, 268, 269, 270, 271, 272, 274, 275, 278, 279, 281, 284, 285, 286, 287, 289, 291, 294, 295, 296, 297, 298, 299, 300, 302, 304, 305, 307, 308, 309, 310, 312, 313, 314, 315, 316, 317, 319, 320, 321, 322, 323, 324, 326, 327, 330, 331, 332, 334, 335, 336, 343, 344, 345, 346, 348, 349, 351, 354, 357, 363, 364, 367, 373, 379, 381, 382, 384, 385, 386, 387, 388, 389, 395, 396, 397, 398, 399, 400, 401, 402, 403, 404, 405, 406, 407, 408, 409, 410, 411, 415, 418, 419, 420, 422]",312,False,3.1737330358955345e-05,-4.373500761484642e-07,1.0724893478367937e-05,10.0
P4,144,144,29,115,1058,0.2013888888888889,0.02667893284268629,0.0471161657189277,cao2018,S12/060710_1m,all_channel,median,median__all_channel__P4,32,423,"[0, 1, 2, 3, 4, 6, 7, 8, 9, 10, 11, 13, 15, 16, 17, 18, 19, 20, 21, 22, 24, 25, 26, 27, 28, 29, 30, 31, 32, 33, 34, 35, 36, 37, 38, 39, 41, 42, 43, 44, 45, 46, 48, 49, 50, 51, 52, 53, 54, 55, 56, 57, 58, 59, 60, 61, 62, 64, 65, 66, 69, 70, 71, 72, 73, 74, 75, 77, 78, 79, 80, 81, 82, 83, 84, 85, 86, 87, 88, 89, 90, 91, 92, 93, 94, 95, 97, 98, 99, 100, 102, 104, 105, 106, 107, 108, 109, 110, 111, 112, 113, 114, 115, 116, 117, 118, 119, 120, 121, 122, 123, 124, 125, 126, 128, 129, 130, 131, 132, 133, 135, 136, 137, 138, 139, 140, 141, 142, 143, 144, 146, 147, 149, 152, 153, 156, 157, 158, 159, 160, 161, 163, 165, 167, 168, 169, 170, 171, 172, 173, 174, 175, 176, 177, 178, 179, 180, 181, 182, 183, 185, 186, 187, 188, 189, 190, 191, 192, 193, 194, 196, 197, 198, 199, 200, 201, 203, 204, 205, 206, 208, 209, 210, 211, 212, 213, 219, 220, 221, 223, 225, 226, 228, 235, 237, 238, 239, 240, 242, 243, 247, 248, 249, 250, 251, 252, 253, 254, 255, 256, 257, 258, 259, 260, 261, 264, 266, 267, 268, 269, 270, 271, 272, 274, 275, 278, 279, 281, 284, 285, 286, 287, 289, 291, 294, 295, 296, 297, 298, 299, 300, 302, 304, 305, 307, 308, 309, 310, 312, 313, 314, 315, 316, 317, 319, 320, 321, 322, 323, 324, 326, 327, 330, 331, 332, 334, 335, 336, 343, 344, 345, 346, 348, 349, 351, 354, 357, 363, 364, 367, 373, 379, 381, 382, 384, 385, 386, 387, 388, 389, 395, 396, 397, 398, 399, 400, 401, 402, 403, 404, 405, 406, 407, 408, 409, 410, 411, 415, 418, 419, 420, 422]",312,False,3.336776062276058e-05,-4.4761271765035955e-07,1.1271791113470312e-05,10.0
O1,217,217,29,188,1058,0.1336405529953917,0.02667893284268629,0.04447852760736196,cao2018,S12/060710_1m,all_channel,median,median__all_channel__O1,32,423,"[0, 1, 2, 3, 4, 6, 7, 8, 9, 10, 11, 13, 15, 16, 17, 18, 19, 20, 21, 22, 24, 25, 26, 27, 28, 29, 30, 31, 32, 33, 34, 35, 36, 37, 38, 39, 41, 42, 43, 44, 45, 46, 48, 49, 50, 51, 52, 53, 54, 55, 56, 57, 58, 59, 60, 61, 62, 64, 65, 66, 69, 70, 71, 72, 73, 74, 75, 77, 78, 79, 80, 81, 82, 83, 84, 85, 86, 87, 88, 89, 90, 91, 92, 93, 94, 95, 97, 98, 99, 100, 102, 104, 105, 106, 107, 108, 109, 110, 111, 112, 113, 114, 115, 116, 117, 118, 119, 120, 121, 122, 123, 124, 125, 126, 128, 129, 130, 131, 132, 133, 135, 136, 137, 138, 139, 140, 141, 142, 143, 144, 146, 147, 149, 152, 153, 156, 157, 158, 159, 160, 161, 163, 165, 167, 168, 169, 170, 171, 172, 173, 174, 175, 176, 177, 178, 179, 180, 181, 182, 183, 185, 186, 187, 188, 189, 190, 191, 192, 193, 194, 196, 197, 198, 199, 200, 201, 203, 204, 205, 206, 208, 209, 210, 211, 212, 213, 219, 220, 221, 223, 225, 226, 228, 235, 237, 238, 239, 240, 242, 243, 247, 248, 249, 250, 251, 252, 253, 254, 255, 256, 257, 258, 259, 260, 261, 264, 266, 267, 268, 269, 270, 271, 272, 274, 275, 278, 279, 281, 284, 285, 286, 287, 289, 291, 294, 295, 296, 297, 298, 299, 300, 302, 304, 305, 307, 308, 309, 310, 312, 313, 314, 315, 316, 317, 319, 320, 321, 322, 323, 324, 326, 327, 330, 331, 332, 334, 335, 336, 343, 344, 345, 346, 348, 349, 351, 354, 357, 363, 364, 367, 373, 379, 381, 382, 384, 385, 386, 387, 388, 389, 395, 396, 397, 398, 399, 400, 401, 402, 403, 404, 405, 406, 407, 408, 409, 410, 411, 415, 418, 419, 420, 422]",312,False,2.4845801000868325e-05,3.1719473786232663e-07,8.176202087668666e-06,10.0
CPZ,46,46,24,22,1063,0.5217391304347826,0.02207911683532659,0.04236540158870256,cao2018,S12/060710_1m,all_channel,median,median__all_channel__CPZ,32,423,"[0, 1, 2, 3, 4, 6, 7, 8, 9, 10, 11, 13, 15, 16, 17, 18, 19, 20, 21, 22, 24, 25, 26, 27, 28, 29, 30, 31, 32, 33, 34, 35, 36, 37, 38, 39, 41, 42, 43, 44, 45, 46, 48, 49, 50, 51, 52, 53, 54, 55, 56, 57, 58, 59, 60, 61, 62, 64, 65, 66, 69, 70, 71, 72, 73, 74, 75, 77, 78, 79, 80, 81, 82, 83, 84, 85, 86, 87, 88, 89, 90, 91, 92, 93, 94, 95, 97, 98, 99, 100, 102, 104, 105, 106, 107, 108, 109, 110, 111, 112, 113, 114, 115, 116, 117, 118, 119, 120, 121, 122, 123, 124, 125, 126, 128, 129, 130, 131, 132, 133, 135, 136, 137, 138, 139, 140, 141, 142, 143, 144, 146, 147, 149, 152, 153, 156, 157, 158, 159, 160, 161, 163, 165, 167, 168, 169, 170, 171, 172, 173, 174, 175, 176, 177, 178, 179, 180, 181, 182, 183, 185, 186, 187, 188, 189, 190, 191, 192, 193, 194, 196, 197, 198, 199, 200, 201, 203, 204, 205, 206, 208, 209, 210, 211, 212, 213, 219, 220, 221, 223, 225, 226, 228, 235, 237, 238, 239, 240, 242, 243, 247, 248, 249, 250, 251, 252, 253, 254, 255, 256, 257, 258, 259, 260, 261, 264, 266, 267, 268, 269, 270, 271, 272, 274, 275, 278, 279, 281, 284, 285, 286, 287, 289, 291, 294, 295, 296, 297, 298, 299, 300, 302, 304, 305, 307, 308, 309, 310, 312, 313, 314, 315, 316, 317, 319, 320, 321, 322, 323, 324, 326, 327, 330, 331, 332, 334, 335, 336, 343, 344, 345, 346, 348, 349, 351, 354, 357, 363, 364, 367, 373, 379, 381, 382, 384, 385, 386, 387, 388, 389, 395, 396, 397, 398, 399, 400, 401, 402, 403, 404, 405, 406, 407, 408, 409, 410, 411, 415, 418, 419, 420, 422]",312,False,3.0237819550101874e-05,-3.4379143962454605e-07,1.0193870329908806e-05,10.0
TP8,105,105,25,80,1062,0.23809523809523808,0.022999080036798528,0.04194630872483222,cao2018,S12/060710_1m,all_channel,median,median__all_channel__TP8,32,423,"[0, 1, 2, 3, 4, 6, 7, 8, 9, 10, 11, 13, 15, 16, 17, 18, 19, 20, 21, 22, 24, 25, 26, 27, 28, 29, 30, 31, 32, 33, 34, 35, 36, 37, 38, 39, 41, 42, 43, 44, 45, 46, 48, 49, 50, 51, 52, 53, 54, 55, 56, 57, 58, 59, 60, 61, 62, 64, 65, 66, 69, 70, 71, 72, 73, 74, 75, 77, 78, 79, 80, 81, 82, 83, 84, 85, 86, 87, 88, 89, 90, 91, 92, 93, 94, 95, 97, 98, 99, 100, 102, 104, 105, 106, 107, 108, 109, 110, 111, 112, 113, 114, 115, 116, 117, 118, 119, 120, 121, 122, 123, 124, 125, 126, 128, 129, 130, 131, 132, 133, 135, 136, 137, 138, 139, 140, 141, 142, 143, 144, 146, 147, 149, 152, 153, 156, 157, 158, 159, 160, 161, 163, 165, 167, 168, 169, 170, 171, 172, 173, 174, 175, 176, 177, 178, 179, 180, 181, 182, 183, 185, 186, 187, 188, 189, 190, 191, 192, 193, 194, 196, 197, 198, 199, 200, 201, 203, 204, 205, 206, 208, 209, 210, 211, 212, 213, 219, 220, 221, 223, 225, 226, 228, 235, 237, 238, 239, 240, 242, 243, 247, 248, 249, 250, 251, 252, 253, 254, 255, 256, 257, 258, 259, 260, 261, 264, 266, 267, 268, 269, 270, 271, 272, 274, 275, 278, 279, 281, 284, 285, 286, 287, 289, 291, 294, 295, 296, 297, 298, 299, 300, 302, 304, 305, 307, 308, 309, 310, 312, 313, 314, 315, 316, 317, 319, 320, 321, 322, 323, 324, 326, 327, 330, 331, 332, 334, 335, 336, 343, 344, 345, 346, 348, 349, 351, 354, 357, 363, 364, 367, 373, 379, 381, 382, 384, 385, 386, 387, 388, 389, 395, 396, 397, 398, 399, 400, 401, 402, 403, 404, 405, 406, 407, 408, 409, 410, 411, 415, 418, 419, 420, 422]",312,False,2.5774690589047513e-05,-2.067531282933565e-08,8.598455300625616e-06,10.0
TP7,121,121,21,100,1066,0.17355371900826447,0.019319227230910764,0.034768211920529805,cao2018,S12/060710_1m,all_channel,median,median__all_channel__TP7,32,423,"[0, 1, 2, 3, 4, 6, 7, 8, 9, 10, 11, 13, 15, 16, 17, 18, 19, 20, 21, 22, 24, 25, 26, 27, 28, 29, 30, 31, 32, 33, 34, 35, 36, 37, 38, 39, 41, 42, 43, 44, 45, 46, 48, 49, 50, 51, 52, 53, 54, 55, 56, 57, 58, 59, 60, 61, 62, 64, 65, 66, 69, 70, 71, 72, 73, 74, 75, 77, 78, 79, 80, 81, 82, 83, 84, 85, 86, 87, 88, 89, 90, 91, 92, 93, 94, 95, 97, 98, 99, 100, 102, 104, 105, 106, 107, 108, 109, 110, 111, 112, 113, 114, 115, 116, 117, 118, 119, 120, 121, 122, 123, 124, 125, 126, 128, 129, 130, 131, 132, 133, 135, 136, 137, 138, 139, 140, 141, 142, 143, 144, 146, 147, 149, 152, 153, 156, 157, 158, 159, 160, 161, 163, 165, 167, 168, 169, 170, 171, 172, 173, 174, 175, 176, 177, 178, 179, 180, 181, 182, 183, 185, 186, 187, 188, 189, 190, 191, 192, 193, 194, 196, 197, 198, 199, 200, 201, 203, 204, 205, 206, 208, 209, 210, 211, 212, 213, 219, 220, 221, 223, 225, 226, 228, 235, 237, 238, 239, 240, 242, 243, 247, 248, 249, 250, 251, 252, 253, 254, 255, 256, 257, 258, 259, 260, 261, 264, 266, 267, 268, 269, 270, 271, 272, 274, 275, 278, 279, 281, 284, 285, 286, 287, 289, 291, 294, 295, 296, 297, 298, 299, 300, 302, 304, 305, 307, 308, 309, 310, 312, 313, 314, 315, 316, 317, 319, 320, 321, 322, 323, 324, 326, 327, 330, 331, 332, 334, 335, 336, 343, 344, 345, 346, 348, 349, 351, 354, 357, 363, 364, 367, 373, 379, 381, 382, 384, 385, 386, 387, 388, 389, 395, 396, 397, 398, 399, 400, 401, 402, 403, 404, 405, 406, 407, 408, 409, 410, 411, 415, 418, 419, 420, 422]",312,False,1.699066364530693e-05,1.2381754073342632e-07,5.6222820348578345e-06,10.0
T5,113,113,20,93,1067,0.17699115044247787,0.01839926402943882,0.03333333333333333,cao2018,S12/060710_1m,all_channel,median,median__all_channel__T5,32,423,"[0, 1, 2, 3, 4, 6, 7, 8, 9, 10, 11, 13, 15, 16, 17, 18, 19, 20, 21, 22, 24, 25, 26, 27, 28, 29, 30, 31, 32, 33, 34, 35, 36, 37, 38, 39, 41, 42, 43, 44, 45, 46, 48, 49, 50, 51, 52, 53, 54, 55, 56, 57, 58, 59, 60, 61, 62, 64, 65, 66, 69, 70, 71, 72, 73, 74, 75, 77, 78, 79, 80, 81, 82, 83, 84, 85, 86, 87, 88, 89, 90, 91, 92, 93, 94, 95, 97, 98, 99, 100, 102, 104, 105, 106, 107, 108, 109, 110, 111, 112, 113, 114, 115, 116, 117, 118, 119, 120, 121, 122, 123, 124, 125, 126, 128, 129, 130, 131, 132, 133, 135, 136, 137, 138, 139, 140, 141, 142, 143, 144, 146, 147, 149, 152, 153, 156, 157, 158, 159, 160, 161, 163, 165, 167, 168, 169, 170, 171, 172, 173, 174, 175, 176, 177, 178, 179, 180, 181, 182, 183, 185, 186, 187, 188, 189, 190, 191, 192, 193, 194, 196, 197, 198, 199, 200, 201, 203, 204, 205, 206, 208, 209, 210, 211, 212, 213, 219, 220, 221, 223, 225, 226, 228, 235, 237, 238, 239, 240, 242, 243, 247, 248, 249, 250, 251, 252, 253, 254, 255, 256, 257, 258, 259, 260, 261, 264, 266, 267, 268, 269, 270, 271, 272, 274, 275, 278, 279, 281, 284, 285, 286, 287, 289, 291, 294, 295, 296, 297, 298, 299, 300, 302, 304, 305, 307, 308, 309, 310, 312, 313, 314, 315, 316, 317, 319, 320, 321, 322, 323, 324, 326, 327, 330, 331, 332, 334, 335, 336, 343, 344, 345, 346, 348, 349, 351, 354, 357, 363, 364, 367, 373, 379, 381, 382, 384, 385, 386, 387, 388, 389, 395, 396, 397, 398, 399, 400, 401, 402, 403, 404, 405, 406, 407, 408, 409, 410, 411, 415, 418, 419, 420, 422]",312,False,1.6774975473310972e-05,1.217174951817429e-07,5.551085992709743e-06,10.0
O2,125,125,16,109,1071,0.128,0.014719411223551058,0.026402640264026403,cao2018,S12/060710_1m,all_channel,median,median__all_channel__O2,32,423,"[0, 1, 2, 3, 4, 6, 7, 8, 9, 10, 11, 13, 15, 16, 17, 18, 19, 20, 21, 22, 24, 25, 26, 27, 28, 29, 30, 31, 32, 33, 34, 35, 36, 37, 38, 39, 41, 42, 43, 44, 45, 46, 48, 49, 50, 51, 52, 53, 54, 55, 56, 57, 58, 59, 60, 61, 62, 64, 65, 66, 69, 70, 71, 72, 73, 74, 75, 77, 78, 79, 80, 81, 82, 83, 84, 85, 86, 87, 88, 89, 90, 91, 92, 93, 94, 95, 97, 98, 99, 100, 102, 104, 105, 106, 107, 108, 109, 110, 111, 112, 113, 114, 115, 116, 117, 118, 119, 120, 121, 122, 123, 124, 125, 126, 128, 129, 130, 131, 132, 133, 135, 136, 137, 138, 139, 140, 141, 142, 143, 144, 146, 147, 149, 152, 153, 156, 157, 158, 159, 160, 161, 163, 165, 167, 168, 169, 170, 171, 172, 173, 174, 175, 176, 177, 178, 179, 180, 181, 182, 183, 185, 186, 187, 188, 189, 190, 191, 192, 193, 194, 196, 197, 198, 199, 200, 201, 203, 204, 205, 206, 208, 209, 210, 211, 212, 213, 219, 220, 221, 223, 225, 226, 228, 235, 237, 238, 239, 240, 242, 243, 247, 248, 249, 250, 251, 252, 253, 254, 255, 256, 257, 258, 259, 260, 261, 264, 266, 267, 268, 269, 270, 271, 272, 274, 275, 278, 279, 281, 284, 285, 286, 287, 289, 291, 294, 295, 296, 297, 298, 299, 300, 302, 304, 305, 307, 308, 309, 310, 312, 313, 314, 315, 316, 317, 319, 320, 321, 322, 323, 324, 326, 327, 330, 331, 332, 334, 335, 336, 343, 344, 345, 346, 348, 349, 351, 354, 357, 363, 364, 367, 373, 379, 381, 382, 384, 385, 386, 387, 388, 389, 395, 396, 397, 398, 399, 400, 401, 402, 403, 404, 405, 406, 407, 408, 409, 410, 411, 415, 418, 419, 420, 422]",312,False,2.434826499395775e-05,1.564350828957214e-07,8.063943303687343e-06,10.0
A1,126,126,15,111,1072,0.11904761904761904,0.013799448022079117,0.0247320692497939,cao2018,S12/060710_1m,all_channel,median,median__all_channel__A1,32,423,"[0, 1, 2, 3, 4, 6, 7, 8, 9, 10, 11, 13, 15, 16, 17, 18, 19, 20, 21, 22, 24, 25, 26, 27, 28, 29, 30, 31, 32, 33, 34, 35, 36, 37, 38, 39, 41, 42, 43, 44, 45, 46, 48, 49, 50, 51, 52, 53, 54, 55, 56, 57, 58, 59, 60, 61, 62, 64, 65, 66, 69, 70, 71, 72, 73, 74, 75, 77, 78, 79, 80, 81, 82, 83, 84, 85, 86, 87, 88, 89, 90, 91, 92, 93, 94, 95, 97, 98, 99, 100, 102, 104, 105, 106, 107, 108, 109, 110, 111, 112, 113, 114, 115, 116, 117, 118, 119, 120, 121, 122, 123, 124, 125, 126, 128, 129, 130, 131, 132, 133, 135, 136, 137, 138, 139, 140, 141, 142, 143, 144, 146, 147, 149, 152, 153, 156, 157, 158, 159, 160, 161, 163, 165, 167, 168, 169, 170, 171, 172, 173, 174, 175, 176, 177, 178, 179, 180, 181, 182, 183, 185, 186, 187, 188, 189, 190, 191, 192, 193, 194, 196, 197, 198, 199, 200, 201, 203, 204, 205, 206, 208, 209, 210, 211, 212, 213, 219, 220, 221, 223, 225, 226, 228, 235, 237, 238, 239, 240, 242, 243, 247, 248, 249, 250, 251, 252, 253, 254, 255, 256, 257, 258, 259, 260, 261, 264, 266, 267, 268, 269, 270, 271, 272, 274, 275, 278, 279, 281, 284, 285, 286, 287, 289, 291, 294, 295, 296, 297, 298, 299, 300, 302, 304, 305, 307, 308, 309, 310, 312, 313, 314, 315, 316, 317, 319, 320, 321, 322, 323, 324, 326, 327, 330, 331, 332, 334, 335, 336, 343, 344, 345, 346, 348, 349, 351, 354, 357, 363, 364, 367, 373, 379, 381, 382, 384, 385, 386, 387, 388, 389, 395, 396, 397, 398, 399, 400, 401, 402, 403, 404, 405, 406, 407, 408, 409, 410, 411, 415, 418, 419, 420, 422]",312,False,1.4782472444961167e-05,-1.4982314368819378e-07,4.9774318628831205e-06,10.0
OZ,84,84,14,70,1073,0.16666666666666666,0.012879484820607176,0.023911187019641334,cao2018,S12/060710_1m,all_channel,median,median__all_channel__OZ,32,423,"[0, 1, 2, 3, 4, 6, 7, 8, 9, 10, 11, 13, 15, 16, 17, 18, 19, 20, 21, 22, 24, 25, 26, 27, 28, 29, 30, 31, 32, 33, 34, 35, 36, 37, 38, 39, 41, 42, 43, 44, 45, 46, 48, 49, 50, 51, 52, 53, 54, 55, 56, 57, 58, 59, 60, 61, 62, 64, 65, 66, 69, 70, 71, 72, 73, 74, 75, 77, 78, 79, 80, 81, 82, 83, 84, 85, 86, 87, 88, 89, 90, 91, 92, 93, 94, 95, 97, 98, 99, 100, 102, 104, 105, 106, 107, 108, 109, 110, 111, 112, 113, 114, 115, 116, 117, 118, 119, 120, 121, 122, 123, 124, 125, 126, 128, 129, 130, 131, 132, 133, 135, 136, 137, 138, 139, 140, 141, 142, 143, 144, 146, 147, 149, 152, 153, 156, 157, 158, 159, 160, 161, 163, 165, 167, 168, 169, 170, 171, 172, 173, 174, 175, 176, 177, 178, 179, 180, 181, 182, 183, 185, 186, 187, 188, 189, 190, 191, 192, 193, 194, 196, 197, 198, 199, 200, 201, 203, 204, 205, 206, 208, 209, 210, 211, 212, 213, 219, 220, 221, 223, 225, 226, 228, 235, 237, 238, 239, 240, 242, 243, 247, 248, 249, 250, 251, 252, 253, 254, 255, 256, 257, 258, 259, 260, 261, 264, 266, 267, 268, 269, 270, 271, 272, 274, 275, 278, 279, 281, 284, 285, 286, 287, 289, 291, 294, 295, 296, 297, 298, 299, 300, 302, 304, 305, 307, 308, 309, 310, 312, 313, 314, 315, 316, 317, 319, 320, 321, 322, 323, 324, 326, 327, 330, 331, 332, 334, 335, 336, 343, 344, 345, 346, 348, 349, 351, 354, 357, 363, 364, 367, 373, 379, 381, 382, 384, 385, 386, 387, 388, 389, 395, 396, 397, 398, 399, 400, 401, 402, 403, 404, 405, 406, 407, 408, 409, 410, 411, 415, 418, 419, 420, 422]",312,False,1.9882604206575377e-05,1.1203894485131766e-07,6.590188420574687e-06,10.0
PZ,35,35,13,22,1074,0.37142857142857144,0.011959521619135235,0.023172905525846707,cao2018,S12/060710_1m,all_channel,median,median__all_channel__PZ,32,423,"[0, 1, 2, 3, 4, 6, 7, 8, 9, 10, 11, 13, 15, 16, 17, 18, 19, 20, 21, 22, 24, 25, 26, 27, 28, 29, 30, 31, 32, 33, 34, 35, 36, 37, 38, 39, 41, 42, 43, 44, 45, 46, 48, 49, 50, 51, 52, 53, 54, 55, 56, 57, 58, 59, 60, 61, 62, 64, 65, 66, 69, 70, 71, 72, 73, 74, 75, 77, 78, 79, 80, 81, 82, 83, 84, 85, 86, 87, 88, 89, 90, 91, 92, 93, 94, 95, 97, 98, 99, 100, 102, 104, 105, 106, 107, 108, 109, 110, 111, 112, 113, 114, 115, 116, 117, 118, 119, 120, 121, 122, 123, 124, 125, 126, 128, 129, 130, 131, 132, 133, 135, 136, 137, 138, 139, 140, 141, 142, 143, 144, 146, 147, 149, 152, 153, 156, 157, 158, 159, 160, 161, 163, 165, 167, 168, 169, 170, 171, 172, 173, 174, 175, 176, 177, 178, 179, 180, 181, 182, 183, 185, 186, 187, 188, 189, 190, 191, 192, 193, 194, 196, 197, 198, 199, 200, 201, 203, 204, 205, 206, 208, 209, 210, 211, 212, 213, 219, 220, 221, 223, 225, 226, 228, 235, 237, 238, 239, 240, 242, 243, 247, 248, 249, 250, 251, 252, 253, 254, 255, 256, 257, 258, 259, 260, 261, 264, 266, 267, 268, 269, 270, 271, 272, 274, 275, 278, 279, 281, 284, 285, 286, 287, 289, 291, 294, 295, 296, 297, 298, 299, 300, 302, 304, 305, 307, 308, 309, 310, 312, 313, 314, 315, 316, 317, 319, 320, 321, 322, 323, 324, 326, 327, 330, 331, 332, 334, 335, 336, 343, 344, 345, 346, 348, 349, 351, 354, 357, 363, 364, 367, 373, 379, 381, 382, 384, 385, 386, 387, 388, 389, 395, 396, 397, 398, 399, 400, 401, 402, 403, 404, 405, 406, 407, 408, 409, 410, 411, 415, 418, 419, 420, 422]",312,False,3.0042062637121677e-05,-2.427686561517417e-07,1.0094943764424473e-05,10.0
A2,36,36,9,27,1078,0.25,0.00827966881324747,0.016028495102404273,cao2018,S12/060710_1m,all_channel,median,median__all_channel__A2,32,423,"[0, 1, 2, 3, 4, 6, 7, 8, 9, 10, 11, 13, 15, 16, 17, 18, 19, 20, 21, 22, 24, 25, 26, 27, 28, 29, 30, 31, 32, 33, 34, 35, 36, 37, 38, 39, 41, 42, 43, 44, 45, 46, 48, 49, 50, 51, 52, 53, 54, 55, 56, 57, 58, 59, 60, 61, 62, 64, 65, 66, 69, 70, 71, 72, 73, 74, 75, 77, 78, 79, 80, 81, 82, 83, 84, 85, 86, 87, 88, 89, 90, 91, 92, 93, 94, 95, 97, 98, 99, 100, 102, 104, 105, 106, 107, 108, 109, 110, 111, 112, 113, 114, 115, 116, 117, 118, 119, 120, 121, 122, 123, 124, 125, 126, 128, 129, 130, 131, 132, 133, 135, 136, 137, 138, 139, 140, 141, 142, 143, 144, 146, 147, 149, 152, 153, 156, 157, 158, 159, 160, 161, 163, 165, 167, 168, 169, 170, 171, 172, 173, 174, 175, 176, 177, 178, 179, 180, 181, 182, 183, 185, 186, 187, 188, 189, 190, 191, 192, 193, 194, 196, 197, 198, 199, 200, 201, 203, 204, 205, 206, 208, 209, 210, 211, 212, 213, 219, 220, 221, 223, 225, 226, 228, 235, 237, 238, 239, 240, 242, 243, 247, 248, 249, 250, 251, 252, 253, 254, 255, 256, 257, 258, 259, 260, 261, 264, 266, 267, 268, 269, 270, 271, 272, 274, 275, 278, 279, 281, 284, 285, 286, 287, 289, 291, 294, 295, 296, 297, 298, 299, 300, 302, 304, 305, 307, 308, 309, 310, 312, 313, 314, 315, 316, 317, 319, 320, 321, 322, 323, 324, 326, 327, 330, 331, 332, 334, 335, 336, 343, 344, 345, 346, 348, 349, 351, 354, 357, 363, 364, 367, 373, 379, 381, 382, 384, 385, 386, 387, 388, 389, 395, 396, 397, 398, 399, 400, 401, 402, 403, 404, 405, 406, 407, 408, 409, 410, 411, 415, 418, 419, 420, 422]",312,False,1.5081788304620708e-05,1.4967278373421306e-07,4.977371840295498e-06,10.0
T6,30,30,7,23,1080,0.23333333333333334,0.006439742410303588,0.012533572068039392,cao2018,S12/060710_1m,all_channel,median,median__all_channel__T6,32,423,"[0, 1, 2, 3, 4, 6, 7, 8, 9, 10, 11, 13, 15, 16, 17, 18, 19, 20, 21, 22, 24, 25, 26, 27, 28, 29, 30, 31, 32, 33, 34, 35, 36, 37, 38, 39, 41, 42, 43, 44, 45, 46, 48, 49, 50, 51, 52, 53, 54, 55, 56, 57, 58, 59, 60, 61, 62, 64, 65, 66, 69, 70, 71, 72, 73, 74, 75, 77, 78, 79, 80, 81, 82, 83, 84, 85, 86, 87, 88, 89, 90, 91, 92, 93, 94, 95, 97, 98, 99, 100, 102, 104, 105, 106, 107, 108, 109, 110, 111, 112, 113, 114, 115, 116, 117, 118, 119, 120, 121, 122, 123, 124, 125, 126, 128, 129, 130, 131, 132, 133, 135, 136, 137, 138, 139, 140, 141, 142, 143, 144, 146, 147, 149, 152, 153, 156, 157, 158, 159, 160, 161, 163, 165, 167, 168, 169, 170, 171, 172, 173, 174, 175, 176, 177, 178, 179, 180, 181, 182, 183, 185, 186, 187, 188, 189, 190, 191, 192, 193, 194, 196, 197, 198, 199, 200, 201, 203, 204, 205, 206, 208, 209, 210, 211, 212, 213, 219, 220, 221, 223, 225, 226, 228, 235, 237, 238, 239, 240, 242, 243, 247, 248, 249, 250, 251, 252, 253, 254, 255, 256, 257, 258, 259, 260, 261, 264, 266, 267, 268, 269, 270, 271, 272, 274, 275, 278, 279, 281, 284, 285, 286, 287, 289, 291, 294, 295, 296, 297, 298, 299, 300, 302, 304, 305, 307, 308, 309, 310, 312, 313, 314, 315, 316, 317, 319, 320, 321, 322, 323, 324, 326, 327, 330, 331, 332, 334, 335, 336, 343, 344, 345, 346, 348, 349, 351, 354, 357, 363, 364, 367, 373, 379, 381, 382, 384, 385, 386, 387, 388, 389, 395, 396, 397, 398, 399, 400, 401, 402, 403, 404, 405, 406, 407, 408, 409, 410, 411, 415, 418, 419, 420, 422]",312,False,2.44336429779756e-05,-1.137644797487948e-08,8.14833980865016e-06,10.0
FP2,1324,1324,939,385,148,0.709214501510574,0.8638454461821528,0.7789299046038988,cao2018,S12/060710_1m,all_channel,mean,mean__all_channel__FP2,32,423,"[0, 1, 2, 3, 4, 6, 7, 8, 9, 10, 11, 13, 15, 16, 17, 18, 19, 20, 21, 22, 24, 25, 26, 27, 28, 29, 30, 31, 32, 33, 34, 35, 36, 37, 38, 39, 41, 42, 43, 44, 45, 46, 48, 49, 50, 51, 52, 53, 54, 55, 56, 57, 58, 59, 60, 61, 62, 64, 65, 66, 69, 70, 71, 72, 73, 74, 75, 77, 78, 79, 80, 81, 82, 83, 84, 85, 86, 87, 88, 89, 90, 91, 92, 93, 94, 95, 97, 98, 99, 100, 102, 104, 105, 106, 107, 108, 109, 110, 111, 112, 113, 114, 115, 116, 117, 118, 119, 120, 121, 122, 123, 124, 125, 126, 128, 129, 130, 131, 132, 133, 135, 136, 137, 138, 139, 140, 141, 142, 143, 144, 146, 147, 149, 152, 153, 156, 157, 158, 159, 160, 161, 163, 165, 167, 168, 169, 170, 171, 172, 173, 174, 175, 176, 177, 178, 179, 180, 181, 182, 183, 185, 186, 187, 188, 189, 190, 191, 192, 193, 194, 196, 197, 198, 199, 200, 201, 203, 204, 205, 206, 208, 209, 210, 211, 212, 213, 219, 220, 221, 223, 225, 226, 228, 235, 237, 238, 239, 240, 242, 243, 247, 248, 249, 250, 251, 252, 253, 254, 255, 256, 257, 258, 259, 260, 261, 264, 266, 267, 268, 269, 270, 271, 272, 274, 275, 278, 279, 281, 284, 285, 286, 287, 289, 291, 294, 295, 296, 297, 298, 299, 300, 302, 304, 305, 307, 308, 309, 310, 312, 313, 314, 315, 316, 317, 319, 320, 321, 322, 323, 324, 326, 327, 330, 331, 332, 334, 335, 336, 343, 344, 345, 346, 348, 349, 351, 354, 357, 363, 364, 367, 373, 379, 381, 382, 384, 385, 386, 387, 388, 389, 395, 396, 397, 398, 399, 400, 401, 402, 403, 404, 405, 406, 407, 408, 409, 410, 411, 415, 418, 419, 420, 422]",312,False,6.829607187118772e-05,8.428677350403471e-08,2.2737261699227893e-05,10.0
FP1,1355,1355,949,406,138,0.7003690036900369,0.8730450781968722,0.7772317772317773,cao2018,S12/060710_1m,all_channel,mean,mean__all_channel__FP1,32,423,"[0, 1, 2, 3, 4, 6, 7, 8, 9, 10, 11, 13, 15, 16, 17, 18, 19, 20, 21, 22, 24, 25, 26, 27, 28, 29, 30, 31, 32, 33, 34, 35, 36, 37, 38, 39, 41, 42, 43, 44, 45, 46, 48, 49, 50, 51, 52, 53, 54, 55, 56, 57, 58, 59, 60, 61, 62, 64, 65, 66, 69, 70, 71, 72, 73, 74, 75, 77, 78, 79, 80, 81, 82, 83, 84, 85, 86, 87, 88, 89, 90, 91, 92, 93, 94, 95, 97, 98, 99, 100, 102, 104, 105, 106, 107, 108, 109, 110, 111, 112, 113, 114, 115, 116, 117, 118, 119, 120, 121, 122, 123, 124, 125, 126, 128, 129, 130, 131, 132, 133, 135, 136, 137, 138, 139, 140, 141, 142, 143, 144, 146, 147, 149, 152, 153, 156, 157, 158, 159, 160, 161, 163, 165, 167, 168, 169, 170, 171, 172, 173, 174, 175, 176, 177, 178, 179, 180, 181, 182, 183, 185, 186, 187, 188, 189, 190, 191, 192, 193, 194, 196, 197, 198, 199, 200, 201, 203, 204, 205, 206, 208, 209, 210, 211, 212, 213, 219, 220, 221, 223, 225, 226, 228, 235, 237, 238, 239, 240, 242, 243, 247, 248, 249, 250, 251, 252, 253, 254, 255, 256, 257, 258, 259, 260, 261, 264, 266, 267, 268, 269, 270, 271, 272, 274, 275, 278, 279, 281, 284, 285, 286, 287, 289, 291, 294, 295, 296, 297, 298, 299, 300, 302, 304, 305, 307, 308, 309, 310, 312, 313, 314, 315, 316, 317, 319, 320, 321, 322, 323, 324, 326, 327, 330, 331, 332, 334, 335, 336, 343, 344, 345, 346, 348, 349, 351, 354, 357, 363, 364, 367, 373, 379, 381, 382, 384, 385, 386, 387, 388, 389, 395, 396, 397, 398, 399, 400, 401, 402, 403, 404, 405, 406, 407, 408, 409, 410, 411, 415, 418, 419, 420, 422]",312,False,7.233046179968471e-05,2.029918780023216e-08,2.4103387537294826e-05,10.0
FZ,607,607,451,156,636,0.742998352553542,0.41490340386384544,0.5324675324675324,cao2018,S12/060710_1m,all_channel,mean,mean__all_channel__FZ,32,423,"[0, 1, 2, 3, 4, 6, 7, 8, 9, 10, 11, 13, 15, 16, 17, 18, 19, 20, 21, 22, 24, 25, 26, 27, 28, 29, 30, 31, 32, 33, 34, 35, 36, 37, 38, 39, 41, 42, 43, 44, 45, 46, 48, 49, 50, 51, 52, 53, 54, 55, 56, 57, 58, 59, 60, 61, 62, 64, 65, 66, 69, 70, 71, 72, 73, 74, 75, 77, 78, 79, 80, 81, 82, 83, 84, 85, 86, 87, 88, 89, 90, 91, 92, 93, 94, 95, 97, 98, 99, 100, 102, 104, 105, 106, 107, 108, 109, 110, 111, 112, 113, 114, 115, 116, 117, 118, 119, 120, 121, 122, 123, 124, 125, 126, 128, 129, 130, 131, 132, 133, 135, 136, 137, 138, 139, 140, 141, 142, 143, 144, 146, 147, 149, 152, 153, 156, 157, 158, 159, 160, 161, 163, 165, 167, 168, 169, 170, 171, 172, 173, 174, 175, 176, 177, 178, 179, 180, 181, 182, 183, 185, 186, 187, 188, 189, 190, 191, 192, 193, 194, 196, 197, 198, 199, 200, 201, 203, 204, 205, 206, 208, 209, 210, 211, 212, 213, 219, 220, 221, 223, 225, 226, 228, 235, 237, 238, 239, 240, 242, 243, 247, 248, 249, 250, 251, 252, 253, 254, 255, 256, 257, 258, 259, 260, 261, 264, 266, 267, 268, 269, 270, 271, 272, 274, 275, 278, 279, 281, 284, 285, 286, 287, 289, 291, 294, 295, 296, 297, 298, 299, 300, 302, 304, 305, 307, 308, 309, 310, 312, 313, 314, 315, 316, 317, 319, 320, 321, 322, 323, 324, 326, 327, 330, 331, 332, 334, 335, 336, 343, 344, 345, 346, 348, 349, 351, 354, 357, 363, 364, 367, 373, 379, 381, 382, 384, 385, 386, 387, 388, 389, 395, 396, 397, 398, 399, 400, 401, 402, 403, 404, 405, 406, 407, 408, 409, 410, 411, 415, 418, 419, 420, 422]",312,False,4.2613235847320243e-05,2.7985221330831263e-08,1.419508354199647e-05,10.0
F4,592,592,443,149,644,0.7483108108108109,0.40754369825206993,0.5276950565812983,cao2018,S12/060710_1m,all_channel,mean,mean__all_channel__F4,32,423,"[0, 1, 2, 3, 4, 6, 7, 8, 9, 10, 11, 13, 15, 16, 17, 18, 19, 20, 21, 22, 24, 25, 26, 27, 28, 29, 30, 31, 32, 33, 34, 35, 36, 37, 38, 39, 41, 42, 43, 44, 45, 46, 48, 49, 50, 51, 52, 53, 54, 55, 56, 57, 58, 59, 60, 61, 62, 64, 65, 66, 69, 70, 71, 72, 73, 74, 75, 77, 78, 79, 80, 81, 82, 83, 84, 85, 86, 87, 88, 89, 90, 91, 92, 93, 94, 95, 97, 98, 99, 100, 102, 104, 105, 106, 107, 108, 109, 110, 111, 112, 113, 114, 115, 116, 117, 118, 119, 120, 121, 122, 123, 124, 125, 126, 128, 129, 130, 131, 132, 133, 135, 136, 137, 138, 139, 140, 141, 142, 143, 144, 146, 147, 149, 152, 153, 156, 157, 158, 159, 160, 161, 163, 165, 167, 168, 169, 170, 171, 172, 173, 174, 175, 176, 177, 178, 179, 180, 181, 182, 183, 185, 186, 187, 188, 189, 190, 191, 192, 193, 194, 196, 197, 198, 199, 200, 201, 203, 204, 205, 206, 208, 209, 210, 211, 212, 213, 219, 220, 221, 223, 225, 226, 228, 235, 237, 238, 239, 240, 242, 243, 247, 248, 249, 250, 251, 252, 253, 254, 255, 256, 257, 258, 259, 260, 261, 264, 266, 267, 268, 269, 270, 271, 272, 274, 275, 278, 279, 281, 284, 285, 286, 287, 289, 291, 294, 295, 296, 297, 298, 299, 300, 302, 304, 305, 307, 308, 309, 310, 312, 313, 314, 315, 316, 317, 319, 320, 321, 322, 323, 324, 326, 327, 330, 331, 332, 334, 335, 336, 343, 344, 345, 346, 348, 349, 351, 354, 357, 363, 364, 367, 373, 379, 381, 382, 384, 385, 386, 387, 388, 389, 395, 396, 397, 398, 399, 400, 401, 402, 403, 404, 405, 406, 407, 408, 409, 410, 411, 415, 418, 419, 420, 422]",312,False,4.732902903906681e-05,3.817842335965137e-08,1.5763616871902387e-05,10.0
F8,493,493,406,87,681,0.8235294117647058,0.3735050597976081,0.5139240506329114,cao2018,S12/060710_1m,all_channel,mean,mean__all_channel__F8,32,423,"[0, 1, 2, 3, 4, 6, 7, 8, 9, 10, 11, 13, 15, 16, 17, 18, 19, 20, 21, 22, 24, 25, 26, 27, 28, 29, 30, 31, 32, 33, 34, 35, 36, 37, 38, 39, 41, 42, 43, 44, 45, 46, 48, 49, 50, 51, 52, 53, 54, 55, 56, 57, 58, 59, 60, 61, 62, 64, 65, 66, 69, 70, 71, 72, 73, 74, 75, 77, 78, 79, 80, 81, 82, 83, 84, 85, 86, 87, 88, 89, 90, 91, 92, 93, 94, 95, 97, 98, 99, 100, 102, 104, 105, 106, 107, 108, 109, 110, 111, 112, 113, 114, 115, 116, 117, 118, 119, 120, 121, 122, 123, 124, 125, 126, 128, 129, 130, 131, 132, 133, 135, 136, 137, 138, 139, 140, 141, 142, 143, 144, 146, 147, 149, 152, 153, 156, 157, 158, 159, 160, 161, 163, 165, 167, 168, 169, 170, 171, 172, 173, 174, 175, 176, 177, 178, 179, 180, 181, 182, 183, 185, 186, 187, 188, 189, 190, 191, 192, 193, 194, 196, 197, 198, 199, 200, 201, 203, 204, 205, 206, 208, 209, 210, 211, 212, 213, 219, 220, 221, 223, 225, 226, 228, 235, 237, 238, 239, 240, 242, 243, 247, 248, 249, 250, 251, 252, 253, 254, 255, 256, 257, 258, 259, 260, 261, 264, 266, 267, 268, 269, 270, 271, 272, 274, 275, 278, 279, 281, 284, 285, 286, 287, 289, 291, 294, 295, 296, 297, 298, 299, 300, 302, 304, 305, 307, 308, 309, 310, 312, 313, 314, 315, 316, 317, 319, 320, 321, 322, 323, 324, 326, 327, 330, 331, 332, 334, 335, 336, 343, 344, 345, 346, 348, 349, 351, 354, 357, 363, 364, 367, 373, 379, 381, 382, 384, 385, 386, 387, 388, 389, 395, 396, 397, 398, 399, 400, 401, 402, 403, 404, 405, 406, 407, 408, 409, 410, 411, 415, 418, 419, 420, 422]",312,False,5.217700372009493e-05,2.9345986452383174e-08,1.738255257788085e-05,10.0
F3,623,623,426,197,661,0.6837881219903692,0.39190432382704693,0.4982456140350877,cao2018,S12/060710_1m,all_channel,mean,mean__all_channel__F3,32,423,"[0, 1, 2, 3, 4, 6, 7, 8, 9, 10, 11, 13, 15, 16, 17, 18, 19, 20, 21, 22, 24, 25, 26, 27, 28, 29, 30, 31, 32, 33, 34, 35, 36, 37, 38, 39, 41, 42, 43, 44, 45, 46, 48, 49, 50, 51, 52, 53, 54, 55, 56, 57, 58, 59, 60, 61, 62, 64, 65, 66, 69, 70, 71, 72, 73, 74, 75, 77, 78, 79, 80, 81, 82, 83, 84, 85, 86, 87, 88, 89, 90, 91, 92, 93, 94, 95, 97, 98, 99, 100, 102, 104, 105, 106, 107, 108, 109, 110, 111, 112, 113, 114, 115, 116, 117, 118, 119, 120, 121, 122, 123, 124, 125, 126, 128, 129, 130, 131, 132, 133, 135, 136, 137, 138, 139, 140, 141, 142, 143, 144, 146, 147, 149, 152, 153, 156, 157, 158, 159, 160, 161, 163, 165, 167, 168, 169, 170, 171, 172, 173, 174, 175, 176, 177, 178, 179, 180, 181, 182, 183, 185, 186, 187, 188, 189, 190, 191, 192, 193, 194, 196, 197, 198, 199, 200, 201, 203, 204, 205, 206, 208, 209, 210, 211, 212, 213, 219, 220, 221, 223, 225, 226, 228, 235, 237, 238, 239, 240, 242, 243, 247, 248, 249, 250, 251, 252, 253, 254, 255, 256, 257, 258, 259, 260, 261, 264, 266, 267, 268, 269, 270, 271, 272, 274, 275, 278, 279, 281, 284, 285, 286, 287, 289, 291, 294, 295, 296, 297, 298, 299, 300, 302, 304, 305, 307, 308, 309, 310, 312, 313, 314, 315, 316, 317, 319, 320, 321, 322, 323, 324, 326, 327, 330, 331, 332, 334, 335, 336, 343, 344, 345, 346, 348, 349, 351, 354, 357, 363, 364, 367, 373, 379, 381, 382, 384, 385, 386, 387, 388, 389, 395, 396, 397, 398, 399, 400, 401, 402, 403, 404, 405, 406, 407, 408, 409, 410, 411, 415, 418, 419, 420, 422]",312,False,4.529063429688993e-05,1.2709894592263324e-08,1.5092641467432556e-05,10.0
F7,528,528,343,185,744,0.6496212121212122,0.3155473781048758,0.4247678018575851,cao2018,S12/060710_1m,all_channel,mean,mean__all_channel__F7,32,423,"[0, 1, 2, 3, 4, 6, 7, 8, 9, 10, 11, 13, 15, 16, 17, 18, 19, 20, 21, 22, 24, 25, 26, 27, 28, 29, 30, 31, 32, 33, 34, 35, 36, 37, 38, 39, 41, 42, 43, 44, 45, 46, 48, 49, 50, 51, 52, 53, 54, 55, 56, 57, 58, 59, 60, 61, 62, 64, 65, 66, 69, 70, 71, 72, 73, 74, 75, 77, 78, 79, 80, 81, 82, 83, 84, 85, 86, 87, 88, 89, 90, 91, 92, 93, 94, 95, 97, 98, 99, 100, 102, 104, 105, 106, 107, 108, 109, 110, 111, 112, 113, 114, 115, 116, 117, 118, 119, 120, 121, 122, 123, 124, 125, 126, 128, 129, 130, 131, 132, 133, 135, 136, 137, 138, 139, 140, 141, 142, 143, 144, 146, 147, 149, 152, 153, 156, 157, 158, 159, 160, 161, 163, 165, 167, 168, 169, 170, 171, 172, 173, 174, 175, 176, 177, 178, 179, 180, 181, 182, 183, 185, 186, 187, 188, 189, 190, 191, 192, 193, 194, 196, 197, 198, 199, 200, 201, 203, 204, 205, 206, 208, 209, 210, 211, 212, 213, 219, 220, 221, 223, 225, 226, 228, 235, 237, 238, 239, 240, 242, 243, 247, 248, 249, 250, 251, 252, 253, 254, 255, 256, 257, 258, 259, 260, 261, 264, 266, 267, 268, 269, 270, 271, 272, 274, 275, 278, 279, 281, 284, 285, 286, 287, 289, 291, 294, 295, 296, 297, 298, 299, 300, 302, 304, 305, 307, 308, 309, 310, 312, 313, 314, 315, 316, 317, 319, 320, 321, 322, 323, 324, 326, 327, 330, 331, 332, 334, 335, 336, 343, 344, 345, 346, 348, 349, 351, 354, 357, 363, 364, 367, 373, 379, 381, 382, 384, 385, 386, 387, 388, 389, 395, 396, 397, 398, 399, 400, 401, 402, 403, 404, 405, 406, 407, 408, 409, 410, 411, 415, 418, 419, 420, 422]",312,False,5.346194360141515e-05,1.0151002248246947e-08,1.7817264199722303e-05,10.0
FC4,249,249,203,46,884,0.8152610441767069,0.18675252989880406,0.30389221556886226,cao2018,S12/060710_1m,all_channel,mean,mean__all_channel__FC4,32,423,"[0, 1, 2, 3, 4, 6, 7, 8, 9, 10, 11, 13, 15, 16, 17, 18, 19, 20, 21, 22, 24, 25, 26, 27, 28, 29, 30, 31, 32, 33, 34, 35, 36, 37, 38, 39, 41, 42, 43, 44, 45, 46, 48, 49, 50, 51, 52, 53, 54, 55, 56, 57, 58, 59, 60, 61, 62, 64, 65, 66, 69, 70, 71, 72, 73, 74, 75, 77, 78, 79, 80, 81, 82, 83, 84, 85, 86, 87, 88, 89, 90, 91, 92, 93, 94, 95, 97, 98, 99, 100, 102, 104, 105, 106, 107, 108, 109, 110, 111, 112, 113, 114, 115, 116, 117, 118, 119, 120, 121, 122, 123, 124, 125, 126, 128, 129, 130, 131, 132, 133, 135, 136, 137, 138, 139, 140, 141, 142, 143, 144, 146, 147, 149, 152, 153, 156, 157, 158, 159, 160, 161, 163, 165, 167, 168, 169, 170, 171, 172, 173, 174, 175, 176, 177, 178, 179, 180, 181, 182, 183, 185, 186, 187, 188, 189, 190, 191, 192, 193, 194, 196, 197, 198, 199, 200, 201, 203, 204, 205, 206, 208, 209, 210, 211, 212, 213, 219, 220, 221, 223, 225, 226, 228, 235, 237, 238, 239, 240, 242, 243, 247, 248, 249, 250, 251, 252, 253, 254, 255, 256, 257, 258, 259, 260, 261, 264, 266, 267, 268, 269, 270, 271, 272, 274, 275, 278, 279, 281, 284, 285, 286, 287, 289, 291, 294, 295, 296, 297, 298, 299, 300, 302, 304, 305, 307, 308, 309, 310, 312, 313, 314, 315, 316, 317, 319, 320, 321, 322, 323, 324, 326, 327, 330, 331, 332, 334, 335, 336, 343, 344, 345, 346, 348, 349, 351, 354, 357, 363, 364, 367, 373, 379, 381, 382, 384, 385, 386, 387, 388, 389, 395, 396, 397, 398, 399, 400, 401, 402, 403, 404, 405, 406, 407, 408, 409, 410, 411, 415, 418, 419, 420, 422]",312,False,3.738113428686024e-05,2.2347619412807417e-08,1.2452928889149142e-05,10.0
FC3,306,306,211,95,876,0.6895424836601307,0.19411223551057957,0.302943287867911,cao2018,S12/060710_1m,all_channel,mean,mean__all_channel__FC3,32,423,"[0, 1, 2, 3, 4, 6, 7, 8, 9, 10, 11, 13, 15, 16, 17, 18, 19, 20, 21, 22, 24, 25, 26, 27, 28, 29, 30, 31, 32, 33, 34, 35, 36, 37, 38, 39, 41, 42, 43, 44, 45, 46, 48, 49, 50, 51, 52, 53, 54, 55, 56, 57, 58, 59, 60, 61, 62, 64, 65, 66, 69, 70, 71, 72, 73, 74, 75, 77, 78, 79, 80, 81, 82, 83, 84, 85, 86, 87, 88, 89, 90, 91, 92, 93, 94, 95, 97, 98, 99, 100, 102, 104, 105, 106, 107, 108, 109, 110, 111, 112, 113, 114, 115, 116, 117, 118, 119, 120, 121, 122, 123, 124, 125, 126, 128, 129, 130, 131, 132, 133, 135, 136, 137, 138, 139, 140, 141, 142, 143, 144, 146, 147, 149, 152, 153, 156, 157, 158, 159, 160, 161, 163, 165, 167, 168, 169, 170, 171, 172, 173, 174, 175, 176, 177, 178, 179, 180, 181, 182, 183, 185, 186, 187, 188, 189, 190, 191, 192, 193, 194, 196, 197, 198, 199, 200, 201, 203, 204, 205, 206, 208, 209, 210, 211, 212, 213, 219, 220, 221, 223, 225, 226, 228, 235, 237, 238, 239, 240, 242, 243, 247, 248, 249, 250, 251, 252, 253, 254, 255, 256, 257, 258, 259, 260, 261, 264, 266, 267, 268, 269, 270, 271, 272, 274, 275, 278, 279, 281, 284, 285, 286, 287, 289, 291, 294, 295, 296, 297, 298, 299, 300, 302, 304, 305, 307, 308, 309, 310, 312, 313, 314, 315, 316, 317, 319, 320, 321, 322, 323, 324, 326, 327, 330, 331, 332, 334, 335, 336, 343, 344, 345, 346, 348, 349, 351, 354, 357, 363, 364, 367, 373, 379, 381, 382, 384, 385, 386, 387, 388, 389, 395, 396, 397, 398, 399, 400, 401, 402, 403, 404, 405, 406, 407, 408, 409, 410, 411, 415, 418, 419, 420, 422]",312,False,3.7596426963017334e-05,1.058411877393381e-08,1.2528614281414468e-05,10.0
FCZ,192,192,138,54,949,0.71875,0.12695492180312787,0.21579358874120408,cao2018,S12/060710_1m,all_channel,mean,mean__all_channel__FCZ,32,423,"[0, 1, 2, 3, 4, 6, 7, 8, 9, 10, 11, 13, 15, 16, 17, 18, 19, 20, 21, 22, 24, 25, 26, 27, 28, 29, 30, 31, 32, 33, 34, 35, 36, 37, 38, 39, 41, 42, 43, 44, 45, 46, 48, 49, 50, 51, 52, 53, 54, 55, 56, 57, 58, 59, 60, 61, 62, 64, 65, 66, 69, 70, 71, 72, 73, 74, 75, 77, 78, 79, 80, 81, 82, 83, 84, 85, 86, 87, 88, 89, 90, 91, 92, 93, 94, 95, 97, 98, 99, 100, 102, 104, 105, 106, 107, 108, 109, 110, 111, 112, 113, 114, 115, 116, 117, 118, 119, 120, 121, 122, 123, 124, 125, 126, 128, 129, 130, 131, 132, 133, 135, 136, 137, 138, 139, 140, 141, 142, 143, 144, 146, 147, 149, 152, 153, 156, 157, 158, 159, 160, 161, 163, 165, 167, 168, 169, 170, 171, 172, 173, 174, 175, 176, 177, 178, 179, 180, 181, 182, 183, 185, 186, 187, 188, 189, 190, 191, 192, 193, 194, 196, 197, 198, 199, 200, 201, 203, 204, 205, 206, 208, 209, 210, 211, 212, 213, 219, 220, 221, 223, 225, 226, 228, 235, 237, 238, 239, 240, 242, 243, 247, 248, 249, 250, 251, 252, 253, 254, 255, 256, 257, 258, 259, 260, 261, 264, 266, 267, 268, 269, 270, 271, 272, 274, 275, 278, 279, 281, 284, 285, 286, 287, 289, 291, 294, 295, 296, 297, 298, 299, 300, 302, 304, 305, 307, 308, 309, 310, 312, 313, 314, 315, 316, 317, 319, 320, 321, 322, 323, 324, 326, 327, 330, 331, 332, 334, 335, 336, 343, 344, 345, 346, 348, 349, 351, 354, 357, 363, 364, 367, 373, 379, 381, 382, 384, 385, 386, 387, 388, 389, 395, 396, 397, 398, 399, 400, 401, 402, 403, 404, 405, 406, 407, 408, 409, 410, 411, 415, 418, 419, 420, 422]",312,False,3.8149512700915736e-05,2.061506971370619e-08,1.2709632543734012e-05,10.0
FT8,181,181,113,68,974,0.6243093922651933,0.10395584176632934,0.17823343848580442,cao2018,S12/060710_1m,all_channel,mean,mean__all_channel__FT8,32,423,"[0, 1, 2, 3, 4, 6, 7, 8, 9, 10, 11, 13, 15, 16, 17, 18, 19, 20, 21, 22, 24, 25, 26, 27, 28, 29, 30, 31, 32, 33, 34, 35, 36, 37, 38, 39, 41, 42, 43, 44, 45, 46, 48, 49, 50, 51, 52, 53, 54, 55, 56, 57, 58, 59, 60, 61, 62, 64, 65, 66, 69, 70, 71, 72, 73, 74, 75, 77, 78, 79, 80, 81, 82, 83, 84, 85, 86, 87, 88, 89, 90, 91, 92, 93, 94, 95, 97, 98, 99, 100, 102, 104, 105, 106, 107, 108, 109, 110, 111, 112, 113, 114, 115, 116, 117, 118, 119, 120, 121, 122, 123, 124, 125, 126, 128, 129, 130, 131, 132, 133, 135, 136, 137, 138, 139, 140, 141, 142, 143, 144, 146, 147, 149, 152, 153, 156, 157, 158, 159, 160, 161, 163, 165, 167, 168, 169, 170, 171, 172, 173, 174, 175, 176, 177, 178, 179, 180, 181, 182, 183, 185, 186, 187, 188, 189, 190, 191, 192, 193, 194, 196, 197, 198, 199, 200, 201, 203, 204, 205, 206, 208, 209, 210, 211, 212, 213, 219, 220, 221, 223, 225, 226, 228, 235, 237, 238, 239, 240, 242, 243, 247, 248, 249, 250, 251, 252, 253, 254, 255, 256, 257, 258, 259, 260, 261, 264, 266, 267, 268, 269, 270, 271, 272, 274, 275, 278, 279, 281, 284, 285, 286, 287, 289, 291, 294, 295, 296, 297, 298, 299, 300, 302, 304, 305, 307, 308, 309, 310, 312, 313, 314, 315, 316, 317, 319, 320, 321, 322, 323, 324, 326, 327, 330, 331, 332, 334, 335, 336, 343, 344, 345, 346, 348, 349, 351, 354, 357, 363, 364, 367, 373, 379, 381, 382, 384, 385, 386, 387, 388, 389, 395, 396, 397, 398, 399, 400, 401, 402, 403, 404, 405, 406, 407, 408, 409, 410, 411, 415, 418, 419, 420, 422]",312,False,3.664595596139455e-05,9.633945876155167e-10,1.2214997522268978e-05,10.0
C3,166,166,110,56,977,0.6626506024096386,0.10119595216191353,0.17557861133280125,cao2018,S12/060710_1m,all_channel,mean,mean__all_channel__C3,32,423,"[0, 1, 2, 3, 4, 6, 7, 8, 9, 10, 11, 13, 15, 16, 17, 18, 19, 20, 21, 22, 24, 25, 26, 27, 28, 29, 30, 31, 32, 33, 34, 35, 36, 37, 38, 39, 41, 42, 43, 44, 45, 46, 48, 49, 50, 51, 52, 53, 54, 55, 56, 57, 58, 59, 60, 61, 62, 64, 65, 66, 69, 70, 71, 72, 73, 74, 75, 77, 78, 79, 80, 81, 82, 83, 84, 85, 86, 87, 88, 89, 90, 91, 92, 93, 94, 95, 97, 98, 99, 100, 102, 104, 105, 106, 107, 108, 109, 110, 111, 112, 113, 114, 115, 116, 117, 118, 119, 120, 121, 122, 123, 124, 125, 126, 128, 129, 130, 131, 132, 133, 135, 136, 137, 138, 139, 140, 141, 142, 143, 144, 146, 147, 149, 152, 153, 156, 157, 158, 159, 160, 161, 163, 165, 167, 168, 169, 170, 171, 172, 173, 174, 175, 176, 177, 178, 179, 180, 181, 182, 183, 185, 186, 187, 188, 189, 190, 191, 192, 193, 194, 196, 197, 198, 199, 200, 201, 203, 204, 205, 206, 208, 209, 210, 211, 212, 213, 219, 220, 221, 223, 225, 226, 228, 235, 237, 238, 239, 240, 242, 243, 247, 248, 249, 250, 251, 252, 253, 254, 255, 256, 257, 258, 259, 260, 261, 264, 266, 267, 268, 269, 270, 271, 272, 274, 275, 278, 279, 281, 284, 285, 286, 287, 289, 291, 294, 295, 296, 297, 298, 299, 300, 302, 304, 305, 307, 308, 309, 310, 312, 313, 314, 315, 316, 317, 319, 320, 321, 322, 323, 324, 326, 327, 330, 331, 332, 334, 335, 336, 343, 344, 345, 346, 348, 349, 351, 354, 357, 363, 364, 367, 373, 379, 381, 382, 384, 385, 386, 387, 388, 389, 395, 396, 397, 398, 399, 400, 401, 402, 403, 404, 405, 406, 407, 408, 409, 410, 411, 415, 418, 419, 420, 422]",312,False,3.198500929615183e-05,1.0169598993092619e-08,1.0658279899052912e-05,10.0
FT7,220,220,103,117,984,0.4681818181818182,0.09475620975160993,0.15761285386381024,cao2018,S12/060710_1m,all_channel,mean,mean__all_channel__FT7,32,423,"[0, 1, 2, 3, 4, 6, 7, 8, 9, 10, 11, 13, 15, 16, 17, 18, 19, 20, 21, 22, 24, 25, 26, 27, 28, 29, 30, 31, 32, 33, 34, 35, 36, 37, 38, 39, 41, 42, 43, 44, 45, 46, 48, 49, 50, 51, 52, 53, 54, 55, 56, 57, 58, 59, 60, 61, 62, 64, 65, 66, 69, 70, 71, 72, 73, 74, 75, 77, 78, 79, 80, 81, 82, 83, 84, 85, 86, 87, 88, 89, 90, 91, 92, 93, 94, 95, 97, 98, 99, 100, 102, 104, 105, 106, 107, 108, 109, 110, 111, 112, 113, 114, 115, 116, 117, 118, 119, 120, 121, 122, 123, 124, 125, 126, 128, 129, 130, 131, 132, 133, 135, 136, 137, 138, 139, 140, 141, 142, 143, 144, 146, 147, 149, 152, 153, 156, 157, 158, 159, 160, 161, 163, 165, 167, 168, 169, 170, 171, 172, 173, 174, 175, 176, 177, 178, 179, 180, 181, 182, 183, 185, 186, 187, 188, 189, 190, 191, 192, 193, 194, 196, 197, 198, 199, 200, 201, 203, 204, 205, 206, 208, 209, 210, 211, 212, 213, 219, 220, 221, 223, 225, 226, 228, 235, 237, 238, 239, 240, 242, 243, 247, 248, 249, 250, 251, 252, 253, 254, 255, 256, 257, 258, 259, 260, 261, 264, 266, 267, 268, 269, 270, 271, 272, 274, 275, 278, 279, 281, 284, 285, 286, 287, 289, 291, 294, 295, 296, 297, 298, 299, 300, 302, 304, 305, 307, 308, 309, 310, 312, 313, 314, 315, 316, 317, 319, 320, 321, 322, 323, 324, 326, 327, 330, 331, 332, 334, 335, 336, 343, 344, 345, 346, 348, 349, 351, 354, 357, 363, 364, 367, 373, 379, 381, 382, 384, 385, 386, 387, 388, 389, 395, 396, 397, 398, 399, 400, 401, 402, 403, 404, 405, 406, 407, 408, 409, 410, 411, 415, 418, 419, 420, 422]",312,False,3.7025618999521764e-05,-1.6551058705360482e-08,1.2347390019409042e-05,10.0
C4,135,135,86,49,1001,0.6370370370370371,0.07911683532658693,0.14075286415711946,cao2018,S12/060710_1m,all_channel,mean,mean__all_channel__C4,32,423,"[0, 1, 2, 3, 4, 6, 7, 8, 9, 10, 11, 13, 15, 16, 17, 18, 19, 20, 21, 22, 24, 25, 26, 27, 28, 29, 30, 31, 32, 33, 34, 35, 36, 37, 38, 39, 41, 42, 43, 44, 45, 46, 48, 49, 50, 51, 52, 53, 54, 55, 56, 57, 58, 59, 60, 61, 62, 64, 65, 66, 69, 70, 71, 72, 73, 74, 75, 77, 78, 79, 80, 81, 82, 83, 84, 85, 86, 87, 88, 89, 90, 91, 92, 93, 94, 95, 97, 98, 99, 100, 102, 104, 105, 106, 107, 108, 109, 110, 111, 112, 113, 114, 115, 116, 117, 118, 119, 120, 121, 122, 123, 124, 125, 126, 128, 129, 130, 131, 132, 133, 135, 136, 137, 138, 139, 140, 141, 142, 143, 144, 146, 147, 149, 152, 153, 156, 157, 158, 159, 160, 161, 163, 165, 167, 168, 169, 170, 171, 172, 173, 174, 175, 176, 177, 178, 179, 180, 181, 182, 183, 185, 186, 187, 188, 189, 190, 191, 192, 193, 194, 196, 197, 198, 199, 200, 201, 203, 204, 205, 206, 208, 209, 210, 211, 212, 213, 219, 220, 221, 223, 225, 226, 228, 235, 237, 238, 239, 240, 242, 243, 247, 248, 249, 250, 251, 252, 253, 254, 255, 256, 257, 258, 259, 260, 261, 264, 266, 267, 268, 269, 270, 271, 272, 274, 275, 278, 279, 281, 284, 285, 286, 287, 289, 291, 294, 295, 296, 297, 298, 299, 300, 302, 304, 305, 307, 308, 309, 310, 312, 313, 314, 315, 316, 317, 319, 320, 321, 322, 323, 324, 326, 327, 330, 331, 332, 334, 335, 336, 343, 344, 345, 346, 348, 349, 351, 354, 357, 363, 364, 367, 373, 379, 381, 382, 384, 385, 386, 387, 388, 389, 395, 396, 397, 398, 399, 400, 401, 402, 403, 404, 405, 406, 407, 408, 409, 410, 411, 415, 418, 419, 420, 422]",312,False,3.274608831606968e-05,3.70324945808717e-09,1.0914128355537198e-05,10.0
T3,138,138,48,90,1039,0.34782608695652173,0.04415823367065318,0.07836734693877552,cao2018,S12/060710_1m,all_channel,mean,mean__all_channel__T3,32,423,"[0, 1, 2, 3, 4, 6, 7, 8, 9, 10, 11, 13, 15, 16, 17, 18, 19, 20, 21, 22, 24, 25, 26, 27, 28, 29, 30, 31, 32, 33, 34, 35, 36, 37, 38, 39, 41, 42, 43, 44, 45, 46, 48, 49, 50, 51, 52, 53, 54, 55, 56, 57, 58, 59, 60, 61, 62, 64, 65, 66, 69, 70, 71, 72, 73, 74, 75, 77, 78, 79, 80, 81, 82, 83, 84, 85, 86, 87, 88, 89, 90, 91, 92, 93, 94, 95, 97, 98, 99, 100, 102, 104, 105, 106, 107, 108, 109, 110, 111, 112, 113, 114, 115, 116, 117, 118, 119, 120, 121, 122, 123, 124, 125, 126, 128, 129, 130, 131, 132, 133, 135, 136, 137, 138, 139, 140, 141, 142, 143, 144, 146, 147, 149, 152, 153, 156, 157, 158, 159, 160, 161, 163, 165, 167, 168, 169, 170, 171, 172, 173, 174, 175, 176, 177, 178, 179, 180, 181, 182, 183, 185, 186, 187, 188, 189, 190, 191, 192, 193, 194, 196, 197, 198, 199, 200, 201, 203, 204, 205, 206, 208, 209, 210, 211, 212, 213, 219, 220, 221, 223, 225, 226, 228, 235, 237, 238, 239, 240, 242, 243, 247, 248, 249, 250, 251, 252, 253, 254, 255, 256, 257, 258, 259, 260, 261, 264, 266, 267, 268, 269, 270, 271, 272, 274, 275, 278, 279, 281, 284, 285, 286, 287, 289, 291, 294, 295, 296, 297, 298, 299, 300, 302, 304, 305, 307, 308, 309, 310, 312, 313, 314, 315, 316, 317, 319, 320, 321, 322, 323, 324, 326, 327, 330, 331, 332, 334, 335, 336, 343, 344, 345, 346, 348, 349, 351, 354, 357, 363, 364, 367, 373, 379, 381, 382, 384, 385, 386, 387, 388, 389, 395, 396, 397, 398, 399, 400, 401, 402, 403, 404, 405, 406, 407, 408, 409, 410, 411, 415, 418, 419, 420, 422]",312,False,3.1426707405745954e-05,-7.7060484883008e-08,1.0501255963542986e-05,10.0
CP4,73,73,44,29,1043,0.6027397260273972,0.040478380864765406,0.07586206896551723,cao2018,S12/060710_1m,all_channel,mean,mean__all_channel__CP4,32,423,"[0, 1, 2, 3, 4, 6, 7, 8, 9, 10, 11, 13, 15, 16, 17, 18, 19, 20, 21, 22, 24, 25, 26, 27, 28, 29, 30, 31, 32, 33, 34, 35, 36, 37, 38, 39, 41, 42, 43, 44, 45, 46, 48, 49, 50, 51, 52, 53, 54, 55, 56, 57, 58, 59, 60, 61, 62, 64, 65, 66, 69, 70, 71, 72, 73, 74, 75, 77, 78, 79, 80, 81, 82, 83, 84, 85, 86, 87, 88, 89, 90, 91, 92, 93, 94, 95, 97, 98, 99, 100, 102, 104, 105, 106, 107, 108, 109, 110, 111, 112, 113, 114, 115, 116, 117, 118, 119, 120, 121, 122, 123, 124, 125, 126, 128, 129, 130, 131, 132, 133, 135, 136, 137, 138, 139, 140, 141, 142, 143, 144, 146, 147, 149, 152, 153, 156, 157, 158, 159, 160, 161, 163, 165, 167, 168, 169, 170, 171, 172, 173, 174, 175, 176, 177, 178, 179, 180, 181, 182, 183, 185, 186, 187, 188, 189, 190, 191, 192, 193, 194, 196, 197, 198, 199, 200, 201, 203, 204, 205, 206, 208, 209, 210, 211, 212, 213, 219, 220, 221, 223, 225, 226, 228, 235, 237, 238, 239, 240, 242, 243, 247, 248, 249, 250, 251, 252, 253, 254, 255, 256, 257, 258, 259, 260, 261, 264, 266, 267, 268, 269, 270, 271, 272, 274, 275, 278, 279, 281, 284, 285, 286, 287, 289, 291, 294, 295, 296, 297, 298, 299, 300, 302, 304, 305, 307, 308, 309, 310, 312, 313, 314, 315, 316, 317, 319, 320, 321, 322, 323, 324, 326, 327, 330, 331, 332, 334, 335, 336, 343, 344, 345, 346, 348, 349, 351, 354, 357, 363, 364, 367, 373, 379, 381, 382, 384, 385, 386, 387, 388, 389, 395, 396, 397, 398, 399, 400, 401, 402, 403, 404, 405, 406, 407, 408, 409, 410, 411, 415, 418, 419, 420, 422]",312,False,2.9558463792336144e-05,-1.1314421008067032e-09,9.853198411478984e-06,10.0
T4,191,191,45,146,1042,0.2356020942408377,0.04139834406623735,0.07042253521126761,cao2018,S12/060710_1m,all_channel,mean,mean__all_channel__T4,32,423,"[0, 1, 2, 3, 4, 6, 7, 8, 9, 10, 11, 13, 15, 16, 17, 18, 19, 20, 21, 22, 24, 25, 26, 27, 28, 29, 30, 31, 32, 33, 34, 35, 36, 37, 38, 39, 41, 42, 43, 44, 45, 46, 48, 49, 50, 51, 52, 53, 54, 55, 56, 57, 58, 59, 60, 61, 62, 64, 65, 66, 69, 70, 71, 72, 73, 74, 75, 77, 78, 79, 80, 81, 82, 83, 84, 85, 86, 87, 88, 89, 90, 91, 92, 93, 94, 95, 97, 98, 99, 100, 102, 104, 105, 106, 107, 108, 109, 110, 111, 112, 113, 114, 115, 116, 117, 118, 119, 120, 121, 122, 123, 124, 125, 126, 128, 129, 130, 131, 132, 133, 135, 136, 137, 138, 139, 140, 141, 142, 143, 144, 146, 147, 149, 152, 153, 156, 157, 158, 159, 160, 161, 163, 165, 167, 168, 169, 170, 171, 172, 173, 174, 175, 176, 177, 178, 179, 180, 181, 182, 183, 185, 186, 187, 188, 189, 190, 191, 192, 193, 194, 196, 197, 198, 199, 200, 201, 203, 204, 205, 206, 208, 209, 210, 211, 212, 213, 219, 220, 221, 223, 225, 226, 228, 235, 237, 238, 239, 240, 242, 243, 247, 248, 249, 250, 251, 252, 253, 254, 255, 256, 257, 258, 259, 260, 261, 264, 266, 267, 268, 269, 270, 271, 272, 274, 275, 278, 279, 281, 284, 285, 286, 287, 289, 291, 294, 295, 296, 297, 298, 299, 300, 302, 304, 305, 307, 308, 309, 310, 312, 313, 314, 315, 316, 317, 319, 320, 321, 322, 323, 324, 326, 327, 330, 331, 332, 334, 335, 336, 343, 344, 345, 346, 348, 349, 351, 354, 357, 363, 364, 367, 373, 379, 381, 382, 384, 385, 386, 387, 388, 389, 395, 396, 397, 398, 399, 400, 401, 402, 403, 404, 405, 406, 407, 408, 409, 410, 411, 415, 418, 419, 420, 422]",312,False,3.618793528357904e-05,-1.825006364440825e-08,1.2068728449074482e-05,10.0
CP3,76,76,37,39,1050,0.4868421052631579,0.03403863845446182,0.06362854686156492,cao2018,S12/060710_1m,all_channel,mean,mean__all_channel__CP3,32,423,"[0, 1, 2, 3, 4, 6, 7, 8, 9, 10, 11, 13, 15, 16, 17, 18, 19, 20, 21, 22, 24, 25, 26, 27, 28, 29, 30, 31, 32, 33, 34, 35, 36, 37, 38, 39, 41, 42, 43, 44, 45, 46, 48, 49, 50, 51, 52, 53, 54, 55, 56, 57, 58, 59, 60, 61, 62, 64, 65, 66, 69, 70, 71, 72, 73, 74, 75, 77, 78, 79, 80, 81, 82, 83, 84, 85, 86, 87, 88, 89, 90, 91, 92, 93, 94, 95, 97, 98, 99, 100, 102, 104, 105, 106, 107, 108, 109, 110, 111, 112, 113, 114, 115, 116, 117, 118, 119, 120, 121, 122, 123, 124, 125, 126, 128, 129, 130, 131, 132, 133, 135, 136, 137, 138, 139, 140, 141, 142, 143, 144, 146, 147, 149, 152, 153, 156, 157, 158, 159, 160, 161, 163, 165, 167, 168, 169, 170, 171, 172, 173, 174, 175, 176, 177, 178, 179, 180, 181, 182, 183, 185, 186, 187, 188, 189, 190, 191, 192, 193, 194, 196, 197, 198, 199, 200, 201, 203, 204, 205, 206, 208, 209, 210, 211, 212, 213, 219, 220, 221, 223, 225, 226, 228, 235, 237, 238, 239, 240, 242, 243, 247, 248, 249, 250, 251, 252, 253, 254, 255, 256, 257, 258, 259, 260, 261, 264, 266, 267, 268, 269, 270, 271, 272, 274, 275, 278, 279, 281, 284, 285, 286, 287, 289, 291, 294, 295, 296, 297, 298, 299, 300, 302, 304, 305, 307, 308, 309, 310, 312, 313, 314, 315, 316, 317, 319, 320, 321, 322, 323, 324, 326, 327, 330, 331, 332, 334, 335, 336, 343, 344, 345, 346, 348, 349, 351, 354, 357, 363, 364, 367, 373, 379, 381, 382, 384, 385, 386, 387, 388, 389, 395, 396, 397, 398, 399, 400, 401, 402, 403, 404, 405, 406, 407, 408, 409, 410, 411, 415, 418, 419, 420, 422]",312,False,2.839862821209238e-05,-2.7886588704980735e-09,9.467138956987626e-06,10.0
CZ,84,84,37,47,1050,0.44047619047619047,0.03403863845446182,0.0631938514090521,cao2018,S12/060710_1m,all_channel,mean,mean__all_channel__CZ,32,423,"[0, 1, 2, 3, 4, 6, 7, 8, 9, 10, 11, 13, 15, 16, 17, 18, 19, 20, 21, 22, 24, 25, 26, 27, 28, 29, 30, 31, 32, 33, 34, 35, 36, 37, 38, 39, 41, 42, 43, 44, 45, 46, 48, 49, 50, 51, 52, 53, 54, 55, 56, 57, 58, 59, 60, 61, 62, 64, 65, 66, 69, 70, 71, 72, 73, 74, 75, 77, 78, 79, 80, 81, 82, 83, 84, 85, 86, 87, 88, 89, 90, 91, 92, 93, 94, 95, 97, 98, 99, 100, 102, 104, 105, 106, 107, 108, 109, 110, 111, 112, 113, 114, 115, 116, 117, 118, 119, 120, 121, 122, 123, 124, 125, 126, 128, 129, 130, 131, 132, 133, 135, 136, 137, 138, 139, 140, 141, 142, 143, 144, 146, 147, 149, 152, 153, 156, 157, 158, 159, 160, 161, 163, 165, 167, 168, 169, 170, 171, 172, 173, 174, 175, 176, 177, 178, 179, 180, 181, 182, 183, 185, 186, 187, 188, 189, 190, 191, 192, 193, 194, 196, 197, 198, 199, 200, 201, 203, 204, 205, 206, 208, 209, 210, 211, 212, 213, 219, 220, 221, 223, 225, 226, 228, 235, 237, 238, 239, 240, 242, 243, 247, 248, 249, 250, 251, 252, 253, 254, 255, 256, 257, 258, 259, 260, 261, 264, 266, 267, 268, 269, 270, 271, 272, 274, 275, 278, 279, 281, 284, 285, 286, 287, 289, 291, 294, 295, 296, 297, 298, 299, 300, 302, 304, 305, 307, 308, 309, 310, 312, 313, 314, 315, 316, 317, 319, 320, 321, 322, 323, 324, 326, 327, 330, 331, 332, 334, 335, 336, 343, 344, 345, 346, 348, 349, 351, 354, 357, 363, 364, 367, 373, 379, 381, 382, 384, 385, 386, 387, 388, 389, 395, 396, 397, 398, 399, 400, 401, 402, 403, 404, 405, 406, 407, 408, 409, 410, 411, 415, 418, 419, 420, 422]",312,False,3.454007198288615e-05,1.2432434819877585e-08,1.1509213182688758e-05,10.0
P3,261,261,42,219,1045,0.16091954022988506,0.03863845446182153,0.062314540059347175,cao2018,S12/060710_1m,all_channel,mean,mean__all_channel__P3,32,423,"[0, 1, 2, 3, 4, 6, 7, 8, 9, 10, 11, 13, 15, 16, 17, 18, 19, 20, 21, 22, 24, 25, 26, 27, 28, 29, 30, 31, 32, 33, 34, 35, 36, 37, 38, 39, 41, 42, 43, 44, 45, 46, 48, 49, 50, 51, 52, 53, 54, 55, 56, 57, 58, 59, 60, 61, 62, 64, 65, 66, 69, 70, 71, 72, 73, 74, 75, 77, 78, 79, 80, 81, 82, 83, 84, 85, 86, 87, 88, 89, 90, 91, 92, 93, 94, 95, 97, 98, 99, 100, 102, 104, 105, 106, 107, 108, 109, 110, 111, 112, 113, 114, 115, 116, 117, 118, 119, 120, 121, 122, 123, 124, 125, 126, 128, 129, 130, 131, 132, 133, 135, 136, 137, 138, 139, 140, 141, 142, 143, 144, 146, 147, 149, 152, 153, 156, 157, 158, 159, 160, 161, 163, 165, 167, 168, 169, 170, 171, 172, 173, 174, 175, 176, 177, 178, 179, 180, 181, 182, 183, 185, 186, 187, 188, 189, 190, 191, 192, 193, 194, 196, 197, 198, 199, 200, 201, 203, 204, 205, 206, 208, 209, 210, 211, 212, 213, 219, 220, 221, 223, 225, 226, 228, 235, 237, 238, 239, 240, 242, 243, 247, 248, 249, 250, 251, 252, 253, 254, 255, 256, 257, 258, 259, 260, 261, 264, 266, 267, 268, 269, 270, 271, 272, 274, 275, 278, 279, 281, 284, 285, 286, 287, 289, 291, 294, 295, 296, 297, 298, 299, 300, 302, 304, 305, 307, 308, 309, 310, 312, 313, 314, 315, 316, 317, 319, 320, 321, 322, 323, 324, 326, 327, 330, 331, 332, 334, 335, 336, 343, 344, 345, 346, 348, 349, 351, 354, 357, 363, 364, 367, 373, 379, 381, 382, 384, 385, 386, 387, 388, 389, 395, 396, 397, 398, 399, 400, 401, 402, 403, 404, 405, 406, 407, 408, 409, 410, 411, 415, 418, 419, 420, 422]",312,False,3.2173022569451535e-05,-1.6578656522783603e-09,1.0724893478367937e-05,10.0
O1,235,235,32,203,1055,0.13617021276595745,0.029438822447102116,0.04841149773071104,cao2018,S12/060710_1m,all_channel,mean,mean__all_channel__O1,32,423,"[0, 1, 2, 3, 4, 6, 7, 8, 9, 10, 11, 13, 15, 16, 17, 18, 19, 20, 21, 22, 24, 25, 26, 27, 28, 29, 30, 31, 32, 33, 34, 35, 36, 37, 38, 39, 41, 42, 43, 44, 45, 46, 48, 49, 50, 51, 52, 53, 54, 55, 56, 57, 58, 59, 60, 61, 62, 64, 65, 66, 69, 70, 71, 72, 73, 74, 75, 77, 78, 79, 80, 81, 82, 83, 84, 85, 86, 87, 88, 89, 90, 91, 92, 93, 94, 95, 97, 98, 99, 100, 102, 104, 105, 106, 107, 108, 109, 110, 111, 112, 113, 114, 115, 116, 117, 118, 119, 120, 121, 122, 123, 124, 125, 126, 128, 129, 130, 131, 132, 133, 135, 136, 137, 138, 139, 140, 141, 142, 143, 144, 146, 147, 149, 152, 153, 156, 157, 158, 159, 160, 161, 163, 165, 167, 168, 169, 170, 171, 172, 173, 174, 175, 176, 177, 178, 179, 180, 181, 182, 183, 185, 186, 187, 188, 189, 190, 191, 192, 193, 194, 196, 197, 198, 199, 200, 201, 203, 204, 205, 206, 208, 209, 210, 211, 212, 213, 219, 220, 221, 223, 225, 226, 228, 235, 237, 238, 239, 240, 242, 243, 247, 248, 249, 250, 251, 252, 253, 254, 255, 256, 257, 258, 259, 260, 261, 264, 266, 267, 268, 269, 270, 271, 272, 274, 275, 278, 279, 281, 284, 285, 286, 287, 289, 291, 294, 295, 296, 297, 298, 299, 300, 302, 304, 305, 307, 308, 309, 310, 312, 313, 314, 315, 316, 317, 319, 320, 321, 322, 323, 324, 326, 327, 330, 331, 332, 334, 335, 336, 343, 344, 345, 346, 348, 349, 351, 354, 357, 363, 364, 367, 373, 379, 381, 382, 384, 385, 386, 387, 388, 389, 395, 396, 397, 398, 399, 400, 401, 402, 403, 404, 405, 406, 407, 408, 409, 410, 411, 415, 418, 419, 420, 422]",312,False,2.451986065345836e-05,-8.745609547637155e-09,8.176202087668666e-06,10.0
P4,137,137,29,108,1058,0.2116788321167883,0.02667893284268629,0.04738562091503268,cao2018,S12/060710_1m,all_channel,mean,mean__all_channel__P4,32,423,"[0, 1, 2, 3, 4, 6, 7, 8, 9, 10, 11, 13, 15, 16, 17, 18, 19, 20, 21, 22, 24, 25, 26, 27, 28, 29, 30, 31, 32, 33, 34, 35, 36, 37, 38, 39, 41, 42, 43, 44, 45, 46, 48, 49, 50, 51, 52, 53, 54, 55, 56, 57, 58, 59, 60, 61, 62, 64, 65, 66, 69, 70, 71, 72, 73, 74, 75, 77, 78, 79, 80, 81, 82, 83, 84, 85, 86, 87, 88, 89, 90, 91, 92, 93, 94, 95, 97, 98, 99, 100, 102, 104, 105, 106, 107, 108, 109, 110, 111, 112, 113, 114, 115, 116, 117, 118, 119, 120, 121, 122, 123, 124, 125, 126, 128, 129, 130, 131, 132, 133, 135, 136, 137, 138, 139, 140, 141, 142, 143, 144, 146, 147, 149, 152, 153, 156, 157, 158, 159, 160, 161, 163, 165, 167, 168, 169, 170, 171, 172, 173, 174, 175, 176, 177, 178, 179, 180, 181, 182, 183, 185, 186, 187, 188, 189, 190, 191, 192, 193, 194, 196, 197, 198, 199, 200, 201, 203, 204, 205, 206, 208, 209, 210, 211, 212, 213, 219, 220, 221, 223, 225, 226, 228, 235, 237, 238, 239, 240, 242, 243, 247, 248, 249, 250, 251, 252, 253, 254, 255, 256, 257, 258, 259, 260, 261, 264, 266, 267, 268, 269, 270, 271, 272, 274, 275, 278, 279, 281, 284, 285, 286, 287, 289, 291, 294, 295, 296, 297, 298, 299, 300, 302, 304, 305, 307, 308, 309, 310, 312, 313, 314, 315, 316, 317, 319, 320, 321, 322, 323, 324, 326, 327, 330, 331, 332, 334, 335, 336, 343, 344, 345, 346, 348, 349, 351, 354, 357, 363, 364, 367, 373, 379, 381, 382, 384, 385, 386, 387, 388, 389, 395, 396, 397, 398, 399, 400, 401, 402, 403, 404, 405, 406, 407, 408, 409, 410, 411, 415, 418, 419, 420, 422]",312,False,3.379615766605234e-05,-1.9215674358594833e-08,1.1271791113470312e-05,10.0
TP8,105,105,25,80,1062,0.23809523809523808,0.022999080036798528,0.04194630872483222,cao2018,S12/060710_1m,all_channel,mean,mean__all_channel__TP8,32,423,"[0, 1, 2, 3, 4, 6, 7, 8, 9, 10, 11, 13, 15, 16, 17, 18, 19, 20, 21, 22, 24, 25, 26, 27, 28, 29, 30, 31, 32, 33, 34, 35, 36, 37, 38, 39, 41, 42, 43, 44, 45, 46, 48, 49, 50, 51, 52, 53, 54, 55, 56, 57, 58, 59, 60, 61, 62, 64, 65, 66, 69, 70, 71, 72, 73, 74, 75, 77, 78, 79, 80, 81, 82, 83, 84, 85, 86, 87, 88, 89, 90, 91, 92, 93, 94, 95, 97, 98, 99, 100, 102, 104, 105, 106, 107, 108, 109, 110, 111, 112, 113, 114, 115, 116, 117, 118, 119, 120, 121, 122, 123, 124, 125, 126, 128, 129, 130, 131, 132, 133, 135, 136, 137, 138, 139, 140, 141, 142, 143, 144, 146, 147, 149, 152, 153, 156, 157, 158, 159, 160, 161, 163, 165, 167, 168, 169, 170, 171, 172, 173, 174, 175, 176, 177, 178, 179, 180, 181, 182, 183, 185, 186, 187, 188, 189, 190, 191, 192, 193, 194, 196, 197, 198, 199, 200, 201, 203, 204, 205, 206, 208, 209, 210, 211, 212, 213, 219, 220, 221, 223, 225, 226, 228, 235, 237, 238, 239, 240, 242, 243, 247, 248, 249, 250, 251, 252, 253, 254, 255, 256, 257, 258, 259, 260, 261, 264, 266, 267, 268, 269, 270, 271, 272, 274, 275, 278, 279, 281, 284, 285, 286, 287, 289, 291, 294, 295, 296, 297, 298, 299, 300, 302, 304, 305, 307, 308, 309, 310, 312, 313, 314, 315, 316, 317, 319, 320, 321, 322, 323, 324, 326, 327, 330, 331, 332, 334, 335, 336, 343, 344, 345, 346, 348, 349, 351, 354, 357, 363, 364, 367, 373, 379, 381, 382, 384, 385, 386, 387, 388, 389, 395, 396, 397, 398, 399, 400, 401, 402, 403, 404, 405, 406, 407, 408, 409, 410, 411, 415, 418, 419, 420, 422]",312,False,2.5775511529089787e-05,-1.985437278706018e-08,8.598455300625616e-06,10.0
TP7,121,121,22,99,1065,0.18181818181818182,0.020239190432382703,0.03642384105960265,cao2018,S12/060710_1m,all_channel,mean,mean__all_channel__TP7,32,423,"[0, 1, 2, 3, 4, 6, 7, 8, 9, 10, 11, 13, 15, 16, 17, 18, 19, 20, 21, 22, 24, 25, 26, 27, 28, 29, 30, 31, 32, 33, 34, 35, 36, 37, 38, 39, 41, 42, 43, 44, 45, 46, 48, 49, 50, 51, 52, 53, 54, 55, 56, 57, 58, 59, 60, 61, 62, 64, 65, 66, 69, 70, 71, 72, 73, 74, 75, 77, 78, 79, 80, 81, 82, 83, 84, 85, 86, 87, 88, 89, 90, 91, 92, 93, 94, 95, 97, 98, 99, 100, 102, 104, 105, 106, 107, 108, 109, 110, 111, 112, 113, 114, 115, 116, 117, 118, 119, 120, 121, 122, 123, 124, 125, 126, 128, 129, 130, 131, 132, 133, 135, 136, 137, 138, 139, 140, 141, 142, 143, 144, 146, 147, 149, 152, 153, 156, 157, 158, 159, 160, 161, 163, 165, 167, 168, 169, 170, 171, 172, 173, 174, 175, 176, 177, 178, 179, 180, 181, 182, 183, 185, 186, 187, 188, 189, 190, 191, 192, 193, 194, 196, 197, 198, 199, 200, 201, 203, 204, 205, 206, 208, 209, 210, 211, 212, 213, 219, 220, 221, 223, 225, 226, 228, 235, 237, 238, 239, 240, 242, 243, 247, 248, 249, 250, 251, 252, 253, 254, 255, 256, 257, 258, 259, 260, 261, 264, 266, 267, 268, 269, 270, 271, 272, 274, 275, 278, 279, 281, 284, 285, 286, 287, 289, 291, 294, 295, 296, 297, 298, 299, 300, 302, 304, 305, 307, 308, 309, 310, 312, 313, 314, 315, 316, 317, 319, 320, 321, 322, 323, 324, 326, 327, 330, 331, 332, 334, 335, 336, 343, 344, 345, 346, 348, 349, 351, 354, 357, 363, 364, 367, 373, 379, 381, 382, 384, 385, 386, 387, 388, 389, 395, 396, 397, 398, 399, 400, 401, 402, 403, 404, 405, 406, 407, 408, 409, 410, 411, 415, 418, 419, 420, 422]",312,False,1.6863532739806277e-05,-3.3133647672253696e-09,5.6222820348578345e-06,10.0
CPZ,42,42,20,22,1067,0.47619047619047616,0.01839926402943882,0.03542958370239149,cao2018,S12/060710_1m,all_channel,mean,mean__all_channel__CPZ,32,423,"[0, 1, 2, 3, 4, 6, 7, 8, 9, 10, 11, 13, 15, 16, 17, 18, 19, 20, 21, 22, 24, 25, 26, 27, 28, 29, 30, 31, 32, 33, 34, 35, 36, 37, 38, 39, 41, 42, 43, 44, 45, 46, 48, 49, 50, 51, 52, 53, 54, 55, 56, 57, 58, 59, 60, 61, 62, 64, 65, 66, 69, 70, 71, 72, 73, 74, 75, 77, 78, 79, 80, 81, 82, 83, 84, 85, 86, 87, 88, 89, 90, 91, 92, 93, 94, 95, 97, 98, 99, 100, 102, 104, 105, 106, 107, 108, 109, 110, 111, 112, 113, 114, 115, 116, 117, 118, 119, 120, 121, 122, 123, 124, 125, 126, 128, 129, 130, 131, 132, 133, 135, 136, 137, 138, 139, 140, 141, 142, 143, 144, 146, 147, 149, 152, 153, 156, 157, 158, 159, 160, 161, 163, 165, 167, 168, 169, 170, 171, 172, 173, 174, 175, 176, 177, 178, 179, 180, 181, 182, 183, 185, 186, 187, 188, 189, 190, 191, 192, 193, 194, 196, 197, 198, 199, 200, 201, 203, 204, 205, 206, 208, 209, 210, 211, 212, 213, 219, 220, 221, 223, 225, 226, 228, 235, 237, 238, 239, 240, 242, 243, 247, 248, 249, 250, 251, 252, 253, 254, 255, 256, 257, 258, 259, 260, 261, 264, 266, 267, 268, 269, 270, 271, 272, 274, 275, 278, 279, 281, 284, 285, 286, 287, 289, 291, 294, 295, 296, 297, 298, 299, 300, 302, 304, 305, 307, 308, 309, 310, 312, 313, 314, 315, 316, 317, 319, 320, 321, 322, 323, 324, 326, 327, 330, 331, 332, 334, 335, 336, 343, 344, 345, 346, 348, 349, 351, 354, 357, 363, 364, 367, 373, 379, 381, 382, 384, 385, 386, 387, 388, 389, 395, 396, 397, 398, 399, 400, 401, 402, 403, 404, 405, 406, 407, 408, 409, 410, 411, 415, 418, 419, 420, 422]",312,False,3.058406353248917e-05,2.452542762746745e-09,1.0193870329908806e-05,10.0
T5,117,117,20,97,1067,0.17094017094017094,0.01839926402943882,0.03322259136212625,cao2018,S12/060710_1m,all_channel,mean,mean__all_channel__T5,32,423,"[0, 1, 2, 3, 4, 6, 7, 8, 9, 10, 11, 13, 15, 16, 17, 18, 19, 20, 21, 22, 24, 25, 26, 27, 28, 29, 30, 31, 32, 33, 34, 35, 36, 37, 38, 39, 41, 42, 43, 44, 45, 46, 48, 49, 50, 51, 52, 53, 54, 55, 56, 57, 58, 59, 60, 61, 62, 64, 65, 66, 69, 70, 71, 72, 73, 74, 75, 77, 78, 79, 80, 81, 82, 83, 84, 85, 86, 87, 88, 89, 90, 91, 92, 93, 94, 95, 97, 98, 99, 100, 102, 104, 105, 106, 107, 108, 109, 110, 111, 112, 113, 114, 115, 116, 117, 118, 119, 120, 121, 122, 123, 124, 125, 126, 128, 129, 130, 131, 132, 133, 135, 136, 137, 138, 139, 140, 141, 142, 143, 144, 146, 147, 149, 152, 153, 156, 157, 158, 159, 160, 161, 163, 165, 167, 168, 169, 170, 171, 172, 173, 174, 175, 176, 177, 178, 179, 180, 181, 182, 183, 185, 186, 187, 188, 189, 190, 191, 192, 193, 194, 196, 197, 198, 199, 200, 201, 203, 204, 205, 206, 208, 209, 210, 211, 212, 213, 219, 220, 221, 223, 225, 226, 228, 235, 237, 238, 239, 240, 242, 243, 247, 248, 249, 250, 251, 252, 253, 254, 255, 256, 257, 258, 259, 260, 261, 264, 266, 267, 268, 269, 270, 271, 272, 274, 275, 278, 279, 281, 284, 285, 286, 287, 289, 291, 294, 295, 296, 297, 298, 299, 300, 302, 304, 305, 307, 308, 309, 310, 312, 313, 314, 315, 316, 317, 319, 320, 321, 322, 323, 324, 326, 327, 330, 331, 332, 334, 335, 336, 343, 344, 345, 346, 348, 349, 351, 354, 357, 363, 364, 367, 373, 379, 381, 382, 384, 385, 386, 387, 388, 389, 395, 396, 397, 398, 399, 400, 401, 402, 403, 404, 405, 406, 407, 408, 409, 410, 411, 415, 418, 419, 420, 422]",312,False,1.665191296569284e-05,-1.3450124363899987e-09,5.551085992709743e-06,10.0
O2,134,134,16,118,1071,0.11940298507462686,0.014719411223551058,0.026208026208026206,cao2018,S12/060710_1m,all_channel,mean,mean__all_channel__O2,32,423,"[0, 1, 2, 3, 4, 6, 7, 8, 9, 10, 11, 13, 15, 16, 17, 18, 19, 20, 21, 22, 24, 25, 26, 27, 28, 29, 30, 31, 32, 33, 34, 35, 36, 37, 38, 39, 41, 42, 43, 44, 45, 46, 48, 49, 50, 51, 52, 53, 54, 55, 56, 57, 58, 59, 60, 61, 62, 64, 65, 66, 69, 70, 71, 72, 73, 74, 75, 77, 78, 79, 80, 81, 82, 83, 84, 85, 86, 87, 88, 89, 90, 91, 92, 93, 94, 95, 97, 98, 99, 100, 102, 104, 105, 106, 107, 108, 109, 110, 111, 112, 113, 114, 115, 116, 117, 118, 119, 120, 121, 122, 123, 124, 125, 126, 128, 129, 130, 131, 132, 133, 135, 136, 137, 138, 139, 140, 141, 142, 143, 144, 146, 147, 149, 152, 153, 156, 157, 158, 159, 160, 161, 163, 165, 167, 168, 169, 170, 171, 172, 173, 174, 175, 176, 177, 178, 179, 180, 181, 182, 183, 185, 186, 187, 188, 189, 190, 191, 192, 193, 194, 196, 197, 198, 199, 200, 201, 203, 204, 205, 206, 208, 209, 210, 211, 212, 213, 219, 220, 221, 223, 225, 226, 228, 235, 237, 238, 239, 240, 242, 243, 247, 248, 249, 250, 251, 252, 253, 254, 255, 256, 257, 258, 259, 260, 261, 264, 266, 267, 268, 269, 270, 271, 272, 274, 275, 278, 279, 281, 284, 285, 286, 287, 289, 291, 294, 295, 296, 297, 298, 299, 300, 302, 304, 305, 307, 308, 309, 310, 312, 313, 314, 315, 316, 317, 319, 320, 321, 322, 323, 324, 326, 327, 330, 331, 332, 334, 335, 336, 343, 344, 345, 346, 348, 349, 351, 354, 357, 363, 364, 367, 373, 379, 381, 382, 384, 385, 386, 387, 388, 389, 395, 396, 397, 398, 399, 400, 401, 402, 403, 404, 405, 406, 407, 408, 409, 410, 411, 415, 418, 419, 420, 422]",312,False,2.4174082591421643e-05,-1.774731964038516e-08,8.063943303687343e-06,10.0
OZ,86,86,15,71,1072,0.1744186046511628,0.013799448022079117,0.02557544757033248,cao2018,S12/060710_1m,all_channel,mean,mean__all_channel__OZ,32,423,"[0, 1, 2, 3, 4, 6, 7, 8, 9, 10, 11, 13, 15, 16, 17, 18, 19, 20, 21, 22, 24, 25, 26, 27, 28, 29, 30, 31, 32, 33, 34, 35, 36, 37, 38, 39, 41, 42, 43, 44, 45, 46, 48, 49, 50, 51, 52, 53, 54, 55, 56, 57, 58, 59, 60, 61, 62, 64, 65, 66, 69, 70, 71, 72, 73, 74, 75, 77, 78, 79, 80, 81, 82, 83, 84, 85, 86, 87, 88, 89, 90, 91, 92, 93, 94, 95, 97, 98, 99, 100, 102, 104, 105, 106, 107, 108, 109, 110, 111, 112, 113, 114, 115, 116, 117, 118, 119, 120, 121, 122, 123, 124, 125, 126, 128, 129, 130, 131, 132, 133, 135, 136, 137, 138, 139, 140, 141, 142, 143, 144, 146, 147, 149, 152, 153, 156, 157, 158, 159, 160, 161, 163, 165, 167, 168, 169, 170, 171, 172, 173, 174, 175, 176, 177, 178, 179, 180, 181, 182, 183, 185, 186, 187, 188, 189, 190, 191, 192, 193, 194, 196, 197, 198, 199, 200, 201, 203, 204, 205, 206, 208, 209, 210, 211, 212, 213, 219, 220, 221, 223, 225, 226, 228, 235, 237, 238, 239, 240, 242, 243, 247, 248, 249, 250, 251, 252, 253, 254, 255, 256, 257, 258, 259, 260, 261, 264, 266, 267, 268, 269, 270, 271, 272, 274, 275, 278, 279, 281, 284, 285, 286, 287, 289, 291, 294, 295, 296, 297, 298, 299, 300, 302, 304, 305, 307, 308, 309, 310, 312, 313, 314, 315, 316, 317, 319, 320, 321, 322, 323, 324, 326, 327, 330, 331, 332, 334, 335, 336, 343, 344, 345, 346, 348, 349, 351, 354, 357, 363, 364, 367, 373, 379, 381, 382, 384, 385, 386, 387, 388, 389, 395, 396, 397, 398, 399, 400, 401, 402, 403, 404, 405, 406, 407, 408, 409, 410, 411, 415, 418, 419, 420, 422]",312,False,1.9767754138016187e-05,-2.811123707875174e-09,6.590188420574687e-06,10.0
A1,116,116,15,101,1072,0.12931034482758622,0.013799448022079117,0.02493765586034913,cao2018,S12/060710_1m,all_channel,mean,mean__all_channel__A1,32,423,"[0, 1, 2, 3, 4, 6, 7, 8, 9, 10, 11, 13, 15, 16, 17, 18, 19, 20, 21, 22, 24, 25, 26, 27, 28, 29, 30, 31, 32, 33, 34, 35, 36, 37, 38, 39, 41, 42, 43, 44, 45, 46, 48, 49, 50, 51, 52, 53, 54, 55, 56, 57, 58, 59, 60, 61, 62, 64, 65, 66, 69, 70, 71, 72, 73, 74, 75, 77, 78, 79, 80, 81, 82, 83, 84, 85, 86, 87, 88, 89, 90, 91, 92, 93, 94, 95, 97, 98, 99, 100, 102, 104, 105, 106, 107, 108, 109, 110, 111, 112, 113, 114, 115, 116, 117, 118, 119, 120, 121, 122, 123, 124, 125, 126, 128, 129, 130, 131, 132, 133, 135, 136, 137, 138, 139, 140, 141, 142, 143, 144, 146, 147, 149, 152, 153, 156, 157, 158, 159, 160, 161, 163, 165, 167, 168, 169, 170, 171, 172, 173, 174, 175, 176, 177, 178, 179, 180, 181, 182, 183, 185, 186, 187, 188, 189, 190, 191, 192, 193, 194, 196, 197, 198, 199, 200, 201, 203, 204, 205, 206, 208, 209, 210, 211, 212, 213, 219, 220, 221, 223, 225, 226, 228, 235, 237, 238, 239, 240, 242, 243, 247, 248, 249, 250, 251, 252, 253, 254, 255, 256, 257, 258, 259, 260, 261, 264, 266, 267, 268, 269, 270, 271, 272, 274, 275, 278, 279, 281, 284, 285, 286, 287, 289, 291, 294, 295, 296, 297, 298, 299, 300, 302, 304, 305, 307, 308, 309, 310, 312, 313, 314, 315, 316, 317, 319, 320, 321, 322, 323, 324, 326, 327, 330, 331, 332, 334, 335, 336, 343, 344, 345, 346, 348, 349, 351, 354, 357, 363, 364, 367, 373, 379, 381, 382, 384, 385, 386, 387, 388, 389, 395, 396, 397, 398, 399, 400, 401, 402, 403, 404, 405, 406, 407, 408, 409, 410, 411, 415, 418, 419, 420, 422]",312,False,1.4954212964214598e-05,2.1917375565237147e-08,4.9774318628831205e-06,10.0
PZ,35,35,13,22,1074,0.37142857142857144,0.011959521619135235,0.023172905525846707,cao2018,S12/060710_1m,all_channel,mean,mean__all_channel__PZ,32,423,"[0, 1, 2, 3, 4, 6, 7, 8, 9, 10, 11, 13, 15, 16, 17, 18, 19, 20, 21, 22, 24, 25, 26, 27, 28, 29, 30, 31, 32, 33, 34, 35, 36, 37, 38, 39, 41, 42, 43, 44, 45, 46, 48, 49, 50, 51, 52, 53, 54, 55, 56, 57, 58, 59, 60, 61, 62, 64, 65, 66, 69, 70, 71, 72, 73, 74, 75, 77, 78, 79, 80, 81, 82, 83, 84, 85, 86, 87, 88, 89, 90, 91, 92, 93, 94, 95, 97, 98, 99, 100, 102, 104, 105, 106, 107, 108, 109, 110, 111, 112, 113, 114, 115, 116, 117, 118, 119, 120, 121, 122, 123, 124, 125, 126, 128, 129, 130, 131, 132, 133, 135, 136, 137, 138, 139, 140, 141, 142, 143, 144, 146, 147, 149, 152, 153, 156, 157, 158, 159, 160, 161, 163, 165, 167, 168, 169, 170, 171, 172, 173, 174, 175, 176, 177, 178, 179, 180, 181, 182, 183, 185, 186, 187, 188, 189, 190, 191, 192, 193, 194, 196, 197, 198, 199, 200, 201, 203, 204, 205, 206, 208, 209, 210, 211, 212, 213, 219, 220, 221, 223, 225, 226, 228, 235, 237, 238, 239, 240, 242, 243, 247, 248, 249, 250, 251, 252, 253, 254, 255, 256, 257, 258, 259, 260, 261, 264, 266, 267, 268, 269, 270, 271, 272, 274, 275, 278, 279, 281, 284, 285, 286, 287, 289, 291, 294, 295, 296, 297, 298, 299, 300, 302, 304, 305, 307, 308, 309, 310, 312, 313, 314, 315, 316, 317, 319, 320, 321, 322, 323, 324, 326, 327, 330, 331, 332, 334, 335, 336, 343, 344, 345, 346, 348, 349, 351, 354, 357, 363, 364, 367, 373, 379, 381, 382, 384, 385, 386, 387, 388, 389, 395, 396, 397, 398, 399, 400, 401, 402, 403, 404, 405, 406, 407, 408, 409, 410, 411, 415, 418, 419, 420, 422]",312,False,3.0277507642540412e-05,-7.323650733006851e-09,1.0094943764424473e-05,10.0
A2,36,36,9,27,1078,0.25,0.00827966881324747,0.016028495102404273,cao2018,S12/060710_1m,all_channel,mean,mean__all_channel__A2,32,423,"[0, 1, 2, 3, 4, 6, 7, 8, 9, 10, 11, 13, 15, 16, 17, 18, 19, 20, 21, 22, 24, 25, 26, 27, 28, 29, 30, 31, 32, 33, 34, 35, 36, 37, 38, 39, 41, 42, 43, 44, 45, 46, 48, 49, 50, 51, 52, 53, 54, 55, 56, 57, 58, 59, 60, 61, 62, 64, 65, 66, 69, 70, 71, 72, 73, 74, 75, 77, 78, 79, 80, 81, 82, 83, 84, 85, 86, 87, 88, 89, 90, 91, 92, 93, 94, 95, 97, 98, 99, 100, 102, 104, 105, 106, 107, 108, 109, 110, 111, 112, 113, 114, 115, 116, 117, 118, 119, 120, 121, 122, 123, 124, 125, 126, 128, 129, 130, 131, 132, 133, 135, 136, 137, 138, 139, 140, 141, 142, 143, 144, 146, 147, 149, 152, 153, 156, 157, 158, 159, 160, 161, 163, 165, 167, 168, 169, 170, 171, 172, 173, 174, 175, 176, 177, 178, 179, 180, 181, 182, 183, 185, 186, 187, 188, 189, 190, 191, 192, 193, 194, 196, 197, 198, 199, 200, 201, 203, 204, 205, 206, 208, 209, 210, 211, 212, 213, 219, 220, 221, 223, 225, 226, 228, 235, 237, 238, 239, 240, 242, 243, 247, 248, 249, 250, 251, 252, 253, 254, 255, 256, 257, 258, 259, 260, 261, 264, 266, 267, 268, 269, 270, 271, 272, 274, 275, 278, 279, 281, 284, 285, 286, 287, 289, 291, 294, 295, 296, 297, 298, 299, 300, 302, 304, 305, 307, 308, 309, 310, 312, 313, 314, 315, 316, 317, 319, 320, 321, 322, 323, 324, 326, 327, 330, 331, 332, 334, 335, 336, 343, 344, 345, 346, 348, 349, 351, 354, 357, 363, 364, 367, 373, 379, 381, 382, 384, 385, 386, 387, 388, 389, 395, 396, 397, 398, 399, 400, 401, 402, 403, 404, 405, 406, 407, 408, 409, 410, 411, 415, 418, 419, 420, 422]",312,False,1.491013343085527e-05,-2.198209003122303e-08,4.977371840295498e-06,10.0
T6,30,30,7,23,1080,0.23333333333333334,0.006439742410303588,0.012533572068039392,cao2018,S12/060710_1m,all_channel,mean,mean__all_channel__T6,32,423,"[0, 1, 2, 3, 4, 6, 7, 8, 9, 10, 11, 13, 15, 16, 17, 18, 19, 20, 21, 22, 24, 25, 26, 27, 28, 29, 30, 31, 32, 33, 34, 35, 36, 37, 38, 39, 41, 42, 43, 44, 45, 46, 48, 49, 50, 51, 52, 53, 54, 55, 56, 57, 58, 59, 60, 61, 62, 64, 65, 66, 69, 70, 71, 72, 73, 74, 75, 77, 78, 79, 80, 81, 82, 83, 84, 85, 86, 87, 88, 89, 90, 91, 92, 93, 94, 95, 97, 98, 99, 100, 102, 104, 105, 106, 107, 108, 109, 110, 111, 112, 113, 114, 115, 116, 117, 118, 119, 120, 121, 122, 123, 124, 125, 126, 128, 129, 130, 131, 132, 133, 135, 136, 137, 138, 139, 140, 141, 142, 143, 144, 146, 147, 149, 152, 153, 156, 157, 158, 159, 160, 161, 163, 165, 167, 168, 169, 170, 171, 172, 173, 174, 175, 176, 177, 178, 179, 180, 181, 182, 183, 185, 186, 187, 188, 189, 190, 191, 192, 193, 194, 196, 197, 198, 199, 200, 201, 203, 204, 205, 206, 208, 209, 210, 211, 212, 213, 219, 220, 221, 223, 225, 226, 228, 235, 237, 238, 239, 240, 242, 243, 247, 248, 249, 250, 251, 252, 253, 254, 255, 256, 257, 258, 259, 260, 261, 264, 266, 267, 268, 269, 270, 271, 272, 274, 275, 278, 279, 281, 284, 285, 286, 287, 289, 291, 294, 295, 296, 297, 298, 299, 300, 302, 304, 305, 307, 308, 309, 310, 312, 313, 314, 315, 316, 317, 319, 320, 321, 322, 323, 324, 326, 327, 330, 331, 332, 334, 335, 336, 343, 344, 345, 346, 348, 349, 351, 354, 357, 363, 364, 367, 373, 379, 381, 382, 384, 385, 386, 387, 388, 389, 395, 396, 397, 398, 399, 400, 401, 402, 403, 404, 405, 406, 407, 408, 409, 410, 411, 415, 418, 419, 420, 422]",312,False,2.441816516605254e-05,-2.6854259897940405e-08,8.14833980865016e-06,10.0
FP2,1323,1323,939,384,148,0.7097505668934241,0.8638454461821528,0.7792531120331951,cao2018,S12/060710_1m,frontal,median,median__frontal__FP2,4,423,"[0, 1, 2, 3, 4, 6, 7, 8, 9, 10, 11, 13, 15, 16, 17, 18, 19, 20, 21, 22, 24, 25, 26, 27, 28, 29, 31, 32, 33, 34, 35, 36, 38, 39, 41, 42, 43, 44, 45, 46, 48, 49, 50, 51, 52, 53, 54, 55, 56, 57, 58, 59, 60, 61, 62, 64, 65, 66, 69, 70, 72, 73, 74, 77, 78, 79, 80, 81, 82, 83, 84, 85, 86, 87, 88, 89, 90, 91, 92, 93, 94, 95, 97, 98, 99, 100, 102, 104, 105, 106, 107, 108, 109, 110, 111, 112, 113, 114, 115, 116, 117, 118, 119, 120, 121, 122, 123, 124, 125, 126, 128, 129, 130, 131, 132, 133, 135, 136, 137, 138, 139, 140, 141, 142, 143, 146, 147, 152, 153, 156, 157, 158, 161, 165, 167, 169, 170, 172, 173, 174, 175, 176, 178, 179, 180, 182, 183, 185, 187, 190, 191, 192, 193, 198, 199, 201, 203, 204, 208, 209, 210, 212, 213, 220, 221, 223, 228, 235, 237, 238, 239, 242, 243, 249, 251, 253, 254, 256, 267, 274, 284, 285, 287, 289, 295, 296, 297, 298, 302, 307, 309, 312, 321, 322, 323, 324, 327, 330, 331, 334, 335, 344, 345, 349, 351, 354, 357, 373, 386, 388, 397, 398, 399, 400, 401, 402, 403, 404, 405, 406, 407, 408, 409, 410, 411, 415, 418, 419, 420, 422]",230,False,6.840766756499067e-05,-4.6673999828286215e-06,2.43583558492731e-05,10.0
FP1,1348,1348,947,401,140,0.7025222551928784,0.8712051517939282,0.7778234086242299,cao2018,S12/060710_1m,frontal,median,median__frontal__FP1,4,423,"[0, 1, 2, 3, 4, 6, 7, 8, 9, 10, 11, 13, 15, 16, 17, 18, 19, 20, 21, 22, 24, 25, 26, 27, 28, 29, 31, 32, 33, 34, 35, 36, 38, 39, 41, 42, 43, 44, 45, 46, 48, 49, 50, 51, 52, 53, 54, 55, 56, 57, 58, 59, 60, 61, 62, 64, 65, 66, 69, 70, 72, 73, 74, 77, 78, 79, 80, 81, 82, 83, 84, 85, 86, 87, 88, 89, 90, 91, 92, 93, 94, 95, 97, 98, 99, 100, 102, 104, 105, 106, 107, 108, 109, 110, 111, 112, 113, 114, 115, 116, 117, 118, 119, 120, 121, 122, 123, 124, 125, 126, 128, 129, 130, 131, 132, 133, 135, 136, 137, 138, 139, 140, 141, 142, 143, 146, 147, 152, 153, 156, 157, 158, 161, 165, 167, 169, 170, 172, 173, 174, 175, 176, 178, 179, 180, 182, 183, 185, 187, 190, 191, 192, 193, 198, 199, 201, 203, 204, 208, 209, 210, 212, 213, 220, 221, 223, 228, 235, 237, 238, 239, 242, 243, 249, 251, 253, 254, 256, 267, 274, 284, 285, 287, 289, 295, 296, 297, 298, 302, 307, 309, 312, 321, 322, 323, 324, 327, 330, 331, 334, 335, 344, 345, 349, 351, 354, 357, 373, 386, 388, 397, 398, 399, 400, 401, 402, 403, 404, 405, 406, 407, 408, 409, 410, 411, 415, 418, 419, 420, 422]",230,False,7.274179114751636e-05,-5.064330501228558e-06,2.5935373882914972e-05,10.0
F4,618,618,458,160,629,0.7411003236245954,0.42134314627414904,0.5372434017595308,cao2018,S12/060710_1m,frontal,median,median__frontal__F4,4,423,"[0, 1, 2, 3, 4, 6, 7, 8, 9, 10, 11, 13, 15, 16, 17, 18, 19, 20, 21, 22, 24, 25, 26, 27, 28, 29, 31, 32, 33, 34, 35, 36, 38, 39, 41, 42, 43, 44, 45, 46, 48, 49, 50, 51, 52, 53, 54, 55, 56, 57, 58, 59, 60, 61, 62, 64, 65, 66, 69, 70, 72, 73, 74, 77, 78, 79, 80, 81, 82, 83, 84, 85, 86, 87, 88, 89, 90, 91, 92, 93, 94, 95, 97, 98, 99, 100, 102, 104, 105, 106, 107, 108, 109, 110, 111, 112, 113, 114, 115, 116, 117, 118, 119, 120, 121, 122, 123, 124, 125, 126, 128, 129, 130, 131, 132, 133, 135, 136, 137, 138, 139, 140, 141, 142, 143, 146, 147, 152, 153, 156, 157, 158, 161, 165, 167, 169, 170, 172, 173, 174, 175, 176, 178, 179, 180, 182, 183, 185, 187, 190, 191, 192, 193, 198, 199, 201, 203, 204, 208, 209, 210, 212, 213, 220, 221, 223, 228, 235, 237, 238, 239, 242, 243, 249, 251, 253, 254, 256, 267, 274, 284, 285, 287, 289, 295, 296, 297, 298, 302, 307, 309, 312, 321, 322, 323, 324, 327, 330, 331, 334, 335, 344, 345, 349, 351, 354, 357, 373, 386, 388, 397, 398, 399, 400, 401, 402, 403, 404, 405, 406, 407, 408, 409, 410, 411, 415, 418, 419, 420, 422]",230,False,4.659695864403117e-05,-1.9447148047607475e-06,1.6180557816263972e-05,10.0
F3,650,650,448,202,639,0.6892307692307692,0.41214351425942963,0.5158318940702361,cao2018,S12/060710_1m,frontal,median,median__frontal__F3,4,423,"[0, 1, 2, 3, 4, 6, 7, 8, 9, 10, 11, 13, 15, 16, 17, 18, 19, 20, 21, 22, 24, 25, 26, 27, 28, 29, 31, 32, 33, 34, 35, 36, 38, 39, 41, 42, 43, 44, 45, 46, 48, 49, 50, 51, 52, 53, 54, 55, 56, 57, 58, 59, 60, 61, 62, 64, 65, 66, 69, 70, 72, 73, 74, 77, 78, 79, 80, 81, 82, 83, 84, 85, 86, 87, 88, 89, 90, 91, 92, 93, 94, 95, 97, 98, 99, 100, 102, 104, 105, 106, 107, 108, 109, 110, 111, 112, 113, 114, 115, 116, 117, 118, 119, 120, 121, 122, 123, 124, 125, 126, 128, 129, 130, 131, 132, 133, 135, 136, 137, 138, 139, 140, 141, 142, 143, 146, 147, 152, 153, 156, 157, 158, 161, 165, 167, 169, 170, 172, 173, 174, 175, 176, 178, 179, 180, 182, 183, 185, 187, 190, 191, 192, 193, 198, 199, 201, 203, 204, 208, 209, 210, 212, 213, 220, 221, 223, 228, 235, 237, 238, 239, 242, 243, 249, 251, 253, 254, 256, 267, 274, 284, 285, 287, 289, 295, 296, 297, 298, 302, 307, 309, 312, 321, 322, 323, 324, 327, 330, 331, 334, 335, 344, 345, 349, 351, 354, 357, 373, 386, 388, 397, 398, 399, 400, 401, 402, 403, 404, 405, 406, 407, 408, 409, 410, 411, 415, 418, 419, 420, 422]",230,False,4.4177136637776486e-05,-1.736784244644604e-06,1.5304640294140365e-05,10.0
FP1,1258,1258,906,352,181,0.7201907790143084,0.8334866605335787,0.7727078891257996,cao2018,S12/060710_1m,frontal,mean,mean__frontal__FP1,4,423,"[0, 1, 2, 3, 4, 6, 7, 8, 9, 10, 11, 13, 15, 16, 17, 18, 19, 20, 21, 22, 24, 25, 26, 27, 28, 29, 31, 32, 33, 34, 35, 36, 38, 39, 41, 42, 43, 44, 45, 46, 48, 49, 50, 51, 52, 53, 54, 55, 56, 57, 58, 59, 60, 61, 62, 64, 65, 66, 69, 70, 72, 73, 74, 77, 78, 79, 80, 81, 82, 83, 84, 85, 86, 87, 88, 89, 90, 91, 92, 93, 94, 95, 97, 98, 99, 100, 102, 104, 105, 106, 107, 108, 109, 110, 111, 112, 113, 114, 115, 116, 117, 118, 119, 120, 121, 122, 123, 124, 125, 126, 128, 129, 130, 131, 132, 133, 135, 136, 137, 138, 139, 140, 141, 142, 143, 146, 147, 152, 153, 156, 157, 158, 161, 165, 167, 169, 170, 172, 173, 174, 175, 176, 178, 179, 180, 182, 183, 185, 187, 190, 191, 192, 193, 198, 199, 201, 203, 204, 208, 209, 210, 212, 213, 220, 221, 223, 228, 235, 237, 238, 239, 242, 243, 249, 251, 253, 254, 256, 267, 274, 284, 285, 287, 289, 295, 296, 297, 298, 302, 307, 309, 312, 321, 322, 323, 324, 327, 330, 331, 334, 335, 344, 345, 349, 351, 354, 357, 373, 386, 388, 397, 398, 399, 400, 401, 402, 403, 404, 405, 406, 407, 408, 409, 410, 411, 415, 418, 419, 420, 422]",230,False,7.785647937403013e-05,5.0357725285215536e-08,2.5935373882914972e-05,10.0
FP2,1229,1229,893,336,194,0.726606997558991,0.8215271389144434,0.7711571675302246,cao2018,S12/060710_1m,frontal,mean,mean__frontal__FP2,4,423,"[0, 1, 2, 3, 4, 6, 7, 8, 9, 10, 11, 13, 15, 16, 17, 18, 19, 20, 21, 22, 24, 25, 26, 27, 28, 29, 31, 32, 33, 34, 35, 36, 38, 39, 41, 42, 43, 44, 45, 46, 48, 49, 50, 51, 52, 53, 54, 55, 56, 57, 58, 59, 60, 61, 62, 64, 65, 66, 69, 70, 72, 73, 74, 77, 78, 79, 80, 81, 82, 83, 84, 85, 86, 87, 88, 89, 90, 91, 92, 93, 94, 95, 97, 98, 99, 100, 102, 104, 105, 106, 107, 108, 109, 110, 111, 112, 113, 114, 115, 116, 117, 118, 119, 120, 121, 122, 123, 124, 125, 126, 128, 129, 130, 131, 132, 133, 135, 136, 137, 138, 139, 140, 141, 142, 143, 146, 147, 152, 153, 156, 157, 158, 161, 165, 167, 169, 170, 172, 173, 174, 175, 176, 178, 179, 180, 182, 183, 185, 187, 190, 191, 192, 193, 198, 199, 201, 203, 204, 208, 209, 210, 212, 213, 220, 221, 223, 228, 235, 237, 238, 239, 242, 243, 249, 251, 253, 254, 256, 267, 274, 284, 285, 287, 289, 295, 296, 297, 298, 302, 307, 309, 312, 321, 322, 323, 324, 327, 330, 331, 334, 335, 344, 345, 349, 351, 354, 357, 373, 386, 388, 397, 398, 399, 400, 401, 402, 403, 404, 405, 406, 407, 408, 409, 410, 411, 415, 418, 419, 420, 422]",230,False,7.320058654281763e-05,1.255189949983386e-07,2.43583558492731e-05,10.0
F4,559,559,416,143,671,0.7441860465116279,0.3827046918123275,0.5054678007290401,cao2018,S12/060710_1m,frontal,mean,mean__frontal__F4,4,423,"[0, 1, 2, 3, 4, 6, 7, 8, 9, 10, 11, 13, 15, 16, 17, 18, 19, 20, 21, 22, 24, 25, 26, 27, 28, 29, 31, 32, 33, 34, 35, 36, 38, 39, 41, 42, 43, 44, 45, 46, 48, 49, 50, 51, 52, 53, 54, 55, 56, 57, 58, 59, 60, 61, 62, 64, 65, 66, 69, 70, 72, 73, 74, 77, 78, 79, 80, 81, 82, 83, 84, 85, 86, 87, 88, 89, 90, 91, 92, 93, 94, 95, 97, 98, 99, 100, 102, 104, 105, 106, 107, 108, 109, 110, 111, 112, 113, 114, 115, 116, 117, 118, 119, 120, 121, 122, 123, 124, 125, 126, 128, 129, 130, 131, 132, 133, 135, 136, 137, 138, 139, 140, 141, 142, 143, 146, 147, 152, 153, 156, 157, 158, 161, 165, 167, 169, 170, 172, 173, 174, 175, 176, 178, 179, 180, 182, 183, 185, 187, 190, 191, 192, 193, 198, 199, 201, 203, 204, 208, 209, 210, 212, 213, 220, 221, 223, 228, 235, 237, 238, 239, 242, 243, 249, 251, 253, 254, 256, 267, 274, 284, 285, 287, 289, 295, 296, 297, 298, 302, 307, 309, 312, 321, 322, 323, 324, 327, 330, 331, 334, 335, 344, 345, 349, 351, 354, 357, 373, 386, 388, 397, 398, 399, 400, 401, 402, 403, 404, 405, 406, 407, 408, 409, 410, 411, 415, 418, 419, 420, 422]",230,False,4.859957113672188e-05,5.78976879299676e-08,1.6180557816263972e-05,10.0
F3,592,592,403,189,684,0.6807432432432432,0.37074517019319225,0.4800476474091721,cao2018,S12/060710_1m,frontal,mean,mean__frontal__F3,4,423,"[0, 1, 2, 3, 4, 6, 7, 8, 9, 10, 11, 13, 15, 16, 17, 18, 19, 20, 21, 22, 24, 25, 26, 27, 28, 29, 31, 32, 33, 34, 35, 36, 38, 39, 41, 42, 43, 44, 45, 46, 48, 49, 50, 51, 52, 53, 54, 55, 56, 57, 58, 59, 60, 61, 62, 64, 65, 66, 69, 70, 72, 73, 74, 77, 78, 79, 80, 81, 82, 83, 84, 85, 86, 87, 88, 89, 90, 91, 92, 93, 94, 95, 97, 98, 99, 100, 102, 104, 105, 106, 107, 108, 109, 110, 111, 112, 113, 114, 115, 116, 117, 118, 119, 120, 121, 122, 123, 124, 125, 126, 128, 129, 130, 131, 132, 133, 135, 136, 137, 138, 139, 140, 141, 142, 143, 146, 147, 152, 153, 156, 157, 158, 161, 165, 167, 169, 170, 172, 173, 174, 175, 176, 178, 179, 180, 182, 183, 185, 187, 190, 191, 192, 193, 198, 199, 201, 203, 204, 208, 209, 210, 212, 213, 220, 221, 223, 228, 235, 237, 238, 239, 242, 243, 249, 251, 253, 254, 256, 267, 274, 284, 285, 287, 289, 295, 296, 297, 298, 302, 307, 309, 312, 321, 322, 323, 324, 327, 330, 331, 334, 335, 344, 345, 349, 351, 354, 357, 373, 386, 388, 397, 398, 399, 400, 401, 402, 403, 404, 405, 406, 407, 408, 409, 410, 411, 415, 418, 419, 420, 422]",230,False,4.5941356787714044e-05,2.7435905292954016e-08,1.5304640294140365e-05,10.0
FP1,1320,1320,936,384,151,0.7090909090909091,0.8610855565777369,0.7777316161196511,cao2018,S12/060710_1m,frontal_left,median,median__frontal_left__FP1,2,423,"[0, 1, 2, 3, 4, 6, 7, 8, 9, 10, 13, 15, 16, 17, 18, 19, 20, 22, 24, 25, 26, 27, 28, 29, 31, 32, 33, 34, 35, 36, 38, 39, 41, 42, 43, 44, 45, 46, 48, 49, 50, 51, 52, 53, 54, 55, 56, 57, 58, 59, 60, 61, 62, 64, 65, 66, 69, 70, 72, 73, 74, 77, 79, 80, 81, 82, 83, 84, 85, 86, 87, 88, 89, 90, 91, 92, 93, 94, 95, 97, 99, 100, 102, 104, 105, 106, 107, 108, 109, 110, 111, 112, 113, 114, 115, 116, 117, 118, 119, 120, 121, 122, 123, 124, 125, 126, 128, 129, 130, 131, 132, 133, 135, 136, 137, 138, 139, 140, 141, 142, 143, 146, 147, 152, 153, 157, 158, 161, 165, 170, 173, 174, 176, 178, 179, 180, 182, 183, 192, 198, 201, 203, 204, 208, 210, 213, 220, 221, 228, 235, 237, 238, 239, 242, 243, 249, 251, 253, 254, 267, 274, 284, 287, 289, 295, 296, 297, 298, 302, 307, 309, 312, 321, 324, 335, 344, 345, 351, 354, 386, 398, 399, 400, 403, 407, 408, 409, 410, 411, 418, 419, 420]",192,False,7.43083753410855e-05,-5.372671188550109e-06,2.656034884321187e-05,10.0
F3,651,651,448,203,639,0.6881720430107527,0.41214351425942963,0.5155350978135789,cao2018,S12/060710_1m,frontal_left,median,median__frontal_left__F3,2,423,"[0, 1, 2, 3, 4, 6, 7, 8, 9, 10, 13, 15, 16, 17, 18, 19, 20, 22, 24, 25, 26, 27, 28, 29, 31, 32, 33, 34, 35, 36, 38, 39, 41, 42, 43, 44, 45, 46, 48, 49, 50, 51, 52, 53, 54, 55, 56, 57, 58, 59, 60, 61, 62, 64, 65, 66, 69, 70, 72, 73, 74, 77, 79, 80, 81, 82, 83, 84, 85, 86, 87, 88, 89, 90, 91, 92, 93, 94, 95, 97, 99, 100, 102, 104, 105, 106, 107, 108, 109, 110, 111, 112, 113, 114, 115, 116, 117, 118, 119, 120, 121, 122, 123, 124, 125, 126, 128, 129, 130, 131, 132, 133, 135, 136, 137, 138, 139, 140, 141, 142, 143, 146, 147, 152, 153, 157, 158, 161, 165, 170, 173, 174, 176, 178, 179, 180, 182, 183, 192, 198, 201, 203, 204, 208, 210, 213, 220, 221, 228, 235, 237, 238, 239, 242, 243, 249, 251, 253, 254, 267, 274, 284, 287, 289, 295, 296, 297, 298, 302, 307, 309, 312, 321, 324, 335, 344, 345, 351, 354, 386, 398, 399, 400, 403, 407, 408, 409, 410, 411, 418, 419, 420]",192,False,4.4211824019199724e-05,-1.8920501195680792e-06,1.5367958046255935e-05,10.0
FP1,1219,1219,885,334,202,0.7260049220672683,0.8141674333026679,0.7675628794449264,cao2018,S12/060710_1m,frontal_left,mean,mean__frontal_left__FP1,2,423,"[0, 1, 2, 3, 4, 6, 7, 8, 9, 10, 13, 15, 16, 17, 18, 19, 20, 22, 24, 25, 26, 27, 28, 29, 31, 32, 33, 34, 35, 36, 38, 39, 41, 42, 43, 44, 45, 46, 48, 49, 50, 51, 52, 53, 54, 55, 56, 57, 58, 59, 60, 61, 62, 64, 65, 66, 69, 70, 72, 73, 74, 77, 79, 80, 81, 82, 83, 84, 85, 86, 87, 88, 89, 90, 91, 92, 93, 94, 95, 97, 99, 100, 102, 104, 105, 106, 107, 108, 109, 110, 111, 112, 113, 114, 115, 116, 117, 118, 119, 120, 121, 122, 123, 124, 125, 126, 128, 129, 130, 131, 132, 133, 135, 136, 137, 138, 139, 140, 141, 142, 143, 146, 147, 152, 153, 157, 158, 161, 165, 170, 173, 174, 176, 178, 179, 180, 182, 183, 192, 198, 201, 203, 204, 208, 210, 213, 220, 221, 228, 235, 237, 238, 239, 242, 243, 249, 251, 253, 254, 267, 274, 284, 287, 289, 295, 296, 297, 298, 302, 307, 309, 312, 321, 324, 335, 344, 345, 351, 354, 386, 398, 399, 400, 403, 407, 408, 409, 410, 411, 418, 419, 420]",192,False,7.972208349362994e-05,4.103696399432773e-08,2.656034884321187e-05,10.0
F3,590,590,399,191,688,0.676271186440678,0.3670653173873045,0.47584973166368516,cao2018,S12/060710_1m,frontal_left,mean,mean__frontal_left__F3,2,423,"[0, 1, 2, 3, 4, 6, 7, 8, 9, 10, 13, 15, 16, 17, 18, 19, 20, 22, 24, 25, 26, 27, 28, 29, 31, 32, 33, 34, 35, 36, 38, 39, 41, 42, 43, 44, 45, 46, 48, 49, 50, 51, 52, 53, 54, 55, 56, 57, 58, 59, 60, 61, 62, 64, 65, 66, 69, 70, 72, 73, 74, 77, 79, 80, 81, 82, 83, 84, 85, 86, 87, 88, 89, 90, 91, 92, 93, 94, 95, 97, 99, 100, 102, 104, 105, 106, 107, 108, 109, 110, 111, 112, 113, 114, 115, 116, 117, 118, 119, 120, 121, 122, 123, 124, 125, 126, 128, 129, 130, 131, 132, 133, 135, 136, 137, 138, 139, 140, 141, 142, 143, 146, 147, 152, 153, 157, 158, 161, 165, 170, 173, 174, 176, 178, 179, 180, 182, 183, 192, 198, 201, 203, 204, 208, 210, 213, 220, 221, 228, 235, 237, 238, 239, 242, 243, 249, 251, 253, 254, 267, 274, 284, 287, 289, 295, 296, 297, 298, 302, 307, 309, 312, 321, 324, 335, 344, 345, 351, 354, 386, 398, 399, 400, 403, 407, 408, 409, 410, 411, 418, 419, 420]",192,False,4.613553063089061e-05,3.1656492122809435e-08,1.5367958046255935e-05,10.0
FP2,1310,1310,933,377,154,0.7122137404580152,0.858325666973321,0.7784730913642051,cao2018,S12/060710_1m,frontal_right,median,median__frontal_right__FP2,2,423,"[0, 1, 2, 3, 4, 6, 7, 8, 9, 10, 11, 13, 15, 16, 17, 18, 19, 20, 21, 22, 24, 25, 26, 27, 28, 29, 31, 32, 33, 34, 35, 36, 38, 39, 41, 42, 43, 44, 45, 46, 48, 49, 50, 51, 52, 53, 54, 55, 56, 57, 58, 59, 60, 61, 62, 64, 65, 66, 69, 70, 72, 73, 74, 77, 78, 80, 81, 82, 83, 84, 85, 86, 87, 88, 89, 90, 91, 92, 93, 94, 95, 97, 98, 99, 100, 102, 104, 105, 106, 107, 108, 109, 110, 111, 112, 113, 114, 115, 116, 117, 118, 119, 120, 122, 123, 124, 125, 126, 128, 129, 130, 131, 132, 133, 135, 136, 137, 138, 139, 140, 142, 143, 146, 147, 152, 153, 156, 157, 161, 167, 169, 170, 172, 173, 174, 175, 176, 178, 179, 180, 182, 183, 185, 187, 190, 191, 192, 193, 198, 199, 201, 203, 204, 209, 210, 212, 213, 220, 221, 223, 235, 237, 238, 239, 243, 249, 251, 253, 254, 256, 267, 274, 285, 287, 289, 295, 296, 297, 298, 302, 307, 309, 312, 321, 322, 323, 324, 327, 330, 331, 334, 335, 345, 349, 351, 354, 357, 373, 386, 388, 397, 398, 399, 400, 401, 402, 403, 404, 405, 406, 407, 408, 409, 410, 411, 415, 418, 419, 422]",219,False,6.902232309039503e-05,-4.7308535521708524e-06,2.4584392214188628e-05,10.0
F4,609,609,453,156,634,0.7438423645320197,0.41674333026678934,0.5341981132075472,cao2018,S12/060710_1m,frontal_right,median,median__frontal_right__F4,2,423,"[0, 1, 2, 3, 4, 6, 7, 8, 9, 10, 11, 13, 15, 16, 17, 18, 19, 20, 21, 22, 24, 25, 26, 27, 28, 29, 31, 32, 33, 34, 35, 36, 38, 39, 41, 42, 43, 44, 45, 46, 48, 49, 50, 51, 52, 53, 54, 55, 56, 57, 58, 59, 60, 61, 62, 64, 65, 66, 69, 70, 72, 73, 74, 77, 78, 80, 81, 82, 83, 84, 85, 86, 87, 88, 89, 90, 91, 92, 93, 94, 95, 97, 98, 99, 100, 102, 104, 105, 106, 107, 108, 109, 110, 111, 112, 113, 114, 115, 116, 117, 118, 119, 120, 122, 123, 124, 125, 126, 128, 129, 130, 131, 132, 133, 135, 136, 137, 138, 139, 140, 142, 143, 146, 147, 152, 153, 156, 157, 161, 167, 169, 170, 172, 173, 174, 175, 176, 178, 179, 180, 182, 183, 185, 187, 190, 191, 192, 193, 198, 199, 201, 203, 204, 209, 210, 212, 213, 220, 221, 223, 235, 237, 238, 239, 243, 249, 251, 253, 254, 256, 267, 274, 285, 287, 289, 295, 296, 297, 298, 302, 307, 309, 312, 321, 322, 323, 324, 327, 330, 331, 334, 335, 345, 349, 351, 354, 357, 373, 386, 388, 397, 398, 399, 400, 401, 402, 403, 404, 405, 406, 407, 408, 409, 410, 411, 415, 418, 419, 422]",219,False,4.687375777840352e-05,-1.9814826235366726e-06,1.6285080133980066e-05,10.0
FP2,1207,1207,878,329,209,0.7274233637116818,0.8077276908923643,0.7654751525719268,cao2018,S12/060710_1m,frontal_right,mean,mean__frontal_right__FP2,2,423,"[0, 1, 2, 3, 4, 6, 7, 8, 9, 10, 11, 13, 15, 16, 17, 18, 19, 20, 21, 22, 24, 25, 26, 27, 28, 29, 31, 32, 33, 34, 35, 36, 38, 39, 41, 42, 43, 44, 45, 46, 48, 49, 50, 51, 52, 53, 54, 55, 56, 57, 58, 59, 60, 61, 62, 64, 65, 66, 69, 70, 72, 73, 74, 77, 78, 80, 81, 82, 83, 84, 85, 86, 87, 88, 89, 90, 91, 92, 93, 94, 95, 97, 98, 99, 100, 102, 104, 105, 106, 107, 108, 109, 110, 111, 112, 113, 114, 115, 116, 117, 118, 119, 120, 122, 123, 124, 125, 126, 128, 129, 130, 131, 132, 133, 135, 136, 137, 138, 139, 140, 142, 143, 146, 147, 152, 153, 156, 157, 161, 167, 169, 170, 172, 173, 174, 175, 176, 178, 179, 180, 182, 183, 185, 187, 190, 191, 192, 193, 198, 199, 201, 203, 204, 209, 210, 212, 213, 220, 221, 223, 235, 237, 238, 239, 243, 249, 251, 253, 254, 256, 267, 274, 285, 287, 289, 295, 296, 297, 298, 302, 307, 309, 312, 321, 322, 323, 324, 327, 330, 331, 334, 335, 345, 349, 351, 354, 357, 373, 386, 388, 397, 398, 399, 400, 401, 402, 403, 404, 405, 406, 407, 408, 409, 410, 411, 415, 418, 419, 422]",219,False,7.387797411921992e-05,1.247974766540338e-07,2.4584392214188628e-05,10.0
F4,548,548,412,136,675,0.7518248175182481,0.37902483900643974,0.5039755351681957,cao2018,S12/060710_1m,frontal_right,mean,mean__frontal_right__F4,2,423,"[0, 1, 2, 3, 4, 6, 7, 8, 9, 10, 11, 13, 15, 16, 17, 18, 19, 20, 21, 22, 24, 25, 26, 27, 28, 29, 31, 32, 33, 34, 35, 36, 38, 39, 41, 42, 43, 44, 45, 46, 48, 49, 50, 51, 52, 53, 54, 55, 56, 57, 58, 59, 60, 61, 62, 64, 65, 66, 69, 70, 72, 73, 74, 77, 78, 80, 81, 82, 83, 84, 85, 86, 87, 88, 89, 90, 91, 92, 93, 94, 95, 97, 98, 99, 100, 102, 104, 105, 106, 107, 108, 109, 110, 111, 112, 113, 114, 115, 116, 117, 118, 119, 120, 122, 123, 124, 125, 126, 128, 129, 130, 131, 132, 133, 135, 136, 137, 138, 139, 140, 142, 143, 146, 147, 152, 153, 156, 157, 161, 167, 169, 170, 172, 173, 174, 175, 176, 178, 179, 180, 182, 183, 185, 187, 190, 191, 192, 193, 198, 199, 201, 203, 204, 209, 210, 212, 213, 220, 221, 223, 235, 237, 238, 239, 243, 249, 251, 253, 254, 256, 267, 274, 285, 287, 289, 295, 296, 297, 298, 302, 307, 309, 312, 321, 322, 323, 324, 327, 330, 331, 334, 335, 345, 349, 351, 354, 357, 373, 386, 388, 397, 398, 399, 400, 401, 402, 403, 404, 405, 406, 407, 408, 409, 410, 411, 415, 418, 419, 422]",219,False,4.8919576401055375e-05,6.433599911518057e-08,1.6285080133980066e-05,10.0
FP2,1393,1393,966,427,119,0.6934673366834171,0.8903225806451613,0.7796610169491527,cao2018,S12/060710_1m,all_channel,median,median__all_channel__FP2,32,211,"[0, 1, 3, 6, 7, 8, 9, 10, 11, 12, 13, 14, 17, 18, 19, 24, 25, 26, 27, 28, 29, 30, 31, 32, 42, 43, 44, 45, 47, 51, 52, 53, 54, 55, 56, 57, 58, 60, 61, 63, 64, 65, 70, 71, 74, 76, 82, 84, 85, 86, 87, 88, 89, 90, 91, 92, 93, 94, 95, 96, 97, 99, 100, 101, 102, 104, 105, 106, 112, 113, 121, 123, 124, 125, 126, 128, 129, 130, 133, 134, 135, 136, 140, 143, 144, 145, 146, 147, 148, 150, 151, 152, 153, 154, 155, 156, 157, 158, 159, 160, 167, 171, 172, 174, 177, 178, 182, 184, 185, 186, 187, 191, 192, 193, 194, 197, 198, 199, 200, 201, 202, 203, 204, 205, 206, 209]",126,False,6.37660995300577e-05,-3.280848411622608e-06,2.234898264722677e-05,20.0
FP1,1430,1430,976,454,109,0.6825174825174826,0.8995391705069125,0.7761431411530815,cao2018,S12/060710_1m,all_channel,median,median__all_channel__FP1,32,211,"[0, 1, 3, 6, 7, 8, 9, 10, 11, 12, 13, 14, 17, 18, 19, 24, 25, 26, 27, 28, 29, 30, 31, 32, 42, 43, 44, 45, 47, 51, 52, 53, 54, 55, 56, 57, 58, 60, 61, 63, 64, 65, 70, 71, 74, 76, 82, 84, 85, 86, 87, 88, 89, 90, 91, 92, 93, 94, 95, 96, 97, 99, 100, 101, 102, 104, 105, 106, 112, 113, 121, 123, 124, 125, 126, 128, 129, 130, 133, 134, 135, 136, 140, 143, 144, 145, 146, 147, 148, 150, 151, 152, 153, 154, 155, 156, 157, 158, 159, 160, 167, 171, 172, 174, 177, 178, 182, 184, 185, 186, 187, 191, 192, 193, 194, 197, 198, 199, 200, 201, 202, 203, 204, 205, 206, 209]",126,False,6.700074659211082e-05,-3.5585116719267637e-06,2.3519752754679193e-05,20.0
FZ,674,674,497,177,588,0.7373887240356083,0.45806451612903226,0.5650938032973281,cao2018,S12/060710_1m,all_channel,median,median__all_channel__FZ,32,211,"[0, 1, 3, 6, 7, 8, 9, 10, 11, 12, 13, 14, 17, 18, 19, 24, 25, 26, 27, 28, 29, 30, 31, 32, 42, 43, 44, 45, 47, 51, 52, 53, 54, 55, 56, 57, 58, 60, 61, 63, 64, 65, 70, 71, 74, 76, 82, 84, 85, 86, 87, 88, 89, 90, 91, 92, 93, 94, 95, 96, 97, 99, 100, 101, 102, 104, 105, 106, 112, 113, 121, 123, 124, 125, 126, 128, 129, 130, 133, 134, 135, 136, 140, 143, 144, 145, 146, 147, 148, 150, 151, 152, 153, 154, 155, 156, 157, 158, 159, 160, 167, 171, 172, 174, 177, 178, 182, 184, 185, 186, 187, 191, 192, 193, 194, 197, 198, 199, 200, 201, 202, 203, 204, 205, 206, 209]",126,False,4.0984038579236105e-05,-1.4305610247638539e-06,1.4138199867999988e-05,20.0
F4,619,619,462,157,623,0.7463651050080775,0.4258064516129032,0.5422535211267605,cao2018,S12/060710_1m,all_channel,median,median__all_channel__F4,32,211,"[0, 1, 3, 6, 7, 8, 9, 10, 11, 12, 13, 14, 17, 18, 19, 24, 25, 26, 27, 28, 29, 30, 31, 32, 42, 43, 44, 45, 47, 51, 52, 53, 54, 55, 56, 57, 58, 60, 61, 63, 64, 65, 70, 71, 74, 76, 82, 84, 85, 86, 87, 88, 89, 90, 91, 92, 93, 94, 95, 96, 97, 99, 100, 101, 102, 104, 105, 106, 112, 113, 121, 123, 124, 125, 126, 128, 129, 130, 133, 134, 135, 136, 140, 143, 144, 145, 146, 147, 148, 150, 151, 152, 153, 154, 155, 156, 157, 158, 159, 160, 167, 171, 172, 174, 177, 178, 182, 184, 185, 186, 187, 191, 192, 193, 194, 197, 198, 199, 200, 201, 202, 203, 204, 205, 206, 209]",126,False,4.630546638898399e-05,-1.4634725250738077e-06,1.5922979638019266e-05,20.0
F8,526,526,428,98,657,0.8136882129277566,0.39447004608294933,0.5313469894475482,cao2018,S12/060710_1m,all_channel,median,median__all_channel__F8,32,211,"[0, 1, 3, 6, 7, 8, 9, 10, 11, 12, 13, 14, 17, 18, 19, 24, 25, 26, 27, 28, 29, 30, 31, 32, 42, 43, 44, 45, 47, 51, 52, 53, 54, 55, 56, 57, 58, 60, 61, 63, 64, 65, 70, 71, 74, 76, 82, 84, 85, 86, 87, 88, 89, 90, 91, 92, 93, 94, 95, 96, 97, 99, 100, 101, 102, 104, 105, 106, 112, 113, 121, 123, 124, 125, 126, 128, 129, 130, 133, 134, 135, 136, 140, 143, 144, 145, 146, 147, 148, 150, 151, 152, 153, 154, 155, 156, 157, 158, 159, 160, 167, 171, 172, 174, 177, 178, 182, 184, 185, 186, 187, 191, 192, 193, 194, 197, 198, 199, 200, 201, 202, 203, 204, 205, 206, 209]",126,False,5.077746465021197e-05,-1.0951790851265418e-06,1.7290881245112834e-05,20.0
F3,645,645,439,206,646,0.6806201550387597,0.4046082949308756,0.5075144508670522,cao2018,S12/060710_1m,all_channel,median,median__all_channel__F3,32,211,"[0, 1, 3, 6, 7, 8, 9, 10, 11, 12, 13, 14, 17, 18, 19, 24, 25, 26, 27, 28, 29, 30, 31, 32, 42, 43, 44, 45, 47, 51, 52, 53, 54, 55, 56, 57, 58, 60, 61, 63, 64, 65, 70, 71, 74, 76, 82, 84, 85, 86, 87, 88, 89, 90, 91, 92, 93, 94, 95, 96, 97, 99, 100, 101, 102, 104, 105, 106, 112, 113, 121, 123, 124, 125, 126, 128, 129, 130, 133, 134, 135, 136, 140, 143, 144, 145, 146, 147, 148, 150, 151, 152, 153, 154, 155, 156, 157, 158, 159, 160, 167, 171, 172, 174, 177, 178, 182, 184, 185, 186, 187, 191, 192, 193, 194, 197, 198, 199, 200, 201, 202, 203, 204, 205, 206, 209]",126,False,4.4762189221358345e-05,-1.242885658889549e-06,1.533502496008263e-05,20.0
F7,550,550,355,195,730,0.6454545454545455,0.3271889400921659,0.43425076452599387,cao2018,S12/060710_1m,all_channel,median,median__all_channel__F7,32,211,"[0, 1, 3, 6, 7, 8, 9, 10, 11, 12, 13, 14, 17, 18, 19, 24, 25, 26, 27, 28, 29, 30, 31, 32, 42, 43, 44, 45, 47, 51, 52, 53, 54, 55, 56, 57, 58, 60, 61, 63, 64, 65, 70, 71, 74, 76, 82, 84, 85, 86, 87, 88, 89, 90, 91, 92, 93, 94, 95, 96, 97, 99, 100, 101, 102, 104, 105, 106, 112, 113, 121, 123, 124, 125, 126, 128, 129, 130, 133, 134, 135, 136, 140, 143, 144, 145, 146, 147, 148, 150, 151, 152, 153, 154, 155, 156, 157, 158, 159, 160, 167, 171, 172, 174, 177, 178, 182, 184, 185, 186, 187, 191, 192, 193, 194, 197, 198, 199, 200, 201, 202, 203, 204, 205, 206, 209]",126,False,5.283613673944838e-05,-1.32550315471105e-06,1.805387996471981e-05,20.0
FC4,278,278,222,56,863,0.7985611510791367,0.20460829493087557,0.3257520176082172,cao2018,S12/060710_1m,all_channel,median,median__all_channel__FC4,32,211,"[0, 1, 3, 6, 7, 8, 9, 10, 11, 12, 13, 14, 17, 18, 19, 24, 25, 26, 27, 28, 29, 30, 31, 32, 42, 43, 44, 45, 47, 51, 52, 53, 54, 55, 56, 57, 58, 60, 61, 63, 64, 65, 70, 71, 74, 76, 82, 84, 85, 86, 87, 88, 89, 90, 91, 92, 93, 94, 95, 96, 97, 99, 100, 101, 102, 104, 105, 106, 112, 113, 121, 123, 124, 125, 126, 128, 129, 130, 133, 134, 135, 136, 140, 143, 144, 145, 146, 147, 148, 150, 151, 152, 153, 154, 155, 156, 157, 158, 159, 160, 167, 171, 172, 174, 177, 178, 182, 184, 185, 186, 187, 191, 192, 193, 194, 197, 198, 199, 200, 201, 202, 203, 204, 205, 206, 209]",126,False,3.67036498980113e-05,-8.561087800343764e-07,1.251991955934856e-05,20.0
FC3,343,343,229,114,856,0.6676384839650146,0.2110599078341014,0.3207282913165266,cao2018,S12/060710_1m,all_channel,median,median__all_channel__FC3,32,211,"[0, 1, 3, 6, 7, 8, 9, 10, 11, 12, 13, 14, 17, 18, 19, 24, 25, 26, 27, 28, 29, 30, 31, 32, 42, 43, 44, 45, 47, 51, 52, 53, 54, 55, 56, 57, 58, 60, 61, 63, 64, 65, 70, 71, 74, 76, 82, 84, 85, 86, 87, 88, 89, 90, 91, 92, 93, 94, 95, 96, 97, 99, 100, 101, 102, 104, 105, 106, 112, 113, 121, 123, 124, 125, 126, 128, 129, 130, 133, 134, 135, 136, 140, 143, 144, 145, 146, 147, 148, 150, 151, 152, 153, 154, 155, 156, 157, 158, 159, 160, 167, 171, 172, 174, 177, 178, 182, 184, 185, 186, 187, 191, 192, 193, 194, 197, 198, 199, 200, 201, 202, 203, 204, 205, 206, 209]",126,False,3.70619336069174e-05,-8.775855895668665e-07,1.2646506398828089e-05,20.0
FCZ,208,208,149,59,936,0.7163461538461539,0.13732718894009216,0.23047177107501934,cao2018,S12/060710_1m,all_channel,median,median__all_channel__FCZ,32,211,"[0, 1, 3, 6, 7, 8, 9, 10, 11, 12, 13, 14, 17, 18, 19, 24, 25, 26, 27, 28, 29, 30, 31, 32, 42, 43, 44, 45, 47, 51, 52, 53, 54, 55, 56, 57, 58, 60, 61, 63, 64, 65, 70, 71, 74, 76, 82, 84, 85, 86, 87, 88, 89, 90, 91, 92, 93, 94, 95, 96, 97, 99, 100, 101, 102, 104, 105, 106, 112, 113, 121, 123, 124, 125, 126, 128, 129, 130, 133, 134, 135, 136, 140, 143, 144, 145, 146, 147, 148, 150, 151, 152, 153, 154, 155, 156, 157, 158, 159, 160, 167, 171, 172, 174, 177, 178, 182, 184, 185, 186, 187, 191, 192, 193, 194, 197, 198, 199, 200, 201, 202, 203, 204, 205, 206, 209]",126,False,3.7567029000187764e-05,-8.229232037746417e-07,1.2796650734654136e-05,20.0
C3,171,171,112,59,973,0.6549707602339181,0.1032258064516129,0.17834394904458598,cao2018,S12/060710_1m,all_channel,median,median__all_channel__C3,32,211,"[0, 1, 3, 6, 7, 8, 9, 10, 11, 12, 13, 14, 17, 18, 19, 24, 25, 26, 27, 28, 29, 30, 31, 32, 42, 43, 44, 45, 47, 51, 52, 53, 54, 55, 56, 57, 58, 60, 61, 63, 64, 65, 70, 71, 74, 76, 82, 84, 85, 86, 87, 88, 89, 90, 91, 92, 93, 94, 95, 96, 97, 99, 100, 101, 102, 104, 105, 106, 112, 113, 121, 123, 124, 125, 126, 128, 129, 130, 133, 134, 135, 136, 140, 143, 144, 145, 146, 147, 148, 150, 151, 152, 153, 154, 155, 156, 157, 158, 159, 160, 167, 171, 172, 174, 177, 178, 182, 184, 185, 186, 187, 191, 192, 193, 194, 197, 198, 199, 200, 201, 202, 203, 204, 205, 206, 209]",126,False,3.177874593295728e-05,-6.213406789238597e-07,1.0800028870627046e-05,20.0
FT8,179,179,110,69,975,0.6145251396648045,0.10138248847926268,0.17405063291139242,cao2018,S12/060710_1m,all_channel,median,median__all_channel__FT8,32,211,"[0, 1, 3, 6, 7, 8, 9, 10, 11, 12, 13, 14, 17, 18, 19, 24, 25, 26, 27, 28, 29, 30, 31, 32, 42, 43, 44, 45, 47, 51, 52, 53, 54, 55, 56, 57, 58, 60, 61, 63, 64, 65, 70, 71, 74, 76, 82, 84, 85, 86, 87, 88, 89, 90, 91, 92, 93, 94, 95, 96, 97, 99, 100, 101, 102, 104, 105, 106, 112, 113, 121, 123, 124, 125, 126, 128, 129, 130, 133, 134, 135, 136, 140, 143, 144, 145, 146, 147, 148, 150, 151, 152, 153, 154, 155, 156, 157, 158, 159, 160, 167, 171, 172, 174, 177, 178, 182, 184, 185, 186, 187, 191, 192, 193, 194, 197, 198, 199, 200, 201, 202, 203, 204, 205, 206, 209]",126,False,3.6910326054581396e-05,-3.6094282205004823e-07,1.2423756292210482e-05,20.0
FT7,226,226,107,119,978,0.47345132743362833,0.09861751152073733,0.1632341723874905,cao2018,S12/060710_1m,all_channel,median,median__all_channel__FT7,32,211,"[0, 1, 3, 6, 7, 8, 9, 10, 11, 12, 13, 14, 17, 18, 19, 24, 25, 26, 27, 28, 29, 30, 31, 32, 42, 43, 44, 45, 47, 51, 52, 53, 54, 55, 56, 57, 58, 60, 61, 63, 64, 65, 70, 71, 74, 76, 82, 84, 85, 86, 87, 88, 89, 90, 91, 92, 93, 94, 95, 96, 97, 99, 100, 101, 102, 104, 105, 106, 112, 113, 121, 123, 124, 125, 126, 128, 129, 130, 133, 134, 135, 136, 140, 143, 144, 145, 146, 147, 148, 150, 151, 152, 153, 154, 155, 156, 157, 158, 159, 160, 167, 171, 172, 174, 177, 178, 182, 184, 185, 186, 187, 191, 192, 193, 194, 197, 198, 199, 200, 201, 202, 203, 204, 205, 206, 209]",126,False,3.695007638890214e-05,-3.957580245699745e-07,1.244861147115737e-05,20.0
C4,148,148,95,53,990,0.6418918918918919,0.08755760368663594,0.154095701540957,cao2018,S12/060710_1m,all_channel,median,median__all_channel__C4,32,211,"[0, 1, 3, 6, 7, 8, 9, 10, 11, 12, 13, 14, 17, 18, 19, 24, 25, 26, 27, 28, 29, 30, 31, 32, 42, 43, 44, 45, 47, 51, 52, 53, 54, 55, 56, 57, 58, 60, 61, 63, 64, 65, 70, 71, 74, 76, 82, 84, 85, 86, 87, 88, 89, 90, 91, 92, 93, 94, 95, 96, 97, 99, 100, 101, 102, 104, 105, 106, 112, 113, 121, 123, 124, 125, 126, 128, 129, 130, 133, 134, 135, 136, 140, 143, 144, 145, 146, 147, 148, 150, 151, 152, 153, 154, 155, 156, 157, 158, 159, 160, 167, 171, 172, 174, 177, 178, 182, 184, 185, 186, 187, 191, 192, 193, 194, 197, 198, 199, 200, 201, 202, 203, 204, 205, 206, 209]",126,False,3.236383990847878e-05,-5.81552310938591e-07,1.0981797406472457e-05,20.0
CP4,76,76,46,30,1039,0.6052631578947368,0.0423963133640553,0.07924203273040484,cao2018,S12/060710_1m,all_channel,median,median__all_channel__CP4,32,211,"[0, 1, 3, 6, 7, 8, 9, 10, 11, 12, 13, 14, 17, 18, 19, 24, 25, 26, 27, 28, 29, 30, 31, 32, 42, 43, 44, 45, 47, 51, 52, 53, 54, 55, 56, 57, 58, 60, 61, 63, 64, 65, 70, 71, 74, 76, 82, 84, 85, 86, 87, 88, 89, 90, 91, 92, 93, 94, 95, 96, 97, 99, 100, 101, 102, 104, 105, 106, 112, 113, 121, 123, 124, 125, 126, 128, 129, 130, 133, 134, 135, 136, 140, 143, 144, 145, 146, 147, 148, 150, 151, 152, 153, 154, 155, 156, 157, 158, 159, 160, 167, 171, 172, 174, 177, 178, 182, 184, 185, 186, 187, 191, 192, 193, 194, 197, 198, 199, 200, 201, 202, 203, 204, 205, 206, 209]",126,False,2.9539525303156164e-05,-3.700021432146764e-07,9.969842482123614e-06,20.0
CZ,89,89,43,46,1042,0.48314606741573035,0.03963133640552995,0.07325383304940375,cao2018,S12/060710_1m,all_channel,median,median__all_channel__CZ,32,211,"[0, 1, 3, 6, 7, 8, 9, 10, 11, 12, 13, 14, 17, 18, 19, 24, 25, 26, 27, 28, 29, 30, 31, 32, 42, 43, 44, 45, 47, 51, 52, 53, 54, 55, 56, 57, 58, 60, 61, 63, 64, 65, 70, 71, 74, 76, 82, 84, 85, 86, 87, 88, 89, 90, 91, 92, 93, 94, 95, 96, 97, 99, 100, 101, 102, 104, 105, 106, 112, 113, 121, 123, 124, 125, 126, 128, 129, 130, 133, 134, 135, 136, 140, 143, 144, 145, 146, 147, 148, 150, 151, 152, 153, 154, 155, 156, 157, 158, 159, 160, 167, 171, 172, 174, 177, 178, 182, 184, 185, 186, 187, 191, 192, 193, 194, 197, 198, 199, 200, 201, 202, 203, 204, 205, 206, 209]",126,False,3.425290153233901e-05,-5.517061161686785e-07,1.1601535882835896e-05,20.0
T3,119,119,43,76,1042,0.36134453781512604,0.03963133640552995,0.07142857142857142,cao2018,S12/060710_1m,all_channel,median,median__all_channel__T3,32,211,"[0, 1, 3, 6, 7, 8, 9, 10, 11, 12, 13, 14, 17, 18, 19, 24, 25, 26, 27, 28, 29, 30, 31, 32, 42, 43, 44, 45, 47, 51, 52, 53, 54, 55, 56, 57, 58, 60, 61, 63, 64, 65, 70, 71, 74, 76, 82, 84, 85, 86, 87, 88, 89, 90, 91, 92, 93, 94, 95, 96, 97, 99, 100, 101, 102, 104, 105, 106, 112, 113, 121, 123, 124, 125, 126, 128, 129, 130, 133, 134, 135, 136, 140, 143, 144, 145, 146, 147, 148, 150, 151, 152, 153, 154, 155, 156, 157, 158, 159, 160, 167, 171, 172, 174, 177, 178, 182, 184, 185, 186, 187, 191, 192, 193, 194, 197, 198, 199, 200, 201, 202, 203, 204, 205, 206, 209]",126,False,3.2425492512235167e-05,2.1452081926588586e-07,1.0736990564323094e-05,20.0
CP3,80,80,40,40,1045,0.5,0.03686635944700461,0.06866952789699571,cao2018,S12/060710_1m,all_channel,median,median__all_channel__CP3,32,211,"[0, 1, 3, 6, 7, 8, 9, 10, 11, 12, 13, 14, 17, 18, 19, 24, 25, 26, 27, 28, 29, 30, 31, 32, 42, 43, 44, 45, 47, 51, 52, 53, 54, 55, 56, 57, 58, 60, 61, 63, 64, 65, 70, 71, 74, 76, 82, 84, 85, 86, 87, 88, 89, 90, 91, 92, 93, 94, 95, 96, 97, 99, 100, 101, 102, 104, 105, 106, 112, 113, 121, 123, 124, 125, 126, 128, 129, 130, 133, 134, 135, 136, 140, 143, 144, 145, 146, 147, 148, 150, 151, 152, 153, 154, 155, 156, 157, 158, 159, 160, 167, 171, 172, 174, 177, 178, 182, 184, 185, 186, 187, 191, 192, 193, 194, 197, 198, 199, 200, 201, 202, 203, 204, 205, 206, 209]",126,False,2.8366443957431086e-05,-3.571744647258159e-07,9.5745394740523e-06,20.0
T4,169,169,38,131,1047,0.22485207100591717,0.035023041474654376,0.06060606060606061,cao2018,S12/060710_1m,all_channel,median,median__all_channel__T4,32,211,"[0, 1, 3, 6, 7, 8, 9, 10, 11, 12, 13, 14, 17, 18, 19, 24, 25, 26, 27, 28, 29, 30, 31, 32, 42, 43, 44, 45, 47, 51, 52, 53, 54, 55, 56, 57, 58, 60, 61, 63, 64, 65, 70, 71, 74, 76, 82, 84, 85, 86, 87, 88, 89, 90, 91, 92, 93, 94, 95, 96, 97, 99, 100, 101, 102, 104, 105, 106, 112, 113, 121, 123, 124, 125, 126, 128, 129, 130, 133, 134, 135, 136, 140, 143, 144, 145, 146, 147, 148, 150, 151, 152, 153, 154, 155, 156, 157, 158, 159, 160, 167, 171, 172, 174, 177, 178, 182, 184, 185, 186, 187, 191, 192, 193, 194, 197, 198, 199, 200, 201, 202, 203, 204, 205, 206, 209]",126,False,3.7211473301420774e-05,3.4121727266721287e-07,1.2290085342917853e-05,20.0
P3,234,234,36,198,1049,0.15384615384615385,0.03317972350230415,0.05458680818802124,cao2018,S12/060710_1m,all_channel,median,median__all_channel__P3,32,211,"[0, 1, 3, 6, 7, 8, 9, 10, 11, 12, 13, 14, 17, 18, 19, 24, 25, 26, 27, 28, 29, 30, 31, 32, 42, 43, 44, 45, 47, 51, 52, 53, 54, 55, 56, 57, 58, 60, 61, 63, 64, 65, 70, 71, 74, 76, 82, 84, 85, 86, 87, 88, 89, 90, 91, 92, 93, 94, 95, 96, 97, 99, 100, 101, 102, 104, 105, 106, 112, 113, 121, 123, 124, 125, 126, 128, 129, 130, 133, 134, 135, 136, 140, 143, 144, 145, 146, 147, 148, 150, 151, 152, 153, 154, 155, 156, 157, 158, 159, 160, 167, 171, 172, 174, 177, 178, 182, 184, 185, 186, 187, 191, 192, 193, 194, 197, 198, 199, 200, 201, 202, 203, 204, 205, 206, 209]",126,False,3.29850821414496e-05,-4.87966659119863e-07,1.1157682933523152e-05,20.0
P4,138,138,29,109,1056,0.21014492753623187,0.026728110599078342,0.04742436631234669,cao2018,S12/060710_1m,all_channel,median,median__all_channel__P4,32,211,"[0, 1, 3, 6, 7, 8, 9, 10, 11, 12, 13, 14, 17, 18, 19, 24, 25, 26, 27, 28, 29, 30, 31, 32, 42, 43, 44, 45, 47, 51, 52, 53, 54, 55, 56, 57, 58, 60, 61, 63, 64, 65, 70, 71, 74, 76, 82, 84, 85, 86, 87, 88, 89, 90, 91, 92, 93, 94, 95, 96, 97, 99, 100, 101, 102, 104, 105, 106, 112, 113, 121, 123, 124, 125, 126, 128, 129, 130, 133, 134, 135, 136, 140, 143, 144, 145, 146, 147, 148, 150, 151, 152, 153, 154, 155, 156, 157, 158, 159, 160, 167, 171, 172, 174, 177, 178, 182, 184, 185, 186, 187, 191, 192, 193, 194, 197, 198, 199, 200, 201, 202, 203, 204, 205, 206, 209]",126,False,3.385953899726234e-05,-4.72952606140665e-07,1.1444163867801e-05,20.0
TP8,97,97,25,72,1060,0.25773195876288657,0.02304147465437788,0.04230118443316413,cao2018,S12/060710_1m,all_channel,median,median__all_channel__TP8,32,211,"[0, 1, 3, 6, 7, 8, 9, 10, 11, 12, 13, 14, 17, 18, 19, 24, 25, 26, 27, 28, 29, 30, 31, 32, 42, 43, 44, 45, 47, 51, 52, 53, 54, 55, 56, 57, 58, 60, 61, 63, 64, 65, 70, 71, 74, 76, 82, 84, 85, 86, 87, 88, 89, 90, 91, 92, 93, 94, 95, 96, 97, 99, 100, 101, 102, 104, 105, 106, 112, 113, 121, 123, 124, 125, 126, 128, 129, 130, 133, 134, 135, 136, 140, 143, 144, 145, 146, 147, 148, 150, 151, 152, 153, 154, 155, 156, 157, 158, 159, 160, 167, 171, 172, 174, 177, 178, 182, 184, 185, 186, 187, 191, 192, 193, 194, 197, 198, 199, 200, 201, 202, 203, 204, 205, 206, 209]",126,False,2.646596228068828e-05,1.6056271962770092e-08,8.816635336241836e-06,20.0
CPZ,45,45,23,22,1062,0.5111111111111111,0.02119815668202765,0.04070796460176991,cao2018,S12/060710_1m,all_channel,median,median__all_channel__CPZ,32,211,"[0, 1, 3, 6, 7, 8, 9, 10, 11, 12, 13, 14, 17, 18, 19, 24, 25, 26, 27, 28, 29, 30, 31, 32, 42, 43, 44, 45, 47, 51, 52, 53, 54, 55, 56, 57, 58, 60, 61, 63, 64, 65, 70, 71, 74, 76, 82, 84, 85, 86, 87, 88, 89, 90, 91, 92, 93, 94, 95, 96, 97, 99, 100, 101, 102, 104, 105, 106, 112, 113, 121, 123, 124, 125, 126, 128, 129, 130, 133, 134, 135, 136, 140, 143, 144, 145, 146, 147, 148, 150, 151, 152, 153, 154, 155, 156, 157, 158, 159, 160, 167, 171, 172, 174, 177, 178, 182, 184, 185, 186, 187, 191, 192, 193, 194, 197, 198, 199, 200, 201, 202, 203, 204, 205, 206, 209]",126,False,3.0457880682886128e-05,-3.576423347760794e-07,1.0271841005887403e-05,20.0
O1,177,177,24,153,1061,0.13559322033898305,0.022119815668202765,0.03803486529318542,cao2018,S12/060710_1m,all_channel,median,median__all_channel__O1,32,211,"[0, 1, 3, 6, 7, 8, 9, 10, 11, 12, 13, 14, 17, 18, 19, 24, 25, 26, 27, 28, 29, 30, 31, 32, 42, 43, 44, 45, 47, 51, 52, 53, 54, 55, 56, 57, 58, 60, 61, 63, 64, 65, 70, 71, 74, 76, 82, 84, 85, 86, 87, 88, 89, 90, 91, 92, 93, 94, 95, 96, 97, 99, 100, 101, 102, 104, 105, 106, 112, 113, 121, 123, 124, 125, 126, 128, 129, 130, 133, 134, 135, 136, 140, 143, 144, 145, 146, 147, 148, 150, 151, 152, 153, 154, 155, 156, 157, 158, 159, 160, 167, 171, 172, 174, 177, 178, 182, 184, 185, 186, 187, 191, 192, 193, 194, 197, 198, 199, 200, 201, 202, 203, 204, 205, 206, 209]",126,False,2.6412953878710574e-05,4.1527721651520155e-07,8.665892220731791e-06,20.0
TP7,108,108,20,88,1065,0.18518518518518517,0.018433179723502304,0.03352891869237217,cao2018,S12/060710_1m,all_channel,median,median__all_channel__TP7,32,211,"[0, 1, 3, 6, 7, 8, 9, 10, 11, 12, 13, 14, 17, 18, 19, 24, 25, 26, 27, 28, 29, 30, 31, 32, 42, 43, 44, 45, 47, 51, 52, 53, 54, 55, 56, 57, 58, 60, 61, 63, 64, 65, 70, 71, 74, 76, 82, 84, 85, 86, 87, 88, 89, 90, 91, 92, 93, 94, 95, 96, 97, 99, 100, 101, 102, 104, 105, 106, 112, 113, 121, 123, 124, 125, 126, 128, 129, 130, 133, 134, 135, 136, 140, 143, 144, 145, 146, 147, 148, 150, 151, 152, 153, 154, 155, 156, 157, 158, 159, 160, 167, 171, 172, 174, 177, 178, 182, 184, 185, 186, 187, 191, 192, 193, 194, 197, 198, 199, 200, 201, 202, 203, 204, 205, 206, 209]",126,False,1.765000125748043e-05,1.6754421489533772e-07,5.827485680861697e-06,20.0
T5,101,101,19,82,1066,0.18811881188118812,0.017511520737327188,0.03204047217537943,cao2018,S12/060710_1m,all_channel,median,median__all_channel__T5,32,211,"[0, 1, 3, 6, 7, 8, 9, 10, 11, 12, 13, 14, 17, 18, 19, 24, 25, 26, 27, 28, 29, 30, 31, 32, 42, 43, 44, 45, 47, 51, 52, 53, 54, 55, 56, 57, 58, 60, 61, 63, 64, 65, 70, 71, 74, 76, 82, 84, 85, 86, 87, 88, 89, 90, 91, 92, 93, 94, 95, 96, 97, 99, 100, 101, 102, 104, 105, 106, 112, 113, 121, 123, 124, 125, 126, 128, 129, 130, 133, 134, 135, 136, 140, 143, 144, 145, 146, 147, 148, 150, 151, 152, 153, 154, 155, 156, 157, 158, 159, 160, 167, 171, 172, 174, 177, 178, 182, 184, 185, 186, 187, 191, 192, 193, 194, 197, 198, 199, 200, 201, 202, 203, 204, 205, 206, 209]",126,False,1.739902284313583e-05,1.678307551221457e-07,5.743730696004561e-06,20.0
O2,112,112,17,95,1068,0.15178571428571427,0.01566820276497696,0.028404344193817876,cao2018,S12/060710_1m,all_channel,median,median__all_channel__O2,32,211,"[0, 1, 3, 6, 7, 8, 9, 10, 11, 12, 13, 14, 17, 18, 19, 24, 25, 26, 27, 28, 29, 30, 31, 32, 42, 43, 44, 45, 47, 51, 52, 53, 54, 55, 56, 57, 58, 60, 61, 63, 64, 65, 70, 71, 74, 76, 82, 84, 85, 86, 87, 88, 89, 90, 91, 92, 93, 94, 95, 96, 97, 99, 100, 101, 102, 104, 105, 106, 112, 113, 121, 123, 124, 125, 126, 128, 129, 130, 133, 134, 135, 136, 140, 143, 144, 145, 146, 147, 148, 150, 151, 152, 153, 154, 155, 156, 157, 158, 159, 160, 167, 171, 172, 174, 177, 178, 182, 184, 185, 186, 187, 191, 192, 193, 194, 197, 198, 199, 200, 201, 202, 203, 204, 205, 206, 209]",126,False,2.5678862536008926e-05,2.2977247303348874e-07,8.483030020991811e-06,20.0
A1,113,113,14,99,1071,0.12389380530973451,0.012903225806451613,0.023372287145242067,cao2018,S12/060710_1m,all_channel,median,median__all_channel__A1,32,211,"[0, 1, 3, 6, 7, 8, 9, 10, 11, 12, 13, 14, 17, 18, 19, 24, 25, 26, 27, 28, 29, 30, 31, 32, 42, 43, 44, 45, 47, 51, 52, 53, 54, 55, 56, 57, 58, 60, 61, 63, 64, 65, 70, 71, 74, 76, 82, 84, 85, 86, 87, 88, 89, 90, 91, 92, 93, 94, 95, 96, 97, 99, 100, 101, 102, 104, 105, 106, 112, 113, 121, 123, 124, 125, 126, 128, 129, 130, 133, 134, 135, 136, 140, 143, 144, 145, 146, 147, 148, 150, 151, 152, 153, 154, 155, 156, 157, 158, 159, 160, 167, 171, 172, 174, 177, 178, 182, 184, 185, 186, 187, 191, 192, 193, 194, 197, 198, 199, 200, 201, 202, 203, 204, 205, 206, 209]",126,False,1.4915219640873128e-05,-1.536175725029901e-07,5.022945737792039e-06,20.0
OZ,72,72,12,60,1073,0.16666666666666666,0.011059907834101382,0.02074330164217805,cao2018,S12/060710_1m,all_channel,median,median__all_channel__OZ,32,211,"[0, 1, 3, 6, 7, 8, 9, 10, 11, 12, 13, 14, 17, 18, 19, 24, 25, 26, 27, 28, 29, 30, 31, 32, 42, 43, 44, 45, 47, 51, 52, 53, 54, 55, 56, 57, 58, 60, 61, 63, 64, 65, 70, 71, 74, 76, 82, 84, 85, 86, 87, 88, 89, 90, 91, 92, 93, 94, 95, 96, 97, 99, 100, 101, 102, 104, 105, 106, 112, 113, 121, 123, 124, 125, 126, 128, 129, 130, 133, 134, 135, 136, 140, 143, 144, 145, 146, 147, 148, 150, 151, 152, 153, 154, 155, 156, 157, 158, 159, 160, 167, 171, 172, 174, 177, 178, 182, 184, 185, 186, 187, 191, 192, 193, 194, 197, 198, 199, 200, 201, 202, 203, 204, 205, 206, 209]",126,False,2.0767793170708932e-05,1.5403320024358502e-07,6.871253323488449e-06,20.0
PZ,32,32,11,21,1074,0.34375,0.010138248847926268,0.01969561324977619,cao2018,S12/060710_1m,all_channel,median,median__all_channel__PZ,32,211,"[0, 1, 3, 6, 7, 8, 9, 10, 11, 12, 13, 14, 17, 18, 19, 24, 25, 26, 27, 28, 29, 30, 31, 32, 42, 43, 44, 45, 47, 51, 52, 53, 54, 55, 56, 57, 58, 60, 61, 63, 64, 65, 70, 71, 74, 76, 82, 84, 85, 86, 87, 88, 89, 90, 91, 92, 93, 94, 95, 96, 97, 99, 100, 101, 102, 104, 105, 106, 112, 113, 121, 123, 124, 125, 126, 128, 129, 130, 133, 134, 135, 136, 140, 143, 144, 145, 146, 147, 148, 150, 151, 152, 153, 154, 155, 156, 157, 158, 159, 160, 167, 171, 172, 174, 177, 178, 182, 184, 185, 186, 187, 191, 192, 193, 194, 197, 198, 199, 200, 201, 202, 203, 204, 205, 206, 209]",126,False,3.0817535313832046e-05,-2.5785450511181833e-07,1.0358463272981288e-05,20.0
A2,36,36,9,27,1076,0.25,0.008294930875576038,0.016057091882247996,cao2018,S12/060710_1m,all_channel,median,median__all_channel__A2,32,211,"[0, 1, 3, 6, 7, 8, 9, 10, 11, 12, 13, 14, 17, 18, 19, 24, 25, 26, 27, 28, 29, 30, 31, 32, 42, 43, 44, 45, 47, 51, 52, 53, 54, 55, 56, 57, 58, 60, 61, 63, 64, 65, 70, 71, 74, 76, 82, 84, 85, 86, 87, 88, 89, 90, 91, 92, 93, 94, 95, 96, 97, 99, 100, 101, 102, 104, 105, 106, 112, 113, 121, 123, 124, 125, 126, 128, 129, 130, 133, 134, 135, 136, 140, 143, 144, 145, 146, 147, 148, 150, 151, 152, 153, 154, 155, 156, 157, 158, 159, 160, 167, 171, 172, 174, 177, 178, 182, 184, 185, 186, 187, 191, 192, 193, 194, 197, 198, 199, 200, 201, 202, 203, 204, 205, 206, 209]",126,False,1.522593699202633e-05,1.5246682707473564e-07,5.024490054983865e-06,20.0
T6,26,26,7,19,1078,0.2692307692307692,0.0064516129032258064,0.012601260126012601,cao2018,S12/060710_1m,all_channel,median,median__all_channel__T6,32,211,"[0, 1, 3, 6, 7, 8, 9, 10, 11, 12, 13, 14, 17, 18, 19, 24, 25, 26, 27, 28, 29, 30, 31, 32, 42, 43, 44, 45, 47, 51, 52, 53, 54, 55, 56, 57, 58, 60, 61, 63, 64, 65, 70, 71, 74, 76, 82, 84, 85, 86, 87, 88, 89, 90, 91, 92, 93, 94, 95, 96, 97, 99, 100, 101, 102, 104, 105, 106, 112, 113, 121, 123, 124, 125, 126, 128, 129, 130, 133, 134, 135, 136, 140, 143, 144, 145, 146, 147, 148, 150, 151, 152, 153, 154, 155, 156, 157, 158, 159, 160, 167, 171, 172, 174, 177, 178, 182, 184, 185, 186, 187, 191, 192, 193, 194, 197, 198, 199, 200, 201, 202, 203, 204, 205, 206, 209]",126,False,2.5257303373924532e-05,2.339053427034072e-08,8.41130427988473e-06,20.0
FP2,1351,1351,947,404,138,0.7009622501850481,0.8728110599078341,0.777504105090312,cao2018,S12/060710_1m,all_channel,mean,mean__all_channel__FP2,32,211,"[0, 1, 3, 6, 7, 8, 9, 10, 11, 12, 13, 14, 17, 18, 19, 24, 25, 26, 27, 28, 29, 30, 31, 32, 42, 43, 44, 45, 47, 51, 52, 53, 54, 55, 56, 57, 58, 60, 61, 63, 64, 65, 70, 71, 74, 76, 82, 84, 85, 86, 87, 88, 89, 90, 91, 92, 93, 94, 95, 96, 97, 99, 100, 101, 102, 104, 105, 106, 112, 113, 121, 123, 124, 125, 126, 128, 129, 130, 133, 134, 135, 136, 140, 143, 144, 145, 146, 147, 148, 150, 151, 152, 153, 154, 155, 156, 157, 158, 159, 160, 167, 171, 172, 174, 177, 178, 182, 184, 185, 186, 187, 191, 192, 193, 194, 197, 198, 199, 200, 201, 202, 203, 204, 205, 206, 209]",126,False,6.70439342224901e-05,-3.0137191902089836e-09,2.234898264722677e-05,20.0
FP1,1379,1379,957,422,128,0.6939811457577955,0.8820276497695853,0.7767857142857142,cao2018,S12/060710_1m,all_channel,mean,mean__all_channel__FP1,32,211,"[0, 1, 3, 6, 7, 8, 9, 10, 11, 12, 13, 14, 17, 18, 19, 24, 25, 26, 27, 28, 29, 30, 31, 32, 42, 43, 44, 45, 47, 51, 52, 53, 54, 55, 56, 57, 58, 60, 61, 63, 64, 65, 70, 71, 74, 76, 82, 84, 85, 86, 87, 88, 89, 90, 91, 92, 93, 94, 95, 96, 97, 99, 100, 101, 102, 104, 105, 106, 112, 113, 121, 123, 124, 125, 126, 128, 129, 130, 133, 134, 135, 136, 140, 143, 144, 145, 146, 147, 148, 150, 151, 152, 153, 154, 155, 156, 157, 158, 159, 160, 167, 171, 172, 174, 177, 178, 182, 184, 185, 186, 187, 191, 192, 193, 194, 197, 198, 199, 200, 201, 202, 203, 204, 205, 206, 209]",126,False,7.055515310302752e-05,-4.105161010063455e-09,2.3519752754679193e-05,20.0
FZ,622,622,462,160,623,0.7427652733118971,0.4258064516129032,0.5413005272407733,cao2018,S12/060710_1m,all_channel,mean,mean__all_channel__FZ,32,211,"[0, 1, 3, 6, 7, 8, 9, 10, 11, 12, 13, 14, 17, 18, 19, 24, 25, 26, 27, 28, 29, 30, 31, 32, 42, 43, 44, 45, 47, 51, 52, 53, 54, 55, 56, 57, 58, 60, 61, 63, 64, 65, 70, 71, 74, 76, 82, 84, 85, 86, 87, 88, 89, 90, 91, 92, 93, 94, 95, 96, 97, 99, 100, 101, 102, 104, 105, 106, 112, 113, 121, 123, 124, 125, 126, 128, 129, 130, 133, 134, 135, 136, 140, 143, 144, 145, 146, 147, 148, 150, 151, 152, 153, 154, 155, 156, 157, 158, 159, 160, 167, 171, 172, 174, 177, 178, 182, 184, 185, 186, 187, 191, 192, 193, 194, 197, 198, 199, 200, 201, 202, 203, 204, 205, 206, 209]",126,False,4.241607453795696e-05,1.474933957001308e-09,1.4138199867999988e-05,20.0
F4,574,574,433,141,652,0.7543554006968641,0.3990783410138249,0.5220012055455093,cao2018,S12/060710_1m,all_channel,mean,mean__all_channel__F4,32,211,"[0, 1, 3, 6, 7, 8, 9, 10, 11, 12, 13, 14, 17, 18, 19, 24, 25, 26, 27, 28, 29, 30, 31, 32, 42, 43, 44, 45, 47, 51, 52, 53, 54, 55, 56, 57, 58, 60, 61, 63, 64, 65, 70, 71, 74, 76, 82, 84, 85, 86, 87, 88, 89, 90, 91, 92, 93, 94, 95, 96, 97, 99, 100, 101, 102, 104, 105, 106, 112, 113, 121, 123, 124, 125, 126, 128, 129, 130, 133, 134, 135, 136, 140, 143, 144, 145, 146, 147, 148, 150, 151, 152, 153, 154, 155, 156, 157, 158, 159, 160, 167, 171, 172, 174, 177, 178, 182, 184, 185, 186, 187, 191, 192, 193, 194, 197, 198, 199, 200, 201, 202, 203, 204, 205, 206, 209]",126,False,4.776600028078244e-05,-2.9386332753550164e-09,1.5922979638019266e-05,20.0
F8,501,501,409,92,676,0.8163672654690619,0.37695852534562213,0.5157629255989911,cao2018,S12/060710_1m,all_channel,mean,mean__all_channel__F8,32,211,"[0, 1, 3, 6, 7, 8, 9, 10, 11, 12, 13, 14, 17, 18, 19, 24, 25, 26, 27, 28, 29, 30, 31, 32, 42, 43, 44, 45, 47, 51, 52, 53, 54, 55, 56, 57, 58, 60, 61, 63, 64, 65, 70, 71, 74, 76, 82, 84, 85, 86, 87, 88, 89, 90, 91, 92, 93, 94, 95, 96, 97, 99, 100, 101, 102, 104, 105, 106, 112, 113, 121, 123, 124, 125, 126, 128, 129, 130, 133, 134, 135, 136, 140, 143, 144, 145, 146, 147, 148, 150, 151, 152, 153, 154, 155, 156, 157, 158, 159, 160, 167, 171, 172, 174, 177, 178, 182, 184, 185, 186, 187, 191, 192, 193, 194, 197, 198, 199, 200, 201, 202, 203, 204, 205, 206, 209]",126,False,5.185332404690319e-05,-1.931968843531695e-08,1.7290881245112834e-05,20.0
F3,599,599,402,197,683,0.671118530884808,0.3705069124423963,0.47743467933491684,cao2018,S12/060710_1m,all_channel,mean,mean__all_channel__F3,32,211,"[0, 1, 3, 6, 7, 8, 9, 10, 11, 12, 13, 14, 17, 18, 19, 24, 25, 26, 27, 28, 29, 30, 31, 32, 42, 43, 44, 45, 47, 51, 52, 53, 54, 55, 56, 57, 58, 60, 61, 63, 64, 65, 70, 71, 74, 76, 82, 84, 85, 86, 87, 88, 89, 90, 91, 92, 93, 94, 95, 96, 97, 99, 100, 101, 102, 104, 105, 106, 112, 113, 121, 123, 124, 125, 126, 128, 129, 130, 133, 134, 135, 136, 140, 143, 144, 145, 146, 147, 148, 150, 151, 152, 153, 154, 155, 156, 157, 158, 159, 160, 167, 171, 172, 174, 177, 178, 182, 184, 185, 186, 187, 191, 192, 193, 194, 197, 198, 199, 200, 201, 202, 203, 204, 205, 206, 209]",126,False,4.600665781090677e-05,1.5829306588759772e-09,1.533502496008263e-05,20.0
F7,510,510,329,181,756,0.6450980392156863,0.3032258064516129,0.41253918495297803,cao2018,S12/060710_1m,all_channel,mean,mean__all_channel__F7,32,211,"[0, 1, 3, 6, 7, 8, 9, 10, 11, 12, 13, 14, 17, 18, 19, 24, 25, 26, 27, 28, 29, 30, 31, 32, 42, 43, 44, 45, 47, 51, 52, 53, 54, 55, 56, 57, 58, 60, 61, 63, 64, 65, 70, 71, 74, 76, 82, 84, 85, 86, 87, 88, 89, 90, 91, 92, 93, 94, 95, 96, 97, 99, 100, 101, 102, 104, 105, 106, 112, 113, 121, 123, 124, 125, 126, 128, 129, 130, 133, 134, 135, 136, 140, 143, 144, 145, 146, 147, 148, 150, 151, 152, 153, 154, 155, 156, 157, 158, 159, 160, 167, 171, 172, 174, 177, 178, 182, 184, 185, 186, 187, 191, 192, 193, 194, 197, 198, 199, 200, 201, 202, 203, 204, 205, 206, 209]",126,False,5.41619721149239e-05,3.322207644749732e-10,1.805387996471981e-05,20.0
FC4,250,250,202,48,883,0.808,0.18617511520737326,0.3026217228464419,cao2018,S12/060710_1m,all_channel,mean,mean__all_channel__FC4,32,211,"[0, 1, 3, 6, 7, 8, 9, 10, 11, 12, 13, 14, 17, 18, 19, 24, 25, 26, 27, 28, 29, 30, 31, 32, 42, 43, 44, 45, 47, 51, 52, 53, 54, 55, 56, 57, 58, 60, 61, 63, 64, 65, 70, 71, 74, 76, 82, 84, 85, 86, 87, 88, 89, 90, 91, 92, 93, 94, 95, 96, 97, 99, 100, 101, 102, 104, 105, 106, 112, 113, 121, 123, 124, 125, 126, 128, 129, 130, 133, 134, 135, 136, 140, 143, 144, 145, 146, 147, 148, 150, 151, 152, 153, 154, 155, 156, 157, 158, 159, 160, 167, 171, 172, 174, 177, 178, 182, 184, 185, 186, 187, 191, 192, 193, 194, 197, 198, 199, 200, 201, 202, 203, 204, 205, 206, 209]",126,False,3.7561655515679154e-05,1.8968376334785495e-09,1.251991955934856e-05,20.0
FC3,298,298,206,92,879,0.6912751677852349,0.18986175115207374,0.29790310918293567,cao2018,S12/060710_1m,all_channel,mean,mean__all_channel__FC3,32,211,"[0, 1, 3, 6, 7, 8, 9, 10, 11, 12, 13, 14, 17, 18, 19, 24, 25, 26, 27, 28, 29, 30, 31, 32, 42, 43, 44, 45, 47, 51, 52, 53, 54, 55, 56, 57, 58, 60, 61, 63, 64, 65, 70, 71, 74, 76, 82, 84, 85, 86, 87, 88, 89, 90, 91, 92, 93, 94, 95, 96, 97, 99, 100, 101, 102, 104, 105, 106, 112, 113, 121, 123, 124, 125, 126, 128, 129, 130, 133, 134, 135, 136, 140, 143, 144, 145, 146, 147, 148, 150, 151, 152, 153, 154, 155, 156, 157, 158, 159, 160, 167, 171, 172, 174, 177, 178, 182, 184, 185, 186, 187, 191, 192, 193, 194, 197, 198, 199, 200, 201, 202, 203, 204, 205, 206, 209]",126,False,3.7936071656477956e-05,-3.4475400063085805e-09,1.2646506398828089e-05,20.0
FCZ,191,191,135,56,950,0.7068062827225131,0.12442396313364056,0.2115987460815047,cao2018,S12/060710_1m,all_channel,mean,mean__all_channel__FCZ,32,211,"[0, 1, 3, 6, 7, 8, 9, 10, 11, 12, 13, 14, 17, 18, 19, 24, 25, 26, 27, 28, 29, 30, 31, 32, 42, 43, 44, 45, 47, 51, 52, 53, 54, 55, 56, 57, 58, 60, 61, 63, 64, 65, 70, 71, 74, 76, 82, 84, 85, 86, 87, 88, 89, 90, 91, 92, 93, 94, 95, 96, 97, 99, 100, 101, 102, 104, 105, 106, 112, 113, 121, 123, 124, 125, 126, 128, 129, 130, 133, 134, 135, 136, 140, 143, 144, 145, 146, 147, 148, 150, 151, 152, 153, 154, 155, 156, 157, 158, 159, 160, 167, 171, 172, 174, 177, 178, 182, 184, 185, 186, 187, 191, 192, 193, 194, 197, 198, 199, 200, 201, 202, 203, 204, 205, 206, 209]",126,False,3.839538469051295e-05,5.4324865505443e-09,1.2796650734654136e-05,20.0
FT8,173,173,108,65,977,0.6242774566473989,0.09953917050691244,0.17170111287758347,cao2018,S12/060710_1m,all_channel,mean,mean__all_channel__FT8,32,211,"[0, 1, 3, 6, 7, 8, 9, 10, 11, 12, 13, 14, 17, 18, 19, 24, 25, 26, 27, 28, 29, 30, 31, 32, 42, 43, 44, 45, 47, 51, 52, 53, 54, 55, 56, 57, 58, 60, 61, 63, 64, 65, 70, 71, 74, 76, 82, 84, 85, 86, 87, 88, 89, 90, 91, 92, 93, 94, 95, 96, 97, 99, 100, 101, 102, 104, 105, 106, 112, 113, 121, 123, 124, 125, 126, 128, 129, 130, 133, 134, 135, 136, 140, 143, 144, 145, 146, 147, 148, 150, 151, 152, 153, 154, 155, 156, 157, 158, 159, 160, 167, 171, 172, 174, 177, 178, 182, 184, 185, 186, 187, 191, 192, 193, 194, 197, 198, 199, 200, 201, 202, 203, 204, 205, 206, 209]",126,False,3.725257636346233e-05,-1.8692513169113113e-08,1.2423756292210482e-05,20.0
C3,154,154,101,53,984,0.6558441558441559,0.09308755760368663,0.16303470540758677,cao2018,S12/060710_1m,all_channel,mean,mean__all_channel__C3,32,211,"[0, 1, 3, 6, 7, 8, 9, 10, 11, 12, 13, 14, 17, 18, 19, 24, 25, 26, 27, 28, 29, 30, 31, 32, 42, 43, 44, 45, 47, 51, 52, 53, 54, 55, 56, 57, 58, 60, 61, 63, 64, 65, 70, 71, 74, 76, 82, 84, 85, 86, 87, 88, 89, 90, 91, 92, 93, 94, 95, 96, 97, 99, 100, 101, 102, 104, 105, 106, 112, 113, 121, 123, 124, 125, 126, 128, 129, 130, 133, 134, 135, 136, 140, 143, 144, 145, 146, 147, 148, 150, 151, 152, 153, 154, 155, 156, 157, 158, 159, 160, 167, 171, 172, 174, 177, 178, 182, 184, 185, 186, 187, 191, 192, 193, 194, 197, 198, 199, 200, 201, 202, 203, 204, 205, 206, 209]",126,False,3.2399465352253537e-05,-6.212596276070455e-10,1.0800028870627046e-05,20.0
FT7,216,216,105,111,980,0.4861111111111111,0.0967741935483871,0.16141429669485013,cao2018,S12/060710_1m,all_channel,mean,mean__all_channel__FT7,32,211,"[0, 1, 3, 6, 7, 8, 9, 10, 11, 12, 13, 14, 17, 18, 19, 24, 25, 26, 27, 28, 29, 30, 31, 32, 42, 43, 44, 45, 47, 51, 52, 53, 54, 55, 56, 57, 58, 60, 61, 63, 64, 65, 70, 71, 74, 76, 82, 84, 85, 86, 87, 88, 89, 90, 91, 92, 93, 94, 95, 96, 97, 99, 100, 101, 102, 104, 105, 106, 112, 113, 121, 123, 124, 125, 126, 128, 129, 130, 133, 134, 135, 136, 140, 143, 144, 145, 146, 147, 148, 150, 151, 152, 153, 154, 155, 156, 157, 158, 159, 160, 167, 171, 172, 174, 177, 178, 182, 184, 185, 186, 187, 191, 192, 193, 194, 197, 198, 199, 200, 201, 202, 203, 204, 205, 206, 209]",126,False,3.733265864298636e-05,-1.3175770485754209e-08,1.244861147115737e-05,20.0
C4,135,135,85,50,1000,0.6296296296296297,0.07834101382488479,0.13934426229508196,cao2018,S12/060710_1m,all_channel,mean,mean__all_channel__C4,32,211,"[0, 1, 3, 6, 7, 8, 9, 10, 11, 12, 13, 14, 17, 18, 19, 24, 25, 26, 27, 28, 29, 30, 31, 32, 42, 43, 44, 45, 47, 51, 52, 53, 54, 55, 56, 57, 58, 60, 61, 63, 64, 65, 70, 71, 74, 76, 82, 84, 85, 86, 87, 88, 89, 90, 91, 92, 93, 94, 95, 96, 97, 99, 100, 101, 102, 104, 105, 106, 112, 113, 121, 123, 124, 125, 126, 128, 129, 130, 133, 134, 135, 136, 140, 143, 144, 145, 146, 147, 148, 150, 151, 152, 153, 154, 155, 156, 157, 158, 159, 160, 167, 171, 172, 174, 177, 178, 182, 184, 185, 186, 187, 191, 192, 193, 194, 197, 198, 199, 200, 201, 202, 203, 204, 205, 206, 209]",126,False,3.2943342785798234e-05,-2.0494336191347335e-09,1.0981797406472457e-05,20.0
CP4,72,72,43,29,1042,0.5972222222222222,0.03963133640552995,0.07433016421780467,cao2018,S12/060710_1m,all_channel,mean,mean__all_channel__CP4,32,211,"[0, 1, 3, 6, 7, 8, 9, 10, 11, 12, 13, 14, 17, 18, 19, 24, 25, 26, 27, 28, 29, 30, 31, 32, 42, 43, 44, 45, 47, 51, 52, 53, 54, 55, 56, 57, 58, 60, 61, 63, 64, 65, 70, 71, 74, 76, 82, 84, 85, 86, 87, 88, 89, 90, 91, 92, 93, 94, 95, 96, 97, 99, 100, 101, 102, 104, 105, 106, 112, 113, 121, 123, 124, 125, 126, 128, 129, 130, 133, 134, 135, 136, 140, 143, 144, 145, 146, 147, 148, 150, 151, 152, 153, 154, 155, 156, 157, 158, 159, 160, 167, 171, 172, 174, 177, 178, 182, 184, 185, 186, 187, 191, 192, 193, 194, 197, 198, 199, 200, 201, 202, 203, 204, 205, 206, 209]",126,False,2.9903548193609903e-05,-5.97925276093816e-09,9.969842482123614e-06,20.0
T3,123,123,44,79,1041,0.35772357723577236,0.04055299539170507,0.0728476821192053,cao2018,S12/060710_1m,all_channel,mean,mean__all_channel__T3,32,211,"[0, 1, 3, 6, 7, 8, 9, 10, 11, 12, 13, 14, 17, 18, 19, 24, 25, 26, 27, 28, 29, 30, 31, 32, 42, 43, 44, 45, 47, 51, 52, 53, 54, 55, 56, 57, 58, 60, 61, 63, 64, 65, 70, 71, 74, 76, 82, 84, 85, 86, 87, 88, 89, 90, 91, 92, 93, 94, 95, 96, 97, 99, 100, 101, 102, 104, 105, 106, 112, 113, 121, 123, 124, 125, 126, 128, 129, 130, 133, 134, 135, 136, 140, 143, 144, 145, 146, 147, 148, 150, 151, 152, 153, 154, 155, 156, 157, 158, 159, 160, 167, 171, 172, 174, 177, 178, 182, 184, 185, 186, 187, 191, 192, 193, 194, 197, 198, 199, 200, 201, 202, 203, 204, 205, 206, 209]",126,False,3.216949513083445e-05,-4.147656213483413e-08,1.0736990564323094e-05,20.0
T4,180,180,42,138,1043,0.23333333333333334,0.03870967741935484,0.06640316205533597,cao2018,S12/060710_1m,all_channel,mean,mean__all_channel__T4,32,211,"[0, 1, 3, 6, 7, 8, 9, 10, 11, 12, 13, 14, 17, 18, 19, 24, 25, 26, 27, 28, 29, 30, 31, 32, 42, 43, 44, 45, 47, 51, 52, 53, 54, 55, 56, 57, 58, 60, 61, 63, 64, 65, 70, 71, 74, 76, 82, 84, 85, 86, 87, 88, 89, 90, 91, 92, 93, 94, 95, 96, 97, 99, 100, 101, 102, 104, 105, 106, 112, 113, 121, 123, 124, 125, 126, 128, 129, 130, 133, 134, 135, 136, 140, 143, 144, 145, 146, 147, 148, 150, 151, 152, 153, 154, 155, 156, 157, 158, 159, 160, 167, 171, 172, 174, 177, 178, 182, 184, 185, 186, 187, 191, 192, 193, 194, 197, 198, 199, 200, 201, 202, 203, 204, 205, 206, 209]",126,False,3.6847871103221546e-05,-2.2384925532016303e-08,1.2290085342917853e-05,20.0
CP3,74,74,38,36,1047,0.5135135135135135,0.035023041474654376,0.06557377049180328,cao2018,S12/060710_1m,all_channel,mean,mean__all_channel__CP3,32,211,"[0, 1, 3, 6, 7, 8, 9, 10, 11, 12, 13, 14, 17, 18, 19, 24, 25, 26, 27, 28, 29, 30, 31, 32, 42, 43, 44, 45, 47, 51, 52, 53, 54, 55, 56, 57, 58, 60, 61, 63, 64, 65, 70, 71, 74, 76, 82, 84, 85, 86, 87, 88, 89, 90, 91, 92, 93, 94, 95, 96, 97, 99, 100, 101, 102, 104, 105, 106, 112, 113, 121, 123, 124, 125, 126, 128, 129, 130, 133, 134, 135, 136, 140, 143, 144, 145, 146, 147, 148, 150, 151, 152, 153, 154, 155, 156, 157, 158, 159, 160, 167, 171, 172, 174, 177, 178, 182, 184, 185, 186, 187, 191, 192, 193, 194, 197, 198, 199, 200, 201, 202, 203, 204, 205, 206, 209]",126,False,2.8721947359854696e-05,-1.6710623022045792e-09,9.5745394740523e-06,20.0
CZ,78,78,36,42,1049,0.46153846153846156,0.03317972350230415,0.06190885640584695,cao2018,S12/060710_1m,all_channel,mean,mean__all_channel__CZ,32,211,"[0, 1, 3, 6, 7, 8, 9, 10, 11, 12, 13, 14, 17, 18, 19, 24, 25, 26, 27, 28, 29, 30, 31, 32, 42, 43, 44, 45, 47, 51, 52, 53, 54, 55, 56, 57, 58, 60, 61, 63, 64, 65, 70, 71, 74, 76, 82, 84, 85, 86, 87, 88, 89, 90, 91, 92, 93, 94, 95, 96, 97, 99, 100, 101, 102, 104, 105, 106, 112, 113, 121, 123, 124, 125, 126, 128, 129, 130, 133, 134, 135, 136, 140, 143, 144, 145, 146, 147, 148, 150, 151, 152, 153, 154, 155, 156, 157, 158, 159, 160, 167, 171, 172, 174, 177, 178, 182, 184, 185, 186, 187, 191, 192, 193, 194, 197, 198, 199, 200, 201, 202, 203, 204, 205, 206, 209]",126,False,3.481206016928598e-05,7.452520778290109e-09,1.1601535882835896e-05,20.0
P3,224,224,34,190,1051,0.15178571428571427,0.03133640552995392,0.051948051948051945,cao2018,S12/060710_1m,all_channel,mean,mean__all_channel__P3,32,211,"[0, 1, 3, 6, 7, 8, 9, 10, 11, 12, 13, 14, 17, 18, 19, 24, 25, 26, 27, 28, 29, 30, 31, 32, 42, 43, 44, 45, 47, 51, 52, 53, 54, 55, 56, 57, 58, 60, 61, 63, 64, 65, 70, 71, 74, 76, 82, 84, 85, 86, 87, 88, 89, 90, 91, 92, 93, 94, 95, 96, 97, 99, 100, 101, 102, 104, 105, 106, 112, 113, 121, 123, 124, 125, 126, 128, 129, 130, 133, 134, 135, 136, 140, 143, 144, 145, 146, 147, 148, 150, 151, 152, 153, 154, 155, 156, 157, 158, 159, 160, 167, 171, 172, 174, 177, 178, 182, 184, 185, 186, 187, 191, 192, 193, 194, 197, 198, 199, 200, 201, 202, 203, 204, 205, 206, 209]",126,False,3.347172642334826e-05,-1.32237722119736e-09,1.1157682933523152e-05,20.0
P4,125,125,28,97,1057,0.224,0.025806451612903226,0.04628099173553719,cao2018,S12/060710_1m,all_channel,mean,mean__all_channel__P4,32,211,"[0, 1, 3, 6, 7, 8, 9, 10, 11, 12, 13, 14, 17, 18, 19, 24, 25, 26, 27, 28, 29, 30, 31, 32, 42, 43, 44, 45, 47, 51, 52, 53, 54, 55, 56, 57, 58, 60, 61, 63, 64, 65, 70, 71, 74, 76, 82, 84, 85, 86, 87, 88, 89, 90, 91, 92, 93, 94, 95, 96, 97, 99, 100, 101, 102, 104, 105, 106, 112, 113, 121, 123, 124, 125, 126, 128, 129, 130, 133, 134, 135, 136, 140, 143, 144, 145, 146, 147, 148, 150, 151, 152, 153, 154, 155, 156, 157, 158, 159, 160, 167, 171, 172, 174, 177, 178, 182, 184, 185, 186, 187, 191, 192, 193, 194, 197, 198, 199, 200, 201, 202, 203, 204, 205, 206, 209]",126,False,3.431763175039442e-05,-1.4859853008578649e-08,1.1444163867801e-05,20.0
TP8,98,98,25,73,1060,0.25510204081632654,0.02304147465437788,0.042265426880811495,cao2018,S12/060710_1m,all_channel,mean,mean__all_channel__TP8,32,211,"[0, 1, 3, 6, 7, 8, 9, 10, 11, 12, 13, 14, 17, 18, 19, 24, 25, 26, 27, 28, 29, 30, 31, 32, 42, 43, 44, 45, 47, 51, 52, 53, 54, 55, 56, 57, 58, 60, 61, 63, 64, 65, 70, 71, 74, 76, 82, 84, 85, 86, 87, 88, 89, 90, 91, 92, 93, 94, 95, 96, 97, 99, 100, 101, 102, 104, 105, 106, 112, 113, 121, 123, 124, 125, 126, 128, 129, 130, 133, 134, 135, 136, 140, 143, 144, 145, 146, 147, 148, 150, 151, 152, 153, 154, 155, 156, 157, 158, 159, 160, 167, 171, 172, 174, 177, 178, 182, 184, 185, 186, 187, 191, 192, 193, 194, 197, 198, 199, 200, 201, 202, 203, 204, 205, 206, 209]",126,False,2.64259928353485e-05,-2.3913173377008124e-08,8.816635336241836e-06,20.0
O1,184,184,24,160,1061,0.13043478260869565,0.022119815668202765,0.037825059101654845,cao2018,S12/060710_1m,all_channel,mean,mean__all_channel__O1,32,211,"[0, 1, 3, 6, 7, 8, 9, 10, 11, 12, 13, 14, 17, 18, 19, 24, 25, 26, 27, 28, 29, 30, 31, 32, 42, 43, 44, 45, 47, 51, 52, 53, 54, 55, 56, 57, 58, 60, 61, 63, 64, 65, 70, 71, 74, 76, 82, 84, 85, 86, 87, 88, 89, 90, 91, 92, 93, 94, 95, 96, 97, 99, 100, 101, 102, 104, 105, 106, 112, 113, 121, 123, 124, 125, 126, 128, 129, 130, 133, 134, 135, 136, 140, 143, 144, 145, 146, 147, 148, 150, 151, 152, 153, 154, 155, 156, 157, 158, 159, 160, 167, 171, 172, 174, 177, 178, 182, 184, 185, 186, 187, 191, 192, 193, 194, 197, 198, 199, 200, 201, 202, 203, 204, 205, 206, 209]",126,False,2.5998877402696617e-05,1.200740501243982e-09,8.665892220731791e-06,20.0
CPZ,41,41,21,20,1064,0.5121951219512195,0.01935483870967742,0.037300177619893425,cao2018,S12/060710_1m,all_channel,mean,mean__all_channel__CPZ,32,211,"[0, 1, 3, 6, 7, 8, 9, 10, 11, 12, 13, 14, 17, 18, 19, 24, 25, 26, 27, 28, 29, 30, 31, 32, 42, 43, 44, 45, 47, 51, 52, 53, 54, 55, 56, 57, 58, 60, 61, 63, 64, 65, 70, 71, 74, 76, 82, 84, 85, 86, 87, 88, 89, 90, 91, 92, 93, 94, 95, 96, 97, 99, 100, 101, 102, 104, 105, 106, 112, 113, 121, 123, 124, 125, 126, 128, 129, 130, 133, 134, 135, 136, 140, 143, 144, 145, 146, 147, 148, 150, 151, 152, 153, 154, 155, 156, 157, 158, 159, 160, 167, 171, 172, 174, 177, 178, 182, 184, 185, 186, 187, 191, 192, 193, 194, 197, 198, 199, 200, 201, 202, 203, 204, 205, 206, 209]",126,False,3.08115251805466e-05,-3.997837115608738e-09,1.0271841005887403e-05,20.0
TP7,112,112,20,92,1065,0.17857142857142858,0.018433179723502304,0.03341687552213868,cao2018,S12/060710_1m,all_channel,mean,mean__all_channel__TP7,32,211,"[0, 1, 3, 6, 7, 8, 9, 10, 11, 12, 13, 14, 17, 18, 19, 24, 25, 26, 27, 28, 29, 30, 31, 32, 42, 43, 44, 45, 47, 51, 52, 53, 54, 55, 56, 57, 58, 60, 61, 63, 64, 65, 70, 71, 74, 76, 82, 84, 85, 86, 87, 88, 89, 90, 91, 92, 93, 94, 95, 96, 97, 99, 100, 101, 102, 104, 105, 106, 112, 113, 121, 123, 124, 125, 126, 128, 129, 130, 133, 134, 135, 136, 140, 143, 144, 145, 146, 147, 148, 150, 151, 152, 153, 154, 155, 156, 157, 158, 159, 160, 167, 171, 172, 174, 177, 178, 182, 184, 185, 186, 187, 191, 192, 193, 194, 197, 198, 199, 200, 201, 202, 203, 204, 205, 206, 209]",126,False,1.748541150552812e-05,2.9544629430277185e-09,5.827485680861697e-06,20.0
T5,104,104,19,85,1066,0.18269230769230768,0.017511520737327188,0.031959629941127,cao2018,S12/060710_1m,all_channel,mean,mean__all_channel__T5,32,211,"[0, 1, 3, 6, 7, 8, 9, 10, 11, 12, 13, 14, 17, 18, 19, 24, 25, 26, 27, 28, 29, 30, 31, 32, 42, 43, 44, 45, 47, 51, 52, 53, 54, 55, 56, 57, 58, 60, 61, 63, 64, 65, 70, 71, 74, 76, 82, 84, 85, 86, 87, 88, 89, 90, 91, 92, 93, 94, 95, 96, 97, 99, 100, 101, 102, 104, 105, 106, 112, 113, 121, 123, 124, 125, 126, 128, 129, 130, 133, 134, 135, 136, 140, 143, 144, 145, 146, 147, 148, 150, 151, 152, 153, 154, 155, 156, 157, 158, 159, 160, 167, 171, 172, 174, 177, 178, 182, 184, 185, 186, 187, 191, 192, 193, 194, 197, 198, 199, 200, 201, 202, 203, 204, 205, 206, 209]",126,False,1.723476329402509e-05,3.5712060114042122e-09,5.743730696004561e-06,20.0
O2,115,115,17,98,1068,0.14782608695652175,0.01566820276497696,0.028333333333333332,cao2018,S12/060710_1m,all_channel,mean,mean__all_channel__O2,32,211,"[0, 1, 3, 6, 7, 8, 9, 10, 11, 12, 13, 14, 17, 18, 19, 24, 25, 26, 27, 28, 29, 30, 31, 32, 42, 43, 44, 45, 47, 51, 52, 53, 54, 55, 56, 57, 58, 60, 61, 63, 64, 65, 70, 71, 74, 76, 82, 84, 85, 86, 87, 88, 89, 90, 91, 92, 93, 94, 95, 96, 97, 99, 100, 101, 102, 104, 105, 106, 112, 113, 121, 123, 124, 125, 126, 128, 129, 130, 133, 134, 135, 136, 140, 143, 144, 145, 146, 147, 148, 150, 151, 152, 153, 154, 155, 156, 157, 158, 159, 160, 167, 171, 172, 174, 177, 178, 182, 184, 185, 186, 187, 191, 192, 193, 194, 197, 198, 199, 200, 201, 202, 203, 204, 205, 206, 209]",126,False,2.5436050373868002e-05,-1.3039689107433142e-08,8.483030020991811e-06,20.0
A1,103,103,14,89,1071,0.13592233009708737,0.012903225806451613,0.02356902356902357,cao2018,S12/060710_1m,all_channel,mean,mean__all_channel__A1,32,211,"[0, 1, 3, 6, 7, 8, 9, 10, 11, 12, 13, 14, 17, 18, 19, 24, 25, 26, 27, 28, 29, 30, 31, 32, 42, 43, 44, 45, 47, 51, 52, 53, 54, 55, 56, 57, 58, 60, 61, 63, 64, 65, 70, 71, 74, 76, 82, 84, 85, 86, 87, 88, 89, 90, 91, 92, 93, 94, 95, 96, 97, 99, 100, 101, 102, 104, 105, 106, 112, 113, 121, 123, 124, 125, 126, 128, 129, 130, 133, 134, 135, 136, 140, 143, 144, 145, 146, 147, 148, 150, 151, 152, 153, 154, 155, 156, 157, 158, 159, 160, 167, 171, 172, 174, 177, 178, 182, 184, 185, 186, 187, 191, 192, 193, 194, 197, 198, 199, 200, 201, 202, 203, 204, 205, 206, 209]",126,False,1.5090048666299267e-05,2.1211452923147456e-08,5.022945737792039e-06,20.0
OZ,74,74,12,62,1073,0.16216216216216217,0.011059907834101382,0.02070750647109577,cao2018,S12/060710_1m,all_channel,mean,mean__all_channel__OZ,32,211,"[0, 1, 3, 6, 7, 8, 9, 10, 11, 12, 13, 14, 17, 18, 19, 24, 25, 26, 27, 28, 29, 30, 31, 32, 42, 43, 44, 45, 47, 51, 52, 53, 54, 55, 56, 57, 58, 60, 61, 63, 64, 65, 70, 71, 74, 76, 82, 84, 85, 86, 87, 88, 89, 90, 91, 92, 93, 94, 95, 96, 97, 99, 100, 101, 102, 104, 105, 106, 112, 113, 121, 123, 124, 125, 126, 128, 129, 130, 133, 134, 135, 136, 140, 143, 144, 145, 146, 147, 148, 150, 151, 152, 153, 154, 155, 156, 157, 158, 159, 160, 167, 171, 172, 174, 177, 178, 182, 184, 185, 186, 187, 191, 192, 193, 194, 197, 198, 199, 200, 201, 202, 203, 204, 205, 206, 209]",126,False,2.0612359366947413e-05,-1.4006035179352071e-09,6.871253323488449e-06,20.0
PZ,29,29,10,19,1075,0.3448275862068966,0.009216589861751152,0.017953321364452424,cao2018,S12/060710_1m,all_channel,mean,mean__all_channel__PZ,32,211,"[0, 1, 3, 6, 7, 8, 9, 10, 11, 12, 13, 14, 17, 18, 19, 24, 25, 26, 27, 28, 29, 30, 31, 32, 42, 43, 44, 45, 47, 51, 52, 53, 54, 55, 56, 57, 58, 60, 61, 63, 64, 65, 70, 71, 74, 76, 82, 84, 85, 86, 87, 88, 89, 90, 91, 92, 93, 94, 95, 96, 97, 99, 100, 101, 102, 104, 105, 106, 112, 113, 121, 123, 124, 125, 126, 128, 129, 130, 133, 134, 135, 136, 140, 143, 144, 145, 146, 147, 148, 150, 151, 152, 153, 154, 155, 156, 157, 158, 159, 160, 167, 171, 172, 174, 177, 178, 182, 184, 185, 186, 187, 191, 192, 193, 194, 197, 198, 199, 200, 201, 202, 203, 204, 205, 206, 209]",126,False,3.10686781649337e-05,-6.711654010164489e-09,1.0358463272981288e-05,20.0
A2,35,35,9,26,1076,0.2571428571428571,0.008294930875576038,0.016071428571428573,cao2018,S12/060710_1m,all_channel,mean,mean__all_channel__A2,32,211,"[0, 1, 3, 6, 7, 8, 9, 10, 11, 12, 13, 14, 17, 18, 19, 24, 25, 26, 27, 28, 29, 30, 31, 32, 42, 43, 44, 45, 47, 51, 52, 53, 54, 55, 56, 57, 58, 60, 61, 63, 64, 65, 70, 71, 74, 76, 82, 84, 85, 86, 87, 88, 89, 90, 91, 92, 93, 94, 95, 96, 97, 99, 100, 101, 102, 104, 105, 106, 112, 113, 121, 123, 124, 125, 126, 128, 129, 130, 133, 134, 135, 136, 140, 143, 144, 145, 146, 147, 148, 150, 151, 152, 153, 154, 155, 156, 157, 158, 159, 160, 167, 171, 172, 174, 177, 178, 182, 184, 185, 186, 187, 191, 192, 193, 194, 197, 198, 199, 200, 201, 202, 203, 204, 205, 206, 209]",126,False,1.5052230161163163e-05,-2.124000378843118e-08,5.024490054983865e-06,20.0
T6,26,26,7,19,1078,0.2692307692307692,0.0064516129032258064,0.012601260126012601,cao2018,S12/060710_1m,all_channel,mean,mean__all_channel__T6,32,211,"[0, 1, 3, 6, 7, 8, 9, 10, 11, 12, 13, 14, 17, 18, 19, 24, 25, 26, 27, 28, 29, 30, 31, 32, 42, 43, 44, 45, 47, 51, 52, 53, 54, 55, 56, 57, 58, 60, 61, 63, 64, 65, 70, 71, 74, 76, 82, 84, 85, 86, 87, 88, 89, 90, 91, 92, 93, 94, 95, 96, 97, 99, 100, 101, 102, 104, 105, 106, 112, 113, 121, 123, 124, 125, 126, 128, 129, 130, 133, 134, 135, 136, 140, 143, 144, 145, 146, 147, 148, 150, 151, 152, 153, 154, 155, 156, 157, 158, 159, 160, 167, 171, 172, 174, 177, 178, 182, 184, 185, 186, 187, 191, 192, 193, 194, 197, 198, 199, 200, 201, 202, 203, 204, 205, 206, 209]",126,False,2.521166975830654e-05,-2.2243081347648916e-08,8.41130427988473e-06,20.0
FP2,1085,1085,829,256,256,0.7640552995391705,0.7640552995391705,0.7640552995391705,cao2018,S12/060710_1m,frontal,median,median__frontal__FP2,4,211,"[25, 26, 27, 28, 29, 30, 31, 42, 44, 47, 51, 53, 55, 56, 57, 60, 65, 70, 71, 76, 86, 167, 199, 200, 201, 202, 203, 204, 205, 206]",30,False,8.011510572307747e-05,-3.212573382398728e-06,2.7775893035158732e-05,20.0
FP1,1038,1038,791,247,294,0.7620423892100193,0.7290322580645161,0.7451719265190767,cao2018,S12/060710_1m,frontal,median,median__frontal__FP1,4,211,"[25, 26, 27, 28, 29, 30, 31, 42, 44, 47, 51, 53, 55, 56, 57, 60, 65, 70, 71, 76, 86, 167, 199, 200, 201, 202, 203, 204, 205, 206]",30,False,8.935856680665525e-05,-4.120695347955774e-06,3.115975405153701e-05,20.0
F4,378,378,285,93,800,0.753968253968254,0.2626728110599078,0.3896103896103896,cao2018,S12/060710_1m,frontal,median,median__frontal__F4,4,211,"[25, 26, 27, 28, 29, 30, 31, 42, 44, 47, 51, 53, 55, 56, 57, 60, 65, 70, 71, 76, 86, 167, 199, 200, 201, 202, 203, 204, 205, 206]",30,False,5.463345926141075e-05,-2.050930565935979e-06,1.8894796609115575e-05,20.0
F3,290,290,186,104,899,0.6413793103448275,0.17142857142857143,0.27054545454545453,cao2018,S12/060710_1m,frontal,median,median__frontal__F3,4,211,"[25, 26, 27, 28, 29, 30, 31, 42, 44, 47, 51, 53, 55, 56, 57, 60, 65, 70, 71, 76, 86, 167, 199, 200, 201, 202, 203, 204, 205, 206]",30,False,5.595730814351391e-05,-1.4882602536430877e-06,1.9148522799052334e-05,20.0
FP2,1039,1039,802,237,283,0.7718960538979788,0.7391705069124423,0.7551789077212806,cao2018,S12/060710_1m,frontal,mean,mean__frontal__FP2,4,211,"[25, 26, 27, 28, 29, 30, 31, 42, 44, 47, 51, 53, 55, 56, 57, 60, 65, 70, 71, 76, 86, 167, 199, 200, 201, 202, 203, 204, 205, 206]",30,False,8.337024138862886e-05,4.2562283152664595e-08,2.7775893035158732e-05,20.0
FP1,964,964,743,221,342,0.770746887966805,0.6847926267281106,0.7252318204001953,cao2018,S12/060710_1m,frontal,mean,mean__frontal__FP1,4,211,"[25, 26, 27, 28, 29, 30, 31, 42, 44, 47, 51, 53, 55, 56, 57, 60, 65, 70, 71, 76, 86, 167, 199, 200, 201, 202, 203, 204, 205, 206]",30,False,9.352107666722646e-05,4.1814512615426145e-08,3.115975405153701e-05,20.0
F4,333,333,250,83,835,0.7507507507507507,0.2304147465437788,0.3526093088857546,cao2018,S12/060710_1m,frontal,mean,mean__frontal__F4,4,211,"[25, 26, 27, 28, 29, 30, 31, 42, 44, 47, 51, 53, 55, 56, 57, 60, 65, 70, 71, 76, 86, 167, 199, 200, 201, 202, 203, 204, 205, 206]",30,False,5.669565166236377e-05,1.1261835017047217e-08,1.8894796609115575e-05,20.0
F3,249,249,162,87,923,0.6506024096385542,0.14930875576036867,0.2428785607196402,cao2018,S12/060710_1m,frontal,mean,mean__frontal__F3,4,211,"[25, 26, 27, 28, 29, 30, 31, 42, 44, 47, 51, 53, 55, 56, 57, 60, 65, 70, 71, 76, 86, 167, 199, 200, 201, 202, 203, 204, 205, 206]",30,False,5.747663045074126e-05,3.106205358425575e-08,1.9148522799052334e-05,20.0
FP1,998,998,762,236,323,0.7635270541082164,0.7023041474654378,0.7316370619299088,cao2018,S12/060710_1m,frontal_left,median,median__frontal_left__FP1,2,211,"[25, 26, 27, 28, 29, 30, 31, 42, 44, 51, 53, 55, 56, 57, 60, 71, 76, 86, 167, 199, 200, 201, 202, 203, 205, 206]",26,False,9.147887846323302e-05,-3.7437206708559345e-06,3.174086637802965e-05,20.0
F3,228,228,147,81,938,0.6447368421052632,0.13548387096774195,0.22391469916222392,cao2018,S12/060710_1m,frontal_left,median,median__frontal_left__F3,2,211,"[25, 26, 27, 28, 29, 30, 31, 42, 44, 51, 53, 55, 56, 57, 60, 71, 76, 86, 167, 199, 200, 201, 202, 203, 205, 206]",26,False,5.834263105662947e-05,-1.434590259564925e-06,1.9925740438731466e-05,20.0
FP1,939,939,726,213,359,0.7731629392971247,0.6691244239631337,0.7173913043478262,cao2018,S12/060710_1m,frontal_left,mean,mean__frontal_left__FP1,2,211,"[25, 26, 27, 28, 29, 30, 31, 42, 44, 51, 53, 55, 56, 57, 60, 71, 76, 86, 167, 199, 200, 201, 202, 203, 205, 206]",26,False,9.524366838138154e-05,2.106924729258189e-08,3.174086637802965e-05,20.0
F3,209,209,134,75,951,0.6411483253588517,0.12350230414746544,0.2071097372488408,cao2018,S12/060710_1m,frontal_left,mean,mean__frontal_left__F3,2,211,"[25, 26, 27, 28, 29, 30, 31, 42, 44, 51, 53, 55, 56, 57, 60, 71, 76, 86, 167, 199, 200, 201, 202, 203, 205, 206]",26,False,5.980632359256472e-05,2.9102276370325988e-08,1.9925740438731466e-05,20.0
FP2,963,963,767,196,318,0.7964693665628245,0.7069124423963133,0.7490234375,cao2018,S12/060710_1m,frontal_right,median,median__frontal_right__FP2,2,211,"[25, 26, 30, 42, 44, 47, 51, 57, 60, 65, 70, 167, 199, 200, 201, 202, 204, 205]",18,False,8.700401152209388e-05,-3.082261602527425e-06,3.00287577082071e-05,20.0
F4,333,333,250,83,835,0.7507507507507507,0.2304147465437788,0.3526093088857546,cao2018,S12/060710_1m,frontal_right,median,median__frontal_right__F4,2,211,"[25, 26, 30, 42, 44, 47, 51, 57, 60, 65, 70, 167, 199, 200, 201, 202, 204, 205]",18,False,5.673617939253706e-05,-2.0058516503439452e-06,1.9580677014293668e-05,20.0
FP2,912,912,735,177,350,0.805921052631579,0.6774193548387096,0.7361041562343515,cao2018,S12/060710_1m,frontal_right,mean,mean__frontal_right__FP2,2,211,"[25, 26, 30, 42, 44, 47, 51, 57, 60, 65, 70, 167, 199, 200, 201, 202, 204, 205]",18,False,9.03330923046186e-05,2.468191799973014e-07,3.00287577082071e-05,20.0
F4,289,289,215,74,870,0.7439446366782007,0.19815668202764977,0.31295487627365354,cao2018,S12/060710_1m,frontal_right,mean,mean__frontal_right__F4,2,211,"[25, 26, 30, 42, 44, 47, 51, 57, 60, 65, 70, 167, 199, 200, 201, 202, 204, 205]",18,False,5.875364670153941e-05,1.1615658658400915e-08,1.9580677014293668e-05,20.0
FP2,1421,1421,976,445,111,0.6868402533427164,0.8978840846366145,0.7783094098883572,cao2018,S12/060710_1m,all_channel,median,median__all_channel__FP2,32,141,"[0, 1, 2, 4, 5, 6, 7, 8, 9, 11, 12, 15, 16, 17, 18, 19, 20, 22, 26, 27, 28, 29, 30, 31, 34, 35, 36, 37, 38, 39, 40, 41, 42, 43, 45, 46, 51, 55, 56, 57, 58, 59, 60, 61, 62, 63, 64, 66, 67, 68, 74, 75, 79, 82, 83, 84, 85, 86, 87, 88, 89, 90, 91, 92, 93, 94, 95, 96, 97, 98, 99, 100, 102, 103, 104, 105, 106, 107, 111, 114, 115, 116, 118, 119, 123, 126, 127, 128, 129, 131, 132, 133, 134, 135, 136, 137, 139]",97,False,6.278219370545213e-05,-3.5832023387068148e-06,2.212179868138632e-05,30.0
FP1,1452,1452,984,468,103,0.6776859504132231,0.9052437902483901,0.7751083103584088,cao2018,S12/060710_1m,all_channel,median,median__all_channel__FP1,32,141,"[0, 1, 2, 4, 5, 6, 7, 8, 9, 11, 12, 15, 16, 17, 18, 19, 20, 22, 26, 27, 28, 29, 30, 31, 34, 35, 36, 37, 38, 39, 40, 41, 42, 43, 45, 46, 51, 55, 56, 57, 58, 59, 60, 61, 62, 63, 64, 66, 67, 68, 74, 75, 79, 82, 83, 84, 85, 86, 87, 88, 89, 90, 91, 92, 93, 94, 95, 96, 97, 98, 99, 100, 102, 103, 104, 105, 106, 107, 111, 114, 115, 116, 118, 119, 123, 126, 127, 128, 129, 131, 132, 133, 134, 135, 136, 137, 139]",97,False,6.626613228667126e-05,-3.816800921571288e-06,2.336097773608085e-05,30.0
FZ,696,696,510,186,577,0.7327586206896551,0.46918123275068996,0.5720695457094783,cao2018,S12/060710_1m,all_channel,median,median__all_channel__FZ,32,141,"[0, 1, 2, 4, 5, 6, 7, 8, 9, 11, 12, 15, 16, 17, 18, 19, 20, 22, 26, 27, 28, 29, 30, 31, 34, 35, 36, 37, 38, 39, 40, 41, 42, 43, 45, 46, 51, 55, 56, 57, 58, 59, 60, 61, 62, 63, 64, 66, 67, 68, 74, 75, 79, 82, 83, 84, 85, 86, 87, 88, 89, 90, 91, 92, 93, 94, 95, 96, 97, 98, 99, 100, 102, 103, 104, 105, 106, 107, 111, 114, 115, 116, 118, 119, 123, 126, 127, 128, 129, 131, 132, 133, 134, 135, 136, 137, 139]",97,False,4.0539144897516226e-05,-1.4943990134740026e-06,1.401118130366341e-05,30.0
F4,661,661,491,170,596,0.7428139183055976,0.45170193192272307,0.5617848970251716,cao2018,S12/060710_1m,all_channel,median,median__all_channel__F4,32,141,"[0, 1, 2, 4, 5, 6, 7, 8, 9, 11, 12, 15, 16, 17, 18, 19, 20, 22, 26, 27, 28, 29, 30, 31, 34, 35, 36, 37, 38, 39, 40, 41, 42, 43, 45, 46, 51, 55, 56, 57, 58, 59, 60, 61, 62, 63, 64, 66, 67, 68, 74, 75, 79, 82, 83, 84, 85, 86, 87, 88, 89, 90, 91, 92, 93, 94, 95, 96, 97, 98, 99, 100, 102, 103, 104, 105, 106, 107, 111, 114, 115, 116, 118, 119, 123, 126, 127, 128, 129, 131, 132, 133, 134, 135, 136, 137, 139]",97,False,4.536580993432344e-05,-1.5383124682206814e-06,1.563470746751471e-05,30.0
F8,545,545,445,100,642,0.8165137614678899,0.4093836246550138,0.545343137254902,cao2018,S12/060710_1m,all_channel,median,median__all_channel__F8,32,141,"[0, 1, 2, 4, 5, 6, 7, 8, 9, 11, 12, 15, 16, 17, 18, 19, 20, 22, 26, 27, 28, 29, 30, 31, 34, 35, 36, 37, 38, 39, 40, 41, 42, 43, 45, 46, 51, 55, 56, 57, 58, 59, 60, 61, 62, 63, 64, 66, 67, 68, 74, 75, 79, 82, 83, 84, 85, 86, 87, 88, 89, 90, 91, 92, 93, 94, 95, 96, 97, 98, 99, 100, 102, 103, 104, 105, 106, 107, 111, 114, 115, 116, 118, 119, 123, 126, 127, 128, 129, 131, 132, 133, 134, 135, 136, 137, 139]",97,False,5.02511245976274e-05,-1.1930229185522034e-06,1.7148049172059866e-05,30.0
F3,692,692,474,218,613,0.684971098265896,0.43606255749770007,0.5328836424957841,cao2018,S12/060710_1m,all_channel,median,median__all_channel__F3,32,141,"[0, 1, 2, 4, 5, 6, 7, 8, 9, 11, 12, 15, 16, 17, 18, 19, 20, 22, 26, 27, 28, 29, 30, 31, 34, 35, 36, 37, 38, 39, 40, 41, 42, 43, 45, 46, 51, 55, 56, 57, 58, 59, 60, 61, 62, 63, 64, 66, 67, 68, 74, 75, 79, 82, 83, 84, 85, 86, 87, 88, 89, 90, 91, 92, 93, 94, 95, 96, 97, 98, 99, 100, 102, 103, 104, 105, 106, 107, 111, 114, 115, 116, 118, 119, 123, 126, 127, 128, 129, 131, 132, 133, 134, 135, 136, 137, 139]",97,False,4.363086999218521e-05,-1.3280116024413056e-06,1.4986293864875503e-05,30.0
F7,597,597,384,213,703,0.6432160804020101,0.3532658693652254,0.45605700712589076,cao2018,S12/060710_1m,all_channel,median,median__all_channel__F7,32,141,"[0, 1, 2, 4, 5, 6, 7, 8, 9, 11, 12, 15, 16, 17, 18, 19, 20, 22, 26, 27, 28, 29, 30, 31, 34, 35, 36, 37, 38, 39, 40, 41, 42, 43, 45, 46, 51, 55, 56, 57, 58, 59, 60, 61, 62, 63, 64, 66, 67, 68, 74, 75, 79, 82, 83, 84, 85, 86, 87, 88, 89, 90, 91, 92, 93, 94, 95, 96, 97, 98, 99, 100, 102, 103, 104, 105, 106, 107, 111, 114, 115, 116, 118, 119, 123, 126, 127, 128, 129, 131, 132, 133, 134, 135, 136, 137, 139]",97,False,5.182475208368006e-05,-1.4249007078790421e-06,1.7749884263853034e-05,30.0
FC3,385,385,262,123,825,0.6805194805194805,0.24103035878564857,0.3559782608695652,cao2018,S12/060710_1m,all_channel,median,median__all_channel__FC3,32,141,"[0, 1, 2, 4, 5, 6, 7, 8, 9, 11, 12, 15, 16, 17, 18, 19, 20, 22, 26, 27, 28, 29, 30, 31, 34, 35, 36, 37, 38, 39, 40, 41, 42, 43, 45, 46, 51, 55, 56, 57, 58, 59, 60, 61, 62, 63, 64, 66, 67, 68, 74, 75, 79, 82, 83, 84, 85, 86, 87, 88, 89, 90, 91, 92, 93, 94, 95, 96, 97, 98, 99, 100, 102, 103, 104, 105, 106, 107, 111, 114, 115, 116, 118, 119, 123, 126, 127, 128, 129, 131, 132, 133, 134, 135, 136, 137, 139]",97,False,3.628202546580659e-05,-9.144552704468817e-07,1.239882691208449e-05,30.0
FC4,302,302,240,62,847,0.7947019867549668,0.22079116835326587,0.34557235421166305,cao2018,S12/060710_1m,all_channel,median,median__all_channel__FC4,32,141,"[0, 1, 2, 4, 5, 6, 7, 8, 9, 11, 12, 15, 16, 17, 18, 19, 20, 22, 26, 27, 28, 29, 30, 31, 34, 35, 36, 37, 38, 39, 40, 41, 42, 43, 45, 46, 51, 55, 56, 57, 58, 59, 60, 61, 62, 63, 64, 66, 67, 68, 74, 75, 79, 82, 83, 84, 85, 86, 87, 88, 89, 90, 91, 92, 93, 94, 95, 96, 97, 98, 99, 100, 102, 103, 104, 105, 106, 107, 111, 114, 115, 116, 118, 119, 123, 126, 127, 128, 129, 131, 132, 133, 134, 135, 136, 137, 139]",97,False,3.61651078078029e-05,-8.920381656984089e-07,1.2352381991167103e-05,30.0
FCZ,221,221,157,64,930,0.7104072398190046,0.14443422263109476,0.24006116207951073,cao2018,S12/060710_1m,all_channel,median,median__all_channel__FCZ,32,141,"[0, 1, 2, 4, 5, 6, 7, 8, 9, 11, 12, 15, 16, 17, 18, 19, 20, 22, 26, 27, 28, 29, 30, 31, 34, 35, 36, 37, 38, 39, 40, 41, 42, 43, 45, 46, 51, 55, 56, 57, 58, 59, 60, 61, 62, 63, 64, 66, 67, 68, 74, 75, 79, 82, 83, 84, 85, 86, 87, 88, 89, 90, 91, 92, 93, 94, 95, 96, 97, 98, 99, 100, 102, 103, 104, 105, 106, 107, 111, 114, 115, 116, 118, 119, 123, 126, 127, 128, 129, 131, 132, 133, 134, 135, 136, 137, 139]",97,False,3.7054923786379926e-05,-8.526188838934114e-07,1.2635847556757779e-05,30.0
C3,187,187,122,65,965,0.6524064171122995,0.11223551057957681,0.19152276295133436,cao2018,S12/060710_1m,all_channel,median,median__all_channel__C3,32,141,"[0, 1, 2, 4, 5, 6, 7, 8, 9, 11, 12, 15, 16, 17, 18, 19, 20, 22, 26, 27, 28, 29, 30, 31, 34, 35, 36, 37, 38, 39, 40, 41, 42, 43, 45, 46, 51, 55, 56, 57, 58, 59, 60, 61, 62, 63, 64, 66, 67, 68, 74, 75, 79, 82, 83, 84, 85, 86, 87, 88, 89, 90, 91, 92, 93, 94, 95, 96, 97, 98, 99, 100, 102, 103, 104, 105, 106, 107, 111, 114, 115, 116, 118, 119, 123, 126, 127, 128, 129, 131, 132, 133, 134, 135, 136, 137, 139]",97,False,3.117530484338892e-05,-6.345018373468761e-07,1.0603268893578597e-05,30.0
FT8,189,189,119,70,968,0.6296296296296297,0.10947562097516099,0.1865203761755486,cao2018,S12/060710_1m,all_channel,median,median__all_channel__FT8,32,141,"[0, 1, 2, 4, 5, 6, 7, 8, 9, 11, 12, 15, 16, 17, 18, 19, 20, 22, 26, 27, 28, 29, 30, 31, 34, 35, 36, 37, 38, 39, 40, 41, 42, 43, 45, 46, 51, 55, 56, 57, 58, 59, 60, 61, 62, 63, 64, 66, 67, 68, 74, 75, 79, 82, 83, 84, 85, 86, 87, 88, 89, 90, 91, 92, 93, 94, 95, 96, 97, 98, 99, 100, 102, 103, 104, 105, 106, 107, 111, 114, 115, 116, 118, 119, 123, 126, 127, 128, 129, 131, 132, 133, 134, 135, 136, 137, 139]",97,False,3.6440385108928766e-05,-3.422532062287043e-07,1.2260879438385824e-05,30.0
FT7,248,248,120,128,967,0.4838709677419355,0.11039558417663294,0.1797752808988764,cao2018,S12/060710_1m,all_channel,median,median__all_channel__FT7,32,141,"[0, 1, 2, 4, 5, 6, 7, 8, 9, 11, 12, 15, 16, 17, 18, 19, 20, 22, 26, 27, 28, 29, 30, 31, 34, 35, 36, 37, 38, 39, 40, 41, 42, 43, 45, 46, 51, 55, 56, 57, 58, 59, 60, 61, 62, 63, 64, 66, 67, 68, 74, 75, 79, 82, 83, 84, 85, 86, 87, 88, 89, 90, 91, 92, 93, 94, 95, 96, 97, 98, 99, 100, 102, 103, 104, 105, 106, 107, 111, 114, 115, 116, 118, 119, 123, 126, 127, 128, 129, 131, 132, 133, 134, 135, 136, 137, 139]",97,False,3.631050096874908e-05,-4.025624951335861e-07,1.2237687821294222e-05,30.0
C4,162,162,102,60,985,0.6296296296296297,0.09383624655013799,0.16333066453162529,cao2018,S12/060710_1m,all_channel,median,median__all_channel__C4,32,141,"[0, 1, 2, 4, 5, 6, 7, 8, 9, 11, 12, 15, 16, 17, 18, 19, 20, 22, 26, 27, 28, 29, 30, 31, 34, 35, 36, 37, 38, 39, 40, 41, 42, 43, 45, 46, 51, 55, 56, 57, 58, 59, 60, 61, 62, 63, 64, 66, 67, 68, 74, 75, 79, 82, 83, 84, 85, 86, 87, 88, 89, 90, 91, 92, 93, 94, 95, 96, 97, 98, 99, 100, 102, 103, 104, 105, 106, 107, 111, 114, 115, 116, 118, 119, 123, 126, 127, 128, 129, 131, 132, 133, 134, 135, 136, 137, 139]",97,False,3.193888811678705e-05,-6.13341066448207e-07,1.0850743061078416e-05,30.0
CZ,100,100,53,47,1034,0.53,0.04875804967801288,0.08930075821398482,cao2018,S12/060710_1m,all_channel,median,median__all_channel__CZ,32,141,"[0, 1, 2, 4, 5, 6, 7, 8, 9, 11, 12, 15, 16, 17, 18, 19, 20, 22, 26, 27, 28, 29, 30, 31, 34, 35, 36, 37, 38, 39, 40, 41, 42, 43, 45, 46, 51, 55, 56, 57, 58, 59, 60, 61, 62, 63, 64, 66, 67, 68, 74, 75, 79, 82, 83, 84, 85, 86, 87, 88, 89, 90, 91, 92, 93, 94, 95, 96, 97, 98, 99, 100, 102, 103, 104, 105, 106, 107, 111, 114, 115, 116, 118, 119, 123, 126, 127, 128, 129, 131, 132, 133, 134, 135, 136, 137, 139]",97,False,3.375791829315608e-05,-5.621065304440788e-07,1.1440008274533386e-05,30.0
CP4,87,87,50,37,1037,0.5747126436781609,0.045998160073597055,0.08517887563884156,cao2018,S12/060710_1m,all_channel,median,median__all_channel__CP4,32,141,"[0, 1, 2, 4, 5, 6, 7, 8, 9, 11, 12, 15, 16, 17, 18, 19, 20, 22, 26, 27, 28, 29, 30, 31, 34, 35, 36, 37, 38, 39, 40, 41, 42, 43, 45, 46, 51, 55, 56, 57, 58, 59, 60, 61, 62, 63, 64, 66, 67, 68, 74, 75, 79, 82, 83, 84, 85, 86, 87, 88, 89, 90, 91, 92, 93, 94, 95, 96, 97, 98, 99, 100, 102, 103, 104, 105, 106, 107, 111, 114, 115, 116, 118, 119, 123, 126, 127, 128, 129, 131, 132, 133, 134, 135, 136, 137, 139]",97,False,2.915973345744866e-05,-3.636421558595889e-07,9.841125204436082e-06,30.0
CP3,86,86,44,42,1043,0.5116279069767442,0.040478380864765406,0.07502131287297527,cao2018,S12/060710_1m,all_channel,median,median__all_channel__CP3,32,141,"[0, 1, 2, 4, 5, 6, 7, 8, 9, 11, 12, 15, 16, 17, 18, 19, 20, 22, 26, 27, 28, 29, 30, 31, 34, 35, 36, 37, 38, 39, 40, 41, 42, 43, 45, 46, 51, 55, 56, 57, 58, 59, 60, 61, 62, 63, 64, 66, 67, 68, 74, 75, 79, 82, 83, 84, 85, 86, 87, 88, 89, 90, 91, 92, 93, 94, 95, 96, 97, 98, 99, 100, 102, 103, 104, 105, 106, 107, 111, 114, 115, 116, 118, 119, 123, 126, 127, 128, 129, 131, 132, 133, 134, 135, 136, 137, 139]",97,False,2.8113332032513737e-05,-3.657009124746906e-07,9.49301098166281e-06,30.0
T3,128,128,45,83,1042,0.3515625,0.04139834406623735,0.07407407407407408,cao2018,S12/060710_1m,all_channel,median,median__all_channel__T3,32,141,"[0, 1, 2, 4, 5, 6, 7, 8, 9, 11, 12, 15, 16, 17, 18, 19, 20, 22, 26, 27, 28, 29, 30, 31, 34, 35, 36, 37, 38, 39, 40, 41, 42, 43, 45, 46, 51, 55, 56, 57, 58, 59, 60, 61, 62, 63, 64, 66, 67, 68, 74, 75, 79, 82, 83, 84, 85, 86, 87, 88, 89, 90, 91, 92, 93, 94, 95, 96, 97, 98, 99, 100, 102, 103, 104, 105, 106, 107, 111, 114, 115, 116, 118, 119, 123, 126, 127, 128, 129, 131, 132, 133, 134, 135, 136, 137, 139]",97,False,3.199651986183386e-05,2.2392950811367712e-07,1.0590863451240063e-05,30.0
T4,174,174,38,136,1049,0.21839080459770116,0.034958601655933765,0.06026962727993656,cao2018,S12/060710_1m,all_channel,median,median__all_channel__T4,32,141,"[0, 1, 2, 4, 5, 6, 7, 8, 9, 11, 12, 15, 16, 17, 18, 19, 20, 22, 26, 27, 28, 29, 30, 31, 34, 35, 36, 37, 38, 39, 40, 41, 42, 43, 45, 46, 51, 55, 56, 57, 58, 59, 60, 61, 62, 63, 64, 66, 67, 68, 74, 75, 79, 82, 83, 84, 85, 86, 87, 88, 89, 90, 91, 92, 93, 94, 95, 96, 97, 98, 99, 100, 102, 103, 104, 105, 106, 107, 111, 114, 115, 116, 118, 119, 123, 126, 127, 128, 129, 131, 132, 133, 134, 135, 136, 137, 139]",97,False,3.7330371250019614e-05,3.750203682024005e-07,1.2318450293939071e-05,30.0
P3,246,246,40,206,1047,0.16260162601626016,0.03679852805887764,0.06001500375093773,cao2018,S12/060710_1m,all_channel,median,median__all_channel__P3,32,141,"[0, 1, 2, 4, 5, 6, 7, 8, 9, 11, 12, 15, 16, 17, 18, 19, 20, 22, 26, 27, 28, 29, 30, 31, 34, 35, 36, 37, 38, 39, 40, 41, 42, 43, 45, 46, 51, 55, 56, 57, 58, 59, 60, 61, 62, 63, 64, 66, 67, 68, 74, 75, 79, 82, 83, 84, 85, 86, 87, 88, 89, 90, 91, 92, 93, 94, 95, 96, 97, 98, 99, 100, 102, 103, 104, 105, 106, 107, 111, 114, 115, 116, 118, 119, 123, 126, 127, 128, 129, 131, 132, 133, 134, 135, 136, 137, 139]",97,False,3.293361558598534e-05,-4.925148180728725e-07,1.1142043468019404e-05,30.0
P4,142,142,29,113,1058,0.20422535211267606,0.02667893284268629,0.04719283970707892,cao2018,S12/060710_1m,all_channel,median,median__all_channel__P4,32,141,"[0, 1, 2, 4, 5, 6, 7, 8, 9, 11, 12, 15, 16, 17, 18, 19, 20, 22, 26, 27, 28, 29, 30, 31, 34, 35, 36, 37, 38, 39, 40, 41, 42, 43, 45, 46, 51, 55, 56, 57, 58, 59, 60, 61, 62, 63, 64, 66, 67, 68, 74, 75, 79, 82, 83, 84, 85, 86, 87, 88, 89, 90, 91, 92, 93, 94, 95, 96, 97, 98, 99, 100, 102, 103, 104, 105, 106, 107, 111, 114, 115, 116, 118, 119, 123, 126, 127, 128, 129, 131, 132, 133, 134, 135, 136, 137, 139]",97,False,3.3765176324655844e-05,-4.774857991831312e-07,1.1414220707946325e-05,30.0
CPZ,49,49,25,24,1062,0.5102040816326531,0.022999080036798528,0.04401408450704226,cao2018,S12/060710_1m,all_channel,median,median__all_channel__CPZ,32,141,"[0, 1, 2, 4, 5, 6, 7, 8, 9, 11, 12, 15, 16, 17, 18, 19, 20, 22, 26, 27, 28, 29, 30, 31, 34, 35, 36, 37, 38, 39, 40, 41, 42, 43, 45, 46, 51, 55, 56, 57, 58, 59, 60, 61, 62, 63, 64, 66, 67, 68, 74, 75, 79, 82, 83, 84, 85, 86, 87, 88, 89, 90, 91, 92, 93, 94, 95, 96, 97, 98, 99, 100, 102, 103, 104, 105, 106, 107, 111, 114, 115, 116, 118, 119, 123, 126, 127, 128, 129, 131, 132, 133, 134, 135, 136, 137, 139]",97,False,3.013988320110969e-05,-3.642324165804986e-07,1.0168038539230063e-05,30.0
TP8,102,102,26,76,1061,0.2549019607843137,0.02391904323827047,0.04373423044575273,cao2018,S12/060710_1m,all_channel,median,median__all_channel__TP8,32,141,"[0, 1, 2, 4, 5, 6, 7, 8, 9, 11, 12, 15, 16, 17, 18, 19, 20, 22, 26, 27, 28, 29, 30, 31, 34, 35, 36, 37, 38, 39, 40, 41, 42, 43, 45, 46, 51, 55, 56, 57, 58, 59, 60, 61, 62, 63, 64, 66, 67, 68, 74, 75, 79, 82, 83, 84, 85, 86, 87, 88, 89, 90, 91, 92, 93, 94, 95, 96, 97, 98, 99, 100, 102, 103, 104, 105, 106, 107, 111, 114, 115, 116, 118, 119, 123, 126, 127, 128, 129, 131, 132, 133, 134, 135, 136, 137, 139]",97,False,2.605864459222686e-05,1.6944711070547178e-08,8.680566627052106e-06,30.0
O1,183,183,23,160,1064,0.12568306010928962,0.021159153633854646,0.03622047244094488,cao2018,S12/060710_1m,all_channel,median,median__all_channel__O1,32,141,"[0, 1, 2, 4, 5, 6, 7, 8, 9, 11, 12, 15, 16, 17, 18, 19, 20, 22, 26, 27, 28, 29, 30, 31, 34, 35, 36, 37, 38, 39, 40, 41, 42, 43, 45, 46, 51, 55, 56, 57, 58, 59, 60, 61, 62, 63, 64, 66, 67, 68, 74, 75, 79, 82, 83, 84, 85, 86, 87, 88, 89, 90, 91, 92, 93, 94, 95, 96, 97, 98, 99, 100, 102, 103, 104, 105, 106, 107, 111, 114, 115, 116, 118, 119, 123, 126, 127, 128, 129, 131, 132, 133, 134, 135, 136, 137, 139]",97,False,2.6170964475984492e-05,3.9616291897141695e-07,8.591600519004359e-06,30.0
T5,112,112,21,91,1066,0.1875,0.019319227230910764,0.03502919099249375,cao2018,S12/060710_1m,all_channel,median,median__all_channel__T5,32,141,"[0, 1, 2, 4, 5, 6, 7, 8, 9, 11, 12, 15, 16, 17, 18, 19, 20, 22, 26, 27, 28, 29, 30, 31, 34, 35, 36, 37, 38, 39, 40, 41, 42, 43, 45, 46, 51, 55, 56, 57, 58, 59, 60, 61, 62, 63, 64, 66, 67, 68, 74, 75, 79, 82, 83, 84, 85, 86, 87, 88, 89, 90, 91, 92, 93, 94, 95, 96, 97, 98, 99, 100, 102, 103, 104, 105, 106, 107, 111, 114, 115, 116, 118, 119, 123, 126, 127, 128, 129, 131, 132, 133, 134, 135, 136, 137, 139]",97,False,1.6982787330904396e-05,1.318536617587492e-07,5.6169778897152155e-06,30.0
TP7,112,112,19,93,1068,0.16964285714285715,0.017479300827966882,0.0316930775646372,cao2018,S12/060710_1m,all_channel,median,median__all_channel__TP7,32,141,"[0, 1, 2, 4, 5, 6, 7, 8, 9, 11, 12, 15, 16, 17, 18, 19, 20, 22, 26, 27, 28, 29, 30, 31, 34, 35, 36, 37, 38, 39, 40, 41, 42, 43, 45, 46, 51, 55, 56, 57, 58, 59, 60, 61, 62, 63, 64, 66, 67, 68, 74, 75, 79, 82, 83, 84, 85, 86, 87, 88, 89, 90, 91, 92, 93, 94, 95, 96, 97, 98, 99, 100, 102, 103, 104, 105, 106, 107, 111, 114, 115, 116, 118, 119, 123, 126, 127, 128, 129, 131, 132, 133, 134, 135, 136, 137, 139]",97,False,1.7245791943975487e-05,1.4031898069535474e-07,5.7018243210933776e-06,30.0
O2,119,119,17,102,1070,0.14285714285714285,0.015639374425023,0.02819237147595357,cao2018,S12/060710_1m,all_channel,median,median__all_channel__O2,32,141,"[0, 1, 2, 4, 5, 6, 7, 8, 9, 11, 12, 15, 16, 17, 18, 19, 20, 22, 26, 27, 28, 29, 30, 31, 34, 35, 36, 37, 38, 39, 40, 41, 42, 43, 45, 46, 51, 55, 56, 57, 58, 59, 60, 61, 62, 63, 64, 66, 67, 68, 74, 75, 79, 82, 83, 84, 85, 86, 87, 88, 89, 90, 91, 92, 93, 94, 95, 96, 97, 98, 99, 100, 102, 103, 104, 105, 106, 107, 111, 114, 115, 116, 118, 119, 123, 126, 127, 128, 129, 131, 132, 133, 134, 135, 136, 137, 139]",97,False,2.5239204831983562e-05,2.243973226556703e-07,8.338269169775965e-06,30.0
PZ,38,38,14,24,1073,0.3684210526315789,0.012879484820607176,0.024888888888888887,cao2018,S12/060710_1m,all_channel,median,median__all_channel__PZ,32,141,"[0, 1, 2, 4, 5, 6, 7, 8, 9, 11, 12, 15, 16, 17, 18, 19, 20, 22, 26, 27, 28, 29, 30, 31, 34, 35, 36, 37, 38, 39, 40, 41, 42, 43, 45, 46, 51, 55, 56, 57, 58, 59, 60, 61, 62, 63, 64, 66, 67, 68, 74, 75, 79, 82, 83, 84, 85, 86, 87, 88, 89, 90, 91, 92, 93, 94, 95, 96, 97, 98, 99, 100, 102, 103, 104, 105, 106, 107, 111, 114, 115, 116, 118, 119, 123, 126, 127, 128, 129, 131, 132, 133, 134, 135, 136, 137, 139]",97,False,3.048091198485695e-05,-2.6025051777517775e-07,1.0247054167544043e-05,30.0
A1,126,126,13,113,1074,0.10317460317460317,0.011959521619135235,0.02143446001648805,cao2018,S12/060710_1m,all_channel,median,median__all_channel__A1,32,141,"[0, 1, 2, 4, 5, 6, 7, 8, 9, 11, 12, 15, 16, 17, 18, 19, 20, 22, 26, 27, 28, 29, 30, 31, 34, 35, 36, 37, 38, 39, 40, 41, 42, 43, 45, 46, 51, 55, 56, 57, 58, 59, 60, 61, 62, 63, 64, 66, 67, 68, 74, 75, 79, 82, 83, 84, 85, 86, 87, 88, 89, 90, 91, 92, 93, 94, 95, 96, 97, 98, 99, 100, 102, 103, 104, 105, 106, 107, 111, 114, 115, 116, 118, 119, 123, 126, 127, 128, 129, 131, 132, 133, 134, 135, 136, 137, 139]",97,False,1.4702629120416502e-05,-1.7139267944028448e-07,4.958007266618929e-06,30.0
OZ,72,72,11,61,1076,0.1527777777777778,0.010119595216191352,0.01898188093183779,cao2018,S12/060710_1m,all_channel,median,median__all_channel__OZ,32,141,"[0, 1, 2, 4, 5, 6, 7, 8, 9, 11, 12, 15, 16, 17, 18, 19, 20, 22, 26, 27, 28, 29, 30, 31, 34, 35, 36, 37, 38, 39, 40, 41, 42, 43, 45, 46, 51, 55, 56, 57, 58, 59, 60, 61, 62, 63, 64, 66, 67, 68, 74, 75, 79, 82, 83, 84, 85, 86, 87, 88, 89, 90, 91, 92, 93, 94, 95, 96, 97, 98, 99, 100, 102, 103, 104, 105, 106, 107, 111, 114, 115, 116, 118, 119, 123, 126, 127, 128, 129, 131, 132, 133, 134, 135, 136, 137, 139]",97,False,2.0396716866799638e-05,1.3796931497923437e-07,6.7529158506068016e-06,30.0
A2,34,34,9,25,1078,0.2647058823529412,0.00827966881324747,0.016057091882247992,cao2018,S12/060710_1m,all_channel,median,median__all_channel__A2,32,141,"[0, 1, 2, 4, 5, 6, 7, 8, 9, 11, 12, 15, 16, 17, 18, 19, 20, 22, 26, 27, 28, 29, 30, 31, 34, 35, 36, 37, 38, 39, 40, 41, 42, 43, 45, 46, 51, 55, 56, 57, 58, 59, 60, 61, 62, 63, 64, 66, 67, 68, 74, 75, 79, 82, 83, 84, 85, 86, 87, 88, 89, 90, 91, 92, 93, 94, 95, 96, 97, 98, 99, 100, 102, 103, 104, 105, 106, 107, 111, 114, 115, 116, 118, 119, 123, 126, 127, 128, 129, 131, 132, 133, 134, 135, 136, 137, 139]",97,False,1.504708447078071e-05,1.7144591912217448e-07,4.958546183886179e-06,30.0
T6,29,29,7,22,1080,0.2413793103448276,0.006439742410303588,0.012544802867383513,cao2018,S12/060710_1m,all_channel,median,median__all_channel__T6,32,141,"[0, 1, 2, 4, 5, 6, 7, 8, 9, 11, 12, 15, 16, 17, 18, 19, 20, 22, 26, 27, 28, 29, 30, 31, 34, 35, 36, 37, 38, 39, 40, 41, 42, 43, 45, 46, 51, 55, 56, 57, 58, 59, 60, 61, 62, 63, 64, 66, 67, 68, 74, 75, 79, 82, 83, 84, 85, 86, 87, 88, 89, 90, 91, 92, 93, 94, 95, 96, 97, 98, 99, 100, 102, 103, 104, 105, 106, 107, 111, 114, 115, 116, 118, 119, 123, 126, 127, 128, 129, 131, 132, 133, 134, 135, 136, 137, 139]",97,False,2.480659402554237e-05,1.082582041953551e-08,8.265256068374278e-06,30.0
FP2,1359,1359,953,406,134,0.7012509197939661,0.8767249310027599,0.7792313982011447,cao2018,S12/060710_1m,all_channel,mean,mean__all_channel__FP2,32,141,"[0, 1, 2, 4, 5, 6, 7, 8, 9, 11, 12, 15, 16, 17, 18, 19, 20, 22, 26, 27, 28, 29, 30, 31, 34, 35, 36, 37, 38, 39, 40, 41, 42, 43, 45, 46, 51, 55, 56, 57, 58, 59, 60, 61, 62, 63, 64, 66, 67, 68, 74, 75, 79, 82, 83, 84, 85, 86, 87, 88, 89, 90, 91, 92, 93, 94, 95, 96, 97, 98, 99, 100, 102, 103, 104, 105, 106, 107, 111, 114, 115, 116, 118, 119, 123, 126, 127, 128, 129, 131, 132, 133, 134, 135, 136, 137, 139]",97,False,6.642009717365467e-05,5.470112949571091e-08,2.212179868138632e-05,30.0
FP1,1393,1393,964,429,123,0.6920315865039484,0.8868445262189513,0.7774193548387098,cao2018,S12/060710_1m,all_channel,mean,mean__all_channel__FP1,32,141,"[0, 1, 2, 4, 5, 6, 7, 8, 9, 11, 12, 15, 16, 17, 18, 19, 20, 22, 26, 27, 28, 29, 30, 31, 34, 35, 36, 37, 38, 39, 40, 41, 42, 43, 45, 46, 51, 55, 56, 57, 58, 59, 60, 61, 62, 63, 64, 66, 67, 68, 74, 75, 79, 82, 83, 84, 85, 86, 87, 88, 89, 90, 91, 92, 93, 94, 95, 96, 97, 98, 99, 100, 102, 103, 104, 105, 106, 107, 111, 114, 115, 116, 118, 119, 123, 126, 127, 128, 129, 131, 132, 133, 134, 135, 136, 137, 139]",97,False,7.014132850438342e-05,5.839529614088075e-08,2.336097773608085e-05,30.0
FZ,641,641,477,164,610,0.7441497659906396,0.43882244710211593,0.5520833333333333,cao2018,S12/060710_1m,all_channel,mean,mean__all_channel__FZ,32,141,"[0, 1, 2, 4, 5, 6, 7, 8, 9, 11, 12, 15, 16, 17, 18, 19, 20, 22, 26, 27, 28, 29, 30, 31, 34, 35, 36, 37, 38, 39, 40, 41, 42, 43, 45, 46, 51, 55, 56, 57, 58, 59, 60, 61, 62, 63, 64, 66, 67, 68, 74, 75, 79, 82, 83, 84, 85, 86, 87, 88, 89, 90, 91, 92, 93, 94, 95, 96, 97, 98, 99, 100, 102, 103, 104, 105, 106, 107, 111, 114, 115, 116, 118, 119, 123, 126, 127, 128, 129, 131, 132, 133, 134, 135, 136, 137, 139]",97,False,4.2063550607961155e-05,3.000669697092302e-08,1.401118130366341e-05,30.0
F4,605,605,454,151,633,0.7504132231404959,0.41766329346826125,0.536643026004728,cao2018,S12/060710_1m,all_channel,mean,mean__all_channel__F4,32,141,"[0, 1, 2, 4, 5, 6, 7, 8, 9, 11, 12, 15, 16, 17, 18, 19, 20, 22, 26, 27, 28, 29, 30, 31, 34, 35, 36, 37, 38, 39, 40, 41, 42, 43, 45, 46, 51, 55, 56, 57, 58, 59, 60, 61, 62, 63, 64, 66, 67, 68, 74, 75, 79, 82, 83, 84, 85, 86, 87, 88, 89, 90, 91, 92, 93, 94, 95, 96, 97, 98, 99, 100, 102, 103, 104, 105, 106, 107, 111, 114, 115, 116, 118, 119, 123, 126, 127, 128, 129, 131, 132, 133, 134, 135, 136, 137, 139]",97,False,4.694209398739021e-05,3.79715848460879e-08,1.563470746751471e-05,30.0
F8,520,520,424,96,663,0.8153846153846154,0.39006439742410304,0.5276913503422527,cao2018,S12/060710_1m,all_channel,mean,mean__all_channel__F8,32,141,"[0, 1, 2, 4, 5, 6, 7, 8, 9, 11, 12, 15, 16, 17, 18, 19, 20, 22, 26, 27, 28, 29, 30, 31, 34, 35, 36, 37, 38, 39, 40, 41, 42, 43, 45, 46, 51, 55, 56, 57, 58, 59, 60, 61, 62, 63, 64, 66, 67, 68, 74, 75, 79, 82, 83, 84, 85, 86, 87, 88, 89, 90, 91, 92, 93, 94, 95, 96, 97, 98, 99, 100, 102, 103, 104, 105, 106, 107, 111, 114, 115, 116, 118, 119, 123, 126, 127, 128, 129, 131, 132, 133, 134, 135, 136, 137, 139]",97,False,5.147206583348974e-05,2.7918317310138137e-08,1.7148049172059866e-05,30.0
F3,643,643,439,204,648,0.6827371695178849,0.40386384544618215,0.507514450867052,cao2018,S12/060710_1m,all_channel,mean,mean__all_channel__F3,32,141,"[0, 1, 2, 4, 5, 6, 7, 8, 9, 11, 12, 15, 16, 17, 18, 19, 20, 22, 26, 27, 28, 29, 30, 31, 34, 35, 36, 37, 38, 39, 40, 41, 42, 43, 45, 46, 51, 55, 56, 57, 58, 59, 60, 61, 62, 63, 64, 66, 67, 68, 74, 75, 79, 82, 83, 84, 85, 86, 87, 88, 89, 90, 91, 92, 93, 94, 95, 96, 97, 98, 99, 100, 102, 103, 104, 105, 106, 107, 111, 114, 115, 116, 118, 119, 123, 126, 127, 128, 129, 131, 132, 133, 134, 135, 136, 137, 139]",97,False,4.496806958859518e-05,9.187993968668571e-09,1.4986293864875503e-05,30.0
F7,546,546,354,192,733,0.6483516483516484,0.32566697332106714,0.4335578689528475,cao2018,S12/060710_1m,all_channel,mean,mean__all_channel__F7,32,141,"[0, 1, 2, 4, 5, 6, 7, 8, 9, 11, 12, 15, 16, 17, 18, 19, 20, 22, 26, 27, 28, 29, 30, 31, 34, 35, 36, 37, 38, 39, 40, 41, 42, 43, 45, 46, 51, 55, 56, 57, 58, 59, 60, 61, 62, 63, 64, 66, 67, 68, 74, 75, 79, 82, 83, 84, 85, 86, 87, 88, 89, 90, 91, 92, 93, 94, 95, 96, 97, 98, 99, 100, 102, 103, 104, 105, 106, 107, 111, 114, 115, 116, 118, 119, 123, 126, 127, 128, 129, 131, 132, 133, 134, 135, 136, 137, 139]",97,False,5.32651543664603e-05,1.5501574901199684e-08,1.7749884263853034e-05,30.0
FC3,332,332,228,104,859,0.6867469879518072,0.20975160993560257,0.321353065539112,cao2018,S12/060710_1m,all_channel,mean,mean__all_channel__FC3,32,141,"[0, 1, 2, 4, 5, 6, 7, 8, 9, 11, 12, 15, 16, 17, 18, 19, 20, 22, 26, 27, 28, 29, 30, 31, 34, 35, 36, 37, 38, 39, 40, 41, 42, 43, 45, 46, 51, 55, 56, 57, 58, 59, 60, 61, 62, 63, 64, 66, 67, 68, 74, 75, 79, 82, 83, 84, 85, 86, 87, 88, 89, 90, 91, 92, 93, 94, 95, 96, 97, 98, 99, 100, 102, 103, 104, 105, 106, 107, 111, 114, 115, 116, 118, 119, 123, 126, 127, 128, 129, 131, 132, 133, 134, 135, 136, 137, 139]",97,False,3.721282437021604e-05,1.6343633962568777e-08,1.239882691208449e-05,30.0
FC4,265,265,212,53,875,0.8,0.19503219871205152,0.3136094674556213,cao2018,S12/060710_1m,all_channel,mean,mean__all_channel__FC4,32,141,"[0, 1, 2, 4, 5, 6, 7, 8, 9, 11, 12, 15, 16, 17, 18, 19, 20, 22, 26, 27, 28, 29, 30, 31, 34, 35, 36, 37, 38, 39, 40, 41, 42, 43, 45, 46, 51, 55, 56, 57, 58, 59, 60, 61, 62, 63, 64, 66, 67, 68, 74, 75, 79, 82, 83, 84, 85, 86, 87, 88, 89, 90, 91, 92, 93, 94, 95, 96, 97, 98, 99, 100, 102, 103, 104, 105, 106, 107, 111, 114, 115, 116, 118, 119, 123, 126, 127, 128, 129, 131, 132, 133, 134, 135, 136, 137, 139]",97,False,3.708230551296509e-05,2.515953946377992e-08,1.2352381991167103e-05,30.0
FCZ,209,209,150,59,937,0.7177033492822966,0.13799448022079117,0.23148148148148148,cao2018,S12/060710_1m,all_channel,mean,mean__all_channel__FCZ,32,141,"[0, 1, 2, 4, 5, 6, 7, 8, 9, 11, 12, 15, 16, 17, 18, 19, 20, 22, 26, 27, 28, 29, 30, 31, 34, 35, 36, 37, 38, 39, 40, 41, 42, 43, 45, 46, 51, 55, 56, 57, 58, 59, 60, 61, 62, 63, 64, 66, 67, 68, 74, 75, 79, 82, 83, 84, 85, 86, 87, 88, 89, 90, 91, 92, 93, 94, 95, 96, 97, 98, 99, 100, 102, 103, 104, 105, 106, 107, 111, 114, 115, 116, 118, 119, 123, 126, 127, 128, 129, 131, 132, 133, 134, 135, 136, 137, 139]",97,False,3.7930102177530256e-05,2.2559507256915512e-08,1.2635847556757779e-05,30.0
C3,176,176,116,60,971,0.6590909090909091,0.10671573137074516,0.18368962787015042,cao2018,S12/060710_1m,all_channel,mean,mean__all_channel__C3,32,141,"[0, 1, 2, 4, 5, 6, 7, 8, 9, 11, 12, 15, 16, 17, 18, 19, 20, 22, 26, 27, 28, 29, 30, 31, 34, 35, 36, 37, 38, 39, 40, 41, 42, 43, 45, 46, 51, 55, 56, 57, 58, 59, 60, 61, 62, 63, 64, 66, 67, 68, 74, 75, 79, 82, 83, 84, 85, 86, 87, 88, 89, 90, 91, 92, 93, 94, 95, 96, 97, 98, 99, 100, 102, 103, 104, 105, 106, 107, 111, 114, 115, 116, 118, 119, 123, 126, 127, 128, 129, 131, 132, 133, 134, 135, 136, 137, 139]",97,False,3.181951979619924e-05,9.713115463449462e-09,1.0603268893578597e-05,30.0
FT8,183,183,113,70,974,0.6174863387978142,0.10395584176632934,0.17795275590551182,cao2018,S12/060710_1m,all_channel,mean,mean__all_channel__FT8,32,141,"[0, 1, 2, 4, 5, 6, 7, 8, 9, 11, 12, 15, 16, 17, 18, 19, 20, 22, 26, 27, 28, 29, 30, 31, 34, 35, 36, 37, 38, 39, 40, 41, 42, 43, 45, 46, 51, 55, 56, 57, 58, 59, 60, 61, 62, 63, 64, 66, 67, 68, 74, 75, 79, 82, 83, 84, 85, 86, 87, 88, 89, 90, 91, 92, 93, 94, 95, 96, 97, 98, 99, 100, 102, 103, 104, 105, 106, 107, 111, 114, 115, 116, 118, 119, 123, 126, 127, 128, 129, 131, 132, 133, 134, 135, 136, 137, 139]",97,False,3.679502137751062e-05,1.2383062353145923e-08,1.2260879438385824e-05,30.0
FT7,238,238,111,127,976,0.46638655462184875,0.10211591536338546,0.16754716981132076,cao2018,S12/060710_1m,all_channel,mean,mean__all_channel__FT7,32,141,"[0, 1, 2, 4, 5, 6, 7, 8, 9, 11, 12, 15, 16, 17, 18, 19, 20, 22, 26, 27, 28, 29, 30, 31, 34, 35, 36, 37, 38, 39, 40, 41, 42, 43, 45, 46, 51, 55, 56, 57, 58, 59, 60, 61, 62, 63, 64, 66, 67, 68, 74, 75, 79, 82, 83, 84, 85, 86, 87, 88, 89, 90, 91, 92, 93, 94, 95, 96, 97, 98, 99, 100, 102, 103, 104, 105, 106, 107, 111, 114, 115, 116, 118, 119, 123, 126, 127, 128, 129, 131, 132, 133, 134, 135, 136, 137, 139]",97,False,3.6715621924183055e-05,2.558460300390051e-09,1.2237687821294222e-05,30.0
C4,147,147,94,53,993,0.6394557823129252,0.08647654093836246,0.15235008103727715,cao2018,S12/060710_1m,all_channel,mean,mean__all_channel__C4,32,141,"[0, 1, 2, 4, 5, 6, 7, 8, 9, 11, 12, 15, 16, 17, 18, 19, 20, 22, 26, 27, 28, 29, 30, 31, 34, 35, 36, 37, 38, 39, 40, 41, 42, 43, 45, 46, 51, 55, 56, 57, 58, 59, 60, 61, 62, 63, 64, 66, 67, 68, 74, 75, 79, 82, 83, 84, 85, 86, 87, 88, 89, 90, 91, 92, 93, 94, 95, 96, 97, 98, 99, 100, 102, 103, 104, 105, 106, 107, 111, 114, 115, 116, 118, 119, 123, 126, 127, 128, 129, 131, 132, 133, 134, 135, 136, 137, 139]",97,False,3.257086664288566e-05,1.8637459650408424e-08,1.0850743061078416e-05,30.0
CP4,79,79,48,31,1039,0.6075949367088608,0.04415823367065318,0.0823327615780446,cao2018,S12/060710_1m,all_channel,mean,mean__all_channel__CP4,32,141,"[0, 1, 2, 4, 5, 6, 7, 8, 9, 11, 12, 15, 16, 17, 18, 19, 20, 22, 26, 27, 28, 29, 30, 31, 34, 35, 36, 37, 38, 39, 40, 41, 42, 43, 45, 46, 51, 55, 56, 57, 58, 59, 60, 61, 62, 63, 64, 66, 67, 68, 74, 75, 79, 82, 83, 84, 85, 86, 87, 88, 89, 90, 91, 92, 93, 94, 95, 96, 97, 98, 99, 100, 102, 103, 104, 105, 106, 107, 111, 114, 115, 116, 118, 119, 123, 126, 127, 128, 129, 131, 132, 133, 134, 135, 136, 137, 139]",97,False,2.953344256919846e-05,1.0066955890212937e-08,9.841125204436082e-06,30.0
T3,131,131,45,86,1042,0.3435114503816794,0.04139834406623735,0.07389162561576355,cao2018,S12/060710_1m,all_channel,mean,mean__all_channel__T3,32,141,"[0, 1, 2, 4, 5, 6, 7, 8, 9, 11, 12, 15, 16, 17, 18, 19, 20, 22, 26, 27, 28, 29, 30, 31, 34, 35, 36, 37, 38, 39, 40, 41, 42, 43, 45, 46, 51, 55, 56, 57, 58, 59, 60, 61, 62, 63, 64, 66, 67, 68, 74, 75, 79, 82, 83, 84, 85, 86, 87, 88, 89, 90, 91, 92, 93, 94, 95, 96, 97, 98, 99, 100, 102, 103, 104, 105, 106, 107, 111, 114, 115, 116, 118, 119, 123, 126, 127, 128, 129, 131, 132, 133, 134, 135, 136, 137, 139]",97,False,3.177422986895409e-05,1.6395152339000197e-09,1.0590863451240063e-05,30.0
CZ,90,90,42,48,1045,0.4666666666666667,0.03863845446182153,0.0713678844519966,cao2018,S12/060710_1m,all_channel,mean,mean__all_channel__CZ,32,141,"[0, 1, 2, 4, 5, 6, 7, 8, 9, 11, 12, 15, 16, 17, 18, 19, 20, 22, 26, 27, 28, 29, 30, 31, 34, 35, 36, 37, 38, 39, 40, 41, 42, 43, 45, 46, 51, 55, 56, 57, 58, 59, 60, 61, 62, 63, 64, 66, 67, 68, 74, 75, 79, 82, 83, 84, 85, 86, 87, 88, 89, 90, 91, 92, 93, 94, 95, 96, 97, 98, 99, 100, 102, 103, 104, 105, 106, 107, 111, 114, 115, 116, 118, 119, 123, 126, 127, 128, 129, 131, 132, 133, 134, 135, 136, 137, 139]",97,False,3.4338574250569814e-05,1.8549426969657076e-08,1.1440008274533386e-05,30.0
CP3,81,81,40,41,1047,0.49382716049382713,0.03679852805887764,0.0684931506849315,cao2018,S12/060710_1m,all_channel,mean,mean__all_channel__CP3,32,141,"[0, 1, 2, 4, 5, 6, 7, 8, 9, 11, 12, 15, 16, 17, 18, 19, 20, 22, 26, 27, 28, 29, 30, 31, 34, 35, 36, 37, 38, 39, 40, 41, 42, 43, 45, 46, 51, 55, 56, 57, 58, 59, 60, 61, 62, 63, 64, 66, 67, 68, 74, 75, 79, 82, 83, 84, 85, 86, 87, 88, 89, 90, 91, 92, 93, 94, 95, 96, 97, 98, 99, 100, 102, 103, 104, 105, 106, 107, 111, 114, 115, 116, 118, 119, 123, 126, 127, 128, 129, 131, 132, 133, 134, 135, 136, 137, 139]",97,False,2.8487700712704674e-05,8.66776771624491e-09,9.49301098166281e-06,30.0
T4,181,181,39,142,1048,0.2154696132596685,0.035878564857405704,0.061514195583596214,cao2018,S12/060710_1m,all_channel,mean,mean__all_channel__T4,32,141,"[0, 1, 2, 4, 5, 6, 7, 8, 9, 11, 12, 15, 16, 17, 18, 19, 20, 22, 26, 27, 28, 29, 30, 31, 34, 35, 36, 37, 38, 39, 40, 41, 42, 43, 45, 46, 51, 55, 56, 57, 58, 59, 60, 61, 62, 63, 64, 66, 67, 68, 74, 75, 79, 82, 83, 84, 85, 86, 87, 88, 89, 90, 91, 92, 93, 94, 95, 96, 97, 98, 99, 100, 102, 103, 104, 105, 106, 107, 111, 114, 115, 116, 118, 119, 123, 126, 127, 128, 129, 131, 132, 133, 134, 135, 136, 137, 139]",97,False,3.695928761496918e-05,3.93673315196108e-09,1.2318450293939071e-05,30.0
P3,228,228,36,192,1051,0.15789473684210525,0.03311867525298988,0.05475285171102661,cao2018,S12/060710_1m,all_channel,mean,mean__all_channel__P3,32,141,"[0, 1, 2, 4, 5, 6, 7, 8, 9, 11, 12, 15, 16, 17, 18, 19, 20, 22, 26, 27, 28, 29, 30, 31, 34, 35, 36, 37, 38, 39, 40, 41, 42, 43, 45, 46, 51, 55, 56, 57, 58, 59, 60, 61, 62, 63, 64, 66, 67, 68, 74, 75, 79, 82, 83, 84, 85, 86, 87, 88, 89, 90, 91, 92, 93, 94, 95, 96, 97, 98, 99, 100, 102, 103, 104, 105, 106, 107, 111, 114, 115, 116, 118, 119, 123, 126, 127, 128, 129, 131, 132, 133, 134, 135, 136, 137, 139]",97,False,3.3437513185597735e-05,1.1382781539520013e-08,1.1142043468019404e-05,30.0
P4,128,128,29,99,1058,0.2265625,0.02667893284268629,0.04773662551440329,cao2018,S12/060710_1m,all_channel,mean,mean__all_channel__P4,32,141,"[0, 1, 2, 4, 5, 6, 7, 8, 9, 11, 12, 15, 16, 17, 18, 19, 20, 22, 26, 27, 28, 29, 30, 31, 34, 35, 36, 37, 38, 39, 40, 41, 42, 43, 45, 46, 51, 55, 56, 57, 58, 59, 60, 61, 62, 63, 64, 66, 67, 68, 74, 75, 79, 82, 83, 84, 85, 86, 87, 88, 89, 90, 91, 92, 93, 94, 95, 96, 97, 98, 99, 100, 102, 103, 104, 105, 106, 107, 111, 114, 115, 116, 118, 119, 123, 126, 127, 128, 129, 131, 132, 133, 134, 135, 136, 137, 139]",97,False,3.424987117145839e-05,7.20904761941367e-09,1.1414220707946325e-05,30.0
TP8,102,102,26,76,1061,0.2549019607843137,0.02391904323827047,0.04373423044575273,cao2018,S12/060710_1m,all_channel,mean,mean__all_channel__TP8,32,141,"[0, 1, 2, 4, 5, 6, 7, 8, 9, 11, 12, 15, 16, 17, 18, 19, 20, 22, 26, 27, 28, 29, 30, 31, 34, 35, 36, 37, 38, 39, 40, 41, 42, 43, 45, 46, 51, 55, 56, 57, 58, 59, 60, 61, 62, 63, 64, 66, 67, 68, 74, 75, 79, 82, 83, 84, 85, 86, 87, 88, 89, 90, 91, 92, 93, 94, 95, 96, 97, 98, 99, 100, 102, 103, 104, 105, 106, 107, 111, 114, 115, 116, 118, 119, 123, 126, 127, 128, 129, 131, 132, 133, 134, 135, 136, 137, 139]",97,False,2.6038016457303602e-05,-3.683423852712208e-09,8.680566627052106e-06,30.0
CPZ,45,45,22,23,1065,0.4888888888888889,0.020239190432382703,0.038869257950530034,cao2018,S12/060710_1m,all_channel,mean,mean__all_channel__CPZ,32,141,"[0, 1, 2, 4, 5, 6, 7, 8, 9, 11, 12, 15, 16, 17, 18, 19, 20, 22, 26, 27, 28, 29, 30, 31, 34, 35, 36, 37, 38, 39, 40, 41, 42, 43, 45, 46, 51, 55, 56, 57, 58, 59, 60, 61, 62, 63, 64, 66, 67, 68, 74, 75, 79, 82, 83, 84, 85, 86, 87, 88, 89, 90, 91, 92, 93, 94, 95, 96, 97, 98, 99, 100, 102, 103, 104, 105, 106, 107, 111, 114, 115, 116, 118, 119, 123, 126, 127, 128, 129, 131, 132, 133, 134, 135, 136, 137, 139]",97,False,3.051589532108917e-05,1.1779703398980225e-08,1.0168038539230063e-05,30.0
O1,190,190,24,166,1063,0.12631578947368421,0.02207911683532659,0.037588097102584185,cao2018,S12/060710_1m,all_channel,mean,mean__all_channel__O1,32,141,"[0, 1, 2, 4, 5, 6, 7, 8, 9, 11, 12, 15, 16, 17, 18, 19, 20, 22, 26, 27, 28, 29, 30, 31, 34, 35, 36, 37, 38, 39, 40, 41, 42, 43, 45, 46, 51, 55, 56, 57, 58, 59, 60, 61, 62, 63, 64, 66, 67, 68, 74, 75, 79, 82, 83, 84, 85, 86, 87, 88, 89, 90, 91, 92, 93, 94, 95, 96, 97, 98, 99, 100, 102, 103, 104, 105, 106, 107, 111, 114, 115, 116, 118, 119, 123, 126, 127, 128, 129, 131, 132, 133, 134, 135, 136, 137, 139]",97,False,2.5767624609575656e-05,-7.176947437420759e-09,8.591600519004359e-06,30.0
T5,114,114,21,93,1066,0.18421052631578946,0.019319227230910764,0.034970857618651124,cao2018,S12/060710_1m,all_channel,mean,mean__all_channel__T5,32,141,"[0, 1, 2, 4, 5, 6, 7, 8, 9, 11, 12, 15, 16, 17, 18, 19, 20, 22, 26, 27, 28, 29, 30, 31, 34, 35, 36, 37, 38, 39, 40, 41, 42, 43, 45, 46, 51, 55, 56, 57, 58, 59, 60, 61, 62, 63, 64, 66, 67, 68, 74, 75, 79, 82, 83, 84, 85, 86, 87, 88, 89, 90, 91, 92, 93, 94, 95, 96, 97, 98, 99, 100, 102, 103, 104, 105, 106, 107, 111, 114, 115, 116, 118, 119, 123, 126, 127, 128, 129, 131, 132, 133, 134, 135, 136, 137, 139]",97,False,1.685229882235086e-05,1.3651532052161627e-09,5.6169778897152155e-06,30.0
TP7,116,116,20,96,1067,0.1724137931034483,0.01839926402943882,0.03325020781379884,cao2018,S12/060710_1m,all_channel,mean,mean__all_channel__TP7,32,141,"[0, 1, 2, 4, 5, 6, 7, 8, 9, 11, 12, 15, 16, 17, 18, 19, 20, 22, 26, 27, 28, 29, 30, 31, 34, 35, 36, 37, 38, 39, 40, 41, 42, 43, 45, 46, 51, 55, 56, 57, 58, 59, 60, 61, 62, 63, 64, 66, 67, 68, 74, 75, 79, 82, 83, 84, 85, 86, 87, 88, 89, 90, 91, 92, 93, 94, 95, 96, 97, 98, 99, 100, 102, 103, 104, 105, 106, 107, 111, 114, 115, 116, 118, 119, 123, 126, 127, 128, 129, 131, 132, 133, 134, 135, 136, 137, 139]",97,False,1.7106207926563905e-05,7.3496328377302e-10,5.7018243210933776e-06,30.0
O2,122,122,17,105,1070,0.13934426229508196,0.015639374425023,0.028122415219189414,cao2018,S12/060710_1m,all_channel,mean,mean__all_channel__O2,32,141,"[0, 1, 2, 4, 5, 6, 7, 8, 9, 11, 12, 15, 16, 17, 18, 19, 20, 22, 26, 27, 28, 29, 30, 31, 34, 35, 36, 37, 38, 39, 40, 41, 42, 43, 45, 46, 51, 55, 56, 57, 58, 59, 60, 61, 62, 63, 64, 66, 67, 68, 74, 75, 79, 82, 83, 84, 85, 86, 87, 88, 89, 90, 91, 92, 93, 94, 95, 96, 97, 98, 99, 100, 102, 103, 104, 105, 106, 107, 111, 114, 115, 116, 118, 119, 123, 126, 127, 128, 129, 131, 132, 133, 134, 135, 136, 137, 139]",97,False,2.5008783241774442e-05,-6.0242675534493746e-09,8.338269169775965e-06,30.0
A1,114,114,13,101,1074,0.11403508771929824,0.011959521619135235,0.021648626144879266,cao2018,S12/060710_1m,all_channel,mean,mean__all_channel__A1,32,141,"[0, 1, 2, 4, 5, 6, 7, 8, 9, 11, 12, 15, 16, 17, 18, 19, 20, 22, 26, 27, 28, 29, 30, 31, 34, 35, 36, 37, 38, 39, 40, 41, 42, 43, 45, 46, 51, 55, 56, 57, 58, 59, 60, 61, 62, 63, 64, 66, 67, 68, 74, 75, 79, 82, 83, 84, 85, 86, 87, 88, 89, 90, 91, 92, 93, 94, 95, 96, 97, 98, 99, 100, 102, 103, 104, 105, 106, 107, 111, 114, 115, 116, 118, 119, 123, 126, 127, 128, 129, 131, 132, 133, 134, 135, 136, 137, 139]",97,False,1.4886770824109021e-05,1.2749024252233546e-08,4.958007266618929e-06,30.0
PZ,35,35,12,23,1075,0.34285714285714286,0.011039558417663294,0.021390374331550804,cao2018,S12/060710_1m,all_channel,mean,mean__all_channel__PZ,32,141,"[0, 1, 2, 4, 5, 6, 7, 8, 9, 11, 12, 15, 16, 17, 18, 19, 20, 22, 26, 27, 28, 29, 30, 31, 34, 35, 36, 37, 38, 39, 40, 41, 42, 43, 45, 46, 51, 55, 56, 57, 58, 59, 60, 61, 62, 63, 64, 66, 67, 68, 74, 75, 79, 82, 83, 84, 85, 86, 87, 88, 89, 90, 91, 92, 93, 94, 95, 96, 97, 98, 99, 100, 102, 103, 104, 105, 106, 107, 111, 114, 115, 116, 118, 119, 123, 126, 127, 128, 129, 131, 132, 133, 134, 135, 136, 137, 139]",97,False,3.074721386115141e-05,6.051358519283289e-09,1.0247054167544043e-05,30.0
OZ,72,72,11,61,1076,0.1527777777777778,0.010119595216191352,0.01898188093183779,cao2018,S12/060710_1m,all_channel,mean,mean__all_channel__OZ,32,141,"[0, 1, 2, 4, 5, 6, 7, 8, 9, 11, 12, 15, 16, 17, 18, 19, 20, 22, 26, 27, 28, 29, 30, 31, 34, 35, 36, 37, 38, 39, 40, 41, 42, 43, 45, 46, 51, 55, 56, 57, 58, 59, 60, 61, 62, 63, 64, 66, 67, 68, 74, 75, 79, 82, 83, 84, 85, 86, 87, 88, 89, 90, 91, 92, 93, 94, 95, 96, 97, 98, 99, 100, 102, 103, 104, 105, 106, 107, 111, 114, 115, 116, 118, 119, 123, 126, 127, 128, 129, 131, 132, 133, 134, 135, 136, 137, 139]",97,False,2.025796634423501e-05,-7.81207585394484e-10,6.7529158506068016e-06,30.0
A2,34,34,9,25,1078,0.2647058823529412,0.00827966881324747,0.016057091882247992,cao2018,S12/060710_1m,all_channel,mean,mean__all_channel__A2,32,141,"[0, 1, 2, 4, 5, 6, 7, 8, 9, 11, 12, 15, 16, 17, 18, 19, 20, 22, 26, 27, 28, 29, 30, 31, 34, 35, 36, 37, 38, 39, 40, 41, 42, 43, 45, 46, 51, 55, 56, 57, 58, 59, 60, 61, 62, 63, 64, 66, 67, 68, 74, 75, 79, 82, 83, 84, 85, 86, 87, 88, 89, 90, 91, 92, 93, 94, 95, 96, 97, 98, 99, 100, 102, 103, 104, 105, 106, 107, 111, 114, 115, 116, 118, 119, 123, 126, 127, 128, 129, 131, 132, 133, 134, 135, 136, 137, 139]",97,False,1.4862871851904178e-05,-1.2766699754357876e-08,4.958546183886179e-06,30.0
T6,30,30,7,23,1080,0.23333333333333334,0.006439742410303588,0.012533572068039392,cao2018,S12/060710_1m,all_channel,mean,mean__all_channel__T6,32,141,"[0, 1, 2, 4, 5, 6, 7, 8, 9, 11, 12, 15, 16, 17, 18, 19, 20, 22, 26, 27, 28, 29, 30, 31, 34, 35, 36, 37, 38, 39, 40, 41, 42, 43, 45, 46, 51, 55, 56, 57, 58, 59, 60, 61, 62, 63, 64, 66, 67, 68, 74, 75, 79, 82, 83, 84, 85, 86, 87, 88, 89, 90, 91, 92, 93, 94, 95, 96, 97, 98, 99, 100, 102, 103, 104, 105, 106, 107, 111, 114, 115, 116, 118, 119, 123, 126, 127, 128, 129, 131, 132, 133, 134, 135, 136, 137, 139]",97,False,2.478423322129955e-05,-1.1534983823284287e-08,8.265256068374278e-06,30.0
FP2,1187,1187,880,307,207,0.7413647851727043,0.8095676172953082,0.7739665787159191,cao2018,S12/060710_1m,frontal,median,median__frontal__FP2,4,141,"[0, 1, 2, 5, 8, 9, 11, 16, 17, 18, 19, 20, 27, 28, 29, 31, 34, 35, 36, 37, 38, 39, 40, 41, 42, 43, 45, 57, 67, 84, 111, 133, 134, 135, 136, 137]",36,False,7.557670800506351e-05,-4.999735004292297e-06,2.685881433645194e-05,30.0
FP1,1209,1209,884,325,203,0.7311827956989247,0.8132474701011959,0.7700348432055749,cao2018,S12/060710_1m,frontal,median,median__frontal__FP1,4,141,"[0, 1, 2, 5, 8, 9, 11, 16, 17, 18, 19, 20, 27, 28, 29, 31, 34, 35, 36, 37, 38, 39, 40, 41, 42, 43, 45, 57, 67, 84, 111, 133, 134, 135, 136, 137]",36,False,8.064679755142436e-05,-5.692982364936597e-06,2.8779926638786987e-05,30.0
F4,525,525,400,125,687,0.7619047619047619,0.36798528058877644,0.4962779156327543,cao2018,S12/060710_1m,frontal,median,median__frontal__F4,4,141,"[0, 1, 2, 5, 8, 9, 11, 16, 17, 18, 19, 20, 27, 28, 29, 31, 34, 35, 36, 37, 38, 39, 40, 41, 42, 43, 45, 57, 67, 84, 111, 133, 134, 135, 136, 137]",36,False,4.991985850665137e-05,-2.4110729708197793e-06,1.7443643825823714e-05,30.0
F3,518,518,357,161,730,0.6891891891891891,0.32842686292548295,0.44485981308411215,cao2018,S12/060710_1m,frontal,median,median__frontal__F3,4,141,"[0, 1, 2, 5, 8, 9, 11, 16, 17, 18, 19, 20, 27, 28, 29, 31, 34, 35, 36, 37, 38, 39, 40, 41, 42, 43, 45, 57, 67, 84, 111, 133, 134, 135, 136, 137]",36,False,4.79538556992399e-05,-2.093752166791524e-06,1.668253595534381e-05,30.0
FP2,1082,1082,832,250,255,0.7689463955637708,0.765409383624655,0.7671738128169663,cao2018,S12/060710_1m,frontal,mean,mean__frontal__FP2,4,141,"[0, 1, 2, 5, 8, 9, 11, 16, 17, 18, 19, 20, 27, 28, 29, 31, 34, 35, 36, 37, 38, 39, 40, 41, 42, 43, 45, 57, 67, 84, 111, 133, 134, 135, 136, 137]",36,False,8.067047410580598e-05,9.403109645017114e-08,2.685881433645194e-05,30.0
FP1,1095,1095,825,270,262,0.7534246575342466,0.7589696412143514,0.7561869844179652,cao2018,S12/060710_1m,frontal,mean,mean__frontal__FP1,4,141,"[0, 1, 2, 5, 8, 9, 11, 16, 17, 18, 19, 20, 27, 28, 29, 31, 34, 35, 36, 37, 38, 39, 40, 41, 42, 43, 45, 57, 67, 84, 111, 133, 134, 135, 136, 137]",36,False,8.644976679731995e-05,1.0998688095898542e-07,2.8779926638786987e-05,30.0
F4,446,446,339,107,748,0.7600896860986547,0.31186752529898804,0.44227005870841485,cao2018,S12/060710_1m,frontal,mean,mean__frontal__F4,4,141,"[0, 1, 2, 5, 8, 9, 11, 16, 17, 18, 19, 20, 27, 28, 29, 31, 34, 35, 36, 37, 38, 39, 40, 41, 42, 43, 45, 57, 67, 84, 111, 133, 134, 135, 136, 137]",36,False,5.237924925989454e-05,4.8317782423392224e-08,1.7443643825823714e-05,30.0
F3,439,439,299,140,788,0.6810933940774487,0.2750689972401104,0.3918741808650066,cao2018,S12/060710_1m,frontal,mean,mean__frontal__F3,4,141,"[0, 1, 2, 5, 8, 9, 11, 16, 17, 18, 19, 20, 27, 28, 29, 31, 34, 35, 36, 37, 38, 39, 40, 41, 42, 43, 45, 57, 67, 84, 111, 133, 134, 135, 136, 137]",36,False,5.002947474752909e-05,-1.8133118502339132e-08,1.668253595534381e-05,30.0
FP1,1013,1013,772,241,315,0.7620927936821322,0.7102115915363385,0.7352380952380951,cao2018,S12/060710_1m,frontal_left,median,median__frontal_left__FP1,2,141,"[8, 9, 16, 17, 18, 19, 20, 28, 34, 37, 38, 40, 41, 84, 111, 133, 134, 135, 137]",19,False,9.1157649048837e-05,-4.677179270561206e-06,3.194494277313273e-05,30.0
F3,271,271,177,94,910,0.6531365313653137,0.16283348666053357,0.26067746686303384,cao2018,S12/060710_1m,frontal_left,median,median__frontal_left__F3,2,141,"[8, 9, 16, 17, 18, 19, 20, 28, 34, 37, 38, 40, 41, 84, 111, 133, 134, 135, 137]",19,False,5.6669304203769944e-05,-1.89278926280026e-06,1.9520697822190067e-05,30.0
FP1,940,940,730,210,357,0.776595744680851,0.671573137074517,0.7202762703502713,cao2018,S12/060710_1m,frontal_left,mean,mean__frontal_left__FP1,2,141,"[8, 9, 16, 17, 18, 19, 20, 28, 34, 37, 38, 40, 41, 84, 111, 133, 134, 135, 137]",19,False,9.587552033464668e-05,4.069201524847717e-08,3.194494277313273e-05,30.0
F3,229,229,149,80,938,0.6506550218340611,0.13707451701931922,0.22644376899696048,cao2018,S12/060710_1m,frontal_left,mean,mean__frontal_left__F3,2,141,"[8, 9, 16, 17, 18, 19, 20, 28, 34, 37, 38, 40, 41, 84, 111, 133, 134, 135, 137]",19,False,5.8487975618340616e-05,-7.411784822958794e-08,1.9520697822190067e-05,30.0
FP2,1191,1191,881,310,206,0.7397145256087322,0.8104875804967802,0.7734855136084283,cao2018,S12/060710_1m,frontal_right,median,median__frontal_right__FP2,2,141,"[0, 1, 2, 5, 8, 9, 11, 16, 17, 20, 27, 28, 29, 31, 34, 35, 36, 37, 38, 39, 40, 41, 42, 43, 45, 57, 67, 84, 111, 133, 134, 136, 137]",33,False,7.535699528035354e-05,-5.361941430380906e-06,2.690631223691148e-05,30.0
F4,534,534,407,127,680,0.7621722846441947,0.37442502299908004,0.5021591610117211,cao2018,S12/060710_1m,frontal_right,median,median__frontal_right__F4,2,141,"[0, 1, 2, 5, 8, 9, 11, 16, 17, 20, 27, 28, 29, 31, 34, 35, 36, 37, 38, 39, 40, 41, 42, 43, 45, 57, 67, 84, 111, 133, 134, 136, 137]",33,False,4.943645958644509e-05,-2.416900301347004e-06,1.7284453295930698e-05,30.0
FP2,1082,1082,832,250,255,0.7689463955637708,0.765409383624655,0.7671738128169663,cao2018,S12/060710_1m,frontal_right,mean,mean__frontal_right__FP2,2,141,"[0, 1, 2, 5, 8, 9, 11, 16, 17, 20, 27, 28, 29, 31, 34, 35, 36, 37, 38, 39, 40, 41, 42, 43, 45, 57, 67, 84, 111, 133, 134, 136, 137]",33,False,8.082709425718659e-05,1.0815754645214136e-07,2.690631223691148e-05,30.0
F4,460,460,353,107,734,0.7673913043478261,0.3247470101195952,0.45636716224951523,cao2018,S12/060710_1m,frontal_right,mean,mean__frontal_right__F4,2,141,"[0, 1, 2, 5, 8, 9, 11, 16, 17, 20, 27, 28, 29, 31, 34, 35, 36, 37, 38, 39, 40, 41, 42, 43, 45, 57, 67, 84, 111, 133, 134, 136, 137]",33,False,5.1910093834377655e-05,5.673394658556527e-08,1.7284453295930698e-05,30.0
FP2,1414,1414,972,442,111,0.6874115983026874,0.8975069252077562,0.7785342410893072,cao2018,S12/060710_1m,all_channel,median,median__all_channel__FP2,32,105,"[0, 1, 3, 4, 5, 6, 7, 8, 9, 12, 13, 14, 15, 16, 17, 20, 21, 22, 25, 26, 27, 28, 29, 30, 31, 32, 35, 38, 42, 43, 44, 45, 46, 47, 48, 49, 50, 56, 59, 61, 62, 63, 64, 65, 67, 68, 70, 71, 72, 73, 74, 75, 77, 78, 79, 80, 83, 86, 87, 88, 91, 95, 96, 97, 98, 99, 100, 101, 102, 104]",70,False,6.297894575710529e-05,-3.693402715876236e-06,2.222411615766051e-05,40.0
FP1,1439,1439,981,458,102,0.6817234190410006,0.9058171745152355,0.7779540047581284,cao2018,S12/060710_1m,all_channel,median,median__all_channel__FP1,32,105,"[0, 1, 3, 4, 5, 6, 7, 8, 9, 12, 13, 14, 15, 16, 17, 20, 21, 22, 25, 26, 27, 28, 29, 30, 31, 32, 35, 38, 42, 43, 44, 45, 46, 47, 48, 49, 50, 56, 59, 61, 62, 63, 64, 65, 67, 68, 70, 71, 72, 73, 74, 75, 77, 78, 79, 80, 83, 86, 87, 88, 91, 95, 96, 97, 98, 99, 100, 101, 102, 104]",70,False,6.641573919982058e-05,-3.883735659595291e-06,2.343315828647196e-05,40.0
FZ,704,704,514,190,569,0.7301136363636364,0.47460757156048017,0.5752658086177952,cao2018,S12/060710_1m,all_channel,median,median__all_channel__FZ,32,105,"[0, 1, 3, 4, 5, 6, 7, 8, 9, 12, 13, 14, 15, 16, 17, 20, 21, 22, 25, 26, 27, 28, 29, 30, 31, 32, 35, 38, 42, 43, 44, 45, 46, 47, 48, 49, 50, 56, 59, 61, 62, 63, 64, 65, 67, 68, 70, 71, 72, 73, 74, 75, 77, 78, 79, 80, 83, 86, 87, 88, 91, 95, 96, 97, 98, 99, 100, 101, 102, 104]",70,False,4.03576121591287e-05,-1.5717273987892854e-06,1.3976446519305993e-05,40.0
F4,658,658,486,172,597,0.7386018237082067,0.4487534626038781,0.5582998276852383,cao2018,S12/060710_1m,all_channel,median,median__all_channel__F4,32,105,"[0, 1, 3, 4, 5, 6, 7, 8, 9, 12, 13, 14, 15, 16, 17, 20, 21, 22, 25, 26, 27, 28, 29, 30, 31, 32, 35, 38, 42, 43, 44, 45, 46, 47, 48, 49, 50, 56, 59, 61, 62, 63, 64, 65, 67, 68, 70, 71, 72, 73, 74, 75, 77, 78, 79, 80, 83, 86, 87, 88, 91, 95, 96, 97, 98, 99, 100, 101, 102, 104]",70,False,4.5373666357780316e-05,-1.6192557334718216e-06,1.566430736375071e-05,40.0
F8,542,542,441,101,642,0.8136531365313653,0.407202216066482,0.5427692307692309,cao2018,S12/060710_1m,all_channel,median,median__all_channel__F8,32,105,"[0, 1, 3, 4, 5, 6, 7, 8, 9, 12, 13, 14, 15, 16, 17, 20, 21, 22, 25, 26, 27, 28, 29, 30, 31, 32, 35, 38, 42, 43, 44, 45, 46, 47, 48, 49, 50, 56, 59, 61, 62, 63, 64, 65, 67, 68, 70, 71, 72, 73, 74, 75, 77, 78, 79, 80, 83, 86, 87, 88, 91, 95, 96, 97, 98, 99, 100, 101, 102, 104]",70,False,5.008780503730716e-05,-1.219408043830762e-06,1.7102404360379307e-05,40.0
F3,709,709,483,226,600,0.6812411847672779,0.44598337950138506,0.5390625,cao2018,S12/060710_1m,all_channel,median,median__all_channel__F3,32,105,"[0, 1, 3, 4, 5, 6, 7, 8, 9, 12, 13, 14, 15, 16, 17, 20, 21, 22, 25, 26, 27, 28, 29, 30, 31, 32, 35, 38, 42, 43, 44, 45, 46, 47, 48, 49, 50, 56, 59, 61, 62, 63, 64, 65, 67, 68, 70, 71, 72, 73, 74, 75, 77, 78, 79, 80, 83, 86, 87, 88, 91, 95, 96, 97, 98, 99, 100, 101, 102, 104]",70,False,4.3244330313445454e-05,-1.4196913015405864e-06,1.4888007204995346e-05,40.0
F7,620,620,396,224,687,0.6387096774193548,0.3656509695290859,0.46506165590135057,cao2018,S12/060710_1m,all_channel,median,median__all_channel__F7,32,105,"[0, 1, 3, 4, 5, 6, 7, 8, 9, 12, 13, 14, 15, 16, 17, 20, 21, 22, 25, 26, 27, 28, 29, 30, 31, 32, 35, 38, 42, 43, 44, 45, 46, 47, 48, 49, 50, 56, 59, 61, 62, 63, 64, 65, 67, 68, 70, 71, 72, 73, 74, 75, 77, 78, 79, 80, 83, 86, 87, 88, 91, 95, 96, 97, 98, 99, 100, 101, 102, 104]",70,False,5.110685781444766e-05,-1.4568130843385445e-06,1.7521223632928735e-05,40.0
FC3,396,396,266,130,817,0.6717171717171717,0.24561403508771928,0.3597025016903313,cao2018,S12/060710_1m,all_channel,median,median__all_channel__FC3,32,105,"[0, 1, 3, 4, 5, 6, 7, 8, 9, 12, 13, 14, 15, 16, 17, 20, 21, 22, 25, 26, 27, 28, 29, 30, 31, 32, 35, 38, 42, 43, 44, 45, 46, 47, 48, 49, 50, 56, 59, 61, 62, 63, 64, 65, 67, 68, 70, 71, 72, 73, 74, 75, 77, 78, 79, 80, 83, 86, 87, 88, 91, 95, 96, 97, 98, 99, 100, 101, 102, 104]",70,False,3.612392676716958e-05,-9.764354220034216e-07,1.2366787396391002e-05,40.0
FC4,293,293,234,59,849,0.7986348122866894,0.21606648199445982,0.34011627906976744,cao2018,S12/060710_1m,all_channel,median,median__all_channel__FC4,32,105,"[0, 1, 3, 4, 5, 6, 7, 8, 9, 12, 13, 14, 15, 16, 17, 20, 21, 22, 25, 26, 27, 28, 29, 30, 31, 32, 35, 38, 42, 43, 44, 45, 46, 47, 48, 49, 50, 56, 59, 61, 62, 63, 64, 65, 67, 68, 70, 71, 72, 73, 74, 75, 77, 78, 79, 80, 83, 86, 87, 88, 91, 95, 96, 97, 98, 99, 100, 101, 102, 104]",70,False,3.618991444397016e-05,-9.228851323132486e-07,1.2370933192094471e-05,40.0
FCZ,219,219,155,64,928,0.7077625570776256,0.14312096029547552,0.2380952380952381,cao2018,S12/060710_1m,all_channel,median,median__all_channel__FCZ,32,105,"[0, 1, 3, 4, 5, 6, 7, 8, 9, 12, 13, 14, 15, 16, 17, 20, 21, 22, 25, 26, 27, 28, 29, 30, 31, 32, 35, 38, 42, 43, 44, 45, 46, 47, 48, 49, 50, 56, 59, 61, 62, 63, 64, 65, 67, 68, 70, 71, 72, 73, 74, 75, 77, 78, 79, 80, 83, 86, 87, 88, 91, 95, 96, 97, 98, 99, 100, 101, 102, 104]",70,False,3.695755548593553e-05,-8.876007812589828e-07,1.2615052089064838e-05,40.0
C3,188,188,120,68,963,0.6382978723404256,0.11080332409972299,0.18882769472856017,cao2018,S12/060710_1m,all_channel,median,median__all_channel__C3,32,105,"[0, 1, 3, 4, 5, 6, 7, 8, 9, 12, 13, 14, 15, 16, 17, 20, 21, 22, 25, 26, 27, 28, 29, 30, 31, 32, 35, 38, 42, 43, 44, 45, 46, 47, 48, 49, 50, 56, 59, 61, 62, 63, 64, 65, 67, 68, 70, 71, 72, 73, 74, 75, 77, 78, 79, 80, 83, 86, 87, 88, 91, 95, 96, 97, 98, 99, 100, 101, 102, 104]",70,False,3.102327688497719e-05,-6.742415023982922e-07,1.0565839462458495e-05,40.0
FT8,186,186,114,72,969,0.6129032258064516,0.10526315789473684,0.1796690307328605,cao2018,S12/060710_1m,all_channel,median,median__all_channel__FT8,32,105,"[0, 1, 3, 4, 5, 6, 7, 8, 9, 12, 13, 14, 15, 16, 17, 20, 21, 22, 25, 26, 27, 28, 29, 30, 31, 32, 35, 38, 42, 43, 44, 45, 46, 47, 48, 49, 50, 56, 59, 61, 62, 63, 64, 65, 67, 68, 70, 71, 72, 73, 74, 75, 77, 78, 79, 80, 83, 86, 87, 88, 91, 95, 96, 97, 98, 99, 100, 101, 102, 104]",70,False,3.65385170904181e-05,-3.7093320481038535e-07,1.2303150098409497e-05,40.0
FT7,245,245,119,126,964,0.4857142857142857,0.10987996306555864,0.17921686746987953,cao2018,S12/060710_1m,all_channel,median,median__all_channel__FT7,32,105,"[0, 1, 3, 4, 5, 6, 7, 8, 9, 12, 13, 14, 15, 16, 17, 20, 21, 22, 25, 26, 27, 28, 29, 30, 31, 32, 35, 38, 42, 43, 44, 45, 46, 47, 48, 49, 50, 56, 59, 61, 62, 63, 64, 65, 67, 68, 70, 71, 72, 73, 74, 75, 77, 78, 79, 80, 83, 86, 87, 88, 91, 95, 96, 97, 98, 99, 100, 101, 102, 104]",70,False,3.6195031974430903e-05,-4.265169233817666e-07,1.2207182965937555e-05,40.0
C4,158,158,100,58,983,0.6329113924050633,0.09233610341643583,0.16116035455278002,cao2018,S12/060710_1m,all_channel,median,median__all_channel__C4,32,105,"[0, 1, 3, 4, 5, 6, 7, 8, 9, 12, 13, 14, 15, 16, 17, 20, 21, 22, 25, 26, 27, 28, 29, 30, 31, 32, 35, 38, 42, 43, 44, 45, 46, 47, 48, 49, 50, 56, 59, 61, 62, 63, 64, 65, 67, 68, 70, 71, 72, 73, 74, 75, 77, 78, 79, 80, 83, 86, 87, 88, 91, 95, 96, 97, 98, 99, 100, 101, 102, 104]",70,False,3.194107366975458e-05,-6.476225100233988e-07,1.0862898726592658e-05,40.0
CZ,96,96,52,44,1031,0.5416666666666666,0.04801477377654663,0.08821034775233248,cao2018,S12/060710_1m,all_channel,median,median__all_channel__CZ,32,105,"[0, 1, 3, 4, 5, 6, 7, 8, 9, 12, 13, 14, 15, 16, 17, 20, 21, 22, 25, 26, 27, 28, 29, 30, 31, 32, 35, 38, 42, 43, 44, 45, 46, 47, 48, 49, 50, 56, 59, 61, 62, 63, 64, 65, 67, 68, 70, 71, 72, 73, 74, 75, 77, 78, 79, 80, 83, 86, 87, 88, 91, 95, 96, 97, 98, 99, 100, 101, 102, 104]",70,False,3.368900077433843e-05,-5.866734585171561e-07,1.1425224744285194e-05,40.0
CP4,83,83,48,35,1035,0.5783132530120482,0.0443213296398892,0.08233276157804459,cao2018,S12/060710_1m,all_channel,median,median__all_channel__CP4,32,105,"[0, 1, 3, 4, 5, 6, 7, 8, 9, 12, 13, 14, 15, 16, 17, 20, 21, 22, 25, 26, 27, 28, 29, 30, 31, 32, 35, 38, 42, 43, 44, 45, 46, 47, 48, 49, 50, 56, 59, 61, 62, 63, 64, 65, 67, 68, 70, 71, 72, 73, 74, 75, 77, 78, 79, 80, 83, 86, 87, 88, 91, 95, 96, 97, 98, 99, 100, 101, 102, 104]",70,False,2.9032110969831247e-05,-3.9331003495155e-07,9.808473668260932e-06,40.0
CP3,90,90,46,44,1037,0.5111111111111111,0.04247460757156048,0.07843137254901959,cao2018,S12/060710_1m,all_channel,median,median__all_channel__CP3,32,105,"[0, 1, 3, 4, 5, 6, 7, 8, 9, 12, 13, 14, 15, 16, 17, 20, 21, 22, 25, 26, 27, 28, 29, 30, 31, 32, 35, 38, 42, 43, 44, 45, 46, 47, 48, 49, 50, 56, 59, 61, 62, 63, 64, 65, 67, 68, 70, 71, 72, 73, 74, 75, 77, 78, 79, 80, 83, 86, 87, 88, 91, 95, 96, 97, 98, 99, 100, 101, 102, 104]",70,False,2.7804645631980357e-05,-3.831258184054597e-07,9.395923816795273e-06,40.0
T3,126,126,44,82,1039,0.3492063492063492,0.040627885503231764,0.0727874276261373,cao2018,S12/060710_1m,all_channel,median,median__all_channel__T3,32,105,"[0, 1, 3, 4, 5, 6, 7, 8, 9, 12, 13, 14, 15, 16, 17, 20, 21, 22, 25, 26, 27, 28, 29, 30, 31, 32, 35, 38, 42, 43, 44, 45, 46, 47, 48, 49, 50, 56, 59, 61, 62, 63, 64, 65, 67, 68, 70, 71, 72, 73, 74, 75, 77, 78, 79, 80, 83, 86, 87, 88, 91, 95, 96, 97, 98, 99, 100, 101, 102, 104]",70,False,3.184710190052482e-05,2.121675463291322e-07,1.054497811806523e-05,40.0
T4,197,197,46,151,1037,0.233502538071066,0.04247460757156048,0.071875,cao2018,S12/060710_1m,all_channel,median,median__all_channel__T4,32,105,"[0, 1, 3, 4, 5, 6, 7, 8, 9, 12, 13, 14, 15, 16, 17, 20, 21, 22, 25, 26, 27, 28, 29, 30, 31, 32, 35, 38, 42, 43, 44, 45, 46, 47, 48, 49, 50, 56, 59, 61, 62, 63, 64, 65, 67, 68, 70, 71, 72, 73, 74, 75, 77, 78, 79, 80, 83, 86, 87, 88, 91, 95, 96, 97, 98, 99, 100, 101, 102, 104]",70,False,3.640839192159539e-05,3.134108100775503e-07,1.203166037050595e-05,40.0
P3,274,274,43,231,1040,0.15693430656934307,0.03970452446906741,0.06337509211495947,cao2018,S12/060710_1m,all_channel,median,median__all_channel__P3,32,105,"[0, 1, 3, 4, 5, 6, 7, 8, 9, 12, 13, 14, 15, 16, 17, 20, 21, 22, 25, 26, 27, 28, 29, 30, 31, 32, 35, 38, 42, 43, 44, 45, 46, 47, 48, 49, 50, 56, 59, 61, 62, 63, 64, 65, 67, 68, 70, 71, 72, 73, 74, 75, 77, 78, 79, 80, 83, 86, 87, 88, 91, 95, 96, 97, 98, 99, 100, 101, 102, 104]",70,False,3.1657271252304545e-05,-4.92315354157165e-07,1.0716528868820569e-05,40.0
P4,156,156,30,126,1053,0.19230769230769232,0.027700831024930747,0.04842615012106538,cao2018,S12/060710_1m,all_channel,median,median__all_channel__P4,32,105,"[0, 1, 3, 4, 5, 6, 7, 8, 9, 12, 13, 14, 15, 16, 17, 20, 21, 22, 25, 26, 27, 28, 29, 30, 31, 32, 35, 38, 42, 43, 44, 45, 46, 47, 48, 49, 50, 56, 59, 61, 62, 63, 64, 65, 67, 68, 70, 71, 72, 73, 74, 75, 77, 78, 79, 80, 83, 86, 87, 88, 91, 95, 96, 97, 98, 99, 100, 101, 102, 104]",70,False,3.280367293512811e-05,-4.806761228690252e-07,1.109478301933238e-05,40.0
CPZ,49,49,25,24,1058,0.5102040816326531,0.023084025854108958,0.044169611307420496,cao2018,S12/060710_1m,all_channel,median,median__all_channel__CPZ,32,105,"[0, 1, 3, 4, 5, 6, 7, 8, 9, 12, 13, 14, 15, 16, 17, 20, 21, 22, 25, 26, 27, 28, 29, 30, 31, 32, 35, 38, 42, 43, 44, 45, 46, 47, 48, 49, 50, 56, 59, 61, 62, 63, 64, 65, 67, 68, 70, 71, 72, 73, 74, 75, 77, 78, 79, 80, 83, 86, 87, 88, 91, 95, 96, 97, 98, 99, 100, 101, 102, 104]",70,False,2.9970843760059003e-05,-3.829563102070644e-07,1.0117933356755355e-05,40.0
TP8,101,101,25,76,1058,0.24752475247524752,0.023084025854108958,0.04222972972972973,cao2018,S12/060710_1m,all_channel,median,median__all_channel__TP8,32,105,"[0, 1, 3, 4, 5, 6, 7, 8, 9, 12, 13, 14, 15, 16, 17, 20, 21, 22, 25, 26, 27, 28, 29, 30, 31, 32, 35, 38, 42, 43, 44, 45, 46, 47, 48, 49, 50, 56, 59, 61, 62, 63, 64, 65, 67, 68, 70, 71, 72, 73, 74, 75, 77, 78, 79, 80, 83, 86, 87, 88, 91, 95, 96, 97, 98, 99, 100, 101, 102, 104]",70,False,2.6014536048835042e-05,2.650438195267659e-10,8.671423668338505e-06,40.0
O1,194,194,26,168,1057,0.13402061855670103,0.024007386888273315,0.04072043852779953,cao2018,S12/060710_1m,all_channel,median,median__all_channel__O1,32,105,"[0, 1, 3, 4, 5, 6, 7, 8, 9, 12, 13, 14, 15, 16, 17, 20, 21, 22, 25, 26, 27, 28, 29, 30, 31, 32, 35, 38, 42, 43, 44, 45, 46, 47, 48, 49, 50, 56, 59, 61, 62, 63, 64, 65, 67, 68, 70, 71, 72, 73, 74, 75, 77, 78, 79, 80, 83, 86, 87, 88, 91, 95, 96, 97, 98, 99, 100, 101, 102, 104]",70,False,2.559354857960669e-05,3.8862716134492143e-07,8.401640472753923e-06,40.0
T5,107,107,20,87,1063,0.18691588785046728,0.018467220683287166,0.033613445378151266,cao2018,S12/060710_1m,all_channel,median,median__all_channel__T5,32,105,"[0, 1, 3, 4, 5, 6, 7, 8, 9, 12, 13, 14, 15, 16, 17, 20, 21, 22, 25, 26, 27, 28, 29, 30, 31, 32, 35, 38, 42, 43, 44, 45, 46, 47, 48, 49, 50, 56, 59, 61, 62, 63, 64, 65, 67, 68, 70, 71, 72, 73, 74, 75, 77, 78, 79, 80, 83, 86, 87, 88, 91, 95, 96, 97, 98, 99, 100, 101, 102, 104]",70,False,1.7055032435563413e-05,1.5795306415447346e-07,5.6323597904696456e-06,40.0
TP7,114,114,20,94,1063,0.17543859649122806,0.018467220683287166,0.03341687552213868,cao2018,S12/060710_1m,all_channel,median,median__all_channel__TP7,32,105,"[0, 1, 3, 4, 5, 6, 7, 8, 9, 12, 13, 14, 15, 16, 17, 20, 21, 22, 25, 26, 27, 28, 29, 30, 31, 32, 35, 38, 42, 43, 44, 45, 46, 47, 48, 49, 50, 56, 59, 61, 62, 63, 64, 65, 67, 68, 70, 71, 72, 73, 74, 75, 77, 78, 79, 80, 83, 86, 87, 88, 91, 95, 96, 97, 98, 99, 100, 101, 102, 104]",70,False,1.7314681018512315e-05,1.6764129760455402e-07,5.715679906969253e-06,40.0
O2,123,123,17,106,1066,0.13821138211382114,0.01569713758079409,0.028192371475953566,cao2018,S12/060710_1m,all_channel,median,median__all_channel__O2,32,105,"[0, 1, 3, 4, 5, 6, 7, 8, 9, 12, 13, 14, 15, 16, 17, 20, 21, 22, 25, 26, 27, 28, 29, 30, 31, 32, 35, 38, 42, 43, 44, 45, 46, 47, 48, 49, 50, 56, 59, 61, 62, 63, 64, 65, 67, 68, 70, 71, 72, 73, 74, 75, 77, 78, 79, 80, 83, 86, 87, 88, 91, 95, 96, 97, 98, 99, 100, 101, 102, 104]",70,False,2.4861328060888376e-05,2.1365166771131248e-07,8.215892131059021e-06,40.0
PZ,38,38,15,23,1068,0.39473684210526316,0.013850415512465374,0.026761819803746655,cao2018,S12/060710_1m,all_channel,median,median__all_channel__PZ,32,105,"[0, 1, 3, 4, 5, 6, 7, 8, 9, 12, 13, 14, 15, 16, 17, 20, 21, 22, 25, 26, 27, 28, 29, 30, 31, 32, 35, 38, 42, 43, 44, 45, 46, 47, 48, 49, 50, 56, 59, 61, 62, 63, 64, 65, 67, 68, 70, 71, 72, 73, 74, 75, 77, 78, 79, 80, 83, 86, 87, 88, 91, 95, 96, 97, 98, 99, 100, 101, 102, 104]",70,False,2.9906314074203325e-05,-2.723392541283241e-07,1.0059551109443882e-05,40.0
A1,133,133,14,119,1069,0.10526315789473684,0.012927054478301015,0.023026315789473683,cao2018,S12/060710_1m,all_channel,median,median__all_channel__A1,32,105,"[0, 1, 3, 4, 5, 6, 7, 8, 9, 12, 13, 14, 15, 16, 17, 20, 21, 22, 25, 26, 27, 28, 29, 30, 31, 32, 35, 38, 42, 43, 44, 45, 46, 47, 48, 49, 50, 56, 59, 61, 62, 63, 64, 65, 67, 68, 70, 71, 72, 73, 74, 75, 77, 78, 79, 80, 83, 86, 87, 88, 91, 95, 96, 97, 98, 99, 100, 101, 102, 104]",70,False,1.4614749919582075e-05,-1.6104015331598913e-07,4.925263357632688e-06,40.0
OZ,74,74,12,62,1071,0.16216216216216217,0.0110803324099723,0.020743301642178046,cao2018,S12/060710_1m,all_channel,median,median__all_channel__OZ,32,105,"[0, 1, 3, 4, 5, 6, 7, 8, 9, 12, 13, 14, 15, 16, 17, 20, 21, 22, 25, 26, 27, 28, 29, 30, 31, 32, 35, 38, 42, 43, 44, 45, 46, 47, 48, 49, 50, 56, 59, 61, 62, 63, 64, 65, 67, 68, 70, 71, 72, 73, 74, 75, 77, 78, 79, 80, 83, 86, 87, 88, 91, 95, 96, 97, 98, 99, 100, 101, 102, 104]",70,False,2.0278661527428124e-05,1.4355184461958073e-07,6.711703227602848e-06,40.0
A2,34,34,9,25,1074,0.2647058823529412,0.008310249307479225,0.01611459265890779,cao2018,S12/060710_1m,all_channel,median,median__all_channel__A2,32,105,"[0, 1, 3, 4, 5, 6, 7, 8, 9, 12, 13, 14, 15, 16, 17, 20, 21, 22, 25, 26, 27, 28, 29, 30, 31, 32, 35, 38, 42, 43, 44, 45, 46, 47, 48, 49, 50, 56, 59, 61, 62, 63, 64, 65, 67, 68, 70, 71, 72, 73, 74, 75, 77, 78, 79, 80, 83, 86, 87, 88, 91, 95, 96, 97, 98, 99, 100, 101, 102, 104]",70,False,1.493386735709252e-05,1.6034352634080302e-07,4.924507943583905e-06,40.0
T6,30,30,7,23,1076,0.23333333333333334,0.006463527239150508,0.012578616352201259,cao2018,S12/060710_1m,all_channel,median,median__all_channel__T6,32,105,"[0, 1, 3, 4, 5, 6, 7, 8, 9, 12, 13, 14, 15, 16, 17, 20, 21, 22, 25, 26, 27, 28, 29, 30, 31, 32, 35, 38, 42, 43, 44, 45, 46, 47, 48, 49, 50, 56, 59, 61, 62, 63, 64, 65, 67, 68, 70, 71, 72, 73, 74, 75, 77, 78, 79, 80, 83, 86, 87, 88, 91, 95, 96, 97, 98, 99, 100, 101, 102, 104]",70,False,2.4709492723672708e-05,1.1996123546436057e-08,8.232498866708758e-06,40.0
FP1,1382,1382,961,421,122,0.695369030390738,0.8873499538319483,0.7797160243407707,cao2018,S12/060710_1m,all_channel,mean,mean__all_channel__FP1,32,105,"[0, 1, 3, 4, 5, 6, 7, 8, 9, 12, 13, 14, 15, 16, 17, 20, 21, 22, 25, 26, 27, 28, 29, 30, 31, 32, 35, 38, 42, 43, 44, 45, 46, 47, 48, 49, 50, 56, 59, 61, 62, 63, 64, 65, 67, 68, 70, 71, 72, 73, 74, 75, 77, 78, 79, 80, 83, 86, 87, 88, 91, 95, 96, 97, 98, 99, 100, 101, 102, 104]",70,False,7.02925852918672e-05,-6.88956754868006e-09,2.343315828647196e-05,40.0
FP2,1356,1356,950,406,133,0.700589970501475,0.8771929824561403,0.7790077900779008,cao2018,S12/060710_1m,all_channel,mean,mean__all_channel__FP2,32,105,"[0, 1, 3, 4, 5, 6, 7, 8, 9, 12, 13, 14, 15, 16, 17, 20, 21, 22, 25, 26, 27, 28, 29, 30, 31, 32, 35, 38, 42, 43, 44, 45, 46, 47, 48, 49, 50, 56, 59, 61, 62, 63, 64, 65, 67, 68, 70, 71, 72, 73, 74, 75, 77, 78, 79, 80, 83, 86, 87, 88, 91, 95, 96, 97, 98, 99, 100, 101, 102, 104]",70,False,6.667954980812416e-05,7.20133514263546e-09,2.222411615766051e-05,40.0
FZ,646,646,478,168,605,0.739938080495356,0.44136657433056325,0.5529207634470793,cao2018,S12/060710_1m,all_channel,mean,mean__all_channel__FZ,32,105,"[0, 1, 3, 4, 5, 6, 7, 8, 9, 12, 13, 14, 15, 16, 17, 20, 21, 22, 25, 26, 27, 28, 29, 30, 31, 32, 35, 38, 42, 43, 44, 45, 46, 47, 48, 49, 50, 56, 59, 61, 62, 63, 64, 65, 67, 68, 70, 71, 72, 73, 74, 75, 77, 78, 79, 80, 83, 86, 87, 88, 91, 95, 96, 97, 98, 99, 100, 101, 102, 104]",70,False,4.192961175930955e-05,2.722013915675266e-10,1.3976446519305993e-05,40.0
F4,604,604,451,153,632,0.7466887417218543,0.4164358264081256,0.5346769413159455,cao2018,S12/060710_1m,all_channel,mean,mean__all_channel__F4,32,105,"[0, 1, 3, 4, 5, 6, 7, 8, 9, 12, 13, 14, 15, 16, 17, 20, 21, 22, 25, 26, 27, 28, 29, 30, 31, 32, 35, 38, 42, 43, 44, 45, 46, 47, 48, 49, 50, 56, 59, 61, 62, 63, 64, 65, 67, 68, 70, 71, 72, 73, 74, 75, 77, 78, 79, 80, 83, 86, 87, 88, 91, 95, 96, 97, 98, 99, 100, 101, 102, 104]",70,False,4.698763748989034e-05,-5.2846013617942515e-09,1.566430736375071e-05,40.0
F8,516,516,420,96,663,0.813953488372093,0.3878116343490305,0.525328330206379,cao2018,S12/060710_1m,all_channel,mean,mean__all_channel__F8,32,105,"[0, 1, 3, 4, 5, 6, 7, 8, 9, 12, 13, 14, 15, 16, 17, 20, 21, 22, 25, 26, 27, 28, 29, 30, 31, 32, 35, 38, 42, 43, 44, 45, 46, 47, 48, 49, 50, 56, 59, 61, 62, 63, 64, 65, 67, 68, 70, 71, 72, 73, 74, 75, 77, 78, 79, 80, 83, 86, 87, 88, 91, 95, 96, 97, 98, 99, 100, 101, 102, 104]",70,False,5.129864104754422e-05,-8.572033593702042e-09,1.7102404360379307e-05,40.0
F3,648,648,441,207,642,0.6805555555555556,0.407202216066482,0.509532062391681,cao2018,S12/060710_1m,all_channel,mean,mean__all_channel__F3,32,105,"[0, 1, 3, 4, 5, 6, 7, 8, 9, 12, 13, 14, 15, 16, 17, 20, 21, 22, 25, 26, 27, 28, 29, 30, 31, 32, 35, 38, 42, 43, 44, 45, 46, 47, 48, 49, 50, 56, 59, 61, 62, 63, 64, 65, 67, 68, 70, 71, 72, 73, 74, 75, 77, 78, 79, 80, 83, 86, 87, 88, 91, 95, 96, 97, 98, 99, 100, 101, 102, 104]",70,False,4.466723409768705e-05,3.212482701011398e-09,1.4888007204995346e-05,40.0
F7,567,567,364,203,719,0.6419753086419753,0.3361034164358264,0.4412121212121212,cao2018,S12/060710_1m,all_channel,mean,mean__all_channel__F7,32,105,"[0, 1, 3, 4, 5, 6, 7, 8, 9, 12, 13, 14, 15, 16, 17, 20, 21, 22, 25, 26, 27, 28, 29, 30, 31, 32, 35, 38, 42, 43, 44, 45, 46, 47, 48, 49, 50, 56, 59, 61, 62, 63, 64, 65, 67, 68, 70, 71, 72, 73, 74, 75, 77, 78, 79, 80, 83, 86, 87, 88, 91, 95, 96, 97, 98, 99, 100, 101, 102, 104]",70,False,5.256377328510831e-05,1.0238632210184666e-10,1.7521223632928735e-05,40.0
FC3,338,338,228,110,855,0.6745562130177515,0.21052631578947367,0.32090077410274453,cao2018,S12/060710_1m,all_channel,mean,mean__all_channel__FC3,32,105,"[0, 1, 3, 4, 5, 6, 7, 8, 9, 12, 13, 14, 15, 16, 17, 20, 21, 22, 25, 26, 27, 28, 29, 30, 31, 32, 35, 38, 42, 43, 44, 45, 46, 47, 48, 49, 50, 56, 59, 61, 62, 63, 64, 65, 67, 68, 70, 71, 72, 73, 74, 75, 77, 78, 79, 80, 83, 86, 87, 88, 91, 95, 96, 97, 98, 99, 100, 101, 102, 104]",70,False,3.709837695097823e-05,-1.9852381947664613e-09,1.2366787396391002e-05,40.0
FC4,263,263,212,51,871,0.8060836501901141,0.19575253924284394,0.3150074294205052,cao2018,S12/060710_1m,all_channel,mean,mean__all_channel__FC4,32,105,"[0, 1, 3, 4, 5, 6, 7, 8, 9, 12, 13, 14, 15, 16, 17, 20, 21, 22, 25, 26, 27, 28, 29, 30, 31, 32, 35, 38, 42, 43, 44, 45, 46, 47, 48, 49, 50, 56, 59, 61, 62, 63, 64, 65, 67, 68, 70, 71, 72, 73, 74, 75, 77, 78, 79, 80, 83, 86, 87, 88, 91, 95, 96, 97, 98, 99, 100, 101, 102, 104]",70,False,3.711104939281268e-05,-1.7501834707288117e-09,1.2370933192094471e-05,40.0
FCZ,206,206,148,58,935,0.7184466019417476,0.13665743305632502,0.22963537626066718,cao2018,S12/060710_1m,all_channel,mean,mean__all_channel__FCZ,32,105,"[0, 1, 3, 4, 5, 6, 7, 8, 9, 12, 13, 14, 15, 16, 17, 20, 21, 22, 25, 26, 27, 28, 29, 30, 31, 32, 35, 38, 42, 43, 44, 45, 46, 47, 48, 49, 50, 56, 59, 61, 62, 63, 64, 65, 67, 68, 70, 71, 72, 73, 74, 75, 77, 78, 79, 80, 83, 86, 87, 88, 91, 95, 96, 97, 98, 99, 100, 101, 102, 104]",70,False,3.7847152548990135e-05,1.9962817956251036e-09,1.2615052089064838e-05,40.0
C3,174,174,113,61,970,0.6494252873563219,0.10433979686057249,0.17979315831344472,cao2018,S12/060710_1m,all_channel,mean,mean__all_channel__C3,32,105,"[0, 1, 3, 4, 5, 6, 7, 8, 9, 12, 13, 14, 15, 16, 17, 20, 21, 22, 25, 26, 27, 28, 29, 30, 31, 32, 35, 38, 42, 43, 44, 45, 46, 47, 48, 49, 50, 56, 59, 61, 62, 63, 64, 65, 67, 68, 70, 71, 72, 73, 74, 75, 77, 78, 79, 80, 83, 86, 87, 88, 91, 95, 96, 97, 98, 99, 100, 101, 102, 104]",70,False,3.1697226786079585e-05,-2.916012959005487e-10,1.0565839462458495e-05,40.0
FT8,179,179,110,69,973,0.6145251396648045,0.10156971375807941,0.17432646592709983,cao2018,S12/060710_1m,all_channel,mean,mean__all_channel__FT8,32,105,"[0, 1, 3, 4, 5, 6, 7, 8, 9, 12, 13, 14, 15, 16, 17, 20, 21, 22, 25, 26, 27, 28, 29, 30, 31, 32, 35, 38, 42, 43, 44, 45, 46, 47, 48, 49, 50, 56, 59, 61, 62, 63, 64, 65, 67, 68, 70, 71, 72, 73, 74, 75, 77, 78, 79, 80, 83, 86, 87, 88, 91, 95, 96, 97, 98, 99, 100, 101, 102, 104]",70,False,3.690319603779474e-05,-6.25425743374898e-09,1.2303150098409497e-05,40.0
FT7,234,234,110,124,973,0.4700854700854701,0.10156971375807941,0.16704631738800302,cao2018,S12/060710_1m,all_channel,mean,mean__all_channel__FT7,32,105,"[0, 1, 3, 4, 5, 6, 7, 8, 9, 12, 13, 14, 15, 16, 17, 20, 21, 22, 25, 26, 27, 28, 29, 30, 31, 32, 35, 38, 42, 43, 44, 45, 46, 47, 48, 49, 50, 56, 59, 61, 62, 63, 64, 65, 67, 68, 70, 71, 72, 73, 74, 75, 77, 78, 79, 80, 83, 86, 87, 88, 91, 95, 96, 97, 98, 99, 100, 101, 102, 104]",70,False,3.661800474217096e-05,-3.5441556417110073e-09,1.2207182965937555e-05,40.0
C4,141,141,91,50,992,0.6453900709219859,0.0840258541089566,0.14869281045751637,cao2018,S12/060710_1m,all_channel,mean,mean__all_channel__C4,32,105,"[0, 1, 3, 4, 5, 6, 7, 8, 9, 12, 13, 14, 15, 16, 17, 20, 21, 22, 25, 26, 27, 28, 29, 30, 31, 32, 35, 38, 42, 43, 44, 45, 46, 47, 48, 49, 50, 56, 59, 61, 62, 63, 64, 65, 67, 68, 70, 71, 72, 73, 74, 75, 77, 78, 79, 80, 83, 86, 87, 88, 91, 95, 96, 97, 98, 99, 100, 101, 102, 104]",70,False,3.258505659960946e-05,-3.6395801685167585e-09,1.0862898726592658e-05,40.0
CP4,78,78,46,32,1037,0.5897435897435898,0.04247460757156048,0.07924203273040481,cao2018,S12/060710_1m,all_channel,mean,mean__all_channel__CP4,32,105,"[0, 1, 3, 4, 5, 6, 7, 8, 9, 12, 13, 14, 15, 16, 17, 20, 21, 22, 25, 26, 27, 28, 29, 30, 31, 32, 35, 38, 42, 43, 44, 45, 46, 47, 48, 49, 50, 56, 59, 61, 62, 63, 64, 65, 67, 68, 70, 71, 72, 73, 74, 75, 77, 78, 79, 80, 83, 86, 87, 88, 91, 95, 96, 97, 98, 99, 100, 101, 102, 104]",70,False,2.9418936732019065e-05,-6.48427276373304e-09,9.808473668260932e-06,40.0
T3,135,135,47,88,1036,0.34814814814814815,0.04339796860572484,0.07717569786535304,cao2018,S12/060710_1m,all_channel,mean,mean__all_channel__T3,32,105,"[0, 1, 3, 4, 5, 6, 7, 8, 9, 12, 13, 14, 15, 16, 17, 20, 21, 22, 25, 26, 27, 28, 29, 30, 31, 32, 35, 38, 42, 43, 44, 45, 46, 47, 48, 49, 50, 56, 59, 61, 62, 63, 64, 65, 67, 68, 70, 71, 72, 73, 74, 75, 77, 78, 79, 80, 83, 86, 87, 88, 91, 95, 96, 97, 98, 99, 100, 101, 102, 104]",70,False,3.157910379081929e-05,-5.583056337639746e-08,1.054497811806523e-05,40.0
T4,197,197,47,150,1036,0.23857868020304568,0.04339796860572484,0.07343750000000002,cao2018,S12/060710_1m,all_channel,mean,mean__all_channel__T4,32,105,"[0, 1, 3, 4, 5, 6, 7, 8, 9, 12, 13, 14, 15, 16, 17, 20, 21, 22, 25, 26, 27, 28, 29, 30, 31, 32, 35, 38, 42, 43, 44, 45, 46, 47, 48, 49, 50, 56, 59, 61, 62, 63, 64, 65, 67, 68, 70, 71, 72, 73, 74, 75, 77, 78, 79, 80, 83, 86, 87, 88, 91, 95, 96, 97, 98, 99, 100, 101, 102, 104]",70,False,3.6079350354104816e-05,-1.5630757413029734e-08,1.203166037050595e-05,40.0
CZ,86,86,42,44,1041,0.4883720930232558,0.038781163434903045,0.0718562874251497,cao2018,S12/060710_1m,all_channel,mean,mean__all_channel__CZ,32,105,"[0, 1, 3, 4, 5, 6, 7, 8, 9, 12, 13, 14, 15, 16, 17, 20, 21, 22, 25, 26, 27, 28, 29, 30, 31, 32, 35, 38, 42, 43, 44, 45, 46, 47, 48, 49, 50, 56, 59, 61, 62, 63, 64, 65, 67, 68, 70, 71, 72, 73, 74, 75, 77, 78, 79, 80, 83, 86, 87, 88, 91, 95, 96, 97, 98, 99, 100, 101, 102, 104]",70,False,3.428145102860889e-05,5.776795753305999e-09,1.1425224744285194e-05,40.0
CP3,81,81,41,40,1042,0.5061728395061729,0.03785780240073869,0.070446735395189,cao2018,S12/060710_1m,all_channel,mean,mean__all_channel__CP3,32,105,"[0, 1, 3, 4, 5, 6, 7, 8, 9, 12, 13, 14, 15, 16, 17, 20, 21, 22, 25, 26, 27, 28, 29, 30, 31, 32, 35, 38, 42, 43, 44, 45, 46, 47, 48, 49, 50, 56, 59, 61, 62, 63, 64, 65, 67, 68, 70, 71, 72, 73, 74, 75, 77, 78, 79, 80, 83, 86, 87, 88, 91, 95, 96, 97, 98, 99, 100, 101, 102, 104]",70,False,2.81886219879998e-05,8.505376139820087e-10,9.395923816795273e-06,40.0
P3,257,257,41,216,1042,0.15953307392996108,0.03785780240073869,0.06119402985074626,cao2018,S12/060710_1m,all_channel,mean,mean__all_channel__P3,32,105,"[0, 1, 3, 4, 5, 6, 7, 8, 9, 12, 13, 14, 15, 16, 17, 20, 21, 22, 25, 26, 27, 28, 29, 30, 31, 32, 35, 38, 42, 43, 44, 45, 46, 47, 48, 49, 50, 56, 59, 61, 62, 63, 64, 65, 67, 68, 70, 71, 72, 73, 74, 75, 77, 78, 79, 80, 83, 86, 87, 88, 91, 95, 96, 97, 98, 99, 100, 101, 102, 104]",70,False,3.214967691514923e-05,9.030868752009538e-11,1.0716528868820569e-05,40.0
P4,147,147,28,119,1055,0.19047619047619047,0.02585410895660203,0.04552845528455284,cao2018,S12/060710_1m,all_channel,mean,mean__all_channel__P4,32,105,"[0, 1, 3, 4, 5, 6, 7, 8, 9, 12, 13, 14, 15, 16, 17, 20, 21, 22, 25, 26, 27, 28, 29, 30, 31, 32, 35, 38, 42, 43, 44, 45, 46, 47, 48, 49, 50, 56, 59, 61, 62, 63, 64, 65, 67, 68, 70, 71, 72, 73, 74, 75, 77, 78, 79, 80, 83, 86, 87, 88, 91, 95, 96, 97, 98, 99, 100, 101, 102, 104]",70,False,3.327528939413194e-05,-9.059663865199953e-09,1.109478301933238e-05,40.0
CPZ,47,47,25,22,1058,0.5319148936170213,0.023084025854108958,0.04424778761061947,cao2018,S12/060710_1m,all_channel,mean,mean__all_channel__CPZ,32,105,"[0, 1, 3, 4, 5, 6, 7, 8, 9, 12, 13, 14, 15, 16, 17, 20, 21, 22, 25, 26, 27, 28, 29, 30, 31, 32, 35, 38, 42, 43, 44, 45, 46, 47, 48, 49, 50, 56, 59, 61, 62, 63, 64, 65, 67, 68, 70, 71, 72, 73, 74, 75, 77, 78, 79, 80, 83, 86, 87, 88, 91, 95, 96, 97, 98, 99, 100, 101, 102, 104]",70,False,3.0352707800738952e-05,-1.0922695271153325e-09,1.0117933356755355e-05,40.0
TP8,102,102,25,77,1058,0.24509803921568626,0.023084025854108958,0.04219409282700422,cao2018,S12/060710_1m,all_channel,mean,mean__all_channel__TP8,32,105,"[0, 1, 3, 4, 5, 6, 7, 8, 9, 12, 13, 14, 15, 16, 17, 20, 21, 22, 25, 26, 27, 28, 29, 30, 31, 32, 35, 38, 42, 43, 44, 45, 46, 47, 48, 49, 50, 56, 59, 61, 62, 63, 64, 65, 67, 68, 70, 71, 72, 73, 74, 75, 77, 78, 79, 80, 83, 86, 87, 88, 91, 95, 96, 97, 98, 99, 100, 101, 102, 104]",70,False,2.599726207316082e-05,-1.7008931854695186e-08,8.671423668338505e-06,40.0
O1,206,206,27,179,1056,0.13106796116504854,0.024930747922437674,0.04189294026377036,cao2018,S12/060710_1m,all_channel,mean,mean__all_channel__O1,32,105,"[0, 1, 3, 4, 5, 6, 7, 8, 9, 12, 13, 14, 15, 16, 17, 20, 21, 22, 25, 26, 27, 28, 29, 30, 31, 32, 35, 38, 42, 43, 44, 45, 46, 47, 48, 49, 50, 56, 59, 61, 62, 63, 64, 65, 67, 68, 70, 71, 72, 73, 74, 75, 77, 78, 79, 80, 83, 86, 87, 88, 91, 95, 96, 97, 98, 99, 100, 101, 102, 104]",70,False,2.520188037323562e-05,-3.0410450261477623e-09,8.401640472753923e-06,40.0
T5,113,113,21,92,1062,0.18584070796460178,0.019390581717451522,0.03511705685618729,cao2018,S12/060710_1m,all_channel,mean,mean__all_channel__T5,32,105,"[0, 1, 3, 4, 5, 6, 7, 8, 9, 12, 13, 14, 15, 16, 17, 20, 21, 22, 25, 26, 27, 28, 29, 30, 31, 32, 35, 38, 42, 43, 44, 45, 46, 47, 48, 49, 50, 56, 59, 61, 62, 63, 64, 65, 67, 68, 70, 71, 72, 73, 74, 75, 77, 78, 79, 80, 83, 86, 87, 88, 91, 95, 96, 97, 98, 99, 100, 101, 102, 104]",70,False,1.690233675730951e-05,5.257385900570734e-09,5.6323597904696456e-06,40.0
TP7,117,117,20,97,1063,0.17094017094017094,0.018467220683287166,0.03333333333333334,cao2018,S12/060710_1m,all_channel,mean,mean__all_channel__TP7,32,105,"[0, 1, 3, 4, 5, 6, 7, 8, 9, 12, 13, 14, 15, 16, 17, 20, 21, 22, 25, 26, 27, 28, 29, 30, 31, 32, 35, 38, 42, 43, 44, 45, 46, 47, 48, 49, 50, 56, 59, 61, 62, 63, 64, 65, 67, 68, 70, 71, 72, 73, 74, 75, 77, 78, 79, 80, 83, 86, 87, 88, 91, 95, 96, 97, 98, 99, 100, 101, 102, 104]",70,False,1.7152506464050143e-05,5.466743142383649e-09,5.715679906969253e-06,40.0
O2,127,127,17,110,1066,0.13385826771653545,0.01569713758079409,0.028099173553719006,cao2018,S12/060710_1m,all_channel,mean,mean__all_channel__O2,32,105,"[0, 1, 3, 4, 5, 6, 7, 8, 9, 12, 13, 14, 15, 16, 17, 20, 21, 22, 25, 26, 27, 28, 29, 30, 31, 32, 35, 38, 42, 43, 44, 45, 46, 47, 48, 49, 50, 56, 59, 61, 62, 63, 64, 65, 67, 68, 70, 71, 72, 73, 74, 75, 77, 78, 79, 80, 83, 86, 87, 88, 91, 95, 96, 97, 98, 99, 100, 101, 102, 104]",70,False,2.4637535146142353e-05,-1.0141247034708673e-08,8.215892131059021e-06,40.0
PZ,37,37,14,23,1069,0.3783783783783784,0.012927054478301015,0.024999999999999998,cao2018,S12/060710_1m,all_channel,mean,mean__all_channel__PZ,32,105,"[0, 1, 3, 4, 5, 6, 7, 8, 9, 12, 13, 14, 15, 16, 17, 20, 21, 22, 25, 26, 27, 28, 29, 30, 31, 32, 35, 38, 42, 43, 44, 45, 46, 47, 48, 49, 50, 56, 59, 61, 62, 63, 64, 65, 67, 68, 70, 71, 72, 73, 74, 75, 77, 78, 79, 80, 83, 86, 87, 88, 91, 95, 96, 97, 98, 99, 100, 101, 102, 104]",70,False,3.0176825634907617e-05,-1.827693424032314e-09,1.0059551109443882e-05,40.0
A1,121,121,14,107,1069,0.11570247933884298,0.012927054478301015,0.023255813953488375,cao2018,S12/060710_1m,all_channel,mean,mean__all_channel__A1,32,105,"[0, 1, 3, 4, 5, 6, 7, 8, 9, 12, 13, 14, 15, 16, 17, 20, 21, 22, 25, 26, 27, 28, 29, 30, 31, 32, 35, 38, 42, 43, 44, 45, 46, 47, 48, 49, 50, 56, 59, 61, 62, 63, 64, 65, 67, 68, 70, 71, 72, 73, 74, 75, 77, 78, 79, 80, 83, 86, 87, 88, 91, 95, 96, 97, 98, 99, 100, 101, 102, 104]",70,False,1.4792519582959445e-05,1.6729510061380872e-08,4.925263357632688e-06,40.0
OZ,78,78,12,66,1071,0.15384615384615385,0.0110803324099723,0.020671834625323,cao2018,S12/060710_1m,all_channel,mean,mean__all_channel__OZ,32,105,"[0, 1, 3, 4, 5, 6, 7, 8, 9, 12, 13, 14, 15, 16, 17, 20, 21, 22, 25, 26, 27, 28, 29, 30, 31, 32, 35, 38, 42, 43, 44, 45, 46, 47, 48, 49, 50, 56, 59, 61, 62, 63, 64, 65, 67, 68, 70, 71, 72, 73, 74, 75, 77, 78, 79, 80, 83, 86, 87, 88, 91, 95, 96, 97, 98, 99, 100, 101, 102, 104]",70,False,2.0132639376992973e-05,-2.4703058155706417e-09,6.711703227602848e-06,40.0
A2,35,35,10,25,1073,0.2857142857142857,0.009233610341643583,0.017889087656529516,cao2018,S12/060710_1m,all_channel,mean,mean__all_channel__A2,32,105,"[0, 1, 3, 4, 5, 6, 7, 8, 9, 12, 13, 14, 15, 16, 17, 20, 21, 22, 25, 26, 27, 28, 29, 30, 31, 32, 35, 38, 42, 43, 44, 45, 46, 47, 48, 49, 50, 56, 59, 61, 62, 63, 64, 65, 67, 68, 70, 71, 72, 73, 74, 75, 77, 78, 79, 80, 83, 86, 87, 88, 91, 95, 96, 97, 98, 99, 100, 101, 102, 104]",70,False,1.4756776362029768e-05,-1.6747468721948926e-08,4.924507943583905e-06,40.0
T6,30,30,7,23,1076,0.23333333333333334,0.006463527239150508,0.012578616352201259,cao2018,S12/060710_1m,all_channel,mean,mean__all_channel__T6,32,105,"[0, 1, 3, 4, 5, 6, 7, 8, 9, 12, 13, 14, 15, 16, 17, 20, 21, 22, 25, 26, 27, 28, 29, 30, 31, 32, 35, 38, 42, 43, 44, 45, 46, 47, 48, 49, 50, 56, 59, 61, 62, 63, 64, 65, 67, 68, 70, 71, 72, 73, 74, 75, 77, 78, 79, 80, 83, 86, 87, 88, 91, 95, 96, 97, 98, 99, 100, 101, 102, 104]",70,False,2.4680935348360384e-05,-1.656125176588793e-08,8.232498866708758e-06,40.0
FP2,1078,1078,827,251,256,0.7671614100185529,0.7636195752539243,0.7653863951874132,cao2018,S12/060710_1m,frontal,median,median__frontal__FP2,4,105,"[12, 13, 14, 15, 21, 25, 28, 32, 35, 83, 99, 100, 101, 102, 104]",15,False,8.054380136924554e-05,-3.5308992197949804e-06,2.802490019634684e-05,40.0
FP1,1054,1054,801,253,282,0.7599620493358634,0.739612188365651,0.7496490407112776,cao2018,S12/060710_1m,frontal,median,median__frontal__FP1,4,105,"[12, 13, 14, 15, 21, 25, 28, 32, 35, 83, 99, 100, 101, 102, 104]",15,False,8.834644492847751e-05,-4.731300821361882e-06,3.1025915249946465e-05,40.0
F4,393,393,297,96,786,0.7557251908396947,0.2742382271468144,0.40243902439024387,cao2018,S12/060710_1m,frontal,median,median__frontal__F4,4,105,"[12, 13, 14, 15, 21, 25, 28, 32, 35, 83, 99, 100, 101, 102, 104]",15,False,5.416995433534146e-05,-2.092775564327887e-06,1.8754243299889784e-05,40.0
F3,307,307,201,106,882,0.6547231270358306,0.18559556786703602,0.2892086330935252,cao2018,S12/060710_1m,frontal,median,median__frontal__F3,4,105,"[12, 13, 14, 15, 21, 25, 28, 32, 35, 83, 99, 100, 101, 102, 104]",15,False,5.508975400853206e-05,-1.5704338758026217e-06,1.8886729294778226e-05,40.0
FP2,1022,1022,799,223,284,0.7818003913894325,0.7377654662973222,0.759144893111639,cao2018,S12/060710_1m,frontal,mean,mean__frontal__FP2,4,105,"[12, 13, 14, 15, 21, 25, 28, 32, 35, 83, 99, 100, 101, 102, 104]",15,False,8.420446551533975e-05,1.297649262992242e-07,2.802490019634684e-05,40.0
FP1,975,975,750,225,333,0.7692307692307693,0.6925207756232687,0.728862973760933,cao2018,S12/060710_1m,frontal,mean,mean__frontal__FP1,4,105,"[12, 13, 14, 15, 21, 25, 28, 32, 35, 83, 99, 100, 101, 102, 104]",15,False,9.312725364332082e-05,4.9507893481427366e-08,3.1025915249946465e-05,40.0
F4,345,345,259,86,824,0.7507246376811594,0.23915050784856878,0.3627450980392157,cao2018,S12/060710_1m,frontal,mean,mean__frontal__F4,4,105,"[12, 13, 14, 15, 21, 25, 28, 32, 35, 83, 99, 100, 101, 102, 104]",15,False,5.628387207006034e-05,2.1142170390994074e-08,1.8754243299889784e-05,40.0
F3,270,270,173,97,910,0.6407407407407407,0.15974145891043398,0.2557280118255728,cao2018,S12/060710_1m,frontal,mean,mean__frontal__F3,4,105,"[12, 13, 14, 15, 21, 25, 28, 32, 35, 83, 99, 100, 101, 102, 104]",15,False,5.670252529753844e-05,4.233741320376013e-08,1.8886729294778226e-05,40.0
FP1,940,940,730,210,353,0.776595744680851,0.6740535549399815,0.7217004448838359,cao2018,S12/060710_1m,frontal_left,median,median__frontal_left__FP1,2,105,"[12, 13, 14, 15, 21, 25, 28, 99, 100, 102]",10,False,9.552576124607162e-05,-4.889246299066375e-06,3.3471669181712666e-05,40.0
F3,220,220,141,79,942,0.6409090909090909,0.13019390581717452,0.21642363775901766,cao2018,S12/060710_1m,frontal_left,median,median__frontal_left__F3,2,105,"[12, 13, 14, 15, 21, 25, 28, 99, 100, 102]",10,False,5.9293183824839475e-05,-1.4691825716248658e-06,2.0254122132154782e-05,40.0
FP1,863,863,684,179,399,0.7925840092699884,0.631578947368421,0.7029804727646455,cao2018,S12/060710_1m,frontal_left,mean,mean__frontal_left__FP1,2,105,"[12, 13, 14, 15, 21, 25, 28, 99, 100, 102]",10,False,0.00010044110454758601,2.609700244801858e-08,3.3471669181712666e-05,40.0
F3,194,194,123,71,960,0.634020618556701,0.11357340720221606,0.1926389976507439,cao2018,S12/060710_1m,frontal_left,mean,mean__frontal_left__F3,2,105,"[12, 13, 14, 15, 21, 25, 28, 99, 100, 102]",10,False,6.0809718967311244e-05,4.735257084690082e-08,2.0254122132154782e-05,40.0
FP2,1078,1078,827,251,256,0.7671614100185529,0.7636195752539243,0.7653863951874132,cao2018,S12/060710_1m,frontal_right,median,median__frontal_right__FP2,2,105,"[12, 13, 14, 15, 21, 25, 28, 32, 35, 83, 99, 100, 101, 102, 104]",15,False,8.054380136924554e-05,-3.5308992197949804e-06,2.802490019634684e-05,40.0
F4,393,393,297,96,786,0.7557251908396947,0.2742382271468144,0.40243902439024387,cao2018,S12/060710_1m,frontal_right,median,median__frontal_right__F4,2,105,"[12, 13, 14, 15, 21, 25, 28, 32, 35, 83, 99, 100, 101, 102, 104]",15,False,5.416995433534146e-05,-2.092775564327887e-06,1.8754243299889784e-05,40.0
FP2,1022,1022,799,223,284,0.7818003913894325,0.7377654662973222,0.759144893111639,cao2018,S12/060710_1m,frontal_right,mean,mean__frontal_right__FP2,2,105,"[12, 13, 14, 15, 21, 25, 28, 32, 35, 83, 99, 100, 101, 102, 104]",15,False,8.420446551533975e-05,1.297649262992242e-07,2.802490019634684e-05,40.0
F4,345,345,259,86,824,0.7507246376811594,0.23915050784856878,0.3627450980392157,cao2018,S12/060710_1m,frontal_right,mean,mean__frontal_right__F4,2,105,"[12, 13, 14, 15, 21, 25, 28, 32, 35, 83, 99, 100, 101, 102, 104]",15,False,5.628387207006034e-05,2.1142170390994074e-08,1.8754243299889784e-05,40.0
FP2,1364,1364,957,407,126,0.7016129032258065,0.8836565096952909,0.7821822639967307,cao2018,S12/060710_1m,all_channel,median,median__all_channel__FP2,32,84,"[0, 2, 3, 4, 5, 7, 9, 10, 11, 12, 16, 17, 20, 21, 22, 23, 24, 25, 30, 34, 35, 36, 37, 38, 40, 49, 50, 52, 59, 60, 61, 62, 63, 64, 70, 77, 79, 80, 81, 82]",40,False,6.62041406006133e-05,-3.808851344060748e-06,2.3337663981558012e-05,50.0
FP1,1400,1400,969,431,114,0.6921428571428572,0.8947368421052632,0.7805074506645188,cao2018,S12/060710_1m,all_channel,median,median__all_channel__FP1,32,84,"[0, 2, 3, 4, 5, 7, 9, 10, 11, 12, 16, 17, 20, 21, 22, 23, 24, 25, 30, 34, 35, 36, 37, 38, 40, 49, 50, 52, 59, 60, 61, 62, 63, 64, 70, 77, 79, 80, 81, 82]",40,False,6.95916766388458e-05,-4.004913485853562e-06,2.4532196708233122e-05,50.0
FZ,677,677,499,178,584,0.7370753323485968,0.46075715604801476,0.5670454545454545,cao2018,S12/060710_1m,all_channel,median,median__all_channel__FZ,32,84,"[0, 2, 3, 4, 5, 7, 9, 10, 11, 12, 16, 17, 20, 21, 22, 23, 24, 25, 30, 34, 35, 36, 37, 38, 40, 49, 50, 52, 59, 60, 61, 62, 63, 64, 70, 77, 79, 80, 81, 82]",40,False,4.123657677965739e-05,-1.6278041235536982e-06,1.428812696773703e-05,50.0
F4,590,590,443,147,640,0.7508474576271187,0.4090489381348107,0.529587567244471,cao2018,S12/060710_1m,all_channel,median,median__all_channel__F4,32,84,"[0, 2, 3, 4, 5, 7, 9, 10, 11, 12, 16, 17, 20, 21, 22, 23, 24, 25, 30, 34, 35, 36, 37, 38, 40, 49, 50, 52, 59, 60, 61, 62, 63, 64, 70, 77, 79, 80, 81, 82]",40,False,4.742734298620856e-05,-1.710693287035065e-06,1.637934542441454e-05,50.0
F8,495,495,406,89,677,0.8202020202020202,0.37488457987072943,0.5145754119138148,cao2018,S12/060710_1m,all_channel,median,median__all_channel__F8,32,84,"[0, 2, 3, 4, 5, 7, 9, 10, 11, 12, 16, 17, 20, 21, 22, 23, 24, 25, 30, 34, 35, 36, 37, 38, 40, 49, 50, 52, 59, 60, 61, 62, 63, 64, 70, 77, 79, 80, 81, 82]",40,False,5.222296789281447e-05,-1.3074183156309434e-06,1.7843462069481803e-05,50.0
F3,633,633,429,204,654,0.6777251184834123,0.3961218836565097,0.5,cao2018,S12/060710_1m,all_channel,median,median__all_channel__F3,32,84,"[0, 2, 3, 4, 5, 7, 9, 10, 11, 12, 16, 17, 20, 21, 22, 23, 24, 25, 30, 34, 35, 36, 37, 38, 40, 49, 50, 52, 59, 60, 61, 62, 63, 64, 70, 77, 79, 80, 81, 82]",40,False,4.5342120368721115e-05,-1.4823210872622991e-06,1.560814715199447e-05,50.0
F7,558,558,359,199,724,0.6433691756272402,0.3314866112650046,0.4375380865326021,cao2018,S12/060710_1m,all_channel,median,median__all_channel__F7,32,84,"[0, 2, 3, 4, 5, 7, 9, 10, 11, 12, 16, 17, 20, 21, 22, 23, 24, 25, 30, 34, 35, 36, 37, 38, 40, 49, 50, 52, 59, 60, 61, 62, 63, 64, 70, 77, 79, 80, 81, 82]",40,False,5.2769514999273975e-05,-1.4530109226085944e-06,1.807417530729419e-05,50.0
FC3,352,352,238,114,845,0.6761363636363636,0.21975992613111728,0.33170731707317075,cao2018,S12/060710_1m,all_channel,median,median__all_channel__FC3,32,84,"[0, 2, 3, 4, 5, 7, 9, 10, 11, 12, 16, 17, 20, 21, 22, 23, 24, 25, 30, 34, 35, 36, 37, 38, 40, 49, 50, 52, 59, 60, 61, 62, 63, 64, 70, 77, 79, 80, 81, 82]",40,False,3.70232313048222e-05,-9.865453191969125e-07,1.2669925541339704e-05,50.0
FC4,266,266,212,54,871,0.7969924812030075,0.19575253924284394,0.31430689399555223,cao2018,S12/060710_1m,all_channel,median,median__all_channel__FC4,32,84,"[0, 2, 3, 4, 5, 7, 9, 10, 11, 12, 16, 17, 20, 21, 22, 23, 24, 25, 30, 34, 35, 36, 37, 38, 40, 49, 50, 52, 59, 60, 61, 62, 63, 64, 70, 77, 79, 80, 81, 82]",40,False,3.698249496226544e-05,-9.759009056650492e-07,1.2652798622643496e-05,50.0
FCZ,211,211,151,60,932,0.7156398104265402,0.1394275161588181,0.23338485316846985,cao2018,S12/060710_1m,all_channel,median,median__all_channel__FCZ,32,84,"[0, 2, 3, 4, 5, 7, 9, 10, 11, 12, 16, 17, 20, 21, 22, 23, 24, 25, 30, 34, 35, 36, 37, 38, 40, 49, 50, 52, 59, 60, 61, 62, 63, 64, 70, 77, 79, 80, 81, 82]",40,False,3.7670131561701634e-05,-9.412839474533971e-07,1.287047183638501e-05,50.0
C3,177,177,116,61,967,0.655367231638418,0.10710987996306556,0.18412698412698414,cao2018,S12/060710_1m,all_channel,median,median__all_channel__C3,32,84,"[0, 2, 3, 4, 5, 7, 9, 10, 11, 12, 16, 17, 20, 21, 22, 23, 24, 25, 30, 34, 35, 36, 37, 38, 40, 49, 50, 52, 59, 60, 61, 62, 63, 64, 70, 77, 79, 80, 81, 82]",40,False,3.157063517205195e-05,-6.825882655248734e-07,1.0751074479192275e-05,50.0
FT8,174,174,109,65,974,0.6264367816091954,0.10064635272391505,0.17342879872712808,cao2018,S12/060710_1m,all_channel,median,median__all_channel__FT8,32,84,"[0, 2, 3, 4, 5, 7, 9, 10, 11, 12, 16, 17, 20, 21, 22, 23, 24, 25, 30, 34, 35, 36, 37, 38, 40, 49, 50, 52, 59, 60, 61, 62, 63, 64, 70, 77, 79, 80, 81, 82]",40,False,3.750706197901484e-05,-4.7105545411380773e-07,1.2659372477709551e-05,50.0
FT7,220,220,108,112,975,0.4909090909090909,0.0997229916897507,0.16577129700690715,cao2018,S12/060710_1m,all_channel,median,median__all_channel__FT7,32,84,"[0, 2, 3, 4, 5, 7, 9, 10, 11, 12, 16, 17, 20, 21, 22, 23, 24, 25, 30, 34, 35, 36, 37, 38, 40, 49, 50, 52, 59, 60, 61, 62, 63, 64, 70, 77, 79, 80, 81, 82]",40,False,3.731608484387897e-05,-4.527135283696119e-07,1.2589599457416194e-05,50.0
C4,143,143,92,51,991,0.6433566433566433,0.08494921514312095,0.1500815660685155,cao2018,S12/060710_1m,all_channel,median,median__all_channel__C4,32,84,"[0, 2, 3, 4, 5, 7, 9, 10, 11, 12, 16, 17, 20, 21, 22, 23, 24, 25, 30, 34, 35, 36, 37, 38, 40, 49, 50, 52, 59, 60, 61, 62, 63, 64, 70, 77, 79, 80, 81, 82]",40,False,3.26397707212289e-05,-6.762246473701747e-07,1.1105331789533025e-05,50.0
CP3,90,90,45,45,1038,0.5,0.04155124653739612,0.07672634271099743,cao2018,S12/060710_1m,all_channel,median,median__all_channel__CP3,32,84,"[0, 2, 3, 4, 5, 7, 9, 10, 11, 12, 16, 17, 20, 21, 22, 23, 24, 25, 30, 34, 35, 36, 37, 38, 40, 49, 50, 52, 59, 60, 61, 62, 63, 64, 70, 77, 79, 80, 81, 82]",40,False,2.806201028430478e-05,-3.5218510060768864e-07,9.47139846163749e-06,50.0
CZ,93,93,45,48,1038,0.4838709677419355,0.04155124653739612,0.07653061224489796,cao2018,S12/060710_1m,all_channel,median,median__all_channel__CZ,32,84,"[0, 2, 3, 4, 5, 7, 9, 10, 11, 12, 16, 17, 20, 21, 22, 23, 24, 25, 30, 34, 35, 36, 37, 38, 40, 49, 50, 52, 59, 60, 61, 62, 63, 64, 70, 77, 79, 80, 81, 82]",40,False,3.4087004028301754e-05,-5.756005581926328e-07,1.1554201528831463e-05,50.0
CP4,75,75,44,31,1039,0.5866666666666667,0.040627885503231764,0.07599309153713298,cao2018,S12/060710_1m,all_channel,median,median__all_channel__CP4,32,84,"[0, 2, 3, 4, 5, 7, 9, 10, 11, 12, 16, 17, 20, 21, 22, 23, 24, 25, 30, 34, 35, 36, 37, 38, 40, 49, 50, 52, 59, 60, 61, 62, 63, 64, 70, 77, 79, 80, 81, 82]",40,False,2.9772342408138642e-05,-3.939950148580819e-07,1.0055445807665575e-05,50.0
T4,192,192,44,148,1039,0.22916666666666666,0.040627885503231764,0.06901960784313725,cao2018,S12/060710_1m,all_channel,median,median__all_channel__T4,32,84,"[0, 2, 3, 4, 5, 7, 9, 10, 11, 12, 16, 17, 20, 21, 22, 23, 24, 25, 30, 34, 35, 36, 37, 38, 40, 49, 50, 52, 59, 60, 61, 62, 63, 64, 70, 77, 79, 80, 81, 82]",40,False,3.672245515679309e-05,2.4758458596895503e-07,1.2158290190274713e-05,50.0
T3,111,111,41,70,1042,0.36936936936936937,0.03785780240073869,0.06867671691792294,cao2018,S12/060710_1m,all_channel,median,median__all_channel__T3,32,84,"[0, 2, 3, 4, 5, 7, 9, 10, 11, 12, 16, 17, 20, 21, 22, 23, 24, 25, 30, 34, 35, 36, 37, 38, 40, 49, 50, 52, 59, 60, 61, 62, 63, 64, 70, 77, 79, 80, 81, 82]",40,False,3.2742053528942834e-05,1.8512343631794676e-07,1.0852310030874963e-05,50.0
P3,285,285,45,240,1038,0.15789473684210525,0.04155124653739612,0.06578947368421052,cao2018,S12/060710_1m,all_channel,median,median__all_channel__P3,32,84,"[0, 2, 3, 4, 5, 7, 9, 10, 11, 12, 16, 17, 20, 21, 22, 23, 24, 25, 30, 34, 35, 36, 37, 38, 40, 49, 50, 52, 59, 60, 61, 62, 63, 64, 70, 77, 79, 80, 81, 82]",40,False,3.13662576835944e-05,-3.858045466409537e-07,1.0584020743411784e-05,50.0
P4,164,164,32,132,1051,0.1951219512195122,0.029547553093259463,0.05132317562149158,cao2018,S12/060710_1m,all_channel,median,median__all_channel__P4,32,84,"[0, 2, 3, 4, 5, 7, 9, 10, 11, 12, 16, 17, 20, 21, 22, 23, 24, 25, 30, 34, 35, 36, 37, 38, 40, 49, 50, 52, 59, 60, 61, 62, 63, 64, 70, 77, 79, 80, 81, 82]",40,False,3.264218945186173e-05,-4.211401947631057e-07,1.1021109882208277e-05,50.0
TP8,96,96,27,69,1056,0.28125,0.024930747922437674,0.04580152671755726,cao2018,S12/060710_1m,all_channel,median,median__all_channel__TP8,32,84,"[0, 2, 3, 4, 5, 7, 9, 10, 11, 12, 16, 17, 20, 21, 22, 23, 24, 25, 30, 34, 35, 36, 37, 38, 40, 49, 50, 52, 59, 60, 61, 62, 63, 64, 70, 77, 79, 80, 81, 82]",40,False,2.650946075824316e-05,1.1258430314597048e-08,8.832734109309521e-06,50.0
CPZ,48,48,25,23,1058,0.5208333333333334,0.023084025854108958,0.04420866489832007,cao2018,S12/060710_1m,all_channel,median,median__all_channel__CPZ,32,84,"[0, 2, 3, 4, 5, 7, 9, 10, 11, 12, 16, 17, 20, 21, 22, 23, 24, 25, 30, 34, 35, 36, 37, 38, 40, 49, 50, 52, 59, 60, 61, 62, 63, 64, 70, 77, 79, 80, 81, 82]",40,False,3.0271673471928635e-05,-3.646446592082811e-07,1.0212106043712306e-05,50.0
O1,184,184,24,160,1059,0.13043478260869565,0.0221606648199446,0.03788476716653512,cao2018,S12/060710_1m,all_channel,median,median__all_channel__O1,32,84,"[0, 2, 3, 4, 5, 7, 9, 10, 11, 12, 16, 17, 20, 21, 22, 23, 24, 25, 30, 34, 35, 36, 37, 38, 40, 49, 50, 52, 59, 60, 61, 62, 63, 64, 70, 77, 79, 80, 81, 82]",40,False,2.5832759226128407e-05,3.7892429228228666e-07,8.484611644615373e-06,50.0
T5,100,100,19,81,1064,0.19,0.017543859649122806,0.032121724429416736,cao2018,S12/060710_1m,all_channel,median,median__all_channel__T5,32,84,"[0, 2, 3, 4, 5, 7, 9, 10, 11, 12, 16, 17, 20, 21, 22, 23, 24, 25, 30, 34, 35, 36, 37, 38, 40, 49, 50, 52, 59, 60, 61, 62, 63, 64, 70, 77, 79, 80, 81, 82]",40,False,1.7578697342976376e-05,1.614811216352722e-07,5.805738740447035e-06,50.0
TP7,104,104,19,85,1064,0.18269230769230768,0.017543859649122806,0.03201347935973041,cao2018,S12/060710_1m,all_channel,median,median__all_channel__TP7,32,84,"[0, 2, 3, 4, 5, 7, 9, 10, 11, 12, 16, 17, 20, 21, 22, 23, 24, 25, 30, 34, 35, 36, 37, 38, 40, 49, 50, 52, 59, 60, 61, 62, 63, 64, 70, 77, 79, 80, 81, 82]",40,False,1.780757181800364e-05,1.7064155634471965e-07,5.878976753886306e-06,50.0
O2,118,118,17,101,1066,0.1440677966101695,0.01569713758079409,0.028309741881765195,cao2018,S12/060710_1m,all_channel,median,median__all_channel__O2,32,84,"[0, 2, 3, 4, 5, 7, 9, 10, 11, 12, 16, 17, 20, 21, 22, 23, 24, 25, 30, 34, 35, 36, 37, 38, 40, 49, 50, 52, 59, 60, 61, 62, 63, 64, 70, 77, 79, 80, 81, 82]",40,False,2.5316296190699906e-05,2.3190070946335946e-07,8.361465160412182e-06,50.0
PZ,38,38,15,23,1068,0.39473684210526316,0.013850415512465374,0.026761819803746655,cao2018,S12/060710_1m,all_channel,median,median__all_channel__PZ,32,84,"[0, 2, 3, 4, 5, 7, 9, 10, 11, 12, 16, 17, 20, 21, 22, 23, 24, 25, 30, 34, 35, 36, 37, 38, 40, 49, 50, 52, 59, 60, 61, 62, 63, 64, 70, 77, 79, 80, 81, 82]",40,False,2.9876888804805728e-05,-2.2825815351074406e-07,1.003504898610549e-05,50.0
A1,129,129,13,116,1070,0.10077519379844961,0.012003693444136657,0.02145214521452145,cao2018,S12/060710_1m,all_channel,median,median__all_channel__A1,32,84,"[0, 2, 3, 4, 5, 7, 9, 10, 11, 12, 16, 17, 20, 21, 22, 23, 24, 25, 30, 34, 35, 36, 37, 38, 40, 49, 50, 52, 59, 60, 61, 62, 63, 64, 70, 77, 79, 80, 81, 82]",40,False,1.4630090239512306e-05,-1.538860022773827e-07,4.927992080596563e-06,50.0
OZ,70,70,11,59,1072,0.15714285714285714,0.010156971375807941,0.019080659150043363,cao2018,S12/060710_1m,all_channel,median,median__all_channel__OZ,32,84,"[0, 2, 3, 4, 5, 7, 9, 10, 11, 12, 16, 17, 20, 21, 22, 23, 24, 25, 30, 34, 35, 36, 37, 38, 40, 49, 50, 52, 59, 60, 61, 62, 63, 64, 70, 77, 79, 80, 81, 82]",40,False,2.0451166557434285e-05,1.257034370718455e-07,6.775154373454146e-06,50.0
A2,36,36,9,27,1074,0.25,0.008310249307479225,0.016085790884718502,cao2018,S12/060710_1m,all_channel,median,median__all_channel__A2,32,84,"[0, 2, 3, 4, 5, 7, 9, 10, 11, 12, 16, 17, 20, 21, 22, 23, 24, 25, 30, 34, 35, 36, 37, 38, 40, 49, 50, 52, 59, 60, 61, 62, 63, 64, 70, 77, 79, 80, 81, 82]",40,False,1.493492603322103e-05,1.5374764297832378e-07,4.927059463414235e-06,50.0
T6,27,27,7,20,1076,0.25925925925925924,0.006463527239150508,0.012612612612612612,cao2018,S12/060710_1m,all_channel,median,median__all_channel__T6,32,84,"[0, 2, 3, 4, 5, 7, 9, 10, 11, 12, 16, 17, 20, 21, 22, 23, 24, 25, 30, 34, 35, 36, 37, 38, 40, 49, 50, 52, 59, 60, 61, 62, 63, 64, 70, 77, 79, 80, 81, 82]",40,False,2.4985547060329923e-05,-2.1047639062821626e-09,8.329217274745402e-06,50.0
FP1,1346,1346,948,398,135,0.7043090638930164,0.8753462603878116,0.7805681350349938,cao2018,S12/060710_1m,all_channel,mean,mean__all_channel__FP1,32,84,"[0, 2, 3, 4, 5, 7, 9, 10, 11, 12, 16, 17, 20, 21, 22, 23, 24, 25, 30, 34, 35, 36, 37, 38, 40, 49, 50, 52, 59, 60, 61, 62, 63, 64, 70, 77, 79, 80, 81, 82]",40,False,7.35314182397323e-05,-6.517188496707393e-08,2.4532196708233122e-05,50.0
FP2,1301,1301,929,372,154,0.7140661029976941,0.8578024007386889,0.7793624161073825,cao2018,S12/060710_1m,all_channel,mean,mean__all_channel__FP2,32,84,"[0, 2, 3, 4, 5, 7, 9, 10, 11, 12, 16, 17, 20, 21, 22, 23, 24, 25, 30, 34, 35, 36, 37, 38, 40, 49, 50, 52, 59, 60, 61, 62, 63, 64, 70, 77, 79, 80, 81, 82]",40,False,7.004149939452839e-05,2.8507449854343387e-08,2.3337663981558012e-05,50.0
FZ,606,606,450,156,633,0.7425742574257426,0.4155124653739612,0.5328596802841918,cao2018,S12/060710_1m,all_channel,mean,mean__all_channel__FZ,32,84,"[0, 2, 3, 4, 5, 7, 9, 10, 11, 12, 16, 17, 20, 21, 22, 23, 24, 25, 30, 34, 35, 36, 37, 38, 40, 49, 50, 52, 59, 60, 61, 62, 63, 64, 70, 77, 79, 80, 81, 82]",40,False,4.287929460373907e-05,1.491370052798269e-08,1.428812696773703e-05,50.0
F4,547,547,414,133,669,0.7568555758683729,0.38227146814404434,0.5079754601226993,cao2018,S12/060710_1m,all_channel,mean,mean__all_channel__F4,32,84,"[0, 2, 3, 4, 5, 7, 9, 10, 11, 12, 16, 17, 20, 21, 22, 23, 24, 25, 30, 34, 35, 36, 37, 38, 40, 49, 50, 52, 59, 60, 61, 62, 63, 64, 70, 77, 79, 80, 81, 82]",40,False,4.914430443796781e-05,6.268164724193938e-09,1.637934542441454e-05,50.0
F8,447,447,371,76,712,0.8299776286353467,0.3425669436749769,0.4849673202614379,cao2018,S12/060710_1m,all_channel,mean,mean__all_channel__F8,32,84,"[0, 2, 3, 4, 5, 7, 9, 10, 11, 12, 16, 17, 20, 21, 22, 23, 24, 25, 30, 34, 35, 36, 37, 38, 40, 49, 50, 52, 59, 60, 61, 62, 63, 64, 70, 77, 79, 80, 81, 82]",40,False,5.353985664607108e-05,9.47043762566623e-09,1.7843462069481803e-05,50.0
F3,570,570,384,186,699,0.6736842105263158,0.3545706371191136,0.4646098003629764,cao2018,S12/060710_1m,all_channel,mean,mean__all_channel__F3,32,84,"[0, 2, 3, 4, 5, 7, 9, 10, 11, 12, 16, 17, 20, 21, 22, 23, 24, 25, 30, 34, 35, 36, 37, 38, 40, 49, 50, 52, 59, 60, 61, 62, 63, 64, 70, 77, 79, 80, 81, 82]",40,False,4.6822638337167074e-05,-1.803118816337654e-09,1.560814715199447e-05,50.0
F7,512,512,332,180,751,0.6484375,0.30655586334256696,0.4163009404388715,cao2018,S12/060710_1m,all_channel,mean,mean__all_channel__F7,32,84,"[0, 2, 3, 4, 5, 7, 9, 10, 11, 12, 16, 17, 20, 21, 22, 23, 24, 25, 30, 34, 35, 36, 37, 38, 40, 49, 50, 52, 59, 60, 61, 62, 63, 64, 70, 77, 79, 80, 81, 82]",40,False,5.423173524714495e-05,9.209325262374566e-09,1.807417530729419e-05,50.0
FC3,300,300,209,91,874,0.6966666666666667,0.19298245614035087,0.30224150397686184,cao2018,S12/060710_1m,all_channel,mean,mean__all_channel__FC3,32,84,"[0, 2, 3, 4, 5, 7, 9, 10, 11, 12, 16, 17, 20, 21, 22, 23, 24, 25, 30, 34, 35, 36, 37, 38, 40, 49, 50, 52, 59, 60, 61, 62, 63, 64, 70, 77, 79, 80, 81, 82]",40,False,3.8017468025828154e-05,7.691401809045354e-09,1.2669925541339704e-05,50.0
FC4,238,238,193,45,890,0.8109243697478992,0.17820867959372114,0.2922028766086298,cao2018,S12/060710_1m,all_channel,mean,mean__all_channel__FC4,32,84,"[0, 2, 3, 4, 5, 7, 9, 10, 11, 12, 16, 17, 20, 21, 22, 23, 24, 25, 30, 34, 35, 36, 37, 38, 40, 49, 50, 52, 59, 60, 61, 62, 63, 64, 70, 77, 79, 80, 81, 82]",40,False,3.797010732142094e-05,1.1711453490452301e-08,1.2652798622643496e-05,50.0
FCZ,182,182,131,51,952,0.7197802197802198,0.12096029547553093,0.20711462450592888,cao2018,S12/060710_1m,all_channel,mean,mean__all_channel__FCZ,32,84,"[0, 2, 3, 4, 5, 7, 9, 10, 11, 12, 16, 17, 20, 21, 22, 23, 24, 25, 30, 34, 35, 36, 37, 38, 40, 49, 50, 52, 59, 60, 61, 62, 63, 64, 70, 77, 79, 80, 81, 82]",40,False,3.862155129143591e-05,1.0135782280883612e-08,1.287047183638501e-05,50.0
FT8,170,170,108,62,975,0.6352941176470588,0.0997229916897507,0.17238627294493217,cao2018,S12/060710_1m,all_channel,mean,mean__all_channel__FT8,32,84,"[0, 2, 3, 4, 5, 7, 9, 10, 11, 12, 16, 17, 20, 21, 22, 23, 24, 25, 30, 34, 35, 36, 37, 38, 40, 49, 50, 52, 59, 60, 61, 62, 63, 64, 70, 77, 79, 80, 81, 82]",40,False,3.7985419015072906e-05,7.301581944251952e-09,1.2659372477709551e-05,50.0
C3,161,161,107,54,976,0.6645962732919255,0.09879963065558633,0.17202572347266884,cao2018,S12/060710_1m,all_channel,mean,mean__all_channel__C3,32,84,"[0, 2, 3, 4, 5, 7, 9, 10, 11, 12, 16, 17, 20, 21, 22, 23, 24, 25, 30, 34, 35, 36, 37, 38, 40, 49, 50, 52, 59, 60, 61, 62, 63, 64, 70, 77, 79, 80, 81, 82]",40,False,3.226463863459184e-05,1.1415197015016265e-08,1.0751074479192275e-05,50.0
FT7,207,207,103,104,980,0.4975845410628019,0.0951061865189289,0.15968992248062014,cao2018,S12/060710_1m,all_channel,mean,mean__all_channel__FT7,32,84,"[0, 2, 3, 4, 5, 7, 9, 10, 11, 12, 16, 17, 20, 21, 22, 23, 24, 25, 30, 34, 35, 36, 37, 38, 40, 49, 50, 52, 59, 60, 61, 62, 63, 64, 70, 77, 79, 80, 81, 82]",40,False,3.7776086237718686e-05,7.287865470101167e-09,1.2589599457416194e-05,50.0
C4,124,124,76,48,1007,0.6129032258064516,0.07017543859649122,0.12593206296603146,cao2018,S12/060710_1m,all_channel,mean,mean__all_channel__C4,32,84,"[0, 2, 3, 4, 5, 7, 9, 10, 11, 12, 16, 17, 20, 21, 22, 23, 24, 25, 30, 34, 35, 36, 37, 38, 40, 49, 50, 52, 59, 60, 61, 62, 63, 64, 70, 77, 79, 80, 81, 82]",40,False,3.3321429333776066e-05,5.433965176989929e-09,1.1105331789533025e-05,50.0
CP4,68,68,42,26,1041,0.6176470588235294,0.038781163434903045,0.07298001737619461,cao2018,S12/060710_1m,all_channel,mean,mean__all_channel__CP4,32,84,"[0, 2, 3, 4, 5, 7, 9, 10, 11, 12, 16, 17, 20, 21, 22, 23, 24, 25, 30, 34, 35, 36, 37, 38, 40, 49, 50, 52, 59, 60, 61, 62, 63, 64, 70, 77, 79, 80, 81, 82]",40,False,3.017179092870937e-05,5.453505712645456e-09,1.0055445807665575e-05,50.0
T3,118,118,43,75,1040,0.3644067796610169,0.03970452446906741,0.07160699417152373,cao2018,S12/060710_1m,all_channel,mean,mean__all_channel__T3,32,84,"[0, 2, 3, 4, 5, 7, 9, 10, 11, 12, 16, 17, 20, 21, 22, 23, 24, 25, 30, 34, 35, 36, 37, 38, 40, 49, 50, 52, 59, 60, 61, 62, 63, 64, 70, 77, 79, 80, 81, 82]",40,False,3.2523487653647315e-05,-3.344243897756976e-08,1.0852310030874963e-05,50.0
T4,197,197,45,152,1038,0.22842639593908629,0.04155124653739612,0.07031249999999999,cao2018,S12/060710_1m,all_channel,mean,mean__all_channel__T4,32,84,"[0, 2, 3, 4, 5, 7, 9, 10, 11, 12, 16, 17, 20, 21, 22, 23, 24, 25, 30, 34, 35, 36, 37, 38, 40, 49, 50, 52, 59, 60, 61, 62, 63, 64, 70, 77, 79, 80, 81, 82]",40,False,3.646366425308888e-05,-1.1206317735262417e-08,1.2158290190274713e-05,50.0
CP3,82,82,40,42,1043,0.4878048780487805,0.03693444136657433,0.06866952789699572,cao2018,S12/060710_1m,all_channel,mean,mean__all_channel__CP3,32,84,"[0, 2, 3, 4, 5, 7, 9, 10, 11, 12, 16, 17, 20, 21, 22, 23, 24, 25, 30, 34, 35, 36, 37, 38, 40, 49, 50, 52, 59, 60, 61, 62, 63, 64, 70, 77, 79, 80, 81, 82]",40,False,2.842984681982212e-05,1.5651434909651074e-08,9.47139846163749e-06,50.0
P3,282,282,45,237,1038,0.1595744680851064,0.04155124653739612,0.06593406593406594,cao2018,S12/060710_1m,all_channel,mean,mean__all_channel__P3,32,84,"[0, 2, 3, 4, 5, 7, 9, 10, 11, 12, 16, 17, 20, 21, 22, 23, 24, 25, 30, 34, 35, 36, 37, 38, 40, 49, 50, 52, 59, 60, 61, 62, 63, 64, 70, 77, 79, 80, 81, 82]",40,False,3.176555611316188e-05,1.349388292652882e-08,1.0584020743411784e-05,50.0
CZ,84,84,37,47,1046,0.44047619047619047,0.034164358264081256,0.06341045415595543,cao2018,S12/060710_1m,all_channel,mean,mean__all_channel__CZ,32,84,"[0, 2, 3, 4, 5, 7, 9, 10, 11, 12, 16, 17, 20, 21, 22, 23, 24, 25, 30, 34, 35, 36, 37, 38, 40, 49, 50, 52, 59, 60, 61, 62, 63, 64, 70, 77, 79, 80, 81, 82]",40,False,3.4672708007835576e-05,1.0103421341189948e-08,1.1554201528831463e-05,50.0
P4,162,162,31,131,1052,0.19135802469135801,0.028624192059095107,0.04979919678714859,cao2018,S12/060710_1m,all_channel,mean,mean__all_channel__P4,32,84,"[0, 2, 3, 4, 5, 7, 9, 10, 11, 12, 16, 17, 20, 21, 22, 23, 24, 25, 30, 34, 35, 36, 37, 38, 40, 49, 50, 52, 59, 60, 61, 62, 63, 64, 70, 77, 79, 80, 81, 82]",40,False,3.3067394314096674e-05,4.064667471840659e-09,1.1021109882208277e-05,50.0
TP8,95,95,27,68,1056,0.28421052631578947,0.024930747922437674,0.045840407470288634,cao2018,S12/060710_1m,all_channel,mean,mean__all_channel__TP8,32,84,"[0, 2, 3, 4, 5, 7, 9, 10, 11, 12, 16, 17, 20, 21, 22, 23, 24, 25, 30, 34, 35, 36, 37, 38, 40, 49, 50, 52, 59, 60, 61, 62, 63, 64, 70, 77, 79, 80, 81, 82]",40,False,2.6485266231061192e-05,-1.2936096867371256e-08,8.832734109309521e-06,50.0
O1,196,196,26,170,1057,0.1326530612244898,0.024007386888273315,0.040656763096168884,cao2018,S12/060710_1m,all_channel,mean,mean__all_channel__O1,32,84,"[0, 2, 3, 4, 5, 7, 9, 10, 11, 12, 16, 17, 20, 21, 22, 23, 24, 25, 30, 34, 35, 36, 37, 38, 40, 49, 50, 52, 59, 60, 61, 62, 63, 64, 70, 77, 79, 80, 81, 82]",40,False,2.5432635323880798e-05,-2.1199609965321226e-08,8.484611644615373e-06,50.0
CPZ,45,45,22,23,1061,0.4888888888888889,0.020313942751615882,0.03900709219858156,cao2018,S12/060710_1m,all_channel,mean,mean__all_channel__CPZ,32,84,"[0, 2, 3, 4, 5, 7, 9, 10, 11, 12, 16, 17, 20, 21, 22, 23, 24, 25, 30, 34, 35, 36, 37, 38, 40, 49, 50, 52, 59, 60, 61, 62, 63, 64, 70, 77, 79, 80, 81, 82]",40,False,3.064824229520108e-05,1.1924164064164537e-08,1.0212106043712306e-05,50.0
T5,100,100,19,81,1064,0.19,0.017543859649122806,0.032121724429416736,cao2018,S12/060710_1m,all_channel,mean,mean__all_channel__T5,32,84,"[0, 2, 3, 4, 5, 7, 9, 10, 11, 12, 16, 17, 20, 21, 22, 23, 24, 25, 30, 34, 35, 36, 37, 38, 40, 49, 50, 52, 59, 60, 61, 62, 63, 64, 70, 77, 79, 80, 81, 82]",40,False,1.74133555758608e-05,-3.860645480304764e-09,5.805738740447035e-06,50.0
TP7,106,106,19,87,1064,0.1792452830188679,0.017543859649122806,0.031959629941127,cao2018,S12/060710_1m,all_channel,mean,mean__all_channel__TP7,32,84,"[0, 2, 3, 4, 5, 7, 9, 10, 11, 12, 16, 17, 20, 21, 22, 23, 24, 25, 30, 34, 35, 36, 37, 38, 40, 49, 50, 52, 59, 60, 61, 62, 63, 64, 70, 77, 79, 80, 81, 82]",40,False,1.7633557509101044e-05,-3.3727525578737415e-09,5.878976753886306e-06,50.0
O2,122,122,17,105,1066,0.13934426229508196,0.01569713758079409,0.028215767634854772,cao2018,S12/060710_1m,all_channel,mean,mean__all_channel__O2,32,84,"[0, 2, 3, 4, 5, 7, 9, 10, 11, 12, 16, 17, 20, 21, 22, 23, 24, 25, 30, 34, 35, 36, 37, 38, 40, 49, 50, 52, 59, 60, 61, 62, 63, 64, 70, 77, 79, 80, 81, 82]",40,False,2.507068946650299e-05,-1.3706014733557613e-08,8.361465160412182e-06,50.0
PZ,37,37,14,23,1069,0.3783783783783784,0.012927054478301015,0.024999999999999998,cao2018,S12/060710_1m,all_channel,mean,mean__all_channel__PZ,32,84,"[0, 2, 3, 4, 5, 7, 9, 10, 11, 12, 16, 17, 20, 21, 22, 23, 24, 25, 30, 34, 35, 36, 37, 38, 40, 49, 50, 52, 59, 60, 61, 62, 63, 64, 70, 77, 79, 80, 81, 82]",40,False,3.011210632725227e-05,6.959368935796548e-09,1.003504898610549e-05,50.0
A1,119,119,13,106,1070,0.1092436974789916,0.012003693444136657,0.021630615640599003,cao2018,S12/060710_1m,all_channel,mean,mean__all_channel__A1,32,84,"[0, 2, 3, 4, 5, 7, 9, 10, 11, 12, 16, 17, 20, 21, 22, 23, 24, 25, 30, 34, 35, 36, 37, 38, 40, 49, 50, 52, 59, 60, 61, 62, 63, 64, 70, 77, 79, 80, 81, 82]",40,False,1.4783310246334086e-05,-6.659954556023412e-10,4.927992080596563e-06,50.0
OZ,70,70,11,59,1072,0.15714285714285714,0.010156971375807941,0.019080659150043363,cao2018,S12/060710_1m,all_channel,mean,mean__all_channel__OZ,32,84,"[0, 2, 3, 4, 5, 7, 9, 10, 11, 12, 16, 17, 20, 21, 22, 23, 24, 25, 30, 34, 35, 36, 37, 38, 40, 49, 50, 52, 59, 60, 61, 62, 63, 64, 70, 77, 79, 80, 81, 82]",40,False,2.032171093452479e-05,-3.752185837649832e-09,6.775154373454146e-06,50.0
A2,37,37,10,27,1073,0.2702702702702703,0.009233610341643583,0.017857142857142856,cao2018,S12/060710_1m,all_channel,mean,mean__all_channel__A2,32,84,"[0, 2, 3, 4, 5, 7, 9, 10, 11, 12, 16, 17, 20, 21, 22, 23, 24, 25, 30, 34, 35, 36, 37, 38, 40, 49, 50, 52, 59, 60, 61, 62, 63, 64, 70, 77, 79, 80, 81, 82]",40,False,1.4781823675691126e-05,6.452854484208188e-10,4.927059463414235e-06,50.0
T6,27,27,7,20,1076,0.25925925925925924,0.006463527239150508,0.012612612612612612,cao2018,S12/060710_1m,all_channel,mean,mean__all_channel__T6,32,84,"[0, 2, 3, 4, 5, 7, 9, 10, 11, 12, 16, 17, 20, 21, 22, 23, 24, 25, 30, 34, 35, 36, 37, 38, 40, 49, 50, 52, 59, 60, 61, 62, 63, 64, 70, 77, 79, 80, 81, 82]",40,False,2.4976895532460046e-05,-1.0756291776157985e-08,8.329217274745402e-06,50.0
FP2,1092,1092,836,256,247,0.7655677655677655,0.7719298245614035,0.768735632183908,cao2018,S12/060710_1m,frontal,median,median__frontal__FP2,4,84,"[10, 11, 12, 22, 79, 80, 81, 82]",8,False,8.00583135289449e-05,-2.312632290935323e-06,2.7456981939960074e-05,50.0
FP1,1026,1026,785,241,298,0.7651072124756335,0.7248384118190212,0.7444286391654812,cao2018,S12/060710_1m,frontal,median,median__frontal__FP1,4,84,"[10, 11, 12, 22, 79, 80, 81, 82]",8,False,9.027366877942005e-05,-3.7386643651099615e-06,3.1337444381510005e-05,50.0
F4,357,357,270,87,813,0.7563025210084033,0.24930747922437674,0.375,cao2018,S12/060710_1m,frontal,median,median__frontal__F4,4,84,"[10, 11, 12, 22, 79, 80, 81, 82]",8,False,5.555464568810698e-05,-2.0774202195908893e-06,1.921068863589929e-05,50.0
F3,214,214,138,76,945,0.6448598130841121,0.12742382271468145,0.212798766383963,cao2018,S12/060710_1m,frontal,median,median__frontal__F3,4,84,"[10, 11, 12, 22, 79, 80, 81, 82]",8,False,5.964138934598018e-05,-1.2938938821999771e-06,2.0311761076060053e-05,50.0
FP2,1052,1052,814,238,269,0.7737642585551331,0.7516158818097877,0.7625292740046838,cao2018,S12/060710_1m,frontal,mean,mean__frontal__FP2,4,84,"[10, 11, 12, 22, 79, 80, 81, 82]",8,False,8.242515967181265e-05,5.421385193243272e-08,2.7456981939960074e-05,50.0
FP1,967,967,747,220,336,0.7724922440537746,0.6897506925207756,0.728780487804878,cao2018,S12/060710_1m,frontal,mean,mean__frontal__FP1,4,84,"[10, 11, 12, 22, 79, 80, 81, 82]",8,False,9.35724990181751e-05,-4.3983412635491816e-07,3.1337444381510005e-05,50.0
F4,309,309,231,78,852,0.7475728155339806,0.21329639889196675,0.3318965517241379,cao2018,S12/060710_1m,frontal,mean,mean__frontal__F4,4,84,"[10, 11, 12, 22, 79, 80, 81, 82]",8,False,5.75937650435575e-05,-3.830086414037601e-08,1.921068863589929e-05,50.0
F3,193,193,123,70,960,0.6373056994818653,0.11357340720221606,0.19278996865203762,cao2018,S12/060710_1m,frontal,mean,mean__frontal__F3,4,84,"[10, 11, 12, 22, 79, 80, 81, 82]",8,False,6.0864166154388796e-05,-7.111707379136294e-08,2.0311761076060053e-05,50.0
FP1,967,967,747,220,336,0.7724922440537746,0.6897506925207756,0.728780487804878,cao2018,S12/060710_1m,frontal_left,median,median__frontal_left__FP1,2,84,"[10, 11, 12, 22, 79, 80, 82]",7,False,9.360172708548806e-05,-3.7298573694831826e-06,3.2443861484990414e-05,50.0
F3,190,190,119,71,964,0.6263157894736842,0.10987996306555864,0.1869599371563236,cao2018,S12/060710_1m,frontal_left,median,median__frontal_left__F3,2,84,"[10, 11, 12, 22, 79, 80, 82]",7,False,6.146651694803441e-05,-1.3152314565127915e-06,2.09272494681824e-05,50.0
FP1,921,921,720,201,363,0.7817589576547231,0.6648199445983379,0.718562874251497,cao2018,S12/060710_1m,frontal_left,mean,mean__frontal_left__FP1,2,84,"[10, 11, 12, 22, 79, 80, 82]",7,False,9.680229614628423e-05,-5.292883086870124e-07,3.2443861484990414e-05,50.0
F3,178,178,108,70,975,0.6067415730337079,0.0997229916897507,0.17129262490087233,cao2018,S12/060710_1m,frontal_left,mean,mean__frontal_left__F3,2,84,"[10, 11, 12, 22, 79, 80, 82]",7,False,6.268907196003631e-05,-9.267644451089666e-08,2.09272494681824e-05,50.0
FP2,1067,1067,823,244,260,0.7713214620431116,0.7599261311172668,0.7655813953488372,cao2018,S12/060710_1m,frontal_right,median,median__frontal_right__FP2,2,84,"[10, 12, 22, 79, 80, 81, 82]",7,False,8.130948577901385e-05,-2.4290264297246625e-06,2.7912837402912837e-05,50.0
F4,370,370,281,89,802,0.7594594594594595,0.2594644506001847,0.38678596008258775,cao2018,S12/060710_1m,frontal_right,median,median__frontal_right__F4,2,84,"[10, 12, 22, 79, 80, 81, 82]",7,False,5.4810388375698645e-05,-1.8930534517796294e-06,1.890114727582609e-05,50.0
FP2,1035,1035,804,231,279,0.7768115942028986,0.7423822714681441,0.7592067988668556,cao2018,S12/060710_1m,frontal_right,mean,mean__frontal_right__FP2,2,84,"[10, 12, 22, 79, 80, 81, 82]",7,False,8.383126519887011e-05,9.27529901316057e-08,2.7912837402912837e-05,50.0
F4,337,337,252,85,831,0.7477744807121661,0.23268698060941828,0.3549295774647887,cao2018,S12/060710_1m,frontal_right,mean,mean__frontal_right__F4,2,84,"[10, 12, 22, 79, 80, 81, 82]",7,False,5.664352392282533e-05,-5.991790465294182e-08,1.890114727582609e-05,50.0
FP2,1406,1406,970,436,113,0.689900426742532,0.8956602031394275,0.7794294897549217,cao2018,S12/060710_1m,all_channel,median,median__all_channel__FP2,32,70,"[0, 2, 3, 4, 5, 6, 8, 9, 10, 14, 18, 19, 20, 25, 28, 29, 30, 31, 32, 33, 37, 41, 42, 43, 51, 52, 53, 57, 59, 64, 66, 68]",32,False,6.345015468987136e-05,-3.6211333211310343e-06,2.2357096003667462e-05,60.0
FP1,1434,1434,977,457,106,0.6813110181311018,0.9021237303785781,0.77632101708383,cao2018,S12/060710_1m,all_channel,median,median__all_channel__FP1,32,70,"[0, 2, 3, 4, 5, 6, 8, 9, 10, 14, 18, 19, 20, 25, 28, 29, 30, 31, 32, 33, 37, 41, 42, 43, 51, 52, 53, 57, 59, 64, 66, 68]",32,False,6.698863370493482e-05,-3.754717006740272e-06,2.3581116903891695e-05,60.0
FZ,692,692,508,184,575,0.7341040462427746,0.469067405355494,0.5723943661971831,cao2018,S12/060710_1m,all_channel,median,median__all_channel__FZ,32,70,"[0, 2, 3, 4, 5, 6, 8, 9, 10, 14, 18, 19, 20, 25, 28, 29, 30, 31, 32, 33, 37, 41, 42, 43, 51, 52, 53, 57, 59, 64, 66, 68]",32,False,4.06537227478862e-05,-1.5367218760453834e-06,1.4063481541310528e-05,60.0
F4,620,620,465,155,618,0.75,0.4293628808864266,0.5460951262477979,cao2018,S12/060710_1m,all_channel,median,median__all_channel__F4,32,70,"[0, 2, 3, 4, 5, 6, 8, 9, 10, 14, 18, 19, 20, 25, 28, 29, 30, 31, 32, 33, 37, 41, 42, 43, 51, 52, 53, 57, 59, 64, 66, 68]",32,False,4.647474519095193e-05,-1.6123482645922772e-06,1.602903115184807e-05,60.0
F8,532,532,432,100,651,0.8120300751879699,0.3988919667590028,0.5349845201238391,cao2018,S12/060710_1m,all_channel,median,median__all_channel__F8,32,70,"[0, 2, 3, 4, 5, 6, 8, 9, 10, 14, 18, 19, 20, 25, 28, 29, 30, 31, 32, 33, 37, 41, 42, 43, 51, 52, 53, 57, 59, 64, 66, 68]",32,False,5.089048752675747e-05,-1.2385151075056833e-06,1.737633421142105e-05,60.0
F3,660,660,451,209,632,0.6833333333333333,0.4164358264081256,0.5174985656913368,cao2018,S12/060710_1m,all_channel,median,median__all_channel__F3,32,70,"[0, 2, 3, 4, 5, 6, 8, 9, 10, 14, 18, 19, 20, 25, 28, 29, 30, 31, 32, 33, 37, 41, 42, 43, 51, 52, 53, 57, 59, 64, 66, 68]",32,False,4.441956593847746e-05,-1.357598877672699e-06,1.525905493871672e-05,60.0
F7,596,596,381,215,702,0.639261744966443,0.3518005540166205,0.4538415723645027,cao2018,S12/060710_1m,all_channel,median,median__all_channel__F7,32,70,"[0, 2, 3, 4, 5, 6, 8, 9, 10, 14, 18, 19, 20, 25, 28, 29, 30, 31, 32, 33, 37, 41, 42, 43, 51, 52, 53, 57, 59, 64, 66, 68]",32,False,5.190054068215009e-05,-1.3742668770187297e-06,1.7758269186389608e-05,60.0
FC3,369,369,255,114,828,0.6910569105691057,0.23545706371191136,0.3512396694214876,cao2018,S12/060710_1m,all_channel,median,median__all_channel__FC3,32,70,"[0, 2, 3, 4, 5, 6, 8, 9, 10, 14, 18, 19, 20, 25, 28, 29, 30, 31, 32, 33, 37, 41, 42, 43, 51, 52, 53, 57, 59, 64, 66, 68]",32,False,3.671097060203075e-05,-9.242613383099897e-07,1.2545077313446912e-05,60.0
FC4,281,281,224,57,859,0.797153024911032,0.20683287165281625,0.32844574780058655,cao2018,S12/060710_1m,all_channel,median,median__all_channel__FC4,32,70,"[0, 2, 3, 4, 5, 6, 8, 9, 10, 14, 18, 19, 20, 25, 28, 29, 30, 31, 32, 33, 37, 41, 42, 43, 51, 52, 53, 57, 59, 64, 66, 68]",32,False,3.6635257238168555e-05,-9.029096246169168e-07,1.2512722287595156e-05,60.0
FCZ,216,216,154,62,929,0.7129629629629629,0.14219759926131118,0.23710546574287916,cao2018,S12/060710_1m,all_channel,median,median__all_channel__FCZ,32,70,"[0, 2, 3, 4, 5, 6, 8, 9, 10, 14, 18, 19, 20, 25, 28, 29, 30, 31, 32, 33, 37, 41, 42, 43, 51, 52, 53, 57, 59, 64, 66, 68]",32,False,3.741441375453852e-05,-8.684561936608211e-07,1.2760956649399783e-05,60.0
C3,183,183,119,64,964,0.6502732240437158,0.10987996306555864,0.18799368088467616,cao2018,S12/060710_1m,all_channel,median,median__all_channel__C3,32,70,"[0, 2, 3, 4, 5, 6, 8, 9, 10, 14, 18, 19, 20, 25, 28, 29, 30, 31, 32, 33, 37, 41, 42, 43, 51, 52, 53, 57, 59, 64, 66, 68]",32,False,3.135744505619911e-05,-6.596632098780947e-07,1.0672369422025734e-05,60.0
FT8,187,187,115,72,968,0.6149732620320856,0.1061865189289012,0.1811023622047244,cao2018,S12/060710_1m,all_channel,median,median__all_channel__FT8,32,70,"[0, 2, 3, 4, 5, 6, 8, 9, 10, 14, 18, 19, 20, 25, 28, 29, 30, 31, 32, 33, 37, 41, 42, 43, 51, 52, 53, 57, 59, 64, 66, 68]",32,False,3.658611531649426e-05,-4.715473317848512e-07,1.2352554216093036e-05,60.0
FT7,234,234,110,124,973,0.4700854700854701,0.10156971375807941,0.16704631738800302,cao2018,S12/060710_1m,all_channel,median,median__all_channel__FT7,32,70,"[0, 2, 3, 4, 5, 6, 8, 9, 10, 14, 18, 19, 20, 25, 28, 29, 30, 31, 32, 33, 37, 41, 42, 43, 51, 52, 53, 57, 59, 64, 66, 68]",32,False,3.67880944836571e-05,-4.322405407041665e-07,1.2406778341453754e-05,60.0
C4,151,151,97,54,986,0.6423841059602649,0.08956602031394276,0.15721231766612642,cao2018,S12/060710_1m,all_channel,median,median__all_channel__C4,32,70,"[0, 2, 3, 4, 5, 6, 8, 9, 10, 14, 18, 19, 20, 25, 28, 29, 30, 31, 32, 33, 37, 41, 42, 43, 51, 52, 53, 57, 59, 64, 66, 68]",32,False,3.241068509144052e-05,-6.294116933324717e-07,1.1013365594924329e-05,60.0
CP3,93,93,48,45,1035,0.5161290322580645,0.0443213296398892,0.08163265306122448,cao2018,S12/060710_1m,all_channel,median,median__all_channel__CP3,32,70,"[0, 2, 3, 4, 5, 6, 8, 9, 10, 14, 18, 19, 20, 25, 28, 29, 30, 31, 32, 33, 37, 41, 42, 43, 51, 52, 53, 57, 59, 64, 66, 68]",32,False,2.7828331819940677e-05,-3.6910680409312714e-07,9.399146208011268e-06,60.0
CP4,78,78,47,31,1036,0.6025641025641025,0.04339796860572484,0.0809646856158484,cao2018,S12/060710_1m,all_channel,median,median__all_channel__CP4,32,70,"[0, 2, 3, 4, 5, 6, 8, 9, 10, 14, 18, 19, 20, 25, 28, 29, 30, 31, 32, 33, 37, 41, 42, 43, 51, 52, 53, 57, 59, 64, 66, 68]",32,False,2.959694864442191e-05,-3.709765258553473e-07,9.98930839009242e-06,60.0
CZ,94,94,46,48,1037,0.48936170212765956,0.04247460757156048,0.07816482582837724,cao2018,S12/060710_1m,all_channel,median,median__all_channel__CZ,32,70,"[0, 2, 3, 4, 5, 6, 8, 9, 10, 14, 18, 19, 20, 25, 28, 29, 30, 31, 32, 33, 37, 41, 42, 43, 51, 52, 53, 57, 59, 64, 66, 68]",32,False,3.405185600033474e-05,-5.48259392048053e-07,1.153337179746093e-05,60.0
T3,121,121,42,79,1041,0.34710743801652894,0.038781163434903045,0.0697674418604651,cao2018,S12/060710_1m,all_channel,median,median__all_channel__T3,32,70,"[0, 2, 3, 4, 5, 6, 8, 9, 10, 14, 18, 19, 20, 25, 28, 29, 30, 31, 32, 33, 37, 41, 42, 43, 51, 52, 53, 57, 59, 64, 66, 68]",32,False,3.253011766517774e-05,2.1822805043604497e-07,1.0770629871580566e-05,60.0
T4,188,188,43,145,1040,0.22872340425531915,0.03970452446906741,0.06766325727773408,cao2018,S12/060710_1m,all_channel,median,median__all_channel__T4,32,70,"[0, 2, 3, 4, 5, 6, 8, 9, 10, 14, 18, 19, 20, 25, 28, 29, 30, 31, 32, 33, 37, 41, 42, 43, 51, 52, 53, 57, 59, 64, 66, 68]",32,False,3.6693575306304e-05,2.9558219063962704e-07,1.2132664371888125e-05,60.0
P3,303,303,46,257,1037,0.15181518151815182,0.04247460757156048,0.06637806637806638,cao2018,S12/060710_1m,all_channel,median,median__all_channel__P3,32,70,"[0, 2, 3, 4, 5, 6, 8, 9, 10, 14, 18, 19, 20, 25, 28, 29, 30, 31, 32, 33, 37, 41, 42, 43, 51, 52, 53, 57, 59, 64, 66, 68]",32,False,3.105496700370336e-05,-4.0545977146018966e-07,1.0486808925054517e-05,60.0
P4,163,163,31,132,1052,0.1901840490797546,0.028624192059095107,0.04975922953451043,cao2018,S12/060710_1m,all_channel,median,median__all_channel__P4,32,70,"[0, 2, 3, 4, 5, 6, 8, 9, 10, 14, 18, 19, 20, 25, 28, 29, 30, 31, 32, 33, 37, 41, 42, 43, 51, 52, 53, 57, 59, 64, 66, 68]",32,False,3.264964069315815e-05,-4.076917357287756e-07,1.1019110809628975e-05,60.0
CPZ,48,48,25,23,1058,0.5208333333333334,0.023084025854108958,0.04420866489832007,cao2018,S12/060710_1m,all_channel,median,median__all_channel__CPZ,32,70,"[0, 2, 3, 4, 5, 6, 8, 9, 10, 14, 18, 19, 20, 25, 28, 29, 30, 31, 32, 33, 37, 41, 42, 43, 51, 52, 53, 57, 59, 64, 66, 68]",32,False,3.0263249864284843e-05,-3.4119412089025827e-07,1.02014813283917e-05,60.0
TP8,96,96,26,70,1057,0.2708333333333333,0.024007386888273315,0.04410517387616624,cao2018,S12/060710_1m,all_channel,median,median__all_channel__TP8,32,70,"[0, 2, 3, 4, 5, 6, 8, 9, 10, 14, 18, 19, 20, 25, 28, 29, 30, 31, 32, 33, 37, 41, 42, 43, 51, 52, 53, 57, 59, 64, 66, 68]",32,False,2.644893351009084e-05,4.170308694983013e-08,8.802410141047003e-06,60.0
O1,178,178,23,155,1060,0.12921348314606743,0.02123730378578024,0.036478984932593175,cao2018,S12/060710_1m,all_channel,median,median__all_channel__O1,32,70,"[0, 2, 3, 4, 5, 6, 8, 9, 10, 14, 18, 19, 20, 25, 28, 29, 30, 31, 32, 33, 37, 41, 42, 43, 51, 52, 53, 57, 59, 64, 66, 68]",32,False,2.6416137254443663e-05,4.1064691118128565e-07,8.668496781087459e-06,60.0
T5,102,102,19,83,1064,0.18627450980392157,0.017543859649122806,0.032067510548523206,cao2018,S12/060710_1m,all_channel,median,median__all_channel__T5,32,70,"[0, 2, 3, 4, 5, 6, 8, 9, 10, 14, 18, 19, 20, 25, 28, 29, 30, 31, 32, 33, 37, 41, 42, 43, 51, 52, 53, 57, 59, 64, 66, 68]",32,False,1.7543390245040155e-05,1.823903684044549e-07,5.786999958878567e-06,60.0
TP7,109,109,19,90,1064,0.1743119266055046,0.017543859649122806,0.03187919463087248,cao2018,S12/060710_1m,all_channel,median,median__all_channel__TP7,32,70,"[0, 2, 3, 4, 5, 6, 8, 9, 10, 14, 18, 19, 20, 25, 28, 29, 30, 31, 32, 33, 37, 41, 42, 43, 51, 52, 53, 57, 59, 64, 66, 68]",32,False,1.775904319853909e-05,1.862412693017232e-07,5.8576006430791226e-06,60.0
PZ,40,40,16,24,1067,0.4,0.014773776546629732,0.028495102404274265,cao2018,S12/060710_1m,all_channel,median,median__all_channel__PZ,32,70,"[0, 2, 3, 4, 5, 6, 8, 9, 10, 14, 18, 19, 20, 25, 28, 29, 30, 31, 32, 33, 37, 41, 42, 43, 51, 52, 53, 57, 59, 64, 66, 68]",32,False,2.9857452112371618e-05,-2.2396340521096437e-07,1.0027138505860861e-05,60.0
O2,113,113,17,96,1066,0.1504424778761062,0.01569713758079409,0.028428093645484948,cao2018,S12/060710_1m,all_channel,median,median__all_channel__O2,32,70,"[0, 2, 3, 4, 5, 6, 8, 9, 10, 14, 18, 19, 20, 25, 28, 29, 30, 31, 32, 33, 37, 41, 42, 43, 51, 52, 53, 57, 59, 64, 66, 68]",32,False,2.5716425129151062e-05,2.487631486604165e-07,8.489220660163548e-06,60.0
A1,127,127,13,114,1070,0.10236220472440945,0.012003693444136657,0.021487603305785127,cao2018,S12/060710_1m,all_channel,median,median__all_channel__A1,32,70,"[0, 2, 3, 4, 5, 6, 8, 9, 10, 14, 18, 19, 20, 25, 28, 29, 30, 31, 32, 33, 37, 41, 42, 43, 51, 52, 53, 57, 59, 64, 66, 68]",32,False,1.4640638331707691e-05,-1.5493132605535346e-07,4.931856552587682e-06,60.0
OZ,70,70,11,59,1072,0.15714285714285714,0.010156971375807941,0.019080659150043363,cao2018,S12/060710_1m,all_channel,median,median__all_channel__OZ,32,70,"[0, 2, 3, 4, 5, 6, 8, 9, 10, 14, 18, 19, 20, 25, 28, 29, 30, 31, 32, 33, 37, 41, 42, 43, 51, 52, 53, 57, 59, 64, 66, 68]",32,False,2.07637545990581e-05,1.5266893007979547e-07,6.870361889659434e-06,60.0
A2,34,34,9,25,1074,0.2647058823529412,0.008310249307479225,0.01611459265890779,cao2018,S12/060710_1m,all_channel,median,median__all_channel__A2,32,70,"[0, 2, 3, 4, 5, 6, 8, 9, 10, 14, 18, 19, 20, 25, 28, 29, 30, 31, 32, 33, 37, 41, 42, 43, 51, 52, 53, 57, 59, 64, 66, 68]",32,False,1.4946530974119855e-05,1.5543130900059805e-07,4.930366555039752e-06,60.0
T6,28,28,7,21,1076,0.25,0.006463527239150508,0.012601260126012601,cao2018,S12/060710_1m,all_channel,median,median__all_channel__T6,32,70,"[0, 2, 3, 4, 5, 6, 8, 9, 10, 14, 18, 19, 20, 25, 28, 29, 30, 31, 32, 33, 37, 41, 42, 43, 51, 52, 53, 57, 59, 64, 66, 68]",32,False,2.5029618785094247e-05,1.0835547823901404e-08,8.339594412423448e-06,60.0
FP1,1379,1379,959,420,124,0.6954314720812182,0.8855032317636196,0.7790414297319253,cao2018,S12/060710_1m,all_channel,mean,mean__all_channel__FP1,32,70,"[0, 2, 3, 4, 5, 6, 8, 9, 10, 14, 18, 19, 20, 25, 28, 29, 30, 31, 32, 33, 37, 41, 42, 43, 51, 52, 53, 57, 59, 64, 66, 68]",32,False,7.07552220434282e-05,1.1871331753104986e-08,2.3581116903891695e-05,60.0
FP2,1357,1357,950,407,133,0.7000736919675755,0.8771929824561403,0.7786885245901639,cao2018,S12/060710_1m,all_channel,mean,mean__all_channel__FP2,32,70,"[0, 2, 3, 4, 5, 6, 8, 9, 10, 14, 18, 19, 20, 25, 28, 29, 30, 31, 32, 33, 37, 41, 42, 43, 51, 52, 53, 57, 59, 64, 66, 68]",32,False,6.708137431751248e-05,1.0086306510101952e-08,2.2357096003667462e-05,60.0
FZ,630,630,469,161,614,0.7444444444444445,0.433056325023084,0.5475773496789258,cao2018,S12/060710_1m,all_channel,mean,mean__all_channel__FZ,32,70,"[0, 2, 3, 4, 5, 6, 8, 9, 10, 14, 18, 19, 20, 25, 28, 29, 30, 31, 32, 33, 37, 41, 42, 43, 51, 52, 53, 57, 59, 64, 66, 68]",32,False,4.219346427195948e-05,3.0196480278954215e-09,1.4063481541310528e-05,60.0
F4,567,567,430,137,653,0.7583774250440917,0.39704524469067404,0.5212121212121212,cao2018,S12/060710_1m,all_channel,mean,mean__all_channel__F4,32,70,"[0, 2, 3, 4, 5, 6, 8, 9, 10, 14, 18, 19, 20, 25, 28, 29, 30, 31, 32, 33, 37, 41, 42, 43, 51, 52, 53, 57, 59, 64, 66, 68]",32,False,4.8102047870521384e-05,1.4954414977174344e-08,1.602903115184807e-05,60.0
F8,504,504,413,91,670,0.8194444444444444,0.38134810710988,0.520478890989288,cao2018,S12/060710_1m,all_channel,mean,mean__all_channel__F8,32,70,"[0, 2, 3, 4, 5, 6, 8, 9, 10, 14, 18, 19, 20, 25, 28, 29, 30, 31, 32, 33, 37, 41, 42, 43, 51, 52, 53, 57, 59, 64, 66, 68]",32,False,5.213256774759649e-05,3.565113333335103e-09,1.737633421142105e-05,60.0
F3,617,617,418,199,665,0.6774716369529984,0.38596491228070173,0.49176470588235294,cao2018,S12/060710_1m,all_channel,mean,mean__all_channel__F3,32,70,"[0, 2, 3, 4, 5, 6, 8, 9, 10, 14, 18, 19, 20, 25, 28, 29, 30, 31, 32, 33, 37, 41, 42, 43, 51, 52, 53, 57, 59, 64, 66, 68]",32,False,4.5760190251708866e-05,-1.697456444129741e-08,1.525905493871672e-05,60.0
F7,545,545,354,191,729,0.6495412844036698,0.3268698060941828,0.43488943488943493,cao2018,S12/060710_1m,all_channel,mean,mean__all_channel__F7,32,70,"[0, 2, 3, 4, 5, 6, 8, 9, 10, 14, 18, 19, 20, 25, 28, 29, 30, 31, 32, 33, 37, 41, 42, 43, 51, 52, 53, 57, 59, 64, 66, 68]",32,False,5.326490625630826e-05,-9.901302860557632e-09,1.7758269186389608e-05,60.0
FC4,256,256,206,50,877,0.8046875,0.1902123730378578,0.30769230769230765,cao2018,S12/060710_1m,all_channel,mean,mean__all_channel__FC4,32,70,"[0, 2, 3, 4, 5, 6, 8, 9, 10, 14, 18, 19, 20, 25, 28, 29, 30, 31, 32, 33, 37, 41, 42, 43, 51, 52, 53, 57, 59, 64, 66, 68]",32,False,3.754425111023451e-05,6.08424744904591e-09,1.2512722287595156e-05,60.0
FC3,310,310,214,96,869,0.6903225806451613,0.19759926131117267,0.30725053840631733,cao2018,S12/060710_1m,all_channel,mean,mean__all_channel__FC3,32,70,"[0, 2, 3, 4, 5, 6, 8, 9, 10, 14, 18, 19, 20, 25, 28, 29, 30, 31, 32, 33, 37, 41, 42, 43, 51, 52, 53, 57, 59, 64, 66, 68]",32,False,3.763028452490881e-05,-4.947415431921346e-09,1.2545077313446912e-05,60.0
FCZ,196,196,140,56,943,0.7142857142857143,0.12927054478301014,0.21892103205629396,cao2018,S12/060710_1m,all_channel,mean,mean__all_channel__FCZ,32,70,"[0, 2, 3, 4, 5, 6, 8, 9, 10, 14, 18, 19, 20, 25, 28, 29, 30, 31, 32, 33, 37, 41, 42, 43, 51, 52, 53, 57, 59, 64, 66, 68]",32,False,3.8284307148490135e-05,1.43720029078796e-09,1.2760956649399783e-05,60.0
C3,172,172,114,58,969,0.6627906976744186,0.10526315789473684,0.18167330677290833,cao2018,S12/060710_1m,all_channel,mean,mean__all_channel__C3,32,70,"[0, 2, 3, 4, 5, 6, 8, 9, 10, 14, 18, 19, 20, 25, 28, 29, 30, 31, 32, 33, 37, 41, 42, 43, 51, 52, 53, 57, 59, 64, 66, 68]",32,False,3.201199880627034e-05,-5.109459806866565e-09,1.0672369422025734e-05,60.0
FT8,180,180,112,68,971,0.6222222222222222,0.10341643582640812,0.1773555027711797,cao2018,S12/060710_1m,all_channel,mean,mean__all_channel__FT8,32,70,"[0, 2, 3, 4, 5, 6, 8, 9, 10, 14, 18, 19, 20, 25, 28, 29, 30, 31, 32, 33, 37, 41, 42, 43, 51, 52, 53, 57, 59, 64, 66, 68]",32,False,3.705929475449645e-05,1.6321062173364542e-09,1.2352554216093036e-05,60.0
FT7,224,224,109,115,974,0.48660714285714285,0.10064635272391505,0.16679418515684774,cao2018,S12/060710_1m,all_channel,mean,mean__all_channel__FT7,32,70,"[0, 2, 3, 4, 5, 6, 8, 9, 10, 14, 18, 19, 20, 25, 28, 29, 30, 31, 32, 33, 37, 41, 42, 43, 51, 52, 53, 57, 59, 64, 66, 68]",32,False,3.7212618865739784e-05,-7.716158621478921e-09,1.2406778341453754e-05,60.0
C4,133,133,81,52,1002,0.6090225563909775,0.07479224376731301,0.13322368421052633,cao2018,S12/060710_1m,all_channel,mean,mean__all_channel__C4,32,70,"[0, 2, 3, 4, 5, 6, 8, 9, 10, 14, 18, 19, 20, 25, 28, 29, 30, 31, 32, 33, 37, 41, 42, 43, 51, 52, 53, 57, 59, 64, 66, 68]",32,False,3.3041721969529974e-05,1.6251847569857957e-09,1.1013365594924329e-05,60.0
CP4,73,73,44,29,1039,0.6027397260273972,0.040627885503231764,0.07612456747404844,cao2018,S12/060710_1m,all_channel,mean,mean__all_channel__CP4,32,70,"[0, 2, 3, 4, 5, 6, 8, 9, 10, 14, 18, 19, 20, 25, 28, 29, 30, 31, 32, 33, 37, 41, 42, 43, 51, 52, 53, 57, 59, 64, 66, 68]",32,False,2.9966056224494713e-05,-1.8689457825468433e-09,9.98930839009242e-06,60.0
CP3,85,85,43,42,1040,0.5058823529411764,0.03970452446906741,0.07363013698630137,cao2018,S12/060710_1m,all_channel,mean,mean__all_channel__CP3,32,70,"[0, 2, 3, 4, 5, 6, 8, 9, 10, 14, 18, 19, 20, 25, 28, 29, 30, 31, 32, 33, 37, 41, 42, 43, 51, 52, 53, 57, 59, 64, 66, 68]",32,False,2.818947219949964e-05,-7.96642453416538e-09,9.399146208011268e-06,60.0
T3,123,123,43,80,1040,0.34959349593495936,0.03970452446906741,0.0713101160862355,cao2018,S12/060710_1m,all_channel,mean,mean__all_channel__T3,32,70,"[0, 2, 3, 4, 5, 6, 8, 9, 10, 14, 18, 19, 20, 25, 28, 29, 30, 31, 32, 33, 37, 41, 42, 43, 51, 52, 53, 57, 59, 64, 66, 68]",32,False,3.231124933097792e-05,-6.402837637801005e-10,1.0770629871580566e-05,60.0
T4,194,194,45,149,1038,0.23195876288659795,0.04155124653739612,0.07047768206734534,cao2018,S12/060710_1m,all_channel,mean,mean__all_channel__T4,32,70,"[0, 2, 3, 4, 5, 6, 8, 9, 10, 14, 18, 19, 20, 25, 28, 29, 30, 31, 32, 33, 37, 41, 42, 43, 51, 52, 53, 57, 59, 64, 66, 68]",32,False,3.639831483874013e-05,3.217230757494788e-10,1.2132664371888125e-05,60.0
P3,281,281,45,236,1038,0.1601423487544484,0.04155124653739612,0.06598240469208212,cao2018,S12/060710_1m,all_channel,mean,mean__all_channel__P3,32,70,"[0, 2, 3, 4, 5, 6, 8, 9, 10, 14, 18, 19, 20, 25, 28, 29, 30, 31, 32, 33, 37, 41, 42, 43, 51, 52, 53, 57, 59, 64, 66, 68]",32,False,3.145156543435718e-05,-8.861340806367256e-09,1.0486808925054517e-05,60.0
CZ,85,85,38,47,1045,0.4470588235294118,0.03508771929824561,0.06506849315068493,cao2018,S12/060710_1m,all_channel,mean,mean__all_channel__CZ,32,70,"[0, 2, 3, 4, 5, 6, 8, 9, 10, 14, 18, 19, 20, 25, 28, 29, 30, 31, 32, 33, 37, 41, 42, 43, 51, 52, 53, 57, 59, 64, 66, 68]",32,False,3.4598978829706954e-05,-1.1365626758386706e-09,1.153337179746093e-05,60.0
P4,158,158,30,128,1053,0.189873417721519,0.027700831024930747,0.048348106365834004,cao2018,S12/060710_1m,all_channel,mean,mean__all_channel__P4,32,70,"[0, 2, 3, 4, 5, 6, 8, 9, 10, 14, 18, 19, 20, 25, 28, 29, 30, 31, 32, 33, 37, 41, 42, 43, 51, 52, 53, 57, 59, 64, 66, 68]",32,False,3.304437660773923e-05,-1.2955821147699692e-08,1.1019110809628975e-05,60.0
TP8,97,97,26,71,1057,0.26804123711340205,0.024007386888273315,0.04406779661016949,cao2018,S12/060710_1m,all_channel,mean,mean__all_channel__TP8,32,70,"[0, 2, 3, 4, 5, 6, 8, 9, 10, 14, 18, 19, 20, 25, 28, 29, 30, 31, 32, 33, 37, 41, 42, 43, 51, 52, 53, 57, 59, 64, 66, 68]",32,False,2.640601842830471e-05,-1.211994836299973e-09,8.802410141047003e-06,60.0
CPZ,45,45,22,23,1061,0.4888888888888889,0.020313942751615882,0.03900709219858156,cao2018,S12/060710_1m,all_channel,mean,mean__all_channel__CPZ,32,70,"[0, 2, 3, 4, 5, 6, 8, 9, 10, 14, 18, 19, 20, 25, 28, 29, 30, 31, 32, 33, 37, 41, 42, 43, 51, 52, 53, 57, 59, 64, 66, 68]",32,False,3.0599757419077046e-05,-4.686566098055568e-09,1.02014813283917e-05,60.0
O1,184,184,23,161,1060,0.125,0.02123730378578024,0.036306235201262825,cao2018,S12/060710_1m,all_channel,mean,mean__all_channel__O1,32,70,"[0, 2, 3, 4, 5, 6, 8, 9, 10, 14, 18, 19, 20, 25, 28, 29, 30, 31, 32, 33, 37, 41, 42, 43, 51, 52, 53, 57, 59, 64, 66, 68]",32,False,2.6010758142976915e-05,5.267799714536867e-09,8.668496781087459e-06,60.0
T5,100,100,19,81,1064,0.19,0.017543859649122806,0.032121724429416736,cao2018,S12/060710_1m,all_channel,mean,mean__all_channel__T5,32,70,"[0, 2, 3, 4, 5, 6, 8, 9, 10, 14, 18, 19, 20, 25, 28, 29, 30, 31, 32, 33, 37, 41, 42, 43, 51, 52, 53, 57, 59, 64, 66, 68]",32,False,1.7363175256785243e-05,2.17538014954091e-09,5.786999958878567e-06,60.0
TP7,108,108,19,89,1064,0.17592592592592593,0.017543859649122806,0.03190596137699412,cao2018,S12/060710_1m,all_channel,mean,mean__all_channel__TP7,32,70,"[0, 2, 3, 4, 5, 6, 8, 9, 10, 14, 18, 19, 20, 25, 28, 29, 30, 31, 32, 33, 37, 41, 42, 43, 51, 52, 53, 57, 59, 64, 66, 68]",32,False,1.7574956698880085e-05,2.1547696427164876e-09,5.8576006430791226e-06,60.0
O2,116,116,17,99,1066,0.14655172413793102,0.01569713758079409,0.028356964136780655,cao2018,S12/060710_1m,all_channel,mean,mean__all_channel__O2,32,70,"[0, 2, 3, 4, 5, 6, 8, 9, 10, 14, 18, 19, 20, 25, 28, 29, 30, 31, 32, 33, 37, 41, 42, 43, 51, 52, 53, 57, 59, 64, 66, 68]",32,False,2.5467155766762212e-05,-5.062137284343505e-10,8.489220660163548e-06,60.0
PZ,39,39,15,24,1068,0.38461538461538464,0.013850415512465374,0.026737967914438505,cao2018,S12/060710_1m,all_channel,mean,mean__all_channel__PZ,32,70,"[0, 2, 3, 4, 5, 6, 8, 9, 10, 14, 18, 19, 20, 25, 28, 29, 30, 31, 32, 33, 37, 41, 42, 43, 51, 52, 53, 57, 59, 64, 66, 68]",32,False,3.0073627537772724e-05,-7.78797980985978e-09,1.0027138505860861e-05,60.0
A1,115,115,13,102,1070,0.11304347826086956,0.012003693444136657,0.02170283806343906,cao2018,S12/060710_1m,all_channel,mean,mean__all_channel__A1,32,70,"[0, 2, 3, 4, 5, 6, 8, 9, 10, 14, 18, 19, 20, 25, 28, 29, 30, 31, 32, 33, 37, 41, 42, 43, 51, 52, 53, 57, 59, 64, 66, 68]",32,False,1.4799255145855027e-05,3.685488091981732e-09,4.931856552587682e-06,60.0
OZ,71,71,11,60,1072,0.15492957746478872,0.010156971375807941,0.01906412478336222,cao2018,S12/060710_1m,all_channel,mean,mean__all_channel__OZ,32,70,"[0, 2, 3, 4, 5, 6, 8, 9, 10, 14, 18, 19, 20, 25, 28, 29, 30, 31, 32, 33, 37, 41, 42, 43, 51, 52, 53, 57, 59, 64, 66, 68]",32,False,2.0613049473936508e-05,1.9638049582033963e-09,6.870361889659434e-06,60.0
A2,35,35,10,25,1073,0.2857142857142857,0.009233610341643583,0.017889087656529516,cao2018,S12/060710_1m,all_channel,mean,mean__all_channel__A2,32,70,"[0, 2, 3, 4, 5, 6, 8, 9, 10, 14, 18, 19, 20, 25, 28, 29, 30, 31, 32, 33, 37, 41, 42, 43, 51, 52, 53, 57, 59, 64, 66, 68]",32,False,1.4787408518022191e-05,-3.691147097065763e-09,4.930366555039752e-06,60.0
T6,28,28,7,21,1076,0.25,0.006463527239150508,0.012601260126012601,cao2018,S12/060710_1m,all_channel,mean,mean__all_channel__T6,32,70,"[0, 2, 3, 4, 5, 6, 8, 9, 10, 14, 18, 19, 20, 25, 28, 29, 30, 31, 32, 33, 37, 41, 42, 43, 51, 52, 53, 57, 59, 64, 66, 68]",32,False,2.50125225183679e-05,-6.2607189024473995e-09,8.339594412423448e-06,60.0
FP2,1042,1042,808,234,275,0.7754318618042226,0.7460757156048015,0.7604705882352941,cao2018,S12/060710_1m,frontal,median,median__frontal__FP2,4,70,"[4, 8, 9, 10, 14, 18, 19, 66, 68]",9,False,8.354709696996218e-05,-4.066384052879405e-06,2.920449367428053e-05,60.0
FP1,988,988,757,231,326,0.7661943319838057,0.6989843028624192,0.7310478029937229,cao2018,S12/060710_1m,frontal,median,median__frontal__FP1,4,70,"[4, 8, 9, 10, 14, 18, 19, 66, 68]",9,False,9.250759717828237e-05,-5.2269166034190705e-06,3.257817126056715e-05,60.0
F4,362,362,274,88,809,0.7569060773480663,0.2530009233610342,0.37923875432525955,cao2018,S12/060710_1m,frontal,median,median__frontal__F4,4,70,"[4, 8, 9, 10, 14, 18, 19, 66, 68]",9,False,5.5443643888440597e-05,-2.3350124372715543e-06,1.9259552108570718e-05,60.0
F3,291,291,189,102,894,0.6494845360824743,0.1745152354570637,0.2751091703056769,cao2018,S12/060710_1m,frontal,median,median__frontal__F3,4,70,"[4, 8, 9, 10, 14, 18, 19, 66, 68]",9,False,5.602257392682536e-05,-1.786479268979228e-06,1.926968439860153e-05,60.0
FP2,960,960,767,193,316,0.7989583333333333,0.7082179132040628,0.7508565834557025,cao2018,S12/060710_1m,frontal,mean,mean__frontal__FP2,4,70,"[4, 8, 9, 10, 14, 18, 19, 66, 68]",9,False,8.764750043092197e-05,3.401940808039275e-08,2.920449367428053e-05,60.0
FP1,899,899,707,192,376,0.7864293659621802,0.6528162511542013,0.7134207870837537,cao2018,S12/060710_1m,frontal,mean,mean__frontal__FP1,4,70,"[4, 8, 9, 10, 14, 18, 19, 66, 68]",9,False,9.780167033867047e-05,6.715655696902994e-08,3.257817126056715e-05,60.0
F4,305,305,228,77,855,0.7475409836065574,0.21052631578947367,0.3285302593659942,cao2018,S12/060710_1m,frontal,mean,mean__frontal__F4,4,70,"[4, 8, 9, 10, 14, 18, 19, 66, 68]",9,False,5.781697418245121e-05,3.8317856739059275e-08,1.9259552108570718e-05,60.0
F3,242,242,158,84,925,0.6528925619834711,0.1458910433979686,0.23849056603773586,cao2018,S12/060710_1m,frontal,mean,mean__frontal__F3,4,70,"[4, 8, 9, 10, 14, 18, 19, 66, 68]",9,False,5.775526937604441e-05,-5.37838197601744e-08,1.926968439860153e-05,60.0
FP1,954,954,737,217,346,0.7725366876310272,0.6805170821791321,0.7236131566028474,cao2018,S12/060710_1m,frontal_left,median,median__frontal_left__FP1,2,70,"[8, 9, 10, 14, 18, 19, 66, 68]",8,False,9.458888929654557e-05,-5.082143425278642e-06,3.32236775739414e-05,60.0
F3,240,240,157,83,926,0.6541666666666667,0.14496768236380425,0.23733938019652304,cao2018,S12/060710_1m,frontal_left,median,median__frontal_left__F3,2,70,"[8, 9, 10, 14, 18, 19, 66, 68]",8,False,5.7834968117217085e-05,-1.6211877191978066e-06,1.9818718612138297e-05,60.0
FP1,872,872,689,183,394,0.7901376146788991,0.6361957525392429,0.7048593350383633,cao2018,S12/060710_1m,frontal_left,mean,mean__frontal_left__FP1,2,70,"[8, 9, 10, 14, 18, 19, 66, 68]",8,False,9.974720024976499e-05,7.616752794077742e-08,3.32236775739414e-05,60.0
F3,220,220,143,77,940,0.65,0.13204062788550322,0.2194934765924789,cao2018,S12/060710_1m,frontal_left,mean,mean__frontal_left__F3,2,70,"[8, 9, 10, 14, 18, 19, 66, 68]",8,False,5.939310396903755e-05,-6.305186737734394e-08,1.9818718612138297e-05,60.0
FP2,1009,1009,794,215,289,0.7869177403369673,0.7331486611265005,0.7590822179732313,cao2018,S12/060710_1m,frontal_right,median,median__frontal_right__FP2,2,70,"[4, 8, 10, 14, 18, 19, 66, 68]",8,False,8.51535445276245e-05,-4.57386979766864e-06,2.9909138108431048e-05,60.0
F4,370,370,282,88,801,0.7621621621621621,0.26038781163434904,0.38816242257398487,cao2018,S12/060710_1m,frontal_right,median,median__frontal_right__F4,2,70,"[4, 8, 10, 14, 18, 19, 66, 68]",8,False,5.48513779442445e-05,-2.2559238542734496e-06,1.9035767266172648e-05,60.0
FP2,930,930,748,182,335,0.8043010752688172,0.6906740535549399,0.7431693989071038,cao2018,S12/060710_1m,frontal_right,mean,mean__frontal_right__FP2,2,70,"[4, 8, 10, 14, 18, 19, 66, 68]",8,False,8.979053575400871e-05,6.312142871557091e-08,2.9909138108431048e-05,60.0
F4,323,323,241,82,842,0.7461300309597523,0.22253000923361035,0.3428165007112376,cao2018,S12/060710_1m,frontal_right,mean,mean__frontal_right__F4,2,70,"[4, 8, 10, 14, 18, 19, 66, 68]",8,False,5.714968860589975e-05,4.2386807381802175e-08,1.9035767266172648e-05,60.0
FP1,1303,1303,932,371,151,0.7152724481964697,0.8605724838411819,0.7812238055322717,cao2018,S12/060710_1m,all_channel,median,median__all_channel__FP1,32,35,"[1, 2, 4, 5, 7, 9, 15, 16, 21, 33, 34]",11,False,7.574729963122766e-05,-4.619462305508956e-06,2.678892064557887e-05,120.0
FP2,1298,1298,927,371,156,0.714175654853621,0.8559556786703602,0.7786644267114657,cao2018,S12/060710_1m,all_channel,median,median__all_channel__FP2,32,35,"[1, 2, 4, 5, 7, 9, 15, 16, 21, 33, 34]",11,False,7.001911618052524e-05,-4.128445264524198e-06,2.4715853815016477e-05,120.0
FZ,649,649,481,168,602,0.7411402157164869,0.4441366574330563,0.5554272517321015,cao2018,S12/060710_1m,all_channel,median,median__all_channel__FZ,32,35,"[1, 2, 4, 5, 7, 9, 15, 16, 21, 33, 34]",11,False,4.1862322534184595e-05,-1.7288818181357584e-06,1.453040145077345e-05,120.0
F4,566,566,430,136,653,0.7597173144876325,0.39704524469067404,0.5215281989084294,cao2018,S12/060710_1m,all_channel,median,median__all_channel__F4,32,35,"[1, 2, 4, 5, 7, 9, 15, 16, 21, 33, 34]",11,False,4.822697741835066e-05,-1.8309312189589047e-06,1.6685969545769855e-05,120.0
F8,488,488,403,85,680,0.8258196721311475,0.3721144967682364,0.5130490133672819,cao2018,S12/060710_1m,all_channel,median,median__all_channel__F8,32,35,"[1, 2, 4, 5, 7, 9, 15, 16, 21, 33, 34]",11,False,5.2533185778015774e-05,-1.3297204598664642e-06,1.795430207929408e-05,120.0
F3,589,589,394,195,689,0.6689303904923599,0.3638042474607572,0.4712918660287082,cao2018,S12/060710_1m,all_channel,median,median__all_channel__F3,32,35,"[1, 2, 4, 5, 7, 9, 15, 16, 21, 33, 34]",11,False,4.6416440458136954e-05,-1.554346391435671e-06,1.5990262283190874e-05,120.0
F7,568,568,365,203,718,0.6426056338028169,0.33702677746999077,0.4421562689279225,cao2018,S12/060710_1m,all_channel,median,median__all_channel__F7,32,35,"[1, 2, 4, 5, 7, 9, 15, 16, 21, 33, 34]",11,False,5.2589343074484593e-05,-1.7440315133930352e-06,1.8111124862625874e-05,120.0
FC3,366,366,249,117,834,0.680327868852459,0.2299168975069252,0.34368530020703936,cao2018,S12/060710_1m,all_channel,median,median__all_channel__FC3,32,35,"[1, 2, 4, 5, 7, 9, 15, 16, 21, 33, 34]",11,False,3.6765191819357196e-05,-1.013083150741688e-06,1.2592758323366296e-05,120.0
FC4,266,266,214,52,869,0.8045112781954887,0.19759926131117267,0.3172720533728688,cao2018,S12/060710_1m,all_channel,median,median__all_channel__FC4,32,35,"[1, 2, 4, 5, 7, 9, 15, 16, 21, 33, 34]",11,False,3.711060084417316e-05,-9.844199512552596e-07,1.2698340265142805e-05,120.0
FCZ,209,209,150,59,933,0.7177033492822966,0.13850415512465375,0.2321981424148607,cao2018,S12/060710_1m,all_channel,median,median__all_channel__FCZ,32,35,"[1, 2, 4, 5, 7, 9, 15, 16, 21, 33, 34]",11,False,3.7750262124548e-05,-9.173144962771269e-07,1.288919220694171e-05,120.0
FT8,187,187,116,71,967,0.6203208556149733,0.10710987996306556,0.1826771653543307,cao2018,S12/060710_1m,all_channel,median,median__all_channel__FT8,32,35,"[1, 2, 4, 5, 7, 9, 15, 16, 21, 33, 34]",11,False,3.654624942438105e-05,-4.4058554384833863e-07,1.2328944989409797e-05,120.0
C3,177,177,115,62,968,0.6497175141242938,0.1061865189289012,0.18253968253968256,cao2018,S12/060710_1m,all_channel,median,median__all_channel__C3,32,35,"[1, 2, 4, 5, 7, 9, 15, 16, 21, 33, 34]",11,False,3.170340807443598e-05,-6.863182995205406e-07,1.079657545798551e-05,120.0
FT7,231,231,110,121,973,0.47619047619047616,0.10156971375807941,0.167427701674277,cao2018,S12/060710_1m,all_channel,median,median__all_channel__FT7,32,35,"[1, 2, 4, 5, 7, 9, 15, 16, 21, 33, 34]",11,False,3.684154371257442e-05,-5.185923097849949e-07,1.2453378674119807e-05,120.0
C4,149,149,96,53,987,0.6442953020134228,0.0886426592797784,0.15584415584415584,cao2018,S12/060710_1m,all_channel,median,median__all_channel__C4,32,35,"[1, 2, 4, 5, 7, 9, 15, 16, 21, 33, 34]",11,False,3.252301383323983e-05,-6.341543661022736e-07,1.1052389399780702e-05,120.0
CP3,97,97,50,47,1033,0.5154639175257731,0.046168051708217916,0.08474576271186442,cao2018,S12/060710_1m,all_channel,median,median__all_channel__CP3,32,35,"[1, 2, 4, 5, 7, 9, 15, 16, 21, 33, 34]",11,False,2.749503889874955e-05,-3.9288381002178506e-07,9.295974236257112e-06,120.0
CP4,76,76,46,30,1037,0.6052631578947368,0.04247460757156048,0.07937877480586711,cao2018,S12/060710_1m,all_channel,median,median__all_channel__CP4,32,35,"[1, 2, 4, 5, 7, 9, 15, 16, 21, 33, 34]",11,False,2.9671648336979444e-05,-3.633177827449093e-07,1.0011655373241451e-05,120.0
CZ,90,90,44,46,1039,0.4888888888888889,0.040627885503231764,0.07502131287297528,cao2018,S12/060710_1m,all_channel,median,median__all_channel__CZ,32,35,"[1, 2, 4, 5, 7, 9, 15, 16, 21, 33, 34]",11,False,3.4181274001688014e-05,-5.649469618159342e-07,1.1582073654501316e-05,120.0
P3,363,363,53,310,1030,0.14600550964187328,0.048938134810710986,0.07330567081604426,cao2018,S12/060710_1m,all_channel,median,median__all_channel__P3,32,35,"[1, 2, 4, 5, 7, 9, 15, 16, 21, 33, 34]",11,False,2.910078438736737e-05,-3.422273003147273e-07,9.814337229227366e-06,120.0
T4,202,202,47,155,1036,0.23267326732673269,0.04339796860572484,0.07315175097276265,cao2018,S12/060710_1m,all_channel,median,median__all_channel__T4,32,35,"[1, 2, 4, 5, 7, 9, 15, 16, 21, 33, 34]",11,False,3.584630013244133e-05,2.259037725532015e-07,1.1873465453296043e-05,120.0
T3,107,107,37,70,1046,0.34579439252336447,0.034164358264081256,0.06218487394957983,cao2018,S12/060710_1m,all_channel,median,median__all_channel__T3,32,35,"[1, 2, 4, 5, 7, 9, 15, 16, 21, 33, 34]",11,False,3.3460367323113015e-05,2.0227510019871133e-07,1.1086030740971435e-05,120.0
P4,196,196,37,159,1046,0.18877551020408162,0.034164358264081256,0.0578577013291634,cao2018,S12/060710_1m,all_channel,median,median__all_channel__P4,32,35,"[1, 2, 4, 5, 7, 9, 15, 16, 21, 33, 34]",11,False,3.1503237072373925e-05,-3.908899554501162e-07,1.0631375675941348e-05,120.0
CPZ,50,50,25,25,1058,0.5,0.023084025854108958,0.0441306266548985,cao2018,S12/060710_1m,all_channel,median,median__all_channel__CPZ,32,35,"[1, 2, 4, 5, 7, 9, 15, 16, 21, 33, 34]",11,False,3.0091351243267318e-05,-3.5504615232935056e-07,1.0148799131865556e-05,120.0
TP8,104,104,26,78,1057,0.25,0.024007386888273315,0.04380791912384162,cao2018,S12/060710_1m,all_channel,median,median__all_channel__TP8,32,35,"[1, 2, 4, 5, 7, 9, 15, 16, 21, 33, 34]",11,False,2.5853335996404745e-05,-2.4370108273472535e-08,8.625902034892738e-06,120.0
O1,208,208,27,181,1056,0.12980769230769232,0.024930747922437674,0.041828040278853604,cao2018,S12/060710_1m,all_channel,median,median__all_channel__O1,32,35,"[1, 2, 4, 5, 7, 9, 15, 16, 21, 33, 34]",11,False,2.4934584651536482e-05,3.3009845044762114e-07,8.201495400362954e-06,120.0
PZ,48,48,22,26,1061,0.4583333333333333,0.020313942751615882,0.038903625110521665,cao2018,S12/060710_1m,all_channel,median,median__all_channel__PZ,32,35,"[1, 2, 4, 5, 7, 9, 15, 16, 21, 33, 34]",11,False,2.882554461212762e-05,-2.3208909623177692e-07,9.685877902786465e-06,120.0
T5,108,108,20,88,1063,0.18518518518518517,0.018467220683287166,0.03358522250209908,cao2018,S12/060710_1m,all_channel,median,median__all_channel__T5,32,35,"[1, 2, 4, 5, 7, 9, 15, 16, 21, 33, 34]",11,False,1.703070914094131e-05,1.3018304433693607e-07,5.6335086988681244e-06,120.0
TP7,112,112,19,93,1064,0.16964285714285715,0.017543859649122806,0.031799163179916316,cao2018,S12/060710_1m,all_channel,median,median__all_channel__TP7,32,35,"[1, 2, 4, 5, 7, 9, 15, 16, 21, 33, 34]",11,False,1.7305983409720394e-05,1.417431884589824e-07,5.721413407087137e-06,120.0
O2,128,128,17,111,1066,0.1328125,0.01569713758079409,0.028075970272502068,cao2018,S12/060710_1m,all_channel,median,median__all_channel__O2,32,35,"[1, 2, 4, 5, 7, 9, 15, 16, 21, 33, 34]",11,False,2.4397745824943722e-05,2.164501184158827e-07,8.060431902175946e-06,120.0
A1,142,142,14,128,1069,0.09859154929577464,0.012927054478301015,0.022857142857142857,cao2018,S12/060710_1m,all_channel,median,median__all_channel__A1,32,35,"[1, 2, 4, 5, 7, 9, 15, 16, 21, 33, 34]",11,False,1.4414777679867763e-05,-1.38021111644077e-07,4.850932930503947e-06,120.0
OZ,85,85,13,72,1070,0.15294117647058825,0.012003693444136657,0.022260273972602742,cao2018,S12/060710_1m,all_channel,median,median__all_channel__OZ,32,35,"[1, 2, 4, 5, 7, 9, 15, 16, 21, 33, 34]",11,False,1.965811127575504e-05,1.2417855551308617e-07,6.511310906747319e-06,120.0
A2,38,38,11,27,1072,0.2894736842105263,0.010156971375807941,0.019625334522747548,cao2018,S12/060710_1m,all_channel,median,median__all_channel__A2,32,35,"[1, 2, 4, 5, 7, 9, 15, 16, 21, 33, 34]",11,False,1.4689492058136337e-05,1.3786215081745258e-07,4.850543302439628e-06,120.0
T6,34,34,8,26,1075,0.23529411764705882,0.007386888273314866,0.014324082363473588,cao2018,S12/060710_1m,all_channel,median,median__all_channel__T6,32,35,"[1, 2, 4, 5, 7, 9, 15, 16, 21, 33, 34]",11,False,2.413786774001928e-05,1.897329417068614e-08,8.039631481949531e-06,120.0
FP1,1215,1215,887,328,196,0.7300411522633745,0.8190212373037857,0.7719756309834639,cao2018,S12/060710_1m,all_channel,mean,mean__all_channel__FP1,32,35,"[1, 2, 4, 5, 7, 9, 15, 16, 21, 33, 34]",11,False,8.038351675056736e-05,1.6754813830751945e-08,2.678892064557887e-05,120.0
FP2,1218,1218,887,331,196,0.7282430213464697,0.8190212373037857,0.7709691438504999,cao2018,S12/060710_1m,all_channel,mean,mean__all_channel__FP2,32,35,"[1, 2, 4, 5, 7, 9, 15, 16, 21, 33, 34]",11,False,7.417249358698741e-05,2.4932141937982736e-08,2.4715853815016477e-05,120.0
FZ,590,590,440,150,643,0.7457627118644068,0.40627885503231764,0.5260011954572625,cao2018,S12/060710_1m,all_channel,mean,mean__all_channel__FZ,32,35,"[1, 2, 4, 5, 7, 9, 15, 16, 21, 33, 34]",11,False,4.360731174957345e-05,1.6107397253101e-08,1.453040145077345e-05,120.0
F4,519,519,395,124,688,0.7610789980732178,0.36472760849492153,0.49313358302122345,cao2018,S12/060710_1m,all_channel,mean,mean__all_channel__F4,32,35,"[1, 2, 4, 5, 7, 9, 15, 16, 21, 33, 34]",11,False,5.0084890526683404e-05,2.6981889373839084e-08,1.6685969545769855e-05,120.0
F8,443,443,367,76,716,0.8284424379232506,0.33887349953831947,0.48099606815203144,cao2018,S12/060710_1m,all_channel,mean,mean__all_channel__F8,32,35,"[1, 2, 4, 5, 7, 9, 15, 16, 21, 33, 34]",11,False,5.38670753110987e-05,4.169073216463309e-09,1.795430207929408e-05,120.0
F3,518,518,356,162,727,0.6872586872586872,0.32871652816251157,0.44472204871955034,cao2018,S12/060710_1m,all_channel,mean,mean__all_channel__F3,32,35,"[1, 2, 4, 5, 7, 9, 15, 16, 21, 33, 34]",11,False,4.7955281249061655e-05,-1.5505600510965947e-08,1.5990262283190874e-05,120.0
F7,506,506,329,177,754,0.650197628458498,0.30378578024007385,0.41409691629955947,cao2018,S12/060710_1m,all_channel,mean,mean__all_channel__F7,32,35,"[1, 2, 4, 5, 7, 9, 15, 16, 21, 33, 34]",11,False,5.4333676294839076e-05,3.0170696145163413e-10,1.8111124862625874e-05,120.0
FC3,303,303,208,95,875,0.6864686468646864,0.19205909510618652,0.3001443001443001,cao2018,S12/060710_1m,all_channel,mean,mean__all_channel__FC3,32,35,"[1, 2, 4, 5, 7, 9, 15, 16, 21, 33, 34]",11,False,3.778684253895621e-05,8.567568857326173e-09,1.2592758323366296e-05,120.0
FC4,232,232,188,44,895,0.8103448275862069,0.17359187442289936,0.2859315589353612,cao2018,S12/060710_1m,all_channel,mean,mean__all_channel__FC4,32,35,"[1, 2, 4, 5, 7, 9, 15, 16, 21, 33, 34]",11,False,3.811100510524056e-05,1.598430981214592e-08,1.2698340265142805e-05,120.0
FCZ,182,182,131,51,952,0.7197802197802198,0.12096029547553093,0.20711462450592888,cao2018,S12/060710_1m,all_channel,mean,mean__all_channel__FCZ,32,35,"[1, 2, 4, 5, 7, 9, 15, 16, 21, 33, 34]",11,False,3.8686670088252974e-05,1.9093467427843268e-08,1.288919220694171e-05,120.0
FT8,180,180,112,68,971,0.6222222222222222,0.10341643582640812,0.1773555027711797,cao2018,S12/060710_1m,all_channel,mean,mean__all_channel__FT8,32,35,"[1, 2, 4, 5, 7, 9, 15, 16, 21, 33, 34]",11,False,3.699061115717588e-05,3.776188946488918e-09,1.2328944989409797e-05,120.0
C3,158,158,102,56,981,0.6455696202531646,0.09418282548476455,0.16438356164383564,cao2018,S12/060710_1m,all_channel,mean,mean__all_channel__C3,32,35,"[1, 2, 4, 5, 7, 9, 15, 16, 21, 33, 34]",11,False,3.239911854555376e-05,9.392171597230845e-09,1.079657545798551e-05,120.0
FT7,219,219,107,112,976,0.4885844748858447,0.09879963065558633,0.16436251920122888,cao2018,S12/060710_1m,all_channel,mean,mean__all_channel__FT7,32,35,"[1, 2, 4, 5, 7, 9, 15, 16, 21, 33, 34]",11,False,3.735551015119052e-05,-4.6258711688965364e-09,1.2453378674119807e-05,120.0
C4,130,130,79,51,1004,0.6076923076923076,0.0729455216989843,0.1302555647155812,cao2018,S12/060710_1m,all_channel,mean,mean__all_channel__C4,32,35,"[1, 2, 4, 5, 7, 9, 15, 16, 21, 33, 34]",11,False,3.3170534104831755e-05,1.3365905489654341e-08,1.1052389399780702e-05,120.0
CP3,91,91,47,44,1036,0.5164835164835165,0.04339796860572484,0.08006814310051107,cao2018,S12/060710_1m,all_channel,mean,mean__all_channel__CP3,32,35,"[1, 2, 4, 5, 7, 9, 15, 16, 21, 33, 34]",11,False,2.7893754809082498e-05,5.83210031116057e-09,9.295974236257112e-06,120.0
T4,203,203,48,155,1035,0.23645320197044334,0.0443213296398892,0.07465007776049766,cao2018,S12/060710_1m,all_channel,mean,mean__all_channel__T4,32,35,"[1, 2, 4, 5, 7, 9, 15, 16, 21, 33, 34]",11,False,3.5629776502471616e-05,9.380142583488831e-09,1.1873465453296043e-05,120.0
CP4,70,70,43,27,1040,0.6142857142857143,0.03970452446906741,0.0745880312228968,cao2018,S12/060710_1m,all_channel,mean,mean__all_channel__CP4,32,35,"[1, 2, 4, 5, 7, 9, 15, 16, 21, 33, 34]",11,False,3.004536010157392e-05,1.0393981849568513e-08,1.0011655373241451e-05,120.0
P3,343,343,53,290,1030,0.15451895043731778,0.048938134810710986,0.07433380084151472,cao2018,S12/060710_1m,all_channel,mean,mean__all_channel__P3,32,35,"[1, 2, 4, 5, 7, 9, 15, 16, 21, 33, 34]",11,False,2.9446641635594034e-05,3.6299479119353407e-09,9.814337229227366e-06,120.0
T3,107,107,38,69,1045,0.35514018691588783,0.03508771929824561,0.06386554621848739,cao2018,S12/060710_1m,all_channel,mean,mean__all_channel__T3,32,35,"[1, 2, 4, 5, 7, 9, 15, 16, 21, 33, 34]",11,False,3.322944360591276e-05,-2.8648617001538143e-08,1.1086030740971435e-05,120.0
CZ,79,79,35,44,1048,0.4430379746835443,0.032317636195752536,0.060240963855421686,cao2018,S12/060710_1m,all_channel,mean,mean__all_channel__CZ,32,35,"[1, 2, 4, 5, 7, 9, 15, 16, 21, 33, 34]",11,False,3.476191015080829e-05,1.5689187304346097e-08,1.1582073654501316e-05,120.0
P4,178,178,33,145,1050,0.1853932584269663,0.030470914127423823,0.052339413164155434,cao2018,S12/060710_1m,all_channel,mean,mean__all_channel__P4,32,35,"[1, 2, 4, 5, 7, 9, 15, 16, 21, 33, 34]",11,False,3.189320370101368e-05,-9.233268103595169e-10,1.0631375675941348e-05,120.0
O1,223,223,29,194,1054,0.13004484304932734,0.02677746999076639,0.0444104134762634,cao2018,S12/060710_1m,all_channel,mean,mean__all_channel__O1,32,35,"[1, 2, 4, 5, 7, 9, 15, 16, 21, 33, 34]",11,False,2.4614190915929213e-05,9.70471484035266e-09,8.201495400362954e-06,120.0
TP8,104,104,26,78,1057,0.25,0.024007386888273315,0.04380791912384162,cao2018,S12/060710_1m,all_channel,mean,mean__all_channel__TP8,32,35,"[1, 2, 4, 5, 7, 9, 15, 16, 21, 33, 34]",11,False,2.5881102570345475e-05,3.3964656672588987e-09,8.625902034892738e-06,120.0
CPZ,46,46,23,23,1060,0.5,0.02123730378578024,0.040744021257750215,cao2018,S12/060710_1m,all_channel,mean,mean__all_channel__CPZ,32,35,"[1, 2, 4, 5, 7, 9, 15, 16, 21, 33, 34]",11,False,3.0456880991480944e-05,1.0483595884275522e-08,1.0148799131865556e-05,120.0
PZ,47,47,21,26,1062,0.44680851063829785,0.019390581717451522,0.03716814159292035,cao2018,S12/060710_1m,all_channel,mean,mean__all_channel__PZ,32,35,"[1, 2, 4, 5, 7, 9, 15, 16, 21, 33, 34]",11,False,2.9063186297133894e-05,5.552588774496132e-09,9.685877902786465e-06,120.0
T5,113,113,21,92,1062,0.18584070796460178,0.019390581717451522,0.03511705685618729,cao2018,S12/060710_1m,all_channel,mean,mean__all_channel__T5,32,35,"[1, 2, 4, 5, 7, 9, 15, 16, 21, 33, 34]",11,False,1.6902091990791237e-05,1.5658941868619606e-09,5.6335086988681244e-06,120.0
TP7,115,115,19,96,1064,0.16521739130434782,0.017543859649122806,0.03171953255425709,cao2018,S12/060710_1m,all_channel,mean,mean__all_channel__TP7,32,35,"[1, 2, 4, 5, 7, 9, 15, 16, 21, 33, 34]",11,False,1.716547835427457e-05,1.2381330131573973e-09,5.721413407087137e-06,120.0
O2,138,138,17,121,1066,0.12318840579710146,0.01569713758079409,0.027846027846027847,cao2018,S12/060710_1m,all_channel,mean,mean__all_channel__O2,32,35,"[1, 2, 4, 5, 7, 9, 15, 16, 21, 33, 34]",11,False,2.4185399905531866e-05,4.104199004028999e-09,8.060431902175946e-06,120.0
OZ,89,89,14,75,1069,0.15730337078651685,0.012927054478301015,0.023890784982935155,cao2018,S12/060710_1m,all_channel,mean,mean__all_channel__OZ,32,35,"[1, 2, 4, 5, 7, 9, 15, 16, 21, 33, 34]",11,False,1.9538383478273924e-05,4.450758031969466e-09,6.511310906747319e-06,120.0
A1,133,133,13,120,1070,0.09774436090225563,0.012003693444136657,0.021381578947368418,cao2018,S12/060710_1m,all_channel,mean,mean__all_channel__A1,32,35,"[1, 2, 4, 5, 7, 9, 15, 16, 21, 33, 34]",11,False,1.4548675809386026e-05,-4.1229821258147196e-09,4.850932930503947e-06,120.0
A2,41,41,12,29,1071,0.2926829268292683,0.0110803324099723,0.021352313167259787,cao2018,S12/060710_1m,all_channel,mean,mean__all_channel__A2,32,35,"[1, 2, 4, 5, 7, 9, 15, 16, 21, 33, 34]",11,False,1.4555759498622163e-05,4.129591303279195e-09,4.850543302439628e-06,120.0
T6,34,34,9,25,1074,0.2647058823529412,0.008310249307479225,0.01611459265890779,cao2018,S12/060710_1m,all_channel,mean,mean__all_channel__T6,32,35,"[1, 2, 4, 5, 7, 9, 15, 16, 21, 33, 34]",11,False,2.41229237267438e-05,4.029280895208472e-09,8.039631481949531e-06,120.0
FP2,1077,1077,830,247,253,0.7706592386258124,0.7663896583564174,0.7685185185185185,cao2018,S12/060710_1m,frontal,median,median__frontal__FP2,4,35,"[4, 5, 7, 9, 33, 34]",6,False,8.119346309854411e-05,-3.847865225716358e-06,2.8347109441420158e-05,120.0
FP1,1034,1034,789,245,294,0.7630560928433269,0.7285318559556787,0.7453944260746339,cao2018,S12/060710_1m,frontal,median,median__frontal__FP1,4,35,"[4, 5, 7, 9, 33, 34]",6,False,9.012562281168255e-05,-4.8219923499248e-06,3.1649205053869116e-05,120.0
F4,424,424,324,100,759,0.7641509433962265,0.29916897506925205,0.4299933642999337,cao2018,S12/060710_1m,frontal,median,median__frontal__F4,4,35,"[4, 5, 7, 9, 33, 34]",6,False,5.327130837100485e-05,-2.026201882507454e-06,1.8432503417837435e-05,120.0
F3,358,358,242,116,841,0.6759776536312849,0.2234533702677747,0.33587786259541985,cao2018,S12/060710_1m,frontal,median,median__frontal__F3,4,35,"[4, 5, 7, 9, 33, 34]",6,False,5.297462754479566e-05,-1.7246883680963095e-06,1.8233105304297322e-05,120.0
FP2,1010,1010,794,216,289,0.7861386138613862,0.7331486611265005,0.758719541328237,cao2018,S12/060710_1m,frontal,mean,mean__frontal__FP2,4,35,"[4, 5, 7, 9, 33, 34]",6,False,8.508288365466835e-05,4.155533040788242e-08,2.8347109441420158e-05,120.0
FP1,950,950,735,215,348,0.7736842105263158,0.6786703601108033,0.7230693556320708,cao2018,S12/060710_1m,frontal,mean,mean__frontal__FP1,4,35,"[4, 5, 7, 9, 33, 34]",6,False,9.498190365208634e-05,3.428849047899313e-08,3.1649205053869116e-05,120.0
F4,362,362,275,87,808,0.7596685082872928,0.25392428439519854,0.3806228373702423,cao2018,S12/060710_1m,frontal,mean,mean__frontal__F4,4,35,"[4, 5, 7, 9, 33, 34]",6,False,5.533572515020797e-05,3.821489669566834e-08,1.8432503417837435e-05,120.0
F3,325,325,216,109,867,0.6646153846153846,0.1994459833795014,0.3068181818181818,cao2018,S12/060710_1m,frontal,mean,mean__frontal__F3,4,35,"[4, 5, 7, 9, 33, 34]",6,False,5.4661427932232724e-05,-3.7887980659246254e-08,1.8233105304297322e-05,120.0
FP1,1034,1034,789,245,294,0.7630560928433269,0.7285318559556787,0.7453944260746339,cao2018,S12/060710_1m,frontal_left,median,median__frontal_left__FP1,2,35,"[4, 5, 7, 9, 33, 34]",6,False,9.012562281168255e-05,-4.8219923499248e-06,3.1649205053869116e-05,120.0
F3,358,358,242,116,841,0.6759776536312849,0.2234533702677747,0.33587786259541985,cao2018,S12/060710_1m,frontal_left,median,median__frontal_left__F3,2,35,"[4, 5, 7, 9, 33, 34]",6,False,5.297462754479566e-05,-1.7246883680963095e-06,1.8233105304297322e-05,120.0
FP1,950,950,735,215,348,0.7736842105263158,0.6786703601108033,0.7230693556320708,cao2018,S12/060710_1m,frontal_left,mean,mean__frontal_left__FP1,2,35,"[4, 5, 7, 9, 33, 34]",6,False,9.498190365208634e-05,3.428849047899313e-08,3.1649205053869116e-05,120.0
F3,325,325,216,109,867,0.6646153846153846,0.1994459833795014,0.3068181818181818,cao2018,S12/060710_1m,frontal_left,mean,mean__frontal_left__F3,2,35,"[4, 5, 7, 9, 33, 34]",6,False,5.4661427932232724e-05,-3.7887980659246254e-08,1.8233105304297322e-05,120.0
FP2,1077,1077,830,247,253,0.7706592386258124,0.7663896583564174,0.7685185185185185,cao2018,S12/060710_1m,frontal_right,median,median__frontal_right__FP2,2,35,"[4, 5, 7, 9, 33, 34]",6,False,8.119346309854411e-05,-3.847865225716358e-06,2.8347109441420158e-05,120.0
F4,424,424,324,100,759,0.7641509433962265,0.29916897506925205,0.4299933642999337,cao2018,S12/060710_1m,frontal_right,median,median__frontal_right__F4,2,35,"[4, 5, 7, 9, 33, 34]",6,False,5.327130837100485e-05,-2.026201882507454e-06,1.8432503417837435e-05,120.0
FP2,1010,1010,794,216,289,0.7861386138613862,0.7331486611265005,0.758719541328237,cao2018,S12/060710_1m,frontal_right,mean,mean__frontal_right__FP2,2,35,"[4, 5, 7, 9, 33, 34]",6,False,8.508288365466835e-05,4.155533040788242e-08,2.8347109441420158e-05,120.0
F4,362,362,275,87,808,0.7596685082872928,0.25392428439519854,0.3806228373702423,cao2018,S12/060710_1m,frontal_right,mean,mean__frontal_right__F4,2,35,"[4, 5, 7, 9, 33, 34]",6,False,5.533572515020797e-05,3.821489669566834e-08,1.8432503417837435e-05,120.0
