channel,raw_candidate_count,mapped_candidate_count,tp,fp,fn,precision,recall,f1,dataset,session,selection,center_method,condition,n_channels_used,n_valid,flagged_valid_epoch_indices,n_flagged,used_all_epochs,blink_region_threshold,threshold_center,threshold_dispersion,epoch_duration_s
FP1,671,671,336,335,80,0.5007451564828614,0.8076923076923077,0.6182152713891444,cao2018,S01/051017m,all_channel,median,median__all_channel__FP1,32,362,"[0, 1, 2, 3, 4, 5, 6, 7, 8, 9, 10, 11, 12, 13, 14, 15, 16, 17, 18, 19, 20, 21, 22, 23, 24, 25, 26, 27, 28, 29, 30, 31, 32, 33, 34, 35, 36, 37, 38, 39, 40, 41, 42, 43, 44, 45, 46, 47, 48, 49, 50, 51, 52, 53, 54, 55, 56, 57, 58, 59, 60, 61, 62, 63, 64, 65, 66, 67, 68, 69, 70, 71, 72, 73, 74, 75, 76, 77, 78, 79, 80, 81, 82, 83, 84, 85, 86, 87, 88, 89, 90, 91, 92, 93, 94, 95, 96, 97, 98, 99, 100, 101, 102, 103, 104, 105, 106, 107, 108, 109, 110, 111, 112, 113, 114, 115, 116, 117, 118, 119, 120, 121, 122, 123, 124, 125, 126, 127, 128, 129, 130, 131, 132, 133, 134, 135, 136, 137, 138, 139, 140, 141, 142, 143, 144, 145, 146, 147, 148, 149, 150, 151, 152, 153, 154, 155, 156, 157, 158, 159, 160, 161, 162, 163, 164, 165, 166, 167, 168, 169, 170, 171, 172, 173, 174, 175, 176, 177, 178, 179, 180, 181, 182, 183, 184, 185, 186, 187, 188, 189, 190, 191, 192, 193, 194, 195, 196, 197, 198, 199, 200, 201, 202, 203, 204, 205, 206, 207, 208, 209, 210, 211, 212, 213, 214, 215, 216, 217, 218, 219, 220, 221, 222, 223, 224, 225, 226, 227, 228, 229, 230, 231, 232, 233, 234, 235, 236, 237, 238, 239, 240, 241, 242, 243, 244, 245, 246, 247, 248, 249, 250, 251, 252, 253, 254, 255, 256, 257, 258, 259, 260, 261, 262, 263, 264, 265, 266, 267, 268, 269, 270, 271, 272, 273, 274, 275, 276, 277, 278, 279, 280, 281, 282, 283, 284, 285, 286, 287, 288, 289, 290, 291, 292, 293, 294, 295, 296, 297, 298, 299, 300, 301, 302, 303, 304, 305, 306, 307, 308, 310, 312, 313, 314, 315, 316, 317, 318, 319, 320, 321, 322, 323, 324, 325, 326, 327, 328, 329, 330, 331, 332, 333, 334, 335, 336, 337, 338, 339, 340, 341, 342, 343, 344, 345, 346, 347, 348, 349, 350, 351, 352, 353, 354, 355, 356, 357, 358, 359, 360, 361]",360,False,4.040059042295693e-05,-6.390541653833258e-07,1.3679881529446752e-05,10.0
FP2,582,582,264,318,152,0.4536082474226804,0.6346153846153846,0.5290581162324649,cao2018,S01/051017m,all_channel,median,median__all_channel__FP2,32,362,"[0, 1, 2, 3, 4, 5, 6, 7, 8, 9, 10, 11, 12, 13, 14, 15, 16, 17, 18, 19, 20, 21, 22, 23, 24, 25, 26, 27, 28, 29, 30, 31, 32, 33, 34, 35, 36, 37, 38, 39, 40, 41, 42, 43, 44, 45, 46, 47, 48, 49, 50, 51, 52, 53, 54, 55, 56, 57, 58, 59, 60, 61, 62, 63, 64, 65, 66, 67, 68, 69, 70, 71, 72, 73, 74, 75, 76, 77, 78, 79, 80, 81, 82, 83, 84, 85, 86, 87, 88, 89, 90, 91, 92, 93, 94, 95, 96, 97, 98, 99, 100, 101, 102, 103, 104, 105, 106, 107, 108, 109, 110, 111, 112, 113, 114, 115, 116, 117, 118, 119, 120, 121, 122, 123, 124, 125, 126, 127, 128, 129, 130, 131, 132, 133, 134, 135, 136, 137, 138, 139, 140, 141, 142, 143, 144, 145, 146, 147, 148, 149, 150, 151, 152, 153, 154, 155, 156, 157, 158, 159, 160, 161, 162, 163, 164, 165, 166, 167, 168, 169, 170, 171, 172, 173, 174, 175, 176, 177, 178, 179, 180, 181, 182, 183, 184, 185, 186, 187, 188, 189, 190, 191, 192, 193, 194, 195, 196, 197, 198, 199, 200, 201, 202, 203, 204, 205, 206, 207, 208, 209, 210, 211, 212, 213, 214, 215, 216, 217, 218, 219, 220, 221, 222, 223, 224, 225, 226, 227, 228, 229, 230, 231, 232, 233, 234, 235, 236, 237, 238, 239, 240, 241, 242, 243, 244, 245, 246, 247, 248, 249, 250, 251, 252, 253, 254, 255, 256, 257, 258, 259, 260, 261, 262, 263, 264, 265, 266, 267, 268, 269, 270, 271, 272, 273, 274, 275, 276, 277, 278, 279, 280, 281, 282, 283, 284, 285, 286, 287, 288, 289, 290, 291, 292, 293, 294, 295, 296, 297, 298, 299, 300, 301, 302, 303, 304, 305, 306, 307, 308, 310, 312, 313, 314, 315, 316, 317, 318, 319, 320, 321, 322, 323, 324, 325, 326, 327, 328, 329, 330, 331, 332, 333, 334, 335, 336, 337, 338, 339, 340, 341, 342, 343, 344, 345, 346, 347, 348, 349, 350, 351, 352, 353, 354, 355, 356, 357, 358, 359, 360, 361]",360,False,3.781245202195417e-05,-3.684210241509353e-07,1.2726957682035035e-05,10.0
F8,444,444,153,291,263,0.34459459459459457,0.36778846153846156,0.355813953488372,cao2018,S01/051017m,all_channel,median,median__all_channel__F8,32,362,"[0, 1, 2, 3, 4, 5, 6, 7, 8, 9, 10, 11, 12, 13, 14, 15, 16, 17, 18, 19, 20, 21, 22, 23, 24, 25, 26, 27, 28, 29, 30, 31, 32, 33, 34, 35, 36, 37, 38, 39, 40, 41, 42, 43, 44, 45, 46, 47, 48, 49, 50, 51, 52, 53, 54, 55, 56, 57, 58, 59, 60, 61, 62, 63, 64, 65, 66, 67, 68, 69, 70, 71, 72, 73, 74, 75, 76, 77, 78, 79, 80, 81, 82, 83, 84, 85, 86, 87, 88, 89, 90, 91, 92, 93, 94, 95, 96, 97, 98, 99, 100, 101, 102, 103, 104, 105, 106, 107, 108, 109, 110, 111, 112, 113, 114, 115, 116, 117, 118, 119, 120, 121, 122, 123, 124, 125, 126, 127, 128, 129, 130, 131, 132, 133, 134, 135, 136, 137, 138, 139, 140, 141, 142, 143, 144, 145, 146, 147, 148, 149, 150, 151, 152, 153, 154, 155, 156, 157, 158, 159, 160, 161, 162, 163, 164, 165, 166, 167, 168, 169, 170, 171, 172, 173, 174, 175, 176, 177, 178, 179, 180, 181, 182, 183, 184, 185, 186, 187, 188, 189, 190, 191, 192, 193, 194, 195, 196, 197, 198, 199, 200, 201, 202, 203, 204, 205, 206, 207, 208, 209, 210, 211, 212, 213, 214, 215, 216, 217, 218, 219, 220, 221, 222, 223, 224, 225, 226, 227, 228, 229, 230, 231, 232, 233, 234, 235, 236, 237, 238, 239, 240, 241, 242, 243, 244, 245, 246, 247, 248, 249, 250, 251, 252, 253, 254, 255, 256, 257, 258, 259, 260, 261, 262, 263, 264, 265, 266, 267, 268, 269, 270, 271, 272, 273, 274, 275, 276, 277, 278, 279, 280, 281, 282, 283, 284, 285, 286, 287, 288, 289, 290, 291, 292, 293, 294, 295, 296, 297, 298, 299, 300, 301, 302, 303, 304, 305, 306, 307, 308, 310, 312, 313, 314, 315, 316, 317, 318, 319, 320, 321, 322, 323, 324, 325, 326, 327, 328, 329, 330, 331, 332, 333, 334, 335, 336, 337, 338, 339, 340, 341, 342, 343, 344, 345, 346, 347, 348, 349, 350, 351, 352, 353, 354, 355, 356, 357, 358, 359, 360, 361]",360,False,2.951869724878957e-05,-1.4946784018217066e-07,9.88938836299058e-06,10.0
FT8,312,312,92,220,324,0.2948717948717949,0.22115384615384615,0.2527472527472528,cao2018,S01/051017m,all_channel,median,median__all_channel__FT8,32,362,"[0, 1, 2, 3, 4, 5, 6, 7, 8, 9, 10, 11, 12, 13, 14, 15, 16, 17, 18, 19, 20, 21, 22, 23, 24, 25, 26, 27, 28, 29, 30, 31, 32, 33, 34, 35, 36, 37, 38, 39, 40, 41, 42, 43, 44, 45, 46, 47, 48, 49, 50, 51, 52, 53, 54, 55, 56, 57, 58, 59, 60, 61, 62, 63, 64, 65, 66, 67, 68, 69, 70, 71, 72, 73, 74, 75, 76, 77, 78, 79, 80, 81, 82, 83, 84, 85, 86, 87, 88, 89, 90, 91, 92, 93, 94, 95, 96, 97, 98, 99, 100, 101, 102, 103, 104, 105, 106, 107, 108, 109, 110, 111, 112, 113, 114, 115, 116, 117, 118, 119, 120, 121, 122, 123, 124, 125, 126, 127, 128, 129, 130, 131, 132, 133, 134, 135, 136, 137, 138, 139, 140, 141, 142, 143, 144, 145, 146, 147, 148, 149, 150, 151, 152, 153, 154, 155, 156, 157, 158, 159, 160, 161, 162, 163, 164, 165, 166, 167, 168, 169, 170, 171, 172, 173, 174, 175, 176, 177, 178, 179, 180, 181, 182, 183, 184, 185, 186, 187, 188, 189, 190, 191, 192, 193, 194, 195, 196, 197, 198, 199, 200, 201, 202, 203, 204, 205, 206, 207, 208, 209, 210, 211, 212, 213, 214, 215, 216, 217, 218, 219, 220, 221, 222, 223, 224, 225, 226, 227, 228, 229, 230, 231, 232, 233, 234, 235, 236, 237, 238, 239, 240, 241, 242, 243, 244, 245, 246, 247, 248, 249, 250, 251, 252, 253, 254, 255, 256, 257, 258, 259, 260, 261, 262, 263, 264, 265, 266, 267, 268, 269, 270, 271, 272, 273, 274, 275, 276, 277, 278, 279, 280, 281, 282, 283, 284, 285, 286, 287, 288, 289, 290, 291, 292, 293, 294, 295, 296, 297, 298, 299, 300, 301, 302, 303, 304, 305, 306, 307, 308, 310, 312, 313, 314, 315, 316, 317, 318, 319, 320, 321, 322, 323, 324, 325, 326, 327, 328, 329, 330, 331, 332, 333, 334, 335, 336, 337, 338, 339, 340, 341, 342, 343, 344, 345, 346, 347, 348, 349, 350, 351, 352, 353, 354, 355, 356, 357, 358, 359, 360, 361]",360,False,2.341331925005582e-05,-7.916801492662544e-08,7.830829088327482e-06,10.0
F4,363,363,79,284,337,0.21763085399449036,0.18990384615384615,0.20282413350449296,cao2018,S01/051017m,all_channel,median,median__all_channel__F4,32,362,"[0, 1, 2, 3, 4, 5, 6, 7, 8, 9, 10, 11, 12, 13, 14, 15, 16, 17, 18, 19, 20, 21, 22, 23, 24, 25, 26, 27, 28, 29, 30, 31, 32, 33, 34, 35, 36, 37, 38, 39, 40, 41, 42, 43, 44, 45, 46, 47, 48, 49, 50, 51, 52, 53, 54, 55, 56, 57, 58, 59, 60, 61, 62, 63, 64, 65, 66, 67, 68, 69, 70, 71, 72, 73, 74, 75, 76, 77, 78, 79, 80, 81, 82, 83, 84, 85, 86, 87, 88, 89, 90, 91, 92, 93, 94, 95, 96, 97, 98, 99, 100, 101, 102, 103, 104, 105, 106, 107, 108, 109, 110, 111, 112, 113, 114, 115, 116, 117, 118, 119, 120, 121, 122, 123, 124, 125, 126, 127, 128, 129, 130, 131, 132, 133, 134, 135, 136, 137, 138, 139, 140, 141, 142, 143, 144, 145, 146, 147, 148, 149, 150, 151, 152, 153, 154, 155, 156, 157, 158, 159, 160, 161, 162, 163, 164, 165, 166, 167, 168, 169, 170, 171, 172, 173, 174, 175, 176, 177, 178, 179, 180, 181, 182, 183, 184, 185, 186, 187, 188, 189, 190, 191, 192, 193, 194, 195, 196, 197, 198, 199, 200, 201, 202, 203, 204, 205, 206, 207, 208, 209, 210, 211, 212, 213, 214, 215, 216, 217, 218, 219, 220, 221, 222, 223, 224, 225, 226, 227, 228, 229, 230, 231, 232, 233, 234, 235, 236, 237, 238, 239, 240, 241, 242, 243, 244, 245, 246, 247, 248, 249, 250, 251, 252, 253, 254, 255, 256, 257, 258, 259, 260, 261, 262, 263, 264, 265, 266, 267, 268, 269, 270, 271, 272, 273, 274, 275, 276, 277, 278, 279, 280, 281, 282, 283, 284, 285, 286, 287, 288, 289, 290, 291, 292, 293, 294, 295, 296, 297, 298, 299, 300, 301, 302, 303, 304, 305, 306, 307, 308, 310, 312, 313, 314, 315, 316, 317, 318, 319, 320, 321, 322, 323, 324, 325, 326, 327, 328, 329, 330, 331, 332, 333, 334, 335, 336, 337, 338, 339, 340, 341, 342, 343, 344, 345, 346, 347, 348, 349, 350, 351, 352, 353, 354, 355, 356, 357, 358, 359, 360, 361]",360,False,3.480428009995677e-05,-7.20078433068707e-08,1.1625429314421215e-05,10.0
F7,257,257,65,192,351,0.2529182879377432,0.15625,0.19316493313521546,cao2018,S01/051017m,all_channel,median,median__all_channel__F7,32,362,"[0, 1, 2, 3, 4, 5, 6, 7, 8, 9, 10, 11, 12, 13, 14, 15, 16, 17, 18, 19, 20, 21, 22, 23, 24, 25, 26, 27, 28, 29, 30, 31, 32, 33, 34, 35, 36, 37, 38, 39, 40, 41, 42, 43, 44, 45, 46, 47, 48, 49, 50, 51, 52, 53, 54, 55, 56, 57, 58, 59, 60, 61, 62, 63, 64, 65, 66, 67, 68, 69, 70, 71, 72, 73, 74, 75, 76, 77, 78, 79, 80, 81, 82, 83, 84, 85, 86, 87, 88, 89, 90, 91, 92, 93, 94, 95, 96, 97, 98, 99, 100, 101, 102, 103, 104, 105, 106, 107, 108, 109, 110, 111, 112, 113, 114, 115, 116, 117, 118, 119, 120, 121, 122, 123, 124, 125, 126, 127, 128, 129, 130, 131, 132, 133, 134, 135, 136, 137, 138, 139, 140, 141, 142, 143, 144, 145, 146, 147, 148, 149, 150, 151, 152, 153, 154, 155, 156, 157, 158, 159, 160, 161, 162, 163, 164, 165, 166, 167, 168, 169, 170, 171, 172, 173, 174, 175, 176, 177, 178, 179, 180, 181, 182, 183, 184, 185, 186, 187, 188, 189, 190, 191, 192, 193, 194, 195, 196, 197, 198, 199, 200, 201, 202, 203, 204, 205, 206, 207, 208, 209, 210, 211, 212, 213, 214, 215, 216, 217, 218, 219, 220, 221, 222, 223, 224, 225, 226, 227, 228, 229, 230, 231, 232, 233, 234, 235, 236, 237, 238, 239, 240, 241, 242, 243, 244, 245, 246, 247, 248, 249, 250, 251, 252, 253, 254, 255, 256, 257, 258, 259, 260, 261, 262, 263, 264, 265, 266, 267, 268, 269, 270, 271, 272, 273, 274, 275, 276, 277, 278, 279, 280, 281, 282, 283, 284, 285, 286, 287, 288, 289, 290, 291, 292, 293, 294, 295, 296, 297, 298, 299, 300, 301, 302, 303, 304, 305, 306, 307, 308, 310, 312, 313, 314, 315, 316, 317, 318, 319, 320, 321, 322, 323, 324, 325, 326, 327, 328, 329, 330, 331, 332, 333, 334, 335, 336, 337, 338, 339, 340, 341, 342, 343, 344, 345, 346, 347, 348, 349, 350, 351, 352, 353, 354, 355, 356, 357, 358, 359, 360, 361]",360,False,3.319832829982855e-05,-4.696609986196396e-08,1.1081764799896835e-05,10.0
T4,312,312,62,250,354,0.1987179487179487,0.14903846153846154,0.17032967032967034,cao2018,S01/051017m,all_channel,median,median__all_channel__T4,32,362,"[0, 1, 2, 3, 4, 5, 6, 7, 8, 9, 10, 11, 12, 13, 14, 15, 16, 17, 18, 19, 20, 21, 22, 23, 24, 25, 26, 27, 28, 29, 30, 31, 32, 33, 34, 35, 36, 37, 38, 39, 40, 41, 42, 43, 44, 45, 46, 47, 48, 49, 50, 51, 52, 53, 54, 55, 56, 57, 58, 59, 60, 61, 62, 63, 64, 65, 66, 67, 68, 69, 70, 71, 72, 73, 74, 75, 76, 77, 78, 79, 80, 81, 82, 83, 84, 85, 86, 87, 88, 89, 90, 91, 92, 93, 94, 95, 96, 97, 98, 99, 100, 101, 102, 103, 104, 105, 106, 107, 108, 109, 110, 111, 112, 113, 114, 115, 116, 117, 118, 119, 120, 121, 122, 123, 124, 125, 126, 127, 128, 129, 130, 131, 132, 133, 134, 135, 136, 137, 138, 139, 140, 141, 142, 143, 144, 145, 146, 147, 148, 149, 150, 151, 152, 153, 154, 155, 156, 157, 158, 159, 160, 161, 162, 163, 164, 165, 166, 167, 168, 169, 170, 171, 172, 173, 174, 175, 176, 177, 178, 179, 180, 181, 182, 183, 184, 185, 186, 187, 188, 189, 190, 191, 192, 193, 194, 195, 196, 197, 198, 199, 200, 201, 202, 203, 204, 205, 206, 207, 208, 209, 210, 211, 212, 213, 214, 215, 216, 217, 218, 219, 220, 221, 222, 223, 224, 225, 226, 227, 228, 229, 230, 231, 232, 233, 234, 235, 236, 237, 238, 239, 240, 241, 242, 243, 244, 245, 246, 247, 248, 249, 250, 251, 252, 253, 254, 255, 256, 257, 258, 259, 260, 261, 262, 263, 264, 265, 266, 267, 268, 269, 270, 271, 272, 273, 274, 275, 276, 277, 278, 279, 280, 281, 282, 283, 284, 285, 286, 287, 288, 289, 290, 291, 292, 293, 294, 295, 296, 297, 298, 299, 300, 301, 302, 303, 304, 305, 306, 307, 308, 310, 312, 313, 314, 315, 316, 317, 318, 319, 320, 321, 322, 323, 324, 325, 326, 327, 328, 329, 330, 331, 332, 333, 334, 335, 336, 337, 338, 339, 340, 341, 342, 343, 344, 345, 346, 347, 348, 349, 350, 351, 352, 353, 354, 355, 356, 357, 358, 359, 360, 361]",360,False,2.0753902842532306e-05,-1.660045182948472e-08,6.9235010981205966e-06,10.0
F3,306,306,60,246,356,0.19607843137254902,0.14423076923076922,0.16620498614958445,cao2018,S01/051017m,all_channel,median,median__all_channel__F3,32,362,"[0, 1, 2, 3, 4, 5, 6, 7, 8, 9, 10, 11, 12, 13, 14, 15, 16, 17, 18, 19, 20, 21, 22, 23, 24, 25, 26, 27, 28, 29, 30, 31, 32, 33, 34, 35, 36, 37, 38, 39, 40, 41, 42, 43, 44, 45, 46, 47, 48, 49, 50, 51, 52, 53, 54, 55, 56, 57, 58, 59, 60, 61, 62, 63, 64, 65, 66, 67, 68, 69, 70, 71, 72, 73, 74, 75, 76, 77, 78, 79, 80, 81, 82, 83, 84, 85, 86, 87, 88, 89, 90, 91, 92, 93, 94, 95, 96, 97, 98, 99, 100, 101, 102, 103, 104, 105, 106, 107, 108, 109, 110, 111, 112, 113, 114, 115, 116, 117, 118, 119, 120, 121, 122, 123, 124, 125, 126, 127, 128, 129, 130, 131, 132, 133, 134, 135, 136, 137, 138, 139, 140, 141, 142, 143, 144, 145, 146, 147, 148, 149, 150, 151, 152, 153, 154, 155, 156, 157, 158, 159, 160, 161, 162, 163, 164, 165, 166, 167, 168, 169, 170, 171, 172, 173, 174, 175, 176, 177, 178, 179, 180, 181, 182, 183, 184, 185, 186, 187, 188, 189, 190, 191, 192, 193, 194, 195, 196, 197, 198, 199, 200, 201, 202, 203, 204, 205, 206, 207, 208, 209, 210, 211, 212, 213, 214, 215, 216, 217, 218, 219, 220, 221, 222, 223, 224, 225, 226, 227, 228, 229, 230, 231, 232, 233, 234, 235, 236, 237, 238, 239, 240, 241, 242, 243, 244, 245, 246, 247, 248, 249, 250, 251, 252, 253, 254, 255, 256, 257, 258, 259, 260, 261, 262, 263, 264, 265, 266, 267, 268, 269, 270, 271, 272, 273, 274, 275, 276, 277, 278, 279, 280, 281, 282, 283, 284, 285, 286, 287, 288, 289, 290, 291, 292, 293, 294, 295, 296, 297, 298, 299, 300, 301, 302, 303, 304, 305, 306, 307, 308, 310, 312, 313, 314, 315, 316, 317, 318, 319, 320, 321, 322, 323, 324, 325, 326, 327, 328, 329, 330, 331, 332, 333, 334, 335, 336, 337, 338, 339, 340, 341, 342, 343, 344, 345, 346, 347, 348, 349, 350, 351, 352, 353, 354, 355, 356, 357, 358, 359, 360, 361]",360,False,3.5595150893667665e-05,0.0,1.1865050297889222e-05,10.0
FC4,358,358,60,298,356,0.16759776536312848,0.14423076923076922,0.15503875968992248,cao2018,S01/051017m,all_channel,median,median__all_channel__FC4,32,362,"[0, 1, 2, 3, 4, 5, 6, 7, 8, 9, 10, 11, 12, 13, 14, 15, 16, 17, 18, 19, 20, 21, 22, 23, 24, 25, 26, 27, 28, 29, 30, 31, 32, 33, 34, 35, 36, 37, 38, 39, 40, 41, 42, 43, 44, 45, 46, 47, 48, 49, 50, 51, 52, 53, 54, 55, 56, 57, 58, 59, 60, 61, 62, 63, 64, 65, 66, 67, 68, 69, 70, 71, 72, 73, 74, 75, 76, 77, 78, 79, 80, 81, 82, 83, 84, 85, 86, 87, 88, 89, 90, 91, 92, 93, 94, 95, 96, 97, 98, 99, 100, 101, 102, 103, 104, 105, 106, 107, 108, 109, 110, 111, 112, 113, 114, 115, 116, 117, 118, 119, 120, 121, 122, 123, 124, 125, 126, 127, 128, 129, 130, 131, 132, 133, 134, 135, 136, 137, 138, 139, 140, 141, 142, 143, 144, 145, 146, 147, 148, 149, 150, 151, 152, 153, 154, 155, 156, 157, 158, 159, 160, 161, 162, 163, 164, 165, 166, 167, 168, 169, 170, 171, 172, 173, 174, 175, 176, 177, 178, 179, 180, 181, 182, 183, 184, 185, 186, 187, 188, 189, 190, 191, 192, 193, 194, 195, 196, 197, 198, 199, 200, 201, 202, 203, 204, 205, 206, 207, 208, 209, 210, 211, 212, 213, 214, 215, 216, 217, 218, 219, 220, 221, 222, 223, 224, 225, 226, 227, 228, 229, 230, 231, 232, 233, 234, 235, 236, 237, 238, 239, 240, 241, 242, 243, 244, 245, 246, 247, 248, 249, 250, 251, 252, 253, 254, 255, 256, 257, 258, 259, 260, 261, 262, 263, 264, 265, 266, 267, 268, 269, 270, 271, 272, 273, 274, 275, 276, 277, 278, 279, 280, 281, 282, 283, 284, 285, 286, 287, 288, 289, 290, 291, 292, 293, 294, 295, 296, 297, 298, 299, 300, 301, 302, 303, 304, 305, 306, 307, 308, 310, 312, 313, 314, 315, 316, 317, 318, 319, 320, 321, 322, 323, 324, 325, 326, 327, 328, 329, 330, 331, 332, 333, 334, 335, 336, 337, 338, 339, 340, 341, 342, 343, 344, 345, 346, 347, 348, 349, 350, 351, 352, 353, 354, 355, 356, 357, 358, 359, 360, 361]",360,False,3.155037871066838e-05,-3.393989310552364e-08,1.0528106201257969e-05,10.0
FZ,348,348,57,291,359,0.16379310344827586,0.13701923076923078,0.1492146596858639,cao2018,S01/051017m,all_channel,median,median__all_channel__FZ,32,362,"[0, 1, 2, 3, 4, 5, 6, 7, 8, 9, 10, 11, 12, 13, 14, 15, 16, 17, 18, 19, 20, 21, 22, 23, 24, 25, 26, 27, 28, 29, 30, 31, 32, 33, 34, 35, 36, 37, 38, 39, 40, 41, 42, 43, 44, 45, 46, 47, 48, 49, 50, 51, 52, 53, 54, 55, 56, 57, 58, 59, 60, 61, 62, 63, 64, 65, 66, 67, 68, 69, 70, 71, 72, 73, 74, 75, 76, 77, 78, 79, 80, 81, 82, 83, 84, 85, 86, 87, 88, 89, 90, 91, 92, 93, 94, 95, 96, 97, 98, 99, 100, 101, 102, 103, 104, 105, 106, 107, 108, 109, 110, 111, 112, 113, 114, 115, 116, 117, 118, 119, 120, 121, 122, 123, 124, 125, 126, 127, 128, 129, 130, 131, 132, 133, 134, 135, 136, 137, 138, 139, 140, 141, 142, 143, 144, 145, 146, 147, 148, 149, 150, 151, 152, 153, 154, 155, 156, 157, 158, 159, 160, 161, 162, 163, 164, 165, 166, 167, 168, 169, 170, 171, 172, 173, 174, 175, 176, 177, 178, 179, 180, 181, 182, 183, 184, 185, 186, 187, 188, 189, 190, 191, 192, 193, 194, 195, 196, 197, 198, 199, 200, 201, 202, 203, 204, 205, 206, 207, 208, 209, 210, 211, 212, 213, 214, 215, 216, 217, 218, 219, 220, 221, 222, 223, 224, 225, 226, 227, 228, 229, 230, 231, 232, 233, 234, 235, 236, 237, 238, 239, 240, 241, 242, 243, 244, 245, 246, 247, 248, 249, 250, 251, 252, 253, 254, 255, 256, 257, 258, 259, 260, 261, 262, 263, 264, 265, 266, 267, 268, 269, 270, 271, 272, 273, 274, 275, 276, 277, 278, 279, 280, 281, 282, 283, 284, 285, 286, 287, 288, 289, 290, 291, 292, 293, 294, 295, 296, 297, 298, 299, 300, 301, 302, 303, 304, 305, 306, 307, 308, 310, 312, 313, 314, 315, 316, 317, 318, 319, 320, 321, 322, 323, 324, 325, 326, 327, 328, 329, 330, 331, 332, 333, 334, 335, 336, 337, 338, 339, 340, 341, 342, 343, 344, 345, 346, 347, 348, 349, 350, 351, 352, 353, 354, 355, 356, 357, 358, 359, 360, 361]",360,False,3.7491019016466445e-05,-2.9287090164844276e-08,1.250676870221043e-05,10.0
TP8,205,205,39,166,377,0.1902439024390244,0.09375,0.12560386473429952,cao2018,S01/051017m,all_channel,median,median__all_channel__TP8,32,362,"[0, 1, 2, 3, 4, 5, 6, 7, 8, 9, 10, 11, 12, 13, 14, 15, 16, 17, 18, 19, 20, 21, 22, 23, 24, 25, 26, 27, 28, 29, 30, 31, 32, 33, 34, 35, 36, 37, 38, 39, 40, 41, 42, 43, 44, 45, 46, 47, 48, 49, 50, 51, 52, 53, 54, 55, 56, 57, 58, 59, 60, 61, 62, 63, 64, 65, 66, 67, 68, 69, 70, 71, 72, 73, 74, 75, 76, 77, 78, 79, 80, 81, 82, 83, 84, 85, 86, 87, 88, 89, 90, 91, 92, 93, 94, 95, 96, 97, 98, 99, 100, 101, 102, 103, 104, 105, 106, 107, 108, 109, 110, 111, 112, 113, 114, 115, 116, 117, 118, 119, 120, 121, 122, 123, 124, 125, 126, 127, 128, 129, 130, 131, 132, 133, 134, 135, 136, 137, 138, 139, 140, 141, 142, 143, 144, 145, 146, 147, 148, 149, 150, 151, 152, 153, 154, 155, 156, 157, 158, 159, 160, 161, 162, 163, 164, 165, 166, 167, 168, 169, 170, 171, 172, 173, 174, 175, 176, 177, 178, 179, 180, 181, 182, 183, 184, 185, 186, 187, 188, 189, 190, 191, 192, 193, 194, 195, 196, 197, 198, 199, 200, 201, 202, 203, 204, 205, 206, 207, 208, 209, 210, 211, 212, 213, 214, 215, 216, 217, 218, 219, 220, 221, 222, 223, 224, 225, 226, 227, 228, 229, 230, 231, 232, 233, 234, 235, 236, 237, 238, 239, 240, 241, 242, 243, 244, 245, 246, 247, 248, 249, 250, 251, 252, 253, 254, 255, 256, 257, 258, 259, 260, 261, 262, 263, 264, 265, 266, 267, 268, 269, 270, 271, 272, 273, 274, 275, 276, 277, 278, 279, 280, 281, 282, 283, 284, 285, 286, 287, 288, 289, 290, 291, 292, 293, 294, 295, 296, 297, 298, 299, 300, 301, 302, 303, 304, 305, 306, 307, 308, 310, 312, 313, 314, 315, 316, 317, 318, 319, 320, 321, 322, 323, 324, 325, 326, 327, 328, 329, 330, 331, 332, 333, 334, 335, 336, 337, 338, 339, 340, 341, 342, 343, 344, 345, 346, 347, 348, 349, 350, 351, 352, 353, 354, 355, 356, 357, 358, 359, 360, 361]",360,False,1.8017922479270282e-05,5.0919012877751455e-08,5.989001155464176e-06,10.0
C4,345,345,46,299,370,0.13333333333333333,0.11057692307692307,0.12089356110381078,cao2018,S01/051017m,all_channel,median,median__all_channel__C4,32,362,"[0, 1, 2, 3, 4, 5, 6, 7, 8, 9, 10, 11, 12, 13, 14, 15, 16, 17, 18, 19, 20, 21, 22, 23, 24, 25, 26, 27, 28, 29, 30, 31, 32, 33, 34, 35, 36, 37, 38, 39, 40, 41, 42, 43, 44, 45, 46, 47, 48, 49, 50, 51, 52, 53, 54, 55, 56, 57, 58, 59, 60, 61, 62, 63, 64, 65, 66, 67, 68, 69, 70, 71, 72, 73, 74, 75, 76, 77, 78, 79, 80, 81, 82, 83, 84, 85, 86, 87, 88, 89, 90, 91, 92, 93, 94, 95, 96, 97, 98, 99, 100, 101, 102, 103, 104, 105, 106, 107, 108, 109, 110, 111, 112, 113, 114, 115, 116, 117, 118, 119, 120, 121, 122, 123, 124, 125, 126, 127, 128, 129, 130, 131, 132, 133, 134, 135, 136, 137, 138, 139, 140, 141, 142, 143, 144, 145, 146, 147, 148, 149, 150, 151, 152, 153, 154, 155, 156, 157, 158, 159, 160, 161, 162, 163, 164, 165, 166, 167, 168, 169, 170, 171, 172, 173, 174, 175, 176, 177, 178, 179, 180, 181, 182, 183, 184, 185, 186, 187, 188, 189, 190, 191, 192, 193, 194, 195, 196, 197, 198, 199, 200, 201, 202, 203, 204, 205, 206, 207, 208, 209, 210, 211, 212, 213, 214, 215, 216, 217, 218, 219, 220, 221, 222, 223, 224, 225, 226, 227, 228, 229, 230, 231, 232, 233, 234, 235, 236, 237, 238, 239, 240, 241, 242, 243, 244, 245, 246, 247, 248, 249, 250, 251, 252, 253, 254, 255, 256, 257, 258, 259, 260, 261, 262, 263, 264, 265, 266, 267, 268, 269, 270, 271, 272, 273, 274, 275, 276, 277, 278, 279, 280, 281, 282, 283, 284, 285, 286, 287, 288, 289, 290, 291, 292, 293, 294, 295, 296, 297, 298, 299, 300, 301, 302, 303, 304, 305, 306, 307, 308, 310, 312, 313, 314, 315, 316, 317, 318, 319, 320, 321, 322, 323, 324, 325, 326, 327, 328, 329, 330, 331, 332, 333, 334, 335, 336, 337, 338, 339, 340, 341, 342, 343, 344, 345, 346, 347, 348, 349, 350, 351, 352, 353, 354, 355, 356, 357, 358, 359, 360, 361]",360,False,2.8370441069737196e-05,-8.260762027586583e-09,9.459567277254927e-06,10.0
FT7,201,201,32,169,384,0.15920398009950248,0.07692307692307693,0.10372771474878445,cao2018,S01/051017m,all_channel,median,median__all_channel__FT7,32,362,"[0, 1, 2, 3, 4, 5, 6, 7, 8, 9, 10, 11, 12, 13, 14, 15, 16, 17, 18, 19, 20, 21, 22, 23, 24, 25, 26, 27, 28, 29, 30, 31, 32, 33, 34, 35, 36, 37, 38, 39, 40, 41, 42, 43, 44, 45, 46, 47, 48, 49, 50, 51, 52, 53, 54, 55, 56, 57, 58, 59, 60, 61, 62, 63, 64, 65, 66, 67, 68, 69, 70, 71, 72, 73, 74, 75, 76, 77, 78, 79, 80, 81, 82, 83, 84, 85, 86, 87, 88, 89, 90, 91, 92, 93, 94, 95, 96, 97, 98, 99, 100, 101, 102, 103, 104, 105, 106, 107, 108, 109, 110, 111, 112, 113, 114, 115, 116, 117, 118, 119, 120, 121, 122, 123, 124, 125, 126, 127, 128, 129, 130, 131, 132, 133, 134, 135, 136, 137, 138, 139, 140, 141, 142, 143, 144, 145, 146, 147, 148, 149, 150, 151, 152, 153, 154, 155, 156, 157, 158, 159, 160, 161, 162, 163, 164, 165, 166, 167, 168, 169, 170, 171, 172, 173, 174, 175, 176, 177, 178, 179, 180, 181, 182, 183, 184, 185, 186, 187, 188, 189, 190, 191, 192, 193, 194, 195, 196, 197, 198, 199, 200, 201, 202, 203, 204, 205, 206, 207, 208, 209, 210, 211, 212, 213, 214, 215, 216, 217, 218, 219, 220, 221, 222, 223, 224, 225, 226, 227, 228, 229, 230, 231, 232, 233, 234, 235, 236, 237, 238, 239, 240, 241, 242, 243, 244, 245, 246, 247, 248, 249, 250, 251, 252, 253, 254, 255, 256, 257, 258, 259, 260, 261, 262, 263, 264, 265, 266, 267, 268, 269, 270, 271, 272, 273, 274, 275, 276, 277, 278, 279, 280, 281, 282, 283, 284, 285, 286, 287, 288, 289, 290, 291, 292, 293, 294, 295, 296, 297, 298, 299, 300, 301, 302, 303, 304, 305, 306, 307, 308, 310, 312, 313, 314, 315, 316, 317, 318, 319, 320, 321, 322, 323, 324, 325, 326, 327, 328, 329, 330, 331, 332, 333, 334, 335, 336, 337, 338, 339, 340, 341, 342, 343, 344, 345, 346, 347, 348, 349, 350, 351, 352, 353, 354, 355, 356, 357, 358, 359, 360, 361]",360,False,2.8872252634369612e-05,2.3012343218410322e-08,9.616413430383734e-06,10.0
FC3,245,245,31,214,385,0.12653061224489795,0.07451923076923077,0.09379727685325265,cao2018,S01/051017m,all_channel,median,median__all_channel__FC3,32,362,"[0, 1, 2, 3, 4, 5, 6, 7, 8, 9, 10, 11, 12, 13, 14, 15, 16, 17, 18, 19, 20, 21, 22, 23, 24, 25, 26, 27, 28, 29, 30, 31, 32, 33, 34, 35, 36, 37, 38, 39, 40, 41, 42, 43, 44, 45, 46, 47, 48, 49, 50, 51, 52, 53, 54, 55, 56, 57, 58, 59, 60, 61, 62, 63, 64, 65, 66, 67, 68, 69, 70, 71, 72, 73, 74, 75, 76, 77, 78, 79, 80, 81, 82, 83, 84, 85, 86, 87, 88, 89, 90, 91, 92, 93, 94, 95, 96, 97, 98, 99, 100, 101, 102, 103, 104, 105, 106, 107, 108, 109, 110, 111, 112, 113, 114, 115, 116, 117, 118, 119, 120, 121, 122, 123, 124, 125, 126, 127, 128, 129, 130, 131, 132, 133, 134, 135, 136, 137, 138, 139, 140, 141, 142, 143, 144, 145, 146, 147, 148, 149, 150, 151, 152, 153, 154, 155, 156, 157, 158, 159, 160, 161, 162, 163, 164, 165, 166, 167, 168, 169, 170, 171, 172, 173, 174, 175, 176, 177, 178, 179, 180, 181, 182, 183, 184, 185, 186, 187, 188, 189, 190, 191, 192, 193, 194, 195, 196, 197, 198, 199, 200, 201, 202, 203, 204, 205, 206, 207, 208, 209, 210, 211, 212, 213, 214, 215, 216, 217, 218, 219, 220, 221, 222, 223, 224, 225, 226, 227, 228, 229, 230, 231, 232, 233, 234, 235, 236, 237, 238, 239, 240, 241, 242, 243, 244, 245, 246, 247, 248, 249, 250, 251, 252, 253, 254, 255, 256, 257, 258, 259, 260, 261, 262, 263, 264, 265, 266, 267, 268, 269, 270, 271, 272, 273, 274, 275, 276, 277, 278, 279, 280, 281, 282, 283, 284, 285, 286, 287, 288, 289, 290, 291, 292, 293, 294, 295, 296, 297, 298, 299, 300, 301, 302, 303, 304, 305, 306, 307, 308, 310, 312, 313, 314, 315, 316, 317, 318, 319, 320, 321, 322, 323, 324, 325, 326, 327, 328, 329, 330, 331, 332, 333, 334, 335, 336, 337, 338, 339, 340, 341, 342, 343, 344, 345, 346, 347, 348, 349, 350, 351, 352, 353, 354, 355, 356, 357, 358, 359, 360, 361]",360,False,3.303275431915785e-05,-6.138624993638272e-09,1.1012964314717163e-05,10.0
T6,172,172,26,146,390,0.1511627906976744,0.0625,0.08843537414965986,cao2018,S01/051017m,all_channel,median,median__all_channel__T6,32,362,"[0, 1, 2, 3, 4, 5, 6, 7, 8, 9, 10, 11, 12, 13, 14, 15, 16, 17, 18, 19, 20, 21, 22, 23, 24, 25, 26, 27, 28, 29, 30, 31, 32, 33, 34, 35, 36, 37, 38, 39, 40, 41, 42, 43, 44, 45, 46, 47, 48, 49, 50, 51, 52, 53, 54, 55, 56, 57, 58, 59, 60, 61, 62, 63, 64, 65, 66, 67, 68, 69, 70, 71, 72, 73, 74, 75, 76, 77, 78, 79, 80, 81, 82, 83, 84, 85, 86, 87, 88, 89, 90, 91, 92, 93, 94, 95, 96, 97, 98, 99, 100, 101, 102, 103, 104, 105, 106, 107, 108, 109, 110, 111, 112, 113, 114, 115, 116, 117, 118, 119, 120, 121, 122, 123, 124, 125, 126, 127, 128, 129, 130, 131, 132, 133, 134, 135, 136, 137, 138, 139, 140, 141, 142, 143, 144, 145, 146, 147, 148, 149, 150, 151, 152, 153, 154, 155, 156, 157, 158, 159, 160, 161, 162, 163, 164, 165, 166, 167, 168, 169, 170, 171, 172, 173, 174, 175, 176, 177, 178, 179, 180, 181, 182, 183, 184, 185, 186, 187, 188, 189, 190, 191, 192, 193, 194, 195, 196, 197, 198, 199, 200, 201, 202, 203, 204, 205, 206, 207, 208, 209, 210, 211, 212, 213, 214, 215, 216, 217, 218, 219, 220, 221, 222, 223, 224, 225, 226, 227, 228, 229, 230, 231, 232, 233, 234, 235, 236, 237, 238, 239, 240, 241, 242, 243, 244, 245, 246, 247, 248, 249, 250, 251, 252, 253, 254, 255, 256, 257, 258, 259, 260, 261, 262, 263, 264, 265, 266, 267, 268, 269, 270, 271, 272, 273, 274, 275, 276, 277, 278, 279, 280, 281, 282, 283, 284, 285, 286, 287, 288, 289, 290, 291, 292, 293, 294, 295, 296, 297, 298, 299, 300, 301, 302, 303, 304, 305, 306, 307, 308, 310, 312, 313, 314, 315, 316, 317, 318, 319, 320, 321, 322, 323, 324, 325, 326, 327, 328, 329, 330, 331, 332, 333, 334, 335, 336, 337, 338, 339, 340, 341, 342, 343, 344, 345, 346, 347, 348, 349, 350, 351, 352, 353, 354, 355, 356, 357, 358, 359, 360, 361]",360,False,1.7126792048700927e-05,4.6135633272755434e-09,5.7073928284578836e-06,10.0
CP4,316,316,31,285,385,0.0981012658227848,0.07451923076923077,0.08469945355191257,cao2018,S01/051017m,all_channel,median,median__all_channel__CP4,32,362,"[0, 1, 2, 3, 4, 5, 6, 7, 8, 9, 10, 11, 12, 13, 14, 15, 16, 17, 18, 19, 20, 21, 22, 23, 24, 25, 26, 27, 28, 29, 30, 31, 32, 33, 34, 35, 36, 37, 38, 39, 40, 41, 42, 43, 44, 45, 46, 47, 48, 49, 50, 51, 52, 53, 54, 55, 56, 57, 58, 59, 60, 61, 62, 63, 64, 65, 66, 67, 68, 69, 70, 71, 72, 73, 74, 75, 76, 77, 78, 79, 80, 81, 82, 83, 84, 85, 86, 87, 88, 89, 90, 91, 92, 93, 94, 95, 96, 97, 98, 99, 100, 101, 102, 103, 104, 105, 106, 107, 108, 109, 110, 111, 112, 113, 114, 115, 116, 117, 118, 119, 120, 121, 122, 123, 124, 125, 126, 127, 128, 129, 130, 131, 132, 133, 134, 135, 136, 137, 138, 139, 140, 141, 142, 143, 144, 145, 146, 147, 148, 149, 150, 151, 152, 153, 154, 155, 156, 157, 158, 159, 160, 161, 162, 163, 164, 165, 166, 167, 168, 169, 170, 171, 172, 173, 174, 175, 176, 177, 178, 179, 180, 181, 182, 183, 184, 185, 186, 187, 188, 189, 190, 191, 192, 193, 194, 195, 196, 197, 198, 199, 200, 201, 202, 203, 204, 205, 206, 207, 208, 209, 210, 211, 212, 213, 214, 215, 216, 217, 218, 219, 220, 221, 222, 223, 224, 225, 226, 227, 228, 229, 230, 231, 232, 233, 234, 235, 236, 237, 238, 239, 240, 241, 242, 243, 244, 245, 246, 247, 248, 249, 250, 251, 252, 253, 254, 255, 256, 257, 258, 259, 260, 261, 262, 263, 264, 265, 266, 267, 268, 269, 270, 271, 272, 273, 274, 275, 276, 277, 278, 279, 280, 281, 282, 283, 284, 285, 286, 287, 288, 289, 290, 291, 292, 293, 294, 295, 296, 297, 298, 299, 300, 301, 302, 303, 304, 305, 306, 307, 308, 310, 312, 313, 314, 315, 316, 317, 318, 319, 320, 321, 322, 323, 324, 325, 326, 327, 328, 329, 330, 331, 332, 333, 334, 335, 336, 337, 338, 339, 340, 341, 342, 343, 344, 345, 346, 347, 348, 349, 350, 351, 352, 353, 354, 355, 356, 357, 358, 359, 360, 361]",360,False,2.6989511230274567e-05,3.663073810203492e-08,8.984293497390844e-06,10.0
T3,166,166,24,142,392,0.14457831325301204,0.057692307692307696,0.08247422680412372,cao2018,S01/051017m,all_channel,median,median__all_channel__T3,32,362,"[0, 1, 2, 3, 4, 5, 6, 7, 8, 9, 10, 11, 12, 13, 14, 15, 16, 17, 18, 19, 20, 21, 22, 23, 24, 25, 26, 27, 28, 29, 30, 31, 32, 33, 34, 35, 36, 37, 38, 39, 40, 41, 42, 43, 44, 45, 46, 47, 48, 49, 50, 51, 52, 53, 54, 55, 56, 57, 58, 59, 60, 61, 62, 63, 64, 65, 66, 67, 68, 69, 70, 71, 72, 73, 74, 75, 76, 77, 78, 79, 80, 81, 82, 83, 84, 85, 86, 87, 88, 89, 90, 91, 92, 93, 94, 95, 96, 97, 98, 99, 100, 101, 102, 103, 104, 105, 106, 107, 108, 109, 110, 111, 112, 113, 114, 115, 116, 117, 118, 119, 120, 121, 122, 123, 124, 125, 126, 127, 128, 129, 130, 131, 132, 133, 134, 135, 136, 137, 138, 139, 140, 141, 142, 143, 144, 145, 146, 147, 148, 149, 150, 151, 152, 153, 154, 155, 156, 157, 158, 159, 160, 161, 162, 163, 164, 165, 166, 167, 168, 169, 170, 171, 172, 173, 174, 175, 176, 177, 178, 179, 180, 181, 182, 183, 184, 185, 186, 187, 188, 189, 190, 191, 192, 193, 194, 195, 196, 197, 198, 199, 200, 201, 202, 203, 204, 205, 206, 207, 208, 209, 210, 211, 212, 213, 214, 215, 216, 217, 218, 219, 220, 221, 222, 223, 224, 225, 226, 227, 228, 229, 230, 231, 232, 233, 234, 235, 236, 237, 238, 239, 240, 241, 242, 243, 244, 245, 246, 247, 248, 249, 250, 251, 252, 253, 254, 255, 256, 257, 258, 259, 260, 261, 262, 263, 264, 265, 266, 267, 268, 269, 270, 271, 272, 273, 274, 275, 276, 277, 278, 279, 280, 281, 282, 283, 284, 285, 286, 287, 288, 289, 290, 291, 292, 293, 294, 295, 296, 297, 298, 299, 300, 301, 302, 303, 304, 305, 306, 307, 308, 310, 312, 313, 314, 315, 316, 317, 318, 319, 320, 321, 322, 323, 324, 325, 326, 327, 328, 329, 330, 331, 332, 333, 334, 335, 336, 337, 338, 339, 340, 341, 342, 343, 344, 345, 346, 347, 348, 349, 350, 351, 352, 353, 354, 355, 356, 357, 358, 359, 360, 361]",360,False,2.6004237005282777e-05,6.52074649448406e-08,8.646343180112645e-06,10.0
FCZ,343,343,31,312,385,0.09037900874635568,0.07451923076923077,0.08168642951251646,cao2018,S01/051017m,all_channel,median,median__all_channel__FCZ,32,362,"[0, 1, 2, 3, 4, 5, 6, 7, 8, 9, 10, 11, 12, 13, 14, 15, 16, 17, 18, 19, 20, 21, 22, 23, 24, 25, 26, 27, 28, 29, 30, 31, 32, 33, 34, 35, 36, 37, 38, 39, 40, 41, 42, 43, 44, 45, 46, 47, 48, 49, 50, 51, 52, 53, 54, 55, 56, 57, 58, 59, 60, 61, 62, 63, 64, 65, 66, 67, 68, 69, 70, 71, 72, 73, 74, 75, 76, 77, 78, 79, 80, 81, 82, 83, 84, 85, 86, 87, 88, 89, 90, 91, 92, 93, 94, 95, 96, 97, 98, 99, 100, 101, 102, 103, 104, 105, 106, 107, 108, 109, 110, 111, 112, 113, 114, 115, 116, 117, 118, 119, 120, 121, 122, 123, 124, 125, 126, 127, 128, 129, 130, 131, 132, 133, 134, 135, 136, 137, 138, 139, 140, 141, 142, 143, 144, 145, 146, 147, 148, 149, 150, 151, 152, 153, 154, 155, 156, 157, 158, 159, 160, 161, 162, 163, 164, 165, 166, 167, 168, 169, 170, 171, 172, 173, 174, 175, 176, 177, 178, 179, 180, 181, 182, 183, 184, 185, 186, 187, 188, 189, 190, 191, 192, 193, 194, 195, 196, 197, 198, 199, 200, 201, 202, 203, 204, 205, 206, 207, 208, 209, 210, 211, 212, 213, 214, 215, 216, 217, 218, 219, 220, 221, 222, 223, 224, 225, 226, 227, 228, 229, 230, 231, 232, 233, 234, 235, 236, 237, 238, 239, 240, 241, 242, 243, 244, 245, 246, 247, 248, 249, 250, 251, 252, 253, 254, 255, 256, 257, 258, 259, 260, 261, 262, 263, 264, 265, 266, 267, 268, 269, 270, 271, 272, 273, 274, 275, 276, 277, 278, 279, 280, 281, 282, 283, 284, 285, 286, 287, 288, 289, 290, 291, 292, 293, 294, 295, 296, 297, 298, 299, 300, 301, 302, 303, 304, 305, 306, 307, 308, 310, 312, 313, 314, 315, 316, 317, 318, 319, 320, 321, 322, 323, 324, 325, 326, 327, 328, 329, 330, 331, 332, 333, 334, 335, 336, 337, 338, 339, 340, 341, 342, 343, 344, 345, 346, 347, 348, 349, 350, 351, 352, 353, 354, 355, 356, 357, 358, 359, 360, 361]",360,False,3.5689141809824845e-05,3.8937010223903164e-08,1.188340159986698e-05,10.0
P4,253,253,27,226,389,0.1067193675889328,0.06490384615384616,0.08071748878923768,cao2018,S01/051017m,all_channel,median,median__all_channel__P4,32,362,"[0, 1, 2, 3, 4, 5, 6, 7, 8, 9, 10, 11, 12, 13, 14, 15, 16, 17, 18, 19, 20, 21, 22, 23, 24, 25, 26, 27, 28, 29, 30, 31, 32, 33, 34, 35, 36, 37, 38, 39, 40, 41, 42, 43, 44, 45, 46, 47, 48, 49, 50, 51, 52, 53, 54, 55, 56, 57, 58, 59, 60, 61, 62, 63, 64, 65, 66, 67, 68, 69, 70, 71, 72, 73, 74, 75, 76, 77, 78, 79, 80, 81, 82, 83, 84, 85, 86, 87, 88, 89, 90, 91, 92, 93, 94, 95, 96, 97, 98, 99, 100, 101, 102, 103, 104, 105, 106, 107, 108, 109, 110, 111, 112, 113, 114, 115, 116, 117, 118, 119, 120, 121, 122, 123, 124, 125, 126, 127, 128, 129, 130, 131, 132, 133, 134, 135, 136, 137, 138, 139, 140, 141, 142, 143, 144, 145, 146, 147, 148, 149, 150, 151, 152, 153, 154, 155, 156, 157, 158, 159, 160, 161, 162, 163, 164, 165, 166, 167, 168, 169, 170, 171, 172, 173, 174, 175, 176, 177, 178, 179, 180, 181, 182, 183, 184, 185, 186, 187, 188, 189, 190, 191, 192, 193, 194, 195, 196, 197, 198, 199, 200, 201, 202, 203, 204, 205, 206, 207, 208, 209, 210, 211, 212, 213, 214, 215, 216, 217, 218, 219, 220, 221, 222, 223, 224, 225, 226, 227, 228, 229, 230, 231, 232, 233, 234, 235, 236, 237, 238, 239, 240, 241, 242, 243, 244, 245, 246, 247, 248, 249, 250, 251, 252, 253, 254, 255, 256, 257, 258, 259, 260, 261, 262, 263, 264, 265, 266, 267, 268, 269, 270, 271, 272, 273, 274, 275, 276, 277, 278, 279, 280, 281, 282, 283, 284, 285, 286, 287, 288, 289, 290, 291, 292, 293, 294, 295, 296, 297, 298, 299, 300, 301, 302, 303, 304, 305, 306, 307, 308, 310, 312, 313, 314, 315, 316, 317, 318, 319, 320, 321, 322, 323, 324, 325, 326, 327, 328, 329, 330, 331, 332, 333, 334, 335, 336, 337, 338, 339, 340, 341, 342, 343, 344, 345, 346, 347, 348, 349, 350, 351, 352, 353, 354, 355, 356, 357, 358, 359, 360, 361]",360,False,2.4614772000862097e-05,3.17361289313749e-08,8.194345290643574e-06,10.0
CZ,371,371,29,342,387,0.07816711590296496,0.06971153846153846,0.07369758576874207,cao2018,S01/051017m,all_channel,median,median__all_channel__CZ,32,362,"[0, 1, 2, 3, 4, 5, 6, 7, 8, 9, 10, 11, 12, 13, 14, 15, 16, 17, 18, 19, 20, 21, 22, 23, 24, 25, 26, 27, 28, 29, 30, 31, 32, 33, 34, 35, 36, 37, 38, 39, 40, 41, 42, 43, 44, 45, 46, 47, 48, 49, 50, 51, 52, 53, 54, 55, 56, 57, 58, 59, 60, 61, 62, 63, 64, 65, 66, 67, 68, 69, 70, 71, 72, 73, 74, 75, 76, 77, 78, 79, 80, 81, 82, 83, 84, 85, 86, 87, 88, 89, 90, 91, 92, 93, 94, 95, 96, 97, 98, 99, 100, 101, 102, 103, 104, 105, 106, 107, 108, 109, 110, 111, 112, 113, 114, 115, 116, 117, 118, 119, 120, 121, 122, 123, 124, 125, 126, 127, 128, 129, 130, 131, 132, 133, 134, 135, 136, 137, 138, 139, 140, 141, 142, 143, 144, 145, 146, 147, 148, 149, 150, 151, 152, 153, 154, 155, 156, 157, 158, 159, 160, 161, 162, 163, 164, 165, 166, 167, 168, 169, 170, 171, 172, 173, 174, 175, 176, 177, 178, 179, 180, 181, 182, 183, 184, 185, 186, 187, 188, 189, 190, 191, 192, 193, 194, 195, 196, 197, 198, 199, 200, 201, 202, 203, 204, 205, 206, 207, 208, 209, 210, 211, 212, 213, 214, 215, 216, 217, 218, 219, 220, 221, 222, 223, 224, 225, 226, 227, 228, 229, 230, 231, 232, 233, 234, 235, 236, 237, 238, 239, 240, 241, 242, 243, 244, 245, 246, 247, 248, 249, 250, 251, 252, 253, 254, 255, 256, 257, 258, 259, 260, 261, 262, 263, 264, 265, 266, 267, 268, 269, 270, 271, 272, 273, 274, 275, 276, 277, 278, 279, 280, 281, 282, 283, 284, 285, 286, 287, 288, 289, 290, 291, 292, 293, 294, 295, 296, 297, 298, 299, 300, 301, 302, 303, 304, 305, 306, 307, 308, 310, 312, 313, 314, 315, 316, 317, 318, 319, 320, 321, 322, 323, 324, 325, 326, 327, 328, 329, 330, 331, 332, 333, 334, 335, 336, 337, 338, 339, 340, 341, 342, 343, 344, 345, 346, 347, 348, 349, 350, 351, 352, 353, 354, 355, 356, 357, 358, 359, 360, 361]",360,False,3.2641133019002674e-05,7.664951978082077e-09,1.0877822689008197e-05,10.0
C3,251,251,24,227,392,0.09561752988047809,0.057692307692307696,0.0719640179910045,cao2018,S01/051017m,all_channel,median,median__all_channel__C3,32,362,"[0, 1, 2, 3, 4, 5, 6, 7, 8, 9, 10, 11, 12, 13, 14, 15, 16, 17, 18, 19, 20, 21, 22, 23, 24, 25, 26, 27, 28, 29, 30, 31, 32, 33, 34, 35, 36, 37, 38, 39, 40, 41, 42, 43, 44, 45, 46, 47, 48, 49, 50, 51, 52, 53, 54, 55, 56, 57, 58, 59, 60, 61, 62, 63, 64, 65, 66, 67, 68, 69, 70, 71, 72, 73, 74, 75, 76, 77, 78, 79, 80, 81, 82, 83, 84, 85, 86, 87, 88, 89, 90, 91, 92, 93, 94, 95, 96, 97, 98, 99, 100, 101, 102, 103, 104, 105, 106, 107, 108, 109, 110, 111, 112, 113, 114, 115, 116, 117, 118, 119, 120, 121, 122, 123, 124, 125, 126, 127, 128, 129, 130, 131, 132, 133, 134, 135, 136, 137, 138, 139, 140, 141, 142, 143, 144, 145, 146, 147, 148, 149, 150, 151, 152, 153, 154, 155, 156, 157, 158, 159, 160, 161, 162, 163, 164, 165, 166, 167, 168, 169, 170, 171, 172, 173, 174, 175, 176, 177, 178, 179, 180, 181, 182, 183, 184, 185, 186, 187, 188, 189, 190, 191, 192, 193, 194, 195, 196, 197, 198, 199, 200, 201, 202, 203, 204, 205, 206, 207, 208, 209, 210, 211, 212, 213, 214, 215, 216, 217, 218, 219, 220, 221, 222, 223, 224, 225, 226, 227, 228, 229, 230, 231, 232, 233, 234, 235, 236, 237, 238, 239, 240, 241, 242, 243, 244, 245, 246, 247, 248, 249, 250, 251, 252, 253, 254, 255, 256, 257, 258, 259, 260, 261, 262, 263, 264, 265, 266, 267, 268, 269, 270, 271, 272, 273, 274, 275, 276, 277, 278, 279, 280, 281, 282, 283, 284, 285, 286, 287, 288, 289, 290, 291, 292, 293, 294, 295, 296, 297, 298, 299, 300, 301, 302, 303, 304, 305, 306, 307, 308, 310, 312, 313, 314, 315, 316, 317, 318, 319, 320, 321, 322, 323, 324, 325, 326, 327, 328, 329, 330, 331, 332, 333, 334, 335, 336, 337, 338, 339, 340, 341, 342, 343, 344, 345, 346, 347, 348, 349, 350, 351, 352, 353, 354, 355, 356, 357, 358, 359, 360, 361]",360,False,3.06380787344082e-05,3.0851791625883815e-08,1.0202408980927439e-05,10.0
CP3,231,231,23,208,393,0.09956709956709957,0.055288461538461536,0.07109737248840804,cao2018,S01/051017m,all_channel,median,median__all_channel__CP3,32,362,"[0, 1, 2, 3, 4, 5, 6, 7, 8, 9, 10, 11, 12, 13, 14, 15, 16, 17, 18, 19, 20, 21, 22, 23, 24, 25, 26, 27, 28, 29, 30, 31, 32, 33, 34, 35, 36, 37, 38, 39, 40, 41, 42, 43, 44, 45, 46, 47, 48, 49, 50, 51, 52, 53, 54, 55, 56, 57, 58, 59, 60, 61, 62, 63, 64, 65, 66, 67, 68, 69, 70, 71, 72, 73, 74, 75, 76, 77, 78, 79, 80, 81, 82, 83, 84, 85, 86, 87, 88, 89, 90, 91, 92, 93, 94, 95, 96, 97, 98, 99, 100, 101, 102, 103, 104, 105, 106, 107, 108, 109, 110, 111, 112, 113, 114, 115, 116, 117, 118, 119, 120, 121, 122, 123, 124, 125, 126, 127, 128, 129, 130, 131, 132, 133, 134, 135, 136, 137, 138, 139, 140, 141, 142, 143, 144, 145, 146, 147, 148, 149, 150, 151, 152, 153, 154, 155, 156, 157, 158, 159, 160, 161, 162, 163, 164, 165, 166, 167, 168, 169, 170, 171, 172, 173, 174, 175, 176, 177, 178, 179, 180, 181, 182, 183, 184, 185, 186, 187, 188, 189, 190, 191, 192, 193, 194, 195, 196, 197, 198, 199, 200, 201, 202, 203, 204, 205, 206, 207, 208, 209, 210, 211, 212, 213, 214, 215, 216, 217, 218, 219, 220, 221, 222, 223, 224, 225, 226, 227, 228, 229, 230, 231, 232, 233, 234, 235, 236, 237, 238, 239, 240, 241, 242, 243, 244, 245, 246, 247, 248, 249, 250, 251, 252, 253, 254, 255, 256, 257, 258, 259, 260, 261, 262, 263, 264, 265, 266, 267, 268, 269, 270, 271, 272, 273, 274, 275, 276, 277, 278, 279, 280, 281, 282, 283, 284, 285, 286, 287, 288, 289, 290, 291, 292, 293, 294, 295, 296, 297, 298, 299, 300, 301, 302, 303, 304, 305, 306, 307, 308, 310, 312, 313, 314, 315, 316, 317, 318, 319, 320, 321, 322, 323, 324, 325, 326, 327, 328, 329, 330, 331, 332, 333, 334, 335, 336, 337, 338, 339, 340, 341, 342, 343, 344, 345, 346, 347, 348, 349, 350, 351, 352, 353, 354, 355, 356, 357, 358, 359, 360, 361]",360,False,2.84929217609674e-05,5.123529747628798e-08,9.480562154497037e-06,10.0
TP7,122,122,18,104,398,0.14754098360655737,0.04326923076923077,0.06691449814126393,cao2018,S01/051017m,all_channel,median,median__all_channel__TP7,32,362,"[0, 1, 2, 3, 4, 5, 6, 7, 8, 9, 10, 11, 12, 13, 14, 15, 16, 17, 18, 19, 20, 21, 22, 23, 24, 25, 26, 27, 28, 29, 30, 31, 32, 33, 34, 35, 36, 37, 38, 39, 40, 41, 42, 43, 44, 45, 46, 47, 48, 49, 50, 51, 52, 53, 54, 55, 56, 57, 58, 59, 60, 61, 62, 63, 64, 65, 66, 67, 68, 69, 70, 71, 72, 73, 74, 75, 76, 77, 78, 79, 80, 81, 82, 83, 84, 85, 86, 87, 88, 89, 90, 91, 92, 93, 94, 95, 96, 97, 98, 99, 100, 101, 102, 103, 104, 105, 106, 107, 108, 109, 110, 111, 112, 113, 114, 115, 116, 117, 118, 119, 120, 121, 122, 123, 124, 125, 126, 127, 128, 129, 130, 131, 132, 133, 134, 135, 136, 137, 138, 139, 140, 141, 142, 143, 144, 145, 146, 147, 148, 149, 150, 151, 152, 153, 154, 155, 156, 157, 158, 159, 160, 161, 162, 163, 164, 165, 166, 167, 168, 169, 170, 171, 172, 173, 174, 175, 176, 177, 178, 179, 180, 181, 182, 183, 184, 185, 186, 187, 188, 189, 190, 191, 192, 193, 194, 195, 196, 197, 198, 199, 200, 201, 202, 203, 204, 205, 206, 207, 208, 209, 210, 211, 212, 213, 214, 215, 216, 217, 218, 219, 220, 221, 222, 223, 224, 225, 226, 227, 228, 229, 230, 231, 232, 233, 234, 235, 236, 237, 238, 239, 240, 241, 242, 243, 244, 245, 246, 247, 248, 249, 250, 251, 252, 253, 254, 255, 256, 257, 258, 259, 260, 261, 262, 263, 264, 265, 266, 267, 268, 269, 270, 271, 272, 273, 274, 275, 276, 277, 278, 279, 280, 281, 282, 283, 284, 285, 286, 287, 288, 289, 290, 291, 292, 293, 294, 295, 296, 297, 298, 299, 300, 301, 302, 303, 304, 305, 306, 307, 308, 310, 312, 313, 314, 315, 316, 317, 318, 319, 320, 321, 322, 323, 324, 325, 326, 327, 328, 329, 330, 331, 332, 333, 334, 335, 336, 337, 338, 339, 340, 341, 342, 343, 344, 345, 346, 347, 348, 349, 350, 351, 352, 353, 354, 355, 356, 357, 358, 359, 360, 361]",360,False,2.4129928823317838e-05,-9.6185579139694e-09,8.046515793743935e-06,10.0
CPZ,332,332,25,307,391,0.07530120481927711,0.06009615384615385,0.06684491978609626,cao2018,S01/051017m,all_channel,median,median__all_channel__CPZ,32,362,"[0, 1, 2, 3, 4, 5, 6, 7, 8, 9, 10, 11, 12, 13, 14, 15, 16, 17, 18, 19, 20, 21, 22, 23, 24, 25, 26, 27, 28, 29, 30, 31, 32, 33, 34, 35, 36, 37, 38, 39, 40, 41, 42, 43, 44, 45, 46, 47, 48, 49, 50, 51, 52, 53, 54, 55, 56, 57, 58, 59, 60, 61, 62, 63, 64, 65, 66, 67, 68, 69, 70, 71, 72, 73, 74, 75, 76, 77, 78, 79, 80, 81, 82, 83, 84, 85, 86, 87, 88, 89, 90, 91, 92, 93, 94, 95, 96, 97, 98, 99, 100, 101, 102, 103, 104, 105, 106, 107, 108, 109, 110, 111, 112, 113, 114, 115, 116, 117, 118, 119, 120, 121, 122, 123, 124, 125, 126, 127, 128, 129, 130, 131, 132, 133, 134, 135, 136, 137, 138, 139, 140, 141, 142, 143, 144, 145, 146, 147, 148, 149, 150, 151, 152, 153, 154, 155, 156, 157, 158, 159, 160, 161, 162, 163, 164, 165, 166, 167, 168, 169, 170, 171, 172, 173, 174, 175, 176, 177, 178, 179, 180, 181, 182, 183, 184, 185, 186, 187, 188, 189, 190, 191, 192, 193, 194, 195, 196, 197, 198, 199, 200, 201, 202, 203, 204, 205, 206, 207, 208, 209, 210, 211, 212, 213, 214, 215, 216, 217, 218, 219, 220, 221, 222, 223, 224, 225, 226, 227, 228, 229, 230, 231, 232, 233, 234, 235, 236, 237, 238, 239, 240, 241, 242, 243, 244, 245, 246, 247, 248, 249, 250, 251, 252, 253, 254, 255, 256, 257, 258, 259, 260, 261, 262, 263, 264, 265, 266, 267, 268, 269, 270, 271, 272, 273, 274, 275, 276, 277, 278, 279, 280, 281, 282, 283, 284, 285, 286, 287, 288, 289, 290, 291, 292, 293, 294, 295, 296, 297, 298, 299, 300, 301, 302, 303, 304, 305, 306, 307, 308, 310, 312, 313, 314, 315, 316, 317, 318, 319, 320, 321, 322, 323, 324, 325, 326, 327, 328, 329, 330, 331, 332, 333, 334, 335, 336, 337, 338, 339, 340, 341, 342, 343, 344, 345, 346, 347, 348, 349, 350, 351, 352, 353, 354, 355, 356, 357, 358, 359, 360, 361]",360,False,2.9425035851325334e-05,7.311575174830612e-09,9.805908092050168e-06,10.0
PZ,260,260,19,241,397,0.07307692307692308,0.04567307692307692,0.056213017751479286,cao2018,S01/051017m,all_channel,median,median__all_channel__PZ,32,362,"[0, 1, 2, 3, 4, 5, 6, 7, 8, 9, 10, 11, 12, 13, 14, 15, 16, 17, 18, 19, 20, 21, 22, 23, 24, 25, 26, 27, 28, 29, 30, 31, 32, 33, 34, 35, 36, 37, 38, 39, 40, 41, 42, 43, 44, 45, 46, 47, 48, 49, 50, 51, 52, 53, 54, 55, 56, 57, 58, 59, 60, 61, 62, 63, 64, 65, 66, 67, 68, 69, 70, 71, 72, 73, 74, 75, 76, 77, 78, 79, 80, 81, 82, 83, 84, 85, 86, 87, 88, 89, 90, 91, 92, 93, 94, 95, 96, 97, 98, 99, 100, 101, 102, 103, 104, 105, 106, 107, 108, 109, 110, 111, 112, 113, 114, 115, 116, 117, 118, 119, 120, 121, 122, 123, 124, 125, 126, 127, 128, 129, 130, 131, 132, 133, 134, 135, 136, 137, 138, 139, 140, 141, 142, 143, 144, 145, 146, 147, 148, 149, 150, 151, 152, 153, 154, 155, 156, 157, 158, 159, 160, 161, 162, 163, 164, 165, 166, 167, 168, 169, 170, 171, 172, 173, 174, 175, 176, 177, 178, 179, 180, 181, 182, 183, 184, 185, 186, 187, 188, 189, 190, 191, 192, 193, 194, 195, 196, 197, 198, 199, 200, 201, 202, 203, 204, 205, 206, 207, 208, 209, 210, 211, 212, 213, 214, 215, 216, 217, 218, 219, 220, 221, 222, 223, 224, 225, 226, 227, 228, 229, 230, 231, 232, 233, 234, 235, 236, 237, 238, 239, 240, 241, 242, 243, 244, 245, 246, 247, 248, 249, 250, 251, 252, 253, 254, 255, 256, 257, 258, 259, 260, 261, 262, 263, 264, 265, 266, 267, 268, 269, 270, 271, 272, 273, 274, 275, 276, 277, 278, 279, 280, 281, 282, 283, 284, 285, 286, 287, 288, 289, 290, 291, 292, 293, 294, 295, 296, 297, 298, 299, 300, 301, 302, 303, 304, 305, 306, 307, 308, 310, 312, 313, 314, 315, 316, 317, 318, 319, 320, 321, 322, 323, 324, 325, 326, 327, 328, 329, 330, 331, 332, 333, 334, 335, 336, 337, 338, 339, 340, 341, 342, 343, 344, 345, 346, 347, 348, 349, 350, 351, 352, 353, 354, 355, 356, 357, 358, 359, 360, 361]",360,False,2.7192207220337044e-05,8.249620201918999e-09,9.061319200045041e-06,10.0
P3,206,206,16,190,400,0.07766990291262135,0.038461538461538464,0.05144694533762058,cao2018,S01/051017m,all_channel,median,median__all_channel__P3,32,362,"[0, 1, 2, 3, 4, 5, 6, 7, 8, 9, 10, 11, 12, 13, 14, 15, 16, 17, 18, 19, 20, 21, 22, 23, 24, 25, 26, 27, 28, 29, 30, 31, 32, 33, 34, 35, 36, 37, 38, 39, 40, 41, 42, 43, 44, 45, 46, 47, 48, 49, 50, 51, 52, 53, 54, 55, 56, 57, 58, 59, 60, 61, 62, 63, 64, 65, 66, 67, 68, 69, 70, 71, 72, 73, 74, 75, 76, 77, 78, 79, 80, 81, 82, 83, 84, 85, 86, 87, 88, 89, 90, 91, 92, 93, 94, 95, 96, 97, 98, 99, 100, 101, 102, 103, 104, 105, 106, 107, 108, 109, 110, 111, 112, 113, 114, 115, 116, 117, 118, 119, 120, 121, 122, 123, 124, 125, 126, 127, 128, 129, 130, 131, 132, 133, 134, 135, 136, 137, 138, 139, 140, 141, 142, 143, 144, 145, 146, 147, 148, 149, 150, 151, 152, 153, 154, 155, 156, 157, 158, 159, 160, 161, 162, 163, 164, 165, 166, 167, 168, 169, 170, 171, 172, 173, 174, 175, 176, 177, 178, 179, 180, 181, 182, 183, 184, 185, 186, 187, 188, 189, 190, 191, 192, 193, 194, 195, 196, 197, 198, 199, 200, 201, 202, 203, 204, 205, 206, 207, 208, 209, 210, 211, 212, 213, 214, 215, 216, 217, 218, 219, 220, 221, 222, 223, 224, 225, 226, 227, 228, 229, 230, 231, 232, 233, 234, 235, 236, 237, 238, 239, 240, 241, 242, 243, 244, 245, 246, 247, 248, 249, 250, 251, 252, 253, 254, 255, 256, 257, 258, 259, 260, 261, 262, 263, 264, 265, 266, 267, 268, 269, 270, 271, 272, 273, 274, 275, 276, 277, 278, 279, 280, 281, 282, 283, 284, 285, 286, 287, 288, 289, 290, 291, 292, 293, 294, 295, 296, 297, 298, 299, 300, 301, 302, 303, 304, 305, 306, 307, 308, 310, 312, 313, 314, 315, 316, 317, 318, 319, 320, 321, 322, 323, 324, 325, 326, 327, 328, 329, 330, 331, 332, 333, 334, 335, 336, 337, 338, 339, 340, 341, 342, 343, 344, 345, 346, 347, 348, 349, 350, 351, 352, 353, 354, 355, 356, 357, 358, 359, 360, 361]",360,False,2.7086528996753355e-05,4.125417867586259e-08,9.01509160602583e-06,10.0
T5,105,105,11,94,405,0.10476190476190476,0.026442307692307692,0.04222648752399232,cao2018,S01/051017m,all_channel,median,median__all_channel__T5,32,362,"[0, 1, 2, 3, 4, 5, 6, 7, 8, 9, 10, 11, 12, 13, 14, 15, 16, 17, 18, 19, 20, 21, 22, 23, 24, 25, 26, 27, 28, 29, 30, 31, 32, 33, 34, 35, 36, 37, 38, 39, 40, 41, 42, 43, 44, 45, 46, 47, 48, 49, 50, 51, 52, 53, 54, 55, 56, 57, 58, 59, 60, 61, 62, 63, 64, 65, 66, 67, 68, 69, 70, 71, 72, 73, 74, 75, 76, 77, 78, 79, 80, 81, 82, 83, 84, 85, 86, 87, 88, 89, 90, 91, 92, 93, 94, 95, 96, 97, 98, 99, 100, 101, 102, 103, 104, 105, 106, 107, 108, 109, 110, 111, 112, 113, 114, 115, 116, 117, 118, 119, 120, 121, 122, 123, 124, 125, 126, 127, 128, 129, 130, 131, 132, 133, 134, 135, 136, 137, 138, 139, 140, 141, 142, 143, 144, 145, 146, 147, 148, 149, 150, 151, 152, 153, 154, 155, 156, 157, 158, 159, 160, 161, 162, 163, 164, 165, 166, 167, 168, 169, 170, 171, 172, 173, 174, 175, 176, 177, 178, 179, 180, 181, 182, 183, 184, 185, 186, 187, 188, 189, 190, 191, 192, 193, 194, 195, 196, 197, 198, 199, 200, 201, 202, 203, 204, 205, 206, 207, 208, 209, 210, 211, 212, 213, 214, 215, 216, 217, 218, 219, 220, 221, 222, 223, 224, 225, 226, 227, 228, 229, 230, 231, 232, 233, 234, 235, 236, 237, 238, 239, 240, 241, 242, 243, 244, 245, 246, 247, 248, 249, 250, 251, 252, 253, 254, 255, 256, 257, 258, 259, 260, 261, 262, 263, 264, 265, 266, 267, 268, 269, 270, 271, 272, 273, 274, 275, 276, 277, 278, 279, 280, 281, 282, 283, 284, 285, 286, 287, 288, 289, 290, 291, 292, 293, 294, 295, 296, 297, 298, 299, 300, 301, 302, 303, 304, 305, 306, 307, 308, 310, 312, 313, 314, 315, 316, 317, 318, 319, 320, 321, 322, 323, 324, 325, 326, 327, 328, 329, 330, 331, 332, 333, 334, 335, 336, 337, 338, 339, 340, 341, 342, 343, 344, 345, 346, 347, 348, 349, 350, 351, 352, 353, 354, 355, 356, 357, 358, 359, 360, 361]",360,False,2.4892736882230122e-05,-6.248600892193056e-08,8.318407630384017e-06,10.0
O2,118,118,8,110,408,0.06779661016949153,0.019230769230769232,0.0299625468164794,cao2018,S01/051017m,all_channel,median,median__all_channel__O2,32,362,"[0, 1, 2, 3, 4, 5, 6, 7, 8, 9, 10, 11, 12, 13, 14, 15, 16, 17, 18, 19, 20, 21, 22, 23, 24, 25, 26, 27, 28, 29, 30, 31, 32, 33, 34, 35, 36, 37, 38, 39, 40, 41, 42, 43, 44, 45, 46, 47, 48, 49, 50, 51, 52, 53, 54, 55, 56, 57, 58, 59, 60, 61, 62, 63, 64, 65, 66, 67, 68, 69, 70, 71, 72, 73, 74, 75, 76, 77, 78, 79, 80, 81, 82, 83, 84, 85, 86, 87, 88, 89, 90, 91, 92, 93, 94, 95, 96, 97, 98, 99, 100, 101, 102, 103, 104, 105, 106, 107, 108, 109, 110, 111, 112, 113, 114, 115, 116, 117, 118, 119, 120, 121, 122, 123, 124, 125, 126, 127, 128, 129, 130, 131, 132, 133, 134, 135, 136, 137, 138, 139, 140, 141, 142, 143, 144, 145, 146, 147, 148, 149, 150, 151, 152, 153, 154, 155, 156, 157, 158, 159, 160, 161, 162, 163, 164, 165, 166, 167, 168, 169, 170, 171, 172, 173, 174, 175, 176, 177, 178, 179, 180, 181, 182, 183, 184, 185, 186, 187, 188, 189, 190, 191, 192, 193, 194, 195, 196, 197, 198, 199, 200, 201, 202, 203, 204, 205, 206, 207, 208, 209, 210, 211, 212, 213, 214, 215, 216, 217, 218, 219, 220, 221, 222, 223, 224, 225, 226, 227, 228, 229, 230, 231, 232, 233, 234, 235, 236, 237, 238, 239, 240, 241, 242, 243, 244, 245, 246, 247, 248, 249, 250, 251, 252, 253, 254, 255, 256, 257, 258, 259, 260, 261, 262, 263, 264, 265, 266, 267, 268, 269, 270, 271, 272, 273, 274, 275, 276, 277, 278, 279, 280, 281, 282, 283, 284, 285, 286, 287, 288, 289, 290, 291, 292, 293, 294, 295, 296, 297, 298, 299, 300, 301, 302, 303, 304, 305, 306, 307, 308, 310, 312, 313, 314, 315, 316, 317, 318, 319, 320, 321, 322, 323, 324, 325, 326, 327, 328, 329, 330, 331, 332, 333, 334, 335, 336, 337, 338, 339, 340, 341, 342, 343, 344, 345, 346, 347, 348, 349, 350, 351, 352, 353, 354, 355, 356, 357, 358, 359, 360, 361]",360,False,2.2463513962982876e-05,-7.796059750662532e-08,7.5138248534965004e-06,10.0
O1,112,112,7,105,409,0.0625,0.016826923076923076,0.026515151515151516,cao2018,S01/051017m,all_channel,median,median__all_channel__O1,32,362,"[0, 1, 2, 3, 4, 5, 6, 7, 8, 9, 10, 11, 12, 13, 14, 15, 16, 17, 18, 19, 20, 21, 22, 23, 24, 25, 26, 27, 28, 29, 30, 31, 32, 33, 34, 35, 36, 37, 38, 39, 40, 41, 42, 43, 44, 45, 46, 47, 48, 49, 50, 51, 52, 53, 54, 55, 56, 57, 58, 59, 60, 61, 62, 63, 64, 65, 66, 67, 68, 69, 70, 71, 72, 73, 74, 75, 76, 77, 78, 79, 80, 81, 82, 83, 84, 85, 86, 87, 88, 89, 90, 91, 92, 93, 94, 95, 96, 97, 98, 99, 100, 101, 102, 103, 104, 105, 106, 107, 108, 109, 110, 111, 112, 113, 114, 115, 116, 117, 118, 119, 120, 121, 122, 123, 124, 125, 126, 127, 128, 129, 130, 131, 132, 133, 134, 135, 136, 137, 138, 139, 140, 141, 142, 143, 144, 145, 146, 147, 148, 149, 150, 151, 152, 153, 154, 155, 156, 157, 158, 159, 160, 161, 162, 163, 164, 165, 166, 167, 168, 169, 170, 171, 172, 173, 174, 175, 176, 177, 178, 179, 180, 181, 182, 183, 184, 185, 186, 187, 188, 189, 190, 191, 192, 193, 194, 195, 196, 197, 198, 199, 200, 201, 202, 203, 204, 205, 206, 207, 208, 209, 210, 211, 212, 213, 214, 215, 216, 217, 218, 219, 220, 221, 222, 223, 224, 225, 226, 227, 228, 229, 230, 231, 232, 233, 234, 235, 236, 237, 238, 239, 240, 241, 242, 243, 244, 245, 246, 247, 248, 249, 250, 251, 252, 253, 254, 255, 256, 257, 258, 259, 260, 261, 262, 263, 264, 265, 266, 267, 268, 269, 270, 271, 272, 273, 274, 275, 276, 277, 278, 279, 280, 281, 282, 283, 284, 285, 286, 287, 288, 289, 290, 291, 292, 293, 294, 295, 296, 297, 298, 299, 300, 301, 302, 303, 304, 305, 306, 307, 308, 310, 312, 313, 314, 315, 316, 317, 318, 319, 320, 321, 322, 323, 324, 325, 326, 327, 328, 329, 330, 331, 332, 333, 334, 335, 336, 337, 338, 339, 340, 341, 342, 343, 344, 345, 346, 347, 348, 349, 350, 351, 352, 353, 354, 355, 356, 357, 358, 359, 360, 361]",360,False,2.3772655519584037e-05,-1.622058809022696e-07,7.978287133495436e-06,10.0
OZ,135,135,6,129,410,0.044444444444444446,0.014423076923076924,0.02177858439201452,cao2018,S01/051017m,all_channel,median,median__all_channel__OZ,32,362,"[0, 1, 2, 3, 4, 5, 6, 7, 8, 9, 10, 11, 12, 13, 14, 15, 16, 17, 18, 19, 20, 21, 22, 23, 24, 25, 26, 27, 28, 29, 30, 31, 32, 33, 34, 35, 36, 37, 38, 39, 40, 41, 42, 43, 44, 45, 46, 47, 48, 49, 50, 51, 52, 53, 54, 55, 56, 57, 58, 59, 60, 61, 62, 63, 64, 65, 66, 67, 68, 69, 70, 71, 72, 73, 74, 75, 76, 77, 78, 79, 80, 81, 82, 83, 84, 85, 86, 87, 88, 89, 90, 91, 92, 93, 94, 95, 96, 97, 98, 99, 100, 101, 102, 103, 104, 105, 106, 107, 108, 109, 110, 111, 112, 113, 114, 115, 116, 117, 118, 119, 120, 121, 122, 123, 124, 125, 126, 127, 128, 129, 130, 131, 132, 133, 134, 135, 136, 137, 138, 139, 140, 141, 142, 143, 144, 145, 146, 147, 148, 149, 150, 151, 152, 153, 154, 155, 156, 157, 158, 159, 160, 161, 162, 163, 164, 165, 166, 167, 168, 169, 170, 171, 172, 173, 174, 175, 176, 177, 178, 179, 180, 181, 182, 183, 184, 185, 186, 187, 188, 189, 190, 191, 192, 193, 194, 195, 196, 197, 198, 199, 200, 201, 202, 203, 204, 205, 206, 207, 208, 209, 210, 211, 212, 213, 214, 215, 216, 217, 218, 219, 220, 221, 222, 223, 224, 225, 226, 227, 228, 229, 230, 231, 232, 233, 234, 235, 236, 237, 238, 239, 240, 241, 242, 243, 244, 245, 246, 247, 248, 249, 250, 251, 252, 253, 254, 255, 256, 257, 258, 259, 260, 261, 262, 263, 264, 265, 266, 267, 268, 269, 270, 271, 272, 273, 274, 275, 276, 277, 278, 279, 280, 281, 282, 283, 284, 285, 286, 287, 288, 289, 290, 291, 292, 293, 294, 295, 296, 297, 298, 299, 300, 301, 302, 303, 304, 305, 306, 307, 308, 310, 312, 313, 314, 315, 316, 317, 318, 319, 320, 321, 322, 323, 324, 325, 326, 327, 328, 329, 330, 331, 332, 333, 334, 335, 336, 337, 338, 339, 340, 341, 342, 343, 344, 345, 346, 347, 348, 349, 350, 351, 352, 353, 354, 355, 356, 357, 358, 359, 360, 361]",360,False,2.214439755266727e-05,-1.0256354429130414e-07,7.4156536989861915e-06,10.0
A1,0,0,0,0,416,0.0,0.0,0.0,cao2018,S01/051017m,all_channel,median,median__all_channel__A1,32,362,"[0, 1, 2, 3, 4, 5, 6, 7, 8, 9, 10, 11, 12, 13, 14, 15, 16, 17, 18, 19, 20, 21, 22, 23, 24, 25, 26, 27, 28, 29, 30, 31, 32, 33, 34, 35, 36, 37, 38, 39, 40, 41, 42, 43, 44, 45, 46, 47, 48, 49, 50, 51, 52, 53, 54, 55, 56, 57, 58, 59, 60, 61, 62, 63, 64, 65, 66, 67, 68, 69, 70, 71, 72, 73, 74, 75, 76, 77, 78, 79, 80, 81, 82, 83, 84, 85, 86, 87, 88, 89, 90, 91, 92, 93, 94, 95, 96, 97, 98, 99, 100, 101, 102, 103, 104, 105, 106, 107, 108, 109, 110, 111, 112, 113, 114, 115, 116, 117, 118, 119, 120, 121, 122, 123, 124, 125, 126, 127, 128, 129, 130, 131, 132, 133, 134, 135, 136, 137, 138, 139, 140, 141, 142, 143, 144, 145, 146, 147, 148, 149, 150, 151, 152, 153, 154, 155, 156, 157, 158, 159, 160, 161, 162, 163, 164, 165, 166, 167, 168, 169, 170, 171, 172, 173, 174, 175, 176, 177, 178, 179, 180, 181, 182, 183, 184, 185, 186, 187, 188, 189, 190, 191, 192, 193, 194, 195, 196, 197, 198, 199, 200, 201, 202, 203, 204, 205, 206, 207, 208, 209, 210, 211, 212, 213, 214, 215, 216, 217, 218, 219, 220, 221, 222, 223, 224, 225, 226, 227, 228, 229, 230, 231, 232, 233, 234, 235, 236, 237, 238, 239, 240, 241, 242, 243, 244, 245, 246, 247, 248, 249, 250, 251, 252, 253, 254, 255, 256, 257, 258, 259, 260, 261, 262, 263, 264, 265, 266, 267, 268, 269, 270, 271, 272, 273, 274, 275, 276, 277, 278, 279, 280, 281, 282, 283, 284, 285, 286, 287, 288, 289, 290, 291, 292, 293, 294, 295, 296, 297, 298, 299, 300, 301, 302, 303, 304, 305, 306, 307, 308, 310, 312, 313, 314, 315, 316, 317, 318, 319, 320, 321, 322, 323, 324, 325, 326, 327, 328, 329, 330, 331, 332, 333, 334, 335, 336, 337, 338, 339, 340, 341, 342, 343, 344, 345, 346, 347, 348, 349, 350, 351, 352, 353, 354, 355, 356, 357, 358, 359, 360, 361]",360,False,0.0,0.0,0.0,10.0
A2,0,0,0,0,416,0.0,0.0,0.0,cao2018,S01/051017m,all_channel,median,median__all_channel__A2,32,362,"[0, 1, 2, 3, 4, 5, 6, 7, 8, 9, 10, 11, 12, 13, 14, 15, 16, 17, 18, 19, 20, 21, 22, 23, 24, 25, 26, 27, 28, 29, 30, 31, 32, 33, 34, 35, 36, 37, 38, 39, 40, 41, 42, 43, 44, 45, 46, 47, 48, 49, 50, 51, 52, 53, 54, 55, 56, 57, 58, 59, 60, 61, 62, 63, 64, 65, 66, 67, 68, 69, 70, 71, 72, 73, 74, 75, 76, 77, 78, 79, 80, 81, 82, 83, 84, 85, 86, 87, 88, 89, 90, 91, 92, 93, 94, 95, 96, 97, 98, 99, 100, 101, 102, 103, 104, 105, 106, 107, 108, 109, 110, 111, 112, 113, 114, 115, 116, 117, 118, 119, 120, 121, 122, 123, 124, 125, 126, 127, 128, 129, 130, 131, 132, 133, 134, 135, 136, 137, 138, 139, 140, 141, 142, 143, 144, 145, 146, 147, 148, 149, 150, 151, 152, 153, 154, 155, 156, 157, 158, 159, 160, 161, 162, 163, 164, 165, 166, 167, 168, 169, 170, 171, 172, 173, 174, 175, 176, 177, 178, 179, 180, 181, 182, 183, 184, 185, 186, 187, 188, 189, 190, 191, 192, 193, 194, 195, 196, 197, 198, 199, 200, 201, 202, 203, 204, 205, 206, 207, 208, 209, 210, 211, 212, 213, 214, 215, 216, 217, 218, 219, 220, 221, 222, 223, 224, 225, 226, 227, 228, 229, 230, 231, 232, 233, 234, 235, 236, 237, 238, 239, 240, 241, 242, 243, 244, 245, 246, 247, 248, 249, 250, 251, 252, 253, 254, 255, 256, 257, 258, 259, 260, 261, 262, 263, 264, 265, 266, 267, 268, 269, 270, 271, 272, 273, 274, 275, 276, 277, 278, 279, 280, 281, 282, 283, 284, 285, 286, 287, 288, 289, 290, 291, 292, 293, 294, 295, 296, 297, 298, 299, 300, 301, 302, 303, 304, 305, 306, 307, 308, 310, 312, 313, 314, 315, 316, 317, 318, 319, 320, 321, 322, 323, 324, 325, 326, 327, 328, 329, 330, 331, 332, 333, 334, 335, 336, 337, 338, 339, 340, 341, 342, 343, 344, 345, 346, 347, 348, 349, 350, 351, 352, 353, 354, 355, 356, 357, 358, 359, 360, 361]",360,False,0.0,0.0,0.0,10.0
FP1,654,654,330,324,86,0.5045871559633027,0.7932692307692307,0.616822429906542,cao2018,S01/051017m,all_channel,mean,mean__all_channel__FP1,32,362,"[0, 1, 2, 3, 4, 5, 6, 7, 8, 9, 10, 11, 12, 13, 14, 15, 16, 17, 18, 19, 20, 21, 22, 23, 24, 25, 26, 27, 28, 29, 30, 31, 32, 33, 34, 35, 36, 37, 38, 39, 40, 41, 42, 43, 44, 45, 46, 47, 48, 49, 50, 51, 52, 53, 54, 55, 56, 57, 58, 59, 60, 61, 62, 63, 64, 65, 66, 67, 68, 69, 70, 71, 72, 73, 74, 75, 76, 77, 78, 79, 80, 81, 82, 83, 84, 85, 86, 87, 88, 89, 90, 91, 92, 93, 94, 95, 96, 97, 98, 99, 100, 101, 102, 103, 104, 105, 106, 107, 108, 109, 110, 111, 112, 113, 114, 115, 116, 117, 118, 119, 120, 121, 122, 123, 124, 125, 126, 127, 128, 129, 130, 131, 132, 133, 134, 135, 136, 137, 138, 139, 140, 141, 142, 143, 144, 145, 146, 147, 148, 149, 150, 151, 152, 153, 154, 155, 156, 157, 158, 159, 160, 161, 162, 163, 164, 165, 166, 167, 168, 169, 170, 171, 172, 173, 174, 175, 176, 177, 178, 179, 180, 181, 182, 183, 184, 185, 186, 187, 188, 189, 190, 191, 192, 193, 194, 195, 196, 197, 198, 199, 200, 201, 202, 203, 204, 205, 206, 207, 208, 209, 210, 211, 212, 213, 214, 215, 216, 217, 218, 219, 220, 221, 222, 223, 224, 225, 226, 227, 228, 229, 230, 231, 232, 233, 234, 235, 236, 237, 238, 239, 240, 241, 242, 243, 244, 245, 246, 247, 248, 249, 250, 251, 252, 253, 254, 255, 256, 257, 258, 259, 260, 261, 262, 263, 264, 265, 266, 267, 268, 269, 270, 271, 272, 273, 274, 275, 276, 277, 278, 279, 280, 281, 282, 283, 284, 285, 286, 287, 288, 289, 290, 291, 292, 293, 294, 295, 296, 297, 298, 299, 300, 301, 302, 303, 304, 305, 306, 307, 308, 310, 312, 313, 314, 315, 316, 317, 318, 319, 320, 321, 322, 323, 324, 325, 326, 327, 328, 329, 330, 331, 332, 333, 334, 335, 336, 337, 338, 339, 340, 341, 342, 343, 344, 345, 346, 347, 348, 349, 350, 351, 352, 353, 354, 355, 356, 357, 358, 359, 360, 361]",360,False,4.1054236277337726e-05,1.4591688997468104e-08,1.3679881529446752e-05,10.0
FP2,569,569,262,307,154,0.46045694200351495,0.6298076923076923,0.531979695431472,cao2018,S01/051017m,all_channel,mean,mean__all_channel__FP2,32,362,"[0, 1, 2, 3, 4, 5, 6, 7, 8, 9, 10, 11, 12, 13, 14, 15, 16, 17, 18, 19, 20, 21, 22, 23, 24, 25, 26, 27, 28, 29, 30, 31, 32, 33, 34, 35, 36, 37, 38, 39, 40, 41, 42, 43, 44, 45, 46, 47, 48, 49, 50, 51, 52, 53, 54, 55, 56, 57, 58, 59, 60, 61, 62, 63, 64, 65, 66, 67, 68, 69, 70, 71, 72, 73, 74, 75, 76, 77, 78, 79, 80, 81, 82, 83, 84, 85, 86, 87, 88, 89, 90, 91, 92, 93, 94, 95, 96, 97, 98, 99, 100, 101, 102, 103, 104, 105, 106, 107, 108, 109, 110, 111, 112, 113, 114, 115, 116, 117, 118, 119, 120, 121, 122, 123, 124, 125, 126, 127, 128, 129, 130, 131, 132, 133, 134, 135, 136, 137, 138, 139, 140, 141, 142, 143, 144, 145, 146, 147, 148, 149, 150, 151, 152, 153, 154, 155, 156, 157, 158, 159, 160, 161, 162, 163, 164, 165, 166, 167, 168, 169, 170, 171, 172, 173, 174, 175, 176, 177, 178, 179, 180, 181, 182, 183, 184, 185, 186, 187, 188, 189, 190, 191, 192, 193, 194, 195, 196, 197, 198, 199, 200, 201, 202, 203, 204, 205, 206, 207, 208, 209, 210, 211, 212, 213, 214, 215, 216, 217, 218, 219, 220, 221, 222, 223, 224, 225, 226, 227, 228, 229, 230, 231, 232, 233, 234, 235, 236, 237, 238, 239, 240, 241, 242, 243, 244, 245, 246, 247, 248, 249, 250, 251, 252, 253, 254, 255, 256, 257, 258, 259, 260, 261, 262, 263, 264, 265, 266, 267, 268, 269, 270, 271, 272, 273, 274, 275, 276, 277, 278, 279, 280, 281, 282, 283, 284, 285, 286, 287, 288, 289, 290, 291, 292, 293, 294, 295, 296, 297, 298, 299, 300, 301, 302, 303, 304, 305, 306, 307, 308, 310, 312, 313, 314, 315, 316, 317, 318, 319, 320, 321, 322, 323, 324, 325, 326, 327, 328, 329, 330, 331, 332, 333, 334, 335, 336, 337, 338, 339, 340, 341, 342, 343, 344, 345, 346, 347, 348, 349, 350, 351, 352, 353, 354, 355, 356, 357, 358, 359, 360, 361]",360,False,3.8198043391379244e-05,1.7170345274136464e-08,1.2726957682035035e-05,10.0
F8,439,439,151,288,265,0.3439635535307517,0.3629807692307692,0.3532163742690059,cao2018,S01/051017m,all_channel,mean,mean__all_channel__F8,32,362,"[0, 1, 2, 3, 4, 5, 6, 7, 8, 9, 10, 11, 12, 13, 14, 15, 16, 17, 18, 19, 20, 21, 22, 23, 24, 25, 26, 27, 28, 29, 30, 31, 32, 33, 34, 35, 36, 37, 38, 39, 40, 41, 42, 43, 44, 45, 46, 47, 48, 49, 50, 51, 52, 53, 54, 55, 56, 57, 58, 59, 60, 61, 62, 63, 64, 65, 66, 67, 68, 69, 70, 71, 72, 73, 74, 75, 76, 77, 78, 79, 80, 81, 82, 83, 84, 85, 86, 87, 88, 89, 90, 91, 92, 93, 94, 95, 96, 97, 98, 99, 100, 101, 102, 103, 104, 105, 106, 107, 108, 109, 110, 111, 112, 113, 114, 115, 116, 117, 118, 119, 120, 121, 122, 123, 124, 125, 126, 127, 128, 129, 130, 131, 132, 133, 134, 135, 136, 137, 138, 139, 140, 141, 142, 143, 144, 145, 146, 147, 148, 149, 150, 151, 152, 153, 154, 155, 156, 157, 158, 159, 160, 161, 162, 163, 164, 165, 166, 167, 168, 169, 170, 171, 172, 173, 174, 175, 176, 177, 178, 179, 180, 181, 182, 183, 184, 185, 186, 187, 188, 189, 190, 191, 192, 193, 194, 195, 196, 197, 198, 199, 200, 201, 202, 203, 204, 205, 206, 207, 208, 209, 210, 211, 212, 213, 214, 215, 216, 217, 218, 219, 220, 221, 222, 223, 224, 225, 226, 227, 228, 229, 230, 231, 232, 233, 234, 235, 236, 237, 238, 239, 240, 241, 242, 243, 244, 245, 246, 247, 248, 249, 250, 251, 252, 253, 254, 255, 256, 257, 258, 259, 260, 261, 262, 263, 264, 265, 266, 267, 268, 269, 270, 271, 272, 273, 274, 275, 276, 277, 278, 279, 280, 281, 282, 283, 284, 285, 286, 287, 288, 289, 290, 291, 292, 293, 294, 295, 296, 297, 298, 299, 300, 301, 302, 303, 304, 305, 306, 307, 308, 310, 312, 313, 314, 315, 316, 317, 318, 319, 320, 321, 322, 323, 324, 325, 326, 327, 328, 329, 330, 331, 332, 333, 334, 335, 336, 337, 338, 339, 340, 341, 342, 343, 344, 345, 346, 347, 348, 349, 350, 351, 352, 353, 354, 355, 356, 357, 358, 359, 360, 361]",360,False,2.9677943810120925e-05,9.778721149184824e-09,9.88938836299058e-06,10.0
FT8,309,309,92,217,324,0.2977346278317152,0.22115384615384615,0.2537931034482759,cao2018,S01/051017m,all_channel,mean,mean__all_channel__FT8,32,362,"[0, 1, 2, 3, 4, 5, 6, 7, 8, 9, 10, 11, 12, 13, 14, 15, 16, 17, 18, 19, 20, 21, 22, 23, 24, 25, 26, 27, 28, 29, 30, 31, 32, 33, 34, 35, 36, 37, 38, 39, 40, 41, 42, 43, 44, 45, 46, 47, 48, 49, 50, 51, 52, 53, 54, 55, 56, 57, 58, 59, 60, 61, 62, 63, 64, 65, 66, 67, 68, 69, 70, 71, 72, 73, 74, 75, 76, 77, 78, 79, 80, 81, 82, 83, 84, 85, 86, 87, 88, 89, 90, 91, 92, 93, 94, 95, 96, 97, 98, 99, 100, 101, 102, 103, 104, 105, 106, 107, 108, 109, 110, 111, 112, 113, 114, 115, 116, 117, 118, 119, 120, 121, 122, 123, 124, 125, 126, 127, 128, 129, 130, 131, 132, 133, 134, 135, 136, 137, 138, 139, 140, 141, 142, 143, 144, 145, 146, 147, 148, 149, 150, 151, 152, 153, 154, 155, 156, 157, 158, 159, 160, 161, 162, 163, 164, 165, 166, 167, 168, 169, 170, 171, 172, 173, 174, 175, 176, 177, 178, 179, 180, 181, 182, 183, 184, 185, 186, 187, 188, 189, 190, 191, 192, 193, 194, 195, 196, 197, 198, 199, 200, 201, 202, 203, 204, 205, 206, 207, 208, 209, 210, 211, 212, 213, 214, 215, 216, 217, 218, 219, 220, 221, 222, 223, 224, 225, 226, 227, 228, 229, 230, 231, 232, 233, 234, 235, 236, 237, 238, 239, 240, 241, 242, 243, 244, 245, 246, 247, 248, 249, 250, 251, 252, 253, 254, 255, 256, 257, 258, 259, 260, 261, 262, 263, 264, 265, 266, 267, 268, 269, 270, 271, 272, 273, 274, 275, 276, 277, 278, 279, 280, 281, 282, 283, 284, 285, 286, 287, 288, 289, 290, 291, 292, 293, 294, 295, 296, 297, 298, 299, 300, 301, 302, 303, 304, 305, 306, 307, 308, 310, 312, 313, 314, 315, 316, 317, 318, 319, 320, 321, 322, 323, 324, 325, 326, 327, 328, 329, 330, 331, 332, 333, 334, 335, 336, 337, 338, 339, 340, 341, 342, 343, 344, 345, 346, 347, 348, 349, 350, 351, 352, 353, 354, 355, 356, 357, 358, 359, 360, 361]",360,False,2.3500358037119614e-05,7.870772137169778e-09,7.830829088327482e-06,10.0
F4,361,361,78,283,338,0.21606648199445982,0.1875,0.2007722007722008,cao2018,S01/051017m,all_channel,mean,mean__all_channel__F4,32,362,"[0, 1, 2, 3, 4, 5, 6, 7, 8, 9, 10, 11, 12, 13, 14, 15, 16, 17, 18, 19, 20, 21, 22, 23, 24, 25, 26, 27, 28, 29, 30, 31, 32, 33, 34, 35, 36, 37, 38, 39, 40, 41, 42, 43, 44, 45, 46, 47, 48, 49, 50, 51, 52, 53, 54, 55, 56, 57, 58, 59, 60, 61, 62, 63, 64, 65, 66, 67, 68, 69, 70, 71, 72, 73, 74, 75, 76, 77, 78, 79, 80, 81, 82, 83, 84, 85, 86, 87, 88, 89, 90, 91, 92, 93, 94, 95, 96, 97, 98, 99, 100, 101, 102, 103, 104, 105, 106, 107, 108, 109, 110, 111, 112, 113, 114, 115, 116, 117, 118, 119, 120, 121, 122, 123, 124, 125, 126, 127, 128, 129, 130, 131, 132, 133, 134, 135, 136, 137, 138, 139, 140, 141, 142, 143, 144, 145, 146, 147, 148, 149, 150, 151, 152, 153, 154, 155, 156, 157, 158, 159, 160, 161, 162, 163, 164, 165, 166, 167, 168, 169, 170, 171, 172, 173, 174, 175, 176, 177, 178, 179, 180, 181, 182, 183, 184, 185, 186, 187, 188, 189, 190, 191, 192, 193, 194, 195, 196, 197, 198, 199, 200, 201, 202, 203, 204, 205, 206, 207, 208, 209, 210, 211, 212, 213, 214, 215, 216, 217, 218, 219, 220, 221, 222, 223, 224, 225, 226, 227, 228, 229, 230, 231, 232, 233, 234, 235, 236, 237, 238, 239, 240, 241, 242, 243, 244, 245, 246, 247, 248, 249, 250, 251, 252, 253, 254, 255, 256, 257, 258, 259, 260, 261, 262, 263, 264, 265, 266, 267, 268, 269, 270, 271, 272, 273, 274, 275, 276, 277, 278, 279, 280, 281, 282, 283, 284, 285, 286, 287, 288, 289, 290, 291, 292, 293, 294, 295, 296, 297, 298, 299, 300, 301, 302, 303, 304, 305, 306, 307, 308, 310, 312, 313, 314, 315, 316, 317, 318, 319, 320, 321, 322, 323, 324, 325, 326, 327, 328, 329, 330, 331, 332, 333, 334, 335, 336, 337, 338, 339, 340, 341, 342, 343, 344, 345, 346, 347, 348, 349, 350, 351, 352, 353, 354, 355, 356, 357, 358, 359, 360, 361]",360,False,3.489399959686853e-05,1.771165360488632e-08,1.1625429314421215e-05,10.0
F7,256,256,65,191,351,0.25390625,0.15625,0.19345238095238096,cao2018,S01/051017m,all_channel,mean,mean__all_channel__F7,32,362,"[0, 1, 2, 3, 4, 5, 6, 7, 8, 9, 10, 11, 12, 13, 14, 15, 16, 17, 18, 19, 20, 21, 22, 23, 24, 25, 26, 27, 28, 29, 30, 31, 32, 33, 34, 35, 36, 37, 38, 39, 40, 41, 42, 43, 44, 45, 46, 47, 48, 49, 50, 51, 52, 53, 54, 55, 56, 57, 58, 59, 60, 61, 62, 63, 64, 65, 66, 67, 68, 69, 70, 71, 72, 73, 74, 75, 76, 77, 78, 79, 80, 81, 82, 83, 84, 85, 86, 87, 88, 89, 90, 91, 92, 93, 94, 95, 96, 97, 98, 99, 100, 101, 102, 103, 104, 105, 106, 107, 108, 109, 110, 111, 112, 113, 114, 115, 116, 117, 118, 119, 120, 121, 122, 123, 124, 125, 126, 127, 128, 129, 130, 131, 132, 133, 134, 135, 136, 137, 138, 139, 140, 141, 142, 143, 144, 145, 146, 147, 148, 149, 150, 151, 152, 153, 154, 155, 156, 157, 158, 159, 160, 161, 162, 163, 164, 165, 166, 167, 168, 169, 170, 171, 172, 173, 174, 175, 176, 177, 178, 179, 180, 181, 182, 183, 184, 185, 186, 187, 188, 189, 190, 191, 192, 193, 194, 195, 196, 197, 198, 199, 200, 201, 202, 203, 204, 205, 206, 207, 208, 209, 210, 211, 212, 213, 214, 215, 216, 217, 218, 219, 220, 221, 222, 223, 224, 225, 226, 227, 228, 229, 230, 231, 232, 233, 234, 235, 236, 237, 238, 239, 240, 241, 242, 243, 244, 245, 246, 247, 248, 249, 250, 251, 252, 253, 254, 255, 256, 257, 258, 259, 260, 261, 262, 263, 264, 265, 266, 267, 268, 269, 270, 271, 272, 273, 274, 275, 276, 277, 278, 279, 280, 281, 282, 283, 284, 285, 286, 287, 288, 289, 290, 291, 292, 293, 294, 295, 296, 297, 298, 299, 300, 301, 302, 303, 304, 305, 306, 307, 308, 310, 312, 313, 314, 315, 316, 317, 318, 319, 320, 321, 322, 323, 324, 325, 326, 327, 328, 329, 330, 331, 332, 333, 334, 335, 336, 337, 338, 339, 340, 341, 342, 343, 344, 345, 346, 347, 348, 349, 350, 351, 352, 353, 354, 355, 356, 357, 358, 359, 360, 361]",360,False,3.3262915315211274e-05,1.762091552076505e-08,1.1081764799896835e-05,10.0
T4,312,312,62,250,354,0.1987179487179487,0.14903846153846154,0.17032967032967034,cao2018,S01/051017m,all_channel,mean,mean__all_channel__T4,32,362,"[0, 1, 2, 3, 4, 5, 6, 7, 8, 9, 10, 11, 12, 13, 14, 15, 16, 17, 18, 19, 20, 21, 22, 23, 24, 25, 26, 27, 28, 29, 30, 31, 32, 33, 34, 35, 36, 37, 38, 39, 40, 41, 42, 43, 44, 45, 46, 47, 48, 49, 50, 51, 52, 53, 54, 55, 56, 57, 58, 59, 60, 61, 62, 63, 64, 65, 66, 67, 68, 69, 70, 71, 72, 73, 74, 75, 76, 77, 78, 79, 80, 81, 82, 83, 84, 85, 86, 87, 88, 89, 90, 91, 92, 93, 94, 95, 96, 97, 98, 99, 100, 101, 102, 103, 104, 105, 106, 107, 108, 109, 110, 111, 112, 113, 114, 115, 116, 117, 118, 119, 120, 121, 122, 123, 124, 125, 126, 127, 128, 129, 130, 131, 132, 133, 134, 135, 136, 137, 138, 139, 140, 141, 142, 143, 144, 145, 146, 147, 148, 149, 150, 151, 152, 153, 154, 155, 156, 157, 158, 159, 160, 161, 162, 163, 164, 165, 166, 167, 168, 169, 170, 171, 172, 173, 174, 175, 176, 177, 178, 179, 180, 181, 182, 183, 184, 185, 186, 187, 188, 189, 190, 191, 192, 193, 194, 195, 196, 197, 198, 199, 200, 201, 202, 203, 204, 205, 206, 207, 208, 209, 210, 211, 212, 213, 214, 215, 216, 217, 218, 219, 220, 221, 222, 223, 224, 225, 226, 227, 228, 229, 230, 231, 232, 233, 234, 235, 236, 237, 238, 239, 240, 241, 242, 243, 244, 245, 246, 247, 248, 249, 250, 251, 252, 253, 254, 255, 256, 257, 258, 259, 260, 261, 262, 263, 264, 265, 266, 267, 268, 269, 270, 271, 272, 273, 274, 275, 276, 277, 278, 279, 280, 281, 282, 283, 284, 285, 286, 287, 288, 289, 290, 291, 292, 293, 294, 295, 296, 297, 298, 299, 300, 301, 302, 303, 304, 305, 306, 307, 308, 310, 312, 313, 314, 315, 316, 317, 318, 319, 320, 321, 322, 323, 324, 325, 326, 327, 328, 329, 330, 331, 332, 333, 334, 335, 336, 337, 338, 339, 340, 341, 342, 343, 344, 345, 346, 347, 348, 349, 350, 351, 352, 353, 354, 355, 356, 357, 358, 359, 360, 361]",360,False,2.077601807790577e-05,5.514783543978583e-09,6.9235010981205966e-06,10.0
F3,305,305,60,245,356,0.19672131147540983,0.14423076923076922,0.1664355062413315,cao2018,S01/051017m,all_channel,mean,mean__all_channel__F3,32,362,"[0, 1, 2, 3, 4, 5, 6, 7, 8, 9, 10, 11, 12, 13, 14, 15, 16, 17, 18, 19, 20, 21, 22, 23, 24, 25, 26, 27, 28, 29, 30, 31, 32, 33, 34, 35, 36, 37, 38, 39, 40, 41, 42, 43, 44, 45, 46, 47, 48, 49, 50, 51, 52, 53, 54, 55, 56, 57, 58, 59, 60, 61, 62, 63, 64, 65, 66, 67, 68, 69, 70, 71, 72, 73, 74, 75, 76, 77, 78, 79, 80, 81, 82, 83, 84, 85, 86, 87, 88, 89, 90, 91, 92, 93, 94, 95, 96, 97, 98, 99, 100, 101, 102, 103, 104, 105, 106, 107, 108, 109, 110, 111, 112, 113, 114, 115, 116, 117, 118, 119, 120, 121, 122, 123, 124, 125, 126, 127, 128, 129, 130, 131, 132, 133, 134, 135, 136, 137, 138, 139, 140, 141, 142, 143, 144, 145, 146, 147, 148, 149, 150, 151, 152, 153, 154, 155, 156, 157, 158, 159, 160, 161, 162, 163, 164, 165, 166, 167, 168, 169, 170, 171, 172, 173, 174, 175, 176, 177, 178, 179, 180, 181, 182, 183, 184, 185, 186, 187, 188, 189, 190, 191, 192, 193, 194, 195, 196, 197, 198, 199, 200, 201, 202, 203, 204, 205, 206, 207, 208, 209, 210, 211, 212, 213, 214, 215, 216, 217, 218, 219, 220, 221, 222, 223, 224, 225, 226, 227, 228, 229, 230, 231, 232, 233, 234, 235, 236, 237, 238, 239, 240, 241, 242, 243, 244, 245, 246, 247, 248, 249, 250, 251, 252, 253, 254, 255, 256, 257, 258, 259, 260, 261, 262, 263, 264, 265, 266, 267, 268, 269, 270, 271, 272, 273, 274, 275, 276, 277, 278, 279, 280, 281, 282, 283, 284, 285, 286, 287, 288, 289, 290, 291, 292, 293, 294, 295, 296, 297, 298, 299, 300, 301, 302, 303, 304, 305, 306, 307, 308, 310, 312, 313, 314, 315, 316, 317, 318, 319, 320, 321, 322, 323, 324, 325, 326, 327, 328, 329, 330, 331, 332, 333, 334, 335, 336, 337, 338, 339, 340, 341, 342, 343, 344, 345, 346, 347, 348, 349, 350, 351, 352, 353, 354, 355, 356, 357, 358, 359, 360, 361]",360,False,3.5678995383583933e-05,8.384448991627176e-08,1.1865050297889222e-05,10.0
FC4,357,357,60,297,356,0.16806722689075632,0.14423076923076922,0.1552393272962484,cao2018,S01/051017m,all_channel,mean,mean__all_channel__FC4,32,362,"[0, 1, 2, 3, 4, 5, 6, 7, 8, 9, 10, 11, 12, 13, 14, 15, 16, 17, 18, 19, 20, 21, 22, 23, 24, 25, 26, 27, 28, 29, 30, 31, 32, 33, 34, 35, 36, 37, 38, 39, 40, 41, 42, 43, 44, 45, 46, 47, 48, 49, 50, 51, 52, 53, 54, 55, 56, 57, 58, 59, 60, 61, 62, 63, 64, 65, 66, 67, 68, 69, 70, 71, 72, 73, 74, 75, 76, 77, 78, 79, 80, 81, 82, 83, 84, 85, 86, 87, 88, 89, 90, 91, 92, 93, 94, 95, 96, 97, 98, 99, 100, 101, 102, 103, 104, 105, 106, 107, 108, 109, 110, 111, 112, 113, 114, 115, 116, 117, 118, 119, 120, 121, 122, 123, 124, 125, 126, 127, 128, 129, 130, 131, 132, 133, 134, 135, 136, 137, 138, 139, 140, 141, 142, 143, 144, 145, 146, 147, 148, 149, 150, 151, 152, 153, 154, 155, 156, 157, 158, 159, 160, 161, 162, 163, 164, 165, 166, 167, 168, 169, 170, 171, 172, 173, 174, 175, 176, 177, 178, 179, 180, 181, 182, 183, 184, 185, 186, 187, 188, 189, 190, 191, 192, 193, 194, 195, 196, 197, 198, 199, 200, 201, 202, 203, 204, 205, 206, 207, 208, 209, 210, 211, 212, 213, 214, 215, 216, 217, 218, 219, 220, 221, 222, 223, 224, 225, 226, 227, 228, 229, 230, 231, 232, 233, 234, 235, 236, 237, 238, 239, 240, 241, 242, 243, 244, 245, 246, 247, 248, 249, 250, 251, 252, 253, 254, 255, 256, 257, 258, 259, 260, 261, 262, 263, 264, 265, 266, 267, 268, 269, 270, 271, 272, 273, 274, 275, 276, 277, 278, 279, 280, 281, 282, 283, 284, 285, 286, 287, 288, 289, 290, 291, 292, 293, 294, 295, 296, 297, 298, 299, 300, 301, 302, 303, 304, 305, 306, 307, 308, 310, 312, 313, 314, 315, 316, 317, 318, 319, 320, 321, 322, 323, 324, 325, 326, 327, 328, 329, 330, 331, 332, 333, 334, 335, 336, 337, 338, 339, 340, 341, 342, 343, 344, 345, 346, 347, 348, 349, 350, 351, 352, 353, 354, 355, 356, 357, 358, 359, 360, 361]",360,False,3.160090699724823e-05,1.6588393474328143e-08,1.0528106201257969e-05,10.0
FZ,348,348,57,291,359,0.16379310344827586,0.13701923076923078,0.1492146596858639,cao2018,S01/051017m,all_channel,mean,mean__all_channel__FZ,32,362,"[0, 1, 2, 3, 4, 5, 6, 7, 8, 9, 10, 11, 12, 13, 14, 15, 16, 17, 18, 19, 20, 21, 22, 23, 24, 25, 26, 27, 28, 29, 30, 31, 32, 33, 34, 35, 36, 37, 38, 39, 40, 41, 42, 43, 44, 45, 46, 47, 48, 49, 50, 51, 52, 53, 54, 55, 56, 57, 58, 59, 60, 61, 62, 63, 64, 65, 66, 67, 68, 69, 70, 71, 72, 73, 74, 75, 76, 77, 78, 79, 80, 81, 82, 83, 84, 85, 86, 87, 88, 89, 90, 91, 92, 93, 94, 95, 96, 97, 98, 99, 100, 101, 102, 103, 104, 105, 106, 107, 108, 109, 110, 111, 112, 113, 114, 115, 116, 117, 118, 119, 120, 121, 122, 123, 124, 125, 126, 127, 128, 129, 130, 131, 132, 133, 134, 135, 136, 137, 138, 139, 140, 141, 142, 143, 144, 145, 146, 147, 148, 149, 150, 151, 152, 153, 154, 155, 156, 157, 158, 159, 160, 161, 162, 163, 164, 165, 166, 167, 168, 169, 170, 171, 172, 173, 174, 175, 176, 177, 178, 179, 180, 181, 182, 183, 184, 185, 186, 187, 188, 189, 190, 191, 192, 193, 194, 195, 196, 197, 198, 199, 200, 201, 202, 203, 204, 205, 206, 207, 208, 209, 210, 211, 212, 213, 214, 215, 216, 217, 218, 219, 220, 221, 222, 223, 224, 225, 226, 227, 228, 229, 230, 231, 232, 233, 234, 235, 236, 237, 238, 239, 240, 241, 242, 243, 244, 245, 246, 247, 248, 249, 250, 251, 252, 253, 254, 255, 256, 257, 258, 259, 260, 261, 262, 263, 264, 265, 266, 267, 268, 269, 270, 271, 272, 273, 274, 275, 276, 277, 278, 279, 280, 281, 282, 283, 284, 285, 286, 287, 288, 289, 290, 291, 292, 293, 294, 295, 296, 297, 298, 299, 300, 301, 302, 303, 304, 305, 306, 307, 308, 310, 312, 313, 314, 315, 316, 317, 318, 319, 320, 321, 322, 323, 324, 325, 326, 327, 328, 329, 330, 331, 332, 333, 334, 335, 336, 337, 338, 339, 340, 341, 342, 343, 344, 345, 346, 347, 348, 349, 350, 351, 352, 353, 354, 355, 356, 357, 358, 359, 360, 361]",360,False,3.754017206803842e-05,1.9865961407136794e-08,1.250676870221043e-05,10.0
TP8,204,204,40,164,376,0.19607843137254902,0.09615384615384616,0.12903225806451613,cao2018,S01/051017m,all_channel,mean,mean__all_channel__TP8,32,362,"[0, 1, 2, 3, 4, 5, 6, 7, 8, 9, 10, 11, 12, 13, 14, 15, 16, 17, 18, 19, 20, 21, 22, 23, 24, 25, 26, 27, 28, 29, 30, 31, 32, 33, 34, 35, 36, 37, 38, 39, 40, 41, 42, 43, 44, 45, 46, 47, 48, 49, 50, 51, 52, 53, 54, 55, 56, 57, 58, 59, 60, 61, 62, 63, 64, 65, 66, 67, 68, 69, 70, 71, 72, 73, 74, 75, 76, 77, 78, 79, 80, 81, 82, 83, 84, 85, 86, 87, 88, 89, 90, 91, 92, 93, 94, 95, 96, 97, 98, 99, 100, 101, 102, 103, 104, 105, 106, 107, 108, 109, 110, 111, 112, 113, 114, 115, 116, 117, 118, 119, 120, 121, 122, 123, 124, 125, 126, 127, 128, 129, 130, 131, 132, 133, 134, 135, 136, 137, 138, 139, 140, 141, 142, 143, 144, 145, 146, 147, 148, 149, 150, 151, 152, 153, 154, 155, 156, 157, 158, 159, 160, 161, 162, 163, 164, 165, 166, 167, 168, 169, 170, 171, 172, 173, 174, 175, 176, 177, 178, 179, 180, 181, 182, 183, 184, 185, 186, 187, 188, 189, 190, 191, 192, 193, 194, 195, 196, 197, 198, 199, 200, 201, 202, 203, 204, 205, 206, 207, 208, 209, 210, 211, 212, 213, 214, 215, 216, 217, 218, 219, 220, 221, 222, 223, 224, 225, 226, 227, 228, 229, 230, 231, 232, 233, 234, 235, 236, 237, 238, 239, 240, 241, 242, 243, 244, 245, 246, 247, 248, 249, 250, 251, 252, 253, 254, 255, 256, 257, 258, 259, 260, 261, 262, 263, 264, 265, 266, 267, 268, 269, 270, 271, 272, 273, 274, 275, 276, 277, 278, 279, 280, 281, 282, 283, 284, 285, 286, 287, 288, 289, 290, 291, 292, 293, 294, 295, 296, 297, 298, 299, 300, 301, 302, 303, 304, 305, 306, 307, 308, 310, 312, 313, 314, 315, 316, 317, 318, 319, 320, 321, 322, 323, 324, 325, 326, 327, 328, 329, 330, 331, 332, 333, 334, 335, 336, 337, 338, 339, 340, 341, 342, 343, 344, 345, 346, 347, 348, 349, 350, 351, 352, 353, 354, 355, 356, 357, 358, 359, 360, 361]",360,False,1.7977464341289548e-05,1.046087489701736e-08,5.989001155464176e-06,10.0
C4,342,342,45,297,371,0.13157894736842105,0.10817307692307693,0.11873350923482849,cao2018,S01/051017m,all_channel,mean,mean__all_channel__C4,32,362,"[0, 1, 2, 3, 4, 5, 6, 7, 8, 9, 10, 11, 12, 13, 14, 15, 16, 17, 18, 19, 20, 21, 22, 23, 24, 25, 26, 27, 28, 29, 30, 31, 32, 33, 34, 35, 36, 37, 38, 39, 40, 41, 42, 43, 44, 45, 46, 47, 48, 49, 50, 51, 52, 53, 54, 55, 56, 57, 58, 59, 60, 61, 62, 63, 64, 65, 66, 67, 68, 69, 70, 71, 72, 73, 74, 75, 76, 77, 78, 79, 80, 81, 82, 83, 84, 85, 86, 87, 88, 89, 90, 91, 92, 93, 94, 95, 96, 97, 98, 99, 100, 101, 102, 103, 104, 105, 106, 107, 108, 109, 110, 111, 112, 113, 114, 115, 116, 117, 118, 119, 120, 121, 122, 123, 124, 125, 126, 127, 128, 129, 130, 131, 132, 133, 134, 135, 136, 137, 138, 139, 140, 141, 142, 143, 144, 145, 146, 147, 148, 149, 150, 151, 152, 153, 154, 155, 156, 157, 158, 159, 160, 161, 162, 163, 164, 165, 166, 167, 168, 169, 170, 171, 172, 173, 174, 175, 176, 177, 178, 179, 180, 181, 182, 183, 184, 185, 186, 187, 188, 189, 190, 191, 192, 193, 194, 195, 196, 197, 198, 199, 200, 201, 202, 203, 204, 205, 206, 207, 208, 209, 210, 211, 212, 213, 214, 215, 216, 217, 218, 219, 220, 221, 222, 223, 224, 225, 226, 227, 228, 229, 230, 231, 232, 233, 234, 235, 236, 237, 238, 239, 240, 241, 242, 243, 244, 245, 246, 247, 248, 249, 250, 251, 252, 253, 254, 255, 256, 257, 258, 259, 260, 261, 262, 263, 264, 265, 266, 267, 268, 269, 270, 271, 272, 273, 274, 275, 276, 277, 278, 279, 280, 281, 282, 283, 284, 285, 286, 287, 288, 289, 290, 291, 292, 293, 294, 295, 296, 297, 298, 299, 300, 301, 302, 303, 304, 305, 306, 307, 308, 310, 312, 313, 314, 315, 316, 317, 318, 319, 320, 321, 322, 323, 324, 325, 326, 327, 328, 329, 330, 331, 332, 333, 334, 335, 336, 337, 338, 339, 340, 341, 342, 343, 344, 345, 346, 347, 348, 349, 350, 351, 352, 353, 354, 355, 356, 357, 358, 359, 360, 361]",360,False,2.8400557724236886e-05,2.1855892472104695e-08,9.459567277254927e-06,10.0
FT7,201,201,32,169,384,0.15920398009950248,0.07692307692307693,0.10372771474878445,cao2018,S01/051017m,all_channel,mean,mean__all_channel__FT7,32,362,"[0, 1, 2, 3, 4, 5, 6, 7, 8, 9, 10, 11, 12, 13, 14, 15, 16, 17, 18, 19, 20, 21, 22, 23, 24, 25, 26, 27, 28, 29, 30, 31, 32, 33, 34, 35, 36, 37, 38, 39, 40, 41, 42, 43, 44, 45, 46, 47, 48, 49, 50, 51, 52, 53, 54, 55, 56, 57, 58, 59, 60, 61, 62, 63, 64, 65, 66, 67, 68, 69, 70, 71, 72, 73, 74, 75, 76, 77, 78, 79, 80, 81, 82, 83, 84, 85, 86, 87, 88, 89, 90, 91, 92, 93, 94, 95, 96, 97, 98, 99, 100, 101, 102, 103, 104, 105, 106, 107, 108, 109, 110, 111, 112, 113, 114, 115, 116, 117, 118, 119, 120, 121, 122, 123, 124, 125, 126, 127, 128, 129, 130, 131, 132, 133, 134, 135, 136, 137, 138, 139, 140, 141, 142, 143, 144, 145, 146, 147, 148, 149, 150, 151, 152, 153, 154, 155, 156, 157, 158, 159, 160, 161, 162, 163, 164, 165, 166, 167, 168, 169, 170, 171, 172, 173, 174, 175, 176, 177, 178, 179, 180, 181, 182, 183, 184, 185, 186, 187, 188, 189, 190, 191, 192, 193, 194, 195, 196, 197, 198, 199, 200, 201, 202, 203, 204, 205, 206, 207, 208, 209, 210, 211, 212, 213, 214, 215, 216, 217, 218, 219, 220, 221, 222, 223, 224, 225, 226, 227, 228, 229, 230, 231, 232, 233, 234, 235, 236, 237, 238, 239, 240, 241, 242, 243, 244, 245, 246, 247, 248, 249, 250, 251, 252, 253, 254, 255, 256, 257, 258, 259, 260, 261, 262, 263, 264, 265, 266, 267, 268, 269, 270, 271, 272, 273, 274, 275, 276, 277, 278, 279, 280, 281, 282, 283, 284, 285, 286, 287, 288, 289, 290, 291, 292, 293, 294, 295, 296, 297, 298, 299, 300, 301, 302, 303, 304, 305, 306, 307, 308, 310, 312, 313, 314, 315, 316, 317, 318, 319, 320, 321, 322, 323, 324, 325, 326, 327, 328, 329, 330, 331, 332, 333, 334, 335, 336, 337, 338, 339, 340, 341, 342, 343, 344, 345, 346, 347, 348, 349, 350, 351, 352, 353, 354, 355, 356, 357, 358, 359, 360, 361]",360,False,2.8853774280232496e-05,4.533989081294491e-09,9.616413430383734e-06,10.0
FC3,245,245,31,214,385,0.12653061224489795,0.07451923076923077,0.09379727685325265,cao2018,S01/051017m,all_channel,mean,mean__all_channel__FC3,32,362,"[0, 1, 2, 3, 4, 5, 6, 7, 8, 9, 10, 11, 12, 13, 14, 15, 16, 17, 18, 19, 20, 21, 22, 23, 24, 25, 26, 27, 28, 29, 30, 31, 32, 33, 34, 35, 36, 37, 38, 39, 40, 41, 42, 43, 44, 45, 46, 47, 48, 49, 50, 51, 52, 53, 54, 55, 56, 57, 58, 59, 60, 61, 62, 63, 64, 65, 66, 67, 68, 69, 70, 71, 72, 73, 74, 75, 76, 77, 78, 79, 80, 81, 82, 83, 84, 85, 86, 87, 88, 89, 90, 91, 92, 93, 94, 95, 96, 97, 98, 99, 100, 101, 102, 103, 104, 105, 106, 107, 108, 109, 110, 111, 112, 113, 114, 115, 116, 117, 118, 119, 120, 121, 122, 123, 124, 125, 126, 127, 128, 129, 130, 131, 132, 133, 134, 135, 136, 137, 138, 139, 140, 141, 142, 143, 144, 145, 146, 147, 148, 149, 150, 151, 152, 153, 154, 155, 156, 157, 158, 159, 160, 161, 162, 163, 164, 165, 166, 167, 168, 169, 170, 171, 172, 173, 174, 175, 176, 177, 178, 179, 180, 181, 182, 183, 184, 185, 186, 187, 188, 189, 190, 191, 192, 193, 194, 195, 196, 197, 198, 199, 200, 201, 202, 203, 204, 205, 206, 207, 208, 209, 210, 211, 212, 213, 214, 215, 216, 217, 218, 219, 220, 221, 222, 223, 224, 225, 226, 227, 228, 229, 230, 231, 232, 233, 234, 235, 236, 237, 238, 239, 240, 241, 242, 243, 244, 245, 246, 247, 248, 249, 250, 251, 252, 253, 254, 255, 256, 257, 258, 259, 260, 261, 262, 263, 264, 265, 266, 267, 268, 269, 270, 271, 272, 273, 274, 275, 276, 277, 278, 279, 280, 281, 282, 283, 284, 285, 286, 287, 288, 289, 290, 291, 292, 293, 294, 295, 296, 297, 298, 299, 300, 301, 302, 303, 304, 305, 306, 307, 308, 310, 312, 313, 314, 315, 316, 317, 318, 319, 320, 321, 322, 323, 324, 325, 326, 327, 328, 329, 330, 331, 332, 333, 334, 335, 336, 337, 338, 339, 340, 341, 342, 343, 344, 345, 346, 347, 348, 349, 350, 351, 352, 353, 354, 355, 356, 357, 358, 359, 360, 361]",360,False,3.304613321016476e-05,7.240266013270932e-09,1.1012964314717163e-05,10.0
T6,172,172,26,146,390,0.1511627906976744,0.0625,0.08843537414965986,cao2018,S01/051017m,all_channel,mean,mean__all_channel__T6,32,362,"[0, 1, 2, 3, 4, 5, 6, 7, 8, 9, 10, 11, 12, 13, 14, 15, 16, 17, 18, 19, 20, 21, 22, 23, 24, 25, 26, 27, 28, 29, 30, 31, 32, 33, 34, 35, 36, 37, 38, 39, 40, 41, 42, 43, 44, 45, 46, 47, 48, 49, 50, 51, 52, 53, 54, 55, 56, 57, 58, 59, 60, 61, 62, 63, 64, 65, 66, 67, 68, 69, 70, 71, 72, 73, 74, 75, 76, 77, 78, 79, 80, 81, 82, 83, 84, 85, 86, 87, 88, 89, 90, 91, 92, 93, 94, 95, 96, 97, 98, 99, 100, 101, 102, 103, 104, 105, 106, 107, 108, 109, 110, 111, 112, 113, 114, 115, 116, 117, 118, 119, 120, 121, 122, 123, 124, 125, 126, 127, 128, 129, 130, 131, 132, 133, 134, 135, 136, 137, 138, 139, 140, 141, 142, 143, 144, 145, 146, 147, 148, 149, 150, 151, 152, 153, 154, 155, 156, 157, 158, 159, 160, 161, 162, 163, 164, 165, 166, 167, 168, 169, 170, 171, 172, 173, 174, 175, 176, 177, 178, 179, 180, 181, 182, 183, 184, 185, 186, 187, 188, 189, 190, 191, 192, 193, 194, 195, 196, 197, 198, 199, 200, 201, 202, 203, 204, 205, 206, 207, 208, 209, 210, 211, 212, 213, 214, 215, 216, 217, 218, 219, 220, 221, 222, 223, 224, 225, 226, 227, 228, 229, 230, 231, 232, 233, 234, 235, 236, 237, 238, 239, 240, 241, 242, 243, 244, 245, 246, 247, 248, 249, 250, 251, 252, 253, 254, 255, 256, 257, 258, 259, 260, 261, 262, 263, 264, 265, 266, 267, 268, 269, 270, 271, 272, 273, 274, 275, 276, 277, 278, 279, 280, 281, 282, 283, 284, 285, 286, 287, 288, 289, 290, 291, 292, 293, 294, 295, 296, 297, 298, 299, 300, 301, 302, 303, 304, 305, 306, 307, 308, 310, 312, 313, 314, 315, 316, 317, 318, 319, 320, 321, 322, 323, 324, 325, 326, 327, 328, 329, 330, 331, 332, 333, 334, 335, 336, 337, 338, 339, 340, 341, 342, 343, 344, 345, 346, 347, 348, 349, 350, 351, 352, 353, 354, 355, 356, 357, 358, 359, 360, 361]",360,False,1.7131723415834925e-05,9.544930461275826e-09,5.7073928284578836e-06,10.0
CP4,316,316,31,285,385,0.0981012658227848,0.07451923076923077,0.08469945355191257,cao2018,S01/051017m,all_channel,mean,mean__all_channel__CP4,32,362,"[0, 1, 2, 3, 4, 5, 6, 7, 8, 9, 10, 11, 12, 13, 14, 15, 16, 17, 18, 19, 20, 21, 22, 23, 24, 25, 26, 27, 28, 29, 30, 31, 32, 33, 34, 35, 36, 37, 38, 39, 40, 41, 42, 43, 44, 45, 46, 47, 48, 49, 50, 51, 52, 53, 54, 55, 56, 57, 58, 59, 60, 61, 62, 63, 64, 65, 66, 67, 68, 69, 70, 71, 72, 73, 74, 75, 76, 77, 78, 79, 80, 81, 82, 83, 84, 85, 86, 87, 88, 89, 90, 91, 92, 93, 94, 95, 96, 97, 98, 99, 100, 101, 102, 103, 104, 105, 106, 107, 108, 109, 110, 111, 112, 113, 114, 115, 116, 117, 118, 119, 120, 121, 122, 123, 124, 125, 126, 127, 128, 129, 130, 131, 132, 133, 134, 135, 136, 137, 138, 139, 140, 141, 142, 143, 144, 145, 146, 147, 148, 149, 150, 151, 152, 153, 154, 155, 156, 157, 158, 159, 160, 161, 162, 163, 164, 165, 166, 167, 168, 169, 170, 171, 172, 173, 174, 175, 176, 177, 178, 179, 180, 181, 182, 183, 184, 185, 186, 187, 188, 189, 190, 191, 192, 193, 194, 195, 196, 197, 198, 199, 200, 201, 202, 203, 204, 205, 206, 207, 208, 209, 210, 211, 212, 213, 214, 215, 216, 217, 218, 219, 220, 221, 222, 223, 224, 225, 226, 227, 228, 229, 230, 231, 232, 233, 234, 235, 236, 237, 238, 239, 240, 241, 242, 243, 244, 245, 246, 247, 248, 249, 250, 251, 252, 253, 254, 255, 256, 257, 258, 259, 260, 261, 262, 263, 264, 265, 266, 267, 268, 269, 270, 271, 272, 273, 274, 275, 276, 277, 278, 279, 280, 281, 282, 283, 284, 285, 286, 287, 288, 289, 290, 291, 292, 293, 294, 295, 296, 297, 298, 299, 300, 301, 302, 303, 304, 305, 306, 307, 308, 310, 312, 313, 314, 315, 316, 317, 318, 319, 320, 321, 322, 323, 324, 325, 326, 327, 328, 329, 330, 331, 332, 333, 334, 335, 336, 337, 338, 339, 340, 341, 342, 343, 344, 345, 346, 347, 348, 349, 350, 351, 352, 353, 354, 355, 356, 357, 358, 359, 360, 361]",360,False,2.697620567827642e-05,2.3325186103889102e-08,8.984293497390844e-06,10.0
T3,168,168,24,144,392,0.14285714285714285,0.057692307692307696,0.0821917808219178,cao2018,S01/051017m,all_channel,mean,mean__all_channel__T3,32,362,"[0, 1, 2, 3, 4, 5, 6, 7, 8, 9, 10, 11, 12, 13, 14, 15, 16, 17, 18, 19, 20, 21, 22, 23, 24, 25, 26, 27, 28, 29, 30, 31, 32, 33, 34, 35, 36, 37, 38, 39, 40, 41, 42, 43, 44, 45, 46, 47, 48, 49, 50, 51, 52, 53, 54, 55, 56, 57, 58, 59, 60, 61, 62, 63, 64, 65, 66, 67, 68, 69, 70, 71, 72, 73, 74, 75, 76, 77, 78, 79, 80, 81, 82, 83, 84, 85, 86, 87, 88, 89, 90, 91, 92, 93, 94, 95, 96, 97, 98, 99, 100, 101, 102, 103, 104, 105, 106, 107, 108, 109, 110, 111, 112, 113, 114, 115, 116, 117, 118, 119, 120, 121, 122, 123, 124, 125, 126, 127, 128, 129, 130, 131, 132, 133, 134, 135, 136, 137, 138, 139, 140, 141, 142, 143, 144, 145, 146, 147, 148, 149, 150, 151, 152, 153, 154, 155, 156, 157, 158, 159, 160, 161, 162, 163, 164, 165, 166, 167, 168, 169, 170, 171, 172, 173, 174, 175, 176, 177, 178, 179, 180, 181, 182, 183, 184, 185, 186, 187, 188, 189, 190, 191, 192, 193, 194, 195, 196, 197, 198, 199, 200, 201, 202, 203, 204, 205, 206, 207, 208, 209, 210, 211, 212, 213, 214, 215, 216, 217, 218, 219, 220, 221, 222, 223, 224, 225, 226, 227, 228, 229, 230, 231, 232, 233, 234, 235, 236, 237, 238, 239, 240, 241, 242, 243, 244, 245, 246, 247, 248, 249, 250, 251, 252, 253, 254, 255, 256, 257, 258, 259, 260, 261, 262, 263, 264, 265, 266, 267, 268, 269, 270, 271, 272, 273, 274, 275, 276, 277, 278, 279, 280, 281, 282, 283, 284, 285, 286, 287, 288, 289, 290, 291, 292, 293, 294, 295, 296, 297, 298, 299, 300, 301, 302, 303, 304, 305, 306, 307, 308, 310, 312, 313, 314, 315, 316, 317, 318, 319, 320, 321, 322, 323, 324, 325, 326, 327, 328, 329, 330, 331, 332, 333, 334, 335, 336, 337, 338, 339, 340, 341, 342, 343, 344, 345, 346, 347, 348, 349, 350, 351, 352, 353, 354, 355, 356, 357, 358, 359, 360, 361]",360,False,2.5948257657842388e-05,9.228117504453684e-09,8.646343180112645e-06,10.0
FCZ,343,343,31,312,385,0.09037900874635568,0.07451923076923077,0.08168642951251646,cao2018,S01/051017m,all_channel,mean,mean__all_channel__FCZ,32,362,"[0, 1, 2, 3, 4, 5, 6, 7, 8, 9, 10, 11, 12, 13, 14, 15, 16, 17, 18, 19, 20, 21, 22, 23, 24, 25, 26, 27, 28, 29, 30, 31, 32, 33, 34, 35, 36, 37, 38, 39, 40, 41, 42, 43, 44, 45, 46, 47, 48, 49, 50, 51, 52, 53, 54, 55, 56, 57, 58, 59, 60, 61, 62, 63, 64, 65, 66, 67, 68, 69, 70, 71, 72, 73, 74, 75, 76, 77, 78, 79, 80, 81, 82, 83, 84, 85, 86, 87, 88, 89, 90, 91, 92, 93, 94, 95, 96, 97, 98, 99, 100, 101, 102, 103, 104, 105, 106, 107, 108, 109, 110, 111, 112, 113, 114, 115, 116, 117, 118, 119, 120, 121, 122, 123, 124, 125, 126, 127, 128, 129, 130, 131, 132, 133, 134, 135, 136, 137, 138, 139, 140, 141, 142, 143, 144, 145, 146, 147, 148, 149, 150, 151, 152, 153, 154, 155, 156, 157, 158, 159, 160, 161, 162, 163, 164, 165, 166, 167, 168, 169, 170, 171, 172, 173, 174, 175, 176, 177, 178, 179, 180, 181, 182, 183, 184, 185, 186, 187, 188, 189, 190, 191, 192, 193, 194, 195, 196, 197, 198, 199, 200, 201, 202, 203, 204, 205, 206, 207, 208, 209, 210, 211, 212, 213, 214, 215, 216, 217, 218, 219, 220, 221, 222, 223, 224, 225, 226, 227, 228, 229, 230, 231, 232, 233, 234, 235, 236, 237, 238, 239, 240, 241, 242, 243, 244, 245, 246, 247, 248, 249, 250, 251, 252, 253, 254, 255, 256, 257, 258, 259, 260, 261, 262, 263, 264, 265, 266, 267, 268, 269, 270, 271, 272, 273, 274, 275, 276, 277, 278, 279, 280, 281, 282, 283, 284, 285, 286, 287, 288, 289, 290, 291, 292, 293, 294, 295, 296, 297, 298, 299, 300, 301, 302, 303, 304, 305, 306, 307, 308, 310, 312, 313, 314, 315, 316, 317, 318, 319, 320, 321, 322, 323, 324, 325, 326, 327, 328, 329, 330, 331, 332, 333, 334, 335, 336, 337, 338, 339, 340, 341, 342, 343, 344, 345, 346, 347, 348, 349, 350, 351, 352, 353, 354, 355, 356, 357, 358, 359, 360, 361]",360,False,3.5679367119568566e-05,2.916231996762229e-08,1.188340159986698e-05,10.0
P4,253,253,27,226,389,0.1067193675889328,0.06490384615384616,0.08071748878923768,cao2018,S01/051017m,all_channel,mean,mean__all_channel__P4,32,362,"[0, 1, 2, 3, 4, 5, 6, 7, 8, 9, 10, 11, 12, 13, 14, 15, 16, 17, 18, 19, 20, 21, 22, 23, 24, 25, 26, 27, 28, 29, 30, 31, 32, 33, 34, 35, 36, 37, 38, 39, 40, 41, 42, 43, 44, 45, 46, 47, 48, 49, 50, 51, 52, 53, 54, 55, 56, 57, 58, 59, 60, 61, 62, 63, 64, 65, 66, 67, 68, 69, 70, 71, 72, 73, 74, 75, 76, 77, 78, 79, 80, 81, 82, 83, 84, 85, 86, 87, 88, 89, 90, 91, 92, 93, 94, 95, 96, 97, 98, 99, 100, 101, 102, 103, 104, 105, 106, 107, 108, 109, 110, 111, 112, 113, 114, 115, 116, 117, 118, 119, 120, 121, 122, 123, 124, 125, 126, 127, 128, 129, 130, 131, 132, 133, 134, 135, 136, 137, 138, 139, 140, 141, 142, 143, 144, 145, 146, 147, 148, 149, 150, 151, 152, 153, 154, 155, 156, 157, 158, 159, 160, 161, 162, 163, 164, 165, 166, 167, 168, 169, 170, 171, 172, 173, 174, 175, 176, 177, 178, 179, 180, 181, 182, 183, 184, 185, 186, 187, 188, 189, 190, 191, 192, 193, 194, 195, 196, 197, 198, 199, 200, 201, 202, 203, 204, 205, 206, 207, 208, 209, 210, 211, 212, 213, 214, 215, 216, 217, 218, 219, 220, 221, 222, 223, 224, 225, 226, 227, 228, 229, 230, 231, 232, 233, 234, 235, 236, 237, 238, 239, 240, 241, 242, 243, 244, 245, 246, 247, 248, 249, 250, 251, 252, 253, 254, 255, 256, 257, 258, 259, 260, 261, 262, 263, 264, 265, 266, 267, 268, 269, 270, 271, 272, 273, 274, 275, 276, 277, 278, 279, 280, 281, 282, 283, 284, 285, 286, 287, 288, 289, 290, 291, 292, 293, 294, 295, 296, 297, 298, 299, 300, 301, 302, 303, 304, 305, 306, 307, 308, 310, 312, 313, 314, 315, 316, 317, 318, 319, 320, 321, 322, 323, 324, 325, 326, 327, 328, 329, 330, 331, 332, 333, 334, 335, 336, 337, 338, 339, 340, 341, 342, 343, 344, 345, 346, 347, 348, 349, 350, 351, 352, 353, 354, 355, 356, 357, 358, 359, 360, 361]",360,False,2.4600615549127493e-05,1.757967719676966e-08,8.194345290643574e-06,10.0
C3,251,251,24,227,392,0.09561752988047809,0.057692307692307696,0.0719640179910045,cao2018,S01/051017m,all_channel,mean,mean__all_channel__C3,32,362,"[0, 1, 2, 3, 4, 5, 6, 7, 8, 9, 10, 11, 12, 13, 14, 15, 16, 17, 18, 19, 20, 21, 22, 23, 24, 25, 26, 27, 28, 29, 30, 31, 32, 33, 34, 35, 36, 37, 38, 39, 40, 41, 42, 43, 44, 45, 46, 47, 48, 49, 50, 51, 52, 53, 54, 55, 56, 57, 58, 59, 60, 61, 62, 63, 64, 65, 66, 67, 68, 69, 70, 71, 72, 73, 74, 75, 76, 77, 78, 79, 80, 81, 82, 83, 84, 85, 86, 87, 88, 89, 90, 91, 92, 93, 94, 95, 96, 97, 98, 99, 100, 101, 102, 103, 104, 105, 106, 107, 108, 109, 110, 111, 112, 113, 114, 115, 116, 117, 118, 119, 120, 121, 122, 123, 124, 125, 126, 127, 128, 129, 130, 131, 132, 133, 134, 135, 136, 137, 138, 139, 140, 141, 142, 143, 144, 145, 146, 147, 148, 149, 150, 151, 152, 153, 154, 155, 156, 157, 158, 159, 160, 161, 162, 163, 164, 165, 166, 167, 168, 169, 170, 171, 172, 173, 174, 175, 176, 177, 178, 179, 180, 181, 182, 183, 184, 185, 186, 187, 188, 189, 190, 191, 192, 193, 194, 195, 196, 197, 198, 199, 200, 201, 202, 203, 204, 205, 206, 207, 208, 209, 210, 211, 212, 213, 214, 215, 216, 217, 218, 219, 220, 221, 222, 223, 224, 225, 226, 227, 228, 229, 230, 231, 232, 233, 234, 235, 236, 237, 238, 239, 240, 241, 242, 243, 244, 245, 246, 247, 248, 249, 250, 251, 252, 253, 254, 255, 256, 257, 258, 259, 260, 261, 262, 263, 264, 265, 266, 267, 268, 269, 270, 271, 272, 273, 274, 275, 276, 277, 278, 279, 280, 281, 282, 283, 284, 285, 286, 287, 288, 289, 290, 291, 292, 293, 294, 295, 296, 297, 298, 299, 300, 301, 302, 303, 304, 305, 306, 307, 308, 310, 312, 313, 314, 315, 316, 317, 318, 319, 320, 321, 322, 323, 324, 325, 326, 327, 328, 329, 330, 331, 332, 333, 334, 335, 336, 337, 338, 339, 340, 341, 342, 343, 344, 345, 346, 347, 348, 349, 350, 351, 352, 353, 354, 355, 356, 357, 358, 359, 360, 361]",360,False,3.0625726296857365e-05,1.8499354075049107e-08,1.0202408980927439e-05,10.0
CZ,370,370,28,342,388,0.07567567567567568,0.0673076923076923,0.0712468193384224,cao2018,S01/051017m,all_channel,mean,mean__all_channel__CZ,32,362,"[0, 1, 2, 3, 4, 5, 6, 7, 8, 9, 10, 11, 12, 13, 14, 15, 16, 17, 18, 19, 20, 21, 22, 23, 24, 25, 26, 27, 28, 29, 30, 31, 32, 33, 34, 35, 36, 37, 38, 39, 40, 41, 42, 43, 44, 45, 46, 47, 48, 49, 50, 51, 52, 53, 54, 55, 56, 57, 58, 59, 60, 61, 62, 63, 64, 65, 66, 67, 68, 69, 70, 71, 72, 73, 74, 75, 76, 77, 78, 79, 80, 81, 82, 83, 84, 85, 86, 87, 88, 89, 90, 91, 92, 93, 94, 95, 96, 97, 98, 99, 100, 101, 102, 103, 104, 105, 106, 107, 108, 109, 110, 111, 112, 113, 114, 115, 116, 117, 118, 119, 120, 121, 122, 123, 124, 125, 126, 127, 128, 129, 130, 131, 132, 133, 134, 135, 136, 137, 138, 139, 140, 141, 142, 143, 144, 145, 146, 147, 148, 149, 150, 151, 152, 153, 154, 155, 156, 157, 158, 159, 160, 161, 162, 163, 164, 165, 166, 167, 168, 169, 170, 171, 172, 173, 174, 175, 176, 177, 178, 179, 180, 181, 182, 183, 184, 185, 186, 187, 188, 189, 190, 191, 192, 193, 194, 195, 196, 197, 198, 199, 200, 201, 202, 203, 204, 205, 206, 207, 208, 209, 210, 211, 212, 213, 214, 215, 216, 217, 218, 219, 220, 221, 222, 223, 224, 225, 226, 227, 228, 229, 230, 231, 232, 233, 234, 235, 236, 237, 238, 239, 240, 241, 242, 243, 244, 245, 246, 247, 248, 249, 250, 251, 252, 253, 254, 255, 256, 257, 258, 259, 260, 261, 262, 263, 264, 265, 266, 267, 268, 269, 270, 271, 272, 273, 274, 275, 276, 277, 278, 279, 280, 281, 282, 283, 284, 285, 286, 287, 288, 289, 290, 291, 292, 293, 294, 295, 296, 297, 298, 299, 300, 301, 302, 303, 304, 305, 306, 307, 308, 310, 312, 313, 314, 315, 316, 317, 318, 319, 320, 321, 322, 323, 324, 325, 326, 327, 328, 329, 330, 331, 332, 333, 334, 335, 336, 337, 338, 339, 340, 341, 342, 343, 344, 345, 346, 347, 348, 349, 350, 351, 352, 353, 354, 355, 356, 357, 358, 359, 360, 361]",360,False,3.26665749214888e-05,3.310685446421375e-08,1.0877822689008197e-05,10.0
CP3,232,232,23,209,393,0.09913793103448276,0.055288461538461536,0.07098765432098765,cao2018,S01/051017m,all_channel,mean,mean__all_channel__CP3,32,362,"[0, 1, 2, 3, 4, 5, 6, 7, 8, 9, 10, 11, 12, 13, 14, 15, 16, 17, 18, 19, 20, 21, 22, 23, 24, 25, 26, 27, 28, 29, 30, 31, 32, 33, 34, 35, 36, 37, 38, 39, 40, 41, 42, 43, 44, 45, 46, 47, 48, 49, 50, 51, 52, 53, 54, 55, 56, 57, 58, 59, 60, 61, 62, 63, 64, 65, 66, 67, 68, 69, 70, 71, 72, 73, 74, 75, 76, 77, 78, 79, 80, 81, 82, 83, 84, 85, 86, 87, 88, 89, 90, 91, 92, 93, 94, 95, 96, 97, 98, 99, 100, 101, 102, 103, 104, 105, 106, 107, 108, 109, 110, 111, 112, 113, 114, 115, 116, 117, 118, 119, 120, 121, 122, 123, 124, 125, 126, 127, 128, 129, 130, 131, 132, 133, 134, 135, 136, 137, 138, 139, 140, 141, 142, 143, 144, 145, 146, 147, 148, 149, 150, 151, 152, 153, 154, 155, 156, 157, 158, 159, 160, 161, 162, 163, 164, 165, 166, 167, 168, 169, 170, 171, 172, 173, 174, 175, 176, 177, 178, 179, 180, 181, 182, 183, 184, 185, 186, 187, 188, 189, 190, 191, 192, 193, 194, 195, 196, 197, 198, 199, 200, 201, 202, 203, 204, 205, 206, 207, 208, 209, 210, 211, 212, 213, 214, 215, 216, 217, 218, 219, 220, 221, 222, 223, 224, 225, 226, 227, 228, 229, 230, 231, 232, 233, 234, 235, 236, 237, 238, 239, 240, 241, 242, 243, 244, 245, 246, 247, 248, 249, 250, 251, 252, 253, 254, 255, 256, 257, 258, 259, 260, 261, 262, 263, 264, 265, 266, 267, 268, 269, 270, 271, 272, 273, 274, 275, 276, 277, 278, 279, 280, 281, 282, 283, 284, 285, 286, 287, 288, 289, 290, 291, 292, 293, 294, 295, 296, 297, 298, 299, 300, 301, 302, 303, 304, 305, 306, 307, 308, 310, 312, 313, 314, 315, 316, 317, 318, 319, 320, 321, 322, 323, 324, 325, 326, 327, 328, 329, 330, 331, 332, 333, 334, 335, 336, 337, 338, 339, 340, 341, 342, 343, 344, 345, 346, 347, 348, 349, 350, 351, 352, 353, 354, 355, 356, 357, 358, 359, 360, 361]",360,False,2.8462903411666465e-05,2.121694817535238e-08,9.480562154497037e-06,10.0
CPZ,331,331,25,306,391,0.0755287009063444,0.06009615384615385,0.06693440428380187,cao2018,S01/051017m,all_channel,mean,mean__all_channel__CPZ,32,362,"[0, 1, 2, 3, 4, 5, 6, 7, 8, 9, 10, 11, 12, 13, 14, 15, 16, 17, 18, 19, 20, 21, 22, 23, 24, 25, 26, 27, 28, 29, 30, 31, 32, 33, 34, 35, 36, 37, 38, 39, 40, 41, 42, 43, 44, 45, 46, 47, 48, 49, 50, 51, 52, 53, 54, 55, 56, 57, 58, 59, 60, 61, 62, 63, 64, 65, 66, 67, 68, 69, 70, 71, 72, 73, 74, 75, 76, 77, 78, 79, 80, 81, 82, 83, 84, 85, 86, 87, 88, 89, 90, 91, 92, 93, 94, 95, 96, 97, 98, 99, 100, 101, 102, 103, 104, 105, 106, 107, 108, 109, 110, 111, 112, 113, 114, 115, 116, 117, 118, 119, 120, 121, 122, 123, 124, 125, 126, 127, 128, 129, 130, 131, 132, 133, 134, 135, 136, 137, 138, 139, 140, 141, 142, 143, 144, 145, 146, 147, 148, 149, 150, 151, 152, 153, 154, 155, 156, 157, 158, 159, 160, 161, 162, 163, 164, 165, 166, 167, 168, 169, 170, 171, 172, 173, 174, 175, 176, 177, 178, 179, 180, 181, 182, 183, 184, 185, 186, 187, 188, 189, 190, 191, 192, 193, 194, 195, 196, 197, 198, 199, 200, 201, 202, 203, 204, 205, 206, 207, 208, 209, 210, 211, 212, 213, 214, 215, 216, 217, 218, 219, 220, 221, 222, 223, 224, 225, 226, 227, 228, 229, 230, 231, 232, 233, 234, 235, 236, 237, 238, 239, 240, 241, 242, 243, 244, 245, 246, 247, 248, 249, 250, 251, 252, 253, 254, 255, 256, 257, 258, 259, 260, 261, 262, 263, 264, 265, 266, 267, 268, 269, 270, 271, 272, 273, 274, 275, 276, 277, 278, 279, 280, 281, 282, 283, 284, 285, 286, 287, 288, 289, 290, 291, 292, 293, 294, 295, 296, 297, 298, 299, 300, 301, 302, 303, 304, 305, 306, 307, 308, 310, 312, 313, 314, 315, 316, 317, 318, 319, 320, 321, 322, 323, 324, 325, 326, 327, 328, 329, 330, 331, 332, 333, 334, 335, 336, 337, 338, 339, 340, 341, 342, 343, 344, 345, 346, 347, 348, 349, 350, 351, 352, 353, 354, 355, 356, 357, 358, 359, 360, 361]",360,False,2.9445682573894823e-05,2.7958297744320038e-08,9.805908092050168e-06,10.0
TP7,122,122,18,104,398,0.14754098360655737,0.04326923076923077,0.06691449814126393,cao2018,S01/051017m,all_channel,mean,mean__all_channel__TP7,32,362,"[0, 1, 2, 3, 4, 5, 6, 7, 8, 9, 10, 11, 12, 13, 14, 15, 16, 17, 18, 19, 20, 21, 22, 23, 24, 25, 26, 27, 28, 29, 30, 31, 32, 33, 34, 35, 36, 37, 38, 39, 40, 41, 42, 43, 44, 45, 46, 47, 48, 49, 50, 51, 52, 53, 54, 55, 56, 57, 58, 59, 60, 61, 62, 63, 64, 65, 66, 67, 68, 69, 70, 71, 72, 73, 74, 75, 76, 77, 78, 79, 80, 81, 82, 83, 84, 85, 86, 87, 88, 89, 90, 91, 92, 93, 94, 95, 96, 97, 98, 99, 100, 101, 102, 103, 104, 105, 106, 107, 108, 109, 110, 111, 112, 113, 114, 115, 116, 117, 118, 119, 120, 121, 122, 123, 124, 125, 126, 127, 128, 129, 130, 131, 132, 133, 134, 135, 136, 137, 138, 139, 140, 141, 142, 143, 144, 145, 146, 147, 148, 149, 150, 151, 152, 153, 154, 155, 156, 157, 158, 159, 160, 161, 162, 163, 164, 165, 166, 167, 168, 169, 170, 171, 172, 173, 174, 175, 176, 177, 178, 179, 180, 181, 182, 183, 184, 185, 186, 187, 188, 189, 190, 191, 192, 193, 194, 195, 196, 197, 198, 199, 200, 201, 202, 203, 204, 205, 206, 207, 208, 209, 210, 211, 212, 213, 214, 215, 216, 217, 218, 219, 220, 221, 222, 223, 224, 225, 226, 227, 228, 229, 230, 231, 232, 233, 234, 235, 236, 237, 238, 239, 240, 241, 242, 243, 244, 245, 246, 247, 248, 249, 250, 251, 252, 253, 254, 255, 256, 257, 258, 259, 260, 261, 262, 263, 264, 265, 266, 267, 268, 269, 270, 271, 272, 273, 274, 275, 276, 277, 278, 279, 280, 281, 282, 283, 284, 285, 286, 287, 288, 289, 290, 291, 292, 293, 294, 295, 296, 297, 298, 299, 300, 301, 302, 303, 304, 305, 306, 307, 308, 310, 312, 313, 314, 315, 316, 317, 318, 319, 320, 321, 322, 323, 324, 325, 326, 327, 328, 329, 330, 331, 332, 333, 334, 335, 336, 337, 338, 339, 340, 341, 342, 343, 344, 345, 346, 347, 348, 349, 350, 351, 352, 353, 354, 355, 356, 357, 358, 359, 360, 361]",360,False,2.414892217623826e-05,9.374795006453973e-09,8.046515793743935e-06,10.0
PZ,260,260,19,241,397,0.07307692307692308,0.04567307692307692,0.056213017751479286,cao2018,S01/051017m,all_channel,mean,mean__all_channel__PZ,32,362,"[0, 1, 2, 3, 4, 5, 6, 7, 8, 9, 10, 11, 12, 13, 14, 15, 16, 17, 18, 19, 20, 21, 22, 23, 24, 25, 26, 27, 28, 29, 30, 31, 32, 33, 34, 35, 36, 37, 38, 39, 40, 41, 42, 43, 44, 45, 46, 47, 48, 49, 50, 51, 52, 53, 54, 55, 56, 57, 58, 59, 60, 61, 62, 63, 64, 65, 66, 67, 68, 69, 70, 71, 72, 73, 74, 75, 76, 77, 78, 79, 80, 81, 82, 83, 84, 85, 86, 87, 88, 89, 90, 91, 92, 93, 94, 95, 96, 97, 98, 99, 100, 101, 102, 103, 104, 105, 106, 107, 108, 109, 110, 111, 112, 113, 114, 115, 116, 117, 118, 119, 120, 121, 122, 123, 124, 125, 126, 127, 128, 129, 130, 131, 132, 133, 134, 135, 136, 137, 138, 139, 140, 141, 142, 143, 144, 145, 146, 147, 148, 149, 150, 151, 152, 153, 154, 155, 156, 157, 158, 159, 160, 161, 162, 163, 164, 165, 166, 167, 168, 169, 170, 171, 172, 173, 174, 175, 176, 177, 178, 179, 180, 181, 182, 183, 184, 185, 186, 187, 188, 189, 190, 191, 192, 193, 194, 195, 196, 197, 198, 199, 200, 201, 202, 203, 204, 205, 206, 207, 208, 209, 210, 211, 212, 213, 214, 215, 216, 217, 218, 219, 220, 221, 222, 223, 224, 225, 226, 227, 228, 229, 230, 231, 232, 233, 234, 235, 236, 237, 238, 239, 240, 241, 242, 243, 244, 245, 246, 247, 248, 249, 250, 251, 252, 253, 254, 255, 256, 257, 258, 259, 260, 261, 262, 263, 264, 265, 266, 267, 268, 269, 270, 271, 272, 273, 274, 275, 276, 277, 278, 279, 280, 281, 282, 283, 284, 285, 286, 287, 288, 289, 290, 291, 292, 293, 294, 295, 296, 297, 298, 299, 300, 301, 302, 303, 304, 305, 306, 307, 308, 310, 312, 313, 314, 315, 316, 317, 318, 319, 320, 321, 322, 323, 324, 325, 326, 327, 328, 329, 330, 331, 332, 333, 334, 335, 336, 337, 338, 339, 340, 341, 342, 343, 344, 345, 346, 347, 348, 349, 350, 351, 352, 353, 354, 355, 356, 357, 358, 359, 360, 361]",360,False,2.720567891513584e-05,2.1721315000714295e-08,9.061319200045041e-06,10.0
P3,208,208,17,191,399,0.08173076923076923,0.040865384615384616,0.05448717948717949,cao2018,S01/051017m,all_channel,mean,mean__all_channel__P3,32,362,"[0, 1, 2, 3, 4, 5, 6, 7, 8, 9, 10, 11, 12, 13, 14, 15, 16, 17, 18, 19, 20, 21, 22, 23, 24, 25, 26, 27, 28, 29, 30, 31, 32, 33, 34, 35, 36, 37, 38, 39, 40, 41, 42, 43, 44, 45, 46, 47, 48, 49, 50, 51, 52, 53, 54, 55, 56, 57, 58, 59, 60, 61, 62, 63, 64, 65, 66, 67, 68, 69, 70, 71, 72, 73, 74, 75, 76, 77, 78, 79, 80, 81, 82, 83, 84, 85, 86, 87, 88, 89, 90, 91, 92, 93, 94, 95, 96, 97, 98, 99, 100, 101, 102, 103, 104, 105, 106, 107, 108, 109, 110, 111, 112, 113, 114, 115, 116, 117, 118, 119, 120, 121, 122, 123, 124, 125, 126, 127, 128, 129, 130, 131, 132, 133, 134, 135, 136, 137, 138, 139, 140, 141, 142, 143, 144, 145, 146, 147, 148, 149, 150, 151, 152, 153, 154, 155, 156, 157, 158, 159, 160, 161, 162, 163, 164, 165, 166, 167, 168, 169, 170, 171, 172, 173, 174, 175, 176, 177, 178, 179, 180, 181, 182, 183, 184, 185, 186, 187, 188, 189, 190, 191, 192, 193, 194, 195, 196, 197, 198, 199, 200, 201, 202, 203, 204, 205, 206, 207, 208, 209, 210, 211, 212, 213, 214, 215, 216, 217, 218, 219, 220, 221, 222, 223, 224, 225, 226, 227, 228, 229, 230, 231, 232, 233, 234, 235, 236, 237, 238, 239, 240, 241, 242, 243, 244, 245, 246, 247, 248, 249, 250, 251, 252, 253, 254, 255, 256, 257, 258, 259, 260, 261, 262, 263, 264, 265, 266, 267, 268, 269, 270, 271, 272, 273, 274, 275, 276, 277, 278, 279, 280, 281, 282, 283, 284, 285, 286, 287, 288, 289, 290, 291, 292, 293, 294, 295, 296, 297, 298, 299, 300, 301, 302, 303, 304, 305, 306, 307, 308, 310, 312, 313, 314, 315, 316, 317, 318, 319, 320, 321, 322, 323, 324, 325, 326, 327, 328, 329, 330, 331, 332, 333, 334, 335, 336, 337, 338, 339, 340, 341, 342, 343, 344, 345, 346, 347, 348, 349, 350, 351, 352, 353, 354, 355, 356, 357, 358, 359, 360, 361]",360,False,2.7063462276334127e-05,1.8187458256635988e-08,9.01509160602583e-06,10.0
T5,105,105,11,94,405,0.10476190476190476,0.026442307692307692,0.04222648752399232,cao2018,S01/051017m,all_channel,mean,mean__all_channel__T5,32,362,"[0, 1, 2, 3, 4, 5, 6, 7, 8, 9, 10, 11, 12, 13, 14, 15, 16, 17, 18, 19, 20, 21, 22, 23, 24, 25, 26, 27, 28, 29, 30, 31, 32, 33, 34, 35, 36, 37, 38, 39, 40, 41, 42, 43, 44, 45, 46, 47, 48, 49, 50, 51, 52, 53, 54, 55, 56, 57, 58, 59, 60, 61, 62, 63, 64, 65, 66, 67, 68, 69, 70, 71, 72, 73, 74, 75, 76, 77, 78, 79, 80, 81, 82, 83, 84, 85, 86, 87, 88, 89, 90, 91, 92, 93, 94, 95, 96, 97, 98, 99, 100, 101, 102, 103, 104, 105, 106, 107, 108, 109, 110, 111, 112, 113, 114, 115, 116, 117, 118, 119, 120, 121, 122, 123, 124, 125, 126, 127, 128, 129, 130, 131, 132, 133, 134, 135, 136, 137, 138, 139, 140, 141, 142, 143, 144, 145, 146, 147, 148, 149, 150, 151, 152, 153, 154, 155, 156, 157, 158, 159, 160, 161, 162, 163, 164, 165, 166, 167, 168, 169, 170, 171, 172, 173, 174, 175, 176, 177, 178, 179, 180, 181, 182, 183, 184, 185, 186, 187, 188, 189, 190, 191, 192, 193, 194, 195, 196, 197, 198, 199, 200, 201, 202, 203, 204, 205, 206, 207, 208, 209, 210, 211, 212, 213, 214, 215, 216, 217, 218, 219, 220, 221, 222, 223, 224, 225, 226, 227, 228, 229, 230, 231, 232, 233, 234, 235, 236, 237, 238, 239, 240, 241, 242, 243, 244, 245, 246, 247, 248, 249, 250, 251, 252, 253, 254, 255, 256, 257, 258, 259, 260, 261, 262, 263, 264, 265, 266, 267, 268, 269, 270, 271, 272, 273, 274, 275, 276, 277, 278, 279, 280, 281, 282, 283, 284, 285, 286, 287, 288, 289, 290, 291, 292, 293, 294, 295, 296, 297, 298, 299, 300, 301, 302, 303, 304, 305, 306, 307, 308, 310, 312, 313, 314, 315, 316, 317, 318, 319, 320, 321, 322, 323, 324, 325, 326, 327, 328, 329, 330, 331, 332, 333, 334, 335, 336, 337, 338, 339, 340, 341, 342, 343, 344, 345, 346, 347, 348, 349, 350, 351, 352, 353, 354, 355, 356, 357, 358, 359, 360, 361]",360,False,2.4964215374450086e-05,8.992483298033877e-09,8.318407630384017e-06,10.0
O2,117,117,8,109,408,0.06837606837606838,0.019230769230769232,0.030018761726078803,cao2018,S01/051017m,all_channel,mean,mean__all_channel__O2,32,362,"[0, 1, 2, 3, 4, 5, 6, 7, 8, 9, 10, 11, 12, 13, 14, 15, 16, 17, 18, 19, 20, 21, 22, 23, 24, 25, 26, 27, 28, 29, 30, 31, 32, 33, 34, 35, 36, 37, 38, 39, 40, 41, 42, 43, 44, 45, 46, 47, 48, 49, 50, 51, 52, 53, 54, 55, 56, 57, 58, 59, 60, 61, 62, 63, 64, 65, 66, 67, 68, 69, 70, 71, 72, 73, 74, 75, 76, 77, 78, 79, 80, 81, 82, 83, 84, 85, 86, 87, 88, 89, 90, 91, 92, 93, 94, 95, 96, 97, 98, 99, 100, 101, 102, 103, 104, 105, 106, 107, 108, 109, 110, 111, 112, 113, 114, 115, 116, 117, 118, 119, 120, 121, 122, 123, 124, 125, 126, 127, 128, 129, 130, 131, 132, 133, 134, 135, 136, 137, 138, 139, 140, 141, 142, 143, 144, 145, 146, 147, 148, 149, 150, 151, 152, 153, 154, 155, 156, 157, 158, 159, 160, 161, 162, 163, 164, 165, 166, 167, 168, 169, 170, 171, 172, 173, 174, 175, 176, 177, 178, 179, 180, 181, 182, 183, 184, 185, 186, 187, 188, 189, 190, 191, 192, 193, 194, 195, 196, 197, 198, 199, 200, 201, 202, 203, 204, 205, 206, 207, 208, 209, 210, 211, 212, 213, 214, 215, 216, 217, 218, 219, 220, 221, 222, 223, 224, 225, 226, 227, 228, 229, 230, 231, 232, 233, 234, 235, 236, 237, 238, 239, 240, 241, 242, 243, 244, 245, 246, 247, 248, 249, 250, 251, 252, 253, 254, 255, 256, 257, 258, 259, 260, 261, 262, 263, 264, 265, 266, 267, 268, 269, 270, 271, 272, 273, 274, 275, 276, 277, 278, 279, 280, 281, 282, 283, 284, 285, 286, 287, 288, 289, 290, 291, 292, 293, 294, 295, 296, 297, 298, 299, 300, 301, 302, 303, 304, 305, 306, 307, 308, 310, 312, 313, 314, 315, 316, 317, 318, 319, 320, 321, 322, 323, 324, 325, 326, 327, 328, 329, 330, 331, 332, 333, 334, 335, 336, 337, 338, 339, 340, 341, 342, 343, 344, 345, 346, 347, 348, 349, 350, 351, 352, 353, 354, 355, 356, 357, 358, 359, 360, 361]",360,False,2.2557138590002546e-05,1.5664029513046192e-08,7.5138248534965004e-06,10.0
O1,106,106,7,99,409,0.0660377358490566,0.016826923076923076,0.026819923371647507,cao2018,S01/051017m,all_channel,mean,mean__all_channel__O1,32,362,"[0, 1, 2, 3, 4, 5, 6, 7, 8, 9, 10, 11, 12, 13, 14, 15, 16, 17, 18, 19, 20, 21, 22, 23, 24, 25, 26, 27, 28, 29, 30, 31, 32, 33, 34, 35, 36, 37, 38, 39, 40, 41, 42, 43, 44, 45, 46, 47, 48, 49, 50, 51, 52, 53, 54, 55, 56, 57, 58, 59, 60, 61, 62, 63, 64, 65, 66, 67, 68, 69, 70, 71, 72, 73, 74, 75, 76, 77, 78, 79, 80, 81, 82, 83, 84, 85, 86, 87, 88, 89, 90, 91, 92, 93, 94, 95, 96, 97, 98, 99, 100, 101, 102, 103, 104, 105, 106, 107, 108, 109, 110, 111, 112, 113, 114, 115, 116, 117, 118, 119, 120, 121, 122, 123, 124, 125, 126, 127, 128, 129, 130, 131, 132, 133, 134, 135, 136, 137, 138, 139, 140, 141, 142, 143, 144, 145, 146, 147, 148, 149, 150, 151, 152, 153, 154, 155, 156, 157, 158, 159, 160, 161, 162, 163, 164, 165, 166, 167, 168, 169, 170, 171, 172, 173, 174, 175, 176, 177, 178, 179, 180, 181, 182, 183, 184, 185, 186, 187, 188, 189, 190, 191, 192, 193, 194, 195, 196, 197, 198, 199, 200, 201, 202, 203, 204, 205, 206, 207, 208, 209, 210, 211, 212, 213, 214, 215, 216, 217, 218, 219, 220, 221, 222, 223, 224, 225, 226, 227, 228, 229, 230, 231, 232, 233, 234, 235, 236, 237, 238, 239, 240, 241, 242, 243, 244, 245, 246, 247, 248, 249, 250, 251, 252, 253, 254, 255, 256, 257, 258, 259, 260, 261, 262, 263, 264, 265, 266, 267, 268, 269, 270, 271, 272, 273, 274, 275, 276, 277, 278, 279, 280, 281, 282, 283, 284, 285, 286, 287, 288, 289, 290, 291, 292, 293, 294, 295, 296, 297, 298, 299, 300, 301, 302, 303, 304, 305, 306, 307, 308, 310, 312, 313, 314, 315, 316, 317, 318, 319, 320, 321, 322, 323, 324, 325, 326, 327, 328, 329, 330, 331, 332, 333, 334, 335, 336, 337, 338, 339, 340, 341, 342, 343, 344, 345, 346, 347, 348, 349, 350, 351, 352, 353, 354, 355, 356, 357, 358, 359, 360, 361]",360,False,2.3947514468102295e-05,1.2653067615989571e-08,7.978287133495436e-06,10.0
OZ,133,133,6,127,410,0.045112781954887216,0.014423076923076924,0.02185792349726776,cao2018,S01/051017m,all_channel,mean,mean__all_channel__OZ,32,362,"[0, 1, 2, 3, 4, 5, 6, 7, 8, 9, 10, 11, 12, 13, 14, 15, 16, 17, 18, 19, 20, 21, 22, 23, 24, 25, 26, 27, 28, 29, 30, 31, 32, 33, 34, 35, 36, 37, 38, 39, 40, 41, 42, 43, 44, 45, 46, 47, 48, 49, 50, 51, 52, 53, 54, 55, 56, 57, 58, 59, 60, 61, 62, 63, 64, 65, 66, 67, 68, 69, 70, 71, 72, 73, 74, 75, 76, 77, 78, 79, 80, 81, 82, 83, 84, 85, 86, 87, 88, 89, 90, 91, 92, 93, 94, 95, 96, 97, 98, 99, 100, 101, 102, 103, 104, 105, 106, 107, 108, 109, 110, 111, 112, 113, 114, 115, 116, 117, 118, 119, 120, 121, 122, 123, 124, 125, 126, 127, 128, 129, 130, 131, 132, 133, 134, 135, 136, 137, 138, 139, 140, 141, 142, 143, 144, 145, 146, 147, 148, 149, 150, 151, 152, 153, 154, 155, 156, 157, 158, 159, 160, 161, 162, 163, 164, 165, 166, 167, 168, 169, 170, 171, 172, 173, 174, 175, 176, 177, 178, 179, 180, 181, 182, 183, 184, 185, 186, 187, 188, 189, 190, 191, 192, 193, 194, 195, 196, 197, 198, 199, 200, 201, 202, 203, 204, 205, 206, 207, 208, 209, 210, 211, 212, 213, 214, 215, 216, 217, 218, 219, 220, 221, 222, 223, 224, 225, 226, 227, 228, 229, 230, 231, 232, 233, 234, 235, 236, 237, 238, 239, 240, 241, 242, 243, 244, 245, 246, 247, 248, 249, 250, 251, 252, 253, 254, 255, 256, 257, 258, 259, 260, 261, 262, 263, 264, 265, 266, 267, 268, 269, 270, 271, 272, 273, 274, 275, 276, 277, 278, 279, 280, 281, 282, 283, 284, 285, 286, 287, 288, 289, 290, 291, 292, 293, 294, 295, 296, 297, 298, 299, 300, 301, 302, 303, 304, 305, 306, 307, 308, 310, 312, 313, 314, 315, 316, 317, 318, 319, 320, 321, 322, 323, 324, 325, 326, 327, 328, 329, 330, 331, 332, 333, 334, 335, 336, 337, 338, 339, 340, 341, 342, 343, 344, 345, 346, 347, 348, 349, 350, 351, 352, 353, 354, 355, 356, 357, 358, 359, 360, 361]",360,False,2.2259629900245528e-05,1.2668803286953389e-08,7.4156536989861915e-06,10.0
A1,0,0,0,0,416,0.0,0.0,0.0,cao2018,S01/051017m,all_channel,mean,mean__all_channel__A1,32,362,"[0, 1, 2, 3, 4, 5, 6, 7, 8, 9, 10, 11, 12, 13, 14, 15, 16, 17, 18, 19, 20, 21, 22, 23, 24, 25, 26, 27, 28, 29, 30, 31, 32, 33, 34, 35, 36, 37, 38, 39, 40, 41, 42, 43, 44, 45, 46, 47, 48, 49, 50, 51, 52, 53, 54, 55, 56, 57, 58, 59, 60, 61, 62, 63, 64, 65, 66, 67, 68, 69, 70, 71, 72, 73, 74, 75, 76, 77, 78, 79, 80, 81, 82, 83, 84, 85, 86, 87, 88, 89, 90, 91, 92, 93, 94, 95, 96, 97, 98, 99, 100, 101, 102, 103, 104, 105, 106, 107, 108, 109, 110, 111, 112, 113, 114, 115, 116, 117, 118, 119, 120, 121, 122, 123, 124, 125, 126, 127, 128, 129, 130, 131, 132, 133, 134, 135, 136, 137, 138, 139, 140, 141, 142, 143, 144, 145, 146, 147, 148, 149, 150, 151, 152, 153, 154, 155, 156, 157, 158, 159, 160, 161, 162, 163, 164, 165, 166, 167, 168, 169, 170, 171, 172, 173, 174, 175, 176, 177, 178, 179, 180, 181, 182, 183, 184, 185, 186, 187, 188, 189, 190, 191, 192, 193, 194, 195, 196, 197, 198, 199, 200, 201, 202, 203, 204, 205, 206, 207, 208, 209, 210, 211, 212, 213, 214, 215, 216, 217, 218, 219, 220, 221, 222, 223, 224, 225, 226, 227, 228, 229, 230, 231, 232, 233, 234, 235, 236, 237, 238, 239, 240, 241, 242, 243, 244, 245, 246, 247, 248, 249, 250, 251, 252, 253, 254, 255, 256, 257, 258, 259, 260, 261, 262, 263, 264, 265, 266, 267, 268, 269, 270, 271, 272, 273, 274, 275, 276, 277, 278, 279, 280, 281, 282, 283, 284, 285, 286, 287, 288, 289, 290, 291, 292, 293, 294, 295, 296, 297, 298, 299, 300, 301, 302, 303, 304, 305, 306, 307, 308, 310, 312, 313, 314, 315, 316, 317, 318, 319, 320, 321, 322, 323, 324, 325, 326, 327, 328, 329, 330, 331, 332, 333, 334, 335, 336, 337, 338, 339, 340, 341, 342, 343, 344, 345, 346, 347, 348, 349, 350, 351, 352, 353, 354, 355, 356, 357, 358, 359, 360, 361]",360,False,0.0,0.0,0.0,10.0
A2,0,0,0,0,416,0.0,0.0,0.0,cao2018,S01/051017m,all_channel,mean,mean__all_channel__A2,32,362,"[0, 1, 2, 3, 4, 5, 6, 7, 8, 9, 10, 11, 12, 13, 14, 15, 16, 17, 18, 19, 20, 21, 22, 23, 24, 25, 26, 27, 28, 29, 30, 31, 32, 33, 34, 35, 36, 37, 38, 39, 40, 41, 42, 43, 44, 45, 46, 47, 48, 49, 50, 51, 52, 53, 54, 55, 56, 57, 58, 59, 60, 61, 62, 63, 64, 65, 66, 67, 68, 69, 70, 71, 72, 73, 74, 75, 76, 77, 78, 79, 80, 81, 82, 83, 84, 85, 86, 87, 88, 89, 90, 91, 92, 93, 94, 95, 96, 97, 98, 99, 100, 101, 102, 103, 104, 105, 106, 107, 108, 109, 110, 111, 112, 113, 114, 115, 116, 117, 118, 119, 120, 121, 122, 123, 124, 125, 126, 127, 128, 129, 130, 131, 132, 133, 134, 135, 136, 137, 138, 139, 140, 141, 142, 143, 144, 145, 146, 147, 148, 149, 150, 151, 152, 153, 154, 155, 156, 157, 158, 159, 160, 161, 162, 163, 164, 165, 166, 167, 168, 169, 170, 171, 172, 173, 174, 175, 176, 177, 178, 179, 180, 181, 182, 183, 184, 185, 186, 187, 188, 189, 190, 191, 192, 193, 194, 195, 196, 197, 198, 199, 200, 201, 202, 203, 204, 205, 206, 207, 208, 209, 210, 211, 212, 213, 214, 215, 216, 217, 218, 219, 220, 221, 222, 223, 224, 225, 226, 227, 228, 229, 230, 231, 232, 233, 234, 235, 236, 237, 238, 239, 240, 241, 242, 243, 244, 245, 246, 247, 248, 249, 250, 251, 252, 253, 254, 255, 256, 257, 258, 259, 260, 261, 262, 263, 264, 265, 266, 267, 268, 269, 270, 271, 272, 273, 274, 275, 276, 277, 278, 279, 280, 281, 282, 283, 284, 285, 286, 287, 288, 289, 290, 291, 292, 293, 294, 295, 296, 297, 298, 299, 300, 301, 302, 303, 304, 305, 306, 307, 308, 310, 312, 313, 314, 315, 316, 317, 318, 319, 320, 321, 322, 323, 324, 325, 326, 327, 328, 329, 330, 331, 332, 333, 334, 335, 336, 337, 338, 339, 340, 341, 342, 343, 344, 345, 346, 347, 348, 349, 350, 351, 352, 353, 354, 355, 356, 357, 358, 359, 360, 361]",360,False,0.0,0.0,0.0,10.0
FP1,672,672,336,336,80,0.5,0.8076923076923077,0.6176470588235294,cao2018,S01/051017m,frontal,median,median__frontal__FP1,4,362,"[0, 1, 2, 3, 4, 5, 6, 7, 8, 9, 10, 11, 12, 13, 14, 15, 16, 17, 18, 19, 20, 21, 22, 23, 24, 25, 26, 27, 28, 29, 30, 31, 32, 33, 34, 35, 36, 37, 38, 39, 40, 41, 42, 43, 44, 45, 46, 47, 48, 49, 50, 51, 52, 53, 54, 55, 56, 57, 58, 59, 60, 61, 62, 63, 64, 65, 66, 67, 68, 69, 70, 71, 72, 73, 74, 75, 76, 77, 78, 79, 80, 81, 82, 83, 84, 85, 86, 87, 88, 89, 90, 91, 92, 93, 94, 95, 96, 97, 98, 99, 100, 101, 102, 103, 104, 105, 106, 107, 108, 109, 110, 111, 112, 113, 114, 115, 116, 117, 118, 119, 120, 121, 122, 123, 124, 125, 126, 127, 128, 129, 130, 131, 132, 133, 134, 135, 136, 137, 138, 139, 140, 141, 142, 143, 144, 145, 146, 147, 148, 149, 150, 151, 152, 153, 154, 155, 156, 157, 158, 159, 160, 161, 162, 163, 164, 165, 166, 167, 168, 169, 170, 171, 172, 173, 174, 175, 176, 177, 178, 179, 180, 181, 182, 183, 184, 185, 186, 187, 188, 189, 190, 191, 192, 193, 194, 195, 196, 197, 198, 199, 200, 201, 202, 203, 204, 205, 206, 207, 208, 209, 210, 211, 212, 213, 214, 215, 216, 217, 218, 219, 220, 221, 222, 223, 224, 225, 226, 227, 228, 229, 230, 231, 232, 233, 234, 235, 236, 237, 238, 239, 240, 241, 242, 243, 244, 245, 246, 247, 248, 249, 250, 251, 252, 253, 254, 255, 256, 257, 258, 259, 260, 261, 262, 263, 264, 265, 266, 267, 268, 269, 270, 271, 272, 273, 274, 275, 276, 277, 278, 279, 280, 281, 282, 283, 284, 285, 286, 287, 288, 289, 290, 291, 292, 293, 294, 295, 296, 297, 298, 299, 300, 301, 302, 303, 304, 305, 306, 307, 308, 310, 313, 314, 315, 316, 318, 319, 320, 321, 322, 323, 324, 325, 326, 327, 328, 329, 330, 331, 332, 333, 334, 335, 336, 337, 338, 339, 340, 341, 342, 343, 344, 345, 346, 347, 348, 349, 350, 351, 352, 353, 354, 355, 356, 357, 358, 359, 360, 361]",358,False,4.03901580806045e-05,-6.408057433764088e-07,1.3676987941326968e-05,10.0
FP2,582,582,264,318,152,0.4536082474226804,0.6346153846153846,0.5290581162324649,cao2018,S01/051017m,frontal,median,median__frontal__FP2,4,362,"[0, 1, 2, 3, 4, 5, 6, 7, 8, 9, 10, 11, 12, 13, 14, 15, 16, 17, 18, 19, 20, 21, 22, 23, 24, 25, 26, 27, 28, 29, 30, 31, 32, 33, 34, 35, 36, 37, 38, 39, 40, 41, 42, 43, 44, 45, 46, 47, 48, 49, 50, 51, 52, 53, 54, 55, 56, 57, 58, 59, 60, 61, 62, 63, 64, 65, 66, 67, 68, 69, 70, 71, 72, 73, 74, 75, 76, 77, 78, 79, 80, 81, 82, 83, 84, 85, 86, 87, 88, 89, 90, 91, 92, 93, 94, 95, 96, 97, 98, 99, 100, 101, 102, 103, 104, 105, 106, 107, 108, 109, 110, 111, 112, 113, 114, 115, 116, 117, 118, 119, 120, 121, 122, 123, 124, 125, 126, 127, 128, 129, 130, 131, 132, 133, 134, 135, 136, 137, 138, 139, 140, 141, 142, 143, 144, 145, 146, 147, 148, 149, 150, 151, 152, 153, 154, 155, 156, 157, 158, 159, 160, 161, 162, 163, 164, 165, 166, 167, 168, 169, 170, 171, 172, 173, 174, 175, 176, 177, 178, 179, 180, 181, 182, 183, 184, 185, 186, 187, 188, 189, 190, 191, 192, 193, 194, 195, 196, 197, 198, 199, 200, 201, 202, 203, 204, 205, 206, 207, 208, 209, 210, 211, 212, 213, 214, 215, 216, 217, 218, 219, 220, 221, 222, 223, 224, 225, 226, 227, 228, 229, 230, 231, 232, 233, 234, 235, 236, 237, 238, 239, 240, 241, 242, 243, 244, 245, 246, 247, 248, 249, 250, 251, 252, 253, 254, 255, 256, 257, 258, 259, 260, 261, 262, 263, 264, 265, 266, 267, 268, 269, 270, 271, 272, 273, 274, 275, 276, 277, 278, 279, 280, 281, 282, 283, 284, 285, 286, 287, 288, 289, 290, 291, 292, 293, 294, 295, 296, 297, 298, 299, 300, 301, 302, 303, 304, 305, 306, 307, 308, 310, 313, 314, 315, 316, 318, 319, 320, 321, 322, 323, 324, 325, 326, 327, 328, 329, 330, 331, 332, 333, 334, 335, 336, 337, 338, 339, 340, 341, 342, 343, 344, 345, 346, 347, 348, 349, 350, 351, 352, 353, 354, 355, 356, 357, 358, 359, 360, 361]",358,False,3.778127883833745e-05,-3.7062752772697884e-07,1.2717302122021477e-05,10.0
F4,364,364,79,285,337,0.21703296703296704,0.18990384615384615,0.20256410256410254,cao2018,S01/051017m,frontal,median,median__frontal__F4,4,362,"[0, 1, 2, 3, 4, 5, 6, 7, 8, 9, 10, 11, 12, 13, 14, 15, 16, 17, 18, 19, 20, 21, 22, 23, 24, 25, 26, 27, 28, 29, 30, 31, 32, 33, 34, 35, 36, 37, 38, 39, 40, 41, 42, 43, 44, 45, 46, 47, 48, 49, 50, 51, 52, 53, 54, 55, 56, 57, 58, 59, 60, 61, 62, 63, 64, 65, 66, 67, 68, 69, 70, 71, 72, 73, 74, 75, 76, 77, 78, 79, 80, 81, 82, 83, 84, 85, 86, 87, 88, 89, 90, 91, 92, 93, 94, 95, 96, 97, 98, 99, 100, 101, 102, 103, 104, 105, 106, 107, 108, 109, 110, 111, 112, 113, 114, 115, 116, 117, 118, 119, 120, 121, 122, 123, 124, 125, 126, 127, 128, 129, 130, 131, 132, 133, 134, 135, 136, 137, 138, 139, 140, 141, 142, 143, 144, 145, 146, 147, 148, 149, 150, 151, 152, 153, 154, 155, 156, 157, 158, 159, 160, 161, 162, 163, 164, 165, 166, 167, 168, 169, 170, 171, 172, 173, 174, 175, 176, 177, 178, 179, 180, 181, 182, 183, 184, 185, 186, 187, 188, 189, 190, 191, 192, 193, 194, 195, 196, 197, 198, 199, 200, 201, 202, 203, 204, 205, 206, 207, 208, 209, 210, 211, 212, 213, 214, 215, 216, 217, 218, 219, 220, 221, 222, 223, 224, 225, 226, 227, 228, 229, 230, 231, 232, 233, 234, 235, 236, 237, 238, 239, 240, 241, 242, 243, 244, 245, 246, 247, 248, 249, 250, 251, 252, 253, 254, 255, 256, 257, 258, 259, 260, 261, 262, 263, 264, 265, 266, 267, 268, 269, 270, 271, 272, 273, 274, 275, 276, 277, 278, 279, 280, 281, 282, 283, 284, 285, 286, 287, 288, 289, 290, 291, 292, 293, 294, 295, 296, 297, 298, 299, 300, 301, 302, 303, 304, 305, 306, 307, 308, 310, 313, 314, 315, 316, 318, 319, 320, 321, 322, 323, 324, 325, 326, 327, 328, 329, 330, 331, 332, 333, 334, 335, 336, 337, 338, 339, 340, 341, 342, 343, 344, 345, 346, 347, 348, 349, 350, 351, 352, 353, 354, 355, 356, 357, 358, 359, 360, 361]",358,False,3.4748488073454956e-05,-7.25334579560298e-08,1.1607007177136993e-05,10.0
F3,302,302,60,242,356,0.1986754966887417,0.14423076923076922,0.1671309192200557,cao2018,S01/051017m,frontal,median,median__frontal__F3,4,362,"[0, 1, 2, 3, 4, 5, 6, 7, 8, 9, 10, 11, 12, 13, 14, 15, 16, 17, 18, 19, 20, 21, 22, 23, 24, 25, 26, 27, 28, 29, 30, 31, 32, 33, 34, 35, 36, 37, 38, 39, 40, 41, 42, 43, 44, 45, 46, 47, 48, 49, 50, 51, 52, 53, 54, 55, 56, 57, 58, 59, 60, 61, 62, 63, 64, 65, 66, 67, 68, 69, 70, 71, 72, 73, 74, 75, 76, 77, 78, 79, 80, 81, 82, 83, 84, 85, 86, 87, 88, 89, 90, 91, 92, 93, 94, 95, 96, 97, 98, 99, 100, 101, 102, 103, 104, 105, 106, 107, 108, 109, 110, 111, 112, 113, 114, 115, 116, 117, 118, 119, 120, 121, 122, 123, 124, 125, 126, 127, 128, 129, 130, 131, 132, 133, 134, 135, 136, 137, 138, 139, 140, 141, 142, 143, 144, 145, 146, 147, 148, 149, 150, 151, 152, 153, 154, 155, 156, 157, 158, 159, 160, 161, 162, 163, 164, 165, 166, 167, 168, 169, 170, 171, 172, 173, 174, 175, 176, 177, 178, 179, 180, 181, 182, 183, 184, 185, 186, 187, 188, 189, 190, 191, 192, 193, 194, 195, 196, 197, 198, 199, 200, 201, 202, 203, 204, 205, 206, 207, 208, 209, 210, 211, 212, 213, 214, 215, 216, 217, 218, 219, 220, 221, 222, 223, 224, 225, 226, 227, 228, 229, 230, 231, 232, 233, 234, 235, 236, 237, 238, 239, 240, 241, 242, 243, 244, 245, 246, 247, 248, 249, 250, 251, 252, 253, 254, 255, 256, 257, 258, 259, 260, 261, 262, 263, 264, 265, 266, 267, 268, 269, 270, 271, 272, 273, 274, 275, 276, 277, 278, 279, 280, 281, 282, 283, 284, 285, 286, 287, 288, 289, 290, 291, 292, 293, 294, 295, 296, 297, 298, 299, 300, 301, 302, 303, 304, 305, 306, 307, 308, 310, 313, 314, 315, 316, 318, 319, 320, 321, 322, 323, 324, 325, 326, 327, 328, 329, 330, 331, 332, 333, 334, 335, 336, 337, 338, 339, 340, 341, 342, 343, 344, 345, 346, 347, 348, 349, 350, 351, 352, 353, 354, 355, 356, 357, 358, 359, 360, 361]",358,False,3.5868899294985616e-05,0.0,1.1956299764995206e-05,10.0
FP1,654,654,330,324,86,0.5045871559633027,0.7932692307692307,0.616822429906542,cao2018,S01/051017m,frontal,mean,mean__frontal__FP1,4,362,"[0, 1, 2, 3, 4, 5, 6, 7, 8, 9, 10, 11, 12, 13, 14, 15, 16, 17, 18, 19, 20, 21, 22, 23, 24, 25, 26, 27, 28, 29, 30, 31, 32, 33, 34, 35, 36, 37, 38, 39, 40, 41, 42, 43, 44, 45, 46, 47, 48, 49, 50, 51, 52, 53, 54, 55, 56, 57, 58, 59, 60, 61, 62, 63, 64, 65, 66, 67, 68, 69, 70, 71, 72, 73, 74, 75, 76, 77, 78, 79, 80, 81, 82, 83, 84, 85, 86, 87, 88, 89, 90, 91, 92, 93, 94, 95, 96, 97, 98, 99, 100, 101, 102, 103, 104, 105, 106, 107, 108, 109, 110, 111, 112, 113, 114, 115, 116, 117, 118, 119, 120, 121, 122, 123, 124, 125, 126, 127, 128, 129, 130, 131, 132, 133, 134, 135, 136, 137, 138, 139, 140, 141, 142, 143, 144, 145, 146, 147, 148, 149, 150, 151, 152, 153, 154, 155, 156, 157, 158, 159, 160, 161, 162, 163, 164, 165, 166, 167, 168, 169, 170, 171, 172, 173, 174, 175, 176, 177, 178, 179, 180, 181, 182, 183, 184, 185, 186, 187, 188, 189, 190, 191, 192, 193, 194, 195, 196, 197, 198, 199, 200, 201, 202, 203, 204, 205, 206, 207, 208, 209, 210, 211, 212, 213, 214, 215, 216, 217, 218, 219, 220, 221, 222, 223, 224, 225, 226, 227, 228, 229, 230, 231, 232, 233, 234, 235, 236, 237, 238, 239, 240, 241, 242, 243, 244, 245, 246, 247, 248, 249, 250, 251, 252, 253, 254, 255, 256, 257, 258, 259, 260, 261, 262, 263, 264, 265, 266, 267, 268, 269, 270, 271, 272, 273, 274, 275, 276, 277, 278, 279, 280, 281, 282, 283, 284, 285, 286, 287, 288, 289, 290, 291, 292, 293, 294, 295, 296, 297, 298, 299, 300, 301, 302, 303, 304, 305, 306, 307, 308, 310, 313, 314, 315, 316, 318, 319, 320, 321, 322, 323, 324, 325, 326, 327, 328, 329, 330, 331, 332, 333, 334, 335, 336, 337, 338, 339, 340, 341, 342, 343, 344, 345, 346, 347, 348, 349, 350, 351, 352, 353, 354, 355, 356, 357, 358, 359, 360, 361]",358,False,4.104569599650655e-05,1.47321725256461e-08,1.3676987941326968e-05,10.0
FP2,570,570,262,308,154,0.45964912280701753,0.6298076923076923,0.5314401622718053,cao2018,S01/051017m,frontal,mean,mean__frontal__FP2,4,362,"[0, 1, 2, 3, 4, 5, 6, 7, 8, 9, 10, 11, 12, 13, 14, 15, 16, 17, 18, 19, 20, 21, 22, 23, 24, 25, 26, 27, 28, 29, 30, 31, 32, 33, 34, 35, 36, 37, 38, 39, 40, 41, 42, 43, 44, 45, 46, 47, 48, 49, 50, 51, 52, 53, 54, 55, 56, 57, 58, 59, 60, 61, 62, 63, 64, 65, 66, 67, 68, 69, 70, 71, 72, 73, 74, 75, 76, 77, 78, 79, 80, 81, 82, 83, 84, 85, 86, 87, 88, 89, 90, 91, 92, 93, 94, 95, 96, 97, 98, 99, 100, 101, 102, 103, 104, 105, 106, 107, 108, 109, 110, 111, 112, 113, 114, 115, 116, 117, 118, 119, 120, 121, 122, 123, 124, 125, 126, 127, 128, 129, 130, 131, 132, 133, 134, 135, 136, 137, 138, 139, 140, 141, 142, 143, 144, 145, 146, 147, 148, 149, 150, 151, 152, 153, 154, 155, 156, 157, 158, 159, 160, 161, 162, 163, 164, 165, 166, 167, 168, 169, 170, 171, 172, 173, 174, 175, 176, 177, 178, 179, 180, 181, 182, 183, 184, 185, 186, 187, 188, 189, 190, 191, 192, 193, 194, 195, 196, 197, 198, 199, 200, 201, 202, 203, 204, 205, 206, 207, 208, 209, 210, 211, 212, 213, 214, 215, 216, 217, 218, 219, 220, 221, 222, 223, 224, 225, 226, 227, 228, 229, 230, 231, 232, 233, 234, 235, 236, 237, 238, 239, 240, 241, 242, 243, 244, 245, 246, 247, 248, 249, 250, 251, 252, 253, 254, 255, 256, 257, 258, 259, 260, 261, 262, 263, 264, 265, 266, 267, 268, 269, 270, 271, 272, 273, 274, 275, 276, 277, 278, 279, 280, 281, 282, 283, 284, 285, 286, 287, 288, 289, 290, 291, 292, 293, 294, 295, 296, 297, 298, 299, 300, 301, 302, 303, 304, 305, 306, 307, 308, 310, 313, 314, 315, 316, 318, 319, 320, 321, 322, 323, 324, 325, 326, 327, 328, 329, 330, 331, 332, 333, 334, 335, 336, 337, 338, 339, 340, 341, 342, 343, 344, 345, 346, 347, 348, 349, 350, 351, 352, 353, 354, 355, 356, 357, 358, 359, 360, 361]",358,False,3.816869181869225e-05,1.6785452627815874e-08,1.2717302122021477e-05,10.0
F4,362,362,78,284,338,0.2154696132596685,0.1875,0.20051413881748073,cao2018,S01/051017m,frontal,mean,mean__frontal__F4,4,362,"[0, 1, 2, 3, 4, 5, 6, 7, 8, 9, 10, 11, 12, 13, 14, 15, 16, 17, 18, 19, 20, 21, 22, 23, 24, 25, 26, 27, 28, 29, 30, 31, 32, 33, 34, 35, 36, 37, 38, 39, 40, 41, 42, 43, 44, 45, 46, 47, 48, 49, 50, 51, 52, 53, 54, 55, 56, 57, 58, 59, 60, 61, 62, 63, 64, 65, 66, 67, 68, 69, 70, 71, 72, 73, 74, 75, 76, 77, 78, 79, 80, 81, 82, 83, 84, 85, 86, 87, 88, 89, 90, 91, 92, 93, 94, 95, 96, 97, 98, 99, 100, 101, 102, 103, 104, 105, 106, 107, 108, 109, 110, 111, 112, 113, 114, 115, 116, 117, 118, 119, 120, 121, 122, 123, 124, 125, 126, 127, 128, 129, 130, 131, 132, 133, 134, 135, 136, 137, 138, 139, 140, 141, 142, 143, 144, 145, 146, 147, 148, 149, 150, 151, 152, 153, 154, 155, 156, 157, 158, 159, 160, 161, 162, 163, 164, 165, 166, 167, 168, 169, 170, 171, 172, 173, 174, 175, 176, 177, 178, 179, 180, 181, 182, 183, 184, 185, 186, 187, 188, 189, 190, 191, 192, 193, 194, 195, 196, 197, 198, 199, 200, 201, 202, 203, 204, 205, 206, 207, 208, 209, 210, 211, 212, 213, 214, 215, 216, 217, 218, 219, 220, 221, 222, 223, 224, 225, 226, 227, 228, 229, 230, 231, 232, 233, 234, 235, 236, 237, 238, 239, 240, 241, 242, 243, 244, 245, 246, 247, 248, 249, 250, 251, 252, 253, 254, 255, 256, 257, 258, 259, 260, 261, 262, 263, 264, 265, 266, 267, 268, 269, 270, 271, 272, 273, 274, 275, 276, 277, 278, 279, 280, 281, 282, 283, 284, 285, 286, 287, 288, 289, 290, 291, 292, 293, 294, 295, 296, 297, 298, 299, 300, 301, 302, 303, 304, 305, 306, 307, 308, 310, 313, 314, 315, 316, 318, 319, 320, 321, 322, 323, 324, 325, 326, 327, 328, 329, 330, 331, 332, 333, 334, 335, 336, 337, 338, 339, 340, 341, 342, 343, 344, 345, 346, 347, 348, 349, 350, 351, 352, 353, 354, 355, 356, 357, 358, 359, 360, 361]",358,False,3.4839090848882944e-05,1.8069317471961494e-08,1.1607007177136993e-05,10.0
F3,302,302,60,242,356,0.1986754966887417,0.14423076923076922,0.1671309192200557,cao2018,S01/051017m,frontal,mean,mean__frontal__F3,4,362,"[0, 1, 2, 3, 4, 5, 6, 7, 8, 9, 10, 11, 12, 13, 14, 15, 16, 17, 18, 19, 20, 21, 22, 23, 24, 25, 26, 27, 28, 29, 30, 31, 32, 33, 34, 35, 36, 37, 38, 39, 40, 41, 42, 43, 44, 45, 46, 47, 48, 49, 50, 51, 52, 53, 54, 55, 56, 57, 58, 59, 60, 61, 62, 63, 64, 65, 66, 67, 68, 69, 70, 71, 72, 73, 74, 75, 76, 77, 78, 79, 80, 81, 82, 83, 84, 85, 86, 87, 88, 89, 90, 91, 92, 93, 94, 95, 96, 97, 98, 99, 100, 101, 102, 103, 104, 105, 106, 107, 108, 109, 110, 111, 112, 113, 114, 115, 116, 117, 118, 119, 120, 121, 122, 123, 124, 125, 126, 127, 128, 129, 130, 131, 132, 133, 134, 135, 136, 137, 138, 139, 140, 141, 142, 143, 144, 145, 146, 147, 148, 149, 150, 151, 152, 153, 154, 155, 156, 157, 158, 159, 160, 161, 162, 163, 164, 165, 166, 167, 168, 169, 170, 171, 172, 173, 174, 175, 176, 177, 178, 179, 180, 181, 182, 183, 184, 185, 186, 187, 188, 189, 190, 191, 192, 193, 194, 195, 196, 197, 198, 199, 200, 201, 202, 203, 204, 205, 206, 207, 208, 209, 210, 211, 212, 213, 214, 215, 216, 217, 218, 219, 220, 221, 222, 223, 224, 225, 226, 227, 228, 229, 230, 231, 232, 233, 234, 235, 236, 237, 238, 239, 240, 241, 242, 243, 244, 245, 246, 247, 248, 249, 250, 251, 252, 253, 254, 255, 256, 257, 258, 259, 260, 261, 262, 263, 264, 265, 266, 267, 268, 269, 270, 271, 272, 273, 274, 275, 276, 277, 278, 279, 280, 281, 282, 283, 284, 285, 286, 287, 288, 289, 290, 291, 292, 293, 294, 295, 296, 297, 298, 299, 300, 301, 302, 303, 304, 305, 306, 307, 308, 310, 313, 314, 315, 316, 318, 319, 320, 321, 322, 323, 324, 325, 326, 327, 328, 329, 330, 331, 332, 333, 334, 335, 336, 337, 338, 339, 340, 341, 342, 343, 344, 345, 346, 347, 348, 349, 350, 351, 352, 353, 354, 355, 356, 357, 358, 359, 360, 361]",358,False,3.595321218987349e-05,8.431289488787101e-08,1.1956299764995206e-05,10.0
FP1,674,674,337,337,79,0.5,0.8100961538461539,0.6183486238532111,cao2018,S01/051017m,frontal_left,median,median__frontal_left__FP1,2,362,"[0, 1, 2, 3, 4, 5, 6, 7, 8, 9, 10, 11, 12, 13, 14, 15, 16, 17, 18, 19, 20, 21, 22, 23, 24, 25, 26, 27, 28, 29, 30, 31, 32, 33, 34, 35, 36, 37, 38, 39, 40, 41, 42, 43, 44, 45, 46, 47, 48, 49, 50, 51, 52, 53, 54, 55, 56, 57, 58, 59, 60, 61, 62, 63, 64, 65, 66, 67, 68, 69, 70, 71, 72, 73, 74, 75, 76, 77, 78, 79, 80, 81, 82, 83, 84, 85, 86, 87, 88, 89, 90, 91, 92, 93, 94, 95, 96, 97, 98, 99, 100, 101, 102, 103, 104, 105, 106, 107, 108, 109, 110, 111, 112, 113, 114, 115, 116, 117, 118, 119, 120, 121, 122, 123, 124, 125, 126, 127, 128, 129, 130, 131, 132, 133, 134, 135, 136, 137, 138, 139, 140, 141, 142, 143, 144, 145, 146, 147, 148, 149, 150, 151, 152, 153, 154, 155, 156, 157, 158, 159, 160, 161, 162, 163, 164, 165, 166, 167, 168, 169, 170, 171, 172, 173, 174, 175, 176, 177, 178, 179, 180, 181, 182, 183, 184, 185, 186, 187, 188, 189, 190, 191, 192, 193, 194, 195, 196, 197, 198, 199, 200, 201, 202, 203, 204, 205, 206, 207, 208, 209, 210, 211, 212, 213, 214, 215, 216, 217, 218, 219, 220, 221, 222, 223, 224, 225, 226, 227, 228, 229, 230, 231, 232, 233, 234, 235, 236, 237, 238, 239, 240, 241, 242, 243, 244, 245, 246, 247, 248, 249, 250, 251, 252, 253, 254, 255, 256, 257, 258, 259, 260, 261, 262, 263, 264, 265, 266, 267, 268, 269, 270, 271, 272, 273, 274, 275, 276, 277, 278, 279, 280, 281, 282, 283, 284, 285, 286, 287, 288, 289, 290, 291, 292, 293, 294, 295, 296, 297, 298, 299, 300, 301, 302, 303, 304, 305, 306, 307, 308, 310, 313, 314, 315, 318, 319, 320, 321, 322, 323, 324, 325, 326, 327, 328, 329, 330, 331, 332, 333, 334, 335, 336, 337, 338, 339, 340, 341, 342, 343, 344, 345, 346, 347, 348, 349, 350, 351, 352, 353, 354, 355, 356, 357, 358, 359, 360, 361]",357,False,4.0365918284064136e-05,-6.432192271854087e-07,1.3669712503749849e-05,10.0
F3,302,302,60,242,356,0.1986754966887417,0.14423076923076922,0.1671309192200557,cao2018,S01/051017m,frontal_left,median,median__frontal_left__F3,2,362,"[0, 1, 2, 3, 4, 5, 6, 7, 8, 9, 10, 11, 12, 13, 14, 15, 16, 17, 18, 19, 20, 21, 22, 23, 24, 25, 26, 27, 28, 29, 30, 31, 32, 33, 34, 35, 36, 37, 38, 39, 40, 41, 42, 43, 44, 45, 46, 47, 48, 49, 50, 51, 52, 53, 54, 55, 56, 57, 58, 59, 60, 61, 62, 63, 64, 65, 66, 67, 68, 69, 70, 71, 72, 73, 74, 75, 76, 77, 78, 79, 80, 81, 82, 83, 84, 85, 86, 87, 88, 89, 90, 91, 92, 93, 94, 95, 96, 97, 98, 99, 100, 101, 102, 103, 104, 105, 106, 107, 108, 109, 110, 111, 112, 113, 114, 115, 116, 117, 118, 119, 120, 121, 122, 123, 124, 125, 126, 127, 128, 129, 130, 131, 132, 133, 134, 135, 136, 137, 138, 139, 140, 141, 142, 143, 144, 145, 146, 147, 148, 149, 150, 151, 152, 153, 154, 155, 156, 157, 158, 159, 160, 161, 162, 163, 164, 165, 166, 167, 168, 169, 170, 171, 172, 173, 174, 175, 176, 177, 178, 179, 180, 181, 182, 183, 184, 185, 186, 187, 188, 189, 190, 191, 192, 193, 194, 195, 196, 197, 198, 199, 200, 201, 202, 203, 204, 205, 206, 207, 208, 209, 210, 211, 212, 213, 214, 215, 216, 217, 218, 219, 220, 221, 222, 223, 224, 225, 226, 227, 228, 229, 230, 231, 232, 233, 234, 235, 236, 237, 238, 239, 240, 241, 242, 243, 244, 245, 246, 247, 248, 249, 250, 251, 252, 253, 254, 255, 256, 257, 258, 259, 260, 261, 262, 263, 264, 265, 266, 267, 268, 269, 270, 271, 272, 273, 274, 275, 276, 277, 278, 279, 280, 281, 282, 283, 284, 285, 286, 287, 288, 289, 290, 291, 292, 293, 294, 295, 296, 297, 298, 299, 300, 301, 302, 303, 304, 305, 306, 307, 308, 310, 313, 314, 315, 318, 319, 320, 321, 322, 323, 324, 325, 326, 327, 328, 329, 330, 331, 332, 333, 334, 335, 336, 337, 338, 339, 340, 341, 342, 343, 344, 345, 346, 347, 348, 349, 350, 351, 352, 353, 354, 355, 356, 357, 358, 359, 360, 361]",357,False,3.6006494446945864e-05,0.0,1.2002164815648621e-05,10.0
FP1,654,654,330,324,86,0.5045871559633027,0.7932692307692307,0.616822429906542,cao2018,S01/051017m,frontal_left,mean,mean__frontal_left__FP1,2,362,"[0, 1, 2, 3, 4, 5, 6, 7, 8, 9, 10, 11, 12, 13, 14, 15, 16, 17, 18, 19, 20, 21, 22, 23, 24, 25, 26, 27, 28, 29, 30, 31, 32, 33, 34, 35, 36, 37, 38, 39, 40, 41, 42, 43, 44, 45, 46, 47, 48, 49, 50, 51, 52, 53, 54, 55, 56, 57, 58, 59, 60, 61, 62, 63, 64, 65, 66, 67, 68, 69, 70, 71, 72, 73, 74, 75, 76, 77, 78, 79, 80, 81, 82, 83, 84, 85, 86, 87, 88, 89, 90, 91, 92, 93, 94, 95, 96, 97, 98, 99, 100, 101, 102, 103, 104, 105, 106, 107, 108, 109, 110, 111, 112, 113, 114, 115, 116, 117, 118, 119, 120, 121, 122, 123, 124, 125, 126, 127, 128, 129, 130, 131, 132, 133, 134, 135, 136, 137, 138, 139, 140, 141, 142, 143, 144, 145, 146, 147, 148, 149, 150, 151, 152, 153, 154, 155, 156, 157, 158, 159, 160, 161, 162, 163, 164, 165, 166, 167, 168, 169, 170, 171, 172, 173, 174, 175, 176, 177, 178, 179, 180, 181, 182, 183, 184, 185, 186, 187, 188, 189, 190, 191, 192, 193, 194, 195, 196, 197, 198, 199, 200, 201, 202, 203, 204, 205, 206, 207, 208, 209, 210, 211, 212, 213, 214, 215, 216, 217, 218, 219, 220, 221, 222, 223, 224, 225, 226, 227, 228, 229, 230, 231, 232, 233, 234, 235, 236, 237, 238, 239, 240, 241, 242, 243, 244, 245, 246, 247, 248, 249, 250, 251, 252, 253, 254, 255, 256, 257, 258, 259, 260, 261, 262, 263, 264, 265, 266, 267, 268, 269, 270, 271, 272, 273, 274, 275, 276, 277, 278, 279, 280, 281, 282, 283, 284, 285, 286, 287, 288, 289, 290, 291, 292, 293, 294, 295, 296, 297, 298, 299, 300, 301, 302, 303, 304, 305, 306, 307, 308, 310, 313, 314, 315, 318, 319, 320, 321, 322, 323, 324, 325, 326, 327, 328, 329, 330, 331, 332, 333, 334, 335, 336, 337, 338, 339, 340, 341, 342, 343, 344, 345, 346, 347, 348, 349, 350, 351, 352, 353, 354, 355, 356, 357, 358, 359, 360, 361]",357,False,4.102416730350157e-05,1.5029792252022278e-08,1.3669712503749849e-05,10.0
F3,301,301,60,241,356,0.19933554817275748,0.14423076923076922,0.16736401673640164,cao2018,S01/051017m,frontal_left,mean,mean__frontal_left__F3,2,362,"[0, 1, 2, 3, 4, 5, 6, 7, 8, 9, 10, 11, 12, 13, 14, 15, 16, 17, 18, 19, 20, 21, 22, 23, 24, 25, 26, 27, 28, 29, 30, 31, 32, 33, 34, 35, 36, 37, 38, 39, 40, 41, 42, 43, 44, 45, 46, 47, 48, 49, 50, 51, 52, 53, 54, 55, 56, 57, 58, 59, 60, 61, 62, 63, 64, 65, 66, 67, 68, 69, 70, 71, 72, 73, 74, 75, 76, 77, 78, 79, 80, 81, 82, 83, 84, 85, 86, 87, 88, 89, 90, 91, 92, 93, 94, 95, 96, 97, 98, 99, 100, 101, 102, 103, 104, 105, 106, 107, 108, 109, 110, 111, 112, 113, 114, 115, 116, 117, 118, 119, 120, 121, 122, 123, 124, 125, 126, 127, 128, 129, 130, 131, 132, 133, 134, 135, 136, 137, 138, 139, 140, 141, 142, 143, 144, 145, 146, 147, 148, 149, 150, 151, 152, 153, 154, 155, 156, 157, 158, 159, 160, 161, 162, 163, 164, 165, 166, 167, 168, 169, 170, 171, 172, 173, 174, 175, 176, 177, 178, 179, 180, 181, 182, 183, 184, 185, 186, 187, 188, 189, 190, 191, 192, 193, 194, 195, 196, 197, 198, 199, 200, 201, 202, 203, 204, 205, 206, 207, 208, 209, 210, 211, 212, 213, 214, 215, 216, 217, 218, 219, 220, 221, 222, 223, 224, 225, 226, 227, 228, 229, 230, 231, 232, 233, 234, 235, 236, 237, 238, 239, 240, 241, 242, 243, 244, 245, 246, 247, 248, 249, 250, 251, 252, 253, 254, 255, 256, 257, 258, 259, 260, 261, 262, 263, 264, 265, 266, 267, 268, 269, 270, 271, 272, 273, 274, 275, 276, 277, 278, 279, 280, 281, 282, 283, 284, 285, 286, 287, 288, 289, 290, 291, 292, 293, 294, 295, 296, 297, 298, 299, 300, 301, 302, 303, 304, 305, 306, 307, 308, 310, 313, 314, 315, 318, 319, 320, 321, 322, 323, 324, 325, 326, 327, 328, 329, 330, 331, 332, 333, 334, 335, 336, 337, 338, 339, 340, 341, 342, 343, 344, 345, 346, 347, 348, 349, 350, 351, 352, 353, 354, 355, 356, 357, 358, 359, 360, 361]",357,False,3.609104351240765e-05,8.454906546178665e-08,1.2002164815648621e-05,10.0
FP2,400,400,194,206,222,0.485,0.46634615384615385,0.47549019607843135,cao2018,S01/051017m,frontal_right,median,median__frontal_right__FP2,2,362,"[1, 6, 7, 11, 18, 29, 31, 36, 37, 38, 39, 41, 44, 46, 49, 55, 61, 63, 75, 77, 80, 91, 92, 93, 94, 100, 101, 102, 103, 104, 106, 107, 108, 109, 110, 114, 115, 116, 118, 121, 122, 123, 124, 126, 129, 130, 131, 136, 151, 159, 161, 164, 165, 167, 168, 170, 171, 173, 175, 176, 177, 178, 179, 181, 183, 184, 185, 186, 187, 189, 190, 191, 192, 194, 195, 197, 199, 202, 203, 208, 209, 211, 213, 216, 218, 220, 230, 235, 236, 248, 252, 254, 255, 256, 257, 258, 259, 262, 263, 270, 286, 287, 288, 290, 300, 305, 307, 310, 313, 314, 315, 316, 318, 322, 324, 326, 329, 331, 333, 334, 335, 336, 337, 338, 339, 340, 341, 342, 343, 345, 347, 348, 351, 353, 354, 355, 356, 358, 360, 361]",140,False,4.668918690234137e-05,-6.826562499427988e-07,1.5790614384094723e-05,10.0
F4,265,265,59,206,357,0.22264150943396227,0.14182692307692307,0.17327459618208516,cao2018,S01/051017m,frontal_right,median,median__frontal_right__F4,2,362,"[1, 6, 7, 11, 18, 29, 31, 36, 37, 38, 39, 41, 44, 46, 49, 55, 61, 63, 75, 77, 80, 91, 92, 93, 94, 100, 101, 102, 103, 104, 106, 107, 108, 109, 110, 114, 115, 116, 118, 121, 122, 123, 124, 126, 129, 130, 131, 136, 151, 159, 161, 164, 165, 167, 168, 170, 171, 173, 175, 176, 177, 178, 179, 181, 183, 184, 185, 186, 187, 189, 190, 191, 192, 194, 195, 197, 199, 202, 203, 208, 209, 211, 213, 216, 218, 220, 230, 235, 236, 248, 252, 254, 255, 256, 257, 258, 259, 262, 263, 270, 286, 287, 288, 290, 300, 305, 307, 310, 313, 314, 315, 316, 318, 322, 324, 326, 329, 331, 333, 334, 335, 336, 337, 338, 339, 340, 341, 342, 343, 345, 347, 348, 351, 353, 354, 355, 356, 358, 360, 361]",140,False,4.101170005080777e-05,-1.1156721706727422e-07,1.3707755755958348e-05,10.0
FP2,388,388,190,198,226,0.4896907216494845,0.4567307692307692,0.47263681592039797,cao2018,S01/051017m,frontal_right,mean,mean__frontal_right__FP2,2,362,"[1, 6, 7, 11, 18, 29, 31, 36, 37, 38, 39, 41, 44, 46, 49, 55, 61, 63, 75, 77, 80, 91, 92, 93, 94, 100, 101, 102, 103, 104, 106, 107, 108, 109, 110, 114, 115, 116, 118, 121, 122, 123, 124, 126, 129, 130, 131, 136, 151, 159, 161, 164, 165, 167, 168, 170, 171, 173, 175, 176, 177, 178, 179, 181, 183, 184, 185, 186, 187, 189, 190, 191, 192, 194, 195, 197, 199, 202, 203, 208, 209, 211, 213, 216, 218, 220, 230, 235, 236, 248, 252, 254, 255, 256, 257, 258, 259, 262, 263, 270, 286, 287, 288, 290, 300, 305, 307, 310, 313, 314, 315, 316, 318, 322, 324, 326, 329, 331, 333, 334, 335, 336, 337, 338, 339, 340, 341, 342, 343, 345, 347, 348, 351, 353, 354, 355, 356, 358, 360, 361]",140,False,4.742214357437839e-05,5.0300422094219607e-08,1.5790614384094723e-05,10.0
F4,263,263,59,204,357,0.22433460076045628,0.14182692307692307,0.17378497790868927,cao2018,S01/051017m,frontal_right,mean,mean__frontal_right__F4,2,362,"[1, 6, 7, 11, 18, 29, 31, 36, 37, 38, 39, 41, 44, 46, 49, 55, 61, 63, 75, 77, 80, 91, 92, 93, 94, 100, 101, 102, 103, 104, 106, 107, 108, 109, 110, 114, 115, 116, 118, 121, 122, 123, 124, 126, 129, 130, 131, 136, 151, 159, 161, 164, 165, 167, 168, 170, 171, 173, 175, 176, 177, 178, 179, 181, 183, 184, 185, 186, 187, 189, 190, 191, 192, 194, 195, 197, 199, 202, 203, 208, 209, 211, 213, 216, 218, 220, 230, 235, 236, 248, 252, 254, 255, 256, 257, 258, 259, 262, 263, 270, 286, 287, 288, 290, 300, 305, 307, 310, 313, 314, 315, 316, 318, 322, 324, 326, 329, 331, 333, 334, 335, 336, 337, 338, 339, 340, 341, 342, 343, 345, 347, 348, 351, 353, 354, 355, 356, 358, 360, 361]",140,False,4.117602557265128e-05,5.2758304776234273e-08,1.3707755755958348e-05,10.0
FP1,672,672,335,337,81,0.49851190476190477,0.8052884615384616,0.6158088235294118,cao2018,S01/051017m,all_channel,median,median__all_channel__FP1,32,181,"[0, 1, 2, 3, 4, 5, 6, 7, 8, 9, 10, 11, 12, 13, 14, 15, 16, 17, 18, 19, 20, 21, 22, 23, 24, 25, 26, 27, 28, 29, 30, 31, 32, 33, 34, 35, 36, 37, 38, 39, 40, 41, 42, 43, 44, 45, 46, 47, 48, 49, 50, 51, 52, 53, 54, 55, 56, 57, 58, 59, 60, 61, 62, 63, 64, 65, 66, 67, 68, 69, 70, 71, 72, 73, 74, 75, 76, 77, 78, 79, 80, 81, 82, 83, 84, 85, 86, 87, 88, 89, 90, 91, 92, 93, 94, 95, 96, 97, 98, 99, 100, 101, 102, 103, 104, 105, 106, 107, 108, 109, 110, 111, 112, 113, 114, 115, 116, 117, 118, 119, 120, 121, 122, 123, 124, 125, 126, 127, 128, 129, 130, 131, 132, 133, 134, 135, 136, 137, 138, 139, 140, 141, 142, 143, 144, 145, 146, 147, 148, 149, 150, 151, 152, 153, 154, 155, 156, 157, 158, 159, 160, 161, 162, 163, 164, 165, 166, 167, 168, 169, 170, 171, 172, 173, 174, 175, 176, 177, 178, 179, 180]",181,False,4.044556791681063e-05,-6.449845818083165e-07,1.3696850832872981e-05,20.0
FP2,584,584,266,318,150,0.4554794520547945,0.6394230769230769,0.5319999999999999,cao2018,S01/051017m,all_channel,median,median__all_channel__FP2,32,181,"[0, 1, 2, 3, 4, 5, 6, 7, 8, 9, 10, 11, 12, 13, 14, 15, 16, 17, 18, 19, 20, 21, 22, 23, 24, 25, 26, 27, 28, 29, 30, 31, 32, 33, 34, 35, 36, 37, 38, 39, 40, 41, 42, 43, 44, 45, 46, 47, 48, 49, 50, 51, 52, 53, 54, 55, 56, 57, 58, 59, 60, 61, 62, 63, 64, 65, 66, 67, 68, 69, 70, 71, 72, 73, 74, 75, 76, 77, 78, 79, 80, 81, 82, 83, 84, 85, 86, 87, 88, 89, 90, 91, 92, 93, 94, 95, 96, 97, 98, 99, 100, 101, 102, 103, 104, 105, 106, 107, 108, 109, 110, 111, 112, 113, 114, 115, 116, 117, 118, 119, 120, 121, 122, 123, 124, 125, 126, 127, 128, 129, 130, 131, 132, 133, 134, 135, 136, 137, 138, 139, 140, 141, 142, 143, 144, 145, 146, 147, 148, 149, 150, 151, 152, 153, 154, 155, 156, 157, 158, 159, 160, 161, 162, 163, 164, 165, 166, 167, 168, 169, 170, 171, 172, 173, 174, 175, 176, 177, 178, 179, 180]",181,False,3.7839626984899005e-05,-3.799971666195999e-07,1.2739874717172868e-05,20.0
F8,443,443,154,289,262,0.3476297968397291,0.3701923076923077,0.3585564610011642,cao2018,S01/051017m,all_channel,median,median__all_channel__F8,32,181,"[0, 1, 2, 3, 4, 5, 6, 7, 8, 9, 10, 11, 12, 13, 14, 15, 16, 17, 18, 19, 20, 21, 22, 23, 24, 25, 26, 27, 28, 29, 30, 31, 32, 33, 34, 35, 36, 37, 38, 39, 40, 41, 42, 43, 44, 45, 46, 47, 48, 49, 50, 51, 52, 53, 54, 55, 56, 57, 58, 59, 60, 61, 62, 63, 64, 65, 66, 67, 68, 69, 70, 71, 72, 73, 74, 75, 76, 77, 78, 79, 80, 81, 82, 83, 84, 85, 86, 87, 88, 89, 90, 91, 92, 93, 94, 95, 96, 97, 98, 99, 100, 101, 102, 103, 104, 105, 106, 107, 108, 109, 110, 111, 112, 113, 114, 115, 116, 117, 118, 119, 120, 121, 122, 123, 124, 125, 126, 127, 128, 129, 130, 131, 132, 133, 134, 135, 136, 137, 138, 139, 140, 141, 142, 143, 144, 145, 146, 147, 148, 149, 150, 151, 152, 153, 154, 155, 156, 157, 158, 159, 160, 161, 162, 163, 164, 165, 166, 167, 168, 169, 170, 171, 172, 173, 174, 175, 176, 177, 178, 179, 180]",181,False,2.9548348791752193e-05,-1.4324942207447144e-07,9.897199404608889e-06,20.0
FT8,309,309,91,218,325,0.29449838187702265,0.21875,0.25103448275862067,cao2018,S01/051017m,all_channel,median,median__all_channel__FT8,32,181,"[0, 1, 2, 3, 4, 5, 6, 7, 8, 9, 10, 11, 12, 13, 14, 15, 16, 17, 18, 19, 20, 21, 22, 23, 24, 25, 26, 27, 28, 29, 30, 31, 32, 33, 34, 35, 36, 37, 38, 39, 40, 41, 42, 43, 44, 45, 46, 47, 48, 49, 50, 51, 52, 53, 54, 55, 56, 57, 58, 59, 60, 61, 62, 63, 64, 65, 66, 67, 68, 69, 70, 71, 72, 73, 74, 75, 76, 77, 78, 79, 80, 81, 82, 83, 84, 85, 86, 87, 88, 89, 90, 91, 92, 93, 94, 95, 96, 97, 98, 99, 100, 101, 102, 103, 104, 105, 106, 107, 108, 109, 110, 111, 112, 113, 114, 115, 116, 117, 118, 119, 120, 121, 122, 123, 124, 125, 126, 127, 128, 129, 130, 131, 132, 133, 134, 135, 136, 137, 138, 139, 140, 141, 142, 143, 144, 145, 146, 147, 148, 149, 150, 151, 152, 153, 154, 155, 156, 157, 158, 159, 160, 161, 162, 163, 164, 165, 166, 167, 168, 169, 170, 171, 172, 173, 174, 175, 176, 177, 178, 179, 180]",181,False,2.342579770175242e-05,-7.252335217416545e-08,7.832773684642195e-06,20.0
F4,363,363,80,283,336,0.22038567493112948,0.19230769230769232,0.20539152759948653,cao2018,S01/051017m,all_channel,median,median__all_channel__F4,32,181,"[0, 1, 2, 3, 4, 5, 6, 7, 8, 9, 10, 11, 12, 13, 14, 15, 16, 17, 18, 19, 20, 21, 22, 23, 24, 25, 26, 27, 28, 29, 30, 31, 32, 33, 34, 35, 36, 37, 38, 39, 40, 41, 42, 43, 44, 45, 46, 47, 48, 49, 50, 51, 52, 53, 54, 55, 56, 57, 58, 59, 60, 61, 62, 63, 64, 65, 66, 67, 68, 69, 70, 71, 72, 73, 74, 75, 76, 77, 78, 79, 80, 81, 82, 83, 84, 85, 86, 87, 88, 89, 90, 91, 92, 93, 94, 95, 96, 97, 98, 99, 100, 101, 102, 103, 104, 105, 106, 107, 108, 109, 110, 111, 112, 113, 114, 115, 116, 117, 118, 119, 120, 121, 122, 123, 124, 125, 126, 127, 128, 129, 130, 131, 132, 133, 134, 135, 136, 137, 138, 139, 140, 141, 142, 143, 144, 145, 146, 147, 148, 149, 150, 151, 152, 153, 154, 155, 156, 157, 158, 159, 160, 161, 162, 163, 164, 165, 166, 167, 168, 169, 170, 171, 172, 173, 174, 175, 176, 177, 178, 179, 180]",181,False,3.484807811103284e-05,-6.668035989766153e-08,1.1638252823643502e-05,20.0
F7,258,258,65,193,351,0.25193798449612403,0.15625,0.19287833827893175,cao2018,S01/051017m,all_channel,median,median__all_channel__F7,32,181,"[0, 1, 2, 3, 4, 5, 6, 7, 8, 9, 10, 11, 12, 13, 14, 15, 16, 17, 18, 19, 20, 21, 22, 23, 24, 25, 26, 27, 28, 29, 30, 31, 32, 33, 34, 35, 36, 37, 38, 39, 40, 41, 42, 43, 44, 45, 46, 47, 48, 49, 50, 51, 52, 53, 54, 55, 56, 57, 58, 59, 60, 61, 62, 63, 64, 65, 66, 67, 68, 69, 70, 71, 72, 73, 74, 75, 76, 77, 78, 79, 80, 81, 82, 83, 84, 85, 86, 87, 88, 89, 90, 91, 92, 93, 94, 95, 96, 97, 98, 99, 100, 101, 102, 103, 104, 105, 106, 107, 108, 109, 110, 111, 112, 113, 114, 115, 116, 117, 118, 119, 120, 121, 122, 123, 124, 125, 126, 127, 128, 129, 130, 131, 132, 133, 134, 135, 136, 137, 138, 139, 140, 141, 142, 143, 144, 145, 146, 147, 148, 149, 150, 151, 152, 153, 154, 155, 156, 157, 158, 159, 160, 161, 162, 163, 164, 165, 166, 167, 168, 169, 170, 171, 172, 173, 174, 175, 176, 177, 178, 179, 180]",181,False,3.3162913201658815e-05,-5.418451720307873e-08,1.10723659062873e-05,20.0
F3,313,313,62,251,354,0.19808306709265175,0.14903846153846154,0.1700960219478738,cao2018,S01/051017m,all_channel,median,median__all_channel__F3,32,181,"[0, 1, 2, 3, 4, 5, 6, 7, 8, 9, 10, 11, 12, 13, 14, 15, 16, 17, 18, 19, 20, 21, 22, 23, 24, 25, 26, 27, 28, 29, 30, 31, 32, 33, 34, 35, 36, 37, 38, 39, 40, 41, 42, 43, 44, 45, 46, 47, 48, 49, 50, 51, 52, 53, 54, 55, 56, 57, 58, 59, 60, 61, 62, 63, 64, 65, 66, 67, 68, 69, 70, 71, 72, 73, 74, 75, 76, 77, 78, 79, 80, 81, 82, 83, 84, 85, 86, 87, 88, 89, 90, 91, 92, 93, 94, 95, 96, 97, 98, 99, 100, 101, 102, 103, 104, 105, 106, 107, 108, 109, 110, 111, 112, 113, 114, 115, 116, 117, 118, 119, 120, 121, 122, 123, 124, 125, 126, 127, 128, 129, 130, 131, 132, 133, 134, 135, 136, 137, 138, 139, 140, 141, 142, 143, 144, 145, 146, 147, 148, 149, 150, 151, 152, 153, 154, 155, 156, 157, 158, 159, 160, 161, 162, 163, 164, 165, 166, 167, 168, 169, 170, 171, 172, 173, 174, 175, 176, 177, 178, 179, 180]",181,False,3.540793092318882e-05,0.0,1.180264364106294e-05,20.0
T4,314,314,62,252,354,0.19745222929936307,0.14903846153846154,0.16986301369863016,cao2018,S01/051017m,all_channel,median,median__all_channel__T4,32,181,"[0, 1, 2, 3, 4, 5, 6, 7, 8, 9, 10, 11, 12, 13, 14, 15, 16, 17, 18, 19, 20, 21, 22, 23, 24, 25, 26, 27, 28, 29, 30, 31, 32, 33, 34, 35, 36, 37, 38, 39, 40, 41, 42, 43, 44, 45, 46, 47, 48, 49, 50, 51, 52, 53, 54, 55, 56, 57, 58, 59, 60, 61, 62, 63, 64, 65, 66, 67, 68, 69, 70, 71, 72, 73, 74, 75, 76, 77, 78, 79, 80, 81, 82, 83, 84, 85, 86, 87, 88, 89, 90, 91, 92, 93, 94, 95, 96, 97, 98, 99, 100, 101, 102, 103, 104, 105, 106, 107, 108, 109, 110, 111, 112, 113, 114, 115, 116, 117, 118, 119, 120, 121, 122, 123, 124, 125, 126, 127, 128, 129, 130, 131, 132, 133, 134, 135, 136, 137, 138, 139, 140, 141, 142, 143, 144, 145, 146, 147, 148, 149, 150, 151, 152, 153, 154, 155, 156, 157, 158, 159, 160, 161, 162, 163, 164, 165, 166, 167, 168, 169, 170, 171, 172, 173, 174, 175, 176, 177, 178, 179, 180]",181,False,2.0774271032825145e-05,-9.360876646361019e-09,6.927877303157168e-06,20.0
FC4,354,354,60,294,356,0.1694915254237288,0.14423076923076922,0.15584415584415584,cao2018,S01/051017m,all_channel,median,median__all_channel__FC4,32,181,"[0, 1, 2, 3, 4, 5, 6, 7, 8, 9, 10, 11, 12, 13, 14, 15, 16, 17, 18, 19, 20, 21, 22, 23, 24, 25, 26, 27, 28, 29, 30, 31, 32, 33, 34, 35, 36, 37, 38, 39, 40, 41, 42, 43, 44, 45, 46, 47, 48, 49, 50, 51, 52, 53, 54, 55, 56, 57, 58, 59, 60, 61, 62, 63, 64, 65, 66, 67, 68, 69, 70, 71, 72, 73, 74, 75, 76, 77, 78, 79, 80, 81, 82, 83, 84, 85, 86, 87, 88, 89, 90, 91, 92, 93, 94, 95, 96, 97, 98, 99, 100, 101, 102, 103, 104, 105, 106, 107, 108, 109, 110, 111, 112, 113, 114, 115, 116, 117, 118, 119, 120, 121, 122, 123, 124, 125, 126, 127, 128, 129, 130, 131, 132, 133, 134, 135, 136, 137, 138, 139, 140, 141, 142, 143, 144, 145, 146, 147, 148, 149, 150, 151, 152, 153, 154, 155, 156, 157, 158, 159, 160, 161, 162, 163, 164, 165, 166, 167, 168, 169, 170, 171, 172, 173, 174, 175, 176, 177, 178, 179, 180]",181,False,3.1619800178096414e-05,-1.9861675610325516e-08,1.054655395123558e-05,20.0
FZ,350,350,57,293,359,0.16285714285714287,0.13701923076923078,0.14882506527415146,cao2018,S01/051017m,all_channel,median,median__all_channel__FZ,32,181,"[0, 1, 2, 3, 4, 5, 6, 7, 8, 9, 10, 11, 12, 13, 14, 15, 16, 17, 18, 19, 20, 21, 22, 23, 24, 25, 26, 27, 28, 29, 30, 31, 32, 33, 34, 35, 36, 37, 38, 39, 40, 41, 42, 43, 44, 45, 46, 47, 48, 49, 50, 51, 52, 53, 54, 55, 56, 57, 58, 59, 60, 61, 62, 63, 64, 65, 66, 67, 68, 69, 70, 71, 72, 73, 74, 75, 76, 77, 78, 79, 80, 81, 82, 83, 84, 85, 86, 87, 88, 89, 90, 91, 92, 93, 94, 95, 96, 97, 98, 99, 100, 101, 102, 103, 104, 105, 106, 107, 108, 109, 110, 111, 112, 113, 114, 115, 116, 117, 118, 119, 120, 121, 122, 123, 124, 125, 126, 127, 128, 129, 130, 131, 132, 133, 134, 135, 136, 137, 138, 139, 140, 141, 142, 143, 144, 145, 146, 147, 148, 149, 150, 151, 152, 153, 154, 155, 156, 157, 158, 159, 160, 161, 162, 163, 164, 165, 166, 167, 168, 169, 170, 171, 172, 173, 174, 175, 176, 177, 178, 179, 180]",181,False,3.7567138614547054e-05,-2.4287581766091697e-08,1.253047539877105e-05,20.0
TP8,206,206,39,167,377,0.18932038834951456,0.09375,0.12540192926045013,cao2018,S01/051017m,all_channel,median,median__all_channel__TP8,32,181,"[0, 1, 2, 3, 4, 5, 6, 7, 8, 9, 10, 11, 12, 13, 14, 15, 16, 17, 18, 19, 20, 21, 22, 23, 24, 25, 26, 27, 28, 29, 30, 31, 32, 33, 34, 35, 36, 37, 38, 39, 40, 41, 42, 43, 44, 45, 46, 47, 48, 49, 50, 51, 52, 53, 54, 55, 56, 57, 58, 59, 60, 61, 62, 63, 64, 65, 66, 67, 68, 69, 70, 71, 72, 73, 74, 75, 76, 77, 78, 79, 80, 81, 82, 83, 84, 85, 86, 87, 88, 89, 90, 91, 92, 93, 94, 95, 96, 97, 98, 99, 100, 101, 102, 103, 104, 105, 106, 107, 108, 109, 110, 111, 112, 113, 114, 115, 116, 117, 118, 119, 120, 121, 122, 123, 124, 125, 126, 127, 128, 129, 130, 131, 132, 133, 134, 135, 136, 137, 138, 139, 140, 141, 142, 143, 144, 145, 146, 147, 148, 149, 150, 151, 152, 153, 154, 155, 156, 157, 158, 159, 160, 161, 162, 163, 164, 165, 166, 167, 168, 169, 170, 171, 172, 173, 174, 175, 176, 177, 178, 179, 180]",181,False,1.801160033902143e-05,5.395217948709407e-08,5.985882719844778e-06,20.0
C4,341,341,45,296,371,0.13196480938416422,0.10817307692307693,0.11889035667107002,cao2018,S01/051017m,all_channel,median,median__all_channel__C4,32,181,"[0, 1, 2, 3, 4, 5, 6, 7, 8, 9, 10, 11, 12, 13, 14, 15, 16, 17, 18, 19, 20, 21, 22, 23, 24, 25, 26, 27, 28, 29, 30, 31, 32, 33, 34, 35, 36, 37, 38, 39, 40, 41, 42, 43, 44, 45, 46, 47, 48, 49, 50, 51, 52, 53, 54, 55, 56, 57, 58, 59, 60, 61, 62, 63, 64, 65, 66, 67, 68, 69, 70, 71, 72, 73, 74, 75, 76, 77, 78, 79, 80, 81, 82, 83, 84, 85, 86, 87, 88, 89, 90, 91, 92, 93, 94, 95, 96, 97, 98, 99, 100, 101, 102, 103, 104, 105, 106, 107, 108, 109, 110, 111, 112, 113, 114, 115, 116, 117, 118, 119, 120, 121, 122, 123, 124, 125, 126, 127, 128, 129, 130, 131, 132, 133, 134, 135, 136, 137, 138, 139, 140, 141, 142, 143, 144, 145, 146, 147, 148, 149, 150, 151, 152, 153, 154, 155, 156, 157, 158, 159, 160, 161, 162, 163, 164, 165, 166, 167, 168, 169, 170, 171, 172, 173, 174, 175, 176, 177, 178, 179, 180]",181,False,2.84011690778749e-05,-4.391733886660432e-09,9.468520270587188e-06,20.0
FT7,202,202,32,170,384,0.15841584158415842,0.07692307692307693,0.10355987055016182,cao2018,S01/051017m,all_channel,median,median__all_channel__FT7,32,181,"[0, 1, 2, 3, 4, 5, 6, 7, 8, 9, 10, 11, 12, 13, 14, 15, 16, 17, 18, 19, 20, 21, 22, 23, 24, 25, 26, 27, 28, 29, 30, 31, 32, 33, 34, 35, 36, 37, 38, 39, 40, 41, 42, 43, 44, 45, 46, 47, 48, 49, 50, 51, 52, 53, 54, 55, 56, 57, 58, 59, 60, 61, 62, 63, 64, 65, 66, 67, 68, 69, 70, 71, 72, 73, 74, 75, 76, 77, 78, 79, 80, 81, 82, 83, 84, 85, 86, 87, 88, 89, 90, 91, 92, 93, 94, 95, 96, 97, 98, 99, 100, 101, 102, 103, 104, 105, 106, 107, 108, 109, 110, 111, 112, 113, 114, 115, 116, 117, 118, 119, 120, 121, 122, 123, 124, 125, 126, 127, 128, 129, 130, 131, 132, 133, 134, 135, 136, 137, 138, 139, 140, 141, 142, 143, 144, 145, 146, 147, 148, 149, 150, 151, 152, 153, 154, 155, 156, 157, 158, 159, 160, 161, 162, 163, 164, 165, 166, 167, 168, 169, 170, 171, 172, 173, 174, 175, 176, 177, 178, 179, 180]",181,False,2.885332522329491e-05,1.764056124035704e-08,9.611894887351518e-06,20.0
FC3,247,247,31,216,385,0.12550607287449392,0.07451923076923077,0.09351432880844647,cao2018,S01/051017m,all_channel,median,median__all_channel__FC3,32,181,"[0, 1, 2, 3, 4, 5, 6, 7, 8, 9, 10, 11, 12, 13, 14, 15, 16, 17, 18, 19, 20, 21, 22, 23, 24, 25, 26, 27, 28, 29, 30, 31, 32, 33, 34, 35, 36, 37, 38, 39, 40, 41, 42, 43, 44, 45, 46, 47, 48, 49, 50, 51, 52, 53, 54, 55, 56, 57, 58, 59, 60, 61, 62, 63, 64, 65, 66, 67, 68, 69, 70, 71, 72, 73, 74, 75, 76, 77, 78, 79, 80, 81, 82, 83, 84, 85, 86, 87, 88, 89, 90, 91, 92, 93, 94, 95, 96, 97, 98, 99, 100, 101, 102, 103, 104, 105, 106, 107, 108, 109, 110, 111, 112, 113, 114, 115, 116, 117, 118, 119, 120, 121, 122, 123, 124, 125, 126, 127, 128, 129, 130, 131, 132, 133, 134, 135, 136, 137, 138, 139, 140, 141, 142, 143, 144, 145, 146, 147, 148, 149, 150, 151, 152, 153, 154, 155, 156, 157, 158, 159, 160, 161, 162, 163, 164, 165, 166, 167, 168, 169, 170, 171, 172, 173, 174, 175, 176, 177, 178, 179, 180]",181,False,3.3048978384129667e-05,1.094374187073544e-09,1.101596133664753e-05,20.0
T6,172,172,25,147,391,0.14534883720930233,0.06009615384615385,0.08503401360544217,cao2018,S01/051017m,all_channel,median,median__all_channel__T6,32,181,"[0, 1, 2, 3, 4, 5, 6, 7, 8, 9, 10, 11, 12, 13, 14, 15, 16, 17, 18, 19, 20, 21, 22, 23, 24, 25, 26, 27, 28, 29, 30, 31, 32, 33, 34, 35, 36, 37, 38, 39, 40, 41, 42, 43, 44, 45, 46, 47, 48, 49, 50, 51, 52, 53, 54, 55, 56, 57, 58, 59, 60, 61, 62, 63, 64, 65, 66, 67, 68, 69, 70, 71, 72, 73, 74, 75, 76, 77, 78, 79, 80, 81, 82, 83, 84, 85, 86, 87, 88, 89, 90, 91, 92, 93, 94, 95, 96, 97, 98, 99, 100, 101, 102, 103, 104, 105, 106, 107, 108, 109, 110, 111, 112, 113, 114, 115, 116, 117, 118, 119, 120, 121, 122, 123, 124, 125, 126, 127, 128, 129, 130, 131, 132, 133, 134, 135, 136, 137, 138, 139, 140, 141, 142, 143, 144, 145, 146, 147, 148, 149, 150, 151, 152, 153, 154, 155, 156, 157, 158, 159, 160, 161, 162, 163, 164, 165, 166, 167, 168, 169, 170, 171, 172, 173, 174, 175, 176, 177, 178, 179, 180]",181,False,1.7138565073068382e-05,-2.621169180173141e-10,5.712942396662133e-06,20.0
CP4,315,315,31,284,385,0.09841269841269841,0.07451923076923077,0.08481532147742818,cao2018,S01/051017m,all_channel,median,median__all_channel__CP4,32,181,"[0, 1, 2, 3, 4, 5, 6, 7, 8, 9, 10, 11, 12, 13, 14, 15, 16, 17, 18, 19, 20, 21, 22, 23, 24, 25, 26, 27, 28, 29, 30, 31, 32, 33, 34, 35, 36, 37, 38, 39, 40, 41, 42, 43, 44, 45, 46, 47, 48, 49, 50, 51, 52, 53, 54, 55, 56, 57, 58, 59, 60, 61, 62, 63, 64, 65, 66, 67, 68, 69, 70, 71, 72, 73, 74, 75, 76, 77, 78, 79, 80, 81, 82, 83, 84, 85, 86, 87, 88, 89, 90, 91, 92, 93, 94, 95, 96, 97, 98, 99, 100, 101, 102, 103, 104, 105, 106, 107, 108, 109, 110, 111, 112, 113, 114, 115, 116, 117, 118, 119, 120, 121, 122, 123, 124, 125, 126, 127, 128, 129, 130, 131, 132, 133, 134, 135, 136, 137, 138, 139, 140, 141, 142, 143, 144, 145, 146, 147, 148, 149, 150, 151, 152, 153, 154, 155, 156, 157, 158, 159, 160, 161, 162, 163, 164, 165, 166, 167, 168, 169, 170, 171, 172, 173, 174, 175, 176, 177, 178, 179, 180]",181,False,2.7001998675524105e-05,3.231318737691444e-08,8.98989516271573e-06,20.0
T3,164,164,24,140,392,0.14634146341463414,0.057692307692307696,0.08275862068965519,cao2018,S01/051017m,all_channel,median,median__all_channel__T3,32,181,"[0, 1, 2, 3, 4, 5, 6, 7, 8, 9, 10, 11, 12, 13, 14, 15, 16, 17, 18, 19, 20, 21, 22, 23, 24, 25, 26, 27, 28, 29, 30, 31, 32, 33, 34, 35, 36, 37, 38, 39, 40, 41, 42, 43, 44, 45, 46, 47, 48, 49, 50, 51, 52, 53, 54, 55, 56, 57, 58, 59, 60, 61, 62, 63, 64, 65, 66, 67, 68, 69, 70, 71, 72, 73, 74, 75, 76, 77, 78, 79, 80, 81, 82, 83, 84, 85, 86, 87, 88, 89, 90, 91, 92, 93, 94, 95, 96, 97, 98, 99, 100, 101, 102, 103, 104, 105, 106, 107, 108, 109, 110, 111, 112, 113, 114, 115, 116, 117, 118, 119, 120, 121, 122, 123, 124, 125, 126, 127, 128, 129, 130, 131, 132, 133, 134, 135, 136, 137, 138, 139, 140, 141, 142, 143, 144, 145, 146, 147, 148, 149, 150, 151, 152, 153, 154, 155, 156, 157, 158, 159, 160, 161, 162, 163, 164, 165, 166, 167, 168, 169, 170, 171, 172, 173, 174, 175, 176, 177, 178, 179, 180]",181,False,2.6022163990101347e-05,5.844494758510495e-08,8.65457301417208e-06,20.0
FCZ,342,342,31,311,385,0.09064327485380116,0.07451923076923077,0.08179419525065963,cao2018,S01/051017m,all_channel,median,median__all_channel__FCZ,32,181,"[0, 1, 2, 3, 4, 5, 6, 7, 8, 9, 10, 11, 12, 13, 14, 15, 16, 17, 18, 19, 20, 21, 22, 23, 24, 25, 26, 27, 28, 29, 30, 31, 32, 33, 34, 35, 36, 37, 38, 39, 40, 41, 42, 43, 44, 45, 46, 47, 48, 49, 50, 51, 52, 53, 54, 55, 56, 57, 58, 59, 60, 61, 62, 63, 64, 65, 66, 67, 68, 69, 70, 71, 72, 73, 74, 75, 76, 77, 78, 79, 80, 81, 82, 83, 84, 85, 86, 87, 88, 89, 90, 91, 92, 93, 94, 95, 96, 97, 98, 99, 100, 101, 102, 103, 104, 105, 106, 107, 108, 109, 110, 111, 112, 113, 114, 115, 116, 117, 118, 119, 120, 121, 122, 123, 124, 125, 126, 127, 128, 129, 130, 131, 132, 133, 134, 135, 136, 137, 138, 139, 140, 141, 142, 143, 144, 145, 146, 147, 148, 149, 150, 151, 152, 153, 154, 155, 156, 157, 158, 159, 160, 161, 162, 163, 164, 165, 166, 167, 168, 169, 170, 171, 172, 173, 174, 175, 176, 177, 178, 179, 180]",181,False,3.572789294410454e-05,4.421167909202575e-08,1.1894560421670838e-05,20.0
P4,253,253,27,226,389,0.1067193675889328,0.06490384615384616,0.08071748878923768,cao2018,S01/051017m,all_channel,median,median__all_channel__P4,32,181,"[0, 1, 2, 3, 4, 5, 6, 7, 8, 9, 10, 11, 12, 13, 14, 15, 16, 17, 18, 19, 20, 21, 22, 23, 24, 25, 26, 27, 28, 29, 30, 31, 32, 33, 34, 35, 36, 37, 38, 39, 40, 41, 42, 43, 44, 45, 46, 47, 48, 49, 50, 51, 52, 53, 54, 55, 56, 57, 58, 59, 60, 61, 62, 63, 64, 65, 66, 67, 68, 69, 70, 71, 72, 73, 74, 75, 76, 77, 78, 79, 80, 81, 82, 83, 84, 85, 86, 87, 88, 89, 90, 91, 92, 93, 94, 95, 96, 97, 98, 99, 100, 101, 102, 103, 104, 105, 106, 107, 108, 109, 110, 111, 112, 113, 114, 115, 116, 117, 118, 119, 120, 121, 122, 123, 124, 125, 126, 127, 128, 129, 130, 131, 132, 133, 134, 135, 136, 137, 138, 139, 140, 141, 142, 143, 144, 145, 146, 147, 148, 149, 150, 151, 152, 153, 154, 155, 156, 157, 158, 159, 160, 161, 162, 163, 164, 165, 166, 167, 168, 169, 170, 171, 172, 173, 174, 175, 176, 177, 178, 179, 180]",181,False,2.4633824434043735e-05,2.9026114527481884e-08,8.201599439838751e-06,20.0
C3,251,251,24,227,392,0.09561752988047809,0.057692307692307696,0.0719640179910045,cao2018,S01/051017m,all_channel,median,median__all_channel__C3,32,181,"[0, 1, 2, 3, 4, 5, 6, 7, 8, 9, 10, 11, 12, 13, 14, 15, 16, 17, 18, 19, 20, 21, 22, 23, 24, 25, 26, 27, 28, 29, 30, 31, 32, 33, 34, 35, 36, 37, 38, 39, 40, 41, 42, 43, 44, 45, 46, 47, 48, 49, 50, 51, 52, 53, 54, 55, 56, 57, 58, 59, 60, 61, 62, 63, 64, 65, 66, 67, 68, 69, 70, 71, 72, 73, 74, 75, 76, 77, 78, 79, 80, 81, 82, 83, 84, 85, 86, 87, 88, 89, 90, 91, 92, 93, 94, 95, 96, 97, 98, 99, 100, 101, 102, 103, 104, 105, 106, 107, 108, 109, 110, 111, 112, 113, 114, 115, 116, 117, 118, 119, 120, 121, 122, 123, 124, 125, 126, 127, 128, 129, 130, 131, 132, 133, 134, 135, 136, 137, 138, 139, 140, 141, 142, 143, 144, 145, 146, 147, 148, 149, 150, 151, 152, 153, 154, 155, 156, 157, 158, 159, 160, 161, 162, 163, 164, 165, 166, 167, 168, 169, 170, 171, 172, 173, 174, 175, 176, 177, 178, 179, 180]",181,False,3.066916980238136e-05,3.3191597085586926e-08,1.021199273509859e-05,20.0
CP3,228,228,23,205,393,0.10087719298245613,0.055288461538461536,0.07142857142857142,cao2018,S01/051017m,all_channel,median,median__all_channel__CP3,32,181,"[0, 1, 2, 3, 4, 5, 6, 7, 8, 9, 10, 11, 12, 13, 14, 15, 16, 17, 18, 19, 20, 21, 22, 23, 24, 25, 26, 27, 28, 29, 30, 31, 32, 33, 34, 35, 36, 37, 38, 39, 40, 41, 42, 43, 44, 45, 46, 47, 48, 49, 50, 51, 52, 53, 54, 55, 56, 57, 58, 59, 60, 61, 62, 63, 64, 65, 66, 67, 68, 69, 70, 71, 72, 73, 74, 75, 76, 77, 78, 79, 80, 81, 82, 83, 84, 85, 86, 87, 88, 89, 90, 91, 92, 93, 94, 95, 96, 97, 98, 99, 100, 101, 102, 103, 104, 105, 106, 107, 108, 109, 110, 111, 112, 113, 114, 115, 116, 117, 118, 119, 120, 121, 122, 123, 124, 125, 126, 127, 128, 129, 130, 131, 132, 133, 134, 135, 136, 137, 138, 139, 140, 141, 142, 143, 144, 145, 146, 147, 148, 149, 150, 151, 152, 153, 154, 155, 156, 157, 158, 159, 160, 161, 162, 163, 164, 165, 166, 167, 168, 169, 170, 171, 172, 173, 174, 175, 176, 177, 178, 179, 180]",181,False,2.850322470509461e-05,4.391782966974515e-08,9.486435625141622e-06,20.0
CZ,372,372,28,344,388,0.07526881720430108,0.0673076923076923,0.07106598984771574,cao2018,S01/051017m,all_channel,median,median__all_channel__CZ,32,181,"[0, 1, 2, 3, 4, 5, 6, 7, 8, 9, 10, 11, 12, 13, 14, 15, 16, 17, 18, 19, 20, 21, 22, 23, 24, 25, 26, 27, 28, 29, 30, 31, 32, 33, 34, 35, 36, 37, 38, 39, 40, 41, 42, 43, 44, 45, 46, 47, 48, 49, 50, 51, 52, 53, 54, 55, 56, 57, 58, 59, 60, 61, 62, 63, 64, 65, 66, 67, 68, 69, 70, 71, 72, 73, 74, 75, 76, 77, 78, 79, 80, 81, 82, 83, 84, 85, 86, 87, 88, 89, 90, 91, 92, 93, 94, 95, 96, 97, 98, 99, 100, 101, 102, 103, 104, 105, 106, 107, 108, 109, 110, 111, 112, 113, 114, 115, 116, 117, 118, 119, 120, 121, 122, 123, 124, 125, 126, 127, 128, 129, 130, 131, 132, 133, 134, 135, 136, 137, 138, 139, 140, 141, 142, 143, 144, 145, 146, 147, 148, 149, 150, 151, 152, 153, 154, 155, 156, 157, 158, 159, 160, 161, 162, 163, 164, 165, 166, 167, 168, 169, 170, 171, 172, 173, 174, 175, 176, 177, 178, 179, 180]",181,False,3.266772506402988e-05,6.2850659675862156e-09,1.0887146666020763e-05,20.0
TP7,122,122,18,104,398,0.14754098360655737,0.04326923076923077,0.06691449814126393,cao2018,S01/051017m,all_channel,median,median__all_channel__TP7,32,181,"[0, 1, 2, 3, 4, 5, 6, 7, 8, 9, 10, 11, 12, 13, 14, 15, 16, 17, 18, 19, 20, 21, 22, 23, 24, 25, 26, 27, 28, 29, 30, 31, 32, 33, 34, 35, 36, 37, 38, 39, 40, 41, 42, 43, 44, 45, 46, 47, 48, 49, 50, 51, 52, 53, 54, 55, 56, 57, 58, 59, 60, 61, 62, 63, 64, 65, 66, 67, 68, 69, 70, 71, 72, 73, 74, 75, 76, 77, 78, 79, 80, 81, 82, 83, 84, 85, 86, 87, 88, 89, 90, 91, 92, 93, 94, 95, 96, 97, 98, 99, 100, 101, 102, 103, 104, 105, 106, 107, 108, 109, 110, 111, 112, 113, 114, 115, 116, 117, 118, 119, 120, 121, 122, 123, 124, 125, 126, 127, 128, 129, 130, 131, 132, 133, 134, 135, 136, 137, 138, 139, 140, 141, 142, 143, 144, 145, 146, 147, 148, 149, 150, 151, 152, 153, 154, 155, 156, 157, 158, 159, 160, 161, 162, 163, 164, 165, 166, 167, 168, 169, 170, 171, 172, 173, 174, 175, 176, 177, 178, 179, 180]",181,False,2.4136135554730473e-05,-1.064964173303972e-08,8.04892839882117e-06,20.0
CPZ,332,332,25,307,391,0.07530120481927711,0.06009615384615385,0.06684491978609626,cao2018,S01/051017m,all_channel,median,median__all_channel__CPZ,32,181,"[0, 1, 2, 3, 4, 5, 6, 7, 8, 9, 10, 11, 12, 13, 14, 15, 16, 17, 18, 19, 20, 21, 22, 23, 24, 25, 26, 27, 28, 29, 30, 31, 32, 33, 34, 35, 36, 37, 38, 39, 40, 41, 42, 43, 44, 45, 46, 47, 48, 49, 50, 51, 52, 53, 54, 55, 56, 57, 58, 59, 60, 61, 62, 63, 64, 65, 66, 67, 68, 69, 70, 71, 72, 73, 74, 75, 76, 77, 78, 79, 80, 81, 82, 83, 84, 85, 86, 87, 88, 89, 90, 91, 92, 93, 94, 95, 96, 97, 98, 99, 100, 101, 102, 103, 104, 105, 106, 107, 108, 109, 110, 111, 112, 113, 114, 115, 116, 117, 118, 119, 120, 121, 122, 123, 124, 125, 126, 127, 128, 129, 130, 131, 132, 133, 134, 135, 136, 137, 138, 139, 140, 141, 142, 143, 144, 145, 146, 147, 148, 149, 150, 151, 152, 153, 154, 155, 156, 157, 158, 159, 160, 161, 162, 163, 164, 165, 166, 167, 168, 169, 170, 171, 172, 173, 174, 175, 176, 177, 178, 179, 180]",181,False,2.9468239634426e-05,3.880149685121743e-09,9.821453161580294e-06,20.0
PZ,261,261,19,242,397,0.07279693486590039,0.04567307692307692,0.056129985228951254,cao2018,S01/051017m,all_channel,median,median__all_channel__PZ,32,181,"[0, 1, 2, 3, 4, 5, 6, 7, 8, 9, 10, 11, 12, 13, 14, 15, 16, 17, 18, 19, 20, 21, 22, 23, 24, 25, 26, 27, 28, 29, 30, 31, 32, 33, 34, 35, 36, 37, 38, 39, 40, 41, 42, 43, 44, 45, 46, 47, 48, 49, 50, 51, 52, 53, 54, 55, 56, 57, 58, 59, 60, 61, 62, 63, 64, 65, 66, 67, 68, 69, 70, 71, 72, 73, 74, 75, 76, 77, 78, 79, 80, 81, 82, 83, 84, 85, 86, 87, 88, 89, 90, 91, 92, 93, 94, 95, 96, 97, 98, 99, 100, 101, 102, 103, 104, 105, 106, 107, 108, 109, 110, 111, 112, 113, 114, 115, 116, 117, 118, 119, 120, 121, 122, 123, 124, 125, 126, 127, 128, 129, 130, 131, 132, 133, 134, 135, 136, 137, 138, 139, 140, 141, 142, 143, 144, 145, 146, 147, 148, 149, 150, 151, 152, 153, 154, 155, 156, 157, 158, 159, 160, 161, 162, 163, 164, 165, 166, 167, 168, 169, 170, 171, 172, 173, 174, 175, 176, 177, 178, 179, 180]",181,False,2.7197639747910836e-05,4.6998976141573115e-09,9.064313283432226e-06,20.0
P3,207,207,16,191,400,0.07729468599033816,0.038461538461538464,0.051364365971107544,cao2018,S01/051017m,all_channel,median,median__all_channel__P3,32,181,"[0, 1, 2, 3, 4, 5, 6, 7, 8, 9, 10, 11, 12, 13, 14, 15, 16, 17, 18, 19, 20, 21, 22, 23, 24, 25, 26, 27, 28, 29, 30, 31, 32, 33, 34, 35, 36, 37, 38, 39, 40, 41, 42, 43, 44, 45, 46, 47, 48, 49, 50, 51, 52, 53, 54, 55, 56, 57, 58, 59, 60, 61, 62, 63, 64, 65, 66, 67, 68, 69, 70, 71, 72, 73, 74, 75, 76, 77, 78, 79, 80, 81, 82, 83, 84, 85, 86, 87, 88, 89, 90, 91, 92, 93, 94, 95, 96, 97, 98, 99, 100, 101, 102, 103, 104, 105, 106, 107, 108, 109, 110, 111, 112, 113, 114, 115, 116, 117, 118, 119, 120, 121, 122, 123, 124, 125, 126, 127, 128, 129, 130, 131, 132, 133, 134, 135, 136, 137, 138, 139, 140, 141, 142, 143, 144, 145, 146, 147, 148, 149, 150, 151, 152, 153, 154, 155, 156, 157, 158, 159, 160, 161, 162, 163, 164, 165, 166, 167, 168, 169, 170, 171, 172, 173, 174, 175, 176, 177, 178, 179, 180]",181,False,2.7110292018551057e-05,3.9577622317464856e-08,9.023571465411198e-06,20.0
T5,105,105,10,95,406,0.09523809523809523,0.02403846153846154,0.038387715930902115,cao2018,S01/051017m,all_channel,median,median__all_channel__T5,32,181,"[0, 1, 2, 3, 4, 5, 6, 7, 8, 9, 10, 11, 12, 13, 14, 15, 16, 17, 18, 19, 20, 21, 22, 23, 24, 25, 26, 27, 28, 29, 30, 31, 32, 33, 34, 35, 36, 37, 38, 39, 40, 41, 42, 43, 44, 45, 46, 47, 48, 49, 50, 51, 52, 53, 54, 55, 56, 57, 58, 59, 60, 61, 62, 63, 64, 65, 66, 67, 68, 69, 70, 71, 72, 73, 74, 75, 76, 77, 78, 79, 80, 81, 82, 83, 84, 85, 86, 87, 88, 89, 90, 91, 92, 93, 94, 95, 96, 97, 98, 99, 100, 101, 102, 103, 104, 105, 106, 107, 108, 109, 110, 111, 112, 113, 114, 115, 116, 117, 118, 119, 120, 121, 122, 123, 124, 125, 126, 127, 128, 129, 130, 131, 132, 133, 134, 135, 136, 137, 138, 139, 140, 141, 142, 143, 144, 145, 146, 147, 148, 149, 150, 151, 152, 153, 154, 155, 156, 157, 158, 159, 160, 161, 162, 163, 164, 165, 166, 167, 168, 169, 170, 171, 172, 173, 174, 175, 176, 177, 178, 179, 180]",181,False,2.49137540071998e-05,-6.031469686283694e-08,8.324689568020879e-06,20.0
O2,117,117,8,109,408,0.06837606837606838,0.019230769230769232,0.030018761726078803,cao2018,S01/051017m,all_channel,median,median__all_channel__O2,32,181,"[0, 1, 2, 3, 4, 5, 6, 7, 8, 9, 10, 11, 12, 13, 14, 15, 16, 17, 18, 19, 20, 21, 22, 23, 24, 25, 26, 27, 28, 29, 30, 31, 32, 33, 34, 35, 36, 37, 38, 39, 40, 41, 42, 43, 44, 45, 46, 47, 48, 49, 50, 51, 52, 53, 54, 55, 56, 57, 58, 59, 60, 61, 62, 63, 64, 65, 66, 67, 68, 69, 70, 71, 72, 73, 74, 75, 76, 77, 78, 79, 80, 81, 82, 83, 84, 85, 86, 87, 88, 89, 90, 91, 92, 93, 94, 95, 96, 97, 98, 99, 100, 101, 102, 103, 104, 105, 106, 107, 108, 109, 110, 111, 112, 113, 114, 115, 116, 117, 118, 119, 120, 121, 122, 123, 124, 125, 126, 127, 128, 129, 130, 131, 132, 133, 134, 135, 136, 137, 138, 139, 140, 141, 142, 143, 144, 145, 146, 147, 148, 149, 150, 151, 152, 153, 154, 155, 156, 157, 158, 159, 160, 161, 162, 163, 164, 165, 166, 167, 168, 169, 170, 171, 172, 173, 174, 175, 176, 177, 178, 179, 180]",181,False,2.2491664737733196e-05,-8.81833297892254e-08,7.526616022507474e-06,20.0
O1,110,110,7,103,409,0.06363636363636363,0.016826923076923076,0.026615969581749048,cao2018,S01/051017m,all_channel,median,median__all_channel__O1,32,181,"[0, 1, 2, 3, 4, 5, 6, 7, 8, 9, 10, 11, 12, 13, 14, 15, 16, 17, 18, 19, 20, 21, 22, 23, 24, 25, 26, 27, 28, 29, 30, 31, 32, 33, 34, 35, 36, 37, 38, 39, 40, 41, 42, 43, 44, 45, 46, 47, 48, 49, 50, 51, 52, 53, 54, 55, 56, 57, 58, 59, 60, 61, 62, 63, 64, 65, 66, 67, 68, 69, 70, 71, 72, 73, 74, 75, 76, 77, 78, 79, 80, 81, 82, 83, 84, 85, 86, 87, 88, 89, 90, 91, 92, 93, 94, 95, 96, 97, 98, 99, 100, 101, 102, 103, 104, 105, 106, 107, 108, 109, 110, 111, 112, 113, 114, 115, 116, 117, 118, 119, 120, 121, 122, 123, 124, 125, 126, 127, 128, 129, 130, 131, 132, 133, 134, 135, 136, 137, 138, 139, 140, 141, 142, 143, 144, 145, 146, 147, 148, 149, 150, 151, 152, 153, 154, 155, 156, 157, 158, 159, 160, 161, 162, 163, 164, 165, 166, 167, 168, 169, 170, 171, 172, 173, 174, 175, 176, 177, 178, 179, 180]",181,False,2.378799036648223e-05,-1.660502515696818e-07,7.984680206017304e-06,20.0
OZ,135,135,6,129,410,0.044444444444444446,0.014423076923076924,0.02177858439201452,cao2018,S01/051017m,all_channel,median,median__all_channel__OZ,32,181,"[0, 1, 2, 3, 4, 5, 6, 7, 8, 9, 10, 11, 12, 13, 14, 15, 16, 17, 18, 19, 20, 21, 22, 23, 24, 25, 26, 27, 28, 29, 30, 31, 32, 33, 34, 35, 36, 37, 38, 39, 40, 41, 42, 43, 44, 45, 46, 47, 48, 49, 50, 51, 52, 53, 54, 55, 56, 57, 58, 59, 60, 61, 62, 63, 64, 65, 66, 67, 68, 69, 70, 71, 72, 73, 74, 75, 76, 77, 78, 79, 80, 81, 82, 83, 84, 85, 86, 87, 88, 89, 90, 91, 92, 93, 94, 95, 96, 97, 98, 99, 100, 101, 102, 103, 104, 105, 106, 107, 108, 109, 110, 111, 112, 113, 114, 115, 116, 117, 118, 119, 120, 121, 122, 123, 124, 125, 126, 127, 128, 129, 130, 131, 132, 133, 134, 135, 136, 137, 138, 139, 140, 141, 142, 143, 144, 145, 146, 147, 148, 149, 150, 151, 152, 153, 154, 155, 156, 157, 158, 159, 160, 161, 162, 163, 164, 165, 166, 167, 168, 169, 170, 171, 172, 173, 174, 175, 176, 177, 178, 179, 180]",181,False,2.2151644004250452e-05,-1.0766110034767917e-07,7.419768368199378e-06,20.0
A1,0,0,0,0,416,0.0,0.0,0.0,cao2018,S01/051017m,all_channel,median,median__all_channel__A1,32,181,"[0, 1, 2, 3, 4, 5, 6, 7, 8, 9, 10, 11, 12, 13, 14, 15, 16, 17, 18, 19, 20, 21, 22, 23, 24, 25, 26, 27, 28, 29, 30, 31, 32, 33, 34, 35, 36, 37, 38, 39, 40, 41, 42, 43, 44, 45, 46, 47, 48, 49, 50, 51, 52, 53, 54, 55, 56, 57, 58, 59, 60, 61, 62, 63, 64, 65, 66, 67, 68, 69, 70, 71, 72, 73, 74, 75, 76, 77, 78, 79, 80, 81, 82, 83, 84, 85, 86, 87, 88, 89, 90, 91, 92, 93, 94, 95, 96, 97, 98, 99, 100, 101, 102, 103, 104, 105, 106, 107, 108, 109, 110, 111, 112, 113, 114, 115, 116, 117, 118, 119, 120, 121, 122, 123, 124, 125, 126, 127, 128, 129, 130, 131, 132, 133, 134, 135, 136, 137, 138, 139, 140, 141, 142, 143, 144, 145, 146, 147, 148, 149, 150, 151, 152, 153, 154, 155, 156, 157, 158, 159, 160, 161, 162, 163, 164, 165, 166, 167, 168, 169, 170, 171, 172, 173, 174, 175, 176, 177, 178, 179, 180]",181,False,0.0,0.0,0.0,20.0
A2,0,0,0,0,416,0.0,0.0,0.0,cao2018,S01/051017m,all_channel,median,median__all_channel__A2,32,181,"[0, 1, 2, 3, 4, 5, 6, 7, 8, 9, 10, 11, 12, 13, 14, 15, 16, 17, 18, 19, 20, 21, 22, 23, 24, 25, 26, 27, 28, 29, 30, 31, 32, 33, 34, 35, 36, 37, 38, 39, 40, 41, 42, 43, 44, 45, 46, 47, 48, 49, 50, 51, 52, 53, 54, 55, 56, 57, 58, 59, 60, 61, 62, 63, 64, 65, 66, 67, 68, 69, 70, 71, 72, 73, 74, 75, 76, 77, 78, 79, 80, 81, 82, 83, 84, 85, 86, 87, 88, 89, 90, 91, 92, 93, 94, 95, 96, 97, 98, 99, 100, 101, 102, 103, 104, 105, 106, 107, 108, 109, 110, 111, 112, 113, 114, 115, 116, 117, 118, 119, 120, 121, 122, 123, 124, 125, 126, 127, 128, 129, 130, 131, 132, 133, 134, 135, 136, 137, 138, 139, 140, 141, 142, 143, 144, 145, 146, 147, 148, 149, 150, 151, 152, 153, 154, 155, 156, 157, 158, 159, 160, 161, 162, 163, 164, 165, 166, 167, 168, 169, 170, 171, 172, 173, 174, 175, 176, 177, 178, 179, 180]",181,False,0.0,0.0,0.0,20.0
FP1,651,651,329,322,87,0.5053763440860215,0.7908653846153846,0.6166822867853795,cao2018,S01/051017m,all_channel,mean,mean__all_channel__FP1,32,181,"[0, 1, 2, 3, 4, 5, 6, 7, 8, 9, 10, 11, 12, 13, 14, 15, 16, 17, 18, 19, 20, 21, 22, 23, 24, 25, 26, 27, 28, 29, 30, 31, 32, 33, 34, 35, 36, 37, 38, 39, 40, 41, 42, 43, 44, 45, 46, 47, 48, 49, 50, 51, 52, 53, 54, 55, 56, 57, 58, 59, 60, 61, 62, 63, 64, 65, 66, 67, 68, 69, 70, 71, 72, 73, 74, 75, 76, 77, 78, 79, 80, 81, 82, 83, 84, 85, 86, 87, 88, 89, 90, 91, 92, 93, 94, 95, 96, 97, 98, 99, 100, 101, 102, 103, 104, 105, 106, 107, 108, 109, 110, 111, 112, 113, 114, 115, 116, 117, 118, 119, 120, 121, 122, 123, 124, 125, 126, 127, 128, 129, 130, 131, 132, 133, 134, 135, 136, 137, 138, 139, 140, 141, 142, 143, 144, 145, 146, 147, 148, 149, 150, 151, 152, 153, 154, 155, 156, 157, 158, 159, 160, 161, 162, 163, 164, 165, 166, 167, 168, 169, 170, 171, 172, 173, 174, 175, 176, 177, 178, 179, 180]",181,False,4.110794379584552e-05,1.739129722656902e-08,1.3696850832872981e-05,20.0
FP2,569,569,262,307,154,0.46045694200351495,0.6298076923076923,0.531979695431472,cao2018,S01/051017m,all_channel,mean,mean__all_channel__FP2,32,181,"[0, 1, 2, 3, 4, 5, 6, 7, 8, 9, 10, 11, 12, 13, 14, 15, 16, 17, 18, 19, 20, 21, 22, 23, 24, 25, 26, 27, 28, 29, 30, 31, 32, 33, 34, 35, 36, 37, 38, 39, 40, 41, 42, 43, 44, 45, 46, 47, 48, 49, 50, 51, 52, 53, 54, 55, 56, 57, 58, 59, 60, 61, 62, 63, 64, 65, 66, 67, 68, 69, 70, 71, 72, 73, 74, 75, 76, 77, 78, 79, 80, 81, 82, 83, 84, 85, 86, 87, 88, 89, 90, 91, 92, 93, 94, 95, 96, 97, 98, 99, 100, 101, 102, 103, 104, 105, 106, 107, 108, 109, 110, 111, 112, 113, 114, 115, 116, 117, 118, 119, 120, 121, 122, 123, 124, 125, 126, 127, 128, 129, 130, 131, 132, 133, 134, 135, 136, 137, 138, 139, 140, 141, 142, 143, 144, 145, 146, 147, 148, 149, 150, 151, 152, 153, 154, 155, 156, 157, 158, 159, 160, 161, 162, 163, 164, 165, 166, 167, 168, 169, 170, 171, 172, 173, 174, 175, 176, 177, 178, 179, 180]",181,False,3.823562525420851e-05,1.6001102689905366e-08,1.2739874717172868e-05,20.0
F8,438,438,152,286,264,0.3470319634703196,0.36538461538461536,0.35597189695550346,cao2018,S01/051017m,all_channel,mean,mean__all_channel__F8,32,181,"[0, 1, 2, 3, 4, 5, 6, 7, 8, 9, 10, 11, 12, 13, 14, 15, 16, 17, 18, 19, 20, 21, 22, 23, 24, 25, 26, 27, 28, 29, 30, 31, 32, 33, 34, 35, 36, 37, 38, 39, 40, 41, 42, 43, 44, 45, 46, 47, 48, 49, 50, 51, 52, 53, 54, 55, 56, 57, 58, 59, 60, 61, 62, 63, 64, 65, 66, 67, 68, 69, 70, 71, 72, 73, 74, 75, 76, 77, 78, 79, 80, 81, 82, 83, 84, 85, 86, 87, 88, 89, 90, 91, 92, 93, 94, 95, 96, 97, 98, 99, 100, 101, 102, 103, 104, 105, 106, 107, 108, 109, 110, 111, 112, 113, 114, 115, 116, 117, 118, 119, 120, 121, 122, 123, 124, 125, 126, 127, 128, 129, 130, 131, 132, 133, 134, 135, 136, 137, 138, 139, 140, 141, 142, 143, 144, 145, 146, 147, 148, 149, 150, 151, 152, 153, 154, 155, 156, 157, 158, 159, 160, 161, 162, 163, 164, 165, 166, 167, 168, 169, 170, 171, 172, 173, 174, 175, 176, 177, 178, 179, 180]",181,False,2.9708971546466288e-05,1.7373332639622245e-08,9.897199404608889e-06,20.0
FT8,308,308,91,217,325,0.29545454545454547,0.21875,0.2513812154696133,cao2018,S01/051017m,all_channel,mean,mean__all_channel__FT8,32,181,"[0, 1, 2, 3, 4, 5, 6, 7, 8, 9, 10, 11, 12, 13, 14, 15, 16, 17, 18, 19, 20, 21, 22, 23, 24, 25, 26, 27, 28, 29, 30, 31, 32, 33, 34, 35, 36, 37, 38, 39, 40, 41, 42, 43, 44, 45, 46, 47, 48, 49, 50, 51, 52, 53, 54, 55, 56, 57, 58, 59, 60, 61, 62, 63, 64, 65, 66, 67, 68, 69, 70, 71, 72, 73, 74, 75, 76, 77, 78, 79, 80, 81, 82, 83, 84, 85, 86, 87, 88, 89, 90, 91, 92, 93, 94, 95, 96, 97, 98, 99, 100, 101, 102, 103, 104, 105, 106, 107, 108, 109, 110, 111, 112, 113, 114, 115, 116, 117, 118, 119, 120, 121, 122, 123, 124, 125, 126, 127, 128, 129, 130, 131, 132, 133, 134, 135, 136, 137, 138, 139, 140, 141, 142, 143, 144, 145, 146, 147, 148, 149, 150, 151, 152, 153, 154, 155, 156, 157, 158, 159, 160, 161, 162, 163, 164, 165, 166, 167, 168, 169, 170, 171, 172, 173, 174, 175, 176, 177, 178, 179, 180]",181,False,2.3512851586770608e-05,1.4530532844023563e-08,7.832773684642195e-06,20.0
F4,362,362,80,282,336,0.22099447513812154,0.19230769230769232,0.20565552699228792,cao2018,S01/051017m,all_channel,mean,mean__all_channel__F4,32,181,"[0, 1, 2, 3, 4, 5, 6, 7, 8, 9, 10, 11, 12, 13, 14, 15, 16, 17, 18, 19, 20, 21, 22, 23, 24, 25, 26, 27, 28, 29, 30, 31, 32, 33, 34, 35, 36, 37, 38, 39, 40, 41, 42, 43, 44, 45, 46, 47, 48, 49, 50, 51, 52, 53, 54, 55, 56, 57, 58, 59, 60, 61, 62, 63, 64, 65, 66, 67, 68, 69, 70, 71, 72, 73, 74, 75, 76, 77, 78, 79, 80, 81, 82, 83, 84, 85, 86, 87, 88, 89, 90, 91, 92, 93, 94, 95, 96, 97, 98, 99, 100, 101, 102, 103, 104, 105, 106, 107, 108, 109, 110, 111, 112, 113, 114, 115, 116, 117, 118, 119, 120, 121, 122, 123, 124, 125, 126, 127, 128, 129, 130, 131, 132, 133, 134, 135, 136, 137, 138, 139, 140, 141, 142, 143, 144, 145, 146, 147, 148, 149, 150, 151, 152, 153, 154, 155, 156, 157, 158, 159, 160, 161, 162, 163, 164, 165, 166, 167, 168, 169, 170, 171, 172, 173, 174, 175, 176, 177, 178, 179, 180]",181,False,3.494088485272862e-05,2.6126381798116428e-08,1.1638252823643502e-05,20.0
F7,259,259,65,194,351,0.25096525096525096,0.15625,0.1925925925925926,cao2018,S01/051017m,all_channel,mean,mean__all_channel__F7,32,181,"[0, 1, 2, 3, 4, 5, 6, 7, 8, 9, 10, 11, 12, 13, 14, 15, 16, 17, 18, 19, 20, 21, 22, 23, 24, 25, 26, 27, 28, 29, 30, 31, 32, 33, 34, 35, 36, 37, 38, 39, 40, 41, 42, 43, 44, 45, 46, 47, 48, 49, 50, 51, 52, 53, 54, 55, 56, 57, 58, 59, 60, 61, 62, 63, 64, 65, 66, 67, 68, 69, 70, 71, 72, 73, 74, 75, 76, 77, 78, 79, 80, 81, 82, 83, 84, 85, 86, 87, 88, 89, 90, 91, 92, 93, 94, 95, 96, 97, 98, 99, 100, 101, 102, 103, 104, 105, 106, 107, 108, 109, 110, 111, 112, 113, 114, 115, 116, 117, 118, 119, 120, 121, 122, 123, 124, 125, 126, 127, 128, 129, 130, 131, 132, 133, 134, 135, 136, 137, 138, 139, 140, 141, 142, 143, 144, 145, 146, 147, 148, 149, 150, 151, 152, 153, 154, 155, 156, 157, 158, 159, 160, 161, 162, 163, 164, 165, 166, 167, 168, 169, 170, 171, 172, 173, 174, 175, 176, 177, 178, 179, 180]",181,False,3.323176033990766e-05,1.4662621045764987e-08,1.10723659062873e-05,20.0
F3,309,309,62,247,354,0.20064724919093851,0.14903846153846154,0.1710344827586207,cao2018,S01/051017m,all_channel,mean,mean__all_channel__F3,32,181,"[0, 1, 2, 3, 4, 5, 6, 7, 8, 9, 10, 11, 12, 13, 14, 15, 16, 17, 18, 19, 20, 21, 22, 23, 24, 25, 26, 27, 28, 29, 30, 31, 32, 33, 34, 35, 36, 37, 38, 39, 40, 41, 42, 43, 44, 45, 46, 47, 48, 49, 50, 51, 52, 53, 54, 55, 56, 57, 58, 59, 60, 61, 62, 63, 64, 65, 66, 67, 68, 69, 70, 71, 72, 73, 74, 75, 76, 77, 78, 79, 80, 81, 82, 83, 84, 85, 86, 87, 88, 89, 90, 91, 92, 93, 94, 95, 96, 97, 98, 99, 100, 101, 102, 103, 104, 105, 106, 107, 108, 109, 110, 111, 112, 113, 114, 115, 116, 117, 118, 119, 120, 121, 122, 123, 124, 125, 126, 127, 128, 129, 130, 131, 132, 133, 134, 135, 136, 137, 138, 139, 140, 141, 142, 143, 144, 145, 146, 147, 148, 149, 150, 151, 152, 153, 154, 155, 156, 157, 158, 159, 160, 161, 162, 163, 164, 165, 166, 167, 168, 169, 170, 171, 172, 173, 174, 175, 176, 177, 178, 179, 180]",181,False,3.5492708766579605e-05,8.477784339078875e-08,1.180264364106294e-05,20.0
T4,314,314,62,252,354,0.19745222929936307,0.14903846153846154,0.16986301369863016,cao2018,S01/051017m,all_channel,mean,mean__all_channel__T4,32,181,"[0, 1, 2, 3, 4, 5, 6, 7, 8, 9, 10, 11, 12, 13, 14, 15, 16, 17, 18, 19, 20, 21, 22, 23, 24, 25, 26, 27, 28, 29, 30, 31, 32, 33, 34, 35, 36, 37, 38, 39, 40, 41, 42, 43, 44, 45, 46, 47, 48, 49, 50, 51, 52, 53, 54, 55, 56, 57, 58, 59, 60, 61, 62, 63, 64, 65, 66, 67, 68, 69, 70, 71, 72, 73, 74, 75, 76, 77, 78, 79, 80, 81, 82, 83, 84, 85, 86, 87, 88, 89, 90, 91, 92, 93, 94, 95, 96, 97, 98, 99, 100, 101, 102, 103, 104, 105, 106, 107, 108, 109, 110, 111, 112, 113, 114, 115, 116, 117, 118, 119, 120, 121, 122, 123, 124, 125, 126, 127, 128, 129, 130, 131, 132, 133, 134, 135, 136, 137, 138, 139, 140, 141, 142, 143, 144, 145, 146, 147, 148, 149, 150, 151, 152, 153, 154, 155, 156, 157, 158, 159, 160, 161, 162, 163, 164, 165, 166, 167, 168, 169, 170, 171, 172, 173, 174, 175, 176, 177, 178, 179, 180]",181,False,2.0795120444479958e-05,1.1488535008449778e-08,6.927877303157168e-06,20.0
FC4,354,354,60,294,356,0.1694915254237288,0.14423076923076922,0.15584415584415584,cao2018,S01/051017m,all_channel,mean,mean__all_channel__FC4,32,181,"[0, 1, 2, 3, 4, 5, 6, 7, 8, 9, 10, 11, 12, 13, 14, 15, 16, 17, 18, 19, 20, 21, 22, 23, 24, 25, 26, 27, 28, 29, 30, 31, 32, 33, 34, 35, 36, 37, 38, 39, 40, 41, 42, 43, 44, 45, 46, 47, 48, 49, 50, 51, 52, 53, 54, 55, 56, 57, 58, 59, 60, 61, 62, 63, 64, 65, 66, 67, 68, 69, 70, 71, 72, 73, 74, 75, 76, 77, 78, 79, 80, 81, 82, 83, 84, 85, 86, 87, 88, 89, 90, 91, 92, 93, 94, 95, 96, 97, 98, 99, 100, 101, 102, 103, 104, 105, 106, 107, 108, 109, 110, 111, 112, 113, 114, 115, 116, 117, 118, 119, 120, 121, 122, 123, 124, 125, 126, 127, 128, 129, 130, 131, 132, 133, 134, 135, 136, 137, 138, 139, 140, 141, 142, 143, 144, 145, 146, 147, 148, 149, 150, 151, 152, 153, 154, 155, 156, 157, 158, 159, 160, 161, 162, 163, 164, 165, 166, 167, 168, 169, 170, 171, 172, 173, 174, 175, 176, 177, 178, 179, 180]",181,False,3.166432251434761e-05,2.466066064087067e-08,1.054655395123558e-05,20.0
FZ,348,348,56,292,360,0.16091954022988506,0.1346153846153846,0.14659685863874347,cao2018,S01/051017m,all_channel,mean,mean__all_channel__FZ,32,181,"[0, 1, 2, 3, 4, 5, 6, 7, 8, 9, 10, 11, 12, 13, 14, 15, 16, 17, 18, 19, 20, 21, 22, 23, 24, 25, 26, 27, 28, 29, 30, 31, 32, 33, 34, 35, 36, 37, 38, 39, 40, 41, 42, 43, 44, 45, 46, 47, 48, 49, 50, 51, 52, 53, 54, 55, 56, 57, 58, 59, 60, 61, 62, 63, 64, 65, 66, 67, 68, 69, 70, 71, 72, 73, 74, 75, 76, 77, 78, 79, 80, 81, 82, 83, 84, 85, 86, 87, 88, 89, 90, 91, 92, 93, 94, 95, 96, 97, 98, 99, 100, 101, 102, 103, 104, 105, 106, 107, 108, 109, 110, 111, 112, 113, 114, 115, 116, 117, 118, 119, 120, 121, 122, 123, 124, 125, 126, 127, 128, 129, 130, 131, 132, 133, 134, 135, 136, 137, 138, 139, 140, 141, 142, 143, 144, 145, 146, 147, 148, 149, 150, 151, 152, 153, 154, 155, 156, 157, 158, 159, 160, 161, 162, 163, 164, 165, 166, 167, 168, 169, 170, 171, 172, 173, 174, 175, 176, 177, 178, 179, 180]",181,False,3.761837239652465e-05,2.6946200211509963e-08,1.253047539877105e-05,20.0
TP8,205,205,40,165,376,0.1951219512195122,0.09615384615384616,0.12882447665056362,cao2018,S01/051017m,all_channel,mean,mean__all_channel__TP8,32,181,"[0, 1, 2, 3, 4, 5, 6, 7, 8, 9, 10, 11, 12, 13, 14, 15, 16, 17, 18, 19, 20, 21, 22, 23, 24, 25, 26, 27, 28, 29, 30, 31, 32, 33, 34, 35, 36, 37, 38, 39, 40, 41, 42, 43, 44, 45, 46, 47, 48, 49, 50, 51, 52, 53, 54, 55, 56, 57, 58, 59, 60, 61, 62, 63, 64, 65, 66, 67, 68, 69, 70, 71, 72, 73, 74, 75, 76, 77, 78, 79, 80, 81, 82, 83, 84, 85, 86, 87, 88, 89, 90, 91, 92, 93, 94, 95, 96, 97, 98, 99, 100, 101, 102, 103, 104, 105, 106, 107, 108, 109, 110, 111, 112, 113, 114, 115, 116, 117, 118, 119, 120, 121, 122, 123, 124, 125, 126, 127, 128, 129, 130, 131, 132, 133, 134, 135, 136, 137, 138, 139, 140, 141, 142, 143, 144, 145, 146, 147, 148, 149, 150, 151, 152, 153, 154, 155, 156, 157, 158, 159, 160, 161, 162, 163, 164, 165, 166, 167, 168, 169, 170, 171, 172, 173, 174, 175, 176, 177, 178, 179, 180]",181,False,1.7972708894511658e-05,1.5060734977321847e-08,5.985882719844778e-06,20.0
C4,338,338,45,293,371,0.13313609467455623,0.10817307692307693,0.1193633952254642,cao2018,S01/051017m,all_channel,mean,mean__all_channel__C4,32,181,"[0, 1, 2, 3, 4, 5, 6, 7, 8, 9, 10, 11, 12, 13, 14, 15, 16, 17, 18, 19, 20, 21, 22, 23, 24, 25, 26, 27, 28, 29, 30, 31, 32, 33, 34, 35, 36, 37, 38, 39, 40, 41, 42, 43, 44, 45, 46, 47, 48, 49, 50, 51, 52, 53, 54, 55, 56, 57, 58, 59, 60, 61, 62, 63, 64, 65, 66, 67, 68, 69, 70, 71, 72, 73, 74, 75, 76, 77, 78, 79, 80, 81, 82, 83, 84, 85, 86, 87, 88, 89, 90, 91, 92, 93, 94, 95, 96, 97, 98, 99, 100, 101, 102, 103, 104, 105, 106, 107, 108, 109, 110, 111, 112, 113, 114, 115, 116, 117, 118, 119, 120, 121, 122, 123, 124, 125, 126, 127, 128, 129, 130, 131, 132, 133, 134, 135, 136, 137, 138, 139, 140, 141, 142, 143, 144, 145, 146, 147, 148, 149, 150, 151, 152, 153, 154, 155, 156, 157, 158, 159, 160, 161, 162, 163, 164, 165, 166, 167, 168, 169, 170, 171, 172, 173, 174, 175, 176, 177, 178, 179, 180]",181,False,2.842936184899779e-05,2.380103723622773e-08,9.468520270587188e-06,20.0
FT7,202,202,32,170,384,0.15841584158415842,0.07692307692307693,0.10355987055016182,cao2018,S01/051017m,all_channel,mean,mean__all_channel__FT7,32,181,"[0, 1, 2, 3, 4, 5, 6, 7, 8, 9, 10, 11, 12, 13, 14, 15, 16, 17, 18, 19, 20, 21, 22, 23, 24, 25, 26, 27, 28, 29, 30, 31, 32, 33, 34, 35, 36, 37, 38, 39, 40, 41, 42, 43, 44, 45, 46, 47, 48, 49, 50, 51, 52, 53, 54, 55, 56, 57, 58, 59, 60, 61, 62, 63, 64, 65, 66, 67, 68, 69, 70, 71, 72, 73, 74, 75, 76, 77, 78, 79, 80, 81, 82, 83, 84, 85, 86, 87, 88, 89, 90, 91, 92, 93, 94, 95, 96, 97, 98, 99, 100, 101, 102, 103, 104, 105, 106, 107, 108, 109, 110, 111, 112, 113, 114, 115, 116, 117, 118, 119, 120, 121, 122, 123, 124, 125, 126, 127, 128, 129, 130, 131, 132, 133, 134, 135, 136, 137, 138, 139, 140, 141, 142, 143, 144, 145, 146, 147, 148, 149, 150, 151, 152, 153, 154, 155, 156, 157, 158, 159, 160, 161, 162, 163, 164, 165, 166, 167, 168, 169, 170, 171, 172, 173, 174, 175, 176, 177, 178, 179, 180]",181,False,2.8843640556919547e-05,7.955894864994674e-09,9.611894887351518e-06,20.0
FC3,247,247,31,216,385,0.12550607287449392,0.07451923076923077,0.09351432880844647,cao2018,S01/051017m,all_channel,mean,mean__all_channel__FC3,32,181,"[0, 1, 2, 3, 4, 5, 6, 7, 8, 9, 10, 11, 12, 13, 14, 15, 16, 17, 18, 19, 20, 21, 22, 23, 24, 25, 26, 27, 28, 29, 30, 31, 32, 33, 34, 35, 36, 37, 38, 39, 40, 41, 42, 43, 44, 45, 46, 47, 48, 49, 50, 51, 52, 53, 54, 55, 56, 57, 58, 59, 60, 61, 62, 63, 64, 65, 66, 67, 68, 69, 70, 71, 72, 73, 74, 75, 76, 77, 78, 79, 80, 81, 82, 83, 84, 85, 86, 87, 88, 89, 90, 91, 92, 93, 94, 95, 96, 97, 98, 99, 100, 101, 102, 103, 104, 105, 106, 107, 108, 109, 110, 111, 112, 113, 114, 115, 116, 117, 118, 119, 120, 121, 122, 123, 124, 125, 126, 127, 128, 129, 130, 131, 132, 133, 134, 135, 136, 137, 138, 139, 140, 141, 142, 143, 144, 145, 146, 147, 148, 149, 150, 151, 152, 153, 154, 155, 156, 157, 158, 159, 160, 161, 162, 163, 164, 165, 166, 167, 168, 169, 170, 171, 172, 173, 174, 175, 176, 177, 178, 179, 180]",181,False,3.306785831438709e-05,1.997430444449914e-08,1.101596133664753e-05,20.0
T6,172,172,25,147,391,0.14534883720930233,0.06009615384615385,0.08503401360544217,cao2018,S01/051017m,all_channel,mean,mean__all_channel__T6,32,181,"[0, 1, 2, 3, 4, 5, 6, 7, 8, 9, 10, 11, 12, 13, 14, 15, 16, 17, 18, 19, 20, 21, 22, 23, 24, 25, 26, 27, 28, 29, 30, 31, 32, 33, 34, 35, 36, 37, 38, 39, 40, 41, 42, 43, 44, 45, 46, 47, 48, 49, 50, 51, 52, 53, 54, 55, 56, 57, 58, 59, 60, 61, 62, 63, 64, 65, 66, 67, 68, 69, 70, 71, 72, 73, 74, 75, 76, 77, 78, 79, 80, 81, 82, 83, 84, 85, 86, 87, 88, 89, 90, 91, 92, 93, 94, 95, 96, 97, 98, 99, 100, 101, 102, 103, 104, 105, 106, 107, 108, 109, 110, 111, 112, 113, 114, 115, 116, 117, 118, 119, 120, 121, 122, 123, 124, 125, 126, 127, 128, 129, 130, 131, 132, 133, 134, 135, 136, 137, 138, 139, 140, 141, 142, 143, 144, 145, 146, 147, 148, 149, 150, 151, 152, 153, 154, 155, 156, 157, 158, 159, 160, 161, 162, 163, 164, 165, 166, 167, 168, 169, 170, 171, 172, 173, 174, 175, 176, 177, 178, 179, 180]",181,False,1.7145310102607197e-05,6.482912620797758e-09,5.712942396662133e-06,20.0
CP4,316,316,31,285,385,0.0981012658227848,0.07451923076923077,0.08469945355191257,cao2018,S01/051017m,all_channel,mean,mean__all_channel__CP4,32,181,"[0, 1, 2, 3, 4, 5, 6, 7, 8, 9, 10, 11, 12, 13, 14, 15, 16, 17, 18, 19, 20, 21, 22, 23, 24, 25, 26, 27, 28, 29, 30, 31, 32, 33, 34, 35, 36, 37, 38, 39, 40, 41, 42, 43, 44, 45, 46, 47, 48, 49, 50, 51, 52, 53, 54, 55, 56, 57, 58, 59, 60, 61, 62, 63, 64, 65, 66, 67, 68, 69, 70, 71, 72, 73, 74, 75, 76, 77, 78, 79, 80, 81, 82, 83, 84, 85, 86, 87, 88, 89, 90, 91, 92, 93, 94, 95, 96, 97, 98, 99, 100, 101, 102, 103, 104, 105, 106, 107, 108, 109, 110, 111, 112, 113, 114, 115, 116, 117, 118, 119, 120, 121, 122, 123, 124, 125, 126, 127, 128, 129, 130, 131, 132, 133, 134, 135, 136, 137, 138, 139, 140, 141, 142, 143, 144, 145, 146, 147, 148, 149, 150, 151, 152, 153, 154, 155, 156, 157, 158, 159, 160, 161, 162, 163, 164, 165, 166, 167, 168, 169, 170, 171, 172, 173, 174, 175, 176, 177, 178, 179, 180]",181,False,2.699155479477337e-05,2.186930662618155e-08,8.98989516271573e-06,20.0
T3,167,167,24,143,392,0.1437125748502994,0.057692307692307696,0.08233276157804462,cao2018,S01/051017m,all_channel,mean,mean__all_channel__T3,32,181,"[0, 1, 2, 3, 4, 5, 6, 7, 8, 9, 10, 11, 12, 13, 14, 15, 16, 17, 18, 19, 20, 21, 22, 23, 24, 25, 26, 27, 28, 29, 30, 31, 32, 33, 34, 35, 36, 37, 38, 39, 40, 41, 42, 43, 44, 45, 46, 47, 48, 49, 50, 51, 52, 53, 54, 55, 56, 57, 58, 59, 60, 61, 62, 63, 64, 65, 66, 67, 68, 69, 70, 71, 72, 73, 74, 75, 76, 77, 78, 79, 80, 81, 82, 83, 84, 85, 86, 87, 88, 89, 90, 91, 92, 93, 94, 95, 96, 97, 98, 99, 100, 101, 102, 103, 104, 105, 106, 107, 108, 109, 110, 111, 112, 113, 114, 115, 116, 117, 118, 119, 120, 121, 122, 123, 124, 125, 126, 127, 128, 129, 130, 131, 132, 133, 134, 135, 136, 137, 138, 139, 140, 141, 142, 143, 144, 145, 146, 147, 148, 149, 150, 151, 152, 153, 154, 155, 156, 157, 158, 159, 160, 161, 162, 163, 164, 165, 166, 167, 168, 169, 170, 171, 172, 173, 174, 175, 176, 177, 178, 179, 180]",181,False,2.5976453139570378e-05,1.2734097054136234e-08,8.65457301417208e-06,20.0
FCZ,342,342,31,311,385,0.09064327485380116,0.07451923076923077,0.08179419525065963,cao2018,S01/051017m,all_channel,mean,mean__all_channel__FCZ,32,181,"[0, 1, 2, 3, 4, 5, 6, 7, 8, 9, 10, 11, 12, 13, 14, 15, 16, 17, 18, 19, 20, 21, 22, 23, 24, 25, 26, 27, 28, 29, 30, 31, 32, 33, 34, 35, 36, 37, 38, 39, 40, 41, 42, 43, 44, 45, 46, 47, 48, 49, 50, 51, 52, 53, 54, 55, 56, 57, 58, 59, 60, 61, 62, 63, 64, 65, 66, 67, 68, 69, 70, 71, 72, 73, 74, 75, 76, 77, 78, 79, 80, 81, 82, 83, 84, 85, 86, 87, 88, 89, 90, 91, 92, 93, 94, 95, 96, 97, 98, 99, 100, 101, 102, 103, 104, 105, 106, 107, 108, 109, 110, 111, 112, 113, 114, 115, 116, 117, 118, 119, 120, 121, 122, 123, 124, 125, 126, 127, 128, 129, 130, 131, 132, 133, 134, 135, 136, 137, 138, 139, 140, 141, 142, 143, 144, 145, 146, 147, 148, 149, 150, 151, 152, 153, 154, 155, 156, 157, 158, 159, 160, 161, 162, 163, 164, 165, 166, 167, 168, 169, 170, 171, 172, 173, 174, 175, 176, 177, 178, 179, 180]",181,False,3.571539098590347e-05,3.1709720890955994e-08,1.1894560421670838e-05,20.0
P4,253,253,27,226,389,0.1067193675889328,0.06490384615384616,0.08071748878923768,cao2018,S01/051017m,all_channel,mean,mean__all_channel__P4,32,181,"[0, 1, 2, 3, 4, 5, 6, 7, 8, 9, 10, 11, 12, 13, 14, 15, 16, 17, 18, 19, 20, 21, 22, 23, 24, 25, 26, 27, 28, 29, 30, 31, 32, 33, 34, 35, 36, 37, 38, 39, 40, 41, 42, 43, 44, 45, 46, 47, 48, 49, 50, 51, 52, 53, 54, 55, 56, 57, 58, 59, 60, 61, 62, 63, 64, 65, 66, 67, 68, 69, 70, 71, 72, 73, 74, 75, 76, 77, 78, 79, 80, 81, 82, 83, 84, 85, 86, 87, 88, 89, 90, 91, 92, 93, 94, 95, 96, 97, 98, 99, 100, 101, 102, 103, 104, 105, 106, 107, 108, 109, 110, 111, 112, 113, 114, 115, 116, 117, 118, 119, 120, 121, 122, 123, 124, 125, 126, 127, 128, 129, 130, 131, 132, 133, 134, 135, 136, 137, 138, 139, 140, 141, 142, 143, 144, 145, 146, 147, 148, 149, 150, 151, 152, 153, 154, 155, 156, 157, 158, 159, 160, 161, 162, 163, 164, 165, 166, 167, 168, 169, 170, 171, 172, 173, 174, 175, 176, 177, 178, 179, 180]",181,False,2.4617937348002468e-05,1.3139028486214013e-08,8.201599439838751e-06,20.0
C3,251,251,24,227,392,0.09561752988047809,0.057692307692307696,0.0719640179910045,cao2018,S01/051017m,all_channel,mean,mean__all_channel__C3,32,181,"[0, 1, 2, 3, 4, 5, 6, 7, 8, 9, 10, 11, 12, 13, 14, 15, 16, 17, 18, 19, 20, 21, 22, 23, 24, 25, 26, 27, 28, 29, 30, 31, 32, 33, 34, 35, 36, 37, 38, 39, 40, 41, 42, 43, 44, 45, 46, 47, 48, 49, 50, 51, 52, 53, 54, 55, 56, 57, 58, 59, 60, 61, 62, 63, 64, 65, 66, 67, 68, 69, 70, 71, 72, 73, 74, 75, 76, 77, 78, 79, 80, 81, 82, 83, 84, 85, 86, 87, 88, 89, 90, 91, 92, 93, 94, 95, 96, 97, 98, 99, 100, 101, 102, 103, 104, 105, 106, 107, 108, 109, 110, 111, 112, 113, 114, 115, 116, 117, 118, 119, 120, 121, 122, 123, 124, 125, 126, 127, 128, 129, 130, 131, 132, 133, 134, 135, 136, 137, 138, 139, 140, 141, 142, 143, 144, 145, 146, 147, 148, 149, 150, 151, 152, 153, 154, 155, 156, 157, 158, 159, 160, 161, 162, 163, 164, 165, 166, 167, 168, 169, 170, 171, 172, 173, 174, 175, 176, 177, 178, 179, 180]",181,False,3.06568055043539e-05,2.0827299058125864e-08,1.021199273509859e-05,20.0
CP3,228,228,23,205,393,0.10087719298245613,0.055288461538461536,0.07142857142857142,cao2018,S01/051017m,all_channel,mean,mean__all_channel__CP3,32,181,"[0, 1, 2, 3, 4, 5, 6, 7, 8, 9, 10, 11, 12, 13, 14, 15, 16, 17, 18, 19, 20, 21, 22, 23, 24, 25, 26, 27, 28, 29, 30, 31, 32, 33, 34, 35, 36, 37, 38, 39, 40, 41, 42, 43, 44, 45, 46, 47, 48, 49, 50, 51, 52, 53, 54, 55, 56, 57, 58, 59, 60, 61, 62, 63, 64, 65, 66, 67, 68, 69, 70, 71, 72, 73, 74, 75, 76, 77, 78, 79, 80, 81, 82, 83, 84, 85, 86, 87, 88, 89, 90, 91, 92, 93, 94, 95, 96, 97, 98, 99, 100, 101, 102, 103, 104, 105, 106, 107, 108, 109, 110, 111, 112, 113, 114, 115, 116, 117, 118, 119, 120, 121, 122, 123, 124, 125, 126, 127, 128, 129, 130, 131, 132, 133, 134, 135, 136, 137, 138, 139, 140, 141, 142, 143, 144, 145, 146, 147, 148, 149, 150, 151, 152, 153, 154, 155, 156, 157, 158, 159, 160, 161, 162, 163, 164, 165, 166, 167, 168, 169, 170, 171, 172, 173, 174, 175, 176, 177, 178, 179, 180]",181,False,2.8479320660968745e-05,2.0013785543878473e-08,9.486435625141622e-06,20.0
CZ,371,371,28,343,388,0.07547169811320754,0.0673076923076923,0.07115628970775095,cao2018,S01/051017m,all_channel,mean,mean__all_channel__CZ,32,181,"[0, 1, 2, 3, 4, 5, 6, 7, 8, 9, 10, 11, 12, 13, 14, 15, 16, 17, 18, 19, 20, 21, 22, 23, 24, 25, 26, 27, 28, 29, 30, 31, 32, 33, 34, 35, 36, 37, 38, 39, 40, 41, 42, 43, 44, 45, 46, 47, 48, 49, 50, 51, 52, 53, 54, 55, 56, 57, 58, 59, 60, 61, 62, 63, 64, 65, 66, 67, 68, 69, 70, 71, 72, 73, 74, 75, 76, 77, 78, 79, 80, 81, 82, 83, 84, 85, 86, 87, 88, 89, 90, 91, 92, 93, 94, 95, 96, 97, 98, 99, 100, 101, 102, 103, 104, 105, 106, 107, 108, 109, 110, 111, 112, 113, 114, 115, 116, 117, 118, 119, 120, 121, 122, 123, 124, 125, 126, 127, 128, 129, 130, 131, 132, 133, 134, 135, 136, 137, 138, 139, 140, 141, 142, 143, 144, 145, 146, 147, 148, 149, 150, 151, 152, 153, 154, 155, 156, 157, 158, 159, 160, 161, 162, 163, 164, 165, 166, 167, 168, 169, 170, 171, 172, 173, 174, 175, 176, 177, 178, 179, 180]",181,False,3.269295623321234e-05,3.151623515005597e-08,1.0887146666020763e-05,20.0
CPZ,328,328,25,303,391,0.07621951219512195,0.06009615384615385,0.06720430107526881,cao2018,S01/051017m,all_channel,mean,mean__all_channel__CPZ,32,181,"[0, 1, 2, 3, 4, 5, 6, 7, 8, 9, 10, 11, 12, 13, 14, 15, 16, 17, 18, 19, 20, 21, 22, 23, 24, 25, 26, 27, 28, 29, 30, 31, 32, 33, 34, 35, 36, 37, 38, 39, 40, 41, 42, 43, 44, 45, 46, 47, 48, 49, 50, 51, 52, 53, 54, 55, 56, 57, 58, 59, 60, 61, 62, 63, 64, 65, 66, 67, 68, 69, 70, 71, 72, 73, 74, 75, 76, 77, 78, 79, 80, 81, 82, 83, 84, 85, 86, 87, 88, 89, 90, 91, 92, 93, 94, 95, 96, 97, 98, 99, 100, 101, 102, 103, 104, 105, 106, 107, 108, 109, 110, 111, 112, 113, 114, 115, 116, 117, 118, 119, 120, 121, 122, 123, 124, 125, 126, 127, 128, 129, 130, 131, 132, 133, 134, 135, 136, 137, 138, 139, 140, 141, 142, 143, 144, 145, 146, 147, 148, 149, 150, 151, 152, 153, 154, 155, 156, 157, 158, 159, 160, 161, 162, 163, 164, 165, 166, 167, 168, 169, 170, 171, 172, 173, 174, 175, 176, 177, 178, 179, 180]",181,False,2.948845880164363e-05,2.409931690275045e-08,9.821453161580294e-06,20.0
TP7,121,121,16,105,400,0.1322314049586777,0.038461538461538464,0.0595903165735568,cao2018,S01/051017m,all_channel,mean,mean__all_channel__TP7,32,181,"[0, 1, 2, 3, 4, 5, 6, 7, 8, 9, 10, 11, 12, 13, 14, 15, 16, 17, 18, 19, 20, 21, 22, 23, 24, 25, 26, 27, 28, 29, 30, 31, 32, 33, 34, 35, 36, 37, 38, 39, 40, 41, 42, 43, 44, 45, 46, 47, 48, 49, 50, 51, 52, 53, 54, 55, 56, 57, 58, 59, 60, 61, 62, 63, 64, 65, 66, 67, 68, 69, 70, 71, 72, 73, 74, 75, 76, 77, 78, 79, 80, 81, 82, 83, 84, 85, 86, 87, 88, 89, 90, 91, 92, 93, 94, 95, 96, 97, 98, 99, 100, 101, 102, 103, 104, 105, 106, 107, 108, 109, 110, 111, 112, 113, 114, 115, 116, 117, 118, 119, 120, 121, 122, 123, 124, 125, 126, 127, 128, 129, 130, 131, 132, 133, 134, 135, 136, 137, 138, 139, 140, 141, 142, 143, 144, 145, 146, 147, 148, 149, 150, 151, 152, 153, 154, 155, 156, 157, 158, 159, 160, 161, 162, 163, 164, 165, 166, 167, 168, 169, 170, 171, 172, 173, 174, 175, 176, 177, 178, 179, 180]",181,False,2.4158140491133184e-05,1.1355294669671788e-08,8.04892839882117e-06,20.0
PZ,260,260,19,241,397,0.07307692307692308,0.04567307692307692,0.056213017751479286,cao2018,S01/051017m,all_channel,mean,mean__all_channel__PZ,32,181,"[0, 1, 2, 3, 4, 5, 6, 7, 8, 9, 10, 11, 12, 13, 14, 15, 16, 17, 18, 19, 20, 21, 22, 23, 24, 25, 26, 27, 28, 29, 30, 31, 32, 33, 34, 35, 36, 37, 38, 39, 40, 41, 42, 43, 44, 45, 46, 47, 48, 49, 50, 51, 52, 53, 54, 55, 56, 57, 58, 59, 60, 61, 62, 63, 64, 65, 66, 67, 68, 69, 70, 71, 72, 73, 74, 75, 76, 77, 78, 79, 80, 81, 82, 83, 84, 85, 86, 87, 88, 89, 90, 91, 92, 93, 94, 95, 96, 97, 98, 99, 100, 101, 102, 103, 104, 105, 106, 107, 108, 109, 110, 111, 112, 113, 114, 115, 116, 117, 118, 119, 120, 121, 122, 123, 124, 125, 126, 127, 128, 129, 130, 131, 132, 133, 134, 135, 136, 137, 138, 139, 140, 141, 142, 143, 144, 145, 146, 147, 148, 149, 150, 151, 152, 153, 154, 155, 156, 157, 158, 159, 160, 161, 162, 163, 164, 165, 166, 167, 168, 169, 170, 171, 172, 173, 174, 175, 176, 177, 178, 179, 180]",181,False,2.721033925284612e-05,1.7399402549442448e-08,9.064313283432226e-06,20.0
P3,207,207,16,191,400,0.07729468599033816,0.038461538461538464,0.051364365971107544,cao2018,S01/051017m,all_channel,mean,mean__all_channel__P3,32,181,"[0, 1, 2, 3, 4, 5, 6, 7, 8, 9, 10, 11, 12, 13, 14, 15, 16, 17, 18, 19, 20, 21, 22, 23, 24, 25, 26, 27, 28, 29, 30, 31, 32, 33, 34, 35, 36, 37, 38, 39, 40, 41, 42, 43, 44, 45, 46, 47, 48, 49, 50, 51, 52, 53, 54, 55, 56, 57, 58, 59, 60, 61, 62, 63, 64, 65, 66, 67, 68, 69, 70, 71, 72, 73, 74, 75, 76, 77, 78, 79, 80, 81, 82, 83, 84, 85, 86, 87, 88, 89, 90, 91, 92, 93, 94, 95, 96, 97, 98, 99, 100, 101, 102, 103, 104, 105, 106, 107, 108, 109, 110, 111, 112, 113, 114, 115, 116, 117, 118, 119, 120, 121, 122, 123, 124, 125, 126, 127, 128, 129, 130, 131, 132, 133, 134, 135, 136, 137, 138, 139, 140, 141, 142, 143, 144, 145, 146, 147, 148, 149, 150, 151, 152, 153, 154, 155, 156, 157, 158, 159, 160, 161, 162, 163, 164, 165, 166, 167, 168, 169, 170, 171, 172, 173, 174, 175, 176, 177, 178, 179, 180]",181,False,2.7087504960225726e-05,1.6790563992131624e-08,9.023571465411198e-06,20.0
T5,105,105,10,95,406,0.09523809523809523,0.02403846153846154,0.038387715930902115,cao2018,S01/051017m,all_channel,mean,mean__all_channel__T5,32,181,"[0, 1, 2, 3, 4, 5, 6, 7, 8, 9, 10, 11, 12, 13, 14, 15, 16, 17, 18, 19, 20, 21, 22, 23, 24, 25, 26, 27, 28, 29, 30, 31, 32, 33, 34, 35, 36, 37, 38, 39, 40, 41, 42, 43, 44, 45, 46, 47, 48, 49, 50, 51, 52, 53, 54, 55, 56, 57, 58, 59, 60, 61, 62, 63, 64, 65, 66, 67, 68, 69, 70, 71, 72, 73, 74, 75, 76, 77, 78, 79, 80, 81, 82, 83, 84, 85, 86, 87, 88, 89, 90, 91, 92, 93, 94, 95, 96, 97, 98, 99, 100, 101, 102, 103, 104, 105, 106, 107, 108, 109, 110, 111, 112, 113, 114, 115, 116, 117, 118, 119, 120, 121, 122, 123, 124, 125, 126, 127, 128, 129, 130, 131, 132, 133, 134, 135, 136, 137, 138, 139, 140, 141, 142, 143, 144, 145, 146, 147, 148, 149, 150, 151, 152, 153, 154, 155, 156, 157, 158, 159, 160, 161, 162, 163, 164, 165, 166, 167, 168, 169, 170, 171, 172, 173, 174, 175, 176, 177, 178, 179, 180]",181,False,2.4986160377818157e-05,1.209167375551946e-08,8.324689568020879e-06,20.0
O2,116,116,8,108,408,0.06896551724137931,0.019230769230769232,0.030075187969924814,cao2018,S01/051017m,all_channel,mean,mean__all_channel__O2,32,181,"[0, 1, 2, 3, 4, 5, 6, 7, 8, 9, 10, 11, 12, 13, 14, 15, 16, 17, 18, 19, 20, 21, 22, 23, 24, 25, 26, 27, 28, 29, 30, 31, 32, 33, 34, 35, 36, 37, 38, 39, 40, 41, 42, 43, 44, 45, 46, 47, 48, 49, 50, 51, 52, 53, 54, 55, 56, 57, 58, 59, 60, 61, 62, 63, 64, 65, 66, 67, 68, 69, 70, 71, 72, 73, 74, 75, 76, 77, 78, 79, 80, 81, 82, 83, 84, 85, 86, 87, 88, 89, 90, 91, 92, 93, 94, 95, 96, 97, 98, 99, 100, 101, 102, 103, 104, 105, 106, 107, 108, 109, 110, 111, 112, 113, 114, 115, 116, 117, 118, 119, 120, 121, 122, 123, 124, 125, 126, 127, 128, 129, 130, 131, 132, 133, 134, 135, 136, 137, 138, 139, 140, 141, 142, 143, 144, 145, 146, 147, 148, 149, 150, 151, 152, 153, 154, 155, 156, 157, 158, 159, 160, 161, 162, 163, 164, 165, 166, 167, 168, 169, 170, 171, 172, 173, 174, 175, 176, 177, 178, 179, 180]",181,False,2.2588734715482536e-05,8.886647960112701e-09,7.526616022507474e-06,20.0
O1,106,106,7,99,409,0.0660377358490566,0.016826923076923076,0.026819923371647507,cao2018,S01/051017m,all_channel,mean,mean__all_channel__O1,32,181,"[0, 1, 2, 3, 4, 5, 6, 7, 8, 9, 10, 11, 12, 13, 14, 15, 16, 17, 18, 19, 20, 21, 22, 23, 24, 25, 26, 27, 28, 29, 30, 31, 32, 33, 34, 35, 36, 37, 38, 39, 40, 41, 42, 43, 44, 45, 46, 47, 48, 49, 50, 51, 52, 53, 54, 55, 56, 57, 58, 59, 60, 61, 62, 63, 64, 65, 66, 67, 68, 69, 70, 71, 72, 73, 74, 75, 76, 77, 78, 79, 80, 81, 82, 83, 84, 85, 86, 87, 88, 89, 90, 91, 92, 93, 94, 95, 96, 97, 98, 99, 100, 101, 102, 103, 104, 105, 106, 107, 108, 109, 110, 111, 112, 113, 114, 115, 116, 117, 118, 119, 120, 121, 122, 123, 124, 125, 126, 127, 128, 129, 130, 131, 132, 133, 134, 135, 136, 137, 138, 139, 140, 141, 142, 143, 144, 145, 146, 147, 148, 149, 150, 151, 152, 153, 154, 155, 156, 157, 158, 159, 160, 161, 162, 163, 164, 165, 166, 167, 168, 169, 170, 171, 172, 173, 174, 175, 176, 177, 178, 179, 180]",181,False,2.3962604710624787e-05,8.564092572873071e-09,7.984680206017304e-06,20.0
OZ,133,133,6,127,410,0.045112781954887216,0.014423076923076924,0.02185792349726776,cao2018,S01/051017m,all_channel,mean,mean__all_channel__OZ,32,181,"[0, 1, 2, 3, 4, 5, 6, 7, 8, 9, 10, 11, 12, 13, 14, 15, 16, 17, 18, 19, 20, 21, 22, 23, 24, 25, 26, 27, 28, 29, 30, 31, 32, 33, 34, 35, 36, 37, 38, 39, 40, 41, 42, 43, 44, 45, 46, 47, 48, 49, 50, 51, 52, 53, 54, 55, 56, 57, 58, 59, 60, 61, 62, 63, 64, 65, 66, 67, 68, 69, 70, 71, 72, 73, 74, 75, 76, 77, 78, 79, 80, 81, 82, 83, 84, 85, 86, 87, 88, 89, 90, 91, 92, 93, 94, 95, 96, 97, 98, 99, 100, 101, 102, 103, 104, 105, 106, 107, 108, 109, 110, 111, 112, 113, 114, 115, 116, 117, 118, 119, 120, 121, 122, 123, 124, 125, 126, 127, 128, 129, 130, 131, 132, 133, 134, 135, 136, 137, 138, 139, 140, 141, 142, 143, 144, 145, 146, 147, 148, 149, 150, 151, 152, 153, 154, 155, 156, 157, 158, 159, 160, 161, 162, 163, 164, 165, 166, 167, 168, 169, 170, 171, 172, 173, 174, 175, 176, 177, 178, 179, 180]",181,False,2.226770459344685e-05,8.399488848717626e-09,7.419768368199378e-06,20.0
A1,0,0,0,0,416,0.0,0.0,0.0,cao2018,S01/051017m,all_channel,mean,mean__all_channel__A1,32,181,"[0, 1, 2, 3, 4, 5, 6, 7, 8, 9, 10, 11, 12, 13, 14, 15, 16, 17, 18, 19, 20, 21, 22, 23, 24, 25, 26, 27, 28, 29, 30, 31, 32, 33, 34, 35, 36, 37, 38, 39, 40, 41, 42, 43, 44, 45, 46, 47, 48, 49, 50, 51, 52, 53, 54, 55, 56, 57, 58, 59, 60, 61, 62, 63, 64, 65, 66, 67, 68, 69, 70, 71, 72, 73, 74, 75, 76, 77, 78, 79, 80, 81, 82, 83, 84, 85, 86, 87, 88, 89, 90, 91, 92, 93, 94, 95, 96, 97, 98, 99, 100, 101, 102, 103, 104, 105, 106, 107, 108, 109, 110, 111, 112, 113, 114, 115, 116, 117, 118, 119, 120, 121, 122, 123, 124, 125, 126, 127, 128, 129, 130, 131, 132, 133, 134, 135, 136, 137, 138, 139, 140, 141, 142, 143, 144, 145, 146, 147, 148, 149, 150, 151, 152, 153, 154, 155, 156, 157, 158, 159, 160, 161, 162, 163, 164, 165, 166, 167, 168, 169, 170, 171, 172, 173, 174, 175, 176, 177, 178, 179, 180]",181,False,0.0,0.0,0.0,20.0
A2,0,0,0,0,416,0.0,0.0,0.0,cao2018,S01/051017m,all_channel,mean,mean__all_channel__A2,32,181,"[0, 1, 2, 3, 4, 5, 6, 7, 8, 9, 10, 11, 12, 13, 14, 15, 16, 17, 18, 19, 20, 21, 22, 23, 24, 25, 26, 27, 28, 29, 30, 31, 32, 33, 34, 35, 36, 37, 38, 39, 40, 41, 42, 43, 44, 45, 46, 47, 48, 49, 50, 51, 52, 53, 54, 55, 56, 57, 58, 59, 60, 61, 62, 63, 64, 65, 66, 67, 68, 69, 70, 71, 72, 73, 74, 75, 76, 77, 78, 79, 80, 81, 82, 83, 84, 85, 86, 87, 88, 89, 90, 91, 92, 93, 94, 95, 96, 97, 98, 99, 100, 101, 102, 103, 104, 105, 106, 107, 108, 109, 110, 111, 112, 113, 114, 115, 116, 117, 118, 119, 120, 121, 122, 123, 124, 125, 126, 127, 128, 129, 130, 131, 132, 133, 134, 135, 136, 137, 138, 139, 140, 141, 142, 143, 144, 145, 146, 147, 148, 149, 150, 151, 152, 153, 154, 155, 156, 157, 158, 159, 160, 161, 162, 163, 164, 165, 166, 167, 168, 169, 170, 171, 172, 173, 174, 175, 176, 177, 178, 179, 180]",181,False,0.0,0.0,0.0,20.0
FP1,672,672,335,337,81,0.49851190476190477,0.8052884615384616,0.6158088235294118,cao2018,S01/051017m,frontal,median,median__frontal__FP1,4,181,"[0, 1, 2, 3, 4, 5, 6, 7, 8, 9, 10, 11, 12, 13, 14, 15, 16, 17, 18, 19, 20, 21, 22, 23, 24, 25, 26, 27, 28, 29, 30, 31, 32, 33, 34, 35, 36, 37, 38, 39, 40, 41, 42, 43, 44, 45, 46, 47, 48, 49, 50, 51, 52, 53, 54, 55, 56, 57, 58, 59, 60, 61, 62, 63, 64, 65, 66, 67, 68, 69, 70, 71, 72, 73, 74, 75, 76, 77, 78, 79, 80, 81, 82, 83, 84, 85, 86, 87, 88, 89, 90, 91, 92, 93, 94, 95, 96, 97, 98, 99, 100, 101, 102, 103, 104, 105, 106, 107, 108, 109, 110, 111, 112, 113, 114, 115, 116, 117, 118, 119, 120, 121, 122, 123, 124, 125, 126, 127, 128, 129, 130, 131, 132, 133, 134, 135, 136, 137, 138, 139, 140, 141, 142, 143, 144, 145, 146, 147, 148, 149, 150, 151, 152, 153, 154, 155, 156, 157, 159, 160, 161, 162, 163, 164, 165, 166, 167, 168, 169, 170, 171, 172, 173, 174, 175, 176, 177, 178, 179, 180]",180,False,4.043551635596012e-05,-6.466288626418822e-07,1.3694048406200668e-05,20.0
FP2,584,584,266,318,150,0.4554794520547945,0.6394230769230769,0.5319999999999999,cao2018,S01/051017m,frontal,median,median__frontal__FP2,4,181,"[0, 1, 2, 3, 4, 5, 6, 7, 8, 9, 10, 11, 12, 13, 14, 15, 16, 17, 18, 19, 20, 21, 22, 23, 24, 25, 26, 27, 28, 29, 30, 31, 32, 33, 34, 35, 36, 37, 38, 39, 40, 41, 42, 43, 44, 45, 46, 47, 48, 49, 50, 51, 52, 53, 54, 55, 56, 57, 58, 59, 60, 61, 62, 63, 64, 65, 66, 67, 68, 69, 70, 71, 72, 73, 74, 75, 76, 77, 78, 79, 80, 81, 82, 83, 84, 85, 86, 87, 88, 89, 90, 91, 92, 93, 94, 95, 96, 97, 98, 99, 100, 101, 102, 103, 104, 105, 106, 107, 108, 109, 110, 111, 112, 113, 114, 115, 116, 117, 118, 119, 120, 121, 122, 123, 124, 125, 126, 127, 128, 129, 130, 131, 132, 133, 134, 135, 136, 137, 138, 139, 140, 141, 142, 143, 144, 145, 146, 147, 148, 149, 150, 151, 152, 153, 154, 155, 156, 157, 159, 160, 161, 162, 163, 164, 165, 166, 167, 168, 169, 170, 171, 172, 173, 174, 175, 176, 177, 178, 179, 180]",180,False,3.78125493202894e-05,-3.821352086610945e-07,1.2731561509650163e-05,20.0
F4,364,364,80,284,336,0.21978021978021978,0.19230769230769232,0.20512820512820512,cao2018,S01/051017m,frontal,median,median__frontal__F4,4,181,"[0, 1, 2, 3, 4, 5, 6, 7, 8, 9, 10, 11, 12, 13, 14, 15, 16, 17, 18, 19, 20, 21, 22, 23, 24, 25, 26, 27, 28, 29, 30, 31, 32, 33, 34, 35, 36, 37, 38, 39, 40, 41, 42, 43, 44, 45, 46, 47, 48, 49, 50, 51, 52, 53, 54, 55, 56, 57, 58, 59, 60, 61, 62, 63, 64, 65, 66, 67, 68, 69, 70, 71, 72, 73, 74, 75, 76, 77, 78, 79, 80, 81, 82, 83, 84, 85, 86, 87, 88, 89, 90, 91, 92, 93, 94, 95, 96, 97, 98, 99, 100, 101, 102, 103, 104, 105, 106, 107, 108, 109, 110, 111, 112, 113, 114, 115, 116, 117, 118, 119, 120, 121, 122, 123, 124, 125, 126, 127, 128, 129, 130, 131, 132, 133, 134, 135, 136, 137, 138, 139, 140, 141, 142, 143, 144, 145, 146, 147, 148, 149, 150, 151, 152, 153, 154, 155, 156, 157, 159, 160, 161, 162, 163, 164, 165, 166, 167, 168, 169, 170, 171, 172, 173, 174, 175, 176, 177, 178, 179, 180]",180,False,3.477409379578366e-05,-6.804037080363557e-08,1.1614044722195767e-05,20.0
F3,304,304,61,243,355,0.20065789473684212,0.1466346153846154,0.16944444444444445,cao2018,S01/051017m,frontal,median,median__frontal__F3,4,181,"[0, 1, 2, 3, 4, 5, 6, 7, 8, 9, 10, 11, 12, 13, 14, 15, 16, 17, 18, 19, 20, 21, 22, 23, 24, 25, 26, 27, 28, 29, 30, 31, 32, 33, 34, 35, 36, 37, 38, 39, 40, 41, 42, 43, 44, 45, 46, 47, 48, 49, 50, 51, 52, 53, 54, 55, 56, 57, 58, 59, 60, 61, 62, 63, 64, 65, 66, 67, 68, 69, 70, 71, 72, 73, 74, 75, 76, 77, 78, 79, 80, 81, 82, 83, 84, 85, 86, 87, 88, 89, 90, 91, 92, 93, 94, 95, 96, 97, 98, 99, 100, 101, 102, 103, 104, 105, 106, 107, 108, 109, 110, 111, 112, 113, 114, 115, 116, 117, 118, 119, 120, 121, 122, 123, 124, 125, 126, 127, 128, 129, 130, 131, 132, 133, 134, 135, 136, 137, 138, 139, 140, 141, 142, 143, 144, 145, 146, 147, 148, 149, 150, 151, 152, 153, 154, 155, 156, 157, 159, 160, 161, 162, 163, 164, 165, 166, 167, 168, 169, 170, 171, 172, 173, 174, 175, 176, 177, 178, 179, 180]",180,False,3.567511982485776e-05,0.0,1.189170660828592e-05,20.0
FP1,652,652,330,322,86,0.5061349693251533,0.7932692307692307,0.6179775280898876,cao2018,S01/051017m,frontal,mean,mean__frontal__FP1,4,181,"[0, 1, 2, 3, 4, 5, 6, 7, 8, 9, 10, 11, 12, 13, 14, 15, 16, 17, 18, 19, 20, 21, 22, 23, 24, 25, 26, 27, 28, 29, 30, 31, 32, 33, 34, 35, 36, 37, 38, 39, 40, 41, 42, 43, 44, 45, 46, 47, 48, 49, 50, 51, 52, 53, 54, 55, 56, 57, 58, 59, 60, 61, 62, 63, 64, 65, 66, 67, 68, 69, 70, 71, 72, 73, 74, 75, 76, 77, 78, 79, 80, 81, 82, 83, 84, 85, 86, 87, 88, 89, 90, 91, 92, 93, 94, 95, 96, 97, 98, 99, 100, 101, 102, 103, 104, 105, 106, 107, 108, 109, 110, 111, 112, 113, 114, 115, 116, 117, 118, 119, 120, 121, 122, 123, 124, 125, 126, 127, 128, 129, 130, 131, 132, 133, 134, 135, 136, 137, 138, 139, 140, 141, 142, 143, 144, 145, 146, 147, 148, 149, 150, 151, 152, 153, 154, 155, 156, 157, 159, 160, 161, 162, 163, 164, 165, 166, 167, 168, 169, 170, 171, 172, 173, 174, 175, 176, 177, 178, 179, 180]",180,False,4.1099059803062487e-05,1.691458446047786e-08,1.3694048406200668e-05,20.0
FP2,570,570,263,307,153,0.4614035087719298,0.6322115384615384,0.5334685598377281,cao2018,S01/051017m,frontal,mean,mean__frontal__FP2,4,181,"[0, 1, 2, 3, 4, 5, 6, 7, 8, 9, 10, 11, 12, 13, 14, 15, 16, 17, 18, 19, 20, 21, 22, 23, 24, 25, 26, 27, 28, 29, 30, 31, 32, 33, 34, 35, 36, 37, 38, 39, 40, 41, 42, 43, 44, 45, 46, 47, 48, 49, 50, 51, 52, 53, 54, 55, 56, 57, 58, 59, 60, 61, 62, 63, 64, 65, 66, 67, 68, 69, 70, 71, 72, 73, 74, 75, 76, 77, 78, 79, 80, 81, 82, 83, 84, 85, 86, 87, 88, 89, 90, 91, 92, 93, 94, 95, 96, 97, 98, 99, 100, 101, 102, 103, 104, 105, 106, 107, 108, 109, 110, 111, 112, 113, 114, 115, 116, 117, 118, 119, 120, 121, 122, 123, 124, 125, 126, 127, 128, 129, 130, 131, 132, 133, 134, 135, 136, 137, 138, 139, 140, 141, 142, 143, 144, 145, 146, 147, 148, 149, 150, 151, 152, 153, 154, 155, 156, 157, 159, 160, 161, 162, 163, 164, 165, 166, 167, 168, 169, 170, 171, 172, 173, 174, 175, 176, 177, 178, 179, 180]",180,False,3.821051251914874e-05,1.5827990198248082e-08,1.2731561509650163e-05,20.0
F4,363,363,80,283,336,0.22038567493112948,0.19230769230769232,0.20539152759948653,cao2018,S01/051017m,frontal,mean,mean__frontal__F4,4,181,"[0, 1, 2, 3, 4, 5, 6, 7, 8, 9, 10, 11, 12, 13, 14, 15, 16, 17, 18, 19, 20, 21, 22, 23, 24, 25, 26, 27, 28, 29, 30, 31, 32, 33, 34, 35, 36, 37, 38, 39, 40, 41, 42, 43, 44, 45, 46, 47, 48, 49, 50, 51, 52, 53, 54, 55, 56, 57, 58, 59, 60, 61, 62, 63, 64, 65, 66, 67, 68, 69, 70, 71, 72, 73, 74, 75, 76, 77, 78, 79, 80, 81, 82, 83, 84, 85, 86, 87, 88, 89, 90, 91, 92, 93, 94, 95, 96, 97, 98, 99, 100, 101, 102, 103, 104, 105, 106, 107, 108, 109, 110, 111, 112, 113, 114, 115, 116, 117, 118, 119, 120, 121, 122, 123, 124, 125, 126, 127, 128, 129, 130, 131, 132, 133, 134, 135, 136, 137, 138, 139, 140, 141, 142, 143, 144, 145, 146, 147, 148, 149, 150, 151, 152, 153, 154, 155, 156, 157, 159, 160, 161, 162, 163, 164, 165, 166, 167, 168, 169, 170, 171, 172, 173, 174, 175, 176, 177, 178, 179, 180]",180,False,3.48683823720716e-05,2.6248205484301335e-08,1.1614044722195767e-05,20.0
F3,303,303,61,242,355,0.20132013201320131,0.1466346153846154,0.16968011126564672,cao2018,S01/051017m,frontal,mean,mean__frontal__F3,4,181,"[0, 1, 2, 3, 4, 5, 6, 7, 8, 9, 10, 11, 12, 13, 14, 15, 16, 17, 18, 19, 20, 21, 22, 23, 24, 25, 26, 27, 28, 29, 30, 31, 32, 33, 34, 35, 36, 37, 38, 39, 40, 41, 42, 43, 44, 45, 46, 47, 48, 49, 50, 51, 52, 53, 54, 55, 56, 57, 58, 59, 60, 61, 62, 63, 64, 65, 66, 67, 68, 69, 70, 71, 72, 73, 74, 75, 76, 77, 78, 79, 80, 81, 82, 83, 84, 85, 86, 87, 88, 89, 90, 91, 92, 93, 94, 95, 96, 97, 98, 99, 100, 101, 102, 103, 104, 105, 106, 107, 108, 109, 110, 111, 112, 113, 114, 115, 116, 117, 118, 119, 120, 121, 122, 123, 124, 125, 126, 127, 128, 129, 130, 131, 132, 133, 134, 135, 136, 137, 138, 139, 140, 141, 142, 143, 144, 145, 146, 147, 148, 149, 150, 151, 152, 153, 154, 155, 156, 157, 159, 160, 161, 162, 163, 164, 165, 166, 167, 168, 169, 170, 171, 172, 173, 174, 175, 176, 177, 178, 179, 180]",180,False,3.576036865626739e-05,8.524883140962642e-08,1.189170660828592e-05,20.0
FP1,672,672,335,337,81,0.49851190476190477,0.8052884615384616,0.6158088235294118,cao2018,S01/051017m,frontal_left,median,median__frontal_left__FP1,2,181,"[0, 1, 2, 3, 4, 5, 6, 7, 8, 9, 10, 11, 12, 13, 14, 15, 16, 17, 18, 19, 20, 21, 22, 23, 24, 25, 26, 27, 28, 29, 30, 31, 32, 33, 34, 35, 36, 37, 38, 39, 40, 41, 42, 43, 44, 45, 46, 47, 48, 49, 50, 51, 52, 53, 54, 55, 56, 57, 58, 59, 60, 61, 62, 63, 64, 65, 66, 67, 68, 69, 70, 71, 72, 73, 74, 75, 76, 77, 78, 79, 80, 81, 82, 83, 84, 85, 86, 87, 88, 89, 90, 91, 92, 93, 94, 95, 96, 97, 98, 99, 100, 101, 102, 103, 104, 105, 106, 107, 108, 109, 110, 111, 112, 113, 114, 115, 116, 117, 118, 119, 120, 121, 122, 123, 124, 125, 126, 127, 128, 129, 130, 131, 132, 133, 134, 135, 136, 137, 138, 139, 140, 141, 142, 143, 144, 145, 146, 147, 148, 149, 150, 151, 152, 153, 154, 155, 156, 157, 159, 160, 161, 162, 163, 164, 165, 166, 167, 168, 169, 170, 171, 172, 173, 174, 175, 176, 177, 178, 179, 180]",180,False,4.043551635596012e-05,-6.466288626418822e-07,1.3694048406200668e-05,20.0
F3,304,304,61,243,355,0.20065789473684212,0.1466346153846154,0.16944444444444445,cao2018,S01/051017m,frontal_left,median,median__frontal_left__F3,2,181,"[0, 1, 2, 3, 4, 5, 6, 7, 8, 9, 10, 11, 12, 13, 14, 15, 16, 17, 18, 19, 20, 21, 22, 23, 24, 25, 26, 27, 28, 29, 30, 31, 32, 33, 34, 35, 36, 37, 38, 39, 40, 41, 42, 43, 44, 45, 46, 47, 48, 49, 50, 51, 52, 53, 54, 55, 56, 57, 58, 59, 60, 61, 62, 63, 64, 65, 66, 67, 68, 69, 70, 71, 72, 73, 74, 75, 76, 77, 78, 79, 80, 81, 82, 83, 84, 85, 86, 87, 88, 89, 90, 91, 92, 93, 94, 95, 96, 97, 98, 99, 100, 101, 102, 103, 104, 105, 106, 107, 108, 109, 110, 111, 112, 113, 114, 115, 116, 117, 118, 119, 120, 121, 122, 123, 124, 125, 126, 127, 128, 129, 130, 131, 132, 133, 134, 135, 136, 137, 138, 139, 140, 141, 142, 143, 144, 145, 146, 147, 148, 149, 150, 151, 152, 153, 154, 155, 156, 157, 159, 160, 161, 162, 163, 164, 165, 166, 167, 168, 169, 170, 171, 172, 173, 174, 175, 176, 177, 178, 179, 180]",180,False,3.567511982485776e-05,0.0,1.189170660828592e-05,20.0
FP1,652,652,330,322,86,0.5061349693251533,0.7932692307692307,0.6179775280898876,cao2018,S01/051017m,frontal_left,mean,mean__frontal_left__FP1,2,181,"[0, 1, 2, 3, 4, 5, 6, 7, 8, 9, 10, 11, 12, 13, 14, 15, 16, 17, 18, 19, 20, 21, 22, 23, 24, 25, 26, 27, 28, 29, 30, 31, 32, 33, 34, 35, 36, 37, 38, 39, 40, 41, 42, 43, 44, 45, 46, 47, 48, 49, 50, 51, 52, 53, 54, 55, 56, 57, 58, 59, 60, 61, 62, 63, 64, 65, 66, 67, 68, 69, 70, 71, 72, 73, 74, 75, 76, 77, 78, 79, 80, 81, 82, 83, 84, 85, 86, 87, 88, 89, 90, 91, 92, 93, 94, 95, 96, 97, 98, 99, 100, 101, 102, 103, 104, 105, 106, 107, 108, 109, 110, 111, 112, 113, 114, 115, 116, 117, 118, 119, 120, 121, 122, 123, 124, 125, 126, 127, 128, 129, 130, 131, 132, 133, 134, 135, 136, 137, 138, 139, 140, 141, 142, 143, 144, 145, 146, 147, 148, 149, 150, 151, 152, 153, 154, 155, 156, 157, 159, 160, 161, 162, 163, 164, 165, 166, 167, 168, 169, 170, 171, 172, 173, 174, 175, 176, 177, 178, 179, 180]",180,False,4.1099059803062487e-05,1.691458446047786e-08,1.3694048406200668e-05,20.0
F3,303,303,61,242,355,0.20132013201320131,0.1466346153846154,0.16968011126564672,cao2018,S01/051017m,frontal_left,mean,mean__frontal_left__F3,2,181,"[0, 1, 2, 3, 4, 5, 6, 7, 8, 9, 10, 11, 12, 13, 14, 15, 16, 17, 18, 19, 20, 21, 22, 23, 24, 25, 26, 27, 28, 29, 30, 31, 32, 33, 34, 35, 36, 37, 38, 39, 40, 41, 42, 43, 44, 45, 46, 47, 48, 49, 50, 51, 52, 53, 54, 55, 56, 57, 58, 59, 60, 61, 62, 63, 64, 65, 66, 67, 68, 69, 70, 71, 72, 73, 74, 75, 76, 77, 78, 79, 80, 81, 82, 83, 84, 85, 86, 87, 88, 89, 90, 91, 92, 93, 94, 95, 96, 97, 98, 99, 100, 101, 102, 103, 104, 105, 106, 107, 108, 109, 110, 111, 112, 113, 114, 115, 116, 117, 118, 119, 120, 121, 122, 123, 124, 125, 126, 127, 128, 129, 130, 131, 132, 133, 134, 135, 136, 137, 138, 139, 140, 141, 142, 143, 144, 145, 146, 147, 148, 149, 150, 151, 152, 153, 154, 155, 156, 157, 159, 160, 161, 162, 163, 164, 165, 166, 167, 168, 169, 170, 171, 172, 173, 174, 175, 176, 177, 178, 179, 180]",180,False,3.576036865626739e-05,8.524883140962642e-08,1.189170660828592e-05,20.0
FP2,391,391,192,199,224,0.49104859335038364,0.46153846153846156,0.4758364312267658,cao2018,S01/051017m,frontal_right,median,median__frontal_right__FP2,2,181,"[18, 19, 27, 37, 38, 45, 47, 50, 51, 52, 55, 57, 58, 59, 60, 61, 62, 80, 82, 84, 85, 87, 88, 90, 91, 92, 93, 95, 97, 104, 105, 109, 126, 127, 129, 135, 143, 145, 150, 152, 153, 155, 156, 157, 159, 163, 165, 167, 169, 170, 171, 176, 177, 178]",54,False,4.7367771716045195e-05,-5.071787702570554e-07,1.5958316828767417e-05,20.0
F4,225,225,52,173,364,0.2311111111111111,0.125,0.1622464898595944,cao2018,S01/051017m,frontal_right,median,median__frontal_right__F4,2,181,"[18, 19, 27, 37, 38, 45, 47, 50, 51, 52, 55, 57, 58, 59, 60, 61, 62, 80, 82, 84, 85, 87, 88, 90, 91, 92, 93, 95, 97, 104, 105, 109, 126, 127, 129, 135, 143, 145, 150, 152, 153, 155, 156, 157, 159, 163, 165, 167, 169, 170, 171, 176, 177, 178]",54,False,4.388444439708565e-05,2.532995677463215e-08,1.4619704813437004e-05,20.0
FP2,386,386,191,195,225,0.4948186528497409,0.45913461538461536,0.4763092269326683,cao2018,S01/051017m,frontal_right,mean,mean__frontal_right__FP2,2,181,"[18, 19, 27, 37, 38, 45, 47, 50, 51, 52, 55, 57, 58, 59, 60, 61, 62, 80, 82, 84, 85, 87, 88, 90, 91, 92, 93, 95, 97, 104, 105, 109, 126, 127, 129, 135, 143, 145, 150, 152, 153, 155, 156, 157, 159, 163, 165, 167, 169, 170, 171, 176, 177, 178]",54,False,4.791413041431905e-05,3.917992801679851e-08,1.5958316828767417e-05,20.0
F4,225,225,52,173,364,0.2311111111111111,0.125,0.1622464898595944,cao2018,S01/051017m,frontal_right,mean,mean__frontal_right__F4,2,181,"[18, 19, 27, 37, 38, 45, 47, 50, 51, 52, 55, 57, 58, 59, 60, 61, 62, 80, 82, 84, 85, 87, 88, 90, 91, 92, 93, 95, 97, 104, 105, 109, 126, 127, 129, 135, 143, 145, 150, 152, 153, 155, 156, 157, 159, 163, 165, 167, 169, 170, 171, 176, 177, 178]",54,False,4.3921762559164815e-05,6.264811885380006e-08,1.4619704813437004e-05,20.0
FP1,666,666,331,335,77,0.496996996996997,0.8112745098039216,0.6163873370577281,cao2018,S01/051017m,all_channel,median,median__all_channel__FP1,32,120,"[0, 1, 2, 3, 4, 5, 6, 7, 8, 9, 10, 11, 12, 13, 14, 15, 16, 17, 18, 19, 20, 21, 22, 23, 24, 25, 26, 27, 28, 29, 30, 31, 32, 33, 34, 35, 36, 37, 38, 39, 40, 41, 42, 43, 44, 45, 46, 47, 48, 49, 50, 51, 52, 53, 54, 55, 56, 57, 58, 59, 60, 61, 62, 63, 64, 65, 66, 67, 68, 69, 70, 71, 72, 73, 74, 75, 76, 77, 78, 79, 80, 81, 82, 83, 84, 85, 86, 87, 88, 89, 90, 91, 92, 93, 94, 95, 96, 97, 98, 99, 100, 101, 102, 103, 104, 105, 106, 107, 108, 109, 110, 111, 112, 113, 114, 115, 116, 117, 118, 119]",120,False,4.04078496801286e-05,-6.24279227504873e-07,1.367737630254449e-05,30.0
FP2,572,572,258,314,150,0.45104895104895104,0.6323529411764706,0.5265306122448979,cao2018,S01/051017m,all_channel,median,median__all_channel__FP2,32,120,"[0, 1, 2, 3, 4, 5, 6, 7, 8, 9, 10, 11, 12, 13, 14, 15, 16, 17, 18, 19, 20, 21, 22, 23, 24, 25, 26, 27, 28, 29, 30, 31, 32, 33, 34, 35, 36, 37, 38, 39, 40, 41, 42, 43, 44, 45, 46, 47, 48, 49, 50, 51, 52, 53, 54, 55, 56, 57, 58, 59, 60, 61, 62, 63, 64, 65, 66, 67, 68, 69, 70, 71, 72, 73, 74, 75, 76, 77, 78, 79, 80, 81, 82, 83, 84, 85, 86, 87, 88, 89, 90, 91, 92, 93, 94, 95, 96, 97, 98, 99, 100, 101, 102, 103, 104, 105, 106, 107, 108, 109, 110, 111, 112, 113, 114, 115, 116, 117, 118, 119]",120,False,3.7849938583106726e-05,-3.5350550741070044e-07,1.2734481363505808e-05,30.0
F8,435,435,148,287,260,0.34022988505747126,0.3627450980392157,0.35112692763938314,cao2018,S01/051017m,all_channel,median,median__all_channel__F8,32,120,"[0, 1, 2, 3, 4, 5, 6, 7, 8, 9, 10, 11, 12, 13, 14, 15, 16, 17, 18, 19, 20, 21, 22, 23, 24, 25, 26, 27, 28, 29, 30, 31, 32, 33, 34, 35, 36, 37, 38, 39, 40, 41, 42, 43, 44, 45, 46, 47, 48, 49, 50, 51, 52, 53, 54, 55, 56, 57, 58, 59, 60, 61, 62, 63, 64, 65, 66, 67, 68, 69, 70, 71, 72, 73, 74, 75, 76, 77, 78, 79, 80, 81, 82, 83, 84, 85, 86, 87, 88, 89, 90, 91, 92, 93, 94, 95, 96, 97, 98, 99, 100, 101, 102, 103, 104, 105, 106, 107, 108, 109, 110, 111, 112, 113, 114, 115, 116, 117, 118, 119]",120,False,2.9599708892771953e-05,-1.0797452470779032e-07,9.902561139159914e-06,30.0
FT8,302,302,88,214,320,0.2913907284768212,0.21568627450980393,0.24788732394366195,cao2018,S01/051017m,all_channel,median,median__all_channel__FT8,32,120,"[0, 1, 2, 3, 4, 5, 6, 7, 8, 9, 10, 11, 12, 13, 14, 15, 16, 17, 18, 19, 20, 21, 22, 23, 24, 25, 26, 27, 28, 29, 30, 31, 32, 33, 34, 35, 36, 37, 38, 39, 40, 41, 42, 43, 44, 45, 46, 47, 48, 49, 50, 51, 52, 53, 54, 55, 56, 57, 58, 59, 60, 61, 62, 63, 64, 65, 66, 67, 68, 69, 70, 71, 72, 73, 74, 75, 76, 77, 78, 79, 80, 81, 82, 83, 84, 85, 86, 87, 88, 89, 90, 91, 92, 93, 94, 95, 96, 97, 98, 99, 100, 101, 102, 103, 104, 105, 106, 107, 108, 109, 110, 111, 112, 113, 114, 115, 116, 117, 118, 119]",120,False,2.3470290443259508e-05,-5.263955569150064e-08,7.840976666317002e-06,30.0
F4,359,359,78,281,330,0.21727019498607242,0.19117647058823528,0.20338983050847456,cao2018,S01/051017m,all_channel,median,median__all_channel__F4,32,120,"[0, 1, 2, 3, 4, 5, 6, 7, 8, 9, 10, 11, 12, 13, 14, 15, 16, 17, 18, 19, 20, 21, 22, 23, 24, 25, 26, 27, 28, 29, 30, 31, 32, 33, 34, 35, 36, 37, 38, 39, 40, 41, 42, 43, 44, 45, 46, 47, 48, 49, 50, 51, 52, 53, 54, 55, 56, 57, 58, 59, 60, 61, 62, 63, 64, 65, 66, 67, 68, 69, 70, 71, 72, 73, 74, 75, 76, 77, 78, 79, 80, 81, 82, 83, 84, 85, 86, 87, 88, 89, 90, 91, 92, 93, 94, 95, 96, 97, 98, 99, 100, 101, 102, 103, 104, 105, 106, 107, 108, 109, 110, 111, 112, 113, 114, 115, 116, 117, 118, 119]",120,False,3.4896891517527925e-05,-4.9541714608165146e-08,1.1648811077378699e-05,30.0
F7,255,255,64,191,344,0.25098039215686274,0.1568627450980392,0.19306184012066363,cao2018,S01/051017m,all_channel,median,median__all_channel__F7,32,120,"[0, 1, 2, 3, 4, 5, 6, 7, 8, 9, 10, 11, 12, 13, 14, 15, 16, 17, 18, 19, 20, 21, 22, 23, 24, 25, 26, 27, 28, 29, 30, 31, 32, 33, 34, 35, 36, 37, 38, 39, 40, 41, 42, 43, 44, 45, 46, 47, 48, 49, 50, 51, 52, 53, 54, 55, 56, 57, 58, 59, 60, 61, 62, 63, 64, 65, 66, 67, 68, 69, 70, 71, 72, 73, 74, 75, 76, 77, 78, 79, 80, 81, 82, 83, 84, 85, 86, 87, 88, 89, 90, 91, 92, 93, 94, 95, 96, 97, 98, 99, 100, 101, 102, 103, 104, 105, 106, 107, 108, 109, 110, 111, 112, 113, 114, 115, 116, 117, 118, 119]",120,False,3.320822425788138e-05,-4.5577064431759155e-08,1.1084600440771045e-05,30.0
F3,314,314,61,253,347,0.1942675159235669,0.14950980392156862,0.1689750692520776,cao2018,S01/051017m,all_channel,median,median__all_channel__F3,32,120,"[0, 1, 2, 3, 4, 5, 6, 7, 8, 9, 10, 11, 12, 13, 14, 15, 16, 17, 18, 19, 20, 21, 22, 23, 24, 25, 26, 27, 28, 29, 30, 31, 32, 33, 34, 35, 36, 37, 38, 39, 40, 41, 42, 43, 44, 45, 46, 47, 48, 49, 50, 51, 52, 53, 54, 55, 56, 57, 58, 59, 60, 61, 62, 63, 64, 65, 66, 67, 68, 69, 70, 71, 72, 73, 74, 75, 76, 77, 78, 79, 80, 81, 82, 83, 84, 85, 86, 87, 88, 89, 90, 91, 92, 93, 94, 95, 96, 97, 98, 99, 100, 101, 102, 103, 104, 105, 106, 107, 108, 109, 110, 111, 112, 113, 114, 115, 116, 117, 118, 119]",120,False,3.534480140355226e-05,0.0,1.1781600467850755e-05,30.0
T4,309,309,60,249,348,0.1941747572815534,0.14705882352941177,0.16736401673640167,cao2018,S01/051017m,all_channel,median,median__all_channel__T4,32,120,"[0, 1, 2, 3, 4, 5, 6, 7, 8, 9, 10, 11, 12, 13, 14, 15, 16, 17, 18, 19, 20, 21, 22, 23, 24, 25, 26, 27, 28, 29, 30, 31, 32, 33, 34, 35, 36, 37, 38, 39, 40, 41, 42, 43, 44, 45, 46, 47, 48, 49, 50, 51, 52, 53, 54, 55, 56, 57, 58, 59, 60, 61, 62, 63, 64, 65, 66, 67, 68, 69, 70, 71, 72, 73, 74, 75, 76, 77, 78, 79, 80, 81, 82, 83, 84, 85, 86, 87, 88, 89, 90, 91, 92, 93, 94, 95, 96, 97, 98, 99, 100, 101, 102, 103, 104, 105, 106, 107, 108, 109, 110, 111, 112, 113, 114, 115, 116, 117, 118, 119]",120,False,2.0789463573739332e-05,-7.1273953844933134e-09,6.932196989707942e-06,30.0
FC4,353,353,58,295,350,0.1643059490084986,0.14215686274509803,0.15243101182654403,cao2018,S01/051017m,all_channel,median,median__all_channel__FC4,32,120,"[0, 1, 2, 3, 4, 5, 6, 7, 8, 9, 10, 11, 12, 13, 14, 15, 16, 17, 18, 19, 20, 21, 22, 23, 24, 25, 26, 27, 28, 29, 30, 31, 32, 33, 34, 35, 36, 37, 38, 39, 40, 41, 42, 43, 44, 45, 46, 47, 48, 49, 50, 51, 52, 53, 54, 55, 56, 57, 58, 59, 60, 61, 62, 63, 64, 65, 66, 67, 68, 69, 70, 71, 72, 73, 74, 75, 76, 77, 78, 79, 80, 81, 82, 83, 84, 85, 86, 87, 88, 89, 90, 91, 92, 93, 94, 95, 96, 97, 98, 99, 100, 101, 102, 103, 104, 105, 106, 107, 108, 109, 110, 111, 112, 113, 114, 115, 116, 117, 118, 119]",120,False,3.167242745480892e-05,-2.3311557726820157e-09,1.0558252870193868e-05,30.0
FZ,345,345,55,290,353,0.15942028985507245,0.13480392156862744,0.14608233731739706,cao2018,S01/051017m,all_channel,median,median__all_channel__FZ,32,120,"[0, 1, 2, 3, 4, 5, 6, 7, 8, 9, 10, 11, 12, 13, 14, 15, 16, 17, 18, 19, 20, 21, 22, 23, 24, 25, 26, 27, 28, 29, 30, 31, 32, 33, 34, 35, 36, 37, 38, 39, 40, 41, 42, 43, 44, 45, 46, 47, 48, 49, 50, 51, 52, 53, 54, 55, 56, 57, 58, 59, 60, 61, 62, 63, 64, 65, 66, 67, 68, 69, 70, 71, 72, 73, 74, 75, 76, 77, 78, 79, 80, 81, 82, 83, 84, 85, 86, 87, 88, 89, 90, 91, 92, 93, 94, 95, 96, 97, 98, 99, 100, 101, 102, 103, 104, 105, 106, 107, 108, 109, 110, 111, 112, 113, 114, 115, 116, 117, 118, 119]",120,False,3.7601678963606076e-05,-1.7883575480169058e-08,1.2539854179695415e-05,30.0
TP8,203,203,38,165,370,0.18719211822660098,0.09313725490196079,0.12438625204582653,cao2018,S01/051017m,all_channel,median,median__all_channel__TP8,32,120,"[0, 1, 2, 3, 4, 5, 6, 7, 8, 9, 10, 11, 12, 13, 14, 15, 16, 17, 18, 19, 20, 21, 22, 23, 24, 25, 26, 27, 28, 29, 30, 31, 32, 33, 34, 35, 36, 37, 38, 39, 40, 41, 42, 43, 44, 45, 46, 47, 48, 49, 50, 51, 52, 53, 54, 55, 56, 57, 58, 59, 60, 61, 62, 63, 64, 65, 66, 67, 68, 69, 70, 71, 72, 73, 74, 75, 76, 77, 78, 79, 80, 81, 82, 83, 84, 85, 86, 87, 88, 89, 90, 91, 92, 93, 94, 95, 96, 97, 98, 99, 100, 101, 102, 103, 104, 105, 106, 107, 108, 109, 110, 111, 112, 113, 114, 115, 116, 117, 118, 119]",120,False,1.802465662239161e-05,5.8186897149721e-08,5.988823241747296e-06,30.0
C4,339,339,44,295,364,0.12979351032448377,0.10784313725490197,0.1178045515394913,cao2018,S01/051017m,all_channel,median,median__all_channel__C4,32,120,"[0, 1, 2, 3, 4, 5, 6, 7, 8, 9, 10, 11, 12, 13, 14, 15, 16, 17, 18, 19, 20, 21, 22, 23, 24, 25, 26, 27, 28, 29, 30, 31, 32, 33, 34, 35, 36, 37, 38, 39, 40, 41, 42, 43, 44, 45, 46, 47, 48, 49, 50, 51, 52, 53, 54, 55, 56, 57, 58, 59, 60, 61, 62, 63, 64, 65, 66, 67, 68, 69, 70, 71, 72, 73, 74, 75, 76, 77, 78, 79, 80, 81, 82, 83, 84, 85, 86, 87, 88, 89, 90, 91, 92, 93, 94, 95, 96, 97, 98, 99, 100, 101, 102, 103, 104, 105, 106, 107, 108, 109, 110, 111, 112, 113, 114, 115, 116, 117, 118, 119]",120,False,2.842159822712748e-05,4.25857020817832e-09,9.472446552306434e-06,30.0
FT7,199,199,31,168,377,0.15577889447236182,0.07598039215686274,0.10214168039538714,cao2018,S01/051017m,all_channel,median,median__all_channel__FT7,32,120,"[0, 1, 2, 3, 4, 5, 6, 7, 8, 9, 10, 11, 12, 13, 14, 15, 16, 17, 18, 19, 20, 21, 22, 23, 24, 25, 26, 27, 28, 29, 30, 31, 32, 33, 34, 35, 36, 37, 38, 39, 40, 41, 42, 43, 44, 45, 46, 47, 48, 49, 50, 51, 52, 53, 54, 55, 56, 57, 58, 59, 60, 61, 62, 63, 64, 65, 66, 67, 68, 69, 70, 71, 72, 73, 74, 75, 76, 77, 78, 79, 80, 81, 82, 83, 84, 85, 86, 87, 88, 89, 90, 91, 92, 93, 94, 95, 96, 97, 98, 99, 100, 101, 102, 103, 104, 105, 106, 107, 108, 109, 110, 111, 112, 113, 114, 115, 116, 117, 118, 119]",120,False,2.8879607878135986e-05,2.504464237473467e-08,9.618187745253751e-06,30.0
FC3,247,247,30,217,378,0.1214574898785425,0.07352941176470588,0.0916030534351145,cao2018,S01/051017m,all_channel,median,median__all_channel__FC3,32,120,"[0, 1, 2, 3, 4, 5, 6, 7, 8, 9, 10, 11, 12, 13, 14, 15, 16, 17, 18, 19, 20, 21, 22, 23, 24, 25, 26, 27, 28, 29, 30, 31, 32, 33, 34, 35, 36, 37, 38, 39, 40, 41, 42, 43, 44, 45, 46, 47, 48, 49, 50, 51, 52, 53, 54, 55, 56, 57, 58, 59, 60, 61, 62, 63, 64, 65, 66, 67, 68, 69, 70, 71, 72, 73, 74, 75, 76, 77, 78, 79, 80, 81, 82, 83, 84, 85, 86, 87, 88, 89, 90, 91, 92, 93, 94, 95, 96, 97, 98, 99, 100, 101, 102, 103, 104, 105, 106, 107, 108, 109, 110, 111, 112, 113, 114, 115, 116, 117, 118, 119]",120,False,3.3069000227879305e-05,-3.0715040063086914e-10,1.1023102459426647e-05,30.0
T6,170,170,25,145,383,0.14705882352941177,0.061274509803921566,0.08650519031141869,cao2018,S01/051017m,all_channel,median,median__all_channel__T6,32,120,"[0, 1, 2, 3, 4, 5, 6, 7, 8, 9, 10, 11, 12, 13, 14, 15, 16, 17, 18, 19, 20, 21, 22, 23, 24, 25, 26, 27, 28, 29, 30, 31, 32, 33, 34, 35, 36, 37, 38, 39, 40, 41, 42, 43, 44, 45, 46, 47, 48, 49, 50, 51, 52, 53, 54, 55, 56, 57, 58, 59, 60, 61, 62, 63, 64, 65, 66, 67, 68, 69, 70, 71, 72, 73, 74, 75, 76, 77, 78, 79, 80, 81, 82, 83, 84, 85, 86, 87, 88, 89, 90, 91, 92, 93, 94, 95, 96, 97, 98, 99, 100, 101, 102, 103, 104, 105, 106, 107, 108, 109, 110, 111, 112, 113, 114, 115, 116, 117, 118, 119]",120,False,1.7180859230188133e-05,4.228411816738891e-09,5.725543606123799e-06,30.0
CP4,311,311,31,280,377,0.09967845659163987,0.07598039215686274,0.086230876216968,cao2018,S01/051017m,all_channel,median,median__all_channel__CP4,32,120,"[0, 1, 2, 3, 4, 5, 6, 7, 8, 9, 10, 11, 12, 13, 14, 15, 16, 17, 18, 19, 20, 21, 22, 23, 24, 25, 26, 27, 28, 29, 30, 31, 32, 33, 34, 35, 36, 37, 38, 39, 40, 41, 42, 43, 44, 45, 46, 47, 48, 49, 50, 51, 52, 53, 54, 55, 56, 57, 58, 59, 60, 61, 62, 63, 64, 65, 66, 67, 68, 69, 70, 71, 72, 73, 74, 75, 76, 77, 78, 79, 80, 81, 82, 83, 84, 85, 86, 87, 88, 89, 90, 91, 92, 93, 94, 95, 96, 97, 98, 99, 100, 101, 102, 103, 104, 105, 106, 107, 108, 109, 110, 111, 112, 113, 114, 115, 116, 117, 118, 119]",120,False,2.7024640098642572e-05,3.507097289944895e-08,8.996523041914374e-06,30.0
FCZ,339,339,31,308,377,0.09144542772861357,0.07598039215686274,0.08299866131191432,cao2018,S01/051017m,all_channel,median,median__all_channel__FCZ,32,120,"[0, 1, 2, 3, 4, 5, 6, 7, 8, 9, 10, 11, 12, 13, 14, 15, 16, 17, 18, 19, 20, 21, 22, 23, 24, 25, 26, 27, 28, 29, 30, 31, 32, 33, 34, 35, 36, 37, 38, 39, 40, 41, 42, 43, 44, 45, 46, 47, 48, 49, 50, 51, 52, 53, 54, 55, 56, 57, 58, 59, 60, 61, 62, 63, 64, 65, 66, 67, 68, 69, 70, 71, 72, 73, 74, 75, 76, 77, 78, 79, 80, 81, 82, 83, 84, 85, 86, 87, 88, 89, 90, 91, 92, 93, 94, 95, 96, 97, 98, 99, 100, 101, 102, 103, 104, 105, 106, 107, 108, 109, 110, 111, 112, 113, 114, 115, 116, 117, 118, 119]",120,False,3.577765753137105e-05,5.616154805289841e-08,1.1907165327772719e-05,30.0
P4,248,248,27,221,381,0.10887096774193548,0.0661764705882353,0.08231707317073171,cao2018,S01/051017m,all_channel,median,median__all_channel__P4,32,120,"[0, 1, 2, 3, 4, 5, 6, 7, 8, 9, 10, 11, 12, 13, 14, 15, 16, 17, 18, 19, 20, 21, 22, 23, 24, 25, 26, 27, 28, 29, 30, 31, 32, 33, 34, 35, 36, 37, 38, 39, 40, 41, 42, 43, 44, 45, 46, 47, 48, 49, 50, 51, 52, 53, 54, 55, 56, 57, 58, 59, 60, 61, 62, 63, 64, 65, 66, 67, 68, 69, 70, 71, 72, 73, 74, 75, 76, 77, 78, 79, 80, 81, 82, 83, 84, 85, 86, 87, 88, 89, 90, 91, 92, 93, 94, 95, 96, 97, 98, 99, 100, 101, 102, 103, 104, 105, 106, 107, 108, 109, 110, 111, 112, 113, 114, 115, 116, 117, 118, 119]",120,False,2.4655477458391e-05,3.196463058589329e-08,8.207837609268369e-06,30.0
T3,166,166,23,143,385,0.13855421686746988,0.056372549019607844,0.08013937282229966,cao2018,S01/051017m,all_channel,median,median__all_channel__T3,32,120,"[0, 1, 2, 3, 4, 5, 6, 7, 8, 9, 10, 11, 12, 13, 14, 15, 16, 17, 18, 19, 20, 21, 22, 23, 24, 25, 26, 27, 28, 29, 30, 31, 32, 33, 34, 35, 36, 37, 38, 39, 40, 41, 42, 43, 44, 45, 46, 47, 48, 49, 50, 51, 52, 53, 54, 55, 56, 57, 58, 59, 60, 61, 62, 63, 64, 65, 66, 67, 68, 69, 70, 71, 72, 73, 74, 75, 76, 77, 78, 79, 80, 81, 82, 83, 84, 85, 86, 87, 88, 89, 90, 91, 92, 93, 94, 95, 96, 97, 98, 99, 100, 101, 102, 103, 104, 105, 106, 107, 108, 109, 110, 111, 112, 113, 114, 115, 116, 117, 118, 119]",120,False,2.6020032331822646e-05,4.87888004700591e-08,8.657081177117529e-06,30.0
C3,250,250,24,226,384,0.096,0.058823529411764705,0.07294832826747721,cao2018,S01/051017m,all_channel,median,median__all_channel__C3,32,120,"[0, 1, 2, 3, 4, 5, 6, 7, 8, 9, 10, 11, 12, 13, 14, 15, 16, 17, 18, 19, 20, 21, 22, 23, 24, 25, 26, 27, 28, 29, 30, 31, 32, 33, 34, 35, 36, 37, 38, 39, 40, 41, 42, 43, 44, 45, 46, 47, 48, 49, 50, 51, 52, 53, 54, 55, 56, 57, 58, 59, 60, 61, 62, 63, 64, 65, 66, 67, 68, 69, 70, 71, 72, 73, 74, 75, 76, 77, 78, 79, 80, 81, 82, 83, 84, 85, 86, 87, 88, 89, 90, 91, 92, 93, 94, 95, 96, 97, 98, 99, 100, 101, 102, 103, 104, 105, 106, 107, 108, 109, 110, 111, 112, 113, 114, 115, 116, 117, 118, 119]",120,False,3.06752804758297e-05,2.778083776415299e-08,1.0215833212688514e-05,30.0
CP3,226,226,23,203,385,0.10176991150442478,0.056372549019607844,0.07255520504731862,cao2018,S01/051017m,all_channel,median,median__all_channel__CP3,32,120,"[0, 1, 2, 3, 4, 5, 6, 7, 8, 9, 10, 11, 12, 13, 14, 15, 16, 17, 18, 19, 20, 21, 22, 23, 24, 25, 26, 27, 28, 29, 30, 31, 32, 33, 34, 35, 36, 37, 38, 39, 40, 41, 42, 43, 44, 45, 46, 47, 48, 49, 50, 51, 52, 53, 54, 55, 56, 57, 58, 59, 60, 61, 62, 63, 64, 65, 66, 67, 68, 69, 70, 71, 72, 73, 74, 75, 76, 77, 78, 79, 80, 81, 82, 83, 84, 85, 86, 87, 88, 89, 90, 91, 92, 93, 94, 95, 96, 97, 98, 99, 100, 101, 102, 103, 104, 105, 106, 107, 108, 109, 110, 111, 112, 113, 114, 115, 116, 117, 118, 119]",120,False,2.8534657041788833e-05,4.091563810909282e-08,9.497913801226581e-06,30.0
CZ,367,367,28,339,380,0.07629427792915532,0.06862745098039216,0.07225806451612904,cao2018,S01/051017m,all_channel,median,median__all_channel__CZ,32,120,"[0, 1, 2, 3, 4, 5, 6, 7, 8, 9, 10, 11, 12, 13, 14, 15, 16, 17, 18, 19, 20, 21, 22, 23, 24, 25, 26, 27, 28, 29, 30, 31, 32, 33, 34, 35, 36, 37, 38, 39, 40, 41, 42, 43, 44, 45, 46, 47, 48, 49, 50, 51, 52, 53, 54, 55, 56, 57, 58, 59, 60, 61, 62, 63, 64, 65, 66, 67, 68, 69, 70, 71, 72, 73, 74, 75, 76, 77, 78, 79, 80, 81, 82, 83, 84, 85, 86, 87, 88, 89, 90, 91, 92, 93, 94, 95, 96, 97, 98, 99, 100, 101, 102, 103, 104, 105, 106, 107, 108, 109, 110, 111, 112, 113, 114, 115, 116, 117, 118, 119]",120,False,3.269957011053432e-05,9.095506146849181e-09,1.089682486812916e-05,30.0
CPZ,324,324,25,299,383,0.07716049382716049,0.061274509803921566,0.06830601092896176,cao2018,S01/051017m,all_channel,median,median__all_channel__CPZ,32,120,"[0, 1, 2, 3, 4, 5, 6, 7, 8, 9, 10, 11, 12, 13, 14, 15, 16, 17, 18, 19, 20, 21, 22, 23, 24, 25, 26, 27, 28, 29, 30, 31, 32, 33, 34, 35, 36, 37, 38, 39, 40, 41, 42, 43, 44, 45, 46, 47, 48, 49, 50, 51, 52, 53, 54, 55, 56, 57, 58, 59, 60, 61, 62, 63, 64, 65, 66, 67, 68, 69, 70, 71, 72, 73, 74, 75, 76, 77, 78, 79, 80, 81, 82, 83, 84, 85, 86, 87, 88, 89, 90, 91, 92, 93, 94, 95, 96, 97, 98, 99, 100, 101, 102, 103, 104, 105, 106, 107, 108, 109, 110, 111, 112, 113, 114, 115, 116, 117, 118, 119]",120,False,2.9486119382938257e-05,1.7808092932329942e-09,9.828112857881674e-06,30.0
TP7,122,122,18,104,390,0.14754098360655737,0.04411764705882353,0.06792452830188679,cao2018,S01/051017m,all_channel,median,median__all_channel__TP7,32,120,"[0, 1, 2, 3, 4, 5, 6, 7, 8, 9, 10, 11, 12, 13, 14, 15, 16, 17, 18, 19, 20, 21, 22, 23, 24, 25, 26, 27, 28, 29, 30, 31, 32, 33, 34, 35, 36, 37, 38, 39, 40, 41, 42, 43, 44, 45, 46, 47, 48, 49, 50, 51, 52, 53, 54, 55, 56, 57, 58, 59, 60, 61, 62, 63, 64, 65, 66, 67, 68, 69, 70, 71, 72, 73, 74, 75, 76, 77, 78, 79, 80, 81, 82, 83, 84, 85, 86, 87, 88, 89, 90, 91, 92, 93, 94, 95, 96, 97, 98, 99, 100, 101, 102, 103, 104, 105, 106, 107, 108, 109, 110, 111, 112, 113, 114, 115, 116, 117, 118, 119]",120,False,2.4131989602314932e-05,-2.0273936894858693e-08,8.05075451306993e-06,30.0
PZ,258,258,19,239,389,0.07364341085271318,0.04656862745098039,0.057057057057057055,cao2018,S01/051017m,all_channel,median,median__all_channel__PZ,32,120,"[0, 1, 2, 3, 4, 5, 6, 7, 8, 9, 10, 11, 12, 13, 14, 15, 16, 17, 18, 19, 20, 21, 22, 23, 24, 25, 26, 27, 28, 29, 30, 31, 32, 33, 34, 35, 36, 37, 38, 39, 40, 41, 42, 43, 44, 45, 46, 47, 48, 49, 50, 51, 52, 53, 54, 55, 56, 57, 58, 59, 60, 61, 62, 63, 64, 65, 66, 67, 68, 69, 70, 71, 72, 73, 74, 75, 76, 77, 78, 79, 80, 81, 82, 83, 84, 85, 86, 87, 88, 89, 90, 91, 92, 93, 94, 95, 96, 97, 98, 99, 100, 101, 102, 103, 104, 105, 106, 107, 108, 109, 110, 111, 112, 113, 114, 115, 116, 117, 118, 119]",120,False,2.7216069896103904e-05,6.250903068870285e-09,9.069939664345011e-06,30.0
P3,201,201,16,185,392,0.07960199004975124,0.0392156862745098,0.052545155993431854,cao2018,S01/051017m,all_channel,median,median__all_channel__P3,32,120,"[0, 1, 2, 3, 4, 5, 6, 7, 8, 9, 10, 11, 12, 13, 14, 15, 16, 17, 18, 19, 20, 21, 22, 23, 24, 25, 26, 27, 28, 29, 30, 31, 32, 33, 34, 35, 36, 37, 38, 39, 40, 41, 42, 43, 44, 45, 46, 47, 48, 49, 50, 51, 52, 53, 54, 55, 56, 57, 58, 59, 60, 61, 62, 63, 64, 65, 66, 67, 68, 69, 70, 71, 72, 73, 74, 75, 76, 77, 78, 79, 80, 81, 82, 83, 84, 85, 86, 87, 88, 89, 90, 91, 92, 93, 94, 95, 96, 97, 98, 99, 100, 101, 102, 103, 104, 105, 106, 107, 108, 109, 110, 111, 112, 113, 114, 115, 116, 117, 118, 119]",120,False,2.7156133502196804e-05,3.5369524163682743e-08,9.040254659344374e-06,30.0
T5,103,103,11,92,397,0.10679611650485436,0.02696078431372549,0.04305283757338552,cao2018,S01/051017m,all_channel,median,median__all_channel__T5,32,120,"[0, 1, 2, 3, 4, 5, 6, 7, 8, 9, 10, 11, 12, 13, 14, 15, 16, 17, 18, 19, 20, 21, 22, 23, 24, 25, 26, 27, 28, 29, 30, 31, 32, 33, 34, 35, 36, 37, 38, 39, 40, 41, 42, 43, 44, 45, 46, 47, 48, 49, 50, 51, 52, 53, 54, 55, 56, 57, 58, 59, 60, 61, 62, 63, 64, 65, 66, 67, 68, 69, 70, 71, 72, 73, 74, 75, 76, 77, 78, 79, 80, 81, 82, 83, 84, 85, 86, 87, 88, 89, 90, 91, 92, 93, 94, 95, 96, 97, 98, 99, 100, 101, 102, 103, 104, 105, 106, 107, 108, 109, 110, 111, 112, 113, 114, 115, 116, 117, 118, 119]",120,False,2.4933185180047227e-05,-7.036224741167808e-08,8.334515809152969e-06,30.0
O2,117,117,8,109,400,0.06837606837606838,0.0196078431372549,0.030476190476190476,cao2018,S01/051017m,all_channel,median,median__all_channel__O2,32,120,"[0, 1, 2, 3, 4, 5, 6, 7, 8, 9, 10, 11, 12, 13, 14, 15, 16, 17, 18, 19, 20, 21, 22, 23, 24, 25, 26, 27, 28, 29, 30, 31, 32, 33, 34, 35, 36, 37, 38, 39, 40, 41, 42, 43, 44, 45, 46, 47, 48, 49, 50, 51, 52, 53, 54, 55, 56, 57, 58, 59, 60, 61, 62, 63, 64, 65, 66, 67, 68, 69, 70, 71, 72, 73, 74, 75, 76, 77, 78, 79, 80, 81, 82, 83, 84, 85, 86, 87, 88, 89, 90, 91, 92, 93, 94, 95, 96, 97, 98, 99, 100, 101, 102, 103, 104, 105, 106, 107, 108, 109, 110, 111, 112, 113, 114, 115, 116, 117, 118, 119]",120,False,2.252518075570545e-05,-8.860429505988032e-08,7.53792835025511e-06,30.0
O1,108,108,7,101,401,0.06481481481481481,0.01715686274509804,0.02713178294573643,cao2018,S01/051017m,all_channel,median,median__all_channel__O1,32,120,"[0, 1, 2, 3, 4, 5, 6, 7, 8, 9, 10, 11, 12, 13, 14, 15, 16, 17, 18, 19, 20, 21, 22, 23, 24, 25, 26, 27, 28, 29, 30, 31, 32, 33, 34, 35, 36, 37, 38, 39, 40, 41, 42, 43, 44, 45, 46, 47, 48, 49, 50, 51, 52, 53, 54, 55, 56, 57, 58, 59, 60, 61, 62, 63, 64, 65, 66, 67, 68, 69, 70, 71, 72, 73, 74, 75, 76, 77, 78, 79, 80, 81, 82, 83, 84, 85, 86, 87, 88, 89, 90, 91, 92, 93, 94, 95, 96, 97, 98, 99, 100, 101, 102, 103, 104, 105, 106, 107, 108, 109, 110, 111, 112, 113, 114, 115, 116, 117, 118, 119]",120,False,2.383151745039236e-05,-1.6654303762152658e-07,7.999353496004628e-06,30.0
OZ,133,133,6,127,402,0.045112781954887216,0.014705882352941176,0.022181146025878,cao2018,S01/051017m,all_channel,median,median__all_channel__OZ,32,120,"[0, 1, 2, 3, 4, 5, 6, 7, 8, 9, 10, 11, 12, 13, 14, 15, 16, 17, 18, 19, 20, 21, 22, 23, 24, 25, 26, 27, 28, 29, 30, 31, 32, 33, 34, 35, 36, 37, 38, 39, 40, 41, 42, 43, 44, 45, 46, 47, 48, 49, 50, 51, 52, 53, 54, 55, 56, 57, 58, 59, 60, 61, 62, 63, 64, 65, 66, 67, 68, 69, 70, 71, 72, 73, 74, 75, 76, 77, 78, 79, 80, 81, 82, 83, 84, 85, 86, 87, 88, 89, 90, 91, 92, 93, 94, 95, 96, 97, 98, 99, 100, 101, 102, 103, 104, 105, 106, 107, 108, 109, 110, 111, 112, 113, 114, 115, 116, 117, 118, 119]",120,False,2.218461486085911e-05,-1.1028995335595898e-07,7.431634938071689e-06,30.0
A1,0,0,0,0,408,0.0,0.0,0.0,cao2018,S01/051017m,all_channel,median,median__all_channel__A1,32,120,"[0, 1, 2, 3, 4, 5, 6, 7, 8, 9, 10, 11, 12, 13, 14, 15, 16, 17, 18, 19, 20, 21, 22, 23, 24, 25, 26, 27, 28, 29, 30, 31, 32, 33, 34, 35, 36, 37, 38, 39, 40, 41, 42, 43, 44, 45, 46, 47, 48, 49, 50, 51, 52, 53, 54, 55, 56, 57, 58, 59, 60, 61, 62, 63, 64, 65, 66, 67, 68, 69, 70, 71, 72, 73, 74, 75, 76, 77, 78, 79, 80, 81, 82, 83, 84, 85, 86, 87, 88, 89, 90, 91, 92, 93, 94, 95, 96, 97, 98, 99, 100, 101, 102, 103, 104, 105, 106, 107, 108, 109, 110, 111, 112, 113, 114, 115, 116, 117, 118, 119]",120,False,0.0,0.0,0.0,30.0
A2,0,0,0,0,408,0.0,0.0,0.0,cao2018,S01/051017m,all_channel,median,median__all_channel__A2,32,120,"[0, 1, 2, 3, 4, 5, 6, 7, 8, 9, 10, 11, 12, 13, 14, 15, 16, 17, 18, 19, 20, 21, 22, 23, 24, 25, 26, 27, 28, 29, 30, 31, 32, 33, 34, 35, 36, 37, 38, 39, 40, 41, 42, 43, 44, 45, 46, 47, 48, 49, 50, 51, 52, 53, 54, 55, 56, 57, 58, 59, 60, 61, 62, 63, 64, 65, 66, 67, 68, 69, 70, 71, 72, 73, 74, 75, 76, 77, 78, 79, 80, 81, 82, 83, 84, 85, 86, 87, 88, 89, 90, 91, 92, 93, 94, 95, 96, 97, 98, 99, 100, 101, 102, 103, 104, 105, 106, 107, 108, 109, 110, 111, 112, 113, 114, 115, 116, 117, 118, 119]",120,False,0.0,0.0,0.0,30.0
FP1,646,646,326,320,82,0.5046439628482973,0.7990196078431373,0.618595825426945,cao2018,S01/051017m,all_channel,mean,mean__all_channel__FP1,32,120,"[0, 1, 2, 3, 4, 5, 6, 7, 8, 9, 10, 11, 12, 13, 14, 15, 16, 17, 18, 19, 20, 21, 22, 23, 24, 25, 26, 27, 28, 29, 30, 31, 32, 33, 34, 35, 36, 37, 38, 39, 40, 41, 42, 43, 44, 45, 46, 47, 48, 49, 50, 51, 52, 53, 54, 55, 56, 57, 58, 59, 60, 61, 62, 63, 64, 65, 66, 67, 68, 69, 70, 71, 72, 73, 74, 75, 76, 77, 78, 79, 80, 81, 82, 83, 84, 85, 86, 87, 88, 89, 90, 91, 92, 93, 94, 95, 96, 97, 98, 99, 100, 101, 102, 103, 104, 105, 106, 107, 108, 109, 110, 111, 112, 113, 114, 115, 116, 117, 118, 119]",120,False,4.1042090128205684e-05,9.961220572210808e-09,1.367737630254449e-05,30.0
FP2,560,560,256,304,152,0.45714285714285713,0.6274509803921569,0.5289256198347108,cao2018,S01/051017m,all_channel,mean,mean__all_channel__FP2,32,120,"[0, 1, 2, 3, 4, 5, 6, 7, 8, 9, 10, 11, 12, 13, 14, 15, 16, 17, 18, 19, 20, 21, 22, 23, 24, 25, 26, 27, 28, 29, 30, 31, 32, 33, 34, 35, 36, 37, 38, 39, 40, 41, 42, 43, 44, 45, 46, 47, 48, 49, 50, 51, 52, 53, 54, 55, 56, 57, 58, 59, 60, 61, 62, 63, 64, 65, 66, 67, 68, 69, 70, 71, 72, 73, 74, 75, 76, 77, 78, 79, 80, 81, 82, 83, 84, 85, 86, 87, 88, 89, 90, 91, 92, 93, 94, 95, 96, 97, 98, 99, 100, 101, 102, 103, 104, 105, 106, 107, 108, 109, 110, 111, 112, 113, 114, 115, 116, 117, 118, 119]",120,False,3.821443915309325e-05,1.0995062575820083e-08,1.2734481363505808e-05,30.0
F8,429,429,146,283,262,0.34032634032634035,0.35784313725490197,0.34886499402628435,cao2018,S01/051017m,all_channel,mean,mean__all_channel__F8,32,120,"[0, 1, 2, 3, 4, 5, 6, 7, 8, 9, 10, 11, 12, 13, 14, 15, 16, 17, 18, 19, 20, 21, 22, 23, 24, 25, 26, 27, 28, 29, 30, 31, 32, 33, 34, 35, 36, 37, 38, 39, 40, 41, 42, 43, 44, 45, 46, 47, 48, 49, 50, 51, 52, 53, 54, 55, 56, 57, 58, 59, 60, 61, 62, 63, 64, 65, 66, 67, 68, 69, 70, 71, 72, 73, 74, 75, 76, 77, 78, 79, 80, 81, 82, 83, 84, 85, 86, 87, 88, 89, 90, 91, 92, 93, 94, 95, 96, 97, 98, 99, 100, 101, 102, 103, 104, 105, 106, 107, 108, 109, 110, 111, 112, 113, 114, 115, 116, 117, 118, 119]",120,False,2.9724677097336948e-05,1.699367985720228e-08,9.902561139159914e-06,30.0
FT8,302,302,88,214,320,0.2913907284768212,0.21568627450980393,0.24788732394366195,cao2018,S01/051017m,all_channel,mean,mean__all_channel__FT8,32,120,"[0, 1, 2, 3, 4, 5, 6, 7, 8, 9, 10, 11, 12, 13, 14, 15, 16, 17, 18, 19, 20, 21, 22, 23, 24, 25, 26, 27, 28, 29, 30, 31, 32, 33, 34, 35, 36, 37, 38, 39, 40, 41, 42, 43, 44, 45, 46, 47, 48, 49, 50, 51, 52, 53, 54, 55, 56, 57, 58, 59, 60, 61, 62, 63, 64, 65, 66, 67, 68, 69, 70, 71, 72, 73, 74, 75, 76, 77, 78, 79, 80, 81, 82, 83, 84, 85, 86, 87, 88, 89, 90, 91, 92, 93, 94, 95, 96, 97, 98, 99, 100, 101, 102, 103, 104, 105, 106, 107, 108, 109, 110, 111, 112, 113, 114, 115, 116, 117, 118, 119]",120,False,2.3541842532096567e-05,1.891253314556034e-08,7.840976666317002e-06,30.0
F4,357,357,77,280,331,0.21568627450980393,0.18872549019607843,0.20130718954248367,cao2018,S01/051017m,all_channel,mean,mean__all_channel__F4,32,120,"[0, 1, 2, 3, 4, 5, 6, 7, 8, 9, 10, 11, 12, 13, 14, 15, 16, 17, 18, 19, 20, 21, 22, 23, 24, 25, 26, 27, 28, 29, 30, 31, 32, 33, 34, 35, 36, 37, 38, 39, 40, 41, 42, 43, 44, 45, 46, 47, 48, 49, 50, 51, 52, 53, 54, 55, 56, 57, 58, 59, 60, 61, 62, 63, 64, 65, 66, 67, 68, 69, 70, 71, 72, 73, 74, 75, 76, 77, 78, 79, 80, 81, 82, 83, 84, 85, 86, 87, 88, 89, 90, 91, 92, 93, 94, 95, 96, 97, 98, 99, 100, 101, 102, 103, 104, 105, 106, 107, 108, 109, 110, 111, 112, 113, 114, 115, 116, 117, 118, 119]",120,False,3.4961596169094214e-05,1.516293695812117e-08,1.1648811077378699e-05,30.0
F7,253,253,63,190,345,0.2490118577075099,0.15441176470588236,0.19062027231467474,cao2018,S01/051017m,all_channel,mean,mean__all_channel__F7,32,120,"[0, 1, 2, 3, 4, 5, 6, 7, 8, 9, 10, 11, 12, 13, 14, 15, 16, 17, 18, 19, 20, 21, 22, 23, 24, 25, 26, 27, 28, 29, 30, 31, 32, 33, 34, 35, 36, 37, 38, 39, 40, 41, 42, 43, 44, 45, 46, 47, 48, 49, 50, 51, 52, 53, 54, 55, 56, 57, 58, 59, 60, 61, 62, 63, 64, 65, 66, 67, 68, 69, 70, 71, 72, 73, 74, 75, 76, 77, 78, 79, 80, 81, 82, 83, 84, 85, 86, 87, 88, 89, 90, 91, 92, 93, 94, 95, 96, 97, 98, 99, 100, 101, 102, 103, 104, 105, 106, 107, 108, 109, 110, 111, 112, 113, 114, 115, 116, 117, 118, 119]",120,False,3.3260949900924564e-05,7.148578611423145e-09,1.1084600440771045e-05,30.0
F3,311,311,61,250,347,0.19614147909967847,0.14950980392156862,0.16968011126564675,cao2018,S01/051017m,all_channel,mean,mean__all_channel__F3,32,120,"[0, 1, 2, 3, 4, 5, 6, 7, 8, 9, 10, 11, 12, 13, 14, 15, 16, 17, 18, 19, 20, 21, 22, 23, 24, 25, 26, 27, 28, 29, 30, 31, 32, 33, 34, 35, 36, 37, 38, 39, 40, 41, 42, 43, 44, 45, 46, 47, 48, 49, 50, 51, 52, 53, 54, 55, 56, 57, 58, 59, 60, 61, 62, 63, 64, 65, 66, 67, 68, 69, 70, 71, 72, 73, 74, 75, 76, 77, 78, 79, 80, 81, 82, 83, 84, 85, 86, 87, 88, 89, 90, 91, 92, 93, 94, 95, 96, 97, 98, 99, 100, 101, 102, 103, 104, 105, 106, 107, 108, 109, 110, 111, 112, 113, 114, 115, 116, 117, 118, 119]",120,False,3.5410614948050585e-05,6.581354449832285e-08,1.1781600467850755e-05,30.0
T4,310,310,60,250,348,0.1935483870967742,0.14705882352941177,0.1671309192200557,cao2018,S01/051017m,all_channel,mean,mean__all_channel__T4,32,120,"[0, 1, 2, 3, 4, 5, 6, 7, 8, 9, 10, 11, 12, 13, 14, 15, 16, 17, 18, 19, 20, 21, 22, 23, 24, 25, 26, 27, 28, 29, 30, 31, 32, 33, 34, 35, 36, 37, 38, 39, 40, 41, 42, 43, 44, 45, 46, 47, 48, 49, 50, 51, 52, 53, 54, 55, 56, 57, 58, 59, 60, 61, 62, 63, 64, 65, 66, 67, 68, 69, 70, 71, 72, 73, 74, 75, 76, 77, 78, 79, 80, 81, 82, 83, 84, 85, 86, 87, 88, 89, 90, 91, 92, 93, 94, 95, 96, 97, 98, 99, 100, 101, 102, 103, 104, 105, 106, 107, 108, 109, 110, 111, 112, 113, 114, 115, 116, 117, 118, 119]",120,False,2.0808979457502565e-05,1.2388488378740168e-08,6.932196989707942e-06,30.0
FC4,353,353,58,295,350,0.1643059490084986,0.14215686274509803,0.15243101182654403,cao2018,S01/051017m,all_channel,mean,mean__all_channel__FC4,32,120,"[0, 1, 2, 3, 4, 5, 6, 7, 8, 9, 10, 11, 12, 13, 14, 15, 16, 17, 18, 19, 20, 21, 22, 23, 24, 25, 26, 27, 28, 29, 30, 31, 32, 33, 34, 35, 36, 37, 38, 39, 40, 41, 42, 43, 44, 45, 46, 47, 48, 49, 50, 51, 52, 53, 54, 55, 56, 57, 58, 59, 60, 61, 62, 63, 64, 65, 66, 67, 68, 69, 70, 71, 72, 73, 74, 75, 76, 77, 78, 79, 80, 81, 82, 83, 84, 85, 86, 87, 88, 89, 90, 91, 92, 93, 94, 95, 96, 97, 98, 99, 100, 101, 102, 103, 104, 105, 106, 107, 108, 109, 110, 111, 112, 113, 114, 115, 116, 117, 118, 119]",120,False,3.1690380620346333e-05,1.5622009764730212e-08,1.0558252870193868e-05,30.0
FZ,343,343,54,289,354,0.15743440233236153,0.1323529411764706,0.14380825565912117,cao2018,S01/051017m,all_channel,mean,mean__all_channel__FZ,32,120,"[0, 1, 2, 3, 4, 5, 6, 7, 8, 9, 10, 11, 12, 13, 14, 15, 16, 17, 18, 19, 20, 21, 22, 23, 24, 25, 26, 27, 28, 29, 30, 31, 32, 33, 34, 35, 36, 37, 38, 39, 40, 41, 42, 43, 44, 45, 46, 47, 48, 49, 50, 51, 52, 53, 54, 55, 56, 57, 58, 59, 60, 61, 62, 63, 64, 65, 66, 67, 68, 69, 70, 71, 72, 73, 74, 75, 76, 77, 78, 79, 80, 81, 82, 83, 84, 85, 86, 87, 88, 89, 90, 91, 92, 93, 94, 95, 96, 97, 98, 99, 100, 101, 102, 103, 104, 105, 106, 107, 108, 109, 110, 111, 112, 113, 114, 115, 116, 117, 118, 119]",120,False,3.762816074147654e-05,8.598202390295603e-09,1.2539854179695415e-05,30.0
TP8,202,202,39,163,369,0.19306930693069307,0.09558823529411764,0.12786885245901639,cao2018,S01/051017m,all_channel,mean,mean__all_channel__TP8,32,120,"[0, 1, 2, 3, 4, 5, 6, 7, 8, 9, 10, 11, 12, 13, 14, 15, 16, 17, 18, 19, 20, 21, 22, 23, 24, 25, 26, 27, 28, 29, 30, 31, 32, 33, 34, 35, 36, 37, 38, 39, 40, 41, 42, 43, 44, 45, 46, 47, 48, 49, 50, 51, 52, 53, 54, 55, 56, 57, 58, 59, 60, 61, 62, 63, 64, 65, 66, 67, 68, 69, 70, 71, 72, 73, 74, 75, 76, 77, 78, 79, 80, 81, 82, 83, 84, 85, 86, 87, 88, 89, 90, 91, 92, 93, 94, 95, 96, 97, 98, 99, 100, 101, 102, 103, 104, 105, 106, 107, 108, 109, 110, 111, 112, 113, 114, 115, 116, 117, 118, 119]",120,False,1.7978870419886486e-05,1.2400694644597618e-08,5.988823241747296e-06,30.0
C4,339,339,44,295,364,0.12979351032448377,0.10784313725490197,0.1178045515394913,cao2018,S01/051017m,all_channel,mean,mean__all_channel__C4,32,120,"[0, 1, 2, 3, 4, 5, 6, 7, 8, 9, 10, 11, 12, 13, 14, 15, 16, 17, 18, 19, 20, 21, 22, 23, 24, 25, 26, 27, 28, 29, 30, 31, 32, 33, 34, 35, 36, 37, 38, 39, 40, 41, 42, 43, 44, 45, 46, 47, 48, 49, 50, 51, 52, 53, 54, 55, 56, 57, 58, 59, 60, 61, 62, 63, 64, 65, 66, 67, 68, 69, 70, 71, 72, 73, 74, 75, 76, 77, 78, 79, 80, 81, 82, 83, 84, 85, 86, 87, 88, 89, 90, 91, 92, 93, 94, 95, 96, 97, 98, 99, 100, 101, 102, 103, 104, 105, 106, 107, 108, 109, 110, 111, 112, 113, 114, 115, 116, 117, 118, 119]",120,False,2.843237071435848e-05,1.5031057439179717e-08,9.472446552306434e-06,30.0
FT7,199,199,31,168,377,0.15577889447236182,0.07598039215686274,0.10214168039538714,cao2018,S01/051017m,all_channel,mean,mean__all_channel__FT7,32,120,"[0, 1, 2, 3, 4, 5, 6, 7, 8, 9, 10, 11, 12, 13, 14, 15, 16, 17, 18, 19, 20, 21, 22, 23, 24, 25, 26, 27, 28, 29, 30, 31, 32, 33, 34, 35, 36, 37, 38, 39, 40, 41, 42, 43, 44, 45, 46, 47, 48, 49, 50, 51, 52, 53, 54, 55, 56, 57, 58, 59, 60, 61, 62, 63, 64, 65, 66, 67, 68, 69, 70, 71, 72, 73, 74, 75, 76, 77, 78, 79, 80, 81, 82, 83, 84, 85, 86, 87, 88, 89, 90, 91, 92, 93, 94, 95, 96, 97, 98, 99, 100, 101, 102, 103, 104, 105, 106, 107, 108, 109, 110, 111, 112, 113, 114, 115, 116, 117, 118, 119]",120,False,2.8858757590593463e-05,4.194354832211523e-09,9.618187745253751e-06,30.0
FC3,247,247,30,217,378,0.1214574898785425,0.07352941176470588,0.0916030534351145,cao2018,S01/051017m,all_channel,mean,mean__all_channel__FC3,32,120,"[0, 1, 2, 3, 4, 5, 6, 7, 8, 9, 10, 11, 12, 13, 14, 15, 16, 17, 18, 19, 20, 21, 22, 23, 24, 25, 26, 27, 28, 29, 30, 31, 32, 33, 34, 35, 36, 37, 38, 39, 40, 41, 42, 43, 44, 45, 46, 47, 48, 49, 50, 51, 52, 53, 54, 55, 56, 57, 58, 59, 60, 61, 62, 63, 64, 65, 66, 67, 68, 69, 70, 71, 72, 73, 74, 75, 76, 77, 78, 79, 80, 81, 82, 83, 84, 85, 86, 87, 88, 89, 90, 91, 92, 93, 94, 95, 96, 97, 98, 99, 100, 101, 102, 103, 104, 105, 106, 107, 108, 109, 110, 111, 112, 113, 114, 115, 116, 117, 118, 119]",120,False,3.306984702409682e-05,5.396458168821994e-10,1.1023102459426647e-05,30.0
T6,170,170,25,145,383,0.14705882352941177,0.061274509803921566,0.08650519031141869,cao2018,S01/051017m,all_channel,mean,mean__all_channel__T6,32,120,"[0, 1, 2, 3, 4, 5, 6, 7, 8, 9, 10, 11, 12, 13, 14, 15, 16, 17, 18, 19, 20, 21, 22, 23, 24, 25, 26, 27, 28, 29, 30, 31, 32, 33, 34, 35, 36, 37, 38, 39, 40, 41, 42, 43, 44, 45, 46, 47, 48, 49, 50, 51, 52, 53, 54, 55, 56, 57, 58, 59, 60, 61, 62, 63, 64, 65, 66, 67, 68, 69, 70, 71, 72, 73, 74, 75, 76, 77, 78, 79, 80, 81, 82, 83, 84, 85, 86, 87, 88, 89, 90, 91, 92, 93, 94, 95, 96, 97, 98, 99, 100, 101, 102, 103, 104, 105, 106, 107, 108, 109, 110, 111, 112, 113, 114, 115, 116, 117, 118, 119]",120,False,1.7182743601228575e-05,6.11278285717901e-09,5.725543606123799e-06,30.0
CP4,311,311,31,280,377,0.09967845659163987,0.07598039215686274,0.086230876216968,cao2018,S01/051017m,all_channel,mean,mean__all_channel__CP4,32,120,"[0, 1, 2, 3, 4, 5, 6, 7, 8, 9, 10, 11, 12, 13, 14, 15, 16, 17, 18, 19, 20, 21, 22, 23, 24, 25, 26, 27, 28, 29, 30, 31, 32, 33, 34, 35, 36, 37, 38, 39, 40, 41, 42, 43, 44, 45, 46, 47, 48, 49, 50, 51, 52, 53, 54, 55, 56, 57, 58, 59, 60, 61, 62, 63, 64, 65, 66, 67, 68, 69, 70, 71, 72, 73, 74, 75, 76, 77, 78, 79, 80, 81, 82, 83, 84, 85, 86, 87, 88, 89, 90, 91, 92, 93, 94, 95, 96, 97, 98, 99, 100, 101, 102, 103, 104, 105, 106, 107, 108, 109, 110, 111, 112, 113, 114, 115, 116, 117, 118, 119]",120,False,2.7005041675181372e-05,1.5472549438250007e-08,8.996523041914374e-06,30.0
FCZ,339,339,31,308,377,0.09144542772861357,0.07598039215686274,0.08299866131191432,cao2018,S01/051017m,all_channel,mean,mean__all_channel__FCZ,32,120,"[0, 1, 2, 3, 4, 5, 6, 7, 8, 9, 10, 11, 12, 13, 14, 15, 16, 17, 18, 19, 20, 21, 22, 23, 24, 25, 26, 27, 28, 29, 30, 31, 32, 33, 34, 35, 36, 37, 38, 39, 40, 41, 42, 43, 44, 45, 46, 47, 48, 49, 50, 51, 52, 53, 54, 55, 56, 57, 58, 59, 60, 61, 62, 63, 64, 65, 66, 67, 68, 69, 70, 71, 72, 73, 74, 75, 76, 77, 78, 79, 80, 81, 82, 83, 84, 85, 86, 87, 88, 89, 90, 91, 92, 93, 94, 95, 96, 97, 98, 99, 100, 101, 102, 103, 104, 105, 106, 107, 108, 109, 110, 111, 112, 113, 114, 115, 116, 117, 118, 119]",120,False,3.573217820868364e-05,1.0682225365480709e-08,1.1907165327772719e-05,30.0
P4,248,248,27,221,381,0.10887096774193548,0.0661764705882353,0.08231707317073171,cao2018,S01/051017m,all_channel,mean,mean__all_channel__P4,32,120,"[0, 1, 2, 3, 4, 5, 6, 7, 8, 9, 10, 11, 12, 13, 14, 15, 16, 17, 18, 19, 20, 21, 22, 23, 24, 25, 26, 27, 28, 29, 30, 31, 32, 33, 34, 35, 36, 37, 38, 39, 40, 41, 42, 43, 44, 45, 46, 47, 48, 49, 50, 51, 52, 53, 54, 55, 56, 57, 58, 59, 60, 61, 62, 63, 64, 65, 66, 67, 68, 69, 70, 71, 72, 73, 74, 75, 76, 77, 78, 79, 80, 81, 82, 83, 84, 85, 86, 87, 88, 89, 90, 91, 92, 93, 94, 95, 96, 97, 98, 99, 100, 101, 102, 103, 104, 105, 106, 107, 108, 109, 110, 111, 112, 113, 114, 115, 116, 117, 118, 119]",120,False,2.463563331219132e-05,1.2120484386213835e-08,8.207837609268369e-06,30.0
T3,168,168,23,145,385,0.13690476190476192,0.056372549019607844,0.07986111111111112,cao2018,S01/051017m,all_channel,mean,mean__all_channel__T3,32,120,"[0, 1, 2, 3, 4, 5, 6, 7, 8, 9, 10, 11, 12, 13, 14, 15, 16, 17, 18, 19, 20, 21, 22, 23, 24, 25, 26, 27, 28, 29, 30, 31, 32, 33, 34, 35, 36, 37, 38, 39, 40, 41, 42, 43, 44, 45, 46, 47, 48, 49, 50, 51, 52, 53, 54, 55, 56, 57, 58, 59, 60, 61, 62, 63, 64, 65, 66, 67, 68, 69, 70, 71, 72, 73, 74, 75, 76, 77, 78, 79, 80, 81, 82, 83, 84, 85, 86, 87, 88, 89, 90, 91, 92, 93, 94, 95, 96, 97, 98, 99, 100, 101, 102, 103, 104, 105, 106, 107, 108, 109, 110, 111, 112, 113, 114, 115, 116, 117, 118, 119]",120,False,2.5974536732065462e-05,3.293200712875725e-09,8.657081177117529e-06,30.0
C3,250,250,24,226,384,0.096,0.058823529411764705,0.07294832826747721,cao2018,S01/051017m,all_channel,mean,mean__all_channel__C3,32,120,"[0, 1, 2, 3, 4, 5, 6, 7, 8, 9, 10, 11, 12, 13, 14, 15, 16, 17, 18, 19, 20, 21, 22, 23, 24, 25, 26, 27, 28, 29, 30, 31, 32, 33, 34, 35, 36, 37, 38, 39, 40, 41, 42, 43, 44, 45, 46, 47, 48, 49, 50, 51, 52, 53, 54, 55, 56, 57, 58, 59, 60, 61, 62, 63, 64, 65, 66, 67, 68, 69, 70, 71, 72, 73, 74, 75, 76, 77, 78, 79, 80, 81, 82, 83, 84, 85, 86, 87, 88, 89, 90, 91, 92, 93, 94, 95, 96, 97, 98, 99, 100, 101, 102, 103, 104, 105, 106, 107, 108, 109, 110, 111, 112, 113, 114, 115, 116, 117, 118, 119]",120,False,3.06514233521414e-05,3.923714075850686e-09,1.0215833212688514e-05,30.0
CP3,227,227,23,204,385,0.1013215859030837,0.056372549019607844,0.07244094488188976,cao2018,S01/051017m,all_channel,mean,mean__all_channel__CP3,32,120,"[0, 1, 2, 3, 4, 5, 6, 7, 8, 9, 10, 11, 12, 13, 14, 15, 16, 17, 18, 19, 20, 21, 22, 23, 24, 25, 26, 27, 28, 29, 30, 31, 32, 33, 34, 35, 36, 37, 38, 39, 40, 41, 42, 43, 44, 45, 46, 47, 48, 49, 50, 51, 52, 53, 54, 55, 56, 57, 58, 59, 60, 61, 62, 63, 64, 65, 66, 67, 68, 69, 70, 71, 72, 73, 74, 75, 76, 77, 78, 79, 80, 81, 82, 83, 84, 85, 86, 87, 88, 89, 90, 91, 92, 93, 94, 95, 96, 97, 98, 99, 100, 101, 102, 103, 104, 105, 106, 107, 108, 109, 110, 111, 112, 113, 114, 115, 116, 117, 118, 119]",120,False,2.8499800920310087e-05,6.05951663034621e-09,9.497913801226581e-06,30.0
CZ,367,367,28,339,380,0.07629427792915532,0.06862745098039216,0.07225806451612904,cao2018,S01/051017m,all_channel,mean,mean__all_channel__CZ,32,120,"[0, 1, 2, 3, 4, 5, 6, 7, 8, 9, 10, 11, 12, 13, 14, 15, 16, 17, 18, 19, 20, 21, 22, 23, 24, 25, 26, 27, 28, 29, 30, 31, 32, 33, 34, 35, 36, 37, 38, 39, 40, 41, 42, 43, 44, 45, 46, 47, 48, 49, 50, 51, 52, 53, 54, 55, 56, 57, 58, 59, 60, 61, 62, 63, 64, 65, 66, 67, 68, 69, 70, 71, 72, 73, 74, 75, 76, 77, 78, 79, 80, 81, 82, 83, 84, 85, 86, 87, 88, 89, 90, 91, 92, 93, 94, 95, 96, 97, 98, 99, 100, 101, 102, 103, 104, 105, 106, 107, 108, 109, 110, 111, 112, 113, 114, 115, 116, 117, 118, 119]",120,False,3.270320843893381e-05,1.2733834546334446e-08,1.089682486812916e-05,30.0
CPZ,322,322,25,297,383,0.07763975155279502,0.061274509803921566,0.0684931506849315,cao2018,S01/051017m,all_channel,mean,mean__all_channel__CPZ,32,120,"[0, 1, 2, 3, 4, 5, 6, 7, 8, 9, 10, 11, 12, 13, 14, 15, 16, 17, 18, 19, 20, 21, 22, 23, 24, 25, 26, 27, 28, 29, 30, 31, 32, 33, 34, 35, 36, 37, 38, 39, 40, 41, 42, 43, 44, 45, 46, 47, 48, 49, 50, 51, 52, 53, 54, 55, 56, 57, 58, 59, 60, 61, 62, 63, 64, 65, 66, 67, 68, 69, 70, 71, 72, 73, 74, 75, 76, 77, 78, 79, 80, 81, 82, 83, 84, 85, 86, 87, 88, 89, 90, 91, 92, 93, 94, 95, 96, 97, 98, 99, 100, 101, 102, 103, 104, 105, 106, 107, 108, 109, 110, 111, 112, 113, 114, 115, 116, 117, 118, 119]",120,False,2.949607629083255e-05,1.1737717187526326e-08,9.828112857881674e-06,30.0
TP7,121,121,16,105,392,0.1322314049586777,0.0392156862745098,0.06049149338374291,cao2018,S01/051017m,all_channel,mean,mean__all_channel__TP7,32,120,"[0, 1, 2, 3, 4, 5, 6, 7, 8, 9, 10, 11, 12, 13, 14, 15, 16, 17, 18, 19, 20, 21, 22, 23, 24, 25, 26, 27, 28, 29, 30, 31, 32, 33, 34, 35, 36, 37, 38, 39, 40, 41, 42, 43, 44, 45, 46, 47, 48, 49, 50, 51, 52, 53, 54, 55, 56, 57, 58, 59, 60, 61, 62, 63, 64, 65, 66, 67, 68, 69, 70, 71, 72, 73, 74, 75, 76, 77, 78, 79, 80, 81, 82, 83, 84, 85, 86, 87, 88, 89, 90, 91, 92, 93, 94, 95, 96, 97, 98, 99, 100, 101, 102, 103, 104, 105, 106, 107, 108, 109, 110, 111, 112, 113, 114, 115, 116, 117, 118, 119]",120,False,2.415597907242954e-05,3.7155332197470707e-09,8.05075451306993e-06,30.0
PZ,258,258,19,239,389,0.07364341085271318,0.04656862745098039,0.057057057057057055,cao2018,S01/051017m,all_channel,mean,mean__all_channel__PZ,32,120,"[0, 1, 2, 3, 4, 5, 6, 7, 8, 9, 10, 11, 12, 13, 14, 15, 16, 17, 18, 19, 20, 21, 22, 23, 24, 25, 26, 27, 28, 29, 30, 31, 32, 33, 34, 35, 36, 37, 38, 39, 40, 41, 42, 43, 44, 45, 46, 47, 48, 49, 50, 51, 52, 53, 54, 55, 56, 57, 58, 59, 60, 61, 62, 63, 64, 65, 66, 67, 68, 69, 70, 71, 72, 73, 74, 75, 76, 77, 78, 79, 80, 81, 82, 83, 84, 85, 86, 87, 88, 89, 90, 91, 92, 93, 94, 95, 96, 97, 98, 99, 100, 101, 102, 103, 104, 105, 106, 107, 108, 109, 110, 111, 112, 113, 114, 115, 116, 117, 118, 119]",120,False,2.722066769770543e-05,1.0848704670396774e-08,9.069939664345011e-06,30.0
P3,202,202,16,186,392,0.07920792079207921,0.0392156862745098,0.05245901639344262,cao2018,S01/051017m,all_channel,mean,mean__all_channel__P3,32,120,"[0, 1, 2, 3, 4, 5, 6, 7, 8, 9, 10, 11, 12, 13, 14, 15, 16, 17, 18, 19, 20, 21, 22, 23, 24, 25, 26, 27, 28, 29, 30, 31, 32, 33, 34, 35, 36, 37, 38, 39, 40, 41, 42, 43, 44, 45, 46, 47, 48, 49, 50, 51, 52, 53, 54, 55, 56, 57, 58, 59, 60, 61, 62, 63, 64, 65, 66, 67, 68, 69, 70, 71, 72, 73, 74, 75, 76, 77, 78, 79, 80, 81, 82, 83, 84, 85, 86, 87, 88, 89, 90, 91, 92, 93, 94, 95, 96, 97, 98, 99, 100, 101, 102, 103, 104, 105, 106, 107, 108, 109, 110, 111, 112, 113, 114, 115, 116, 117, 118, 119]",120,False,2.7126787065519147e-05,6.023087486024036e-09,9.040254659344374e-06,30.0
T5,103,103,11,92,397,0.10679611650485436,0.02696078431372549,0.04305283757338552,cao2018,S01/051017m,all_channel,mean,mean__all_channel__T5,32,120,"[0, 1, 2, 3, 4, 5, 6, 7, 8, 9, 10, 11, 12, 13, 14, 15, 16, 17, 18, 19, 20, 21, 22, 23, 24, 25, 26, 27, 28, 29, 30, 31, 32, 33, 34, 35, 36, 37, 38, 39, 40, 41, 42, 43, 44, 45, 46, 47, 48, 49, 50, 51, 52, 53, 54, 55, 56, 57, 58, 59, 60, 61, 62, 63, 64, 65, 66, 67, 68, 69, 70, 71, 72, 73, 74, 75, 76, 77, 78, 79, 80, 81, 82, 83, 84, 85, 86, 87, 88, 89, 90, 91, 92, 93, 94, 95, 96, 97, 98, 99, 100, 101, 102, 103, 104, 105, 106, 107, 108, 109, 110, 111, 112, 113, 114, 115, 116, 117, 118, 119]",120,False,2.500645042688529e-05,2.902999426387397e-09,8.334515809152969e-06,30.0
O2,115,115,8,107,400,0.06956521739130435,0.0196078431372549,0.030592734225621414,cao2018,S01/051017m,all_channel,mean,mean__all_channel__O2,32,120,"[0, 1, 2, 3, 4, 5, 6, 7, 8, 9, 10, 11, 12, 13, 14, 15, 16, 17, 18, 19, 20, 21, 22, 23, 24, 25, 26, 27, 28, 29, 30, 31, 32, 33, 34, 35, 36, 37, 38, 39, 40, 41, 42, 43, 44, 45, 46, 47, 48, 49, 50, 51, 52, 53, 54, 55, 56, 57, 58, 59, 60, 61, 62, 63, 64, 65, 66, 67, 68, 69, 70, 71, 72, 73, 74, 75, 76, 77, 78, 79, 80, 81, 82, 83, 84, 85, 86, 87, 88, 89, 90, 91, 92, 93, 94, 95, 96, 97, 98, 99, 100, 101, 102, 103, 104, 105, 106, 107, 108, 109, 110, 111, 112, 113, 114, 115, 116, 117, 118, 119]",120,False,2.2618614578585085e-05,4.82952781975472e-09,7.53792835025511e-06,30.0
O1,106,106,7,99,401,0.0660377358490566,0.01715686274509804,0.027237354085603113,cao2018,S01/051017m,all_channel,mean,mean__all_channel__O1,32,120,"[0, 1, 2, 3, 4, 5, 6, 7, 8, 9, 10, 11, 12, 13, 14, 15, 16, 17, 18, 19, 20, 21, 22, 23, 24, 25, 26, 27, 28, 29, 30, 31, 32, 33, 34, 35, 36, 37, 38, 39, 40, 41, 42, 43, 44, 45, 46, 47, 48, 49, 50, 51, 52, 53, 54, 55, 56, 57, 58, 59, 60, 61, 62, 63, 64, 65, 66, 67, 68, 69, 70, 71, 72, 73, 74, 75, 76, 77, 78, 79, 80, 81, 82, 83, 84, 85, 86, 87, 88, 89, 90, 91, 92, 93, 94, 95, 96, 97, 98, 99, 100, 101, 102, 103, 104, 105, 106, 107, 108, 109, 110, 111, 112, 113, 114, 115, 116, 117, 118, 119]",120,False,2.4003781019541565e-05,5.720531527677995e-09,7.999353496004628e-06,30.0
OZ,131,131,6,125,402,0.04580152671755725,0.014705882352941176,0.022263450834879406,cao2018,S01/051017m,all_channel,mean,mean__all_channel__OZ,32,120,"[0, 1, 2, 3, 4, 5, 6, 7, 8, 9, 10, 11, 12, 13, 14, 15, 16, 17, 18, 19, 20, 21, 22, 23, 24, 25, 26, 27, 28, 29, 30, 31, 32, 33, 34, 35, 36, 37, 38, 39, 40, 41, 42, 43, 44, 45, 46, 47, 48, 49, 50, 51, 52, 53, 54, 55, 56, 57, 58, 59, 60, 61, 62, 63, 64, 65, 66, 67, 68, 69, 70, 71, 72, 73, 74, 75, 76, 77, 78, 79, 80, 81, 82, 83, 84, 85, 86, 87, 88, 89, 90, 91, 92, 93, 94, 95, 96, 97, 98, 99, 100, 101, 102, 103, 104, 105, 106, 107, 108, 109, 110, 111, 112, 113, 114, 115, 116, 117, 118, 119]",120,False,2.2299028980250363e-05,4.1241660352934585e-09,7.431634938071689e-06,30.0
A1,0,0,0,0,408,0.0,0.0,0.0,cao2018,S01/051017m,all_channel,mean,mean__all_channel__A1,32,120,"[0, 1, 2, 3, 4, 5, 6, 7, 8, 9, 10, 11, 12, 13, 14, 15, 16, 17, 18, 19, 20, 21, 22, 23, 24, 25, 26, 27, 28, 29, 30, 31, 32, 33, 34, 35, 36, 37, 38, 39, 40, 41, 42, 43, 44, 45, 46, 47, 48, 49, 50, 51, 52, 53, 54, 55, 56, 57, 58, 59, 60, 61, 62, 63, 64, 65, 66, 67, 68, 69, 70, 71, 72, 73, 74, 75, 76, 77, 78, 79, 80, 81, 82, 83, 84, 85, 86, 87, 88, 89, 90, 91, 92, 93, 94, 95, 96, 97, 98, 99, 100, 101, 102, 103, 104, 105, 106, 107, 108, 109, 110, 111, 112, 113, 114, 115, 116, 117, 118, 119]",120,False,0.0,0.0,0.0,30.0
A2,0,0,0,0,408,0.0,0.0,0.0,cao2018,S01/051017m,all_channel,mean,mean__all_channel__A2,32,120,"[0, 1, 2, 3, 4, 5, 6, 7, 8, 9, 10, 11, 12, 13, 14, 15, 16, 17, 18, 19, 20, 21, 22, 23, 24, 25, 26, 27, 28, 29, 30, 31, 32, 33, 34, 35, 36, 37, 38, 39, 40, 41, 42, 43, 44, 45, 46, 47, 48, 49, 50, 51, 52, 53, 54, 55, 56, 57, 58, 59, 60, 61, 62, 63, 64, 65, 66, 67, 68, 69, 70, 71, 72, 73, 74, 75, 76, 77, 78, 79, 80, 81, 82, 83, 84, 85, 86, 87, 88, 89, 90, 91, 92, 93, 94, 95, 96, 97, 98, 99, 100, 101, 102, 103, 104, 105, 106, 107, 108, 109, 110, 111, 112, 113, 114, 115, 116, 117, 118, 119]",120,False,0.0,0.0,0.0,30.0
FP1,666,666,331,335,77,0.496996996996997,0.8112745098039216,0.6163873370577281,cao2018,S01/051017m,frontal,median,median__frontal__FP1,4,120,"[0, 1, 2, 3, 4, 5, 6, 7, 8, 9, 10, 11, 12, 13, 14, 15, 16, 17, 18, 19, 20, 21, 22, 23, 24, 25, 26, 27, 28, 29, 30, 31, 32, 33, 34, 35, 36, 37, 38, 39, 40, 41, 42, 43, 44, 45, 46, 47, 48, 49, 50, 51, 52, 53, 54, 55, 56, 57, 58, 59, 60, 61, 62, 63, 64, 65, 66, 67, 68, 69, 70, 71, 72, 73, 74, 75, 76, 77, 78, 79, 80, 81, 82, 83, 84, 85, 86, 87, 88, 89, 90, 91, 92, 93, 94, 95, 96, 97, 98, 99, 100, 101, 102, 103, 104, 105, 106, 107, 108, 109, 110, 111, 112, 113, 114, 115, 116, 117, 118, 119]",120,False,4.04078496801286e-05,-6.24279227504873e-07,1.367737630254449e-05,30.0
FP2,572,572,258,314,150,0.45104895104895104,0.6323529411764706,0.5265306122448979,cao2018,S01/051017m,frontal,median,median__frontal__FP2,4,120,"[0, 1, 2, 3, 4, 5, 6, 7, 8, 9, 10, 11, 12, 13, 14, 15, 16, 17, 18, 19, 20, 21, 22, 23, 24, 25, 26, 27, 28, 29, 30, 31, 32, 33, 34, 35, 36, 37, 38, 39, 40, 41, 42, 43, 44, 45, 46, 47, 48, 49, 50, 51, 52, 53, 54, 55, 56, 57, 58, 59, 60, 61, 62, 63, 64, 65, 66, 67, 68, 69, 70, 71, 72, 73, 74, 75, 76, 77, 78, 79, 80, 81, 82, 83, 84, 85, 86, 87, 88, 89, 90, 91, 92, 93, 94, 95, 96, 97, 98, 99, 100, 101, 102, 103, 104, 105, 106, 107, 108, 109, 110, 111, 112, 113, 114, 115, 116, 117, 118, 119]",120,False,3.7849938583106726e-05,-3.5350550741070044e-07,1.2734481363505808e-05,30.0
F4,359,359,78,281,330,0.21727019498607242,0.19117647058823528,0.20338983050847456,cao2018,S01/051017m,frontal,median,median__frontal__F4,4,120,"[0, 1, 2, 3, 4, 5, 6, 7, 8, 9, 10, 11, 12, 13, 14, 15, 16, 17, 18, 19, 20, 21, 22, 23, 24, 25, 26, 27, 28, 29, 30, 31, 32, 33, 34, 35, 36, 37, 38, 39, 40, 41, 42, 43, 44, 45, 46, 47, 48, 49, 50, 51, 52, 53, 54, 55, 56, 57, 58, 59, 60, 61, 62, 63, 64, 65, 66, 67, 68, 69, 70, 71, 72, 73, 74, 75, 76, 77, 78, 79, 80, 81, 82, 83, 84, 85, 86, 87, 88, 89, 90, 91, 92, 93, 94, 95, 96, 97, 98, 99, 100, 101, 102, 103, 104, 105, 106, 107, 108, 109, 110, 111, 112, 113, 114, 115, 116, 117, 118, 119]",120,False,3.4896891517527925e-05,-4.9541714608165146e-08,1.1648811077378699e-05,30.0
F3,314,314,61,253,347,0.1942675159235669,0.14950980392156862,0.1689750692520776,cao2018,S01/051017m,frontal,median,median__frontal__F3,4,120,"[0, 1, 2, 3, 4, 5, 6, 7, 8, 9, 10, 11, 12, 13, 14, 15, 16, 17, 18, 19, 20, 21, 22, 23, 24, 25, 26, 27, 28, 29, 30, 31, 32, 33, 34, 35, 36, 37, 38, 39, 40, 41, 42, 43, 44, 45, 46, 47, 48, 49, 50, 51, 52, 53, 54, 55, 56, 57, 58, 59, 60, 61, 62, 63, 64, 65, 66, 67, 68, 69, 70, 71, 72, 73, 74, 75, 76, 77, 78, 79, 80, 81, 82, 83, 84, 85, 86, 87, 88, 89, 90, 91, 92, 93, 94, 95, 96, 97, 98, 99, 100, 101, 102, 103, 104, 105, 106, 107, 108, 109, 110, 111, 112, 113, 114, 115, 116, 117, 118, 119]",120,False,3.534480140355226e-05,0.0,1.1781600467850755e-05,30.0
FP1,646,646,326,320,82,0.5046439628482973,0.7990196078431373,0.618595825426945,cao2018,S01/051017m,frontal,mean,mean__frontal__FP1,4,120,"[0, 1, 2, 3, 4, 5, 6, 7, 8, 9, 10, 11, 12, 13, 14, 15, 16, 17, 18, 19, 20, 21, 22, 23, 24, 25, 26, 27, 28, 29, 30, 31, 32, 33, 34, 35, 36, 37, 38, 39, 40, 41, 42, 43, 44, 45, 46, 47, 48, 49, 50, 51, 52, 53, 54, 55, 56, 57, 58, 59, 60, 61, 62, 63, 64, 65, 66, 67, 68, 69, 70, 71, 72, 73, 74, 75, 76, 77, 78, 79, 80, 81, 82, 83, 84, 85, 86, 87, 88, 89, 90, 91, 92, 93, 94, 95, 96, 97, 98, 99, 100, 101, 102, 103, 104, 105, 106, 107, 108, 109, 110, 111, 112, 113, 114, 115, 116, 117, 118, 119]",120,False,4.1042090128205684e-05,9.961220572210808e-09,1.367737630254449e-05,30.0
FP2,560,560,256,304,152,0.45714285714285713,0.6274509803921569,0.5289256198347108,cao2018,S01/051017m,frontal,mean,mean__frontal__FP2,4,120,"[0, 1, 2, 3, 4, 5, 6, 7, 8, 9, 10, 11, 12, 13, 14, 15, 16, 17, 18, 19, 20, 21, 22, 23, 24, 25, 26, 27, 28, 29, 30, 31, 32, 33, 34, 35, 36, 37, 38, 39, 40, 41, 42, 43, 44, 45, 46, 47, 48, 49, 50, 51, 52, 53, 54, 55, 56, 57, 58, 59, 60, 61, 62, 63, 64, 65, 66, 67, 68, 69, 70, 71, 72, 73, 74, 75, 76, 77, 78, 79, 80, 81, 82, 83, 84, 85, 86, 87, 88, 89, 90, 91, 92, 93, 94, 95, 96, 97, 98, 99, 100, 101, 102, 103, 104, 105, 106, 107, 108, 109, 110, 111, 112, 113, 114, 115, 116, 117, 118, 119]",120,False,3.821443915309325e-05,1.0995062575820083e-08,1.2734481363505808e-05,30.0
F4,357,357,77,280,331,0.21568627450980393,0.18872549019607843,0.20130718954248367,cao2018,S01/051017m,frontal,mean,mean__frontal__F4,4,120,"[0, 1, 2, 3, 4, 5, 6, 7, 8, 9, 10, 11, 12, 13, 14, 15, 16, 17, 18, 19, 20, 21, 22, 23, 24, 25, 26, 27, 28, 29, 30, 31, 32, 33, 34, 35, 36, 37, 38, 39, 40, 41, 42, 43, 44, 45, 46, 47, 48, 49, 50, 51, 52, 53, 54, 55, 56, 57, 58, 59, 60, 61, 62, 63, 64, 65, 66, 67, 68, 69, 70, 71, 72, 73, 74, 75, 76, 77, 78, 79, 80, 81, 82, 83, 84, 85, 86, 87, 88, 89, 90, 91, 92, 93, 94, 95, 96, 97, 98, 99, 100, 101, 102, 103, 104, 105, 106, 107, 108, 109, 110, 111, 112, 113, 114, 115, 116, 117, 118, 119]",120,False,3.4961596169094214e-05,1.516293695812117e-08,1.1648811077378699e-05,30.0
F3,311,311,61,250,347,0.19614147909967847,0.14950980392156862,0.16968011126564675,cao2018,S01/051017m,frontal,mean,mean__frontal__F3,4,120,"[0, 1, 2, 3, 4, 5, 6, 7, 8, 9, 10, 11, 12, 13, 14, 15, 16, 17, 18, 19, 20, 21, 22, 23, 24, 25, 26, 27, 28, 29, 30, 31, 32, 33, 34, 35, 36, 37, 38, 39, 40, 41, 42, 43, 44, 45, 46, 47, 48, 49, 50, 51, 52, 53, 54, 55, 56, 57, 58, 59, 60, 61, 62, 63, 64, 65, 66, 67, 68, 69, 70, 71, 72, 73, 74, 75, 76, 77, 78, 79, 80, 81, 82, 83, 84, 85, 86, 87, 88, 89, 90, 91, 92, 93, 94, 95, 96, 97, 98, 99, 100, 101, 102, 103, 104, 105, 106, 107, 108, 109, 110, 111, 112, 113, 114, 115, 116, 117, 118, 119]",120,False,3.5410614948050585e-05,6.581354449832285e-08,1.1781600467850755e-05,30.0
FP1,666,666,331,335,77,0.496996996996997,0.8112745098039216,0.6163873370577281,cao2018,S01/051017m,frontal_left,median,median__frontal_left__FP1,2,120,"[0, 1, 2, 3, 4, 5, 6, 7, 8, 9, 10, 11, 12, 13, 14, 15, 16, 17, 18, 19, 20, 21, 22, 23, 24, 25, 26, 27, 28, 29, 30, 31, 32, 33, 34, 35, 36, 37, 38, 39, 40, 41, 42, 43, 44, 45, 46, 47, 48, 49, 50, 51, 52, 53, 54, 55, 56, 57, 58, 59, 60, 61, 62, 63, 64, 65, 66, 67, 68, 69, 70, 71, 72, 73, 74, 75, 76, 77, 78, 79, 80, 81, 82, 83, 84, 85, 86, 87, 88, 89, 90, 91, 92, 93, 94, 95, 96, 97, 98, 99, 100, 101, 102, 103, 105, 106, 107, 108, 109, 110, 111, 112, 113, 114, 115, 116, 117, 118, 119]",119,False,4.035873582741161e-05,-6.326965859529158e-07,1.3663810804454844e-05,30.0
F3,300,300,60,240,348,0.2,0.14705882352941177,0.16949152542372883,cao2018,S01/051017m,frontal_left,median,median__frontal_left__F3,2,120,"[0, 1, 2, 3, 4, 5, 6, 7, 8, 9, 10, 11, 12, 13, 14, 15, 16, 17, 18, 19, 20, 21, 22, 23, 24, 25, 26, 27, 28, 29, 30, 31, 32, 33, 34, 35, 36, 37, 38, 39, 40, 41, 42, 43, 44, 45, 46, 47, 48, 49, 50, 51, 52, 53, 54, 55, 56, 57, 58, 59, 60, 61, 62, 63, 64, 65, 66, 67, 68, 69, 70, 71, 72, 73, 74, 75, 76, 77, 78, 79, 80, 81, 82, 83, 84, 85, 86, 87, 88, 89, 90, 91, 92, 93, 94, 95, 96, 97, 98, 99, 100, 101, 102, 103, 105, 106, 107, 108, 109, 110, 111, 112, 113, 114, 115, 116, 117, 118, 119]",119,False,3.5745655421541534e-05,0.0,1.1915218473847178e-05,30.0
FP1,648,648,327,321,81,0.5046296296296297,0.8014705882352942,0.6193181818181819,cao2018,S01/051017m,frontal_left,mean,mean__frontal_left__FP1,2,120,"[0, 1, 2, 3, 4, 5, 6, 7, 8, 9, 10, 11, 12, 13, 14, 15, 16, 17, 18, 19, 20, 21, 22, 23, 24, 25, 26, 27, 28, 29, 30, 31, 32, 33, 34, 35, 36, 37, 38, 39, 40, 41, 42, 43, 44, 45, 46, 47, 48, 49, 50, 51, 52, 53, 54, 55, 56, 57, 58, 59, 60, 61, 62, 63, 64, 65, 66, 67, 68, 69, 70, 71, 72, 73, 74, 75, 76, 77, 78, 79, 80, 81, 82, 83, 84, 85, 86, 87, 88, 89, 90, 91, 92, 93, 94, 95, 96, 97, 98, 99, 100, 101, 102, 103, 105, 106, 107, 108, 109, 110, 111, 112, 113, 114, 115, 116, 117, 118, 119]",119,False,4.100260472391796e-05,1.117231055342771e-08,1.3663810804454844e-05,30.0
F3,300,300,60,240,348,0.2,0.14705882352941177,0.16949152542372883,cao2018,S01/051017m,frontal_left,mean,mean__frontal_left__F3,2,120,"[0, 1, 2, 3, 4, 5, 6, 7, 8, 9, 10, 11, 12, 13, 14, 15, 16, 17, 18, 19, 20, 21, 22, 23, 24, 25, 26, 27, 28, 29, 30, 31, 32, 33, 34, 35, 36, 37, 38, 39, 40, 41, 42, 43, 44, 45, 46, 47, 48, 49, 50, 51, 52, 53, 54, 55, 56, 57, 58, 59, 60, 61, 62, 63, 64, 65, 66, 67, 68, 69, 70, 71, 72, 73, 74, 75, 76, 77, 78, 79, 80, 81, 82, 83, 84, 85, 86, 87, 88, 89, 90, 91, 92, 93, 94, 95, 96, 97, 98, 99, 100, 101, 102, 103, 105, 106, 107, 108, 109, 110, 111, 112, 113, 114, 115, 116, 117, 118, 119]",119,False,3.581202202103564e-05,6.636659949410698e-08,1.1915218473847178e-05,30.0
FP2,453,453,212,241,196,0.46799116997792495,0.5196078431372549,0.4924506387921022,cao2018,S01/051017m,frontal_right,median,median__frontal_right__FP2,2,120,"[12, 25, 31, 34, 36, 39, 40, 41, 53, 55, 56, 59, 62, 63, 64, 65, 69, 70, 72, 84, 85, 86, 90, 95, 100, 101, 102, 103, 104, 105, 106, 108, 109, 110, 111, 112, 113, 114, 117, 118]",40,False,4.3063632996619873e-05,-7.086100190366053e-07,1.4590747671885493e-05,30.0
F4,301,301,64,237,344,0.21262458471760798,0.1568627450980392,0.18053596614950637,cao2018,S01/051017m,frontal_right,median,median__frontal_right__F4,2,120,"[12, 25, 31, 34, 36, 39, 40, 41, 53, 55, 56, 59, 62, 63, 64, 65, 69, 70, 72, 84, 85, 86, 90, 95, 100, 101, 102, 103, 104, 105, 106, 108, 109, 110, 111, 112, 113, 114, 117, 118]",40,False,3.844710812062999e-05,-3.6348640841965766e-08,1.282781892049065e-05,30.0
FP2,437,437,206,231,202,0.47139588100686497,0.5049019607843137,0.4875739644970414,cao2018,S01/051017m,frontal_right,mean,mean__frontal_right__FP2,2,120,"[12, 25, 31, 34, 36, 39, 40, 41, 53, 55, 56, 59, 62, 63, 64, 65, 69, 70, 72, 84, 85, 86, 90, 95, 100, 101, 102, 103, 104, 105, 106, 108, 109, 110, 111, 112, 113, 114, 117, 118]",40,False,4.3835143882804044e-05,6.290086714756124e-08,1.4590747671885493e-05,30.0
F4,299,299,63,236,345,0.21070234113712374,0.15441176470588236,0.17821782178217824,cao2018,S01/051017m,frontal_right,mean,mean__frontal_right__F4,2,120,"[12, 25, 31, 34, 36, 39, 40, 41, 53, 55, 56, 59, 62, 63, 64, 65, 69, 70, 72, 84, 85, 86, 90, 95, 100, 101, 102, 103, 104, 105, 106, 108, 109, 110, 111, 112, 113, 114, 117, 118]",40,False,3.854496192781351e-05,6.150516634155521e-08,1.282781892049065e-05,30.0
FP1,662,662,328,334,80,0.4954682779456193,0.803921568627451,0.6130841121495326,cao2018,S01/051017m,all_channel,median,median__all_channel__FP1,32,90,"[0, 1, 2, 3, 4, 5, 6, 7, 8, 9, 10, 11, 12, 13, 14, 15, 16, 17, 18, 19, 20, 21, 22, 23, 24, 25, 26, 27, 28, 29, 30, 31, 32, 33, 34, 35, 36, 37, 38, 39, 40, 41, 42, 43, 44, 45, 46, 47, 48, 49, 50, 51, 52, 53, 54, 55, 56, 57, 58, 59, 60, 61, 62, 63, 64, 65, 66, 67, 68, 69, 70, 71, 72, 73, 74, 75, 76, 77, 78, 79, 80, 81, 82, 83, 84, 85, 86, 87, 88, 89]",90,False,4.0455788456515556e-05,-6.334963431954062e-07,1.369642826657032e-05,40.0
FP2,574,574,259,315,149,0.45121951219512196,0.6348039215686274,0.5274949083503055,cao2018,S01/051017m,all_channel,median,median__all_channel__FP2,32,90,"[0, 1, 2, 3, 4, 5, 6, 7, 8, 9, 10, 11, 12, 13, 14, 15, 16, 17, 18, 19, 20, 21, 22, 23, 24, 25, 26, 27, 28, 29, 30, 31, 32, 33, 34, 35, 36, 37, 38, 39, 40, 41, 42, 43, 44, 45, 46, 47, 48, 49, 50, 51, 52, 53, 54, 55, 56, 57, 58, 59, 60, 61, 62, 63, 64, 65, 66, 67, 68, 69, 70, 71, 72, 73, 74, 75, 76, 77, 78, 79, 80, 81, 82, 83, 84, 85, 86, 87, 88, 89]",90,False,3.788134745264788e-05,-3.7085953524954637e-07,1.2750735662632476e-05,40.0
F8,436,436,148,288,260,0.3394495412844037,0.3627450980392157,0.35071090047393366,cao2018,S01/051017m,all_channel,median,median__all_channel__F8,32,90,"[0, 1, 2, 3, 4, 5, 6, 7, 8, 9, 10, 11, 12, 13, 14, 15, 16, 17, 18, 19, 20, 21, 22, 23, 24, 25, 26, 27, 28, 29, 30, 31, 32, 33, 34, 35, 36, 37, 38, 39, 40, 41, 42, 43, 44, 45, 46, 47, 48, 49, 50, 51, 52, 53, 54, 55, 56, 57, 58, 59, 60, 61, 62, 63, 64, 65, 66, 67, 68, 69, 70, 71, 72, 73, 74, 75, 76, 77, 78, 79, 80, 81, 82, 83, 84, 85, 86, 87, 88, 89]",90,False,2.9589098023918024e-05,-1.254708271940951e-07,9.90485628370404e-06,40.0
FT8,305,305,88,217,320,0.28852459016393445,0.21568627450980393,0.24684431977559607,cao2018,S01/051017m,all_channel,median,median__all_channel__FT8,32,90,"[0, 1, 2, 3, 4, 5, 6, 7, 8, 9, 10, 11, 12, 13, 14, 15, 16, 17, 18, 19, 20, 21, 22, 23, 24, 25, 26, 27, 28, 29, 30, 31, 32, 33, 34, 35, 36, 37, 38, 39, 40, 41, 42, 43, 44, 45, 46, 47, 48, 49, 50, 51, 52, 53, 54, 55, 56, 57, 58, 59, 60, 61, 62, 63, 64, 65, 66, 67, 68, 69, 70, 71, 72, 73, 74, 75, 76, 77, 78, 79, 80, 81, 82, 83, 84, 85, 86, 87, 88, 89]",90,False,2.3465598955441698e-05,-6.45582987898167e-08,7.843385751410504e-06,40.0
F4,357,357,78,279,330,0.2184873949579832,0.19117647058823528,0.20392156862745098,cao2018,S01/051017m,all_channel,median,median__all_channel__F4,32,90,"[0, 1, 2, 3, 4, 5, 6, 7, 8, 9, 10, 11, 12, 13, 14, 15, 16, 17, 18, 19, 20, 21, 22, 23, 24, 25, 26, 27, 28, 29, 30, 31, 32, 33, 34, 35, 36, 37, 38, 39, 40, 41, 42, 43, 44, 45, 46, 47, 48, 49, 50, 51, 52, 53, 54, 55, 56, 57, 58, 59, 60, 61, 62, 63, 64, 65, 66, 67, 68, 69, 70, 71, 72, 73, 74, 75, 76, 77, 78, 79, 80, 81, 82, 83, 84, 85, 86, 87, 88, 89]",90,False,3.49143458358455e-05,-5.7244303797291963e-08,1.1657196713214266e-05,40.0
F7,255,255,64,191,344,0.25098039215686274,0.1568627450980392,0.19306184012066363,cao2018,S01/051017m,all_channel,median,median__all_channel__F7,32,90,"[0, 1, 2, 3, 4, 5, 6, 7, 8, 9, 10, 11, 12, 13, 14, 15, 16, 17, 18, 19, 20, 21, 22, 23, 24, 25, 26, 27, 28, 29, 30, 31, 32, 33, 34, 35, 36, 37, 38, 39, 40, 41, 42, 43, 44, 45, 46, 47, 48, 49, 50, 51, 52, 53, 54, 55, 56, 57, 58, 59, 60, 61, 62, 63, 64, 65, 66, 67, 68, 69, 70, 71, 72, 73, 74, 75, 76, 77, 78, 79, 80, 81, 82, 83, 84, 85, 86, 87, 88, 89]",90,False,3.3199981691771004e-05,-5.849969175174806e-08,1.108616046117425e-05,40.0
F3,308,308,60,248,348,0.19480519480519481,0.14705882352941177,0.1675977653631285,cao2018,S01/051017m,all_channel,median,median__all_channel__F3,32,90,"[0, 1, 2, 3, 4, 5, 6, 7, 8, 9, 10, 11, 12, 13, 14, 15, 16, 17, 18, 19, 20, 21, 22, 23, 24, 25, 26, 27, 28, 29, 30, 31, 32, 33, 34, 35, 36, 37, 38, 39, 40, 41, 42, 43, 44, 45, 46, 47, 48, 49, 50, 51, 52, 53, 54, 55, 56, 57, 58, 59, 60, 61, 62, 63, 64, 65, 66, 67, 68, 69, 70, 71, 72, 73, 74, 75, 76, 77, 78, 79, 80, 81, 82, 83, 84, 85, 86, 87, 88, 89]",90,False,3.538839981066236e-05,0.0,1.1796133270220787e-05,40.0
T4,312,312,60,252,348,0.19230769230769232,0.14705882352941177,0.16666666666666669,cao2018,S01/051017m,all_channel,median,median__all_channel__T4,32,90,"[0, 1, 2, 3, 4, 5, 6, 7, 8, 9, 10, 11, 12, 13, 14, 15, 16, 17, 18, 19, 20, 21, 22, 23, 24, 25, 26, 27, 28, 29, 30, 31, 32, 33, 34, 35, 36, 37, 38, 39, 40, 41, 42, 43, 44, 45, 46, 47, 48, 49, 50, 51, 52, 53, 54, 55, 56, 57, 58, 59, 60, 61, 62, 63, 64, 65, 66, 67, 68, 69, 70, 71, 72, 73, 74, 75, 76, 77, 78, 79, 80, 81, 82, 83, 84, 85, 86, 87, 88, 89]",90,False,2.0802707195389626e-05,-7.2101979915125115e-09,6.936639131127046e-06,40.0
FC4,349,349,58,291,350,0.166189111747851,0.14215686274509803,0.15323645970937913,cao2018,S01/051017m,all_channel,median,median__all_channel__FC4,32,90,"[0, 1, 2, 3, 4, 5, 6, 7, 8, 9, 10, 11, 12, 13, 14, 15, 16, 17, 18, 19, 20, 21, 22, 23, 24, 25, 26, 27, 28, 29, 30, 31, 32, 33, 34, 35, 36, 37, 38, 39, 40, 41, 42, 43, 44, 45, 46, 47, 48, 49, 50, 51, 52, 53, 54, 55, 56, 57, 58, 59, 60, 61, 62, 63, 64, 65, 66, 67, 68, 69, 70, 71, 72, 73, 74, 75, 76, 77, 78, 79, 80, 81, 82, 83, 84, 85, 86, 87, 88, 89]",90,False,3.169198534058723e-05,-7.996773968705118e-09,1.056666070485198e-05,40.0
FZ,345,345,54,291,354,0.1565217391304348,0.1323529411764706,0.14342629482071714,cao2018,S01/051017m,all_channel,median,median__all_channel__FZ,32,90,"[0, 1, 2, 3, 4, 5, 6, 7, 8, 9, 10, 11, 12, 13, 14, 15, 16, 17, 18, 19, 20, 21, 22, 23, 24, 25, 26, 27, 28, 29, 30, 31, 32, 33, 34, 35, 36, 37, 38, 39, 40, 41, 42, 43, 44, 45, 46, 47, 48, 49, 50, 51, 52, 53, 54, 55, 56, 57, 58, 59, 60, 61, 62, 63, 64, 65, 66, 67, 68, 69, 70, 71, 72, 73, 74, 75, 76, 77, 78, 79, 80, 81, 82, 83, 84, 85, 86, 87, 88, 89]",90,False,3.7627623569164367e-05,-1.9188593663082895e-08,1.2548937387609148e-05,40.0
TP8,205,205,38,167,370,0.18536585365853658,0.09313725490196079,0.12398042414355628,cao2018,S01/051017m,all_channel,median,median__all_channel__TP8,32,90,"[0, 1, 2, 3, 4, 5, 6, 7, 8, 9, 10, 11, 12, 13, 14, 15, 16, 17, 18, 19, 20, 21, 22, 23, 24, 25, 26, 27, 28, 29, 30, 31, 32, 33, 34, 35, 36, 37, 38, 39, 40, 41, 42, 43, 44, 45, 46, 47, 48, 49, 50, 51, 52, 53, 54, 55, 56, 57, 58, 59, 60, 61, 62, 63, 64, 65, 66, 67, 68, 69, 70, 71, 72, 73, 74, 75, 76, 77, 78, 79, 80, 81, 82, 83, 84, 85, 86, 87, 88, 89]",90,False,1.802343725871217e-05,5.974094459325866e-08,5.9878987713729695e-06,40.0
C4,339,339,44,295,364,0.12979351032448377,0.10784313725490197,0.1178045515394913,cao2018,S01/051017m,all_channel,median,median__all_channel__C4,32,90,"[0, 1, 2, 3, 4, 5, 6, 7, 8, 9, 10, 11, 12, 13, 14, 15, 16, 17, 18, 19, 20, 21, 22, 23, 24, 25, 26, 27, 28, 29, 30, 31, 32, 33, 34, 35, 36, 37, 38, 39, 40, 41, 42, 43, 44, 45, 46, 47, 48, 49, 50, 51, 52, 53, 54, 55, 56, 57, 58, 59, 60, 61, 62, 63, 64, 65, 66, 67, 68, 69, 70, 71, 72, 73, 74, 75, 76, 77, 78, 79, 80, 81, 82, 83, 84, 85, 86, 87, 88, 89]",90,False,2.8429176179627485e-05,-8.220960589721967e-10,9.476666091895486e-06,40.0
FT7,199,199,31,168,377,0.15577889447236182,0.07598039215686274,0.10214168039538714,cao2018,S01/051017m,all_channel,median,median__all_channel__FT7,32,90,"[0, 1, 2, 3, 4, 5, 6, 7, 8, 9, 10, 11, 12, 13, 14, 15, 16, 17, 18, 19, 20, 21, 22, 23, 24, 25, 26, 27, 28, 29, 30, 31, 32, 33, 34, 35, 36, 37, 38, 39, 40, 41, 42, 43, 44, 45, 46, 47, 48, 49, 50, 51, 52, 53, 54, 55, 56, 57, 58, 59, 60, 61, 62, 63, 64, 65, 66, 67, 68, 69, 70, 71, 72, 73, 74, 75, 76, 77, 78, 79, 80, 81, 82, 83, 84, 85, 86, 87, 88, 89]",90,False,2.8871953120953715e-05,1.358851017401373e-08,9.619454870259901e-06,40.0
FC3,242,242,29,213,379,0.11983471074380166,0.07107843137254902,0.08923076923076922,cao2018,S01/051017m,all_channel,median,median__all_channel__FC3,32,90,"[0, 1, 2, 3, 4, 5, 6, 7, 8, 9, 10, 11, 12, 13, 14, 15, 16, 17, 18, 19, 20, 21, 22, 23, 24, 25, 26, 27, 28, 29, 30, 31, 32, 33, 34, 35, 36, 37, 38, 39, 40, 41, 42, 43, 44, 45, 46, 47, 48, 49, 50, 51, 52, 53, 54, 55, 56, 57, 58, 59, 60, 61, 62, 63, 64, 65, 66, 67, 68, 69, 70, 71, 72, 73, 74, 75, 76, 77, 78, 79, 80, 81, 82, 83, 84, 85, 86, 87, 88, 89]",90,False,3.307635920995518e-05,2.6253508336569783e-09,1.102457795304051e-05,40.0
T6,170,170,25,145,383,0.14705882352941177,0.061274509803921566,0.08650519031141869,cao2018,S01/051017m,all_channel,median,median__all_channel__T6,32,90,"[0, 1, 2, 3, 4, 5, 6, 7, 8, 9, 10, 11, 12, 13, 14, 15, 16, 17, 18, 19, 20, 21, 22, 23, 24, 25, 26, 27, 28, 29, 30, 31, 32, 33, 34, 35, 36, 37, 38, 39, 40, 41, 42, 43, 44, 45, 46, 47, 48, 49, 50, 51, 52, 53, 54, 55, 56, 57, 58, 59, 60, 61, 62, 63, 64, 65, 66, 67, 68, 69, 70, 71, 72, 73, 74, 75, 76, 77, 78, 79, 80, 81, 82, 83, 84, 85, 86, 87, 88, 89]",90,False,1.7170588155313664e-05,6.39886798396888e-09,5.721396429109898e-06,40.0
CP4,316,316,31,285,377,0.0981012658227848,0.07598039215686274,0.0856353591160221,cao2018,S01/051017m,all_channel,median,median__all_channel__CP4,32,90,"[0, 1, 2, 3, 4, 5, 6, 7, 8, 9, 10, 11, 12, 13, 14, 15, 16, 17, 18, 19, 20, 21, 22, 23, 24, 25, 26, 27, 28, 29, 30, 31, 32, 33, 34, 35, 36, 37, 38, 39, 40, 41, 42, 43, 44, 45, 46, 47, 48, 49, 50, 51, 52, 53, 54, 55, 56, 57, 58, 59, 60, 61, 62, 63, 64, 65, 66, 67, 68, 69, 70, 71, 72, 73, 74, 75, 76, 77, 78, 79, 80, 81, 82, 83, 84, 85, 86, 87, 88, 89]",90,False,2.7020504651046834e-05,3.2462777476449114e-08,8.996013957856795e-06,40.0
FCZ,340,340,31,309,377,0.09117647058823529,0.07598039215686274,0.08288770053475936,cao2018,S01/051017m,all_channel,median,median__all_channel__FCZ,32,90,"[0, 1, 2, 3, 4, 5, 6, 7, 8, 9, 10, 11, 12, 13, 14, 15, 16, 17, 18, 19, 20, 21, 22, 23, 24, 25, 26, 27, 28, 29, 30, 31, 32, 33, 34, 35, 36, 37, 38, 39, 40, 41, 42, 43, 44, 45, 46, 47, 48, 49, 50, 51, 52, 53, 54, 55, 56, 57, 58, 59, 60, 61, 62, 63, 64, 65, 66, 67, 68, 69, 70, 71, 72, 73, 74, 75, 76, 77, 78, 79, 80, 81, 82, 83, 84, 85, 86, 87, 88, 89]",90,False,3.5776439953885285e-05,4.307689017410196e-08,1.191112102123706e-05,40.0
P4,248,248,27,221,381,0.10887096774193548,0.0661764705882353,0.08231707317073171,cao2018,S01/051017m,all_channel,median,median__all_channel__P4,32,90,"[0, 1, 2, 3, 4, 5, 6, 7, 8, 9, 10, 11, 12, 13, 14, 15, 16, 17, 18, 19, 20, 21, 22, 23, 24, 25, 26, 27, 28, 29, 30, 31, 32, 33, 34, 35, 36, 37, 38, 39, 40, 41, 42, 43, 44, 45, 46, 47, 48, 49, 50, 51, 52, 53, 54, 55, 56, 57, 58, 59, 60, 61, 62, 63, 64, 65, 66, 67, 68, 69, 70, 71, 72, 73, 74, 75, 76, 77, 78, 79, 80, 81, 82, 83, 84, 85, 86, 87, 88, 89]",90,False,2.4665077760137845e-05,3.356217993160901e-08,8.210505193402078e-06,40.0
T3,164,164,23,141,385,0.1402439024390244,0.056372549019607844,0.08041958041958042,cao2018,S01/051017m,all_channel,median,median__all_channel__T3,32,90,"[0, 1, 2, 3, 4, 5, 6, 7, 8, 9, 10, 11, 12, 13, 14, 15, 16, 17, 18, 19, 20, 21, 22, 23, 24, 25, 26, 27, 28, 29, 30, 31, 32, 33, 34, 35, 36, 37, 38, 39, 40, 41, 42, 43, 44, 45, 46, 47, 48, 49, 50, 51, 52, 53, 54, 55, 56, 57, 58, 59, 60, 61, 62, 63, 64, 65, 66, 67, 68, 69, 70, 71, 72, 73, 74, 75, 76, 77, 78, 79, 80, 81, 82, 83, 84, 85, 86, 87, 88, 89]",90,False,2.603484279130983e-05,4.552483611714218e-08,8.663105985064229e-06,40.0
C3,249,249,24,225,384,0.0963855421686747,0.058823529411764705,0.07305936073059362,cao2018,S01/051017m,all_channel,median,median__all_channel__C3,32,90,"[0, 1, 2, 3, 4, 5, 6, 7, 8, 9, 10, 11, 12, 13, 14, 15, 16, 17, 18, 19, 20, 21, 22, 23, 24, 25, 26, 27, 28, 29, 30, 31, 32, 33, 34, 35, 36, 37, 38, 39, 40, 41, 42, 43, 44, 45, 46, 47, 48, 49, 50, 51, 52, 53, 54, 55, 56, 57, 58, 59, 60, 61, 62, 63, 64, 65, 66, 67, 68, 69, 70, 71, 72, 73, 74, 75, 76, 77, 78, 79, 80, 81, 82, 83, 84, 85, 86, 87, 88, 89]",90,False,3.071566448767213e-05,3.291950671360837e-08,1.0227581660319504e-05,40.0
CP3,223,223,23,200,385,0.1031390134529148,0.056372549019607844,0.07290015847860538,cao2018,S01/051017m,all_channel,median,median__all_channel__CP3,32,90,"[0, 1, 2, 3, 4, 5, 6, 7, 8, 9, 10, 11, 12, 13, 14, 15, 16, 17, 18, 19, 20, 21, 22, 23, 24, 25, 26, 27, 28, 29, 30, 31, 32, 33, 34, 35, 36, 37, 38, 39, 40, 41, 42, 43, 44, 45, 46, 47, 48, 49, 50, 51, 52, 53, 54, 55, 56, 57, 58, 59, 60, 61, 62, 63, 64, 65, 66, 67, 68, 69, 70, 71, 72, 73, 74, 75, 76, 77, 78, 79, 80, 81, 82, 83, 84, 85, 86, 87, 88, 89]",90,False,2.855673900237403e-05,4.072931704722336e-08,9.505336561775602e-06,40.0
CZ,369,369,28,341,380,0.07588075880758807,0.06862745098039216,0.07207207207207207,cao2018,S01/051017m,all_channel,median,median__all_channel__CZ,32,90,"[0, 1, 2, 3, 4, 5, 6, 7, 8, 9, 10, 11, 12, 13, 14, 15, 16, 17, 18, 19, 20, 21, 22, 23, 24, 25, 26, 27, 28, 29, 30, 31, 32, 33, 34, 35, 36, 37, 38, 39, 40, 41, 42, 43, 44, 45, 46, 47, 48, 49, 50, 51, 52, 53, 54, 55, 56, 57, 58, 59, 60, 61, 62, 63, 64, 65, 66, 67, 68, 69, 70, 71, 72, 73, 74, 75, 76, 77, 78, 79, 80, 81, 82, 83, 84, 85, 86, 87, 88, 89]",90,False,3.271063523518626e-05,2.4700021069608247e-09,1.0902721744359766e-05,40.0
CPZ,324,324,25,299,383,0.07716049382716049,0.061274509803921566,0.06830601092896176,cao2018,S01/051017m,all_channel,median,median__all_channel__CPZ,32,90,"[0, 1, 2, 3, 4, 5, 6, 7, 8, 9, 10, 11, 12, 13, 14, 15, 16, 17, 18, 19, 20, 21, 22, 23, 24, 25, 26, 27, 28, 29, 30, 31, 32, 33, 34, 35, 36, 37, 38, 39, 40, 41, 42, 43, 44, 45, 46, 47, 48, 49, 50, 51, 52, 53, 54, 55, 56, 57, 58, 59, 60, 61, 62, 63, 64, 65, 66, 67, 68, 69, 70, 71, 72, 73, 74, 75, 76, 77, 78, 79, 80, 81, 82, 83, 84, 85, 86, 87, 88, 89]",90,False,2.9511433444251813e-05,2.4421344425405372e-09,9.836330436603092e-06,40.0
TP7,122,122,17,105,391,0.13934426229508196,0.041666666666666664,0.06415094339622641,cao2018,S01/051017m,all_channel,median,median__all_channel__TP7,32,90,"[0, 1, 2, 3, 4, 5, 6, 7, 8, 9, 10, 11, 12, 13, 14, 15, 16, 17, 18, 19, 20, 21, 22, 23, 24, 25, 26, 27, 28, 29, 30, 31, 32, 33, 34, 35, 36, 37, 38, 39, 40, 41, 42, 43, 44, 45, 46, 47, 48, 49, 50, 51, 52, 53, 54, 55, 56, 57, 58, 59, 60, 61, 62, 63, 64, 65, 66, 67, 68, 69, 70, 71, 72, 73, 74, 75, 76, 77, 78, 79, 80, 81, 82, 83, 84, 85, 86, 87, 88, 89]",90,False,2.4142632250689168e-05,-1.9566201773475116e-08,8.05406615082088e-06,40.0
PZ,258,258,19,239,389,0.07364341085271318,0.04656862745098039,0.057057057057057055,cao2018,S01/051017m,all_channel,median,median__all_channel__PZ,32,90,"[0, 1, 2, 3, 4, 5, 6, 7, 8, 9, 10, 11, 12, 13, 14, 15, 16, 17, 18, 19, 20, 21, 22, 23, 24, 25, 26, 27, 28, 29, 30, 31, 32, 33, 34, 35, 36, 37, 38, 39, 40, 41, 42, 43, 44, 45, 46, 47, 48, 49, 50, 51, 52, 53, 54, 55, 56, 57, 58, 59, 60, 61, 62, 63, 64, 65, 66, 67, 68, 69, 70, 71, 72, 73, 74, 75, 76, 77, 78, 79, 80, 81, 82, 83, 84, 85, 86, 87, 88, 89]",90,False,2.7235580500216024e-05,8.064975194421906e-09,9.075838508340534e-06,40.0
P3,203,203,16,187,392,0.07881773399014778,0.0392156862745098,0.05237315875613748,cao2018,S01/051017m,all_channel,median,median__all_channel__P3,32,90,"[0, 1, 2, 3, 4, 5, 6, 7, 8, 9, 10, 11, 12, 13, 14, 15, 16, 17, 18, 19, 20, 21, 22, 23, 24, 25, 26, 27, 28, 29, 30, 31, 32, 33, 34, 35, 36, 37, 38, 39, 40, 41, 42, 43, 44, 45, 46, 47, 48, 49, 50, 51, 52, 53, 54, 55, 56, 57, 58, 59, 60, 61, 62, 63, 64, 65, 66, 67, 68, 69, 70, 71, 72, 73, 74, 75, 76, 77, 78, 79, 80, 81, 82, 83, 84, 85, 86, 87, 88, 89]",90,False,2.7164818709937928e-05,3.701703105303689e-08,9.042600559628297e-06,40.0
T5,104,104,10,94,398,0.09615384615384616,0.024509803921568627,0.03906250000000001,cao2018,S01/051017m,all_channel,median,median__all_channel__T5,32,90,"[0, 1, 2, 3, 4, 5, 6, 7, 8, 9, 10, 11, 12, 13, 14, 15, 16, 17, 18, 19, 20, 21, 22, 23, 24, 25, 26, 27, 28, 29, 30, 31, 32, 33, 34, 35, 36, 37, 38, 39, 40, 41, 42, 43, 44, 45, 46, 47, 48, 49, 50, 51, 52, 53, 54, 55, 56, 57, 58, 59, 60, 61, 62, 63, 64, 65, 66, 67, 68, 69, 70, 71, 72, 73, 74, 75, 76, 77, 78, 79, 80, 81, 82, 83, 84, 85, 86, 87, 88, 89]",90,False,2.49410461667311e-05,-6.811518697940646e-08,8.336387117903503e-06,40.0
O2,116,116,8,108,400,0.06896551724137931,0.0196078431372549,0.030534351145038167,cao2018,S01/051017m,all_channel,median,median__all_channel__O2,32,90,"[0, 1, 2, 3, 4, 5, 6, 7, 8, 9, 10, 11, 12, 13, 14, 15, 16, 17, 18, 19, 20, 21, 22, 23, 24, 25, 26, 27, 28, 29, 30, 31, 32, 33, 34, 35, 36, 37, 38, 39, 40, 41, 42, 43, 44, 45, 46, 47, 48, 49, 50, 51, 52, 53, 54, 55, 56, 57, 58, 59, 60, 61, 62, 63, 64, 65, 66, 67, 68, 69, 70, 71, 72, 73, 74, 75, 76, 77, 78, 79, 80, 81, 82, 83, 84, 85, 86, 87, 88, 89]",90,False,2.254857772975889e-05,-8.028326055614548e-08,7.542953663438346e-06,40.0
O1,107,107,7,100,401,0.06542056074766354,0.01715686274509804,0.027184466019417475,cao2018,S01/051017m,all_channel,median,median__all_channel__O1,32,90,"[0, 1, 2, 3, 4, 5, 6, 7, 8, 9, 10, 11, 12, 13, 14, 15, 16, 17, 18, 19, 20, 21, 22, 23, 24, 25, 26, 27, 28, 29, 30, 31, 32, 33, 34, 35, 36, 37, 38, 39, 40, 41, 42, 43, 44, 45, 46, 47, 48, 49, 50, 51, 52, 53, 54, 55, 56, 57, 58, 59, 60, 61, 62, 63, 64, 65, 66, 67, 68, 69, 70, 71, 72, 73, 74, 75, 76, 77, 78, 79, 80, 81, 82, 83, 84, 85, 86, 87, 88, 89]",90,False,2.3827867727844657e-05,-1.652124688266204e-07,7.997693398890426e-06,40.0
OZ,133,133,6,127,402,0.045112781954887216,0.014705882352941176,0.022181146025878,cao2018,S01/051017m,all_channel,median,median__all_channel__OZ,32,90,"[0, 1, 2, 3, 4, 5, 6, 7, 8, 9, 10, 11, 12, 13, 14, 15, 16, 17, 18, 19, 20, 21, 22, 23, 24, 25, 26, 27, 28, 29, 30, 31, 32, 33, 34, 35, 36, 37, 38, 39, 40, 41, 42, 43, 44, 45, 46, 47, 48, 49, 50, 51, 52, 53, 54, 55, 56, 57, 58, 59, 60, 61, 62, 63, 64, 65, 66, 67, 68, 69, 70, 71, 72, 73, 74, 75, 76, 77, 78, 79, 80, 81, 82, 83, 84, 85, 86, 87, 88, 89]",90,False,2.2202558148970563e-05,-1.0458969502651268e-07,7.4357159479990255e-06,40.0
A1,0,0,0,0,408,0.0,0.0,0.0,cao2018,S01/051017m,all_channel,median,median__all_channel__A1,32,90,"[0, 1, 2, 3, 4, 5, 6, 7, 8, 9, 10, 11, 12, 13, 14, 15, 16, 17, 18, 19, 20, 21, 22, 23, 24, 25, 26, 27, 28, 29, 30, 31, 32, 33, 34, 35, 36, 37, 38, 39, 40, 41, 42, 43, 44, 45, 46, 47, 48, 49, 50, 51, 52, 53, 54, 55, 56, 57, 58, 59, 60, 61, 62, 63, 64, 65, 66, 67, 68, 69, 70, 71, 72, 73, 74, 75, 76, 77, 78, 79, 80, 81, 82, 83, 84, 85, 86, 87, 88, 89]",90,False,0.0,0.0,0.0,40.0
A2,0,0,0,0,408,0.0,0.0,0.0,cao2018,S01/051017m,all_channel,median,median__all_channel__A2,32,90,"[0, 1, 2, 3, 4, 5, 6, 7, 8, 9, 10, 11, 12, 13, 14, 15, 16, 17, 18, 19, 20, 21, 22, 23, 24, 25, 26, 27, 28, 29, 30, 31, 32, 33, 34, 35, 36, 37, 38, 39, 40, 41, 42, 43, 44, 45, 46, 47, 48, 49, 50, 51, 52, 53, 54, 55, 56, 57, 58, 59, 60, 61, 62, 63, 64, 65, 66, 67, 68, 69, 70, 71, 72, 73, 74, 75, 76, 77, 78, 79, 80, 81, 82, 83, 84, 85, 86, 87, 88, 89]",90,False,0.0,0.0,0.0,40.0
FP1,643,643,323,320,85,0.5023328149300156,0.7916666666666666,0.6146527117031398,cao2018,S01/051017m,all_channel,mean,mean__all_channel__FP1,32,90,"[0, 1, 2, 3, 4, 5, 6, 7, 8, 9, 10, 11, 12, 13, 14, 15, 16, 17, 18, 19, 20, 21, 22, 23, 24, 25, 26, 27, 28, 29, 30, 31, 32, 33, 34, 35, 36, 37, 38, 39, 40, 41, 42, 43, 44, 45, 46, 47, 48, 49, 50, 51, 52, 53, 54, 55, 56, 57, 58, 59, 60, 61, 62, 63, 64, 65, 66, 67, 68, 69, 70, 71, 72, 73, 74, 75, 76, 77, 78, 79, 80, 81, 82, 83, 84, 85, 86, 87, 88, 89]",90,False,4.109894090968945e-05,9.656109978486456e-09,1.369642826657032e-05,40.0
FP2,559,559,255,304,153,0.4561717352415027,0.625,0.5274043433298863,cao2018,S01/051017m,all_channel,mean,mean__all_channel__FP2,32,90,"[0, 1, 2, 3, 4, 5, 6, 7, 8, 9, 10, 11, 12, 13, 14, 15, 16, 17, 18, 19, 20, 21, 22, 23, 24, 25, 26, 27, 28, 29, 30, 31, 32, 33, 34, 35, 36, 37, 38, 39, 40, 41, 42, 43, 44, 45, 46, 47, 48, 49, 50, 51, 52, 53, 54, 55, 56, 57, 58, 59, 60, 61, 62, 63, 64, 65, 66, 67, 68, 69, 70, 71, 72, 73, 74, 75, 76, 77, 78, 79, 80, 81, 82, 83, 84, 85, 86, 87, 88, 89]",90,False,3.826348974765289e-05,1.1282759755463063e-08,1.2750735662632476e-05,40.0
F8,430,430,146,284,262,0.3395348837209302,0.35784313725490197,0.3484486873508353,cao2018,S01/051017m,all_channel,mean,mean__all_channel__F8,32,90,"[0, 1, 2, 3, 4, 5, 6, 7, 8, 9, 10, 11, 12, 13, 14, 15, 16, 17, 18, 19, 20, 21, 22, 23, 24, 25, 26, 27, 28, 29, 30, 31, 32, 33, 34, 35, 36, 37, 38, 39, 40, 41, 42, 43, 44, 45, 46, 47, 48, 49, 50, 51, 52, 53, 54, 55, 56, 57, 58, 59, 60, 61, 62, 63, 64, 65, 66, 67, 68, 69, 70, 71, 72, 73, 74, 75, 76, 77, 78, 79, 80, 81, 82, 83, 84, 85, 86, 87, 88, 89]",90,False,2.9725830647506972e-05,1.1261796394852544e-08,9.90485628370404e-06,40.0
FT8,304,304,88,216,320,0.2894736842105263,0.21568627450980393,0.24719101123595505,cao2018,S01/051017m,all_channel,mean,mean__all_channel__FT8,32,90,"[0, 1, 2, 3, 4, 5, 6, 7, 8, 9, 10, 11, 12, 13, 14, 15, 16, 17, 18, 19, 20, 21, 22, 23, 24, 25, 26, 27, 28, 29, 30, 31, 32, 33, 34, 35, 36, 37, 38, 39, 40, 41, 42, 43, 44, 45, 46, 47, 48, 49, 50, 51, 52, 53, 54, 55, 56, 57, 58, 59, 60, 61, 62, 63, 64, 65, 66, 67, 68, 69, 70, 71, 72, 73, 74, 75, 76, 77, 78, 79, 80, 81, 82, 83, 84, 85, 86, 87, 88, 89]",90,False,2.3540392990104033e-05,1.0235735872519249e-08,7.843385751410504e-06,40.0
F4,356,356,77,279,331,0.21629213483146068,0.18872549019607843,0.20157068062827224,cao2018,S01/051017m,all_channel,mean,mean__all_channel__F4,32,90,"[0, 1, 2, 3, 4, 5, 6, 7, 8, 9, 10, 11, 12, 13, 14, 15, 16, 17, 18, 19, 20, 21, 22, 23, 24, 25, 26, 27, 28, 29, 30, 31, 32, 33, 34, 35, 36, 37, 38, 39, 40, 41, 42, 43, 44, 45, 46, 47, 48, 49, 50, 51, 52, 53, 54, 55, 56, 57, 58, 59, 60, 61, 62, 63, 64, 65, 66, 67, 68, 69, 70, 71, 72, 73, 74, 75, 76, 77, 78, 79, 80, 81, 82, 83, 84, 85, 86, 87, 88, 89]",90,False,3.4991522783764355e-05,1.993264412156083e-08,1.1657196713214266e-05,40.0
F7,256,256,64,192,344,0.25,0.1568627450980392,0.1927710843373494,cao2018,S01/051017m,all_channel,mean,mean__all_channel__F7,32,90,"[0, 1, 2, 3, 4, 5, 6, 7, 8, 9, 10, 11, 12, 13, 14, 15, 16, 17, 18, 19, 20, 21, 22, 23, 24, 25, 26, 27, 28, 29, 30, 31, 32, 33, 34, 35, 36, 37, 38, 39, 40, 41, 42, 43, 44, 45, 46, 47, 48, 49, 50, 51, 52, 53, 54, 55, 56, 57, 58, 59, 60, 61, 62, 63, 64, 65, 66, 67, 68, 69, 70, 71, 72, 73, 74, 75, 76, 77, 78, 79, 80, 81, 82, 83, 84, 85, 86, 87, 88, 89]",90,False,3.325497235536772e-05,-3.509028155027851e-09,1.108616046117425e-05,40.0
F3,305,305,60,245,348,0.19672131147540983,0.14705882352941177,0.16830294530154277,cao2018,S01/051017m,all_channel,mean,mean__all_channel__F3,32,90,"[0, 1, 2, 3, 4, 5, 6, 7, 8, 9, 10, 11, 12, 13, 14, 15, 16, 17, 18, 19, 20, 21, 22, 23, 24, 25, 26, 27, 28, 29, 30, 31, 32, 33, 34, 35, 36, 37, 38, 39, 40, 41, 42, 43, 44, 45, 46, 47, 48, 49, 50, 51, 52, 53, 54, 55, 56, 57, 58, 59, 60, 61, 62, 63, 64, 65, 66, 67, 68, 69, 70, 71, 72, 73, 74, 75, 76, 77, 78, 79, 80, 81, 82, 83, 84, 85, 86, 87, 88, 89]",90,False,3.546547455848926e-05,7.707474782689654e-08,1.1796133270220787e-05,40.0
T4,310,310,60,250,348,0.1935483870967742,0.14705882352941177,0.1671309192200557,cao2018,S01/051017m,all_channel,mean,mean__all_channel__T4,32,90,"[0, 1, 2, 3, 4, 5, 6, 7, 8, 9, 10, 11, 12, 13, 14, 15, 16, 17, 18, 19, 20, 21, 22, 23, 24, 25, 26, 27, 28, 29, 30, 31, 32, 33, 34, 35, 36, 37, 38, 39, 40, 41, 42, 43, 44, 45, 46, 47, 48, 49, 50, 51, 52, 53, 54, 55, 56, 57, 58, 59, 60, 61, 62, 63, 64, 65, 66, 67, 68, 69, 70, 71, 72, 73, 74, 75, 76, 77, 78, 79, 80, 81, 82, 83, 84, 85, 86, 87, 88, 89]",90,False,2.081740572867161e-05,7.488335290473592e-09,6.936639131127046e-06,40.0
FC4,349,349,58,291,350,0.166189111747851,0.14215686274509803,0.15323645970937913,cao2018,S01/051017m,all_channel,mean,mean__all_channel__FC4,32,90,"[0, 1, 2, 3, 4, 5, 6, 7, 8, 9, 10, 11, 12, 13, 14, 15, 16, 17, 18, 19, 20, 21, 22, 23, 24, 25, 26, 27, 28, 29, 30, 31, 32, 33, 34, 35, 36, 37, 38, 39, 40, 41, 42, 43, 44, 45, 46, 47, 48, 49, 50, 51, 52, 53, 54, 55, 56, 57, 58, 59, 60, 61, 62, 63, 64, 65, 66, 67, 68, 69, 70, 71, 72, 73, 74, 75, 76, 77, 78, 79, 80, 81, 82, 83, 84, 85, 86, 87, 88, 89]",90,False,3.1718554011310837e-05,1.8571896754899905e-08,1.056666070485198e-05,40.0
FZ,345,345,54,291,354,0.1565217391304348,0.1323529411764706,0.14342629482071714,cao2018,S01/051017m,all_channel,mean,mean__all_channel__FZ,32,90,"[0, 1, 2, 3, 4, 5, 6, 7, 8, 9, 10, 11, 12, 13, 14, 15, 16, 17, 18, 19, 20, 21, 22, 23, 24, 25, 26, 27, 28, 29, 30, 31, 32, 33, 34, 35, 36, 37, 38, 39, 40, 41, 42, 43, 44, 45, 46, 47, 48, 49, 50, 51, 52, 53, 54, 55, 56, 57, 58, 59, 60, 61, 62, 63, 64, 65, 66, 67, 68, 69, 70, 71, 72, 73, 74, 75, 76, 77, 78, 79, 80, 81, 82, 83, 84, 85, 86, 87, 88, 89]",90,False,3.7665691719553557e-05,1.88795567261112e-08,1.2548937387609148e-05,40.0
TP8,204,204,39,165,369,0.19117647058823528,0.09558823529411764,0.12745098039215685,cao2018,S01/051017m,all_channel,mean,mean__all_channel__TP8,32,90,"[0, 1, 2, 3, 4, 5, 6, 7, 8, 9, 10, 11, 12, 13, 14, 15, 16, 17, 18, 19, 20, 21, 22, 23, 24, 25, 26, 27, 28, 29, 30, 31, 32, 33, 34, 35, 36, 37, 38, 39, 40, 41, 42, 43, 44, 45, 46, 47, 48, 49, 50, 51, 52, 53, 54, 55, 56, 57, 58, 59, 60, 61, 62, 63, 64, 65, 66, 67, 68, 69, 70, 71, 72, 73, 74, 75, 76, 77, 78, 79, 80, 81, 82, 83, 84, 85, 86, 87, 88, 89]",90,False,1.797963675134179e-05,1.594043722288e-08,5.9878987713729695e-06,40.0
C4,337,337,44,293,364,0.13056379821958458,0.10784313725490197,0.11812080536912753,cao2018,S01/051017m,all_channel,mean,mean__all_channel__C4,32,90,"[0, 1, 2, 3, 4, 5, 6, 7, 8, 9, 10, 11, 12, 13, 14, 15, 16, 17, 18, 19, 20, 21, 22, 23, 24, 25, 26, 27, 28, 29, 30, 31, 32, 33, 34, 35, 36, 37, 38, 39, 40, 41, 42, 43, 44, 45, 46, 47, 48, 49, 50, 51, 52, 53, 54, 55, 56, 57, 58, 59, 60, 61, 62, 63, 64, 65, 66, 67, 68, 69, 70, 71, 72, 73, 74, 75, 76, 77, 78, 79, 80, 81, 82, 83, 84, 85, 86, 87, 88, 89]",90,False,2.8448714504825493e-05,1.8716229139036353e-08,9.476666091895486e-06,40.0
FT7,200,200,31,169,377,0.155,0.07598039215686274,0.10197368421052631,cao2018,S01/051017m,all_channel,mean,mean__all_channel__FT7,32,90,"[0, 1, 2, 3, 4, 5, 6, 7, 8, 9, 10, 11, 12, 13, 14, 15, 16, 17, 18, 19, 20, 21, 22, 23, 24, 25, 26, 27, 28, 29, 30, 31, 32, 33, 34, 35, 36, 37, 38, 39, 40, 41, 42, 43, 44, 45, 46, 47, 48, 49, 50, 51, 52, 53, 54, 55, 56, 57, 58, 59, 60, 61, 62, 63, 64, 65, 66, 67, 68, 69, 70, 71, 72, 73, 74, 75, 76, 77, 78, 79, 80, 81, 82, 83, 84, 85, 86, 87, 88, 89]",90,False,2.885167753273534e-05,-6.687078044365692e-09,9.619454870259901e-06,40.0
FC3,242,242,29,213,379,0.11983471074380166,0.07107843137254902,0.08923076923076922,cao2018,S01/051017m,all_channel,mean,mean__all_channel__FC3,32,90,"[0, 1, 2, 3, 4, 5, 6, 7, 8, 9, 10, 11, 12, 13, 14, 15, 16, 17, 18, 19, 20, 21, 22, 23, 24, 25, 26, 27, 28, 29, 30, 31, 32, 33, 34, 35, 36, 37, 38, 39, 40, 41, 42, 43, 44, 45, 46, 47, 48, 49, 50, 51, 52, 53, 54, 55, 56, 57, 58, 59, 60, 61, 62, 63, 64, 65, 66, 67, 68, 69, 70, 71, 72, 73, 74, 75, 76, 77, 78, 79, 80, 81, 82, 83, 84, 85, 86, 87, 88, 89]",90,False,3.308238824572527e-05,8.654386603741393e-09,1.102457795304051e-05,40.0
T6,170,170,25,145,383,0.14705882352941177,0.061274509803921566,0.08650519031141869,cao2018,S01/051017m,all_channel,mean,mean__all_channel__T6,32,90,"[0, 1, 2, 3, 4, 5, 6, 7, 8, 9, 10, 11, 12, 13, 14, 15, 16, 17, 18, 19, 20, 21, 22, 23, 24, 25, 26, 27, 28, 29, 30, 31, 32, 33, 34, 35, 36, 37, 38, 39, 40, 41, 42, 43, 44, 45, 46, 47, 48, 49, 50, 51, 52, 53, 54, 55, 56, 57, 58, 59, 60, 61, 62, 63, 64, 65, 66, 67, 68, 69, 70, 71, 72, 73, 74, 75, 76, 77, 78, 79, 80, 81, 82, 83, 84, 85, 86, 87, 88, 89]",90,False,1.7176535974282076e-05,1.2346686952382503e-08,5.721396429109898e-06,40.0
CP4,316,316,31,285,377,0.0981012658227848,0.07598039215686274,0.0856353591160221,cao2018,S01/051017m,all_channel,mean,mean__all_channel__CP4,32,90,"[0, 1, 2, 3, 4, 5, 6, 7, 8, 9, 10, 11, 12, 13, 14, 15, 16, 17, 18, 19, 20, 21, 22, 23, 24, 25, 26, 27, 28, 29, 30, 31, 32, 33, 34, 35, 36, 37, 38, 39, 40, 41, 42, 43, 44, 45, 46, 47, 48, 49, 50, 51, 52, 53, 54, 55, 56, 57, 58, 59, 60, 61, 62, 63, 64, 65, 66, 67, 68, 69, 70, 71, 72, 73, 74, 75, 76, 77, 78, 79, 80, 81, 82, 83, 84, 85, 86, 87, 88, 89]",90,False,2.700689878511852e-05,1.8856911548134955e-08,8.996013957856795e-06,40.0
FCZ,340,340,31,309,377,0.09117647058823529,0.07598039215686274,0.08288770053475936,cao2018,S01/051017m,all_channel,mean,mean__all_channel__FCZ,32,90,"[0, 1, 2, 3, 4, 5, 6, 7, 8, 9, 10, 11, 12, 13, 14, 15, 16, 17, 18, 19, 20, 21, 22, 23, 24, 25, 26, 27, 28, 29, 30, 31, 32, 33, 34, 35, 36, 37, 38, 39, 40, 41, 42, 43, 44, 45, 46, 47, 48, 49, 50, 51, 52, 53, 54, 55, 56, 57, 58, 59, 60, 61, 62, 63, 64, 65, 66, 67, 68, 69, 70, 71, 72, 73, 74, 75, 76, 77, 78, 79, 80, 81, 82, 83, 84, 85, 86, 87, 88, 89]",90,False,3.575357390565198e-05,2.0210841940802635e-08,1.191112102123706e-05,40.0
P4,248,248,27,221,381,0.10887096774193548,0.0661764705882353,0.08231707317073171,cao2018,S01/051017m,all_channel,mean,mean__all_channel__P4,32,90,"[0, 1, 2, 3, 4, 5, 6, 7, 8, 9, 10, 11, 12, 13, 14, 15, 16, 17, 18, 19, 20, 21, 22, 23, 24, 25, 26, 27, 28, 29, 30, 31, 32, 33, 34, 35, 36, 37, 38, 39, 40, 41, 42, 43, 44, 45, 46, 47, 48, 49, 50, 51, 52, 53, 54, 55, 56, 57, 58, 59, 60, 61, 62, 63, 64, 65, 66, 67, 68, 69, 70, 71, 72, 73, 74, 75, 76, 77, 78, 79, 80, 81, 82, 83, 84, 85, 86, 87, 88, 89]",90,False,2.4647874504433904e-05,1.635892422766811e-08,8.210505193402078e-06,40.0
T3,167,167,23,144,385,0.1377245508982036,0.056372549019607844,0.08,cao2018,S01/051017m,all_channel,mean,mean__all_channel__T3,32,90,"[0, 1, 2, 3, 4, 5, 6, 7, 8, 9, 10, 11, 12, 13, 14, 15, 16, 17, 18, 19, 20, 21, 22, 23, 24, 25, 26, 27, 28, 29, 30, 31, 32, 33, 34, 35, 36, 37, 38, 39, 40, 41, 42, 43, 44, 45, 46, 47, 48, 49, 50, 51, 52, 53, 54, 55, 56, 57, 58, 59, 60, 61, 62, 63, 64, 65, 66, 67, 68, 69, 70, 71, 72, 73, 74, 75, 76, 77, 78, 79, 80, 81, 82, 83, 84, 85, 86, 87, 88, 89]",90,False,2.5986797644975787e-05,-2.5203102168987854e-09,8.663105985064229e-06,40.0
C3,249,249,24,225,384,0.0963855421686747,0.058823529411764705,0.07305936073059362,cao2018,S01/051017m,all_channel,mean,mean__all_channel__C3,32,90,"[0, 1, 2, 3, 4, 5, 6, 7, 8, 9, 10, 11, 12, 13, 14, 15, 16, 17, 18, 19, 20, 21, 22, 23, 24, 25, 26, 27, 28, 29, 30, 31, 32, 33, 34, 35, 36, 37, 38, 39, 40, 41, 42, 43, 44, 45, 46, 47, 48, 49, 50, 51, 52, 53, 54, 55, 56, 57, 58, 59, 60, 61, 62, 63, 64, 65, 66, 67, 68, 69, 70, 71, 72, 73, 74, 75, 76, 77, 78, 79, 80, 81, 82, 83, 84, 85, 86, 87, 88, 89]",90,False,3.0691111569007533e-05,8.36658804901977e-09,1.0227581660319504e-05,40.0
CP3,224,224,23,201,385,0.10267857142857142,0.056372549019607844,0.07278481012658229,cao2018,S01/051017m,all_channel,mean,mean__all_channel__CP3,32,90,"[0, 1, 2, 3, 4, 5, 6, 7, 8, 9, 10, 11, 12, 13, 14, 15, 16, 17, 18, 19, 20, 21, 22, 23, 24, 25, 26, 27, 28, 29, 30, 31, 32, 33, 34, 35, 36, 37, 38, 39, 40, 41, 42, 43, 44, 45, 46, 47, 48, 49, 50, 51, 52, 53, 54, 55, 56, 57, 58, 59, 60, 61, 62, 63, 64, 65, 66, 67, 68, 69, 70, 71, 72, 73, 74, 75, 76, 77, 78, 79, 80, 81, 82, 83, 84, 85, 86, 87, 88, 89]",90,False,2.852851831174267e-05,1.2508626415863162e-08,9.505336561775602e-06,40.0
CZ,369,369,28,341,380,0.07588075880758807,0.06862745098039216,0.07207207207207207,cao2018,S01/051017m,all_channel,mean,mean__all_channel__CZ,32,90,"[0, 1, 2, 3, 4, 5, 6, 7, 8, 9, 10, 11, 12, 13, 14, 15, 16, 17, 18, 19, 20, 21, 22, 23, 24, 25, 26, 27, 28, 29, 30, 31, 32, 33, 34, 35, 36, 37, 38, 39, 40, 41, 42, 43, 44, 45, 46, 47, 48, 49, 50, 51, 52, 53, 54, 55, 56, 57, 58, 59, 60, 61, 62, 63, 64, 65, 66, 67, 68, 69, 70, 71, 72, 73, 74, 75, 76, 77, 78, 79, 80, 81, 82, 83, 84, 85, 86, 87, 88, 89]",90,False,3.2728127526455266e-05,1.9962293375966292e-08,1.0902721744359766e-05,40.0
CPZ,324,324,25,299,383,0.07716049382716049,0.061274509803921566,0.06830601092896176,cao2018,S01/051017m,all_channel,mean,mean__all_channel__CPZ,32,90,"[0, 1, 2, 3, 4, 5, 6, 7, 8, 9, 10, 11, 12, 13, 14, 15, 16, 17, 18, 19, 20, 21, 22, 23, 24, 25, 26, 27, 28, 29, 30, 31, 32, 33, 34, 35, 36, 37, 38, 39, 40, 41, 42, 43, 44, 45, 46, 47, 48, 49, 50, 51, 52, 53, 54, 55, 56, 57, 58, 59, 60, 61, 62, 63, 64, 65, 66, 67, 68, 69, 70, 71, 72, 73, 74, 75, 76, 77, 78, 79, 80, 81, 82, 83, 84, 85, 86, 87, 88, 89]",90,False,2.9526791166725336e-05,1.7799856916062884e-08,9.836330436603092e-06,40.0
TP7,120,120,16,104,392,0.13333333333333333,0.0392156862745098,0.0606060606060606,cao2018,S01/051017m,all_channel,mean,mean__all_channel__TP7,32,90,"[0, 1, 2, 3, 4, 5, 6, 7, 8, 9, 10, 11, 12, 13, 14, 15, 16, 17, 18, 19, 20, 21, 22, 23, 24, 25, 26, 27, 28, 29, 30, 31, 32, 33, 34, 35, 36, 37, 38, 39, 40, 41, 42, 43, 44, 45, 46, 47, 48, 49, 50, 51, 52, 53, 54, 55, 56, 57, 58, 59, 60, 61, 62, 63, 64, 65, 66, 67, 68, 69, 70, 71, 72, 73, 74, 75, 76, 77, 78, 79, 80, 81, 82, 83, 84, 85, 86, 87, 88, 89]",90,False,2.4164117310625462e-05,1.9188581628182517e-09,8.05406615082088e-06,40.0
PZ,258,258,19,239,389,0.07364341085271318,0.04656862745098039,0.057057057057057055,cao2018,S01/051017m,all_channel,mean,mean__all_channel__PZ,32,90,"[0, 1, 2, 3, 4, 5, 6, 7, 8, 9, 10, 11, 12, 13, 14, 15, 16, 17, 18, 19, 20, 21, 22, 23, 24, 25, 26, 27, 28, 29, 30, 31, 32, 33, 34, 35, 36, 37, 38, 39, 40, 41, 42, 43, 44, 45, 46, 47, 48, 49, 50, 51, 52, 53, 54, 55, 56, 57, 58, 59, 60, 61, 62, 63, 64, 65, 66, 67, 68, 69, 70, 71, 72, 73, 74, 75, 76, 77, 78, 79, 80, 81, 82, 83, 84, 85, 86, 87, 88, 89]",90,False,2.724352193090219e-05,1.6006405880586425e-08,9.075838508340534e-06,40.0
P3,204,204,16,188,392,0.0784313725490196,0.0392156862745098,0.05228758169934641,cao2018,S01/051017m,all_channel,mean,mean__all_channel__P3,32,90,"[0, 1, 2, 3, 4, 5, 6, 7, 8, 9, 10, 11, 12, 13, 14, 15, 16, 17, 18, 19, 20, 21, 22, 23, 24, 25, 26, 27, 28, 29, 30, 31, 32, 33, 34, 35, 36, 37, 38, 39, 40, 41, 42, 43, 44, 45, 46, 47, 48, 49, 50, 51, 52, 53, 54, 55, 56, 57, 58, 59, 60, 61, 62, 63, 64, 65, 66, 67, 68, 69, 70, 71, 72, 73, 74, 75, 76, 77, 78, 79, 80, 81, 82, 83, 84, 85, 86, 87, 88, 89]",90,False,2.7138878068175956e-05,1.1076389291065329e-08,9.042600559628297e-06,40.0
T5,104,104,10,94,398,0.09615384615384616,0.024509803921568627,0.03906250000000001,cao2018,S01/051017m,all_channel,mean,mean__all_channel__T5,32,90,"[0, 1, 2, 3, 4, 5, 6, 7, 8, 9, 10, 11, 12, 13, 14, 15, 16, 17, 18, 19, 20, 21, 22, 23, 24, 25, 26, 27, 28, 29, 30, 31, 32, 33, 34, 35, 36, 37, 38, 39, 40, 41, 42, 43, 44, 45, 46, 47, 48, 49, 50, 51, 52, 53, 54, 55, 56, 57, 58, 59, 60, 61, 62, 63, 64, 65, 66, 67, 68, 69, 70, 71, 72, 73, 74, 75, 76, 77, 78, 79, 80, 81, 82, 83, 84, 85, 86, 87, 88, 89]",90,False,2.5013896041156508e-05,4.734687445998991e-09,8.336387117903503e-06,40.0
O2,115,115,8,107,400,0.06956521739130435,0.0196078431372549,0.030592734225621414,cao2018,S01/051017m,all_channel,mean,mean__all_channel__O2,32,90,"[0, 1, 2, 3, 4, 5, 6, 7, 8, 9, 10, 11, 12, 13, 14, 15, 16, 17, 18, 19, 20, 21, 22, 23, 24, 25, 26, 27, 28, 29, 30, 31, 32, 33, 34, 35, 36, 37, 38, 39, 40, 41, 42, 43, 44, 45, 46, 47, 48, 49, 50, 51, 52, 53, 54, 55, 56, 57, 58, 59, 60, 61, 62, 63, 64, 65, 66, 67, 68, 69, 70, 71, 72, 73, 74, 75, 76, 77, 78, 79, 80, 81, 82, 83, 84, 85, 86, 87, 88, 89]",90,False,2.2645220124166515e-05,1.6359133851476648e-08,7.542953663438346e-06,40.0
O1,106,106,7,99,401,0.0660377358490566,0.01715686274509804,0.027237354085603113,cao2018,S01/051017m,all_channel,mean,mean__all_channel__O1,32,90,"[0, 1, 2, 3, 4, 5, 6, 7, 8, 9, 10, 11, 12, 13, 14, 15, 16, 17, 18, 19, 20, 21, 22, 23, 24, 25, 26, 27, 28, 29, 30, 31, 32, 33, 34, 35, 36, 37, 38, 39, 40, 41, 42, 43, 44, 45, 46, 47, 48, 49, 50, 51, 52, 53, 54, 55, 56, 57, 58, 59, 60, 61, 62, 63, 64, 65, 66, 67, 68, 69, 70, 71, 72, 73, 74, 75, 76, 77, 78, 79, 80, 81, 82, 83, 84, 85, 86, 87, 88, 89]",90,False,2.400181805708375e-05,8.737860412474528e-09,7.997693398890426e-06,40.0
OZ,131,131,6,125,402,0.04580152671755725,0.014705882352941176,0.022263450834879406,cao2018,S01/051017m,all_channel,mean,mean__all_channel__OZ,32,90,"[0, 1, 2, 3, 4, 5, 6, 7, 8, 9, 10, 11, 12, 13, 14, 15, 16, 17, 18, 19, 20, 21, 22, 23, 24, 25, 26, 27, 28, 29, 30, 31, 32, 33, 34, 35, 36, 37, 38, 39, 40, 41, 42, 43, 44, 45, 46, 47, 48, 49, 50, 51, 52, 53, 54, 55, 56, 57, 58, 59, 60, 61, 62, 63, 64, 65, 66, 67, 68, 69, 70, 71, 72, 73, 74, 75, 76, 77, 78, 79, 80, 81, 82, 83, 84, 85, 86, 87, 88, 89]",90,False,2.232035798593913e-05,1.3210141942053198e-08,7.4357159479990255e-06,40.0
A1,0,0,0,0,408,0.0,0.0,0.0,cao2018,S01/051017m,all_channel,mean,mean__all_channel__A1,32,90,"[0, 1, 2, 3, 4, 5, 6, 7, 8, 9, 10, 11, 12, 13, 14, 15, 16, 17, 18, 19, 20, 21, 22, 23, 24, 25, 26, 27, 28, 29, 30, 31, 32, 33, 34, 35, 36, 37, 38, 39, 40, 41, 42, 43, 44, 45, 46, 47, 48, 49, 50, 51, 52, 53, 54, 55, 56, 57, 58, 59, 60, 61, 62, 63, 64, 65, 66, 67, 68, 69, 70, 71, 72, 73, 74, 75, 76, 77, 78, 79, 80, 81, 82, 83, 84, 85, 86, 87, 88, 89]",90,False,0.0,0.0,0.0,40.0
A2,0,0,0,0,408,0.0,0.0,0.0,cao2018,S01/051017m,all_channel,mean,mean__all_channel__A2,32,90,"[0, 1, 2, 3, 4, 5, 6, 7, 8, 9, 10, 11, 12, 13, 14, 15, 16, 17, 18, 19, 20, 21, 22, 23, 24, 25, 26, 27, 28, 29, 30, 31, 32, 33, 34, 35, 36, 37, 38, 39, 40, 41, 42, 43, 44, 45, 46, 47, 48, 49, 50, 51, 52, 53, 54, 55, 56, 57, 58, 59, 60, 61, 62, 63, 64, 65, 66, 67, 68, 69, 70, 71, 72, 73, 74, 75, 76, 77, 78, 79, 80, 81, 82, 83, 84, 85, 86, 87, 88, 89]",90,False,0.0,0.0,0.0,40.0
FP1,662,662,328,334,80,0.4954682779456193,0.803921568627451,0.6130841121495326,cao2018,S01/051017m,frontal,median,median__frontal__FP1,4,90,"[0, 1, 2, 3, 4, 5, 6, 7, 8, 9, 10, 11, 12, 13, 14, 15, 16, 17, 18, 19, 20, 21, 22, 23, 24, 25, 26, 27, 28, 29, 30, 31, 32, 33, 34, 35, 36, 37, 38, 39, 40, 41, 42, 43, 44, 45, 46, 47, 48, 49, 50, 51, 52, 53, 54, 55, 56, 57, 58, 59, 60, 61, 62, 63, 64, 65, 66, 67, 68, 69, 70, 71, 72, 73, 74, 75, 76, 77, 78, 79, 80, 81, 82, 83, 84, 85, 86, 87, 88, 89]",90,False,4.0455788456515556e-05,-6.334963431954062e-07,1.369642826657032e-05,40.0
FP2,574,574,259,315,149,0.45121951219512196,0.6348039215686274,0.5274949083503055,cao2018,S01/051017m,frontal,median,median__frontal__FP2,4,90,"[0, 1, 2, 3, 4, 5, 6, 7, 8, 9, 10, 11, 12, 13, 14, 15, 16, 17, 18, 19, 20, 21, 22, 23, 24, 25, 26, 27, 28, 29, 30, 31, 32, 33, 34, 35, 36, 37, 38, 39, 40, 41, 42, 43, 44, 45, 46, 47, 48, 49, 50, 51, 52, 53, 54, 55, 56, 57, 58, 59, 60, 61, 62, 63, 64, 65, 66, 67, 68, 69, 70, 71, 72, 73, 74, 75, 76, 77, 78, 79, 80, 81, 82, 83, 84, 85, 86, 87, 88, 89]",90,False,3.788134745264788e-05,-3.7085953524954637e-07,1.2750735662632476e-05,40.0
F4,357,357,78,279,330,0.2184873949579832,0.19117647058823528,0.20392156862745098,cao2018,S01/051017m,frontal,median,median__frontal__F4,4,90,"[0, 1, 2, 3, 4, 5, 6, 7, 8, 9, 10, 11, 12, 13, 14, 15, 16, 17, 18, 19, 20, 21, 22, 23, 24, 25, 26, 27, 28, 29, 30, 31, 32, 33, 34, 35, 36, 37, 38, 39, 40, 41, 42, 43, 44, 45, 46, 47, 48, 49, 50, 51, 52, 53, 54, 55, 56, 57, 58, 59, 60, 61, 62, 63, 64, 65, 66, 67, 68, 69, 70, 71, 72, 73, 74, 75, 76, 77, 78, 79, 80, 81, 82, 83, 84, 85, 86, 87, 88, 89]",90,False,3.49143458358455e-05,-5.7244303797291963e-08,1.1657196713214266e-05,40.0
F3,308,308,60,248,348,0.19480519480519481,0.14705882352941177,0.1675977653631285,cao2018,S01/051017m,frontal,median,median__frontal__F3,4,90,"[0, 1, 2, 3, 4, 5, 6, 7, 8, 9, 10, 11, 12, 13, 14, 15, 16, 17, 18, 19, 20, 21, 22, 23, 24, 25, 26, 27, 28, 29, 30, 31, 32, 33, 34, 35, 36, 37, 38, 39, 40, 41, 42, 43, 44, 45, 46, 47, 48, 49, 50, 51, 52, 53, 54, 55, 56, 57, 58, 59, 60, 61, 62, 63, 64, 65, 66, 67, 68, 69, 70, 71, 72, 73, 74, 75, 76, 77, 78, 79, 80, 81, 82, 83, 84, 85, 86, 87, 88, 89]",90,False,3.538839981066236e-05,0.0,1.1796133270220787e-05,40.0
FP1,643,643,323,320,85,0.5023328149300156,0.7916666666666666,0.6146527117031398,cao2018,S01/051017m,frontal,mean,mean__frontal__FP1,4,90,"[0, 1, 2, 3, 4, 5, 6, 7, 8, 9, 10, 11, 12, 13, 14, 15, 16, 17, 18, 19, 20, 21, 22, 23, 24, 25, 26, 27, 28, 29, 30, 31, 32, 33, 34, 35, 36, 37, 38, 39, 40, 41, 42, 43, 44, 45, 46, 47, 48, 49, 50, 51, 52, 53, 54, 55, 56, 57, 58, 59, 60, 61, 62, 63, 64, 65, 66, 67, 68, 69, 70, 71, 72, 73, 74, 75, 76, 77, 78, 79, 80, 81, 82, 83, 84, 85, 86, 87, 88, 89]",90,False,4.109894090968945e-05,9.656109978486456e-09,1.369642826657032e-05,40.0
FP2,559,559,255,304,153,0.4561717352415027,0.625,0.5274043433298863,cao2018,S01/051017m,frontal,mean,mean__frontal__FP2,4,90,"[0, 1, 2, 3, 4, 5, 6, 7, 8, 9, 10, 11, 12, 13, 14, 15, 16, 17, 18, 19, 20, 21, 22, 23, 24, 25, 26, 27, 28, 29, 30, 31, 32, 33, 34, 35, 36, 37, 38, 39, 40, 41, 42, 43, 44, 45, 46, 47, 48, 49, 50, 51, 52, 53, 54, 55, 56, 57, 58, 59, 60, 61, 62, 63, 64, 65, 66, 67, 68, 69, 70, 71, 72, 73, 74, 75, 76, 77, 78, 79, 80, 81, 82, 83, 84, 85, 86, 87, 88, 89]",90,False,3.826348974765289e-05,1.1282759755463063e-08,1.2750735662632476e-05,40.0
F4,356,356,77,279,331,0.21629213483146068,0.18872549019607843,0.20157068062827224,cao2018,S01/051017m,frontal,mean,mean__frontal__F4,4,90,"[0, 1, 2, 3, 4, 5, 6, 7, 8, 9, 10, 11, 12, 13, 14, 15, 16, 17, 18, 19, 20, 21, 22, 23, 24, 25, 26, 27, 28, 29, 30, 31, 32, 33, 34, 35, 36, 37, 38, 39, 40, 41, 42, 43, 44, 45, 46, 47, 48, 49, 50, 51, 52, 53, 54, 55, 56, 57, 58, 59, 60, 61, 62, 63, 64, 65, 66, 67, 68, 69, 70, 71, 72, 73, 74, 75, 76, 77, 78, 79, 80, 81, 82, 83, 84, 85, 86, 87, 88, 89]",90,False,3.4991522783764355e-05,1.993264412156083e-08,1.1657196713214266e-05,40.0
F3,305,305,60,245,348,0.19672131147540983,0.14705882352941177,0.16830294530154277,cao2018,S01/051017m,frontal,mean,mean__frontal__F3,4,90,"[0, 1, 2, 3, 4, 5, 6, 7, 8, 9, 10, 11, 12, 13, 14, 15, 16, 17, 18, 19, 20, 21, 22, 23, 24, 25, 26, 27, 28, 29, 30, 31, 32, 33, 34, 35, 36, 37, 38, 39, 40, 41, 42, 43, 44, 45, 46, 47, 48, 49, 50, 51, 52, 53, 54, 55, 56, 57, 58, 59, 60, 61, 62, 63, 64, 65, 66, 67, 68, 69, 70, 71, 72, 73, 74, 75, 76, 77, 78, 79, 80, 81, 82, 83, 84, 85, 86, 87, 88, 89]",90,False,3.546547455848926e-05,7.707474782689654e-08,1.1796133270220787e-05,40.0
FP1,662,662,328,334,80,0.4954682779456193,0.803921568627451,0.6130841121495326,cao2018,S01/051017m,frontal_left,median,median__frontal_left__FP1,2,90,"[0, 1, 2, 3, 4, 5, 6, 7, 8, 9, 10, 11, 12, 13, 14, 15, 16, 17, 18, 19, 20, 21, 22, 23, 24, 25, 26, 27, 28, 29, 30, 31, 32, 33, 34, 35, 36, 37, 38, 39, 40, 41, 42, 43, 44, 45, 46, 47, 48, 49, 50, 51, 52, 53, 54, 55, 56, 57, 58, 59, 60, 61, 62, 63, 64, 65, 66, 67, 68, 69, 70, 71, 72, 73, 74, 75, 76, 77, 78, 79, 80, 81, 82, 83, 84, 85, 86, 87, 88, 89]",90,False,4.0455788456515556e-05,-6.334963431954062e-07,1.369642826657032e-05,40.0
F3,308,308,60,248,348,0.19480519480519481,0.14705882352941177,0.1675977653631285,cao2018,S01/051017m,frontal_left,median,median__frontal_left__F3,2,90,"[0, 1, 2, 3, 4, 5, 6, 7, 8, 9, 10, 11, 12, 13, 14, 15, 16, 17, 18, 19, 20, 21, 22, 23, 24, 25, 26, 27, 28, 29, 30, 31, 32, 33, 34, 35, 36, 37, 38, 39, 40, 41, 42, 43, 44, 45, 46, 47, 48, 49, 50, 51, 52, 53, 54, 55, 56, 57, 58, 59, 60, 61, 62, 63, 64, 65, 66, 67, 68, 69, 70, 71, 72, 73, 74, 75, 76, 77, 78, 79, 80, 81, 82, 83, 84, 85, 86, 87, 88, 89]",90,False,3.538839981066236e-05,0.0,1.1796133270220787e-05,40.0
FP1,643,643,323,320,85,0.5023328149300156,0.7916666666666666,0.6146527117031398,cao2018,S01/051017m,frontal_left,mean,mean__frontal_left__FP1,2,90,"[0, 1, 2, 3, 4, 5, 6, 7, 8, 9, 10, 11, 12, 13, 14, 15, 16, 17, 18, 19, 20, 21, 22, 23, 24, 25, 26, 27, 28, 29, 30, 31, 32, 33, 34, 35, 36, 37, 38, 39, 40, 41, 42, 43, 44, 45, 46, 47, 48, 49, 50, 51, 52, 53, 54, 55, 56, 57, 58, 59, 60, 61, 62, 63, 64, 65, 66, 67, 68, 69, 70, 71, 72, 73, 74, 75, 76, 77, 78, 79, 80, 81, 82, 83, 84, 85, 86, 87, 88, 89]",90,False,4.109894090968945e-05,9.656109978486456e-09,1.369642826657032e-05,40.0
F3,305,305,60,245,348,0.19672131147540983,0.14705882352941177,0.16830294530154277,cao2018,S01/051017m,frontal_left,mean,mean__frontal_left__F3,2,90,"[0, 1, 2, 3, 4, 5, 6, 7, 8, 9, 10, 11, 12, 13, 14, 15, 16, 17, 18, 19, 20, 21, 22, 23, 24, 25, 26, 27, 28, 29, 30, 31, 32, 33, 34, 35, 36, 37, 38, 39, 40, 41, 42, 43, 44, 45, 46, 47, 48, 49, 50, 51, 52, 53, 54, 55, 56, 57, 58, 59, 60, 61, 62, 63, 64, 65, 66, 67, 68, 69, 70, 71, 72, 73, 74, 75, 76, 77, 78, 79, 80, 81, 82, 83, 84, 85, 86, 87, 88, 89]",90,False,3.546547455848926e-05,7.707474782689654e-08,1.1796133270220787e-05,40.0
FP2,427,427,201,226,207,0.4707259953161593,0.49264705882352944,0.481437125748503,cao2018,S01/051017m,frontal_right,median,median__frontal_right__FP2,2,90,"[9, 13, 19, 23, 25, 26, 27, 28, 29, 30, 31, 40, 41, 42, 43, 44, 45, 46, 47, 48, 52, 54, 63, 64, 67, 71, 72, 75, 76, 77, 78, 79, 81, 82, 83, 84, 85, 88, 89]",39,False,4.479704330580883e-05,-5.161433374593129e-07,1.5104395547756046e-05,40.0
F4,263,263,58,205,350,0.22053231939163498,0.14215686274509803,0.17287630402384502,cao2018,S01/051017m,frontal_right,median,median__frontal_right__F4,2,90,"[9, 13, 19, 23, 25, 26, 27, 28, 29, 30, 31, 40, 41, 42, 43, 44, 45, 46, 47, 48, 52, 54, 63, 64, 67, 71, 72, 75, 76, 77, 78, 79, 81, 82, 83, 84, 85, 88, 89]",39,False,4.116877901444898e-05,-1.1300296885022673e-08,1.3726693103778002e-05,40.0
FP2,416,416,197,219,211,0.4735576923076923,0.48284313725490197,0.47815533980582525,cao2018,S01/051017m,frontal_right,mean,mean__frontal_right__FP2,2,90,"[9, 13, 19, 23, 25, 26, 27, 28, 29, 30, 31, 40, 41, 42, 43, 44, 45, 46, 47, 48, 52, 54, 63, 64, 67, 71, 72, 75, 76, 77, 78, 79, 81, 82, 83, 84, 85, 88, 89]",39,False,4.533969037678476e-05,2.6503733516621426e-08,1.5104395547756046e-05,40.0
F4,260,260,58,202,350,0.2230769230769231,0.14215686274509803,0.17365269461077842,cao2018,S01/051017m,frontal_right,mean,mean__frontal_right__F4,2,90,"[9, 13, 19, 23, 25, 26, 27, 28, 29, 30, 31, 40, 41, 42, 43, 44, 45, 46, 47, 48, 52, 54, 63, 64, 67, 71, 72, 75, 76, 77, 78, 79, 81, 82, 83, 84, 85, 88, 89]",39,False,4.1217862875345945e-05,3.778356401194102e-08,1.3726693103778002e-05,40.0
FP1,533,533,283,250,125,0.5309568480300187,0.6936274509803921,0.6014877789585548,cao2018,S01/051017m,all_channel,median,median__all_channel__FP1,32,72,"[7, 11, 15, 17, 18, 20, 21, 22, 23, 24, 25, 26, 32, 33, 34, 35, 36, 37, 38, 39, 41, 42, 43, 50, 51, 52, 54, 57, 60, 61, 62, 63, 65, 66, 67, 68, 69, 70, 71]",39,False,4.5436257702465626e-05,-9.067054909040009e-07,1.5447654397789876e-05,50.0
FP2,468,468,220,248,188,0.4700854700854701,0.5392156862745098,0.5022831050228311,cao2018,S01/051017m,all_channel,median,median__all_channel__FP2,32,72,"[7, 11, 15, 17, 18, 20, 21, 22, 23, 24, 25, 26, 32, 33, 34, 35, 36, 37, 38, 39, 41, 42, 43, 50, 51, 52, 54, 57, 60, 61, 62, 63, 65, 66, 67, 68, 69, 70, 71]",39,False,4.234538028356255e-05,-5.162602467937563e-07,1.4287213510118767e-05,50.0
F8,352,352,119,233,289,0.3380681818181818,0.2916666666666667,0.31315789473684214,cao2018,S01/051017m,all_channel,median,median__all_channel__F8,32,72,"[7, 11, 15, 17, 18, 20, 21, 22, 23, 24, 25, 26, 32, 33, 34, 35, 36, 37, 38, 39, 41, 42, 43, 50, 51, 52, 54, 57, 60, 61, 62, 63, 65, 66, 67, 68, 69, 70, 71]",39,False,3.2802176550021675e-05,-1.5018908606163024e-07,1.0984121878694435e-05,50.0
FT8,247,247,76,171,332,0.3076923076923077,0.18627450980392157,0.2320610687022901,cao2018,S01/051017m,all_channel,median,median__all_channel__FT8,32,72,"[7, 11, 15, 17, 18, 20, 21, 22, 23, 24, 25, 26, 32, 33, 34, 35, 36, 37, 38, 39, 41, 42, 43, 50, 51, 52, 54, 57, 60, 61, 62, 63, 65, 66, 67, 68, 69, 70, 71]",39,False,2.5795710665206136e-05,-5.293066765166577e-08,8.616213777619268e-06,50.0
F4,294,294,62,232,346,0.2108843537414966,0.15196078431372548,0.1766381766381766,cao2018,S01/051017m,all_channel,median,median__all_channel__F4,32,72,"[7, 11, 15, 17, 18, 20, 21, 22, 23, 24, 25, 26, 32, 33, 34, 35, 36, 37, 38, 39, 41, 42, 43, 50, 51, 52, 54, 57, 60, 61, 62, 63, 65, 66, 67, 68, 69, 70, 71]",39,False,3.890222183670319e-05,-2.7249729884737797e-08,1.2976490522195976e-05,50.0
T4,237,237,55,182,353,0.2320675105485232,0.13480392156862744,0.1705426356589147,cao2018,S01/051017m,all_channel,median,median__all_channel__T4,32,72,"[7, 11, 15, 17, 18, 20, 21, 22, 23, 24, 25, 26, 32, 33, 34, 35, 36, 37, 38, 39, 41, 42, 43, 50, 51, 52, 54, 57, 60, 61, 62, 63, 65, 66, 67, 68, 69, 70, 71]",39,False,2.30071391810466e-05,1.591995479069384e-08,7.663739742085302e-06,50.0
F7,181,181,50,131,358,0.27624309392265195,0.12254901960784313,0.16977928692699487,cao2018,S01/051017m,all_channel,median,median__all_channel__F7,32,72,"[7, 11, 15, 17, 18, 20, 21, 22, 23, 24, 25, 26, 32, 33, 34, 35, 36, 37, 38, 39, 41, 42, 43, 50, 51, 52, 54, 57, 60, 61, 62, 63, 65, 66, 67, 68, 69, 70, 71]",39,False,3.597554664617098e-05,-7.544930127118708e-08,1.2016998649147387e-05,50.0
F3,256,256,51,205,357,0.19921875,0.125,0.1536144578313253,cao2018,S01/051017m,all_channel,median,median__all_channel__F3,32,72,"[7, 11, 15, 17, 18, 20, 21, 22, 23, 24, 25, 26, 32, 33, 34, 35, 36, 37, 38, 39, 41, 42, 43, 50, 51, 52, 54, 57, 60, 61, 62, 63, 65, 66, 67, 68, 69, 70, 71]",39,False,3.797797984626479e-05,-1.7791226666759847e-17,1.2659326615427528e-05,50.0
FC4,273,273,46,227,362,0.1684981684981685,0.11274509803921569,0.1350954478707783,cao2018,S01/051017m,all_channel,median,median__all_channel__FC4,32,72,"[7, 11, 15, 17, 18, 20, 21, 22, 23, 24, 25, 26, 32, 33, 34, 35, 36, 37, 38, 39, 41, 42, 43, 50, 51, 52, 54, 57, 60, 61, 62, 63, 65, 66, 67, 68, 69, 70, 71]",39,False,3.532145498219325e-05,5.21634601820738e-08,1.1756430507337057e-05,50.0
FZ,270,270,45,225,363,0.16666666666666666,0.11029411764705882,0.1327433628318584,cao2018,S01/051017m,all_channel,median,median__all_channel__FZ,32,72,"[7, 11, 15, 17, 18, 20, 21, 22, 23, 24, 25, 26, 32, 33, 34, 35, 36, 37, 38, 39, 41, 42, 43, 50, 51, 52, 54, 57, 60, 61, 62, 63, 65, 66, 67, 68, 69, 70, 71]",39,False,4.1722443018596056e-05,1.3407673002207909e-08,1.3903011781864616e-05,50.0
TP8,160,160,36,124,372,0.225,0.08823529411764706,0.12676056338028172,cao2018,S01/051017m,all_channel,median,median__all_channel__TP8,32,72,"[7, 11, 15, 17, 18, 20, 21, 22, 23, 24, 25, 26, 32, 33, 34, 35, 36, 37, 38, 39, 41, 42, 43, 50, 51, 52, 54, 57, 60, 61, 62, 63, 65, 66, 67, 68, 69, 70, 71]",39,False,1.975130819937202e-05,6.998559360462107e-08,6.560440868589134e-06,50.0
C4,262,262,37,225,371,0.14122137404580154,0.09068627450980392,0.11044776119402985,cao2018,S01/051017m,all_channel,median,median__all_channel__C4,32,72,"[7, 11, 15, 17, 18, 20, 21, 22, 23, 24, 25, 26, 32, 33, 34, 35, 36, 37, 38, 39, 41, 42, 43, 50, 51, 52, 54, 57, 60, 61, 62, 63, 65, 66, 67, 68, 69, 70, 71]",39,False,3.153073931635852e-05,7.039885358951764e-08,1.0486780154256334e-05,50.0
FT7,151,151,25,126,383,0.16556291390728478,0.061274509803921566,0.08944543828264759,cao2018,S01/051017m,all_channel,median,median__all_channel__FT7,32,72,"[7, 11, 15, 17, 18, 20, 21, 22, 23, 24, 25, 26, 32, 33, 34, 35, 36, 37, 38, 39, 41, 42, 43, 50, 51, 52, 54, 57, 60, 61, 62, 63, 65, 66, 67, 68, 69, 70, 71]",39,False,3.1122097004764e-05,4.5478769677499345e-08,1.0358872745028834e-05,50.0
CP4,229,229,27,202,381,0.11790393013100436,0.0661764705882353,0.0847723704866562,cao2018,S01/051017m,all_channel,median,median__all_channel__CP4,32,72,"[7, 11, 15, 17, 18, 20, 21, 22, 23, 24, 25, 26, 32, 33, 34, 35, 36, 37, 38, 39, 41, 42, 43, 50, 51, 52, 54, 57, 60, 61, 62, 63, 65, 66, 67, 68, 69, 70, 71]",39,False,2.9804537390196664e-05,9.93959725492339e-08,9.901713805882477e-06,50.0
FCZ,259,259,27,232,381,0.10424710424710425,0.0661764705882353,0.08095952023988005,cao2018,S01/051017m,all_channel,median,median__all_channel__FCZ,32,72,"[7, 11, 15, 17, 18, 20, 21, 22, 23, 24, 25, 26, 32, 33, 34, 35, 36, 37, 38, 39, 41, 42, 43, 50, 51, 52, 54, 57, 60, 61, 62, 63, 65, 66, 67, 68, 69, 70, 71]",39,False,3.9357758961352345e-05,1.5215918853851234e-07,1.306853325760461e-05,50.0
FC3,200,200,24,176,384,0.12,0.058823529411764705,0.07894736842105263,cao2018,S01/051017m,all_channel,median,median__all_channel__FC3,32,72,"[7, 11, 15, 17, 18, 20, 21, 22, 23, 24, 25, 26, 32, 33, 34, 35, 36, 37, 38, 39, 41, 42, 43, 50, 51, 52, 54, 57, 60, 61, 62, 63, 65, 66, 67, 68, 69, 70, 71]",39,False,3.655126568838439e-05,2.9183305936364045e-08,1.2174027460816008e-05,50.0
T6,130,130,21,109,387,0.16153846153846155,0.051470588235294115,0.07806691449814125,cao2018,S01/051017m,all_channel,median,median__all_channel__T6,32,72,"[7, 11, 15, 17, 18, 20, 21, 22, 23, 24, 25, 26, 32, 33, 34, 35, 36, 37, 38, 39, 41, 42, 43, 50, 51, 52, 54, 57, 60, 61, 62, 63, 65, 66, 67, 68, 69, 70, 71]",39,False,1.8442962708150202e-05,1.1079609031194177e-08,6.1439610330396695e-06,50.0
T3,131,131,19,112,389,0.1450381679389313,0.04656862745098039,0.0705009276437848,cao2018,S01/051017m,all_channel,median,median__all_channel__T3,32,72,"[7, 11, 15, 17, 18, 20, 21, 22, 23, 24, 25, 26, 32, 33, 34, 35, 36, 37, 38, 39, 41, 42, 43, 50, 51, 52, 54, 57, 60, 61, 62, 63, 65, 66, 67, 68, 69, 70, 71]",39,False,2.7948444014124652e-05,8.873235010778521e-08,9.286570554672288e-06,50.0
P4,190,190,21,169,387,0.11052631578947368,0.051470588235294115,0.07023411371237458,cao2018,S01/051017m,all_channel,median,median__all_channel__P4,32,72,"[7, 11, 15, 17, 18, 20, 21, 22, 23, 24, 25, 26, 32, 33, 34, 35, 36, 37, 38, 39, 41, 42, 43, 50, 51, 52, 54, 57, 60, 61, 62, 63, 65, 66, 67, 68, 69, 70, 71]",39,False,2.696840457493051e-05,6.593795349168776e-08,8.967488873812941e-06,50.0
CZ,302,302,24,278,384,0.07947019867549669,0.058823529411764705,0.06760563380281691,cao2018,S01/051017m,all_channel,median,median__all_channel__CZ,32,72,"[7, 11, 15, 17, 18, 20, 21, 22, 23, 24, 25, 26, 32, 33, 34, 35, 36, 37, 38, 39, 41, 42, 43, 50, 51, 52, 54, 57, 60, 61, 62, 63, 65, 66, 67, 68, 69, 70, 71]",39,False,3.5805486378098936e-05,8.75390746176391e-08,1.1905982434493765e-05,50.0
C3,200,200,19,181,389,0.095,0.04656862745098039,0.0625,cao2018,S01/051017m,all_channel,median,median__all_channel__C3,32,72,"[7, 11, 15, 17, 18, 20, 21, 22, 23, 24, 25, 26, 32, 33, 34, 35, 36, 37, 38, 39, 41, 42, 43, 50, 51, 52, 54, 57, 60, 61, 62, 63, 65, 66, 67, 68, 69, 70, 71]",39,False,3.3666501762067584e-05,7.398081680616696e-08,1.1197506981753804e-05,50.0
TP7,96,96,15,81,393,0.15625,0.03676470588235294,0.05952380952380953,cao2018,S01/051017m,all_channel,median,median__all_channel__TP7,32,72,"[7, 11, 15, 17, 18, 20, 21, 22, 23, 24, 25, 26, 32, 33, 34, 35, 36, 37, 38, 39, 41, 42, 43, 50, 51, 52, 54, 57, 60, 61, 62, 63, 65, 66, 67, 68, 69, 70, 71]",39,False,2.584602237597205e-05,-6.603488175006266e-09,8.617541954715686e-06,50.0
CP3,171,171,16,155,392,0.0935672514619883,0.0392156862745098,0.055267702936096716,cao2018,S01/051017m,all_channel,median,median__all_channel__CP3,32,72,"[7, 11, 15, 17, 18, 20, 21, 22, 23, 24, 25, 26, 32, 33, 34, 35, 36, 37, 38, 39, 41, 42, 43, 50, 51, 52, 54, 57, 60, 61, 62, 63, 65, 66, 67, 68, 69, 70, 71]",39,False,3.0986579495099365e-05,6.893330201872242e-08,1.0305882064360213e-05,50.0
CPZ,241,241,17,224,391,0.07053941908713693,0.041666666666666664,0.052388289676425275,cao2018,S01/051017m,all_channel,median,median__all_channel__CPZ,32,72,"[7, 11, 15, 17, 18, 20, 21, 22, 23, 24, 25, 26, 32, 33, 34, 35, 36, 37, 38, 39, 41, 42, 43, 50, 51, 52, 54, 57, 60, 61, 62, 63, 65, 66, 67, 68, 69, 70, 71]",39,False,3.2320280117432534e-05,7.148613120405485e-08,1.0749597995409492e-05,50.0
P3,151,151,14,137,394,0.09271523178807947,0.03431372549019608,0.05008944543828264,cao2018,S01/051017m,all_channel,median,median__all_channel__P3,32,72,"[7, 11, 15, 17, 18, 20, 21, 22, 23, 24, 25, 26, 32, 33, 34, 35, 36, 37, 38, 39, 41, 42, 43, 50, 51, 52, 54, 57, 60, 61, 62, 63, 65, 66, 67, 68, 69, 70, 71]",39,False,2.9389940435499168e-05,5.4674257405256405e-08,9.778422059364637e-06,50.0
PZ,184,184,13,171,395,0.07065217391304347,0.031862745098039214,0.043918918918918914,cao2018,S01/051017m,all_channel,median,median__all_channel__PZ,32,72,"[7, 11, 15, 17, 18, 20, 21, 22, 23, 24, 25, 26, 32, 33, 34, 35, 36, 37, 38, 39, 41, 42, 43, 50, 51, 52, 54, 57, 60, 61, 62, 63, 65, 66, 67, 68, 69, 70, 71]",39,False,2.9655712973924067e-05,4.520196669576506e-08,9.870170335742768e-06,50.0
T5,86,86,9,77,399,0.10465116279069768,0.022058823529411766,0.036437246963562764,cao2018,S01/051017m,all_channel,median,median__all_channel__T5,32,72,"[7, 11, 15, 17, 18, 20, 21, 22, 23, 24, 25, 26, 32, 33, 34, 35, 36, 37, 38, 39, 41, 42, 43, 50, 51, 52, 54, 57, 60, 61, 62, 63, 65, 66, 67, 68, 69, 70, 71]",39,False,2.6177363295398136e-05,-7.561323385019926e-08,8.750992176416112e-06,50.0
O2,96,96,8,88,400,0.08333333333333333,0.0196078431372549,0.031746031746031744,cao2018,S01/051017m,all_channel,median,median__all_channel__O2,32,72,"[7, 11, 15, 17, 18, 20, 21, 22, 23, 24, 25, 26, 32, 33, 34, 35, 36, 37, 38, 39, 41, 42, 43, 50, 51, 52, 54, 57, 60, 61, 62, 63, 65, 66, 67, 68, 69, 70, 71]",39,False,2.375840267094261e-05,-9.213889341575107e-08,7.950180521452787e-06,50.0
O1,84,84,6,78,402,0.07142857142857142,0.014705882352941176,0.024390243902439025,cao2018,S01/051017m,all_channel,median,median__all_channel__O1,32,72,"[7, 11, 15, 17, 18, 20, 21, 22, 23, 24, 25, 26, 32, 33, 34, 35, 36, 37, 38, 39, 41, 42, 43, 50, 51, 52, 54, 57, 60, 61, 62, 63, 65, 66, 67, 68, 69, 70, 71]",39,False,2.520166799149452e-05,-1.752986882434172e-07,8.45898889324598e-06,50.0
OZ,106,106,4,102,404,0.03773584905660377,0.00980392156862745,0.01556420233463035,cao2018,S01/051017m,all_channel,median,median__all_channel__OZ,32,72,"[7, 11, 15, 17, 18, 20, 21, 22, 23, 24, 25, 26, 32, 33, 34, 35, 36, 37, 38, 39, 41, 42, 43, 50, 51, 52, 54, 57, 60, 61, 62, 63, 65, 66, 67, 68, 69, 70, 71]",39,False,2.3454358444429573e-05,-1.1906254538887493e-07,7.85780699660615e-06,50.0
A1,0,0,0,0,408,0.0,0.0,0.0,cao2018,S01/051017m,all_channel,median,median__all_channel__A1,32,72,"[7, 11, 15, 17, 18, 20, 21, 22, 23, 24, 25, 26, 32, 33, 34, 35, 36, 37, 38, 39, 41, 42, 43, 50, 51, 52, 54, 57, 60, 61, 62, 63, 65, 66, 67, 68, 69, 70, 71]",39,False,0.0,0.0,0.0,50.0
A2,0,0,0,0,408,0.0,0.0,0.0,cao2018,S01/051017m,all_channel,median,median__all_channel__A2,32,72,"[7, 11, 15, 17, 18, 20, 21, 22, 23, 24, 25, 26, 32, 33, 34, 35, 36, 37, 38, 39, 41, 42, 43, 50, 51, 52, 54, 57, 60, 61, 62, 63, 65, 66, 67, 68, 69, 70, 71]",39,False,0.0,0.0,0.0,50.0
FP1,515,515,276,239,132,0.5359223300970873,0.6764705882352942,0.5980498374864571,cao2018,S01/051017m,all_channel,mean,mean__all_channel__FP1,32,72,"[7, 11, 15, 17, 18, 20, 21, 22, 23, 24, 25, 26, 32, 33, 34, 35, 36, 37, 38, 39, 41, 42, 43, 50, 51, 52, 54, 57, 60, 61, 62, 63, 65, 66, 67, 68, 69, 70, 71]",39,False,4.6348639187426326e-05,5.675994056699631e-09,1.5447654397789876e-05,50.0
FP2,459,459,217,242,191,0.47276688453159044,0.5318627450980392,0.5005767012687428,cao2018,S01/051017m,all_channel,mean,mean__all_channel__FP2,32,72,"[7, 11, 15, 17, 18, 20, 21, 22, 23, 24, 25, 26, 32, 33, 34, 35, 36, 37, 38, 39, 41, 42, 43, 50, 51, 52, 54, 57, 60, 61, 62, 63, 65, 66, 67, 68, 69, 70, 71]",39,False,4.286884300139579e-05,7.202471039487895e-09,1.4287213510118767e-05,50.0
F8,347,347,119,228,289,0.34293948126801155,0.2916666666666667,0.3152317880794702,cao2018,S01/051017m,all_channel,mean,mean__all_channel__F8,32,72,"[7, 11, 15, 17, 18, 20, 21, 22, 23, 24, 25, 26, 32, 33, 34, 35, 36, 37, 38, 39, 41, 42, 43, 50, 51, 52, 54, 57, 60, 61, 62, 63, 65, 66, 67, 68, 69, 70, 71]",39,False,3.297422815293323e-05,2.186251684992768e-08,1.0984121878694435e-05,50.0
FT8,246,246,76,170,332,0.3089430894308943,0.18627450980392157,0.2324159021406728,cao2018,S01/051017m,all_channel,mean,mean__all_channel__FT8,32,72,"[7, 11, 15, 17, 18, 20, 21, 22, 23, 24, 25, 26, 32, 33, 34, 35, 36, 37, 38, 39, 41, 42, 43, 50, 51, 52, 54, 57, 60, 61, 62, 63, 65, 66, 67, 68, 69, 70, 71]",39,False,2.5863789250921447e-05,1.5147918063643218e-08,8.616213777619268e-06,50.0
F4,292,292,62,230,346,0.21232876712328766,0.15196078431372548,0.1771428571428571,cao2018,S01/051017m,all_channel,mean,mean__all_channel__F4,32,72,"[7, 11, 15, 17, 18, 20, 21, 22, 23, 24, 25, 26, 32, 33, 34, 35, 36, 37, 38, 39, 41, 42, 43, 50, 51, 52, 54, 57, 60, 61, 62, 63, 65, 66, 67, 68, 69, 70, 71]",39,False,3.895258475002226e-05,2.311318343433031e-08,1.2976490522195976e-05,50.0
F7,178,178,50,128,358,0.2808988764044944,0.12254901960784313,0.17064846416382254,cao2018,S01/051017m,all_channel,mean,mean__all_channel__F7,32,72,"[7, 11, 15, 17, 18, 20, 21, 22, 23, 24, 25, 26, 32, 33, 34, 35, 36, 37, 38, 39, 41, 42, 43, 50, 51, 52, 54, 57, 60, 61, 62, 63, 65, 66, 67, 68, 69, 70, 71]",39,False,3.606648859898714e-05,1.5492651544976455e-08,1.2016998649147387e-05,50.0
T4,237,237,55,182,353,0.2320675105485232,0.13480392156862744,0.1705426356589147,cao2018,S01/051017m,all_channel,mean,mean__all_channel__T4,32,72,"[7, 11, 15, 17, 18, 20, 21, 22, 23, 24, 25, 26, 32, 33, 34, 35, 36, 37, 38, 39, 41, 42, 43, 50, 51, 52, 54, 57, 60, 61, 62, 63, 65, 66, 67, 68, 69, 70, 71]",39,False,2.301206122188371e-05,2.0841995627801707e-08,7.663739742085302e-06,50.0
F3,256,256,51,205,357,0.19921875,0.125,0.1536144578313253,cao2018,S01/051017m,all_channel,mean,mean__all_channel__F3,32,72,"[7, 11, 15, 17, 18, 20, 21, 22, 23, 24, 25, 26, 32, 33, 34, 35, 36, 37, 38, 39, 41, 42, 43, 50, 51, 52, 54, 57, 60, 61, 62, 63, 65, 66, 67, 68, 69, 70, 71]",39,False,3.798709695322948e-05,9.117106946904452e-09,1.2659326615427528e-05,50.0
FC4,273,273,46,227,362,0.1684981684981685,0.11274509803921569,0.1350954478707783,cao2018,S01/051017m,all_channel,mean,mean__all_channel__FC4,32,72,"[7, 11, 15, 17, 18, 20, 21, 22, 23, 24, 25, 26, 32, 33, 34, 35, 36, 37, 38, 39, 41, 42, 43, 50, 51, 52, 54, 57, 60, 61, 62, 63, 65, 66, 67, 68, 69, 70, 71]",39,False,3.529810014585978e-05,2.8808623848603302e-08,1.1756430507337057e-05,50.0
FZ,270,270,45,225,363,0.16666666666666666,0.11029411764705882,0.1327433628318584,cao2018,S01/051017m,all_channel,mean,mean__all_channel__FZ,32,72,"[7, 11, 15, 17, 18, 20, 21, 22, 23, 24, 25, 26, 32, 33, 34, 35, 36, 37, 38, 39, 41, 42, 43, 50, 51, 52, 54, 57, 60, 61, 62, 63, 65, 66, 67, 68, 69, 70, 71]",39,False,4.172893893501708e-05,1.990358942323878e-08,1.3903011781864616e-05,50.0
TP8,160,160,36,124,372,0.225,0.08823529411764706,0.12676056338028172,cao2018,S01/051017m,all_channel,mean,mean__all_channel__TP8,32,72,"[7, 11, 15, 17, 18, 20, 21, 22, 23, 24, 25, 26, 32, 33, 34, 35, 36, 37, 38, 39, 41, 42, 43, 50, 51, 52, 54, 57, 60, 61, 62, 63, 65, 66, 67, 68, 69, 70, 71]",39,False,1.9703227842297032e-05,2.1905236529630405e-08,6.560440868589134e-06,50.0
C4,265,265,37,228,371,0.13962264150943396,0.09068627450980392,0.1099554234769688,cao2018,S01/051017m,all_channel,mean,mean__all_channel__C4,32,72,"[7, 11, 15, 17, 18, 20, 21, 22, 23, 24, 25, 26, 32, 33, 34, 35, 36, 37, 38, 39, 41, 42, 43, 50, 51, 52, 54, 57, 60, 61, 62, 63, 65, 66, 67, 68, 69, 70, 71]",39,False,3.1493565702583185e-05,3.322523981418424e-08,1.0486780154256334e-05,50.0
FT7,151,151,25,126,383,0.16556291390728478,0.061274509803921566,0.08944543828264759,cao2018,S01/051017m,all_channel,mean,mean__all_channel__FT7,32,72,"[7, 11, 15, 17, 18, 20, 21, 22, 23, 24, 25, 26, 32, 33, 34, 35, 36, 37, 38, 39, 41, 42, 43, 50, 51, 52, 54, 57, 60, 61, 62, 63, 65, 66, 67, 68, 69, 70, 71]",39,False,3.109187573583759e-05,1.5257500751087182e-08,1.0358872745028834e-05,50.0
CP4,232,232,27,205,381,0.11637931034482758,0.0661764705882353,0.08437499999999999,cao2018,S01/051017m,all_channel,mean,mean__all_channel__CP4,32,72,"[7, 11, 15, 17, 18, 20, 21, 22, 23, 24, 25, 26, 32, 33, 34, 35, 36, 37, 38, 39, 41, 42, 43, 50, 51, 52, 54, 57, 60, 61, 62, 63, 65, 66, 67, 68, 69, 70, 71]",39,False,2.973612444118033e-05,3.098302353289961e-08,9.901713805882477e-06,50.0
FCZ,260,260,27,233,381,0.10384615384615385,0.0661764705882353,0.08083832335329341,cao2018,S01/051017m,all_channel,mean,mean__all_channel__FCZ,32,72,"[7, 11, 15, 17, 18, 20, 21, 22, 23, 24, 25, 26, 32, 33, 34, 35, 36, 37, 38, 39, 41, 42, 43, 50, 51, 52, 54, 57, 60, 61, 62, 63, 65, 66, 67, 68, 69, 70, 71]",39,False,3.923150511426816e-05,2.590534145432366e-08,1.306853325760461e-05,50.0
FC3,200,200,24,176,384,0.12,0.058823529411764705,0.07894736842105263,cao2018,S01/051017m,all_channel,mean,mean__all_channel__FC3,32,72,"[7, 11, 15, 17, 18, 20, 21, 22, 23, 24, 25, 26, 32, 33, 34, 35, 36, 37, 38, 39, 41, 42, 43, 50, 51, 52, 54, 57, 60, 61, 62, 63, 65, 66, 67, 68, 69, 70, 71]",39,False,3.654044912860213e-05,1.836674615410755e-08,1.2174027460816008e-05,50.0
T6,130,130,21,109,387,0.16153846153846155,0.051470588235294115,0.07806691449814125,cao2018,S01/051017m,all_channel,mean,mean__all_channel__T6,32,72,"[7, 11, 15, 17, 18, 20, 21, 22, 23, 24, 25, 26, 32, 33, 34, 35, 36, 37, 38, 39, 41, 42, 43, 50, 51, 52, 54, 57, 60, 61, 62, 63, 65, 66, 67, 68, 69, 70, 71]",39,False,1.8449193477525693e-05,1.73103784066859e-08,6.1439610330396695e-06,50.0
T3,134,134,20,114,388,0.14925373134328357,0.049019607843137254,0.07380073800738007,cao2018,S01/051017m,all_channel,mean,mean__all_channel__T3,32,72,"[7, 11, 15, 17, 18, 20, 21, 22, 23, 24, 25, 26, 32, 33, 34, 35, 36, 37, 38, 39, 41, 42, 43, 50, 51, 52, 54, 57, 60, 61, 62, 63, 65, 66, 67, 68, 69, 70, 71]",39,False,2.787696900686759e-05,1.7257342850722365e-08,9.286570554672288e-06,50.0
P4,191,191,21,170,387,0.1099476439790576,0.051470588235294115,0.07011686143572622,cao2018,S01/051017m,all_channel,mean,mean__all_channel__P4,32,72,"[7, 11, 15, 17, 18, 20, 21, 22, 23, 24, 25, 26, 32, 33, 34, 35, 36, 37, 38, 39, 41, 42, 43, 50, 51, 52, 54, 57, 60, 61, 62, 63, 65, 66, 67, 68, 69, 70, 71]",39,False,2.6930353751732644e-05,2.7887130293820425e-08,8.967488873812941e-06,50.0
CZ,304,304,24,280,384,0.07894736842105263,0.058823529411764705,0.06741573033707866,cao2018,S01/051017m,all_channel,mean,mean__all_channel__CZ,32,72,"[7, 11, 15, 17, 18, 20, 21, 22, 23, 24, 25, 26, 32, 33, 34, 35, 36, 37, 38, 39, 41, 42, 43, 50, 51, 52, 54, 57, 60, 61, 62, 63, 65, 66, 67, 68, 69, 70, 71]",39,False,3.5745673748139464e-05,2.772644465816817e-08,1.1905982434493765e-05,50.0
C3,201,201,19,182,389,0.0945273631840796,0.04656862745098039,0.06239737274220032,cao2018,S01/051017m,all_channel,mean,mean__all_channel__C3,32,72,"[7, 11, 15, 17, 18, 20, 21, 22, 23, 24, 25, 26, 32, 33, 34, 35, 36, 37, 38, 39, 41, 42, 43, 50, 51, 52, 54, 57, 60, 61, 62, 63, 65, 66, 67, 68, 69, 70, 71]",39,False,3.3617512176282065e-05,2.49912310206482e-08,1.1197506981753804e-05,50.0
TP7,96,96,15,81,393,0.15625,0.03676470588235294,0.05952380952380953,cao2018,S01/051017m,all_channel,mean,mean__all_channel__TP7,32,72,"[7, 11, 15, 17, 18, 20, 21, 22, 23, 24, 25, 26, 32, 33, 34, 35, 36, 37, 38, 39, 41, 42, 43, 50, 51, 52, 54, 57, 60, 61, 62, 63, 65, 66, 67, 68, 69, 70, 71]",39,False,2.5864101639945062e-05,1.1475775798005356e-08,8.617541954715686e-06,50.0
CP3,171,171,16,155,392,0.0935672514619883,0.0392156862745098,0.055267702936096716,cao2018,S01/051017m,all_channel,mean,mean__all_channel__CP3,32,72,"[7, 11, 15, 17, 18, 20, 21, 22, 23, 24, 25, 26, 32, 33, 34, 35, 36, 37, 38, 39, 41, 42, 43, 50, 51, 52, 54, 57, 60, 61, 62, 63, 65, 66, 67, 68, 69, 70, 71]",39,False,3.0941864794015025e-05,2.421860093438355e-08,1.0305882064360213e-05,50.0
CPZ,242,242,17,225,391,0.07024793388429752,0.041666666666666664,0.052307692307692305,cao2018,S01/051017m,all_channel,mean,mean__all_channel__CPZ,32,72,"[7, 11, 15, 17, 18, 20, 21, 22, 23, 24, 25, 26, 32, 33, 34, 35, 36, 37, 38, 39, 41, 42, 43, 50, 51, 52, 54, 57, 60, 61, 62, 63, 65, 66, 67, 68, 69, 70, 71]",39,False,3.2275957271078634e-05,2.7163284850158232e-08,1.0749597995409492e-05,50.0
P3,152,152,14,138,394,0.09210526315789473,0.03431372549019608,0.05,cao2018,S01/051017m,all_channel,mean,mean__all_channel__P3,32,72,"[7, 11, 15, 17, 18, 20, 21, 22, 23, 24, 25, 26, 32, 33, 34, 35, 36, 37, 38, 39, 41, 42, 43, 50, 51, 52, 54, 57, 60, 61, 62, 63, 65, 66, 67, 68, 69, 70, 71]",39,False,2.935764978275971e-05,2.238360466579881e-08,9.778422059364637e-06,50.0
PZ,184,184,13,171,395,0.07065217391304347,0.031862745098039214,0.043918918918918914,cao2018,S01/051017m,all_channel,mean,mean__all_channel__PZ,32,72,"[7, 11, 15, 17, 18, 20, 21, 22, 23, 24, 25, 26, 32, 33, 34, 35, 36, 37, 38, 39, 41, 42, 43, 50, 51, 52, 54, 57, 60, 61, 62, 63, 65, 66, 67, 68, 69, 70, 71]",39,False,2.9636939755693323e-05,2.6428748465021926e-08,9.870170335742768e-06,50.0
T5,85,85,9,76,399,0.10588235294117647,0.022058823529411766,0.03651115618661258,cao2018,S01/051017m,all_channel,mean,mean__all_channel__T5,32,72,"[7, 11, 15, 17, 18, 20, 21, 22, 23, 24, 25, 26, 32, 33, 34, 35, 36, 37, 38, 39, 41, 42, 43, 50, 51, 52, 54, 57, 60, 61, 62, 63, 65, 66, 67, 68, 69, 70, 71]",39,False,2.6266244670063295e-05,1.3268140814960015e-08,8.750992176416112e-06,50.0
O2,94,94,8,86,400,0.0851063829787234,0.0196078431372549,0.03187250996015936,cao2018,S01/051017m,all_channel,mean,mean__all_channel__O2,32,72,"[7, 11, 15, 17, 18, 20, 21, 22, 23, 24, 25, 26, 32, 33, 34, 35, 36, 37, 38, 39, 41, 42, 43, 50, 51, 52, 54, 57, 60, 61, 62, 63, 65, 66, 67, 68, 69, 70, 71]",39,False,2.386731601599236e-05,1.6774451633997974e-08,7.950180521452787e-06,50.0
O1,82,82,5,77,403,0.06097560975609756,0.012254901960784314,0.02040816326530612,cao2018,S01/051017m,all_channel,mean,mean__all_channel__O1,32,72,"[7, 11, 15, 17, 18, 20, 21, 22, 23, 24, 25, 26, 32, 33, 34, 35, 36, 37, 38, 39, 41, 42, 43, 50, 51, 52, 54, 57, 60, 61, 62, 63, 65, 66, 67, 68, 69, 70, 71]",39,False,2.5390638941958386e-05,1.3672262220447361e-08,8.45898889324598e-06,50.0
OZ,106,106,4,102,404,0.03773584905660377,0.00980392156862745,0.01556420233463035,cao2018,S01/051017m,all_channel,mean,mean__all_channel__OZ,32,72,"[7, 11, 15, 17, 18, 20, 21, 22, 23, 24, 25, 26, 32, 33, 34, 35, 36, 37, 38, 39, 41, 42, 43, 50, 51, 52, 54, 57, 60, 61, 62, 63, 65, 66, 67, 68, 69, 70, 71]",39,False,2.3586710357951542e-05,1.3289368133092618e-08,7.85780699660615e-06,50.0
A1,0,0,0,0,408,0.0,0.0,0.0,cao2018,S01/051017m,all_channel,mean,mean__all_channel__A1,32,72,"[7, 11, 15, 17, 18, 20, 21, 22, 23, 24, 25, 26, 32, 33, 34, 35, 36, 37, 38, 39, 41, 42, 43, 50, 51, 52, 54, 57, 60, 61, 62, 63, 65, 66, 67, 68, 69, 70, 71]",39,False,0.0,0.0,0.0,50.0
A2,0,0,0,0,408,0.0,0.0,0.0,cao2018,S01/051017m,all_channel,mean,mean__all_channel__A2,32,72,"[7, 11, 15, 17, 18, 20, 21, 22, 23, 24, 25, 26, 32, 33, 34, 35, 36, 37, 38, 39, 41, 42, 43, 50, 51, 52, 54, 57, 60, 61, 62, 63, 65, 66, 67, 68, 69, 70, 71]",39,False,0.0,0.0,0.0,50.0
FP1,513,513,275,238,133,0.5360623781676414,0.6740196078431373,0.5971769815418024,cao2018,S01/051017m,frontal,median,median__frontal__FP1,4,72,"[7, 15, 18, 20, 22, 23, 24, 32, 33, 35, 36, 37, 38, 39, 41, 42, 43, 50, 51, 54, 57, 60, 61, 62, 63, 65, 66, 67, 68, 70, 71]",31,False,4.639526937825551e-05,-1.1210424335132452e-06,1.583877060392292e-05,50.0
FP2,454,454,214,240,194,0.4713656387665198,0.5245098039215687,0.4965197215777262,cao2018,S01/051017m,frontal,median,median__frontal__FP2,4,72,"[7, 15, 18, 20, 22, 23, 24, 32, 33, 35, 36, 37, 38, 39, 41, 42, 43, 50, 51, 54, 57, 60, 61, 62, 63, 65, 66, 67, 68, 70, 71]",31,False,4.3032365608816385e-05,-6.690186406096362e-07,1.4567128083142006e-05,50.0
F4,292,292,62,230,346,0.21232876712328766,0.15196078431372548,0.1771428571428571,cao2018,S01/051017m,frontal,median,median__frontal__F4,4,72,"[7, 15, 18, 20, 22, 23, 24, 32, 33, 35, 36, 37, 38, 39, 41, 42, 43, 50, 51, 54, 57, 60, 61, 62, 63, 65, 66, 67, 68, 70, 71]",31,False,3.9238219226111005e-05,-7.859222030598124e-08,1.3105603815472329e-05,50.0
F3,260,260,53,207,355,0.20384615384615384,0.12990196078431374,0.15868263473053892,cao2018,S01/051017m,frontal,median,median__frontal__F3,4,72,"[7, 15, 18, 20, 22, 23, 24, 32, 33, 35, 36, 37, 38, 39, 41, 42, 43, 50, 51, 54, 57, 60, 61, 62, 63, 65, 66, 67, 68, 70, 71]",31,False,3.7618474039433654e-05,-4.6814001674515694e-17,1.253949134649349e-05,50.0
FP1,496,496,264,232,144,0.532258064516129,0.6470588235294118,0.5840707964601771,cao2018,S01/051017m,frontal,mean,mean__frontal__FP1,4,72,"[7, 15, 18, 20, 22, 23, 24, 32, 33, 35, 36, 37, 38, 39, 41, 42, 43, 50, 51, 54, 57, 60, 61, 62, 63, 65, 66, 67, 68, 70, 71]",31,False,4.7513501811295077e-05,-2.8100004736843467e-09,1.583877060392292e-05,50.0
FP2,441,441,209,232,199,0.47392290249433106,0.5122549019607843,0.4923439340400471,cao2018,S01/051017m,frontal,mean,mean__frontal__FP2,4,72,"[7, 15, 18, 20, 22, 23, 24, 32, 33, 35, 36, 37, 38, 39, 41, 42, 43, 50, 51, 54, 57, 60, 61, 62, 63, 65, 66, 67, 68, 70, 71]",31,False,4.369632215444548e-05,-5.062094980545763e-09,1.4567128083142006e-05,50.0
F4,292,292,62,230,346,0.21232876712328766,0.15196078431372548,0.1771428571428571,cao2018,S01/051017m,frontal,mean,mean__frontal__F4,4,72,"[7, 15, 18, 20, 22, 23, 24, 32, 33, 35, 36, 37, 38, 39, 41, 42, 43, 50, 51, 54, 57, 60, 61, 62, 63, 65, 66, 67, 68, 70, 71]",31,False,3.9326943575462606e-05,1.0132129045621424e-08,1.3105603815472329e-05,50.0
F3,258,258,52,206,356,0.20155038759689922,0.12745098039215685,0.15615615615615613,cao2018,S01/051017m,frontal,mean,mean__frontal__F3,4,72,"[7, 15, 18, 20, 22, 23, 24, 32, 33, 35, 36, 37, 38, 39, 41, 42, 43, 50, 51, 54, 57, 60, 61, 62, 63, 65, 66, 67, 68, 70, 71]",31,False,3.7622776970449194e-05,4.302930968721528e-09,1.253949134649349e-05,50.0
FP1,526,526,282,244,126,0.5361216730038023,0.6911764705882353,0.6038543897216274,cao2018,S01/051017m,frontal_left,median,median__frontal_left__FP1,2,72,"[7, 15, 20, 23, 24, 33, 38, 41, 42, 43, 50, 51, 54, 57, 61, 62, 63, 65, 66, 67, 68, 70, 71]",23,False,4.578951829934062e-05,-1.5415719011773037e-06,1.577703006683931e-05,50.0
F3,337,337,64,273,344,0.18991097922848665,0.1568627450980392,0.17181208053691277,cao2018,S01/051017m,frontal_left,median,median__frontal_left__F3,2,72,"[7, 15, 20, 23, 24, 33, 38, 41, 42, 43, 50, 51, 54, 57, 61, 62, 63, 65, 66, 67, 68, 70, 71]",23,False,3.429411723701204e-05,-7.46490731360501e-17,1.1431372412362228e-05,50.0
FP1,499,499,265,234,143,0.531062124248497,0.6495098039215687,0.5843439911797134,cao2018,S01/051017m,frontal_left,mean,mean__frontal_left__FP1,2,72,"[7, 15, 20, 23, 24, 33, 38, 41, 42, 43, 50, 51, 54, 57, 61, 62, 63, 65, 66, 67, 68, 70, 71]",23,False,4.733394513854335e-05,2.8549380254270323e-09,1.577703006683931e-05,50.0
F3,337,337,64,273,344,0.18991097922848665,0.1568627450980392,0.17181208053691277,cao2018,S01/051017m,frontal_left,mean,mean__frontal_left__F3,2,72,"[7, 15, 20, 23, 24, 33, 38, 41, 42, 43, 50, 51, 54, 57, 61, 62, 63, 65, 66, 67, 68, 70, 71]",23,False,3.429957884149023e-05,5.461604403544627e-09,1.1431372412362228e-05,50.0
FP2,450,450,212,238,196,0.4711111111111111,0.5196078431372549,0.49417249417249415,cao2018,S01/051017m,frontal_right,median,median__frontal_right__FP2,2,72,"[7, 15, 18, 20, 22, 23, 24, 32, 33, 35, 36, 37, 38, 39, 41, 42, 43, 50, 51, 54, 60, 61, 62, 63, 65, 66, 67, 68, 70, 71]",30,False,4.319575464135509e-05,-6.65230485992331e-07,1.4620328375782475e-05,50.0
F4,290,290,61,229,347,0.2103448275862069,0.14950980392156862,0.17478510028653296,cao2018,S01/051017m,frontal_right,median,median__frontal_right__F4,2,72,"[7, 15, 18, 20, 22, 23, 24, 32, 33, 35, 36, 37, 38, 39, 41, 42, 43, 50, 51, 54, 60, 61, 62, 63, 65, 66, 67, 68, 70, 71]",30,False,3.944988742109036e-05,-5.615985275989515e-08,1.3168682424616753e-05,50.0
FP2,437,437,207,230,201,0.47368421052631576,0.5073529411764706,0.48994082840236686,cao2018,S01/051017m,frontal_right,mean,mean__frontal_right__FP2,2,72,"[7, 15, 18, 20, 22, 23, 24, 32, 33, 35, 36, 37, 38, 39, 41, 42, 43, 50, 51, 54, 60, 61, 62, 63, 65, 66, 67, 68, 70, 71]",30,False,4.385812533150386e-05,-2.859795843561604e-09,1.4620328375782475e-05,50.0
F4,289,289,61,228,347,0.21107266435986158,0.14950980392156862,0.17503586800573886,cao2018,S01/051017m,frontal_right,mean,mean__frontal_right__F4,2,72,"[7, 15, 18, 20, 22, 23, 24, 32, 33, 35, 36, 37, 38, 39, 41, 42, 43, 50, 51, 54, 60, 61, 62, 63, 65, 66, 67, 68, 70, 71]",30,False,3.9517361924013614e-05,1.1314650163354857e-08,1.3168682424616753e-05,50.0
FP1,558,558,291,267,117,0.521505376344086,0.7132352941176471,0.6024844720496894,cao2018,S01/051017m,all_channel,median,median__all_channel__FP1,32,60,"[6, 9, 12, 14, 15, 16, 17, 18, 19, 20, 21, 26, 27, 28, 29, 30, 31, 32, 34, 35, 36, 42, 43, 45, 47, 48, 50, 51, 52, 53, 54, 55, 56, 57, 58, 59]",36,False,4.43961379931802e-05,-8.808816755488687e-07,1.5092339889576356e-05,60.0
FP2,486,486,225,261,183,0.46296296296296297,0.5514705882352942,0.5033557046979866,cao2018,S01/051017m,all_channel,median,median__all_channel__FP2,32,60,"[6, 9, 12, 14, 15, 16, 17, 18, 19, 20, 21, 26, 27, 28, 29, 30, 31, 32, 34, 35, 36, 42, 43, 45, 47, 48, 50, 51, 52, 53, 54, 55, 56, 57, 58, 59]",36,False,4.150549829793185e-05,-5.074356474121502e-07,1.4004311315114665e-05,60.0
F8,376,376,125,251,283,0.3324468085106383,0.30637254901960786,0.3188775510204082,cao2018,S01/051017m,all_channel,median,median__all_channel__F8,32,60,"[6, 9, 12, 14, 15, 16, 17, 18, 19, 20, 21, 26, 27, 28, 29, 30, 31, 32, 34, 35, 36, 42, 43, 45, 47, 48, 50, 51, 52, 53, 54, 55, 56, 57, 58, 59]",36,False,3.197469241926447e-05,-1.3724809777411725e-07,1.0703980172346197e-05,60.0
FT8,254,254,79,175,329,0.3110236220472441,0.19362745098039216,0.23867069486404835,cao2018,S01/051017m,all_channel,median,median__all_channel__FT8,32,60,"[6, 9, 12, 14, 15, 16, 17, 18, 19, 20, 21, 26, 27, 28, 29, 30, 31, 32, 34, 35, 36, 42, 43, 45, 47, 48, 50, 51, 52, 53, 54, 55, 56, 57, 58, 59]",36,False,2.5314231324524933e-05,-4.191892536852427e-08,8.45205008329782e-06,60.0
F4,304,304,65,239,343,0.2138157894736842,0.15931372549019607,0.18258426966292135,cao2018,S01/051017m,all_channel,median,median__all_channel__F4,32,60,"[6, 9, 12, 14, 15, 16, 17, 18, 19, 20, 21, 26, 27, 28, 29, 30, 31, 32, 34, 35, 36, 42, 43, 45, 47, 48, 50, 51, 52, 53, 54, 55, 56, 57, 58, 59]",36,False,3.8280114691758186e-05,-2.7067288959606434e-08,1.2769060660239265e-05,60.0
F7,201,201,54,147,354,0.26865671641791045,0.1323529411764706,0.17733990147783252,cao2018,S01/051017m,all_channel,median,median__all_channel__F7,32,60,"[6, 9, 12, 14, 15, 16, 17, 18, 19, 20, 21, 26, 27, 28, 29, 30, 31, 32, 34, 35, 36, 42, 43, 45, 47, 48, 50, 51, 52, 53, 54, 55, 56, 57, 58, 59]",36,False,3.50261714057047e-05,-6.402402467409039e-08,1.1696731810126262e-05,60.0
T4,243,243,56,187,352,0.23045267489711935,0.13725490196078433,0.17204301075268819,cao2018,S01/051017m,all_channel,median,median__all_channel__T4,32,60,"[6, 9, 12, 14, 15, 16, 17, 18, 19, 20, 21, 26, 27, 28, 29, 30, 31, 32, 34, 35, 36, 42, 43, 45, 47, 48, 50, 51, 52, 53, 54, 55, 56, 57, 58, 59]",36,False,2.2672188636081462e-05,1.4701326900941564e-08,7.55249576972684e-06,60.0
F3,265,265,53,212,355,0.2,0.12990196078431374,0.1575037147102526,cao2018,S01/051017m,all_channel,median,median__all_channel__F3,32,60,"[6, 9, 12, 14, 15, 16, 17, 18, 19, 20, 21, 26, 27, 28, 29, 30, 31, 32, 34, 35, 36, 42, 43, 45, 47, 48, 50, 51, 52, 53, 54, 55, 56, 57, 58, 59]",36,False,3.7487707880364354e-05,0.0,1.2495902626788117e-05,60.0
FC4,284,284,47,237,361,0.16549295774647887,0.11519607843137254,0.13583815028901733,cao2018,S01/051017m,all_channel,median,median__all_channel__FC4,32,60,"[6, 9, 12, 14, 15, 16, 17, 18, 19, 20, 21, 26, 27, 28, 29, 30, 31, 32, 34, 35, 36, 42, 43, 45, 47, 48, 50, 51, 52, 53, 54, 55, 56, 57, 58, 59]",36,False,3.4787514124848865e-05,4.853155367320176e-08,1.1579660857058555e-05,60.0
FZ,285,285,46,239,362,0.16140350877192983,0.11274509803921569,0.13275613275613277,cao2018,S01/051017m,all_channel,median,median__all_channel__FZ,32,60,"[6, 9, 12, 14, 15, 16, 17, 18, 19, 20, 21, 26, 27, 28, 29, 30, 31, 32, 34, 35, 36, 42, 43, 45, 47, 48, 50, 51, 52, 53, 54, 55, 56, 57, 58, 59]",36,False,4.094603053147456e-05,2.6671335305922724e-10,1.3648587939373836e-05,60.0
TP8,161,161,36,125,372,0.2236024844720497,0.08823529411764706,0.1265377855887522,cao2018,S01/051017m,all_channel,median,median__all_channel__TP8,32,60,"[6, 9, 12, 14, 15, 16, 17, 18, 19, 20, 21, 26, 27, 28, 29, 30, 31, 32, 34, 35, 36, 42, 43, 45, 47, 48, 50, 51, 52, 53, 54, 55, 56, 57, 58, 59]",36,False,1.950506581933538e-05,8.058866708913951e-08,6.474825717415414e-06,60.0
C4,267,267,38,229,370,0.14232209737827714,0.09313725490196079,0.11259259259259259,cao2018,S01/051017m,all_channel,median,median__all_channel__C4,32,60,"[6, 9, 12, 14, 15, 16, 17, 18, 19, 20, 21, 26, 27, 28, 29, 30, 31, 32, 34, 35, 36, 42, 43, 45, 47, 48, 50, 51, 52, 53, 54, 55, 56, 57, 58, 59]",36,False,3.1090794486645616e-05,6.602641472437508e-08,1.034158935730708e-05,60.0
FT7,164,164,28,136,380,0.17073170731707318,0.06862745098039216,0.0979020979020979,cao2018,S01/051017m,all_channel,median,median__all_channel__FT7,32,60,"[6, 9, 12, 14, 15, 16, 17, 18, 19, 20, 21, 26, 27, 28, 29, 30, 31, 32, 34, 35, 36, 42, 43, 45, 47, 48, 50, 51, 52, 53, 54, 55, 56, 57, 58, 59]",36,False,3.0415786307990784e-05,4.4589080390386906e-08,1.0123732409200133e-05,60.0
T6,134,134,24,110,384,0.1791044776119403,0.058823529411764705,0.0885608856088561,cao2018,S01/051017m,all_channel,median,median__all_channel__T6,32,60,"[6, 9, 12, 14, 15, 16, 17, 18, 19, 20, 21, 26, 27, 28, 29, 30, 31, 32, 34, 35, 36, 42, 43, 45, 47, 48, 50, 51, 52, 53, 54, 55, 56, 57, 58, 59]",36,False,1.816876453001403e-05,5.272337678142686e-09,6.054497397445296e-06,60.0
CP4,236,236,27,209,381,0.11440677966101695,0.0661764705882353,0.08385093167701863,cao2018,S01/051017m,all_channel,median,median__all_channel__CP4,32,60,"[6, 9, 12, 14, 15, 16, 17, 18, 19, 20, 21, 26, 27, 28, 29, 30, 31, 32, 34, 35, 36, 42, 43, 45, 47, 48, 50, 51, 52, 53, 54, 55, 56, 57, 58, 59]",36,False,2.9337380887981573e-05,9.613165479598851e-08,9.747083077728528e-06,60.0
FC3,208,208,25,183,383,0.1201923076923077,0.061274509803921566,0.08116883116883117,cao2018,S01/051017m,all_channel,median,median__all_channel__FC3,32,60,"[6, 9, 12, 14, 15, 16, 17, 18, 19, 20, 21, 26, 27, 28, 29, 30, 31, 32, 34, 35, 36, 42, 43, 45, 47, 48, 50, 51, 52, 53, 54, 55, 56, 57, 58, 59]",36,False,3.5765906520053414e-05,1.4351532666661986e-08,1.1917184995795585e-05,60.0
FCZ,270,270,27,243,381,0.1,0.0661764705882353,0.07964601769911504,cao2018,S01/051017m,all_channel,median,median__all_channel__FCZ,32,60,"[6, 9, 12, 14, 15, 16, 17, 18, 19, 20, 21, 26, 27, 28, 29, 30, 31, 32, 34, 35, 36, 42, 43, 45, 47, 48, 50, 51, 52, 53, 54, 55, 56, 57, 58, 59]",36,False,3.865345812938613e-05,1.3150962234495795e-07,1.2840649502347056e-05,60.0
P4,200,200,23,177,385,0.115,0.056372549019607844,0.0756578947368421,cao2018,S01/051017m,all_channel,median,median__all_channel__P4,32,60,"[6, 9, 12, 14, 15, 16, 17, 18, 19, 20, 21, 26, 27, 28, 29, 30, 31, 32, 34, 35, 36, 42, 43, 45, 47, 48, 50, 51, 52, 53, 54, 55, 56, 57, 58, 59]",36,False,2.648753293520077e-05,5.7592450686113954e-08,8.809980161504886e-06,60.0
T3,139,139,20,119,388,0.14388489208633093,0.049019607843137254,0.07312614259597806,cao2018,S01/051017m,all_channel,median,median__all_channel__T3,32,60,"[6, 9, 12, 14, 15, 16, 17, 18, 19, 20, 21, 26, 27, 28, 29, 30, 31, 32, 34, 35, 36, 42, 43, 45, 47, 48, 50, 51, 52, 53, 54, 55, 56, 57, 58, 59]",36,False,2.7389235270552496e-05,8.346384451100796e-08,9.101923808680496e-06,60.0
CZ,309,309,26,283,382,0.08414239482200647,0.06372549019607843,0.07252440725244072,cao2018,S01/051017m,all_channel,median,median__all_channel__CZ,32,60,"[6, 9, 12, 14, 15, 16, 17, 18, 19, 20, 21, 26, 27, 28, 29, 30, 31, 32, 34, 35, 36, 42, 43, 45, 47, 48, 50, 51, 52, 53, 54, 55, 56, 57, 58, 59]",36,False,3.523609120530821e-05,6.991664872431701e-08,1.1722058185527965e-05,60.0
C3,203,203,20,183,388,0.09852216748768473,0.049019607843137254,0.06546644844517185,cao2018,S01/051017m,all_channel,median,median__all_channel__C3,32,60,"[6, 9, 12, 14, 15, 16, 17, 18, 19, 20, 21, 26, 27, 28, 29, 30, 31, 32, 34, 35, 36, 42, 43, 45, 47, 48, 50, 51, 52, 53, 54, 55, 56, 57, 58, 59]",36,False,3.300948057187268e-05,6.395996452489267e-08,1.0981840202449263e-05,60.0
TP7,96,96,16,80,392,0.16666666666666666,0.0392156862745098,0.06349206349206349,cao2018,S01/051017m,all_channel,median,median__all_channel__TP7,32,60,"[6, 9, 12, 14, 15, 16, 17, 18, 19, 20, 21, 26, 27, 28, 29, 30, 31, 32, 34, 35, 36, 42, 43, 45, 47, 48, 50, 51, 52, 53, 54, 55, 56, 57, 58, 59]",36,False,2.541306472784528e-05,-1.584406885782129e-08,8.476302932234368e-06,60.0
CPZ,259,259,20,239,388,0.07722007722007722,0.049019607843137254,0.05997001499250375,cao2018,S01/051017m,all_channel,median,median__all_channel__CPZ,32,60,"[6, 9, 12, 14, 15, 16, 17, 18, 19, 20, 21, 26, 27, 28, 29, 30, 31, 32, 34, 35, 36, 42, 43, 45, 47, 48, 50, 51, 52, 53, 54, 55, 56, 57, 58, 59]",36,False,3.173680269250681e-05,4.6910583256731026e-08,1.0563297369750027e-05,60.0
CP3,179,179,17,162,391,0.09497206703910614,0.041666666666666664,0.057921635434412255,cao2018,S01/051017m,all_channel,median,median__all_channel__CP3,32,60,"[6, 9, 12, 14, 15, 16, 17, 18, 19, 20, 21, 26, 27, 28, 29, 30, 31, 32, 34, 35, 36, 42, 43, 45, 47, 48, 50, 51, 52, 53, 54, 55, 56, 57, 58, 59]",36,False,3.0435301897434636e-05,6.447202215290664e-08,1.0123609958427243e-05,60.0
PZ,203,203,17,186,391,0.08374384236453201,0.041666666666666664,0.055646481178396066,cao2018,S01/051017m,all_channel,median,median__all_channel__PZ,32,60,"[6, 9, 12, 14, 15, 16, 17, 18, 19, 20, 21, 26, 27, 28, 29, 30, 31, 32, 34, 35, 36, 42, 43, 45, 47, 48, 50, 51, 52, 53, 54, 55, 56, 57, 58, 59]",36,False,2.907099204515184e-05,2.751697607970695e-08,9.681158356357377e-06,60.0
P3,161,161,14,147,394,0.08695652173913043,0.03431372549019608,0.049209138840070304,cao2018,S01/051017m,all_channel,median,median__all_channel__P3,32,60,"[6, 9, 12, 14, 15, 16, 17, 18, 19, 20, 21, 26, 27, 28, 29, 30, 31, 32, 34, 35, 36, 42, 43, 45, 47, 48, 50, 51, 52, 53, 54, 55, 56, 57, 58, 59]",36,False,2.8850999361910594e-05,4.0223139128968975e-08,9.603592074260541e-06,60.0
T5,93,93,10,83,398,0.10752688172043011,0.024509803921568627,0.039920159680638716,cao2018,S01/051017m,all_channel,median,median__all_channel__T5,32,60,"[6, 9, 12, 14, 15, 16, 17, 18, 19, 20, 21, 26, 27, 28, 29, 30, 31, 32, 34, 35, 36, 42, 43, 45, 47, 48, 50, 51, 52, 53, 54, 55, 56, 57, 58, 59]",36,False,2.581293276516717e-05,-9.58048710279459e-08,8.636245878731705e-06,60.0
O2,100,100,8,92,400,0.08,0.0196078431372549,0.031496062992125984,cao2018,S01/051017m,all_channel,median,median__all_channel__O2,32,60,"[6, 9, 12, 14, 15, 16, 17, 18, 19, 20, 21, 26, 27, 28, 29, 30, 31, 32, 34, 35, 36, 42, 43, 45, 47, 48, 50, 51, 52, 53, 54, 55, 56, 57, 58, 59]",36,False,2.3508062680645456e-05,-1.0146055798135172e-07,7.86984107954227e-06,60.0
O1,89,89,6,83,402,0.06741573033707865,0.014705882352941176,0.024144869215291753,cao2018,S01/051017m,all_channel,median,median__all_channel__O1,32,60,"[6, 9, 12, 14, 15, 16, 17, 18, 19, 20, 21, 26, 27, 28, 29, 30, 31, 32, 34, 35, 36, 42, 43, 45, 47, 48, 50, 51, 52, 53, 54, 55, 56, 57, 58, 59]",36,False,2.4906130271537544e-05,-1.8028480922605605e-07,8.362138360254534e-06,60.0
OZ,112,112,5,107,403,0.044642857142857144,0.012254901960784314,0.019230769230769232,cao2018,S01/051017m,all_channel,median,median__all_channel__OZ,32,60,"[6, 9, 12, 14, 15, 16, 17, 18, 19, 20, 21, 26, 27, 28, 29, 30, 31, 32, 34, 35, 36, 42, 43, 45, 47, 48, 50, 51, 52, 53, 54, 55, 56, 57, 58, 59]",36,False,2.3294774556229082e-05,-1.0501823659850398e-07,7.799930930942528e-06,60.0
A1,0,0,0,0,408,0.0,0.0,0.0,cao2018,S01/051017m,all_channel,median,median__all_channel__A1,32,60,"[6, 9, 12, 14, 15, 16, 17, 18, 19, 20, 21, 26, 27, 28, 29, 30, 31, 32, 34, 35, 36, 42, 43, 45, 47, 48, 50, 51, 52, 53, 54, 55, 56, 57, 58, 59]",36,False,0.0,0.0,0.0,60.0
A2,0,0,0,0,408,0.0,0.0,0.0,cao2018,S01/051017m,all_channel,median,median__all_channel__A2,32,60,"[6, 9, 12, 14, 15, 16, 17, 18, 19, 20, 21, 26, 27, 28, 29, 30, 31, 32, 34, 35, 36, 42, 43, 45, 47, 48, 50, 51, 52, 53, 54, 55, 56, 57, 58, 59]",36,False,0.0,0.0,0.0,60.0
FP1,538,538,284,254,124,0.5278810408921933,0.696078431372549,0.6004228329809725,cao2018,S01/051017m,all_channel,mean,mean__all_channel__FP1,32,60,"[6, 9, 12, 14, 15, 16, 17, 18, 19, 20, 21, 26, 27, 28, 29, 30, 31, 32, 34, 35, 36, 42, 43, 45, 47, 48, 50, 51, 52, 53, 54, 55, 56, 57, 58, 59]",36,False,4.530128173475256e-05,2.4262066023489134e-08,1.5092339889576356e-05,60.0
FP2,476,476,222,254,186,0.46638655462184875,0.5441176470588235,0.502262443438914,cao2018,S01/051017m,all_channel,mean,mean__all_channel__FP2,32,60,"[6, 9, 12, 14, 15, 16, 17, 18, 19, 20, 21, 26, 27, 28, 29, 30, 31, 32, 34, 35, 36, 42, 43, 45, 47, 48, 50, 51, 52, 53, 54, 55, 56, 57, 58, 59]",36,False,4.2036045266318683e-05,2.311132097468558e-08,1.4004311315114665e-05,60.0
F8,372,372,125,247,283,0.33602150537634407,0.30637254901960786,0.32051282051282054,cao2018,S01/051017m,all_channel,mean,mean__all_channel__F8,32,60,"[6, 9, 12, 14, 15, 16, 17, 18, 19, 20, 21, 26, 27, 28, 29, 30, 31, 32, 34, 35, 36, 42, 43, 45, 47, 48, 50, 51, 52, 53, 54, 55, 56, 57, 58, 59]",36,False,3.214221173815889e-05,3.0271221120300266e-08,1.0703980172346197e-05,60.0
FT8,254,254,79,175,329,0.3110236220472441,0.19362745098039216,0.23867069486404835,cao2018,S01/051017m,all_channel,mean,mean__all_channel__FT8,32,60,"[6, 9, 12, 14, 15, 16, 17, 18, 19, 20, 21, 26, 27, 28, 29, 30, 31, 32, 34, 35, 36, 42, 43, 45, 47, 48, 50, 51, 52, 53, 54, 55, 56, 57, 58, 59]",36,False,2.5382166290851337e-05,2.60160409578794e-08,8.45205008329782e-06,60.0
F4,303,303,64,239,344,0.21122112211221122,0.1568627450980392,0.180028129395218,cao2018,S01/051017m,all_channel,mean,mean__all_channel__F4,32,60,"[6, 9, 12, 14, 15, 16, 17, 18, 19, 20, 21, 26, 27, 28, 29, 30, 31, 32, 34, 35, 36, 42, 43, 45, 47, 48, 50, 51, 52, 53, 54, 55, 56, 57, 58, 59]",36,False,3.832603016250362e-05,1.8848181785824486e-08,1.2769060660239265e-05,60.0
F7,200,200,53,147,355,0.265,0.12990196078431374,0.17434210526315794,cao2018,S01/051017m,all_channel,mean,mean__all_channel__F7,32,60,"[6, 9, 12, 14, 15, 16, 17, 18, 19, 20, 21, 26, 27, 28, 29, 30, 31, 32, 34, 35, 36, 42, 43, 45, 47, 48, 50, 51, 52, 53, 54, 55, 56, 57, 58, 59]",36,False,3.510247432377014e-05,1.2278893391354284e-08,1.1696731810126262e-05,60.0
T4,243,243,56,187,352,0.23045267489711935,0.13725490196078433,0.17204301075268819,cao2018,S01/051017m,all_channel,mean,mean__all_channel__T4,32,60,"[6, 9, 12, 14, 15, 16, 17, 18, 19, 20, 21, 26, 27, 28, 29, 30, 31, 32, 34, 35, 36, 42, 43, 45, 47, 48, 50, 51, 52, 53, 54, 55, 56, 57, 58, 59]",36,False,2.267237353895752e-05,1.4886229777001064e-08,7.55249576972684e-06,60.0
F3,259,259,53,206,355,0.20463320463320464,0.12990196078431374,0.15892053973013492,cao2018,S01/051017m,all_channel,mean,mean__all_channel__F3,32,60,"[6, 9, 12, 14, 15, 16, 17, 18, 19, 20, 21, 26, 27, 28, 29, 30, 31, 32, 34, 35, 36, 42, 43, 45, 47, 48, 50, 51, 52, 53, 54, 55, 56, 57, 58, 59]",36,False,3.7601911114892464e-05,1.1420323452811149e-07,1.2495902626788117e-05,60.0
FC4,286,286,48,238,360,0.16783216783216784,0.11764705882352941,0.138328530259366,cao2018,S01/051017m,all_channel,mean,mean__all_channel__FC4,32,60,"[6, 9, 12, 14, 15, 16, 17, 18, 19, 20, 21, 26, 27, 28, 29, 30, 31, 32, 34, 35, 36, 42, 43, 45, 47, 48, 50, 51, 52, 53, 54, 55, 56, 57, 58, 59]",36,False,3.475487994241471e-05,1.589737123904547e-08,1.1579660857058555e-05,60.0
FZ,285,285,46,239,362,0.16140350877192983,0.11274509803921569,0.13275613275613277,cao2018,S01/051017m,all_channel,mean,mean__all_channel__FZ,32,60,"[6, 9, 12, 14, 15, 16, 17, 18, 19, 20, 21, 26, 27, 28, 29, 30, 31, 32, 34, 35, 36, 42, 43, 45, 47, 48, 50, 51, 52, 53, 54, 55, 56, 57, 58, 59]",36,False,4.0958222679823945e-05,1.2458861702439496e-08,1.3648587939373836e-05,60.0
TP8,162,162,36,126,372,0.2222222222222222,0.08823529411764706,0.12631578947368421,cao2018,S01/051017m,all_channel,mean,mean__all_channel__TP8,32,60,"[6, 9, 12, 14, 15, 16, 17, 18, 19, 20, 21, 26, 27, 28, 29, 30, 31, 32, 34, 35, 36, 42, 43, 45, 47, 48, 50, 51, 52, 53, 54, 55, 56, 57, 58, 59]",36,False,1.9440111889600805e-05,1.5634737354564504e-08,6.474825717415414e-06,60.0
C4,269,269,38,231,370,0.1412639405204461,0.09313725490196079,0.11225997045790251,cao2018,S01/051017m,all_channel,mean,mean__all_channel__C4,32,60,"[6, 9, 12, 14, 15, 16, 17, 18, 19, 20, 21, 26, 27, 28, 29, 30, 31, 32, 34, 35, 36, 42, 43, 45, 47, 48, 50, 51, 52, 53, 54, 55, 56, 57, 58, 59]",36,False,3.103661761556973e-05,1.1849543648486671e-08,1.034158935730708e-05,60.0
FT7,165,165,28,137,380,0.1696969696969697,0.06862745098039216,0.09773123909249565,cao2018,S01/051017m,all_channel,mean,mean__all_channel__FT7,32,60,"[6, 9, 12, 14, 15, 16, 17, 18, 19, 20, 21, 26, 27, 28, 29, 30, 31, 32, 34, 35, 36, 42, 43, 45, 47, 48, 50, 51, 52, 53, 54, 55, 56, 57, 58, 59]",36,False,3.0372694439835294e-05,1.497212234893936e-09,1.0123732409200133e-05,60.0
T6,134,134,24,110,384,0.1791044776119403,0.058823529411764705,0.0885608856088561,cao2018,S01/051017m,all_channel,mean,mean__all_channel__T6,32,60,"[6, 9, 12, 14, 15, 16, 17, 18, 19, 20, 21, 26, 27, 28, 29, 30, 31, 32, 34, 35, 36, 42, 43, 45, 47, 48, 50, 51, 52, 53, 54, 55, 56, 57, 58, 59]",36,False,1.816860163479292e-05,5.1094424570292345e-09,6.054497397445296e-06,60.0
CP4,241,241,27,214,381,0.11203319502074689,0.0661764705882353,0.08320493066255778,cao2018,S01/051017m,all_channel,mean,mean__all_channel__CP4,32,60,"[6, 9, 12, 14, 15, 16, 17, 18, 19, 20, 21, 26, 27, 28, 29, 30, 31, 32, 34, 35, 36, 42, 43, 45, 47, 48, 50, 51, 52, 53, 54, 55, 56, 57, 58, 59]",36,False,2.925181246406187e-05,1.0563230876287846e-08,9.747083077728528e-06,60.0
FC3,208,208,25,183,383,0.1201923076923077,0.061274509803921566,0.08116883116883117,cao2018,S01/051017m,all_channel,mean,mean__all_channel__FC3,32,60,"[6, 9, 12, 14, 15, 16, 17, 18, 19, 20, 21, 26, 27, 28, 29, 30, 31, 32, 34, 35, 36, 42, 43, 45, 47, 48, 50, 51, 52, 53, 54, 55, 56, 57, 58, 59]",36,False,3.5752180725642906e-05,6.25738256152714e-10,1.1917184995795585e-05,60.0
FCZ,276,276,27,249,381,0.09782608695652174,0.0661764705882353,0.07894736842105263,cao2018,S01/051017m,all_channel,mean,mean__all_channel__FCZ,32,60,"[6, 9, 12, 14, 15, 16, 17, 18, 19, 20, 21, 26, 27, 28, 29, 30, 31, 32, 34, 35, 36, 42, 43, 45, 47, 48, 50, 51, 52, 53, 54, 55, 56, 57, 58, 59]",36,False,3.85320881571707e-05,1.0139650129526053e-08,1.2840649502347056e-05,60.0
P4,200,200,23,177,385,0.115,0.056372549019607844,0.0756578947368421,cao2018,S01/051017m,all_channel,mean,mean__all_channel__P4,32,60,"[6, 9, 12, 14, 15, 16, 17, 18, 19, 20, 21, 26, 27, 28, 29, 30, 31, 32, 34, 35, 36, 42, 43, 45, 47, 48, 50, 51, 52, 53, 54, 55, 56, 57, 58, 59]",36,False,2.6437964864872987e-05,8.02438035833261e-09,8.809980161504886e-06,60.0
T3,140,140,20,120,388,0.14285714285714285,0.049019607843137254,0.072992700729927,cao2018,S01/051017m,all_channel,mean,mean__all_channel__T3,32,60,"[6, 9, 12, 14, 15, 16, 17, 18, 19, 20, 21, 26, 27, 28, 29, 30, 31, 32, 34, 35, 36, 42, 43, 45, 47, 48, 50, 51, 52, 53, 54, 55, 56, 57, 58, 59]",36,False,2.7310080517905746e-05,4.30909186425705e-09,9.101923808680496e-06,60.0
CZ,310,310,26,284,382,0.08387096774193549,0.06372549019607843,0.07242339832869081,cao2018,S01/051017m,all_channel,mean,mean__all_channel__CZ,32,60,"[6, 9, 12, 14, 15, 16, 17, 18, 19, 20, 21, 26, 27, 28, 29, 30, 31, 32, 34, 35, 36, 42, 43, 45, 47, 48, 50, 51, 52, 53, 54, 55, 56, 57, 58, 59]",36,False,3.517262403745777e-05,6.449480873876482e-09,1.1722058185527965e-05,60.0
C3,204,204,20,184,388,0.09803921568627451,0.049019607843137254,0.065359477124183,cao2018,S01/051017m,all_channel,mean,mean__all_channel__C3,32,60,"[6, 9, 12, 14, 15, 16, 17, 18, 19, 20, 21, 26, 27, 28, 29, 30, 31, 32, 34, 35, 36, 42, 43, 45, 47, 48, 50, 51, 52, 53, 54, 55, 56, 57, 58, 59]",36,False,3.294296445773543e-05,-2.5561496123658567e-09,1.0981840202449263e-05,60.0
TP7,96,96,16,80,392,0.16666666666666666,0.0392156862745098,0.06349206349206349,cao2018,S01/051017m,all_channel,mean,mean__all_channel__TP7,32,60,"[6, 9, 12, 14, 15, 16, 17, 18, 19, 20, 21, 26, 27, 28, 29, 30, 31, 32, 34, 35, 36, 42, 43, 45, 47, 48, 50, 51, 52, 53, 54, 55, 56, 57, 58, 59]",36,False,2.54334742922693e-05,4.565495566197431e-09,8.476302932234368e-06,60.0
CPZ,259,259,20,239,388,0.07722007722007722,0.049019607843137254,0.05997001499250375,cao2018,S01/051017m,all_channel,mean,mean__all_channel__CPZ,32,60,"[6, 9, 12, 14, 15, 16, 17, 18, 19, 20, 21, 26, 27, 28, 29, 30, 31, 32, 34, 35, 36, 42, 43, 45, 47, 48, 50, 51, 52, 53, 54, 55, 56, 57, 58, 59]",36,False,3.169642809729993e-05,6.5359880498494946e-09,1.0563297369750027e-05,60.0
CP3,181,181,17,164,391,0.09392265193370165,0.041666666666666664,0.05772495755517826,cao2018,S01/051017m,all_channel,mean,mean__all_channel__CP3,32,60,"[6, 9, 12, 14, 15, 16, 17, 18, 19, 20, 21, 26, 27, 28, 29, 30, 31, 32, 34, 35, 36, 42, 43, 45, 47, 48, 50, 51, 52, 53, 54, 55, 56, 57, 58, 59]",36,False,3.0371993838000206e-05,1.163962718474911e-09,1.0123609958427243e-05,60.0
PZ,204,204,17,187,391,0.08333333333333333,0.041666666666666664,0.05555555555555555,cao2018,S01/051017m,all_channel,mean,mean__all_channel__PZ,32,60,"[6, 9, 12, 14, 15, 16, 17, 18, 19, 20, 21, 26, 27, 28, 29, 30, 31, 32, 34, 35, 36, 42, 43, 45, 47, 48, 50, 51, 52, 53, 54, 55, 56, 57, 58, 59]",36,False,2.9050186308559053e-05,6.711239486917632e-09,9.681158356357377e-06,60.0
P3,163,163,14,149,394,0.08588957055214724,0.03431372549019608,0.04903677758318739,cao2018,S01/051017m,all_channel,mean,mean__all_channel__P3,32,60,"[6, 9, 12, 14, 15, 16, 17, 18, 19, 20, 21, 26, 27, 28, 29, 30, 31, 32, 34, 35, 36, 42, 43, 45, 47, 48, 50, 51, 52, 53, 54, 55, 56, 57, 58, 59]",36,False,2.881288925360974e-05,2.1130308281161543e-09,9.603592074260541e-06,60.0
T5,91,91,9,82,399,0.0989010989010989,0.022058823529411766,0.036072144288577156,cao2018,S01/051017m,all_channel,mean,mean__all_channel__T5,32,60,"[6, 9, 12, 14, 15, 16, 17, 18, 19, 20, 21, 26, 27, 28, 29, 30, 31, 32, 34, 35, 36, 42, 43, 45, 47, 48, 50, 51, 52, 53, 54, 55, 56, 57, 58, 59]",36,False,2.5912394358037404e-05,3.6567218422891013e-09,8.636245878731705e-06,60.0
O2,98,98,8,90,400,0.08163265306122448,0.0196078431372549,0.03162055335968379,cao2018,S01/051017m,all_channel,mean,mean__all_channel__O2,32,60,"[6, 9, 12, 14, 15, 16, 17, 18, 19, 20, 21, 26, 27, 28, 29, 30, 31, 32, 34, 35, 36, 42, 43, 45, 47, 48, 50, 51, 52, 53, 54, 55, 56, 57, 58, 59]",36,False,2.3614312336962352e-05,4.7890983355464935e-09,7.86984107954227e-06,60.0
O1,87,87,6,81,402,0.06896551724137931,0.014705882352941176,0.024242424242424242,cao2018,S01/051017m,all_channel,mean,mean__all_channel__O1,32,60,"[6, 9, 12, 14, 15, 16, 17, 18, 19, 20, 21, 26, 27, 28, 29, 30, 31, 32, 34, 35, 36, 42, 43, 45, 47, 48, 50, 51, 52, 53, 54, 55, 56, 57, 58, 59]",36,False,2.5093509088462675e-05,7.094007699073406e-09,8.362138360254534e-06,60.0
OZ,109,109,5,104,403,0.045871559633027525,0.012254901960784314,0.019342359767891684,cao2018,S01/051017m,all_channel,mean,mean__all_channel__OZ,32,60,"[6, 9, 12, 14, 15, 16, 17, 18, 19, 20, 21, 26, 27, 28, 29, 30, 31, 32, 34, 35, 36, 42, 43, 45, 47, 48, 50, 51, 52, 53, 54, 55, 56, 57, 58, 59]",36,False,2.34073519878474e-05,7.559195019813382e-09,7.799930930942528e-06,60.0
A1,0,0,0,0,408,0.0,0.0,0.0,cao2018,S01/051017m,all_channel,mean,mean__all_channel__A1,32,60,"[6, 9, 12, 14, 15, 16, 17, 18, 19, 20, 21, 26, 27, 28, 29, 30, 31, 32, 34, 35, 36, 42, 43, 45, 47, 48, 50, 51, 52, 53, 54, 55, 56, 57, 58, 59]",36,False,0.0,0.0,0.0,60.0
A2,0,0,0,0,408,0.0,0.0,0.0,cao2018,S01/051017m,all_channel,mean,mean__all_channel__A2,32,60,"[6, 9, 12, 14, 15, 16, 17, 18, 19, 20, 21, 26, 27, 28, 29, 30, 31, 32, 34, 35, 36, 42, 43, 45, 47, 48, 50, 51, 52, 53, 54, 55, 56, 57, 58, 59]",36,False,0.0,0.0,0.0,60.0
FP1,529,529,281,248,127,0.5311909262759924,0.6887254901960784,0.5997865528281751,cao2018,S01/051017m,frontal,median,median__frontal__FP1,4,60,"[6, 12, 15, 17, 18, 19, 20, 26, 27, 28, 29, 30, 31, 34, 35, 36, 42, 45, 47, 48, 50, 51, 52, 53, 54, 55, 56, 57, 59]",29,False,4.596768780639435e-05,-7.917537586829773e-07,1.5586480521692443e-05,60.0
FP2,461,461,216,245,192,0.4685466377440347,0.5294117647058824,0.49712313003452246,cao2018,S01/051017m,frontal,median,median__frontal__FP2,4,60,"[6, 12, 15, 17, 18, 19, 20, 26, 27, 28, 29, 30, 31, 34, 35, 36, 42, 45, 47, 48, 50, 51, 52, 53, 54, 55, 56, 57, 59]",29,False,4.283970026952856e-05,-4.5603688416428005e-07,1.443191238456428e-05,60.0
F4,290,290,61,229,347,0.2103448275862069,0.14950980392156862,0.17478510028653296,cao2018,S01/051017m,frontal,median,median__frontal__F4,4,60,"[6, 12, 15, 17, 18, 19, 20, 26, 27, 28, 29, 30, 31, 34, 35, 36, 42, 45, 47, 48, 50, 51, 52, 53, 54, 55, 56, 57, 59]",29,False,3.938207435220856e-05,1.907890455532667e-08,1.3120998482551077e-05,60.0
F3,258,258,52,206,356,0.20155038759689922,0.12745098039215685,0.15615615615615613,cao2018,S01/051017m,frontal,median,median__frontal__F3,4,60,"[6, 12, 15, 17, 18, 19, 20, 26, 27, 28, 29, 30, 31, 34, 35, 36, 42, 45, 47, 48, 50, 51, 52, 53, 54, 55, 56, 57, 59]",29,False,3.784753622129045e-05,0.0,1.2615845407096816e-05,60.0
FP1,509,509,270,239,138,0.5304518664047151,0.6617647058823529,0.5888767720828788,cao2018,S01/051017m,frontal,mean,mean__frontal__FP1,4,60,"[6, 12, 15, 17, 18, 19, 20, 26, 27, 28, 29, 30, 31, 34, 35, 36, 42, 45, 47, 48, 50, 51, 52, 53, 54, 55, 56, 57, 59]",29,False,4.6787901815079005e-05,2.8460250001680274e-08,1.5586480521692443e-05,60.0
FP2,448,448,211,237,197,0.47098214285714285,0.5171568627450981,0.4929906542056075,cao2018,S01/051017m,frontal,mean,mean__frontal__FP2,4,60,"[6, 12, 15, 17, 18, 19, 20, 26, 27, 28, 29, 30, 31, 34, 35, 36, 42, 45, 47, 48, 50, 51, 52, 53, 54, 55, 56, 57, 59]",29,False,4.3319544262518913e-05,2.3807108826070845e-08,1.443191238456428e-05,60.0
F4,290,290,61,229,347,0.2103448275862069,0.14950980392156862,0.17478510028653296,cao2018,S01/051017m,frontal,mean,mean__frontal__F4,4,60,"[6, 12, 15, 17, 18, 19, 20, 26, 27, 28, 29, 30, 31, 34, 35, 36, 42, 45, 47, 48, 50, 51, 52, 53, 54, 55, 56, 57, 59]",29,False,3.938092770156582e-05,1.7932253912595345e-08,1.3120998482551077e-05,60.0
F3,257,257,52,205,356,0.20233463035019456,0.12745098039215685,0.15639097744360902,cao2018,S01/051017m,frontal,mean,mean__frontal__F3,4,60,"[6, 12, 15, 17, 18, 19, 20, 26, 27, 28, 29, 30, 31, 34, 35, 36, 42, 45, 47, 48, 50, 51, 52, 53, 54, 55, 56, 57, 59]",29,False,3.798244512935381e-05,1.3490890806335795e-07,1.2615845407096816e-05,60.0
FP1,544,544,286,258,122,0.5257352941176471,0.7009803921568627,0.6008403361344539,cao2018,S01/051017m,frontal_left,median,median__frontal_left__FP1,2,60,"[6, 12, 17, 19, 20, 27, 28, 31, 34, 35, 36, 42, 45, 47, 48, 51, 53, 54, 55, 56, 57, 59]",22,False,4.5166071095290687e-05,-1.3096542278865858e-06,1.549190844105909e-05,60.0
F3,268,268,55,213,353,0.20522388059701493,0.13480392156862744,0.16272189349112426,cao2018,S01/051017m,frontal_left,median,median__frontal_left__F3,2,60,"[6, 12, 17, 19, 20, 27, 28, 31, 34, 35, 36, 42, 45, 47, 48, 51, 53, 54, 55, 56, 57, 59]",22,False,3.7394097761845306e-05,-1.7424298665128082e-09,1.2465280063903941e-05,60.0
FP1,514,514,274,240,134,0.5330739299610895,0.6715686274509803,0.5943600867678959,cao2018,S01/051017m,frontal_left,mean,mean__frontal_left__FP1,2,60,"[6, 12, 17, 19, 20, 27, 28, 31, 34, 35, 36, 42, 45, 47, 48, 51, 53, 54, 55, 56, 57, 59]",22,False,4.651764678262489e-05,4.192145944761894e-08,1.549190844105909e-05,60.0
F3,259,259,53,206,355,0.20463320463320464,0.12990196078431374,0.15892053973013492,cao2018,S01/051017m,frontal_left,mean,mean__frontal_left__F3,2,60,"[6, 12, 17, 19, 20, 27, 28, 31, 34, 35, 36, 42, 45, 47, 48, 51, 53, 54, 55, 56, 57, 59]",22,False,3.758010739038923e-05,1.8426719867740602e-07,1.2465280063903941e-05,60.0
FP2,405,405,191,214,217,0.47160493827160493,0.4681372549019608,0.4698646986469865,cao2018,S01/051017m,frontal_right,median,median__frontal_right__FP2,2,60,"[12, 15, 17, 18, 19, 20, 26, 27, 28, 29, 30, 31, 42, 45, 50, 51, 52, 53, 59]",19,False,4.590417753641354e-05,1.6815129265865966e-07,1.5245342081251626e-05,60.0
F4,207,207,49,158,359,0.23671497584541062,0.12009803921568628,0.15934959349593494,cao2018,S01/051017m,frontal_right,median,median__frontal_right__F4,2,60,"[12, 15, 17, 18, 19, 20, 26, 27, 28, 29, 30, 31, 42, 45, 50, 51, 52, 53, 59]",19,False,4.520049999944798e-05,3.921249335306002e-07,1.4936125021972459e-05,60.0
FP2,408,408,191,217,217,0.4681372549019608,0.4681372549019608,0.4681372549019608,cao2018,S01/051017m,frontal_right,mean,mean__frontal_right__FP2,2,60,"[12, 15, 17, 18, 19, 20, 26, 27, 28, 29, 30, 31, 42, 45, 50, 51, 52, 53, 59]",19,False,4.574571729263293e-05,9.691048878045405e-09,1.5245342081251626e-05,60.0
F4,213,213,50,163,358,0.2347417840375587,0.12254901960784313,0.1610305958132045,cao2018,S01/051017m,frontal_right,mean,mean__frontal_right__F4,2,60,"[12, 15, 17, 18, 19, 20, 26, 27, 28, 29, 30, 31, 42, 45, 50, 51, 52, 53, 59]",19,False,4.4818832185107144e-05,1.0457119189765697e-08,1.4936125021972459e-05,60.0
FP1,592,592,312,280,96,0.527027027027027,0.7647058823529411,0.6239999999999999,cao2018,S01/051017m,all_channel,median,median__all_channel__FP1,32,30,"[3, 4, 6, 7, 8, 9, 10, 13, 14, 15, 16, 21, 22, 23, 24, 25, 26, 27, 28, 29]",20,False,4.31093988410161e-05,-6.844863829429843e-07,1.4597961741319693e-05,120.0
FP2,503,503,231,272,177,0.4592445328031809,0.5661764705882353,0.5071350164654226,cao2018,S01/051017m,all_channel,median,median__all_channel__FP2,32,30,"[3, 4, 6, 7, 8, 9, 10, 13, 14, 15, 16, 21, 22, 23, 24, 25, 26, 27, 28, 29]",20,False,4.055217961790189e-05,-4.099418035681338e-07,1.3654040473823342e-05,120.0
F8,384,384,127,257,281,0.3307291666666667,0.3112745098039216,0.3207070707070707,cao2018,S01/051017m,all_channel,median,median__all_channel__F8,32,30,"[3, 4, 6, 7, 8, 9, 10, 13, 14, 15, 16, 21, 22, 23, 24, 25, 26, 27, 28, 29]",20,False,3.162903894680753e-05,-1.3402509038496164e-07,1.0587688012397497e-05,120.0
FT8,262,262,80,182,328,0.3053435114503817,0.19607843137254902,0.2388059701492537,cao2018,S01/051017m,all_channel,median,median__all_channel__FT8,32,30,"[3, 4, 6, 7, 8, 9, 10, 13, 14, 15, 16, 21, 22, 23, 24, 25, 26, 27, 28, 29]",20,False,2.503014932277394e-05,-5.1961735684994873e-08,8.360703686152977e-06,120.0
F4,308,308,67,241,341,0.21753246753246752,0.1642156862745098,0.18715083798882678,cao2018,S01/051017m,all_channel,median,median__all_channel__F4,32,30,"[3, 4, 6, 7, 8, 9, 10, 13, 14, 15, 16, 21, 22, 23, 24, 25, 26, 27, 28, 29]",20,False,3.7867118744701824e-05,-3.6160652453159964e-08,1.2634426465718327e-05,120.0
F7,211,211,56,155,352,0.26540284360189575,0.13725490196078433,0.18093699515347336,cao2018,S01/051017m,all_channel,median,median__all_channel__F7,32,30,"[3, 4, 6, 7, 8, 9, 10, 13, 14, 15, 16, 21, 22, 23, 24, 25, 26, 27, 28, 29]",20,False,3.481121808213031e-05,-4.2525977375735003e-08,1.1617914686502016e-05,120.0
T4,263,263,58,205,350,0.22053231939163498,0.14215686274509803,0.17287630402384502,cao2018,S01/051017m,all_channel,median,median__all_channel__T4,32,30,"[3, 4, 6, 7, 8, 9, 10, 13, 14, 15, 16, 21, 22, 23, 24, 25, 26, 27, 28, 29]",20,False,2.2332753357914387e-05,-1.0981466054596131e-08,7.447911607989661e-06,120.0
F3,269,269,55,214,353,0.20446096654275092,0.13480392156862744,0.16248153618906944,cao2018,S01/051017m,all_channel,median,median__all_channel__F3,32,30,"[3, 4, 6, 7, 8, 9, 10, 13, 14, 15, 16, 21, 22, 23, 24, 25, 26, 27, 28, 29]",20,False,3.726940472289769e-05,-4.3297437409843665e-12,1.242313635088048e-05,120.0
FC4,289,289,50,239,358,0.17301038062283736,0.12254901960784313,0.14347202295552366,cao2018,S01/051017m,all_channel,median,median__all_channel__FC4,32,30,"[3, 4, 6, 7, 8, 9, 10, 13, 14, 15, 16, 21, 22, 23, 24, 25, 26, 27, 28, 29]",20,False,3.454002365802259e-05,2.952284010772221e-08,1.1503500272638287e-05,120.0
FZ,290,290,46,244,362,0.15862068965517243,0.11274509803921569,0.13180515759312322,cao2018,S01/051017m,all_channel,median,median__all_channel__FZ,32,30,"[3, 4, 6, 7, 8, 9, 10, 13, 14, 15, 16, 21, 22, 23, 24, 25, 26, 27, 28, 29]",20,False,4.072185907415885e-05,2.0025323277354542e-08,1.3567277916960498e-05,120.0
TP8,162,162,36,126,372,0.2222222222222222,0.08823529411764706,0.12631578947368421,cao2018,S01/051017m,all_channel,median,median__all_channel__TP8,32,30,"[3, 4, 6, 7, 8, 9, 10, 13, 14, 15, 16, 21, 22, 23, 24, 25, 26, 27, 28, 29]",20,False,1.935626663999335e-05,7.118250803365732e-08,6.428361377319898e-06,120.0
C4,271,271,38,233,370,0.14022140221402213,0.09313725490196079,0.11192930780559646,cao2018,S01/051017m,all_channel,median,median__all_channel__C4,32,30,"[3, 4, 6, 7, 8, 9, 10, 13, 14, 15, 16, 21, 22, 23, 24, 25, 26, 27, 28, 29]",20,False,3.096815148893557e-05,5.454467500443844e-08,1.0304535604643712e-05,120.0
FT7,169,169,29,140,379,0.17159763313609466,0.07107843137254902,0.10051993067590986,cao2018,S01/051017m,all_channel,median,median__all_channel__FT7,32,30,"[3, 4, 6, 7, 8, 9, 10, 13, 14, 15, 16, 21, 22, 23, 24, 25, 26, 27, 28, 29]",20,False,3.0313227909481793e-05,4.6968202550983873e-08,1.0088753235643604e-05,120.0
T6,135,135,24,111,384,0.17777777777777778,0.058823529411764705,0.08839779005524863,cao2018,S01/051017m,all_channel,median,median__all_channel__T6,32,30,"[3, 4, 6, 7, 8, 9, 10, 13, 14, 15, 16, 21, 22, 23, 24, 25, 26, 27, 28, 29]",20,False,1.8118507417968193e-05,1.774480237618093e-08,6.033587538530671e-06,120.0
CP4,238,238,27,211,381,0.1134453781512605,0.0661764705882353,0.08359133126934984,cao2018,S01/051017m,all_channel,median,median__all_channel__CP4,32,30,"[3, 4, 6, 7, 8, 9, 10, 13, 14, 15, 16, 21, 22, 23, 24, 25, 26, 27, 28, 29]",20,False,2.9280564648044498e-05,9.728783406180294e-08,9.727758937994232e-06,120.0
FC3,213,213,25,188,383,0.11737089201877934,0.061274509803921566,0.08051529790660225,cao2018,S01/051017m,all_channel,median,median__all_channel__FC3,32,30,"[3, 4, 6, 7, 8, 9, 10, 13, 14, 15, 16, 21, 22, 23, 24, 25, 26, 27, 28, 29]",20,False,3.560050914371637e-05,4.040709464871794e-08,1.1853367349689218e-05,120.0
FCZ,268,268,27,241,381,0.10074626865671642,0.0661764705882353,0.07988165680473373,cao2018,S01/051017m,all_channel,median,median__all_channel__FCZ,32,30,"[3, 4, 6, 7, 8, 9, 10, 13, 14, 15, 16, 21, 22, 23, 24, 25, 26, 27, 28, 29]",20,False,3.878027815652402e-05,1.1668040711168402e-07,1.288786591647078e-05,120.0
P4,198,198,23,175,385,0.11616161616161616,0.056372549019607844,0.07590759075907591,cao2018,S01/051017m,all_channel,median,median__all_channel__P4,32,30,"[3, 4, 6, 7, 8, 9, 10, 13, 14, 15, 16, 21, 22, 23, 24, 25, 26, 27, 28, 29]",20,False,2.645185963690178e-05,7.019074167196434e-08,8.793889631743273e-06,120.0
T3,140,140,20,120,388,0.14285714285714285,0.049019607843137254,0.072992700729927,cao2018,S01/051017m,all_channel,median,median__all_channel__T3,32,30,"[3, 4, 6, 7, 8, 9, 10, 13, 14, 15, 16, 21, 22, 23, 24, 25, 26, 27, 28, 29]",20,False,2.7392111520527152e-05,8.286413428595954e-08,9.103082462080396e-06,120.0
CZ,303,303,25,278,383,0.08250825082508251,0.061274509803921566,0.07032348804500702,cao2018,S01/051017m,all_channel,median,median__all_channel__CZ,32,30,"[3, 4, 6, 7, 8, 9, 10, 13, 14, 15, 16, 21, 22, 23, 24, 25, 26, 27, 28, 29]",20,False,3.554133293837945e-05,7.155326113309325e-08,1.1823259892415452e-05,120.0
C3,201,201,20,181,388,0.09950248756218906,0.049019607843137254,0.06568144499178981,cao2018,S01/051017m,all_channel,median,median__all_channel__C3,32,30,"[3, 4, 6, 7, 8, 9, 10, 13, 14, 15, 16, 21, 22, 23, 24, 25, 26, 27, 28, 29]",20,False,3.305521797680862e-05,8.053169253405371e-08,1.0991562094758188e-05,120.0
TP7,96,96,16,80,392,0.16666666666666666,0.0392156862745098,0.06349206349206349,cao2018,S01/051017m,all_channel,median,median__all_channel__TP7,32,30,"[3, 4, 6, 7, 8, 9, 10, 13, 14, 15, 16, 21, 22, 23, 24, 25, 26, 27, 28, 29]",20,False,2.552885025952236e-05,-1.6042063336428852e-09,8.510151488618667e-06,120.0
CP3,175,175,17,158,391,0.09714285714285714,0.041666666666666664,0.05831903945111492,cao2018,S01/051017m,all_channel,median,median__all_channel__CP3,32,30,"[3, 4, 6, 7, 8, 9, 10, 13, 14, 15, 16, 21, 22, 23, 24, 25, 26, 27, 28, 29]",20,False,3.05510052605242e-05,8.930744853046265e-08,1.015389927066458e-05,120.0
CPZ,249,249,19,230,389,0.07630522088353414,0.04656862745098039,0.05783866057838661,cao2018,S01/051017m,all_channel,median,median__all_channel__CPZ,32,30,"[3, 4, 6, 7, 8, 9, 10, 13, 14, 15, 16, 21, 22, 23, 24, 25, 26, 27, 28, 29]",20,False,3.198120522342362e-05,5.486020458670311e-08,1.0642115006278973e-05,120.0
P3,157,157,14,143,394,0.08917197452229299,0.03431372549019608,0.049557522123893805,cao2018,S01/051017m,all_channel,median,median__all_channel__P3,32,30,"[3, 4, 6, 7, 8, 9, 10, 13, 14, 15, 16, 21, 22, 23, 24, 25, 26, 27, 28, 29]",20,False,2.8955779257181894e-05,7.039433014745132e-08,9.628461642344814e-06,120.0
PZ,192,192,14,178,394,0.07291666666666667,0.03431372549019608,0.04666666666666667,cao2018,S01/051017m,all_channel,median,median__all_channel__PZ,32,30,"[3, 4, 6, 7, 8, 9, 10, 13, 14, 15, 16, 21, 22, 23, 24, 25, 26, 27, 28, 29]",20,False,2.9262188618545094e-05,3.3510080295994644e-08,9.742892846083033e-06,120.0
T5,84,84,9,75,399,0.10714285714285714,0.022058823529411766,0.03658536585365854,cao2018,S01/051017m,all_channel,median,median__all_channel__T5,32,30,"[3, 4, 6, 7, 8, 9, 10, 13, 14, 15, 16, 21, 22, 23, 24, 25, 26, 27, 28, 29]",20,False,2.6122611059240833e-05,-7.002717325571614e-08,8.730879410832183e-06,120.0
O2,96,96,8,88,400,0.08333333333333333,0.0196078431372549,0.031746031746031744,cao2018,S01/051017m,all_channel,median,median__all_channel__O2,32,30,"[3, 4, 6, 7, 8, 9, 10, 13, 14, 15, 16, 21, 22, 23, 24, 25, 26, 27, 28, 29]",20,False,2.3765861582969534e-05,-7.689805929986439e-08,7.947586547423133e-06,120.0
O1,85,85,6,79,402,0.07058823529411765,0.014705882352941176,0.02434077079107505,cao2018,S01/051017m,all_channel,median,median__all_channel__O1,32,30,"[3, 4, 6, 7, 8, 9, 10, 13, 14, 15, 16, 21, 22, 23, 24, 25, 26, 27, 28, 29]",20,False,2.522399243222645e-05,-1.6878889179539127e-07,8.464260441340614e-06,120.0
OZ,106,106,5,101,403,0.04716981132075472,0.012254901960784314,0.019455252918287938,cao2018,S01/051017m,all_channel,median,median__all_channel__OZ,32,30,"[3, 4, 6, 7, 8, 9, 10, 13, 14, 15, 16, 21, 22, 23, 24, 25, 26, 27, 28, 29]",20,False,2.3602299597095422e-05,-9.685711647125975e-08,7.899718904522228e-06,120.0
A1,0,0,0,0,408,0.0,0.0,0.0,cao2018,S01/051017m,all_channel,median,median__all_channel__A1,32,30,"[3, 4, 6, 7, 8, 9, 10, 13, 14, 15, 16, 21, 22, 23, 24, 25, 26, 27, 28, 29]",20,False,0.0,0.0,0.0,120.0
A2,0,0,0,0,408,0.0,0.0,0.0,cao2018,S01/051017m,all_channel,median,median__all_channel__A2,32,30,"[3, 4, 6, 7, 8, 9, 10, 13, 14, 15, 16, 21, 22, 23, 24, 25, 26, 27, 28, 29]",20,False,0.0,0.0,0.0,120.0
FP1,577,577,304,273,104,0.5268630849220104,0.7450980392156863,0.617258883248731,cao2018,S01/051017m,all_channel,mean,mean__all_channel__FP1,32,30,"[3, 4, 6, 7, 8, 9, 10, 13, 14, 15, 16, 21, 22, 23, 24, 25, 26, 27, 28, 29]",20,False,4.380874375629698e-05,1.485853233789666e-08,1.4597961741319693e-05,120.0
FP2,491,491,227,264,181,0.4623217922606925,0.5563725490196079,0.5050055617352613,cao2018,S01/051017m,all_channel,mean,mean__all_channel__FP2,32,30,"[3, 4, 6, 7, 8, 9, 10, 13, 14, 15, 16, 21, 22, 23, 24, 25, 26, 27, 28, 29]",20,False,4.0979762137974375e-05,1.764071650435308e-08,1.3654040473823342e-05,120.0
F8,379,379,126,253,282,0.3324538258575198,0.3088235294117647,0.3202033036848793,cao2018,S01/051017m,all_channel,mean,mean__all_channel__F8,32,30,"[3, 4, 6, 7, 8, 9, 10, 13, 14, 15, 16, 21, 22, 23, 24, 25, 26, 27, 28, 29]",20,False,3.1778740866339305e-05,1.5676829146816565e-08,1.0587688012397497e-05,120.0
FT8,260,260,80,180,328,0.3076923076923077,0.19607843137254902,0.23952095808383234,cao2018,S01/051017m,all_channel,mean,mean__all_channel__FT8,32,30,"[3, 4, 6, 7, 8, 9, 10, 13, 14, 15, 16, 21, 22, 23, 24, 25, 26, 27, 28, 29]",20,False,2.509602886639089e-05,1.3917807931959735e-08,8.360703686152977e-06,120.0
F4,308,308,67,241,341,0.21753246753246752,0.1642156862745098,0.18715083798882678,cao2018,S01/051017m,all_channel,mean,mean__all_channel__F4,32,30,"[3, 4, 6, 7, 8, 9, 10, 13, 14, 15, 16, 21, 22, 23, 24, 25, 26, 27, 28, 29]",20,False,3.791561226569419e-05,1.233286853920869e-08,1.2634426465718327e-05,120.0
F7,209,209,56,153,352,0.2679425837320574,0.13725490196078433,0.1815235008103728,cao2018,S01/051017m,all_channel,mean,mean__all_channel__F7,32,30,"[3, 4, 6, 7, 8, 9, 10, 13, 14, 15, 16, 21, 22, 23, 24, 25, 26, 27, 28, 29]",20,False,3.4854032986685414e-05,2.8892717937116293e-10,1.1617914686502016e-05,120.0
T4,261,261,57,204,351,0.21839080459770116,0.13970588235294118,0.17040358744394618,cao2018,S01/051017m,all_channel,mean,mean__all_channel__T4,32,30,"[3, 4, 6, 7, 8, 9, 10, 13, 14, 15, 16, 21, 22, 23, 24, 25, 26, 27, 28, 29]",20,False,2.23524137773136e-05,8.678953344617257e-09,7.447911607989661e-06,120.0
F3,267,267,55,212,353,0.20599250936329588,0.13480392156862744,0.16296296296296295,cao2018,S01/051017m,all_channel,mean,mean__all_channel__F3,32,30,"[3, 4, 6, 7, 8, 9, 10, 13, 14, 15, 16, 21, 22, 23, 24, 25, 26, 27, 28, 29]",20,False,3.7370196519073465e-05,1.0078746643202861e-07,1.242313635088048e-05,120.0
FC4,290,290,50,240,358,0.1724137931034483,0.12254901960784313,0.14326647564469913,cao2018,S01/051017m,all_channel,mean,mean__all_channel__FC4,32,30,"[3, 4, 6, 7, 8, 9, 10, 13, 14, 15, 16, 21, 22, 23, 24, 25, 26, 27, 28, 29]",20,False,3.452040174635141e-05,9.900928436546208e-09,1.1503500272638287e-05,120.0
FZ,290,290,46,244,362,0.15862068965517243,0.11274509803921569,0.13180515759312322,cao2018,S01/051017m,all_channel,mean,mean__all_channel__FZ,32,30,"[3, 4, 6, 7, 8, 9, 10, 13, 14, 15, 16, 21, 22, 23, 24, 25, 26, 27, 28, 29]",20,False,4.0710663925880854e-05,8.830174999359696e-09,1.3567277916960498e-05,120.0
TP8,165,165,36,129,372,0.21818181818181817,0.08823529411764706,0.12565445026178013,cao2018,S01/051017m,all_channel,mean,mean__all_channel__TP8,32,30,"[3, 4, 6, 7, 8, 9, 10, 13, 14, 15, 16, 21, 22, 23, 24, 25, 26, 27, 28, 29]",20,False,1.9296500071042206e-05,1.1415939082510153e-08,6.428361377319898e-06,120.0
C4,273,273,38,235,370,0.1391941391941392,0.09313725490196079,0.11160058737151249,cao2018,S01/051017m,all_channel,mean,mean__all_channel__C4,32,30,"[3, 4, 6, 7, 8, 9, 10, 13, 14, 15, 16, 21, 22, 23, 24, 25, 26, 27, 28, 29]",20,False,3.092243174506543e-05,8.824931134297738e-09,1.0304535604643712e-05,120.0
FT7,169,169,29,140,379,0.17159763313609466,0.07107843137254902,0.10051993067590986,cao2018,S01/051017m,all_channel,mean,mean__all_channel__FT7,32,30,"[3, 4, 6, 7, 8, 9, 10, 13, 14, 15, 16, 21, 22, 23, 24, 25, 26, 27, 28, 29]",20,False,3.0260416375248785e-05,-5.843331682025318e-09,1.0088753235643604e-05,120.0
T6,134,134,24,110,384,0.1791044776119403,0.058823529411764705,0.0885608856088561,cao2018,S01/051017m,all_channel,mean,mean__all_channel__T6,32,30,"[3, 4, 6, 7, 8, 9, 10, 13, 14, 15, 16, 21, 22, 23, 24, 25, 26, 27, 28, 29]",20,False,1.8109986686524313e-05,9.224070932300367e-09,6.033587538530671e-06,120.0
CP4,240,240,27,213,381,0.1125,0.0661764705882353,0.08333333333333334,cao2018,S01/051017m,all_channel,mean,mean__all_channel__CP4,32,30,"[3, 4, 6, 7, 8, 9, 10, 13, 14, 15, 16, 21, 22, 23, 24, 25, 26, 27, 28, 29]",20,False,2.9191814334237326e-05,8.537520254633618e-09,9.727758937994232e-06,120.0
FC3,214,214,25,189,383,0.11682242990654206,0.061274509803921566,0.08038585209003216,cao2018,S01/051017m,all_channel,mean,mean__all_channel__FC3,32,30,"[3, 4, 6, 7, 8, 9, 10, 13, 14, 15, 16, 21, 22, 23, 24, 25, 26, 27, 28, 29]",20,False,3.555874425295637e-05,-1.357796111284528e-09,1.1853367349689218e-05,120.0
FCZ,270,270,27,243,381,0.1,0.0661764705882353,0.07964601769911504,cao2018,S01/051017m,all_channel,mean,mean__all_channel__FCZ,32,30,"[3, 4, 6, 7, 8, 9, 10, 13, 14, 15, 16, 21, 22, 23, 24, 25, 26, 27, 28, 29]",20,False,3.86717880582031e-05,8.19030879076536e-09,1.288786591647078e-05,120.0
P4,199,199,23,176,385,0.11557788944723618,0.056372549019607844,0.07578253706754531,cao2018,S01/051017m,all_channel,mean,mean__all_channel__P4,32,30,"[3, 4, 6, 7, 8, 9, 10, 13, 14, 15, 16, 21, 22, 23, 24, 25, 26, 27, 28, 29]",20,False,2.63907315101173e-05,9.062614887483253e-09,8.793889631743273e-06,120.0
CZ,304,304,26,278,382,0.08552631578947369,0.06372549019607843,0.07303370786516855,cao2018,S01/051017m,all_channel,mean,mean__all_channel__CZ,32,30,"[3, 4, 6, 7, 8, 9, 10, 13, 14, 15, 16, 21, 22, 23, 24, 25, 26, 27, 28, 29]",20,False,3.547623337293257e-05,6.453695686210717e-09,1.1823259892415452e-05,120.0
T3,141,141,20,121,388,0.14184397163120568,0.049019607843137254,0.07285974499089254,cao2018,S01/051017m,all_channel,mean,mean__all_channel__T3,32,30,"[3, 4, 6, 7, 8, 9, 10, 13, 14, 15, 16, 21, 22, 23, 24, 25, 26, 27, 28, 29]",20,False,2.7309039529276525e-05,-2.0785696466730198e-10,9.103082462080396e-06,120.0
C3,203,203,20,183,388,0.09852216748768473,0.049019607843137254,0.06546644844517185,cao2018,S01/051017m,all_channel,mean,mean__all_channel__C3,32,30,"[3, 4, 6, 7, 8, 9, 10, 13, 14, 15, 16, 21, 22, 23, 24, 25, 26, 27, 28, 29]",20,False,3.297327674357781e-05,-1.409540696753894e-09,1.0991562094758188e-05,120.0
TP7,96,96,16,80,392,0.16666666666666666,0.0392156862745098,0.06349206349206349,cao2018,S01/051017m,all_channel,mean,mean__all_channel__TP7,32,30,"[3, 4, 6, 7, 8, 9, 10, 13, 14, 15, 16, 21, 22, 23, 24, 25, 26, 27, 28, 29]",20,False,2.5530531368141058e-05,7.690228505712762e-11,8.510151488618667e-06,120.0
CP3,176,176,17,159,391,0.09659090909090909,0.041666666666666664,0.058219178082191785,cao2018,S01/051017m,all_channel,mean,mean__all_channel__CP3,32,30,"[3, 4, 6, 7, 8, 9, 10, 13, 14, 15, 16, 21, 22, 23, 24, 25, 26, 27, 28, 29]",20,False,3.0464642446493575e-05,2.9446344998337753e-09,1.015389927066458e-05,120.0
CPZ,253,253,19,234,389,0.07509881422924901,0.04656862745098039,0.057488653555219364,cao2018,S01/051017m,all_channel,mean,mean__all_channel__CPZ,32,30,"[3, 4, 6, 7, 8, 9, 10, 13, 14, 15, 16, 21, 22, 23, 24, 25, 26, 27, 28, 29]",20,False,3.193291334479657e-05,6.5683259596500075e-09,1.0642115006278973e-05,120.0
PZ,193,193,15,178,393,0.07772020725388601,0.03676470588235294,0.04991680532445924,cao2018,S01/051017m,all_channel,mean,mean__all_channel__PZ,32,30,"[3, 4, 6, 7, 8, 9, 10, 13, 14, 15, 16, 21, 22, 23, 24, 25, 26, 27, 28, 29]",20,False,2.92351773240213e-05,6.498785772201806e-09,9.742892846083033e-06,120.0
P3,158,158,14,144,394,0.08860759493670886,0.03431372549019608,0.04946996466431096,cao2018,S01/051017m,all_channel,mean,mean__all_channel__P3,32,30,"[3, 4, 6, 7, 8, 9, 10, 13, 14, 15, 16, 21, 22, 23, 24, 25, 26, 27, 28, 29]",20,False,2.888904331662002e-05,3.658389585577633e-09,9.628461642344814e-06,120.0
T5,84,84,9,75,399,0.10714285714285714,0.022058823529411766,0.03658536585365854,cao2018,S01/051017m,all_channel,mean,mean__all_channel__T5,32,30,"[3, 4, 6, 7, 8, 9, 10, 13, 14, 15, 16, 21, 22, 23, 24, 25, 26, 27, 28, 29]",20,False,2.6193757559854394e-05,1.1193273578449955e-09,8.730879410832183e-06,120.0
O2,94,94,8,86,400,0.0851063829787234,0.0196078431372549,0.03187250996015936,cao2018,S01/051017m,all_channel,mean,mean__all_channel__O2,32,30,"[3, 4, 6, 7, 8, 9, 10, 13, 14, 15, 16, 21, 22, 23, 24, 25, 26, 27, 28, 29]",20,False,2.385309670161186e-05,1.0337059342462431e-08,7.947586547423133e-06,120.0
O1,83,83,5,78,403,0.060240963855421686,0.012254901960784314,0.020366598778004074,cao2018,S01/051017m,all_channel,mean,mean__all_channel__O1,32,30,"[3, 4, 6, 7, 8, 9, 10, 13, 14, 15, 16, 21, 22, 23, 24, 25, 26, 27, 28, 29]",20,False,2.539805528156087e-05,5.273957539028515e-09,8.464260441340614e-06,120.0
OZ,106,106,5,101,403,0.04716981132075472,0.012254901960784314,0.019455252918287938,cao2018,S01/051017m,all_channel,mean,mean__all_channel__OZ,32,30,"[3, 4, 6, 7, 8, 9, 10, 13, 14, 15, 16, 21, 22, 23, 24, 25, 26, 27, 28, 29]",20,False,2.370693394437782e-05,7.777230811138682e-09,7.899718904522228e-06,120.0
A1,0,0,0,0,408,0.0,0.0,0.0,cao2018,S01/051017m,all_channel,mean,mean__all_channel__A1,32,30,"[3, 4, 6, 7, 8, 9, 10, 13, 14, 15, 16, 21, 22, 23, 24, 25, 26, 27, 28, 29]",20,False,0.0,0.0,0.0,120.0
A2,0,0,0,0,408,0.0,0.0,0.0,cao2018,S01/051017m,all_channel,mean,mean__all_channel__A2,32,30,"[3, 4, 6, 7, 8, 9, 10, 13, 14, 15, 16, 21, 22, 23, 24, 25, 26, 27, 28, 29]",20,False,0.0,0.0,0.0,120.0
FP1,574,574,301,273,107,0.524390243902439,0.7377450980392157,0.6130346232179227,cao2018,S01/051017m,frontal,median,median__frontal__FP1,4,30,"[8, 10, 15, 21, 22, 23, 24, 25, 26, 27, 28, 29]",12,False,4.3958618418339305e-05,-1.1510844841635563e-06,1.503656763416762e-05,120.0
FP2,498,498,229,269,179,0.4598393574297189,0.5612745098039216,0.5055187637969095,cao2018,S01/051017m,frontal,median,median__frontal__FP2,4,30,"[8, 10, 15, 21, 22, 23, 24, 25, 26, 27, 28, 29]",12,False,4.070555275595506e-05,-7.775202196194874e-07,1.3827690991858182e-05,120.0
F4,332,332,70,262,338,0.21084337349397592,0.1715686274509804,0.1891891891891892,cao2018,S01/051017m,frontal,median,median__frontal__F4,4,30,"[8, 10, 15, 21, 22, 23, 24, 25, 26, 27, 28, 29]",12,False,3.62860570197372e-05,-1.851801711034008e-07,1.2157079063613535e-05,120.0
F3,331,331,62,269,346,0.18731117824773413,0.15196078431372548,0.16779431664411365,cao2018,S01/051017m,frontal,median,median__frontal__F3,4,30,"[8, 10, 15, 21, 22, 23, 24, 25, 26, 27, 28, 29]",12,False,3.4571544463011614e-05,-7.018685515071111e-11,1.1523871549955588e-05,120.0
FP1,544,544,287,257,121,0.5275735294117647,0.7034313725490197,0.6029411764705883,cao2018,S01/051017m,frontal,mean,mean__frontal__FP1,4,30,"[8, 10, 15, 21, 22, 23, 24, 25, 26, 27, 28, 29]",12,False,4.5133618014814525e-05,2.3915112311663128e-08,1.503656763416762e-05,120.0
FP2,486,486,225,261,183,0.46296296296296297,0.5514705882352942,0.5033557046979866,cao2018,S01/051017m,frontal,mean,mean__frontal__FP2,4,30,"[8, 10, 15, 21, 22, 23, 24, 25, 26, 27, 28, 29]",12,False,4.15092979535487e-05,2.6224977974153443e-08,1.3827690991858182e-05,120.0
F4,330,330,70,260,338,0.21212121212121213,0.1715686274509804,0.1897018970189702,cao2018,S01/051017m,frontal,mean,mean__frontal__F4,4,30,"[8, 10, 15, 21, 22, 23, 24, 25, 26, 27, 28, 29]",12,False,3.648380120668548e-05,1.2564015844877239e-08,1.2157079063613535e-05,120.0
F3,326,326,61,265,347,0.18711656441717792,0.14950980392156862,0.16621253405994552,cao2018,S01/051017m,frontal,mean,mean__frontal__F3,4,30,"[8, 10, 15, 21, 22, 23, 24, 25, 26, 27, 28, 29]",12,False,3.4733498632512126e-05,1.6188398264536415e-07,1.1523871549955588e-05,120.0
FP1,574,574,301,273,107,0.524390243902439,0.7377450980392157,0.6130346232179227,cao2018,S01/051017m,frontal_left,median,median__frontal_left__FP1,2,30,"[8, 10, 15, 21, 22, 23, 24, 25, 26, 27, 28, 29]",12,False,4.3958618418339305e-05,-1.1510844841635563e-06,1.503656763416762e-05,120.0
F3,331,331,62,269,346,0.18731117824773413,0.15196078431372548,0.16779431664411365,cao2018,S01/051017m,frontal_left,median,median__frontal_left__F3,2,30,"[8, 10, 15, 21, 22, 23, 24, 25, 26, 27, 28, 29]",12,False,3.4571544463011614e-05,-7.018685515071111e-11,1.1523871549955588e-05,120.0
FP1,544,544,287,257,121,0.5275735294117647,0.7034313725490197,0.6029411764705883,cao2018,S01/051017m,frontal_left,mean,mean__frontal_left__FP1,2,30,"[8, 10, 15, 21, 22, 23, 24, 25, 26, 27, 28, 29]",12,False,4.5133618014814525e-05,2.3915112311663128e-08,1.503656763416762e-05,120.0
F3,326,326,61,265,347,0.18711656441717792,0.14950980392156862,0.16621253405994552,cao2018,S01/051017m,frontal_left,mean,mean__frontal_left__F3,2,30,"[8, 10, 15, 21, 22, 23, 24, 25, 26, 27, 28, 29]",12,False,3.4733498632512126e-05,1.6188398264536415e-07,1.1523871549955588e-05,120.0
FP2,582,582,259,323,149,0.44501718213058417,0.6348039215686274,0.5232323232323232,cao2018,S01/051017m,frontal_right,median,median__frontal_right__FP2,2,30,"[21, 29]",2,False,3.7371128928866435e-05,-2.8149630111249944e-06,1.3395363979997145e-05,120.0
F4,540,540,103,437,305,0.19074074074074074,0.25245098039215685,0.2172995780590717,cao2018,S01/051017m,frontal_right,median,median__frontal_right__F4,2,30,"[21, 29]",2,False,2.9119587780887598e-05,-9.317708299262988e-07,1.0017119536937966e-05,120.0
FP2,508,508,235,273,173,0.4625984251968504,0.5759803921568627,0.5131004366812227,cao2018,S01/051017m,frontal_right,mean,mean__frontal_right__FP2,2,30,"[21, 29]",2,False,4.018145581035402e-05,-4.636129637413779e-09,1.3395363979997145e-05,120.0
F4,508,508,98,410,310,0.19291338582677164,0.24019607843137256,0.21397379912663755,cao2018,S01/051017m,frontal_right,mean,mean__frontal_right__F4,2,30,"[21, 29]",2,False,3.0055477487192136e-05,4.118876378240291e-09,1.0017119536937966e-05,120.0
