channel,raw_candidate_count,mapped_candidate_count,tp,fp,fn,precision,recall,f1,dataset,session,selection,center_method,condition,n_channels_used,n_valid,flagged_valid_epoch_indices,n_flagged,used_all_epochs,blink_region_threshold,threshold_center,threshold_dispersion,epoch_duration_s
FP1,2746,2746,2405,341,68,0.8758193736343772,0.9725030327537404,0.9216324966468672,cao2018,S01/061102n,all_channel,median,median__all_channel__FP1,32,630,"[0, 1, 2, 3, 4, 5, 6, 7, 8, 9, 10, 11, 12, 13, 14, 15, 16, 17, 18, 19, 20, 21, 22, 23, 24, 25, 26, 27, 28, 29, 30, 31, 32, 33, 34, 35, 36, 37, 38, 39, 40, 41, 42, 43, 44, 45, 46, 47, 48, 49, 50, 51, 52, 53, 54, 55, 56, 57, 58, 59, 60, 61, 62, 63, 64, 65, 66, 67, 68, 69, 70, 71, 72, 73, 74, 75, 76, 77, 78, 79, 80, 81, 82, 83, 84, 85, 86, 87, 88, 89, 90, 91, 92, 93, 94, 95, 96, 97, 98, 99, 100, 101, 102, 103, 104, 105, 106, 107, 108, 109, 110, 111, 112, 113, 114, 115, 116, 117, 118, 119, 120, 121, 122, 123, 124, 125, 126, 127, 128, 129, 130, 131, 132, 133, 134, 135, 136, 137, 138, 139, 140, 141, 142, 143, 144, 145, 146, 147, 148, 149, 150, 151, 152, 153, 154, 155, 156, 157, 158, 159, 160, 161, 162, 163, 164, 165, 166, 167, 168, 169, 170, 171, 172, 173, 174, 175, 176, 177, 178, 179, 180, 181, 182, 185, 186, 187, 188, 189, 190, 191, 192, 193, 194, 195, 196, 197, 198, 199, 200, 201, 202, 203, 204, 205, 206, 207, 208, 209, 210, 211, 212, 213, 214, 215, 216, 217, 218, 219, 220, 221, 222, 223, 224, 225, 226, 227, 228, 229, 230, 231, 232, 233, 234, 235, 236, 237, 238, 239, 240, 241, 242, 243, 244, 245, 246, 247, 248, 249, 250, 251, 252, 253, 254, 255, 256, 257, 258, 259, 260, 261, 262, 263, 264, 265, 266, 267, 268, 269, 270, 271, 272, 273, 274, 275, 276, 277, 278, 279, 280, 281, 282, 283, 285, 286, 289, 291, 292, 296, 300, 301, 302, 304, 305, 306, 308, 309, 311, 312, 313, 314, 315, 316, 317, 318, 321, 322, 323, 324, 327, 328, 331, 332, 333, 334, 335, 336, 340, 341, 342, 344, 347, 348, 350, 352, 353, 354, 355, 356, 358, 360, 361, 364, 365, 366, 370, 371, 376, 381, 382, 383, 384, 390, 392, 393, 395, 398, 399, 400, 402, 403, 406, 411, 413, 414, 416, 417, 418, 419, 421, 422, 423, 424, 425, 426, 428, 429, 430, 431, 433, 436, 437, 438, 449, 450, 451, 453, 455, 458, 459, 461, 463, 465, 466, 467, 469, 471, 477, 488, 489, 490, 491, 492, 493, 494, 495, 496, 497, 499, 509, 510, 512, 517, 519, 520, 523, 524, 527, 528, 529, 530, 537, 538, 539, 541, 542, 544, 545, 546, 547, 549, 550, 551, 552, 553, 555, 556, 558, 560, 562, 563, 564, 566, 567, 568, 569, 570, 572, 573, 574, 575, 579, 580, 581, 586, 589, 590, 592, 594, 597, 599, 601, 602, 603, 604, 605, 607, 608, 609, 610, 611, 612, 613, 614, 615, 616, 617, 618, 619, 620, 621, 622, 623, 624, 626, 629]",475,False,5.005057032957984e-05,-4.5987900850349675e-06,1.8216453471538267e-05,10.0
FP2,2256,2256,1954,302,519,0.8661347517730497,0.7901334411645774,0.8263903573694227,cao2018,S01/061102n,all_channel,median,median__all_channel__FP2,32,630,"[0, 1, 2, 3, 4, 5, 6, 7, 8, 9, 10, 11, 12, 13, 14, 15, 16, 17, 18, 19, 20, 21, 22, 23, 24, 25, 26, 27, 28, 29, 30, 31, 32, 33, 34, 35, 36, 37, 38, 39, 40, 41, 42, 43, 44, 45, 46, 47, 48, 49, 50, 51, 52, 53, 54, 55, 56, 57, 58, 59, 60, 61, 62, 63, 64, 65, 66, 67, 68, 69, 70, 71, 72, 73, 74, 75, 76, 77, 78, 79, 80, 81, 82, 83, 84, 85, 86, 87, 88, 89, 90, 91, 92, 93, 94, 95, 96, 97, 98, 99, 100, 101, 102, 103, 104, 105, 106, 107, 108, 109, 110, 111, 112, 113, 114, 115, 116, 117, 118, 119, 120, 121, 122, 123, 124, 125, 126, 127, 128, 129, 130, 131, 132, 133, 134, 135, 136, 137, 138, 139, 140, 141, 142, 143, 144, 145, 146, 147, 148, 149, 150, 151, 152, 153, 154, 155, 156, 157, 158, 159, 160, 161, 162, 163, 164, 165, 166, 167, 168, 169, 170, 171, 172, 173, 174, 175, 176, 177, 178, 179, 180, 181, 182, 185, 186, 187, 188, 189, 190, 191, 192, 193, 194, 195, 196, 197, 198, 199, 200, 201, 202, 203, 204, 205, 206, 207, 208, 209, 210, 211, 212, 213, 214, 215, 216, 217, 218, 219, 220, 221, 222, 223, 224, 225, 226, 227, 228, 229, 230, 231, 232, 233, 234, 235, 236, 237, 238, 239, 240, 241, 242, 243, 244, 245, 246, 247, 248, 249, 250, 251, 252, 253, 254, 255, 256, 257, 258, 259, 260, 261, 262, 263, 264, 265, 266, 267, 268, 269, 270, 271, 272, 273, 274, 275, 276, 277, 278, 279, 280, 281, 282, 283, 285, 286, 289, 291, 292, 296, 300, 301, 302, 304, 305, 306, 308, 309, 311, 312, 313, 314, 315, 316, 317, 318, 321, 322, 323, 324, 327, 328, 331, 332, 333, 334, 335, 336, 340, 341, 342, 344, 347, 348, 350, 352, 353, 354, 355, 356, 358, 360, 361, 364, 365, 366, 370, 371, 376, 381, 382, 383, 384, 390, 392, 393, 395, 398, 399, 400, 402, 403, 406, 411, 413, 414, 416, 417, 418, 419, 421, 422, 423, 424, 425, 426, 428, 429, 430, 431, 433, 436, 437, 438, 449, 450, 451, 453, 455, 458, 459, 461, 463, 465, 466, 467, 469, 471, 477, 488, 489, 490, 491, 492, 493, 494, 495, 496, 497, 499, 509, 510, 512, 517, 519, 520, 523, 524, 527, 528, 529, 530, 537, 538, 539, 541, 542, 544, 545, 546, 547, 549, 550, 551, 552, 553, 555, 556, 558, 560, 562, 563, 564, 566, 567, 568, 569, 570, 572, 573, 574, 575, 579, 580, 581, 586, 589, 590, 592, 594, 597, 599, 601, 602, 603, 604, 605, 607, 608, 609, 610, 611, 612, 613, 614, 615, 616, 617, 618, 619, 620, 621, 622, 623, 624, 626, 629]",475,False,4.2479288872694975e-05,-2.938181047360367e-06,1.513915664001845e-05,10.0
F3,1905,1905,1637,268,836,0.8593175853018372,0.6619490497371613,0.7478300593878483,cao2018,S01/061102n,all_channel,median,median__all_channel__F3,32,630,"[0, 1, 2, 3, 4, 5, 6, 7, 8, 9, 10, 11, 12, 13, 14, 15, 16, 17, 18, 19, 20, 21, 22, 23, 24, 25, 26, 27, 28, 29, 30, 31, 32, 33, 34, 35, 36, 37, 38, 39, 40, 41, 42, 43, 44, 45, 46, 47, 48, 49, 50, 51, 52, 53, 54, 55, 56, 57, 58, 59, 60, 61, 62, 63, 64, 65, 66, 67, 68, 69, 70, 71, 72, 73, 74, 75, 76, 77, 78, 79, 80, 81, 82, 83, 84, 85, 86, 87, 88, 89, 90, 91, 92, 93, 94, 95, 96, 97, 98, 99, 100, 101, 102, 103, 104, 105, 106, 107, 108, 109, 110, 111, 112, 113, 114, 115, 116, 117, 118, 119, 120, 121, 122, 123, 124, 125, 126, 127, 128, 129, 130, 131, 132, 133, 134, 135, 136, 137, 138, 139, 140, 141, 142, 143, 144, 145, 146, 147, 148, 149, 150, 151, 152, 153, 154, 155, 156, 157, 158, 159, 160, 161, 162, 163, 164, 165, 166, 167, 168, 169, 170, 171, 172, 173, 174, 175, 176, 177, 178, 179, 180, 181, 182, 185, 186, 187, 188, 189, 190, 191, 192, 193, 194, 195, 196, 197, 198, 199, 200, 201, 202, 203, 204, 205, 206, 207, 208, 209, 210, 211, 212, 213, 214, 215, 216, 217, 218, 219, 220, 221, 222, 223, 224, 225, 226, 227, 228, 229, 230, 231, 232, 233, 234, 235, 236, 237, 238, 239, 240, 241, 242, 243, 244, 245, 246, 247, 248, 249, 250, 251, 252, 253, 254, 255, 256, 257, 258, 259, 260, 261, 262, 263, 264, 265, 266, 267, 268, 269, 270, 271, 272, 273, 274, 275, 276, 277, 278, 279, 280, 281, 282, 283, 285, 286, 289, 291, 292, 296, 300, 301, 302, 304, 305, 306, 308, 309, 311, 312, 313, 314, 315, 316, 317, 318, 321, 322, 323, 324, 327, 328, 331, 332, 333, 334, 335, 336, 340, 341, 342, 344, 347, 348, 350, 352, 353, 354, 355, 356, 358, 360, 361, 364, 365, 366, 370, 371, 376, 381, 382, 383, 384, 390, 392, 393, 395, 398, 399, 400, 402, 403, 406, 411, 413, 414, 416, 417, 418, 419, 421, 422, 423, 424, 425, 426, 428, 429, 430, 431, 433, 436, 437, 438, 449, 450, 451, 453, 455, 458, 459, 461, 463, 465, 466, 467, 469, 471, 477, 488, 489, 490, 491, 492, 493, 494, 495, 496, 497, 499, 509, 510, 512, 517, 519, 520, 523, 524, 527, 528, 529, 530, 537, 538, 539, 541, 542, 544, 545, 546, 547, 549, 550, 551, 552, 553, 555, 556, 558, 560, 562, 563, 564, 566, 567, 568, 569, 570, 572, 573, 574, 575, 579, 580, 581, 586, 589, 590, 592, 594, 597, 599, 601, 602, 603, 604, 605, 607, 608, 609, 610, 611, 612, 613, 614, 615, 616, 617, 618, 619, 620, 621, 622, 623, 624, 626, 629]",475,False,3.602399807797476e-05,-1.9246438638467565e-06,1.2649547313940504e-05,10.0
FZ,1300,1300,1083,217,1390,0.833076923076923,0.43792964011322283,0.5740789822422475,cao2018,S01/061102n,all_channel,median,median__all_channel__FZ,32,630,"[0, 1, 2, 3, 4, 5, 6, 7, 8, 9, 10, 11, 12, 13, 14, 15, 16, 17, 18, 19, 20, 21, 22, 23, 24, 25, 26, 27, 28, 29, 30, 31, 32, 33, 34, 35, 36, 37, 38, 39, 40, 41, 42, 43, 44, 45, 46, 47, 48, 49, 50, 51, 52, 53, 54, 55, 56, 57, 58, 59, 60, 61, 62, 63, 64, 65, 66, 67, 68, 69, 70, 71, 72, 73, 74, 75, 76, 77, 78, 79, 80, 81, 82, 83, 84, 85, 86, 87, 88, 89, 90, 91, 92, 93, 94, 95, 96, 97, 98, 99, 100, 101, 102, 103, 104, 105, 106, 107, 108, 109, 110, 111, 112, 113, 114, 115, 116, 117, 118, 119, 120, 121, 122, 123, 124, 125, 126, 127, 128, 129, 130, 131, 132, 133, 134, 135, 136, 137, 138, 139, 140, 141, 142, 143, 144, 145, 146, 147, 148, 149, 150, 151, 152, 153, 154, 155, 156, 157, 158, 159, 160, 161, 162, 163, 164, 165, 166, 167, 168, 169, 170, 171, 172, 173, 174, 175, 176, 177, 178, 179, 180, 181, 182, 185, 186, 187, 188, 189, 190, 191, 192, 193, 194, 195, 196, 197, 198, 199, 200, 201, 202, 203, 204, 205, 206, 207, 208, 209, 210, 211, 212, 213, 214, 215, 216, 217, 218, 219, 220, 221, 222, 223, 224, 225, 226, 227, 228, 229, 230, 231, 232, 233, 234, 235, 236, 237, 238, 239, 240, 241, 242, 243, 244, 245, 246, 247, 248, 249, 250, 251, 252, 253, 254, 255, 256, 257, 258, 259, 260, 261, 262, 263, 264, 265, 266, 267, 268, 269, 270, 271, 272, 273, 274, 275, 276, 277, 278, 279, 280, 281, 282, 283, 285, 286, 289, 291, 292, 296, 300, 301, 302, 304, 305, 306, 308, 309, 311, 312, 313, 314, 315, 316, 317, 318, 321, 322, 323, 324, 327, 328, 331, 332, 333, 334, 335, 336, 340, 341, 342, 344, 347, 348, 350, 352, 353, 354, 355, 356, 358, 360, 361, 364, 365, 366, 370, 371, 376, 381, 382, 383, 384, 390, 392, 393, 395, 398, 399, 400, 402, 403, 406, 411, 413, 414, 416, 417, 418, 419, 421, 422, 423, 424, 425, 426, 428, 429, 430, 431, 433, 436, 437, 438, 449, 450, 451, 453, 455, 458, 459, 461, 463, 465, 466, 467, 469, 471, 477, 488, 489, 490, 491, 492, 493, 494, 495, 496, 497, 499, 509, 510, 512, 517, 519, 520, 523, 524, 527, 528, 529, 530, 537, 538, 539, 541, 542, 544, 545, 546, 547, 549, 550, 551, 552, 553, 555, 556, 558, 560, 562, 563, 564, 566, 567, 568, 569, 570, 572, 573, 574, 575, 579, 580, 581, 586, 589, 590, 592, 594, 597, 599, 601, 602, 603, 604, 605, 607, 608, 609, 610, 611, 612, 613, 614, 615, 616, 617, 618, 619, 620, 621, 622, 623, 624, 626, 629]",475,False,3.4167663831734706e-05,-1.354006163393119e-06,1.1840556665042609e-05,10.0
F8,1277,1277,968,309,1505,0.7580266249021144,0.3914274160938132,0.5162666666666668,cao2018,S01/061102n,all_channel,median,median__all_channel__F8,32,630,"[0, 1, 2, 3, 4, 5, 6, 7, 8, 9, 10, 11, 12, 13, 14, 15, 16, 17, 18, 19, 20, 21, 22, 23, 24, 25, 26, 27, 28, 29, 30, 31, 32, 33, 34, 35, 36, 37, 38, 39, 40, 41, 42, 43, 44, 45, 46, 47, 48, 49, 50, 51, 52, 53, 54, 55, 56, 57, 58, 59, 60, 61, 62, 63, 64, 65, 66, 67, 68, 69, 70, 71, 72, 73, 74, 75, 76, 77, 78, 79, 80, 81, 82, 83, 84, 85, 86, 87, 88, 89, 90, 91, 92, 93, 94, 95, 96, 97, 98, 99, 100, 101, 102, 103, 104, 105, 106, 107, 108, 109, 110, 111, 112, 113, 114, 115, 116, 117, 118, 119, 120, 121, 122, 123, 124, 125, 126, 127, 128, 129, 130, 131, 132, 133, 134, 135, 136, 137, 138, 139, 140, 141, 142, 143, 144, 145, 146, 147, 148, 149, 150, 151, 152, 153, 154, 155, 156, 157, 158, 159, 160, 161, 162, 163, 164, 165, 166, 167, 168, 169, 170, 171, 172, 173, 174, 175, 176, 177, 178, 179, 180, 181, 182, 185, 186, 187, 188, 189, 190, 191, 192, 193, 194, 195, 196, 197, 198, 199, 200, 201, 202, 203, 204, 205, 206, 207, 208, 209, 210, 211, 212, 213, 214, 215, 216, 217, 218, 219, 220, 221, 222, 223, 224, 225, 226, 227, 228, 229, 230, 231, 232, 233, 234, 235, 236, 237, 238, 239, 240, 241, 242, 243, 244, 245, 246, 247, 248, 249, 250, 251, 252, 253, 254, 255, 256, 257, 258, 259, 260, 261, 262, 263, 264, 265, 266, 267, 268, 269, 270, 271, 272, 273, 274, 275, 276, 277, 278, 279, 280, 281, 282, 283, 285, 286, 289, 291, 292, 296, 300, 301, 302, 304, 305, 306, 308, 309, 311, 312, 313, 314, 315, 316, 317, 318, 321, 322, 323, 324, 327, 328, 331, 332, 333, 334, 335, 336, 340, 341, 342, 344, 347, 348, 350, 352, 353, 354, 355, 356, 358, 360, 361, 364, 365, 366, 370, 371, 376, 381, 382, 383, 384, 390, 392, 393, 395, 398, 399, 400, 402, 403, 406, 411, 413, 414, 416, 417, 418, 419, 421, 422, 423, 424, 425, 426, 428, 429, 430, 431, 433, 436, 437, 438, 449, 450, 451, 453, 455, 458, 459, 461, 463, 465, 466, 467, 469, 471, 477, 488, 489, 490, 491, 492, 493, 494, 495, 496, 497, 499, 509, 510, 512, 517, 519, 520, 523, 524, 527, 528, 529, 530, 537, 538, 539, 541, 542, 544, 545, 546, 547, 549, 550, 551, 552, 553, 555, 556, 558, 560, 562, 563, 564, 566, 567, 568, 569, 570, 572, 573, 574, 575, 579, 580, 581, 586, 589, 590, 592, 594, 597, 599, 601, 602, 603, 604, 605, 607, 608, 609, 610, 611, 612, 613, 614, 615, 616, 617, 618, 619, 620, 621, 622, 623, 624, 626, 629]",475,False,3.0222529362389108e-05,-1.1019926379269103e-06,1.0441507333438674e-05,10.0
F7,1139,1139,902,237,1571,0.7919227392449517,0.36473918317832593,0.4994462901439646,cao2018,S01/061102n,all_channel,median,median__all_channel__F7,32,630,"[0, 1, 2, 3, 4, 5, 6, 7, 8, 9, 10, 11, 12, 13, 14, 15, 16, 17, 18, 19, 20, 21, 22, 23, 24, 25, 26, 27, 28, 29, 30, 31, 32, 33, 34, 35, 36, 37, 38, 39, 40, 41, 42, 43, 44, 45, 46, 47, 48, 49, 50, 51, 52, 53, 54, 55, 56, 57, 58, 59, 60, 61, 62, 63, 64, 65, 66, 67, 68, 69, 70, 71, 72, 73, 74, 75, 76, 77, 78, 79, 80, 81, 82, 83, 84, 85, 86, 87, 88, 89, 90, 91, 92, 93, 94, 95, 96, 97, 98, 99, 100, 101, 102, 103, 104, 105, 106, 107, 108, 109, 110, 111, 112, 113, 114, 115, 116, 117, 118, 119, 120, 121, 122, 123, 124, 125, 126, 127, 128, 129, 130, 131, 132, 133, 134, 135, 136, 137, 138, 139, 140, 141, 142, 143, 144, 145, 146, 147, 148, 149, 150, 151, 152, 153, 154, 155, 156, 157, 158, 159, 160, 161, 162, 163, 164, 165, 166, 167, 168, 169, 170, 171, 172, 173, 174, 175, 176, 177, 178, 179, 180, 181, 182, 185, 186, 187, 188, 189, 190, 191, 192, 193, 194, 195, 196, 197, 198, 199, 200, 201, 202, 203, 204, 205, 206, 207, 208, 209, 210, 211, 212, 213, 214, 215, 216, 217, 218, 219, 220, 221, 222, 223, 224, 225, 226, 227, 228, 229, 230, 231, 232, 233, 234, 235, 236, 237, 238, 239, 240, 241, 242, 243, 244, 245, 246, 247, 248, 249, 250, 251, 252, 253, 254, 255, 256, 257, 258, 259, 260, 261, 262, 263, 264, 265, 266, 267, 268, 269, 270, 271, 272, 273, 274, 275, 276, 277, 278, 279, 280, 281, 282, 283, 285, 286, 289, 291, 292, 296, 300, 301, 302, 304, 305, 306, 308, 309, 311, 312, 313, 314, 315, 316, 317, 318, 321, 322, 323, 324, 327, 328, 331, 332, 333, 334, 335, 336, 340, 341, 342, 344, 347, 348, 350, 352, 353, 354, 355, 356, 358, 360, 361, 364, 365, 366, 370, 371, 376, 381, 382, 383, 384, 390, 392, 393, 395, 398, 399, 400, 402, 403, 406, 411, 413, 414, 416, 417, 418, 419, 421, 422, 423, 424, 425, 426, 428, 429, 430, 431, 433, 436, 437, 438, 449, 450, 451, 453, 455, 458, 459, 461, 463, 465, 466, 467, 469, 471, 477, 488, 489, 490, 491, 492, 493, 494, 495, 496, 497, 499, 509, 510, 512, 517, 519, 520, 523, 524, 527, 528, 529, 530, 537, 538, 539, 541, 542, 544, 545, 546, 547, 549, 550, 551, 552, 553, 555, 556, 558, 560, 562, 563, 564, 566, 567, 568, 569, 570, 572, 573, 574, 575, 579, 580, 581, 586, 589, 590, 592, 594, 597, 599, 601, 602, 603, 604, 605, 607, 608, 609, 610, 611, 612, 613, 614, 615, 616, 617, 618, 619, 620, 621, 622, 623, 624, 626, 629]",475,False,2.6536515018733343e-05,-9.542366995345523e-07,9.163583906089299e-06,10.0
FC4,1087,1087,828,259,1645,0.7617295308187673,0.3348160129397493,0.46516853932584273,cao2018,S01/061102n,all_channel,median,median__all_channel__FC4,32,630,"[0, 1, 2, 3, 4, 5, 6, 7, 8, 9, 10, 11, 12, 13, 14, 15, 16, 17, 18, 19, 20, 21, 22, 23, 24, 25, 26, 27, 28, 29, 30, 31, 32, 33, 34, 35, 36, 37, 38, 39, 40, 41, 42, 43, 44, 45, 46, 47, 48, 49, 50, 51, 52, 53, 54, 55, 56, 57, 58, 59, 60, 61, 62, 63, 64, 65, 66, 67, 68, 69, 70, 71, 72, 73, 74, 75, 76, 77, 78, 79, 80, 81, 82, 83, 84, 85, 86, 87, 88, 89, 90, 91, 92, 93, 94, 95, 96, 97, 98, 99, 100, 101, 102, 103, 104, 105, 106, 107, 108, 109, 110, 111, 112, 113, 114, 115, 116, 117, 118, 119, 120, 121, 122, 123, 124, 125, 126, 127, 128, 129, 130, 131, 132, 133, 134, 135, 136, 137, 138, 139, 140, 141, 142, 143, 144, 145, 146, 147, 148, 149, 150, 151, 152, 153, 154, 155, 156, 157, 158, 159, 160, 161, 162, 163, 164, 165, 166, 167, 168, 169, 170, 171, 172, 173, 174, 175, 176, 177, 178, 179, 180, 181, 182, 185, 186, 187, 188, 189, 190, 191, 192, 193, 194, 195, 196, 197, 198, 199, 200, 201, 202, 203, 204, 205, 206, 207, 208, 209, 210, 211, 212, 213, 214, 215, 216, 217, 218, 219, 220, 221, 222, 223, 224, 225, 226, 227, 228, 229, 230, 231, 232, 233, 234, 235, 236, 237, 238, 239, 240, 241, 242, 243, 244, 245, 246, 247, 248, 249, 250, 251, 252, 253, 254, 255, 256, 257, 258, 259, 260, 261, 262, 263, 264, 265, 266, 267, 268, 269, 270, 271, 272, 273, 274, 275, 276, 277, 278, 279, 280, 281, 282, 283, 285, 286, 289, 291, 292, 296, 300, 301, 302, 304, 305, 306, 308, 309, 311, 312, 313, 314, 315, 316, 317, 318, 321, 322, 323, 324, 327, 328, 331, 332, 333, 334, 335, 336, 340, 341, 342, 344, 347, 348, 350, 352, 353, 354, 355, 356, 358, 360, 361, 364, 365, 366, 370, 371, 376, 381, 382, 383, 384, 390, 392, 393, 395, 398, 399, 400, 402, 403, 406, 411, 413, 414, 416, 417, 418, 419, 421, 422, 423, 424, 425, 426, 428, 429, 430, 431, 433, 436, 437, 438, 449, 450, 451, 453, 455, 458, 459, 461, 463, 465, 466, 467, 469, 471, 477, 488, 489, 490, 491, 492, 493, 494, 495, 496, 497, 499, 509, 510, 512, 517, 519, 520, 523, 524, 527, 528, 529, 530, 537, 538, 539, 541, 542, 544, 545, 546, 547, 549, 550, 551, 552, 553, 555, 556, 558, 560, 562, 563, 564, 566, 567, 568, 569, 570, 572, 573, 574, 575, 579, 580, 581, 586, 589, 590, 592, 594, 597, 599, 601, 602, 603, 604, 605, 607, 608, 609, 610, 611, 612, 613, 614, 615, 616, 617, 618, 619, 620, 621, 622, 623, 624, 626, 629]",475,False,2.99157843463652e-05,-9.597312604310229e-07,1.029183853559874e-05,10.0
F4,1150,1150,827,323,1646,0.7191304347826087,0.3344116457743631,0.45652773944245095,cao2018,S01/061102n,all_channel,median,median__all_channel__F4,32,630,"[0, 1, 2, 3, 4, 5, 6, 7, 8, 9, 10, 11, 12, 13, 14, 15, 16, 17, 18, 19, 20, 21, 22, 23, 24, 25, 26, 27, 28, 29, 30, 31, 32, 33, 34, 35, 36, 37, 38, 39, 40, 41, 42, 43, 44, 45, 46, 47, 48, 49, 50, 51, 52, 53, 54, 55, 56, 57, 58, 59, 60, 61, 62, 63, 64, 65, 66, 67, 68, 69, 70, 71, 72, 73, 74, 75, 76, 77, 78, 79, 80, 81, 82, 83, 84, 85, 86, 87, 88, 89, 90, 91, 92, 93, 94, 95, 96, 97, 98, 99, 100, 101, 102, 103, 104, 105, 106, 107, 108, 109, 110, 111, 112, 113, 114, 115, 116, 117, 118, 119, 120, 121, 122, 123, 124, 125, 126, 127, 128, 129, 130, 131, 132, 133, 134, 135, 136, 137, 138, 139, 140, 141, 142, 143, 144, 145, 146, 147, 148, 149, 150, 151, 152, 153, 154, 155, 156, 157, 158, 159, 160, 161, 162, 163, 164, 165, 166, 167, 168, 169, 170, 171, 172, 173, 174, 175, 176, 177, 178, 179, 180, 181, 182, 185, 186, 187, 188, 189, 190, 191, 192, 193, 194, 195, 196, 197, 198, 199, 200, 201, 202, 203, 204, 205, 206, 207, 208, 209, 210, 211, 212, 213, 214, 215, 216, 217, 218, 219, 220, 221, 222, 223, 224, 225, 226, 227, 228, 229, 230, 231, 232, 233, 234, 235, 236, 237, 238, 239, 240, 241, 242, 243, 244, 245, 246, 247, 248, 249, 250, 251, 252, 253, 254, 255, 256, 257, 258, 259, 260, 261, 262, 263, 264, 265, 266, 267, 268, 269, 270, 271, 272, 273, 274, 275, 276, 277, 278, 279, 280, 281, 282, 283, 285, 286, 289, 291, 292, 296, 300, 301, 302, 304, 305, 306, 308, 309, 311, 312, 313, 314, 315, 316, 317, 318, 321, 322, 323, 324, 327, 328, 331, 332, 333, 334, 335, 336, 340, 341, 342, 344, 347, 348, 350, 352, 353, 354, 355, 356, 358, 360, 361, 364, 365, 366, 370, 371, 376, 381, 382, 383, 384, 390, 392, 393, 395, 398, 399, 400, 402, 403, 406, 411, 413, 414, 416, 417, 418, 419, 421, 422, 423, 424, 425, 426, 428, 429, 430, 431, 433, 436, 437, 438, 449, 450, 451, 453, 455, 458, 459, 461, 463, 465, 466, 467, 469, 471, 477, 488, 489, 490, 491, 492, 493, 494, 495, 496, 497, 499, 509, 510, 512, 517, 519, 520, 523, 524, 527, 528, 529, 530, 537, 538, 539, 541, 542, 544, 545, 546, 547, 549, 550, 551, 552, 553, 555, 556, 558, 560, 562, 563, 564, 566, 567, 568, 569, 570, 572, 573, 574, 575, 579, 580, 581, 586, 589, 590, 592, 594, 597, 599, 601, 602, 603, 604, 605, 607, 608, 609, 610, 611, 612, 613, 614, 615, 616, 617, 618, 619, 620, 621, 622, 623, 624, 626, 629]",475,False,3.145837863673108e-05,-1.0083834661275449e-06,1.082225403428621e-05,10.0
FT7,992,992,760,232,1713,0.7661290322580645,0.30731904569348967,0.4386724386724387,cao2018,S01/061102n,all_channel,median,median__all_channel__FT7,32,630,"[0, 1, 2, 3, 4, 5, 6, 7, 8, 9, 10, 11, 12, 13, 14, 15, 16, 17, 18, 19, 20, 21, 22, 23, 24, 25, 26, 27, 28, 29, 30, 31, 32, 33, 34, 35, 36, 37, 38, 39, 40, 41, 42, 43, 44, 45, 46, 47, 48, 49, 50, 51, 52, 53, 54, 55, 56, 57, 58, 59, 60, 61, 62, 63, 64, 65, 66, 67, 68, 69, 70, 71, 72, 73, 74, 75, 76, 77, 78, 79, 80, 81, 82, 83, 84, 85, 86, 87, 88, 89, 90, 91, 92, 93, 94, 95, 96, 97, 98, 99, 100, 101, 102, 103, 104, 105, 106, 107, 108, 109, 110, 111, 112, 113, 114, 115, 116, 117, 118, 119, 120, 121, 122, 123, 124, 125, 126, 127, 128, 129, 130, 131, 132, 133, 134, 135, 136, 137, 138, 139, 140, 141, 142, 143, 144, 145, 146, 147, 148, 149, 150, 151, 152, 153, 154, 155, 156, 157, 158, 159, 160, 161, 162, 163, 164, 165, 166, 167, 168, 169, 170, 171, 172, 173, 174, 175, 176, 177, 178, 179, 180, 181, 182, 185, 186, 187, 188, 189, 190, 191, 192, 193, 194, 195, 196, 197, 198, 199, 200, 201, 202, 203, 204, 205, 206, 207, 208, 209, 210, 211, 212, 213, 214, 215, 216, 217, 218, 219, 220, 221, 222, 223, 224, 225, 226, 227, 228, 229, 230, 231, 232, 233, 234, 235, 236, 237, 238, 239, 240, 241, 242, 243, 244, 245, 246, 247, 248, 249, 250, 251, 252, 253, 254, 255, 256, 257, 258, 259, 260, 261, 262, 263, 264, 265, 266, 267, 268, 269, 270, 271, 272, 273, 274, 275, 276, 277, 278, 279, 280, 281, 282, 283, 285, 286, 289, 291, 292, 296, 300, 301, 302, 304, 305, 306, 308, 309, 311, 312, 313, 314, 315, 316, 317, 318, 321, 322, 323, 324, 327, 328, 331, 332, 333, 334, 335, 336, 340, 341, 342, 344, 347, 348, 350, 352, 353, 354, 355, 356, 358, 360, 361, 364, 365, 366, 370, 371, 376, 381, 382, 383, 384, 390, 392, 393, 395, 398, 399, 400, 402, 403, 406, 411, 413, 414, 416, 417, 418, 419, 421, 422, 423, 424, 425, 426, 428, 429, 430, 431, 433, 436, 437, 438, 449, 450, 451, 453, 455, 458, 459, 461, 463, 465, 466, 467, 469, 471, 477, 488, 489, 490, 491, 492, 493, 494, 495, 496, 497, 499, 509, 510, 512, 517, 519, 520, 523, 524, 527, 528, 529, 530, 537, 538, 539, 541, 542, 544, 545, 546, 547, 549, 550, 551, 552, 553, 555, 556, 558, 560, 562, 563, 564, 566, 567, 568, 569, 570, 572, 573, 574, 575, 579, 580, 581, 586, 589, 590, 592, 594, 597, 599, 601, 602, 603, 604, 605, 607, 608, 609, 610, 611, 612, 613, 614, 615, 616, 617, 618, 619, 620, 621, 622, 623, 624, 626, 629]",475,False,2.5800813926905082e-05,-8.446423820740173e-07,8.8818187696597e-06,10.0
FT8,949,949,682,267,1791,0.7186512118018967,0.2757784067933684,0.3985973115137347,cao2018,S01/061102n,all_channel,median,median__all_channel__FT8,32,630,"[0, 1, 2, 3, 4, 5, 6, 7, 8, 9, 10, 11, 12, 13, 14, 15, 16, 17, 18, 19, 20, 21, 22, 23, 24, 25, 26, 27, 28, 29, 30, 31, 32, 33, 34, 35, 36, 37, 38, 39, 40, 41, 42, 43, 44, 45, 46, 47, 48, 49, 50, 51, 52, 53, 54, 55, 56, 57, 58, 59, 60, 61, 62, 63, 64, 65, 66, 67, 68, 69, 70, 71, 72, 73, 74, 75, 76, 77, 78, 79, 80, 81, 82, 83, 84, 85, 86, 87, 88, 89, 90, 91, 92, 93, 94, 95, 96, 97, 98, 99, 100, 101, 102, 103, 104, 105, 106, 107, 108, 109, 110, 111, 112, 113, 114, 115, 116, 117, 118, 119, 120, 121, 122, 123, 124, 125, 126, 127, 128, 129, 130, 131, 132, 133, 134, 135, 136, 137, 138, 139, 140, 141, 142, 143, 144, 145, 146, 147, 148, 149, 150, 151, 152, 153, 154, 155, 156, 157, 158, 159, 160, 161, 162, 163, 164, 165, 166, 167, 168, 169, 170, 171, 172, 173, 174, 175, 176, 177, 178, 179, 180, 181, 182, 185, 186, 187, 188, 189, 190, 191, 192, 193, 194, 195, 196, 197, 198, 199, 200, 201, 202, 203, 204, 205, 206, 207, 208, 209, 210, 211, 212, 213, 214, 215, 216, 217, 218, 219, 220, 221, 222, 223, 224, 225, 226, 227, 228, 229, 230, 231, 232, 233, 234, 235, 236, 237, 238, 239, 240, 241, 242, 243, 244, 245, 246, 247, 248, 249, 250, 251, 252, 253, 254, 255, 256, 257, 258, 259, 260, 261, 262, 263, 264, 265, 266, 267, 268, 269, 270, 271, 272, 273, 274, 275, 276, 277, 278, 279, 280, 281, 282, 283, 285, 286, 289, 291, 292, 296, 300, 301, 302, 304, 305, 306, 308, 309, 311, 312, 313, 314, 315, 316, 317, 318, 321, 322, 323, 324, 327, 328, 331, 332, 333, 334, 335, 336, 340, 341, 342, 344, 347, 348, 350, 352, 353, 354, 355, 356, 358, 360, 361, 364, 365, 366, 370, 371, 376, 381, 382, 383, 384, 390, 392, 393, 395, 398, 399, 400, 402, 403, 406, 411, 413, 414, 416, 417, 418, 419, 421, 422, 423, 424, 425, 426, 428, 429, 430, 431, 433, 436, 437, 438, 449, 450, 451, 453, 455, 458, 459, 461, 463, 465, 466, 467, 469, 471, 477, 488, 489, 490, 491, 492, 493, 494, 495, 496, 497, 499, 509, 510, 512, 517, 519, 520, 523, 524, 527, 528, 529, 530, 537, 538, 539, 541, 542, 544, 545, 546, 547, 549, 550, 551, 552, 553, 555, 556, 558, 560, 562, 563, 564, 566, 567, 568, 569, 570, 572, 573, 574, 575, 579, 580, 581, 586, 589, 590, 592, 594, 597, 599, 601, 602, 603, 604, 605, 607, 608, 609, 610, 611, 612, 613, 614, 615, 616, 617, 618, 619, 620, 621, 622, 623, 624, 626, 629]",475,False,2.43137193512403e-05,-6.049499109347914e-07,8.306223087391697e-06,10.0
T3,878,878,656,222,1817,0.7471526195899773,0.2652648604933279,0.39152491793494476,cao2018,S01/061102n,all_channel,median,median__all_channel__T3,32,630,"[0, 1, 2, 3, 4, 5, 6, 7, 8, 9, 10, 11, 12, 13, 14, 15, 16, 17, 18, 19, 20, 21, 22, 23, 24, 25, 26, 27, 28, 29, 30, 31, 32, 33, 34, 35, 36, 37, 38, 39, 40, 41, 42, 43, 44, 45, 46, 47, 48, 49, 50, 51, 52, 53, 54, 55, 56, 57, 58, 59, 60, 61, 62, 63, 64, 65, 66, 67, 68, 69, 70, 71, 72, 73, 74, 75, 76, 77, 78, 79, 80, 81, 82, 83, 84, 85, 86, 87, 88, 89, 90, 91, 92, 93, 94, 95, 96, 97, 98, 99, 100, 101, 102, 103, 104, 105, 106, 107, 108, 109, 110, 111, 112, 113, 114, 115, 116, 117, 118, 119, 120, 121, 122, 123, 124, 125, 126, 127, 128, 129, 130, 131, 132, 133, 134, 135, 136, 137, 138, 139, 140, 141, 142, 143, 144, 145, 146, 147, 148, 149, 150, 151, 152, 153, 154, 155, 156, 157, 158, 159, 160, 161, 162, 163, 164, 165, 166, 167, 168, 169, 170, 171, 172, 173, 174, 175, 176, 177, 178, 179, 180, 181, 182, 185, 186, 187, 188, 189, 190, 191, 192, 193, 194, 195, 196, 197, 198, 199, 200, 201, 202, 203, 204, 205, 206, 207, 208, 209, 210, 211, 212, 213, 214, 215, 216, 217, 218, 219, 220, 221, 222, 223, 224, 225, 226, 227, 228, 229, 230, 231, 232, 233, 234, 235, 236, 237, 238, 239, 240, 241, 242, 243, 244, 245, 246, 247, 248, 249, 250, 251, 252, 253, 254, 255, 256, 257, 258, 259, 260, 261, 262, 263, 264, 265, 266, 267, 268, 269, 270, 271, 272, 273, 274, 275, 276, 277, 278, 279, 280, 281, 282, 283, 285, 286, 289, 291, 292, 296, 300, 301, 302, 304, 305, 306, 308, 309, 311, 312, 313, 314, 315, 316, 317, 318, 321, 322, 323, 324, 327, 328, 331, 332, 333, 334, 335, 336, 340, 341, 342, 344, 347, 348, 350, 352, 353, 354, 355, 356, 358, 360, 361, 364, 365, 366, 370, 371, 376, 381, 382, 383, 384, 390, 392, 393, 395, 398, 399, 400, 402, 403, 406, 411, 413, 414, 416, 417, 418, 419, 421, 422, 423, 424, 425, 426, 428, 429, 430, 431, 433, 436, 437, 438, 449, 450, 451, 453, 455, 458, 459, 461, 463, 465, 466, 467, 469, 471, 477, 488, 489, 490, 491, 492, 493, 494, 495, 496, 497, 499, 509, 510, 512, 517, 519, 520, 523, 524, 527, 528, 529, 530, 537, 538, 539, 541, 542, 544, 545, 546, 547, 549, 550, 551, 552, 553, 555, 556, 558, 560, 562, 563, 564, 566, 567, 568, 569, 570, 572, 573, 574, 575, 579, 580, 581, 586, 589, 590, 592, 594, 597, 599, 601, 602, 603, 604, 605, 607, 608, 609, 610, 611, 612, 613, 614, 615, 616, 617, 618, 619, 620, 621, 622, 623, 624, 626, 629]",475,False,2.5128134753015482e-05,-7.804780441796457e-07,8.63620426573171e-06,10.0
FC3,807,807,639,168,1834,0.79182156133829,0.25839061868176305,0.3896341463414634,cao2018,S01/061102n,all_channel,median,median__all_channel__FC3,32,630,"[0, 1, 2, 3, 4, 5, 6, 7, 8, 9, 10, 11, 12, 13, 14, 15, 16, 17, 18, 19, 20, 21, 22, 23, 24, 25, 26, 27, 28, 29, 30, 31, 32, 33, 34, 35, 36, 37, 38, 39, 40, 41, 42, 43, 44, 45, 46, 47, 48, 49, 50, 51, 52, 53, 54, 55, 56, 57, 58, 59, 60, 61, 62, 63, 64, 65, 66, 67, 68, 69, 70, 71, 72, 73, 74, 75, 76, 77, 78, 79, 80, 81, 82, 83, 84, 85, 86, 87, 88, 89, 90, 91, 92, 93, 94, 95, 96, 97, 98, 99, 100, 101, 102, 103, 104, 105, 106, 107, 108, 109, 110, 111, 112, 113, 114, 115, 116, 117, 118, 119, 120, 121, 122, 123, 124, 125, 126, 127, 128, 129, 130, 131, 132, 133, 134, 135, 136, 137, 138, 139, 140, 141, 142, 143, 144, 145, 146, 147, 148, 149, 150, 151, 152, 153, 154, 155, 156, 157, 158, 159, 160, 161, 162, 163, 164, 165, 166, 167, 168, 169, 170, 171, 172, 173, 174, 175, 176, 177, 178, 179, 180, 181, 182, 185, 186, 187, 188, 189, 190, 191, 192, 193, 194, 195, 196, 197, 198, 199, 200, 201, 202, 203, 204, 205, 206, 207, 208, 209, 210, 211, 212, 213, 214, 215, 216, 217, 218, 219, 220, 221, 222, 223, 224, 225, 226, 227, 228, 229, 230, 231, 232, 233, 234, 235, 236, 237, 238, 239, 240, 241, 242, 243, 244, 245, 246, 247, 248, 249, 250, 251, 252, 253, 254, 255, 256, 257, 258, 259, 260, 261, 262, 263, 264, 265, 266, 267, 268, 269, 270, 271, 272, 273, 274, 275, 276, 277, 278, 279, 280, 281, 282, 283, 285, 286, 289, 291, 292, 296, 300, 301, 302, 304, 305, 306, 308, 309, 311, 312, 313, 314, 315, 316, 317, 318, 321, 322, 323, 324, 327, 328, 331, 332, 333, 334, 335, 336, 340, 341, 342, 344, 347, 348, 350, 352, 353, 354, 355, 356, 358, 360, 361, 364, 365, 366, 370, 371, 376, 381, 382, 383, 384, 390, 392, 393, 395, 398, 399, 400, 402, 403, 406, 411, 413, 414, 416, 417, 418, 419, 421, 422, 423, 424, 425, 426, 428, 429, 430, 431, 433, 436, 437, 438, 449, 450, 451, 453, 455, 458, 459, 461, 463, 465, 466, 467, 469, 471, 477, 488, 489, 490, 491, 492, 493, 494, 495, 496, 497, 499, 509, 510, 512, 517, 519, 520, 523, 524, 527, 528, 529, 530, 537, 538, 539, 541, 542, 544, 545, 546, 547, 549, 550, 551, 552, 553, 555, 556, 558, 560, 562, 563, 564, 566, 567, 568, 569, 570, 572, 573, 574, 575, 579, 580, 581, 586, 589, 590, 592, 594, 597, 599, 601, 602, 603, 604, 605, 607, 608, 609, 610, 611, 612, 613, 614, 615, 616, 617, 618, 619, 620, 621, 622, 623, 624, 626, 629]",475,False,2.878000448512367e-05,-9.241017317753235e-07,9.901368738966331e-06,10.0
FCZ,722,722,517,205,1956,0.7160664819944599,0.2090578245046502,0.32363067292644754,cao2018,S01/061102n,all_channel,median,median__all_channel__FCZ,32,630,"[0, 1, 2, 3, 4, 5, 6, 7, 8, 9, 10, 11, 12, 13, 14, 15, 16, 17, 18, 19, 20, 21, 22, 23, 24, 25, 26, 27, 28, 29, 30, 31, 32, 33, 34, 35, 36, 37, 38, 39, 40, 41, 42, 43, 44, 45, 46, 47, 48, 49, 50, 51, 52, 53, 54, 55, 56, 57, 58, 59, 60, 61, 62, 63, 64, 65, 66, 67, 68, 69, 70, 71, 72, 73, 74, 75, 76, 77, 78, 79, 80, 81, 82, 83, 84, 85, 86, 87, 88, 89, 90, 91, 92, 93, 94, 95, 96, 97, 98, 99, 100, 101, 102, 103, 104, 105, 106, 107, 108, 109, 110, 111, 112, 113, 114, 115, 116, 117, 118, 119, 120, 121, 122, 123, 124, 125, 126, 127, 128, 129, 130, 131, 132, 133, 134, 135, 136, 137, 138, 139, 140, 141, 142, 143, 144, 145, 146, 147, 148, 149, 150, 151, 152, 153, 154, 155, 156, 157, 158, 159, 160, 161, 162, 163, 164, 165, 166, 167, 168, 169, 170, 171, 172, 173, 174, 175, 176, 177, 178, 179, 180, 181, 182, 185, 186, 187, 188, 189, 190, 191, 192, 193, 194, 195, 196, 197, 198, 199, 200, 201, 202, 203, 204, 205, 206, 207, 208, 209, 210, 211, 212, 213, 214, 215, 216, 217, 218, 219, 220, 221, 222, 223, 224, 225, 226, 227, 228, 229, 230, 231, 232, 233, 234, 235, 236, 237, 238, 239, 240, 241, 242, 243, 244, 245, 246, 247, 248, 249, 250, 251, 252, 253, 254, 255, 256, 257, 258, 259, 260, 261, 262, 263, 264, 265, 266, 267, 268, 269, 270, 271, 272, 273, 274, 275, 276, 277, 278, 279, 280, 281, 282, 283, 285, 286, 289, 291, 292, 296, 300, 301, 302, 304, 305, 306, 308, 309, 311, 312, 313, 314, 315, 316, 317, 318, 321, 322, 323, 324, 327, 328, 331, 332, 333, 334, 335, 336, 340, 341, 342, 344, 347, 348, 350, 352, 353, 354, 355, 356, 358, 360, 361, 364, 365, 366, 370, 371, 376, 381, 382, 383, 384, 390, 392, 393, 395, 398, 399, 400, 402, 403, 406, 411, 413, 414, 416, 417, 418, 419, 421, 422, 423, 424, 425, 426, 428, 429, 430, 431, 433, 436, 437, 438, 449, 450, 451, 453, 455, 458, 459, 461, 463, 465, 466, 467, 469, 471, 477, 488, 489, 490, 491, 492, 493, 494, 495, 496, 497, 499, 509, 510, 512, 517, 519, 520, 523, 524, 527, 528, 529, 530, 537, 538, 539, 541, 542, 544, 545, 546, 547, 549, 550, 551, 552, 553, 555, 556, 558, 560, 562, 563, 564, 566, 567, 568, 569, 570, 572, 573, 574, 575, 579, 580, 581, 586, 589, 590, 592, 594, 597, 599, 601, 602, 603, 604, 605, 607, 608, 609, 610, 611, 612, 613, 614, 615, 616, 617, 618, 619, 620, 621, 622, 623, 624, 626, 629]",475,False,3.146971568261536e-05,-7.361797697342642e-07,1.0735298484116541e-05,10.0
C4,695,695,472,223,2001,0.679136690647482,0.19086130206227253,0.29797979797979796,cao2018,S01/061102n,all_channel,median,median__all_channel__C4,32,630,"[0, 1, 2, 3, 4, 5, 6, 7, 8, 9, 10, 11, 12, 13, 14, 15, 16, 17, 18, 19, 20, 21, 22, 23, 24, 25, 26, 27, 28, 29, 30, 31, 32, 33, 34, 35, 36, 37, 38, 39, 40, 41, 42, 43, 44, 45, 46, 47, 48, 49, 50, 51, 52, 53, 54, 55, 56, 57, 58, 59, 60, 61, 62, 63, 64, 65, 66, 67, 68, 69, 70, 71, 72, 73, 74, 75, 76, 77, 78, 79, 80, 81, 82, 83, 84, 85, 86, 87, 88, 89, 90, 91, 92, 93, 94, 95, 96, 97, 98, 99, 100, 101, 102, 103, 104, 105, 106, 107, 108, 109, 110, 111, 112, 113, 114, 115, 116, 117, 118, 119, 120, 121, 122, 123, 124, 125, 126, 127, 128, 129, 130, 131, 132, 133, 134, 135, 136, 137, 138, 139, 140, 141, 142, 143, 144, 145, 146, 147, 148, 149, 150, 151, 152, 153, 154, 155, 156, 157, 158, 159, 160, 161, 162, 163, 164, 165, 166, 167, 168, 169, 170, 171, 172, 173, 174, 175, 176, 177, 178, 179, 180, 181, 182, 185, 186, 187, 188, 189, 190, 191, 192, 193, 194, 195, 196, 197, 198, 199, 200, 201, 202, 203, 204, 205, 206, 207, 208, 209, 210, 211, 212, 213, 214, 215, 216, 217, 218, 219, 220, 221, 222, 223, 224, 225, 226, 227, 228, 229, 230, 231, 232, 233, 234, 235, 236, 237, 238, 239, 240, 241, 242, 243, 244, 245, 246, 247, 248, 249, 250, 251, 252, 253, 254, 255, 256, 257, 258, 259, 260, 261, 262, 263, 264, 265, 266, 267, 268, 269, 270, 271, 272, 273, 274, 275, 276, 277, 278, 279, 280, 281, 282, 283, 285, 286, 289, 291, 292, 296, 300, 301, 302, 304, 305, 306, 308, 309, 311, 312, 313, 314, 315, 316, 317, 318, 321, 322, 323, 324, 327, 328, 331, 332, 333, 334, 335, 336, 340, 341, 342, 344, 347, 348, 350, 352, 353, 354, 355, 356, 358, 360, 361, 364, 365, 366, 370, 371, 376, 381, 382, 383, 384, 390, 392, 393, 395, 398, 399, 400, 402, 403, 406, 411, 413, 414, 416, 417, 418, 419, 421, 422, 423, 424, 425, 426, 428, 429, 430, 431, 433, 436, 437, 438, 449, 450, 451, 453, 455, 458, 459, 461, 463, 465, 466, 467, 469, 471, 477, 488, 489, 490, 491, 492, 493, 494, 495, 496, 497, 499, 509, 510, 512, 517, 519, 520, 523, 524, 527, 528, 529, 530, 537, 538, 539, 541, 542, 544, 545, 546, 547, 549, 550, 551, 552, 553, 555, 556, 558, 560, 562, 563, 564, 566, 567, 568, 569, 570, 572, 573, 574, 575, 579, 580, 581, 586, 589, 590, 592, 594, 597, 599, 601, 602, 603, 604, 605, 607, 608, 609, 610, 611, 612, 613, 614, 615, 616, 617, 618, 619, 620, 621, 622, 623, 624, 626, 629]",475,False,2.4815182873664195e-05,-5.371251908880281e-07,8.45076935485074e-06,10.0
TP8,579,579,331,248,2142,0.5716753022452504,0.1338455317428225,0.21690694626474444,cao2018,S01/061102n,all_channel,median,median__all_channel__TP8,32,630,"[0, 1, 2, 3, 4, 5, 6, 7, 8, 9, 10, 11, 12, 13, 14, 15, 16, 17, 18, 19, 20, 21, 22, 23, 24, 25, 26, 27, 28, 29, 30, 31, 32, 33, 34, 35, 36, 37, 38, 39, 40, 41, 42, 43, 44, 45, 46, 47, 48, 49, 50, 51, 52, 53, 54, 55, 56, 57, 58, 59, 60, 61, 62, 63, 64, 65, 66, 67, 68, 69, 70, 71, 72, 73, 74, 75, 76, 77, 78, 79, 80, 81, 82, 83, 84, 85, 86, 87, 88, 89, 90, 91, 92, 93, 94, 95, 96, 97, 98, 99, 100, 101, 102, 103, 104, 105, 106, 107, 108, 109, 110, 111, 112, 113, 114, 115, 116, 117, 118, 119, 120, 121, 122, 123, 124, 125, 126, 127, 128, 129, 130, 131, 132, 133, 134, 135, 136, 137, 138, 139, 140, 141, 142, 143, 144, 145, 146, 147, 148, 149, 150, 151, 152, 153, 154, 155, 156, 157, 158, 159, 160, 161, 162, 163, 164, 165, 166, 167, 168, 169, 170, 171, 172, 173, 174, 175, 176, 177, 178, 179, 180, 181, 182, 185, 186, 187, 188, 189, 190, 191, 192, 193, 194, 195, 196, 197, 198, 199, 200, 201, 202, 203, 204, 205, 206, 207, 208, 209, 210, 211, 212, 213, 214, 215, 216, 217, 218, 219, 220, 221, 222, 223, 224, 225, 226, 227, 228, 229, 230, 231, 232, 233, 234, 235, 236, 237, 238, 239, 240, 241, 242, 243, 244, 245, 246, 247, 248, 249, 250, 251, 252, 253, 254, 255, 256, 257, 258, 259, 260, 261, 262, 263, 264, 265, 266, 267, 268, 269, 270, 271, 272, 273, 274, 275, 276, 277, 278, 279, 280, 281, 282, 283, 285, 286, 289, 291, 292, 296, 300, 301, 302, 304, 305, 306, 308, 309, 311, 312, 313, 314, 315, 316, 317, 318, 321, 322, 323, 324, 327, 328, 331, 332, 333, 334, 335, 336, 340, 341, 342, 344, 347, 348, 350, 352, 353, 354, 355, 356, 358, 360, 361, 364, 365, 366, 370, 371, 376, 381, 382, 383, 384, 390, 392, 393, 395, 398, 399, 400, 402, 403, 406, 411, 413, 414, 416, 417, 418, 419, 421, 422, 423, 424, 425, 426, 428, 429, 430, 431, 433, 436, 437, 438, 449, 450, 451, 453, 455, 458, 459, 461, 463, 465, 466, 467, 469, 471, 477, 488, 489, 490, 491, 492, 493, 494, 495, 496, 497, 499, 509, 510, 512, 517, 519, 520, 523, 524, 527, 528, 529, 530, 537, 538, 539, 541, 542, 544, 545, 546, 547, 549, 550, 551, 552, 553, 555, 556, 558, 560, 562, 563, 564, 566, 567, 568, 569, 570, 572, 573, 574, 575, 579, 580, 581, 586, 589, 590, 592, 594, 597, 599, 601, 602, 603, 604, 605, 607, 608, 609, 610, 611, 612, 613, 614, 615, 616, 617, 618, 619, 620, 621, 622, 623, 624, 626, 629]",475,False,1.7100915766931923e-05,-1.9434799840551454e-07,5.7650879217791464e-06,10.0
CP4,480,480,305,175,2168,0.6354166666666666,0.12333198544278205,0.20656959024720625,cao2018,S01/061102n,all_channel,median,median__all_channel__CP4,32,630,"[0, 1, 2, 3, 4, 5, 6, 7, 8, 9, 10, 11, 12, 13, 14, 15, 16, 17, 18, 19, 20, 21, 22, 23, 24, 25, 26, 27, 28, 29, 30, 31, 32, 33, 34, 35, 36, 37, 38, 39, 40, 41, 42, 43, 44, 45, 46, 47, 48, 49, 50, 51, 52, 53, 54, 55, 56, 57, 58, 59, 60, 61, 62, 63, 64, 65, 66, 67, 68, 69, 70, 71, 72, 73, 74, 75, 76, 77, 78, 79, 80, 81, 82, 83, 84, 85, 86, 87, 88, 89, 90, 91, 92, 93, 94, 95, 96, 97, 98, 99, 100, 101, 102, 103, 104, 105, 106, 107, 108, 109, 110, 111, 112, 113, 114, 115, 116, 117, 118, 119, 120, 121, 122, 123, 124, 125, 126, 127, 128, 129, 130, 131, 132, 133, 134, 135, 136, 137, 138, 139, 140, 141, 142, 143, 144, 145, 146, 147, 148, 149, 150, 151, 152, 153, 154, 155, 156, 157, 158, 159, 160, 161, 162, 163, 164, 165, 166, 167, 168, 169, 170, 171, 172, 173, 174, 175, 176, 177, 178, 179, 180, 181, 182, 185, 186, 187, 188, 189, 190, 191, 192, 193, 194, 195, 196, 197, 198, 199, 200, 201, 202, 203, 204, 205, 206, 207, 208, 209, 210, 211, 212, 213, 214, 215, 216, 217, 218, 219, 220, 221, 222, 223, 224, 225, 226, 227, 228, 229, 230, 231, 232, 233, 234, 235, 236, 237, 238, 239, 240, 241, 242, 243, 244, 245, 246, 247, 248, 249, 250, 251, 252, 253, 254, 255, 256, 257, 258, 259, 260, 261, 262, 263, 264, 265, 266, 267, 268, 269, 270, 271, 272, 273, 274, 275, 276, 277, 278, 279, 280, 281, 282, 283, 285, 286, 289, 291, 292, 296, 300, 301, 302, 304, 305, 306, 308, 309, 311, 312, 313, 314, 315, 316, 317, 318, 321, 322, 323, 324, 327, 328, 331, 332, 333, 334, 335, 336, 340, 341, 342, 344, 347, 348, 350, 352, 353, 354, 355, 356, 358, 360, 361, 364, 365, 366, 370, 371, 376, 381, 382, 383, 384, 390, 392, 393, 395, 398, 399, 400, 402, 403, 406, 411, 413, 414, 416, 417, 418, 419, 421, 422, 423, 424, 425, 426, 428, 429, 430, 431, 433, 436, 437, 438, 449, 450, 451, 453, 455, 458, 459, 461, 463, 465, 466, 467, 469, 471, 477, 488, 489, 490, 491, 492, 493, 494, 495, 496, 497, 499, 509, 510, 512, 517, 519, 520, 523, 524, 527, 528, 529, 530, 537, 538, 539, 541, 542, 544, 545, 546, 547, 549, 550, 551, 552, 553, 555, 556, 558, 560, 562, 563, 564, 566, 567, 568, 569, 570, 572, 573, 574, 575, 579, 580, 581, 586, 589, 590, 592, 594, 597, 599, 601, 602, 603, 604, 605, 607, 608, 609, 610, 611, 612, 613, 614, 615, 616, 617, 618, 619, 620, 621, 622, 623, 624, 626, 629]",475,False,2.29554981180683e-05,-3.744951656805873e-07,7.776664427916296e-06,10.0
A2,449,449,250,199,2223,0.5567928730512249,0.10109179134654266,0.17111567419575632,cao2018,S01/061102n,all_channel,median,median__all_channel__A2,32,630,"[0, 1, 2, 3, 4, 5, 6, 7, 8, 9, 10, 11, 12, 13, 14, 15, 16, 17, 18, 19, 20, 21, 22, 23, 24, 25, 26, 27, 28, 29, 30, 31, 32, 33, 34, 35, 36, 37, 38, 39, 40, 41, 42, 43, 44, 45, 46, 47, 48, 49, 50, 51, 52, 53, 54, 55, 56, 57, 58, 59, 60, 61, 62, 63, 64, 65, 66, 67, 68, 69, 70, 71, 72, 73, 74, 75, 76, 77, 78, 79, 80, 81, 82, 83, 84, 85, 86, 87, 88, 89, 90, 91, 92, 93, 94, 95, 96, 97, 98, 99, 100, 101, 102, 103, 104, 105, 106, 107, 108, 109, 110, 111, 112, 113, 114, 115, 116, 117, 118, 119, 120, 121, 122, 123, 124, 125, 126, 127, 128, 129, 130, 131, 132, 133, 134, 135, 136, 137, 138, 139, 140, 141, 142, 143, 144, 145, 146, 147, 148, 149, 150, 151, 152, 153, 154, 155, 156, 157, 158, 159, 160, 161, 162, 163, 164, 165, 166, 167, 168, 169, 170, 171, 172, 173, 174, 175, 176, 177, 178, 179, 180, 181, 182, 185, 186, 187, 188, 189, 190, 191, 192, 193, 194, 195, 196, 197, 198, 199, 200, 201, 202, 203, 204, 205, 206, 207, 208, 209, 210, 211, 212, 213, 214, 215, 216, 217, 218, 219, 220, 221, 222, 223, 224, 225, 226, 227, 228, 229, 230, 231, 232, 233, 234, 235, 236, 237, 238, 239, 240, 241, 242, 243, 244, 245, 246, 247, 248, 249, 250, 251, 252, 253, 254, 255, 256, 257, 258, 259, 260, 261, 262, 263, 264, 265, 266, 267, 268, 269, 270, 271, 272, 273, 274, 275, 276, 277, 278, 279, 280, 281, 282, 283, 285, 286, 289, 291, 292, 296, 300, 301, 302, 304, 305, 306, 308, 309, 311, 312, 313, 314, 315, 316, 317, 318, 321, 322, 323, 324, 327, 328, 331, 332, 333, 334, 335, 336, 340, 341, 342, 344, 347, 348, 350, 352, 353, 354, 355, 356, 358, 360, 361, 364, 365, 366, 370, 371, 376, 381, 382, 383, 384, 390, 392, 393, 395, 398, 399, 400, 402, 403, 406, 411, 413, 414, 416, 417, 418, 419, 421, 422, 423, 424, 425, 426, 428, 429, 430, 431, 433, 436, 437, 438, 449, 450, 451, 453, 455, 458, 459, 461, 463, 465, 466, 467, 469, 471, 477, 488, 489, 490, 491, 492, 493, 494, 495, 496, 497, 499, 509, 510, 512, 517, 519, 520, 523, 524, 527, 528, 529, 530, 537, 538, 539, 541, 542, 544, 545, 546, 547, 549, 550, 551, 552, 553, 555, 556, 558, 560, 562, 563, 564, 566, 567, 568, 569, 570, 572, 573, 574, 575, 579, 580, 581, 586, 589, 590, 592, 594, 597, 599, 601, 602, 603, 604, 605, 607, 608, 609, 610, 611, 612, 613, 614, 615, 616, 617, 618, 619, 620, 621, 622, 623, 624, 626, 629]",475,False,1.0588012090761575e-05,3.5395577601401455e-08,3.5175388377200576e-06,10.0
C3,382,382,243,139,2230,0.6361256544502618,0.09826122118883947,0.1702276707530648,cao2018,S01/061102n,all_channel,median,median__all_channel__C3,32,630,"[0, 1, 2, 3, 4, 5, 6, 7, 8, 9, 10, 11, 12, 13, 14, 15, 16, 17, 18, 19, 20, 21, 22, 23, 24, 25, 26, 27, 28, 29, 30, 31, 32, 33, 34, 35, 36, 37, 38, 39, 40, 41, 42, 43, 44, 45, 46, 47, 48, 49, 50, 51, 52, 53, 54, 55, 56, 57, 58, 59, 60, 61, 62, 63, 64, 65, 66, 67, 68, 69, 70, 71, 72, 73, 74, 75, 76, 77, 78, 79, 80, 81, 82, 83, 84, 85, 86, 87, 88, 89, 90, 91, 92, 93, 94, 95, 96, 97, 98, 99, 100, 101, 102, 103, 104, 105, 106, 107, 108, 109, 110, 111, 112, 113, 114, 115, 116, 117, 118, 119, 120, 121, 122, 123, 124, 125, 126, 127, 128, 129, 130, 131, 132, 133, 134, 135, 136, 137, 138, 139, 140, 141, 142, 143, 144, 145, 146, 147, 148, 149, 150, 151, 152, 153, 154, 155, 156, 157, 158, 159, 160, 161, 162, 163, 164, 165, 166, 167, 168, 169, 170, 171, 172, 173, 174, 175, 176, 177, 178, 179, 180, 181, 182, 185, 186, 187, 188, 189, 190, 191, 192, 193, 194, 195, 196, 197, 198, 199, 200, 201, 202, 203, 204, 205, 206, 207, 208, 209, 210, 211, 212, 213, 214, 215, 216, 217, 218, 219, 220, 221, 222, 223, 224, 225, 226, 227, 228, 229, 230, 231, 232, 233, 234, 235, 236, 237, 238, 239, 240, 241, 242, 243, 244, 245, 246, 247, 248, 249, 250, 251, 252, 253, 254, 255, 256, 257, 258, 259, 260, 261, 262, 263, 264, 265, 266, 267, 268, 269, 270, 271, 272, 273, 274, 275, 276, 277, 278, 279, 280, 281, 282, 283, 285, 286, 289, 291, 292, 296, 300, 301, 302, 304, 305, 306, 308, 309, 311, 312, 313, 314, 315, 316, 317, 318, 321, 322, 323, 324, 327, 328, 331, 332, 333, 334, 335, 336, 340, 341, 342, 344, 347, 348, 350, 352, 353, 354, 355, 356, 358, 360, 361, 364, 365, 366, 370, 371, 376, 381, 382, 383, 384, 390, 392, 393, 395, 398, 399, 400, 402, 403, 406, 411, 413, 414, 416, 417, 418, 419, 421, 422, 423, 424, 425, 426, 428, 429, 430, 431, 433, 436, 437, 438, 449, 450, 451, 453, 455, 458, 459, 461, 463, 465, 466, 467, 469, 471, 477, 488, 489, 490, 491, 492, 493, 494, 495, 496, 497, 499, 509, 510, 512, 517, 519, 520, 523, 524, 527, 528, 529, 530, 537, 538, 539, 541, 542, 544, 545, 546, 547, 549, 550, 551, 552, 553, 555, 556, 558, 560, 562, 563, 564, 566, 567, 568, 569, 570, 572, 573, 574, 575, 579, 580, 581, 586, 589, 590, 592, 594, 597, 599, 601, 602, 603, 604, 605, 607, 608, 609, 610, 611, 612, 613, 614, 615, 616, 617, 618, 619, 620, 621, 622, 623, 624, 626, 629]",475,False,2.4924196795784662e-05,-5.331171101623807e-07,8.485771301982348e-06,10.0
CZ,416,416,245,171,2228,0.5889423076923077,0.09906995551961181,0.16960886119764623,cao2018,S01/061102n,all_channel,median,median__all_channel__CZ,32,630,"[0, 1, 2, 3, 4, 5, 6, 7, 8, 9, 10, 11, 12, 13, 14, 15, 16, 17, 18, 19, 20, 21, 22, 23, 24, 25, 26, 27, 28, 29, 30, 31, 32, 33, 34, 35, 36, 37, 38, 39, 40, 41, 42, 43, 44, 45, 46, 47, 48, 49, 50, 51, 52, 53, 54, 55, 56, 57, 58, 59, 60, 61, 62, 63, 64, 65, 66, 67, 68, 69, 70, 71, 72, 73, 74, 75, 76, 77, 78, 79, 80, 81, 82, 83, 84, 85, 86, 87, 88, 89, 90, 91, 92, 93, 94, 95, 96, 97, 98, 99, 100, 101, 102, 103, 104, 105, 106, 107, 108, 109, 110, 111, 112, 113, 114, 115, 116, 117, 118, 119, 120, 121, 122, 123, 124, 125, 126, 127, 128, 129, 130, 131, 132, 133, 134, 135, 136, 137, 138, 139, 140, 141, 142, 143, 144, 145, 146, 147, 148, 149, 150, 151, 152, 153, 154, 155, 156, 157, 158, 159, 160, 161, 162, 163, 164, 165, 166, 167, 168, 169, 170, 171, 172, 173, 174, 175, 176, 177, 178, 179, 180, 181, 182, 185, 186, 187, 188, 189, 190, 191, 192, 193, 194, 195, 196, 197, 198, 199, 200, 201, 202, 203, 204, 205, 206, 207, 208, 209, 210, 211, 212, 213, 214, 215, 216, 217, 218, 219, 220, 221, 222, 223, 224, 225, 226, 227, 228, 229, 230, 231, 232, 233, 234, 235, 236, 237, 238, 239, 240, 241, 242, 243, 244, 245, 246, 247, 248, 249, 250, 251, 252, 253, 254, 255, 256, 257, 258, 259, 260, 261, 262, 263, 264, 265, 266, 267, 268, 269, 270, 271, 272, 273, 274, 275, 276, 277, 278, 279, 280, 281, 282, 283, 285, 286, 289, 291, 292, 296, 300, 301, 302, 304, 305, 306, 308, 309, 311, 312, 313, 314, 315, 316, 317, 318, 321, 322, 323, 324, 327, 328, 331, 332, 333, 334, 335, 336, 340, 341, 342, 344, 347, 348, 350, 352, 353, 354, 355, 356, 358, 360, 361, 364, 365, 366, 370, 371, 376, 381, 382, 383, 384, 390, 392, 393, 395, 398, 399, 400, 402, 403, 406, 411, 413, 414, 416, 417, 418, 419, 421, 422, 423, 424, 425, 426, 428, 429, 430, 431, 433, 436, 437, 438, 449, 450, 451, 453, 455, 458, 459, 461, 463, 465, 466, 467, 469, 471, 477, 488, 489, 490, 491, 492, 493, 494, 495, 496, 497, 499, 509, 510, 512, 517, 519, 520, 523, 524, 527, 528, 529, 530, 537, 538, 539, 541, 542, 544, 545, 546, 547, 549, 550, 551, 552, 553, 555, 556, 558, 560, 562, 563, 564, 566, 567, 568, 569, 570, 572, 573, 574, 575, 579, 580, 581, 586, 589, 590, 592, 594, 597, 599, 601, 602, 603, 604, 605, 607, 608, 609, 610, 611, 612, 613, 614, 615, 616, 617, 618, 619, 620, 621, 622, 623, 624, 626, 629]",475,False,2.749767798122372e-05,-4.730338807764857e-07,9.323570620666736e-06,10.0
T4,3144,3144,475,2669,1998,0.15108142493638677,0.19207440355843106,0.16912942852056256,cao2018,S01/061102n,all_channel,median,median__all_channel__T4,32,630,"[0, 1, 2, 3, 4, 5, 6, 7, 8, 9, 10, 11, 12, 13, 14, 15, 16, 17, 18, 19, 20, 21, 22, 23, 24, 25, 26, 27, 28, 29, 30, 31, 32, 33, 34, 35, 36, 37, 38, 39, 40, 41, 42, 43, 44, 45, 46, 47, 48, 49, 50, 51, 52, 53, 54, 55, 56, 57, 58, 59, 60, 61, 62, 63, 64, 65, 66, 67, 68, 69, 70, 71, 72, 73, 74, 75, 76, 77, 78, 79, 80, 81, 82, 83, 84, 85, 86, 87, 88, 89, 90, 91, 92, 93, 94, 95, 96, 97, 98, 99, 100, 101, 102, 103, 104, 105, 106, 107, 108, 109, 110, 111, 112, 113, 114, 115, 116, 117, 118, 119, 120, 121, 122, 123, 124, 125, 126, 127, 128, 129, 130, 131, 132, 133, 134, 135, 136, 137, 138, 139, 140, 141, 142, 143, 144, 145, 146, 147, 148, 149, 150, 151, 152, 153, 154, 155, 156, 157, 158, 159, 160, 161, 162, 163, 164, 165, 166, 167, 168, 169, 170, 171, 172, 173, 174, 175, 176, 177, 178, 179, 180, 181, 182, 185, 186, 187, 188, 189, 190, 191, 192, 193, 194, 195, 196, 197, 198, 199, 200, 201, 202, 203, 204, 205, 206, 207, 208, 209, 210, 211, 212, 213, 214, 215, 216, 217, 218, 219, 220, 221, 222, 223, 224, 225, 226, 227, 228, 229, 230, 231, 232, 233, 234, 235, 236, 237, 238, 239, 240, 241, 242, 243, 244, 245, 246, 247, 248, 249, 250, 251, 252, 253, 254, 255, 256, 257, 258, 259, 260, 261, 262, 263, 264, 265, 266, 267, 268, 269, 270, 271, 272, 273, 274, 275, 276, 277, 278, 279, 280, 281, 282, 283, 285, 286, 289, 291, 292, 296, 300, 301, 302, 304, 305, 306, 308, 309, 311, 312, 313, 314, 315, 316, 317, 318, 321, 322, 323, 324, 327, 328, 331, 332, 333, 334, 335, 336, 340, 341, 342, 344, 347, 348, 350, 352, 353, 354, 355, 356, 358, 360, 361, 364, 365, 366, 370, 371, 376, 381, 382, 383, 384, 390, 392, 393, 395, 398, 399, 400, 402, 403, 406, 411, 413, 414, 416, 417, 418, 419, 421, 422, 423, 424, 425, 426, 428, 429, 430, 431, 433, 436, 437, 438, 449, 450, 451, 453, 455, 458, 459, 461, 463, 465, 466, 467, 469, 471, 477, 488, 489, 490, 491, 492, 493, 494, 495, 496, 497, 499, 509, 510, 512, 517, 519, 520, 523, 524, 527, 528, 529, 530, 537, 538, 539, 541, 542, 544, 545, 546, 547, 549, 550, 551, 552, 553, 555, 556, 558, 560, 562, 563, 564, 566, 567, 568, 569, 570, 572, 573, 574, 575, 579, 580, 581, 586, 589, 590, 592, 594, 597, 599, 601, 602, 603, 604, 605, 607, 608, 609, 610, 611, 612, 613, 614, 615, 616, 617, 618, 619, 620, 621, 622, 623, 624, 626, 629]",475,False,6.127950477776216e-06,0.0,2.0426501592587386e-06,10.0
P4,355,355,202,153,2271,0.5690140845070423,0.08168216740800648,0.14285714285714285,cao2018,S01/061102n,all_channel,median,median__all_channel__P4,32,630,"[0, 1, 2, 3, 4, 5, 6, 7, 8, 9, 10, 11, 12, 13, 14, 15, 16, 17, 18, 19, 20, 21, 22, 23, 24, 25, 26, 27, 28, 29, 30, 31, 32, 33, 34, 35, 36, 37, 38, 39, 40, 41, 42, 43, 44, 45, 46, 47, 48, 49, 50, 51, 52, 53, 54, 55, 56, 57, 58, 59, 60, 61, 62, 63, 64, 65, 66, 67, 68, 69, 70, 71, 72, 73, 74, 75, 76, 77, 78, 79, 80, 81, 82, 83, 84, 85, 86, 87, 88, 89, 90, 91, 92, 93, 94, 95, 96, 97, 98, 99, 100, 101, 102, 103, 104, 105, 106, 107, 108, 109, 110, 111, 112, 113, 114, 115, 116, 117, 118, 119, 120, 121, 122, 123, 124, 125, 126, 127, 128, 129, 130, 131, 132, 133, 134, 135, 136, 137, 138, 139, 140, 141, 142, 143, 144, 145, 146, 147, 148, 149, 150, 151, 152, 153, 154, 155, 156, 157, 158, 159, 160, 161, 162, 163, 164, 165, 166, 167, 168, 169, 170, 171, 172, 173, 174, 175, 176, 177, 178, 179, 180, 181, 182, 185, 186, 187, 188, 189, 190, 191, 192, 193, 194, 195, 196, 197, 198, 199, 200, 201, 202, 203, 204, 205, 206, 207, 208, 209, 210, 211, 212, 213, 214, 215, 216, 217, 218, 219, 220, 221, 222, 223, 224, 225, 226, 227, 228, 229, 230, 231, 232, 233, 234, 235, 236, 237, 238, 239, 240, 241, 242, 243, 244, 245, 246, 247, 248, 249, 250, 251, 252, 253, 254, 255, 256, 257, 258, 259, 260, 261, 262, 263, 264, 265, 266, 267, 268, 269, 270, 271, 272, 273, 274, 275, 276, 277, 278, 279, 280, 281, 282, 283, 285, 286, 289, 291, 292, 296, 300, 301, 302, 304, 305, 306, 308, 309, 311, 312, 313, 314, 315, 316, 317, 318, 321, 322, 323, 324, 327, 328, 331, 332, 333, 334, 335, 336, 340, 341, 342, 344, 347, 348, 350, 352, 353, 354, 355, 356, 358, 360, 361, 364, 365, 366, 370, 371, 376, 381, 382, 383, 384, 390, 392, 393, 395, 398, 399, 400, 402, 403, 406, 411, 413, 414, 416, 417, 418, 419, 421, 422, 423, 424, 425, 426, 428, 429, 430, 431, 433, 436, 437, 438, 449, 450, 451, 453, 455, 458, 459, 461, 463, 465, 466, 467, 469, 471, 477, 488, 489, 490, 491, 492, 493, 494, 495, 496, 497, 499, 509, 510, 512, 517, 519, 520, 523, 524, 527, 528, 529, 530, 537, 538, 539, 541, 542, 544, 545, 546, 547, 549, 550, 551, 552, 553, 555, 556, 558, 560, 562, 563, 564, 566, 567, 568, 569, 570, 572, 573, 574, 575, 579, 580, 581, 586, 589, 590, 592, 594, 597, 599, 601, 602, 603, 604, 605, 607, 608, 609, 610, 611, 612, 613, 614, 615, 616, 617, 618, 619, 620, 621, 622, 623, 624, 626, 629]",475,False,2.089372541808487e-05,-2.5747175383518946e-07,7.050399057306686e-06,10.0
T6,324,324,148,176,2325,0.4567901234567901,0.05984634047715325,0.10582767250625669,cao2018,S01/061102n,all_channel,median,median__all_channel__T6,32,630,"[0, 1, 2, 3, 4, 5, 6, 7, 8, 9, 10, 11, 12, 13, 14, 15, 16, 17, 18, 19, 20, 21, 22, 23, 24, 25, 26, 27, 28, 29, 30, 31, 32, 33, 34, 35, 36, 37, 38, 39, 40, 41, 42, 43, 44, 45, 46, 47, 48, 49, 50, 51, 52, 53, 54, 55, 56, 57, 58, 59, 60, 61, 62, 63, 64, 65, 66, 67, 68, 69, 70, 71, 72, 73, 74, 75, 76, 77, 78, 79, 80, 81, 82, 83, 84, 85, 86, 87, 88, 89, 90, 91, 92, 93, 94, 95, 96, 97, 98, 99, 100, 101, 102, 103, 104, 105, 106, 107, 108, 109, 110, 111, 112, 113, 114, 115, 116, 117, 118, 119, 120, 121, 122, 123, 124, 125, 126, 127, 128, 129, 130, 131, 132, 133, 134, 135, 136, 137, 138, 139, 140, 141, 142, 143, 144, 145, 146, 147, 148, 149, 150, 151, 152, 153, 154, 155, 156, 157, 158, 159, 160, 161, 162, 163, 164, 165, 166, 167, 168, 169, 170, 171, 172, 173, 174, 175, 176, 177, 178, 179, 180, 181, 182, 185, 186, 187, 188, 189, 190, 191, 192, 193, 194, 195, 196, 197, 198, 199, 200, 201, 202, 203, 204, 205, 206, 207, 208, 209, 210, 211, 212, 213, 214, 215, 216, 217, 218, 219, 220, 221, 222, 223, 224, 225, 226, 227, 228, 229, 230, 231, 232, 233, 234, 235, 236, 237, 238, 239, 240, 241, 242, 243, 244, 245, 246, 247, 248, 249, 250, 251, 252, 253, 254, 255, 256, 257, 258, 259, 260, 261, 262, 263, 264, 265, 266, 267, 268, 269, 270, 271, 272, 273, 274, 275, 276, 277, 278, 279, 280, 281, 282, 283, 285, 286, 289, 291, 292, 296, 300, 301, 302, 304, 305, 306, 308, 309, 311, 312, 313, 314, 315, 316, 317, 318, 321, 322, 323, 324, 327, 328, 331, 332, 333, 334, 335, 336, 340, 341, 342, 344, 347, 348, 350, 352, 353, 354, 355, 356, 358, 360, 361, 364, 365, 366, 370, 371, 376, 381, 382, 383, 384, 390, 392, 393, 395, 398, 399, 400, 402, 403, 406, 411, 413, 414, 416, 417, 418, 419, 421, 422, 423, 424, 425, 426, 428, 429, 430, 431, 433, 436, 437, 438, 449, 450, 451, 453, 455, 458, 459, 461, 463, 465, 466, 467, 469, 471, 477, 488, 489, 490, 491, 492, 493, 494, 495, 496, 497, 499, 509, 510, 512, 517, 519, 520, 523, 524, 527, 528, 529, 530, 537, 538, 539, 541, 542, 544, 545, 546, 547, 549, 550, 551, 552, 553, 555, 556, 558, 560, 562, 563, 564, 566, 567, 568, 569, 570, 572, 573, 574, 575, 579, 580, 581, 586, 589, 590, 592, 594, 597, 599, 601, 602, 603, 604, 605, 607, 608, 609, 610, 611, 612, 613, 614, 615, 616, 617, 618, 619, 620, 621, 622, 623, 624, 626, 629]",475,False,1.659807030645017e-05,-1.3749538454087389e-07,5.578521896997014e-06,10.0
CPZ,266,266,123,143,2350,0.462406015037594,0.04973716134249899,0.08981380065717415,cao2018,S01/061102n,all_channel,median,median__all_channel__CPZ,32,630,"[0, 1, 2, 3, 4, 5, 6, 7, 8, 9, 10, 11, 12, 13, 14, 15, 16, 17, 18, 19, 20, 21, 22, 23, 24, 25, 26, 27, 28, 29, 30, 31, 32, 33, 34, 35, 36, 37, 38, 39, 40, 41, 42, 43, 44, 45, 46, 47, 48, 49, 50, 51, 52, 53, 54, 55, 56, 57, 58, 59, 60, 61, 62, 63, 64, 65, 66, 67, 68, 69, 70, 71, 72, 73, 74, 75, 76, 77, 78, 79, 80, 81, 82, 83, 84, 85, 86, 87, 88, 89, 90, 91, 92, 93, 94, 95, 96, 97, 98, 99, 100, 101, 102, 103, 104, 105, 106, 107, 108, 109, 110, 111, 112, 113, 114, 115, 116, 117, 118, 119, 120, 121, 122, 123, 124, 125, 126, 127, 128, 129, 130, 131, 132, 133, 134, 135, 136, 137, 138, 139, 140, 141, 142, 143, 144, 145, 146, 147, 148, 149, 150, 151, 152, 153, 154, 155, 156, 157, 158, 159, 160, 161, 162, 163, 164, 165, 166, 167, 168, 169, 170, 171, 172, 173, 174, 175, 176, 177, 178, 179, 180, 181, 182, 185, 186, 187, 188, 189, 190, 191, 192, 193, 194, 195, 196, 197, 198, 199, 200, 201, 202, 203, 204, 205, 206, 207, 208, 209, 210, 211, 212, 213, 214, 215, 216, 217, 218, 219, 220, 221, 222, 223, 224, 225, 226, 227, 228, 229, 230, 231, 232, 233, 234, 235, 236, 237, 238, 239, 240, 241, 242, 243, 244, 245, 246, 247, 248, 249, 250, 251, 252, 253, 254, 255, 256, 257, 258, 259, 260, 261, 262, 263, 264, 265, 266, 267, 268, 269, 270, 271, 272, 273, 274, 275, 276, 277, 278, 279, 280, 281, 282, 283, 285, 286, 289, 291, 292, 296, 300, 301, 302, 304, 305, 306, 308, 309, 311, 312, 313, 314, 315, 316, 317, 318, 321, 322, 323, 324, 327, 328, 331, 332, 333, 334, 335, 336, 340, 341, 342, 344, 347, 348, 350, 352, 353, 354, 355, 356, 358, 360, 361, 364, 365, 366, 370, 371, 376, 381, 382, 383, 384, 390, 392, 393, 395, 398, 399, 400, 402, 403, 406, 411, 413, 414, 416, 417, 418, 419, 421, 422, 423, 424, 425, 426, 428, 429, 430, 431, 433, 436, 437, 438, 449, 450, 451, 453, 455, 458, 459, 461, 463, 465, 466, 467, 469, 471, 477, 488, 489, 490, 491, 492, 493, 494, 495, 496, 497, 499, 509, 510, 512, 517, 519, 520, 523, 524, 527, 528, 529, 530, 537, 538, 539, 541, 542, 544, 545, 546, 547, 549, 550, 551, 552, 553, 555, 556, 558, 560, 562, 563, 564, 566, 567, 568, 569, 570, 572, 573, 574, 575, 579, 580, 581, 586, 589, 590, 592, 594, 597, 599, 601, 602, 603, 604, 605, 607, 608, 609, 610, 611, 612, 613, 614, 615, 616, 617, 618, 619, 620, 621, 622, 623, 624, 626, 629]",475,False,2.3821858886365185e-05,-2.982462620940916e-07,8.040035049486424e-06,10.0
CP3,210,210,96,114,2377,0.45714285714285713,0.03881924787707238,0.07156168468132687,cao2018,S01/061102n,all_channel,median,median__all_channel__CP3,32,630,"[0, 1, 2, 3, 4, 5, 6, 7, 8, 9, 10, 11, 12, 13, 14, 15, 16, 17, 18, 19, 20, 21, 22, 23, 24, 25, 26, 27, 28, 29, 30, 31, 32, 33, 34, 35, 36, 37, 38, 39, 40, 41, 42, 43, 44, 45, 46, 47, 48, 49, 50, 51, 52, 53, 54, 55, 56, 57, 58, 59, 60, 61, 62, 63, 64, 65, 66, 67, 68, 69, 70, 71, 72, 73, 74, 75, 76, 77, 78, 79, 80, 81, 82, 83, 84, 85, 86, 87, 88, 89, 90, 91, 92, 93, 94, 95, 96, 97, 98, 99, 100, 101, 102, 103, 104, 105, 106, 107, 108, 109, 110, 111, 112, 113, 114, 115, 116, 117, 118, 119, 120, 121, 122, 123, 124, 125, 126, 127, 128, 129, 130, 131, 132, 133, 134, 135, 136, 137, 138, 139, 140, 141, 142, 143, 144, 145, 146, 147, 148, 149, 150, 151, 152, 153, 154, 155, 156, 157, 158, 159, 160, 161, 162, 163, 164, 165, 166, 167, 168, 169, 170, 171, 172, 173, 174, 175, 176, 177, 178, 179, 180, 181, 182, 185, 186, 187, 188, 189, 190, 191, 192, 193, 194, 195, 196, 197, 198, 199, 200, 201, 202, 203, 204, 205, 206, 207, 208, 209, 210, 211, 212, 213, 214, 215, 216, 217, 218, 219, 220, 221, 222, 223, 224, 225, 226, 227, 228, 229, 230, 231, 232, 233, 234, 235, 236, 237, 238, 239, 240, 241, 242, 243, 244, 245, 246, 247, 248, 249, 250, 251, 252, 253, 254, 255, 256, 257, 258, 259, 260, 261, 262, 263, 264, 265, 266, 267, 268, 269, 270, 271, 272, 273, 274, 275, 276, 277, 278, 279, 280, 281, 282, 283, 285, 286, 289, 291, 292, 296, 300, 301, 302, 304, 305, 306, 308, 309, 311, 312, 313, 314, 315, 316, 317, 318, 321, 322, 323, 324, 327, 328, 331, 332, 333, 334, 335, 336, 340, 341, 342, 344, 347, 348, 350, 352, 353, 354, 355, 356, 358, 360, 361, 364, 365, 366, 370, 371, 376, 381, 382, 383, 384, 390, 392, 393, 395, 398, 399, 400, 402, 403, 406, 411, 413, 414, 416, 417, 418, 419, 421, 422, 423, 424, 425, 426, 428, 429, 430, 431, 433, 436, 437, 438, 449, 450, 451, 453, 455, 458, 459, 461, 463, 465, 466, 467, 469, 471, 477, 488, 489, 490, 491, 492, 493, 494, 495, 496, 497, 499, 509, 510, 512, 517, 519, 520, 523, 524, 527, 528, 529, 530, 537, 538, 539, 541, 542, 544, 545, 546, 547, 549, 550, 551, 552, 553, 555, 556, 558, 560, 562, 563, 564, 566, 567, 568, 569, 570, 572, 573, 574, 575, 579, 580, 581, 586, 589, 590, 592, 594, 597, 599, 601, 602, 603, 604, 605, 607, 608, 609, 610, 611, 612, 613, 614, 615, 616, 617, 618, 619, 620, 621, 622, 623, 624, 626, 629]",475,False,2.1718565658414305e-05,-2.8077158115000875e-07,7.333112413188105e-06,10.0
PZ,205,205,78,127,2395,0.3804878048780488,0.031540638900121314,0.05825242718446602,cao2018,S01/061102n,all_channel,median,median__all_channel__PZ,32,630,"[0, 1, 2, 3, 4, 5, 6, 7, 8, 9, 10, 11, 12, 13, 14, 15, 16, 17, 18, 19, 20, 21, 22, 23, 24, 25, 26, 27, 28, 29, 30, 31, 32, 33, 34, 35, 36, 37, 38, 39, 40, 41, 42, 43, 44, 45, 46, 47, 48, 49, 50, 51, 52, 53, 54, 55, 56, 57, 58, 59, 60, 61, 62, 63, 64, 65, 66, 67, 68, 69, 70, 71, 72, 73, 74, 75, 76, 77, 78, 79, 80, 81, 82, 83, 84, 85, 86, 87, 88, 89, 90, 91, 92, 93, 94, 95, 96, 97, 98, 99, 100, 101, 102, 103, 104, 105, 106, 107, 108, 109, 110, 111, 112, 113, 114, 115, 116, 117, 118, 119, 120, 121, 122, 123, 124, 125, 126, 127, 128, 129, 130, 131, 132, 133, 134, 135, 136, 137, 138, 139, 140, 141, 142, 143, 144, 145, 146, 147, 148, 149, 150, 151, 152, 153, 154, 155, 156, 157, 158, 159, 160, 161, 162, 163, 164, 165, 166, 167, 168, 169, 170, 171, 172, 173, 174, 175, 176, 177, 178, 179, 180, 181, 182, 185, 186, 187, 188, 189, 190, 191, 192, 193, 194, 195, 196, 197, 198, 199, 200, 201, 202, 203, 204, 205, 206, 207, 208, 209, 210, 211, 212, 213, 214, 215, 216, 217, 218, 219, 220, 221, 222, 223, 224, 225, 226, 227, 228, 229, 230, 231, 232, 233, 234, 235, 236, 237, 238, 239, 240, 241, 242, 243, 244, 245, 246, 247, 248, 249, 250, 251, 252, 253, 254, 255, 256, 257, 258, 259, 260, 261, 262, 263, 264, 265, 266, 267, 268, 269, 270, 271, 272, 273, 274, 275, 276, 277, 278, 279, 280, 281, 282, 283, 285, 286, 289, 291, 292, 296, 300, 301, 302, 304, 305, 306, 308, 309, 311, 312, 313, 314, 315, 316, 317, 318, 321, 322, 323, 324, 327, 328, 331, 332, 333, 334, 335, 336, 340, 341, 342, 344, 347, 348, 350, 352, 353, 354, 355, 356, 358, 360, 361, 364, 365, 366, 370, 371, 376, 381, 382, 383, 384, 390, 392, 393, 395, 398, 399, 400, 402, 403, 406, 411, 413, 414, 416, 417, 418, 419, 421, 422, 423, 424, 425, 426, 428, 429, 430, 431, 433, 436, 437, 438, 449, 450, 451, 453, 455, 458, 459, 461, 463, 465, 466, 467, 469, 471, 477, 488, 489, 490, 491, 492, 493, 494, 495, 496, 497, 499, 509, 510, 512, 517, 519, 520, 523, 524, 527, 528, 529, 530, 537, 538, 539, 541, 542, 544, 545, 546, 547, 549, 550, 551, 552, 553, 555, 556, 558, 560, 562, 563, 564, 566, 567, 568, 569, 570, 572, 573, 574, 575, 579, 580, 581, 586, 589, 590, 592, 594, 597, 599, 601, 602, 603, 604, 605, 607, 608, 609, 610, 611, 612, 613, 614, 615, 616, 617, 618, 619, 620, 621, 622, 623, 624, 626, 629]",475,False,2.1580742393468325e-05,-2.018330983097391e-07,7.260858497259355e-06,10.0
P3,173,173,62,111,2411,0.3583815028901734,0.02507076425394258,0.046863189720332585,cao2018,S01/061102n,all_channel,median,median__all_channel__P3,32,630,"[0, 1, 2, 3, 4, 5, 6, 7, 8, 9, 10, 11, 12, 13, 14, 15, 16, 17, 18, 19, 20, 21, 22, 23, 24, 25, 26, 27, 28, 29, 30, 31, 32, 33, 34, 35, 36, 37, 38, 39, 40, 41, 42, 43, 44, 45, 46, 47, 48, 49, 50, 51, 52, 53, 54, 55, 56, 57, 58, 59, 60, 61, 62, 63, 64, 65, 66, 67, 68, 69, 70, 71, 72, 73, 74, 75, 76, 77, 78, 79, 80, 81, 82, 83, 84, 85, 86, 87, 88, 89, 90, 91, 92, 93, 94, 95, 96, 97, 98, 99, 100, 101, 102, 103, 104, 105, 106, 107, 108, 109, 110, 111, 112, 113, 114, 115, 116, 117, 118, 119, 120, 121, 122, 123, 124, 125, 126, 127, 128, 129, 130, 131, 132, 133, 134, 135, 136, 137, 138, 139, 140, 141, 142, 143, 144, 145, 146, 147, 148, 149, 150, 151, 152, 153, 154, 155, 156, 157, 158, 159, 160, 161, 162, 163, 164, 165, 166, 167, 168, 169, 170, 171, 172, 173, 174, 175, 176, 177, 178, 179, 180, 181, 182, 185, 186, 187, 188, 189, 190, 191, 192, 193, 194, 195, 196, 197, 198, 199, 200, 201, 202, 203, 204, 205, 206, 207, 208, 209, 210, 211, 212, 213, 214, 215, 216, 217, 218, 219, 220, 221, 222, 223, 224, 225, 226, 227, 228, 229, 230, 231, 232, 233, 234, 235, 236, 237, 238, 239, 240, 241, 242, 243, 244, 245, 246, 247, 248, 249, 250, 251, 252, 253, 254, 255, 256, 257, 258, 259, 260, 261, 262, 263, 264, 265, 266, 267, 268, 269, 270, 271, 272, 273, 274, 275, 276, 277, 278, 279, 280, 281, 282, 283, 285, 286, 289, 291, 292, 296, 300, 301, 302, 304, 305, 306, 308, 309, 311, 312, 313, 314, 315, 316, 317, 318, 321, 322, 323, 324, 327, 328, 331, 332, 333, 334, 335, 336, 340, 341, 342, 344, 347, 348, 350, 352, 353, 354, 355, 356, 358, 360, 361, 364, 365, 366, 370, 371, 376, 381, 382, 383, 384, 390, 392, 393, 395, 398, 399, 400, 402, 403, 406, 411, 413, 414, 416, 417, 418, 419, 421, 422, 423, 424, 425, 426, 428, 429, 430, 431, 433, 436, 437, 438, 449, 450, 451, 453, 455, 458, 459, 461, 463, 465, 466, 467, 469, 471, 477, 488, 489, 490, 491, 492, 493, 494, 495, 496, 497, 499, 509, 510, 512, 517, 519, 520, 523, 524, 527, 528, 529, 530, 537, 538, 539, 541, 542, 544, 545, 546, 547, 549, 550, 551, 552, 553, 555, 556, 558, 560, 562, 563, 564, 566, 567, 568, 569, 570, 572, 573, 574, 575, 579, 580, 581, 586, 589, 590, 592, 594, 597, 599, 601, 602, 603, 604, 605, 607, 608, 609, 610, 611, 612, 613, 614, 615, 616, 617, 618, 619, 620, 621, 622, 623, 624, 626, 629]",475,False,1.9840253334674642e-05,-1.917605530837975e-07,6.677337962586147e-06,10.0
TP7,1081,1081,70,1011,2403,0.06475485661424607,0.028305701577031946,0.039392234102419814,cao2018,S01/061102n,all_channel,median,median__all_channel__TP7,32,630,"[0, 1, 2, 3, 4, 5, 6, 7, 8, 9, 10, 11, 12, 13, 14, 15, 16, 17, 18, 19, 20, 21, 22, 23, 24, 25, 26, 27, 28, 29, 30, 31, 32, 33, 34, 35, 36, 37, 38, 39, 40, 41, 42, 43, 44, 45, 46, 47, 48, 49, 50, 51, 52, 53, 54, 55, 56, 57, 58, 59, 60, 61, 62, 63, 64, 65, 66, 67, 68, 69, 70, 71, 72, 73, 74, 75, 76, 77, 78, 79, 80, 81, 82, 83, 84, 85, 86, 87, 88, 89, 90, 91, 92, 93, 94, 95, 96, 97, 98, 99, 100, 101, 102, 103, 104, 105, 106, 107, 108, 109, 110, 111, 112, 113, 114, 115, 116, 117, 118, 119, 120, 121, 122, 123, 124, 125, 126, 127, 128, 129, 130, 131, 132, 133, 134, 135, 136, 137, 138, 139, 140, 141, 142, 143, 144, 145, 146, 147, 148, 149, 150, 151, 152, 153, 154, 155, 156, 157, 158, 159, 160, 161, 162, 163, 164, 165, 166, 167, 168, 169, 170, 171, 172, 173, 174, 175, 176, 177, 178, 179, 180, 181, 182, 185, 186, 187, 188, 189, 190, 191, 192, 193, 194, 195, 196, 197, 198, 199, 200, 201, 202, 203, 204, 205, 206, 207, 208, 209, 210, 211, 212, 213, 214, 215, 216, 217, 218, 219, 220, 221, 222, 223, 224, 225, 226, 227, 228, 229, 230, 231, 232, 233, 234, 235, 236, 237, 238, 239, 240, 241, 242, 243, 244, 245, 246, 247, 248, 249, 250, 251, 252, 253, 254, 255, 256, 257, 258, 259, 260, 261, 262, 263, 264, 265, 266, 267, 268, 269, 270, 271, 272, 273, 274, 275, 276, 277, 278, 279, 280, 281, 282, 283, 285, 286, 289, 291, 292, 296, 300, 301, 302, 304, 305, 306, 308, 309, 311, 312, 313, 314, 315, 316, 317, 318, 321, 322, 323, 324, 327, 328, 331, 332, 333, 334, 335, 336, 340, 341, 342, 344, 347, 348, 350, 352, 353, 354, 355, 356, 358, 360, 361, 364, 365, 366, 370, 371, 376, 381, 382, 383, 384, 390, 392, 393, 395, 398, 399, 400, 402, 403, 406, 411, 413, 414, 416, 417, 418, 419, 421, 422, 423, 424, 425, 426, 428, 429, 430, 431, 433, 436, 437, 438, 449, 450, 451, 453, 455, 458, 459, 461, 463, 465, 466, 467, 469, 471, 477, 488, 489, 490, 491, 492, 493, 494, 495, 496, 497, 499, 509, 510, 512, 517, 519, 520, 523, 524, 527, 528, 529, 530, 537, 538, 539, 541, 542, 544, 545, 546, 547, 549, 550, 551, 552, 553, 555, 556, 558, 560, 562, 563, 564, 566, 567, 568, 569, 570, 572, 573, 574, 575, 579, 580, 581, 586, 589, 590, 592, 594, 597, 599, 601, 602, 603, 604, 605, 607, 608, 609, 610, 611, 612, 613, 614, 615, 616, 617, 618, 619, 620, 621, 622, 623, 624, 626, 629]",475,False,1.956487153014396e-05,-1.0021224666202101e-07,6.555027925601993e-06,10.0
A1,224,224,31,193,2442,0.13839285714285715,0.01253538212697129,0.02298850574712644,cao2018,S01/061102n,all_channel,median,median__all_channel__A1,32,630,"[0, 1, 2, 3, 4, 5, 6, 7, 8, 9, 10, 11, 12, 13, 14, 15, 16, 17, 18, 19, 20, 21, 22, 23, 24, 25, 26, 27, 28, 29, 30, 31, 32, 33, 34, 35, 36, 37, 38, 39, 40, 41, 42, 43, 44, 45, 46, 47, 48, 49, 50, 51, 52, 53, 54, 55, 56, 57, 58, 59, 60, 61, 62, 63, 64, 65, 66, 67, 68, 69, 70, 71, 72, 73, 74, 75, 76, 77, 78, 79, 80, 81, 82, 83, 84, 85, 86, 87, 88, 89, 90, 91, 92, 93, 94, 95, 96, 97, 98, 99, 100, 101, 102, 103, 104, 105, 106, 107, 108, 109, 110, 111, 112, 113, 114, 115, 116, 117, 118, 119, 120, 121, 122, 123, 124, 125, 126, 127, 128, 129, 130, 131, 132, 133, 134, 135, 136, 137, 138, 139, 140, 141, 142, 143, 144, 145, 146, 147, 148, 149, 150, 151, 152, 153, 154, 155, 156, 157, 158, 159, 160, 161, 162, 163, 164, 165, 166, 167, 168, 169, 170, 171, 172, 173, 174, 175, 176, 177, 178, 179, 180, 181, 182, 185, 186, 187, 188, 189, 190, 191, 192, 193, 194, 195, 196, 197, 198, 199, 200, 201, 202, 203, 204, 205, 206, 207, 208, 209, 210, 211, 212, 213, 214, 215, 216, 217, 218, 219, 220, 221, 222, 223, 224, 225, 226, 227, 228, 229, 230, 231, 232, 233, 234, 235, 236, 237, 238, 239, 240, 241, 242, 243, 244, 245, 246, 247, 248, 249, 250, 251, 252, 253, 254, 255, 256, 257, 258, 259, 260, 261, 262, 263, 264, 265, 266, 267, 268, 269, 270, 271, 272, 273, 274, 275, 276, 277, 278, 279, 280, 281, 282, 283, 285, 286, 289, 291, 292, 296, 300, 301, 302, 304, 305, 306, 308, 309, 311, 312, 313, 314, 315, 316, 317, 318, 321, 322, 323, 324, 327, 328, 331, 332, 333, 334, 335, 336, 340, 341, 342, 344, 347, 348, 350, 352, 353, 354, 355, 356, 358, 360, 361, 364, 365, 366, 370, 371, 376, 381, 382, 383, 384, 390, 392, 393, 395, 398, 399, 400, 402, 403, 406, 411, 413, 414, 416, 417, 418, 419, 421, 422, 423, 424, 425, 426, 428, 429, 430, 431, 433, 436, 437, 438, 449, 450, 451, 453, 455, 458, 459, 461, 463, 465, 466, 467, 469, 471, 477, 488, 489, 490, 491, 492, 493, 494, 495, 496, 497, 499, 509, 510, 512, 517, 519, 520, 523, 524, 527, 528, 529, 530, 537, 538, 539, 541, 542, 544, 545, 546, 547, 549, 550, 551, 552, 553, 555, 556, 558, 560, 562, 563, 564, 566, 567, 568, 569, 570, 572, 573, 574, 575, 579, 580, 581, 586, 589, 590, 592, 594, 597, 599, 601, 602, 603, 604, 605, 607, 608, 609, 610, 611, 612, 613, 614, 615, 616, 617, 618, 619, 620, 621, 622, 623, 624, 626, 629]",475,False,1.0516741984324348e-05,-3.556950143162082e-08,3.5174371619186564e-06,10.0
O2,154,154,30,124,2443,0.19480519480519481,0.01213101496158512,0.022839741149600308,cao2018,S01/061102n,all_channel,median,median__all_channel__O2,32,630,"[0, 1, 2, 3, 4, 5, 6, 7, 8, 9, 10, 11, 12, 13, 14, 15, 16, 17, 18, 19, 20, 21, 22, 23, 24, 25, 26, 27, 28, 29, 30, 31, 32, 33, 34, 35, 36, 37, 38, 39, 40, 41, 42, 43, 44, 45, 46, 47, 48, 49, 50, 51, 52, 53, 54, 55, 56, 57, 58, 59, 60, 61, 62, 63, 64, 65, 66, 67, 68, 69, 70, 71, 72, 73, 74, 75, 76, 77, 78, 79, 80, 81, 82, 83, 84, 85, 86, 87, 88, 89, 90, 91, 92, 93, 94, 95, 96, 97, 98, 99, 100, 101, 102, 103, 104, 105, 106, 107, 108, 109, 110, 111, 112, 113, 114, 115, 116, 117, 118, 119, 120, 121, 122, 123, 124, 125, 126, 127, 128, 129, 130, 131, 132, 133, 134, 135, 136, 137, 138, 139, 140, 141, 142, 143, 144, 145, 146, 147, 148, 149, 150, 151, 152, 153, 154, 155, 156, 157, 158, 159, 160, 161, 162, 163, 164, 165, 166, 167, 168, 169, 170, 171, 172, 173, 174, 175, 176, 177, 178, 179, 180, 181, 182, 185, 186, 187, 188, 189, 190, 191, 192, 193, 194, 195, 196, 197, 198, 199, 200, 201, 202, 203, 204, 205, 206, 207, 208, 209, 210, 211, 212, 213, 214, 215, 216, 217, 218, 219, 220, 221, 222, 223, 224, 225, 226, 227, 228, 229, 230, 231, 232, 233, 234, 235, 236, 237, 238, 239, 240, 241, 242, 243, 244, 245, 246, 247, 248, 249, 250, 251, 252, 253, 254, 255, 256, 257, 258, 259, 260, 261, 262, 263, 264, 265, 266, 267, 268, 269, 270, 271, 272, 273, 274, 275, 276, 277, 278, 279, 280, 281, 282, 283, 285, 286, 289, 291, 292, 296, 300, 301, 302, 304, 305, 306, 308, 309, 311, 312, 313, 314, 315, 316, 317, 318, 321, 322, 323, 324, 327, 328, 331, 332, 333, 334, 335, 336, 340, 341, 342, 344, 347, 348, 350, 352, 353, 354, 355, 356, 358, 360, 361, 364, 365, 366, 370, 371, 376, 381, 382, 383, 384, 390, 392, 393, 395, 398, 399, 400, 402, 403, 406, 411, 413, 414, 416, 417, 418, 419, 421, 422, 423, 424, 425, 426, 428, 429, 430, 431, 433, 436, 437, 438, 449, 450, 451, 453, 455, 458, 459, 461, 463, 465, 466, 467, 469, 471, 477, 488, 489, 490, 491, 492, 493, 494, 495, 496, 497, 499, 509, 510, 512, 517, 519, 520, 523, 524, 527, 528, 529, 530, 537, 538, 539, 541, 542, 544, 545, 546, 547, 549, 550, 551, 552, 553, 555, 556, 558, 560, 562, 563, 564, 566, 567, 568, 569, 570, 572, 573, 574, 575, 579, 580, 581, 586, 589, 590, 592, 594, 597, 599, 601, 602, 603, 604, 605, 607, 608, 609, 610, 611, 612, 613, 614, 615, 616, 617, 618, 619, 620, 621, 622, 623, 624, 626, 629]",475,False,1.7685197812642684e-05,-7.915191888888107e-08,5.921449910510521e-06,10.0
T5,142,142,24,118,2449,0.16901408450704225,0.009704811969268095,0.01835564053537285,cao2018,S01/061102n,all_channel,median,median__all_channel__T5,32,630,"[0, 1, 2, 3, 4, 5, 6, 7, 8, 9, 10, 11, 12, 13, 14, 15, 16, 17, 18, 19, 20, 21, 22, 23, 24, 25, 26, 27, 28, 29, 30, 31, 32, 33, 34, 35, 36, 37, 38, 39, 40, 41, 42, 43, 44, 45, 46, 47, 48, 49, 50, 51, 52, 53, 54, 55, 56, 57, 58, 59, 60, 61, 62, 63, 64, 65, 66, 67, 68, 69, 70, 71, 72, 73, 74, 75, 76, 77, 78, 79, 80, 81, 82, 83, 84, 85, 86, 87, 88, 89, 90, 91, 92, 93, 94, 95, 96, 97, 98, 99, 100, 101, 102, 103, 104, 105, 106, 107, 108, 109, 110, 111, 112, 113, 114, 115, 116, 117, 118, 119, 120, 121, 122, 123, 124, 125, 126, 127, 128, 129, 130, 131, 132, 133, 134, 135, 136, 137, 138, 139, 140, 141, 142, 143, 144, 145, 146, 147, 148, 149, 150, 151, 152, 153, 154, 155, 156, 157, 158, 159, 160, 161, 162, 163, 164, 165, 166, 167, 168, 169, 170, 171, 172, 173, 174, 175, 176, 177, 178, 179, 180, 181, 182, 185, 186, 187, 188, 189, 190, 191, 192, 193, 194, 195, 196, 197, 198, 199, 200, 201, 202, 203, 204, 205, 206, 207, 208, 209, 210, 211, 212, 213, 214, 215, 216, 217, 218, 219, 220, 221, 222, 223, 224, 225, 226, 227, 228, 229, 230, 231, 232, 233, 234, 235, 236, 237, 238, 239, 240, 241, 242, 243, 244, 245, 246, 247, 248, 249, 250, 251, 252, 253, 254, 255, 256, 257, 258, 259, 260, 261, 262, 263, 264, 265, 266, 267, 268, 269, 270, 271, 272, 273, 274, 275, 276, 277, 278, 279, 280, 281, 282, 283, 285, 286, 289, 291, 292, 296, 300, 301, 302, 304, 305, 306, 308, 309, 311, 312, 313, 314, 315, 316, 317, 318, 321, 322, 323, 324, 327, 328, 331, 332, 333, 334, 335, 336, 340, 341, 342, 344, 347, 348, 350, 352, 353, 354, 355, 356, 358, 360, 361, 364, 365, 366, 370, 371, 376, 381, 382, 383, 384, 390, 392, 393, 395, 398, 399, 400, 402, 403, 406, 411, 413, 414, 416, 417, 418, 419, 421, 422, 423, 424, 425, 426, 428, 429, 430, 431, 433, 436, 437, 438, 449, 450, 451, 453, 455, 458, 459, 461, 463, 465, 466, 467, 469, 471, 477, 488, 489, 490, 491, 492, 493, 494, 495, 496, 497, 499, 509, 510, 512, 517, 519, 520, 523, 524, 527, 528, 529, 530, 537, 538, 539, 541, 542, 544, 545, 546, 547, 549, 550, 551, 552, 553, 555, 556, 558, 560, 562, 563, 564, 566, 567, 568, 569, 570, 572, 573, 574, 575, 579, 580, 581, 586, 589, 590, 592, 594, 597, 599, 601, 602, 603, 604, 605, 607, 608, 609, 610, 611, 612, 613, 614, 615, 616, 617, 618, 619, 620, 621, 622, 623, 624, 626, 629]",475,False,1.5454102192775135e-05,-3.6845625185160384e-08,5.1636492726534326e-06,10.0
OZ,153,153,21,132,2452,0.13725490196078433,0.008491710473109584,0.01599390708301599,cao2018,S01/061102n,all_channel,median,median__all_channel__OZ,32,630,"[0, 1, 2, 3, 4, 5, 6, 7, 8, 9, 10, 11, 12, 13, 14, 15, 16, 17, 18, 19, 20, 21, 22, 23, 24, 25, 26, 27, 28, 29, 30, 31, 32, 33, 34, 35, 36, 37, 38, 39, 40, 41, 42, 43, 44, 45, 46, 47, 48, 49, 50, 51, 52, 53, 54, 55, 56, 57, 58, 59, 60, 61, 62, 63, 64, 65, 66, 67, 68, 69, 70, 71, 72, 73, 74, 75, 76, 77, 78, 79, 80, 81, 82, 83, 84, 85, 86, 87, 88, 89, 90, 91, 92, 93, 94, 95, 96, 97, 98, 99, 100, 101, 102, 103, 104, 105, 106, 107, 108, 109, 110, 111, 112, 113, 114, 115, 116, 117, 118, 119, 120, 121, 122, 123, 124, 125, 126, 127, 128, 129, 130, 131, 132, 133, 134, 135, 136, 137, 138, 139, 140, 141, 142, 143, 144, 145, 146, 147, 148, 149, 150, 151, 152, 153, 154, 155, 156, 157, 158, 159, 160, 161, 162, 163, 164, 165, 166, 167, 168, 169, 170, 171, 172, 173, 174, 175, 176, 177, 178, 179, 180, 181, 182, 185, 186, 187, 188, 189, 190, 191, 192, 193, 194, 195, 196, 197, 198, 199, 200, 201, 202, 203, 204, 205, 206, 207, 208, 209, 210, 211, 212, 213, 214, 215, 216, 217, 218, 219, 220, 221, 222, 223, 224, 225, 226, 227, 228, 229, 230, 231, 232, 233, 234, 235, 236, 237, 238, 239, 240, 241, 242, 243, 244, 245, 246, 247, 248, 249, 250, 251, 252, 253, 254, 255, 256, 257, 258, 259, 260, 261, 262, 263, 264, 265, 266, 267, 268, 269, 270, 271, 272, 273, 274, 275, 276, 277, 278, 279, 280, 281, 282, 283, 285, 286, 289, 291, 292, 296, 300, 301, 302, 304, 305, 306, 308, 309, 311, 312, 313, 314, 315, 316, 317, 318, 321, 322, 323, 324, 327, 328, 331, 332, 333, 334, 335, 336, 340, 341, 342, 344, 347, 348, 350, 352, 353, 354, 355, 356, 358, 360, 361, 364, 365, 366, 370, 371, 376, 381, 382, 383, 384, 390, 392, 393, 395, 398, 399, 400, 402, 403, 406, 411, 413, 414, 416, 417, 418, 419, 421, 422, 423, 424, 425, 426, 428, 429, 430, 431, 433, 436, 437, 438, 449, 450, 451, 453, 455, 458, 459, 461, 463, 465, 466, 467, 469, 471, 477, 488, 489, 490, 491, 492, 493, 494, 495, 496, 497, 499, 509, 510, 512, 517, 519, 520, 523, 524, 527, 528, 529, 530, 537, 538, 539, 541, 542, 544, 545, 546, 547, 549, 550, 551, 552, 553, 555, 556, 558, 560, 562, 563, 564, 566, 567, 568, 569, 570, 572, 573, 574, 575, 579, 580, 581, 586, 589, 590, 592, 594, 597, 599, 601, 602, 603, 604, 605, 607, 608, 609, 610, 611, 612, 613, 614, 615, 616, 617, 618, 619, 620, 621, 622, 623, 624, 626, 629]",475,False,1.6586415084690774e-05,-5.3455895174922695e-08,5.546623659955233e-06,10.0
O1,142,142,12,130,2461,0.08450704225352113,0.004852405984634048,0.009177820267686425,cao2018,S01/061102n,all_channel,median,median__all_channel__O1,32,630,"[0, 1, 2, 3, 4, 5, 6, 7, 8, 9, 10, 11, 12, 13, 14, 15, 16, 17, 18, 19, 20, 21, 22, 23, 24, 25, 26, 27, 28, 29, 30, 31, 32, 33, 34, 35, 36, 37, 38, 39, 40, 41, 42, 43, 44, 45, 46, 47, 48, 49, 50, 51, 52, 53, 54, 55, 56, 57, 58, 59, 60, 61, 62, 63, 64, 65, 66, 67, 68, 69, 70, 71, 72, 73, 74, 75, 76, 77, 78, 79, 80, 81, 82, 83, 84, 85, 86, 87, 88, 89, 90, 91, 92, 93, 94, 95, 96, 97, 98, 99, 100, 101, 102, 103, 104, 105, 106, 107, 108, 109, 110, 111, 112, 113, 114, 115, 116, 117, 118, 119, 120, 121, 122, 123, 124, 125, 126, 127, 128, 129, 130, 131, 132, 133, 134, 135, 136, 137, 138, 139, 140, 141, 142, 143, 144, 145, 146, 147, 148, 149, 150, 151, 152, 153, 154, 155, 156, 157, 158, 159, 160, 161, 162, 163, 164, 165, 166, 167, 168, 169, 170, 171, 172, 173, 174, 175, 176, 177, 178, 179, 180, 181, 182, 185, 186, 187, 188, 189, 190, 191, 192, 193, 194, 195, 196, 197, 198, 199, 200, 201, 202, 203, 204, 205, 206, 207, 208, 209, 210, 211, 212, 213, 214, 215, 216, 217, 218, 219, 220, 221, 222, 223, 224, 225, 226, 227, 228, 229, 230, 231, 232, 233, 234, 235, 236, 237, 238, 239, 240, 241, 242, 243, 244, 245, 246, 247, 248, 249, 250, 251, 252, 253, 254, 255, 256, 257, 258, 259, 260, 261, 262, 263, 264, 265, 266, 267, 268, 269, 270, 271, 272, 273, 274, 275, 276, 277, 278, 279, 280, 281, 282, 283, 285, 286, 289, 291, 292, 296, 300, 301, 302, 304, 305, 306, 308, 309, 311, 312, 313, 314, 315, 316, 317, 318, 321, 322, 323, 324, 327, 328, 331, 332, 333, 334, 335, 336, 340, 341, 342, 344, 347, 348, 350, 352, 353, 354, 355, 356, 358, 360, 361, 364, 365, 366, 370, 371, 376, 381, 382, 383, 384, 390, 392, 393, 395, 398, 399, 400, 402, 403, 406, 411, 413, 414, 416, 417, 418, 419, 421, 422, 423, 424, 425, 426, 428, 429, 430, 431, 433, 436, 437, 438, 449, 450, 451, 453, 455, 458, 459, 461, 463, 465, 466, 467, 469, 471, 477, 488, 489, 490, 491, 492, 493, 494, 495, 496, 497, 499, 509, 510, 512, 517, 519, 520, 523, 524, 527, 528, 529, 530, 537, 538, 539, 541, 542, 544, 545, 546, 547, 549, 550, 551, 552, 553, 555, 556, 558, 560, 562, 563, 564, 566, 567, 568, 569, 570, 572, 573, 574, 575, 579, 580, 581, 586, 589, 590, 592, 594, 597, 599, 601, 602, 603, 604, 605, 607, 608, 609, 610, 611, 612, 613, 614, 615, 616, 617, 618, 619, 620, 621, 622, 623, 624, 626, 629]",475,False,1.7340051017000222e-05,-2.3745761837716508e-08,5.787932259612646e-06,10.0
FP1,2655,2655,2357,298,116,0.887758945386064,0.9530934088152042,0.9192667706708268,cao2018,S01/061102n,all_channel,mean,mean__all_channel__FP1,32,630,"[0, 1, 2, 3, 4, 5, 6, 7, 8, 9, 10, 11, 12, 13, 14, 15, 16, 17, 18, 19, 20, 21, 22, 23, 24, 25, 26, 27, 28, 29, 30, 31, 32, 33, 34, 35, 36, 37, 38, 39, 40, 41, 42, 43, 44, 45, 46, 47, 48, 49, 50, 51, 52, 53, 54, 55, 56, 57, 58, 59, 60, 61, 62, 63, 64, 65, 66, 67, 68, 69, 70, 71, 72, 73, 74, 75, 76, 77, 78, 79, 80, 81, 82, 83, 84, 85, 86, 87, 88, 89, 90, 91, 92, 93, 94, 95, 96, 97, 98, 99, 100, 101, 102, 103, 104, 105, 106, 107, 108, 109, 110, 111, 112, 113, 114, 115, 116, 117, 118, 119, 120, 121, 122, 123, 124, 125, 126, 127, 128, 129, 130, 131, 132, 133, 134, 135, 136, 137, 138, 139, 140, 141, 142, 143, 144, 145, 146, 147, 148, 149, 150, 151, 152, 153, 154, 155, 156, 157, 158, 159, 160, 161, 162, 163, 164, 165, 166, 167, 168, 169, 170, 171, 172, 173, 174, 175, 176, 177, 178, 179, 180, 181, 182, 185, 186, 187, 188, 189, 190, 191, 192, 193, 194, 195, 196, 197, 198, 199, 200, 201, 202, 203, 204, 205, 206, 207, 208, 209, 210, 211, 212, 213, 214, 215, 216, 217, 218, 219, 220, 221, 222, 223, 224, 225, 226, 227, 228, 229, 230, 231, 232, 233, 234, 235, 236, 237, 238, 239, 240, 241, 242, 243, 244, 245, 246, 247, 248, 249, 250, 251, 252, 253, 254, 255, 256, 257, 258, 259, 260, 261, 262, 263, 264, 265, 266, 267, 268, 269, 270, 271, 272, 273, 274, 275, 276, 277, 278, 279, 280, 281, 282, 283, 285, 286, 289, 291, 292, 296, 300, 301, 302, 304, 305, 306, 308, 309, 311, 312, 313, 314, 315, 316, 317, 318, 321, 322, 323, 324, 327, 328, 331, 332, 333, 334, 335, 336, 340, 341, 342, 344, 347, 348, 350, 352, 353, 354, 355, 356, 358, 360, 361, 364, 365, 366, 370, 371, 376, 381, 382, 383, 384, 390, 392, 393, 395, 398, 399, 400, 402, 403, 406, 411, 413, 414, 416, 417, 418, 419, 421, 422, 423, 424, 425, 426, 428, 429, 430, 431, 433, 436, 437, 438, 449, 450, 451, 453, 455, 458, 459, 461, 463, 465, 466, 467, 469, 471, 477, 488, 489, 490, 491, 492, 493, 494, 495, 496, 497, 499, 509, 510, 512, 517, 519, 520, 523, 524, 527, 528, 529, 530, 537, 538, 539, 541, 542, 544, 545, 546, 547, 549, 550, 551, 552, 553, 555, 556, 558, 560, 562, 563, 564, 566, 567, 568, 569, 570, 572, 573, 574, 575, 579, 580, 581, 586, 589, 590, 592, 594, 597, 599, 601, 602, 603, 604, 605, 607, 608, 609, 610, 611, 612, 613, 614, 615, 616, 617, 618, 619, 620, 621, 622, 623, 624, 626, 629]",475,False,5.460446857341413e-05,-4.4891841200674256e-08,1.8216453471538267e-05,10.0
FP2,2122,2122,1859,263,614,0.8760603204524033,0.7517185604528912,0.8091403699673557,cao2018,S01/061102n,all_channel,mean,mean__all_channel__FP2,32,630,"[0, 1, 2, 3, 4, 5, 6, 7, 8, 9, 10, 11, 12, 13, 14, 15, 16, 17, 18, 19, 20, 21, 22, 23, 24, 25, 26, 27, 28, 29, 30, 31, 32, 33, 34, 35, 36, 37, 38, 39, 40, 41, 42, 43, 44, 45, 46, 47, 48, 49, 50, 51, 52, 53, 54, 55, 56, 57, 58, 59, 60, 61, 62, 63, 64, 65, 66, 67, 68, 69, 70, 71, 72, 73, 74, 75, 76, 77, 78, 79, 80, 81, 82, 83, 84, 85, 86, 87, 88, 89, 90, 91, 92, 93, 94, 95, 96, 97, 98, 99, 100, 101, 102, 103, 104, 105, 106, 107, 108, 109, 110, 111, 112, 113, 114, 115, 116, 117, 118, 119, 120, 121, 122, 123, 124, 125, 126, 127, 128, 129, 130, 131, 132, 133, 134, 135, 136, 137, 138, 139, 140, 141, 142, 143, 144, 145, 146, 147, 148, 149, 150, 151, 152, 153, 154, 155, 156, 157, 158, 159, 160, 161, 162, 163, 164, 165, 166, 167, 168, 169, 170, 171, 172, 173, 174, 175, 176, 177, 178, 179, 180, 181, 182, 185, 186, 187, 188, 189, 190, 191, 192, 193, 194, 195, 196, 197, 198, 199, 200, 201, 202, 203, 204, 205, 206, 207, 208, 209, 210, 211, 212, 213, 214, 215, 216, 217, 218, 219, 220, 221, 222, 223, 224, 225, 226, 227, 228, 229, 230, 231, 232, 233, 234, 235, 236, 237, 238, 239, 240, 241, 242, 243, 244, 245, 246, 247, 248, 249, 250, 251, 252, 253, 254, 255, 256, 257, 258, 259, 260, 261, 262, 263, 264, 265, 266, 267, 268, 269, 270, 271, 272, 273, 274, 275, 276, 277, 278, 279, 280, 281, 282, 283, 285, 286, 289, 291, 292, 296, 300, 301, 302, 304, 305, 306, 308, 309, 311, 312, 313, 314, 315, 316, 317, 318, 321, 322, 323, 324, 327, 328, 331, 332, 333, 334, 335, 336, 340, 341, 342, 344, 347, 348, 350, 352, 353, 354, 355, 356, 358, 360, 361, 364, 365, 366, 370, 371, 376, 381, 382, 383, 384, 390, 392, 393, 395, 398, 399, 400, 402, 403, 406, 411, 413, 414, 416, 417, 418, 419, 421, 422, 423, 424, 425, 426, 428, 429, 430, 431, 433, 436, 437, 438, 449, 450, 451, 453, 455, 458, 459, 461, 463, 465, 466, 467, 469, 471, 477, 488, 489, 490, 491, 492, 493, 494, 495, 496, 497, 499, 509, 510, 512, 517, 519, 520, 523, 524, 527, 528, 529, 530, 537, 538, 539, 541, 542, 544, 545, 546, 547, 549, 550, 551, 552, 553, 555, 556, 558, 560, 562, 563, 564, 566, 567, 568, 569, 570, 572, 573, 574, 575, 579, 580, 581, 586, 589, 590, 592, 594, 597, 599, 601, 602, 603, 604, 605, 607, 608, 609, 610, 611, 612, 613, 614, 615, 616, 617, 618, 619, 620, 621, 622, 623, 624, 626, 629]",475,False,4.54307656661041e-05,1.3295746048754615e-08,1.513915664001845e-05,10.0
F3,1736,1736,1488,248,985,0.8571428571428571,0.6016983420946219,0.7070563079116179,cao2018,S01/061102n,all_channel,mean,mean__all_channel__F3,32,630,"[0, 1, 2, 3, 4, 5, 6, 7, 8, 9, 10, 11, 12, 13, 14, 15, 16, 17, 18, 19, 20, 21, 22, 23, 24, 25, 26, 27, 28, 29, 30, 31, 32, 33, 34, 35, 36, 37, 38, 39, 40, 41, 42, 43, 44, 45, 46, 47, 48, 49, 50, 51, 52, 53, 54, 55, 56, 57, 58, 59, 60, 61, 62, 63, 64, 65, 66, 67, 68, 69, 70, 71, 72, 73, 74, 75, 76, 77, 78, 79, 80, 81, 82, 83, 84, 85, 86, 87, 88, 89, 90, 91, 92, 93, 94, 95, 96, 97, 98, 99, 100, 101, 102, 103, 104, 105, 106, 107, 108, 109, 110, 111, 112, 113, 114, 115, 116, 117, 118, 119, 120, 121, 122, 123, 124, 125, 126, 127, 128, 129, 130, 131, 132, 133, 134, 135, 136, 137, 138, 139, 140, 141, 142, 143, 144, 145, 146, 147, 148, 149, 150, 151, 152, 153, 154, 155, 156, 157, 158, 159, 160, 161, 162, 163, 164, 165, 166, 167, 168, 169, 170, 171, 172, 173, 174, 175, 176, 177, 178, 179, 180, 181, 182, 185, 186, 187, 188, 189, 190, 191, 192, 193, 194, 195, 196, 197, 198, 199, 200, 201, 202, 203, 204, 205, 206, 207, 208, 209, 210, 211, 212, 213, 214, 215, 216, 217, 218, 219, 220, 221, 222, 223, 224, 225, 226, 227, 228, 229, 230, 231, 232, 233, 234, 235, 236, 237, 238, 239, 240, 241, 242, 243, 244, 245, 246, 247, 248, 249, 250, 251, 252, 253, 254, 255, 256, 257, 258, 259, 260, 261, 262, 263, 264, 265, 266, 267, 268, 269, 270, 271, 272, 273, 274, 275, 276, 277, 278, 279, 280, 281, 282, 283, 285, 286, 289, 291, 292, 296, 300, 301, 302, 304, 305, 306, 308, 309, 311, 312, 313, 314, 315, 316, 317, 318, 321, 322, 323, 324, 327, 328, 331, 332, 333, 334, 335, 336, 340, 341, 342, 344, 347, 348, 350, 352, 353, 354, 355, 356, 358, 360, 361, 364, 365, 366, 370, 371, 376, 381, 382, 383, 384, 390, 392, 393, 395, 398, 399, 400, 402, 403, 406, 411, 413, 414, 416, 417, 418, 419, 421, 422, 423, 424, 425, 426, 428, 429, 430, 431, 433, 436, 437, 438, 449, 450, 451, 453, 455, 458, 459, 461, 463, 465, 466, 467, 469, 471, 477, 488, 489, 490, 491, 492, 493, 494, 495, 496, 497, 499, 509, 510, 512, 517, 519, 520, 523, 524, 527, 528, 529, 530, 537, 538, 539, 541, 542, 544, 545, 546, 547, 549, 550, 551, 552, 553, 555, 556, 558, 560, 562, 563, 564, 566, 567, 568, 569, 570, 572, 573, 574, 575, 579, 580, 581, 586, 589, 590, 592, 594, 597, 599, 601, 602, 603, 604, 605, 607, 608, 609, 610, 611, 612, 613, 614, 615, 616, 617, 618, 619, 620, 621, 622, 623, 624, 626, 629]",475,False,3.787267229851284e-05,-7.596964330867538e-08,1.2649547313940504e-05,10.0
FZ,1209,1209,1008,201,1465,0.8337468982630273,0.40760210270926,0.5475285171102662,cao2018,S01/061102n,all_channel,mean,mean__all_channel__FZ,32,630,"[0, 1, 2, 3, 4, 5, 6, 7, 8, 9, 10, 11, 12, 13, 14, 15, 16, 17, 18, 19, 20, 21, 22, 23, 24, 25, 26, 27, 28, 29, 30, 31, 32, 33, 34, 35, 36, 37, 38, 39, 40, 41, 42, 43, 44, 45, 46, 47, 48, 49, 50, 51, 52, 53, 54, 55, 56, 57, 58, 59, 60, 61, 62, 63, 64, 65, 66, 67, 68, 69, 70, 71, 72, 73, 74, 75, 76, 77, 78, 79, 80, 81, 82, 83, 84, 85, 86, 87, 88, 89, 90, 91, 92, 93, 94, 95, 96, 97, 98, 99, 100, 101, 102, 103, 104, 105, 106, 107, 108, 109, 110, 111, 112, 113, 114, 115, 116, 117, 118, 119, 120, 121, 122, 123, 124, 125, 126, 127, 128, 129, 130, 131, 132, 133, 134, 135, 136, 137, 138, 139, 140, 141, 142, 143, 144, 145, 146, 147, 148, 149, 150, 151, 152, 153, 154, 155, 156, 157, 158, 159, 160, 161, 162, 163, 164, 165, 166, 167, 168, 169, 170, 171, 172, 173, 174, 175, 176, 177, 178, 179, 180, 181, 182, 185, 186, 187, 188, 189, 190, 191, 192, 193, 194, 195, 196, 197, 198, 199, 200, 201, 202, 203, 204, 205, 206, 207, 208, 209, 210, 211, 212, 213, 214, 215, 216, 217, 218, 219, 220, 221, 222, 223, 224, 225, 226, 227, 228, 229, 230, 231, 232, 233, 234, 235, 236, 237, 238, 239, 240, 241, 242, 243, 244, 245, 246, 247, 248, 249, 250, 251, 252, 253, 254, 255, 256, 257, 258, 259, 260, 261, 262, 263, 264, 265, 266, 267, 268, 269, 270, 271, 272, 273, 274, 275, 276, 277, 278, 279, 280, 281, 282, 283, 285, 286, 289, 291, 292, 296, 300, 301, 302, 304, 305, 306, 308, 309, 311, 312, 313, 314, 315, 316, 317, 318, 321, 322, 323, 324, 327, 328, 331, 332, 333, 334, 335, 336, 340, 341, 342, 344, 347, 348, 350, 352, 353, 354, 355, 356, 358, 360, 361, 364, 365, 366, 370, 371, 376, 381, 382, 383, 384, 390, 392, 393, 395, 398, 399, 400, 402, 403, 406, 411, 413, 414, 416, 417, 418, 419, 421, 422, 423, 424, 425, 426, 428, 429, 430, 431, 433, 436, 437, 438, 449, 450, 451, 453, 455, 458, 459, 461, 463, 465, 466, 467, 469, 471, 477, 488, 489, 490, 491, 492, 493, 494, 495, 496, 497, 499, 509, 510, 512, 517, 519, 520, 523, 524, 527, 528, 529, 530, 537, 538, 539, 541, 542, 544, 545, 546, 547, 549, 550, 551, 552, 553, 555, 556, 558, 560, 562, 563, 564, 566, 567, 568, 569, 570, 572, 573, 574, 575, 579, 580, 581, 586, 589, 590, 592, 594, 597, 599, 601, 602, 603, 604, 605, 607, 608, 609, 610, 611, 612, 613, 614, 615, 616, 617, 618, 619, 620, 621, 622, 623, 624, 626, 629]",475,False,3.552177625734864e-05,1.0626222081163457e-10,1.1840556665042609e-05,10.0
F8,1223,1223,925,298,1548,0.7563368765331153,0.37403962798220786,0.5005411255411256,cao2018,S01/061102n,all_channel,mean,mean__all_channel__F8,32,630,"[0, 1, 2, 3, 4, 5, 6, 7, 8, 9, 10, 11, 12, 13, 14, 15, 16, 17, 18, 19, 20, 21, 22, 23, 24, 25, 26, 27, 28, 29, 30, 31, 32, 33, 34, 35, 36, 37, 38, 39, 40, 41, 42, 43, 44, 45, 46, 47, 48, 49, 50, 51, 52, 53, 54, 55, 56, 57, 58, 59, 60, 61, 62, 63, 64, 65, 66, 67, 68, 69, 70, 71, 72, 73, 74, 75, 76, 77, 78, 79, 80, 81, 82, 83, 84, 85, 86, 87, 88, 89, 90, 91, 92, 93, 94, 95, 96, 97, 98, 99, 100, 101, 102, 103, 104, 105, 106, 107, 108, 109, 110, 111, 112, 113, 114, 115, 116, 117, 118, 119, 120, 121, 122, 123, 124, 125, 126, 127, 128, 129, 130, 131, 132, 133, 134, 135, 136, 137, 138, 139, 140, 141, 142, 143, 144, 145, 146, 147, 148, 149, 150, 151, 152, 153, 154, 155, 156, 157, 158, 159, 160, 161, 162, 163, 164, 165, 166, 167, 168, 169, 170, 171, 172, 173, 174, 175, 176, 177, 178, 179, 180, 181, 182, 185, 186, 187, 188, 189, 190, 191, 192, 193, 194, 195, 196, 197, 198, 199, 200, 201, 202, 203, 204, 205, 206, 207, 208, 209, 210, 211, 212, 213, 214, 215, 216, 217, 218, 219, 220, 221, 222, 223, 224, 225, 226, 227, 228, 229, 230, 231, 232, 233, 234, 235, 236, 237, 238, 239, 240, 241, 242, 243, 244, 245, 246, 247, 248, 249, 250, 251, 252, 253, 254, 255, 256, 257, 258, 259, 260, 261, 262, 263, 264, 265, 266, 267, 268, 269, 270, 271, 272, 273, 274, 275, 276, 277, 278, 279, 280, 281, 282, 283, 285, 286, 289, 291, 292, 296, 300, 301, 302, 304, 305, 306, 308, 309, 311, 312, 313, 314, 315, 316, 317, 318, 321, 322, 323, 324, 327, 328, 331, 332, 333, 334, 335, 336, 340, 341, 342, 344, 347, 348, 350, 352, 353, 354, 355, 356, 358, 360, 361, 364, 365, 366, 370, 371, 376, 381, 382, 383, 384, 390, 392, 393, 395, 398, 399, 400, 402, 403, 406, 411, 413, 414, 416, 417, 418, 419, 421, 422, 423, 424, 425, 426, 428, 429, 430, 431, 433, 436, 437, 438, 449, 450, 451, 453, 455, 458, 459, 461, 463, 465, 466, 467, 469, 471, 477, 488, 489, 490, 491, 492, 493, 494, 495, 496, 497, 499, 509, 510, 512, 517, 519, 520, 523, 524, 527, 528, 529, 530, 537, 538, 539, 541, 542, 544, 545, 546, 547, 549, 550, 551, 552, 553, 555, 556, 558, 560, 562, 563, 564, 566, 567, 568, 569, 570, 572, 573, 574, 575, 579, 580, 581, 586, 589, 590, 592, 594, 597, 599, 601, 602, 603, 604, 605, 607, 608, 609, 610, 611, 612, 613, 614, 615, 616, 617, 618, 619, 620, 621, 622, 623, 624, 626, 629]",475,False,3.131245448417228e-05,-1.2067516143738754e-08,1.0441507333438674e-05,10.0
F7,1013,1013,805,208,1668,0.7946692991115498,0.32551556813586735,0.461847389558233,cao2018,S01/061102n,all_channel,mean,mean__all_channel__F7,32,630,"[0, 1, 2, 3, 4, 5, 6, 7, 8, 9, 10, 11, 12, 13, 14, 15, 16, 17, 18, 19, 20, 21, 22, 23, 24, 25, 26, 27, 28, 29, 30, 31, 32, 33, 34, 35, 36, 37, 38, 39, 40, 41, 42, 43, 44, 45, 46, 47, 48, 49, 50, 51, 52, 53, 54, 55, 56, 57, 58, 59, 60, 61, 62, 63, 64, 65, 66, 67, 68, 69, 70, 71, 72, 73, 74, 75, 76, 77, 78, 79, 80, 81, 82, 83, 84, 85, 86, 87, 88, 89, 90, 91, 92, 93, 94, 95, 96, 97, 98, 99, 100, 101, 102, 103, 104, 105, 106, 107, 108, 109, 110, 111, 112, 113, 114, 115, 116, 117, 118, 119, 120, 121, 122, 123, 124, 125, 126, 127, 128, 129, 130, 131, 132, 133, 134, 135, 136, 137, 138, 139, 140, 141, 142, 143, 144, 145, 146, 147, 148, 149, 150, 151, 152, 153, 154, 155, 156, 157, 158, 159, 160, 161, 162, 163, 164, 165, 166, 167, 168, 169, 170, 171, 172, 173, 174, 175, 176, 177, 178, 179, 180, 181, 182, 185, 186, 187, 188, 189, 190, 191, 192, 193, 194, 195, 196, 197, 198, 199, 200, 201, 202, 203, 204, 205, 206, 207, 208, 209, 210, 211, 212, 213, 214, 215, 216, 217, 218, 219, 220, 221, 222, 223, 224, 225, 226, 227, 228, 229, 230, 231, 232, 233, 234, 235, 236, 237, 238, 239, 240, 241, 242, 243, 244, 245, 246, 247, 248, 249, 250, 251, 252, 253, 254, 255, 256, 257, 258, 259, 260, 261, 262, 263, 264, 265, 266, 267, 268, 269, 270, 271, 272, 273, 274, 275, 276, 277, 278, 279, 280, 281, 282, 283, 285, 286, 289, 291, 292, 296, 300, 301, 302, 304, 305, 306, 308, 309, 311, 312, 313, 314, 315, 316, 317, 318, 321, 322, 323, 324, 327, 328, 331, 332, 333, 334, 335, 336, 340, 341, 342, 344, 347, 348, 350, 352, 353, 354, 355, 356, 358, 360, 361, 364, 365, 366, 370, 371, 376, 381, 382, 383, 384, 390, 392, 393, 395, 398, 399, 400, 402, 403, 406, 411, 413, 414, 416, 417, 418, 419, 421, 422, 423, 424, 425, 426, 428, 429, 430, 431, 433, 436, 437, 438, 449, 450, 451, 453, 455, 458, 459, 461, 463, 465, 466, 467, 469, 471, 477, 488, 489, 490, 491, 492, 493, 494, 495, 496, 497, 499, 509, 510, 512, 517, 519, 520, 523, 524, 527, 528, 529, 530, 537, 538, 539, 541, 542, 544, 545, 546, 547, 549, 550, 551, 552, 553, 555, 556, 558, 560, 562, 563, 564, 566, 567, 568, 569, 570, 572, 573, 574, 575, 579, 580, 581, 586, 589, 590, 592, 594, 597, 599, 601, 602, 603, 604, 605, 607, 608, 609, 610, 611, 612, 613, 614, 615, 616, 617, 618, 619, 620, 621, 622, 623, 624, 626, 629]",475,False,2.750613910242042e-05,1.5387384152522858e-08,9.163583906089299e-06,10.0
FC4,1046,1046,799,247,1674,0.7638623326959847,0.32308936514355036,0.4541062801932367,cao2018,S01/061102n,all_channel,mean,mean__all_channel__FC4,32,630,"[0, 1, 2, 3, 4, 5, 6, 7, 8, 9, 10, 11, 12, 13, 14, 15, 16, 17, 18, 19, 20, 21, 22, 23, 24, 25, 26, 27, 28, 29, 30, 31, 32, 33, 34, 35, 36, 37, 38, 39, 40, 41, 42, 43, 44, 45, 46, 47, 48, 49, 50, 51, 52, 53, 54, 55, 56, 57, 58, 59, 60, 61, 62, 63, 64, 65, 66, 67, 68, 69, 70, 71, 72, 73, 74, 75, 76, 77, 78, 79, 80, 81, 82, 83, 84, 85, 86, 87, 88, 89, 90, 91, 92, 93, 94, 95, 96, 97, 98, 99, 100, 101, 102, 103, 104, 105, 106, 107, 108, 109, 110, 111, 112, 113, 114, 115, 116, 117, 118, 119, 120, 121, 122, 123, 124, 125, 126, 127, 128, 129, 130, 131, 132, 133, 134, 135, 136, 137, 138, 139, 140, 141, 142, 143, 144, 145, 146, 147, 148, 149, 150, 151, 152, 153, 154, 155, 156, 157, 158, 159, 160, 161, 162, 163, 164, 165, 166, 167, 168, 169, 170, 171, 172, 173, 174, 175, 176, 177, 178, 179, 180, 181, 182, 185, 186, 187, 188, 189, 190, 191, 192, 193, 194, 195, 196, 197, 198, 199, 200, 201, 202, 203, 204, 205, 206, 207, 208, 209, 210, 211, 212, 213, 214, 215, 216, 217, 218, 219, 220, 221, 222, 223, 224, 225, 226, 227, 228, 229, 230, 231, 232, 233, 234, 235, 236, 237, 238, 239, 240, 241, 242, 243, 244, 245, 246, 247, 248, 249, 250, 251, 252, 253, 254, 255, 256, 257, 258, 259, 260, 261, 262, 263, 264, 265, 266, 267, 268, 269, 270, 271, 272, 273, 274, 275, 276, 277, 278, 279, 280, 281, 282, 283, 285, 286, 289, 291, 292, 296, 300, 301, 302, 304, 305, 306, 308, 309, 311, 312, 313, 314, 315, 316, 317, 318, 321, 322, 323, 324, 327, 328, 331, 332, 333, 334, 335, 336, 340, 341, 342, 344, 347, 348, 350, 352, 353, 354, 355, 356, 358, 360, 361, 364, 365, 366, 370, 371, 376, 381, 382, 383, 384, 390, 392, 393, 395, 398, 399, 400, 402, 403, 406, 411, 413, 414, 416, 417, 418, 419, 421, 422, 423, 424, 425, 426, 428, 429, 430, 431, 433, 436, 437, 438, 449, 450, 451, 453, 455, 458, 459, 461, 463, 465, 466, 467, 469, 471, 477, 488, 489, 490, 491, 492, 493, 494, 495, 496, 497, 499, 509, 510, 512, 517, 519, 520, 523, 524, 527, 528, 529, 530, 537, 538, 539, 541, 542, 544, 545, 546, 547, 549, 550, 551, 552, 553, 555, 556, 558, 560, 562, 563, 564, 566, 567, 568, 569, 570, 572, 573, 574, 575, 579, 580, 581, 586, 589, 590, 592, 594, 597, 599, 601, 602, 603, 604, 605, 607, 608, 609, 610, 611, 612, 613, 614, 615, 616, 617, 618, 619, 620, 621, 622, 623, 624, 626, 629]",475,False,3.086793595116927e-05,-7.579655626954094e-09,1.029183853559874e-05,10.0
F4,1098,1098,790,308,1683,0.7194899817850637,0.3194500606550748,0.4424530943713246,cao2018,S01/061102n,all_channel,mean,mean__all_channel__F4,32,630,"[0, 1, 2, 3, 4, 5, 6, 7, 8, 9, 10, 11, 12, 13, 14, 15, 16, 17, 18, 19, 20, 21, 22, 23, 24, 25, 26, 27, 28, 29, 30, 31, 32, 33, 34, 35, 36, 37, 38, 39, 40, 41, 42, 43, 44, 45, 46, 47, 48, 49, 50, 51, 52, 53, 54, 55, 56, 57, 58, 59, 60, 61, 62, 63, 64, 65, 66, 67, 68, 69, 70, 71, 72, 73, 74, 75, 76, 77, 78, 79, 80, 81, 82, 83, 84, 85, 86, 87, 88, 89, 90, 91, 92, 93, 94, 95, 96, 97, 98, 99, 100, 101, 102, 103, 104, 105, 106, 107, 108, 109, 110, 111, 112, 113, 114, 115, 116, 117, 118, 119, 120, 121, 122, 123, 124, 125, 126, 127, 128, 129, 130, 131, 132, 133, 134, 135, 136, 137, 138, 139, 140, 141, 142, 143, 144, 145, 146, 147, 148, 149, 150, 151, 152, 153, 154, 155, 156, 157, 158, 159, 160, 161, 162, 163, 164, 165, 166, 167, 168, 169, 170, 171, 172, 173, 174, 175, 176, 177, 178, 179, 180, 181, 182, 185, 186, 187, 188, 189, 190, 191, 192, 193, 194, 195, 196, 197, 198, 199, 200, 201, 202, 203, 204, 205, 206, 207, 208, 209, 210, 211, 212, 213, 214, 215, 216, 217, 218, 219, 220, 221, 222, 223, 224, 225, 226, 227, 228, 229, 230, 231, 232, 233, 234, 235, 236, 237, 238, 239, 240, 241, 242, 243, 244, 245, 246, 247, 248, 249, 250, 251, 252, 253, 254, 255, 256, 257, 258, 259, 260, 261, 262, 263, 264, 265, 266, 267, 268, 269, 270, 271, 272, 273, 274, 275, 276, 277, 278, 279, 280, 281, 282, 283, 285, 286, 289, 291, 292, 296, 300, 301, 302, 304, 305, 306, 308, 309, 311, 312, 313, 314, 315, 316, 317, 318, 321, 322, 323, 324, 327, 328, 331, 332, 333, 334, 335, 336, 340, 341, 342, 344, 347, 348, 350, 352, 353, 354, 355, 356, 358, 360, 361, 364, 365, 366, 370, 371, 376, 381, 382, 383, 384, 390, 392, 393, 395, 398, 399, 400, 402, 403, 406, 411, 413, 414, 416, 417, 418, 419, 421, 422, 423, 424, 425, 426, 428, 429, 430, 431, 433, 436, 437, 438, 449, 450, 451, 453, 455, 458, 459, 461, 463, 465, 466, 467, 469, 471, 477, 488, 489, 490, 491, 492, 493, 494, 495, 496, 497, 499, 509, 510, 512, 517, 519, 520, 523, 524, 527, 528, 529, 530, 537, 538, 539, 541, 542, 544, 545, 546, 547, 549, 550, 551, 552, 553, 555, 556, 558, 560, 562, 563, 564, 566, 567, 568, 569, 570, 572, 573, 574, 575, 579, 580, 581, 586, 589, 590, 592, 594, 597, 599, 601, 602, 603, 604, 605, 607, 608, 609, 610, 611, 612, 613, 614, 615, 616, 617, 618, 619, 620, 621, 622, 623, 624, 626, 629]",475,False,3.249344600929281e-05,2.6683906434176822e-08,1.082225403428621e-05,10.0
FT7,868,868,668,200,1805,0.7695852534562212,0.27011726647796197,0.39988027536665666,cao2018,S01/061102n,all_channel,mean,mean__all_channel__FT7,32,630,"[0, 1, 2, 3, 4, 5, 6, 7, 8, 9, 10, 11, 12, 13, 14, 15, 16, 17, 18, 19, 20, 21, 22, 23, 24, 25, 26, 27, 28, 29, 30, 31, 32, 33, 34, 35, 36, 37, 38, 39, 40, 41, 42, 43, 44, 45, 46, 47, 48, 49, 50, 51, 52, 53, 54, 55, 56, 57, 58, 59, 60, 61, 62, 63, 64, 65, 66, 67, 68, 69, 70, 71, 72, 73, 74, 75, 76, 77, 78, 79, 80, 81, 82, 83, 84, 85, 86, 87, 88, 89, 90, 91, 92, 93, 94, 95, 96, 97, 98, 99, 100, 101, 102, 103, 104, 105, 106, 107, 108, 109, 110, 111, 112, 113, 114, 115, 116, 117, 118, 119, 120, 121, 122, 123, 124, 125, 126, 127, 128, 129, 130, 131, 132, 133, 134, 135, 136, 137, 138, 139, 140, 141, 142, 143, 144, 145, 146, 147, 148, 149, 150, 151, 152, 153, 154, 155, 156, 157, 158, 159, 160, 161, 162, 163, 164, 165, 166, 167, 168, 169, 170, 171, 172, 173, 174, 175, 176, 177, 178, 179, 180, 181, 182, 185, 186, 187, 188, 189, 190, 191, 192, 193, 194, 195, 196, 197, 198, 199, 200, 201, 202, 203, 204, 205, 206, 207, 208, 209, 210, 211, 212, 213, 214, 215, 216, 217, 218, 219, 220, 221, 222, 223, 224, 225, 226, 227, 228, 229, 230, 231, 232, 233, 234, 235, 236, 237, 238, 239, 240, 241, 242, 243, 244, 245, 246, 247, 248, 249, 250, 251, 252, 253, 254, 255, 256, 257, 258, 259, 260, 261, 262, 263, 264, 265, 266, 267, 268, 269, 270, 271, 272, 273, 274, 275, 276, 277, 278, 279, 280, 281, 282, 283, 285, 286, 289, 291, 292, 296, 300, 301, 302, 304, 305, 306, 308, 309, 311, 312, 313, 314, 315, 316, 317, 318, 321, 322, 323, 324, 327, 328, 331, 332, 333, 334, 335, 336, 340, 341, 342, 344, 347, 348, 350, 352, 353, 354, 355, 356, 358, 360, 361, 364, 365, 366, 370, 371, 376, 381, 382, 383, 384, 390, 392, 393, 395, 398, 399, 400, 402, 403, 406, 411, 413, 414, 416, 417, 418, 419, 421, 422, 423, 424, 425, 426, 428, 429, 430, 431, 433, 436, 437, 438, 449, 450, 451, 453, 455, 458, 459, 461, 463, 465, 466, 467, 469, 471, 477, 488, 489, 490, 491, 492, 493, 494, 495, 496, 497, 499, 509, 510, 512, 517, 519, 520, 523, 524, 527, 528, 529, 530, 537, 538, 539, 541, 542, 544, 545, 546, 547, 549, 550, 551, 552, 553, 555, 556, 558, 560, 562, 563, 564, 566, 567, 568, 569, 570, 572, 573, 574, 575, 579, 580, 581, 586, 589, 590, 592, 594, 597, 599, 601, 602, 603, 604, 605, 607, 608, 609, 610, 611, 612, 613, 614, 615, 616, 617, 618, 619, 620, 621, 622, 623, 624, 626, 629]",475,False,2.666036317936393e-05,1.4906870384832298e-08,8.8818187696597e-06,10.0
FT8,914,914,661,253,1812,0.7231947483588621,0.2672866963202588,0.390315913788013,cao2018,S01/061102n,all_channel,mean,mean__all_channel__FT8,32,630,"[0, 1, 2, 3, 4, 5, 6, 7, 8, 9, 10, 11, 12, 13, 14, 15, 16, 17, 18, 19, 20, 21, 22, 23, 24, 25, 26, 27, 28, 29, 30, 31, 32, 33, 34, 35, 36, 37, 38, 39, 40, 41, 42, 43, 44, 45, 46, 47, 48, 49, 50, 51, 52, 53, 54, 55, 56, 57, 58, 59, 60, 61, 62, 63, 64, 65, 66, 67, 68, 69, 70, 71, 72, 73, 74, 75, 76, 77, 78, 79, 80, 81, 82, 83, 84, 85, 86, 87, 88, 89, 90, 91, 92, 93, 94, 95, 96, 97, 98, 99, 100, 101, 102, 103, 104, 105, 106, 107, 108, 109, 110, 111, 112, 113, 114, 115, 116, 117, 118, 119, 120, 121, 122, 123, 124, 125, 126, 127, 128, 129, 130, 131, 132, 133, 134, 135, 136, 137, 138, 139, 140, 141, 142, 143, 144, 145, 146, 147, 148, 149, 150, 151, 152, 153, 154, 155, 156, 157, 158, 159, 160, 161, 162, 163, 164, 165, 166, 167, 168, 169, 170, 171, 172, 173, 174, 175, 176, 177, 178, 179, 180, 181, 182, 185, 186, 187, 188, 189, 190, 191, 192, 193, 194, 195, 196, 197, 198, 199, 200, 201, 202, 203, 204, 205, 206, 207, 208, 209, 210, 211, 212, 213, 214, 215, 216, 217, 218, 219, 220, 221, 222, 223, 224, 225, 226, 227, 228, 229, 230, 231, 232, 233, 234, 235, 236, 237, 238, 239, 240, 241, 242, 243, 244, 245, 246, 247, 248, 249, 250, 251, 252, 253, 254, 255, 256, 257, 258, 259, 260, 261, 262, 263, 264, 265, 266, 267, 268, 269, 270, 271, 272, 273, 274, 275, 276, 277, 278, 279, 280, 281, 282, 283, 285, 286, 289, 291, 292, 296, 300, 301, 302, 304, 305, 306, 308, 309, 311, 312, 313, 314, 315, 316, 317, 318, 321, 322, 323, 324, 327, 328, 331, 332, 333, 334, 335, 336, 340, 341, 342, 344, 347, 348, 350, 352, 353, 354, 355, 356, 358, 360, 361, 364, 365, 366, 370, 371, 376, 381, 382, 383, 384, 390, 392, 393, 395, 398, 399, 400, 402, 403, 406, 411, 413, 414, 416, 417, 418, 419, 421, 422, 423, 424, 425, 426, 428, 429, 430, 431, 433, 436, 437, 438, 449, 450, 451, 453, 455, 458, 459, 461, 463, 465, 466, 467, 469, 471, 477, 488, 489, 490, 491, 492, 493, 494, 495, 496, 497, 499, 509, 510, 512, 517, 519, 520, 523, 524, 527, 528, 529, 530, 537, 538, 539, 541, 542, 544, 545, 546, 547, 549, 550, 551, 552, 553, 555, 556, 558, 560, 562, 563, 564, 566, 567, 568, 569, 570, 572, 573, 574, 575, 579, 580, 581, 586, 589, 590, 592, 594, 597, 599, 601, 602, 603, 604, 605, 607, 608, 609, 610, 611, 612, 613, 614, 615, 616, 617, 618, 619, 620, 621, 622, 623, 624, 626, 629]",475,False,2.4914207890820246e-05,-4.461371354846643e-09,8.306223087391697e-06,10.0
T3,782,782,575,207,1898,0.7352941176470589,0.2325111200970481,0.3533026113671275,cao2018,S01/061102n,all_channel,mean,mean__all_channel__T3,32,630,"[0, 1, 2, 3, 4, 5, 6, 7, 8, 9, 10, 11, 12, 13, 14, 15, 16, 17, 18, 19, 20, 21, 22, 23, 24, 25, 26, 27, 28, 29, 30, 31, 32, 33, 34, 35, 36, 37, 38, 39, 40, 41, 42, 43, 44, 45, 46, 47, 48, 49, 50, 51, 52, 53, 54, 55, 56, 57, 58, 59, 60, 61, 62, 63, 64, 65, 66, 67, 68, 69, 70, 71, 72, 73, 74, 75, 76, 77, 78, 79, 80, 81, 82, 83, 84, 85, 86, 87, 88, 89, 90, 91, 92, 93, 94, 95, 96, 97, 98, 99, 100, 101, 102, 103, 104, 105, 106, 107, 108, 109, 110, 111, 112, 113, 114, 115, 116, 117, 118, 119, 120, 121, 122, 123, 124, 125, 126, 127, 128, 129, 130, 131, 132, 133, 134, 135, 136, 137, 138, 139, 140, 141, 142, 143, 144, 145, 146, 147, 148, 149, 150, 151, 152, 153, 154, 155, 156, 157, 158, 159, 160, 161, 162, 163, 164, 165, 166, 167, 168, 169, 170, 171, 172, 173, 174, 175, 176, 177, 178, 179, 180, 181, 182, 185, 186, 187, 188, 189, 190, 191, 192, 193, 194, 195, 196, 197, 198, 199, 200, 201, 202, 203, 204, 205, 206, 207, 208, 209, 210, 211, 212, 213, 214, 215, 216, 217, 218, 219, 220, 221, 222, 223, 224, 225, 226, 227, 228, 229, 230, 231, 232, 233, 234, 235, 236, 237, 238, 239, 240, 241, 242, 243, 244, 245, 246, 247, 248, 249, 250, 251, 252, 253, 254, 255, 256, 257, 258, 259, 260, 261, 262, 263, 264, 265, 266, 267, 268, 269, 270, 271, 272, 273, 274, 275, 276, 277, 278, 279, 280, 281, 282, 283, 285, 286, 289, 291, 292, 296, 300, 301, 302, 304, 305, 306, 308, 309, 311, 312, 313, 314, 315, 316, 317, 318, 321, 322, 323, 324, 327, 328, 331, 332, 333, 334, 335, 336, 340, 341, 342, 344, 347, 348, 350, 352, 353, 354, 355, 356, 358, 360, 361, 364, 365, 366, 370, 371, 376, 381, 382, 383, 384, 390, 392, 393, 395, 398, 399, 400, 402, 403, 406, 411, 413, 414, 416, 417, 418, 419, 421, 422, 423, 424, 425, 426, 428, 429, 430, 431, 433, 436, 437, 438, 449, 450, 451, 453, 455, 458, 459, 461, 463, 465, 466, 467, 469, 471, 477, 488, 489, 490, 491, 492, 493, 494, 495, 496, 497, 499, 509, 510, 512, 517, 519, 520, 523, 524, 527, 528, 529, 530, 537, 538, 539, 541, 542, 544, 545, 546, 547, 549, 550, 551, 552, 553, 555, 556, 558, 560, 562, 563, 564, 566, 567, 568, 569, 570, 572, 573, 574, 575, 579, 580, 581, 586, 589, 590, 592, 594, 597, 599, 601, 602, 603, 604, 605, 607, 608, 609, 610, 611, 612, 613, 614, 615, 616, 617, 618, 619, 620, 621, 622, 623, 624, 626, 629]",475,False,2.590847130689857e-05,-1.4149029655620098e-10,8.63620426573171e-06,10.0
FC3,701,701,551,150,1922,0.7860199714693296,0.22280630812778002,0.34719596723377444,cao2018,S01/061102n,all_channel,mean,mean__all_channel__FC3,32,630,"[0, 1, 2, 3, 4, 5, 6, 7, 8, 9, 10, 11, 12, 13, 14, 15, 16, 17, 18, 19, 20, 21, 22, 23, 24, 25, 26, 27, 28, 29, 30, 31, 32, 33, 34, 35, 36, 37, 38, 39, 40, 41, 42, 43, 44, 45, 46, 47, 48, 49, 50, 51, 52, 53, 54, 55, 56, 57, 58, 59, 60, 61, 62, 63, 64, 65, 66, 67, 68, 69, 70, 71, 72, 73, 74, 75, 76, 77, 78, 79, 80, 81, 82, 83, 84, 85, 86, 87, 88, 89, 90, 91, 92, 93, 94, 95, 96, 97, 98, 99, 100, 101, 102, 103, 104, 105, 106, 107, 108, 109, 110, 111, 112, 113, 114, 115, 116, 117, 118, 119, 120, 121, 122, 123, 124, 125, 126, 127, 128, 129, 130, 131, 132, 133, 134, 135, 136, 137, 138, 139, 140, 141, 142, 143, 144, 145, 146, 147, 148, 149, 150, 151, 152, 153, 154, 155, 156, 157, 158, 159, 160, 161, 162, 163, 164, 165, 166, 167, 168, 169, 170, 171, 172, 173, 174, 175, 176, 177, 178, 179, 180, 181, 182, 185, 186, 187, 188, 189, 190, 191, 192, 193, 194, 195, 196, 197, 198, 199, 200, 201, 202, 203, 204, 205, 206, 207, 208, 209, 210, 211, 212, 213, 214, 215, 216, 217, 218, 219, 220, 221, 222, 223, 224, 225, 226, 227, 228, 229, 230, 231, 232, 233, 234, 235, 236, 237, 238, 239, 240, 241, 242, 243, 244, 245, 246, 247, 248, 249, 250, 251, 252, 253, 254, 255, 256, 257, 258, 259, 260, 261, 262, 263, 264, 265, 266, 267, 268, 269, 270, 271, 272, 273, 274, 275, 276, 277, 278, 279, 280, 281, 282, 283, 285, 286, 289, 291, 292, 296, 300, 301, 302, 304, 305, 306, 308, 309, 311, 312, 313, 314, 315, 316, 317, 318, 321, 322, 323, 324, 327, 328, 331, 332, 333, 334, 335, 336, 340, 341, 342, 344, 347, 348, 350, 352, 353, 354, 355, 356, 358, 360, 361, 364, 365, 366, 370, 371, 376, 381, 382, 383, 384, 390, 392, 393, 395, 398, 399, 400, 402, 403, 406, 411, 413, 414, 416, 417, 418, 419, 421, 422, 423, 424, 425, 426, 428, 429, 430, 431, 433, 436, 437, 438, 449, 450, 451, 453, 455, 458, 459, 461, 463, 465, 466, 467, 469, 471, 477, 488, 489, 490, 491, 492, 493, 494, 495, 496, 497, 499, 509, 510, 512, 517, 519, 520, 523, 524, 527, 528, 529, 530, 537, 538, 539, 541, 542, 544, 545, 546, 547, 549, 550, 551, 552, 553, 555, 556, 558, 560, 562, 563, 564, 566, 567, 568, 569, 570, 572, 573, 574, 575, 579, 580, 581, 586, 589, 590, 592, 594, 597, 599, 601, 602, 603, 604, 605, 607, 608, 609, 610, 611, 612, 613, 614, 615, 616, 617, 618, 619, 620, 621, 622, 623, 624, 626, 629]",475,False,2.969861171506076e-05,-5.494501838234224e-09,9.901368738966331e-06,10.0
FCZ,674,674,481,193,1992,0.7136498516320475,0.19450060655074808,0.305687956784239,cao2018,S01/061102n,all_channel,mean,mean__all_channel__FCZ,32,630,"[0, 1, 2, 3, 4, 5, 6, 7, 8, 9, 10, 11, 12, 13, 14, 15, 16, 17, 18, 19, 20, 21, 22, 23, 24, 25, 26, 27, 28, 29, 30, 31, 32, 33, 34, 35, 36, 37, 38, 39, 40, 41, 42, 43, 44, 45, 46, 47, 48, 49, 50, 51, 52, 53, 54, 55, 56, 57, 58, 59, 60, 61, 62, 63, 64, 65, 66, 67, 68, 69, 70, 71, 72, 73, 74, 75, 76, 77, 78, 79, 80, 81, 82, 83, 84, 85, 86, 87, 88, 89, 90, 91, 92, 93, 94, 95, 96, 97, 98, 99, 100, 101, 102, 103, 104, 105, 106, 107, 108, 109, 110, 111, 112, 113, 114, 115, 116, 117, 118, 119, 120, 121, 122, 123, 124, 125, 126, 127, 128, 129, 130, 131, 132, 133, 134, 135, 136, 137, 138, 139, 140, 141, 142, 143, 144, 145, 146, 147, 148, 149, 150, 151, 152, 153, 154, 155, 156, 157, 158, 159, 160, 161, 162, 163, 164, 165, 166, 167, 168, 169, 170, 171, 172, 173, 174, 175, 176, 177, 178, 179, 180, 181, 182, 185, 186, 187, 188, 189, 190, 191, 192, 193, 194, 195, 196, 197, 198, 199, 200, 201, 202, 203, 204, 205, 206, 207, 208, 209, 210, 211, 212, 213, 214, 215, 216, 217, 218, 219, 220, 221, 222, 223, 224, 225, 226, 227, 228, 229, 230, 231, 232, 233, 234, 235, 236, 237, 238, 239, 240, 241, 242, 243, 244, 245, 246, 247, 248, 249, 250, 251, 252, 253, 254, 255, 256, 257, 258, 259, 260, 261, 262, 263, 264, 265, 266, 267, 268, 269, 270, 271, 272, 273, 274, 275, 276, 277, 278, 279, 280, 281, 282, 283, 285, 286, 289, 291, 292, 296, 300, 301, 302, 304, 305, 306, 308, 309, 311, 312, 313, 314, 315, 316, 317, 318, 321, 322, 323, 324, 327, 328, 331, 332, 333, 334, 335, 336, 340, 341, 342, 344, 347, 348, 350, 352, 353, 354, 355, 356, 358, 360, 361, 364, 365, 366, 370, 371, 376, 381, 382, 383, 384, 390, 392, 393, 395, 398, 399, 400, 402, 403, 406, 411, 413, 414, 416, 417, 418, 419, 421, 422, 423, 424, 425, 426, 428, 429, 430, 431, 433, 436, 437, 438, 449, 450, 451, 453, 455, 458, 459, 461, 463, 465, 466, 467, 469, 471, 477, 488, 489, 490, 491, 492, 493, 494, 495, 496, 497, 499, 509, 510, 512, 517, 519, 520, 523, 524, 527, 528, 529, 530, 537, 538, 539, 541, 542, 544, 545, 546, 547, 549, 550, 551, 552, 553, 555, 556, 558, 560, 562, 563, 564, 566, 567, 568, 569, 570, 572, 573, 574, 575, 579, 580, 581, 586, 589, 590, 592, 594, 597, 599, 601, 602, 603, 604, 605, 607, 608, 609, 610, 611, 612, 613, 614, 615, 616, 617, 618, 619, 620, 621, 622, 623, 624, 626, 629]",475,False,3.2205893507605585e-05,-1.9447440346676443e-12,1.0735298484116541e-05,10.0
C4,661,661,453,208,2020,0.6853252647503782,0.1831783259199353,0.28908742820676453,cao2018,S01/061102n,all_channel,mean,mean__all_channel__C4,32,630,"[0, 1, 2, 3, 4, 5, 6, 7, 8, 9, 10, 11, 12, 13, 14, 15, 16, 17, 18, 19, 20, 21, 22, 23, 24, 25, 26, 27, 28, 29, 30, 31, 32, 33, 34, 35, 36, 37, 38, 39, 40, 41, 42, 43, 44, 45, 46, 47, 48, 49, 50, 51, 52, 53, 54, 55, 56, 57, 58, 59, 60, 61, 62, 63, 64, 65, 66, 67, 68, 69, 70, 71, 72, 73, 74, 75, 76, 77, 78, 79, 80, 81, 82, 83, 84, 85, 86, 87, 88, 89, 90, 91, 92, 93, 94, 95, 96, 97, 98, 99, 100, 101, 102, 103, 104, 105, 106, 107, 108, 109, 110, 111, 112, 113, 114, 115, 116, 117, 118, 119, 120, 121, 122, 123, 124, 125, 126, 127, 128, 129, 130, 131, 132, 133, 134, 135, 136, 137, 138, 139, 140, 141, 142, 143, 144, 145, 146, 147, 148, 149, 150, 151, 152, 153, 154, 155, 156, 157, 158, 159, 160, 161, 162, 163, 164, 165, 166, 167, 168, 169, 170, 171, 172, 173, 174, 175, 176, 177, 178, 179, 180, 181, 182, 185, 186, 187, 188, 189, 190, 191, 192, 193, 194, 195, 196, 197, 198, 199, 200, 201, 202, 203, 204, 205, 206, 207, 208, 209, 210, 211, 212, 213, 214, 215, 216, 217, 218, 219, 220, 221, 222, 223, 224, 225, 226, 227, 228, 229, 230, 231, 232, 233, 234, 235, 236, 237, 238, 239, 240, 241, 242, 243, 244, 245, 246, 247, 248, 249, 250, 251, 252, 253, 254, 255, 256, 257, 258, 259, 260, 261, 262, 263, 264, 265, 266, 267, 268, 269, 270, 271, 272, 273, 274, 275, 276, 277, 278, 279, 280, 281, 282, 283, 285, 286, 289, 291, 292, 296, 300, 301, 302, 304, 305, 306, 308, 309, 311, 312, 313, 314, 315, 316, 317, 318, 321, 322, 323, 324, 327, 328, 331, 332, 333, 334, 335, 336, 340, 341, 342, 344, 347, 348, 350, 352, 353, 354, 355, 356, 358, 360, 361, 364, 365, 366, 370, 371, 376, 381, 382, 383, 384, 390, 392, 393, 395, 398, 399, 400, 402, 403, 406, 411, 413, 414, 416, 417, 418, 419, 421, 422, 423, 424, 425, 426, 428, 429, 430, 431, 433, 436, 437, 438, 449, 450, 451, 453, 455, 458, 459, 461, 463, 465, 466, 467, 469, 471, 477, 488, 489, 490, 491, 492, 493, 494, 495, 496, 497, 499, 509, 510, 512, 517, 519, 520, 523, 524, 527, 528, 529, 530, 537, 538, 539, 541, 542, 544, 545, 546, 547, 549, 550, 551, 552, 553, 555, 556, 558, 560, 562, 563, 564, 566, 567, 568, 569, 570, 572, 573, 574, 575, 579, 580, 581, 586, 589, 590, 592, 594, 597, 599, 601, 602, 603, 604, 605, 607, 608, 609, 610, 611, 612, 613, 614, 615, 616, 617, 618, 619, 620, 621, 622, 623, 624, 626, 629]",475,False,2.5353923572451467e-05,1.6155078992463893e-09,8.45076935485074e-06,10.0
TP8,564,564,325,239,2148,0.5762411347517731,0.13141932875050547,0.21402700032927233,cao2018,S01/061102n,all_channel,mean,mean__all_channel__TP8,32,630,"[0, 1, 2, 3, 4, 5, 6, 7, 8, 9, 10, 11, 12, 13, 14, 15, 16, 17, 18, 19, 20, 21, 22, 23, 24, 25, 26, 27, 28, 29, 30, 31, 32, 33, 34, 35, 36, 37, 38, 39, 40, 41, 42, 43, 44, 45, 46, 47, 48, 49, 50, 51, 52, 53, 54, 55, 56, 57, 58, 59, 60, 61, 62, 63, 64, 65, 66, 67, 68, 69, 70, 71, 72, 73, 74, 75, 76, 77, 78, 79, 80, 81, 82, 83, 84, 85, 86, 87, 88, 89, 90, 91, 92, 93, 94, 95, 96, 97, 98, 99, 100, 101, 102, 103, 104, 105, 106, 107, 108, 109, 110, 111, 112, 113, 114, 115, 116, 117, 118, 119, 120, 121, 122, 123, 124, 125, 126, 127, 128, 129, 130, 131, 132, 133, 134, 135, 136, 137, 138, 139, 140, 141, 142, 143, 144, 145, 146, 147, 148, 149, 150, 151, 152, 153, 154, 155, 156, 157, 158, 159, 160, 161, 162, 163, 164, 165, 166, 167, 168, 169, 170, 171, 172, 173, 174, 175, 176, 177, 178, 179, 180, 181, 182, 185, 186, 187, 188, 189, 190, 191, 192, 193, 194, 195, 196, 197, 198, 199, 200, 201, 202, 203, 204, 205, 206, 207, 208, 209, 210, 211, 212, 213, 214, 215, 216, 217, 218, 219, 220, 221, 222, 223, 224, 225, 226, 227, 228, 229, 230, 231, 232, 233, 234, 235, 236, 237, 238, 239, 240, 241, 242, 243, 244, 245, 246, 247, 248, 249, 250, 251, 252, 253, 254, 255, 256, 257, 258, 259, 260, 261, 262, 263, 264, 265, 266, 267, 268, 269, 270, 271, 272, 273, 274, 275, 276, 277, 278, 279, 280, 281, 282, 283, 285, 286, 289, 291, 292, 296, 300, 301, 302, 304, 305, 306, 308, 309, 311, 312, 313, 314, 315, 316, 317, 318, 321, 322, 323, 324, 327, 328, 331, 332, 333, 334, 335, 336, 340, 341, 342, 344, 347, 348, 350, 352, 353, 354, 355, 356, 358, 360, 361, 364, 365, 366, 370, 371, 376, 381, 382, 383, 384, 390, 392, 393, 395, 398, 399, 400, 402, 403, 406, 411, 413, 414, 416, 417, 418, 419, 421, 422, 423, 424, 425, 426, 428, 429, 430, 431, 433, 436, 437, 438, 449, 450, 451, 453, 455, 458, 459, 461, 463, 465, 466, 467, 469, 471, 477, 488, 489, 490, 491, 492, 493, 494, 495, 496, 497, 499, 509, 510, 512, 517, 519, 520, 523, 524, 527, 528, 529, 530, 537, 538, 539, 541, 542, 544, 545, 546, 547, 549, 550, 551, 552, 553, 555, 556, 558, 560, 562, 563, 564, 566, 567, 568, 569, 570, 572, 573, 574, 575, 579, 580, 581, 586, 589, 590, 592, 594, 597, 599, 601, 602, 603, 604, 605, 607, 608, 609, 610, 611, 612, 613, 614, 615, 616, 617, 618, 619, 620, 621, 622, 623, 624, 626, 629]",475,False,1.7283353183742408e-05,-1.1910581595029115e-08,5.7650879217791464e-06,10.0
CP4,464,464,294,170,2179,0.6336206896551724,0.11888394662353417,0.20020429009193055,cao2018,S01/061102n,all_channel,mean,mean__all_channel__CP4,32,630,"[0, 1, 2, 3, 4, 5, 6, 7, 8, 9, 10, 11, 12, 13, 14, 15, 16, 17, 18, 19, 20, 21, 22, 23, 24, 25, 26, 27, 28, 29, 30, 31, 32, 33, 34, 35, 36, 37, 38, 39, 40, 41, 42, 43, 44, 45, 46, 47, 48, 49, 50, 51, 52, 53, 54, 55, 56, 57, 58, 59, 60, 61, 62, 63, 64, 65, 66, 67, 68, 69, 70, 71, 72, 73, 74, 75, 76, 77, 78, 79, 80, 81, 82, 83, 84, 85, 86, 87, 88, 89, 90, 91, 92, 93, 94, 95, 96, 97, 98, 99, 100, 101, 102, 103, 104, 105, 106, 107, 108, 109, 110, 111, 112, 113, 114, 115, 116, 117, 118, 119, 120, 121, 122, 123, 124, 125, 126, 127, 128, 129, 130, 131, 132, 133, 134, 135, 136, 137, 138, 139, 140, 141, 142, 143, 144, 145, 146, 147, 148, 149, 150, 151, 152, 153, 154, 155, 156, 157, 158, 159, 160, 161, 162, 163, 164, 165, 166, 167, 168, 169, 170, 171, 172, 173, 174, 175, 176, 177, 178, 179, 180, 181, 182, 185, 186, 187, 188, 189, 190, 191, 192, 193, 194, 195, 196, 197, 198, 199, 200, 201, 202, 203, 204, 205, 206, 207, 208, 209, 210, 211, 212, 213, 214, 215, 216, 217, 218, 219, 220, 221, 222, 223, 224, 225, 226, 227, 228, 229, 230, 231, 232, 233, 234, 235, 236, 237, 238, 239, 240, 241, 242, 243, 244, 245, 246, 247, 248, 249, 250, 251, 252, 253, 254, 255, 256, 257, 258, 259, 260, 261, 262, 263, 264, 265, 266, 267, 268, 269, 270, 271, 272, 273, 274, 275, 276, 277, 278, 279, 280, 281, 282, 283, 285, 286, 289, 291, 292, 296, 300, 301, 302, 304, 305, 306, 308, 309, 311, 312, 313, 314, 315, 316, 317, 318, 321, 322, 323, 324, 327, 328, 331, 332, 333, 334, 335, 336, 340, 341, 342, 344, 347, 348, 350, 352, 353, 354, 355, 356, 358, 360, 361, 364, 365, 366, 370, 371, 376, 381, 382, 383, 384, 390, 392, 393, 395, 398, 399, 400, 402, 403, 406, 411, 413, 414, 416, 417, 418, 419, 421, 422, 423, 424, 425, 426, 428, 429, 430, 431, 433, 436, 437, 438, 449, 450, 451, 453, 455, 458, 459, 461, 463, 465, 466, 467, 469, 471, 477, 488, 489, 490, 491, 492, 493, 494, 495, 496, 497, 499, 509, 510, 512, 517, 519, 520, 523, 524, 527, 528, 529, 530, 537, 538, 539, 541, 542, 544, 545, 546, 547, 549, 550, 551, 552, 553, 555, 556, 558, 560, 562, 563, 564, 566, 567, 568, 569, 570, 572, 573, 574, 575, 579, 580, 581, 586, 589, 590, 592, 594, 597, 599, 601, 602, 603, 604, 605, 607, 608, 609, 610, 611, 612, 613, 614, 615, 616, 617, 618, 619, 620, 621, 622, 623, 624, 626, 629]",475,False,2.3332790241348642e-05,2.7969575997558534e-09,7.776664427916296e-06,10.0
A2,451,451,251,200,2222,0.5565410199556541,0.10149615851192884,0.1716826265389877,cao2018,S01/061102n,all_channel,mean,mean__all_channel__A2,32,630,"[0, 1, 2, 3, 4, 5, 6, 7, 8, 9, 10, 11, 12, 13, 14, 15, 16, 17, 18, 19, 20, 21, 22, 23, 24, 25, 26, 27, 28, 29, 30, 31, 32, 33, 34, 35, 36, 37, 38, 39, 40, 41, 42, 43, 44, 45, 46, 47, 48, 49, 50, 51, 52, 53, 54, 55, 56, 57, 58, 59, 60, 61, 62, 63, 64, 65, 66, 67, 68, 69, 70, 71, 72, 73, 74, 75, 76, 77, 78, 79, 80, 81, 82, 83, 84, 85, 86, 87, 88, 89, 90, 91, 92, 93, 94, 95, 96, 97, 98, 99, 100, 101, 102, 103, 104, 105, 106, 107, 108, 109, 110, 111, 112, 113, 114, 115, 116, 117, 118, 119, 120, 121, 122, 123, 124, 125, 126, 127, 128, 129, 130, 131, 132, 133, 134, 135, 136, 137, 138, 139, 140, 141, 142, 143, 144, 145, 146, 147, 148, 149, 150, 151, 152, 153, 154, 155, 156, 157, 158, 159, 160, 161, 162, 163, 164, 165, 166, 167, 168, 169, 170, 171, 172, 173, 174, 175, 176, 177, 178, 179, 180, 181, 182, 185, 186, 187, 188, 189, 190, 191, 192, 193, 194, 195, 196, 197, 198, 199, 200, 201, 202, 203, 204, 205, 206, 207, 208, 209, 210, 211, 212, 213, 214, 215, 216, 217, 218, 219, 220, 221, 222, 223, 224, 225, 226, 227, 228, 229, 230, 231, 232, 233, 234, 235, 236, 237, 238, 239, 240, 241, 242, 243, 244, 245, 246, 247, 248, 249, 250, 251, 252, 253, 254, 255, 256, 257, 258, 259, 260, 261, 262, 263, 264, 265, 266, 267, 268, 269, 270, 271, 272, 273, 274, 275, 276, 277, 278, 279, 280, 281, 282, 283, 285, 286, 289, 291, 292, 296, 300, 301, 302, 304, 305, 306, 308, 309, 311, 312, 313, 314, 315, 316, 317, 318, 321, 322, 323, 324, 327, 328, 331, 332, 333, 334, 335, 336, 340, 341, 342, 344, 347, 348, 350, 352, 353, 354, 355, 356, 358, 360, 361, 364, 365, 366, 370, 371, 376, 381, 382, 383, 384, 390, 392, 393, 395, 398, 399, 400, 402, 403, 406, 411, 413, 414, 416, 417, 418, 419, 421, 422, 423, 424, 425, 426, 428, 429, 430, 431, 433, 436, 437, 438, 449, 450, 451, 453, 455, 458, 459, 461, 463, 465, 466, 467, 469, 471, 477, 488, 489, 490, 491, 492, 493, 494, 495, 496, 497, 499, 509, 510, 512, 517, 519, 520, 523, 524, 527, 528, 529, 530, 537, 538, 539, 541, 542, 544, 545, 546, 547, 549, 550, 551, 552, 553, 555, 556, 558, 560, 562, 563, 564, 566, 567, 568, 569, 570, 572, 573, 574, 575, 579, 580, 581, 586, 589, 590, 592, 594, 597, 599, 601, 602, 603, 604, 605, 607, 608, 609, 610, 611, 612, 613, 614, 615, 616, 617, 618, 619, 620, 621, 622, 623, 624, 626, 629]",475,False,1.0545697218543308e-05,-6.919294616865827e-09,3.5175388377200576e-06,10.0
T4,3119,3119,473,2646,2000,0.151651170246874,0.19126566922765872,0.169170243204578,cao2018,S01/061102n,all_channel,mean,mean__all_channel__T4,32,630,"[0, 1, 2, 3, 4, 5, 6, 7, 8, 9, 10, 11, 12, 13, 14, 15, 16, 17, 18, 19, 20, 21, 22, 23, 24, 25, 26, 27, 28, 29, 30, 31, 32, 33, 34, 35, 36, 37, 38, 39, 40, 41, 42, 43, 44, 45, 46, 47, 48, 49, 50, 51, 52, 53, 54, 55, 56, 57, 58, 59, 60, 61, 62, 63, 64, 65, 66, 67, 68, 69, 70, 71, 72, 73, 74, 75, 76, 77, 78, 79, 80, 81, 82, 83, 84, 85, 86, 87, 88, 89, 90, 91, 92, 93, 94, 95, 96, 97, 98, 99, 100, 101, 102, 103, 104, 105, 106, 107, 108, 109, 110, 111, 112, 113, 114, 115, 116, 117, 118, 119, 120, 121, 122, 123, 124, 125, 126, 127, 128, 129, 130, 131, 132, 133, 134, 135, 136, 137, 138, 139, 140, 141, 142, 143, 144, 145, 146, 147, 148, 149, 150, 151, 152, 153, 154, 155, 156, 157, 158, 159, 160, 161, 162, 163, 164, 165, 166, 167, 168, 169, 170, 171, 172, 173, 174, 175, 176, 177, 178, 179, 180, 181, 182, 185, 186, 187, 188, 189, 190, 191, 192, 193, 194, 195, 196, 197, 198, 199, 200, 201, 202, 203, 204, 205, 206, 207, 208, 209, 210, 211, 212, 213, 214, 215, 216, 217, 218, 219, 220, 221, 222, 223, 224, 225, 226, 227, 228, 229, 230, 231, 232, 233, 234, 235, 236, 237, 238, 239, 240, 241, 242, 243, 244, 245, 246, 247, 248, 249, 250, 251, 252, 253, 254, 255, 256, 257, 258, 259, 260, 261, 262, 263, 264, 265, 266, 267, 268, 269, 270, 271, 272, 273, 274, 275, 276, 277, 278, 279, 280, 281, 282, 283, 285, 286, 289, 291, 292, 296, 300, 301, 302, 304, 305, 306, 308, 309, 311, 312, 313, 314, 315, 316, 317, 318, 321, 322, 323, 324, 327, 328, 331, 332, 333, 334, 335, 336, 340, 341, 342, 344, 347, 348, 350, 352, 353, 354, 355, 356, 358, 360, 361, 364, 365, 366, 370, 371, 376, 381, 382, 383, 384, 390, 392, 393, 395, 398, 399, 400, 402, 403, 406, 411, 413, 414, 416, 417, 418, 419, 421, 422, 423, 424, 425, 426, 428, 429, 430, 431, 433, 436, 437, 438, 449, 450, 451, 453, 455, 458, 459, 461, 463, 465, 466, 467, 469, 471, 477, 488, 489, 490, 491, 492, 493, 494, 495, 496, 497, 499, 509, 510, 512, 517, 519, 520, 523, 524, 527, 528, 529, 530, 537, 538, 539, 541, 542, 544, 545, 546, 547, 549, 550, 551, 552, 553, 555, 556, 558, 560, 562, 563, 564, 566, 567, 568, 569, 570, 572, 573, 574, 575, 579, 580, 581, 586, 589, 590, 592, 594, 597, 599, 601, 602, 603, 604, 605, 607, 608, 609, 610, 611, 612, 613, 614, 615, 616, 617, 618, 619, 620, 621, 622, 623, 624, 626, 629]",475,False,6.245558905576234e-06,1.1760842780001837e-07,2.0426501592587386e-06,10.0
CZ,392,392,229,163,2244,0.5841836734693877,0.09260008087343308,0.15986038394415358,cao2018,S01/061102n,all_channel,mean,mean__all_channel__CZ,32,630,"[0, 1, 2, 3, 4, 5, 6, 7, 8, 9, 10, 11, 12, 13, 14, 15, 16, 17, 18, 19, 20, 21, 22, 23, 24, 25, 26, 27, 28, 29, 30, 31, 32, 33, 34, 35, 36, 37, 38, 39, 40, 41, 42, 43, 44, 45, 46, 47, 48, 49, 50, 51, 52, 53, 54, 55, 56, 57, 58, 59, 60, 61, 62, 63, 64, 65, 66, 67, 68, 69, 70, 71, 72, 73, 74, 75, 76, 77, 78, 79, 80, 81, 82, 83, 84, 85, 86, 87, 88, 89, 90, 91, 92, 93, 94, 95, 96, 97, 98, 99, 100, 101, 102, 103, 104, 105, 106, 107, 108, 109, 110, 111, 112, 113, 114, 115, 116, 117, 118, 119, 120, 121, 122, 123, 124, 125, 126, 127, 128, 129, 130, 131, 132, 133, 134, 135, 136, 137, 138, 139, 140, 141, 142, 143, 144, 145, 146, 147, 148, 149, 150, 151, 152, 153, 154, 155, 156, 157, 158, 159, 160, 161, 162, 163, 164, 165, 166, 167, 168, 169, 170, 171, 172, 173, 174, 175, 176, 177, 178, 179, 180, 181, 182, 185, 186, 187, 188, 189, 190, 191, 192, 193, 194, 195, 196, 197, 198, 199, 200, 201, 202, 203, 204, 205, 206, 207, 208, 209, 210, 211, 212, 213, 214, 215, 216, 217, 218, 219, 220, 221, 222, 223, 224, 225, 226, 227, 228, 229, 230, 231, 232, 233, 234, 235, 236, 237, 238, 239, 240, 241, 242, 243, 244, 245, 246, 247, 248, 249, 250, 251, 252, 253, 254, 255, 256, 257, 258, 259, 260, 261, 262, 263, 264, 265, 266, 267, 268, 269, 270, 271, 272, 273, 274, 275, 276, 277, 278, 279, 280, 281, 282, 283, 285, 286, 289, 291, 292, 296, 300, 301, 302, 304, 305, 306, 308, 309, 311, 312, 313, 314, 315, 316, 317, 318, 321, 322, 323, 324, 327, 328, 331, 332, 333, 334, 335, 336, 340, 341, 342, 344, 347, 348, 350, 352, 353, 354, 355, 356, 358, 360, 361, 364, 365, 366, 370, 371, 376, 381, 382, 383, 384, 390, 392, 393, 395, 398, 399, 400, 402, 403, 406, 411, 413, 414, 416, 417, 418, 419, 421, 422, 423, 424, 425, 426, 428, 429, 430, 431, 433, 436, 437, 438, 449, 450, 451, 453, 455, 458, 459, 461, 463, 465, 466, 467, 469, 471, 477, 488, 489, 490, 491, 492, 493, 494, 495, 496, 497, 499, 509, 510, 512, 517, 519, 520, 523, 524, 527, 528, 529, 530, 537, 538, 539, 541, 542, 544, 545, 546, 547, 549, 550, 551, 552, 553, 555, 556, 558, 560, 562, 563, 564, 566, 567, 568, 569, 570, 572, 573, 574, 575, 579, 580, 581, 586, 589, 590, 592, 594, 597, 599, 601, 602, 603, 604, 605, 607, 608, 609, 610, 611, 612, 613, 614, 615, 616, 617, 618, 619, 620, 621, 622, 623, 624, 626, 629]",475,False,2.7968657638303908e-05,-2.054223696298856e-09,9.323570620666736e-06,10.0
C3,346,346,218,128,2255,0.630057803468208,0.0881520420541852,0.1546647747428166,cao2018,S01/061102n,all_channel,mean,mean__all_channel__C3,32,630,"[0, 1, 2, 3, 4, 5, 6, 7, 8, 9, 10, 11, 12, 13, 14, 15, 16, 17, 18, 19, 20, 21, 22, 23, 24, 25, 26, 27, 28, 29, 30, 31, 32, 33, 34, 35, 36, 37, 38, 39, 40, 41, 42, 43, 44, 45, 46, 47, 48, 49, 50, 51, 52, 53, 54, 55, 56, 57, 58, 59, 60, 61, 62, 63, 64, 65, 66, 67, 68, 69, 70, 71, 72, 73, 74, 75, 76, 77, 78, 79, 80, 81, 82, 83, 84, 85, 86, 87, 88, 89, 90, 91, 92, 93, 94, 95, 96, 97, 98, 99, 100, 101, 102, 103, 104, 105, 106, 107, 108, 109, 110, 111, 112, 113, 114, 115, 116, 117, 118, 119, 120, 121, 122, 123, 124, 125, 126, 127, 128, 129, 130, 131, 132, 133, 134, 135, 136, 137, 138, 139, 140, 141, 142, 143, 144, 145, 146, 147, 148, 149, 150, 151, 152, 153, 154, 155, 156, 157, 158, 159, 160, 161, 162, 163, 164, 165, 166, 167, 168, 169, 170, 171, 172, 173, 174, 175, 176, 177, 178, 179, 180, 181, 182, 185, 186, 187, 188, 189, 190, 191, 192, 193, 194, 195, 196, 197, 198, 199, 200, 201, 202, 203, 204, 205, 206, 207, 208, 209, 210, 211, 212, 213, 214, 215, 216, 217, 218, 219, 220, 221, 222, 223, 224, 225, 226, 227, 228, 229, 230, 231, 232, 233, 234, 235, 236, 237, 238, 239, 240, 241, 242, 243, 244, 245, 246, 247, 248, 249, 250, 251, 252, 253, 254, 255, 256, 257, 258, 259, 260, 261, 262, 263, 264, 265, 266, 267, 268, 269, 270, 271, 272, 273, 274, 275, 276, 277, 278, 279, 280, 281, 282, 283, 285, 286, 289, 291, 292, 296, 300, 301, 302, 304, 305, 306, 308, 309, 311, 312, 313, 314, 315, 316, 317, 318, 321, 322, 323, 324, 327, 328, 331, 332, 333, 334, 335, 336, 340, 341, 342, 344, 347, 348, 350, 352, 353, 354, 355, 356, 358, 360, 361, 364, 365, 366, 370, 371, 376, 381, 382, 383, 384, 390, 392, 393, 395, 398, 399, 400, 402, 403, 406, 411, 413, 414, 416, 417, 418, 419, 421, 422, 423, 424, 425, 426, 428, 429, 430, 431, 433, 436, 437, 438, 449, 450, 451, 453, 455, 458, 459, 461, 463, 465, 466, 467, 469, 471, 477, 488, 489, 490, 491, 492, 493, 494, 495, 496, 497, 499, 509, 510, 512, 517, 519, 520, 523, 524, 527, 528, 529, 530, 537, 538, 539, 541, 542, 544, 545, 546, 547, 549, 550, 551, 552, 553, 555, 556, 558, 560, 562, 563, 564, 566, 567, 568, 569, 570, 572, 573, 574, 575, 579, 580, 581, 586, 589, 590, 592, 594, 597, 599, 601, 602, 603, 604, 605, 607, 608, 609, 610, 611, 612, 613, 614, 615, 616, 617, 618, 619, 620, 621, 622, 623, 624, 626, 629]",475,False,2.545257663798964e-05,-4.737267957405427e-09,8.485771301982348e-06,10.0
P4,344,344,196,148,2277,0.5697674418604651,0.07925596441568944,0.13915512957046502,cao2018,S01/061102n,all_channel,mean,mean__all_channel__P4,32,630,"[0, 1, 2, 3, 4, 5, 6, 7, 8, 9, 10, 11, 12, 13, 14, 15, 16, 17, 18, 19, 20, 21, 22, 23, 24, 25, 26, 27, 28, 29, 30, 31, 32, 33, 34, 35, 36, 37, 38, 39, 40, 41, 42, 43, 44, 45, 46, 47, 48, 49, 50, 51, 52, 53, 54, 55, 56, 57, 58, 59, 60, 61, 62, 63, 64, 65, 66, 67, 68, 69, 70, 71, 72, 73, 74, 75, 76, 77, 78, 79, 80, 81, 82, 83, 84, 85, 86, 87, 88, 89, 90, 91, 92, 93, 94, 95, 96, 97, 98, 99, 100, 101, 102, 103, 104, 105, 106, 107, 108, 109, 110, 111, 112, 113, 114, 115, 116, 117, 118, 119, 120, 121, 122, 123, 124, 125, 126, 127, 128, 129, 130, 131, 132, 133, 134, 135, 136, 137, 138, 139, 140, 141, 142, 143, 144, 145, 146, 147, 148, 149, 150, 151, 152, 153, 154, 155, 156, 157, 158, 159, 160, 161, 162, 163, 164, 165, 166, 167, 168, 169, 170, 171, 172, 173, 174, 175, 176, 177, 178, 179, 180, 181, 182, 185, 186, 187, 188, 189, 190, 191, 192, 193, 194, 195, 196, 197, 198, 199, 200, 201, 202, 203, 204, 205, 206, 207, 208, 209, 210, 211, 212, 213, 214, 215, 216, 217, 218, 219, 220, 221, 222, 223, 224, 225, 226, 227, 228, 229, 230, 231, 232, 233, 234, 235, 236, 237, 238, 239, 240, 241, 242, 243, 244, 245, 246, 247, 248, 249, 250, 251, 252, 253, 254, 255, 256, 257, 258, 259, 260, 261, 262, 263, 264, 265, 266, 267, 268, 269, 270, 271, 272, 273, 274, 275, 276, 277, 278, 279, 280, 281, 282, 283, 285, 286, 289, 291, 292, 296, 300, 301, 302, 304, 305, 306, 308, 309, 311, 312, 313, 314, 315, 316, 317, 318, 321, 322, 323, 324, 327, 328, 331, 332, 333, 334, 335, 336, 340, 341, 342, 344, 347, 348, 350, 352, 353, 354, 355, 356, 358, 360, 361, 364, 365, 366, 370, 371, 376, 381, 382, 383, 384, 390, 392, 393, 395, 398, 399, 400, 402, 403, 406, 411, 413, 414, 416, 417, 418, 419, 421, 422, 423, 424, 425, 426, 428, 429, 430, 431, 433, 436, 437, 438, 449, 450, 451, 453, 455, 458, 459, 461, 463, 465, 466, 467, 469, 471, 477, 488, 489, 490, 491, 492, 493, 494, 495, 496, 497, 499, 509, 510, 512, 517, 519, 520, 523, 524, 527, 528, 529, 530, 537, 538, 539, 541, 542, 544, 545, 546, 547, 549, 550, 551, 552, 553, 555, 556, 558, 560, 562, 563, 564, 566, 567, 568, 569, 570, 572, 573, 574, 575, 579, 580, 581, 586, 589, 590, 592, 594, 597, 599, 601, 602, 603, 604, 605, 607, 608, 609, 610, 611, 612, 613, 614, 615, 616, 617, 618, 619, 620, 621, 622, 623, 624, 626, 629]",475,False,2.1150460873324895e-05,-7.362985951644845e-10,7.050399057306686e-06,10.0
T6,316,316,145,171,2328,0.4588607594936709,0.05863323898099474,0.10397992111868053,cao2018,S01/061102n,all_channel,mean,mean__all_channel__T6,32,630,"[0, 1, 2, 3, 4, 5, 6, 7, 8, 9, 10, 11, 12, 13, 14, 15, 16, 17, 18, 19, 20, 21, 22, 23, 24, 25, 26, 27, 28, 29, 30, 31, 32, 33, 34, 35, 36, 37, 38, 39, 40, 41, 42, 43, 44, 45, 46, 47, 48, 49, 50, 51, 52, 53, 54, 55, 56, 57, 58, 59, 60, 61, 62, 63, 64, 65, 66, 67, 68, 69, 70, 71, 72, 73, 74, 75, 76, 77, 78, 79, 80, 81, 82, 83, 84, 85, 86, 87, 88, 89, 90, 91, 92, 93, 94, 95, 96, 97, 98, 99, 100, 101, 102, 103, 104, 105, 106, 107, 108, 109, 110, 111, 112, 113, 114, 115, 116, 117, 118, 119, 120, 121, 122, 123, 124, 125, 126, 127, 128, 129, 130, 131, 132, 133, 134, 135, 136, 137, 138, 139, 140, 141, 142, 143, 144, 145, 146, 147, 148, 149, 150, 151, 152, 153, 154, 155, 156, 157, 158, 159, 160, 161, 162, 163, 164, 165, 166, 167, 168, 169, 170, 171, 172, 173, 174, 175, 176, 177, 178, 179, 180, 181, 182, 185, 186, 187, 188, 189, 190, 191, 192, 193, 194, 195, 196, 197, 198, 199, 200, 201, 202, 203, 204, 205, 206, 207, 208, 209, 210, 211, 212, 213, 214, 215, 216, 217, 218, 219, 220, 221, 222, 223, 224, 225, 226, 227, 228, 229, 230, 231, 232, 233, 234, 235, 236, 237, 238, 239, 240, 241, 242, 243, 244, 245, 246, 247, 248, 249, 250, 251, 252, 253, 254, 255, 256, 257, 258, 259, 260, 261, 262, 263, 264, 265, 266, 267, 268, 269, 270, 271, 272, 273, 274, 275, 276, 277, 278, 279, 280, 281, 282, 283, 285, 286, 289, 291, 292, 296, 300, 301, 302, 304, 305, 306, 308, 309, 311, 312, 313, 314, 315, 316, 317, 318, 321, 322, 323, 324, 327, 328, 331, 332, 333, 334, 335, 336, 340, 341, 342, 344, 347, 348, 350, 352, 353, 354, 355, 356, 358, 360, 361, 364, 365, 366, 370, 371, 376, 381, 382, 383, 384, 390, 392, 393, 395, 398, 399, 400, 402, 403, 406, 411, 413, 414, 416, 417, 418, 419, 421, 422, 423, 424, 425, 426, 428, 429, 430, 431, 433, 436, 437, 438, 449, 450, 451, 453, 455, 458, 459, 461, 463, 465, 466, 467, 469, 471, 477, 488, 489, 490, 491, 492, 493, 494, 495, 496, 497, 499, 509, 510, 512, 517, 519, 520, 523, 524, 527, 528, 529, 530, 537, 538, 539, 541, 542, 544, 545, 546, 547, 549, 550, 551, 552, 553, 555, 556, 558, 560, 562, 563, 564, 566, 567, 568, 569, 570, 572, 573, 574, 575, 579, 580, 581, 586, 589, 590, 592, 594, 597, 599, 601, 602, 603, 604, 605, 607, 608, 609, 610, 611, 612, 613, 614, 615, 616, 617, 618, 619, 620, 621, 622, 623, 624, 626, 629]",475,False,1.6729759066903485e-05,-5.806624087560047e-09,5.578521896997014e-06,10.0
CPZ,252,252,117,135,2356,0.4642857142857143,0.04731095835018197,0.08587155963302753,cao2018,S01/061102n,all_channel,mean,mean__all_channel__CPZ,32,630,"[0, 1, 2, 3, 4, 5, 6, 7, 8, 9, 10, 11, 12, 13, 14, 15, 16, 17, 18, 19, 20, 21, 22, 23, 24, 25, 26, 27, 28, 29, 30, 31, 32, 33, 34, 35, 36, 37, 38, 39, 40, 41, 42, 43, 44, 45, 46, 47, 48, 49, 50, 51, 52, 53, 54, 55, 56, 57, 58, 59, 60, 61, 62, 63, 64, 65, 66, 67, 68, 69, 70, 71, 72, 73, 74, 75, 76, 77, 78, 79, 80, 81, 82, 83, 84, 85, 86, 87, 88, 89, 90, 91, 92, 93, 94, 95, 96, 97, 98, 99, 100, 101, 102, 103, 104, 105, 106, 107, 108, 109, 110, 111, 112, 113, 114, 115, 116, 117, 118, 119, 120, 121, 122, 123, 124, 125, 126, 127, 128, 129, 130, 131, 132, 133, 134, 135, 136, 137, 138, 139, 140, 141, 142, 143, 144, 145, 146, 147, 148, 149, 150, 151, 152, 153, 154, 155, 156, 157, 158, 159, 160, 161, 162, 163, 164, 165, 166, 167, 168, 169, 170, 171, 172, 173, 174, 175, 176, 177, 178, 179, 180, 181, 182, 185, 186, 187, 188, 189, 190, 191, 192, 193, 194, 195, 196, 197, 198, 199, 200, 201, 202, 203, 204, 205, 206, 207, 208, 209, 210, 211, 212, 213, 214, 215, 216, 217, 218, 219, 220, 221, 222, 223, 224, 225, 226, 227, 228, 229, 230, 231, 232, 233, 234, 235, 236, 237, 238, 239, 240, 241, 242, 243, 244, 245, 246, 247, 248, 249, 250, 251, 252, 253, 254, 255, 256, 257, 258, 259, 260, 261, 262, 263, 264, 265, 266, 267, 268, 269, 270, 271, 272, 273, 274, 275, 276, 277, 278, 279, 280, 281, 282, 283, 285, 286, 289, 291, 292, 296, 300, 301, 302, 304, 305, 306, 308, 309, 311, 312, 313, 314, 315, 316, 317, 318, 321, 322, 323, 324, 327, 328, 331, 332, 333, 334, 335, 336, 340, 341, 342, 344, 347, 348, 350, 352, 353, 354, 355, 356, 358, 360, 361, 364, 365, 366, 370, 371, 376, 381, 382, 383, 384, 390, 392, 393, 395, 398, 399, 400, 402, 403, 406, 411, 413, 414, 416, 417, 418, 419, 421, 422, 423, 424, 425, 426, 428, 429, 430, 431, 433, 436, 437, 438, 449, 450, 451, 453, 455, 458, 459, 461, 463, 465, 466, 467, 469, 471, 477, 488, 489, 490, 491, 492, 493, 494, 495, 496, 497, 499, 509, 510, 512, 517, 519, 520, 523, 524, 527, 528, 529, 530, 537, 538, 539, 541, 542, 544, 545, 546, 547, 549, 550, 551, 552, 553, 555, 556, 558, 560, 562, 563, 564, 566, 567, 568, 569, 570, 572, 573, 574, 575, 579, 580, 581, 586, 589, 590, 592, 594, 597, 599, 601, 602, 603, 604, 605, 607, 608, 609, 610, 611, 612, 613, 614, 615, 616, 617, 618, 619, 620, 621, 622, 623, 624, 626, 629]",475,False,2.4120067279456877e-05,-3.786900239809191e-11,8.040035049486424e-06,10.0
CP3,192,192,85,107,2388,0.4427083333333333,0.0343712090578245,0.06378986866791744,cao2018,S01/061102n,all_channel,mean,mean__all_channel__CP3,32,630,"[0, 1, 2, 3, 4, 5, 6, 7, 8, 9, 10, 11, 12, 13, 14, 15, 16, 17, 18, 19, 20, 21, 22, 23, 24, 25, 26, 27, 28, 29, 30, 31, 32, 33, 34, 35, 36, 37, 38, 39, 40, 41, 42, 43, 44, 45, 46, 47, 48, 49, 50, 51, 52, 53, 54, 55, 56, 57, 58, 59, 60, 61, 62, 63, 64, 65, 66, 67, 68, 69, 70, 71, 72, 73, 74, 75, 76, 77, 78, 79, 80, 81, 82, 83, 84, 85, 86, 87, 88, 89, 90, 91, 92, 93, 94, 95, 96, 97, 98, 99, 100, 101, 102, 103, 104, 105, 106, 107, 108, 109, 110, 111, 112, 113, 114, 115, 116, 117, 118, 119, 120, 121, 122, 123, 124, 125, 126, 127, 128, 129, 130, 131, 132, 133, 134, 135, 136, 137, 138, 139, 140, 141, 142, 143, 144, 145, 146, 147, 148, 149, 150, 151, 152, 153, 154, 155, 156, 157, 158, 159, 160, 161, 162, 163, 164, 165, 166, 167, 168, 169, 170, 171, 172, 173, 174, 175, 176, 177, 178, 179, 180, 181, 182, 185, 186, 187, 188, 189, 190, 191, 192, 193, 194, 195, 196, 197, 198, 199, 200, 201, 202, 203, 204, 205, 206, 207, 208, 209, 210, 211, 212, 213, 214, 215, 216, 217, 218, 219, 220, 221, 222, 223, 224, 225, 226, 227, 228, 229, 230, 231, 232, 233, 234, 235, 236, 237, 238, 239, 240, 241, 242, 243, 244, 245, 246, 247, 248, 249, 250, 251, 252, 253, 254, 255, 256, 257, 258, 259, 260, 261, 262, 263, 264, 265, 266, 267, 268, 269, 270, 271, 272, 273, 274, 275, 276, 277, 278, 279, 280, 281, 282, 283, 285, 286, 289, 291, 292, 296, 300, 301, 302, 304, 305, 306, 308, 309, 311, 312, 313, 314, 315, 316, 317, 318, 321, 322, 323, 324, 327, 328, 331, 332, 333, 334, 335, 336, 340, 341, 342, 344, 347, 348, 350, 352, 353, 354, 355, 356, 358, 360, 361, 364, 365, 366, 370, 371, 376, 381, 382, 383, 384, 390, 392, 393, 395, 398, 399, 400, 402, 403, 406, 411, 413, 414, 416, 417, 418, 419, 421, 422, 423, 424, 425, 426, 428, 429, 430, 431, 433, 436, 437, 438, 449, 450, 451, 453, 455, 458, 459, 461, 463, 465, 466, 467, 469, 471, 477, 488, 489, 490, 491, 492, 493, 494, 495, 496, 497, 499, 509, 510, 512, 517, 519, 520, 523, 524, 527, 528, 529, 530, 537, 538, 539, 541, 542, 544, 545, 546, 547, 549, 550, 551, 552, 553, 555, 556, 558, 560, 562, 563, 564, 566, 567, 568, 569, 570, 572, 573, 574, 575, 579, 580, 581, 586, 589, 590, 592, 594, 597, 599, 601, 602, 603, 604, 605, 607, 608, 609, 610, 611, 612, 613, 614, 615, 616, 617, 618, 619, 620, 621, 622, 623, 624, 626, 629]",475,False,2.199924610550807e-05,-9.113405624514435e-11,7.333112413188105e-06,10.0
PZ,193,193,73,120,2400,0.37823834196891193,0.029518803073190457,0.05476369092273068,cao2018,S01/061102n,all_channel,mean,mean__all_channel__PZ,32,630,"[0, 1, 2, 3, 4, 5, 6, 7, 8, 9, 10, 11, 12, 13, 14, 15, 16, 17, 18, 19, 20, 21, 22, 23, 24, 25, 26, 27, 28, 29, 30, 31, 32, 33, 34, 35, 36, 37, 38, 39, 40, 41, 42, 43, 44, 45, 46, 47, 48, 49, 50, 51, 52, 53, 54, 55, 56, 57, 58, 59, 60, 61, 62, 63, 64, 65, 66, 67, 68, 69, 70, 71, 72, 73, 74, 75, 76, 77, 78, 79, 80, 81, 82, 83, 84, 85, 86, 87, 88, 89, 90, 91, 92, 93, 94, 95, 96, 97, 98, 99, 100, 101, 102, 103, 104, 105, 106, 107, 108, 109, 110, 111, 112, 113, 114, 115, 116, 117, 118, 119, 120, 121, 122, 123, 124, 125, 126, 127, 128, 129, 130, 131, 132, 133, 134, 135, 136, 137, 138, 139, 140, 141, 142, 143, 144, 145, 146, 147, 148, 149, 150, 151, 152, 153, 154, 155, 156, 157, 158, 159, 160, 161, 162, 163, 164, 165, 166, 167, 168, 169, 170, 171, 172, 173, 174, 175, 176, 177, 178, 179, 180, 181, 182, 185, 186, 187, 188, 189, 190, 191, 192, 193, 194, 195, 196, 197, 198, 199, 200, 201, 202, 203, 204, 205, 206, 207, 208, 209, 210, 211, 212, 213, 214, 215, 216, 217, 218, 219, 220, 221, 222, 223, 224, 225, 226, 227, 228, 229, 230, 231, 232, 233, 234, 235, 236, 237, 238, 239, 240, 241, 242, 243, 244, 245, 246, 247, 248, 249, 250, 251, 252, 253, 254, 255, 256, 257, 258, 259, 260, 261, 262, 263, 264, 265, 266, 267, 268, 269, 270, 271, 272, 273, 274, 275, 276, 277, 278, 279, 280, 281, 282, 283, 285, 286, 289, 291, 292, 296, 300, 301, 302, 304, 305, 306, 308, 309, 311, 312, 313, 314, 315, 316, 317, 318, 321, 322, 323, 324, 327, 328, 331, 332, 333, 334, 335, 336, 340, 341, 342, 344, 347, 348, 350, 352, 353, 354, 355, 356, 358, 360, 361, 364, 365, 366, 370, 371, 376, 381, 382, 383, 384, 390, 392, 393, 395, 398, 399, 400, 402, 403, 406, 411, 413, 414, 416, 417, 418, 419, 421, 422, 423, 424, 425, 426, 428, 429, 430, 431, 433, 436, 437, 438, 449, 450, 451, 453, 455, 458, 459, 461, 463, 465, 466, 467, 469, 471, 477, 488, 489, 490, 491, 492, 493, 494, 495, 496, 497, 499, 509, 510, 512, 517, 519, 520, 523, 524, 527, 528, 529, 530, 537, 538, 539, 541, 542, 544, 545, 546, 547, 549, 550, 551, 552, 553, 555, 556, 558, 560, 562, 563, 564, 566, 567, 568, 569, 570, 572, 573, 574, 575, 579, 580, 581, 586, 589, 590, 592, 594, 597, 599, 601, 602, 603, 604, 605, 607, 608, 609, 610, 611, 612, 613, 614, 615, 616, 617, 618, 619, 620, 621, 622, 623, 624, 626, 629]",475,False,2.1782595034310354e-05,1.9542532288612262e-11,7.260858497259355e-06,10.0
P3,162,162,59,103,2414,0.36419753086419754,0.023857662757784066,0.044781783681214424,cao2018,S01/061102n,all_channel,mean,mean__all_channel__P3,32,630,"[0, 1, 2, 3, 4, 5, 6, 7, 8, 9, 10, 11, 12, 13, 14, 15, 16, 17, 18, 19, 20, 21, 22, 23, 24, 25, 26, 27, 28, 29, 30, 31, 32, 33, 34, 35, 36, 37, 38, 39, 40, 41, 42, 43, 44, 45, 46, 47, 48, 49, 50, 51, 52, 53, 54, 55, 56, 57, 58, 59, 60, 61, 62, 63, 64, 65, 66, 67, 68, 69, 70, 71, 72, 73, 74, 75, 76, 77, 78, 79, 80, 81, 82, 83, 84, 85, 86, 87, 88, 89, 90, 91, 92, 93, 94, 95, 96, 97, 98, 99, 100, 101, 102, 103, 104, 105, 106, 107, 108, 109, 110, 111, 112, 113, 114, 115, 116, 117, 118, 119, 120, 121, 122, 123, 124, 125, 126, 127, 128, 129, 130, 131, 132, 133, 134, 135, 136, 137, 138, 139, 140, 141, 142, 143, 144, 145, 146, 147, 148, 149, 150, 151, 152, 153, 154, 155, 156, 157, 158, 159, 160, 161, 162, 163, 164, 165, 166, 167, 168, 169, 170, 171, 172, 173, 174, 175, 176, 177, 178, 179, 180, 181, 182, 185, 186, 187, 188, 189, 190, 191, 192, 193, 194, 195, 196, 197, 198, 199, 200, 201, 202, 203, 204, 205, 206, 207, 208, 209, 210, 211, 212, 213, 214, 215, 216, 217, 218, 219, 220, 221, 222, 223, 224, 225, 226, 227, 228, 229, 230, 231, 232, 233, 234, 235, 236, 237, 238, 239, 240, 241, 242, 243, 244, 245, 246, 247, 248, 249, 250, 251, 252, 253, 254, 255, 256, 257, 258, 259, 260, 261, 262, 263, 264, 265, 266, 267, 268, 269, 270, 271, 272, 273, 274, 275, 276, 277, 278, 279, 280, 281, 282, 283, 285, 286, 289, 291, 292, 296, 300, 301, 302, 304, 305, 306, 308, 309, 311, 312, 313, 314, 315, 316, 317, 318, 321, 322, 323, 324, 327, 328, 331, 332, 333, 334, 335, 336, 340, 341, 342, 344, 347, 348, 350, 352, 353, 354, 355, 356, 358, 360, 361, 364, 365, 366, 370, 371, 376, 381, 382, 383, 384, 390, 392, 393, 395, 398, 399, 400, 402, 403, 406, 411, 413, 414, 416, 417, 418, 419, 421, 422, 423, 424, 425, 426, 428, 429, 430, 431, 433, 436, 437, 438, 449, 450, 451, 453, 455, 458, 459, 461, 463, 465, 466, 467, 469, 471, 477, 488, 489, 490, 491, 492, 493, 494, 495, 496, 497, 499, 509, 510, 512, 517, 519, 520, 523, 524, 527, 528, 529, 530, 537, 538, 539, 541, 542, 544, 545, 546, 547, 549, 550, 551, 552, 553, 555, 556, 558, 560, 562, 563, 564, 566, 567, 568, 569, 570, 572, 573, 574, 575, 579, 580, 581, 586, 589, 590, 592, 594, 597, 599, 601, 602, 603, 604, 605, 607, 608, 609, 610, 611, 612, 613, 614, 615, 616, 617, 618, 619, 620, 621, 622, 623, 624, 626, 629]",475,False,2.0031699666706118e-05,-3.1422105232068556e-10,6.677337962586147e-06,10.0
TP7,1080,1080,70,1010,2403,0.06481481481481481,0.028305701577031946,0.039403321137067265,cao2018,S01/061102n,all_channel,mean,mean__all_channel__TP7,32,630,"[0, 1, 2, 3, 4, 5, 6, 7, 8, 9, 10, 11, 12, 13, 14, 15, 16, 17, 18, 19, 20, 21, 22, 23, 24, 25, 26, 27, 28, 29, 30, 31, 32, 33, 34, 35, 36, 37, 38, 39, 40, 41, 42, 43, 44, 45, 46, 47, 48, 49, 50, 51, 52, 53, 54, 55, 56, 57, 58, 59, 60, 61, 62, 63, 64, 65, 66, 67, 68, 69, 70, 71, 72, 73, 74, 75, 76, 77, 78, 79, 80, 81, 82, 83, 84, 85, 86, 87, 88, 89, 90, 91, 92, 93, 94, 95, 96, 97, 98, 99, 100, 101, 102, 103, 104, 105, 106, 107, 108, 109, 110, 111, 112, 113, 114, 115, 116, 117, 118, 119, 120, 121, 122, 123, 124, 125, 126, 127, 128, 129, 130, 131, 132, 133, 134, 135, 136, 137, 138, 139, 140, 141, 142, 143, 144, 145, 146, 147, 148, 149, 150, 151, 152, 153, 154, 155, 156, 157, 158, 159, 160, 161, 162, 163, 164, 165, 166, 167, 168, 169, 170, 171, 172, 173, 174, 175, 176, 177, 178, 179, 180, 181, 182, 185, 186, 187, 188, 189, 190, 191, 192, 193, 194, 195, 196, 197, 198, 199, 200, 201, 202, 203, 204, 205, 206, 207, 208, 209, 210, 211, 212, 213, 214, 215, 216, 217, 218, 219, 220, 221, 222, 223, 224, 225, 226, 227, 228, 229, 230, 231, 232, 233, 234, 235, 236, 237, 238, 239, 240, 241, 242, 243, 244, 245, 246, 247, 248, 249, 250, 251, 252, 253, 254, 255, 256, 257, 258, 259, 260, 261, 262, 263, 264, 265, 266, 267, 268, 269, 270, 271, 272, 273, 274, 275, 276, 277, 278, 279, 280, 281, 282, 283, 285, 286, 289, 291, 292, 296, 300, 301, 302, 304, 305, 306, 308, 309, 311, 312, 313, 314, 315, 316, 317, 318, 321, 322, 323, 324, 327, 328, 331, 332, 333, 334, 335, 336, 340, 341, 342, 344, 347, 348, 350, 352, 353, 354, 355, 356, 358, 360, 361, 364, 365, 366, 370, 371, 376, 381, 382, 383, 384, 390, 392, 393, 395, 398, 399, 400, 402, 403, 406, 411, 413, 414, 416, 417, 418, 419, 421, 422, 423, 424, 425, 426, 428, 429, 430, 431, 433, 436, 437, 438, 449, 450, 451, 453, 455, 458, 459, 461, 463, 465, 466, 467, 469, 471, 477, 488, 489, 490, 491, 492, 493, 494, 495, 496, 497, 499, 509, 510, 512, 517, 519, 520, 523, 524, 527, 528, 529, 530, 537, 538, 539, 541, 542, 544, 545, 546, 547, 549, 550, 551, 552, 553, 555, 556, 558, 560, 562, 563, 564, 566, 567, 568, 569, 570, 572, 573, 574, 575, 579, 580, 581, 586, 589, 590, 592, 594, 597, 599, 601, 602, 603, 604, 605, 607, 608, 609, 610, 611, 612, 613, 614, 615, 616, 617, 618, 619, 620, 621, 622, 623, 624, 626, 629]",475,False,1.9717911010510337e-05,5.282723370435521e-08,6.555027925601993e-06,10.0
O2,151,151,30,121,2443,0.1986754966887417,0.01213101496158512,0.02286585365853659,cao2018,S01/061102n,all_channel,mean,mean__all_channel__O2,32,630,"[0, 1, 2, 3, 4, 5, 6, 7, 8, 9, 10, 11, 12, 13, 14, 15, 16, 17, 18, 19, 20, 21, 22, 23, 24, 25, 26, 27, 28, 29, 30, 31, 32, 33, 34, 35, 36, 37, 38, 39, 40, 41, 42, 43, 44, 45, 46, 47, 48, 49, 50, 51, 52, 53, 54, 55, 56, 57, 58, 59, 60, 61, 62, 63, 64, 65, 66, 67, 68, 69, 70, 71, 72, 73, 74, 75, 76, 77, 78, 79, 80, 81, 82, 83, 84, 85, 86, 87, 88, 89, 90, 91, 92, 93, 94, 95, 96, 97, 98, 99, 100, 101, 102, 103, 104, 105, 106, 107, 108, 109, 110, 111, 112, 113, 114, 115, 116, 117, 118, 119, 120, 121, 122, 123, 124, 125, 126, 127, 128, 129, 130, 131, 132, 133, 134, 135, 136, 137, 138, 139, 140, 141, 142, 143, 144, 145, 146, 147, 148, 149, 150, 151, 152, 153, 154, 155, 156, 157, 158, 159, 160, 161, 162, 163, 164, 165, 166, 167, 168, 169, 170, 171, 172, 173, 174, 175, 176, 177, 178, 179, 180, 181, 182, 185, 186, 187, 188, 189, 190, 191, 192, 193, 194, 195, 196, 197, 198, 199, 200, 201, 202, 203, 204, 205, 206, 207, 208, 209, 210, 211, 212, 213, 214, 215, 216, 217, 218, 219, 220, 221, 222, 223, 224, 225, 226, 227, 228, 229, 230, 231, 232, 233, 234, 235, 236, 237, 238, 239, 240, 241, 242, 243, 244, 245, 246, 247, 248, 249, 250, 251, 252, 253, 254, 255, 256, 257, 258, 259, 260, 261, 262, 263, 264, 265, 266, 267, 268, 269, 270, 271, 272, 273, 274, 275, 276, 277, 278, 279, 280, 281, 282, 283, 285, 286, 289, 291, 292, 296, 300, 301, 302, 304, 305, 306, 308, 309, 311, 312, 313, 314, 315, 316, 317, 318, 321, 322, 323, 324, 327, 328, 331, 332, 333, 334, 335, 336, 340, 341, 342, 344, 347, 348, 350, 352, 353, 354, 355, 356, 358, 360, 361, 364, 365, 366, 370, 371, 376, 381, 382, 383, 384, 390, 392, 393, 395, 398, 399, 400, 402, 403, 406, 411, 413, 414, 416, 417, 418, 419, 421, 422, 423, 424, 425, 426, 428, 429, 430, 431, 433, 436, 437, 438, 449, 450, 451, 453, 455, 458, 459, 461, 463, 465, 466, 467, 469, 471, 477, 488, 489, 490, 491, 492, 493, 494, 495, 496, 497, 499, 509, 510, 512, 517, 519, 520, 523, 524, 527, 528, 529, 530, 537, 538, 539, 541, 542, 544, 545, 546, 547, 549, 550, 551, 552, 553, 555, 556, 558, 560, 562, 563, 564, 566, 567, 568, 569, 570, 572, 573, 574, 575, 579, 580, 581, 586, 589, 590, 592, 594, 597, 599, 601, 602, 603, 604, 605, 607, 608, 609, 610, 611, 612, 613, 614, 615, 616, 617, 618, 619, 620, 621, 622, 623, 624, 626, 629]",475,False,1.775913610563031e-05,-5.213625901255429e-09,5.921449910510521e-06,10.0
A1,222,222,30,192,2443,0.13513513513513514,0.01213101496158512,0.022263450834879406,cao2018,S01/061102n,all_channel,mean,mean__all_channel__A1,32,630,"[0, 1, 2, 3, 4, 5, 6, 7, 8, 9, 10, 11, 12, 13, 14, 15, 16, 17, 18, 19, 20, 21, 22, 23, 24, 25, 26, 27, 28, 29, 30, 31, 32, 33, 34, 35, 36, 37, 38, 39, 40, 41, 42, 43, 44, 45, 46, 47, 48, 49, 50, 51, 52, 53, 54, 55, 56, 57, 58, 59, 60, 61, 62, 63, 64, 65, 66, 67, 68, 69, 70, 71, 72, 73, 74, 75, 76, 77, 78, 79, 80, 81, 82, 83, 84, 85, 86, 87, 88, 89, 90, 91, 92, 93, 94, 95, 96, 97, 98, 99, 100, 101, 102, 103, 104, 105, 106, 107, 108, 109, 110, 111, 112, 113, 114, 115, 116, 117, 118, 119, 120, 121, 122, 123, 124, 125, 126, 127, 128, 129, 130, 131, 132, 133, 134, 135, 136, 137, 138, 139, 140, 141, 142, 143, 144, 145, 146, 147, 148, 149, 150, 151, 152, 153, 154, 155, 156, 157, 158, 159, 160, 161, 162, 163, 164, 165, 166, 167, 168, 169, 170, 171, 172, 173, 174, 175, 176, 177, 178, 179, 180, 181, 182, 185, 186, 187, 188, 189, 190, 191, 192, 193, 194, 195, 196, 197, 198, 199, 200, 201, 202, 203, 204, 205, 206, 207, 208, 209, 210, 211, 212, 213, 214, 215, 216, 217, 218, 219, 220, 221, 222, 223, 224, 225, 226, 227, 228, 229, 230, 231, 232, 233, 234, 235, 236, 237, 238, 239, 240, 241, 242, 243, 244, 245, 246, 247, 248, 249, 250, 251, 252, 253, 254, 255, 256, 257, 258, 259, 260, 261, 262, 263, 264, 265, 266, 267, 268, 269, 270, 271, 272, 273, 274, 275, 276, 277, 278, 279, 280, 281, 282, 283, 285, 286, 289, 291, 292, 296, 300, 301, 302, 304, 305, 306, 308, 309, 311, 312, 313, 314, 315, 316, 317, 318, 321, 322, 323, 324, 327, 328, 331, 332, 333, 334, 335, 336, 340, 341, 342, 344, 347, 348, 350, 352, 353, 354, 355, 356, 358, 360, 361, 364, 365, 366, 370, 371, 376, 381, 382, 383, 384, 390, 392, 393, 395, 398, 399, 400, 402, 403, 406, 411, 413, 414, 416, 417, 418, 419, 421, 422, 423, 424, 425, 426, 428, 429, 430, 431, 433, 436, 437, 438, 449, 450, 451, 453, 455, 458, 459, 461, 463, 465, 466, 467, 469, 471, 477, 488, 489, 490, 491, 492, 493, 494, 495, 496, 497, 499, 509, 510, 512, 517, 519, 520, 523, 524, 527, 528, 529, 530, 537, 538, 539, 541, 542, 544, 545, 546, 547, 549, 550, 551, 552, 553, 555, 556, 558, 560, 562, 563, 564, 566, 567, 568, 569, 570, 572, 573, 574, 575, 579, 580, 581, 586, 589, 590, 592, 594, 597, 599, 601, 602, 603, 604, 605, 607, 608, 609, 610, 611, 612, 613, 614, 615, 616, 617, 618, 619, 620, 621, 622, 623, 624, 626, 629]",475,False,1.055925280270913e-05,6.941316953160613e-09,3.5174371619186564e-06,10.0
T5,141,141,24,117,2449,0.1702127659574468,0.009704811969268095,0.01836266258607498,cao2018,S01/061102n,all_channel,mean,mean__all_channel__T5,32,630,"[0, 1, 2, 3, 4, 5, 6, 7, 8, 9, 10, 11, 12, 13, 14, 15, 16, 17, 18, 19, 20, 21, 22, 23, 24, 25, 26, 27, 28, 29, 30, 31, 32, 33, 34, 35, 36, 37, 38, 39, 40, 41, 42, 43, 44, 45, 46, 47, 48, 49, 50, 51, 52, 53, 54, 55, 56, 57, 58, 59, 60, 61, 62, 63, 64, 65, 66, 67, 68, 69, 70, 71, 72, 73, 74, 75, 76, 77, 78, 79, 80, 81, 82, 83, 84, 85, 86, 87, 88, 89, 90, 91, 92, 93, 94, 95, 96, 97, 98, 99, 100, 101, 102, 103, 104, 105, 106, 107, 108, 109, 110, 111, 112, 113, 114, 115, 116, 117, 118, 119, 120, 121, 122, 123, 124, 125, 126, 127, 128, 129, 130, 131, 132, 133, 134, 135, 136, 137, 138, 139, 140, 141, 142, 143, 144, 145, 146, 147, 148, 149, 150, 151, 152, 153, 154, 155, 156, 157, 158, 159, 160, 161, 162, 163, 164, 165, 166, 167, 168, 169, 170, 171, 172, 173, 174, 175, 176, 177, 178, 179, 180, 181, 182, 185, 186, 187, 188, 189, 190, 191, 192, 193, 194, 195, 196, 197, 198, 199, 200, 201, 202, 203, 204, 205, 206, 207, 208, 209, 210, 211, 212, 213, 214, 215, 216, 217, 218, 219, 220, 221, 222, 223, 224, 225, 226, 227, 228, 229, 230, 231, 232, 233, 234, 235, 236, 237, 238, 239, 240, 241, 242, 243, 244, 245, 246, 247, 248, 249, 250, 251, 252, 253, 254, 255, 256, 257, 258, 259, 260, 261, 262, 263, 264, 265, 266, 267, 268, 269, 270, 271, 272, 273, 274, 275, 276, 277, 278, 279, 280, 281, 282, 283, 285, 286, 289, 291, 292, 296, 300, 301, 302, 304, 305, 306, 308, 309, 311, 312, 313, 314, 315, 316, 317, 318, 321, 322, 323, 324, 327, 328, 331, 332, 333, 334, 335, 336, 340, 341, 342, 344, 347, 348, 350, 352, 353, 354, 355, 356, 358, 360, 361, 364, 365, 366, 370, 371, 376, 381, 382, 383, 384, 390, 392, 393, 395, 398, 399, 400, 402, 403, 406, 411, 413, 414, 416, 417, 418, 419, 421, 422, 423, 424, 425, 426, 428, 429, 430, 431, 433, 436, 437, 438, 449, 450, 451, 453, 455, 458, 459, 461, 463, 465, 466, 467, 469, 471, 477, 488, 489, 490, 491, 492, 493, 494, 495, 496, 497, 499, 509, 510, 512, 517, 519, 520, 523, 524, 527, 528, 529, 530, 537, 538, 539, 541, 542, 544, 545, 546, 547, 549, 550, 551, 552, 553, 555, 556, 558, 560, 562, 563, 564, 566, 567, 568, 569, 570, 572, 573, 574, 575, 579, 580, 581, 586, 589, 590, 592, 594, 597, 599, 601, 602, 603, 604, 605, 607, 608, 609, 610, 611, 612, 613, 614, 615, 616, 617, 618, 619, 620, 621, 622, 623, 624, 626, 629]",475,False,1.5492077016973237e-05,1.1291990129404467e-09,5.1636492726534326e-06,10.0
OZ,153,153,21,132,2452,0.13725490196078433,0.008491710473109584,0.01599390708301599,cao2018,S01/061102n,all_channel,mean,mean__all_channel__OZ,32,630,"[0, 1, 2, 3, 4, 5, 6, 7, 8, 9, 10, 11, 12, 13, 14, 15, 16, 17, 18, 19, 20, 21, 22, 23, 24, 25, 26, 27, 28, 29, 30, 31, 32, 33, 34, 35, 36, 37, 38, 39, 40, 41, 42, 43, 44, 45, 46, 47, 48, 49, 50, 51, 52, 53, 54, 55, 56, 57, 58, 59, 60, 61, 62, 63, 64, 65, 66, 67, 68, 69, 70, 71, 72, 73, 74, 75, 76, 77, 78, 79, 80, 81, 82, 83, 84, 85, 86, 87, 88, 89, 90, 91, 92, 93, 94, 95, 96, 97, 98, 99, 100, 101, 102, 103, 104, 105, 106, 107, 108, 109, 110, 111, 112, 113, 114, 115, 116, 117, 118, 119, 120, 121, 122, 123, 124, 125, 126, 127, 128, 129, 130, 131, 132, 133, 134, 135, 136, 137, 138, 139, 140, 141, 142, 143, 144, 145, 146, 147, 148, 149, 150, 151, 152, 153, 154, 155, 156, 157, 158, 159, 160, 161, 162, 163, 164, 165, 166, 167, 168, 169, 170, 171, 172, 173, 174, 175, 176, 177, 178, 179, 180, 181, 182, 185, 186, 187, 188, 189, 190, 191, 192, 193, 194, 195, 196, 197, 198, 199, 200, 201, 202, 203, 204, 205, 206, 207, 208, 209, 210, 211, 212, 213, 214, 215, 216, 217, 218, 219, 220, 221, 222, 223, 224, 225, 226, 227, 228, 229, 230, 231, 232, 233, 234, 235, 236, 237, 238, 239, 240, 241, 242, 243, 244, 245, 246, 247, 248, 249, 250, 251, 252, 253, 254, 255, 256, 257, 258, 259, 260, 261, 262, 263, 264, 265, 266, 267, 268, 269, 270, 271, 272, 273, 274, 275, 276, 277, 278, 279, 280, 281, 282, 283, 285, 286, 289, 291, 292, 296, 300, 301, 302, 304, 305, 306, 308, 309, 311, 312, 313, 314, 315, 316, 317, 318, 321, 322, 323, 324, 327, 328, 331, 332, 333, 334, 335, 336, 340, 341, 342, 344, 347, 348, 350, 352, 353, 354, 355, 356, 358, 360, 361, 364, 365, 366, 370, 371, 376, 381, 382, 383, 384, 390, 392, 393, 395, 398, 399, 400, 402, 403, 406, 411, 413, 414, 416, 417, 418, 419, 421, 422, 423, 424, 425, 426, 428, 429, 430, 431, 433, 436, 437, 438, 449, 450, 451, 453, 455, 458, 459, 461, 463, 465, 466, 467, 469, 471, 477, 488, 489, 490, 491, 492, 493, 494, 495, 496, 497, 499, 509, 510, 512, 517, 519, 520, 523, 524, 527, 528, 529, 530, 537, 538, 539, 541, 542, 544, 545, 546, 547, 549, 550, 551, 552, 553, 555, 556, 558, 560, 562, 563, 564, 566, 567, 568, 569, 570, 572, 573, 574, 575, 579, 580, 581, 586, 589, 590, 592, 594, 597, 599, 601, 602, 603, 604, 605, 607, 608, 609, 610, 611, 612, 613, 614, 615, 616, 617, 618, 619, 620, 621, 622, 623, 624, 626, 629]",475,False,1.663651637632786e-05,-3.3546035378367862e-09,5.546623659955233e-06,10.0
O1,142,142,12,130,2461,0.08450704225352113,0.004852405984634048,0.009177820267686425,cao2018,S01/061102n,all_channel,mean,mean__all_channel__O1,32,630,"[0, 1, 2, 3, 4, 5, 6, 7, 8, 9, 10, 11, 12, 13, 14, 15, 16, 17, 18, 19, 20, 21, 22, 23, 24, 25, 26, 27, 28, 29, 30, 31, 32, 33, 34, 35, 36, 37, 38, 39, 40, 41, 42, 43, 44, 45, 46, 47, 48, 49, 50, 51, 52, 53, 54, 55, 56, 57, 58, 59, 60, 61, 62, 63, 64, 65, 66, 67, 68, 69, 70, 71, 72, 73, 74, 75, 76, 77, 78, 79, 80, 81, 82, 83, 84, 85, 86, 87, 88, 89, 90, 91, 92, 93, 94, 95, 96, 97, 98, 99, 100, 101, 102, 103, 104, 105, 106, 107, 108, 109, 110, 111, 112, 113, 114, 115, 116, 117, 118, 119, 120, 121, 122, 123, 124, 125, 126, 127, 128, 129, 130, 131, 132, 133, 134, 135, 136, 137, 138, 139, 140, 141, 142, 143, 144, 145, 146, 147, 148, 149, 150, 151, 152, 153, 154, 155, 156, 157, 158, 159, 160, 161, 162, 163, 164, 165, 166, 167, 168, 169, 170, 171, 172, 173, 174, 175, 176, 177, 178, 179, 180, 181, 182, 185, 186, 187, 188, 189, 190, 191, 192, 193, 194, 195, 196, 197, 198, 199, 200, 201, 202, 203, 204, 205, 206, 207, 208, 209, 210, 211, 212, 213, 214, 215, 216, 217, 218, 219, 220, 221, 222, 223, 224, 225, 226, 227, 228, 229, 230, 231, 232, 233, 234, 235, 236, 237, 238, 239, 240, 241, 242, 243, 244, 245, 246, 247, 248, 249, 250, 251, 252, 253, 254, 255, 256, 257, 258, 259, 260, 261, 262, 263, 264, 265, 266, 267, 268, 269, 270, 271, 272, 273, 274, 275, 276, 277, 278, 279, 280, 281, 282, 283, 285, 286, 289, 291, 292, 296, 300, 301, 302, 304, 305, 306, 308, 309, 311, 312, 313, 314, 315, 316, 317, 318, 321, 322, 323, 324, 327, 328, 331, 332, 333, 334, 335, 336, 340, 341, 342, 344, 347, 348, 350, 352, 353, 354, 355, 356, 358, 360, 361, 364, 365, 366, 370, 371, 376, 381, 382, 383, 384, 390, 392, 393, 395, 398, 399, 400, 402, 403, 406, 411, 413, 414, 416, 417, 418, 419, 421, 422, 423, 424, 425, 426, 428, 429, 430, 431, 433, 436, 437, 438, 449, 450, 451, 453, 455, 458, 459, 461, 463, 465, 466, 467, 469, 471, 477, 488, 489, 490, 491, 492, 493, 494, 495, 496, 497, 499, 509, 510, 512, 517, 519, 520, 523, 524, 527, 528, 529, 530, 537, 538, 539, 541, 542, 544, 545, 546, 547, 549, 550, 551, 552, 553, 555, 556, 558, 560, 562, 563, 564, 566, 567, 568, 569, 570, 572, 573, 574, 575, 579, 580, 581, 586, 589, 590, 592, 594, 597, 599, 601, 602, 603, 604, 605, 607, 608, 609, 610, 611, 612, 613, 614, 615, 616, 617, 618, 619, 620, 621, 622, 623, 624, 626, 629]",475,False,1.736956096422895e-05,5.764185391009266e-09,5.787932259612646e-06,10.0
FP1,2546,2546,2297,249,176,0.9021995286724274,0.9288313788920339,0.9153217772464634,cao2018,S01/061102n,frontal,median,median__frontal__FP1,4,630,"[1, 2, 3, 4, 5, 6, 8, 9, 10, 11, 12, 13, 14, 15, 16, 17, 18, 19, 23, 24, 25, 26, 27, 28, 31, 32, 36, 37, 38, 43, 44, 45, 46, 48, 49, 50, 52, 53, 54, 58, 59, 60, 61, 63, 65, 66, 67, 68, 69, 70, 71, 72, 73, 74, 75, 76, 77, 82, 83, 84, 85, 86, 89, 91, 92, 93, 94, 95, 96, 99, 101, 103, 107, 111, 112, 115, 117, 121, 130, 131, 132, 135, 138, 139, 146, 147, 148, 149, 154, 156, 157, 164, 165, 166, 167, 170, 173, 174, 175, 176, 179, 180, 187, 189, 190, 192, 197, 207, 208, 221, 226, 227, 228, 231, 232, 233, 236, 239, 240, 241, 242, 250, 251, 252, 256, 259, 262, 263, 266, 270, 273, 274, 278, 279, 280, 281, 282, 283, 285, 289, 291, 292, 296, 301, 302, 304, 305, 306, 308, 309, 311, 312, 313, 314, 315, 316, 318, 321, 322, 323, 324, 327, 328, 331, 332, 333, 334, 336, 340, 341, 344, 347, 350, 352, 353, 354, 355, 356, 360, 364, 365, 366, 370, 371, 376, 381, 382, 383, 384, 390, 392, 395, 398, 406, 411, 413, 414, 416, 417, 418, 419, 421, 422, 423, 424, 425, 426, 428, 430, 431, 433, 436, 437, 438, 451, 453, 455, 458, 459, 461, 463, 466, 469, 477, 488, 491, 492, 493, 494, 495, 496, 497, 499, 509, 510, 524, 527, 528, 529, 530, 537, 538, 539, 541, 542, 544, 545, 546, 547, 549, 550, 551, 552, 553, 555, 558, 560, 562, 563, 564, 566, 567, 568, 569, 572, 573, 574, 575, 579, 580, 581, 586, 589, 590, 592, 594, 599, 601, 602, 603, 604, 605, 607, 608, 609, 610, 611, 612, 613, 614, 615, 616, 617, 618, 619, 620, 621, 622, 623, 624, 626, 629]",302,False,5.8434588322240164e-05,-7.137002103649193e-06,2.1857196808629785e-05,10.0
FP2,2017,2017,1778,239,695,0.8815071888943976,0.7189648200566114,0.7919821826280624,cao2018,S01/061102n,frontal,median,median__frontal__FP2,4,630,"[1, 2, 3, 4, 5, 6, 8, 9, 10, 11, 12, 13, 14, 15, 16, 17, 18, 19, 23, 24, 25, 26, 27, 28, 31, 32, 36, 37, 38, 43, 44, 45, 46, 48, 49, 50, 52, 53, 54, 58, 59, 60, 61, 63, 65, 66, 67, 68, 69, 70, 71, 72, 73, 74, 75, 76, 77, 82, 83, 84, 85, 86, 89, 91, 92, 93, 94, 95, 96, 99, 101, 103, 107, 111, 112, 115, 117, 121, 130, 131, 132, 135, 138, 139, 146, 147, 148, 149, 154, 156, 157, 164, 165, 166, 167, 170, 173, 174, 175, 176, 179, 180, 187, 189, 190, 192, 197, 207, 208, 221, 226, 227, 228, 231, 232, 233, 236, 239, 240, 241, 242, 250, 251, 252, 256, 259, 262, 263, 266, 270, 273, 274, 278, 279, 280, 281, 282, 283, 285, 289, 291, 292, 296, 301, 302, 304, 305, 306, 308, 309, 311, 312, 313, 314, 315, 316, 318, 321, 322, 323, 324, 327, 328, 331, 332, 333, 334, 336, 340, 341, 344, 347, 350, 352, 353, 354, 355, 356, 360, 364, 365, 366, 370, 371, 376, 381, 382, 383, 384, 390, 392, 395, 398, 406, 411, 413, 414, 416, 417, 418, 419, 421, 422, 423, 424, 425, 426, 428, 430, 431, 433, 436, 437, 438, 451, 453, 455, 458, 459, 461, 463, 466, 469, 477, 488, 491, 492, 493, 494, 495, 496, 497, 499, 509, 510, 524, 527, 528, 529, 530, 537, 538, 539, 541, 542, 544, 545, 546, 547, 549, 550, 551, 552, 553, 555, 558, 560, 562, 563, 564, 566, 567, 568, 569, 572, 573, 574, 575, 579, 580, 581, 586, 589, 590, 592, 594, 599, 601, 602, 603, 604, 605, 607, 608, 609, 610, 611, 612, 613, 614, 615, 616, 617, 618, 619, 620, 621, 622, 623, 624, 626, 629]",302,False,4.776358127689298e-05,-4.3846705903897215e-06,1.7382750622427567e-05,10.0
F3,1556,1556,1329,227,1144,0.8541131105398457,0.5374039627982208,0.6597170513775129,cao2018,S01/061102n,frontal,median,median__frontal__F3,4,630,"[1, 2, 3, 4, 5, 6, 8, 9, 10, 11, 12, 13, 14, 15, 16, 17, 18, 19, 23, 24, 25, 26, 27, 28, 31, 32, 36, 37, 38, 43, 44, 45, 46, 48, 49, 50, 52, 53, 54, 58, 59, 60, 61, 63, 65, 66, 67, 68, 69, 70, 71, 72, 73, 74, 75, 76, 77, 82, 83, 84, 85, 86, 89, 91, 92, 93, 94, 95, 96, 99, 101, 103, 107, 111, 112, 115, 117, 121, 130, 131, 132, 135, 138, 139, 146, 147, 148, 149, 154, 156, 157, 164, 165, 166, 167, 170, 173, 174, 175, 176, 179, 180, 187, 189, 190, 192, 197, 207, 208, 221, 226, 227, 228, 231, 232, 233, 236, 239, 240, 241, 242, 250, 251, 252, 256, 259, 262, 263, 266, 270, 273, 274, 278, 279, 280, 281, 282, 283, 285, 289, 291, 292, 296, 301, 302, 304, 305, 306, 308, 309, 311, 312, 313, 314, 315, 316, 318, 321, 322, 323, 324, 327, 328, 331, 332, 333, 334, 336, 340, 341, 344, 347, 350, 352, 353, 354, 355, 356, 360, 364, 365, 366, 370, 371, 376, 381, 382, 383, 384, 390, 392, 395, 398, 406, 411, 413, 414, 416, 417, 418, 419, 421, 422, 423, 424, 425, 426, 428, 430, 431, 433, 436, 437, 438, 451, 453, 455, 458, 459, 461, 463, 466, 469, 477, 488, 491, 492, 493, 494, 495, 496, 497, 499, 509, 510, 524, 527, 528, 529, 530, 537, 538, 539, 541, 542, 544, 545, 546, 547, 549, 550, 551, 552, 553, 555, 558, 560, 562, 563, 564, 566, 567, 568, 569, 572, 573, 574, 575, 579, 580, 581, 586, 589, 590, 592, 594, 599, 601, 602, 603, 604, 605, 607, 608, 609, 610, 611, 612, 613, 614, 615, 616, 617, 618, 619, 620, 621, 622, 623, 624, 626, 629]",302,False,3.959606972341254e-05,-2.836368445876891e-06,1.414414605642981e-05,10.0
F4,1027,1027,745,282,1728,0.7254138266796495,0.3012535382126971,0.42571428571428577,cao2018,S01/061102n,frontal,median,median__frontal__F4,4,630,"[1, 2, 3, 4, 5, 6, 8, 9, 10, 11, 12, 13, 14, 15, 16, 17, 18, 19, 23, 24, 25, 26, 27, 28, 31, 32, 36, 37, 38, 43, 44, 45, 46, 48, 49, 50, 52, 53, 54, 58, 59, 60, 61, 63, 65, 66, 67, 68, 69, 70, 71, 72, 73, 74, 75, 76, 77, 82, 83, 84, 85, 86, 89, 91, 92, 93, 94, 95, 96, 99, 101, 103, 107, 111, 112, 115, 117, 121, 130, 131, 132, 135, 138, 139, 146, 147, 148, 149, 154, 156, 157, 164, 165, 166, 167, 170, 173, 174, 175, 176, 179, 180, 187, 189, 190, 192, 197, 207, 208, 221, 226, 227, 228, 231, 232, 233, 236, 239, 240, 241, 242, 250, 251, 252, 256, 259, 262, 263, 266, 270, 273, 274, 278, 279, 280, 281, 282, 283, 285, 289, 291, 292, 296, 301, 302, 304, 305, 306, 308, 309, 311, 312, 313, 314, 315, 316, 318, 321, 322, 323, 324, 327, 328, 331, 332, 333, 334, 336, 340, 341, 344, 347, 350, 352, 353, 354, 355, 356, 360, 364, 365, 366, 370, 371, 376, 381, 382, 383, 384, 390, 392, 395, 398, 406, 411, 413, 414, 416, 417, 418, 419, 421, 422, 423, 424, 425, 426, 428, 430, 431, 433, 436, 437, 438, 451, 453, 455, 458, 459, 461, 463, 466, 469, 477, 488, 491, 492, 493, 494, 495, 496, 497, 499, 509, 510, 524, 527, 528, 529, 530, 537, 538, 539, 541, 542, 544, 545, 546, 547, 549, 550, 551, 552, 553, 555, 558, 560, 562, 563, 564, 566, 567, 568, 569, 572, 573, 574, 575, 579, 580, 581, 586, 589, 590, 592, 594, 599, 601, 602, 603, 604, 605, 607, 608, 609, 610, 611, 612, 613, 614, 615, 616, 617, 618, 619, 620, 621, 622, 623, 624, 626, 629]",302,False,3.399638354006505e-05,-1.5473955602526324e-06,1.184792636677256e-05,10.0
FP1,2363,2363,2158,205,315,0.913245873889124,0.8726243429033562,0.89247311827957,cao2018,S01/061102n,frontal,mean,mean__frontal__FP1,4,630,"[1, 2, 3, 4, 5, 6, 8, 9, 10, 11, 12, 13, 14, 15, 16, 17, 18, 19, 23, 24, 25, 26, 27, 28, 31, 32, 36, 37, 38, 43, 44, 45, 46, 48, 49, 50, 52, 53, 54, 58, 59, 60, 61, 63, 65, 66, 67, 68, 69, 70, 71, 72, 73, 74, 75, 76, 77, 82, 83, 84, 85, 86, 89, 91, 92, 93, 94, 95, 96, 99, 101, 103, 107, 111, 112, 115, 117, 121, 130, 131, 132, 135, 138, 139, 146, 147, 148, 149, 154, 156, 157, 164, 165, 166, 167, 170, 173, 174, 175, 176, 179, 180, 187, 189, 190, 192, 197, 207, 208, 221, 226, 227, 228, 231, 232, 233, 236, 239, 240, 241, 242, 250, 251, 252, 256, 259, 262, 263, 266, 270, 273, 274, 278, 279, 280, 281, 282, 283, 285, 289, 291, 292, 296, 301, 302, 304, 305, 306, 308, 309, 311, 312, 313, 314, 315, 316, 318, 321, 322, 323, 324, 327, 328, 331, 332, 333, 334, 336, 340, 341, 344, 347, 350, 352, 353, 354, 355, 356, 360, 364, 365, 366, 370, 371, 376, 381, 382, 383, 384, 390, 392, 395, 398, 406, 411, 413, 414, 416, 417, 418, 419, 421, 422, 423, 424, 425, 426, 428, 430, 431, 433, 436, 437, 438, 451, 453, 455, 458, 459, 461, 463, 466, 469, 477, 488, 491, 492, 493, 494, 495, 496, 497, 499, 509, 510, 524, 527, 528, 529, 530, 537, 538, 539, 541, 542, 544, 545, 546, 547, 549, 550, 551, 552, 553, 555, 558, 560, 562, 563, 564, 566, 567, 568, 569, 572, 573, 574, 575, 579, 580, 581, 586, 589, 590, 592, 594, 599, 601, 602, 603, 604, 605, 607, 608, 609, 610, 611, 612, 613, 614, 615, 616, 617, 618, 619, 620, 621, 622, 623, 624, 626, 629]",302,False,6.550709366221818e-05,-6.449676367117868e-08,2.1857196808629785e-05,10.0
FP2,1823,1823,1629,194,844,0.8935820076796489,0.658714112414072,0.7583798882681564,cao2018,S01/061102n,frontal,mean,mean__frontal__FP2,4,630,"[1, 2, 3, 4, 5, 6, 8, 9, 10, 11, 12, 13, 14, 15, 16, 17, 18, 19, 23, 24, 25, 26, 27, 28, 31, 32, 36, 37, 38, 43, 44, 45, 46, 48, 49, 50, 52, 53, 54, 58, 59, 60, 61, 63, 65, 66, 67, 68, 69, 70, 71, 72, 73, 74, 75, 76, 77, 82, 83, 84, 85, 86, 89, 91, 92, 93, 94, 95, 96, 99, 101, 103, 107, 111, 112, 115, 117, 121, 130, 131, 132, 135, 138, 139, 146, 147, 148, 149, 154, 156, 157, 164, 165, 166, 167, 170, 173, 174, 175, 176, 179, 180, 187, 189, 190, 192, 197, 207, 208, 221, 226, 227, 228, 231, 232, 233, 236, 239, 240, 241, 242, 250, 251, 252, 256, 259, 262, 263, 266, 270, 273, 274, 278, 279, 280, 281, 282, 283, 285, 289, 291, 292, 296, 301, 302, 304, 305, 306, 308, 309, 311, 312, 313, 314, 315, 316, 318, 321, 322, 323, 324, 327, 328, 331, 332, 333, 334, 336, 340, 341, 344, 347, 350, 352, 353, 354, 355, 356, 360, 364, 365, 366, 370, 371, 376, 381, 382, 383, 384, 390, 392, 395, 398, 406, 411, 413, 414, 416, 417, 418, 419, 421, 422, 423, 424, 425, 426, 428, 430, 431, 433, 436, 437, 438, 451, 453, 455, 458, 459, 461, 463, 466, 469, 477, 488, 491, 492, 493, 494, 495, 496, 497, 499, 509, 510, 524, 527, 528, 529, 530, 537, 538, 539, 541, 542, 544, 545, 546, 547, 549, 550, 551, 552, 553, 555, 558, 560, 562, 563, 564, 566, 567, 568, 569, 572, 573, 574, 575, 579, 580, 581, 586, 589, 590, 592, 594, 599, 601, 602, 603, 604, 605, 607, 608, 609, 610, 611, 612, 613, 614, 615, 616, 617, 618, 619, 620, 621, 622, 623, 624, 626, 629]",302,False,5.217310710241503e-05,2.4855235132327466e-08,1.7382750622427567e-05,10.0
F3,1324,1324,1115,209,1358,0.8421450151057401,0.45086938940558025,0.5873057677113511,cao2018,S01/061102n,frontal,mean,mean__frontal__F3,4,630,"[1, 2, 3, 4, 5, 6, 8, 9, 10, 11, 12, 13, 14, 15, 16, 17, 18, 19, 23, 24, 25, 26, 27, 28, 31, 32, 36, 37, 38, 43, 44, 45, 46, 48, 49, 50, 52, 53, 54, 58, 59, 60, 61, 63, 65, 66, 67, 68, 69, 70, 71, 72, 73, 74, 75, 76, 77, 82, 83, 84, 85, 86, 89, 91, 92, 93, 94, 95, 96, 99, 101, 103, 107, 111, 112, 115, 117, 121, 130, 131, 132, 135, 138, 139, 146, 147, 148, 149, 154, 156, 157, 164, 165, 166, 167, 170, 173, 174, 175, 176, 179, 180, 187, 189, 190, 192, 197, 207, 208, 221, 226, 227, 228, 231, 232, 233, 236, 239, 240, 241, 242, 250, 251, 252, 256, 259, 262, 263, 266, 270, 273, 274, 278, 279, 280, 281, 282, 283, 285, 289, 291, 292, 296, 301, 302, 304, 305, 306, 308, 309, 311, 312, 313, 314, 315, 316, 318, 321, 322, 323, 324, 327, 328, 331, 332, 333, 334, 336, 340, 341, 344, 347, 350, 352, 353, 354, 355, 356, 360, 364, 365, 366, 370, 371, 376, 381, 382, 383, 384, 390, 392, 395, 398, 406, 411, 413, 414, 416, 417, 418, 419, 421, 422, 423, 424, 425, 426, 428, 430, 431, 433, 436, 437, 438, 451, 453, 455, 458, 459, 461, 463, 466, 469, 477, 488, 491, 492, 493, 494, 495, 496, 497, 499, 509, 510, 524, 527, 528, 529, 530, 537, 538, 539, 541, 542, 544, 545, 546, 547, 549, 550, 551, 552, 553, 555, 558, 560, 562, 563, 564, 566, 567, 568, 569, 572, 573, 574, 575, 579, 580, 581, 586, 589, 590, 592, 594, 599, 601, 602, 603, 604, 605, 607, 608, 609, 610, 611, 612, 613, 614, 615, 616, 617, 618, 619, 620, 621, 622, 623, 624, 626, 629]",302,False,4.2314419006925715e-05,-1.1801916236371257e-07,1.414414605642981e-05,10.0
F4,956,956,690,266,1783,0.7217573221757322,0.27901334411645773,0.4024496937882764,cao2018,S01/061102n,frontal,mean,mean__frontal__F4,4,630,"[1, 2, 3, 4, 5, 6, 8, 9, 10, 11, 12, 13, 14, 15, 16, 17, 18, 19, 23, 24, 25, 26, 27, 28, 31, 32, 36, 37, 38, 43, 44, 45, 46, 48, 49, 50, 52, 53, 54, 58, 59, 60, 61, 63, 65, 66, 67, 68, 69, 70, 71, 72, 73, 74, 75, 76, 77, 82, 83, 84, 85, 86, 89, 91, 92, 93, 94, 95, 96, 99, 101, 103, 107, 111, 112, 115, 117, 121, 130, 131, 132, 135, 138, 139, 146, 147, 148, 149, 154, 156, 157, 164, 165, 166, 167, 170, 173, 174, 175, 176, 179, 180, 187, 189, 190, 192, 197, 207, 208, 221, 226, 227, 228, 231, 232, 233, 236, 239, 240, 241, 242, 250, 251, 252, 256, 259, 262, 263, 266, 270, 273, 274, 278, 279, 280, 281, 282, 283, 285, 289, 291, 292, 296, 301, 302, 304, 305, 306, 308, 309, 311, 312, 313, 314, 315, 316, 318, 321, 322, 323, 324, 327, 328, 331, 332, 333, 334, 336, 340, 341, 344, 347, 350, 352, 353, 354, 355, 356, 360, 364, 365, 366, 370, 371, 376, 381, 382, 383, 384, 390, 392, 395, 398, 406, 411, 413, 414, 416, 417, 418, 419, 421, 422, 423, 424, 425, 426, 428, 430, 431, 433, 436, 437, 438, 451, 453, 455, 458, 459, 461, 463, 466, 469, 477, 488, 491, 492, 493, 494, 495, 496, 497, 499, 509, 510, 524, 527, 528, 529, 530, 537, 538, 539, 541, 542, 544, 545, 546, 547, 549, 550, 551, 552, 553, 555, 558, 560, 562, 563, 564, 566, 567, 568, 569, 572, 573, 574, 575, 579, 580, 581, 586, 589, 590, 592, 594, 599, 601, 602, 603, 604, 605, 607, 608, 609, 610, 611, 612, 613, 614, 615, 616, 617, 618, 619, 620, 621, 622, 623, 624, 626, 629]",302,False,3.559045715394e-05,4.667805362231248e-08,1.184792636677256e-05,10.0
FP1,2229,2229,2044,185,429,0.9170031404217138,0.8265264860493328,0.8694172692471289,cao2018,S01/061102n,frontal_left,median,median__frontal_left__FP1,2,630,"[2, 3, 4, 10, 11, 18, 24, 28, 31, 37, 44, 45, 46, 48, 58, 59, 60, 65, 66, 67, 68, 69, 70, 71, 72, 73, 74, 75, 76, 77, 84, 85, 86, 91, 92, 93, 94, 95, 96, 107, 112, 115, 117, 130, 132, 138, 139, 146, 147, 148, 149, 156, 164, 165, 166, 167, 173, 174, 175, 176, 180, 187, 189, 192, 197, 207, 208, 221, 228, 232, 236, 250, 251, 252, 256, 259, 262, 270, 274, 278, 279, 281, 282, 301, 328, 332, 353, 354, 356, 381, 418, 436, 453, 458, 459, 494, 527, 528, 529, 530, 541, 547, 550, 552, 555, 564, 569, 573, 574, 575, 579, 580, 586, 599, 602, 603, 604, 605, 607, 609, 610, 611, 613, 614, 615, 616, 617, 618, 619, 620, 621, 622, 623, 624, 626]",135,False,6.959771108327472e-05,-6.027455028139862e-06,2.5208388703804858e-05,10.0
F3,804,804,652,152,1821,0.8109452736318408,0.26364739183178326,0.39792493133963996,cao2018,S01/061102n,frontal_left,median,median__frontal_left__F3,2,630,"[2, 3, 4, 10, 11, 18, 24, 28, 31, 37, 44, 45, 46, 48, 58, 59, 60, 65, 66, 67, 68, 69, 70, 71, 72, 73, 74, 75, 76, 77, 84, 85, 86, 91, 92, 93, 94, 95, 96, 107, 112, 115, 117, 130, 132, 138, 139, 146, 147, 148, 149, 156, 164, 165, 166, 167, 173, 174, 175, 176, 180, 187, 189, 192, 197, 207, 208, 221, 228, 232, 236, 250, 251, 252, 256, 259, 262, 270, 274, 278, 279, 281, 282, 301, 328, 332, 353, 354, 356, 381, 418, 436, 453, 458, 459, 494, 527, 528, 529, 530, 541, 547, 550, 552, 555, 564, 569, 573, 574, 575, 579, 580, 586, 599, 602, 603, 604, 605, 607, 609, 610, 611, 613, 614, 615, 616, 617, 618, 619, 620, 621, 622, 623, 624, 626]",135,False,4.9633027430995406e-05,-2.3106319165204286e-06,1.7314553115838613e-05,10.0
FP1,2028,2028,1869,159,604,0.9215976331360947,0.755762232106753,0.8304821150855365,cao2018,S01/061102n,frontal_left,mean,mean__frontal_left__FP1,2,630,"[2, 3, 4, 10, 11, 18, 24, 28, 31, 37, 44, 45, 46, 48, 58, 59, 60, 65, 66, 67, 68, 69, 70, 71, 72, 73, 74, 75, 76, 77, 84, 85, 86, 91, 92, 93, 94, 95, 96, 107, 112, 115, 117, 130, 132, 138, 139, 146, 147, 148, 149, 156, 164, 165, 166, 167, 173, 174, 175, 176, 180, 187, 189, 192, 197, 207, 208, 221, 228, 232, 236, 250, 251, 252, 256, 259, 262, 270, 274, 278, 279, 281, 282, 301, 328, 332, 353, 354, 356, 381, 418, 436, 453, 458, 459, 494, 527, 528, 529, 530, 541, 547, 550, 552, 555, 564, 569, 573, 574, 575, 579, 580, 586, 599, 602, 603, 604, 605, 607, 609, 610, 611, 613, 614, 615, 616, 617, 618, 619, 620, 621, 622, 623, 624, 626]",135,False,7.55047350599158e-05,-1.2043105149877924e-07,2.5208388703804858e-05,10.0
F3,691,691,542,149,1931,0.784370477568741,0.2191670036393045,0.34260429835651074,cao2018,S01/061102n,frontal_left,mean,mean__frontal_left__F3,2,630,"[2, 3, 4, 10, 11, 18, 24, 28, 31, 37, 44, 45, 46, 48, 58, 59, 60, 65, 66, 67, 68, 69, 70, 71, 72, 73, 74, 75, 76, 77, 84, 85, 86, 91, 92, 93, 94, 95, 96, 107, 112, 115, 117, 130, 132, 138, 139, 146, 147, 148, 149, 156, 164, 165, 166, 167, 173, 174, 175, 176, 180, 187, 189, 192, 197, 207, 208, 221, 228, 232, 236, 250, 251, 252, 256, 259, 262, 270, 274, 278, 279, 281, 282, 301, 328, 332, 353, 354, 356, 381, 418, 436, 453, 458, 459, 494, 527, 528, 529, 530, 541, 547, 550, 552, 555, 564, 569, 573, 574, 575, 579, 580, 586, 599, 602, 603, 604, 605, 607, 609, 610, 611, 613, 614, 615, 616, 617, 618, 619, 620, 621, 622, 623, 624, 626]",135,False,5.168498137143832e-05,-2.5867797607751733e-07,1.7314553115838613e-05,10.0
FP2,2003,2003,1770,233,703,0.8836744882675986,0.715729882733522,0.7908847184986595,cao2018,S01/061102n,frontal_right,median,median__frontal_right__FP2,2,630,"[1, 2, 3, 4, 5, 6, 8, 9, 10, 11, 12, 13, 14, 15, 16, 17, 18, 19, 23, 24, 25, 26, 27, 28, 31, 32, 36, 37, 38, 43, 44, 45, 46, 48, 49, 50, 52, 53, 54, 58, 59, 60, 61, 63, 65, 66, 67, 68, 69, 70, 71, 72, 73, 74, 75, 76, 77, 82, 83, 84, 85, 86, 89, 91, 92, 93, 94, 95, 96, 99, 101, 103, 107, 111, 112, 117, 121, 130, 131, 132, 135, 138, 139, 146, 147, 148, 149, 154, 156, 157, 164, 165, 166, 167, 170, 173, 174, 175, 176, 179, 180, 187, 189, 190, 192, 197, 207, 208, 221, 226, 227, 228, 231, 232, 233, 236, 239, 240, 241, 242, 250, 251, 252, 256, 259, 262, 263, 266, 273, 274, 278, 279, 280, 281, 282, 283, 285, 289, 291, 292, 296, 301, 302, 304, 305, 306, 308, 309, 311, 312, 313, 314, 315, 316, 318, 321, 322, 323, 324, 327, 328, 331, 332, 333, 334, 336, 340, 341, 344, 347, 350, 352, 353, 354, 355, 356, 360, 364, 365, 366, 370, 371, 376, 381, 382, 383, 384, 390, 392, 395, 398, 406, 411, 413, 414, 416, 417, 418, 419, 421, 422, 423, 424, 425, 426, 428, 430, 431, 433, 436, 437, 438, 451, 455, 458, 459, 461, 463, 466, 469, 477, 488, 491, 492, 493, 494, 495, 496, 497, 499, 509, 510, 524, 527, 528, 529, 530, 537, 538, 539, 541, 542, 544, 545, 546, 547, 549, 550, 551, 552, 553, 555, 558, 560, 562, 563, 564, 566, 567, 568, 569, 572, 573, 574, 575, 579, 580, 581, 586, 589, 590, 592, 594, 599, 601, 602, 603, 604, 605, 607, 608, 609, 610, 611, 612, 613, 614, 615, 616, 617, 618, 620, 621, 622, 623, 624, 626, 629]",298,False,4.7863223458036484e-05,-4.446275067433879e-06,1.7436499508490123e-05,10.0
F4,1027,1027,745,282,1728,0.7254138266796495,0.3012535382126971,0.42571428571428577,cao2018,S01/061102n,frontal_right,median,median__frontal_right__F4,2,630,"[1, 2, 3, 4, 5, 6, 8, 9, 10, 11, 12, 13, 14, 15, 16, 17, 18, 19, 23, 24, 25, 26, 27, 28, 31, 32, 36, 37, 38, 43, 44, 45, 46, 48, 49, 50, 52, 53, 54, 58, 59, 60, 61, 63, 65, 66, 67, 68, 69, 70, 71, 72, 73, 74, 75, 76, 77, 82, 83, 84, 85, 86, 89, 91, 92, 93, 94, 95, 96, 99, 101, 103, 107, 111, 112, 117, 121, 130, 131, 132, 135, 138, 139, 146, 147, 148, 149, 154, 156, 157, 164, 165, 166, 167, 170, 173, 174, 175, 176, 179, 180, 187, 189, 190, 192, 197, 207, 208, 221, 226, 227, 228, 231, 232, 233, 236, 239, 240, 241, 242, 250, 251, 252, 256, 259, 262, 263, 266, 273, 274, 278, 279, 280, 281, 282, 283, 285, 289, 291, 292, 296, 301, 302, 304, 305, 306, 308, 309, 311, 312, 313, 314, 315, 316, 318, 321, 322, 323, 324, 327, 328, 331, 332, 333, 334, 336, 340, 341, 344, 347, 350, 352, 353, 354, 355, 356, 360, 364, 365, 366, 370, 371, 376, 381, 382, 383, 384, 390, 392, 395, 398, 406, 411, 413, 414, 416, 417, 418, 419, 421, 422, 423, 424, 425, 426, 428, 430, 431, 433, 436, 437, 438, 451, 455, 458, 459, 461, 463, 466, 469, 477, 488, 491, 492, 493, 494, 495, 496, 497, 499, 509, 510, 524, 527, 528, 529, 530, 537, 538, 539, 541, 542, 544, 545, 546, 547, 549, 550, 551, 552, 553, 555, 558, 560, 562, 563, 564, 566, 567, 568, 569, 572, 573, 574, 575, 579, 580, 581, 586, 589, 590, 592, 594, 599, 601, 602, 603, 604, 605, 607, 608, 609, 610, 611, 612, 613, 614, 615, 616, 617, 618, 620, 621, 622, 623, 624, 626, 629]",298,False,3.399505568837224e-05,-1.5672893899276999e-06,1.1854115026099978e-05,10.0
FP2,1812,1812,1618,194,855,0.8929359823399559,0.6542660735948241,0.7551925320886815,cao2018,S01/061102n,frontal_right,mean,mean__frontal_right__FP2,2,630,"[1, 2, 3, 4, 5, 6, 8, 9, 10, 11, 12, 13, 14, 15, 16, 17, 18, 19, 23, 24, 25, 26, 27, 28, 31, 32, 36, 37, 38, 43, 44, 45, 46, 48, 49, 50, 52, 53, 54, 58, 59, 60, 61, 63, 65, 66, 67, 68, 69, 70, 71, 72, 73, 74, 75, 76, 77, 82, 83, 84, 85, 86, 89, 91, 92, 93, 94, 95, 96, 99, 101, 103, 107, 111, 112, 117, 121, 130, 131, 132, 135, 138, 139, 146, 147, 148, 149, 154, 156, 157, 164, 165, 166, 167, 170, 173, 174, 175, 176, 179, 180, 187, 189, 190, 192, 197, 207, 208, 221, 226, 227, 228, 231, 232, 233, 236, 239, 240, 241, 242, 250, 251, 252, 256, 259, 262, 263, 266, 273, 274, 278, 279, 280, 281, 282, 283, 285, 289, 291, 292, 296, 301, 302, 304, 305, 306, 308, 309, 311, 312, 313, 314, 315, 316, 318, 321, 322, 323, 324, 327, 328, 331, 332, 333, 334, 336, 340, 341, 344, 347, 350, 352, 353, 354, 355, 356, 360, 364, 365, 366, 370, 371, 376, 381, 382, 383, 384, 390, 392, 395, 398, 406, 411, 413, 414, 416, 417, 418, 419, 421, 422, 423, 424, 425, 426, 428, 430, 431, 433, 436, 437, 438, 451, 455, 458, 459, 461, 463, 466, 469, 477, 488, 491, 492, 493, 494, 495, 496, 497, 499, 509, 510, 524, 527, 528, 529, 530, 537, 538, 539, 541, 542, 544, 545, 546, 547, 549, 550, 551, 552, 553, 555, 558, 560, 562, 563, 564, 566, 567, 568, 569, 572, 573, 574, 575, 579, 580, 581, 586, 589, 590, 592, 594, 599, 601, 602, 603, 604, 605, 607, 608, 609, 610, 611, 612, 613, 614, 615, 616, 617, 618, 620, 621, 622, 623, 624, 626, 629]",298,False,5.2335532070898983e-05,2.603354542861583e-08,1.7436499508490123e-05,10.0
F4,953,953,688,265,1785,0.7219307450157397,0.2782046097856854,0.40163455925277286,cao2018,S01/061102n,frontal_right,mean,mean__frontal_right__F4,2,630,"[1, 2, 3, 4, 5, 6, 8, 9, 10, 11, 12, 13, 14, 15, 16, 17, 18, 19, 23, 24, 25, 26, 27, 28, 31, 32, 36, 37, 38, 43, 44, 45, 46, 48, 49, 50, 52, 53, 54, 58, 59, 60, 61, 63, 65, 66, 67, 68, 69, 70, 71, 72, 73, 74, 75, 76, 77, 82, 83, 84, 85, 86, 89, 91, 92, 93, 94, 95, 96, 99, 101, 103, 107, 111, 112, 117, 121, 130, 131, 132, 135, 138, 139, 146, 147, 148, 149, 154, 156, 157, 164, 165, 166, 167, 170, 173, 174, 175, 176, 179, 180, 187, 189, 190, 192, 197, 207, 208, 221, 226, 227, 228, 231, 232, 233, 236, 239, 240, 241, 242, 250, 251, 252, 256, 259, 262, 263, 266, 273, 274, 278, 279, 280, 281, 282, 283, 285, 289, 291, 292, 296, 301, 302, 304, 305, 306, 308, 309, 311, 312, 313, 314, 315, 316, 318, 321, 322, 323, 324, 327, 328, 331, 332, 333, 334, 336, 340, 341, 344, 347, 350, 352, 353, 354, 355, 356, 360, 364, 365, 366, 370, 371, 376, 381, 382, 383, 384, 390, 392, 395, 398, 406, 411, 413, 414, 416, 417, 418, 419, 421, 422, 423, 424, 425, 426, 428, 430, 431, 433, 436, 437, 438, 451, 455, 458, 459, 461, 463, 466, 469, 477, 488, 491, 492, 493, 494, 495, 496, 497, 499, 509, 510, 524, 527, 528, 529, 530, 537, 538, 539, 541, 542, 544, 545, 546, 547, 549, 550, 551, 552, 553, 555, 558, 560, 562, 563, 564, 566, 567, 568, 569, 572, 573, 574, 575, 579, 580, 581, 586, 589, 590, 592, 594, 599, 601, 602, 603, 604, 605, 607, 608, 609, 610, 611, 612, 613, 614, 615, 616, 617, 618, 620, 621, 622, 623, 624, 626, 629]",298,False,3.560834514330767e-05,4.6000065007728904e-08,1.1854115026099978e-05,10.0
FP1,2792,2792,2421,371,52,0.8671203438395415,0.9789729073999192,0.9196581196581197,cao2018,S01/061102n,all_channel,median,median__all_channel__FP1,32,315,"[0, 1, 2, 3, 4, 5, 6, 7, 8, 9, 10, 11, 12, 13, 14, 15, 16, 17, 18, 19, 20, 21, 22, 23, 24, 25, 26, 27, 28, 29, 30, 31, 32, 33, 34, 35, 36, 37, 38, 39, 40, 41, 42, 43, 44, 45, 46, 47, 48, 49, 50, 51, 52, 53, 54, 55, 56, 57, 58, 59, 60, 61, 62, 63, 64, 65, 66, 67, 68, 69, 70, 71, 72, 73, 74, 75, 76, 77, 78, 79, 80, 81, 82, 83, 84, 85, 86, 87, 88, 89, 92, 93, 94, 95, 96, 97, 98, 99, 100, 101, 102, 103, 104, 105, 106, 107, 108, 109, 110, 111, 112, 113, 114, 115, 116, 117, 118, 119, 120, 121, 122, 123, 124, 125, 126, 127, 128, 129, 130, 131, 132, 133, 134, 135, 136, 137, 138, 139, 140, 141, 148, 150, 151, 164, 166, 174, 176, 178, 190, 191, 192, 205, 209, 218, 227, 229, 238, 247, 260, 263, 265, 275, 286, 287, 294, 299, 301, 302, 304, 305, 306, 307, 308, 310]",174,False,4.777836663046705e-05,-3.704287505679218e-06,1.7160884712048757e-05,20.0
FP2,2293,2293,1990,303,483,0.8678587003924989,0.8046906591184796,0.8350818296265212,cao2018,S01/061102n,all_channel,median,median__all_channel__FP2,32,315,"[0, 1, 2, 3, 4, 5, 6, 7, 8, 9, 10, 11, 12, 13, 14, 15, 16, 17, 18, 19, 20, 21, 22, 23, 24, 25, 26, 27, 28, 29, 30, 31, 32, 33, 34, 35, 36, 37, 38, 39, 40, 41, 42, 43, 44, 45, 46, 47, 48, 49, 50, 51, 52, 53, 54, 55, 56, 57, 58, 59, 60, 61, 62, 63, 64, 65, 66, 67, 68, 69, 70, 71, 72, 73, 74, 75, 76, 77, 78, 79, 80, 81, 82, 83, 84, 85, 86, 87, 88, 89, 92, 93, 94, 95, 96, 97, 98, 99, 100, 101, 102, 103, 104, 105, 106, 107, 108, 109, 110, 111, 112, 113, 114, 115, 116, 117, 118, 119, 120, 121, 122, 123, 124, 125, 126, 127, 128, 129, 130, 131, 132, 133, 134, 135, 136, 137, 138, 139, 140, 141, 148, 150, 151, 164, 166, 174, 176, 178, 190, 191, 192, 205, 209, 218, 227, 229, 238, 247, 260, 263, 265, 275, 286, 287, 294, 299, 301, 302, 304, 305, 306, 307, 308, 310]",174,False,4.146795747446558e-05,-2.3980329873055473e-06,1.4621996820590377e-05,20.0
F3,1931,1931,1659,272,814,0.8591403417918178,0.670845127375657,0.7534059945504088,cao2018,S01/061102n,all_channel,median,median__all_channel__F3,32,315,"[0, 1, 2, 3, 4, 5, 6, 7, 8, 9, 10, 11, 12, 13, 14, 15, 16, 17, 18, 19, 20, 21, 22, 23, 24, 25, 26, 27, 28, 29, 30, 31, 32, 33, 34, 35, 36, 37, 38, 39, 40, 41, 42, 43, 44, 45, 46, 47, 48, 49, 50, 51, 52, 53, 54, 55, 56, 57, 58, 59, 60, 61, 62, 63, 64, 65, 66, 67, 68, 69, 70, 71, 72, 73, 74, 75, 76, 77, 78, 79, 80, 81, 82, 83, 84, 85, 86, 87, 88, 89, 92, 93, 94, 95, 96, 97, 98, 99, 100, 101, 102, 103, 104, 105, 106, 107, 108, 109, 110, 111, 112, 113, 114, 115, 116, 117, 118, 119, 120, 121, 122, 123, 124, 125, 126, 127, 128, 129, 130, 131, 132, 133, 134, 135, 136, 137, 138, 139, 140, 141, 148, 150, 151, 164, 166, 174, 176, 178, 190, 191, 192, 205, 209, 218, 227, 229, 238, 247, 260, 263, 265, 275, 286, 287, 294, 299, 301, 302, 304, 305, 306, 307, 308, 310]",174,False,3.595267889264309e-05,-1.526976241829584e-06,1.2493218378157556e-05,20.0
FZ,1353,1353,1122,231,1351,0.8292682926829268,0.45369995956328346,0.5865133298484057,cao2018,S01/061102n,all_channel,median,median__all_channel__FZ,32,315,"[0, 1, 2, 3, 4, 5, 6, 7, 8, 9, 10, 11, 12, 13, 14, 15, 16, 17, 18, 19, 20, 21, 22, 23, 24, 25, 26, 27, 28, 29, 30, 31, 32, 33, 34, 35, 36, 37, 38, 39, 40, 41, 42, 43, 44, 45, 46, 47, 48, 49, 50, 51, 52, 53, 54, 55, 56, 57, 58, 59, 60, 61, 62, 63, 64, 65, 66, 67, 68, 69, 70, 71, 72, 73, 74, 75, 76, 77, 78, 79, 80, 81, 82, 83, 84, 85, 86, 87, 88, 89, 92, 93, 94, 95, 96, 97, 98, 99, 100, 101, 102, 103, 104, 105, 106, 107, 108, 109, 110, 111, 112, 113, 114, 115, 116, 117, 118, 119, 120, 121, 122, 123, 124, 125, 126, 127, 128, 129, 130, 131, 132, 133, 134, 135, 136, 137, 138, 139, 140, 141, 148, 150, 151, 164, 166, 174, 176, 178, 190, 191, 192, 205, 209, 218, 227, 229, 238, 247, 260, 263, 265, 275, 286, 287, 294, 299, 301, 302, 304, 305, 306, 307, 308, 310]",174,False,3.3554434171765906e-05,-1.0852319497542195e-06,1.1546555373840042e-05,20.0
F8,1300,1300,984,316,1489,0.7569230769230769,0.3978972907399919,0.5216008481314603,cao2018,S01/061102n,all_channel,median,median__all_channel__F8,32,315,"[0, 1, 2, 3, 4, 5, 6, 7, 8, 9, 10, 11, 12, 13, 14, 15, 16, 17, 18, 19, 20, 21, 22, 23, 24, 25, 26, 27, 28, 29, 30, 31, 32, 33, 34, 35, 36, 37, 38, 39, 40, 41, 42, 43, 44, 45, 46, 47, 48, 49, 50, 51, 52, 53, 54, 55, 56, 57, 58, 59, 60, 61, 62, 63, 64, 65, 66, 67, 68, 69, 70, 71, 72, 73, 74, 75, 76, 77, 78, 79, 80, 81, 82, 83, 84, 85, 86, 87, 88, 89, 92, 93, 94, 95, 96, 97, 98, 99, 100, 101, 102, 103, 104, 105, 106, 107, 108, 109, 110, 111, 112, 113, 114, 115, 116, 117, 118, 119, 120, 121, 122, 123, 124, 125, 126, 127, 128, 129, 130, 131, 132, 133, 134, 135, 136, 137, 138, 139, 140, 141, 148, 150, 151, 164, 166, 174, 176, 178, 190, 191, 192, 205, 209, 218, 227, 229, 238, 247, 260, 263, 265, 275, 286, 287, 294, 299, 301, 302, 304, 305, 306, 307, 308, 310]",174,False,2.983897227292905e-05,-8.465896169465283e-07,1.0228520629958527e-05,20.0
F7,1149,1149,904,245,1569,0.7867711053089643,0.36554791750909826,0.4991717283268913,cao2018,S01/061102n,all_channel,median,median__all_channel__F7,32,315,"[0, 1, 2, 3, 4, 5, 6, 7, 8, 9, 10, 11, 12, 13, 14, 15, 16, 17, 18, 19, 20, 21, 22, 23, 24, 25, 26, 27, 28, 29, 30, 31, 32, 33, 34, 35, 36, 37, 38, 39, 40, 41, 42, 43, 44, 45, 46, 47, 48, 49, 50, 51, 52, 53, 54, 55, 56, 57, 58, 59, 60, 61, 62, 63, 64, 65, 66, 67, 68, 69, 70, 71, 72, 73, 74, 75, 76, 77, 78, 79, 80, 81, 82, 83, 84, 85, 86, 87, 88, 89, 92, 93, 94, 95, 96, 97, 98, 99, 100, 101, 102, 103, 104, 105, 106, 107, 108, 109, 110, 111, 112, 113, 114, 115, 116, 117, 118, 119, 120, 121, 122, 123, 124, 125, 126, 127, 128, 129, 130, 131, 132, 133, 134, 135, 136, 137, 138, 139, 140, 141, 148, 150, 151, 164, 166, 174, 176, 178, 190, 191, 192, 205, 209, 218, 227, 229, 238, 247, 260, 263, 265, 275, 286, 287, 294, 299, 301, 302, 304, 305, 306, 307, 308, 310]",174,False,2.661151607132701e-05,-8.006448973100716e-07,9.137386989545693e-06,20.0
FC4,1095,1095,832,263,1641,0.7598173515981735,0.336433481601294,0.46636771300448426,cao2018,S01/061102n,all_channel,median,median__all_channel__FC4,32,315,"[0, 1, 2, 3, 4, 5, 6, 7, 8, 9, 10, 11, 12, 13, 14, 15, 16, 17, 18, 19, 20, 21, 22, 23, 24, 25, 26, 27, 28, 29, 30, 31, 32, 33, 34, 35, 36, 37, 38, 39, 40, 41, 42, 43, 44, 45, 46, 47, 48, 49, 50, 51, 52, 53, 54, 55, 56, 57, 58, 59, 60, 61, 62, 63, 64, 65, 66, 67, 68, 69, 70, 71, 72, 73, 74, 75, 76, 77, 78, 79, 80, 81, 82, 83, 84, 85, 86, 87, 88, 89, 92, 93, 94, 95, 96, 97, 98, 99, 100, 101, 102, 103, 104, 105, 106, 107, 108, 109, 110, 111, 112, 113, 114, 115, 116, 117, 118, 119, 120, 121, 122, 123, 124, 125, 126, 127, 128, 129, 130, 131, 132, 133, 134, 135, 136, 137, 138, 139, 140, 141, 148, 150, 151, 164, 166, 174, 176, 178, 190, 191, 192, 205, 209, 218, 227, 229, 238, 247, 260, 263, 265, 275, 286, 287, 294, 299, 301, 302, 304, 305, 306, 307, 308, 310]",174,False,2.9855314730399716e-05,-7.377383445817714e-07,1.0197684358327163e-05,20.0
F4,1136,1136,817,319,1656,0.7191901408450704,0.3303679741205014,0.45275699639789413,cao2018,S01/061102n,all_channel,median,median__all_channel__F4,32,315,"[0, 1, 2, 3, 4, 5, 6, 7, 8, 9, 10, 11, 12, 13, 14, 15, 16, 17, 18, 19, 20, 21, 22, 23, 24, 25, 26, 27, 28, 29, 30, 31, 32, 33, 34, 35, 36, 37, 38, 39, 40, 41, 42, 43, 44, 45, 46, 47, 48, 49, 50, 51, 52, 53, 54, 55, 56, 57, 58, 59, 60, 61, 62, 63, 64, 65, 66, 67, 68, 69, 70, 71, 72, 73, 74, 75, 76, 77, 78, 79, 80, 81, 82, 83, 84, 85, 86, 87, 88, 89, 92, 93, 94, 95, 96, 97, 98, 99, 100, 101, 102, 103, 104, 105, 106, 107, 108, 109, 110, 111, 112, 113, 114, 115, 116, 117, 118, 119, 120, 121, 122, 123, 124, 125, 126, 127, 128, 129, 130, 131, 132, 133, 134, 135, 136, 137, 138, 139, 140, 141, 148, 150, 151, 164, 166, 174, 176, 178, 190, 191, 192, 205, 209, 218, 227, 229, 238, 247, 260, 263, 265, 275, 286, 287, 294, 299, 301, 302, 304, 305, 306, 307, 308, 310]",174,False,3.168636989205485e-05,-7.845271649093573e-07,1.0823632352321403e-05,20.0
FT7,981,981,753,228,1720,0.7675840978593272,0.3044884755357865,0.4360162130862768,cao2018,S01/061102n,all_channel,median,median__all_channel__FT7,32,315,"[0, 1, 2, 3, 4, 5, 6, 7, 8, 9, 10, 11, 12, 13, 14, 15, 16, 17, 18, 19, 20, 21, 22, 23, 24, 25, 26, 27, 28, 29, 30, 31, 32, 33, 34, 35, 36, 37, 38, 39, 40, 41, 42, 43, 44, 45, 46, 47, 48, 49, 50, 51, 52, 53, 54, 55, 56, 57, 58, 59, 60, 61, 62, 63, 64, 65, 66, 67, 68, 69, 70, 71, 72, 73, 74, 75, 76, 77, 78, 79, 80, 81, 82, 83, 84, 85, 86, 87, 88, 89, 92, 93, 94, 95, 96, 97, 98, 99, 100, 101, 102, 103, 104, 105, 106, 107, 108, 109, 110, 111, 112, 113, 114, 115, 116, 117, 118, 119, 120, 121, 122, 123, 124, 125, 126, 127, 128, 129, 130, 131, 132, 133, 134, 135, 136, 137, 138, 139, 140, 141, 148, 150, 151, 164, 166, 174, 176, 178, 190, 191, 192, 205, 209, 218, 227, 229, 238, 247, 260, 263, 265, 275, 286, 287, 294, 299, 301, 302, 304, 305, 306, 307, 308, 310]",174,False,2.5952536567696516e-05,-7.173959504300021e-07,8.889977506042172e-06,20.0
FT8,959,959,688,271,1785,0.7174139728884255,0.2782046097856854,0.40093240093240096,cao2018,S01/061102n,all_channel,median,median__all_channel__FT8,32,315,"[0, 1, 2, 3, 4, 5, 6, 7, 8, 9, 10, 11, 12, 13, 14, 15, 16, 17, 18, 19, 20, 21, 22, 23, 24, 25, 26, 27, 28, 29, 30, 31, 32, 33, 34, 35, 36, 37, 38, 39, 40, 41, 42, 43, 44, 45, 46, 47, 48, 49, 50, 51, 52, 53, 54, 55, 56, 57, 58, 59, 60, 61, 62, 63, 64, 65, 66, 67, 68, 69, 70, 71, 72, 73, 74, 75, 76, 77, 78, 79, 80, 81, 82, 83, 84, 85, 86, 87, 88, 89, 92, 93, 94, 95, 96, 97, 98, 99, 100, 101, 102, 103, 104, 105, 106, 107, 108, 109, 110, 111, 112, 113, 114, 115, 116, 117, 118, 119, 120, 121, 122, 123, 124, 125, 126, 127, 128, 129, 130, 131, 132, 133, 134, 135, 136, 137, 138, 139, 140, 141, 148, 150, 151, 164, 166, 174, 176, 178, 190, 191, 192, 205, 209, 218, 227, 229, 238, 247, 260, 263, 265, 275, 286, 287, 294, 299, 301, 302, 304, 305, 306, 307, 308, 310]",174,False,2.4279201976258397e-05,-4.372121965409307e-07,8.238804724266442e-06,20.0
FC3,810,810,641,169,1832,0.7913580246913581,0.2591993530125354,0.39049649710630524,cao2018,S01/061102n,all_channel,median,median__all_channel__FC3,32,315,"[0, 1, 2, 3, 4, 5, 6, 7, 8, 9, 10, 11, 12, 13, 14, 15, 16, 17, 18, 19, 20, 21, 22, 23, 24, 25, 26, 27, 28, 29, 30, 31, 32, 33, 34, 35, 36, 37, 38, 39, 40, 41, 42, 43, 44, 45, 46, 47, 48, 49, 50, 51, 52, 53, 54, 55, 56, 57, 58, 59, 60, 61, 62, 63, 64, 65, 66, 67, 68, 69, 70, 71, 72, 73, 74, 75, 76, 77, 78, 79, 80, 81, 82, 83, 84, 85, 86, 87, 88, 89, 92, 93, 94, 95, 96, 97, 98, 99, 100, 101, 102, 103, 104, 105, 106, 107, 108, 109, 110, 111, 112, 113, 114, 115, 116, 117, 118, 119, 120, 121, 122, 123, 124, 125, 126, 127, 128, 129, 130, 131, 132, 133, 134, 135, 136, 137, 138, 139, 140, 141, 148, 150, 151, 164, 166, 174, 176, 178, 190, 191, 192, 205, 209, 218, 227, 229, 238, 247, 260, 263, 265, 275, 286, 287, 294, 299, 301, 302, 304, 305, 306, 307, 308, 310]",174,False,2.8873384398777037e-05,-7.301956944477529e-07,9.86786003107493e-06,20.0
T3,862,862,645,217,1828,0.7482598607888631,0.26081682167408005,0.38680659670164913,cao2018,S01/061102n,all_channel,median,median__all_channel__T3,32,315,"[0, 1, 2, 3, 4, 5, 6, 7, 8, 9, 10, 11, 12, 13, 14, 15, 16, 17, 18, 19, 20, 21, 22, 23, 24, 25, 26, 27, 28, 29, 30, 31, 32, 33, 34, 35, 36, 37, 38, 39, 40, 41, 42, 43, 44, 45, 46, 47, 48, 49, 50, 51, 52, 53, 54, 55, 56, 57, 58, 59, 60, 61, 62, 63, 64, 65, 66, 67, 68, 69, 70, 71, 72, 73, 74, 75, 76, 77, 78, 79, 80, 81, 82, 83, 84, 85, 86, 87, 88, 89, 92, 93, 94, 95, 96, 97, 98, 99, 100, 101, 102, 103, 104, 105, 106, 107, 108, 109, 110, 111, 112, 113, 114, 115, 116, 117, 118, 119, 120, 121, 122, 123, 124, 125, 126, 127, 128, 129, 130, 131, 132, 133, 134, 135, 136, 137, 138, 139, 140, 141, 148, 150, 151, 164, 166, 174, 176, 178, 190, 191, 192, 205, 209, 218, 227, 229, 238, 247, 260, 263, 265, 275, 286, 287, 294, 299, 301, 302, 304, 305, 306, 307, 308, 310]",174,False,2.5333495295254794e-05,-6.742836195486629e-07,8.66925963826782e-06,20.0
FCZ,739,739,526,213,1947,0.7117726657645467,0.21269712899312576,0.32752179327521797,cao2018,S01/061102n,all_channel,median,median__all_channel__FCZ,32,315,"[0, 1, 2, 3, 4, 5, 6, 7, 8, 9, 10, 11, 12, 13, 14, 15, 16, 17, 18, 19, 20, 21, 22, 23, 24, 25, 26, 27, 28, 29, 30, 31, 32, 33, 34, 35, 36, 37, 38, 39, 40, 41, 42, 43, 44, 45, 46, 47, 48, 49, 50, 51, 52, 53, 54, 55, 56, 57, 58, 59, 60, 61, 62, 63, 64, 65, 66, 67, 68, 69, 70, 71, 72, 73, 74, 75, 76, 77, 78, 79, 80, 81, 82, 83, 84, 85, 86, 87, 88, 89, 92, 93, 94, 95, 96, 97, 98, 99, 100, 101, 102, 103, 104, 105, 106, 107, 108, 109, 110, 111, 112, 113, 114, 115, 116, 117, 118, 119, 120, 121, 122, 123, 124, 125, 126, 127, 128, 129, 130, 131, 132, 133, 134, 135, 136, 137, 138, 139, 140, 141, 148, 150, 151, 164, 166, 174, 176, 178, 190, 191, 192, 205, 209, 218, 227, 229, 238, 247, 260, 263, 265, 275, 286, 287, 294, 299, 301, 302, 304, 305, 306, 307, 308, 310]",174,False,3.1313817196664264e-05,-5.697363802713826e-07,1.0627851192311883e-05,20.0
C4,693,693,475,218,1998,0.6854256854256854,0.19207440355843106,0.30006317119393555,cao2018,S01/061102n,all_channel,median,median__all_channel__C4,32,315,"[0, 1, 2, 3, 4, 5, 6, 7, 8, 9, 10, 11, 12, 13, 14, 15, 16, 17, 18, 19, 20, 21, 22, 23, 24, 25, 26, 27, 28, 29, 30, 31, 32, 33, 34, 35, 36, 37, 38, 39, 40, 41, 42, 43, 44, 45, 46, 47, 48, 49, 50, 51, 52, 53, 54, 55, 56, 57, 58, 59, 60, 61, 62, 63, 64, 65, 66, 67, 68, 69, 70, 71, 72, 73, 74, 75, 76, 77, 78, 79, 80, 81, 82, 83, 84, 85, 86, 87, 88, 89, 92, 93, 94, 95, 96, 97, 98, 99, 100, 101, 102, 103, 104, 105, 106, 107, 108, 109, 110, 111, 112, 113, 114, 115, 116, 117, 118, 119, 120, 121, 122, 123, 124, 125, 126, 127, 128, 129, 130, 131, 132, 133, 134, 135, 136, 137, 138, 139, 140, 141, 148, 150, 151, 164, 166, 174, 176, 178, 190, 191, 192, 205, 209, 218, 227, 229, 238, 247, 260, 263, 265, 275, 286, 287, 294, 299, 301, 302, 304, 305, 306, 307, 308, 310]",174,False,2.4805802080940088e-05,-4.3447813563544255e-07,8.413426738858511e-06,20.0
TP8,574,574,332,242,2141,0.578397212543554,0.13424989890820865,0.21791926485067276,cao2018,S01/061102n,all_channel,median,median__all_channel__TP8,32,315,"[0, 1, 2, 3, 4, 5, 6, 7, 8, 9, 10, 11, 12, 13, 14, 15, 16, 17, 18, 19, 20, 21, 22, 23, 24, 25, 26, 27, 28, 29, 30, 31, 32, 33, 34, 35, 36, 37, 38, 39, 40, 41, 42, 43, 44, 45, 46, 47, 48, 49, 50, 51, 52, 53, 54, 55, 56, 57, 58, 59, 60, 61, 62, 63, 64, 65, 66, 67, 68, 69, 70, 71, 72, 73, 74, 75, 76, 77, 78, 79, 80, 81, 82, 83, 84, 85, 86, 87, 88, 89, 92, 93, 94, 95, 96, 97, 98, 99, 100, 101, 102, 103, 104, 105, 106, 107, 108, 109, 110, 111, 112, 113, 114, 115, 116, 117, 118, 119, 120, 121, 122, 123, 124, 125, 126, 127, 128, 129, 130, 131, 132, 133, 134, 135, 136, 137, 138, 139, 140, 141, 148, 150, 151, 164, 166, 174, 176, 178, 190, 191, 192, 205, 209, 218, 227, 229, 238, 247, 260, 263, 265, 275, 286, 287, 294, 299, 301, 302, 304, 305, 306, 307, 308, 310]",174,False,1.723222247564006e-05,-1.366950421169664e-07,5.789639172585676e-06,20.0
CP4,483,483,308,175,2165,0.6376811594202898,0.12454508693894056,0.20838971583220567,cao2018,S01/061102n,all_channel,median,median__all_channel__CP4,32,315,"[0, 1, 2, 3, 4, 5, 6, 7, 8, 9, 10, 11, 12, 13, 14, 15, 16, 17, 18, 19, 20, 21, 22, 23, 24, 25, 26, 27, 28, 29, 30, 31, 32, 33, 34, 35, 36, 37, 38, 39, 40, 41, 42, 43, 44, 45, 46, 47, 48, 49, 50, 51, 52, 53, 54, 55, 56, 57, 58, 59, 60, 61, 62, 63, 64, 65, 66, 67, 68, 69, 70, 71, 72, 73, 74, 75, 76, 77, 78, 79, 80, 81, 82, 83, 84, 85, 86, 87, 88, 89, 92, 93, 94, 95, 96, 97, 98, 99, 100, 101, 102, 103, 104, 105, 106, 107, 108, 109, 110, 111, 112, 113, 114, 115, 116, 117, 118, 119, 120, 121, 122, 123, 124, 125, 126, 127, 128, 129, 130, 131, 132, 133, 134, 135, 136, 137, 138, 139, 140, 141, 148, 150, 151, 164, 166, 174, 176, 178, 190, 191, 192, 205, 209, 218, 227, 229, 238, 247, 260, 263, 265, 275, 286, 287, 294, 299, 301, 302, 304, 305, 306, 307, 308, 310]",174,False,2.3082852503725748e-05,-2.9727705891116646e-07,7.793376520878972e-06,20.0
A2,446,446,249,197,2224,0.5582959641255605,0.10068742418115649,0.17060637204522097,cao2018,S01/061102n,all_channel,median,median__all_channel__A2,32,315,"[0, 1, 2, 3, 4, 5, 6, 7, 8, 9, 10, 11, 12, 13, 14, 15, 16, 17, 18, 19, 20, 21, 22, 23, 24, 25, 26, 27, 28, 29, 30, 31, 32, 33, 34, 35, 36, 37, 38, 39, 40, 41, 42, 43, 44, 45, 46, 47, 48, 49, 50, 51, 52, 53, 54, 55, 56, 57, 58, 59, 60, 61, 62, 63, 64, 65, 66, 67, 68, 69, 70, 71, 72, 73, 74, 75, 76, 77, 78, 79, 80, 81, 82, 83, 84, 85, 86, 87, 88, 89, 92, 93, 94, 95, 96, 97, 98, 99, 100, 101, 102, 103, 104, 105, 106, 107, 108, 109, 110, 111, 112, 113, 114, 115, 116, 117, 118, 119, 120, 121, 122, 123, 124, 125, 126, 127, 128, 129, 130, 131, 132, 133, 134, 135, 136, 137, 138, 139, 140, 141, 148, 150, 151, 164, 166, 174, 176, 178, 190, 191, 192, 205, 209, 218, 227, 229, 238, 247, 260, 263, 265, 275, 286, 287, 294, 299, 301, 302, 304, 305, 306, 307, 308, 310]",174,False,1.069492904598228e-05,7.412671540440885e-08,3.540267443525957e-06,20.0
CZ,418,418,246,172,2227,0.5885167464114832,0.09947432268499798,0.17018332756831545,cao2018,S01/061102n,all_channel,median,median__all_channel__CZ,32,315,"[0, 1, 2, 3, 4, 5, 6, 7, 8, 9, 10, 11, 12, 13, 14, 15, 16, 17, 18, 19, 20, 21, 22, 23, 24, 25, 26, 27, 28, 29, 30, 31, 32, 33, 34, 35, 36, 37, 38, 39, 40, 41, 42, 43, 44, 45, 46, 47, 48, 49, 50, 51, 52, 53, 54, 55, 56, 57, 58, 59, 60, 61, 62, 63, 64, 65, 66, 67, 68, 69, 70, 71, 72, 73, 74, 75, 76, 77, 78, 79, 80, 81, 82, 83, 84, 85, 86, 87, 88, 89, 92, 93, 94, 95, 96, 97, 98, 99, 100, 101, 102, 103, 104, 105, 106, 107, 108, 109, 110, 111, 112, 113, 114, 115, 116, 117, 118, 119, 120, 121, 122, 123, 124, 125, 126, 127, 128, 129, 130, 131, 132, 133, 134, 135, 136, 137, 138, 139, 140, 141, 148, 150, 151, 164, 166, 174, 176, 178, 190, 191, 192, 205, 209, 218, 227, 229, 238, 247, 260, 263, 265, 275, 286, 287, 294, 299, 301, 302, 304, 305, 306, 307, 308, 310]",174,False,2.7605524837572556e-05,-3.773639357441446e-07,9.327629591105567e-06,20.0
C3,373,373,239,134,2234,0.6407506702412868,0.09664375252729479,0.16795502459592412,cao2018,S01/061102n,all_channel,median,median__all_channel__C3,32,315,"[0, 1, 2, 3, 4, 5, 6, 7, 8, 9, 10, 11, 12, 13, 14, 15, 16, 17, 18, 19, 20, 21, 22, 23, 24, 25, 26, 27, 28, 29, 30, 31, 32, 33, 34, 35, 36, 37, 38, 39, 40, 41, 42, 43, 44, 45, 46, 47, 48, 49, 50, 51, 52, 53, 54, 55, 56, 57, 58, 59, 60, 61, 62, 63, 64, 65, 66, 67, 68, 69, 70, 71, 72, 73, 74, 75, 76, 77, 78, 79, 80, 81, 82, 83, 84, 85, 86, 87, 88, 89, 92, 93, 94, 95, 96, 97, 98, 99, 100, 101, 102, 103, 104, 105, 106, 107, 108, 109, 110, 111, 112, 113, 114, 115, 116, 117, 118, 119, 120, 121, 122, 123, 124, 125, 126, 127, 128, 129, 130, 131, 132, 133, 134, 135, 136, 137, 138, 139, 140, 141, 148, 150, 151, 164, 166, 174, 176, 178, 190, 191, 192, 205, 209, 218, 227, 229, 238, 247, 260, 263, 265, 275, 286, 287, 294, 299, 301, 302, 304, 305, 306, 307, 308, 310]",174,False,2.5102830657003784e-05,-4.1298360095080467e-07,8.505271419318196e-06,20.0
P4,351,351,202,149,2271,0.5754985754985755,0.08168216740800648,0.14305949008498584,cao2018,S01/061102n,all_channel,median,median__all_channel__P4,32,315,"[0, 1, 2, 3, 4, 5, 6, 7, 8, 9, 10, 11, 12, 13, 14, 15, 16, 17, 18, 19, 20, 21, 22, 23, 24, 25, 26, 27, 28, 29, 30, 31, 32, 33, 34, 35, 36, 37, 38, 39, 40, 41, 42, 43, 44, 45, 46, 47, 48, 49, 50, 51, 52, 53, 54, 55, 56, 57, 58, 59, 60, 61, 62, 63, 64, 65, 66, 67, 68, 69, 70, 71, 72, 73, 74, 75, 76, 77, 78, 79, 80, 81, 82, 83, 84, 85, 86, 87, 88, 89, 92, 93, 94, 95, 96, 97, 98, 99, 100, 101, 102, 103, 104, 105, 106, 107, 108, 109, 110, 111, 112, 113, 114, 115, 116, 117, 118, 119, 120, 121, 122, 123, 124, 125, 126, 127, 128, 129, 130, 131, 132, 133, 134, 135, 136, 137, 138, 139, 140, 141, 148, 150, 151, 164, 166, 174, 176, 178, 190, 191, 192, 205, 209, 218, 227, 229, 238, 247, 260, 263, 265, 275, 286, 287, 294, 299, 301, 302, 304, 305, 306, 307, 308, 310]",174,False,2.1087032512782583e-05,-2.0156483908141272e-07,7.096199117287999e-06,20.0
T4,1815,1815,273,1542,2200,0.15041322314049588,0.11039223615042458,0.1273320895522388,cao2018,S01/061102n,all_channel,median,median__all_channel__T4,32,315,"[0, 1, 2, 3, 4, 5, 6, 7, 8, 9, 10, 11, 12, 13, 14, 15, 16, 17, 18, 19, 20, 21, 22, 23, 24, 25, 26, 27, 28, 29, 30, 31, 32, 33, 34, 35, 36, 37, 38, 39, 40, 41, 42, 43, 44, 45, 46, 47, 48, 49, 50, 51, 52, 53, 54, 55, 56, 57, 58, 59, 60, 61, 62, 63, 64, 65, 66, 67, 68, 69, 70, 71, 72, 73, 74, 75, 76, 77, 78, 79, 80, 81, 82, 83, 84, 85, 86, 87, 88, 89, 92, 93, 94, 95, 96, 97, 98, 99, 100, 101, 102, 103, 104, 105, 106, 107, 108, 109, 110, 111, 112, 113, 114, 115, 116, 117, 118, 119, 120, 121, 122, 123, 124, 125, 126, 127, 128, 129, 130, 131, 132, 133, 134, 135, 136, 137, 138, 139, 140, 141, 148, 150, 151, 164, 166, 174, 176, 178, 190, 191, 192, 205, 209, 218, 227, 229, 238, 247, 260, 263, 265, 275, 286, 287, 294, 299, 301, 302, 304, 305, 306, 307, 308, 310]",174,False,2.290145722306584e-05,0.0,7.63381907435528e-06,20.0
T6,323,323,151,172,2322,0.4674922600619195,0.06105944197331177,0.10801144492131617,cao2018,S01/061102n,all_channel,median,median__all_channel__T6,32,315,"[0, 1, 2, 3, 4, 5, 6, 7, 8, 9, 10, 11, 12, 13, 14, 15, 16, 17, 18, 19, 20, 21, 22, 23, 24, 25, 26, 27, 28, 29, 30, 31, 32, 33, 34, 35, 36, 37, 38, 39, 40, 41, 42, 43, 44, 45, 46, 47, 48, 49, 50, 51, 52, 53, 54, 55, 56, 57, 58, 59, 60, 61, 62, 63, 64, 65, 66, 67, 68, 69, 70, 71, 72, 73, 74, 75, 76, 77, 78, 79, 80, 81, 82, 83, 84, 85, 86, 87, 88, 89, 92, 93, 94, 95, 96, 97, 98, 99, 100, 101, 102, 103, 104, 105, 106, 107, 108, 109, 110, 111, 112, 113, 114, 115, 116, 117, 118, 119, 120, 121, 122, 123, 124, 125, 126, 127, 128, 129, 130, 131, 132, 133, 134, 135, 136, 137, 138, 139, 140, 141, 148, 150, 151, 164, 166, 174, 176, 178, 190, 191, 192, 205, 209, 218, 227, 229, 238, 247, 260, 263, 265, 275, 286, 287, 294, 299, 301, 302, 304, 305, 306, 307, 308, 310]",174,False,1.672113722117072e-05,-1.1092747676330463e-07,5.610688232644676e-06,20.0
CPZ,259,259,121,138,2352,0.4671814671814672,0.04892842701172665,0.08857979502196194,cao2018,S01/061102n,all_channel,median,median__all_channel__CPZ,32,315,"[0, 1, 2, 3, 4, 5, 6, 7, 8, 9, 10, 11, 12, 13, 14, 15, 16, 17, 18, 19, 20, 21, 22, 23, 24, 25, 26, 27, 28, 29, 30, 31, 32, 33, 34, 35, 36, 37, 38, 39, 40, 41, 42, 43, 44, 45, 46, 47, 48, 49, 50, 51, 52, 53, 54, 55, 56, 57, 58, 59, 60, 61, 62, 63, 64, 65, 66, 67, 68, 69, 70, 71, 72, 73, 74, 75, 76, 77, 78, 79, 80, 81, 82, 83, 84, 85, 86, 87, 88, 89, 92, 93, 94, 95, 96, 97, 98, 99, 100, 101, 102, 103, 104, 105, 106, 107, 108, 109, 110, 111, 112, 113, 114, 115, 116, 117, 118, 119, 120, 121, 122, 123, 124, 125, 126, 127, 128, 129, 130, 131, 132, 133, 134, 135, 136, 137, 138, 139, 140, 141, 148, 150, 151, 164, 166, 174, 176, 178, 190, 191, 192, 205, 209, 218, 227, 229, 238, 247, 260, 263, 265, 275, 286, 287, 294, 299, 301, 302, 304, 305, 306, 307, 308, 310]",174,False,2.40186457142547e-05,-2.2485029658547772e-07,8.081165336946726e-06,20.0
CP3,196,196,87,109,2386,0.44387755102040816,0.03517994338859685,0.06519295616335706,cao2018,S01/061102n,all_channel,median,median__all_channel__CP3,32,315,"[0, 1, 2, 3, 4, 5, 6, 7, 8, 9, 10, 11, 12, 13, 14, 15, 16, 17, 18, 19, 20, 21, 22, 23, 24, 25, 26, 27, 28, 29, 30, 31, 32, 33, 34, 35, 36, 37, 38, 39, 40, 41, 42, 43, 44, 45, 46, 47, 48, 49, 50, 51, 52, 53, 54, 55, 56, 57, 58, 59, 60, 61, 62, 63, 64, 65, 66, 67, 68, 69, 70, 71, 72, 73, 74, 75, 76, 77, 78, 79, 80, 81, 82, 83, 84, 85, 86, 87, 88, 89, 92, 93, 94, 95, 96, 97, 98, 99, 100, 101, 102, 103, 104, 105, 106, 107, 108, 109, 110, 111, 112, 113, 114, 115, 116, 117, 118, 119, 120, 121, 122, 123, 124, 125, 126, 127, 128, 129, 130, 131, 132, 133, 134, 135, 136, 137, 138, 139, 140, 141, 148, 150, 151, 164, 166, 174, 176, 178, 190, 191, 192, 205, 209, 218, 227, 229, 238, 247, 260, 263, 265, 275, 286, 287, 294, 299, 301, 302, 304, 305, 306, 307, 308, 310]",174,False,2.193130136576869e-05,-2.2118310391886876e-07,7.3841614898958525e-06,20.0
PZ,195,195,74,121,2399,0.37948717948717947,0.029923170238576626,0.05547226386806597,cao2018,S01/061102n,all_channel,median,median__all_channel__PZ,32,315,"[0, 1, 2, 3, 4, 5, 6, 7, 8, 9, 10, 11, 12, 13, 14, 15, 16, 17, 18, 19, 20, 21, 22, 23, 24, 25, 26, 27, 28, 29, 30, 31, 32, 33, 34, 35, 36, 37, 38, 39, 40, 41, 42, 43, 44, 45, 46, 47, 48, 49, 50, 51, 52, 53, 54, 55, 56, 57, 58, 59, 60, 61, 62, 63, 64, 65, 66, 67, 68, 69, 70, 71, 72, 73, 74, 75, 76, 77, 78, 79, 80, 81, 82, 83, 84, 85, 86, 87, 88, 89, 92, 93, 94, 95, 96, 97, 98, 99, 100, 101, 102, 103, 104, 105, 106, 107, 108, 109, 110, 111, 112, 113, 114, 115, 116, 117, 118, 119, 120, 121, 122, 123, 124, 125, 126, 127, 128, 129, 130, 131, 132, 133, 134, 135, 136, 137, 138, 139, 140, 141, 148, 150, 151, 164, 166, 174, 176, 178, 190, 191, 192, 205, 209, 218, 227, 229, 238, 247, 260, 263, 265, 275, 286, 287, 294, 299, 301, 302, 304, 305, 306, 307, 308, 310]",174,False,2.1761391744302105e-05,-1.5910979901692177e-07,7.306833847773009e-06,20.0
P3,165,165,61,104,2412,0.3696969696969697,0.02466639708855641,0.046247156937073534,cao2018,S01/061102n,all_channel,median,median__all_channel__P3,32,315,"[0, 1, 2, 3, 4, 5, 6, 7, 8, 9, 10, 11, 12, 13, 14, 15, 16, 17, 18, 19, 20, 21, 22, 23, 24, 25, 26, 27, 28, 29, 30, 31, 32, 33, 34, 35, 36, 37, 38, 39, 40, 41, 42, 43, 44, 45, 46, 47, 48, 49, 50, 51, 52, 53, 54, 55, 56, 57, 58, 59, 60, 61, 62, 63, 64, 65, 66, 67, 68, 69, 70, 71, 72, 73, 74, 75, 76, 77, 78, 79, 80, 81, 82, 83, 84, 85, 86, 87, 88, 89, 92, 93, 94, 95, 96, 97, 98, 99, 100, 101, 102, 103, 104, 105, 106, 107, 108, 109, 110, 111, 112, 113, 114, 115, 116, 117, 118, 119, 120, 121, 122, 123, 124, 125, 126, 127, 128, 129, 130, 131, 132, 133, 134, 135, 136, 137, 138, 139, 140, 141, 148, 150, 151, 164, 166, 174, 176, 178, 190, 191, 192, 205, 209, 218, 227, 229, 238, 247, 260, 263, 265, 275, 286, 287, 294, 299, 301, 302, 304, 305, 306, 307, 308, 310]",174,False,2.0105534150655593e-05,-1.5169887887654672e-07,6.752411009844046e-06,20.0
TP7,1043,1043,69,974,2404,0.06615532118887824,0.027901334411645773,0.03924914675767918,cao2018,S01/061102n,all_channel,median,median__all_channel__TP7,32,315,"[0, 1, 2, 3, 4, 5, 6, 7, 8, 9, 10, 11, 12, 13, 14, 15, 16, 17, 18, 19, 20, 21, 22, 23, 24, 25, 26, 27, 28, 29, 30, 31, 32, 33, 34, 35, 36, 37, 38, 39, 40, 41, 42, 43, 44, 45, 46, 47, 48, 49, 50, 51, 52, 53, 54, 55, 56, 57, 58, 59, 60, 61, 62, 63, 64, 65, 66, 67, 68, 69, 70, 71, 72, 73, 74, 75, 76, 77, 78, 79, 80, 81, 82, 83, 84, 85, 86, 87, 88, 89, 92, 93, 94, 95, 96, 97, 98, 99, 100, 101, 102, 103, 104, 105, 106, 107, 108, 109, 110, 111, 112, 113, 114, 115, 116, 117, 118, 119, 120, 121, 122, 123, 124, 125, 126, 127, 128, 129, 130, 131, 132, 133, 134, 135, 136, 137, 138, 139, 140, 141, 148, 150, 151, 164, 166, 174, 176, 178, 190, 191, 192, 205, 209, 218, 227, 229, 238, 247, 260, 263, 265, 275, 286, 287, 294, 299, 301, 302, 304, 305, 306, 307, 308, 310]",174,False,2.1053983652050285e-05,-8.719667493908398e-08,7.047060108996457e-06,20.0
A1,221,221,31,190,2442,0.14027149321266968,0.01253538212697129,0.023014105419450634,cao2018,S01/061102n,all_channel,median,median__all_channel__A1,32,315,"[0, 1, 2, 3, 4, 5, 6, 7, 8, 9, 10, 11, 12, 13, 14, 15, 16, 17, 18, 19, 20, 21, 22, 23, 24, 25, 26, 27, 28, 29, 30, 31, 32, 33, 34, 35, 36, 37, 38, 39, 40, 41, 42, 43, 44, 45, 46, 47, 48, 49, 50, 51, 52, 53, 54, 55, 56, 57, 58, 59, 60, 61, 62, 63, 64, 65, 66, 67, 68, 69, 70, 71, 72, 73, 74, 75, 76, 77, 78, 79, 80, 81, 82, 83, 84, 85, 86, 87, 88, 89, 92, 93, 94, 95, 96, 97, 98, 99, 100, 101, 102, 103, 104, 105, 106, 107, 108, 109, 110, 111, 112, 113, 114, 115, 116, 117, 118, 119, 120, 121, 122, 123, 124, 125, 126, 127, 128, 129, 130, 131, 132, 133, 134, 135, 136, 137, 138, 139, 140, 141, 148, 150, 151, 164, 166, 174, 176, 178, 190, 191, 192, 205, 209, 218, 227, 229, 238, 247, 260, 263, 265, 275, 286, 287, 294, 299, 301, 302, 304, 305, 306, 307, 308, 310]",174,False,1.0546934021743575e-05,-7.377360233877675e-08,3.540235874694117e-06,20.0
O2,150,150,28,122,2445,0.18666666666666668,0.011322280630812778,0.02134959969500572,cao2018,S01/061102n,all_channel,median,median__all_channel__O2,32,315,"[0, 1, 2, 3, 4, 5, 6, 7, 8, 9, 10, 11, 12, 13, 14, 15, 16, 17, 18, 19, 20, 21, 22, 23, 24, 25, 26, 27, 28, 29, 30, 31, 32, 33, 34, 35, 36, 37, 38, 39, 40, 41, 42, 43, 44, 45, 46, 47, 48, 49, 50, 51, 52, 53, 54, 55, 56, 57, 58, 59, 60, 61, 62, 63, 64, 65, 66, 67, 68, 69, 70, 71, 72, 73, 74, 75, 76, 77, 78, 79, 80, 81, 82, 83, 84, 85, 86, 87, 88, 89, 92, 93, 94, 95, 96, 97, 98, 99, 100, 101, 102, 103, 104, 105, 106, 107, 108, 109, 110, 111, 112, 113, 114, 115, 116, 117, 118, 119, 120, 121, 122, 123, 124, 125, 126, 127, 128, 129, 130, 131, 132, 133, 134, 135, 136, 137, 138, 139, 140, 141, 148, 150, 151, 164, 166, 174, 176, 178, 190, 191, 192, 205, 209, 218, 227, 229, 238, 247, 260, 263, 265, 275, 286, 287, 294, 299, 301, 302, 304, 305, 306, 307, 308, 310]",174,False,1.788206605404324e-05,-7.492355051352211e-08,5.98566320151892e-06,20.0
T5,141,141,25,116,2448,0.1773049645390071,0.010109179134654266,0.01912777352716144,cao2018,S01/061102n,all_channel,median,median__all_channel__T5,32,315,"[0, 1, 2, 3, 4, 5, 6, 7, 8, 9, 10, 11, 12, 13, 14, 15, 16, 17, 18, 19, 20, 21, 22, 23, 24, 25, 26, 27, 28, 29, 30, 31, 32, 33, 34, 35, 36, 37, 38, 39, 40, 41, 42, 43, 44, 45, 46, 47, 48, 49, 50, 51, 52, 53, 54, 55, 56, 57, 58, 59, 60, 61, 62, 63, 64, 65, 66, 67, 68, 69, 70, 71, 72, 73, 74, 75, 76, 77, 78, 79, 80, 81, 82, 83, 84, 85, 86, 87, 88, 89, 92, 93, 94, 95, 96, 97, 98, 99, 100, 101, 102, 103, 104, 105, 106, 107, 108, 109, 110, 111, 112, 113, 114, 115, 116, 117, 118, 119, 120, 121, 122, 123, 124, 125, 126, 127, 128, 129, 130, 131, 132, 133, 134, 135, 136, 137, 138, 139, 140, 141, 148, 150, 151, 164, 166, 174, 176, 178, 190, 191, 192, 205, 209, 218, 227, 229, 238, 247, 260, 263, 265, 275, 286, 287, 294, 299, 301, 302, 304, 305, 306, 307, 308, 310]",174,False,1.56375306458844e-05,-3.0260313242452426e-08,5.222596986375617e-06,20.0
OZ,147,147,19,128,2454,0.1292517006802721,0.007682976142337242,0.01450381679389313,cao2018,S01/061102n,all_channel,median,median__all_channel__OZ,32,315,"[0, 1, 2, 3, 4, 5, 6, 7, 8, 9, 10, 11, 12, 13, 14, 15, 16, 17, 18, 19, 20, 21, 22, 23, 24, 25, 26, 27, 28, 29, 30, 31, 32, 33, 34, 35, 36, 37, 38, 39, 40, 41, 42, 43, 44, 45, 46, 47, 48, 49, 50, 51, 52, 53, 54, 55, 56, 57, 58, 59, 60, 61, 62, 63, 64, 65, 66, 67, 68, 69, 70, 71, 72, 73, 74, 75, 76, 77, 78, 79, 80, 81, 82, 83, 84, 85, 86, 87, 88, 89, 92, 93, 94, 95, 96, 97, 98, 99, 100, 101, 102, 103, 104, 105, 106, 107, 108, 109, 110, 111, 112, 113, 114, 115, 116, 117, 118, 119, 120, 121, 122, 123, 124, 125, 126, 127, 128, 129, 130, 131, 132, 133, 134, 135, 136, 137, 138, 139, 140, 141, 148, 150, 151, 164, 166, 174, 176, 178, 190, 191, 192, 205, 209, 218, 227, 229, 238, 247, 260, 263, 265, 275, 286, 287, 294, 299, 301, 302, 304, 305, 306, 307, 308, 310]",174,False,1.685065191338512e-05,-5.30650126633512e-08,5.634572308682825e-06,20.0
O1,138,138,13,125,2460,0.09420289855072464,0.005256773150020219,0.00995787054768288,cao2018,S01/061102n,all_channel,median,median__all_channel__O1,32,315,"[0, 1, 2, 3, 4, 5, 6, 7, 8, 9, 10, 11, 12, 13, 14, 15, 16, 17, 18, 19, 20, 21, 22, 23, 24, 25, 26, 27, 28, 29, 30, 31, 32, 33, 34, 35, 36, 37, 38, 39, 40, 41, 42, 43, 44, 45, 46, 47, 48, 49, 50, 51, 52, 53, 54, 55, 56, 57, 58, 59, 60, 61, 62, 63, 64, 65, 66, 67, 68, 69, 70, 71, 72, 73, 74, 75, 76, 77, 78, 79, 80, 81, 82, 83, 84, 85, 86, 87, 88, 89, 92, 93, 94, 95, 96, 97, 98, 99, 100, 101, 102, 103, 104, 105, 106, 107, 108, 109, 110, 111, 112, 113, 114, 115, 116, 117, 118, 119, 120, 121, 122, 123, 124, 125, 126, 127, 128, 129, 130, 131, 132, 133, 134, 135, 136, 137, 138, 139, 140, 141, 148, 150, 151, 164, 166, 174, 176, 178, 190, 191, 192, 205, 209, 218, 227, 229, 238, 247, 260, 263, 265, 275, 286, 287, 294, 299, 301, 302, 304, 305, 306, 307, 308, 310]",174,False,1.7624420616703975e-05,-2.7195855936442183e-08,5.883872157546806e-06,20.0
FP1,2721,2721,2398,323,75,0.8812936420433664,0.9696724625960372,0.9233731228340394,cao2018,S01/061102n,all_channel,mean,mean__all_channel__FP1,32,315,"[0, 1, 2, 3, 4, 5, 6, 7, 8, 9, 10, 11, 12, 13, 14, 15, 16, 17, 18, 19, 20, 21, 22, 23, 24, 25, 26, 27, 28, 29, 30, 31, 32, 33, 34, 35, 36, 37, 38, 39, 40, 41, 42, 43, 44, 45, 46, 47, 48, 49, 50, 51, 52, 53, 54, 55, 56, 57, 58, 59, 60, 61, 62, 63, 64, 65, 66, 67, 68, 69, 70, 71, 72, 73, 74, 75, 76, 77, 78, 79, 80, 81, 82, 83, 84, 85, 86, 87, 88, 89, 92, 93, 94, 95, 96, 97, 98, 99, 100, 101, 102, 103, 104, 105, 106, 107, 108, 109, 110, 111, 112, 113, 114, 115, 116, 117, 118, 119, 120, 121, 122, 123, 124, 125, 126, 127, 128, 129, 130, 131, 132, 133, 134, 135, 136, 137, 138, 139, 140, 141, 148, 150, 151, 164, 166, 174, 176, 178, 190, 191, 192, 205, 209, 218, 227, 229, 238, 247, 260, 263, 265, 275, 286, 287, 294, 299, 301, 302, 304, 305, 306, 307, 308, 310]",174,False,5.149894626401058e-05,1.6292127864313536e-08,1.7160884712048757e-05,20.0
FP2,2193,2193,1910,283,563,0.870953032375741,0.7723412858875859,0.8186883840548649,cao2018,S01/061102n,all_channel,mean,mean__all_channel__FP2,32,315,"[0, 1, 2, 3, 4, 5, 6, 7, 8, 9, 10, 11, 12, 13, 14, 15, 16, 17, 18, 19, 20, 21, 22, 23, 24, 25, 26, 27, 28, 29, 30, 31, 32, 33, 34, 35, 36, 37, 38, 39, 40, 41, 42, 43, 44, 45, 46, 47, 48, 49, 50, 51, 52, 53, 54, 55, 56, 57, 58, 59, 60, 61, 62, 63, 64, 65, 66, 67, 68, 69, 70, 71, 72, 73, 74, 75, 76, 77, 78, 79, 80, 81, 82, 83, 84, 85, 86, 87, 88, 89, 92, 93, 94, 95, 96, 97, 98, 99, 100, 101, 102, 103, 104, 105, 106, 107, 108, 109, 110, 111, 112, 113, 114, 115, 116, 117, 118, 119, 120, 121, 122, 123, 124, 125, 126, 127, 128, 129, 130, 131, 132, 133, 134, 135, 136, 137, 138, 139, 140, 141, 148, 150, 151, 164, 166, 174, 176, 178, 190, 191, 192, 205, 209, 218, 227, 229, 238, 247, 260, 263, 265, 275, 286, 287, 294, 299, 301, 302, 304, 305, 306, 307, 308, 310]",174,False,4.389699394943273e-05,3.1003487661602555e-08,1.4621996820590377e-05,20.0
F3,1786,1786,1538,248,935,0.8611422172452408,0.6219167003639304,0.7222352664944823,cao2018,S01/061102n,all_channel,mean,mean__all_channel__F3,32,315,"[0, 1, 2, 3, 4, 5, 6, 7, 8, 9, 10, 11, 12, 13, 14, 15, 16, 17, 18, 19, 20, 21, 22, 23, 24, 25, 26, 27, 28, 29, 30, 31, 32, 33, 34, 35, 36, 37, 38, 39, 40, 41, 42, 43, 44, 45, 46, 47, 48, 49, 50, 51, 52, 53, 54, 55, 56, 57, 58, 59, 60, 61, 62, 63, 64, 65, 66, 67, 68, 69, 70, 71, 72, 73, 74, 75, 76, 77, 78, 79, 80, 81, 82, 83, 84, 85, 86, 87, 88, 89, 92, 93, 94, 95, 96, 97, 98, 99, 100, 101, 102, 103, 104, 105, 106, 107, 108, 109, 110, 111, 112, 113, 114, 115, 116, 117, 118, 119, 120, 121, 122, 123, 124, 125, 126, 127, 128, 129, 130, 131, 132, 133, 134, 135, 136, 137, 138, 139, 140, 141, 148, 150, 151, 164, 166, 174, 176, 178, 190, 191, 192, 205, 209, 218, 227, 229, 238, 247, 260, 263, 265, 275, 286, 287, 294, 299, 301, 302, 304, 305, 306, 307, 308, 310]",174,False,3.7508824555829974e-05,2.9169421357306042e-08,1.2493218378157556e-05,20.0
FZ,1278,1278,1063,215,1410,0.8317683881064163,0.4298422968054994,0.5667821914156225,cao2018,S01/061102n,all_channel,mean,mean__all_channel__FZ,32,315,"[0, 1, 2, 3, 4, 5, 6, 7, 8, 9, 10, 11, 12, 13, 14, 15, 16, 17, 18, 19, 20, 21, 22, 23, 24, 25, 26, 27, 28, 29, 30, 31, 32, 33, 34, 35, 36, 37, 38, 39, 40, 41, 42, 43, 44, 45, 46, 47, 48, 49, 50, 51, 52, 53, 54, 55, 56, 57, 58, 59, 60, 61, 62, 63, 64, 65, 66, 67, 68, 69, 70, 71, 72, 73, 74, 75, 76, 77, 78, 79, 80, 81, 82, 83, 84, 85, 86, 87, 88, 89, 92, 93, 94, 95, 96, 97, 98, 99, 100, 101, 102, 103, 104, 105, 106, 107, 108, 109, 110, 111, 112, 113, 114, 115, 116, 117, 118, 119, 120, 121, 122, 123, 124, 125, 126, 127, 128, 129, 130, 131, 132, 133, 134, 135, 136, 137, 138, 139, 140, 141, 148, 150, 151, 164, 166, 174, 176, 178, 190, 191, 192, 205, 209, 218, 227, 229, 238, 247, 260, 263, 265, 275, 286, 287, 294, 299, 301, 302, 304, 305, 306, 307, 308, 310]",174,False,3.463165890650613e-05,-8.00721501398991e-09,1.1546555373840042e-05,20.0
F8,1255,1255,948,307,1525,0.7553784860557768,0.3833400727860898,0.5085836909871244,cao2018,S01/061102n,all_channel,mean,mean__all_channel__F8,32,315,"[0, 1, 2, 3, 4, 5, 6, 7, 8, 9, 10, 11, 12, 13, 14, 15, 16, 17, 18, 19, 20, 21, 22, 23, 24, 25, 26, 27, 28, 29, 30, 31, 32, 33, 34, 35, 36, 37, 38, 39, 40, 41, 42, 43, 44, 45, 46, 47, 48, 49, 50, 51, 52, 53, 54, 55, 56, 57, 58, 59, 60, 61, 62, 63, 64, 65, 66, 67, 68, 69, 70, 71, 72, 73, 74, 75, 76, 77, 78, 79, 80, 81, 82, 83, 84, 85, 86, 87, 88, 89, 92, 93, 94, 95, 96, 97, 98, 99, 100, 101, 102, 103, 104, 105, 106, 107, 108, 109, 110, 111, 112, 113, 114, 115, 116, 117, 118, 119, 120, 121, 122, 123, 124, 125, 126, 127, 128, 129, 130, 131, 132, 133, 134, 135, 136, 137, 138, 139, 140, 141, 148, 150, 151, 164, 166, 174, 176, 178, 190, 191, 192, 205, 209, 218, 227, 229, 238, 247, 260, 263, 265, 275, 286, 287, 294, 299, 301, 302, 304, 305, 306, 307, 308, 310]",174,False,3.0670583049624066e-05,-1.4978840251509443e-08,1.0228520629958527e-05,20.0
F7,1036,1036,819,217,1654,0.7905405405405406,0.3311767084512738,0.46679965802222856,cao2018,S01/061102n,all_channel,mean,mean__all_channel__F7,32,315,"[0, 1, 2, 3, 4, 5, 6, 7, 8, 9, 10, 11, 12, 13, 14, 15, 16, 17, 18, 19, 20, 21, 22, 23, 24, 25, 26, 27, 28, 29, 30, 31, 32, 33, 34, 35, 36, 37, 38, 39, 40, 41, 42, 43, 44, 45, 46, 47, 48, 49, 50, 51, 52, 53, 54, 55, 56, 57, 58, 59, 60, 61, 62, 63, 64, 65, 66, 67, 68, 69, 70, 71, 72, 73, 74, 75, 76, 77, 78, 79, 80, 81, 82, 83, 84, 85, 86, 87, 88, 89, 92, 93, 94, 95, 96, 97, 98, 99, 100, 101, 102, 103, 104, 105, 106, 107, 108, 109, 110, 111, 112, 113, 114, 115, 116, 117, 118, 119, 120, 121, 122, 123, 124, 125, 126, 127, 128, 129, 130, 131, 132, 133, 134, 135, 136, 137, 138, 139, 140, 141, 148, 150, 151, 164, 166, 174, 176, 178, 190, 191, 192, 205, 209, 218, 227, 229, 238, 247, 260, 263, 265, 275, 286, 287, 294, 299, 301, 302, 304, 305, 306, 307, 308, 310]",174,False,2.7420762761958208e-05,8.60179332112688e-09,9.137386989545693e-06,20.0
FC4,1060,1060,805,255,1668,0.7594339622641509,0.32551556813586735,0.45570336824228697,cao2018,S01/061102n,all_channel,mean,mean__all_channel__FC4,32,315,"[0, 1, 2, 3, 4, 5, 6, 7, 8, 9, 10, 11, 12, 13, 14, 15, 16, 17, 18, 19, 20, 21, 22, 23, 24, 25, 26, 27, 28, 29, 30, 31, 32, 33, 34, 35, 36, 37, 38, 39, 40, 41, 42, 43, 44, 45, 46, 47, 48, 49, 50, 51, 52, 53, 54, 55, 56, 57, 58, 59, 60, 61, 62, 63, 64, 65, 66, 67, 68, 69, 70, 71, 72, 73, 74, 75, 76, 77, 78, 79, 80, 81, 82, 83, 84, 85, 86, 87, 88, 89, 92, 93, 94, 95, 96, 97, 98, 99, 100, 101, 102, 103, 104, 105, 106, 107, 108, 109, 110, 111, 112, 113, 114, 115, 116, 117, 118, 119, 120, 121, 122, 123, 124, 125, 126, 127, 128, 129, 130, 131, 132, 133, 134, 135, 136, 137, 138, 139, 140, 141, 148, 150, 151, 164, 166, 174, 176, 178, 190, 191, 192, 205, 209, 218, 227, 229, 238, 247, 260, 263, 265, 275, 286, 287, 294, 299, 301, 302, 304, 305, 306, 307, 308, 310]",174,False,3.058944302986384e-05,-3.610045117647447e-09,1.0197684358327163e-05,20.0
F4,1101,1101,792,309,1681,0.7193460490463215,0.32025879498584714,0.4432008953553442,cao2018,S01/061102n,all_channel,mean,mean__all_channel__F4,32,315,"[0, 1, 2, 3, 4, 5, 6, 7, 8, 9, 10, 11, 12, 13, 14, 15, 16, 17, 18, 19, 20, 21, 22, 23, 24, 25, 26, 27, 28, 29, 30, 31, 32, 33, 34, 35, 36, 37, 38, 39, 40, 41, 42, 43, 44, 45, 46, 47, 48, 49, 50, 51, 52, 53, 54, 55, 56, 57, 58, 59, 60, 61, 62, 63, 64, 65, 66, 67, 68, 69, 70, 71, 72, 73, 74, 75, 76, 77, 78, 79, 80, 81, 82, 83, 84, 85, 86, 87, 88, 89, 92, 93, 94, 95, 96, 97, 98, 99, 100, 101, 102, 103, 104, 105, 106, 107, 108, 109, 110, 111, 112, 113, 114, 115, 116, 117, 118, 119, 120, 121, 122, 123, 124, 125, 126, 127, 128, 129, 130, 131, 132, 133, 134, 135, 136, 137, 138, 139, 140, 141, 148, 150, 151, 164, 166, 174, 176, 178, 190, 191, 192, 205, 209, 218, 227, 229, 238, 247, 260, 263, 265, 275, 286, 287, 294, 299, 301, 302, 304, 305, 306, 307, 308, 310]",174,False,3.250368417817926e-05,3.278712121504184e-08,1.0823632352321403e-05,20.0
FT7,878,878,675,203,1798,0.7687927107061503,0.2729478366356652,0.4028648164726947,cao2018,S01/061102n,all_channel,mean,mean__all_channel__FT7,32,315,"[0, 1, 2, 3, 4, 5, 6, 7, 8, 9, 10, 11, 12, 13, 14, 15, 16, 17, 18, 19, 20, 21, 22, 23, 24, 25, 26, 27, 28, 29, 30, 31, 32, 33, 34, 35, 36, 37, 38, 39, 40, 41, 42, 43, 44, 45, 46, 47, 48, 49, 50, 51, 52, 53, 54, 55, 56, 57, 58, 59, 60, 61, 62, 63, 64, 65, 66, 67, 68, 69, 70, 71, 72, 73, 74, 75, 76, 77, 78, 79, 80, 81, 82, 83, 84, 85, 86, 87, 88, 89, 92, 93, 94, 95, 96, 97, 98, 99, 100, 101, 102, 103, 104, 105, 106, 107, 108, 109, 110, 111, 112, 113, 114, 115, 116, 117, 118, 119, 120, 121, 122, 123, 124, 125, 126, 127, 128, 129, 130, 131, 132, 133, 134, 135, 136, 137, 138, 139, 140, 141, 148, 150, 151, 164, 166, 174, 176, 178, 190, 191, 192, 205, 209, 218, 227, 229, 238, 247, 260, 263, 265, 275, 286, 287, 294, 299, 301, 302, 304, 305, 306, 307, 308, 310]",174,False,2.66793476524115e-05,9.415134284982026e-09,8.889977506042172e-06,20.0
FT8,936,936,671,265,1802,0.7168803418803419,0.2713303679741205,0.39366383103549435,cao2018,S01/061102n,all_channel,mean,mean__all_channel__FT8,32,315,"[0, 1, 2, 3, 4, 5, 6, 7, 8, 9, 10, 11, 12, 13, 14, 15, 16, 17, 18, 19, 20, 21, 22, 23, 24, 25, 26, 27, 28, 29, 30, 31, 32, 33, 34, 35, 36, 37, 38, 39, 40, 41, 42, 43, 44, 45, 46, 47, 48, 49, 50, 51, 52, 53, 54, 55, 56, 57, 58, 59, 60, 61, 62, 63, 64, 65, 66, 67, 68, 69, 70, 71, 72, 73, 74, 75, 76, 77, 78, 79, 80, 81, 82, 83, 84, 85, 86, 87, 88, 89, 92, 93, 94, 95, 96, 97, 98, 99, 100, 101, 102, 103, 104, 105, 106, 107, 108, 109, 110, 111, 112, 113, 114, 115, 116, 117, 118, 119, 120, 121, 122, 123, 124, 125, 126, 127, 128, 129, 130, 131, 132, 133, 134, 135, 136, 137, 138, 139, 140, 141, 148, 150, 151, 164, 166, 174, 176, 178, 190, 191, 192, 205, 209, 218, 227, 229, 238, 247, 260, 263, 265, 275, 286, 287, 294, 299, 301, 302, 304, 305, 306, 307, 308, 310]",174,False,2.4702033449618392e-05,-1.4380723180934212e-08,8.238804724266442e-06,20.0
FC3,719,719,570,149,1903,0.7927677329624478,0.23048928427011728,0.3571428571428571,cao2018,S01/061102n,all_channel,mean,mean__all_channel__FC3,32,315,"[0, 1, 2, 3, 4, 5, 6, 7, 8, 9, 10, 11, 12, 13, 14, 15, 16, 17, 18, 19, 20, 21, 22, 23, 24, 25, 26, 27, 28, 29, 30, 31, 32, 33, 34, 35, 36, 37, 38, 39, 40, 41, 42, 43, 44, 45, 46, 47, 48, 49, 50, 51, 52, 53, 54, 55, 56, 57, 58, 59, 60, 61, 62, 63, 64, 65, 66, 67, 68, 69, 70, 71, 72, 73, 74, 75, 76, 77, 78, 79, 80, 81, 82, 83, 84, 85, 86, 87, 88, 89, 92, 93, 94, 95, 96, 97, 98, 99, 100, 101, 102, 103, 104, 105, 106, 107, 108, 109, 110, 111, 112, 113, 114, 115, 116, 117, 118, 119, 120, 121, 122, 123, 124, 125, 126, 127, 128, 129, 130, 131, 132, 133, 134, 135, 136, 137, 138, 139, 140, 141, 148, 150, 151, 164, 166, 174, 176, 178, 190, 191, 192, 205, 209, 218, 227, 229, 238, 247, 260, 263, 265, 275, 286, 287, 294, 299, 301, 302, 304, 305, 306, 307, 308, 310]",174,False,2.960447638267244e-05,8.96289447648137e-10,9.86786003107493e-06,20.0
T3,775,775,571,204,1902,0.7367741935483871,0.23089365143550344,0.3516009852216749,cao2018,S01/061102n,all_channel,mean,mean__all_channel__T3,32,315,"[0, 1, 2, 3, 4, 5, 6, 7, 8, 9, 10, 11, 12, 13, 14, 15, 16, 17, 18, 19, 20, 21, 22, 23, 24, 25, 26, 27, 28, 29, 30, 31, 32, 33, 34, 35, 36, 37, 38, 39, 40, 41, 42, 43, 44, 45, 46, 47, 48, 49, 50, 51, 52, 53, 54, 55, 56, 57, 58, 59, 60, 61, 62, 63, 64, 65, 66, 67, 68, 69, 70, 71, 72, 73, 74, 75, 76, 77, 78, 79, 80, 81, 82, 83, 84, 85, 86, 87, 88, 89, 92, 93, 94, 95, 96, 97, 98, 99, 100, 101, 102, 103, 104, 105, 106, 107, 108, 109, 110, 111, 112, 113, 114, 115, 116, 117, 118, 119, 120, 121, 122, 123, 124, 125, 126, 127, 128, 129, 130, 131, 132, 133, 134, 135, 136, 137, 138, 139, 140, 141, 148, 150, 151, 164, 166, 174, 176, 178, 190, 191, 192, 205, 209, 218, 227, 229, 238, 247, 260, 263, 265, 275, 286, 287, 294, 299, 301, 302, 304, 305, 306, 307, 308, 310]",174,False,2.600005780550829e-05,-7.721109295167695e-09,8.66925963826782e-06,20.0
FCZ,705,705,503,202,1970,0.7134751773049646,0.20339668418924384,0.31655129011957206,cao2018,S01/061102n,all_channel,mean,mean__all_channel__FCZ,32,315,"[0, 1, 2, 3, 4, 5, 6, 7, 8, 9, 10, 11, 12, 13, 14, 15, 16, 17, 18, 19, 20, 21, 22, 23, 24, 25, 26, 27, 28, 29, 30, 31, 32, 33, 34, 35, 36, 37, 38, 39, 40, 41, 42, 43, 44, 45, 46, 47, 48, 49, 50, 51, 52, 53, 54, 55, 56, 57, 58, 59, 60, 61, 62, 63, 64, 65, 66, 67, 68, 69, 70, 71, 72, 73, 74, 75, 76, 77, 78, 79, 80, 81, 82, 83, 84, 85, 86, 87, 88, 89, 92, 93, 94, 95, 96, 97, 98, 99, 100, 101, 102, 103, 104, 105, 106, 107, 108, 109, 110, 111, 112, 113, 114, 115, 116, 117, 118, 119, 120, 121, 122, 123, 124, 125, 126, 127, 128, 129, 130, 131, 132, 133, 134, 135, 136, 137, 138, 139, 140, 141, 148, 150, 151, 164, 166, 174, 176, 178, 190, 191, 192, 205, 209, 218, 227, 229, 238, 247, 260, 263, 265, 275, 286, 287, 294, 299, 301, 302, 304, 305, 306, 307, 308, 310]",174,False,3.188503245746838e-05,1.4788805327321127e-09,1.0627851192311883e-05,20.0
C4,675,675,461,214,2012,0.682962962962963,0.18641326324302468,0.29288437102922493,cao2018,S01/061102n,all_channel,mean,mean__all_channel__C4,32,315,"[0, 1, 2, 3, 4, 5, 6, 7, 8, 9, 10, 11, 12, 13, 14, 15, 16, 17, 18, 19, 20, 21, 22, 23, 24, 25, 26, 27, 28, 29, 30, 31, 32, 33, 34, 35, 36, 37, 38, 39, 40, 41, 42, 43, 44, 45, 46, 47, 48, 49, 50, 51, 52, 53, 54, 55, 56, 57, 58, 59, 60, 61, 62, 63, 64, 65, 66, 67, 68, 69, 70, 71, 72, 73, 74, 75, 76, 77, 78, 79, 80, 81, 82, 83, 84, 85, 86, 87, 88, 89, 92, 93, 94, 95, 96, 97, 98, 99, 100, 101, 102, 103, 104, 105, 106, 107, 108, 109, 110, 111, 112, 113, 114, 115, 116, 117, 118, 119, 120, 121, 122, 123, 124, 125, 126, 127, 128, 129, 130, 131, 132, 133, 134, 135, 136, 137, 138, 139, 140, 141, 148, 150, 151, 164, 166, 174, 176, 178, 190, 191, 192, 205, 209, 218, 227, 229, 238, 247, 260, 263, 265, 275, 286, 287, 294, 299, 301, 302, 304, 305, 306, 307, 308, 310]",174,False,2.524159955385769e-05,1.3193372821586746e-09,8.413426738858511e-06,20.0
TP8,566,566,329,237,2144,0.5812720848056537,0.13303679741205013,0.2165185916419875,cao2018,S01/061102n,all_channel,mean,mean__all_channel__TP8,32,315,"[0, 1, 2, 3, 4, 5, 6, 7, 8, 9, 10, 11, 12, 13, 14, 15, 16, 17, 18, 19, 20, 21, 22, 23, 24, 25, 26, 27, 28, 29, 30, 31, 32, 33, 34, 35, 36, 37, 38, 39, 40, 41, 42, 43, 44, 45, 46, 47, 48, 49, 50, 51, 52, 53, 54, 55, 56, 57, 58, 59, 60, 61, 62, 63, 64, 65, 66, 67, 68, 69, 70, 71, 72, 73, 74, 75, 76, 77, 78, 79, 80, 81, 82, 83, 84, 85, 86, 87, 88, 89, 92, 93, 94, 95, 96, 97, 98, 99, 100, 101, 102, 103, 104, 105, 106, 107, 108, 109, 110, 111, 112, 113, 114, 115, 116, 117, 118, 119, 120, 121, 122, 123, 124, 125, 126, 127, 128, 129, 130, 131, 132, 133, 134, 135, 136, 137, 138, 139, 140, 141, 148, 150, 151, 164, 166, 174, 176, 178, 190, 191, 192, 205, 209, 218, 227, 229, 238, 247, 260, 263, 265, 275, 286, 287, 294, 299, 301, 302, 304, 305, 306, 307, 308, 310]",174,False,1.7366560353167746e-05,-2.35716458927941e-09,5.789639172585676e-06,20.0
CP4,468,468,296,172,2177,0.6324786324786325,0.1196926809543065,0.20129207752465147,cao2018,S01/061102n,all_channel,mean,mean__all_channel__CP4,32,315,"[0, 1, 2, 3, 4, 5, 6, 7, 8, 9, 10, 11, 12, 13, 14, 15, 16, 17, 18, 19, 20, 21, 22, 23, 24, 25, 26, 27, 28, 29, 30, 31, 32, 33, 34, 35, 36, 37, 38, 39, 40, 41, 42, 43, 44, 45, 46, 47, 48, 49, 50, 51, 52, 53, 54, 55, 56, 57, 58, 59, 60, 61, 62, 63, 64, 65, 66, 67, 68, 69, 70, 71, 72, 73, 74, 75, 76, 77, 78, 79, 80, 81, 82, 83, 84, 85, 86, 87, 88, 89, 92, 93, 94, 95, 96, 97, 98, 99, 100, 101, 102, 103, 104, 105, 106, 107, 108, 109, 110, 111, 112, 113, 114, 115, 116, 117, 118, 119, 120, 121, 122, 123, 124, 125, 126, 127, 128, 129, 130, 131, 132, 133, 134, 135, 136, 137, 138, 139, 140, 141, 148, 150, 151, 164, 166, 174, 176, 178, 190, 191, 192, 205, 209, 218, 227, 229, 238, 247, 260, 263, 265, 275, 286, 287, 294, 299, 301, 302, 304, 305, 306, 307, 308, 310]",174,False,2.3383434892900127e-05,3.305330263211208e-09,7.793376520878972e-06,20.0
A2,454,454,254,200,2219,0.5594713656387665,0.10270926000808735,0.1735565425350188,cao2018,S01/061102n,all_channel,mean,mean__all_channel__A2,32,315,"[0, 1, 2, 3, 4, 5, 6, 7, 8, 9, 10, 11, 12, 13, 14, 15, 16, 17, 18, 19, 20, 21, 22, 23, 24, 25, 26, 27, 28, 29, 30, 31, 32, 33, 34, 35, 36, 37, 38, 39, 40, 41, 42, 43, 44, 45, 46, 47, 48, 49, 50, 51, 52, 53, 54, 55, 56, 57, 58, 59, 60, 61, 62, 63, 64, 65, 66, 67, 68, 69, 70, 71, 72, 73, 74, 75, 76, 77, 78, 79, 80, 81, 82, 83, 84, 85, 86, 87, 88, 89, 92, 93, 94, 95, 96, 97, 98, 99, 100, 101, 102, 103, 104, 105, 106, 107, 108, 109, 110, 111, 112, 113, 114, 115, 116, 117, 118, 119, 120, 121, 122, 123, 124, 125, 126, 127, 128, 129, 130, 131, 132, 133, 134, 135, 136, 137, 138, 139, 140, 141, 148, 150, 151, 164, 166, 174, 176, 178, 190, 191, 192, 205, 209, 218, 227, 229, 238, 247, 260, 263, 265, 275, 286, 287, 294, 299, 301, 302, 304, 305, 306, 307, 308, 310]",174,False,1.0615093759732919e-05,-5.708570844951716e-09,3.540267443525957e-06,20.0
CZ,399,399,233,166,2240,0.5839598997493735,0.09421754953497775,0.16225626740947074,cao2018,S01/061102n,all_channel,mean,mean__all_channel__CZ,32,315,"[0, 1, 2, 3, 4, 5, 6, 7, 8, 9, 10, 11, 12, 13, 14, 15, 16, 17, 18, 19, 20, 21, 22, 23, 24, 25, 26, 27, 28, 29, 30, 31, 32, 33, 34, 35, 36, 37, 38, 39, 40, 41, 42, 43, 44, 45, 46, 47, 48, 49, 50, 51, 52, 53, 54, 55, 56, 57, 58, 59, 60, 61, 62, 63, 64, 65, 66, 67, 68, 69, 70, 71, 72, 73, 74, 75, 76, 77, 78, 79, 80, 81, 82, 83, 84, 85, 86, 87, 88, 89, 92, 93, 94, 95, 96, 97, 98, 99, 100, 101, 102, 103, 104, 105, 106, 107, 108, 109, 110, 111, 112, 113, 114, 115, 116, 117, 118, 119, 120, 121, 122, 123, 124, 125, 126, 127, 128, 129, 130, 131, 132, 133, 134, 135, 136, 137, 138, 139, 140, 141, 148, 150, 151, 164, 166, 174, 176, 178, 190, 191, 192, 205, 209, 218, 227, 229, 238, 247, 260, 263, 265, 275, 286, 287, 294, 299, 301, 302, 304, 305, 306, 307, 308, 310]",174,False,2.7987976570298005e-05,5.087796981304373e-09,9.327629591105567e-06,20.0
C3,344,344,217,127,2256,0.6308139534883721,0.08774767488879903,0.15406460773872913,cao2018,S01/061102n,all_channel,mean,mean__all_channel__C3,32,315,"[0, 1, 2, 3, 4, 5, 6, 7, 8, 9, 10, 11, 12, 13, 14, 15, 16, 17, 18, 19, 20, 21, 22, 23, 24, 25, 26, 27, 28, 29, 30, 31, 32, 33, 34, 35, 36, 37, 38, 39, 40, 41, 42, 43, 44, 45, 46, 47, 48, 49, 50, 51, 52, 53, 54, 55, 56, 57, 58, 59, 60, 61, 62, 63, 64, 65, 66, 67, 68, 69, 70, 71, 72, 73, 74, 75, 76, 77, 78, 79, 80, 81, 82, 83, 84, 85, 86, 87, 88, 89, 92, 93, 94, 95, 96, 97, 98, 99, 100, 101, 102, 103, 104, 105, 106, 107, 108, 109, 110, 111, 112, 113, 114, 115, 116, 117, 118, 119, 120, 121, 122, 123, 124, 125, 126, 127, 128, 129, 130, 131, 132, 133, 134, 135, 136, 137, 138, 139, 140, 141, 148, 150, 151, 164, 166, 174, 176, 178, 190, 191, 192, 205, 209, 218, 227, 229, 238, 247, 260, 263, 265, 275, 286, 287, 294, 299, 301, 302, 304, 305, 306, 307, 308, 310]",174,False,2.5515774300762148e-05,-3.995719244229872e-11,8.505271419318196e-06,20.0
P4,335,335,189,146,2284,0.564179104477612,0.07642539425798625,0.13461538461538464,cao2018,S01/061102n,all_channel,mean,mean__all_channel__P4,32,315,"[0, 1, 2, 3, 4, 5, 6, 7, 8, 9, 10, 11, 12, 13, 14, 15, 16, 17, 18, 19, 20, 21, 22, 23, 24, 25, 26, 27, 28, 29, 30, 31, 32, 33, 34, 35, 36, 37, 38, 39, 40, 41, 42, 43, 44, 45, 46, 47, 48, 49, 50, 51, 52, 53, 54, 55, 56, 57, 58, 59, 60, 61, 62, 63, 64, 65, 66, 67, 68, 69, 70, 71, 72, 73, 74, 75, 76, 77, 78, 79, 80, 81, 82, 83, 84, 85, 86, 87, 88, 89, 92, 93, 94, 95, 96, 97, 98, 99, 100, 101, 102, 103, 104, 105, 106, 107, 108, 109, 110, 111, 112, 113, 114, 115, 116, 117, 118, 119, 120, 121, 122, 123, 124, 125, 126, 127, 128, 129, 130, 131, 132, 133, 134, 135, 136, 137, 138, 139, 140, 141, 148, 150, 151, 164, 166, 174, 176, 178, 190, 191, 192, 205, 209, 218, 227, 229, 238, 247, 260, 263, 265, 275, 286, 287, 294, 299, 301, 302, 304, 305, 306, 307, 308, 310]",174,False,2.1291130347837938e-05,2.532995973943067e-09,7.096199117287999e-06,20.0
T4,1834,1834,279,1555,2194,0.15212649945474374,0.1128184391427416,0.12955653587183652,cao2018,S01/061102n,all_channel,mean,mean__all_channel__T4,32,315,"[0, 1, 2, 3, 4, 5, 6, 7, 8, 9, 10, 11, 12, 13, 14, 15, 16, 17, 18, 19, 20, 21, 22, 23, 24, 25, 26, 27, 28, 29, 30, 31, 32, 33, 34, 35, 36, 37, 38, 39, 40, 41, 42, 43, 44, 45, 46, 47, 48, 49, 50, 51, 52, 53, 54, 55, 56, 57, 58, 59, 60, 61, 62, 63, 64, 65, 66, 67, 68, 69, 70, 71, 72, 73, 74, 75, 76, 77, 78, 79, 80, 81, 82, 83, 84, 85, 86, 87, 88, 89, 92, 93, 94, 95, 96, 97, 98, 99, 100, 101, 102, 103, 104, 105, 106, 107, 108, 109, 110, 111, 112, 113, 114, 115, 116, 117, 118, 119, 120, 121, 122, 123, 124, 125, 126, 127, 128, 129, 130, 131, 132, 133, 134, 135, 136, 137, 138, 139, 140, 141, 148, 150, 151, 164, 166, 174, 176, 178, 190, 191, 192, 205, 209, 218, 227, 229, 238, 247, 260, 263, 265, 275, 286, 287, 294, 299, 301, 302, 304, 305, 306, 307, 308, 310]",174,False,2.231744187269547e-05,-5.8401535037037e-07,7.63381907435528e-06,20.0
T6,313,313,145,168,2328,0.46325878594249204,0.05863323898099474,0.104091888011486,cao2018,S01/061102n,all_channel,mean,mean__all_channel__T6,32,315,"[0, 1, 2, 3, 4, 5, 6, 7, 8, 9, 10, 11, 12, 13, 14, 15, 16, 17, 18, 19, 20, 21, 22, 23, 24, 25, 26, 27, 28, 29, 30, 31, 32, 33, 34, 35, 36, 37, 38, 39, 40, 41, 42, 43, 44, 45, 46, 47, 48, 49, 50, 51, 52, 53, 54, 55, 56, 57, 58, 59, 60, 61, 62, 63, 64, 65, 66, 67, 68, 69, 70, 71, 72, 73, 74, 75, 76, 77, 78, 79, 80, 81, 82, 83, 84, 85, 86, 87, 88, 89, 92, 93, 94, 95, 96, 97, 98, 99, 100, 101, 102, 103, 104, 105, 106, 107, 108, 109, 110, 111, 112, 113, 114, 115, 116, 117, 118, 119, 120, 121, 122, 123, 124, 125, 126, 127, 128, 129, 130, 131, 132, 133, 134, 135, 136, 137, 138, 139, 140, 141, 148, 150, 151, 164, 166, 174, 176, 178, 190, 191, 192, 205, 209, 218, 227, 229, 238, 247, 260, 263, 265, 275, 286, 287, 294, 299, 301, 302, 304, 305, 306, 307, 308, 310]",174,False,1.6829037311734503e-05,-3.0273861995233027e-09,5.610688232644676e-06,20.0
CPZ,249,249,115,134,2358,0.46184738955823296,0.04650222401940962,0.08449669360764143,cao2018,S01/061102n,all_channel,mean,mean__all_channel__CPZ,32,315,"[0, 1, 2, 3, 4, 5, 6, 7, 8, 9, 10, 11, 12, 13, 14, 15, 16, 17, 18, 19, 20, 21, 22, 23, 24, 25, 26, 27, 28, 29, 30, 31, 32, 33, 34, 35, 36, 37, 38, 39, 40, 41, 42, 43, 44, 45, 46, 47, 48, 49, 50, 51, 52, 53, 54, 55, 56, 57, 58, 59, 60, 61, 62, 63, 64, 65, 66, 67, 68, 69, 70, 71, 72, 73, 74, 75, 76, 77, 78, 79, 80, 81, 82, 83, 84, 85, 86, 87, 88, 89, 92, 93, 94, 95, 96, 97, 98, 99, 100, 101, 102, 103, 104, 105, 106, 107, 108, 109, 110, 111, 112, 113, 114, 115, 116, 117, 118, 119, 120, 121, 122, 123, 124, 125, 126, 127, 128, 129, 130, 131, 132, 133, 134, 135, 136, 137, 138, 139, 140, 141, 148, 150, 151, 164, 166, 174, 176, 178, 190, 191, 192, 205, 209, 218, 227, 229, 238, 247, 260, 263, 265, 275, 286, 287, 294, 299, 301, 302, 304, 305, 306, 307, 308, 310]",174,False,2.424831506387313e-05,4.8190530329513745e-09,8.081165336946726e-06,20.0
CP3,192,192,84,108,2389,0.4375,0.033966841892438336,0.06303939962476549,cao2018,S01/061102n,all_channel,mean,mean__all_channel__CP3,32,315,"[0, 1, 2, 3, 4, 5, 6, 7, 8, 9, 10, 11, 12, 13, 14, 15, 16, 17, 18, 19, 20, 21, 22, 23, 24, 25, 26, 27, 28, 29, 30, 31, 32, 33, 34, 35, 36, 37, 38, 39, 40, 41, 42, 43, 44, 45, 46, 47, 48, 49, 50, 51, 52, 53, 54, 55, 56, 57, 58, 59, 60, 61, 62, 63, 64, 65, 66, 67, 68, 69, 70, 71, 72, 73, 74, 75, 76, 77, 78, 79, 80, 81, 82, 83, 84, 85, 86, 87, 88, 89, 92, 93, 94, 95, 96, 97, 98, 99, 100, 101, 102, 103, 104, 105, 106, 107, 108, 109, 110, 111, 112, 113, 114, 115, 116, 117, 118, 119, 120, 121, 122, 123, 124, 125, 126, 127, 128, 129, 130, 131, 132, 133, 134, 135, 136, 137, 138, 139, 140, 141, 148, 150, 151, 164, 166, 174, 176, 178, 190, 191, 192, 205, 209, 218, 227, 229, 238, 247, 260, 263, 265, 275, 286, 287, 294, 299, 301, 302, 304, 305, 306, 307, 308, 310]",174,False,2.215654564023305e-05,4.061170545493238e-09,7.3841614898958525e-06,20.0
PZ,191,191,72,119,2401,0.3769633507853403,0.029114435907804288,0.054054054054054064,cao2018,S01/061102n,all_channel,mean,mean__all_channel__PZ,32,315,"[0, 1, 2, 3, 4, 5, 6, 7, 8, 9, 10, 11, 12, 13, 14, 15, 16, 17, 18, 19, 20, 21, 22, 23, 24, 25, 26, 27, 28, 29, 30, 31, 32, 33, 34, 35, 36, 37, 38, 39, 40, 41, 42, 43, 44, 45, 46, 47, 48, 49, 50, 51, 52, 53, 54, 55, 56, 57, 58, 59, 60, 61, 62, 63, 64, 65, 66, 67, 68, 69, 70, 71, 72, 73, 74, 75, 76, 77, 78, 79, 80, 81, 82, 83, 84, 85, 86, 87, 88, 89, 92, 93, 94, 95, 96, 97, 98, 99, 100, 101, 102, 103, 104, 105, 106, 107, 108, 109, 110, 111, 112, 113, 114, 115, 116, 117, 118, 119, 120, 121, 122, 123, 124, 125, 126, 127, 128, 129, 130, 131, 132, 133, 134, 135, 136, 137, 138, 139, 140, 141, 148, 150, 151, 164, 166, 174, 176, 178, 190, 191, 192, 205, 209, 218, 227, 229, 238, 247, 260, 263, 265, 275, 286, 287, 294, 299, 301, 302, 304, 305, 306, 307, 308, 310]",174,False,2.1923050573578945e-05,2.549030259920257e-09,7.306833847773009e-06,20.0
P3,158,158,60,98,2413,0.379746835443038,0.02426202992317024,0.045610034207525664,cao2018,S01/061102n,all_channel,mean,mean__all_channel__P3,32,315,"[0, 1, 2, 3, 4, 5, 6, 7, 8, 9, 10, 11, 12, 13, 14, 15, 16, 17, 18, 19, 20, 21, 22, 23, 24, 25, 26, 27, 28, 29, 30, 31, 32, 33, 34, 35, 36, 37, 38, 39, 40, 41, 42, 43, 44, 45, 46, 47, 48, 49, 50, 51, 52, 53, 54, 55, 56, 57, 58, 59, 60, 61, 62, 63, 64, 65, 66, 67, 68, 69, 70, 71, 72, 73, 74, 75, 76, 77, 78, 79, 80, 81, 82, 83, 84, 85, 86, 87, 88, 89, 92, 93, 94, 95, 96, 97, 98, 99, 100, 101, 102, 103, 104, 105, 106, 107, 108, 109, 110, 111, 112, 113, 114, 115, 116, 117, 118, 119, 120, 121, 122, 123, 124, 125, 126, 127, 128, 129, 130, 131, 132, 133, 134, 135, 136, 137, 138, 139, 140, 141, 148, 150, 151, 164, 166, 174, 176, 178, 190, 191, 192, 205, 209, 218, 227, 229, 238, 247, 260, 263, 265, 275, 286, 287, 294, 299, 301, 302, 304, 305, 306, 307, 308, 310]",174,False,2.0259094194977312e-05,1.861165445174066e-09,6.752411009844046e-06,20.0
TP7,1039,1039,69,970,2404,0.06641000962463908,0.027901334411645773,0.039293849658314346,cao2018,S01/061102n,all_channel,mean,mean__all_channel__TP7,32,315,"[0, 1, 2, 3, 4, 5, 6, 7, 8, 9, 10, 11, 12, 13, 14, 15, 16, 17, 18, 19, 20, 21, 22, 23, 24, 25, 26, 27, 28, 29, 30, 31, 32, 33, 34, 35, 36, 37, 38, 39, 40, 41, 42, 43, 44, 45, 46, 47, 48, 49, 50, 51, 52, 53, 54, 55, 56, 57, 58, 59, 60, 61, 62, 63, 64, 65, 66, 67, 68, 69, 70, 71, 72, 73, 74, 75, 76, 77, 78, 79, 80, 81, 82, 83, 84, 85, 86, 87, 88, 89, 92, 93, 94, 95, 96, 97, 98, 99, 100, 101, 102, 103, 104, 105, 106, 107, 108, 109, 110, 111, 112, 113, 114, 115, 116, 117, 118, 119, 120, 121, 122, 123, 124, 125, 126, 127, 128, 129, 130, 131, 132, 133, 134, 135, 136, 137, 138, 139, 140, 141, 148, 150, 151, 164, 166, 174, 176, 178, 190, 191, 192, 205, 209, 218, 227, 229, 238, 247, 260, 263, 265, 275, 286, 287, 294, 299, 301, 302, 304, 305, 306, 307, 308, 310]",174,False,2.1148647317491437e-05,7.466990502066436e-09,7.047060108996457e-06,20.0
A1,218,218,30,188,2443,0.13761467889908258,0.01213101496158512,0.022296544035674472,cao2018,S01/061102n,all_channel,mean,mean__all_channel__A1,32,315,"[0, 1, 2, 3, 4, 5, 6, 7, 8, 9, 10, 11, 12, 13, 14, 15, 16, 17, 18, 19, 20, 21, 22, 23, 24, 25, 26, 27, 28, 29, 30, 31, 32, 33, 34, 35, 36, 37, 38, 39, 40, 41, 42, 43, 44, 45, 46, 47, 48, 49, 50, 51, 52, 53, 54, 55, 56, 57, 58, 59, 60, 61, 62, 63, 64, 65, 66, 67, 68, 69, 70, 71, 72, 73, 74, 75, 76, 77, 78, 79, 80, 81, 82, 83, 84, 85, 86, 87, 88, 89, 92, 93, 94, 95, 96, 97, 98, 99, 100, 101, 102, 103, 104, 105, 106, 107, 108, 109, 110, 111, 112, 113, 114, 115, 116, 117, 118, 119, 120, 121, 122, 123, 124, 125, 126, 127, 128, 129, 130, 131, 132, 133, 134, 135, 136, 137, 138, 139, 140, 141, 148, 150, 151, 164, 166, 174, 176, 178, 190, 191, 192, 205, 209, 218, 227, 229, 238, 247, 260, 263, 265, 275, 286, 287, 294, 299, 301, 302, 304, 305, 306, 307, 308, 310]",174,False,1.0626426826883976e-05,5.719202801625623e-09,3.540235874694117e-06,20.0
O2,146,146,28,118,2445,0.1917808219178082,0.011322280630812778,0.021382206949217258,cao2018,S01/061102n,all_channel,mean,mean__all_channel__O2,32,315,"[0, 1, 2, 3, 4, 5, 6, 7, 8, 9, 10, 11, 12, 13, 14, 15, 16, 17, 18, 19, 20, 21, 22, 23, 24, 25, 26, 27, 28, 29, 30, 31, 32, 33, 34, 35, 36, 37, 38, 39, 40, 41, 42, 43, 44, 45, 46, 47, 48, 49, 50, 51, 52, 53, 54, 55, 56, 57, 58, 59, 60, 61, 62, 63, 64, 65, 66, 67, 68, 69, 70, 71, 72, 73, 74, 75, 76, 77, 78, 79, 80, 81, 82, 83, 84, 85, 86, 87, 88, 89, 92, 93, 94, 95, 96, 97, 98, 99, 100, 101, 102, 103, 104, 105, 106, 107, 108, 109, 110, 111, 112, 113, 114, 115, 116, 117, 118, 119, 120, 121, 122, 123, 124, 125, 126, 127, 128, 129, 130, 131, 132, 133, 134, 135, 136, 137, 138, 139, 140, 141, 148, 150, 151, 164, 166, 174, 176, 178, 190, 191, 192, 205, 209, 218, 227, 229, 238, 247, 260, 263, 265, 275, 286, 287, 294, 299, 301, 302, 304, 305, 306, 307, 308, 310]",174,False,1.7955584112971408e-05,-1.4054915853522085e-09,5.98566320151892e-06,20.0
T5,141,141,25,116,2448,0.1773049645390071,0.010109179134654266,0.01912777352716144,cao2018,S01/061102n,all_channel,mean,mean__all_channel__T5,32,315,"[0, 1, 2, 3, 4, 5, 6, 7, 8, 9, 10, 11, 12, 13, 14, 15, 16, 17, 18, 19, 20, 21, 22, 23, 24, 25, 26, 27, 28, 29, 30, 31, 32, 33, 34, 35, 36, 37, 38, 39, 40, 41, 42, 43, 44, 45, 46, 47, 48, 49, 50, 51, 52, 53, 54, 55, 56, 57, 58, 59, 60, 61, 62, 63, 64, 65, 66, 67, 68, 69, 70, 71, 72, 73, 74, 75, 76, 77, 78, 79, 80, 81, 82, 83, 84, 85, 86, 87, 88, 89, 92, 93, 94, 95, 96, 97, 98, 99, 100, 101, 102, 103, 104, 105, 106, 107, 108, 109, 110, 111, 112, 113, 114, 115, 116, 117, 118, 119, 120, 121, 122, 123, 124, 125, 126, 127, 128, 129, 130, 131, 132, 133, 134, 135, 136, 137, 138, 139, 140, 141, 148, 150, 151, 164, 166, 174, 176, 178, 190, 191, 192, 205, 209, 218, 227, 229, 238, 247, 260, 263, 265, 275, 286, 287, 294, 299, 301, 302, 304, 305, 306, 307, 308, 310]",174,False,1.566771659044122e-05,-7.436868563450063e-11,5.222596986375617e-06,20.0
OZ,145,145,19,126,2454,0.1310344827586207,0.007682976142337242,0.014514896867838044,cao2018,S01/061102n,all_channel,mean,mean__all_channel__OZ,32,315,"[0, 1, 2, 3, 4, 5, 6, 7, 8, 9, 10, 11, 12, 13, 14, 15, 16, 17, 18, 19, 20, 21, 22, 23, 24, 25, 26, 27, 28, 29, 30, 31, 32, 33, 34, 35, 36, 37, 38, 39, 40, 41, 42, 43, 44, 45, 46, 47, 48, 49, 50, 51, 52, 53, 54, 55, 56, 57, 58, 59, 60, 61, 62, 63, 64, 65, 66, 67, 68, 69, 70, 71, 72, 73, 74, 75, 76, 77, 78, 79, 80, 81, 82, 83, 84, 85, 86, 87, 88, 89, 92, 93, 94, 95, 96, 97, 98, 99, 100, 101, 102, 103, 104, 105, 106, 107, 108, 109, 110, 111, 112, 113, 114, 115, 116, 117, 118, 119, 120, 121, 122, 123, 124, 125, 126, 127, 128, 129, 130, 131, 132, 133, 134, 135, 136, 137, 138, 139, 140, 141, 148, 150, 151, 164, 166, 174, 176, 178, 190, 191, 192, 205, 209, 218, 227, 229, 238, 247, 260, 263, 265, 275, 286, 287, 294, 299, 301, 302, 304, 305, 306, 307, 308, 310]",174,False,1.6905513416185896e-05,1.7964901374232464e-09,5.634572308682825e-06,20.0
O1,136,136,12,124,2461,0.08823529411764706,0.004852405984634048,0.009198926791874283,cao2018,S01/061102n,all_channel,mean,mean__all_channel__O1,32,315,"[0, 1, 2, 3, 4, 5, 6, 7, 8, 9, 10, 11, 12, 13, 14, 15, 16, 17, 18, 19, 20, 21, 22, 23, 24, 25, 26, 27, 28, 29, 30, 31, 32, 33, 34, 35, 36, 37, 38, 39, 40, 41, 42, 43, 44, 45, 46, 47, 48, 49, 50, 51, 52, 53, 54, 55, 56, 57, 58, 59, 60, 61, 62, 63, 64, 65, 66, 67, 68, 69, 70, 71, 72, 73, 74, 75, 76, 77, 78, 79, 80, 81, 82, 83, 84, 85, 86, 87, 88, 89, 92, 93, 94, 95, 96, 97, 98, 99, 100, 101, 102, 103, 104, 105, 106, 107, 108, 109, 110, 111, 112, 113, 114, 115, 116, 117, 118, 119, 120, 121, 122, 123, 124, 125, 126, 127, 128, 129, 130, 131, 132, 133, 134, 135, 136, 137, 138, 139, 140, 141, 148, 150, 151, 164, 166, 174, 176, 178, 190, 191, 192, 205, 209, 218, 227, 229, 238, 247, 260, 263, 265, 275, 286, 287, 294, 299, 301, 302, 304, 305, 306, 307, 308, 310]",174,False,1.7659795182691332e-05,8.178710050916353e-09,5.883872157546806e-06,20.0
FP1,2552,2552,2305,247,168,0.9032131661442007,0.9320663162151234,0.9174129353233832,cao2018,S01/061102n,frontal,median,median__frontal__FP1,4,315,"[1, 2, 5, 9, 12, 14, 15, 18, 22, 23, 24, 29, 30, 32, 33, 34, 35, 36, 37, 38, 42, 43, 45, 46, 47, 48, 56, 57, 65, 66, 69, 73, 74, 78, 82, 83, 86, 87, 94, 98, 103, 104, 110, 114, 116, 119, 125, 126, 128, 129, 131, 140, 141, 150, 151, 164, 176, 178, 190, 191, 192, 205, 209, 218, 227, 229, 247, 263, 265, 275, 286, 287, 294, 299, 301, 302, 304, 305, 306, 307, 308, 310]",82,False,5.887881751541204e-05,-5.437708926006598e-06,2.1438842147139547e-05,20.0
FP2,1965,1965,1742,223,731,0.8865139949109415,0.7044076021027093,0.7850383055430373,cao2018,S01/061102n,frontal,median,median__frontal__FP2,4,315,"[1, 2, 5, 9, 12, 14, 15, 18, 22, 23, 24, 29, 30, 32, 33, 34, 35, 36, 37, 38, 42, 43, 45, 46, 47, 48, 56, 57, 65, 66, 69, 73, 74, 78, 82, 83, 86, 87, 94, 98, 103, 104, 110, 114, 116, 119, 125, 126, 128, 129, 131, 140, 141, 150, 151, 164, 176, 178, 190, 191, 192, 205, 209, 218, 227, 229, 247, 263, 265, 275, 286, 287, 294, 299, 301, 302, 304, 305, 306, 307, 308, 310]",82,False,4.8864260572408565e-05,-3.2863442934579457e-06,1.7383534955288837e-05,20.0
F3,1284,1284,1083,201,1390,0.8434579439252337,0.43792964011322283,0.5765238221985627,cao2018,S01/061102n,frontal,median,median__frontal__F3,4,315,"[1, 2, 5, 9, 12, 14, 15, 18, 22, 23, 24, 29, 30, 32, 33, 34, 35, 36, 37, 38, 42, 43, 45, 46, 47, 48, 56, 57, 65, 66, 69, 73, 74, 78, 82, 83, 86, 87, 94, 98, 103, 104, 110, 114, 116, 119, 125, 126, 128, 129, 131, 140, 141, 150, 151, 164, 176, 178, 190, 191, 192, 205, 209, 218, 227, 229, 247, 263, 265, 275, 286, 287, 294, 299, 301, 302, 304, 305, 306, 307, 308, 310]",82,False,4.302351410981898e-05,-2.119162230579215e-06,1.5047558780132731e-05,20.0
F4,875,875,627,248,1846,0.7165714285714285,0.253538212697129,0.3745519713261649,cao2018,S01/061102n,frontal,median,median__frontal__F4,4,315,"[1, 2, 5, 9, 12, 14, 15, 18, 22, 23, 24, 29, 30, 32, 33, 34, 35, 36, 37, 38, 42, 43, 45, 46, 47, 48, 56, 57, 65, 66, 69, 73, 74, 78, 82, 83, 86, 87, 94, 98, 103, 104, 110, 114, 116, 119, 125, 126, 128, 129, 131, 140, 141, 150, 151, 164, 176, 178, 190, 191, 192, 205, 209, 218, 227, 229, 247, 263, 265, 275, 286, 287, 294, 299, 301, 302, 304, 305, 306, 307, 308, 310]",82,False,3.741249384692764e-05,-1.0376082054415714e-06,1.281670068412307e-05,20.0
FP1,2410,2410,2200,210,273,0.9128630705394191,0.8896077638495754,0.9010853983207044,cao2018,S01/061102n,frontal,mean,mean__frontal__FP1,4,315,"[1, 2, 5, 9, 12, 14, 15, 18, 22, 23, 24, 29, 30, 32, 33, 34, 35, 36, 37, 38, 42, 43, 45, 46, 47, 48, 56, 57, 65, 66, 69, 73, 74, 78, 82, 83, 86, 87, 94, 98, 103, 104, 110, 114, 116, 119, 125, 126, 128, 129, 131, 140, 141, 150, 151, 164, 176, 178, 190, 191, 192, 205, 209, 218, 227, 229, 247, 263, 265, 275, 286, 287, 294, 299, 301, 302, 304, 305, 306, 307, 308, 310]",82,False,6.437406964420826e-05,5.7543202789620637e-08,2.1438842147139547e-05,20.0
FP2,1831,1831,1636,195,837,0.8935008192244676,0.6615446825717751,0.7602230483271376,cao2018,S01/061102n,frontal,mean,mean__frontal__FP2,4,315,"[1, 2, 5, 9, 12, 14, 15, 18, 22, 23, 24, 29, 30, 32, 33, 34, 35, 36, 37, 38, 42, 43, 45, 46, 47, 48, 56, 57, 65, 66, 69, 73, 74, 78, 82, 83, 86, 87, 94, 98, 103, 104, 110, 114, 116, 119, 125, 126, 128, 129, 131, 140, 141, 150, 151, 164, 176, 178, 190, 191, 192, 205, 209, 218, 227, 229, 247, 263, 265, 275, 286, 287, 294, 299, 301, 302, 304, 305, 306, 307, 308, 310]",82,False,5.2232930103335155e-05,8.232523746864888e-08,1.7383534955288837e-05,20.0
F3,1109,1109,928,181,1545,0.8367899008115419,0.37525272947836635,0.5181462869905081,cao2018,S01/061102n,frontal,mean,mean__frontal__F3,4,315,"[1, 2, 5, 9, 12, 14, 15, 18, 22, 23, 24, 29, 30, 32, 33, 34, 35, 36, 37, 38, 42, 43, 45, 46, 47, 48, 56, 57, 65, 66, 69, 73, 74, 78, 82, 83, 86, 87, 94, 98, 103, 104, 110, 114, 116, 119, 125, 126, 128, 129, 131, 140, 141, 150, 151, 164, 176, 178, 190, 191, 192, 205, 209, 218, 227, 229, 247, 263, 265, 275, 286, 287, 294, 299, 301, 302, 304, 305, 306, 307, 308, 310]",82,False,4.521023318732605e-05,6.755684692785754e-08,1.5047558780132731e-05,20.0
F4,836,836,598,238,1875,0.715311004784689,0.24181156490093003,0.36143850105772135,cao2018,S01/061102n,frontal,mean,mean__frontal__F4,4,315,"[1, 2, 5, 9, 12, 14, 15, 18, 22, 23, 24, 29, 30, 32, 33, 34, 35, 36, 37, 38, 42, 43, 45, 46, 47, 48, 56, 57, 65, 66, 69, 73, 74, 78, 82, 83, 86, 87, 94, 98, 103, 104, 110, 114, 116, 119, 125, 126, 128, 129, 131, 140, 141, 150, 151, 164, 176, 178, 190, 191, 192, 205, 209, 218, 227, 229, 247, 263, 265, 275, 286, 287, 294, 299, 301, 302, 304, 305, 306, 307, 308, 310]",82,False,3.853553813181953e-05,8.543607945031777e-08,1.281670068412307e-05,20.0
FP1,2406,2406,2197,209,276,0.9131338320864505,0.8883946623534169,0.9005943840951013,cao2018,S01/061102n,frontal_left,median,median__frontal_left__FP1,2,315,"[1, 2, 5, 14, 22, 23, 24, 29, 30, 32, 33, 34, 35, 36, 37, 38, 42, 43, 45, 46, 47, 48, 57, 65, 66, 69, 73, 74, 78, 82, 83, 86, 87, 94, 103, 110, 114, 116, 125, 128, 129, 140, 141, 150, 176, 190, 209, 229, 247, 275, 286, 287, 301, 302, 304, 305, 306, 307, 308, 310]",60,False,6.44560432244366e-05,-5.221699043743819e-06,2.3225914089393474e-05,20.0
F3,945,945,782,163,1691,0.8275132275132275,0.3162151233319854,0.4575775307197191,cao2018,S01/061102n,frontal_left,median,median__frontal_left__F3,2,315,"[1, 2, 5, 14, 22, 23, 24, 29, 30, 32, 33, 34, 35, 36, 37, 38, 42, 43, 45, 46, 47, 48, 57, 65, 66, 69, 73, 74, 78, 82, 83, 86, 87, 94, 103, 110, 114, 116, 125, 128, 129, 140, 141, 150, 176, 190, 209, 229, 247, 275, 286, 287, 301, 302, 304, 305, 306, 307, 308, 310]",60,False,4.750018449785756e-05,-2.0695049242098227e-06,1.6523229807355794e-05,20.0
FP1,2238,2238,2052,186,421,0.9168900804289544,0.8297614233724222,0.8711526215240926,cao2018,S01/061102n,frontal_left,mean,mean__frontal_left__FP1,2,315,"[1, 2, 5, 14, 22, 23, 24, 29, 30, 32, 33, 34, 35, 36, 37, 38, 42, 43, 45, 46, 47, 48, 57, 65, 66, 69, 73, 74, 78, 82, 83, 86, 87, 94, 103, 110, 114, 116, 125, 128, 129, 140, 141, 150, 176, 190, 209, 229, 247, 275, 286, 287, 301, 302, 304, 305, 306, 307, 308, 310]",60,False,6.979193209342627e-05,1.1418982524585078e-07,2.3225914089393474e-05,20.0
F3,814,814,664,150,1809,0.8157248157248157,0.2684997978164173,0.4040158198965622,cao2018,S01/061102n,frontal_left,mean,mean__frontal_left__F3,2,315,"[1, 2, 5, 14, 22, 23, 24, 29, 30, 32, 33, 34, 35, 36, 37, 38, 42, 43, 45, 46, 47, 48, 57, 65, 66, 69, 73, 74, 78, 82, 83, 86, 87, 94, 103, 110, 114, 116, 125, 128, 129, 140, 141, 150, 176, 190, 209, 229, 247, 275, 286, 287, 301, 302, 304, 305, 306, 307, 308, 310]",60,False,4.968085174592474e-05,1.1116232385736014e-07,1.6523229807355794e-05,20.0
FP2,1956,1956,1734,222,739,0.8865030674846626,0.7011726647796199,0.7830209979679386,cao2018,S01/061102n,frontal_right,median,median__frontal_right__FP2,2,315,"[1, 2, 5, 9, 12, 14, 15, 18, 22, 23, 24, 29, 30, 32, 33, 34, 35, 36, 37, 38, 42, 43, 45, 46, 47, 48, 56, 65, 66, 69, 73, 74, 78, 82, 83, 86, 87, 98, 104, 110, 114, 116, 119, 125, 126, 128, 129, 131, 140, 141, 150, 151, 164, 176, 178, 190, 191, 192, 205, 209, 218, 227, 229, 263, 265, 275, 286, 287, 294, 299, 301, 302, 304, 305, 306, 307, 310]",77,False,4.911320860160978e-05,-3.3330735787700927e-06,1.7482094060126624e-05,20.0
F4,870,870,619,251,1854,0.7114942528735633,0.2503032753740396,0.37032605444211786,cao2018,S01/061102n,frontal_right,median,median__frontal_right__F4,2,315,"[1, 2, 5, 9, 12, 14, 15, 18, 22, 23, 24, 29, 30, 32, 33, 34, 35, 36, 37, 38, 42, 43, 45, 46, 47, 48, 56, 65, 66, 69, 73, 74, 78, 82, 83, 86, 87, 98, 104, 110, 114, 116, 119, 125, 126, 128, 129, 131, 140, 141, 150, 151, 164, 176, 178, 190, 191, 192, 205, 209, 218, 227, 229, 263, 265, 275, 286, 287, 294, 299, 301, 302, 304, 305, 306, 307, 310]",77,False,3.7588894865165224e-05,-1.0647880749084595e-06,1.2884560980024563e-05,20.0
FP2,1814,1814,1620,194,853,0.8930540242557883,0.6550748079255965,0.7557732680195941,cao2018,S01/061102n,frontal_right,mean,mean__frontal_right__FP2,2,315,"[1, 2, 5, 9, 12, 14, 15, 18, 22, 23, 24, 29, 30, 32, 33, 34, 35, 36, 37, 38, 42, 43, 45, 46, 47, 48, 56, 65, 66, 69, 73, 74, 78, 82, 83, 86, 87, 98, 104, 110, 114, 116, 119, 125, 126, 128, 129, 131, 140, 141, 150, 151, 164, 176, 178, 190, 191, 192, 205, 209, 218, 227, 229, 263, 265, 275, 286, 287, 294, 299, 301, 302, 304, 305, 306, 307, 310]",77,False,5.253650671747828e-05,9.022453709840943e-08,1.7482094060126624e-05,20.0
F4,830,830,592,238,1881,0.7132530120481928,0.239385361908613,0.358462004238571,cao2018,S01/061102n,frontal_right,mean,mean__frontal_right__F4,2,315,"[1, 2, 5, 9, 12, 14, 15, 18, 22, 23, 24, 29, 30, 32, 33, 34, 35, 36, 37, 38, 42, 43, 45, 46, 47, 48, 56, 65, 66, 69, 73, 74, 78, 82, 83, 86, 87, 98, 104, 110, 114, 116, 119, 125, 126, 128, 129, 131, 140, 141, 150, 151, 164, 176, 178, 190, 191, 192, 205, 209, 218, 227, 229, 263, 265, 275, 286, 287, 294, 299, 301, 302, 304, 305, 306, 307, 310]",77,False,3.873891390754966e-05,8.523096747597638e-08,1.2884560980024563e-05,20.0
FP1,2788,2788,2423,365,50,0.8690817790530847,0.9797816417306915,0.9211176582398783,cao2018,S01/061102n,all_channel,median,median__all_channel__FP1,32,210,"[0, 1, 2, 3, 4, 5, 6, 7, 8, 9, 10, 11, 12, 13, 14, 15, 16, 17, 18, 19, 20, 21, 22, 23, 24, 25, 26, 27, 28, 29, 30, 31, 32, 33, 34, 35, 36, 37, 38, 39, 40, 41, 42, 43, 44, 45, 46, 47, 48, 49, 50, 51, 52, 53, 54, 55, 56, 57, 58, 59, 61, 62, 63, 64, 65, 66, 67, 68, 69, 70, 71, 72, 73, 74, 75, 76, 77, 78, 79, 80, 81, 82, 83, 84, 85, 86, 87, 88, 89, 90, 91, 92, 93, 94, 98, 100, 109, 110, 116, 117, 118, 127, 128, 137, 139, 145, 151, 152, 164, 173, 174, 175, 176, 180, 183, 190, 191, 195, 196, 199, 200, 201, 203, 204, 205, 207, 208]",127,False,4.8037990700702384e-05,-3.97647032355262e-06,1.7338153674751668e-05,30.0
FP2,2305,2305,1996,309,477,0.865943600867679,0.8071168621107966,0.8354960234407702,cao2018,S01/061102n,all_channel,median,median__all_channel__FP2,32,210,"[0, 1, 2, 3, 4, 5, 6, 7, 8, 9, 10, 11, 12, 13, 14, 15, 16, 17, 18, 19, 20, 21, 22, 23, 24, 25, 26, 27, 28, 29, 30, 31, 32, 33, 34, 35, 36, 37, 38, 39, 40, 41, 42, 43, 44, 45, 46, 47, 48, 49, 50, 51, 52, 53, 54, 55, 56, 57, 58, 59, 61, 62, 63, 64, 65, 66, 67, 68, 69, 70, 71, 72, 73, 74, 75, 76, 77, 78, 79, 80, 81, 82, 83, 84, 85, 86, 87, 88, 89, 90, 91, 92, 93, 94, 98, 100, 109, 110, 116, 117, 118, 127, 128, 137, 139, 145, 151, 152, 164, 173, 174, 175, 176, 180, 183, 190, 191, 195, 196, 199, 200, 201, 203, 204, 205, 207, 208]",127,False,4.143257242866806e-05,-2.4979381647599717e-06,1.4643503531142675e-05,30.0
F3,1954,1954,1680,274,793,0.8597748208802457,0.6793368378487666,0.7589789925457421,cao2018,S01/061102n,all_channel,median,median__all_channel__F3,32,210,"[0, 1, 2, 3, 4, 5, 6, 7, 8, 9, 10, 11, 12, 13, 14, 15, 16, 17, 18, 19, 20, 21, 22, 23, 24, 25, 26, 27, 28, 29, 30, 31, 32, 33, 34, 35, 36, 37, 38, 39, 40, 41, 42, 43, 44, 45, 46, 47, 48, 49, 50, 51, 52, 53, 54, 55, 56, 57, 58, 59, 61, 62, 63, 64, 65, 66, 67, 68, 69, 70, 71, 72, 73, 74, 75, 76, 77, 78, 79, 80, 81, 82, 83, 84, 85, 86, 87, 88, 89, 90, 91, 92, 93, 94, 98, 100, 109, 110, 116, 117, 118, 127, 128, 137, 139, 145, 151, 152, 164, 173, 174, 175, 176, 180, 183, 190, 191, 195, 196, 199, 200, 201, 203, 204, 205, 207, 208]",127,False,3.569398970169551e-05,-1.6245995255961625e-06,1.2439529742430556e-05,30.0
FZ,1376,1376,1147,229,1326,0.8335755813953488,0.4638091386979377,0.5959989607690309,cao2018,S01/061102n,all_channel,median,median__all_channel__FZ,32,210,"[0, 1, 2, 3, 4, 5, 6, 7, 8, 9, 10, 11, 12, 13, 14, 15, 16, 17, 18, 19, 20, 21, 22, 23, 24, 25, 26, 27, 28, 29, 30, 31, 32, 33, 34, 35, 36, 37, 38, 39, 40, 41, 42, 43, 44, 45, 46, 47, 48, 49, 50, 51, 52, 53, 54, 55, 56, 57, 58, 59, 61, 62, 63, 64, 65, 66, 67, 68, 69, 70, 71, 72, 73, 74, 75, 76, 77, 78, 79, 80, 81, 82, 83, 84, 85, 86, 87, 88, 89, 90, 91, 92, 93, 94, 98, 100, 109, 110, 116, 117, 118, 127, 128, 137, 139, 145, 151, 152, 164, 173, 174, 175, 176, 180, 183, 190, 191, 195, 196, 199, 200, 201, 203, 204, 205, 207, 208]",127,False,3.348956455432364e-05,-1.1428545955391092e-06,1.1544139716620917e-05,30.0
F8,1309,1309,987,322,1486,0.7540106951871658,0.3991103922361504,0.5219460602855632,cao2018,S01/061102n,all_channel,median,median__all_channel__F8,32,210,"[0, 1, 2, 3, 4, 5, 6, 7, 8, 9, 10, 11, 12, 13, 14, 15, 16, 17, 18, 19, 20, 21, 22, 23, 24, 25, 26, 27, 28, 29, 30, 31, 32, 33, 34, 35, 36, 37, 38, 39, 40, 41, 42, 43, 44, 45, 46, 47, 48, 49, 50, 51, 52, 53, 54, 55, 56, 57, 58, 59, 61, 62, 63, 64, 65, 66, 67, 68, 69, 70, 71, 72, 73, 74, 75, 76, 77, 78, 79, 80, 81, 82, 83, 84, 85, 86, 87, 88, 89, 90, 91, 92, 93, 94, 98, 100, 109, 110, 116, 117, 118, 127, 128, 137, 139, 145, 151, 152, 164, 173, 174, 175, 176, 180, 183, 190, 191, 195, 196, 199, 200, 201, 203, 204, 205, 207, 208]",127,False,2.9832388331248507e-05,-8.887311421147617e-07,1.0240373157787758e-05,30.0
F7,1180,1180,935,245,1538,0.7923728813559322,0.37808329963606957,0.511908020804818,cao2018,S01/061102n,all_channel,median,median__all_channel__F7,32,210,"[0, 1, 2, 3, 4, 5, 6, 7, 8, 9, 10, 11, 12, 13, 14, 15, 16, 17, 18, 19, 20, 21, 22, 23, 24, 25, 26, 27, 28, 29, 30, 31, 32, 33, 34, 35, 36, 37, 38, 39, 40, 41, 42, 43, 44, 45, 46, 47, 48, 49, 50, 51, 52, 53, 54, 55, 56, 57, 58, 59, 61, 62, 63, 64, 65, 66, 67, 68, 69, 70, 71, 72, 73, 74, 75, 76, 77, 78, 79, 80, 81, 82, 83, 84, 85, 86, 87, 88, 89, 90, 91, 92, 93, 94, 98, 100, 109, 110, 116, 117, 118, 127, 128, 137, 139, 145, 151, 152, 164, 173, 174, 175, 176, 180, 183, 190, 191, 195, 196, 199, 200, 201, 203, 204, 205, 207, 208]",127,False,2.6428262994995144e-05,-8.709490719152712e-07,9.099737355636805e-06,30.0
FC4,1107,1107,836,271,1637,0.7551942186088527,0.33805095026283866,0.4670391061452514,cao2018,S01/061102n,all_channel,median,median__all_channel__FC4,32,210,"[0, 1, 2, 3, 4, 5, 6, 7, 8, 9, 10, 11, 12, 13, 14, 15, 16, 17, 18, 19, 20, 21, 22, 23, 24, 25, 26, 27, 28, 29, 30, 31, 32, 33, 34, 35, 36, 37, 38, 39, 40, 41, 42, 43, 44, 45, 46, 47, 48, 49, 50, 51, 52, 53, 54, 55, 56, 57, 58, 59, 61, 62, 63, 64, 65, 66, 67, 68, 69, 70, 71, 72, 73, 74, 75, 76, 77, 78, 79, 80, 81, 82, 83, 84, 85, 86, 87, 88, 89, 90, 91, 92, 93, 94, 98, 100, 109, 110, 116, 117, 118, 127, 128, 137, 139, 145, 151, 152, 164, 173, 174, 175, 176, 180, 183, 190, 191, 195, 196, 199, 200, 201, 203, 204, 205, 207, 208]",127,False,2.9767420359461173e-05,-7.764604427870374e-07,1.0181293600749403e-05,30.0
F4,1161,1161,830,331,1643,0.7149009474590869,0.3356247472705216,0.45679691799669786,cao2018,S01/061102n,all_channel,median,median__all_channel__F4,32,210,"[0, 1, 2, 3, 4, 5, 6, 7, 8, 9, 10, 11, 12, 13, 14, 15, 16, 17, 18, 19, 20, 21, 22, 23, 24, 25, 26, 27, 28, 29, 30, 31, 32, 33, 34, 35, 36, 37, 38, 39, 40, 41, 42, 43, 44, 45, 46, 47, 48, 49, 50, 51, 52, 53, 54, 55, 56, 57, 58, 59, 61, 62, 63, 64, 65, 66, 67, 68, 69, 70, 71, 72, 73, 74, 75, 76, 77, 78, 79, 80, 81, 82, 83, 84, 85, 86, 87, 88, 89, 90, 91, 92, 93, 94, 98, 100, 109, 110, 116, 117, 118, 127, 128, 137, 139, 145, 151, 152, 164, 173, 174, 175, 176, 180, 183, 190, 191, 195, 196, 199, 200, 201, 203, 204, 205, 207, 208]",127,False,3.145398686146726e-05,-8.079136072669973e-07,1.0753966822911418e-05,30.0
FT7,1020,1020,784,236,1689,0.7686274509803922,0.31702385766275776,0.44889779559118226,cao2018,S01/061102n,all_channel,median,median__all_channel__FT7,32,210,"[0, 1, 2, 3, 4, 5, 6, 7, 8, 9, 10, 11, 12, 13, 14, 15, 16, 17, 18, 19, 20, 21, 22, 23, 24, 25, 26, 27, 28, 29, 30, 31, 32, 33, 34, 35, 36, 37, 38, 39, 40, 41, 42, 43, 44, 45, 46, 47, 48, 49, 50, 51, 52, 53, 54, 55, 56, 57, 58, 59, 61, 62, 63, 64, 65, 66, 67, 68, 69, 70, 71, 72, 73, 74, 75, 76, 77, 78, 79, 80, 81, 82, 83, 84, 85, 86, 87, 88, 89, 90, 91, 92, 93, 94, 98, 100, 109, 110, 116, 117, 118, 127, 128, 137, 139, 145, 151, 152, 164, 173, 174, 175, 176, 180, 183, 190, 191, 195, 196, 199, 200, 201, 203, 204, 205, 207, 208]",127,False,2.57663183826303e-05,-7.729463013641264e-07,8.846421561331475e-06,30.0
FT8,967,967,691,276,1782,0.7145811789038262,0.2794177112818439,0.40174418604651163,cao2018,S01/061102n,all_channel,median,median__all_channel__FT8,32,210,"[0, 1, 2, 3, 4, 5, 6, 7, 8, 9, 10, 11, 12, 13, 14, 15, 16, 17, 18, 19, 20, 21, 22, 23, 24, 25, 26, 27, 28, 29, 30, 31, 32, 33, 34, 35, 36, 37, 38, 39, 40, 41, 42, 43, 44, 45, 46, 47, 48, 49, 50, 51, 52, 53, 54, 55, 56, 57, 58, 59, 61, 62, 63, 64, 65, 66, 67, 68, 69, 70, 71, 72, 73, 74, 75, 76, 77, 78, 79, 80, 81, 82, 83, 84, 85, 86, 87, 88, 89, 90, 91, 92, 93, 94, 98, 100, 109, 110, 116, 117, 118, 127, 128, 137, 139, 145, 151, 152, 164, 173, 174, 175, 176, 180, 183, 190, 191, 195, 196, 199, 200, 201, 203, 204, 205, 207, 208]",127,False,2.4210740176154994e-05,-4.6502936106849245e-07,8.225256512407828e-06,30.0
FC3,831,831,656,175,1817,0.789410348977136,0.2652648604933279,0.39709443099273606,cao2018,S01/061102n,all_channel,median,median__all_channel__FC3,32,210,"[0, 1, 2, 3, 4, 5, 6, 7, 8, 9, 10, 11, 12, 13, 14, 15, 16, 17, 18, 19, 20, 21, 22, 23, 24, 25, 26, 27, 28, 29, 30, 31, 32, 33, 34, 35, 36, 37, 38, 39, 40, 41, 42, 43, 44, 45, 46, 47, 48, 49, 50, 51, 52, 53, 54, 55, 56, 57, 58, 59, 61, 62, 63, 64, 65, 66, 67, 68, 69, 70, 71, 72, 73, 74, 75, 76, 77, 78, 79, 80, 81, 82, 83, 84, 85, 86, 87, 88, 89, 90, 91, 92, 93, 94, 98, 100, 109, 110, 116, 117, 118, 127, 128, 137, 139, 145, 151, 152, 164, 173, 174, 175, 176, 180, 183, 190, 191, 195, 196, 199, 200, 201, 203, 204, 205, 207, 208]",127,False,2.8733297505889476e-05,-7.755337088863096e-07,9.836277071591927e-06,30.0
T3,893,893,666,227,1807,0.7458006718924972,0.26930853214718964,0.39572192513368987,cao2018,S01/061102n,all_channel,median,median__all_channel__T3,32,210,"[0, 1, 2, 3, 4, 5, 6, 7, 8, 9, 10, 11, 12, 13, 14, 15, 16, 17, 18, 19, 20, 21, 22, 23, 24, 25, 26, 27, 28, 29, 30, 31, 32, 33, 34, 35, 36, 37, 38, 39, 40, 41, 42, 43, 44, 45, 46, 47, 48, 49, 50, 51, 52, 53, 54, 55, 56, 57, 58, 59, 61, 62, 63, 64, 65, 66, 67, 68, 69, 70, 71, 72, 73, 74, 75, 76, 77, 78, 79, 80, 81, 82, 83, 84, 85, 86, 87, 88, 89, 90, 91, 92, 93, 94, 98, 100, 109, 110, 116, 117, 118, 127, 128, 137, 139, 145, 151, 152, 164, 173, 174, 175, 176, 180, 183, 190, 191, 195, 196, 199, 200, 201, 203, 204, 205, 207, 208]",127,False,2.511333818729528e-05,-7.236372552109345e-07,8.612325147502072e-06,30.0
FCZ,741,741,531,210,1942,0.7165991902834008,0.21471896482005662,0.33042937149968893,cao2018,S01/061102n,all_channel,median,median__all_channel__FCZ,32,210,"[0, 1, 2, 3, 4, 5, 6, 7, 8, 9, 10, 11, 12, 13, 14, 15, 16, 17, 18, 19, 20, 21, 22, 23, 24, 25, 26, 27, 28, 29, 30, 31, 32, 33, 34, 35, 36, 37, 38, 39, 40, 41, 42, 43, 44, 45, 46, 47, 48, 49, 50, 51, 52, 53, 54, 55, 56, 57, 58, 59, 61, 62, 63, 64, 65, 66, 67, 68, 69, 70, 71, 72, 73, 74, 75, 76, 77, 78, 79, 80, 81, 82, 83, 84, 85, 86, 87, 88, 89, 90, 91, 92, 93, 94, 98, 100, 109, 110, 116, 117, 118, 127, 128, 137, 139, 145, 151, 152, 164, 173, 174, 175, 176, 180, 183, 190, 191, 195, 196, 199, 200, 201, 203, 204, 205, 207, 208]",127,False,3.122369510705966e-05,-6.036432909530363e-07,1.0609112799337568e-05,30.0
C4,711,711,482,229,1991,0.6779184247538678,0.19490497371613424,0.3027638190954774,cao2018,S01/061102n,all_channel,median,median__all_channel__C4,32,210,"[0, 1, 2, 3, 4, 5, 6, 7, 8, 9, 10, 11, 12, 13, 14, 15, 16, 17, 18, 19, 20, 21, 22, 23, 24, 25, 26, 27, 28, 29, 30, 31, 32, 33, 34, 35, 36, 37, 38, 39, 40, 41, 42, 43, 44, 45, 46, 47, 48, 49, 50, 51, 52, 53, 54, 55, 56, 57, 58, 59, 61, 62, 63, 64, 65, 66, 67, 68, 69, 70, 71, 72, 73, 74, 75, 76, 77, 78, 79, 80, 81, 82, 83, 84, 85, 86, 87, 88, 89, 90, 91, 92, 93, 94, 98, 100, 109, 110, 116, 117, 118, 127, 128, 137, 139, 145, 151, 152, 164, 173, 174, 175, 176, 180, 183, 190, 191, 195, 196, 199, 200, 201, 203, 204, 205, 207, 208]",127,False,2.4715337667115544e-05,-4.530075158270068e-07,8.389448394314184e-06,30.0
TP8,578,578,333,245,2140,0.5761245674740484,0.13465426607359482,0.21828908554572268,cao2018,S01/061102n,all_channel,median,median__all_channel__TP8,32,210,"[0, 1, 2, 3, 4, 5, 6, 7, 8, 9, 10, 11, 12, 13, 14, 15, 16, 17, 18, 19, 20, 21, 22, 23, 24, 25, 26, 27, 28, 29, 30, 31, 32, 33, 34, 35, 36, 37, 38, 39, 40, 41, 42, 43, 44, 45, 46, 47, 48, 49, 50, 51, 52, 53, 54, 55, 56, 57, 58, 59, 61, 62, 63, 64, 65, 66, 67, 68, 69, 70, 71, 72, 73, 74, 75, 76, 77, 78, 79, 80, 81, 82, 83, 84, 85, 86, 87, 88, 89, 90, 91, 92, 93, 94, 98, 100, 109, 110, 116, 117, 118, 127, 128, 137, 139, 145, 151, 152, 164, 173, 174, 175, 176, 180, 183, 190, 191, 195, 196, 199, 200, 201, 203, 204, 205, 207, 208]",127,False,1.7122473082098008e-05,-1.5241173642693512e-07,5.7582949395083154e-06,30.0
CP4,491,491,311,180,2162,0.6334012219959266,0.12575818843509906,0.2098515519568151,cao2018,S01/061102n,all_channel,median,median__all_channel__CP4,32,210,"[0, 1, 2, 3, 4, 5, 6, 7, 8, 9, 10, 11, 12, 13, 14, 15, 16, 17, 18, 19, 20, 21, 22, 23, 24, 25, 26, 27, 28, 29, 30, 31, 32, 33, 34, 35, 36, 37, 38, 39, 40, 41, 42, 43, 44, 45, 46, 47, 48, 49, 50, 51, 52, 53, 54, 55, 56, 57, 58, 59, 61, 62, 63, 64, 65, 66, 67, 68, 69, 70, 71, 72, 73, 74, 75, 76, 77, 78, 79, 80, 81, 82, 83, 84, 85, 86, 87, 88, 89, 90, 91, 92, 93, 94, 98, 100, 109, 110, 116, 117, 118, 127, 128, 137, 139, 145, 151, 152, 164, 173, 174, 175, 176, 180, 183, 190, 191, 195, 196, 199, 200, 201, 203, 204, 205, 207, 208]",127,False,2.297111995573544e-05,-3.09176900094016e-07,7.760098951943151e-06,30.0
A2,449,449,256,193,2217,0.5701559020044543,0.10351799433885968,0.17522245037645448,cao2018,S01/061102n,all_channel,median,median__all_channel__A2,32,210,"[0, 1, 2, 3, 4, 5, 6, 7, 8, 9, 10, 11, 12, 13, 14, 15, 16, 17, 18, 19, 20, 21, 22, 23, 24, 25, 26, 27, 28, 29, 30, 31, 32, 33, 34, 35, 36, 37, 38, 39, 40, 41, 42, 43, 44, 45, 46, 47, 48, 49, 50, 51, 52, 53, 54, 55, 56, 57, 58, 59, 61, 62, 63, 64, 65, 66, 67, 68, 69, 70, 71, 72, 73, 74, 75, 76, 77, 78, 79, 80, 81, 82, 83, 84, 85, 86, 87, 88, 89, 90, 91, 92, 93, 94, 98, 100, 109, 110, 116, 117, 118, 127, 128, 137, 139, 145, 151, 152, 164, 173, 174, 175, 176, 180, 183, 190, 191, 195, 196, 199, 200, 201, 203, 204, 205, 207, 208]",127,False,1.0637886297726298e-05,7.079197488804893e-08,3.5223647742794165e-06,30.0
CZ,426,426,251,175,2222,0.5892018779342723,0.10149615851192884,0.17316315971024493,cao2018,S01/061102n,all_channel,median,median__all_channel__CZ,32,210,"[0, 1, 2, 3, 4, 5, 6, 7, 8, 9, 10, 11, 12, 13, 14, 15, 16, 17, 18, 19, 20, 21, 22, 23, 24, 25, 26, 27, 28, 29, 30, 31, 32, 33, 34, 35, 36, 37, 38, 39, 40, 41, 42, 43, 44, 45, 46, 47, 48, 49, 50, 51, 52, 53, 54, 55, 56, 57, 58, 59, 61, 62, 63, 64, 65, 66, 67, 68, 69, 70, 71, 72, 73, 74, 75, 76, 77, 78, 79, 80, 81, 82, 83, 84, 85, 86, 87, 88, 89, 90, 91, 92, 93, 94, 98, 100, 109, 110, 116, 117, 118, 127, 128, 137, 139, 145, 151, 152, 164, 173, 174, 175, 176, 180, 183, 190, 191, 195, 196, 199, 200, 201, 203, 204, 205, 207, 208]",127,False,2.746884581016238e-05,-3.9564832733660104e-07,9.28816471249966e-06,30.0
C3,383,383,247,136,2226,0.6449086161879896,0.09987868985038414,0.17296918767507,cao2018,S01/061102n,all_channel,median,median__all_channel__C3,32,210,"[0, 1, 2, 3, 4, 5, 6, 7, 8, 9, 10, 11, 12, 13, 14, 15, 16, 17, 18, 19, 20, 21, 22, 23, 24, 25, 26, 27, 28, 29, 30, 31, 32, 33, 34, 35, 36, 37, 38, 39, 40, 41, 42, 43, 44, 45, 46, 47, 48, 49, 50, 51, 52, 53, 54, 55, 56, 57, 58, 59, 61, 62, 63, 64, 65, 66, 67, 68, 69, 70, 71, 72, 73, 74, 75, 76, 77, 78, 79, 80, 81, 82, 83, 84, 85, 86, 87, 88, 89, 90, 91, 92, 93, 94, 98, 100, 109, 110, 116, 117, 118, 127, 128, 137, 139, 145, 151, 152, 164, 173, 174, 175, 176, 180, 183, 190, 191, 195, 196, 199, 200, 201, 203, 204, 205, 207, 208]",127,False,2.4950689397986895e-05,-4.3955870933326874e-07,8.463416035773388e-06,30.0
P4,357,357,206,151,2267,0.5770308123249299,0.08329963606955115,0.14558303886925794,cao2018,S01/061102n,all_channel,median,median__all_channel__P4,32,210,"[0, 1, 2, 3, 4, 5, 6, 7, 8, 9, 10, 11, 12, 13, 14, 15, 16, 17, 18, 19, 20, 21, 22, 23, 24, 25, 26, 27, 28, 29, 30, 31, 32, 33, 34, 35, 36, 37, 38, 39, 40, 41, 42, 43, 44, 45, 46, 47, 48, 49, 50, 51, 52, 53, 54, 55, 56, 57, 58, 59, 61, 62, 63, 64, 65, 66, 67, 68, 69, 70, 71, 72, 73, 74, 75, 76, 77, 78, 79, 80, 81, 82, 83, 84, 85, 86, 87, 88, 89, 90, 91, 92, 93, 94, 98, 100, 109, 110, 116, 117, 118, 127, 128, 137, 139, 145, 151, 152, 164, 173, 174, 175, 176, 180, 183, 190, 191, 195, 196, 199, 200, 201, 203, 204, 205, 207, 208]",127,False,2.0990014444257643e-05,-2.1637737152842728e-07,7.06879727192869e-06,30.0
T4,2004,2004,316,1688,2157,0.15768463073852296,0.12778002426202992,0.14116595934777754,cao2018,S01/061102n,all_channel,median,median__all_channel__T4,32,210,"[0, 1, 2, 3, 4, 5, 6, 7, 8, 9, 10, 11, 12, 13, 14, 15, 16, 17, 18, 19, 20, 21, 22, 23, 24, 25, 26, 27, 28, 29, 30, 31, 32, 33, 34, 35, 36, 37, 38, 39, 40, 41, 42, 43, 44, 45, 46, 47, 48, 49, 50, 51, 52, 53, 54, 55, 56, 57, 58, 59, 61, 62, 63, 64, 65, 66, 67, 68, 69, 70, 71, 72, 73, 74, 75, 76, 77, 78, 79, 80, 81, 82, 83, 84, 85, 86, 87, 88, 89, 90, 91, 92, 93, 94, 98, 100, 109, 110, 116, 117, 118, 127, 128, 137, 139, 145, 151, 152, 164, 173, 174, 175, 176, 180, 183, 190, 191, 195, 196, 199, 200, 201, 203, 204, 205, 207, 208]",127,False,1.7878703653295435e-05,0.0,5.959567884431812e-06,30.0
T6,329,329,155,174,2318,0.47112462006079026,0.06267691063485645,0.11063526052819414,cao2018,S01/061102n,all_channel,median,median__all_channel__T6,32,210,"[0, 1, 2, 3, 4, 5, 6, 7, 8, 9, 10, 11, 12, 13, 14, 15, 16, 17, 18, 19, 20, 21, 22, 23, 24, 25, 26, 27, 28, 29, 30, 31, 32, 33, 34, 35, 36, 37, 38, 39, 40, 41, 42, 43, 44, 45, 46, 47, 48, 49, 50, 51, 52, 53, 54, 55, 56, 57, 58, 59, 61, 62, 63, 64, 65, 66, 67, 68, 69, 70, 71, 72, 73, 74, 75, 76, 77, 78, 79, 80, 81, 82, 83, 84, 85, 86, 87, 88, 89, 90, 91, 92, 93, 94, 98, 100, 109, 110, 116, 117, 118, 127, 128, 137, 139, 145, 151, 152, 164, 173, 174, 175, 176, 180, 183, 190, 191, 195, 196, 199, 200, 201, 203, 204, 205, 207, 208]",127,False,1.658508591460562e-05,-1.207165979489676e-07,5.568600837518197e-06,30.0
CPZ,267,267,124,143,2349,0.46441947565543074,0.05014152850788516,0.0905109489051095,cao2018,S01/061102n,all_channel,median,median__all_channel__CPZ,32,210,"[0, 1, 2, 3, 4, 5, 6, 7, 8, 9, 10, 11, 12, 13, 14, 15, 16, 17, 18, 19, 20, 21, 22, 23, 24, 25, 26, 27, 28, 29, 30, 31, 32, 33, 34, 35, 36, 37, 38, 39, 40, 41, 42, 43, 44, 45, 46, 47, 48, 49, 50, 51, 52, 53, 54, 55, 56, 57, 58, 59, 61, 62, 63, 64, 65, 66, 67, 68, 69, 70, 71, 72, 73, 74, 75, 76, 77, 78, 79, 80, 81, 82, 83, 84, 85, 86, 87, 88, 89, 90, 91, 92, 93, 94, 98, 100, 109, 110, 116, 117, 118, 127, 128, 137, 139, 145, 151, 152, 164, 173, 174, 175, 176, 180, 183, 190, 191, 195, 196, 199, 200, 201, 203, 204, 205, 207, 208]",127,False,2.3877526610920813e-05,-2.391709463498573e-07,8.038899185756891e-06,30.0
CP3,204,204,95,109,2378,0.46568627450980393,0.03841488071168621,0.07097497198356369,cao2018,S01/061102n,all_channel,median,median__all_channel__CP3,32,210,"[0, 1, 2, 3, 4, 5, 6, 7, 8, 9, 10, 11, 12, 13, 14, 15, 16, 17, 18, 19, 20, 21, 22, 23, 24, 25, 26, 27, 28, 29, 30, 31, 32, 33, 34, 35, 36, 37, 38, 39, 40, 41, 42, 43, 44, 45, 46, 47, 48, 49, 50, 51, 52, 53, 54, 55, 56, 57, 58, 59, 61, 62, 63, 64, 65, 66, 67, 68, 69, 70, 71, 72, 73, 74, 75, 76, 77, 78, 79, 80, 81, 82, 83, 84, 85, 86, 87, 88, 89, 90, 91, 92, 93, 94, 98, 100, 109, 110, 116, 117, 118, 127, 128, 137, 139, 145, 151, 152, 164, 173, 174, 175, 176, 180, 183, 190, 191, 195, 196, 199, 200, 201, 203, 204, 205, 207, 208]",127,False,2.1760252441510734e-05,-2.3435938595323935e-07,7.3315372758213245e-06,30.0
PZ,208,208,78,130,2395,0.375,0.031540638900121314,0.05818724356583364,cao2018,S01/061102n,all_channel,median,median__all_channel__PZ,32,210,"[0, 1, 2, 3, 4, 5, 6, 7, 8, 9, 10, 11, 12, 13, 14, 15, 16, 17, 18, 19, 20, 21, 22, 23, 24, 25, 26, 27, 28, 29, 30, 31, 32, 33, 34, 35, 36, 37, 38, 39, 40, 41, 42, 43, 44, 45, 46, 47, 48, 49, 50, 51, 52, 53, 54, 55, 56, 57, 58, 59, 61, 62, 63, 64, 65, 66, 67, 68, 69, 70, 71, 72, 73, 74, 75, 76, 77, 78, 79, 80, 81, 82, 83, 84, 85, 86, 87, 88, 89, 90, 91, 92, 93, 94, 98, 100, 109, 110, 116, 117, 118, 127, 128, 137, 139, 145, 151, 152, 164, 173, 174, 175, 176, 180, 183, 190, 191, 195, 196, 199, 200, 201, 203, 204, 205, 207, 208]",127,False,2.1624619502834565e-05,-1.6781199698261016e-07,7.264143833272391e-06,30.0
P3,170,170,63,107,2410,0.37058823529411766,0.02547513141932875,0.047673098751418834,cao2018,S01/061102n,all_channel,median,median__all_channel__P3,32,210,"[0, 1, 2, 3, 4, 5, 6, 7, 8, 9, 10, 11, 12, 13, 14, 15, 16, 17, 18, 19, 20, 21, 22, 23, 24, 25, 26, 27, 28, 29, 30, 31, 32, 33, 34, 35, 36, 37, 38, 39, 40, 41, 42, 43, 44, 45, 46, 47, 48, 49, 50, 51, 52, 53, 54, 55, 56, 57, 58, 59, 61, 62, 63, 64, 65, 66, 67, 68, 69, 70, 71, 72, 73, 74, 75, 76, 77, 78, 79, 80, 81, 82, 83, 84, 85, 86, 87, 88, 89, 90, 91, 92, 93, 94, 98, 100, 109, 110, 116, 117, 118, 127, 128, 137, 139, 145, 151, 152, 164, 173, 174, 175, 176, 180, 183, 190, 191, 195, 196, 199, 200, 201, 203, 204, 205, 207, 208]",127,False,1.9931076781970856e-05,-1.6213780695015723e-07,6.697738196307005e-06,30.0
TP7,1050,1050,67,983,2406,0.06380952380952382,0.027092600080873434,0.03803576497303434,cao2018,S01/061102n,all_channel,median,median__all_channel__TP7,32,210,"[0, 1, 2, 3, 4, 5, 6, 7, 8, 9, 10, 11, 12, 13, 14, 15, 16, 17, 18, 19, 20, 21, 22, 23, 24, 25, 26, 27, 28, 29, 30, 31, 32, 33, 34, 35, 36, 37, 38, 39, 40, 41, 42, 43, 44, 45, 46, 47, 48, 49, 50, 51, 52, 53, 54, 55, 56, 57, 58, 59, 61, 62, 63, 64, 65, 66, 67, 68, 69, 70, 71, 72, 73, 74, 75, 76, 77, 78, 79, 80, 81, 82, 83, 84, 85, 86, 87, 88, 89, 90, 91, 92, 93, 94, 98, 100, 109, 110, 116, 117, 118, 127, 128, 137, 139, 145, 151, 152, 164, 173, 174, 175, 176, 180, 183, 190, 191, 195, 196, 199, 200, 201, 203, 204, 205, 207, 208]",127,False,2.0469298985222268e-05,-1.0332205859364044e-07,6.857540347938635e-06,30.0
O2,151,151,30,121,2443,0.1986754966887417,0.01213101496158512,0.02286585365853659,cao2018,S01/061102n,all_channel,median,median__all_channel__O2,32,210,"[0, 1, 2, 3, 4, 5, 6, 7, 8, 9, 10, 11, 12, 13, 14, 15, 16, 17, 18, 19, 20, 21, 22, 23, 24, 25, 26, 27, 28, 29, 30, 31, 32, 33, 34, 35, 36, 37, 38, 39, 40, 41, 42, 43, 44, 45, 46, 47, 48, 49, 50, 51, 52, 53, 54, 55, 56, 57, 58, 59, 61, 62, 63, 64, 65, 66, 67, 68, 69, 70, 71, 72, 73, 74, 75, 76, 77, 78, 79, 80, 81, 82, 83, 84, 85, 86, 87, 88, 89, 90, 91, 92, 93, 94, 98, 100, 109, 110, 116, 117, 118, 127, 128, 137, 139, 145, 151, 152, 164, 173, 174, 175, 176, 180, 183, 190, 191, 195, 196, 199, 200, 201, 203, 204, 205, 207, 208]",127,False,1.7769539995088987e-05,-8.119631663707491e-08,5.95024543724202e-06,30.0
A1,218,218,29,189,2444,0.13302752293577982,0.011726647796198949,0.021553325901151988,cao2018,S01/061102n,all_channel,median,median__all_channel__A1,32,210,"[0, 1, 2, 3, 4, 5, 6, 7, 8, 9, 10, 11, 12, 13, 14, 15, 16, 17, 18, 19, 20, 21, 22, 23, 24, 25, 26, 27, 28, 29, 30, 31, 32, 33, 34, 35, 36, 37, 38, 39, 40, 41, 42, 43, 44, 45, 46, 47, 48, 49, 50, 51, 52, 53, 54, 55, 56, 57, 58, 59, 61, 62, 63, 64, 65, 66, 67, 68, 69, 70, 71, 72, 73, 74, 75, 76, 77, 78, 79, 80, 81, 82, 83, 84, 85, 86, 87, 88, 89, 90, 91, 92, 93, 94, 98, 100, 109, 110, 116, 117, 118, 127, 128, 137, 139, 145, 151, 152, 164, 173, 174, 175, 176, 180, 183, 190, 191, 195, 196, 199, 200, 201, 203, 204, 205, 207, 208]",127,False,1.049592201625247e-05,-7.086553795018967e-08,3.522262518067553e-06,30.0
T5,142,142,25,117,2448,0.176056338028169,0.010109179134654266,0.019120458891013385,cao2018,S01/061102n,all_channel,median,median__all_channel__T5,32,210,"[0, 1, 2, 3, 4, 5, 6, 7, 8, 9, 10, 11, 12, 13, 14, 15, 16, 17, 18, 19, 20, 21, 22, 23, 24, 25, 26, 27, 28, 29, 30, 31, 32, 33, 34, 35, 36, 37, 38, 39, 40, 41, 42, 43, 44, 45, 46, 47, 48, 49, 50, 51, 52, 53, 54, 55, 56, 57, 58, 59, 61, 62, 63, 64, 65, 66, 67, 68, 69, 70, 71, 72, 73, 74, 75, 76, 77, 78, 79, 80, 81, 82, 83, 84, 85, 86, 87, 88, 89, 90, 91, 92, 93, 94, 98, 100, 109, 110, 116, 117, 118, 127, 128, 137, 139, 145, 151, 152, 164, 173, 174, 175, 176, 180, 183, 190, 191, 195, 196, 199, 200, 201, 203, 204, 205, 207, 208]",127,False,1.5517202427650408e-05,-4.178888847940051e-08,5.186330438709937e-06,30.0
OZ,146,146,20,126,2453,0.136986301369863,0.008087343307723413,0.015273004963726612,cao2018,S01/061102n,all_channel,median,median__all_channel__OZ,32,210,"[0, 1, 2, 3, 4, 5, 6, 7, 8, 9, 10, 11, 12, 13, 14, 15, 16, 17, 18, 19, 20, 21, 22, 23, 24, 25, 26, 27, 28, 29, 30, 31, 32, 33, 34, 35, 36, 37, 38, 39, 40, 41, 42, 43, 44, 45, 46, 47, 48, 49, 50, 51, 52, 53, 54, 55, 56, 57, 58, 59, 61, 62, 63, 64, 65, 66, 67, 68, 69, 70, 71, 72, 73, 74, 75, 76, 77, 78, 79, 80, 81, 82, 83, 84, 85, 86, 87, 88, 89, 90, 91, 92, 93, 94, 98, 100, 109, 110, 116, 117, 118, 127, 128, 137, 139, 145, 151, 152, 164, 173, 174, 175, 176, 180, 183, 190, 191, 195, 196, 199, 200, 201, 203, 204, 205, 207, 208]",127,False,1.6721341851280778e-05,-5.487878978872018e-08,5.592073547023166e-06,30.0
O1,134,134,13,121,2460,0.09701492537313433,0.005256773150020219,0.009973149213655544,cao2018,S01/061102n,all_channel,median,median__all_channel__O1,32,210,"[0, 1, 2, 3, 4, 5, 6, 7, 8, 9, 10, 11, 12, 13, 14, 15, 16, 17, 18, 19, 20, 21, 22, 23, 24, 25, 26, 27, 28, 29, 30, 31, 32, 33, 34, 35, 36, 37, 38, 39, 40, 41, 42, 43, 44, 45, 46, 47, 48, 49, 50, 51, 52, 53, 54, 55, 56, 57, 58, 59, 61, 62, 63, 64, 65, 66, 67, 68, 69, 70, 71, 72, 73, 74, 75, 76, 77, 78, 79, 80, 81, 82, 83, 84, 85, 86, 87, 88, 89, 90, 91, 92, 93, 94, 98, 100, 109, 110, 116, 117, 118, 127, 128, 137, 139, 145, 151, 152, 164, 173, 174, 175, 176, 180, 183, 190, 191, 195, 196, 199, 200, 201, 203, 204, 205, 207, 208]",127,False,1.7490031176552883e-05,-2.650292526028062e-08,5.8388447006043875e-06,30.0
FP1,2714,2714,2397,317,76,0.8831982313927782,0.9692680954306511,0.9242336610757663,cao2018,S01/061102n,all_channel,mean,mean__all_channel__FP1,32,210,"[0, 1, 2, 3, 4, 5, 6, 7, 8, 9, 10, 11, 12, 13, 14, 15, 16, 17, 18, 19, 20, 21, 22, 23, 24, 25, 26, 27, 28, 29, 30, 31, 32, 33, 34, 35, 36, 37, 38, 39, 40, 41, 42, 43, 44, 45, 46, 47, 48, 49, 50, 51, 52, 53, 54, 55, 56, 57, 58, 59, 61, 62, 63, 64, 65, 66, 67, 68, 69, 70, 71, 72, 73, 74, 75, 76, 77, 78, 79, 80, 81, 82, 83, 84, 85, 86, 87, 88, 89, 90, 91, 92, 93, 94, 98, 100, 109, 110, 116, 117, 118, 127, 128, 137, 139, 145, 151, 152, 164, 173, 174, 175, 176, 180, 183, 190, 191, 195, 196, 199, 200, 201, 203, 204, 205, 207, 208]",127,False,5.196796609004952e-05,-4.649493420548783e-08,1.7338153674751668e-05,30.0
FP2,2199,2199,1915,284,558,0.8708503865393361,0.7743631217145168,0.8197773972602741,cao2018,S01/061102n,all_channel,mean,mean__all_channel__FP2,32,210,"[0, 1, 2, 3, 4, 5, 6, 7, 8, 9, 10, 11, 12, 13, 14, 15, 16, 17, 18, 19, 20, 21, 22, 23, 24, 25, 26, 27, 28, 29, 30, 31, 32, 33, 34, 35, 36, 37, 38, 39, 40, 41, 42, 43, 44, 45, 46, 47, 48, 49, 50, 51, 52, 53, 54, 55, 56, 57, 58, 59, 61, 62, 63, 64, 65, 66, 67, 68, 69, 70, 71, 72, 73, 74, 75, 76, 77, 78, 79, 80, 81, 82, 83, 84, 85, 86, 87, 88, 89, 90, 91, 92, 93, 94, 98, 100, 109, 110, 116, 117, 118, 127, 128, 137, 139, 145, 151, 152, 164, 173, 174, 175, 176, 180, 183, 190, 191, 195, 196, 199, 200, 201, 203, 204, 205, 207, 208]",127,False,4.393037275563988e-05,-1.378377881449116e-10,1.4643503531142675e-05,30.0
F3,1830,1830,1569,261,904,0.8573770491803279,0.6344520824909018,0.7292586567511039,cao2018,S01/061102n,all_channel,mean,mean__all_channel__F3,32,210,"[0, 1, 2, 3, 4, 5, 6, 7, 8, 9, 10, 11, 12, 13, 14, 15, 16, 17, 18, 19, 20, 21, 22, 23, 24, 25, 26, 27, 28, 29, 30, 31, 32, 33, 34, 35, 36, 37, 38, 39, 40, 41, 42, 43, 44, 45, 46, 47, 48, 49, 50, 51, 52, 53, 54, 55, 56, 57, 58, 59, 61, 62, 63, 64, 65, 66, 67, 68, 69, 70, 71, 72, 73, 74, 75, 76, 77, 78, 79, 80, 81, 82, 83, 84, 85, 86, 87, 88, 89, 90, 91, 92, 93, 94, 98, 100, 109, 110, 116, 117, 118, 127, 128, 137, 139, 145, 151, 152, 164, 173, 174, 175, 176, 180, 183, 190, 191, 195, 196, 199, 200, 201, 203, 204, 205, 207, 208]",127,False,3.7221907426146514e-05,-9.668180114515459e-08,1.2439529742430556e-05,30.0
FZ,1289,1289,1078,211,1395,0.8363072148952676,0.43590780428629194,0.5730994152046783,cao2018,S01/061102n,all_channel,mean,mean__all_channel__FZ,32,210,"[0, 1, 2, 3, 4, 5, 6, 7, 8, 9, 10, 11, 12, 13, 14, 15, 16, 17, 18, 19, 20, 21, 22, 23, 24, 25, 26, 27, 28, 29, 30, 31, 32, 33, 34, 35, 36, 37, 38, 39, 40, 41, 42, 43, 44, 45, 46, 47, 48, 49, 50, 51, 52, 53, 54, 55, 56, 57, 58, 59, 61, 62, 63, 64, 65, 66, 67, 68, 69, 70, 71, 72, 73, 74, 75, 76, 77, 78, 79, 80, 81, 82, 83, 84, 85, 86, 87, 88, 89, 90, 91, 92, 93, 94, 98, 100, 109, 110, 116, 117, 118, 127, 128, 137, 139, 145, 151, 152, 164, 173, 174, 175, 176, 180, 183, 190, 191, 195, 196, 199, 200, 201, 203, 204, 205, 207, 208]",127,False,3.463006037170776e-05,-2.3587781549909603e-09,1.1544139716620917e-05,30.0
F8,1267,1267,950,317,1523,0.749802683504341,0.3841488071168621,0.5080213903743315,cao2018,S01/061102n,all_channel,mean,mean__all_channel__F8,32,210,"[0, 1, 2, 3, 4, 5, 6, 7, 8, 9, 10, 11, 12, 13, 14, 15, 16, 17, 18, 19, 20, 21, 22, 23, 24, 25, 26, 27, 28, 29, 30, 31, 32, 33, 34, 35, 36, 37, 38, 39, 40, 41, 42, 43, 44, 45, 46, 47, 48, 49, 50, 51, 52, 53, 54, 55, 56, 57, 58, 59, 61, 62, 63, 64, 65, 66, 67, 68, 69, 70, 71, 72, 73, 74, 75, 76, 77, 78, 79, 80, 81, 82, 83, 84, 85, 86, 87, 88, 89, 90, 91, 92, 93, 94, 98, 100, 109, 110, 116, 117, 118, 127, 128, 137, 139, 145, 151, 152, 164, 173, 174, 175, 176, 180, 183, 190, 191, 195, 196, 199, 200, 201, 203, 204, 205, 207, 208]",127,False,3.072501451735896e-05,3.895043995694604e-09,1.0240373157787758e-05,30.0
F7,1055,1055,838,217,1635,0.7943127962085308,0.338859684593611,0.47505668934240364,cao2018,S01/061102n,all_channel,mean,mean__all_channel__F7,32,210,"[0, 1, 2, 3, 4, 5, 6, 7, 8, 9, 10, 11, 12, 13, 14, 15, 16, 17, 18, 19, 20, 21, 22, 23, 24, 25, 26, 27, 28, 29, 30, 31, 32, 33, 34, 35, 36, 37, 38, 39, 40, 41, 42, 43, 44, 45, 46, 47, 48, 49, 50, 51, 52, 53, 54, 55, 56, 57, 58, 59, 61, 62, 63, 64, 65, 66, 67, 68, 69, 70, 71, 72, 73, 74, 75, 76, 77, 78, 79, 80, 81, 82, 83, 84, 85, 86, 87, 88, 89, 90, 91, 92, 93, 94, 98, 100, 109, 110, 116, 117, 118, 127, 128, 137, 139, 145, 151, 152, 164, 173, 174, 175, 176, 180, 183, 190, 191, 195, 196, 199, 200, 201, 203, 204, 205, 207, 208]",127,False,2.7290066639204596e-05,-9.145427705821423e-09,9.099737355636805e-06,30.0
FC4,1067,1067,808,259,1665,0.7572633552014996,0.3267286696320259,0.45649717514124294,cao2018,S01/061102n,all_channel,mean,mean__all_channel__FC4,32,210,"[0, 1, 2, 3, 4, 5, 6, 7, 8, 9, 10, 11, 12, 13, 14, 15, 16, 17, 18, 19, 20, 21, 22, 23, 24, 25, 26, 27, 28, 29, 30, 31, 32, 33, 34, 35, 36, 37, 38, 39, 40, 41, 42, 43, 44, 45, 46, 47, 48, 49, 50, 51, 52, 53, 54, 55, 56, 57, 58, 59, 61, 62, 63, 64, 65, 66, 67, 68, 69, 70, 71, 72, 73, 74, 75, 76, 77, 78, 79, 80, 81, 82, 83, 84, 85, 86, 87, 88, 89, 90, 91, 92, 93, 94, 98, 100, 109, 110, 116, 117, 118, 127, 128, 137, 139, 145, 151, 152, 164, 173, 174, 175, 176, 180, 183, 190, 191, 195, 196, 199, 200, 201, 203, 204, 205, 207, 208]",127,False,3.0543656195216615e-05,-2.2460703159496678e-10,1.0181293600749403e-05,30.0
F4,1114,1114,799,315,1674,0.7172351885098743,0.32308936514355036,0.44549763033175355,cao2018,S01/061102n,all_channel,mean,mean__all_channel__F4,32,210,"[0, 1, 2, 3, 4, 5, 6, 7, 8, 9, 10, 11, 12, 13, 14, 15, 16, 17, 18, 19, 20, 21, 22, 23, 24, 25, 26, 27, 28, 29, 30, 31, 32, 33, 34, 35, 36, 37, 38, 39, 40, 41, 42, 43, 44, 45, 46, 47, 48, 49, 50, 51, 52, 53, 54, 55, 56, 57, 58, 59, 61, 62, 63, 64, 65, 66, 67, 68, 69, 70, 71, 72, 73, 74, 75, 76, 77, 78, 79, 80, 81, 82, 83, 84, 85, 86, 87, 88, 89, 90, 91, 92, 93, 94, 98, 100, 109, 110, 116, 117, 118, 127, 128, 137, 139, 145, 151, 152, 164, 173, 174, 175, 176, 180, 183, 190, 191, 195, 196, 199, 200, 201, 203, 204, 205, 207, 208]",127,False,3.2414285203872765e-05,1.5238473513851351e-07,1.0753966822911418e-05,30.0
FT7,900,900,692,208,1781,0.7688888888888888,0.27982207844723006,0.4103172250222353,cao2018,S01/061102n,all_channel,mean,mean__all_channel__FT7,32,210,"[0, 1, 2, 3, 4, 5, 6, 7, 8, 9, 10, 11, 12, 13, 14, 15, 16, 17, 18, 19, 20, 21, 22, 23, 24, 25, 26, 27, 28, 29, 30, 31, 32, 33, 34, 35, 36, 37, 38, 39, 40, 41, 42, 43, 44, 45, 46, 47, 48, 49, 50, 51, 52, 53, 54, 55, 56, 57, 58, 59, 61, 62, 63, 64, 65, 66, 67, 68, 69, 70, 71, 72, 73, 74, 75, 76, 77, 78, 79, 80, 81, 82, 83, 84, 85, 86, 87, 88, 89, 90, 91, 92, 93, 94, 98, 100, 109, 110, 116, 117, 118, 127, 128, 137, 139, 145, 151, 152, 164, 173, 174, 175, 176, 180, 183, 190, 191, 195, 196, 199, 200, 201, 203, 204, 205, 207, 208]",127,False,2.6531355626489717e-05,-7.90905750470953e-09,8.846421561331475e-06,30.0
FT8,941,941,672,269,1801,0.71413390010627,0.2717347351395067,0.39367311072056244,cao2018,S01/061102n,all_channel,mean,mean__all_channel__FT8,32,210,"[0, 1, 2, 3, 4, 5, 6, 7, 8, 9, 10, 11, 12, 13, 14, 15, 16, 17, 18, 19, 20, 21, 22, 23, 24, 25, 26, 27, 28, 29, 30, 31, 32, 33, 34, 35, 36, 37, 38, 39, 40, 41, 42, 43, 44, 45, 46, 47, 48, 49, 50, 51, 52, 53, 54, 55, 56, 57, 58, 59, 61, 62, 63, 64, 65, 66, 67, 68, 69, 70, 71, 72, 73, 74, 75, 76, 77, 78, 79, 80, 81, 82, 83, 84, 85, 86, 87, 88, 89, 90, 91, 92, 93, 94, 98, 100, 109, 110, 116, 117, 118, 127, 128, 137, 139, 145, 151, 152, 164, 173, 174, 175, 176, 180, 183, 190, 191, 195, 196, 199, 200, 201, 203, 204, 205, 207, 208]",127,False,2.4682362024365864e-05,6.592487142378657e-09,8.225256512407828e-06,30.0
FC3,741,741,586,155,1887,0.7908232118758435,0.236959158916296,0.3646546359676416,cao2018,S01/061102n,all_channel,mean,mean__all_channel__FC3,32,210,"[0, 1, 2, 3, 4, 5, 6, 7, 8, 9, 10, 11, 12, 13, 14, 15, 16, 17, 18, 19, 20, 21, 22, 23, 24, 25, 26, 27, 28, 29, 30, 31, 32, 33, 34, 35, 36, 37, 38, 39, 40, 41, 42, 43, 44, 45, 46, 47, 48, 49, 50, 51, 52, 53, 54, 55, 56, 57, 58, 59, 61, 62, 63, 64, 65, 66, 67, 68, 69, 70, 71, 72, 73, 74, 75, 76, 77, 78, 79, 80, 81, 82, 83, 84, 85, 86, 87, 88, 89, 90, 91, 92, 93, 94, 98, 100, 109, 110, 116, 117, 118, 127, 128, 137, 139, 145, 151, 152, 164, 173, 174, 175, 176, 180, 183, 190, 191, 195, 196, 199, 200, 201, 203, 204, 205, 207, 208]",127,False,2.9502302511336364e-05,-6.5287034394205335e-09,9.836277071591927e-06,30.0
T3,810,810,598,212,1875,0.7382716049382716,0.24181156490093003,0.36430094425830034,cao2018,S01/061102n,all_channel,mean,mean__all_channel__T3,32,210,"[0, 1, 2, 3, 4, 5, 6, 7, 8, 9, 10, 11, 12, 13, 14, 15, 16, 17, 18, 19, 20, 21, 22, 23, 24, 25, 26, 27, 28, 29, 30, 31, 32, 33, 34, 35, 36, 37, 38, 39, 40, 41, 42, 43, 44, 45, 46, 47, 48, 49, 50, 51, 52, 53, 54, 55, 56, 57, 58, 59, 61, 62, 63, 64, 65, 66, 67, 68, 69, 70, 71, 72, 73, 74, 75, 76, 77, 78, 79, 80, 81, 82, 83, 84, 85, 86, 87, 88, 89, 90, 91, 92, 93, 94, 98, 100, 109, 110, 116, 117, 118, 127, 128, 137, 139, 145, 151, 152, 164, 173, 174, 175, 176, 180, 183, 190, 191, 195, 196, 199, 200, 201, 203, 204, 205, 207, 208]",127,False,2.5812459805037025e-05,-2.4515637469190984e-08,8.612325147502072e-06,30.0
FCZ,703,703,506,197,1967,0.7197724039829303,0.20460978568540233,0.31863979848866497,cao2018,S01/061102n,all_channel,mean,mean__all_channel__FCZ,32,210,"[0, 1, 2, 3, 4, 5, 6, 7, 8, 9, 10, 11, 12, 13, 14, 15, 16, 17, 18, 19, 20, 21, 22, 23, 24, 25, 26, 27, 28, 29, 30, 31, 32, 33, 34, 35, 36, 37, 38, 39, 40, 41, 42, 43, 44, 45, 46, 47, 48, 49, 50, 51, 52, 53, 54, 55, 56, 57, 58, 59, 61, 62, 63, 64, 65, 66, 67, 68, 69, 70, 71, 72, 73, 74, 75, 76, 77, 78, 79, 80, 81, 82, 83, 84, 85, 86, 87, 88, 89, 90, 91, 92, 93, 94, 98, 100, 109, 110, 116, 117, 118, 127, 128, 137, 139, 145, 151, 152, 164, 173, 174, 175, 176, 180, 183, 190, 191, 195, 196, 199, 200, 201, 203, 204, 205, 207, 208]",127,False,3.182722282947543e-05,-1.1556853727310518e-10,1.0609112799337568e-05,30.0
C4,687,687,467,220,2006,0.6797671033478894,0.1888394662353417,0.29556962025316463,cao2018,S01/061102n,all_channel,mean,mean__all_channel__C4,32,210,"[0, 1, 2, 3, 4, 5, 6, 7, 8, 9, 10, 11, 12, 13, 14, 15, 16, 17, 18, 19, 20, 21, 22, 23, 24, 25, 26, 27, 28, 29, 30, 31, 32, 33, 34, 35, 36, 37, 38, 39, 40, 41, 42, 43, 44, 45, 46, 47, 48, 49, 50, 51, 52, 53, 54, 55, 56, 57, 58, 59, 61, 62, 63, 64, 65, 66, 67, 68, 69, 70, 71, 72, 73, 74, 75, 76, 77, 78, 79, 80, 81, 82, 83, 84, 85, 86, 87, 88, 89, 90, 91, 92, 93, 94, 98, 100, 109, 110, 116, 117, 118, 127, 128, 137, 139, 145, 151, 152, 164, 173, 174, 175, 176, 180, 183, 190, 191, 195, 196, 199, 200, 201, 203, 204, 205, 207, 208]",127,False,2.51653078789063e-05,-3.0373040362548943e-09,8.389448394314184e-06,30.0
TP8,568,568,329,239,2144,0.579225352112676,0.13303679741205013,0.2163761920420914,cao2018,S01/061102n,all_channel,mean,mean__all_channel__TP8,32,210,"[0, 1, 2, 3, 4, 5, 6, 7, 8, 9, 10, 11, 12, 13, 14, 15, 16, 17, 18, 19, 20, 21, 22, 23, 24, 25, 26, 27, 28, 29, 30, 31, 32, 33, 34, 35, 36, 37, 38, 39, 40, 41, 42, 43, 44, 45, 46, 47, 48, 49, 50, 51, 52, 53, 54, 55, 56, 57, 58, 59, 61, 62, 63, 64, 65, 66, 67, 68, 69, 70, 71, 72, 73, 74, 75, 76, 77, 78, 79, 80, 81, 82, 83, 84, 85, 86, 87, 88, 89, 90, 91, 92, 93, 94, 98, 100, 109, 110, 116, 117, 118, 127, 128, 137, 139, 145, 151, 152, 164, 173, 174, 175, 176, 180, 183, 190, 191, 195, 196, 199, 200, 201, 203, 204, 205, 207, 208]",127,False,1.7263847121033945e-05,-1.1037697490998775e-08,5.7582949395083154e-06,30.0
CP4,481,481,301,180,2172,0.6257796257796258,0.12171451678123736,0.2037914691943128,cao2018,S01/061102n,all_channel,mean,mean__all_channel__CP4,32,210,"[0, 1, 2, 3, 4, 5, 6, 7, 8, 9, 10, 11, 12, 13, 14, 15, 16, 17, 18, 19, 20, 21, 22, 23, 24, 25, 26, 27, 28, 29, 30, 31, 32, 33, 34, 35, 36, 37, 38, 39, 40, 41, 42, 43, 44, 45, 46, 47, 48, 49, 50, 51, 52, 53, 54, 55, 56, 57, 58, 59, 61, 62, 63, 64, 65, 66, 67, 68, 69, 70, 71, 72, 73, 74, 75, 76, 77, 78, 79, 80, 81, 82, 83, 84, 85, 86, 87, 88, 89, 90, 91, 92, 93, 94, 98, 100, 109, 110, 116, 117, 118, 127, 128, 137, 139, 145, 151, 152, 164, 173, 174, 175, 176, 180, 183, 190, 191, 195, 196, 199, 200, 201, 203, 204, 205, 207, 208]",127,False,2.3274981318801193e-05,-5.315537028261345e-09,7.760098951943151e-06,30.0
A2,455,455,257,198,2216,0.5648351648351648,0.10392236150424586,0.1755464480874317,cao2018,S01/061102n,all_channel,mean,mean__all_channel__A2,32,210,"[0, 1, 2, 3, 4, 5, 6, 7, 8, 9, 10, 11, 12, 13, 14, 15, 16, 17, 18, 19, 20, 21, 22, 23, 24, 25, 26, 27, 28, 29, 30, 31, 32, 33, 34, 35, 36, 37, 38, 39, 40, 41, 42, 43, 44, 45, 46, 47, 48, 49, 50, 51, 52, 53, 54, 55, 56, 57, 58, 59, 61, 62, 63, 64, 65, 66, 67, 68, 69, 70, 71, 72, 73, 74, 75, 76, 77, 78, 79, 80, 81, 82, 83, 84, 85, 86, 87, 88, 89, 90, 91, 92, 93, 94, 98, 100, 109, 110, 116, 117, 118, 127, 128, 137, 139, 145, 151, 152, 164, 173, 174, 175, 176, 180, 183, 190, 191, 195, 196, 199, 200, 201, 203, 204, 205, 207, 208]",127,False,1.0569435281030136e-05,2.3409581918872334e-09,3.5223647742794165e-06,30.0
CZ,410,410,239,171,2234,0.5829268292682926,0.09664375252729479,0.1657995143947277,cao2018,S01/061102n,all_channel,mean,mean__all_channel__CZ,32,210,"[0, 1, 2, 3, 4, 5, 6, 7, 8, 9, 10, 11, 12, 13, 14, 15, 16, 17, 18, 19, 20, 21, 22, 23, 24, 25, 26, 27, 28, 29, 30, 31, 32, 33, 34, 35, 36, 37, 38, 39, 40, 41, 42, 43, 44, 45, 46, 47, 48, 49, 50, 51, 52, 53, 54, 55, 56, 57, 58, 59, 61, 62, 63, 64, 65, 66, 67, 68, 69, 70, 71, 72, 73, 74, 75, 76, 77, 78, 79, 80, 81, 82, 83, 84, 85, 86, 87, 88, 89, 90, 91, 92, 93, 94, 98, 100, 109, 110, 116, 117, 118, 127, 128, 137, 139, 145, 151, 152, 164, 173, 174, 175, 176, 180, 183, 190, 191, 195, 196, 199, 200, 201, 203, 204, 205, 207, 208]",127,False,2.786117639624259e-05,-3.317741256392413e-09,9.28816471249966e-06,30.0
C3,360,360,228,132,2245,0.6333333333333333,0.09219571370804691,0.16096011295446525,cao2018,S01/061102n,all_channel,mean,mean__all_channel__C3,32,210,"[0, 1, 2, 3, 4, 5, 6, 7, 8, 9, 10, 11, 12, 13, 14, 15, 16, 17, 18, 19, 20, 21, 22, 23, 24, 25, 26, 27, 28, 29, 30, 31, 32, 33, 34, 35, 36, 37, 38, 39, 40, 41, 42, 43, 44, 45, 46, 47, 48, 49, 50, 51, 52, 53, 54, 55, 56, 57, 58, 59, 61, 62, 63, 64, 65, 66, 67, 68, 69, 70, 71, 72, 73, 74, 75, 76, 77, 78, 79, 80, 81, 82, 83, 84, 85, 86, 87, 88, 89, 90, 91, 92, 93, 94, 98, 100, 109, 110, 116, 117, 118, 127, 128, 137, 139, 145, 151, 152, 164, 173, 174, 175, 176, 180, 183, 190, 191, 195, 196, 199, 200, 201, 203, 204, 205, 207, 208]",127,False,2.5384847208418437e-05,-5.4008989017276195e-09,8.463416035773388e-06,30.0
P4,347,347,200,147,2273,0.5763688760806917,0.08087343307723413,0.14184397163120566,cao2018,S01/061102n,all_channel,mean,mean__all_channel__P4,32,210,"[0, 1, 2, 3, 4, 5, 6, 7, 8, 9, 10, 11, 12, 13, 14, 15, 16, 17, 18, 19, 20, 21, 22, 23, 24, 25, 26, 27, 28, 29, 30, 31, 32, 33, 34, 35, 36, 37, 38, 39, 40, 41, 42, 43, 44, 45, 46, 47, 48, 49, 50, 51, 52, 53, 54, 55, 56, 57, 58, 59, 61, 62, 63, 64, 65, 66, 67, 68, 69, 70, 71, 72, 73, 74, 75, 76, 77, 78, 79, 80, 81, 82, 83, 84, 85, 86, 87, 88, 89, 90, 91, 92, 93, 94, 98, 100, 109, 110, 116, 117, 118, 127, 128, 137, 139, 145, 151, 152, 164, 173, 174, 175, 176, 180, 183, 190, 191, 195, 196, 199, 200, 201, 203, 204, 205, 207, 208]",127,False,2.119767738821795e-05,-8.714427568120545e-09,7.06879727192869e-06,30.0
T4,2016,2016,317,1699,2156,0.1572420634920635,0.12818439142741608,0.14123412786812206,cao2018,S01/061102n,all_channel,mean,mean__all_channel__T4,32,210,"[0, 1, 2, 3, 4, 5, 6, 7, 8, 9, 10, 11, 12, 13, 14, 15, 16, 17, 18, 19, 20, 21, 22, 23, 24, 25, 26, 27, 28, 29, 30, 31, 32, 33, 34, 35, 36, 37, 38, 39, 40, 41, 42, 43, 44, 45, 46, 47, 48, 49, 50, 51, 52, 53, 54, 55, 56, 57, 58, 59, 61, 62, 63, 64, 65, 66, 67, 68, 69, 70, 71, 72, 73, 74, 75, 76, 77, 78, 79, 80, 81, 82, 83, 84, 85, 86, 87, 88, 89, 90, 91, 92, 93, 94, 98, 100, 109, 110, 116, 117, 118, 127, 128, 137, 139, 145, 151, 152, 164, 173, 174, 175, 176, 180, 183, 190, 191, 195, 196, 199, 200, 201, 203, 204, 205, 207, 208]",127,False,1.7573198715917713e-05,-3.0550493737772057e-07,5.959567884431812e-06,30.0
T6,326,326,154,172,2319,0.4723926380368098,0.06227254346947028,0.1100392997499107,cao2018,S01/061102n,all_channel,mean,mean__all_channel__T6,32,210,"[0, 1, 2, 3, 4, 5, 6, 7, 8, 9, 10, 11, 12, 13, 14, 15, 16, 17, 18, 19, 20, 21, 22, 23, 24, 25, 26, 27, 28, 29, 30, 31, 32, 33, 34, 35, 36, 37, 38, 39, 40, 41, 42, 43, 44, 45, 46, 47, 48, 49, 50, 51, 52, 53, 54, 55, 56, 57, 58, 59, 61, 62, 63, 64, 65, 66, 67, 68, 69, 70, 71, 72, 73, 74, 75, 76, 77, 78, 79, 80, 81, 82, 83, 84, 85, 86, 87, 88, 89, 90, 91, 92, 93, 94, 98, 100, 109, 110, 116, 117, 118, 127, 128, 137, 139, 145, 151, 152, 164, 173, 174, 175, 176, 180, 183, 190, 191, 195, 196, 199, 200, 201, 203, 204, 205, 207, 208]",127,False,1.6695386422963952e-05,-1.0416089590637018e-08,5.568600837518197e-06,30.0
CPZ,258,258,118,140,2355,0.4573643410852713,0.04771532551556813,0.08641523251556205,cao2018,S01/061102n,all_channel,mean,mean__all_channel__CPZ,32,210,"[0, 1, 2, 3, 4, 5, 6, 7, 8, 9, 10, 11, 12, 13, 14, 15, 16, 17, 18, 19, 20, 21, 22, 23, 24, 25, 26, 27, 28, 29, 30, 31, 32, 33, 34, 35, 36, 37, 38, 39, 40, 41, 42, 43, 44, 45, 46, 47, 48, 49, 50, 51, 52, 53, 54, 55, 56, 57, 58, 59, 61, 62, 63, 64, 65, 66, 67, 68, 69, 70, 71, 72, 73, 74, 75, 76, 77, 78, 79, 80, 81, 82, 83, 84, 85, 86, 87, 88, 89, 90, 91, 92, 93, 94, 98, 100, 109, 110, 116, 117, 118, 127, 128, 137, 139, 145, 151, 152, 164, 173, 174, 175, 176, 180, 183, 190, 191, 195, 196, 199, 200, 201, 203, 204, 205, 207, 208]",127,False,2.4111991679088365e-05,-4.70587818230583e-09,8.038899185756891e-06,30.0
CP3,192,192,85,107,2388,0.4427083333333333,0.0343712090578245,0.06378986866791744,cao2018,S01/061102n,all_channel,mean,mean__all_channel__CP3,32,210,"[0, 1, 2, 3, 4, 5, 6, 7, 8, 9, 10, 11, 12, 13, 14, 15, 16, 17, 18, 19, 20, 21, 22, 23, 24, 25, 26, 27, 28, 29, 30, 31, 32, 33, 34, 35, 36, 37, 38, 39, 40, 41, 42, 43, 44, 45, 46, 47, 48, 49, 50, 51, 52, 53, 54, 55, 56, 57, 58, 59, 61, 62, 63, 64, 65, 66, 67, 68, 69, 70, 71, 72, 73, 74, 75, 76, 77, 78, 79, 80, 81, 82, 83, 84, 85, 86, 87, 88, 89, 90, 91, 92, 93, 94, 98, 100, 109, 110, 116, 117, 118, 127, 128, 137, 139, 145, 151, 152, 164, 173, 174, 175, 176, 180, 183, 190, 191, 195, 196, 199, 200, 201, 203, 204, 205, 207, 208]",127,False,2.1989238926514748e-05,-5.372900949223762e-09,7.3315372758213245e-06,30.0
PZ,197,197,74,123,2399,0.3756345177664975,0.029923170238576626,0.05543071161048689,cao2018,S01/061102n,all_channel,mean,mean__all_channel__PZ,32,210,"[0, 1, 2, 3, 4, 5, 6, 7, 8, 9, 10, 11, 12, 13, 14, 15, 16, 17, 18, 19, 20, 21, 22, 23, 24, 25, 26, 27, 28, 29, 30, 31, 32, 33, 34, 35, 36, 37, 38, 39, 40, 41, 42, 43, 44, 45, 46, 47, 48, 49, 50, 51, 52, 53, 54, 55, 56, 57, 58, 59, 61, 62, 63, 64, 65, 66, 67, 68, 69, 70, 71, 72, 73, 74, 75, 76, 77, 78, 79, 80, 81, 82, 83, 84, 85, 86, 87, 88, 89, 90, 91, 92, 93, 94, 98, 100, 109, 110, 116, 117, 118, 127, 128, 137, 139, 145, 151, 152, 164, 173, 174, 175, 176, 180, 183, 190, 191, 195, 196, 199, 200, 201, 203, 204, 205, 207, 208]",127,False,2.178299360993754e-05,-9.43788987963404e-09,7.264143833272391e-06,30.0
P3,161,161,59,102,2414,0.36645962732919257,0.023857662757784066,0.044798785117691725,cao2018,S01/061102n,all_channel,mean,mean__all_channel__P3,32,210,"[0, 1, 2, 3, 4, 5, 6, 7, 8, 9, 10, 11, 12, 13, 14, 15, 16, 17, 18, 19, 20, 21, 22, 23, 24, 25, 26, 27, 28, 29, 30, 31, 32, 33, 34, 35, 36, 37, 38, 39, 40, 41, 42, 43, 44, 45, 46, 47, 48, 49, 50, 51, 52, 53, 54, 55, 56, 57, 58, 59, 61, 62, 63, 64, 65, 66, 67, 68, 69, 70, 71, 72, 73, 74, 75, 76, 77, 78, 79, 80, 81, 82, 83, 84, 85, 86, 87, 88, 89, 90, 91, 92, 93, 94, 98, 100, 109, 110, 116, 117, 118, 127, 128, 137, 139, 145, 151, 152, 164, 173, 174, 175, 176, 180, 183, 190, 191, 195, 196, 199, 200, 201, 203, 204, 205, 207, 208]",127,False,2.0085809754392898e-05,-7.4048345281141346e-09,6.697738196307005e-06,30.0
TP7,1050,1050,67,983,2406,0.06380952380952382,0.027092600080873434,0.03803576497303434,cao2018,S01/061102n,all_channel,mean,mean__all_channel__TP7,32,210,"[0, 1, 2, 3, 4, 5, 6, 7, 8, 9, 10, 11, 12, 13, 14, 15, 16, 17, 18, 19, 20, 21, 22, 23, 24, 25, 26, 27, 28, 29, 30, 31, 32, 33, 34, 35, 36, 37, 38, 39, 40, 41, 42, 43, 44, 45, 46, 47, 48, 49, 50, 51, 52, 53, 54, 55, 56, 57, 58, 59, 61, 62, 63, 64, 65, 66, 67, 68, 69, 70, 71, 72, 73, 74, 75, 76, 77, 78, 79, 80, 81, 82, 83, 84, 85, 86, 87, 88, 89, 90, 91, 92, 93, 94, 98, 100, 109, 110, 116, 117, 118, 127, 128, 137, 139, 145, 151, 152, 164, 173, 174, 175, 176, 180, 183, 190, 191, 195, 196, 199, 200, 201, 203, 204, 205, 207, 208]",127,False,2.0521989656427567e-05,-5.0631387388340915e-08,6.857540347938635e-06,30.0
A1,215,215,29,186,2444,0.13488372093023257,0.011726647796198949,0.021577380952380952,cao2018,S01/061102n,all_channel,mean,mean__all_channel__A1,32,210,"[0, 1, 2, 3, 4, 5, 6, 7, 8, 9, 10, 11, 12, 13, 14, 15, 16, 17, 18, 19, 20, 21, 22, 23, 24, 25, 26, 27, 28, 29, 30, 31, 32, 33, 34, 35, 36, 37, 38, 39, 40, 41, 42, 43, 44, 45, 46, 47, 48, 49, 50, 51, 52, 53, 54, 55, 56, 57, 58, 59, 61, 62, 63, 64, 65, 66, 67, 68, 69, 70, 71, 72, 73, 74, 75, 76, 77, 78, 79, 80, 81, 82, 83, 84, 85, 86, 87, 88, 89, 90, 91, 92, 93, 94, 98, 100, 109, 110, 116, 117, 118, 127, 128, 137, 139, 145, 151, 152, 164, 173, 174, 175, 176, 180, 183, 190, 191, 195, 196, 199, 200, 201, 203, 204, 205, 207, 208]",127,False,1.0564440193406371e-05,-2.3473607962876427e-09,3.522262518067553e-06,30.0
O2,148,148,28,120,2445,0.1891891891891892,0.011322280630812778,0.021365890881342997,cao2018,S01/061102n,all_channel,mean,mean__all_channel__O2,32,210,"[0, 1, 2, 3, 4, 5, 6, 7, 8, 9, 10, 11, 12, 13, 14, 15, 16, 17, 18, 19, 20, 21, 22, 23, 24, 25, 26, 27, 28, 29, 30, 31, 32, 33, 34, 35, 36, 37, 38, 39, 40, 41, 42, 43, 44, 45, 46, 47, 48, 49, 50, 51, 52, 53, 54, 55, 56, 57, 58, 59, 61, 62, 63, 64, 65, 66, 67, 68, 69, 70, 71, 72, 73, 74, 75, 76, 77, 78, 79, 80, 81, 82, 83, 84, 85, 86, 87, 88, 89, 90, 91, 92, 93, 94, 98, 100, 109, 110, 116, 117, 118, 127, 128, 137, 139, 145, 151, 152, 164, 173, 174, 175, 176, 180, 183, 190, 191, 195, 196, 199, 200, 201, 203, 204, 205, 207, 208]",127,False,1.7837857746283525e-05,-1.2878565442536505e-08,5.95024543724202e-06,30.0
T5,141,141,25,116,2448,0.1773049645390071,0.010109179134654266,0.01912777352716144,cao2018,S01/061102n,all_channel,mean,mean__all_channel__T5,32,210,"[0, 1, 2, 3, 4, 5, 6, 7, 8, 9, 10, 11, 12, 13, 14, 15, 16, 17, 18, 19, 20, 21, 22, 23, 24, 25, 26, 27, 28, 29, 30, 31, 32, 33, 34, 35, 36, 37, 38, 39, 40, 41, 42, 43, 44, 45, 46, 47, 48, 49, 50, 51, 52, 53, 54, 55, 56, 57, 58, 59, 61, 62, 63, 64, 65, 66, 67, 68, 69, 70, 71, 72, 73, 74, 75, 76, 77, 78, 79, 80, 81, 82, 83, 84, 85, 86, 87, 88, 89, 90, 91, 92, 93, 94, 98, 100, 109, 110, 116, 117, 118, 127, 128, 137, 139, 145, 151, 152, 164, 173, 174, 175, 176, 180, 183, 190, 191, 195, 196, 199, 200, 201, 203, 204, 205, 207, 208]",127,False,1.5551994170776184e-05,-6.99714535362617e-09,5.186330438709937e-06,30.0
OZ,146,146,20,126,2453,0.136986301369863,0.008087343307723413,0.015273004963726612,cao2018,S01/061102n,all_channel,mean,mean__all_channel__OZ,32,210,"[0, 1, 2, 3, 4, 5, 6, 7, 8, 9, 10, 11, 12, 13, 14, 15, 16, 17, 18, 19, 20, 21, 22, 23, 24, 25, 26, 27, 28, 29, 30, 31, 32, 33, 34, 35, 36, 37, 38, 39, 40, 41, 42, 43, 44, 45, 46, 47, 48, 49, 50, 51, 52, 53, 54, 55, 56, 57, 58, 59, 61, 62, 63, 64, 65, 66, 67, 68, 69, 70, 71, 72, 73, 74, 75, 76, 77, 78, 79, 80, 81, 82, 83, 84, 85, 86, 87, 88, 89, 90, 91, 92, 93, 94, 98, 100, 109, 110, 116, 117, 118, 127, 128, 137, 139, 145, 151, 152, 164, 173, 174, 175, 176, 180, 183, 190, 191, 195, 196, 199, 200, 201, 203, 204, 205, 207, 208]",127,False,1.676656332398239e-05,-9.657317087108127e-09,5.592073547023166e-06,30.0
O1,134,134,13,121,2460,0.09701492537313433,0.005256773150020219,0.009973149213655544,cao2018,S01/061102n,all_channel,mean,mean__all_channel__O1,32,210,"[0, 1, 2, 3, 4, 5, 6, 7, 8, 9, 10, 11, 12, 13, 14, 15, 16, 17, 18, 19, 20, 21, 22, 23, 24, 25, 26, 27, 28, 29, 30, 31, 32, 33, 34, 35, 36, 37, 38, 39, 40, 41, 42, 43, 44, 45, 46, 47, 48, 49, 50, 51, 52, 53, 54, 55, 56, 57, 58, 59, 61, 62, 63, 64, 65, 66, 67, 68, 69, 70, 71, 72, 73, 74, 75, 76, 77, 78, 79, 80, 81, 82, 83, 84, 85, 86, 87, 88, 89, 90, 91, 92, 93, 94, 98, 100, 109, 110, 116, 117, 118, 127, 128, 137, 139, 145, 151, 152, 164, 173, 174, 175, 176, 180, 183, 190, 191, 195, 196, 199, 200, 201, 203, 204, 205, 207, 208]",127,False,1.7509683591744853e-05,-6.850510068310401e-09,5.8388447006043875e-06,30.0
FP1,2661,2661,2364,297,109,0.8883878241262683,0.9559239789729074,0.9209193611219322,cao2018,S01/061102n,frontal,median,median__frontal__FP1,4,210,"[0, 1, 3, 6, 8, 9, 10, 12, 14, 15, 16, 19, 20, 21, 22, 23, 24, 25, 28, 30, 31, 32, 37, 38, 43, 44, 46, 49, 52, 54, 55, 57, 58, 63, 65, 69, 73, 75, 76, 77, 79, 83, 84, 85, 86, 87, 91, 93, 94, 100, 109, 110, 117, 118, 127, 128, 137, 139, 145, 151, 152, 164, 175, 176, 180, 183, 191, 195, 196, 199, 200, 201, 203, 204, 205, 207, 208]",77,False,5.4782650968156554e-05,-5.311363136558586e-06,2.003133803490505e-05,30.0
FP2,2124,2124,1864,260,609,0.8775894538606404,0.753740396279822,0.8109636719599739,cao2018,S01/061102n,frontal,median,median__frontal__FP2,4,210,"[0, 1, 3, 6, 8, 9, 10, 12, 14, 15, 16, 19, 20, 21, 22, 23, 24, 25, 28, 30, 31, 32, 37, 38, 43, 44, 46, 49, 52, 54, 55, 57, 58, 63, 65, 69, 73, 75, 76, 77, 79, 83, 84, 85, 86, 87, 91, 93, 94, 100, 109, 110, 117, 118, 127, 128, 137, 139, 145, 151, 152, 164, 175, 176, 180, 183, 191, 195, 196, 199, 200, 201, 203, 204, 205, 207, 208]",77,False,4.570087548268195e-05,-3.2100378068590285e-06,1.6303637763180326e-05,30.0
F3,1607,1607,1382,225,1091,0.8599875544492844,0.5588354225636878,0.6774509803921568,cao2018,S01/061102n,frontal,median,median__frontal__F3,4,210,"[0, 1, 3, 6, 8, 9, 10, 12, 14, 15, 16, 19, 20, 21, 22, 23, 24, 25, 28, 30, 31, 32, 37, 38, 43, 44, 46, 49, 52, 54, 55, 57, 58, 63, 65, 69, 73, 75, 76, 77, 79, 83, 84, 85, 86, 87, 91, 93, 94, 100, 109, 110, 117, 118, 127, 128, 137, 139, 145, 151, 152, 164, 175, 176, 180, 183, 191, 195, 196, 199, 200, 201, 203, 204, 205, 207, 208]",77,False,3.926773055691818e-05,-2.0728222427756313e-06,1.3780184266564604e-05,30.0
F4,1020,1020,739,281,1734,0.7245098039215686,0.29882733522038013,0.42313197824219867,cao2018,S01/061102n,frontal,median,median__frontal__F4,4,210,"[0, 1, 3, 6, 8, 9, 10, 12, 14, 15, 16, 19, 20, 21, 22, 23, 24, 25, 28, 30, 31, 32, 37, 38, 43, 44, 46, 49, 52, 54, 55, 57, 58, 63, 65, 69, 73, 75, 76, 77, 79, 83, 84, 85, 86, 87, 91, 93, 94, 100, 109, 110, 117, 118, 127, 128, 137, 139, 145, 151, 152, 164, 175, 176, 180, 183, 191, 195, 196, 199, 200, 201, 203, 204, 205, 207, 208]",77,False,3.418255878090706e-05,-1.0177147394589083e-06,1.1733424506788656e-05,30.0
FP1,2519,2519,2287,232,186,0.907899960301707,0.9247877072381723,0.9162660256410257,cao2018,S01/061102n,frontal,mean,mean__frontal__FP1,4,210,"[0, 1, 3, 6, 8, 9, 10, 12, 14, 15, 16, 19, 20, 21, 22, 23, 24, 25, 28, 30, 31, 32, 37, 38, 43, 44, 46, 49, 52, 54, 55, 57, 58, 63, 65, 69, 73, 75, 76, 77, 79, 83, 84, 85, 86, 87, 91, 93, 94, 100, 109, 110, 117, 118, 127, 128, 137, 139, 145, 151, 152, 164, 175, 176, 180, 183, 191, 195, 196, 199, 200, 201, 203, 204, 205, 207, 208]",77,False,6.001255382361825e-05,-8.146028109689229e-08,2.003133803490505e-05,30.0
FP2,1973,1973,1747,226,726,0.88545362392296,0.7064294379296401,0.7858749437696807,cao2018,S01/061102n,frontal,mean,mean__frontal__FP2,4,210,"[0, 1, 3, 6, 8, 9, 10, 12, 14, 15, 16, 19, 20, 21, 22, 23, 24, 25, 28, 30, 31, 32, 37, 38, 43, 44, 46, 49, 52, 54, 55, 57, 58, 63, 65, 69, 73, 75, 76, 77, 79, 83, 84, 85, 86, 87, 91, 93, 94, 100, 109, 110, 117, 118, 127, 128, 137, 139, 145, 151, 152, 164, 175, 176, 180, 183, 191, 195, 196, 199, 200, 201, 203, 204, 205, 207, 208]",77,False,4.8902109936657576e-05,-8.80335288339968e-09,1.6303637763180326e-05,30.0
F3,1442,1442,1227,215,1246,0.8509015256588072,0.49615851192883137,0.6268199233716475,cao2018,S01/061102n,frontal,mean,mean__frontal__F3,4,210,"[0, 1, 3, 6, 8, 9, 10, 12, 14, 15, 16, 19, 20, 21, 22, 23, 24, 25, 28, 30, 31, 32, 37, 38, 43, 44, 46, 49, 52, 54, 55, 57, 58, 63, 65, 69, 73, 75, 76, 77, 79, 83, 84, 85, 86, 87, 91, 93, 94, 100, 109, 110, 117, 118, 127, 128, 137, 139, 145, 151, 152, 164, 175, 176, 180, 183, 191, 195, 196, 199, 200, 201, 203, 204, 205, 207, 208]",77,False,4.118441397729956e-05,-1.5613882239425298e-07,1.3780184266564604e-05,30.0
F4,969,969,700,269,1773,0.7223942208462333,0.28305701577031944,0.4067402672864614,cao2018,S01/061102n,frontal,mean,mean__frontal__F4,4,210,"[0, 1, 3, 6, 8, 9, 10, 12, 14, 15, 16, 19, 20, 21, 22, 23, 24, 25, 28, 30, 31, 32, 37, 38, 43, 44, 46, 49, 52, 54, 55, 57, 58, 63, 65, 69, 73, 75, 76, 77, 79, 83, 84, 85, 86, 87, 91, 93, 94, 100, 109, 110, 117, 118, 127, 128, 137, 139, 145, 151, 152, 164, 175, 176, 180, 183, 191, 195, 196, 199, 200, 201, 203, 204, 205, 207, 208]",77,False,3.5448990880461785e-05,2.487173600958108e-07,1.1733424506788656e-05,30.0
FP1,2574,2574,2318,256,155,0.9005439005439005,0.9373230893651435,0.9185654844462057,cao2018,S01/061102n,frontal_left,median,median__frontal_left__FP1,2,210,"[1, 3, 9, 10, 12, 14, 15, 16, 19, 20, 21, 22, 23, 24, 25, 28, 30, 31, 32, 38, 43, 44, 46, 49, 52, 54, 55, 57, 58, 63, 69, 73, 76, 77, 83, 85, 86, 91, 93, 94, 100, 110, 117, 118, 127, 139, 152, 164, 175, 176, 180, 183, 191, 200, 201, 203, 204, 205, 207, 208]",60,False,5.798251104609766e-05,-5.252288984268134e-06,2.1078266676788596e-05,30.0
F3,1401,1401,1191,210,1282,0.8501070663811563,0.48160129397492923,0.6148683531233866,cao2018,S01/061102n,frontal_left,median,median__frontal_left__F3,2,210,"[1, 3, 9, 10, 12, 14, 15, 16, 19, 20, 21, 22, 23, 24, 25, 28, 30, 31, 32, 38, 43, 44, 46, 49, 52, 54, 55, 57, 58, 63, 69, 73, 76, 77, 83, 85, 86, 91, 93, 94, 100, 110, 117, 118, 127, 139, 152, 164, 175, 176, 180, 183, 191, 200, 201, 203, 204, 205, 207, 208]",60,False,4.166581689741022e-05,-2.033114123067239e-06,1.4566310340159152e-05,30.0
FP1,2447,2447,2225,222,248,0.9092766653044544,0.8997169429842297,0.9044715447154471,cao2018,S01/061102n,frontal_left,mean,mean__frontal_left__FP1,2,210,"[1, 3, 9, 10, 12, 14, 15, 16, 19, 20, 21, 22, 23, 24, 25, 28, 30, 31, 32, 38, 43, 44, 46, 49, 52, 54, 55, 57, 58, 63, 69, 73, 76, 77, 83, 85, 86, 91, 93, 94, 100, 110, 117, 118, 127, 139, 152, 164, 175, 176, 180, 183, 191, 200, 201, 203, 204, 205, 207, 208]",60,False,6.31362547264408e-05,-9.854530392499004e-08,2.1078266676788596e-05,30.0
F3,1249,1249,1050,199,1423,0.8406725380304243,0.4245855236554792,0.5642127888232134,cao2018,S01/061102n,frontal_left,mean,mean__frontal_left__F3,2,210,"[1, 3, 9, 10, 12, 14, 15, 16, 19, 20, 21, 22, 23, 24, 25, 28, 30, 31, 32, 38, 43, 44, 46, 49, 52, 54, 55, 57, 58, 63, 69, 73, 76, 77, 83, 85, 86, 91, 93, 94, 100, 110, 117, 118, 127, 139, 152, 164, 175, 176, 180, 183, 191, 200, 201, 203, 204, 205, 207, 208]",60,False,4.350432594180338e-05,-1.9460507867407123e-07,1.4566310340159152e-05,30.0
FP2,2115,2115,1856,259,617,0.8775413711583925,0.7505054589567327,0.8090671316477768,cao2018,S01/061102n,frontal_right,median,median__frontal_right__FP2,2,210,"[0, 1, 3, 6, 8, 9, 10, 12, 14, 15, 16, 19, 20, 21, 22, 24, 25, 28, 30, 31, 32, 37, 43, 44, 46, 49, 52, 55, 57, 58, 65, 69, 73, 75, 76, 77, 79, 83, 84, 85, 86, 87, 91, 93, 94, 100, 109, 117, 118, 127, 128, 137, 139, 145, 151, 152, 164, 175, 176, 183, 191, 195, 196, 199, 200, 201, 203, 204, 205, 207, 208]",71,False,4.606918569790755e-05,-3.3138847274257254e-06,1.646102347511109e-05,30.0
F4,1016,1016,738,278,1735,0.7263779527559056,0.2984229680549939,0.4230438521066208,cao2018,S01/061102n,frontal_right,median,median__frontal_right__F4,2,210,"[0, 1, 3, 6, 8, 9, 10, 12, 14, 15, 16, 19, 20, 21, 22, 24, 25, 28, 30, 31, 32, 37, 43, 44, 46, 49, 52, 55, 57, 58, 65, 69, 73, 75, 76, 77, 79, 83, 84, 85, 86, 87, 91, 93, 94, 100, 109, 117, 118, 127, 128, 137, 139, 145, 151, 152, 164, 175, 176, 183, 191, 195, 196, 199, 200, 201, 203, 204, 205, 207, 208]",71,False,3.4218159080192226e-05,-1.0447859300753935e-06,1.175431500342254e-05,30.0
FP2,1951,1951,1730,221,743,0.8867247565351102,0.6995551961180753,0.7820976491862568,cao2018,S01/061102n,frontal_right,mean,mean__frontal_right__FP2,2,210,"[0, 1, 3, 6, 8, 9, 10, 12, 14, 15, 16, 19, 20, 21, 22, 24, 25, 28, 30, 31, 32, 37, 43, 44, 46, 49, 52, 55, 57, 58, 65, 69, 73, 75, 76, 77, 79, 83, 84, 85, 86, 87, 91, 93, 94, 100, 109, 117, 118, 127, 128, 137, 139, 145, 151, 152, 164, 175, 176, 183, 191, 195, 196, 199, 200, 201, 203, 204, 205, 207, 208]",71,False,4.938441499987606e-05,1.3445745427844897e-09,1.646102347511109e-05,30.0
F4,967,967,700,267,1773,0.7238883143743536,0.28305701577031944,0.40697674418604646,cao2018,S01/061102n,frontal_right,mean,mean__frontal_right__F4,2,210,"[0, 1, 3, 6, 8, 9, 10, 12, 14, 15, 16, 19, 20, 21, 22, 24, 25, 28, 30, 31, 32, 37, 43, 44, 46, 49, 52, 55, 57, 58, 65, 69, 73, 75, 76, 77, 79, 83, 84, 85, 86, 87, 91, 93, 94, 100, 109, 117, 118, 127, 128, 137, 139, 145, 151, 152, 164, 175, 176, 183, 191, 195, 196, 199, 200, 201, 203, 204, 205, 207, 208]",71,False,3.551645055093462e-05,2.5350554066700215e-07,1.175431500342254e-05,30.0
FP1,2795,2795,2417,378,46,0.8647584973166369,0.9813235891189607,0.9193609737542793,cao2018,S01/061102n,all_channel,median,median__all_channel__FP1,32,157,"[0, 1, 2, 3, 4, 5, 6, 7, 8, 9, 10, 11, 12, 13, 14, 15, 16, 17, 18, 19, 20, 21, 22, 23, 24, 25, 26, 27, 28, 29, 30, 31, 32, 33, 34, 35, 36, 37, 38, 39, 40, 41, 42, 43, 44, 46, 47, 48, 49, 50, 51, 52, 53, 54, 55, 56, 57, 58, 59, 60, 61, 62, 63, 64, 65, 66, 67, 68, 69, 70, 75, 82, 87, 88, 89, 96, 102, 104, 109, 113, 114, 130, 132, 137, 143, 147, 149, 150, 152, 153]",90,False,4.7434145326285504e-05,-3.722625514788512e-06,1.7052256947024674e-05,40.0
FP2,2310,2310,1997,313,466,0.8645021645021645,0.8107998375964272,0.8367902786507437,cao2018,S01/061102n,all_channel,median,median__all_channel__FP2,32,157,"[0, 1, 2, 3, 4, 5, 6, 7, 8, 9, 10, 11, 12, 13, 14, 15, 16, 17, 18, 19, 20, 21, 22, 23, 24, 25, 26, 27, 28, 29, 30, 31, 32, 33, 34, 35, 36, 37, 38, 39, 40, 41, 42, 43, 44, 46, 47, 48, 49, 50, 51, 52, 53, 54, 55, 56, 57, 58, 59, 60, 61, 62, 63, 64, 65, 66, 67, 68, 69, 70, 75, 82, 87, 88, 89, 96, 102, 104, 109, 113, 114, 130, 132, 137, 143, 147, 149, 150, 152, 153]",90,False,4.1092039960577896e-05,-2.3553564479426325e-06,1.4482465469506842e-05,40.0
F3,1957,1957,1683,274,780,0.8599897802759325,0.6833130328867235,0.7615384615384615,cao2018,S01/061102n,all_channel,median,median__all_channel__F3,32,157,"[0, 1, 2, 3, 4, 5, 6, 7, 8, 9, 10, 11, 12, 13, 14, 15, 16, 17, 18, 19, 20, 21, 22, 23, 24, 25, 26, 27, 28, 29, 30, 31, 32, 33, 34, 35, 36, 37, 38, 39, 40, 41, 42, 43, 44, 46, 47, 48, 49, 50, 51, 52, 53, 54, 55, 56, 57, 58, 59, 60, 61, 62, 63, 64, 65, 66, 67, 68, 69, 70, 75, 82, 87, 88, 89, 96, 102, 104, 109, 113, 114, 130, 132, 137, 143, 147, 149, 150, 152, 153]",90,False,3.54965721049329e-05,-1.5254505871410416e-06,1.2340674230691313e-05,40.0
FZ,1386,1386,1151,235,1312,0.8304473304473304,0.46731628095818106,0.5980774227071967,cao2018,S01/061102n,all_channel,median,median__all_channel__FZ,32,157,"[0, 1, 2, 3, 4, 5, 6, 7, 8, 9, 10, 11, 12, 13, 14, 15, 16, 17, 18, 19, 20, 21, 22, 23, 24, 25, 26, 27, 28, 29, 30, 31, 32, 33, 34, 35, 36, 37, 38, 39, 40, 41, 42, 43, 44, 46, 47, 48, 49, 50, 51, 52, 53, 54, 55, 56, 57, 58, 59, 60, 61, 62, 63, 64, 65, 66, 67, 68, 69, 70, 75, 82, 87, 88, 89, 96, 102, 104, 109, 113, 114, 130, 132, 137, 143, 147, 149, 150, 152, 153]",90,False,3.32086892663805e-05,-1.062424709535531e-06,1.1423704658638677e-05,40.0
F8,1320,1320,991,329,1472,0.7507575757575757,0.40235485180673974,0.5239228125826064,cao2018,S01/061102n,all_channel,median,median__all_channel__F8,32,157,"[0, 1, 2, 3, 4, 5, 6, 7, 8, 9, 10, 11, 12, 13, 14, 15, 16, 17, 18, 19, 20, 21, 22, 23, 24, 25, 26, 27, 28, 29, 30, 31, 32, 33, 34, 35, 36, 37, 38, 39, 40, 41, 42, 43, 44, 46, 47, 48, 49, 50, 51, 52, 53, 54, 55, 56, 57, 58, 59, 60, 61, 62, 63, 64, 65, 66, 67, 68, 69, 70, 75, 82, 87, 88, 89, 96, 102, 104, 109, 113, 114, 130, 132, 137, 143, 147, 149, 150, 152, 153]",90,False,2.962641701939198e-05,-8.31325991956656e-07,1.015258100378288e-05,40.0
F7,1182,1182,930,252,1533,0.7868020304568528,0.37758830694275275,0.5102880658436214,cao2018,S01/061102n,all_channel,median,median__all_channel__F7,32,157,"[0, 1, 2, 3, 4, 5, 6, 7, 8, 9, 10, 11, 12, 13, 14, 15, 16, 17, 18, 19, 20, 21, 22, 23, 24, 25, 26, 27, 28, 29, 30, 31, 32, 33, 34, 35, 36, 37, 38, 39, 40, 41, 42, 43, 44, 46, 47, 48, 49, 50, 51, 52, 53, 54, 55, 56, 57, 58, 59, 60, 61, 62, 63, 64, 65, 66, 67, 68, 69, 70, 75, 82, 87, 88, 89, 96, 102, 104, 109, 113, 114, 130, 132, 137, 143, 147, 149, 150, 152, 153]",90,False,2.6391631758034956e-05,-8.154983615123244e-07,9.069043373182427e-06,40.0
FC4,1105,1105,838,267,1625,0.7583710407239819,0.340235485180674,0.4697309417040359,cao2018,S01/061102n,all_channel,median,median__all_channel__FC4,32,157,"[0, 1, 2, 3, 4, 5, 6, 7, 8, 9, 10, 11, 12, 13, 14, 15, 16, 17, 18, 19, 20, 21, 22, 23, 24, 25, 26, 27, 28, 29, 30, 31, 32, 33, 34, 35, 36, 37, 38, 39, 40, 41, 42, 43, 44, 46, 47, 48, 49, 50, 51, 52, 53, 54, 55, 56, 57, 58, 59, 60, 61, 62, 63, 64, 65, 66, 67, 68, 69, 70, 75, 82, 87, 88, 89, 96, 102, 104, 109, 113, 114, 130, 132, 137, 143, 147, 149, 150, 152, 153]",90,False,2.959886547413892e-05,-7.248977548930405e-07,1.0107921076343987e-05,40.0
F4,1159,1159,836,323,1627,0.7213114754098361,0.339423467316281,0.4616234124792932,cao2018,S01/061102n,all_channel,median,median__all_channel__F4,32,157,"[0, 1, 2, 3, 4, 5, 6, 7, 8, 9, 10, 11, 12, 13, 14, 15, 16, 17, 18, 19, 20, 21, 22, 23, 24, 25, 26, 27, 28, 29, 30, 31, 32, 33, 34, 35, 36, 37, 38, 39, 40, 41, 42, 43, 44, 46, 47, 48, 49, 50, 51, 52, 53, 54, 55, 56, 57, 58, 59, 60, 61, 62, 63, 64, 65, 66, 67, 68, 69, 70, 75, 82, 87, 88, 89, 96, 102, 104, 109, 113, 114, 130, 132, 137, 143, 147, 149, 150, 152, 153]",90,False,3.131729663445624e-05,-7.664971280437274e-07,1.0694597920833321e-05,40.0
FT7,1014,1014,777,237,1686,0.7662721893491125,0.315468940316687,0.44693701466781705,cao2018,S01/061102n,all_channel,median,median__all_channel__FT7,32,157,"[0, 1, 2, 3, 4, 5, 6, 7, 8, 9, 10, 11, 12, 13, 14, 15, 16, 17, 18, 19, 20, 21, 22, 23, 24, 25, 26, 27, 28, 29, 30, 31, 32, 33, 34, 35, 36, 37, 38, 39, 40, 41, 42, 43, 44, 46, 47, 48, 49, 50, 51, 52, 53, 54, 55, 56, 57, 58, 59, 60, 61, 62, 63, 64, 65, 66, 67, 68, 69, 70, 75, 82, 87, 88, 89, 96, 102, 104, 109, 113, 114, 130, 132, 137, 143, 147, 149, 150, 152, 153]",90,False,2.573960806753938e-05,-7.295796896331341e-07,8.823062585724172e-06,40.0
FT8,967,967,690,277,1773,0.7135470527404343,0.2801461632155907,0.40233236151603496,cao2018,S01/061102n,all_channel,median,median__all_channel__FT8,32,157,"[0, 1, 2, 3, 4, 5, 6, 7, 8, 9, 10, 11, 12, 13, 14, 15, 16, 17, 18, 19, 20, 21, 22, 23, 24, 25, 26, 27, 28, 29, 30, 31, 32, 33, 34, 35, 36, 37, 38, 39, 40, 41, 42, 43, 44, 46, 47, 48, 49, 50, 51, 52, 53, 54, 55, 56, 57, 58, 59, 60, 61, 62, 63, 64, 65, 66, 67, 68, 69, 70, 75, 82, 87, 88, 89, 96, 102, 104, 109, 113, 114, 130, 132, 137, 143, 147, 149, 150, 152, 153]",90,False,2.408937779517167e-05,-4.256037048797418e-07,8.171660500017136e-06,40.0
T3,891,891,666,225,1797,0.7474747474747475,0.27040194884287455,0.3971377459749553,cao2018,S01/061102n,all_channel,median,median__all_channel__T3,32,157,"[0, 1, 2, 3, 4, 5, 6, 7, 8, 9, 10, 11, 12, 13, 14, 15, 16, 17, 18, 19, 20, 21, 22, 23, 24, 25, 26, 27, 28, 29, 30, 31, 32, 33, 34, 35, 36, 37, 38, 39, 40, 41, 42, 43, 44, 46, 47, 48, 49, 50, 51, 52, 53, 54, 55, 56, 57, 58, 59, 60, 61, 62, 63, 64, 65, 66, 67, 68, 69, 70, 75, 82, 87, 88, 89, 96, 102, 104, 109, 113, 114, 130, 132, 137, 143, 147, 149, 150, 152, 153]",90,False,2.511615234922993e-05,-6.830052964405345e-07,8.599719215223488e-06,40.0
FC3,822,822,648,174,1815,0.7883211678832117,0.2630937880633374,0.3945205479452055,cao2018,S01/061102n,all_channel,median,median__all_channel__FC3,32,157,"[0, 1, 2, 3, 4, 5, 6, 7, 8, 9, 10, 11, 12, 13, 14, 15, 16, 17, 18, 19, 20, 21, 22, 23, 24, 25, 26, 27, 28, 29, 30, 31, 32, 33, 34, 35, 36, 37, 38, 39, 40, 41, 42, 43, 44, 46, 47, 48, 49, 50, 51, 52, 53, 54, 55, 56, 57, 58, 59, 60, 61, 62, 63, 64, 65, 66, 67, 68, 69, 70, 75, 82, 87, 88, 89, 96, 102, 104, 109, 113, 114, 130, 132, 137, 143, 147, 149, 150, 152, 153]",90,False,2.866165999008301e-05,-7.212264263864966e-07,9.794295472156502e-06,40.0
FCZ,749,749,539,210,1924,0.719626168224299,0.21883881445391798,0.3356164383561644,cao2018,S01/061102n,all_channel,median,median__all_channel__FCZ,32,157,"[0, 1, 2, 3, 4, 5, 6, 7, 8, 9, 10, 11, 12, 13, 14, 15, 16, 17, 18, 19, 20, 21, 22, 23, 24, 25, 26, 27, 28, 29, 30, 31, 32, 33, 34, 35, 36, 37, 38, 39, 40, 41, 42, 43, 44, 46, 47, 48, 49, 50, 51, 52, 53, 54, 55, 56, 57, 58, 59, 60, 61, 62, 63, 64, 65, 66, 67, 68, 69, 70, 75, 82, 87, 88, 89, 96, 102, 104, 109, 113, 114, 130, 132, 137, 143, 147, 149, 150, 152, 153]",90,False,3.108503947639998e-05,-5.556518157537119e-07,1.0546897097384563e-05,40.0
C4,707,707,484,223,1979,0.6845827439886846,0.19650832318311004,0.3053627760252366,cao2018,S01/061102n,all_channel,median,median__all_channel__C4,32,157,"[0, 1, 2, 3, 4, 5, 6, 7, 8, 9, 10, 11, 12, 13, 14, 15, 16, 17, 18, 19, 20, 21, 22, 23, 24, 25, 26, 27, 28, 29, 30, 31, 32, 33, 34, 35, 36, 37, 38, 39, 40, 41, 42, 43, 44, 46, 47, 48, 49, 50, 51, 52, 53, 54, 55, 56, 57, 58, 59, 60, 61, 62, 63, 64, 65, 66, 67, 68, 69, 70, 75, 82, 87, 88, 89, 96, 102, 104, 109, 113, 114, 130, 132, 137, 143, 147, 149, 150, 152, 153]",90,False,2.466362125696775e-05,-4.244414407415009e-07,8.362687565903083e-06,40.0
TP8,585,585,336,249,2127,0.5743589743589743,0.1364190012180268,0.22047244094488186,cao2018,S01/061102n,all_channel,median,median__all_channel__TP8,32,157,"[0, 1, 2, 3, 4, 5, 6, 7, 8, 9, 10, 11, 12, 13, 14, 15, 16, 17, 18, 19, 20, 21, 22, 23, 24, 25, 26, 27, 28, 29, 30, 31, 32, 33, 34, 35, 36, 37, 38, 39, 40, 41, 42, 43, 44, 46, 47, 48, 49, 50, 51, 52, 53, 54, 55, 56, 57, 58, 59, 60, 61, 62, 63, 64, 65, 66, 67, 68, 69, 70, 75, 82, 87, 88, 89, 96, 102, 104, 109, 113, 114, 130, 132, 137, 143, 147, 149, 150, 152, 153]",90,False,1.7107979705384802e-05,-1.3121425187355486e-07,5.7463979857527865e-06,40.0
CP4,486,486,310,176,2153,0.6378600823045267,0.12586276898091758,0.21024075957951846,cao2018,S01/061102n,all_channel,median,median__all_channel__CP4,32,157,"[0, 1, 2, 3, 4, 5, 6, 7, 8, 9, 10, 11, 12, 13, 14, 15, 16, 17, 18, 19, 20, 21, 22, 23, 24, 25, 26, 27, 28, 29, 30, 31, 32, 33, 34, 35, 36, 37, 38, 39, 40, 41, 42, 43, 44, 46, 47, 48, 49, 50, 51, 52, 53, 54, 55, 56, 57, 58, 59, 60, 61, 62, 63, 64, 65, 66, 67, 68, 69, 70, 75, 82, 87, 88, 89, 96, 102, 104, 109, 113, 114, 130, 132, 137, 143, 147, 149, 150, 152, 153]",90,False,2.297278076930941e-05,-2.859917337236936e-07,7.752924167677701e-06,40.0
A2,452,452,253,199,2210,0.5597345132743363,0.1027202598457166,0.17358490566037735,cao2018,S01/061102n,all_channel,median,median__all_channel__A2,32,157,"[0, 1, 2, 3, 4, 5, 6, 7, 8, 9, 10, 11, 12, 13, 14, 15, 16, 17, 18, 19, 20, 21, 22, 23, 24, 25, 26, 27, 28, 29, 30, 31, 32, 33, 34, 35, 36, 37, 38, 39, 40, 41, 42, 43, 44, 46, 47, 48, 49, 50, 51, 52, 53, 54, 55, 56, 57, 58, 59, 60, 61, 62, 63, 64, 65, 66, 67, 68, 69, 70, 75, 82, 87, 88, 89, 96, 102, 104, 109, 113, 114, 130, 132, 137, 143, 147, 149, 150, 152, 153]",90,False,1.0637575764561958e-05,7.954027860474448e-08,3.5193451619857377e-06,40.0
CZ,418,418,248,170,2215,0.5933014354066986,0.10069021518473406,0.1721624435959736,cao2018,S01/061102n,all_channel,median,median__all_channel__CZ,32,157,"[0, 1, 2, 3, 4, 5, 6, 7, 8, 9, 10, 11, 12, 13, 14, 15, 16, 17, 18, 19, 20, 21, 22, 23, 24, 25, 26, 27, 28, 29, 30, 31, 32, 33, 34, 35, 36, 37, 38, 39, 40, 41, 42, 43, 44, 46, 47, 48, 49, 50, 51, 52, 53, 54, 55, 56, 57, 58, 59, 60, 61, 62, 63, 64, 65, 66, 67, 68, 69, 70, 75, 82, 87, 88, 89, 96, 102, 104, 109, 113, 114, 130, 132, 137, 143, 147, 149, 150, 152, 153]",90,False,2.7470641636548434e-05,-3.6698226009825335e-07,9.279207965548896e-06,40.0
C3,376,376,242,134,2221,0.6436170212765957,0.09825416159155502,0.17048256428319833,cao2018,S01/061102n,all_channel,median,median__all_channel__C3,32,157,"[0, 1, 2, 3, 4, 5, 6, 7, 8, 9, 10, 11, 12, 13, 14, 15, 16, 17, 18, 19, 20, 21, 22, 23, 24, 25, 26, 27, 28, 29, 30, 31, 32, 33, 34, 35, 36, 37, 38, 39, 40, 41, 42, 43, 44, 46, 47, 48, 49, 50, 51, 52, 53, 54, 55, 56, 57, 58, 59, 60, 61, 62, 63, 64, 65, 66, 67, 68, 69, 70, 75, 82, 87, 88, 89, 96, 102, 104, 109, 113, 114, 130, 132, 137, 143, 147, 149, 150, 152, 153]",90,False,2.498160299587038e-05,-3.956282335532421e-07,8.45907707647454e-06,40.0
P4,358,358,206,152,2257,0.5754189944134078,0.08363784003248072,0.14604750088621057,cao2018,S01/061102n,all_channel,median,median__all_channel__P4,32,157,"[0, 1, 2, 3, 4, 5, 6, 7, 8, 9, 10, 11, 12, 13, 14, 15, 16, 17, 18, 19, 20, 21, 22, 23, 24, 25, 26, 27, 28, 29, 30, 31, 32, 33, 34, 35, 36, 37, 38, 39, 40, 41, 42, 43, 44, 46, 47, 48, 49, 50, 51, 52, 53, 54, 55, 56, 57, 58, 59, 60, 61, 62, 63, 64, 65, 66, 67, 68, 69, 70, 75, 82, 87, 88, 89, 96, 102, 104, 109, 113, 114, 130, 132, 137, 143, 147, 149, 150, 152, 153]",90,False,2.101659348638248e-05,-1.907786887908523e-07,7.06912405839111e-06,40.0
T4,1889,1889,289,1600,2174,0.15299100052938064,0.1173365814047909,0.13281249999999997,cao2018,S01/061102n,all_channel,median,median__all_channel__T4,32,157,"[0, 1, 2, 3, 4, 5, 6, 7, 8, 9, 10, 11, 12, 13, 14, 15, 16, 17, 18, 19, 20, 21, 22, 23, 24, 25, 26, 27, 28, 29, 30, 31, 32, 33, 34, 35, 36, 37, 38, 39, 40, 41, 42, 43, 44, 46, 47, 48, 49, 50, 51, 52, 53, 54, 55, 56, 57, 58, 59, 60, 61, 62, 63, 64, 65, 66, 67, 68, 69, 70, 75, 82, 87, 88, 89, 96, 102, 104, 109, 113, 114, 130, 132, 137, 143, 147, 149, 150, 152, 153]",90,False,2.0905266293933265e-05,0.0,6.968422097977755e-06,40.0
T6,334,334,158,176,2305,0.47305389221556887,0.06414941128704832,0.11297819091884163,cao2018,S01/061102n,all_channel,median,median__all_channel__T6,32,157,"[0, 1, 2, 3, 4, 5, 6, 7, 8, 9, 10, 11, 12, 13, 14, 15, 16, 17, 18, 19, 20, 21, 22, 23, 24, 25, 26, 27, 28, 29, 30, 31, 32, 33, 34, 35, 36, 37, 38, 39, 40, 41, 42, 43, 44, 46, 47, 48, 49, 50, 51, 52, 53, 54, 55, 56, 57, 58, 59, 60, 61, 62, 63, 64, 65, 66, 67, 68, 69, 70, 75, 82, 87, 88, 89, 96, 102, 104, 109, 113, 114, 130, 132, 137, 143, 147, 149, 150, 152, 153]",90,False,1.6622272823707325e-05,-1.0428910429409103e-07,5.575520642667139e-06,40.0
CPZ,260,260,122,138,2341,0.46923076923076923,0.04953308972797402,0.08960705104663974,cao2018,S01/061102n,all_channel,median,median__all_channel__CPZ,32,157,"[0, 1, 2, 3, 4, 5, 6, 7, 8, 9, 10, 11, 12, 13, 14, 15, 16, 17, 18, 19, 20, 21, 22, 23, 24, 25, 26, 27, 28, 29, 30, 31, 32, 33, 34, 35, 36, 37, 38, 39, 40, 41, 42, 43, 44, 46, 47, 48, 49, 50, 51, 52, 53, 54, 55, 56, 57, 58, 59, 60, 61, 62, 63, 64, 65, 66, 67, 68, 69, 70, 75, 82, 87, 88, 89, 96, 102, 104, 109, 113, 114, 130, 132, 137, 143, 147, 149, 150, 152, 153]",90,False,2.3914770273565396e-05,-2.1977877835732216e-07,8.04484968397424e-06,40.0
CP3,202,202,93,109,2370,0.4603960396039604,0.037758830694275276,0.06979362101313322,cao2018,S01/061102n,all_channel,median,median__all_channel__CP3,32,157,"[0, 1, 2, 3, 4, 5, 6, 7, 8, 9, 10, 11, 12, 13, 14, 15, 16, 17, 18, 19, 20, 21, 22, 23, 24, 25, 26, 27, 28, 29, 30, 31, 32, 33, 34, 35, 36, 37, 38, 39, 40, 41, 42, 43, 44, 46, 47, 48, 49, 50, 51, 52, 53, 54, 55, 56, 57, 58, 59, 60, 61, 62, 63, 64, 65, 66, 67, 68, 69, 70, 75, 82, 87, 88, 89, 96, 102, 104, 109, 113, 114, 130, 132, 137, 143, 147, 149, 150, 152, 153]",90,False,2.1835310734598388e-05,-2.0369744623628673e-07,7.346336060278225e-06,40.0
PZ,198,198,75,123,2388,0.3787878787878788,0.030450669914738125,0.056369785794813984,cao2018,S01/061102n,all_channel,median,median__all_channel__PZ,32,157,"[0, 1, 2, 3, 4, 5, 6, 7, 8, 9, 10, 11, 12, 13, 14, 15, 16, 17, 18, 19, 20, 21, 22, 23, 24, 25, 26, 27, 28, 29, 30, 31, 32, 33, 34, 35, 36, 37, 38, 39, 40, 41, 42, 43, 44, 46, 47, 48, 49, 50, 51, 52, 53, 54, 55, 56, 57, 58, 59, 60, 61, 62, 63, 64, 65, 66, 67, 68, 69, 70, 75, 82, 87, 88, 89, 96, 102, 104, 109, 113, 114, 130, 132, 137, 143, 147, 149, 150, 152, 153]",90,False,2.1679128168111378e-05,-1.4663691476723887e-07,7.275255027626206e-06,40.0
P3,169,169,61,108,2402,0.3609467455621302,0.02476654486398701,0.046352583586626146,cao2018,S01/061102n,all_channel,median,median__all_channel__P3,32,157,"[0, 1, 2, 3, 4, 5, 6, 7, 8, 9, 10, 11, 12, 13, 14, 15, 16, 17, 18, 19, 20, 21, 22, 23, 24, 25, 26, 27, 28, 29, 30, 31, 32, 33, 34, 35, 36, 37, 38, 39, 40, 41, 42, 43, 44, 46, 47, 48, 49, 50, 51, 52, 53, 54, 55, 56, 57, 58, 59, 60, 61, 62, 63, 64, 65, 66, 67, 68, 69, 70, 75, 82, 87, 88, 89, 96, 102, 104, 109, 113, 114, 130, 132, 137, 143, 147, 149, 150, 152, 153]",90,False,2.0001478975553004e-05,-1.3828367365268905e-07,6.713254216401897e-06,40.0
TP7,1044,1044,70,974,2393,0.06704980842911877,0.028420625253755584,0.03992015968063872,cao2018,S01/061102n,all_channel,median,median__all_channel__TP7,32,157,"[0, 1, 2, 3, 4, 5, 6, 7, 8, 9, 10, 11, 12, 13, 14, 15, 16, 17, 18, 19, 20, 21, 22, 23, 24, 25, 26, 27, 28, 29, 30, 31, 32, 33, 34, 35, 36, 37, 38, 39, 40, 41, 42, 43, 44, 46, 47, 48, 49, 50, 51, 52, 53, 54, 55, 56, 57, 58, 59, 60, 61, 62, 63, 64, 65, 66, 67, 68, 69, 70, 75, 82, 87, 88, 89, 96, 102, 104, 109, 113, 114, 130, 132, 137, 143, 147, 149, 150, 152, 153]",90,False,2.0737103845920315e-05,-8.035128542115606e-08,6.939151710447156e-06,40.0
A1,223,223,31,192,2432,0.13901345291479822,0.012586276898091758,0.02308265078183172,cao2018,S01/061102n,all_channel,median,median__all_channel__A1,32,157,"[0, 1, 2, 3, 4, 5, 6, 7, 8, 9, 10, 11, 12, 13, 14, 15, 16, 17, 18, 19, 20, 21, 22, 23, 24, 25, 26, 27, 28, 29, 30, 31, 32, 33, 34, 35, 36, 37, 38, 39, 40, 41, 42, 43, 44, 46, 47, 48, 49, 50, 51, 52, 53, 54, 55, 56, 57, 58, 59, 60, 61, 62, 63, 64, 65, 66, 67, 68, 69, 70, 75, 82, 87, 88, 89, 96, 102, 104, 109, 113, 114, 130, 132, 137, 143, 147, 149, 150, 152, 153]",90,False,1.0479000308791576e-05,-7.949900406294233e-08,3.519499770951506e-06,40.0
O2,152,152,29,123,2434,0.19078947368421054,0.011774259033698742,0.022179732313575524,cao2018,S01/061102n,all_channel,median,median__all_channel__O2,32,157,"[0, 1, 2, 3, 4, 5, 6, 7, 8, 9, 10, 11, 12, 13, 14, 15, 16, 17, 18, 19, 20, 21, 22, 23, 24, 25, 26, 27, 28, 29, 30, 31, 32, 33, 34, 35, 36, 37, 38, 39, 40, 41, 42, 43, 44, 46, 47, 48, 49, 50, 51, 52, 53, 54, 55, 56, 57, 58, 59, 60, 61, 62, 63, 64, 65, 66, 67, 68, 69, 70, 75, 82, 87, 88, 89, 96, 102, 104, 109, 113, 114, 130, 132, 137, 143, 147, 149, 150, 152, 153]",90,False,1.7838847270668153e-05,-6.570296165098724e-08,5.968183410773047e-06,40.0
T5,142,142,25,117,2438,0.176056338028169,0.010150223304912708,0.019193857965451054,cao2018,S01/061102n,all_channel,median,median__all_channel__T5,32,157,"[0, 1, 2, 3, 4, 5, 6, 7, 8, 9, 10, 11, 12, 13, 14, 15, 16, 17, 18, 19, 20, 21, 22, 23, 24, 25, 26, 27, 28, 29, 30, 31, 32, 33, 34, 35, 36, 37, 38, 39, 40, 41, 42, 43, 44, 46, 47, 48, 49, 50, 51, 52, 53, 54, 55, 56, 57, 58, 59, 60, 61, 62, 63, 64, 65, 66, 67, 68, 69, 70, 75, 82, 87, 88, 89, 96, 102, 104, 109, 113, 114, 130, 132, 137, 143, 147, 149, 150, 152, 153]",90,False,1.5572550849491007e-05,-2.7202501535008236e-08,5.199917783675339e-06,40.0
OZ,147,147,19,128,2444,0.1292517006802721,0.007714169711733658,0.014559386973180077,cao2018,S01/061102n,all_channel,median,median__all_channel__OZ,32,157,"[0, 1, 2, 3, 4, 5, 6, 7, 8, 9, 10, 11, 12, 13, 14, 15, 16, 17, 18, 19, 20, 21, 22, 23, 24, 25, 26, 27, 28, 29, 30, 31, 32, 33, 34, 35, 36, 37, 38, 39, 40, 41, 42, 43, 44, 46, 47, 48, 49, 50, 51, 52, 53, 54, 55, 56, 57, 58, 59, 60, 61, 62, 63, 64, 65, 66, 67, 68, 69, 70, 75, 82, 87, 88, 89, 96, 102, 104, 109, 113, 114, 130, 132, 137, 143, 147, 149, 150, 152, 153]",90,False,1.6814118541866402e-05,-4.883856366882522e-08,5.620985701845075e-06,40.0
O1,138,138,13,125,2450,0.09420289855072464,0.005278116118554608,0.009996155324875048,cao2018,S01/061102n,all_channel,median,median__all_channel__O1,32,157,"[0, 1, 2, 3, 4, 5, 6, 7, 8, 9, 10, 11, 12, 13, 14, 15, 16, 17, 18, 19, 20, 21, 22, 23, 24, 25, 26, 27, 28, 29, 30, 31, 32, 33, 34, 35, 36, 37, 38, 39, 40, 41, 42, 43, 44, 46, 47, 48, 49, 50, 51, 52, 53, 54, 55, 56, 57, 58, 59, 60, 61, 62, 63, 64, 65, 66, 67, 68, 69, 70, 75, 82, 87, 88, 89, 96, 102, 104, 109, 113, 114, 130, 132, 137, 143, 147, 149, 150, 152, 153]",90,False,1.7604633959067377e-05,-2.0377466149113004e-08,5.875003808405497e-06,40.0
FP1,2725,2725,2395,330,68,0.8788990825688073,0.9723913926106375,0.9232845026985351,cao2018,S01/061102n,all_channel,mean,mean__all_channel__FP1,32,157,"[0, 1, 2, 3, 4, 5, 6, 7, 8, 9, 10, 11, 12, 13, 14, 15, 16, 17, 18, 19, 20, 21, 22, 23, 24, 25, 26, 27, 28, 29, 30, 31, 32, 33, 34, 35, 36, 37, 38, 39, 40, 41, 42, 43, 44, 46, 47, 48, 49, 50, 51, 52, 53, 54, 55, 56, 57, 58, 59, 60, 61, 62, 63, 64, 65, 66, 67, 68, 69, 70, 75, 82, 87, 88, 89, 96, 102, 104, 109, 113, 114, 130, 132, 137, 143, 147, 149, 150, 152, 153]",90,False,5.11606648053324e-05,3.8939642583826775e-09,1.7052256947024674e-05,40.0
FP2,2209,2209,1922,287,541,0.870076957899502,0.780349167681689,0.8227739726027398,cao2018,S01/061102n,all_channel,mean,mean__all_channel__FP2,32,157,"[0, 1, 2, 3, 4, 5, 6, 7, 8, 9, 10, 11, 12, 13, 14, 15, 16, 17, 18, 19, 20, 21, 22, 23, 24, 25, 26, 27, 28, 29, 30, 31, 32, 33, 34, 35, 36, 37, 38, 39, 40, 41, 42, 43, 44, 46, 47, 48, 49, 50, 51, 52, 53, 54, 55, 56, 57, 58, 59, 60, 61, 62, 63, 64, 65, 66, 67, 68, 69, 70, 75, 82, 87, 88, 89, 96, 102, 104, 109, 113, 114, 130, 132, 137, 143, 147, 149, 150, 152, 153]",90,False,4.34759268167885e-05,2.853040826796385e-08,1.4482465469506842e-05,40.0
F3,1824,1824,1570,254,893,0.8607456140350878,0.6374340235485181,0.7324469325868905,cao2018,S01/061102n,all_channel,mean,mean__all_channel__F3,32,157,"[0, 1, 2, 3, 4, 5, 6, 7, 8, 9, 10, 11, 12, 13, 14, 15, 16, 17, 18, 19, 20, 21, 22, 23, 24, 25, 26, 27, 28, 29, 30, 31, 32, 33, 34, 35, 36, 37, 38, 39, 40, 41, 42, 43, 44, 46, 47, 48, 49, 50, 51, 52, 53, 54, 55, 56, 57, 58, 59, 60, 61, 62, 63, 64, 65, 66, 67, 68, 69, 70, 75, 82, 87, 88, 89, 96, 102, 104, 109, 113, 114, 130, 132, 137, 143, 147, 149, 150, 152, 153]",90,False,3.7022713415772244e-05,6.907236983044656e-10,1.2340674230691313e-05,40.0
FZ,1308,1308,1091,217,1372,0.8340978593272171,0.44295574502639057,0.5786263590559534,cao2018,S01/061102n,all_channel,mean,mean__all_channel__FZ,32,157,"[0, 1, 2, 3, 4, 5, 6, 7, 8, 9, 10, 11, 12, 13, 14, 15, 16, 17, 18, 19, 20, 21, 22, 23, 24, 25, 26, 27, 28, 29, 30, 31, 32, 33, 34, 35, 36, 37, 38, 39, 40, 41, 42, 43, 44, 46, 47, 48, 49, 50, 51, 52, 53, 54, 55, 56, 57, 58, 59, 60, 61, 62, 63, 64, 65, 66, 67, 68, 69, 70, 75, 82, 87, 88, 89, 96, 102, 104, 109, 113, 114, 130, 132, 137, 143, 147, 149, 150, 152, 153]",90,False,3.426621289475163e-05,-4.9010811643967325e-09,1.1423704658638677e-05,40.0
F8,1272,1272,960,312,1503,0.7547169811320755,0.38976857490864797,0.5140562248995985,cao2018,S01/061102n,all_channel,mean,mean__all_channel__F8,32,157,"[0, 1, 2, 3, 4, 5, 6, 7, 8, 9, 10, 11, 12, 13, 14, 15, 16, 17, 18, 19, 20, 21, 22, 23, 24, 25, 26, 27, 28, 29, 30, 31, 32, 33, 34, 35, 36, 37, 38, 39, 40, 41, 42, 43, 44, 46, 47, 48, 49, 50, 51, 52, 53, 54, 55, 56, 57, 58, 59, 60, 61, 62, 63, 64, 65, 66, 67, 68, 69, 70, 75, 82, 87, 88, 89, 96, 102, 104, 109, 113, 114, 130, 132, 137, 143, 147, 149, 150, 152, 153]",90,False,3.0448068700024125e-05,-9.674311324512767e-09,1.015258100378288e-05,40.0
F7,1063,1063,844,219,1619,0.7939793038570084,0.34267153877385303,0.47872943845717525,cao2018,S01/061102n,all_channel,mean,mean__all_channel__F7,32,157,"[0, 1, 2, 3, 4, 5, 6, 7, 8, 9, 10, 11, 12, 13, 14, 15, 16, 17, 18, 19, 20, 21, 22, 23, 24, 25, 26, 27, 28, 29, 30, 31, 32, 33, 34, 35, 36, 37, 38, 39, 40, 41, 42, 43, 44, 46, 47, 48, 49, 50, 51, 52, 53, 54, 55, 56, 57, 58, 59, 60, 61, 62, 63, 64, 65, 66, 67, 68, 69, 70, 75, 82, 87, 88, 89, 96, 102, 104, 109, 113, 114, 130, 132, 137, 143, 147, 149, 150, 152, 153]",90,False,2.7203750978163156e-05,-3.37914138412344e-09,9.069043373182427e-06,40.0
FC4,1066,1066,810,256,1653,0.7598499061913696,0.32886723507917176,0.45905355624822897,cao2018,S01/061102n,all_channel,mean,mean__all_channel__FC4,32,157,"[0, 1, 2, 3, 4, 5, 6, 7, 8, 9, 10, 11, 12, 13, 14, 15, 16, 17, 18, 19, 20, 21, 22, 23, 24, 25, 26, 27, 28, 29, 30, 31, 32, 33, 34, 35, 36, 37, 38, 39, 40, 41, 42, 43, 44, 46, 47, 48, 49, 50, 51, 52, 53, 54, 55, 56, 57, 58, 59, 60, 61, 62, 63, 64, 65, 66, 67, 68, 69, 70, 75, 82, 87, 88, 89, 96, 102, 104, 109, 113, 114, 130, 132, 137, 143, 147, 149, 150, 152, 153]",90,False,3.0323444636841283e-05,-3.1859219067612065e-10,1.0107921076343987e-05,40.0
F4,1113,1113,807,306,1656,0.7250673854447439,0.3276492082825822,0.45134228187919456,cao2018,S01/061102n,all_channel,mean,mean__all_channel__F4,32,157,"[0, 1, 2, 3, 4, 5, 6, 7, 8, 9, 10, 11, 12, 13, 14, 15, 16, 17, 18, 19, 20, 21, 22, 23, 24, 25, 26, 27, 28, 29, 30, 31, 32, 33, 34, 35, 36, 37, 38, 39, 40, 41, 42, 43, 44, 46, 47, 48, 49, 50, 51, 52, 53, 54, 55, 56, 57, 58, 59, 60, 61, 62, 63, 64, 65, 66, 67, 68, 69, 70, 75, 82, 87, 88, 89, 96, 102, 104, 109, 113, 114, 130, 132, 137, 143, 147, 149, 150, 152, 153]",90,False,3.208802249862656e-05,4.228736126594451e-09,1.0694597920833321e-05,40.0
FT7,907,907,697,210,1766,0.7684674751929438,0.2829882257409663,0.41364985163204754,cao2018,S01/061102n,all_channel,mean,mean__all_channel__FT7,32,157,"[0, 1, 2, 3, 4, 5, 6, 7, 8, 9, 10, 11, 12, 13, 14, 15, 16, 17, 18, 19, 20, 21, 22, 23, 24, 25, 26, 27, 28, 29, 30, 31, 32, 33, 34, 35, 36, 37, 38, 39, 40, 41, 42, 43, 44, 46, 47, 48, 49, 50, 51, 52, 53, 54, 55, 56, 57, 58, 59, 60, 61, 62, 63, 64, 65, 66, 67, 68, 69, 70, 75, 82, 87, 88, 89, 96, 102, 104, 109, 113, 114, 130, 132, 137, 143, 147, 149, 150, 152, 153]",90,False,2.6467349360645023e-05,-1.83839652749145e-09,8.823062585724172e-06,40.0
FT8,948,948,679,269,1784,0.7162447257383966,0.27568006496142916,0.3981237173849311,cao2018,S01/061102n,all_channel,mean,mean__all_channel__FT8,32,157,"[0, 1, 2, 3, 4, 5, 6, 7, 8, 9, 10, 11, 12, 13, 14, 15, 16, 17, 18, 19, 20, 21, 22, 23, 24, 25, 26, 27, 28, 29, 30, 31, 32, 33, 34, 35, 36, 37, 38, 39, 40, 41, 42, 43, 44, 46, 47, 48, 49, 50, 51, 52, 53, 54, 55, 56, 57, 58, 59, 60, 61, 62, 63, 64, 65, 66, 67, 68, 69, 70, 75, 82, 87, 88, 89, 96, 102, 104, 109, 113, 114, 130, 132, 137, 143, 147, 149, 150, 152, 153]",90,False,2.450732175556179e-05,-7.65974448961895e-09,8.171660500017136e-06,40.0
T3,807,807,600,207,1863,0.7434944237918215,0.243605359317905,0.36697247706422015,cao2018,S01/061102n,all_channel,mean,mean__all_channel__T3,32,157,"[0, 1, 2, 3, 4, 5, 6, 7, 8, 9, 10, 11, 12, 13, 14, 15, 16, 17, 18, 19, 20, 21, 22, 23, 24, 25, 26, 27, 28, 29, 30, 31, 32, 33, 34, 35, 36, 37, 38, 39, 40, 41, 42, 43, 44, 46, 47, 48, 49, 50, 51, 52, 53, 54, 55, 56, 57, 58, 59, 60, 61, 62, 63, 64, 65, 66, 67, 68, 69, 70, 75, 82, 87, 88, 89, 96, 102, 104, 109, 113, 114, 130, 132, 137, 143, 147, 149, 150, 152, 153]",90,False,2.5796926042108056e-05,-2.2316035624113706e-09,8.599719215223488e-06,40.0
FC3,739,739,585,154,1878,0.7916102841677943,0.23751522533495736,0.3653966271080575,cao2018,S01/061102n,all_channel,mean,mean__all_channel__FC3,32,157,"[0, 1, 2, 3, 4, 5, 6, 7, 8, 9, 10, 11, 12, 13, 14, 15, 16, 17, 18, 19, 20, 21, 22, 23, 24, 25, 26, 27, 28, 29, 30, 31, 32, 33, 34, 35, 36, 37, 38, 39, 40, 41, 42, 43, 44, 46, 47, 48, 49, 50, 51, 52, 53, 54, 55, 56, 57, 58, 59, 60, 61, 62, 63, 64, 65, 66, 67, 68, 69, 70, 75, 82, 87, 88, 89, 96, 102, 104, 109, 113, 114, 130, 132, 137, 143, 147, 149, 150, 152, 153]",90,False,2.9384097148256608e-05,1.2107317871017028e-09,9.794295472156502e-06,40.0
FCZ,713,713,510,203,1953,0.7152875175315568,0.20706455542021923,0.3211586901763224,cao2018,S01/061102n,all_channel,mean,mean__all_channel__FCZ,32,157,"[0, 1, 2, 3, 4, 5, 6, 7, 8, 9, 10, 11, 12, 13, 14, 15, 16, 17, 18, 19, 20, 21, 22, 23, 24, 25, 26, 27, 28, 29, 30, 31, 32, 33, 34, 35, 36, 37, 38, 39, 40, 41, 42, 43, 44, 46, 47, 48, 49, 50, 51, 52, 53, 54, 55, 56, 57, 58, 59, 60, 61, 62, 63, 64, 65, 66, 67, 68, 69, 70, 75, 82, 87, 88, 89, 96, 102, 104, 109, 113, 114, 130, 132, 137, 143, 147, 149, 150, 152, 153]",90,False,3.164255274467251e-05,1.8614525188196195e-09,1.0546897097384563e-05,40.0
C4,679,679,469,210,1994,0.6907216494845361,0.1904181892001624,0.2985359643539147,cao2018,S01/061102n,all_channel,mean,mean__all_channel__C4,32,157,"[0, 1, 2, 3, 4, 5, 6, 7, 8, 9, 10, 11, 12, 13, 14, 15, 16, 17, 18, 19, 20, 21, 22, 23, 24, 25, 26, 27, 28, 29, 30, 31, 32, 33, 34, 35, 36, 37, 38, 39, 40, 41, 42, 43, 44, 46, 47, 48, 49, 50, 51, 52, 53, 54, 55, 56, 57, 58, 59, 60, 61, 62, 63, 64, 65, 66, 67, 68, 69, 70, 75, 82, 87, 88, 89, 96, 102, 104, 109, 113, 114, 130, 132, 137, 143, 147, 149, 150, 152, 153]",90,False,2.5091874124058497e-05,3.8114263492484316e-09,8.362687565903083e-06,40.0
TP8,573,573,331,242,2132,0.5776614310645725,0.13438895655704425,0.21805006587615286,cao2018,S01/061102n,all_channel,mean,mean__all_channel__TP8,32,157,"[0, 1, 2, 3, 4, 5, 6, 7, 8, 9, 10, 11, 12, 13, 14, 15, 16, 17, 18, 19, 20, 21, 22, 23, 24, 25, 26, 27, 28, 29, 30, 31, 32, 33, 34, 35, 36, 37, 38, 39, 40, 41, 42, 43, 44, 46, 47, 48, 49, 50, 51, 52, 53, 54, 55, 56, 57, 58, 59, 60, 61, 62, 63, 64, 65, 66, 67, 68, 69, 70, 75, 82, 87, 88, 89, 96, 102, 104, 109, 113, 114, 130, 132, 137, 143, 147, 149, 150, 152, 153]",90,False,1.7241210371686088e-05,2.0164144277310363e-09,5.7463979857527865e-06,40.0
CP4,475,475,300,175,2163,0.631578947368421,0.1218026796589525,0.2042205582028591,cao2018,S01/061102n,all_channel,mean,mean__all_channel__CP4,32,157,"[0, 1, 2, 3, 4, 5, 6, 7, 8, 9, 10, 11, 12, 13, 14, 15, 16, 17, 18, 19, 20, 21, 22, 23, 24, 25, 26, 27, 28, 29, 30, 31, 32, 33, 34, 35, 36, 37, 38, 39, 40, 41, 42, 43, 44, 46, 47, 48, 49, 50, 51, 52, 53, 54, 55, 56, 57, 58, 59, 60, 61, 62, 63, 64, 65, 66, 67, 68, 69, 70, 75, 82, 87, 88, 89, 96, 102, 104, 109, 113, 114, 130, 132, 137, 143, 147, 149, 150, 152, 153]",90,False,2.3263680713475016e-05,4.908210441913303e-09,7.752924167677701e-06,40.0
A2,459,459,256,203,2207,0.5577342047930284,0.10393828664230613,0.1752224503764545,cao2018,S01/061102n,all_channel,mean,mean__all_channel__A2,32,157,"[0, 1, 2, 3, 4, 5, 6, 7, 8, 9, 10, 11, 12, 13, 14, 15, 16, 17, 18, 19, 20, 21, 22, 23, 24, 25, 26, 27, 28, 29, 30, 31, 32, 33, 34, 35, 36, 37, 38, 39, 40, 41, 42, 43, 44, 46, 47, 48, 49, 50, 51, 52, 53, 54, 55, 56, 57, 58, 59, 60, 61, 62, 63, 64, 65, 66, 67, 68, 69, 70, 75, 82, 87, 88, 89, 96, 102, 104, 109, 113, 114, 130, 132, 137, 143, 147, 149, 150, 152, 153]",90,False,1.0558365706912264e-05,3.3022095505083034e-10,3.5193451619857377e-06,40.0
CZ,402,402,236,166,2227,0.5870646766169154,0.09581810799837596,0.16474694589877836,cao2018,S01/061102n,all_channel,mean,mean__all_channel__CZ,32,157,"[0, 1, 2, 3, 4, 5, 6, 7, 8, 9, 10, 11, 12, 13, 14, 15, 16, 17, 18, 19, 20, 21, 22, 23, 24, 25, 26, 27, 28, 29, 30, 31, 32, 33, 34, 35, 36, 37, 38, 39, 40, 41, 42, 43, 44, 46, 47, 48, 49, 50, 51, 52, 53, 54, 55, 56, 57, 58, 59, 60, 61, 62, 63, 64, 65, 66, 67, 68, 69, 70, 75, 82, 87, 88, 89, 96, 102, 104, 109, 113, 114, 130, 132, 137, 143, 147, 149, 150, 152, 153]",90,False,2.7841728474758235e-05,4.1045781115451175e-09,9.279207965548896e-06,40.0
C3,354,354,224,130,2239,0.632768361581921,0.09094600081201787,0.1590344337948172,cao2018,S01/061102n,all_channel,mean,mean__all_channel__C3,32,157,"[0, 1, 2, 3, 4, 5, 6, 7, 8, 9, 10, 11, 12, 13, 14, 15, 16, 17, 18, 19, 20, 21, 22, 23, 24, 25, 26, 27, 28, 29, 30, 31, 32, 33, 34, 35, 36, 37, 38, 39, 40, 41, 42, 43, 44, 46, 47, 48, 49, 50, 51, 52, 53, 54, 55, 56, 57, 58, 59, 60, 61, 62, 63, 64, 65, 66, 67, 68, 69, 70, 75, 82, 87, 88, 89, 96, 102, 104, 109, 113, 114, 130, 132, 137, 143, 147, 149, 150, 152, 153]",90,False,2.538088977484745e-05,3.658545423830467e-09,8.45907707647454e-06,40.0
P4,344,344,197,147,2266,0.5726744186046512,0.07998375964271214,0.14036337727110795,cao2018,S01/061102n,all_channel,mean,mean__all_channel__P4,32,157,"[0, 1, 2, 3, 4, 5, 6, 7, 8, 9, 10, 11, 12, 13, 14, 15, 16, 17, 18, 19, 20, 21, 22, 23, 24, 25, 26, 27, 28, 29, 30, 31, 32, 33, 34, 35, 36, 37, 38, 39, 40, 41, 42, 43, 44, 46, 47, 48, 49, 50, 51, 52, 53, 54, 55, 56, 57, 58, 59, 60, 61, 62, 63, 64, 65, 66, 67, 68, 69, 70, 75, 82, 87, 88, 89, 96, 102, 104, 109, 113, 114, 130, 132, 137, 143, 147, 149, 150, 152, 153]",90,False,2.1212009600914434e-05,4.637425741103192e-09,7.06912405839111e-06,40.0
T4,1902,1902,296,1606,2167,0.15562565720294427,0.12017864393016646,0.13562428407789232,cao2018,S01/061102n,all_channel,mean,mean__all_channel__T4,32,157,"[0, 1, 2, 3, 4, 5, 6, 7, 8, 9, 10, 11, 12, 13, 14, 15, 16, 17, 18, 19, 20, 21, 22, 23, 24, 25, 26, 27, 28, 29, 30, 31, 32, 33, 34, 35, 36, 37, 38, 39, 40, 41, 42, 43, 44, 46, 47, 48, 49, 50, 51, 52, 53, 54, 55, 56, 57, 58, 59, 60, 61, 62, 63, 64, 65, 66, 67, 68, 69, 70, 75, 82, 87, 88, 89, 96, 102, 104, 109, 113, 114, 130, 132, 137, 143, 147, 149, 150, 152, 153]",90,False,2.0465461933243655e-05,-4.398043606896114e-07,6.968422097977755e-06,40.0
T6,327,327,155,172,2308,0.4740061162079511,0.06293138449045879,0.11111111111111112,cao2018,S01/061102n,all_channel,mean,mean__all_channel__T6,32,157,"[0, 1, 2, 3, 4, 5, 6, 7, 8, 9, 10, 11, 12, 13, 14, 15, 16, 17, 18, 19, 20, 21, 22, 23, 24, 25, 26, 27, 28, 29, 30, 31, 32, 33, 34, 35, 36, 37, 38, 39, 40, 41, 42, 43, 44, 46, 47, 48, 49, 50, 51, 52, 53, 54, 55, 56, 57, 58, 59, 60, 61, 62, 63, 64, 65, 66, 67, 68, 69, 70, 75, 82, 87, 88, 89, 96, 102, 104, 109, 113, 114, 130, 132, 137, 143, 147, 149, 150, 152, 153]",90,False,1.672921026492275e-05,2.648336921335671e-09,5.575520642667139e-06,40.0
CPZ,252,252,117,135,2346,0.4642857142857143,0.047503045066991476,0.08618784530386742,cao2018,S01/061102n,all_channel,mean,mean__all_channel__CPZ,32,157,"[0, 1, 2, 3, 4, 5, 6, 7, 8, 9, 10, 11, 12, 13, 14, 15, 16, 17, 18, 19, 20, 21, 22, 23, 24, 25, 26, 27, 28, 29, 30, 31, 32, 33, 34, 35, 36, 37, 38, 39, 40, 41, 42, 43, 44, 46, 47, 48, 49, 50, 51, 52, 53, 54, 55, 56, 57, 58, 59, 60, 61, 62, 63, 64, 65, 66, 67, 68, 69, 70, 75, 82, 87, 88, 89, 96, 102, 104, 109, 113, 114, 130, 132, 137, 143, 147, 149, 150, 152, 153]",90,False,2.4139274381235547e-05,4.725329312828168e-09,8.04484968397424e-06,40.0
CP3,193,193,85,108,2378,0.44041450777202074,0.03451075923670321,0.06400602409638555,cao2018,S01/061102n,all_channel,mean,mean__all_channel__CP3,32,157,"[0, 1, 2, 3, 4, 5, 6, 7, 8, 9, 10, 11, 12, 13, 14, 15, 16, 17, 18, 19, 20, 21, 22, 23, 24, 25, 26, 27, 28, 29, 30, 31, 32, 33, 34, 35, 36, 37, 38, 39, 40, 41, 42, 43, 44, 46, 47, 48, 49, 50, 51, 52, 53, 54, 55, 56, 57, 58, 59, 60, 61, 62, 63, 64, 65, 66, 67, 68, 69, 70, 75, 82, 87, 88, 89, 96, 102, 104, 109, 113, 114, 130, 132, 137, 143, 147, 149, 150, 152, 153]",90,False,2.2044873410227136e-05,5.865229392459538e-09,7.346336060278225e-06,40.0
PZ,197,197,74,123,2389,0.3756345177664975,0.030044660982541615,0.055639097744360905,cao2018,S01/061102n,all_channel,mean,mean__all_channel__PZ,32,157,"[0, 1, 2, 3, 4, 5, 6, 7, 8, 9, 10, 11, 12, 13, 14, 15, 16, 17, 18, 19, 20, 21, 22, 23, 24, 25, 26, 27, 28, 29, 30, 31, 32, 33, 34, 35, 36, 37, 38, 39, 40, 41, 42, 43, 44, 46, 47, 48, 49, 50, 51, 52, 53, 54, 55, 56, 57, 58, 59, 60, 61, 62, 63, 64, 65, 66, 67, 68, 69, 70, 75, 82, 87, 88, 89, 96, 102, 104, 109, 113, 114, 130, 132, 137, 143, 147, 149, 150, 152, 153]",90,False,2.182957952345328e-05,3.8144405746638384e-09,7.275255027626206e-06,40.0
P3,160,160,58,102,2405,0.3625,0.023548518067397484,0.044224170796797566,cao2018,S01/061102n,all_channel,mean,mean__all_channel__P3,32,157,"[0, 1, 2, 3, 4, 5, 6, 7, 8, 9, 10, 11, 12, 13, 14, 15, 16, 17, 18, 19, 20, 21, 22, 23, 24, 25, 26, 27, 28, 29, 30, 31, 32, 33, 34, 35, 36, 37, 38, 39, 40, 41, 42, 43, 44, 46, 47, 48, 49, 50, 51, 52, 53, 54, 55, 56, 57, 58, 59, 60, 61, 62, 63, 64, 65, 66, 67, 68, 69, 70, 75, 82, 87, 88, 89, 96, 102, 104, 109, 113, 114, 130, 132, 137, 143, 147, 149, 150, 152, 153]",90,False,2.014457117713609e-05,4.8085279304015985e-09,6.713254216401897e-06,40.0
TP7,1045,1045,70,975,2393,0.06698564593301436,0.028420625253755584,0.039908779931584946,cao2018,S01/061102n,all_channel,mean,mean__all_channel__TP7,32,157,"[0, 1, 2, 3, 4, 5, 6, 7, 8, 9, 10, 11, 12, 13, 14, 15, 16, 17, 18, 19, 20, 21, 22, 23, 24, 25, 26, 27, 28, 29, 30, 31, 32, 33, 34, 35, 36, 37, 38, 39, 40, 41, 42, 43, 44, 46, 47, 48, 49, 50, 51, 52, 53, 54, 55, 56, 57, 58, 59, 60, 61, 62, 63, 64, 65, 66, 67, 68, 69, 70, 75, 82, 87, 88, 89, 96, 102, 104, 109, 113, 114, 130, 132, 137, 143, 147, 149, 150, 152, 153]",90,False,2.0868220667703495e-05,5.0765536362026504e-08,6.939151710447156e-06,40.0
A1,219,219,30,189,2433,0.136986301369863,0.012180267965895249,0.02237136465324385,cao2018,S01/061102n,all_channel,mean,mean__all_channel__A1,32,157,"[0, 1, 2, 3, 4, 5, 6, 7, 8, 9, 10, 11, 12, 13, 14, 15, 16, 17, 18, 19, 20, 21, 22, 23, 24, 25, 26, 27, 28, 29, 30, 31, 32, 33, 34, 35, 36, 37, 38, 39, 40, 41, 42, 43, 44, 46, 47, 48, 49, 50, 51, 52, 53, 54, 55, 56, 57, 58, 59, 60, 61, 62, 63, 64, 65, 66, 67, 68, 69, 70, 75, 82, 87, 88, 89, 96, 102, 104, 109, 113, 114, 130, 132, 137, 143, 147, 149, 150, 152, 153]",90,False,1.05581658411163e-05,-3.3347173821872216e-10,3.519499770951506e-06,40.0
O2,150,150,28,122,2435,0.18666666666666668,0.011368250101502234,0.021431305013394564,cao2018,S01/061102n,all_channel,mean,mean__all_channel__O2,32,157,"[0, 1, 2, 3, 4, 5, 6, 7, 8, 9, 10, 11, 12, 13, 14, 15, 16, 17, 18, 19, 20, 21, 22, 23, 24, 25, 26, 27, 28, 29, 30, 31, 32, 33, 34, 35, 36, 37, 38, 39, 40, 41, 42, 43, 44, 46, 47, 48, 49, 50, 51, 52, 53, 54, 55, 56, 57, 58, 59, 60, 61, 62, 63, 64, 65, 66, 67, 68, 69, 70, 75, 82, 87, 88, 89, 96, 102, 104, 109, 113, 114, 130, 132, 137, 143, 147, 149, 150, 152, 153]",90,False,1.7905316019816746e-05,7.657874976066684e-10,5.968183410773047e-06,40.0
T5,142,142,25,117,2438,0.176056338028169,0.010150223304912708,0.019193857965451054,cao2018,S01/061102n,all_channel,mean,mean__all_channel__T5,32,157,"[0, 1, 2, 3, 4, 5, 6, 7, 8, 9, 10, 11, 12, 13, 14, 15, 16, 17, 18, 19, 20, 21, 22, 23, 24, 25, 26, 27, 28, 29, 30, 31, 32, 33, 34, 35, 36, 37, 38, 39, 40, 41, 42, 43, 44, 46, 47, 48, 49, 50, 51, 52, 53, 54, 55, 56, 57, 58, 59, 60, 61, 62, 63, 64, 65, 66, 67, 68, 69, 70, 75, 82, 87, 88, 89, 96, 102, 104, 109, 113, 114, 130, 132, 137, 143, 147, 149, 150, 152, 153]",90,False,1.5603178088696123e-05,3.4247376701079372e-09,5.199917783675339e-06,40.0
OZ,146,146,19,127,2444,0.13013698630136986,0.007714169711733658,0.014564967420467612,cao2018,S01/061102n,all_channel,mean,mean__all_channel__OZ,32,157,"[0, 1, 2, 3, 4, 5, 6, 7, 8, 9, 10, 11, 12, 13, 14, 15, 16, 17, 18, 19, 20, 21, 22, 23, 24, 25, 26, 27, 28, 29, 30, 31, 32, 33, 34, 35, 36, 37, 38, 39, 40, 41, 42, 43, 44, 46, 47, 48, 49, 50, 51, 52, 53, 54, 55, 56, 57, 58, 59, 60, 61, 62, 63, 64, 65, 66, 67, 68, 69, 70, 75, 82, 87, 88, 89, 96, 102, 104, 109, 113, 114, 130, 132, 137, 143, 147, 149, 150, 152, 153]",90,False,1.6865535604809113e-05,2.578499273886223e-09,5.620985701845075e-06,40.0
O1,138,138,13,125,2450,0.09420289855072464,0.005278116118554608,0.009996155324875048,cao2018,S01/061102n,all_channel,mean,mean__all_channel__O1,32,157,"[0, 1, 2, 3, 4, 5, 6, 7, 8, 9, 10, 11, 12, 13, 14, 15, 16, 17, 18, 19, 20, 21, 22, 23, 24, 25, 26, 27, 28, 29, 30, 31, 32, 33, 34, 35, 36, 37, 38, 39, 40, 41, 42, 43, 44, 46, 47, 48, 49, 50, 51, 52, 53, 54, 55, 56, 57, 58, 59, 60, 61, 62, 63, 64, 65, 66, 67, 68, 69, 70, 75, 82, 87, 88, 89, 96, 102, 104, 109, 113, 114, 130, 132, 137, 143, 147, 149, 150, 152, 153]",90,False,1.7635382240306877e-05,1.0370815090387312e-08,5.875003808405497e-06,40.0
FP1,2636,2636,2347,289,116,0.8903641881638846,0.952902963865205,0.9205726613061384,cao2018,S01/061102n,frontal,median,median__frontal__FP1,4,157,"[0, 2, 7, 11, 12, 14, 15, 16, 18, 19, 21, 22, 23, 24, 33, 36, 37, 39, 41, 43, 57, 58, 62, 64, 70, 75, 88, 102, 104, 114, 132, 143, 149, 150, 152, 153]",36,False,5.563931280681088e-05,-4.97374482252079e-06,2.0204352543110558e-05,40.0
FP2,2072,2072,1825,247,638,0.8807915057915058,0.7409663012586277,0.8048511576626239,cao2018,S01/061102n,frontal,median,median__frontal__FP2,4,157,"[0, 2, 7, 11, 12, 14, 15, 16, 18, 19, 21, 22, 23, 24, 33, 36, 37, 39, 41, 43, 57, 58, 62, 64, 70, 75, 88, 102, 104, 114, 132, 143, 149, 150, 152, 153]",36,False,4.663650169337812e-05,-3.128558715124025e-06,1.6588353469500713e-05,40.0
F3,1459,1459,1250,209,1213,0.8567511994516792,0.5075111652456354,0.6374298827129017,cao2018,S01/061102n,frontal,median,median__frontal__F3,4,157,"[0, 2, 7, 11, 12, 14, 15, 16, 18, 19, 21, 22, 23, 24, 33, 36, 37, 39, 41, 43, 57, 58, 62, 64, 70, 75, 88, 102, 104, 114, 132, 143, 149, 150, 152, 153]",36,False,4.077943135966461e-05,-2.0052838676865356e-06,1.4261571742450384e-05,40.0
F4,973,973,705,268,1758,0.7245632065775951,0.2862362971985384,0.410360884749709,cao2018,S01/061102n,frontal,median,median__frontal__F4,4,157,"[0, 2, 7, 11, 12, 14, 15, 16, 18, 19, 21, 22, 23, 24, 33, 36, 37, 39, 41, 43, 57, 58, 62, 64, 70, 75, 88, 102, 104, 114, 132, 143, 149, 150, 152, 153]",36,False,3.5238324764912246e-05,-1.0270074065893586e-06,1.2088444057167202e-05,40.0
FP1,2498,2498,2269,229,194,0.9083266613290633,0.9212342671538774,0.9147349324732916,cao2018,S01/061102n,frontal,mean,mean__frontal__FP1,4,157,"[0, 2, 7, 11, 12, 14, 15, 16, 18, 19, 21, 22, 23, 24, 33, 36, 37, 39, 41, 43, 57, 58, 62, 64, 70, 75, 88, 102, 104, 114, 132, 143, 149, 150, 152, 153]",36,False,6.0666405866172036e-05,5.334823684036535e-08,2.0204352543110558e-05,40.0
FP2,1922,1922,1705,217,758,0.8870967741935484,0.6922452293950467,0.7776510832383123,cao2018,S01/061102n,frontal,mean,mean__frontal__FP2,4,157,"[0, 2, 7, 11, 12, 14, 15, 16, 18, 19, 21, 22, 23, 24, 33, 36, 37, 39, 41, 43, 57, 58, 62, 64, 70, 75, 88, 102, 104, 114, 132, 143, 149, 150, 152, 153]",36,False,4.984579180351262e-05,8.07313950104778e-08,1.6588353469500713e-05,40.0
F3,1294,1294,1095,199,1368,0.8462132921174652,0.4445797807551766,0.5829118977907906,cao2018,S01/061102n,frontal,mean,mean__frontal__F3,4,157,"[0, 2, 7, 11, 12, 14, 15, 16, 18, 19, 21, 22, 23, 24, 33, 36, 37, 39, 41, 43, 57, 58, 62, 64, 70, 75, 88, 102, 104, 114, 132, 143, 149, 150, 152, 153]",36,False,4.2785967483397376e-05,1.2522560462284265e-09,1.4261571742450384e-05,40.0
F4,927,927,668,259,1795,0.7206040992448759,0.27121396670726755,0.3941002949852508,cao2018,S01/061102n,frontal,mean,mean__frontal__F4,4,157,"[0, 2, 7, 11, 12, 14, 15, 16, 18, 19, 21, 22, 23, 24, 33, 36, 37, 39, 41, 43, 57, 58, 62, 64, 70, 75, 88, 102, 104, 114, 132, 143, 149, 150, 152, 153]",36,False,3.6280836094876965e-05,1.5503923375357317e-08,1.2088444057167202e-05,40.0
FP1,2541,2541,2297,244,166,0.9039748130657221,0.9326025172553796,0.9180655475619505,cao2018,S01/061102n,frontal_left,median,median__frontal_left__FP1,2,157,"[12, 14, 15, 16, 18, 19, 21, 22, 23, 24, 37, 41, 57, 62, 143, 153]",16,False,5.906926118278051e-05,-3.5162585558503925e-06,2.0861839912876966e-05,40.0
F3,920,920,759,161,1704,0.825,0.3081607795371498,0.44871415903044637,cao2018,S01/061102n,frontal_left,median,median__frontal_left__F3,2,157,"[12, 14, 15, 16, 18, 19, 21, 22, 23, 24, 37, 41, 57, 62, 143, 153]",16,False,4.7956508349958055e-05,-1.3117641066909319e-06,1.6422757485549664e-05,40.0
FP1,2447,2447,2225,222,238,0.9092766653044544,0.903369874137231,0.9063136456211811,cao2018,S01/061102n,frontal_left,mean,mean__frontal_left__FP1,2,157,"[12, 14, 15, 16, 18, 19, 21, 22, 23, 24, 37, 41, 57, 62, 143, 153]",16,False,6.280283128415243e-05,2.1731154552152655e-07,2.0861839912876966e-05,40.0
F3,838,838,687,151,1776,0.8198090692124105,0.2789281364190012,0.41623750378673124,cao2018,S01/061102n,frontal_left,mean,mean__frontal_left__F3,2,157,"[12, 14, 15, 16, 18, 19, 21, 22, 23, 24, 37, 41, 57, 62, 143, 153]",16,False,4.925881251645629e-05,-9.459940192694754e-09,1.6422757485549664e-05,40.0
FP2,2072,2072,1825,247,638,0.8807915057915058,0.7409663012586277,0.8048511576626239,cao2018,S01/061102n,frontal_right,median,median__frontal_right__FP2,2,157,"[0, 2, 7, 11, 12, 14, 15, 16, 18, 19, 21, 22, 23, 24, 33, 36, 37, 39, 41, 43, 57, 58, 62, 64, 70, 75, 88, 102, 104, 114, 132, 143, 149, 150, 152, 153]",36,False,4.663650169337812e-05,-3.128558715124025e-06,1.6588353469500713e-05,40.0
F4,973,973,705,268,1758,0.7245632065775951,0.2862362971985384,0.410360884749709,cao2018,S01/061102n,frontal_right,median,median__frontal_right__F4,2,157,"[0, 2, 7, 11, 12, 14, 15, 16, 18, 19, 21, 22, 23, 24, 33, 36, 37, 39, 41, 43, 57, 58, 62, 64, 70, 75, 88, 102, 104, 114, 132, 143, 149, 150, 152, 153]",36,False,3.5238324764912246e-05,-1.0270074065893586e-06,1.2088444057167202e-05,40.0
FP2,1922,1922,1705,217,758,0.8870967741935484,0.6922452293950467,0.7776510832383123,cao2018,S01/061102n,frontal_right,mean,mean__frontal_right__FP2,2,157,"[0, 2, 7, 11, 12, 14, 15, 16, 18, 19, 21, 22, 23, 24, 33, 36, 37, 39, 41, 43, 57, 58, 62, 64, 70, 75, 88, 102, 104, 114, 132, 143, 149, 150, 152, 153]",36,False,4.984579180351262e-05,8.07313950104778e-08,1.6588353469500713e-05,40.0
F4,927,927,668,259,1795,0.7206040992448759,0.27121396670726755,0.3941002949852508,cao2018,S01/061102n,frontal_right,mean,mean__frontal_right__F4,2,157,"[0, 2, 7, 11, 12, 14, 15, 16, 18, 19, 21, 22, 23, 24, 33, 36, 37, 39, 41, 43, 57, 58, 62, 64, 70, 75, 88, 102, 104, 114, 132, 143, 149, 150, 152, 153]",36,False,3.6280836094876965e-05,1.5503923375357317e-08,1.2088444057167202e-05,40.0
FP1,2792,2792,2426,366,47,0.8689111747851003,0.98099474322685,0.9215574548907883,cao2018,S01/061102n,all_channel,median,median__all_channel__FP1,32,126,"[0, 1, 2, 3, 4, 5, 6, 7, 8, 9, 10, 11, 12, 13, 14, 15, 16, 17, 18, 19, 20, 21, 22, 23, 24, 25, 26, 27, 28, 29, 30, 31, 32, 33, 34, 35, 37, 38, 39, 40, 41, 42, 43, 44, 45, 46, 47, 48, 49, 50, 51, 52, 53, 54, 55, 56, 60, 65, 69, 70, 71, 76, 82, 83, 87, 91, 104, 105, 106, 110, 114, 117, 119, 120, 121, 122, 123, 124]",78,False,4.802092710631686e-05,-4.12548004328977e-06,1.7382135716535545e-05,50.0
FP2,2326,2326,2011,315,462,0.8645743766122098,0.8131823695915892,0.838091269014378,cao2018,S01/061102n,all_channel,median,median__all_channel__FP2,32,126,"[0, 1, 2, 3, 4, 5, 6, 7, 8, 9, 10, 11, 12, 13, 14, 15, 16, 17, 18, 19, 20, 21, 22, 23, 24, 25, 26, 27, 28, 29, 30, 31, 32, 33, 34, 35, 37, 38, 39, 40, 41, 42, 43, 44, 45, 46, 47, 48, 49, 50, 51, 52, 53, 54, 55, 56, 60, 65, 69, 70, 71, 76, 82, 83, 87, 91, 104, 105, 106, 110, 114, 117, 119, 120, 121, 122, 123, 124]",78,False,4.113580740391578e-05,-2.602619882414577e-06,1.4579475762110118e-05,50.0
F3,1957,1957,1691,266,782,0.8640776699029126,0.6837848766680146,0.7634311512415349,cao2018,S01/061102n,all_channel,median,median__all_channel__F3,32,126,"[0, 1, 2, 3, 4, 5, 6, 7, 8, 9, 10, 11, 12, 13, 14, 15, 16, 17, 18, 19, 20, 21, 22, 23, 24, 25, 26, 27, 28, 29, 30, 31, 32, 33, 34, 35, 37, 38, 39, 40, 41, 42, 43, 44, 45, 46, 47, 48, 49, 50, 51, 52, 53, 54, 55, 56, 60, 65, 69, 70, 71, 76, 82, 83, 87, 91, 104, 105, 106, 110, 114, 117, 119, 120, 121, 122, 123, 124]",78,False,3.554065091630869e-05,-1.7002866738857037e-06,1.241364586339813e-05,50.0
FZ,1384,1384,1149,235,1324,0.8302023121387283,0.46461787302871005,0.595799844438683,cao2018,S01/061102n,all_channel,median,median__all_channel__FZ,32,126,"[0, 1, 2, 3, 4, 5, 6, 7, 8, 9, 10, 11, 12, 13, 14, 15, 16, 17, 18, 19, 20, 21, 22, 23, 24, 25, 26, 27, 28, 29, 30, 31, 32, 33, 34, 35, 37, 38, 39, 40, 41, 42, 43, 44, 45, 46, 47, 48, 49, 50, 51, 52, 53, 54, 55, 56, 60, 65, 69, 70, 71, 76, 82, 83, 87, 91, 104, 105, 106, 110, 114, 117, 119, 120, 121, 122, 123, 124]",78,False,3.335421942680907e-05,-1.1697457455368465e-06,1.1507988390781972e-05,50.0
F8,1331,1331,999,332,1474,0.7505634861006761,0.40396279822078446,0.525236593059937,cao2018,S01/061102n,all_channel,median,median__all_channel__F8,32,126,"[0, 1, 2, 3, 4, 5, 6, 7, 8, 9, 10, 11, 12, 13, 14, 15, 16, 17, 18, 19, 20, 21, 22, 23, 24, 25, 26, 27, 28, 29, 30, 31, 32, 33, 34, 35, 37, 38, 39, 40, 41, 42, 43, 44, 45, 46, 47, 48, 49, 50, 51, 52, 53, 54, 55, 56, 60, 65, 69, 70, 71, 76, 82, 83, 87, 91, 104, 105, 106, 110, 114, 117, 119, 120, 121, 122, 123, 124]",78,False,2.9605850926326595e-05,-9.142414520722238e-07,1.017336412613294e-05,50.0
F7,1203,1203,950,253,1523,0.7896924355777224,0.3841488071168621,0.5168661588683351,cao2018,S01/061102n,all_channel,median,median__all_channel__F7,32,126,"[0, 1, 2, 3, 4, 5, 6, 7, 8, 9, 10, 11, 12, 13, 14, 15, 16, 17, 18, 19, 20, 21, 22, 23, 24, 25, 26, 27, 28, 29, 30, 31, 32, 33, 34, 35, 37, 38, 39, 40, 41, 42, 43, 44, 45, 46, 47, 48, 49, 50, 51, 52, 53, 54, 55, 56, 60, 65, 69, 70, 71, 76, 82, 83, 87, 91, 104, 105, 106, 110, 114, 117, 119, 120, 121, 122, 123, 124]",78,False,2.6379135278678e-05,-8.985642965271781e-07,9.092566525068392e-06,50.0
FC4,1120,1120,847,273,1626,0.75625,0.34249898908208654,0.4714723072641247,cao2018,S01/061102n,all_channel,median,median__all_channel__FC4,32,126,"[0, 1, 2, 3, 4, 5, 6, 7, 8, 9, 10, 11, 12, 13, 14, 15, 16, 17, 18, 19, 20, 21, 22, 23, 24, 25, 26, 27, 28, 29, 30, 31, 32, 33, 34, 35, 37, 38, 39, 40, 41, 42, 43, 44, 45, 46, 47, 48, 49, 50, 51, 52, 53, 54, 55, 56, 60, 65, 69, 70, 71, 76, 82, 83, 87, 91, 104, 105, 106, 110, 114, 117, 119, 120, 121, 122, 123, 124]",78,False,2.9530170051257947e-05,-8.11704537969454e-07,1.0113958196409134e-05,50.0
F4,1183,1183,847,336,1626,0.7159763313609467,0.34249898908208654,0.46334792122538293,cao2018,S01/061102n,all_channel,median,median__all_channel__F4,32,126,"[0, 1, 2, 3, 4, 5, 6, 7, 8, 9, 10, 11, 12, 13, 14, 15, 16, 17, 18, 19, 20, 21, 22, 23, 24, 25, 26, 27, 28, 29, 30, 31, 32, 33, 34, 35, 37, 38, 39, 40, 41, 42, 43, 44, 45, 46, 47, 48, 49, 50, 51, 52, 53, 54, 55, 56, 60, 65, 69, 70, 71, 76, 82, 83, 87, 91, 104, 105, 106, 110, 114, 117, 119, 120, 121, 122, 123, 124]",78,False,3.11672497762018e-05,-8.554775247966416e-07,1.0674242433666146e-05,50.0
FT7,1034,1034,793,241,1680,0.7669245647969052,0.3206631621512333,0.45223838038209296,cao2018,S01/061102n,all_channel,median,median__all_channel__FT7,32,126,"[0, 1, 2, 3, 4, 5, 6, 7, 8, 9, 10, 11, 12, 13, 14, 15, 16, 17, 18, 19, 20, 21, 22, 23, 24, 25, 26, 27, 28, 29, 30, 31, 32, 33, 34, 35, 37, 38, 39, 40, 41, 42, 43, 44, 45, 46, 47, 48, 49, 50, 51, 52, 53, 54, 55, 56, 60, 65, 69, 70, 71, 76, 82, 83, 87, 91, 104, 105, 106, 110, 114, 117, 119, 120, 121, 122, 123, 124]",78,False,2.5681396020768018e-05,-8.009204947330861e-07,8.827438838500368e-06,50.0
FT8,975,975,697,278,1776,0.7148717948717949,0.28184391427416094,0.404292343387471,cao2018,S01/061102n,all_channel,median,median__all_channel__FT8,32,126,"[0, 1, 2, 3, 4, 5, 6, 7, 8, 9, 10, 11, 12, 13, 14, 15, 16, 17, 18, 19, 20, 21, 22, 23, 24, 25, 26, 27, 28, 29, 30, 31, 32, 33, 34, 35, 37, 38, 39, 40, 41, 42, 43, 44, 45, 46, 47, 48, 49, 50, 51, 52, 53, 54, 55, 56, 60, 65, 69, 70, 71, 76, 82, 83, 87, 91, 104, 105, 106, 110, 114, 117, 119, 120, 121, 122, 123, 124]",78,False,2.4056088041487608e-05,-4.78025386250741e-07,8.178037809246116e-06,50.0
T3,914,914,684,230,1789,0.7483588621444202,0.27658714112414073,0.4038972542072631,cao2018,S01/061102n,all_channel,median,median__all_channel__T3,32,126,"[0, 1, 2, 3, 4, 5, 6, 7, 8, 9, 10, 11, 12, 13, 14, 15, 16, 17, 18, 19, 20, 21, 22, 23, 24, 25, 26, 27, 28, 29, 30, 31, 32, 33, 34, 35, 37, 38, 39, 40, 41, 42, 43, 44, 45, 46, 47, 48, 49, 50, 51, 52, 53, 54, 55, 56, 60, 65, 69, 70, 71, 76, 82, 83, 87, 91, 104, 105, 106, 110, 114, 117, 119, 120, 121, 122, 123, 124]",78,False,2.5047246853003373e-05,-7.470006596750736e-07,8.59808250422615e-06,50.0
FC3,840,840,665,175,1808,0.7916666666666666,0.2689041649818035,0.4014488379112587,cao2018,S01/061102n,all_channel,median,median__all_channel__FC3,32,126,"[0, 1, 2, 3, 4, 5, 6, 7, 8, 9, 10, 11, 12, 13, 14, 15, 16, 17, 18, 19, 20, 21, 22, 23, 24, 25, 26, 27, 28, 29, 30, 31, 32, 33, 34, 35, 37, 38, 39, 40, 41, 42, 43, 44, 45, 46, 47, 48, 49, 50, 51, 52, 53, 54, 55, 56, 60, 65, 69, 70, 71, 76, 82, 83, 87, 91, 104, 105, 106, 110, 114, 117, 119, 120, 121, 122, 123, 124]",78,False,2.8668437623365152e-05,-8.106933700549835e-07,9.826376997806712e-06,50.0
FCZ,748,748,540,208,1933,0.7219251336898396,0.21835826930853214,0.33529959639863394,cao2018,S01/061102n,all_channel,median,median__all_channel__FCZ,32,126,"[0, 1, 2, 3, 4, 5, 6, 7, 8, 9, 10, 11, 12, 13, 14, 15, 16, 17, 18, 19, 20, 21, 22, 23, 24, 25, 26, 27, 28, 29, 30, 31, 32, 33, 34, 35, 37, 38, 39, 40, 41, 42, 43, 44, 45, 46, 47, 48, 49, 50, 51, 52, 53, 54, 55, 56, 60, 65, 69, 70, 71, 76, 82, 83, 87, 91, 104, 105, 106, 110, 114, 117, 119, 120, 121, 122, 123, 124]",78,False,3.111835042623093e-05,-6.172534237885816e-07,1.057853461667317e-05,50.0
C4,725,725,497,228,1976,0.6855172413793104,0.20097048119692681,0.3108192620387742,cao2018,S01/061102n,all_channel,median,median__all_channel__C4,32,126,"[0, 1, 2, 3, 4, 5, 6, 7, 8, 9, 10, 11, 12, 13, 14, 15, 16, 17, 18, 19, 20, 21, 22, 23, 24, 25, 26, 27, 28, 29, 30, 31, 32, 33, 34, 35, 37, 38, 39, 40, 41, 42, 43, 44, 45, 46, 47, 48, 49, 50, 51, 52, 53, 54, 55, 56, 60, 65, 69, 70, 71, 76, 82, 83, 87, 91, 104, 105, 106, 110, 114, 117, 119, 120, 121, 122, 123, 124]",78,False,2.45835171860997e-05,-4.62657653443251e-07,8.348724946514318e-06,50.0
TP8,584,584,339,245,2134,0.5804794520547946,0.13708046906591184,0.22178606476938173,cao2018,S01/061102n,all_channel,median,median__all_channel__TP8,32,126,"[0, 1, 2, 3, 4, 5, 6, 7, 8, 9, 10, 11, 12, 13, 14, 15, 16, 17, 18, 19, 20, 21, 22, 23, 24, 25, 26, 27, 28, 29, 30, 31, 32, 33, 34, 35, 37, 38, 39, 40, 41, 42, 43, 44, 45, 46, 47, 48, 49, 50, 51, 52, 53, 54, 55, 56, 60, 65, 69, 70, 71, 76, 82, 83, 87, 91, 104, 105, 106, 110, 114, 117, 119, 120, 121, 122, 123, 124]",78,False,1.704280673282653e-05,-1.5229991890046847e-07,5.731702217242333e-06,50.0
CP4,500,500,318,182,2155,0.636,0.12858875859280228,0.2139253279515641,cao2018,S01/061102n,all_channel,median,median__all_channel__CP4,32,126,"[0, 1, 2, 3, 4, 5, 6, 7, 8, 9, 10, 11, 12, 13, 14, 15, 16, 17, 18, 19, 20, 21, 22, 23, 24, 25, 26, 27, 28, 29, 30, 31, 32, 33, 34, 35, 37, 38, 39, 40, 41, 42, 43, 44, 45, 46, 47, 48, 49, 50, 51, 52, 53, 54, 55, 56, 60, 65, 69, 70, 71, 76, 82, 83, 87, 91, 104, 105, 106, 110, 114, 117, 119, 120, 121, 122, 123, 124]",78,False,2.2866093444600813e-05,-3.1575198607173936e-07,7.727281810224185e-06,50.0
C3,394,394,254,140,2219,0.6446700507614214,0.10270926000808735,0.1771886989884897,cao2018,S01/061102n,all_channel,median,median__all_channel__C3,32,126,"[0, 1, 2, 3, 4, 5, 6, 7, 8, 9, 10, 11, 12, 13, 14, 15, 16, 17, 18, 19, 20, 21, 22, 23, 24, 25, 26, 27, 28, 29, 30, 31, 32, 33, 34, 35, 37, 38, 39, 40, 41, 42, 43, 44, 45, 46, 47, 48, 49, 50, 51, 52, 53, 54, 55, 56, 60, 65, 69, 70, 71, 76, 82, 83, 87, 91, 104, 105, 106, 110, 114, 117, 119, 120, 121, 122, 123, 124]",78,False,2.491605426681763e-05,-4.569272422522341e-07,8.457660503023288e-06,50.0
CZ,435,435,256,179,2217,0.5885057471264368,0.10351799433885968,0.17606602475928473,cao2018,S01/061102n,all_channel,median,median__all_channel__CZ,32,126,"[0, 1, 2, 3, 4, 5, 6, 7, 8, 9, 10, 11, 12, 13, 14, 15, 16, 17, 18, 19, 20, 21, 22, 23, 24, 25, 26, 27, 28, 29, 30, 31, 32, 33, 34, 35, 37, 38, 39, 40, 41, 42, 43, 44, 45, 46, 47, 48, 49, 50, 51, 52, 53, 54, 55, 56, 60, 65, 69, 70, 71, 76, 82, 83, 87, 91, 104, 105, 106, 110, 114, 117, 119, 120, 121, 122, 123, 124]",78,False,2.7378527404141323e-05,-4.017308112053465e-07,9.260086071782224e-06,50.0
A2,457,457,256,201,2217,0.5601750547045952,0.10351799433885968,0.17474402730375427,cao2018,S01/061102n,all_channel,median,median__all_channel__A2,32,126,"[0, 1, 2, 3, 4, 5, 6, 7, 8, 9, 10, 11, 12, 13, 14, 15, 16, 17, 18, 19, 20, 21, 22, 23, 24, 25, 26, 27, 28, 29, 30, 31, 32, 33, 34, 35, 37, 38, 39, 40, 41, 42, 43, 44, 45, 46, 47, 48, 49, 50, 51, 52, 53, 54, 55, 56, 60, 65, 69, 70, 71, 76, 82, 83, 87, 91, 104, 105, 106, 110, 114, 117, 119, 120, 121, 122, 123, 124]",78,False,1.0549880612092673e-05,6.786423264332705e-08,3.494005459816449e-06,50.0
T4,2081,2081,332,1749,2141,0.15953868332532437,0.13424989890820865,0.1458058849363197,cao2018,S01/061102n,all_channel,median,median__all_channel__T4,32,126,"[0, 1, 2, 3, 4, 5, 6, 7, 8, 9, 10, 11, 12, 13, 14, 15, 16, 17, 18, 19, 20, 21, 22, 23, 24, 25, 26, 27, 28, 29, 30, 31, 32, 33, 34, 35, 37, 38, 39, 40, 41, 42, 43, 44, 45, 46, 47, 48, 49, 50, 51, 52, 53, 54, 55, 56, 60, 65, 69, 70, 71, 76, 82, 83, 87, 91, 104, 105, 106, 110, 114, 117, 119, 120, 121, 122, 123, 124]",78,False,1.6505843140713882e-05,0.0,5.501947713571294e-06,50.0
P4,355,355,204,151,2269,0.5746478873239437,0.08249090173877881,0.14427157001414426,cao2018,S01/061102n,all_channel,median,median__all_channel__P4,32,126,"[0, 1, 2, 3, 4, 5, 6, 7, 8, 9, 10, 11, 12, 13, 14, 15, 16, 17, 18, 19, 20, 21, 22, 23, 24, 25, 26, 27, 28, 29, 30, 31, 32, 33, 34, 35, 37, 38, 39, 40, 41, 42, 43, 44, 45, 46, 47, 48, 49, 50, 51, 52, 53, 54, 55, 56, 60, 65, 69, 70, 71, 76, 82, 83, 87, 91, 104, 105, 106, 110, 114, 117, 119, 120, 121, 122, 123, 124]",78,False,2.0895594268492145e-05,-2.1287416670521628e-07,7.0361561450657875e-06,50.0
T6,334,334,160,174,2313,0.47904191616766467,0.0646987464617873,0.11400071250445315,cao2018,S01/061102n,all_channel,median,median__all_channel__T6,32,126,"[0, 1, 2, 3, 4, 5, 6, 7, 8, 9, 10, 11, 12, 13, 14, 15, 16, 17, 18, 19, 20, 21, 22, 23, 24, 25, 26, 27, 28, 29, 30, 31, 32, 33, 34, 35, 37, 38, 39, 40, 41, 42, 43, 44, 45, 46, 47, 48, 49, 50, 51, 52, 53, 54, 55, 56, 60, 65, 69, 70, 71, 76, 82, 83, 87, 91, 104, 105, 106, 110, 114, 117, 119, 120, 121, 122, 123, 124]",78,False,1.6525550489998433e-05,-1.1597418116737816e-07,5.547174890388603e-06,50.0
CPZ,274,274,127,147,2346,0.4635036496350365,0.05135463000404367,0.09246450673461959,cao2018,S01/061102n,all_channel,median,median__all_channel__CPZ,32,126,"[0, 1, 2, 3, 4, 5, 6, 7, 8, 9, 10, 11, 12, 13, 14, 15, 16, 17, 18, 19, 20, 21, 22, 23, 24, 25, 26, 27, 28, 29, 30, 31, 32, 33, 34, 35, 37, 38, 39, 40, 41, 42, 43, 44, 45, 46, 47, 48, 49, 50, 51, 52, 53, 54, 55, 56, 60, 65, 69, 70, 71, 76, 82, 83, 87, 91, 104, 105, 106, 110, 114, 117, 119, 120, 121, 122, 123, 124]",78,False,2.3813677222378078e-05,-2.4364376034519855e-07,8.019106994241092e-06,50.0
CP3,212,212,97,115,2376,0.45754716981132076,0.039223615042458554,0.07225325884543761,cao2018,S01/061102n,all_channel,median,median__all_channel__CP3,32,126,"[0, 1, 2, 3, 4, 5, 6, 7, 8, 9, 10, 11, 12, 13, 14, 15, 16, 17, 18, 19, 20, 21, 22, 23, 24, 25, 26, 27, 28, 29, 30, 31, 32, 33, 34, 35, 37, 38, 39, 40, 41, 42, 43, 44, 45, 46, 47, 48, 49, 50, 51, 52, 53, 54, 55, 56, 60, 65, 69, 70, 71, 76, 82, 83, 87, 91, 104, 105, 106, 110, 114, 117, 119, 120, 121, 122, 123, 124]",78,False,2.1727294116567686e-05,-2.3621674187798852e-07,7.321170286148558e-06,50.0
PZ,208,208,79,129,2394,0.3798076923076923,0.03194500606550748,0.05893323386795971,cao2018,S01/061102n,all_channel,median,median__all_channel__PZ,32,126,"[0, 1, 2, 3, 4, 5, 6, 7, 8, 9, 10, 11, 12, 13, 14, 15, 16, 17, 18, 19, 20, 21, 22, 23, 24, 25, 26, 27, 28, 29, 30, 31, 32, 33, 34, 35, 37, 38, 39, 40, 41, 42, 43, 44, 45, 46, 47, 48, 49, 50, 51, 52, 53, 54, 55, 56, 60, 65, 69, 70, 71, 76, 82, 83, 87, 91, 104, 105, 106, 110, 114, 117, 119, 120, 121, 122, 123, 124]",78,False,2.1569881729946905e-05,-1.6122520694353906e-07,7.2437023122968144e-06,50.0
P3,175,175,64,111,2409,0.3657142857142857,0.02587949858471492,0.04833836858006042,cao2018,S01/061102n,all_channel,median,median__all_channel__P3,32,126,"[0, 1, 2, 3, 4, 5, 6, 7, 8, 9, 10, 11, 12, 13, 14, 15, 16, 17, 18, 19, 20, 21, 22, 23, 24, 25, 26, 27, 28, 29, 30, 31, 32, 33, 34, 35, 37, 38, 39, 40, 41, 42, 43, 44, 45, 46, 47, 48, 49, 50, 51, 52, 53, 54, 55, 56, 60, 65, 69, 70, 71, 76, 82, 83, 87, 91, 104, 105, 106, 110, 114, 117, 119, 120, 121, 122, 123, 124]",78,False,1.9877714881676303e-05,-1.6533999833560956e-07,6.681018293337304e-06,50.0
TP7,1055,1055,68,987,2405,0.06445497630331753,0.027496967246259604,0.03854875283446712,cao2018,S01/061102n,all_channel,median,median__all_channel__TP7,32,126,"[0, 1, 2, 3, 4, 5, 6, 7, 8, 9, 10, 11, 12, 13, 14, 15, 16, 17, 18, 19, 20, 21, 22, 23, 24, 25, 26, 27, 28, 29, 30, 31, 32, 33, 34, 35, 37, 38, 39, 40, 41, 42, 43, 44, 45, 46, 47, 48, 49, 50, 51, 52, 53, 54, 55, 56, 60, 65, 69, 70, 71, 76, 82, 83, 87, 91, 104, 105, 106, 110, 114, 117, 119, 120, 121, 122, 123, 124]",78,False,2.0309188994831214e-05,-9.501591191021298e-08,6.801401635580476e-06,50.0
A1,226,226,33,193,2440,0.14601769911504425,0.01334411645774363,0.02445350129677658,cao2018,S01/061102n,all_channel,median,median__all_channel__A1,32,126,"[0, 1, 2, 3, 4, 5, 6, 7, 8, 9, 10, 11, 12, 13, 14, 15, 16, 17, 18, 19, 20, 21, 22, 23, 24, 25, 26, 27, 28, 29, 30, 31, 32, 33, 34, 35, 37, 38, 39, 40, 41, 42, 43, 44, 45, 46, 47, 48, 49, 50, 51, 52, 53, 54, 55, 56, 60, 65, 69, 70, 71, 76, 82, 83, 87, 91, 104, 105, 106, 110, 114, 117, 119, 120, 121, 122, 123, 124]",78,False,1.0417214283719582e-05,-6.767189042491979e-08,3.494962058048167e-06,50.0
O2,153,153,30,123,2443,0.19607843137254902,0.01213101496158512,0.02284843869002285,cao2018,S01/061102n,all_channel,median,median__all_channel__O2,32,126,"[0, 1, 2, 3, 4, 5, 6, 7, 8, 9, 10, 11, 12, 13, 14, 15, 16, 17, 18, 19, 20, 21, 22, 23, 24, 25, 26, 27, 28, 29, 30, 31, 32, 33, 34, 35, 37, 38, 39, 40, 41, 42, 43, 44, 45, 46, 47, 48, 49, 50, 51, 52, 53, 54, 55, 56, 60, 65, 69, 70, 71, 76, 82, 83, 87, 91, 104, 105, 106, 110, 114, 117, 119, 120, 121, 122, 123, 124]",78,False,1.7663582862365665e-05,-7.543780724894746e-08,5.913006889871538e-06,50.0
T5,143,143,25,118,2448,0.17482517482517482,0.010109179134654266,0.019113149847094803,cao2018,S01/061102n,all_channel,median,median__all_channel__T5,32,126,"[0, 1, 2, 3, 4, 5, 6, 7, 8, 9, 10, 11, 12, 13, 14, 15, 16, 17, 18, 19, 20, 21, 22, 23, 24, 25, 26, 27, 28, 29, 30, 31, 32, 33, 34, 35, 37, 38, 39, 40, 41, 42, 43, 44, 45, 46, 47, 48, 49, 50, 51, 52, 53, 54, 55, 56, 60, 65, 69, 70, 71, 76, 82, 83, 87, 91, 104, 105, 106, 110, 114, 117, 119, 120, 121, 122, 123, 124]",78,False,1.547013223805067e-05,-3.5947063284075357e-08,5.1686931004449135e-06,50.0
OZ,146,146,21,125,2452,0.14383561643835616,0.008491710473109584,0.016036655211912942,cao2018,S01/061102n,all_channel,median,median__all_channel__OZ,32,126,"[0, 1, 2, 3, 4, 5, 6, 7, 8, 9, 10, 11, 12, 13, 14, 15, 16, 17, 18, 19, 20, 21, 22, 23, 24, 25, 26, 27, 28, 29, 30, 31, 32, 33, 34, 35, 37, 38, 39, 40, 41, 42, 43, 44, 45, 46, 47, 48, 49, 50, 51, 52, 53, 54, 55, 56, 60, 65, 69, 70, 71, 76, 82, 83, 87, 91, 104, 105, 106, 110, 114, 117, 119, 120, 121, 122, 123, 124]",78,False,1.6614438874407326e-05,-4.704504541249693e-08,5.553827973273275e-06,50.0
O1,135,135,13,122,2460,0.0962962962962963,0.005256773150020219,0.009969325153374233,cao2018,S01/061102n,all_channel,median,median__all_channel__O1,32,126,"[0, 1, 2, 3, 4, 5, 6, 7, 8, 9, 10, 11, 12, 13, 14, 15, 16, 17, 18, 19, 20, 21, 22, 23, 24, 25, 26, 27, 28, 29, 30, 31, 32, 33, 34, 35, 37, 38, 39, 40, 41, 42, 43, 44, 45, 46, 47, 48, 49, 50, 51, 52, 53, 54, 55, 56, 60, 65, 69, 70, 71, 76, 82, 83, 87, 91, 104, 105, 106, 110, 114, 117, 119, 120, 121, 122, 123, 124]",78,False,1.740886894409799e-05,-2.29048913063169e-08,5.810591278468102e-06,50.0
FP1,2720,2720,2403,317,70,0.8834558823529411,0.9716942984229681,0.9254766031195841,cao2018,S01/061102n,all_channel,mean,mean__all_channel__FP1,32,126,"[0, 1, 2, 3, 4, 5, 6, 7, 8, 9, 10, 11, 12, 13, 14, 15, 16, 17, 18, 19, 20, 21, 22, 23, 24, 25, 26, 27, 28, 29, 30, 31, 32, 33, 34, 35, 37, 38, 39, 40, 41, 42, 43, 44, 45, 46, 47, 48, 49, 50, 51, 52, 53, 54, 55, 56, 60, 65, 69, 70, 71, 76, 82, 83, 87, 91, 104, 105, 106, 110, 114, 117, 119, 120, 121, 122, 123, 124]",78,False,5.207175463362214e-05,-7.465251598448669e-08,1.7382135716535545e-05,50.0
FP2,2208,2208,1923,285,550,0.8709239130434783,0.7775980590376061,0.8216193121127965,cao2018,S01/061102n,all_channel,mean,mean__all_channel__FP2,32,126,"[0, 1, 2, 3, 4, 5, 6, 7, 8, 9, 10, 11, 12, 13, 14, 15, 16, 17, 18, 19, 20, 21, 22, 23, 24, 25, 26, 27, 28, 29, 30, 31, 32, 33, 34, 35, 37, 38, 39, 40, 41, 42, 43, 44, 45, 46, 47, 48, 49, 50, 51, 52, 53, 54, 55, 56, 60, 65, 69, 70, 71, 76, 82, 83, 87, 91, 104, 105, 106, 110, 114, 117, 119, 120, 121, 122, 123, 124]",78,False,4.372885835501342e-05,-9.568931316936661e-09,1.4579475762110118e-05,50.0
F3,1836,1836,1583,253,890,0.8622004357298475,0.6401132228063081,0.7347412392666511,cao2018,S01/061102n,all_channel,mean,mean__all_channel__F3,32,126,"[0, 1, 2, 3, 4, 5, 6, 7, 8, 9, 10, 11, 12, 13, 14, 15, 16, 17, 18, 19, 20, 21, 22, 23, 24, 25, 26, 27, 28, 29, 30, 31, 32, 33, 34, 35, 37, 38, 39, 40, 41, 42, 43, 44, 45, 46, 47, 48, 49, 50, 51, 52, 53, 54, 55, 56, 60, 65, 69, 70, 71, 76, 82, 83, 87, 91, 104, 105, 106, 110, 114, 117, 119, 120, 121, 122, 123, 124]",78,False,3.709403926978525e-05,-1.4689832040913464e-07,1.241364586339813e-05,50.0
FZ,1300,1300,1086,214,1387,0.8353846153846154,0.4391427416093813,0.5756692287304532,cao2018,S01/061102n,all_channel,mean,mean__all_channel__FZ,32,126,"[0, 1, 2, 3, 4, 5, 6, 7, 8, 9, 10, 11, 12, 13, 14, 15, 16, 17, 18, 19, 20, 21, 22, 23, 24, 25, 26, 27, 28, 29, 30, 31, 32, 33, 34, 35, 37, 38, 39, 40, 41, 42, 43, 44, 45, 46, 47, 48, 49, 50, 51, 52, 53, 54, 55, 56, 60, 65, 69, 70, 71, 76, 82, 83, 87, 91, 104, 105, 106, 110, 114, 117, 119, 120, 121, 122, 123, 124]",78,False,3.452563545028384e-05,1.670277937925087e-09,1.1507988390781972e-05,50.0
F8,1278,1278,964,314,1509,0.7543035993740219,0.3898099474322685,0.5139962676619567,cao2018,S01/061102n,all_channel,mean,mean__all_channel__F8,32,126,"[0, 1, 2, 3, 4, 5, 6, 7, 8, 9, 10, 11, 12, 13, 14, 15, 16, 17, 18, 19, 20, 21, 22, 23, 24, 25, 26, 27, 28, 29, 30, 31, 32, 33, 34, 35, 37, 38, 39, 40, 41, 42, 43, 44, 45, 46, 47, 48, 49, 50, 51, 52, 53, 54, 55, 56, 60, 65, 69, 70, 71, 76, 82, 83, 87, 91, 104, 105, 106, 110, 114, 117, 119, 120, 121, 122, 123, 124]",78,False,3.0518220977433205e-05,-1.871400965615187e-09,1.017336412613294e-05,50.0
F7,1070,1070,851,219,1622,0.7953271028037383,0.3441164577436312,0.48038385548969803,cao2018,S01/061102n,all_channel,mean,mean__all_channel__F7,32,126,"[0, 1, 2, 3, 4, 5, 6, 7, 8, 9, 10, 11, 12, 13, 14, 15, 16, 17, 18, 19, 20, 21, 22, 23, 24, 25, 26, 27, 28, 29, 30, 31, 32, 33, 34, 35, 37, 38, 39, 40, 41, 42, 43, 44, 45, 46, 47, 48, 49, 50, 51, 52, 53, 54, 55, 56, 60, 65, 69, 70, 71, 76, 82, 83, 87, 91, 104, 105, 106, 110, 114, 117, 119, 120, 121, 122, 123, 124]",78,False,2.7279663265934418e-05,1.9636907292421847e-09,9.092566525068392e-06,50.0
FC4,1078,1078,816,262,1657,0.7569573283858998,0.32996360695511523,0.4595888482117713,cao2018,S01/061102n,all_channel,mean,mean__all_channel__FC4,32,126,"[0, 1, 2, 3, 4, 5, 6, 7, 8, 9, 10, 11, 12, 13, 14, 15, 16, 17, 18, 19, 20, 21, 22, 23, 24, 25, 26, 27, 28, 29, 30, 31, 32, 33, 34, 35, 37, 38, 39, 40, 41, 42, 43, 44, 45, 46, 47, 48, 49, 50, 51, 52, 53, 54, 55, 56, 60, 65, 69, 70, 71, 76, 82, 83, 87, 91, 104, 105, 106, 110, 114, 117, 119, 120, 121, 122, 123, 124]",78,False,3.0344473121703554e-05,2.598532476151761e-09,1.0113958196409134e-05,50.0
F4,1131,1131,816,315,1657,0.7214854111405835,0.32996360695511523,0.45283018867924524,cao2018,S01/061102n,all_channel,mean,mean__all_channel__F4,32,126,"[0, 1, 2, 3, 4, 5, 6, 7, 8, 9, 10, 11, 12, 13, 14, 15, 16, 17, 18, 19, 20, 21, 22, 23, 24, 25, 26, 27, 28, 29, 30, 31, 32, 33, 34, 35, 37, 38, 39, 40, 41, 42, 43, 44, 45, 46, 47, 48, 49, 50, 51, 52, 53, 54, 55, 56, 60, 65, 69, 70, 71, 76, 82, 83, 87, 91, 104, 105, 106, 110, 114, 117, 119, 120, 121, 122, 123, 124]",78,False,3.200577034384479e-05,-1.695695715365124e-08,1.0674242433666146e-05,50.0
FT7,917,917,707,210,1766,0.7709923664122137,0.28588758592802266,0.41710914454277287,cao2018,S01/061102n,all_channel,mean,mean__all_channel__FT7,32,126,"[0, 1, 2, 3, 4, 5, 6, 7, 8, 9, 10, 11, 12, 13, 14, 15, 16, 17, 18, 19, 20, 21, 22, 23, 24, 25, 26, 27, 28, 29, 30, 31, 32, 33, 34, 35, 37, 38, 39, 40, 41, 42, 43, 44, 45, 46, 47, 48, 49, 50, 51, 52, 53, 54, 55, 56, 60, 65, 69, 70, 71, 76, 82, 83, 87, 91, 104, 105, 106, 110, 114, 117, 119, 120, 121, 122, 123, 124]",78,False,2.64841603161818e-05,1.8438006806959971e-09,8.827438838500368e-06,50.0
FT8,950,950,680,270,1793,0.7157894736842105,0.274969672462596,0.3973122991527899,cao2018,S01/061102n,all_channel,mean,mean__all_channel__FT8,32,126,"[0, 1, 2, 3, 4, 5, 6, 7, 8, 9, 10, 11, 12, 13, 14, 15, 16, 17, 18, 19, 20, 21, 22, 23, 24, 25, 26, 27, 28, 29, 30, 31, 32, 33, 34, 35, 37, 38, 39, 40, 41, 42, 43, 44, 45, 46, 47, 48, 49, 50, 51, 52, 53, 54, 55, 56, 60, 65, 69, 70, 71, 76, 82, 83, 87, 91, 104, 105, 106, 110, 114, 117, 119, 120, 121, 122, 123, 124]",78,False,2.4533634466282264e-05,-4.789614560861231e-10,8.178037809246116e-06,50.0
T3,819,819,607,212,1866,0.7411477411477412,0.24545086938940558,0.3687727825030377,cao2018,S01/061102n,all_channel,mean,mean__all_channel__T3,32,126,"[0, 1, 2, 3, 4, 5, 6, 7, 8, 9, 10, 11, 12, 13, 14, 15, 16, 17, 18, 19, 20, 21, 22, 23, 24, 25, 26, 27, 28, 29, 30, 31, 32, 33, 34, 35, 37, 38, 39, 40, 41, 42, 43, 44, 45, 46, 47, 48, 49, 50, 51, 52, 53, 54, 55, 56, 60, 65, 69, 70, 71, 76, 82, 83, 87, 91, 104, 105, 106, 110, 114, 117, 119, 120, 121, 122, 123, 124]",78,False,2.5796452728396437e-05,2.2052157179890796e-09,8.59808250422615e-06,50.0
FC3,740,740,586,154,1887,0.7918918918918919,0.236959158916296,0.3647681294740119,cao2018,S01/061102n,all_channel,mean,mean__all_channel__FC3,32,126,"[0, 1, 2, 3, 4, 5, 6, 7, 8, 9, 10, 11, 12, 13, 14, 15, 16, 17, 18, 19, 20, 21, 22, 23, 24, 25, 26, 27, 28, 29, 30, 31, 32, 33, 34, 35, 37, 38, 39, 40, 41, 42, 43, 44, 45, 46, 47, 48, 49, 50, 51, 52, 53, 54, 55, 56, 60, 65, 69, 70, 71, 76, 82, 83, 87, 91, 104, 105, 106, 110, 114, 117, 119, 120, 121, 122, 123, 124]",78,False,2.9479185787995215e-05,5.4794575078465296e-11,9.826376997806712e-06,50.0
FCZ,711,711,509,202,1964,0.7158931082981715,0.20582288718156086,0.31972361809045224,cao2018,S01/061102n,all_channel,mean,mean__all_channel__FCZ,32,126,"[0, 1, 2, 3, 4, 5, 6, 7, 8, 9, 10, 11, 12, 13, 14, 15, 16, 17, 18, 19, 20, 21, 22, 23, 24, 25, 26, 27, 28, 29, 30, 31, 32, 33, 34, 35, 37, 38, 39, 40, 41, 42, 43, 44, 45, 46, 47, 48, 49, 50, 51, 52, 53, 54, 55, 56, 60, 65, 69, 70, 71, 76, 82, 83, 87, 91, 104, 105, 106, 110, 114, 117, 119, 120, 121, 122, 123, 124]",78,False,3.174053412618601e-05,4.930276166492928e-09,1.057853461667317e-05,50.0
C4,693,693,474,219,1999,0.683982683982684,0.1916700363930449,0.29943145925457987,cao2018,S01/061102n,all_channel,mean,mean__all_channel__C4,32,126,"[0, 1, 2, 3, 4, 5, 6, 7, 8, 9, 10, 11, 12, 13, 14, 15, 16, 17, 18, 19, 20, 21, 22, 23, 24, 25, 26, 27, 28, 29, 30, 31, 32, 33, 34, 35, 37, 38, 39, 40, 41, 42, 43, 44, 45, 46, 47, 48, 49, 50, 51, 52, 53, 54, 55, 56, 60, 65, 69, 70, 71, 76, 82, 83, 87, 91, 104, 105, 106, 110, 114, 117, 119, 120, 121, 122, 123, 124]",78,False,2.504858607041922e-05,2.4112308762668404e-09,8.348724946514318e-06,50.0
TP8,573,573,333,240,2140,0.581151832460733,0.13465426607359482,0.21864740643466843,cao2018,S01/061102n,all_channel,mean,mean__all_channel__TP8,32,126,"[0, 1, 2, 3, 4, 5, 6, 7, 8, 9, 10, 11, 12, 13, 14, 15, 16, 17, 18, 19, 20, 21, 22, 23, 24, 25, 26, 27, 28, 29, 30, 31, 32, 33, 34, 35, 37, 38, 39, 40, 41, 42, 43, 44, 45, 46, 47, 48, 49, 50, 51, 52, 53, 54, 55, 56, 60, 65, 69, 70, 71, 76, 82, 83, 87, 91, 104, 105, 106, 110, 114, 117, 119, 120, 121, 122, 123, 124]",78,False,1.719591859251719e-05,8.119407901878004e-10,5.731702217242333e-06,50.0
CP4,487,487,308,179,2165,0.6324435318275154,0.12454508693894056,0.20810810810810812,cao2018,S01/061102n,all_channel,mean,mean__all_channel__CP4,32,126,"[0, 1, 2, 3, 4, 5, 6, 7, 8, 9, 10, 11, 12, 13, 14, 15, 16, 17, 18, 19, 20, 21, 22, 23, 24, 25, 26, 27, 28, 29, 30, 31, 32, 33, 34, 35, 37, 38, 39, 40, 41, 42, 43, 44, 45, 46, 47, 48, 49, 50, 51, 52, 53, 54, 55, 56, 60, 65, 69, 70, 71, 76, 82, 83, 87, 91, 104, 105, 106, 110, 114, 117, 119, 120, 121, 122, 123, 124]",78,False,2.3184344958827704e-05,2.4995281551535505e-09,7.727281810224185e-06,50.0
A2,461,461,258,203,2215,0.559652928416486,0.10432672866963202,0.17586912065439675,cao2018,S01/061102n,all_channel,mean,mean__all_channel__A2,32,126,"[0, 1, 2, 3, 4, 5, 6, 7, 8, 9, 10, 11, 12, 13, 14, 15, 16, 17, 18, 19, 20, 21, 22, 23, 24, 25, 26, 27, 28, 29, 30, 31, 32, 33, 34, 35, 37, 38, 39, 40, 41, 42, 43, 44, 45, 46, 47, 48, 49, 50, 51, 52, 53, 54, 55, 56, 60, 65, 69, 70, 71, 76, 82, 83, 87, 91, 104, 105, 106, 110, 114, 117, 119, 120, 121, 122, 123, 124]",78,False,1.0479014529089606e-05,-3.001850359740775e-09,3.494005459816449e-06,50.0
CZ,413,413,239,174,2234,0.5786924939467313,0.09664375252729479,0.16562716562716565,cao2018,S01/061102n,all_channel,mean,mean__all_channel__CZ,32,126,"[0, 1, 2, 3, 4, 5, 6, 7, 8, 9, 10, 11, 12, 13, 14, 15, 16, 17, 18, 19, 20, 21, 22, 23, 24, 25, 26, 27, 28, 29, 30, 31, 32, 33, 34, 35, 37, 38, 39, 40, 41, 42, 43, 44, 45, 46, 47, 48, 49, 50, 51, 52, 53, 54, 55, 56, 60, 65, 69, 70, 71, 76, 82, 83, 87, 91, 104, 105, 106, 110, 114, 117, 119, 120, 121, 122, 123, 124]",78,False,2.7784287657424773e-05,4.0294420781035196e-09,9.260086071782224e-06,50.0
C3,367,367,232,135,2241,0.6321525885558583,0.09381318236959159,0.16338028169014085,cao2018,S01/061102n,all_channel,mean,mean__all_channel__C3,32,126,"[0, 1, 2, 3, 4, 5, 6, 7, 8, 9, 10, 11, 12, 13, 14, 15, 16, 17, 18, 19, 20, 21, 22, 23, 24, 25, 26, 27, 28, 29, 30, 31, 32, 33, 34, 35, 37, 38, 39, 40, 41, 42, 43, 44, 45, 46, 47, 48, 49, 50, 51, 52, 53, 54, 55, 56, 60, 65, 69, 70, 71, 76, 82, 83, 87, 91, 104, 105, 106, 110, 114, 117, 119, 120, 121, 122, 123, 124]",78,False,2.5374265632124093e-05,1.2841230542269978e-09,8.457660503023288e-06,50.0
T4,2081,2081,332,1749,2141,0.15953868332532437,0.13424989890820865,0.1458058849363197,cao2018,S01/061102n,all_channel,mean,mean__all_channel__T4,32,126,"[0, 1, 2, 3, 4, 5, 6, 7, 8, 9, 10, 11, 12, 13, 14, 15, 16, 17, 18, 19, 20, 21, 22, 23, 24, 25, 26, 27, 28, 29, 30, 31, 32, 33, 34, 35, 37, 38, 39, 40, 41, 42, 43, 44, 45, 46, 47, 48, 49, 50, 51, 52, 53, 54, 55, 56, 60, 65, 69, 70, 71, 76, 82, 83, 87, 91, 104, 105, 106, 110, 114, 117, 119, 120, 121, 122, 123, 124]",78,False,1.650438391831595e-05,-1.4592223979293326e-09,5.501947713571294e-06,50.0
P4,349,349,201,148,2272,0.5759312320916905,0.0812778002426203,0.14245216158752658,cao2018,S01/061102n,all_channel,mean,mean__all_channel__P4,32,126,"[0, 1, 2, 3, 4, 5, 6, 7, 8, 9, 10, 11, 12, 13, 14, 15, 16, 17, 18, 19, 20, 21, 22, 23, 24, 25, 26, 27, 28, 29, 30, 31, 32, 33, 34, 35, 37, 38, 39, 40, 41, 42, 43, 44, 45, 46, 47, 48, 49, 50, 51, 52, 53, 54, 55, 56, 60, 65, 69, 70, 71, 76, 82, 83, 87, 91, 104, 105, 106, 110, 114, 117, 119, 120, 121, 122, 123, 124]",78,False,2.111075469964345e-05,2.2862644460877625e-09,7.0361561450657875e-06,50.0
T6,328,328,156,172,2317,0.47560975609756095,0.06308127780024263,0.11138878971795789,cao2018,S01/061102n,all_channel,mean,mean__all_channel__T6,32,126,"[0, 1, 2, 3, 4, 5, 6, 7, 8, 9, 10, 11, 12, 13, 14, 15, 16, 17, 18, 19, 20, 21, 22, 23, 24, 25, 26, 27, 28, 29, 30, 31, 32, 33, 34, 35, 37, 38, 39, 40, 41, 42, 43, 44, 45, 46, 47, 48, 49, 50, 51, 52, 53, 54, 55, 56, 60, 65, 69, 70, 71, 76, 82, 83, 87, 91, 104, 105, 106, 110, 114, 117, 119, 120, 121, 122, 123, 124]",78,False,1.664600063547652e-05,4.4759643107103834e-09,5.547174890388603e-06,50.0
CPZ,259,259,119,140,2354,0.4594594594594595,0.048119692680954305,0.08711566617862371,cao2018,S01/061102n,all_channel,mean,mean__all_channel__CPZ,32,126,"[0, 1, 2, 3, 4, 5, 6, 7, 8, 9, 10, 11, 12, 13, 14, 15, 16, 17, 18, 19, 20, 21, 22, 23, 24, 25, 26, 27, 28, 29, 30, 31, 32, 33, 34, 35, 37, 38, 39, 40, 41, 42, 43, 44, 45, 46, 47, 48, 49, 50, 51, 52, 53, 54, 55, 56, 60, 65, 69, 70, 71, 76, 82, 83, 87, 91, 104, 105, 106, 110, 114, 117, 119, 120, 121, 122, 123, 124]",78,False,2.4061902680705224e-05,4.5816979819478905e-09,8.019106994241092e-06,50.0
CP3,200,200,89,111,2384,0.445,0.035988677719369186,0.06659184436962214,cao2018,S01/061102n,all_channel,mean,mean__all_channel__CP3,32,126,"[0, 1, 2, 3, 4, 5, 6, 7, 8, 9, 10, 11, 12, 13, 14, 15, 16, 17, 18, 19, 20, 21, 22, 23, 24, 25, 26, 27, 28, 29, 30, 31, 32, 33, 34, 35, 37, 38, 39, 40, 41, 42, 43, 44, 45, 46, 47, 48, 49, 50, 51, 52, 53, 54, 55, 56, 60, 65, 69, 70, 71, 76, 82, 83, 87, 91, 104, 105, 106, 110, 114, 117, 119, 120, 121, 122, 123, 124]",78,False,2.196671566831781e-05,3.2048098721369647e-09,7.321170286148558e-06,50.0
PZ,199,199,74,125,2399,0.37185929648241206,0.029923170238576626,0.055389221556886234,cao2018,S01/061102n,all_channel,mean,mean__all_channel__PZ,32,126,"[0, 1, 2, 3, 4, 5, 6, 7, 8, 9, 10, 11, 12, 13, 14, 15, 16, 17, 18, 19, 20, 21, 22, 23, 24, 25, 26, 27, 28, 29, 30, 31, 32, 33, 34, 35, 37, 38, 39, 40, 41, 42, 43, 44, 45, 46, 47, 48, 49, 50, 51, 52, 53, 54, 55, 56, 60, 65, 69, 70, 71, 76, 82, 83, 87, 91, 104, 105, 106, 110, 114, 117, 119, 120, 121, 122, 123, 124]",78,False,2.173542978351738e-05,4.322846626935759e-09,7.2437023122968144e-06,50.0
P3,166,166,61,105,2412,0.3674698795180723,0.02466639708855641,0.046229632436528986,cao2018,S01/061102n,all_channel,mean,mean__all_channel__P3,32,126,"[0, 1, 2, 3, 4, 5, 6, 7, 8, 9, 10, 11, 12, 13, 14, 15, 16, 17, 18, 19, 20, 21, 22, 23, 24, 25, 26, 27, 28, 29, 30, 31, 32, 33, 34, 35, 37, 38, 39, 40, 41, 42, 43, 44, 45, 46, 47, 48, 49, 50, 51, 52, 53, 54, 55, 56, 60, 65, 69, 70, 71, 76, 82, 83, 87, 91, 104, 105, 106, 110, 114, 117, 119, 120, 121, 122, 123, 124]",78,False,2.004638770174569e-05,3.3328217337794777e-09,6.681018293337304e-06,50.0
TP7,1053,1053,68,985,2405,0.06457739791073125,0.027496967246259604,0.038570618264322176,cao2018,S01/061102n,all_channel,mean,mean__all_channel__TP7,32,126,"[0, 1, 2, 3, 4, 5, 6, 7, 8, 9, 10, 11, 12, 13, 14, 15, 16, 17, 18, 19, 20, 21, 22, 23, 24, 25, 26, 27, 28, 29, 30, 31, 32, 33, 34, 35, 37, 38, 39, 40, 41, 42, 43, 44, 45, 46, 47, 48, 49, 50, 51, 52, 53, 54, 55, 56, 60, 65, 69, 70, 71, 76, 82, 83, 87, 91, 104, 105, 106, 110, 114, 117, 119, 120, 121, 122, 123, 124]",78,False,2.0408310332202012e-05,4.105425460587379e-09,6.801401635580476e-06,50.0
A1,222,222,31,191,2442,0.13963963963963963,0.01253538212697129,0.023005565862708723,cao2018,S01/061102n,all_channel,mean,mean__all_channel__A1,32,126,"[0, 1, 2, 3, 4, 5, 6, 7, 8, 9, 10, 11, 12, 13, 14, 15, 16, 17, 18, 19, 20, 21, 22, 23, 24, 25, 26, 27, 28, 29, 30, 31, 32, 33, 34, 35, 37, 38, 39, 40, 41, 42, 43, 44, 45, 46, 47, 48, 49, 50, 51, 52, 53, 54, 55, 56, 60, 65, 69, 70, 71, 76, 82, 83, 87, 91, 104, 105, 106, 110, 114, 117, 119, 120, 121, 122, 123, 124]",78,False,1.0487894644934688e-05,3.008470790185649e-09,3.494962058048167e-06,50.0
O2,152,152,30,122,2443,0.19736842105263158,0.01213101496158512,0.02285714285714286,cao2018,S01/061102n,all_channel,mean,mean__all_channel__O2,32,126,"[0, 1, 2, 3, 4, 5, 6, 7, 8, 9, 10, 11, 12, 13, 14, 15, 16, 17, 18, 19, 20, 21, 22, 23, 24, 25, 26, 27, 28, 29, 30, 31, 32, 33, 34, 35, 37, 38, 39, 40, 41, 42, 43, 44, 45, 46, 47, 48, 49, 50, 51, 52, 53, 54, 55, 56, 60, 65, 69, 70, 71, 76, 82, 83, 87, 91, 104, 105, 106, 110, 114, 117, 119, 120, 121, 122, 123, 124]",78,False,1.774439021641721e-05,5.369546802597061e-09,5.913006889871538e-06,50.0
T5,142,142,25,117,2448,0.176056338028169,0.010109179134654266,0.019120458891013385,cao2018,S01/061102n,all_channel,mean,mean__all_channel__T5,32,126,"[0, 1, 2, 3, 4, 5, 6, 7, 8, 9, 10, 11, 12, 13, 14, 15, 16, 17, 18, 19, 20, 21, 22, 23, 24, 25, 26, 27, 28, 29, 30, 31, 32, 33, 34, 35, 37, 38, 39, 40, 41, 42, 43, 44, 45, 46, 47, 48, 49, 50, 51, 52, 53, 54, 55, 56, 60, 65, 69, 70, 71, 76, 82, 83, 87, 91, 104, 105, 106, 110, 114, 117, 119, 120, 121, 122, 123, 124]",78,False,1.550761934416194e-05,1.5400428271965788e-09,5.1686931004449135e-06,50.0
OZ,146,146,21,125,2452,0.14383561643835616,0.008491710473109584,0.016036655211912942,cao2018,S01/061102n,all_channel,mean,mean__all_channel__OZ,32,126,"[0, 1, 2, 3, 4, 5, 6, 7, 8, 9, 10, 11, 12, 13, 14, 15, 16, 17, 18, 19, 20, 21, 22, 23, 24, 25, 26, 27, 28, 29, 30, 31, 32, 33, 34, 35, 37, 38, 39, 40, 41, 42, 43, 44, 45, 46, 47, 48, 49, 50, 51, 52, 53, 54, 55, 56, 60, 65, 69, 70, 71, 76, 82, 83, 87, 91, 104, 105, 106, 110, 114, 117, 119, 120, 121, 122, 123, 124]",78,False,1.666803956771776e-05,6.555647897935842e-09,5.553827973273275e-06,50.0
O1,133,133,13,120,2460,0.09774436090225563,0.005256773150020219,0.009976976208749041,cao2018,S01/061102n,all_channel,mean,mean__all_channel__O1,32,126,"[0, 1, 2, 3, 4, 5, 6, 7, 8, 9, 10, 11, 12, 13, 14, 15, 16, 17, 18, 19, 20, 21, 22, 23, 24, 25, 26, 27, 28, 29, 30, 31, 32, 33, 34, 35, 37, 38, 39, 40, 41, 42, 43, 44, 45, 46, 47, 48, 49, 50, 51, 52, 53, 54, 55, 56, 60, 65, 69, 70, 71, 76, 82, 83, 87, 91, 104, 105, 106, 110, 114, 117, 119, 120, 121, 122, 123, 124]",78,False,1.7439998862456096e-05,8.22502705178787e-09,5.810591278468102e-06,50.0
FP1,2729,2729,2408,321,65,0.8823744961524368,0.9737161342498989,0.9257977700884276,cao2018,S01/061102n,frontal,median,median__frontal__FP1,4,126,"[0, 2, 3, 4, 5, 6, 7, 8, 9, 11, 12, 13, 14, 15, 16, 17, 18, 19, 26, 27, 29, 31, 32, 33, 34, 35, 45, 46, 50, 51, 56, 60, 65, 70, 71, 76, 83, 91, 105, 110, 114, 119, 120, 121, 122, 123, 124]",47,False,5.145086097762084e-05,-5.099192007362234e-06,1.8850017661661024e-05,50.0
FP2,2254,2254,1962,292,511,0.870452528837622,0.7933683784876668,0.8301248148931669,cao2018,S01/061102n,frontal,median,median__frontal__FP2,4,126,"[0, 2, 3, 4, 5, 6, 7, 8, 9, 11, 12, 13, 14, 15, 16, 17, 18, 19, 26, 27, 29, 31, 32, 33, 34, 35, 45, 46, 50, 51, 56, 60, 65, 70, 71, 76, 83, 91, 105, 110, 114, 119, 120, 121, 122, 123, 124]",47,False,4.2862489250952554e-05,-3.173606116002166e-06,1.534536512231824e-05,50.0
F3,1836,1836,1583,253,890,0.8622004357298475,0.6401132228063081,0.7347412392666511,cao2018,S01/061102n,frontal,median,median__frontal__F3,4,126,"[0, 2, 3, 4, 5, 6, 7, 8, 9, 11, 12, 13, 14, 15, 16, 17, 18, 19, 26, 27, 29, 31, 32, 33, 34, 35, 45, 46, 50, 51, 56, 60, 65, 70, 71, 76, 83, 91, 105, 110, 114, 119, 120, 121, 122, 123, 124]",47,False,3.710249306666818e-05,-2.0604374620967603e-06,1.3054310176254978e-05,50.0
F4,1122,1122,809,313,1664,0.7210338680926917,0.32713303679741207,0.45006954102920727,cao2018,S01/061102n,frontal,median,median__frontal__F4,4,126,"[0, 2, 3, 4, 5, 6, 7, 8, 9, 11, 12, 13, 14, 15, 16, 17, 18, 19, 26, 27, 29, 31, 32, 33, 34, 35, 45, 46, 50, 51, 56, 60, 65, 70, 71, 76, 83, 91, 105, 110, 114, 119, 120, 121, 122, 123, 124]",47,False,3.217740304134267e-05,-1.0667305450153864e-06,1.1081377862119352e-05,50.0
FP1,2628,2628,2351,277,122,0.8945966514459666,0.9506672058228872,0.9217800431287984,cao2018,S01/061102n,frontal,mean,mean__frontal__FP1,4,126,"[0, 2, 3, 4, 5, 6, 7, 8, 9, 11, 12, 13, 14, 15, 16, 17, 18, 19, 26, 27, 29, 31, 32, 33, 34, 35, 45, 46, 50, 51, 56, 60, 65, 70, 71, 76, 83, 91, 105, 110, 114, 119, 120, 121, 122, 123, 124]",47,False,5.6433546457658325e-05,-1.1650652732474628e-07,1.8850017661661024e-05,50.0
FP2,2117,2117,1858,259,615,0.8776570618800189,0.751314193287505,0.8095860566448801,cao2018,S01/061102n,frontal,mean,mean__frontal__FP2,4,126,"[0, 2, 3, 4, 5, 6, 7, 8, 9, 11, 12, 13, 14, 15, 16, 17, 18, 19, 26, 27, 29, 31, 32, 33, 34, 35, 45, 46, 50, 51, 56, 60, 65, 70, 71, 76, 83, 91, 105, 110, 114, 119, 120, 121, 122, 123, 124]",47,False,4.602890016658269e-05,-7.19520037202955e-09,1.534536512231824e-05,50.0
F3,1649,1649,1423,226,1050,0.8629472407519709,0.5754144763445208,0.6904415332362931,cao2018,S01/061102n,frontal,mean,mean__frontal__F3,4,126,"[0, 2, 3, 4, 5, 6, 7, 8, 9, 11, 12, 13, 14, 15, 16, 17, 18, 19, 26, 27, 29, 31, 32, 33, 34, 35, 45, 46, 50, 51, 56, 60, 65, 70, 71, 76, 83, 91, 105, 110, 114, 119, 120, 121, 122, 123, 124]",47,False,3.892231944809265e-05,-2.406110806722895e-07,1.3054310176254978e-05,50.0
F4,1072,1072,780,292,1693,0.7276119402985075,0.3154063890012131,0.4400564174894217,cao2018,S01/061102n,frontal,mean,mean__frontal__F4,4,126,"[0, 2, 3, 4, 5, 6, 7, 8, 9, 11, 12, 13, 14, 15, 16, 17, 18, 19, 26, 27, 29, 31, 32, 33, 34, 35, 45, 46, 50, 51, 56, 60, 65, 70, 71, 76, 83, 91, 105, 110, 114, 119, 120, 121, 122, 123, 124]",47,False,3.321722921066284e-05,-2.6904375695216656e-08,1.1081377862119352e-05,50.0
FP1,2670,2670,2372,298,101,0.8883895131086142,0.9591589162959968,0.9224188216993973,cao2018,S01/061102n,frontal_left,median,median__frontal_left__FP1,2,126,"[9, 11, 12, 13, 15, 16, 17, 18, 19, 29, 32, 33, 45, 50, 114, 122, 123]",17,False,5.481893309136767e-05,-3.876246472934754e-06,1.9565059854767474e-05,50.0
F3,1221,1221,1030,191,1443,0.8435708435708436,0.41649818034775576,0.5576610720086628,cao2018,S01/061102n,frontal_left,median,median__frontal_left__F3,2,126,"[9, 11, 12, 13, 15, 16, 17, 18, 19, 29, 32, 33, 45, 50, 114, 122, 123]",17,False,4.3924835734233786e-05,-1.345871193670586e-06,1.509023564263479e-05,50.0
FP1,2573,2573,2321,252,152,0.9020598523124758,0.938536190861302,0.9199365834324217,cao2018,S01/061102n,frontal_left,mean,mean__frontal_left__FP1,2,126,"[9, 11, 12, 13, 15, 16, 17, 18, 19, 29, 32, 33, 45, 50, 114, 122, 123]",17,False,5.8387864674135944e-05,-3.073148901664815e-07,1.9565059854767474e-05,50.0
F3,1157,1157,974,183,1499,0.8418323249783924,0.3938536190861302,0.5366391184573003,cao2018,S01/061102n,frontal_left,mean,mean__frontal_left__F3,2,126,"[9, 11, 12, 13, 15, 16, 17, 18, 19, 29, 32, 33, 45, 50, 114, 122, 123]",17,False,4.468720676165151e-05,-5.835001662528584e-07,1.509023564263479e-05,50.0
FP2,2252,2252,1960,292,513,0.8703374777975134,0.7925596441568945,0.8296296296296296,cao2018,S01/061102n,frontal_right,median,median__frontal_right__FP2,2,126,"[0, 2, 3, 4, 5, 6, 7, 8, 9, 11, 12, 13, 14, 15, 16, 17, 18, 19, 26, 27, 29, 31, 33, 34, 35, 45, 46, 50, 51, 56, 60, 65, 70, 71, 76, 83, 91, 105, 110, 114, 119, 120, 121, 122, 123, 124]",46,False,4.297262772406773e-05,-3.208136443869829e-06,1.5393588055979186e-05,50.0
F4,1119,1119,806,313,1667,0.7202859696157283,0.3259199353012535,0.44877505567928727,cao2018,S01/061102n,frontal_right,median,median__frontal_right__F4,2,126,"[0, 2, 3, 4, 5, 6, 7, 8, 9, 11, 12, 13, 14, 15, 16, 17, 18, 19, 26, 27, 29, 31, 33, 34, 35, 45, 46, 50, 51, 56, 60, 65, 70, 71, 76, 83, 91, 105, 110, 114, 119, 120, 121, 122, 123, 124]",46,False,3.2270411863222436e-05,-1.0798740683825836e-06,1.1116761977201672e-05,50.0
FP2,2111,2111,1853,258,620,0.8777830412126955,0.7492923574605742,0.8084642233856894,cao2018,S01/061102n,frontal_right,mean,mean__frontal_right__FP2,2,126,"[0, 2, 3, 4, 5, 6, 7, 8, 9, 11, 12, 13, 14, 15, 16, 17, 18, 19, 26, 27, 29, 31, 33, 34, 35, 45, 46, 50, 51, 56, 60, 65, 70, 71, 76, 83, 91, 105, 110, 114, 119, 120, 121, 122, 123, 124]",46,False,4.616899977679e-05,-1.1764391147556868e-08,1.5393588055979186e-05,50.0
F4,1070,1070,778,292,1695,0.7271028037383177,0.31459765467044076,0.4391758396838837,cao2018,S01/061102n,frontal_right,mean,mean__frontal_right__F4,2,126,"[0, 2, 3, 4, 5, 6, 7, 8, 9, 11, 12, 13, 14, 15, 16, 17, 18, 19, 26, 27, 29, 31, 33, 34, 35, 45, 46, 50, 51, 56, 60, 65, 70, 71, 76, 83, 91, 105, 110, 114, 119, 120, 121, 122, 123, 124]",46,False,3.332070809826349e-05,-2.957783334152779e-08,1.1116761977201672e-05,50.0
FP1,2813,2813,2430,383,43,0.863846427301813,0.9826122118883946,0.9194097616345063,cao2018,S01/061102n,all_channel,median,median__all_channel__FP1,32,105,"[0, 1, 2, 3, 4, 5, 6, 7, 8, 9, 10, 11, 12, 13, 14, 15, 16, 17, 18, 19, 20, 21, 22, 23, 24, 25, 26, 27, 28, 29, 30, 31, 32, 33, 34, 35, 36, 37, 38, 39, 40, 41, 42, 43, 44, 45, 46, 47, 54, 68, 76, 86, 88, 95, 98, 100, 102]",57,False,4.6938024456943784e-05,-3.475360225273562e-06,1.6804461560739116e-05,60.0
FP2,2342,2342,2023,319,450,0.8637916310845432,0.8180347755762232,0.8402907580477673,cao2018,S01/061102n,all_channel,median,median__all_channel__FP2,32,105,"[0, 1, 2, 3, 4, 5, 6, 7, 8, 9, 10, 11, 12, 13, 14, 15, 16, 17, 18, 19, 20, 21, 22, 23, 24, 25, 26, 27, 28, 29, 30, 31, 32, 33, 34, 35, 36, 37, 38, 39, 40, 41, 42, 43, 44, 45, 46, 47, 54, 68, 76, 86, 88, 95, 98, 100, 102]",57,False,4.087685418397357e-05,-2.223621319329833e-06,1.4366825167767804e-05,60.0
F3,1972,1972,1695,277,778,0.8595334685598377,0.6854023453295592,0.7626546681664792,cao2018,S01/061102n,all_channel,median,median__all_channel__F3,32,105,"[0, 1, 2, 3, 4, 5, 6, 7, 8, 9, 10, 11, 12, 13, 14, 15, 16, 17, 18, 19, 20, 21, 22, 23, 24, 25, 26, 27, 28, 29, 30, 31, 32, 33, 34, 35, 36, 37, 38, 39, 40, 41, 42, 43, 44, 45, 46, 47, 54, 68, 76, 86, 88, 95, 98, 100, 102]",57,False,3.553346296630357e-05,-1.4176763001856548e-06,1.2317046422163076e-05,60.0
FZ,1398,1398,1162,236,1311,0.8311874105865522,0.46987464617873026,0.6003616636528029,cao2018,S01/061102n,all_channel,median,median__all_channel__FZ,32,105,"[0, 1, 2, 3, 4, 5, 6, 7, 8, 9, 10, 11, 12, 13, 14, 15, 16, 17, 18, 19, 20, 21, 22, 23, 24, 25, 26, 27, 28, 29, 30, 31, 32, 33, 34, 35, 36, 37, 38, 39, 40, 41, 42, 43, 44, 45, 46, 47, 54, 68, 76, 86, 88, 95, 98, 100, 102]",57,False,3.323486919586265e-05,-9.998561594632909e-07,1.1411575118441982e-05,60.0
F8,1325,1325,994,331,1479,0.750188679245283,0.40194096239385363,0.5234333859926277,cao2018,S01/061102n,all_channel,median,median__all_channel__F8,32,105,"[0, 1, 2, 3, 4, 5, 6, 7, 8, 9, 10, 11, 12, 13, 14, 15, 16, 17, 18, 19, 20, 21, 22, 23, 24, 25, 26, 27, 28, 29, 30, 31, 32, 33, 34, 35, 36, 37, 38, 39, 40, 41, 42, 43, 44, 45, 46, 47, 54, 68, 76, 86, 88, 95, 98, 100, 102]",57,False,2.9630105446359265e-05,-7.683009656321228e-07,1.0132802137330463e-05,60.0
F7,1173,1173,923,250,1550,0.7868712702472294,0.3732308936514355,0.5063082830499177,cao2018,S01/061102n,all_channel,median,median__all_channel__F7,32,105,"[0, 1, 2, 3, 4, 5, 6, 7, 8, 9, 10, 11, 12, 13, 14, 15, 16, 17, 18, 19, 20, 21, 22, 23, 24, 25, 26, 27, 28, 29, 30, 31, 32, 33, 34, 35, 36, 37, 38, 39, 40, 41, 42, 43, 44, 45, 46, 47, 54, 68, 76, 86, 88, 95, 98, 100, 102]",57,False,2.6548006991452858e-05,-7.642243968297324e-07,9.10407712942753e-06,60.0
FC4,1113,1113,840,273,1633,0.7547169811320755,0.3396684189243833,0.4684885666480758,cao2018,S01/061102n,all_channel,median,median__all_channel__FC4,32,105,"[0, 1, 2, 3, 4, 5, 6, 7, 8, 9, 10, 11, 12, 13, 14, 15, 16, 17, 18, 19, 20, 21, 22, 23, 24, 25, 26, 27, 28, 29, 30, 31, 32, 33, 34, 35, 36, 37, 38, 39, 40, 41, 42, 43, 44, 45, 46, 47, 54, 68, 76, 86, 88, 95, 98, 100, 102]",57,False,2.9653372526260896e-05,-6.704139052493297e-07,1.0107928810503408e-05,60.0
F4,1162,1162,830,332,1643,0.7142857142857143,0.3356247472705216,0.4566712517193947,cao2018,S01/061102n,all_channel,median,median__all_channel__F4,32,105,"[0, 1, 2, 3, 4, 5, 6, 7, 8, 9, 10, 11, 12, 13, 14, 15, 16, 17, 18, 19, 20, 21, 22, 23, 24, 25, 26, 27, 28, 29, 30, 31, 32, 33, 34, 35, 36, 37, 38, 39, 40, 41, 42, 43, 44, 45, 46, 47, 54, 68, 76, 86, 88, 95, 98, 100, 102]",57,False,3.142757452396885e-05,-7.008726221314495e-07,1.0709482382033432e-05,60.0
FT7,1001,1001,770,231,1703,0.7692307692307693,0.3113627173473514,0.44329303396660913,cao2018,S01/061102n,all_channel,median,median__all_channel__FT7,32,105,"[0, 1, 2, 3, 4, 5, 6, 7, 8, 9, 10, 11, 12, 13, 14, 15, 16, 17, 18, 19, 20, 21, 22, 23, 24, 25, 26, 27, 28, 29, 30, 31, 32, 33, 34, 35, 36, 37, 38, 39, 40, 41, 42, 43, 44, 45, 46, 47, 54, 68, 76, 86, 88, 95, 98, 100, 102]",57,False,2.5911905909295394e-05,-6.832634196025949e-07,8.865056442965996e-06,60.0
FT8,968,968,690,278,1783,0.7128099173553719,0.27901334411645773,0.4010462074978204,cao2018,S01/061102n,all_channel,median,median__all_channel__FT8,32,105,"[0, 1, 2, 3, 4, 5, 6, 7, 8, 9, 10, 11, 12, 13, 14, 15, 16, 17, 18, 19, 20, 21, 22, 23, 24, 25, 26, 27, 28, 29, 30, 31, 32, 33, 34, 35, 36, 37, 38, 39, 40, 41, 42, 43, 44, 45, 46, 47, 54, 68, 76, 86, 88, 95, 98, 100, 102]",57,False,2.4180878935374215e-05,-3.785147215121774e-07,8.186464552295463e-06,60.0
FC3,831,831,655,176,1818,0.7882069795427196,0.26486049332794176,0.3964891041162228,cao2018,S01/061102n,all_channel,median,median__all_channel__FC3,32,105,"[0, 1, 2, 3, 4, 5, 6, 7, 8, 9, 10, 11, 12, 13, 14, 15, 16, 17, 18, 19, 20, 21, 22, 23, 24, 25, 26, 27, 28, 29, 30, 31, 32, 33, 34, 35, 36, 37, 38, 39, 40, 41, 42, 43, 44, 45, 46, 47, 54, 68, 76, 86, 88, 95, 98, 100, 102]",57,False,2.8763487273433983e-05,-6.723233957152839e-07,9.811936889716422e-06,60.0
T3,872,872,652,220,1821,0.7477064220183486,0.26364739183178326,0.38983557548579967,cao2018,S01/061102n,all_channel,median,median__all_channel__T3,32,105,"[0, 1, 2, 3, 4, 5, 6, 7, 8, 9, 10, 11, 12, 13, 14, 15, 16, 17, 18, 19, 20, 21, 22, 23, 24, 25, 26, 27, 28, 29, 30, 31, 32, 33, 34, 35, 36, 37, 38, 39, 40, 41, 42, 43, 44, 45, 46, 47, 54, 68, 76, 86, 88, 95, 98, 100, 102]",57,False,2.5310041226896537e-05,-6.478224025444903e-07,8.652621209813676e-06,60.0
FCZ,743,743,532,211,1941,0.7160161507402423,0.21512333198544278,0.33084577114427866,cao2018,S01/061102n,all_channel,median,median__all_channel__FCZ,32,105,"[0, 1, 2, 3, 4, 5, 6, 7, 8, 9, 10, 11, 12, 13, 14, 15, 16, 17, 18, 19, 20, 21, 22, 23, 24, 25, 26, 27, 28, 29, 30, 31, 32, 33, 34, 35, 36, 37, 38, 39, 40, 41, 42, 43, 44, 45, 46, 47, 54, 68, 76, 86, 88, 95, 98, 100, 102]",57,False,3.124201639109214e-05,-5.27547097822102e-07,1.0589854496304746e-05,60.0
C4,705,705,481,224,1992,0.6822695035460993,0.19450060655074808,0.302706104468219,cao2018,S01/061102n,all_channel,median,median__all_channel__C4,32,105,"[0, 1, 2, 3, 4, 5, 6, 7, 8, 9, 10, 11, 12, 13, 14, 15, 16, 17, 18, 19, 20, 21, 22, 23, 24, 25, 26, 27, 28, 29, 30, 31, 32, 33, 34, 35, 36, 37, 38, 39, 40, 41, 42, 43, 44, 45, 46, 47, 54, 68, 76, 86, 88, 95, 98, 100, 102]",57,False,2.4759961175493487e-05,-3.921952981149968e-07,8.384052157869494e-06,60.0
TP8,575,575,333,242,2140,0.5791304347826087,0.13465426607359482,0.21850393700787404,cao2018,S01/061102n,all_channel,median,median__all_channel__TP8,32,105,"[0, 1, 2, 3, 4, 5, 6, 7, 8, 9, 10, 11, 12, 13, 14, 15, 16, 17, 18, 19, 20, 21, 22, 23, 24, 25, 26, 27, 28, 29, 30, 31, 32, 33, 34, 35, 36, 37, 38, 39, 40, 41, 42, 43, 44, 45, 46, 47, 54, 68, 76, 86, 88, 95, 98, 100, 102]",57,False,1.718927366618071e-05,-1.2376975792994526e-07,5.7710144747035524e-06,60.0
CP4,488,488,310,178,2163,0.6352459016393442,0.1253538212697129,0.20938872002701792,cao2018,S01/061102n,all_channel,median,median__all_channel__CP4,32,105,"[0, 1, 2, 3, 4, 5, 6, 7, 8, 9, 10, 11, 12, 13, 14, 15, 16, 17, 18, 19, 20, 21, 22, 23, 24, 25, 26, 27, 28, 29, 30, 31, 32, 33, 34, 35, 36, 37, 38, 39, 40, 41, 42, 43, 44, 45, 46, 47, 54, 68, 76, 86, 88, 95, 98, 100, 102]",57,False,2.3084192830146173e-05,-2.614341387342127e-07,7.781875656293461e-06,60.0
A2,447,447,251,196,2222,0.5615212527964206,0.10149615851192884,0.17191780821917807,cao2018,S01/061102n,all_channel,median,median__all_channel__A2,32,105,"[0, 1, 2, 3, 4, 5, 6, 7, 8, 9, 10, 11, 12, 13, 14, 15, 16, 17, 18, 19, 20, 21, 22, 23, 24, 25, 26, 27, 28, 29, 30, 31, 32, 33, 34, 35, 36, 37, 38, 39, 40, 41, 42, 43, 44, 45, 46, 47, 54, 68, 76, 86, 88, 95, 98, 100, 102]",57,False,1.0715883373134031e-05,9.135259419715824e-08,3.541510259645624e-06,60.0
CZ,421,421,246,175,2227,0.5843230403800475,0.09947432268499798,0.17000691085003455,cao2018,S01/061102n,all_channel,median,median__all_channel__CZ,32,105,"[0, 1, 2, 3, 4, 5, 6, 7, 8, 9, 10, 11, 12, 13, 14, 15, 16, 17, 18, 19, 20, 21, 22, 23, 24, 25, 26, 27, 28, 29, 30, 31, 32, 33, 34, 35, 36, 37, 38, 39, 40, 41, 42, 43, 44, 45, 46, 47, 54, 68, 76, 86, 88, 95, 98, 100, 102]",57,False,2.7636453684664494e-05,-3.4565844628696594e-07,9.327370710317153e-06,60.0
C3,375,375,241,134,2232,0.6426666666666667,0.09745248685806712,0.16924157303370785,cao2018,S01/061102n,all_channel,median,median__all_channel__C3,32,105,"[0, 1, 2, 3, 4, 5, 6, 7, 8, 9, 10, 11, 12, 13, 14, 15, 16, 17, 18, 19, 20, 21, 22, 23, 24, 25, 26, 27, 28, 29, 30, 31, 32, 33, 34, 35, 36, 37, 38, 39, 40, 41, 42, 43, 44, 45, 46, 47, 54, 68, 76, 86, 88, 95, 98, 100, 102]",57,False,2.5103815469515678e-05,-3.871395874688052e-07,8.496985018994828e-06,60.0
P4,348,348,201,147,2272,0.5775862068965517,0.0812778002426203,0.14250265863169087,cao2018,S01/061102n,all_channel,median,median__all_channel__P4,32,105,"[0, 1, 2, 3, 4, 5, 6, 7, 8, 9, 10, 11, 12, 13, 14, 15, 16, 17, 18, 19, 20, 21, 22, 23, 24, 25, 26, 27, 28, 29, 30, 31, 32, 33, 34, 35, 36, 37, 38, 39, 40, 41, 42, 43, 44, 45, 46, 47, 54, 68, 76, 86, 88, 95, 98, 100, 102]",57,False,2.114055759151668e-05,-1.7791842319397903e-07,7.1061586715702196e-06,60.0
T4,1789,1789,267,1522,2206,0.14924538848518726,0.10796603315810756,0.12529328953542937,cao2018,S01/061102n,all_channel,median,median__all_channel__T4,32,105,"[0, 1, 2, 3, 4, 5, 6, 7, 8, 9, 10, 11, 12, 13, 14, 15, 16, 17, 18, 19, 20, 21, 22, 23, 24, 25, 26, 27, 28, 29, 30, 31, 32, 33, 34, 35, 36, 37, 38, 39, 40, 41, 42, 43, 44, 45, 46, 47, 54, 68, 76, 86, 88, 95, 98, 100, 102]",57,False,2.3853794470162394e-05,0.0,7.951264823387465e-06,60.0
T6,320,320,153,167,2320,0.478125,0.06186817630408411,0.10955961331901182,cao2018,S01/061102n,all_channel,median,median__all_channel__T6,32,105,"[0, 1, 2, 3, 4, 5, 6, 7, 8, 9, 10, 11, 12, 13, 14, 15, 16, 17, 18, 19, 20, 21, 22, 23, 24, 25, 26, 27, 28, 29, 30, 31, 32, 33, 34, 35, 36, 37, 38, 39, 40, 41, 42, 43, 44, 45, 46, 47, 54, 68, 76, 86, 88, 95, 98, 100, 102]",57,False,1.674531662148973e-05,-1.0736223454892214e-07,5.617559618679552e-06,60.0
CPZ,258,258,118,140,2355,0.4573643410852713,0.04771532551556813,0.08641523251556205,cao2018,S01/061102n,all_channel,median,median__all_channel__CPZ,32,105,"[0, 1, 2, 3, 4, 5, 6, 7, 8, 9, 10, 11, 12, 13, 14, 15, 16, 17, 18, 19, 20, 21, 22, 23, 24, 25, 26, 27, 28, 29, 30, 31, 32, 33, 34, 35, 36, 37, 38, 39, 40, 41, 42, 43, 44, 45, 46, 47, 54, 68, 76, 86, 88, 95, 98, 100, 102]",57,False,2.4083210024999524e-05,-2.0464562589729091e-07,8.095951883632271e-06,60.0
CP3,195,195,86,109,2387,0.441025641025641,0.034775576223210675,0.06446776611694152,cao2018,S01/061102n,all_channel,median,median__all_channel__CP3,32,105,"[0, 1, 2, 3, 4, 5, 6, 7, 8, 9, 10, 11, 12, 13, 14, 15, 16, 17, 18, 19, 20, 21, 22, 23, 24, 25, 26, 27, 28, 29, 30, 31, 32, 33, 34, 35, 36, 37, 38, 39, 40, 41, 42, 43, 44, 45, 46, 47, 54, 68, 76, 86, 88, 95, 98, 100, 102]",57,False,2.197567228471336e-05,-1.9930104003056895e-07,7.391657774914643e-06,60.0
PZ,198,198,74,124,2399,0.37373737373737376,0.029923170238576626,0.055409958816922504,cao2018,S01/061102n,all_channel,median,median__all_channel__PZ,32,105,"[0, 1, 2, 3, 4, 5, 6, 7, 8, 9, 10, 11, 12, 13, 14, 15, 16, 17, 18, 19, 20, 21, 22, 23, 24, 25, 26, 27, 28, 29, 30, 31, 32, 33, 34, 35, 36, 37, 38, 39, 40, 41, 42, 43, 44, 45, 46, 47, 54, 68, 76, 86, 88, 95, 98, 100, 102]",57,False,2.182991572493708e-05,-1.4145586926910252e-07,7.323790531402061e-06,60.0
P3,160,160,59,101,2414,0.36875,0.023857662757784066,0.04481579946828712,cao2018,S01/061102n,all_channel,median,median__all_channel__P3,32,105,"[0, 1, 2, 3, 4, 5, 6, 7, 8, 9, 10, 11, 12, 13, 14, 15, 16, 17, 18, 19, 20, 21, 22, 23, 24, 25, 26, 27, 28, 29, 30, 31, 32, 33, 34, 35, 36, 37, 38, 39, 40, 41, 42, 43, 44, 45, 46, 47, 54, 68, 76, 86, 88, 95, 98, 100, 102]",57,False,2.01592966121028e-05,-1.4133423471727e-07,6.766876948940023e-06,60.0
TP7,1032,1032,69,963,2404,0.06686046511627906,0.027901334411645773,0.03937232524964336,cao2018,S01/061102n,all_channel,median,median__all_channel__TP7,32,105,"[0, 1, 2, 3, 4, 5, 6, 7, 8, 9, 10, 11, 12, 13, 14, 15, 16, 17, 18, 19, 20, 21, 22, 23, 24, 25, 26, 27, 28, 29, 30, 31, 32, 33, 34, 35, 36, 37, 38, 39, 40, 41, 42, 43, 44, 45, 46, 47, 54, 68, 76, 86, 88, 95, 98, 100, 102]",57,False,2.1245781196880436e-05,-8.158917879778375e-08,7.109123458559407e-06,60.0
A1,217,217,30,187,2443,0.1382488479262673,0.01213101496158512,0.02230483271375465,cao2018,S01/061102n,all_channel,median,median__all_channel__A1,32,105,"[0, 1, 2, 3, 4, 5, 6, 7, 8, 9, 10, 11, 12, 13, 14, 15, 16, 17, 18, 19, 20, 21, 22, 23, 24, 25, 26, 27, 28, 29, 30, 31, 32, 33, 34, 35, 36, 37, 38, 39, 40, 41, 42, 43, 44, 45, 46, 47, 54, 68, 76, 86, 88, 95, 98, 100, 102]",57,False,1.0534159455047264e-05,-9.164040511402954e-08,3.5419332867204313e-06,60.0
O2,141,141,26,115,2447,0.18439716312056736,0.010513546300040437,0.019892884468247895,cao2018,S01/061102n,all_channel,median,median__all_channel__O2,32,105,"[0, 1, 2, 3, 4, 5, 6, 7, 8, 9, 10, 11, 12, 13, 14, 15, 16, 17, 18, 19, 20, 21, 22, 23, 24, 25, 26, 27, 28, 29, 30, 31, 32, 33, 34, 35, 36, 37, 38, 39, 40, 41, 42, 43, 44, 45, 46, 47, 54, 68, 76, 86, 88, 95, 98, 100, 102]",57,False,1.8009331967980824e-05,-7.281275962236825e-08,6.027381575867731e-06,60.0
T5,137,137,25,112,2448,0.18248175182481752,0.010109179134654266,0.019157088122605366,cao2018,S01/061102n,all_channel,median,median__all_channel__T5,32,105,"[0, 1, 2, 3, 4, 5, 6, 7, 8, 9, 10, 11, 12, 13, 14, 15, 16, 17, 18, 19, 20, 21, 22, 23, 24, 25, 26, 27, 28, 29, 30, 31, 32, 33, 34, 35, 36, 37, 38, 39, 40, 41, 42, 43, 44, 45, 46, 47, 54, 68, 76, 86, 88, 95, 98, 100, 102]",57,False,1.5751152588480634e-05,-2.817417901911793e-08,5.259775589166585e-06,60.0
OZ,140,140,19,121,2454,0.1357142857142857,0.007682976142337242,0.014542671259089169,cao2018,S01/061102n,all_channel,median,median__all_channel__OZ,32,105,"[0, 1, 2, 3, 4, 5, 6, 7, 8, 9, 10, 11, 12, 13, 14, 15, 16, 17, 18, 19, 20, 21, 22, 23, 24, 25, 26, 27, 28, 29, 30, 31, 32, 33, 34, 35, 36, 37, 38, 39, 40, 41, 42, 43, 44, 45, 46, 47, 54, 68, 76, 86, 88, 95, 98, 100, 102]",57,False,1.7023820910356466e-05,-5.386569849121553e-08,5.692562202949227e-06,60.0
O1,123,123,12,111,2461,0.0975609756097561,0.004852405984634048,0.009244992295839752,cao2018,S01/061102n,all_channel,median,median__all_channel__O1,32,105,"[0, 1, 2, 3, 4, 5, 6, 7, 8, 9, 10, 11, 12, 13, 14, 15, 16, 17, 18, 19, 20, 21, 22, 23, 24, 25, 26, 27, 28, 29, 30, 31, 32, 33, 34, 35, 36, 37, 38, 39, 40, 41, 42, 43, 44, 45, 46, 47, 54, 68, 76, 86, 88, 95, 98, 100, 102]",57,False,1.7839693015150152e-05,-3.009735497211635e-08,5.956596790040756e-06,60.0
FP1,2746,2746,2411,335,62,0.8780043699927167,0.9749292357460574,0.9239317876987929,cao2018,S01/061102n,all_channel,mean,mean__all_channel__FP1,32,105,"[0, 1, 2, 3, 4, 5, 6, 7, 8, 9, 10, 11, 12, 13, 14, 15, 16, 17, 18, 19, 20, 21, 22, 23, 24, 25, 26, 27, 28, 29, 30, 31, 32, 33, 34, 35, 36, 37, 38, 39, 40, 41, 42, 43, 44, 45, 46, 47, 54, 68, 76, 86, 88, 95, 98, 100, 102]",57,False,5.0426272931837864e-05,1.2888249620516785e-08,1.6804461560739116e-05,60.0
FP2,2239,2239,1950,289,523,0.8709245198749441,0.7885159725030327,0.8276740237691,cao2018,S01/061102n,all_channel,mean,mean__all_channel__FP2,32,105,"[0, 1, 2, 3, 4, 5, 6, 7, 8, 9, 10, 11, 12, 13, 14, 15, 16, 17, 18, 19, 20, 21, 22, 23, 24, 25, 26, 27, 28, 29, 30, 31, 32, 33, 34, 35, 36, 37, 38, 39, 40, 41, 42, 43, 44, 45, 46, 47, 54, 68, 76, 86, 88, 95, 98, 100, 102]",57,False,4.3103589380310084e-05,3.1138770066721144e-09,1.4366825167767804e-05,60.0
F3,1847,1847,1586,261,887,0.8586897671900379,0.6413263243024666,0.7342592592592592,cao2018,S01/061102n,all_channel,mean,mean__all_channel__F3,32,105,"[0, 1, 2, 3, 4, 5, 6, 7, 8, 9, 10, 11, 12, 13, 14, 15, 16, 17, 18, 19, 20, 21, 22, 23, 24, 25, 26, 27, 28, 29, 30, 31, 32, 33, 34, 35, 36, 37, 38, 39, 40, 41, 42, 43, 44, 45, 46, 47, 54, 68, 76, 86, 88, 95, 98, 100, 102]",57,False,3.6988951550343625e-05,3.7812283854397094e-08,1.2317046422163076e-05,60.0
FZ,1318,1318,1100,218,1373,0.834597875569044,0.4448038819247877,0.5803218148245844,cao2018,S01/061102n,all_channel,mean,mean__all_channel__FZ,32,105,"[0, 1, 2, 3, 4, 5, 6, 7, 8, 9, 10, 11, 12, 13, 14, 15, 16, 17, 18, 19, 20, 21, 22, 23, 24, 25, 26, 27, 28, 29, 30, 31, 32, 33, 34, 35, 36, 37, 38, 39, 40, 41, 42, 43, 44, 45, 46, 47, 54, 68, 76, 86, 88, 95, 98, 100, 102]",57,False,3.423778659924759e-05,3.061243921642281e-09,1.1411575118441982e-05,60.0
F8,1279,1279,967,312,1506,0.7560594214229867,0.391023048928427,0.5154584221748401,cao2018,S01/061102n,all_channel,mean,mean__all_channel__F8,32,105,"[0, 1, 2, 3, 4, 5, 6, 7, 8, 9, 10, 11, 12, 13, 14, 15, 16, 17, 18, 19, 20, 21, 22, 23, 24, 25, 26, 27, 28, 29, 30, 31, 32, 33, 34, 35, 36, 37, 38, 39, 40, 41, 42, 43, 44, 45, 46, 47, 54, 68, 76, 86, 88, 95, 98, 100, 102]",57,False,3.0401477419646045e-05,3.0710076546562884e-09,1.0132802137330463e-05,60.0
F7,1059,1059,839,220,1634,0.7922568460812087,0.33926405175899715,0.4750849377123443,cao2018,S01/061102n,all_channel,mean,mean__all_channel__F7,32,105,"[0, 1, 2, 3, 4, 5, 6, 7, 8, 9, 10, 11, 12, 13, 14, 15, 16, 17, 18, 19, 20, 21, 22, 23, 24, 25, 26, 27, 28, 29, 30, 31, 32, 33, 34, 35, 36, 37, 38, 39, 40, 41, 42, 43, 44, 45, 46, 47, 54, 68, 76, 86, 88, 95, 98, 100, 102]",57,False,2.7310715734202626e-05,-1.5156540799649364e-09,9.10407712942753e-06,60.0
FC4,1076,1076,813,263,1660,0.7555762081784386,0.32875050545895673,0.45815722738799664,cao2018,S01/061102n,all_channel,mean,mean__all_channel__FC4,32,105,"[0, 1, 2, 3, 4, 5, 6, 7, 8, 9, 10, 11, 12, 13, 14, 15, 16, 17, 18, 19, 20, 21, 22, 23, 24, 25, 26, 27, 28, 29, 30, 31, 32, 33, 34, 35, 36, 37, 38, 39, 40, 41, 42, 43, 44, 45, 46, 47, 54, 68, 76, 86, 88, 95, 98, 100, 102]",57,False,3.0329002032705778e-05,5.215601195551083e-09,1.0107928810503408e-05,60.0
F4,1119,1119,802,317,1671,0.7167113494191242,0.32430246663970885,0.4465478841870824,cao2018,S01/061102n,all_channel,mean,mean__all_channel__F4,32,105,"[0, 1, 2, 3, 4, 5, 6, 7, 8, 9, 10, 11, 12, 13, 14, 15, 16, 17, 18, 19, 20, 21, 22, 23, 24, 25, 26, 27, 28, 29, 30, 31, 32, 33, 34, 35, 36, 37, 38, 39, 40, 41, 42, 43, 44, 45, 46, 47, 54, 68, 76, 86, 88, 95, 98, 100, 102]",57,False,3.2288080015265416e-05,1.5963286916511498e-07,1.0709482382033432e-05,60.0
FT7,901,901,690,211,1783,0.7658157602663707,0.27901334411645773,0.4090100770598696,cao2018,S01/061102n,all_channel,mean,mean__all_channel__FT7,32,105,"[0, 1, 2, 3, 4, 5, 6, 7, 8, 9, 10, 11, 12, 13, 14, 15, 16, 17, 18, 19, 20, 21, 22, 23, 24, 25, 26, 27, 28, 29, 30, 31, 32, 33, 34, 35, 36, 37, 38, 39, 40, 41, 42, 43, 44, 45, 46, 47, 54, 68, 76, 86, 88, 95, 98, 100, 102]",57,False,2.6593764210956074e-05,-1.405117941913688e-09,8.865056442965996e-06,60.0
FT8,950,950,677,273,1796,0.7126315789473684,0.2737565709664375,0.39555945077417476,cao2018,S01/061102n,all_channel,mean,mean__all_channel__FT8,32,105,"[0, 1, 2, 3, 4, 5, 6, 7, 8, 9, 10, 11, 12, 13, 14, 15, 16, 17, 18, 19, 20, 21, 22, 23, 24, 25, 26, 27, 28, 29, 30, 31, 32, 33, 34, 35, 36, 37, 38, 39, 40, 41, 42, 43, 44, 45, 46, 47, 54, 68, 76, 86, 88, 95, 98, 100, 102]",57,False,2.456002647124128e-05,6.328143548899759e-10,8.186464552295463e-06,60.0
FC3,749,749,591,158,1882,0.7890520694259012,0.23898099474322684,0.36685288640595903,cao2018,S01/061102n,all_channel,mean,mean__all_channel__FC3,32,105,"[0, 1, 2, 3, 4, 5, 6, 7, 8, 9, 10, 11, 12, 13, 14, 15, 16, 17, 18, 19, 20, 21, 22, 23, 24, 25, 26, 27, 28, 29, 30, 31, 32, 33, 34, 35, 36, 37, 38, 39, 40, 41, 42, 43, 44, 45, 46, 47, 54, 68, 76, 86, 88, 95, 98, 100, 102]",57,False,2.9430757659389845e-05,-5.053009759421894e-09,9.811936889716422e-06,60.0
T3,794,794,585,209,1888,0.7367758186397985,0.23655479175090982,0.3581267217630854,cao2018,S01/061102n,all_channel,mean,mean__all_channel__T3,32,105,"[0, 1, 2, 3, 4, 5, 6, 7, 8, 9, 10, 11, 12, 13, 14, 15, 16, 17, 18, 19, 20, 21, 22, 23, 24, 25, 26, 27, 28, 29, 30, 31, 32, 33, 34, 35, 36, 37, 38, 39, 40, 41, 42, 43, 44, 45, 46, 47, 54, 68, 76, 86, 88, 95, 98, 100, 102]",57,False,2.5939966337773123e-05,-1.789729166790483e-08,8.652621209813676e-06,60.0
FCZ,711,711,507,204,1966,0.7130801687763713,0.20501415285078853,0.3184673366834171,cao2018,S01/061102n,all_channel,mean,mean__all_channel__FCZ,32,105,"[0, 1, 2, 3, 4, 5, 6, 7, 8, 9, 10, 11, 12, 13, 14, 15, 16, 17, 18, 19, 20, 21, 22, 23, 24, 25, 26, 27, 28, 29, 30, 31, 32, 33, 34, 35, 36, 37, 38, 39, 40, 41, 42, 43, 44, 45, 46, 47, 54, 68, 76, 86, 88, 95, 98, 100, 102]",57,False,3.1770622619181034e-05,1.0591302667926001e-09,1.0589854496304746e-05,60.0
C4,687,687,469,218,2004,0.6826783114992722,0.18964820056611403,0.29683544303797466,cao2018,S01/061102n,all_channel,mean,mean__all_channel__C4,32,105,"[0, 1, 2, 3, 4, 5, 6, 7, 8, 9, 10, 11, 12, 13, 14, 15, 16, 17, 18, 19, 20, 21, 22, 23, 24, 25, 26, 27, 28, 29, 30, 31, 32, 33, 34, 35, 36, 37, 38, 39, 40, 41, 42, 43, 44, 45, 46, 47, 54, 68, 76, 86, 88, 95, 98, 100, 102]",57,False,2.5152560238568403e-05,4.0376495992015037e-10,8.384052157869494e-06,60.0
TP8,566,566,330,236,2143,0.5830388692579506,0.13344116457743632,0.21717670286278382,cao2018,S01/061102n,all_channel,mean,mean__all_channel__TP8,32,105,"[0, 1, 2, 3, 4, 5, 6, 7, 8, 9, 10, 11, 12, 13, 14, 15, 16, 17, 18, 19, 20, 21, 22, 23, 24, 25, 26, 27, 28, 29, 30, 31, 32, 33, 34, 35, 36, 37, 38, 39, 40, 41, 42, 43, 44, 45, 46, 47, 54, 68, 76, 86, 88, 95, 98, 100, 102]",57,False,1.7307702927396888e-05,-5.340496713767568e-09,5.7710144747035524e-06,60.0
CP4,479,479,303,176,2170,0.6325678496868476,0.1225232511120097,0.20528455284552846,cao2018,S01/061102n,all_channel,mean,mean__all_channel__CP4,32,105,"[0, 1, 2, 3, 4, 5, 6, 7, 8, 9, 10, 11, 12, 13, 14, 15, 16, 17, 18, 19, 20, 21, 22, 23, 24, 25, 26, 27, 28, 29, 30, 31, 32, 33, 34, 35, 36, 37, 38, 39, 40, 41, 42, 43, 44, 45, 46, 47, 54, 68, 76, 86, 88, 95, 98, 100, 102]",57,False,2.3343461816158665e-05,-2.1651527217196814e-09,7.781875656293461e-06,60.0
A2,454,454,256,198,2217,0.5638766519823789,0.10351799433885968,0.17492312948411343,cao2018,S01/061102n,all_channel,mean,mean__all_channel__A2,32,105,"[0, 1, 2, 3, 4, 5, 6, 7, 8, 9, 10, 11, 12, 13, 14, 15, 16, 17, 18, 19, 20, 21, 22, 23, 24, 25, 26, 27, 28, 29, 30, 31, 32, 33, 34, 35, 36, 37, 38, 39, 40, 41, 42, 43, 44, 45, 46, 47, 54, 68, 76, 86, 88, 95, 98, 100, 102]",57,False,1.0623330145052704e-05,-1.2006338841680003e-09,3.541510259645624e-06,60.0
CZ,408,408,236,172,2237,0.5784313725490197,0.09543065103113627,0.1638320027768136,cao2018,S01/061102n,all_channel,mean,mean__all_channel__CZ,32,105,"[0, 1, 2, 3, 4, 5, 6, 7, 8, 9, 10, 11, 12, 13, 14, 15, 16, 17, 18, 19, 20, 21, 22, 23, 24, 25, 26, 27, 28, 29, 30, 31, 32, 33, 34, 35, 36, 37, 38, 39, 40, 41, 42, 43, 44, 45, 46, 47, 54, 68, 76, 86, 88, 95, 98, 100, 102]",57,False,2.798153930836875e-05,-5.728225827101686e-10,9.327370710317153e-06,60.0
C3,351,351,221,130,2252,0.6296296296296297,0.08936514355034371,0.1565155807365439,cao2018,S01/061102n,all_channel,mean,mean__all_channel__C3,32,105,"[0, 1, 2, 3, 4, 5, 6, 7, 8, 9, 10, 11, 12, 13, 14, 15, 16, 17, 18, 19, 20, 21, 22, 23, 24, 25, 26, 27, 28, 29, 30, 31, 32, 33, 34, 35, 36, 37, 38, 39, 40, 41, 42, 43, 44, 45, 46, 47, 54, 68, 76, 86, 88, 95, 98, 100, 102]",57,False,2.5482751186819854e-05,-8.203870164630836e-09,8.496985018994828e-06,60.0
P4,335,335,190,145,2283,0.5671641791044776,0.07682976142337242,0.13532763532763534,cao2018,S01/061102n,all_channel,mean,mean__all_channel__P4,32,105,"[0, 1, 2, 3, 4, 5, 6, 7, 8, 9, 10, 11, 12, 13, 14, 15, 16, 17, 18, 19, 20, 21, 22, 23, 24, 25, 26, 27, 28, 29, 30, 31, 32, 33, 34, 35, 36, 37, 38, 39, 40, 41, 42, 43, 44, 45, 46, 47, 54, 68, 76, 86, 88, 95, 98, 100, 102]",57,False,2.1312726648738724e-05,-5.749365971934332e-09,7.1061586715702196e-06,60.0
T4,1801,1801,269,1532,2204,0.14936146585230428,0.1087747674888799,0.12587739822180627,cao2018,S01/061102n,all_channel,mean,mean__all_channel__T4,32,105,"[0, 1, 2, 3, 4, 5, 6, 7, 8, 9, 10, 11, 12, 13, 14, 15, 16, 17, 18, 19, 20, 21, 22, 23, 24, 25, 26, 27, 28, 29, 30, 31, 32, 33, 34, 35, 36, 37, 38, 39, 40, 41, 42, 43, 44, 45, 46, 47, 54, 68, 76, 86, 88, 95, 98, 100, 102]",57,False,2.3584284515853324e-05,-2.6950995430906954e-07,7.951264823387465e-06,60.0
T6,307,307,146,161,2327,0.4755700325732899,0.059037606146380914,0.10503597122302159,cao2018,S01/061102n,all_channel,mean,mean__all_channel__T6,32,105,"[0, 1, 2, 3, 4, 5, 6, 7, 8, 9, 10, 11, 12, 13, 14, 15, 16, 17, 18, 19, 20, 21, 22, 23, 24, 25, 26, 27, 28, 29, 30, 31, 32, 33, 34, 35, 36, 37, 38, 39, 40, 41, 42, 43, 44, 45, 46, 47, 54, 68, 76, 86, 88, 95, 98, 100, 102]",57,False,1.6845737447913806e-05,-6.94140812484953e-09,5.617559618679552e-06,60.0
CPZ,251,251,114,137,2359,0.4541832669322709,0.046097856854023456,0.08370044052863437,cao2018,S01/061102n,all_channel,mean,mean__all_channel__CPZ,32,105,"[0, 1, 2, 3, 4, 5, 6, 7, 8, 9, 10, 11, 12, 13, 14, 15, 16, 17, 18, 19, 20, 21, 22, 23, 24, 25, 26, 27, 28, 29, 30, 31, 32, 33, 34, 35, 36, 37, 38, 39, 40, 41, 42, 43, 44, 45, 46, 47, 54, 68, 76, 86, 88, 95, 98, 100, 102]",57,False,2.4283908637840687e-05,-3.947013056130465e-09,8.095951883632271e-06,60.0
CP3,191,191,83,108,2390,0.43455497382198954,0.03356247472705216,0.06231231231231231,cao2018,S01/061102n,all_channel,mean,mean__all_channel__CP3,32,105,"[0, 1, 2, 3, 4, 5, 6, 7, 8, 9, 10, 11, 12, 13, 14, 15, 16, 17, 18, 19, 20, 21, 22, 23, 24, 25, 26, 27, 28, 29, 30, 31, 32, 33, 34, 35, 36, 37, 38, 39, 40, 41, 42, 43, 44, 45, 46, 47, 54, 68, 76, 86, 88, 95, 98, 100, 102]",57,False,2.2167914440502215e-05,-7.058884241717337e-09,7.391657774914643e-06,60.0
PZ,194,194,72,122,2401,0.3711340206185567,0.029114435907804288,0.05399325084364454,cao2018,S01/061102n,all_channel,mean,mean__all_channel__PZ,32,105,"[0, 1, 2, 3, 4, 5, 6, 7, 8, 9, 10, 11, 12, 13, 14, 15, 16, 17, 18, 19, 20, 21, 22, 23, 24, 25, 26, 27, 28, 29, 30, 31, 32, 33, 34, 35, 36, 37, 38, 39, 40, 41, 42, 43, 44, 45, 46, 47, 54, 68, 76, 86, 88, 95, 98, 100, 102]",57,False,2.196460340708125e-05,-6.768187124929522e-09,7.323790531402061e-06,60.0
P3,157,157,59,98,2414,0.37579617834394907,0.023857662757784066,0.04486692015209125,cao2018,S01/061102n,all_channel,mean,mean__all_channel__P3,32,105,"[0, 1, 2, 3, 4, 5, 6, 7, 8, 9, 10, 11, 12, 13, 14, 15, 16, 17, 18, 19, 20, 21, 22, 23, 24, 25, 26, 27, 28, 29, 30, 31, 32, 33, 34, 35, 36, 37, 38, 39, 40, 41, 42, 43, 44, 45, 46, 47, 54, 68, 76, 86, 88, 95, 98, 100, 102]",57,False,2.029168150037504e-05,-8.949346445029465e-09,6.766876948940023e-06,60.0
TP7,1033,1033,69,964,2404,0.06679574056147145,0.027901334411645773,0.039361095265259556,cao2018,S01/061102n,all_channel,mean,mean__all_channel__TP7,32,105,"[0, 1, 2, 3, 4, 5, 6, 7, 8, 9, 10, 11, 12, 13, 14, 15, 16, 17, 18, 19, 20, 21, 22, 23, 24, 25, 26, 27, 28, 29, 30, 31, 32, 33, 34, 35, 36, 37, 38, 39, 40, 41, 42, 43, 44, 45, 46, 47, 54, 68, 76, 86, 88, 95, 98, 100, 102]",57,False,2.127677108146742e-05,-5.059929421080244e-08,7.109123458559407e-06,60.0
A1,215,215,30,185,2443,0.13953488372093023,0.01213101496158512,0.022321428571428572,cao2018,S01/061102n,all_channel,mean,mean__all_channel__A1,32,105,"[0, 1, 2, 3, 4, 5, 6, 7, 8, 9, 10, 11, 12, 13, 14, 15, 16, 17, 18, 19, 20, 21, 22, 23, 24, 25, 26, 27, 28, 29, 30, 31, 32, 33, 34, 35, 36, 37, 38, 39, 40, 41, 42, 43, 44, 45, 46, 47, 54, 68, 76, 86, 88, 95, 98, 100, 102]",57,False,1.0627008124855538e-05,1.2082646942452242e-09,3.5419332867204313e-06,60.0
O2,139,139,26,113,2447,0.18705035971223022,0.010513546300040437,0.01990811638591118,cao2018,S01/061102n,all_channel,mean,mean__all_channel__O2,32,105,"[0, 1, 2, 3, 4, 5, 6, 7, 8, 9, 10, 11, 12, 13, 14, 15, 16, 17, 18, 19, 20, 21, 22, 23, 24, 25, 26, 27, 28, 29, 30, 31, 32, 33, 34, 35, 36, 37, 38, 39, 40, 41, 42, 43, 44, 45, 46, 47, 54, 68, 76, 86, 88, 95, 98, 100, 102]",57,False,1.807234134936985e-05,-9.803378233343538e-09,6.027381575867731e-06,60.0
T5,135,135,25,110,2448,0.18518518518518517,0.010109179134654266,0.019171779141104295,cao2018,S01/061102n,all_channel,mean,mean__all_channel__T5,32,105,"[0, 1, 2, 3, 4, 5, 6, 7, 8, 9, 10, 11, 12, 13, 14, 15, 16, 17, 18, 19, 20, 21, 22, 23, 24, 25, 26, 27, 28, 29, 30, 31, 32, 33, 34, 35, 36, 37, 38, 39, 40, 41, 42, 43, 44, 45, 46, 47, 54, 68, 76, 86, 88, 95, 98, 100, 102]",57,False,1.577624467403546e-05,-3.082093464291175e-09,5.259775589166585e-06,60.0
OZ,139,139,19,120,2454,0.1366906474820144,0.007682976142337242,0.01454823889739663,cao2018,S01/061102n,all_channel,mean,mean__all_channel__OZ,32,105,"[0, 1, 2, 3, 4, 5, 6, 7, 8, 9, 10, 11, 12, 13, 14, 15, 16, 17, 18, 19, 20, 21, 22, 23, 24, 25, 26, 27, 28, 29, 30, 31, 32, 33, 34, 35, 36, 37, 38, 39, 40, 41, 42, 43, 44, 45, 46, 47, 54, 68, 76, 86, 88, 95, 98, 100, 102]",57,False,1.706996187025484e-05,-7.724738592841653e-09,5.692562202949227e-06,60.0
O1,123,123,12,111,2461,0.0975609756097561,0.004852405984634048,0.009244992295839752,cao2018,S01/061102n,all_channel,mean,mean__all_channel__O1,32,105,"[0, 1, 2, 3, 4, 5, 6, 7, 8, 9, 10, 11, 12, 13, 14, 15, 16, 17, 18, 19, 20, 21, 22, 23, 24, 25, 26, 27, 28, 29, 30, 31, 32, 33, 34, 35, 36, 37, 38, 39, 40, 41, 42, 43, 44, 45, 46, 47, 54, 68, 76, 86, 88, 95, 98, 100, 102]",57,False,1.7862481346134473e-05,-7.309023987798653e-09,5.956596790040756e-06,60.0
FP1,2647,2647,2357,290,116,0.8904420098224405,0.9530934088152042,0.920703125,cao2018,S01/061102n,frontal,median,median__frontal__FP1,4,105,"[8, 9, 10, 12, 14, 15, 16, 24, 27, 29, 38, 41, 95, 102]",14,False,5.56969670440702e-05,-3.4940280621169467e-06,1.9730331702062382e-05,60.0
FP2,2030,2030,1795,235,678,0.8842364532019704,0.7258390618681763,0.797246280257606,cao2018,S01/061102n,frontal,median,median__frontal__FP2,4,105,"[8, 9, 10, 12, 14, 15, 16, 24, 27, 29, 38, 41, 95, 102]",14,False,4.7665589819321095e-05,-2.22318604903601e-06,1.6629591956119034e-05,60.0
F3,1190,1190,998,192,1475,0.838655462184874,0.4035584310553983,0.5449085449085449,cao2018,S01/061102n,frontal,median,median__frontal__F3,4,105,"[8, 9, 10, 12, 14, 15, 16, 24, 27, 29, 38, 41, 95, 102]",14,False,4.4361733451344985e-05,-1.2527802882568688e-06,1.5204837913200617e-05,60.0
F4,863,863,613,250,1860,0.7103128621089224,0.2478770723817226,0.3675059952038369,cao2018,S01/061102n,frontal,median,median__frontal__F4,4,105,"[8, 9, 10, 12, 14, 15, 16, 24, 27, 29, 38, 41, 95, 102]",14,False,3.787897353735963e-05,-5.513038162347094e-07,1.2810092451198113e-05,60.0
FP1,2549,2549,2305,244,168,0.904276186739898,0.9320663162151234,0.9179609717244126,cao2018,S01/061102n,frontal,mean,mean__frontal__FP1,4,105,"[8, 9, 10, 12, 14, 15, 16, 24, 27, 29, 38, 41, 95, 102]",14,False,5.9185621929388174e-05,-5.373176798969973e-09,1.9730331702062382e-05,60.0
FP2,1928,1928,1714,214,759,0.8890041493775933,0.6930853214718965,0.7789138832083617,cao2018,S01/061102n,frontal,mean,mean__frontal__FP2,4,105,"[8, 9, 10, 12, 14, 15, 16, 24, 27, 29, 38, 41, 95, 102]",14,False,4.986751109504848e-05,-2.12647733086209e-08,1.6629591956119034e-05,60.0
F3,1082,1082,904,178,1569,0.8354898336414048,0.36554791750909826,0.5085794655414909,cao2018,S01/061102n,frontal,mean,mean__frontal__F3,4,105,"[8, 9, 10, 12, 14, 15, 16, 24, 27, 29, 38, 41, 95, 102]",14,False,4.571304345926966e-05,9.852971966780383e-08,1.5204837913200617e-05,60.0
F4,823,823,588,235,1885,0.7144592952612394,0.23776789324706835,0.3567961165048544,cao2018,S01/061102n,frontal,mean,mean__frontal__F4,4,105,"[8, 9, 10, 12, 14, 15, 16, 24, 27, 29, 38, 41, 95, 102]",14,False,3.90073369897955e-05,5.770596362011602e-07,1.2810092451198113e-05,60.0
FP1,2638,2638,2354,284,119,0.8923426838514026,0.9518803073190457,0.9211504597926042,cao2018,S01/061102n,frontal_left,median,median__frontal_left__FP1,2,105,"[8, 9, 10, 12, 14, 15, 16, 24, 27, 38, 41, 95, 102]",13,False,5.594778810805069e-05,-3.6396640166143157e-06,1.9862484041555e-05,60.0
F3,1177,1177,989,188,1484,0.8402718776550552,0.39991912656692274,0.541917808219178,cao2018,S01/061102n,frontal_left,median,median__frontal_left__F3,2,105,"[8, 9, 10, 12, 14, 15, 16, 24, 27, 38, 41, 95, 102]",13,False,4.4588894742060865e-05,-1.339260624295738e-06,1.530938512211887e-05,60.0
FP1,2541,2541,2302,239,171,0.9059425423061787,0.9308532147189649,0.9182289589150379,cao2018,S01/061102n,frontal_left,mean,mean__frontal_left__FP1,2,105,"[8, 9, 10, 12, 14, 15, 16, 24, 27, 38, 41, 95, 102]",13,False,5.9578807958259587e-05,-8.644166405411779e-09,1.9862484041555e-05,60.0
F3,1058,1058,887,171,1586,0.8383742911153119,0.35867367569753333,0.5024072500708014,cao2018,S01/061102n,frontal_left,mean,mean__frontal_left__F3,2,105,"[8, 9, 10, 12, 14, 15, 16, 24, 27, 38, 41, 95, 102]",13,False,4.602998081538762e-05,1.0182544903101262e-07,1.530938512211887e-05,60.0
FP2,2037,2037,1800,237,673,0.8836524300441826,0.7278608976951072,0.7982261640798226,cao2018,S01/061102n,frontal_right,median,median__frontal_right__FP2,2,105,"[8, 9, 10, 12, 14, 15, 16, 24, 29, 38, 41, 95, 102]",13,False,4.752594658921177e-05,-2.1444260550296922e-06,1.655679088141382e-05,60.0
F4,858,858,611,247,1862,0.7121212121212122,0.24706833805095027,0.3668567997598319,cao2018,S01/061102n,frontal_right,median,median__frontal_right__F4,2,105,"[8, 9, 10, 12, 14, 15, 16, 24, 29, 38, 41, 95, 102]",13,False,3.796819270273414e-05,-5.128491561449705e-07,1.2827013952959703e-05,60.0
FP2,1942,1942,1724,218,749,0.8877445932028837,0.6971289931257582,0.780973952434881,cao2018,S01/061102n,frontal_right,mean,mean__frontal_right__FP2,2,105,"[8, 9, 10, 12, 14, 15, 16, 24, 29, 38, 41, 95, 102]",13,False,4.965826203674502e-05,-1.2110607496444431e-08,1.655679088141382e-05,60.0
F4,823,823,585,238,1888,0.7108140947752126,0.23655479175090982,0.35497572815533973,cao2018,S01/061102n,frontal_right,mean,mean__frontal_right__F4,2,105,"[8, 9, 10, 12, 14, 15, 16, 24, 29, 38, 41, 95, 102]",13,False,3.910713267883646e-05,6.260908199573532e-07,1.2827013952959703e-05,60.0
FP1,2771,2771,2403,368,45,0.8671959581378563,0.9816176470588235,0.9208660662962254,cao2018,S01/061102n,all_channel,median,median__all_channel__FP1,32,52,"[0, 1, 2, 3, 4, 5, 6, 7, 8, 9, 10, 11, 12, 13, 14, 15, 16, 17, 18, 19, 20, 21, 22, 23, 34, 38, 43, 44, 47, 50, 51]",31,False,4.795176231966809e-05,-3.892143565974974e-06,1.7281301961881023e-05,120.0
FP2,2288,2288,1980,308,468,0.8653846153846154,0.8088235294117647,0.8361486486486487,cao2018,S01/061102n,all_channel,median,median__all_channel__FP2,32,52,"[0, 1, 2, 3, 4, 5, 6, 7, 8, 9, 10, 11, 12, 13, 14, 15, 16, 17, 18, 19, 20, 21, 22, 23, 34, 38, 43, 44, 47, 50, 51]",31,False,4.13152870263632e-05,-2.546560329720376e-06,1.4620615785361193e-05,120.0
F3,1935,1935,1665,270,783,0.8604651162790697,0.6801470588235294,0.7597535934291582,cao2018,S01/061102n,all_channel,median,median__all_channel__F3,32,52,"[0, 1, 2, 3, 4, 5, 6, 7, 8, 9, 10, 11, 12, 13, 14, 15, 16, 17, 18, 19, 20, 21, 22, 23, 34, 38, 43, 44, 47, 50, 51]",31,False,3.5677472139341604e-05,-1.6134833352954312e-06,1.2430318491545679e-05,120.0
FZ,1370,1370,1136,234,1312,0.8291970802919708,0.46405228758169936,0.5950759559979047,cao2018,S01/061102n,all_channel,median,median__all_channel__FZ,32,52,"[0, 1, 2, 3, 4, 5, 6, 7, 8, 9, 10, 11, 12, 13, 14, 15, 16, 17, 18, 19, 20, 21, 22, 23, 34, 38, 43, 44, 47, 50, 51]",31,False,3.336286873102064e-05,-1.1532328107348397e-06,1.150536718058516e-05,120.0
F8,1307,1307,985,322,1463,0.7536342769701607,0.40236928104575165,0.5246338215712384,cao2018,S01/061102n,all_channel,median,median__all_channel__F8,32,52,"[0, 1, 2, 3, 4, 5, 6, 7, 8, 9, 10, 11, 12, 13, 14, 15, 16, 17, 18, 19, 20, 21, 22, 23, 34, 38, 43, 44, 47, 50, 51]",31,False,2.9767488983867433e-05,-9.092697488375096e-07,1.022558624423498e-05,120.0
F7,1171,1171,922,249,1526,0.7873612297181896,0.37663398692810457,0.5095330201713181,cao2018,S01/061102n,all_channel,median,median__all_channel__F7,32,52,"[0, 1, 2, 3, 4, 5, 6, 7, 8, 9, 10, 11, 12, 13, 14, 15, 16, 17, 18, 19, 20, 21, 22, 23, 34, 38, 43, 44, 47, 50, 51]",31,False,2.6464996889006114e-05,-8.585830783681982e-07,9.107859989124771e-06,120.0
FC4,1108,1108,837,271,1611,0.7554151624548736,0.34191176470588236,0.4707536557930259,cao2018,S01/061102n,all_channel,median,median__all_channel__FC4,32,52,"[0, 1, 2, 3, 4, 5, 6, 7, 8, 9, 10, 11, 12, 13, 14, 15, 16, 17, 18, 19, 20, 21, 22, 23, 34, 38, 43, 44, 47, 50, 51]",31,False,2.9564259588163807e-05,-8.068698441037782e-07,1.0123709810755862e-05,120.0
F4,1172,1172,838,334,1610,0.7150170648464164,0.3423202614379085,0.46298342541436466,cao2018,S01/061102n,all_channel,median,median__all_channel__F4,32,52,"[0, 1, 2, 3, 4, 5, 6, 7, 8, 9, 10, 11, 12, 13, 14, 15, 16, 17, 18, 19, 20, 21, 22, 23, 34, 38, 43, 44, 47, 50, 51]",31,False,3.12191375212009e-05,-8.515991870552758e-07,1.0690245569418727e-05,120.0
FT7,1012,1012,776,236,1672,0.766798418972332,0.31699346405228757,0.44855491329479763,cao2018,S01/061102n,all_channel,median,median__all_channel__FT7,32,52,"[0, 1, 2, 3, 4, 5, 6, 7, 8, 9, 10, 11, 12, 13, 14, 15, 16, 17, 18, 19, 20, 21, 22, 23, 34, 38, 43, 44, 47, 50, 51]",31,False,2.578946397984663e-05,-7.673351849492611e-07,8.852266388265297e-06,120.0
FT8,965,965,688,277,1760,0.7129533678756477,0.28104575163398693,0.4031643715206563,cao2018,S01/061102n,all_channel,median,median__all_channel__FT8,32,52,"[0, 1, 2, 3, 4, 5, 6, 7, 8, 9, 10, 11, 12, 13, 14, 15, 16, 17, 18, 19, 20, 21, 22, 23, 34, 38, 43, 44, 47, 50, 51]",31,False,2.4127851492859394e-05,-4.749211800171962e-07,8.200924224292197e-06,120.0
T3,883,883,661,222,1787,0.7485843714609286,0.27001633986928103,0.3968778144701291,cao2018,S01/061102n,all_channel,median,median__all_channel__T3,32,52,"[0, 1, 2, 3, 4, 5, 6, 7, 8, 9, 10, 11, 12, 13, 14, 15, 16, 17, 18, 19, 20, 21, 22, 23, 34, 38, 43, 44, 47, 50, 51]",31,False,2.5149633329600345e-05,-7.194972219131433e-07,8.623043517171163e-06,120.0
FC3,816,816,642,174,1806,0.7867647058823529,0.2622549019607843,0.39338235294117646,cao2018,S01/061102n,all_channel,median,median__all_channel__FC3,32,52,"[0, 1, 2, 3, 4, 5, 6, 7, 8, 9, 10, 11, 12, 13, 14, 15, 16, 17, 18, 19, 20, 21, 22, 23, 34, 38, 43, 44, 47, 50, 51]",31,False,2.876902611180114e-05,-7.793563370321934e-07,9.849460816277777e-06,120.0
FCZ,738,738,528,210,1920,0.7154471544715447,0.21568627450980393,0.33145009416195853,cao2018,S01/061102n,all_channel,median,median__all_channel__FCZ,32,52,"[0, 1, 2, 3, 4, 5, 6, 7, 8, 9, 10, 11, 12, 13, 14, 15, 16, 17, 18, 19, 20, 21, 22, 23, 34, 38, 43, 44, 47, 50, 51]",31,False,3.123648609950279e-05,-6.220202356199421e-07,1.0619502111707579e-05,120.0
C4,715,715,489,226,1959,0.6839160839160839,0.19975490196078433,0.3092001264622194,cao2018,S01/061102n,all_channel,median,median__all_channel__C4,32,52,"[0, 1, 2, 3, 4, 5, 6, 7, 8, 9, 10, 11, 12, 13, 14, 15, 16, 17, 18, 19, 20, 21, 22, 23, 34, 38, 43, 44, 47, 50, 51]",31,False,2.4631367245826033e-05,-4.6702360392397594e-07,8.366130283250003e-06,120.0
TP8,584,584,336,248,2112,0.5753424657534246,0.13725490196078433,0.22163588390501318,cao2018,S01/061102n,all_channel,median,median__all_channel__TP8,32,52,"[0, 1, 2, 3, 4, 5, 6, 7, 8, 9, 10, 11, 12, 13, 14, 15, 16, 17, 18, 19, 20, 21, 22, 23, 34, 38, 43, 44, 47, 50, 51]",31,False,1.705557621753397e-05,-1.600502578491449e-07,5.7385421584610375e-06,120.0
CP4,491,491,311,180,2137,0.6334012219959266,0.1270424836601307,0.21163661109220822,cao2018,S01/061102n,all_channel,median,median__all_channel__CP4,32,52,"[0, 1, 2, 3, 4, 5, 6, 7, 8, 9, 10, 11, 12, 13, 14, 15, 16, 17, 18, 19, 20, 21, 22, 23, 34, 38, 43, 44, 47, 50, 51]",31,False,2.2939061245526105e-05,-3.1597084706965336e-07,7.751677364198586e-06,120.0
A2,454,454,253,201,2195,0.5572687224669604,0.10334967320261437,0.17436250861474845,cao2018,S01/061102n,all_channel,median,median__all_channel__A2,32,52,"[0, 1, 2, 3, 4, 5, 6, 7, 8, 9, 10, 11, 12, 13, 14, 15, 16, 17, 18, 19, 20, 21, 22, 23, 34, 38, 43, 44, 47, 50, 51]",31,False,1.0608913725366163e-05,7.784875486303076e-08,3.5103549901677107e-06,120.0
CZ,421,421,249,172,2199,0.5914489311163895,0.1017156862745098,0.17357964447542698,cao2018,S01/061102n,all_channel,median,median__all_channel__CZ,32,52,"[0, 1, 2, 3, 4, 5, 6, 7, 8, 9, 10, 11, 12, 13, 14, 15, 16, 17, 18, 19, 20, 21, 22, 23, 34, 38, 43, 44, 47, 50, 51]",31,False,2.7530551694979498e-05,-4.1108520818495504e-07,9.313878967721485e-06,120.0
C3,371,371,239,132,2209,0.6442048517520216,0.09763071895424837,0.16956367506207876,cao2018,S01/061102n,all_channel,median,median__all_channel__C3,32,52,"[0, 1, 2, 3, 4, 5, 6, 7, 8, 9, 10, 11, 12, 13, 14, 15, 16, 17, 18, 19, 20, 21, 22, 23, 34, 38, 43, 44, 47, 50, 51]",31,False,2.5016857878473553e-05,-4.5147475170071667e-07,8.48944421005809e-06,120.0
P4,354,354,203,151,2245,0.5734463276836158,0.08292483660130719,0.14489650249821553,cao2018,S01/061102n,all_channel,median,median__all_channel__P4,32,52,"[0, 1, 2, 3, 4, 5, 6, 7, 8, 9, 10, 11, 12, 13, 14, 15, 16, 17, 18, 19, 20, 21, 22, 23, 34, 38, 43, 44, 47, 50, 51]",31,False,2.0981112399882524e-05,-2.2214697422353765e-07,7.06775312470202e-06,120.0
T4,1957,1957,307,1650,2141,0.15687276443536025,0.12540849673202614,0.1393870601589103,cao2018,S01/061102n,all_channel,median,median__all_channel__T4,32,52,"[0, 1, 2, 3, 4, 5, 6, 7, 8, 9, 10, 11, 12, 13, 14, 15, 16, 17, 18, 19, 20, 21, 22, 23, 34, 38, 43, 44, 47, 50, 51]",31,False,1.9091684031687636e-05,0.0,6.3638946772292124e-06,120.0
T6,330,330,158,172,2290,0.47878787878787876,0.06454248366013073,0.11375089992800577,cao2018,S01/061102n,all_channel,median,median__all_channel__T6,32,52,"[0, 1, 2, 3, 4, 5, 6, 7, 8, 9, 10, 11, 12, 13, 14, 15, 16, 17, 18, 19, 20, 21, 22, 23, 34, 38, 43, 44, 47, 50, 51]",31,False,1.6626344534655457e-05,-1.348245920315838e-07,5.587056375562347e-06,120.0
CPZ,263,263,121,142,2327,0.4600760456273764,0.0494281045751634,0.08926595352268536,cao2018,S01/061102n,all_channel,median,median__all_channel__CPZ,32,52,"[0, 1, 2, 3, 4, 5, 6, 7, 8, 9, 10, 11, 12, 13, 14, 15, 16, 17, 18, 19, 20, 21, 22, 23, 34, 38, 43, 44, 47, 50, 51]",31,False,2.3930627961928692e-05,-2.4968861234216976e-07,8.060105524756955e-06,120.0
CP3,202,202,92,110,2356,0.45544554455445546,0.03758169934640523,0.06943396226415094,cao2018,S01/061102n,all_channel,median,median__all_channel__CP3,32,52,"[0, 1, 2, 3, 4, 5, 6, 7, 8, 9, 10, 11, 12, 13, 14, 15, 16, 17, 18, 19, 20, 21, 22, 23, 34, 38, 43, 44, 47, 50, 51]",31,False,2.1815691899322233e-05,-2.3904939657151123e-07,7.3515804319645815e-06,120.0
PZ,202,202,77,125,2371,0.3811881188118812,0.03145424836601307,0.05811320754716981,cao2018,S01/061102n,all_channel,median,median__all_channel__PZ,32,52,"[0, 1, 2, 3, 4, 5, 6, 7, 8, 9, 10, 11, 12, 13, 14, 15, 16, 17, 18, 19, 20, 21, 22, 23, 34, 38, 43, 44, 47, 50, 51]",31,False,2.1672340547555218e-05,-1.781384691383859e-07,7.283493005564534e-06,120.0
P3,171,171,62,109,2386,0.36257309941520466,0.025326797385620915,0.047346315387552504,cao2018,S01/061102n,all_channel,median,median__all_channel__P3,32,52,"[0, 1, 2, 3, 4, 5, 6, 7, 8, 9, 10, 11, 12, 13, 14, 15, 16, 17, 18, 19, 20, 21, 22, 23, 34, 38, 43, 44, 47, 50, 51]",31,False,1.998688932126904e-05,-1.7118156667193895e-07,6.719356962646992e-06,120.0
TP7,1046,1046,69,977,2379,0.06596558317399617,0.028186274509803922,0.03949627933600458,cao2018,S01/061102n,all_channel,median,median__all_channel__TP7,32,52,"[0, 1, 2, 3, 4, 5, 6, 7, 8, 9, 10, 11, 12, 13, 14, 15, 16, 17, 18, 19, 20, 21, 22, 23, 34, 38, 43, 44, 47, 50, 51]",31,False,2.0564216923375724e-05,-1.0045671869745079e-07,6.888224547357725e-06,120.0
A1,221,221,31,190,2417,0.14027149321266968,0.012663398692810458,0.02322967403521918,cao2018,S01/061102n,all_channel,median,median__all_channel__A1,32,52,"[0, 1, 2, 3, 4, 5, 6, 7, 8, 9, 10, 11, 12, 13, 14, 15, 16, 17, 18, 19, 20, 21, 22, 23, 34, 38, 43, 44, 47, 50, 51]",31,False,1.045596013794222e-05,-7.7894845085822e-08,3.5112849943426805e-06,120.0
O2,148,148,28,120,2420,0.1891891891891892,0.011437908496732025,0.02157164869029276,cao2018,S01/061102n,all_channel,median,median__all_channel__O2,32,52,"[0, 1, 2, 3, 4, 5, 6, 7, 8, 9, 10, 11, 12, 13, 14, 15, 16, 17, 18, 19, 20, 21, 22, 23, 34, 38, 43, 44, 47, 50, 51]",31,False,1.7819159648485946e-05,-8.750743943793632e-08,5.968889029307961e-06,120.0
T5,141,141,25,116,2423,0.1773049645390071,0.010212418300653595,0.019312475859405178,cao2018,S01/061102n,all_channel,median,median__all_channel__T5,32,52,"[0, 1, 2, 3, 4, 5, 6, 7, 8, 9, 10, 11, 12, 13, 14, 15, 16, 17, 18, 19, 20, 21, 22, 23, 34, 38, 43, 44, 47, 50, 51]",31,False,1.557220517596484e-05,-4.457467677066835e-08,5.20559328424517e-06,120.0
OZ,145,145,20,125,2428,0.13793103448275862,0.008169934640522876,0.015426147319706904,cao2018,S01/061102n,all_channel,median,median__all_channel__OZ,32,52,"[0, 1, 2, 3, 4, 5, 6, 7, 8, 9, 10, 11, 12, 13, 14, 15, 16, 17, 18, 19, 20, 21, 22, 23, 34, 38, 43, 44, 47, 50, 51]",31,False,1.677073995785191e-05,-6.086114852369585e-08,5.610533702125201e-06,120.0
O1,132,132,13,119,2435,0.09848484848484848,0.0053104575163398695,0.010077519379844963,cao2018,S01/061102n,all_channel,median,median__all_channel__O1,32,52,"[0, 1, 2, 3, 4, 5, 6, 7, 8, 9, 10, 11, 12, 13, 14, 15, 16, 17, 18, 19, 20, 21, 22, 23, 34, 38, 43, 44, 47, 50, 51]",31,False,1.7584051472560775e-05,-3.486865531361745e-08,5.872973375958131e-06,120.0
FP1,2701,2701,2379,322,69,0.8807848944835246,0.9718137254901961,0.9240629248397747,cao2018,S01/061102n,all_channel,mean,mean__all_channel__FP1,32,52,"[0, 1, 2, 3, 4, 5, 6, 7, 8, 9, 10, 11, 12, 13, 14, 15, 16, 17, 18, 19, 20, 21, 22, 23, 34, 38, 43, 44, 47, 50, 51]",31,False,5.183377805092696e-05,-1.0127834716105534e-08,1.7281301961881023e-05,120.0
FP2,2181,2181,1900,281,548,0.871160018340211,0.7761437908496732,0.8209116439835817,cao2018,S01/061102n,all_channel,mean,mean__all_channel__FP2,32,52,"[0, 1, 2, 3, 4, 5, 6, 7, 8, 9, 10, 11, 12, 13, 14, 15, 16, 17, 18, 19, 20, 21, 22, 23, 34, 38, 43, 44, 47, 50, 51]",31,False,4.3848879501990995e-05,-1.2967854092588348e-08,1.4620615785361193e-05,120.0
F3,1797,1797,1547,250,901,0.860879243183083,0.6319444444444444,0.7288574793875148,cao2018,S01/061102n,all_channel,mean,mean__all_channel__F3,32,52,"[0, 1, 2, 3, 4, 5, 6, 7, 8, 9, 10, 11, 12, 13, 14, 15, 16, 17, 18, 19, 20, 21, 22, 23, 34, 38, 43, 44, 47, 50, 51]",31,False,3.7314416393922735e-05,2.3460919285699463e-08,1.2430318491545679e-05,120.0
FZ,1284,1284,1071,213,1377,0.8341121495327103,0.4375,0.5739549839228296,cao2018,S01/061102n,all_channel,mean,mean__all_channel__FZ,32,52,"[0, 1, 2, 3, 4, 5, 6, 7, 8, 9, 10, 11, 12, 13, 14, 15, 16, 17, 18, 19, 20, 21, 22, 23, 34, 38, 43, 44, 47, 50, 51]",31,False,3.451456886446832e-05,-1.5326772871555948e-09,1.150536718058516e-05,120.0
F8,1256,1256,947,309,1501,0.7539808917197452,0.3868464052287582,0.5113390928725702,cao2018,S01/061102n,all_channel,mean,mean__all_channel__F8,32,52,"[0, 1, 2, 3, 4, 5, 6, 7, 8, 9, 10, 11, 12, 13, 14, 15, 16, 17, 18, 19, 20, 21, 22, 23, 34, 38, 43, 44, 47, 50, 51]",31,False,3.067324484774639e-05,-3.5138849585529766e-09,1.022558624423498e-05,120.0
F7,1047,1047,829,218,1619,0.7917860553963706,0.3386437908496732,0.47439198855507864,cao2018,S01/061102n,all_channel,mean,mean__all_channel__F7,32,52,"[0, 1, 2, 3, 4, 5, 6, 7, 8, 9, 10, 11, 12, 13, 14, 15, 16, 17, 18, 19, 20, 21, 22, 23, 34, 38, 43, 44, 47, 50, 51]",31,False,2.7314235126289427e-05,-9.344841084884657e-09,9.107859989124771e-06,120.0
FC4,1068,1068,808,260,1640,0.7565543071161048,0.3300653594771242,0.459613196814562,cao2018,S01/061102n,all_channel,mean,mean__all_channel__FC4,32,52,"[0, 1, 2, 3, 4, 5, 6, 7, 8, 9, 10, 11, 12, 13, 14, 15, 16, 17, 18, 19, 20, 21, 22, 23, 34, 38, 43, 44, 47, 50, 51]",31,False,3.0372495945476276e-05,1.3665132086912062e-09,1.0123709810755862e-05,120.0
F4,1110,1110,800,310,1648,0.7207207207207207,0.32679738562091504,0.44969083754918493,cao2018,S01/061102n,all_channel,mean,mean__all_channel__F4,32,52,"[0, 1, 2, 3, 4, 5, 6, 7, 8, 9, 10, 11, 12, 13, 14, 15, 16, 17, 18, 19, 20, 21, 22, 23, 34, 38, 43, 44, 47, 50, 51]",31,False,3.2205312792933435e-05,1.345760846772612e-07,1.0690245569418727e-05,120.0
FT7,894,894,687,207,1761,0.7684563758389261,0.2806372549019608,0.4111310592459605,cao2018,S01/061102n,all_channel,mean,mean__all_channel__FT7,32,52,"[0, 1, 2, 3, 4, 5, 6, 7, 8, 9, 10, 11, 12, 13, 14, 15, 16, 17, 18, 19, 20, 21, 22, 23, 34, 38, 43, 44, 47, 50, 51]",31,False,2.6547819477936164e-05,-8.979686859725838e-09,8.852266388265297e-06,120.0
FT8,942,942,672,270,1776,0.7133757961783439,0.27450980392156865,0.39646017699115044,cao2018,S01/061102n,all_channel,mean,mean__all_channel__FT8,32,52,"[0, 1, 2, 3, 4, 5, 6, 7, 8, 9, 10, 11, 12, 13, 14, 15, 16, 17, 18, 19, 20, 21, 22, 23, 34, 38, 43, 44, 47, 50, 51]",31,False,2.460124761142573e-05,-1.5250614508593213e-09,8.200924224292197e-06,120.0
T3,796,796,589,207,1859,0.7399497487437185,0.2406045751633987,0.3631319358816276,cao2018,S01/061102n,all_channel,mean,mean__all_channel__T3,32,52,"[0, 1, 2, 3, 4, 5, 6, 7, 8, 9, 10, 11, 12, 13, 14, 15, 16, 17, 18, 19, 20, 21, 22, 23, 34, 38, 43, 44, 47, 50, 51]",31,False,2.5860724346860643e-05,-8.406204652845203e-09,8.623043517171163e-06,120.0
FC3,722,722,571,151,1877,0.7908587257617729,0.2332516339869281,0.3602523659305994,cao2018,S01/061102n,all_channel,mean,mean__all_channel__FC3,32,52,"[0, 1, 2, 3, 4, 5, 6, 7, 8, 9, 10, 11, 12, 13, 14, 15, 16, 17, 18, 19, 20, 21, 22, 23, 34, 38, 43, 44, 47, 50, 51]",31,False,2.9540642123265216e-05,-7.740325568118254e-09,9.849460816277777e-06,120.0
FCZ,698,698,499,199,1949,0.7148997134670487,0.20383986928104575,0.31722822631913544,cao2018,S01/061102n,all_channel,mean,mean__all_channel__FCZ,32,52,"[0, 1, 2, 3, 4, 5, 6, 7, 8, 9, 10, 11, 12, 13, 14, 15, 16, 17, 18, 19, 20, 21, 22, 23, 34, 38, 43, 44, 47, 50, 51]",31,False,3.185839591883667e-05,-1.1041628606908247e-10,1.0619502111707579e-05,120.0
C4,682,682,468,214,1980,0.6862170087976539,0.19117647058823528,0.29904153354632584,cao2018,S01/061102n,all_channel,mean,mean__all_channel__C4,32,52,"[0, 1, 2, 3, 4, 5, 6, 7, 8, 9, 10, 11, 12, 13, 14, 15, 16, 17, 18, 19, 20, 21, 22, 23, 34, 38, 43, 44, 47, 50, 51]",31,False,2.509988802464168e-05,1.497174891671237e-09,8.366130283250003e-06,120.0
TP8,572,572,331,241,2117,0.5786713286713286,0.1352124183006536,0.21920529801324504,cao2018,S01/061102n,all_channel,mean,mean__all_channel__TP8,32,52,"[0, 1, 2, 3, 4, 5, 6, 7, 8, 9, 10, 11, 12, 13, 14, 15, 16, 17, 18, 19, 20, 21, 22, 23, 34, 38, 43, 44, 47, 50, 51]",31,False,1.7213891968964465e-05,-1.734506418646564e-09,5.7385421584610375e-06,120.0
CP4,479,479,300,179,2148,0.6263048016701461,0.12254901960784313,0.20498804236419543,cao2018,S01/061102n,all_channel,mean,mean__all_channel__CP4,32,52,"[0, 1, 2, 3, 4, 5, 6, 7, 8, 9, 10, 11, 12, 13, 14, 15, 16, 17, 18, 19, 20, 21, 22, 23, 34, 38, 43, 44, 47, 50, 51]",31,False,2.325534472221399e-05,3.1262961823242437e-10,7.751677364198586e-06,120.0
A2,458,458,257,201,2191,0.5611353711790393,0.10498366013071896,0.17687543014452858,cao2018,S01/061102n,all_channel,mean,mean__all_channel__A2,32,52,"[0, 1, 2, 3, 4, 5, 6, 7, 8, 9, 10, 11, 12, 13, 14, 15, 16, 17, 18, 19, 20, 21, 22, 23, 34, 38, 43, 44, 47, 50, 51]",31,False,1.0532087575289651e-05,1.0226047865184353e-09,3.5103549901677107e-06,120.0
CZ,403,403,235,168,2213,0.5831265508684863,0.0959967320261438,0.16485443703963523,cao2018,S01/061102n,all_channel,mean,mean__all_channel__CZ,32,52,"[0, 1, 2, 3, 4, 5, 6, 7, 8, 9, 10, 11, 12, 13, 14, 15, 16, 17, 18, 19, 20, 21, 22, 23, 34, 38, 43, 44, 47, 50, 51]",31,False,2.7941359429048684e-05,-2.774741157701093e-10,9.313878967721485e-06,120.0
C3,343,343,215,128,2233,0.6268221574344023,0.08782679738562091,0.15406664278036544,cao2018,S01/061102n,all_channel,mean,mean__all_channel__C3,32,52,"[0, 1, 2, 3, 4, 5, 6, 7, 8, 9, 10, 11, 12, 13, 14, 15, 16, 17, 18, 19, 20, 21, 22, 23, 34, 38, 43, 44, 47, 50, 51]",31,False,2.5463740903805664e-05,-4.59172636860541e-09,8.48944421005809e-06,120.0
P4,342,342,195,147,2253,0.5701754385964912,0.07965686274509803,0.13978494623655915,cao2018,S01/061102n,all_channel,mean,mean__all_channel__P4,32,52,"[0, 1, 2, 3, 4, 5, 6, 7, 8, 9, 10, 11, 12, 13, 14, 15, 16, 17, 18, 19, 20, 21, 22, 23, 34, 38, 43, 44, 47, 50, 51]",31,False,2.1202046118003687e-05,-1.2132561023735185e-09,7.06775312470202e-06,120.0
T4,1975,1975,309,1666,2139,0.15645569620253164,0.12622549019607843,0.13972416911598462,cao2018,S01/061102n,all_channel,mean,mean__all_channel__T4,32,52,"[0, 1, 2, 3, 4, 5, 6, 7, 8, 9, 10, 11, 12, 13, 14, 15, 16, 17, 18, 19, 20, 21, 22, 23, 34, 38, 43, 44, 47, 50, 51]",31,False,1.878489032099523e-05,-3.0679371069240705e-07,6.3638946772292124e-06,120.0
T6,321,321,154,167,2294,0.4797507788161994,0.06290849673202614,0.11123149151318164,cao2018,S01/061102n,all_channel,mean,mean__all_channel__T6,32,52,"[0, 1, 2, 3, 4, 5, 6, 7, 8, 9, 10, 11, 12, 13, 14, 15, 16, 17, 18, 19, 20, 21, 22, 23, 34, 38, 43, 44, 47, 50, 51]",31,False,1.6759102451212956e-05,-2.066675474084364e-09,5.587056375562347e-06,120.0
CPZ,250,250,113,137,2335,0.452,0.04616013071895425,0.083765752409192,cao2018,S01/061102n,all_channel,mean,mean__all_channel__CPZ,32,52,"[0, 1, 2, 3, 4, 5, 6, 7, 8, 9, 10, 11, 12, 13, 14, 15, 16, 17, 18, 19, 20, 21, 22, 23, 34, 38, 43, 44, 47, 50, 51]",31,False,2.417880971907495e-05,-1.5068551959121634e-09,8.060105524756955e-06,120.0
CP3,192,192,84,108,2364,0.4375,0.03431372549019608,0.06363636363636364,cao2018,S01/061102n,all_channel,mean,mean__all_channel__CP3,32,52,"[0, 1, 2, 3, 4, 5, 6, 7, 8, 9, 10, 11, 12, 13, 14, 15, 16, 17, 18, 19, 20, 21, 22, 23, 34, 38, 43, 44, 47, 50, 51]",31,False,2.2051292831269124e-05,-3.4484646246197316e-09,7.3515804319645815e-06,120.0
PZ,197,197,72,125,2376,0.36548223350253806,0.029411764705882353,0.05444234404536862,cao2018,S01/061102n,all_channel,mean,mean__all_channel__PZ,32,52,"[0, 1, 2, 3, 4, 5, 6, 7, 8, 9, 10, 11, 12, 13, 14, 15, 16, 17, 18, 19, 20, 21, 22, 23, 34, 38, 43, 44, 47, 50, 51]",31,False,2.1848103940692294e-05,-2.375076001310269e-09,7.283493005564534e-06,120.0
P3,159,159,58,101,2390,0.36477987421383645,0.02369281045751634,0.04449558879938627,cao2018,S01/061102n,all_channel,mean,mean__all_channel__P3,32,52,"[0, 1, 2, 3, 4, 5, 6, 7, 8, 9, 10, 11, 12, 13, 14, 15, 16, 17, 18, 19, 20, 21, 22, 23, 34, 38, 43, 44, 47, 50, 51]",31,False,2.0154609878543325e-05,-3.461009397650779e-09,6.719356962646992e-06,120.0
TP7,1041,1041,69,972,2379,0.06628242074927954,0.028186274509803922,0.03955288048151333,cao2018,S01/061102n,all_channel,mean,mean__all_channel__TP7,32,52,"[0, 1, 2, 3, 4, 5, 6, 7, 8, 9, 10, 11, 12, 13, 14, 15, 16, 17, 18, 19, 20, 21, 22, 23, 34, 38, 43, 44, 47, 50, 51]",31,False,2.0650227972207203e-05,-1.4445669865972274e-08,6.888224547357725e-06,120.0
A1,217,217,30,187,2418,0.1382488479262673,0.012254901960784314,0.0225140712945591,cao2018,S01/061102n,all_channel,mean,mean__all_channel__A1,32,52,"[0, 1, 2, 3, 4, 5, 6, 7, 8, 9, 10, 11, 12, 13, 14, 15, 16, 17, 18, 19, 20, 21, 22, 23, 34, 38, 43, 44, 47, 50, 51]",31,False,1.0532836749438745e-05,-1.01823358929569e-09,3.5112849943426805e-06,120.0
O2,146,146,27,119,2421,0.18493150684931506,0.011029411764705883,0.02081727062451812,cao2018,S01/061102n,all_channel,mean,mean__all_channel__O2,32,52,"[0, 1, 2, 3, 4, 5, 6, 7, 8, 9, 10, 11, 12, 13, 14, 15, 16, 17, 18, 19, 20, 21, 22, 23, 34, 38, 43, 44, 47, 50, 51]",31,False,1.7902861328686952e-05,-3.805759236931199e-09,5.968889029307961e-06,120.0
T5,140,140,25,115,2423,0.17857142857142858,0.010212418300653595,0.019319938176197836,cao2018,S01/061102n,all_channel,mean,mean__all_channel__T5,32,52,"[0, 1, 2, 3, 4, 5, 6, 7, 8, 9, 10, 11, 12, 13, 14, 15, 16, 17, 18, 19, 20, 21, 22, 23, 34, 38, 43, 44, 47, 50, 51]",31,False,1.5616123274386563e-05,-6.565783489487459e-10,5.20559328424517e-06,120.0
OZ,144,144,19,125,2429,0.13194444444444445,0.007761437908496732,0.014660493827160495,cao2018,S01/061102n,all_channel,mean,mean__all_channel__OZ,32,52,"[0, 1, 2, 3, 4, 5, 6, 7, 8, 9, 10, 11, 12, 13, 14, 15, 16, 17, 18, 19, 20, 21, 22, 23, 34, 38, 43, 44, 47, 50, 51]",31,False,1.6828053319255073e-05,-3.5477871205309807e-09,5.610533702125201e-06,120.0
O1,132,132,13,119,2435,0.09848484848484848,0.0053104575163398695,0.010077519379844963,cao2018,S01/061102n,all_channel,mean,mean__all_channel__O1,32,52,"[0, 1, 2, 3, 4, 5, 6, 7, 8, 9, 10, 11, 12, 13, 14, 15, 16, 17, 18, 19, 20, 21, 22, 23, 34, 38, 43, 44, 47, 50, 51]",31,False,1.7616906977934683e-05,-2.013149939707383e-09,5.872973375958131e-06,120.0
FP1,2688,2688,2375,313,73,0.8835565476190477,0.9701797385620915,0.9248442367601245,cao2018,S01/061102n,frontal,median,median__frontal__FP1,4,52,"[4, 5, 6, 7, 8, 12, 13, 19, 20, 47, 51]",11,False,5.2723614734517396e-05,-3.737584212165939e-06,1.8820399648894445e-05,120.0
FP2,2144,2144,1872,272,576,0.8731343283582089,0.7647058823529411,0.8153310104529616,cao2018,S01/061102n,frontal,median,median__frontal__FP2,4,52,"[4, 5, 6, 7, 8, 12, 13, 19, 20, 47, 51]",11,False,4.4776195083740204e-05,-2.3917696420102575e-06,1.5722654908583486e-05,120.0
F3,1459,1459,1247,212,1201,0.8546949965729952,0.5093954248366013,0.6383414384438187,cao2018,S01/061102n,frontal,median,median__frontal__F3,4,52,"[4, 5, 6, 7, 8, 12, 13, 19, 20, 47, 51]",11,False,4.0715445757487934e-05,-1.4121026438424843e-06,1.4042516133776806e-05,120.0
F4,969,969,701,268,1747,0.7234262125902993,0.2863562091503268,0.4103014340064384,cao2018,S01/061102n,frontal,median,median__frontal__F4,4,52,"[4, 5, 6, 7, 8, 12, 13, 19, 20, 47, 51]",11,False,3.537641725289143e-05,-7.009990884103867e-07,1.2025805447100606e-05,120.0
FP1,2602,2602,2324,278,124,0.8931591083781706,0.9493464052287581,0.9203960396039603,cao2018,S01/061102n,frontal,mean,mean__frontal__FP1,4,52,"[4, 5, 6, 7, 8, 12, 13, 19, 20, 47, 51]",11,False,5.645639121117892e-05,-4.807735504412112e-09,1.8820399648894445e-05,120.0
FP2,2039,2039,1796,243,652,0.8808239333006376,0.7336601307189542,0.8005348785379987,cao2018,S01/061102n,frontal,mean,mean__frontal__FP2,4,52,"[4, 5, 6, 7, 8, 12, 13, 19, 20, 47, 51]",11,False,4.7141429735337696e-05,-2.653499041276833e-08,1.5722654908583486e-05,120.0
F3,1341,1341,1137,204,1311,0.8478747203579419,0.4644607843137255,0.6001583531274743,cao2018,S01/061102n,frontal,mean,mean__frontal__F3,4,52,"[4, 5, 6, 7, 8, 12, 13, 19, 20, 47, 51]",11,False,4.220725882342642e-05,7.971042209599595e-08,1.4042516133776806e-05,120.0
F4,917,917,663,254,1785,0.7230098146128681,0.2708333333333333,0.39405646359583957,cao2018,S01/061102n,frontal,mean,mean__frontal__F4,4,52,"[4, 5, 6, 7, 8, 12, 13, 19, 20, 47, 51]",11,False,3.6453450963545056e-05,3.7603462224323144e-07,1.2025805447100606e-05,120.0
FP1,2688,2688,2375,313,73,0.8835565476190477,0.9701797385620915,0.9248442367601245,cao2018,S01/061102n,frontal_left,median,median__frontal_left__FP1,2,52,"[4, 5, 6, 7, 8, 12, 13, 19, 20, 47, 51]",11,False,5.2723614734517396e-05,-3.737584212165939e-06,1.8820399648894445e-05,120.0
F3,1459,1459,1247,212,1201,0.8546949965729952,0.5093954248366013,0.6383414384438187,cao2018,S01/061102n,frontal_left,median,median__frontal_left__F3,2,52,"[4, 5, 6, 7, 8, 12, 13, 19, 20, 47, 51]",11,False,4.0715445757487934e-05,-1.4121026438424843e-06,1.4042516133776806e-05,120.0
FP1,2602,2602,2324,278,124,0.8931591083781706,0.9493464052287581,0.9203960396039603,cao2018,S01/061102n,frontal_left,mean,mean__frontal_left__FP1,2,52,"[4, 5, 6, 7, 8, 12, 13, 19, 20, 47, 51]",11,False,5.645639121117892e-05,-4.807735504412112e-09,1.8820399648894445e-05,120.0
F3,1341,1341,1137,204,1311,0.8478747203579419,0.4644607843137255,0.6001583531274743,cao2018,S01/061102n,frontal_left,mean,mean__frontal_left__F3,2,52,"[4, 5, 6, 7, 8, 12, 13, 19, 20, 47, 51]",11,False,4.220725882342642e-05,7.971042209599595e-08,1.4042516133776806e-05,120.0
FP2,2126,2126,1860,266,588,0.8748824082784572,0.7598039215686274,0.8132925229558373,cao2018,S01/061102n,frontal_right,median,median__frontal_right__FP2,2,52,"[4, 5, 6, 7, 8, 12, 19, 20, 47, 51]",10,False,4.509605975609338e-05,-2.3660059875763107e-06,1.582068858122323e-05,120.0
F4,951,951,690,261,1758,0.7255520504731862,0.2818627450980392,0.4060017652250662,cao2018,S01/061102n,frontal_right,median,median__frontal_right__F4,2,52,"[4, 5, 6, 7, 8, 12, 19, 20, 47, 51]",10,False,3.5752720944202665e-05,-6.931919526168674e-07,1.2148637632273178e-05,120.0
FP2,2018,2018,1781,237,667,0.8825569871159564,0.7275326797385621,0.7975817286162113,cao2018,S01/061102n,frontal_right,mean,mean__frontal_right__FP2,2,52,"[4, 5, 6, 7, 8, 12, 19, 20, 47, 51]",10,False,4.743256403761502e-05,-2.950170605467617e-08,1.582068858122323e-05,120.0
F4,900,900,649,251,1799,0.7211111111111111,0.2651143790849673,0.38769414575866185,cao2018,S01/061102n,frontal_right,mean,mean__frontal_right__F4,2,52,"[4, 5, 6, 7, 8, 12, 19, 20, 47, 51]",10,False,3.685940605315882e-05,4.1349315633928365e-07,1.2148637632273178e-05,120.0
