channel,raw_candidate_count,mapped_candidate_count,tp,fp,fn,precision,recall,f1,dataset,session,selection,center_method,condition,n_channels_used,n_valid,flagged_valid_epoch_indices,n_flagged,used_all_epochs,blink_region_threshold,threshold_center,threshold_dispersion,epoch_duration_s
FP1,683,683,462,221,164,0.6764275256222547,0.7380191693290735,0.7058823529411764,cao2018,S01/060227n,all_channel,median,median__all_channel__FP1,32,355,"[0, 3, 4, 5, 9, 11, 12, 13, 14, 15, 16, 19, 21, 22, 24, 26, 30, 32, 34, 42, 47, 55, 56, 60, 62, 63, 64, 65, 66, 71, 72, 73, 75, 76, 80, 81, 82, 83, 84, 85, 87, 88, 91, 95, 100, 102, 105, 108, 109, 110, 111, 114, 116, 117, 119, 120, 121, 123, 124, 126, 128, 132, 133, 134, 135, 136, 137, 138, 139, 140, 141, 144, 145, 146, 147, 149, 152, 153, 154, 158, 160, 168, 170, 171, 172, 175, 176, 180, 183, 184, 185, 186, 196, 198, 200, 202, 203, 207, 208, 209, 211, 212, 216, 217, 219, 222, 224, 225, 227, 228, 230, 233, 236, 237, 241, 242, 243, 247, 248, 253, 257, 258, 259, 260, 261, 262, 263, 264, 270, 272, 273, 274, 275, 276, 277, 278, 279, 280, 282, 299, 301, 316, 319, 323, 324, 325, 333, 334, 336, 338, 340, 343, 344, 345, 346, 347]",156,False,5.3310772596815316e-05,-1.0394737278160248e-06,1.8116748774877114e-05,10.0
FP2,476,476,296,180,330,0.6218487394957983,0.4728434504792332,0.5372050816696915,cao2018,S01/060227n,all_channel,median,median__all_channel__FP2,32,355,"[0, 3, 4, 5, 9, 11, 12, 13, 14, 15, 16, 19, 21, 22, 24, 26, 30, 32, 34, 42, 47, 55, 56, 60, 62, 63, 64, 65, 66, 71, 72, 73, 75, 76, 80, 81, 82, 83, 84, 85, 87, 88, 91, 95, 100, 102, 105, 108, 109, 110, 111, 114, 116, 117, 119, 120, 121, 123, 124, 126, 128, 132, 133, 134, 135, 136, 137, 138, 139, 140, 141, 144, 145, 146, 147, 149, 152, 153, 154, 158, 160, 168, 170, 171, 172, 175, 176, 180, 183, 184, 185, 186, 196, 198, 200, 202, 203, 207, 208, 209, 211, 212, 216, 217, 219, 222, 224, 225, 227, 228, 230, 233, 236, 237, 241, 242, 243, 247, 248, 253, 257, 258, 259, 260, 261, 262, 263, 264, 270, 272, 273, 274, 275, 276, 277, 278, 279, 280, 282, 299, 301, 316, 319, 323, 324, 325, 333, 334, 336, 338, 340, 343, 344, 345, 346, 347]",156,False,5.0417565724134776e-05,-4.751152847025343e-07,1.696422700294577e-05,10.0
F7,204,204,102,102,524,0.5,0.16293929712460065,0.2457831325301205,cao2018,S01/060227n,all_channel,median,median__all_channel__F7,32,355,"[0, 3, 4, 5, 9, 11, 12, 13, 14, 15, 16, 19, 21, 22, 24, 26, 30, 32, 34, 42, 47, 55, 56, 60, 62, 63, 64, 65, 66, 71, 72, 73, 75, 76, 80, 81, 82, 83, 84, 85, 87, 88, 91, 95, 100, 102, 105, 108, 109, 110, 111, 114, 116, 117, 119, 120, 121, 123, 124, 126, 128, 132, 133, 134, 135, 136, 137, 138, 139, 140, 141, 144, 145, 146, 147, 149, 152, 153, 154, 158, 160, 168, 170, 171, 172, 175, 176, 180, 183, 184, 185, 186, 196, 198, 200, 202, 203, 207, 208, 209, 211, 212, 216, 217, 219, 222, 224, 225, 227, 228, 230, 233, 236, 237, 241, 242, 243, 247, 248, 253, 257, 258, 259, 260, 261, 262, 263, 264, 270, 272, 273, 274, 275, 276, 277, 278, 279, 280, 282, 299, 301, 316, 319, 323, 324, 325, 333, 334, 336, 338, 340, 343, 344, 345, 346, 347]",156,False,3.6711056089936584e-05,-1.6503680043909228e-07,1.2292030963458558e-05,10.0
F4,193,193,64,129,562,0.3316062176165803,0.10223642172523961,0.1562881562881563,cao2018,S01/060227n,all_channel,median,median__all_channel__F4,32,355,"[0, 3, 4, 5, 9, 11, 12, 13, 14, 15, 16, 19, 21, 22, 24, 26, 30, 32, 34, 42, 47, 55, 56, 60, 62, 63, 64, 65, 66, 71, 72, 73, 75, 76, 80, 81, 82, 83, 84, 85, 87, 88, 91, 95, 100, 102, 105, 108, 109, 110, 111, 114, 116, 117, 119, 120, 121, 123, 124, 126, 128, 132, 133, 134, 135, 136, 137, 138, 139, 140, 141, 144, 145, 146, 147, 149, 152, 153, 154, 158, 160, 168, 170, 171, 172, 175, 176, 180, 183, 184, 185, 186, 196, 198, 200, 202, 203, 207, 208, 209, 211, 212, 216, 217, 219, 222, 224, 225, 227, 228, 230, 233, 236, 237, 241, 242, 243, 247, 248, 253, 257, 258, 259, 260, 261, 262, 263, 264, 270, 272, 273, 274, 275, 276, 277, 278, 279, 280, 282, 299, 301, 316, 319, 323, 324, 325, 333, 334, 336, 338, 340, 343, 344, 345, 346, 347]",156,False,4.5051127916819565e-05,5.882042941143494e-08,1.4997435829136043e-05,10.0
F8,153,153,55,98,571,0.35947712418300654,0.0878594249201278,0.14120667522464697,cao2018,S01/060227n,all_channel,median,median__all_channel__F8,32,355,"[0, 3, 4, 5, 9, 11, 12, 13, 14, 15, 16, 19, 21, 22, 24, 26, 30, 32, 34, 42, 47, 55, 56, 60, 62, 63, 64, 65, 66, 71, 72, 73, 75, 76, 80, 81, 82, 83, 84, 85, 87, 88, 91, 95, 100, 102, 105, 108, 109, 110, 111, 114, 116, 117, 119, 120, 121, 123, 124, 126, 128, 132, 133, 134, 135, 136, 137, 138, 139, 140, 141, 144, 145, 146, 147, 149, 152, 153, 154, 158, 160, 168, 170, 171, 172, 175, 176, 180, 183, 184, 185, 186, 196, 198, 200, 202, 203, 207, 208, 209, 211, 212, 216, 217, 219, 222, 224, 225, 227, 228, 230, 233, 236, 237, 241, 242, 243, 247, 248, 253, 257, 258, 259, 260, 261, 262, 263, 264, 270, 272, 273, 274, 275, 276, 277, 278, 279, 280, 282, 299, 301, 316, 319, 323, 324, 325, 333, 334, 336, 338, 340, 343, 344, 345, 346, 347]",156,False,2.846689954410557e-05,2.225873489986422e-08,9.481546936401903e-06,10.0
FT8,153,153,55,98,571,0.35947712418300654,0.0878594249201278,0.14120667522464697,cao2018,S01/060227n,all_channel,median,median__all_channel__FT8,32,355,"[0, 3, 4, 5, 9, 11, 12, 13, 14, 15, 16, 19, 21, 22, 24, 26, 30, 32, 34, 42, 47, 55, 56, 60, 62, 63, 64, 65, 66, 71, 72, 73, 75, 76, 80, 81, 82, 83, 84, 85, 87, 88, 91, 95, 100, 102, 105, 108, 109, 110, 111, 114, 116, 117, 119, 120, 121, 123, 124, 126, 128, 132, 133, 134, 135, 136, 137, 138, 139, 140, 141, 144, 145, 146, 147, 149, 152, 153, 154, 158, 160, 168, 170, 171, 172, 175, 176, 180, 183, 184, 185, 186, 196, 198, 200, 202, 203, 207, 208, 209, 211, 212, 216, 217, 219, 222, 224, 225, 227, 228, 230, 233, 236, 237, 241, 242, 243, 247, 248, 253, 257, 258, 259, 260, 261, 262, 263, 264, 270, 272, 273, 274, 275, 276, 277, 278, 279, 280, 282, 299, 301, 316, 319, 323, 324, 325, 333, 334, 336, 338, 340, 343, 344, 345, 346, 347]",156,False,2.832984453522276e-05,2.9724231657701813e-08,9.433373434521686e-06,10.0
T4,154,154,55,99,571,0.35714285714285715,0.0878594249201278,0.141025641025641,cao2018,S01/060227n,all_channel,median,median__all_channel__T4,32,355,"[0, 3, 4, 5, 9, 11, 12, 13, 14, 15, 16, 19, 21, 22, 24, 26, 30, 32, 34, 42, 47, 55, 56, 60, 62, 63, 64, 65, 66, 71, 72, 73, 75, 76, 80, 81, 82, 83, 84, 85, 87, 88, 91, 95, 100, 102, 105, 108, 109, 110, 111, 114, 116, 117, 119, 120, 121, 123, 124, 126, 128, 132, 133, 134, 135, 136, 137, 138, 139, 140, 141, 144, 145, 146, 147, 149, 152, 153, 154, 158, 160, 168, 170, 171, 172, 175, 176, 180, 183, 184, 185, 186, 196, 198, 200, 202, 203, 207, 208, 209, 211, 212, 216, 217, 219, 222, 224, 225, 227, 228, 230, 233, 236, 237, 241, 242, 243, 247, 248, 253, 257, 258, 259, 260, 261, 262, 263, 264, 270, 272, 273, 274, 275, 276, 277, 278, 279, 280, 282, 299, 301, 316, 319, 323, 324, 325, 333, 334, 336, 338, 340, 343, 344, 345, 346, 347]",156,False,2.820695116147918e-05,2.152059807833564e-08,9.395143521133614e-06,10.0
F3,143,143,39,104,587,0.2727272727272727,0.06230031948881789,0.10143042912873862,cao2018,S01/060227n,all_channel,median,median__all_channel__F3,32,355,"[0, 3, 4, 5, 9, 11, 12, 13, 14, 15, 16, 19, 21, 22, 24, 26, 30, 32, 34, 42, 47, 55, 56, 60, 62, 63, 64, 65, 66, 71, 72, 73, 75, 76, 80, 81, 82, 83, 84, 85, 87, 88, 91, 95, 100, 102, 105, 108, 109, 110, 111, 114, 116, 117, 119, 120, 121, 123, 124, 126, 128, 132, 133, 134, 135, 136, 137, 138, 139, 140, 141, 144, 145, 146, 147, 149, 152, 153, 154, 158, 160, 168, 170, 171, 172, 175, 176, 180, 183, 184, 185, 186, 196, 198, 200, 202, 203, 207, 208, 209, 211, 212, 216, 217, 219, 222, 224, 225, 227, 228, 230, 233, 236, 237, 241, 242, 243, 247, 248, 253, 257, 258, 259, 260, 261, 262, 263, 264, 270, 272, 273, 274, 275, 276, 277, 278, 279, 280, 282, 299, 301, 316, 319, 323, 324, 325, 333, 334, 336, 338, 340, 343, 344, 345, 346, 347]",156,False,4.4326335167403694e-05,-2.563921335073878e-08,1.4783991460251477e-05,10.0
C4,121,121,32,89,594,0.2644628099173554,0.051118210862619806,0.0856760374832664,cao2018,S01/060227n,all_channel,median,median__all_channel__C4,32,355,"[0, 3, 4, 5, 9, 11, 12, 13, 14, 15, 16, 19, 21, 22, 24, 26, 30, 32, 34, 42, 47, 55, 56, 60, 62, 63, 64, 65, 66, 71, 72, 73, 75, 76, 80, 81, 82, 83, 84, 85, 87, 88, 91, 95, 100, 102, 105, 108, 109, 110, 111, 114, 116, 117, 119, 120, 121, 123, 124, 126, 128, 132, 133, 134, 135, 136, 137, 138, 139, 140, 141, 144, 145, 146, 147, 149, 152, 153, 154, 158, 160, 168, 170, 171, 172, 175, 176, 180, 183, 184, 185, 186, 196, 198, 200, 202, 203, 207, 208, 209, 211, 212, 216, 217, 219, 222, 224, 225, 227, 228, 230, 233, 236, 237, 241, 242, 243, 247, 248, 253, 257, 258, 259, 260, 261, 262, 263, 264, 270, 272, 273, 274, 275, 276, 277, 278, 279, 280, 282, 299, 301, 316, 319, 323, 324, 325, 333, 334, 336, 338, 340, 343, 344, 345, 346, 347]",156,False,3.8146513606202704e-05,1.2422631195851774e-07,1.2674095764748061e-05,10.0
FC4,120,120,30,90,596,0.25,0.04792332268370607,0.08042895442359249,cao2018,S01/060227n,all_channel,median,median__all_channel__FC4,32,355,"[0, 3, 4, 5, 9, 11, 12, 13, 14, 15, 16, 19, 21, 22, 24, 26, 30, 32, 34, 42, 47, 55, 56, 60, 62, 63, 64, 65, 66, 71, 72, 73, 75, 76, 80, 81, 82, 83, 84, 85, 87, 88, 91, 95, 100, 102, 105, 108, 109, 110, 111, 114, 116, 117, 119, 120, 121, 123, 124, 126, 128, 132, 133, 134, 135, 136, 137, 138, 139, 140, 141, 144, 145, 146, 147, 149, 152, 153, 154, 158, 160, 168, 170, 171, 172, 175, 176, 180, 183, 184, 185, 186, 196, 198, 200, 202, 203, 207, 208, 209, 211, 212, 216, 217, 219, 222, 224, 225, 227, 228, 230, 233, 236, 237, 241, 242, 243, 247, 248, 253, 257, 258, 259, 260, 261, 262, 263, 264, 270, 272, 273, 274, 275, 276, 277, 278, 279, 280, 282, 299, 301, 316, 319, 323, 324, 325, 333, 334, 336, 338, 340, 343, 344, 345, 346, 347]",156,False,3.820586023067077e-05,1.2708672942871683e-07,1.2692924500414018e-05,10.0
FT7,81,81,23,58,603,0.2839506172839506,0.036741214057507986,0.06506364922206506,cao2018,S01/060227n,all_channel,median,median__all_channel__FT7,32,355,"[0, 3, 4, 5, 9, 11, 12, 13, 14, 15, 16, 19, 21, 22, 24, 26, 30, 32, 34, 42, 47, 55, 56, 60, 62, 63, 64, 65, 66, 71, 72, 73, 75, 76, 80, 81, 82, 83, 84, 85, 87, 88, 91, 95, 100, 102, 105, 108, 109, 110, 111, 114, 116, 117, 119, 120, 121, 123, 124, 126, 128, 132, 133, 134, 135, 136, 137, 138, 139, 140, 141, 144, 145, 146, 147, 149, 152, 153, 154, 158, 160, 168, 170, 171, 172, 175, 176, 180, 183, 184, 185, 186, 196, 198, 200, 202, 203, 207, 208, 209, 211, 212, 216, 217, 219, 222, 224, 225, 227, 228, 230, 233, 236, 237, 241, 242, 243, 247, 248, 253, 257, 258, 259, 260, 261, 262, 263, 264, 270, 272, 273, 274, 275, 276, 277, 278, 279, 280, 282, 299, 301, 316, 319, 323, 324, 325, 333, 334, 336, 338, 340, 343, 344, 345, 346, 347]",156,False,2.945046057826808e-05,5.7311344895485594e-08,9.797716411124198e-06,10.0
TP8,115,115,23,92,603,0.2,0.036741214057507986,0.06207827260458839,cao2018,S01/060227n,all_channel,median,median__all_channel__TP8,32,355,"[0, 3, 4, 5, 9, 11, 12, 13, 14, 15, 16, 19, 21, 22, 24, 26, 30, 32, 34, 42, 47, 55, 56, 60, 62, 63, 64, 65, 66, 71, 72, 73, 75, 76, 80, 81, 82, 83, 84, 85, 87, 88, 91, 95, 100, 102, 105, 108, 109, 110, 111, 114, 116, 117, 119, 120, 121, 123, 124, 126, 128, 132, 133, 134, 135, 136, 137, 138, 139, 140, 141, 144, 145, 146, 147, 149, 152, 153, 154, 158, 160, 168, 170, 171, 172, 175, 176, 180, 183, 184, 185, 186, 196, 198, 200, 202, 203, 207, 208, 209, 211, 212, 216, 217, 219, 222, 224, 225, 227, 228, 230, 233, 236, 237, 241, 242, 243, 247, 248, 253, 257, 258, 259, 260, 261, 262, 263, 264, 270, 272, 273, 274, 275, 276, 277, 278, 279, 280, 282, 299, 301, 316, 319, 323, 324, 325, 333, 334, 336, 338, 340, 343, 344, 345, 346, 347]",156,False,2.2219024090896438e-05,1.4131853199628647e-07,7.3592351863000506e-06,10.0
FC3,81,81,18,63,608,0.2222222222222222,0.02875399361022364,0.05091937765205092,cao2018,S01/060227n,all_channel,median,median__all_channel__FC3,32,355,"[0, 3, 4, 5, 9, 11, 12, 13, 14, 15, 16, 19, 21, 22, 24, 26, 30, 32, 34, 42, 47, 55, 56, 60, 62, 63, 64, 65, 66, 71, 72, 73, 75, 76, 80, 81, 82, 83, 84, 85, 87, 88, 91, 95, 100, 102, 105, 108, 109, 110, 111, 114, 116, 117, 119, 120, 121, 123, 124, 126, 128, 132, 133, 134, 135, 136, 137, 138, 139, 140, 141, 144, 145, 146, 147, 149, 152, 153, 154, 158, 160, 168, 170, 171, 172, 175, 176, 180, 183, 184, 185, 186, 196, 198, 200, 202, 203, 207, 208, 209, 211, 212, 216, 217, 219, 222, 224, 225, 227, 228, 230, 233, 236, 237, 241, 242, 243, 247, 248, 253, 257, 258, 259, 260, 261, 262, 263, 264, 270, 272, 273, 274, 275, 276, 277, 278, 279, 280, 282, 299, 301, 316, 319, 323, 324, 325, 333, 334, 336, 338, 340, 343, 344, 345, 346, 347]",156,False,3.777000820450301e-05,8.05256041948688e-08,1.2563160866769378e-05,10.0
FZ,88,88,18,70,608,0.20454545454545456,0.02875399361022364,0.050420168067226885,cao2018,S01/060227n,all_channel,median,median__all_channel__FZ,32,355,"[0, 3, 4, 5, 9, 11, 12, 13, 14, 15, 16, 19, 21, 22, 24, 26, 30, 32, 34, 42, 47, 55, 56, 60, 62, 63, 64, 65, 66, 71, 72, 73, 75, 76, 80, 81, 82, 83, 84, 85, 87, 88, 91, 95, 100, 102, 105, 108, 109, 110, 111, 114, 116, 117, 119, 120, 121, 123, 124, 126, 128, 132, 133, 134, 135, 136, 137, 138, 139, 140, 141, 144, 145, 146, 147, 149, 152, 153, 154, 158, 160, 168, 170, 171, 172, 175, 176, 180, 183, 184, 185, 186, 196, 198, 200, 202, 203, 207, 208, 209, 211, 212, 216, 217, 219, 222, 224, 225, 227, 228, 230, 233, 236, 237, 241, 242, 243, 247, 248, 253, 257, 258, 259, 260, 261, 262, 263, 264, 270, 272, 273, 274, 275, 276, 277, 278, 279, 280, 282, 299, 301, 316, 319, 323, 324, 325, 333, 334, 336, 338, 340, 343, 344, 345, 346, 347]",156,False,4.235744676259475e-05,1.2511601046450498e-07,1.4077443584043414e-05,10.0
CZ,86,86,16,70,610,0.18604651162790697,0.025559105431309903,0.0449438202247191,cao2018,S01/060227n,all_channel,median,median__all_channel__CZ,32,355,"[0, 3, 4, 5, 9, 11, 12, 13, 14, 15, 16, 19, 21, 22, 24, 26, 30, 32, 34, 42, 47, 55, 56, 60, 62, 63, 64, 65, 66, 71, 72, 73, 75, 76, 80, 81, 82, 83, 84, 85, 87, 88, 91, 95, 100, 102, 105, 108, 109, 110, 111, 114, 116, 117, 119, 120, 121, 123, 124, 126, 128, 132, 133, 134, 135, 136, 137, 138, 139, 140, 141, 144, 145, 146, 147, 149, 152, 153, 154, 158, 160, 168, 170, 171, 172, 175, 176, 180, 183, 184, 185, 186, 196, 198, 200, 202, 203, 207, 208, 209, 211, 212, 216, 217, 219, 222, 224, 225, 227, 228, 230, 233, 236, 237, 241, 242, 243, 247, 248, 253, 257, 258, 259, 260, 261, 262, 263, 264, 270, 272, 273, 274, 275, 276, 277, 278, 279, 280, 282, 299, 301, 316, 319, 323, 324, 325, 333, 334, 336, 338, 340, 343, 344, 345, 346, 347]",156,False,4.2052371693026485e-05,1.268629116354163e-07,1.3975169593797025e-05,10.0
FCZ,87,87,16,71,610,0.1839080459770115,0.025559105431309903,0.04488078541374474,cao2018,S01/060227n,all_channel,median,median__all_channel__FCZ,32,355,"[0, 3, 4, 5, 9, 11, 12, 13, 14, 15, 16, 19, 21, 22, 24, 26, 30, 32, 34, 42, 47, 55, 56, 60, 62, 63, 64, 65, 66, 71, 72, 73, 75, 76, 80, 81, 82, 83, 84, 85, 87, 88, 91, 95, 100, 102, 105, 108, 109, 110, 111, 114, 116, 117, 119, 120, 121, 123, 124, 126, 128, 132, 133, 134, 135, 136, 137, 138, 139, 140, 141, 144, 145, 146, 147, 149, 152, 153, 154, 158, 160, 168, 170, 171, 172, 175, 176, 180, 183, 184, 185, 186, 196, 198, 200, 202, 203, 207, 208, 209, 211, 212, 216, 217, 219, 222, 224, 225, 227, 228, 230, 233, 236, 237, 241, 242, 243, 247, 248, 253, 257, 258, 259, 260, 261, 262, 263, 264, 270, 272, 273, 274, 275, 276, 277, 278, 279, 280, 282, 299, 301, 316, 319, 323, 324, 325, 333, 334, 336, 338, 340, 343, 344, 345, 346, 347]",156,False,4.212396508176764e-05,1.1457071584497648e-07,1.4003131455307553e-05,10.0
T3,66,66,13,53,613,0.19696969696969696,0.020766773162939296,0.03757225433526012,cao2018,S01/060227n,all_channel,median,median__all_channel__T3,32,355,"[0, 3, 4, 5, 9, 11, 12, 13, 14, 15, 16, 19, 21, 22, 24, 26, 30, 32, 34, 42, 47, 55, 56, 60, 62, 63, 64, 65, 66, 71, 72, 73, 75, 76, 80, 81, 82, 83, 84, 85, 87, 88, 91, 95, 100, 102, 105, 108, 109, 110, 111, 114, 116, 117, 119, 120, 121, 123, 124, 126, 128, 132, 133, 134, 135, 136, 137, 138, 139, 140, 141, 144, 145, 146, 147, 149, 152, 153, 154, 158, 160, 168, 170, 171, 172, 175, 176, 180, 183, 184, 185, 186, 196, 198, 200, 202, 203, 207, 208, 209, 211, 212, 216, 217, 219, 222, 224, 225, 227, 228, 230, 233, 236, 237, 241, 242, 243, 247, 248, 253, 257, 258, 259, 260, 261, 262, 263, 264, 270, 272, 273, 274, 275, 276, 277, 278, 279, 280, 282, 299, 301, 316, 319, 323, 324, 325, 333, 334, 336, 338, 340, 343, 344, 345, 346, 347]",156,False,2.4540383015255527e-05,1.15282394534909e-07,8.141700206906873e-06,10.0
C3,58,58,10,48,616,0.1724137931034483,0.01597444089456869,0.029239766081871343,cao2018,S01/060227n,all_channel,median,median__all_channel__C3,32,355,"[0, 3, 4, 5, 9, 11, 12, 13, 14, 15, 16, 19, 21, 22, 24, 26, 30, 32, 34, 42, 47, 55, 56, 60, 62, 63, 64, 65, 66, 71, 72, 73, 75, 76, 80, 81, 82, 83, 84, 85, 87, 88, 91, 95, 100, 102, 105, 108, 109, 110, 111, 114, 116, 117, 119, 120, 121, 123, 124, 126, 128, 132, 133, 134, 135, 136, 137, 138, 139, 140, 141, 144, 145, 146, 147, 149, 152, 153, 154, 158, 160, 168, 170, 171, 172, 175, 176, 180, 183, 184, 185, 186, 196, 198, 200, 202, 203, 207, 208, 209, 211, 212, 216, 217, 219, 222, 224, 225, 227, 228, 230, 233, 236, 237, 241, 242, 243, 247, 248, 253, 257, 258, 259, 260, 261, 262, 263, 264, 270, 272, 273, 274, 275, 276, 277, 278, 279, 280, 282, 299, 301, 316, 319, 323, 324, 325, 333, 334, 336, 338, 340, 343, 344, 345, 346, 347]",156,False,3.30224788708616e-05,9.195834166416658e-08,1.0976840176399145e-05,10.0
CP4,86,86,10,76,616,0.11627906976744186,0.01597444089456869,0.028089887640449437,cao2018,S01/060227n,all_channel,median,median__all_channel__CP4,32,355,"[0, 3, 4, 5, 9, 11, 12, 13, 14, 15, 16, 19, 21, 22, 24, 26, 30, 32, 34, 42, 47, 55, 56, 60, 62, 63, 64, 65, 66, 71, 72, 73, 75, 76, 80, 81, 82, 83, 84, 85, 87, 88, 91, 95, 100, 102, 105, 108, 109, 110, 111, 114, 116, 117, 119, 120, 121, 123, 124, 126, 128, 132, 133, 134, 135, 136, 137, 138, 139, 140, 141, 144, 145, 146, 147, 149, 152, 153, 154, 158, 160, 168, 170, 171, 172, 175, 176, 180, 183, 184, 185, 186, 196, 198, 200, 202, 203, 207, 208, 209, 211, 212, 216, 217, 219, 222, 224, 225, 227, 228, 230, 233, 236, 237, 241, 242, 243, 247, 248, 253, 257, 258, 259, 260, 261, 262, 263, 264, 270, 272, 273, 274, 275, 276, 277, 278, 279, 280, 282, 299, 301, 316, 319, 323, 324, 325, 333, 334, 336, 338, 340, 343, 344, 345, 346, 347]",156,False,3.0145575073609467e-05,3.917776770360079e-08,1.003546576863529e-05,10.0
CP3,59,59,8,51,618,0.13559322033898305,0.012779552715654952,0.02335766423357664,cao2018,S01/060227n,all_channel,median,median__all_channel__CP3,32,355,"[0, 3, 4, 5, 9, 11, 12, 13, 14, 15, 16, 19, 21, 22, 24, 26, 30, 32, 34, 42, 47, 55, 56, 60, 62, 63, 64, 65, 66, 71, 72, 73, 75, 76, 80, 81, 82, 83, 84, 85, 87, 88, 91, 95, 100, 102, 105, 108, 109, 110, 111, 114, 116, 117, 119, 120, 121, 123, 124, 126, 128, 132, 133, 134, 135, 136, 137, 138, 139, 140, 141, 144, 145, 146, 147, 149, 152, 153, 154, 158, 160, 168, 170, 171, 172, 175, 176, 180, 183, 184, 185, 186, 196, 198, 200, 202, 203, 207, 208, 209, 211, 212, 216, 217, 219, 222, 224, 225, 227, 228, 230, 233, 236, 237, 241, 242, 243, 247, 248, 253, 257, 258, 259, 260, 261, 262, 263, 264, 270, 272, 273, 274, 275, 276, 277, 278, 279, 280, 282, 299, 301, 316, 319, 323, 324, 325, 333, 334, 336, 338, 340, 343, 344, 345, 346, 347]",156,False,2.8977686465183502e-05,9.382398710717938e-08,9.627954159358774e-06,10.0
P3,49,49,6,43,620,0.12244897959183673,0.009584664536741214,0.017777777777777778,cao2018,S01/060227n,all_channel,median,median__all_channel__P3,32,355,"[0, 3, 4, 5, 9, 11, 12, 13, 14, 15, 16, 19, 21, 22, 24, 26, 30, 32, 34, 42, 47, 55, 56, 60, 62, 63, 64, 65, 66, 71, 72, 73, 75, 76, 80, 81, 82, 83, 84, 85, 87, 88, 91, 95, 100, 102, 105, 108, 109, 110, 111, 114, 116, 117, 119, 120, 121, 123, 124, 126, 128, 132, 133, 134, 135, 136, 137, 138, 139, 140, 141, 144, 145, 146, 147, 149, 152, 153, 154, 158, 160, 168, 170, 171, 172, 175, 176, 180, 183, 184, 185, 186, 196, 198, 200, 202, 203, 207, 208, 209, 211, 212, 216, 217, 219, 222, 224, 225, 227, 228, 230, 233, 236, 237, 241, 242, 243, 247, 248, 253, 257, 258, 259, 260, 261, 262, 263, 264, 270, 272, 273, 274, 275, 276, 277, 278, 279, 280, 282, 299, 301, 316, 319, 323, 324, 325, 333, 334, 336, 338, 340, 343, 344, 345, 346, 347]",156,False,2.675020861236063e-05,9.678660267055734e-08,8.884474003230025e-06,10.0
CPZ,68,68,6,62,620,0.08823529411764706,0.009584664536741214,0.01729106628242075,cao2018,S01/060227n,all_channel,median,median__all_channel__CPZ,32,355,"[0, 3, 4, 5, 9, 11, 12, 13, 14, 15, 16, 19, 21, 22, 24, 26, 30, 32, 34, 42, 47, 55, 56, 60, 62, 63, 64, 65, 66, 71, 72, 73, 75, 76, 80, 81, 82, 83, 84, 85, 87, 88, 91, 95, 100, 102, 105, 108, 109, 110, 111, 114, 116, 117, 119, 120, 121, 123, 124, 126, 128, 132, 133, 134, 135, 136, 137, 138, 139, 140, 141, 144, 145, 146, 147, 149, 152, 153, 154, 158, 160, 168, 170, 171, 172, 175, 176, 180, 183, 184, 185, 186, 196, 198, 200, 202, 203, 207, 208, 209, 211, 212, 216, 217, 219, 222, 224, 225, 227, 228, 230, 233, 236, 237, 241, 242, 243, 247, 248, 253, 257, 258, 259, 260, 261, 262, 263, 264, 270, 272, 273, 274, 275, 276, 277, 278, 279, 280, 282, 299, 301, 316, 319, 323, 324, 325, 333, 334, 336, 338, 340, 343, 344, 345, 346, 347]",156,False,3.182521019052505e-05,4.40577466377379e-08,1.0593717481295769e-05,10.0
T6,77,77,6,71,620,0.07792207792207792,0.009584664536741214,0.017069701280227594,cao2018,S01/060227n,all_channel,median,median__all_channel__T6,32,355,"[0, 3, 4, 5, 9, 11, 12, 13, 14, 15, 16, 19, 21, 22, 24, 26, 30, 32, 34, 42, 47, 55, 56, 60, 62, 63, 64, 65, 66, 71, 72, 73, 75, 76, 80, 81, 82, 83, 84, 85, 87, 88, 91, 95, 100, 102, 105, 108, 109, 110, 111, 114, 116, 117, 119, 120, 121, 123, 124, 126, 128, 132, 133, 134, 135, 136, 137, 138, 139, 140, 141, 144, 145, 146, 147, 149, 152, 153, 154, 158, 160, 168, 170, 171, 172, 175, 176, 180, 183, 184, 185, 186, 196, 198, 200, 202, 203, 207, 208, 209, 211, 212, 216, 217, 219, 222, 224, 225, 227, 228, 230, 233, 236, 237, 241, 242, 243, 247, 248, 253, 257, 258, 259, 260, 261, 262, 263, 264, 270, 272, 273, 274, 275, 276, 277, 278, 279, 280, 282, 299, 301, 316, 319, 323, 324, 325, 333, 334, 336, 338, 340, 343, 344, 345, 346, 347]",156,False,2.0650059749922014e-05,5.023891395505201e-08,6.866606945322321e-06,10.0
O1,45,45,5,40,621,0.1111111111111111,0.007987220447284345,0.014903129657228018,cao2018,S01/060227n,all_channel,median,median__all_channel__O1,32,355,"[0, 3, 4, 5, 9, 11, 12, 13, 14, 15, 16, 19, 21, 22, 24, 26, 30, 32, 34, 42, 47, 55, 56, 60, 62, 63, 64, 65, 66, 71, 72, 73, 75, 76, 80, 81, 82, 83, 84, 85, 87, 88, 91, 95, 100, 102, 105, 108, 109, 110, 111, 114, 116, 117, 119, 120, 121, 123, 124, 126, 128, 132, 133, 134, 135, 136, 137, 138, 139, 140, 141, 144, 145, 146, 147, 149, 152, 153, 154, 158, 160, 168, 170, 171, 172, 175, 176, 180, 183, 184, 185, 186, 196, 198, 200, 202, 203, 207, 208, 209, 211, 212, 216, 217, 219, 222, 224, 225, 227, 228, 230, 233, 236, 237, 241, 242, 243, 247, 248, 253, 257, 258, 259, 260, 261, 262, 263, 264, 270, 272, 273, 274, 275, 276, 277, 278, 279, 280, 282, 299, 301, 316, 319, 323, 324, 325, 333, 334, 336, 338, 340, 343, 344, 345, 346, 347]",156,False,2.2209430467161723e-05,-2.4890144450911322e-08,7.411440203870878e-06,10.0
A2,49,49,5,44,621,0.10204081632653061,0.007987220447284345,0.014814814814814815,cao2018,S01/060227n,all_channel,median,median__all_channel__A2,32,355,"[0, 3, 4, 5, 9, 11, 12, 13, 14, 15, 16, 19, 21, 22, 24, 26, 30, 32, 34, 42, 47, 55, 56, 60, 62, 63, 64, 65, 66, 71, 72, 73, 75, 76, 80, 81, 82, 83, 84, 85, 87, 88, 91, 95, 100, 102, 105, 108, 109, 110, 111, 114, 116, 117, 119, 120, 121, 123, 124, 126, 128, 132, 133, 134, 135, 136, 137, 138, 139, 140, 141, 144, 145, 146, 147, 149, 152, 153, 154, 158, 160, 168, 170, 171, 172, 175, 176, 180, 183, 184, 185, 186, 196, 198, 200, 202, 203, 207, 208, 209, 211, 212, 216, 217, 219, 222, 224, 225, 227, 228, 230, 233, 236, 237, 241, 242, 243, 247, 248, 253, 257, 258, 259, 260, 261, 262, 263, 264, 270, 272, 273, 274, 275, 276, 277, 278, 279, 280, 282, 299, 301, 316, 319, 323, 324, 325, 333, 334, 336, 338, 340, 343, 344, 345, 346, 347]",156,False,1.0522805205855267e-05,6.278604366780418e-08,3.486673054062487e-06,10.0
OZ,64,64,5,59,621,0.078125,0.007987220447284345,0.014492753623188406,cao2018,S01/060227n,all_channel,median,median__all_channel__OZ,32,355,"[0, 3, 4, 5, 9, 11, 12, 13, 14, 15, 16, 19, 21, 22, 24, 26, 30, 32, 34, 42, 47, 55, 56, 60, 62, 63, 64, 65, 66, 71, 72, 73, 75, 76, 80, 81, 82, 83, 84, 85, 87, 88, 91, 95, 100, 102, 105, 108, 109, 110, 111, 114, 116, 117, 119, 120, 121, 123, 124, 126, 128, 132, 133, 134, 135, 136, 137, 138, 139, 140, 141, 144, 145, 146, 147, 149, 152, 153, 154, 158, 160, 168, 170, 171, 172, 175, 176, 180, 183, 184, 185, 186, 196, 198, 200, 202, 203, 207, 208, 209, 211, 212, 216, 217, 219, 222, 224, 225, 227, 228, 230, 233, 236, 237, 241, 242, 243, 247, 248, 253, 257, 258, 259, 260, 261, 262, 263, 264, 270, 272, 273, 274, 275, 276, 277, 278, 279, 280, 282, 299, 301, 316, 319, 323, 324, 325, 333, 334, 336, 338, 340, 343, 344, 345, 346, 347]",156,False,2.1979768726712745e-05,5.796555430383449e-09,7.324657390427454e-06,10.0
PZ,61,61,4,57,622,0.06557377049180328,0.006389776357827476,0.011644832605531294,cao2018,S01/060227n,all_channel,median,median__all_channel__PZ,32,355,"[0, 3, 4, 5, 9, 11, 12, 13, 14, 15, 16, 19, 21, 22, 24, 26, 30, 32, 34, 42, 47, 55, 56, 60, 62, 63, 64, 65, 66, 71, 72, 73, 75, 76, 80, 81, 82, 83, 84, 85, 87, 88, 91, 95, 100, 102, 105, 108, 109, 110, 111, 114, 116, 117, 119, 120, 121, 123, 124, 126, 128, 132, 133, 134, 135, 136, 137, 138, 139, 140, 141, 144, 145, 146, 147, 149, 152, 153, 154, 158, 160, 168, 170, 171, 172, 175, 176, 180, 183, 184, 185, 186, 196, 198, 200, 202, 203, 207, 208, 209, 211, 212, 216, 217, 219, 222, 224, 225, 227, 228, 230, 233, 236, 237, 241, 242, 243, 247, 248, 253, 257, 258, 259, 260, 261, 262, 263, 264, 270, 272, 273, 274, 275, 276, 277, 278, 279, 280, 282, 299, 301, 316, 319, 323, 324, 325, 333, 334, 336, 338, 340, 343, 344, 345, 346, 347]",156,False,2.8453782798574558e-05,-3.391795210325881e-09,9.485724864594961e-06,10.0
P4,78,78,4,74,622,0.05128205128205128,0.006389776357827476,0.011363636363636364,cao2018,S01/060227n,all_channel,median,median__all_channel__P4,32,355,"[0, 3, 4, 5, 9, 11, 12, 13, 14, 15, 16, 19, 21, 22, 24, 26, 30, 32, 34, 42, 47, 55, 56, 60, 62, 63, 64, 65, 66, 71, 72, 73, 75, 76, 80, 81, 82, 83, 84, 85, 87, 88, 91, 95, 100, 102, 105, 108, 109, 110, 111, 114, 116, 117, 119, 120, 121, 123, 124, 126, 128, 132, 133, 134, 135, 136, 137, 138, 139, 140, 141, 144, 145, 146, 147, 149, 152, 153, 154, 158, 160, 168, 170, 171, 172, 175, 176, 180, 183, 184, 185, 186, 196, 198, 200, 202, 203, 207, 208, 209, 211, 212, 216, 217, 219, 222, 224, 225, 227, 228, 230, 233, 236, 237, 241, 242, 243, 247, 248, 253, 257, 258, 259, 260, 261, 262, 263, 264, 270, 272, 273, 274, 275, 276, 277, 278, 279, 280, 282, 299, 301, 316, 319, 323, 324, 325, 333, 334, 336, 338, 340, 343, 344, 345, 346, 347]",156,False,2.8352317733267653e-05,5.02283589181174e-08,9.434029791449845e-06,10.0
O2,33,33,2,31,624,0.06060606060606061,0.003194888178913738,0.006069802731411229,cao2018,S01/060227n,all_channel,median,median__all_channel__O2,32,355,"[0, 3, 4, 5, 9, 11, 12, 13, 14, 15, 16, 19, 21, 22, 24, 26, 30, 32, 34, 42, 47, 55, 56, 60, 62, 63, 64, 65, 66, 71, 72, 73, 75, 76, 80, 81, 82, 83, 84, 85, 87, 88, 91, 95, 100, 102, 105, 108, 109, 110, 111, 114, 116, 117, 119, 120, 121, 123, 124, 126, 128, 132, 133, 134, 135, 136, 137, 138, 139, 140, 141, 144, 145, 146, 147, 149, 152, 153, 154, 158, 160, 168, 170, 171, 172, 175, 176, 180, 183, 184, 185, 186, 196, 198, 200, 202, 203, 207, 208, 209, 211, 212, 216, 217, 219, 222, 224, 225, 227, 228, 230, 233, 236, 237, 241, 242, 243, 247, 248, 253, 257, 258, 259, 260, 261, 262, 263, 264, 270, 272, 273, 274, 275, 276, 277, 278, 279, 280, 282, 299, 301, 316, 319, 323, 324, 325, 333, 334, 336, 338, 340, 343, 344, 345, 346, 347]",156,False,2.3143844008783217e-05,2.7477939392892838e-08,7.705455356463441e-06,10.0
TP7,31,31,1,30,625,0.03225806451612903,0.001597444089456869,0.0030441400304414,cao2018,S01/060227n,all_channel,median,median__all_channel__TP7,32,355,"[0, 3, 4, 5, 9, 11, 12, 13, 14, 15, 16, 19, 21, 22, 24, 26, 30, 32, 34, 42, 47, 55, 56, 60, 62, 63, 64, 65, 66, 71, 72, 73, 75, 76, 80, 81, 82, 83, 84, 85, 87, 88, 91, 95, 100, 102, 105, 108, 109, 110, 111, 114, 116, 117, 119, 120, 121, 123, 124, 126, 128, 132, 133, 134, 135, 136, 137, 138, 139, 140, 141, 144, 145, 146, 147, 149, 152, 153, 154, 158, 160, 168, 170, 171, 172, 175, 176, 180, 183, 184, 185, 186, 196, 198, 200, 202, 203, 207, 208, 209, 211, 212, 216, 217, 219, 222, 224, 225, 227, 228, 230, 233, 236, 237, 241, 242, 243, 247, 248, 253, 257, 258, 259, 260, 261, 262, 263, 264, 270, 272, 273, 274, 275, 276, 277, 278, 279, 280, 282, 299, 301, 316, 319, 323, 324, 325, 333, 334, 336, 338, 340, 343, 344, 345, 346, 347]",156,False,2.231891694809819e-05,9.779904227783092e-08,7.407039301940119e-06,10.0
T5,32,32,1,31,625,0.03125,0.001597444089456869,0.00303951367781155,cao2018,S01/060227n,all_channel,median,median__all_channel__T5,32,355,"[0, 3, 4, 5, 9, 11, 12, 13, 14, 15, 16, 19, 21, 22, 24, 26, 30, 32, 34, 42, 47, 55, 56, 60, 62, 63, 64, 65, 66, 71, 72, 73, 75, 76, 80, 81, 82, 83, 84, 85, 87, 88, 91, 95, 100, 102, 105, 108, 109, 110, 111, 114, 116, 117, 119, 120, 121, 123, 124, 126, 128, 132, 133, 134, 135, 136, 137, 138, 139, 140, 141, 144, 145, 146, 147, 149, 152, 153, 154, 158, 160, 168, 170, 171, 172, 175, 176, 180, 183, 184, 185, 186, 196, 198, 200, 202, 203, 207, 208, 209, 211, 212, 216, 217, 219, 222, 224, 225, 227, 228, 230, 233, 236, 237, 241, 242, 243, 247, 248, 253, 257, 258, 259, 260, 261, 262, 263, 264, 270, 272, 273, 274, 275, 276, 277, 278, 279, 280, 282, 299, 301, 316, 319, 323, 324, 325, 333, 334, 336, 338, 340, 343, 344, 345, 346, 347]",156,False,2.0468326281148883e-05,6.846265673335809e-08,6.799954541471841e-06,10.0
A1,48,48,1,47,625,0.020833333333333332,0.001597444089456869,0.0029673590504451035,cao2018,S01/060227n,all_channel,median,median__all_channel__A1,32,355,"[0, 3, 4, 5, 9, 11, 12, 13, 14, 15, 16, 19, 21, 22, 24, 26, 30, 32, 34, 42, 47, 55, 56, 60, 62, 63, 64, 65, 66, 71, 72, 73, 75, 76, 80, 81, 82, 83, 84, 85, 87, 88, 91, 95, 100, 102, 105, 108, 109, 110, 111, 114, 116, 117, 119, 120, 121, 123, 124, 126, 128, 132, 133, 134, 135, 136, 137, 138, 139, 140, 141, 144, 145, 146, 147, 149, 152, 153, 154, 158, 160, 168, 170, 171, 172, 175, 176, 180, 183, 184, 185, 186, 196, 198, 200, 202, 203, 207, 208, 209, 211, 212, 216, 217, 219, 222, 224, 225, 227, 228, 230, 233, 236, 237, 241, 242, 243, 247, 248, 253, 257, 258, 259, 260, 261, 262, 263, 264, 270, 272, 273, 274, 275, 276, 277, 278, 279, 280, 282, 299, 301, 316, 319, 323, 324, 325, 333, 334, 336, 338, 340, 343, 344, 345, 346, 347]",156,False,1.0389782222668605e-05,-5.832762553311153e-08,3.4827032827339053e-06,10.0
FP1,661,661,452,209,174,0.6838124054462935,0.7220447284345048,0.7024087024087025,cao2018,S01/060227n,all_channel,mean,mean__all_channel__FP1,32,355,"[0, 3, 4, 5, 9, 11, 12, 13, 14, 15, 16, 19, 21, 22, 24, 26, 30, 32, 34, 42, 47, 55, 56, 60, 62, 63, 64, 65, 66, 71, 72, 73, 75, 76, 80, 81, 82, 83, 84, 85, 87, 88, 91, 95, 100, 102, 105, 108, 109, 110, 111, 114, 116, 117, 119, 120, 121, 123, 124, 126, 128, 132, 133, 134, 135, 136, 137, 138, 139, 140, 141, 144, 145, 146, 147, 149, 152, 153, 154, 158, 160, 168, 170, 171, 172, 175, 176, 180, 183, 184, 185, 186, 196, 198, 200, 202, 203, 207, 208, 209, 211, 212, 216, 217, 219, 222, 224, 225, 227, 228, 230, 233, 236, 237, 241, 242, 243, 247, 248, 253, 257, 258, 259, 260, 261, 262, 263, 264, 270, 272, 273, 274, 275, 276, 277, 278, 279, 280, 282, 299, 301, 316, 319, 323, 324, 325, 333, 334, 336, 338, 340, 343, 344, 345, 346, 347]",156,False,5.438077956477311e-05,3.053324014177392e-08,1.8116748774877114e-05,10.0
FP2,468,468,291,177,335,0.6217948717948718,0.46485623003194887,0.5319926873857405,cao2018,S01/060227n,all_channel,mean,mean__all_channel__FP2,32,355,"[0, 3, 4, 5, 9, 11, 12, 13, 14, 15, 16, 19, 21, 22, 24, 26, 30, 32, 34, 42, 47, 55, 56, 60, 62, 63, 64, 65, 66, 71, 72, 73, 75, 76, 80, 81, 82, 83, 84, 85, 87, 88, 91, 95, 100, 102, 105, 108, 109, 110, 111, 114, 116, 117, 119, 120, 121, 123, 124, 126, 128, 132, 133, 134, 135, 136, 137, 138, 139, 140, 141, 144, 145, 146, 147, 149, 152, 153, 154, 158, 160, 168, 170, 171, 172, 175, 176, 180, 183, 184, 185, 186, 196, 198, 200, 202, 203, 207, 208, 209, 211, 212, 216, 217, 219, 222, 224, 225, 227, 228, 230, 233, 236, 237, 241, 242, 243, 247, 248, 253, 257, 258, 259, 260, 261, 262, 263, 264, 270, 272, 273, 274, 275, 276, 277, 278, 279, 280, 282, 299, 301, 316, 319, 323, 324, 325, 333, 334, 336, 338, 340, 343, 344, 345, 346, 347]",156,False,5.095282320600357e-05,6.014219716626138e-08,1.696422700294577e-05,10.0
F7,200,200,99,101,527,0.495,0.15814696485623003,0.23970944309927364,cao2018,S01/060227n,all_channel,mean,mean__all_channel__F7,32,355,"[0, 3, 4, 5, 9, 11, 12, 13, 14, 15, 16, 19, 21, 22, 24, 26, 30, 32, 34, 42, 47, 55, 56, 60, 62, 63, 64, 65, 66, 71, 72, 73, 75, 76, 80, 81, 82, 83, 84, 85, 87, 88, 91, 95, 100, 102, 105, 108, 109, 110, 111, 114, 116, 117, 119, 120, 121, 123, 124, 126, 128, 132, 133, 134, 135, 136, 137, 138, 139, 140, 141, 144, 145, 146, 147, 149, 152, 153, 154, 158, 160, 168, 170, 171, 172, 175, 176, 180, 183, 184, 185, 186, 196, 198, 200, 202, 203, 207, 208, 209, 211, 212, 216, 217, 219, 222, 224, 225, 227, 228, 230, 233, 236, 237, 241, 242, 243, 247, 248, 253, 257, 258, 259, 260, 261, 262, 263, 264, 270, 272, 273, 274, 275, 276, 277, 278, 279, 280, 282, 299, 301, 316, 319, 323, 324, 325, 333, 334, 336, 338, 340, 343, 344, 345, 346, 347]",156,False,3.688475974575893e-05,8.666855383254666e-09,1.2292030963458558e-05,10.0
F4,193,193,64,129,562,0.3316062176165803,0.10223642172523961,0.1562881562881563,cao2018,S01/060227n,all_channel,mean,mean__all_channel__F4,32,355,"[0, 3, 4, 5, 9, 11, 12, 13, 14, 15, 16, 19, 21, 22, 24, 26, 30, 32, 34, 42, 47, 55, 56, 60, 62, 63, 64, 65, 66, 71, 72, 73, 75, 76, 80, 81, 82, 83, 84, 85, 87, 88, 91, 95, 100, 102, 105, 108, 109, 110, 111, 114, 116, 117, 119, 120, 121, 123, 124, 126, 128, 132, 133, 134, 135, 136, 137, 138, 139, 140, 141, 144, 145, 146, 147, 149, 152, 153, 154, 158, 160, 168, 170, 171, 172, 175, 176, 180, 183, 184, 185, 186, 196, 198, 200, 202, 203, 207, 208, 209, 211, 212, 216, 217, 219, 222, 224, 225, 227, 228, 230, 233, 236, 237, 241, 242, 243, 247, 248, 253, 257, 258, 259, 260, 261, 262, 263, 264, 270, 272, 273, 274, 275, 276, 277, 278, 279, 280, 282, 299, 301, 316, 319, 323, 324, 325, 333, 334, 336, 338, 340, 343, 344, 345, 346, 347]",156,False,4.508137880638627e-05,8.907131897813797e-08,1.4997435829136043e-05,10.0
F8,153,153,55,98,571,0.35947712418300654,0.0878594249201278,0.14120667522464697,cao2018,S01/060227n,all_channel,mean,mean__all_channel__F8,32,355,"[0, 3, 4, 5, 9, 11, 12, 13, 14, 15, 16, 19, 21, 22, 24, 26, 30, 32, 34, 42, 47, 55, 56, 60, 62, 63, 64, 65, 66, 71, 72, 73, 75, 76, 80, 81, 82, 83, 84, 85, 87, 88, 91, 95, 100, 102, 105, 108, 109, 110, 111, 114, 116, 117, 119, 120, 121, 123, 124, 126, 128, 132, 133, 134, 135, 136, 137, 138, 139, 140, 141, 144, 145, 146, 147, 149, 152, 153, 154, 158, 160, 168, 170, 171, 172, 175, 176, 180, 183, 184, 185, 186, 196, 198, 200, 202, 203, 207, 208, 209, 211, 212, 216, 217, 219, 222, 224, 225, 227, 228, 230, 233, 236, 237, 241, 242, 243, 247, 248, 253, 257, 258, 259, 260, 261, 262, 263, 264, 270, 272, 273, 274, 275, 276, 277, 278, 279, 280, 282, 299, 301, 316, 319, 323, 324, 325, 333, 334, 336, 338, 340, 343, 344, 345, 346, 347]",156,False,2.846050858684372e-05,1.5867777638011754e-08,9.481546936401903e-06,10.0
FT8,153,153,55,98,571,0.35947712418300654,0.0878594249201278,0.14120667522464697,cao2018,S01/060227n,all_channel,mean,mean__all_channel__FT8,32,355,"[0, 3, 4, 5, 9, 11, 12, 13, 14, 15, 16, 19, 21, 22, 24, 26, 30, 32, 34, 42, 47, 55, 56, 60, 62, 63, 64, 65, 66, 71, 72, 73, 75, 76, 80, 81, 82, 83, 84, 85, 87, 88, 91, 95, 100, 102, 105, 108, 109, 110, 111, 114, 116, 117, 119, 120, 121, 123, 124, 126, 128, 132, 133, 134, 135, 136, 137, 138, 139, 140, 141, 144, 145, 146, 147, 149, 152, 153, 154, 158, 160, 168, 170, 171, 172, 175, 176, 180, 183, 184, 185, 186, 196, 198, 200, 202, 203, 207, 208, 209, 211, 212, 216, 217, 219, 222, 224, 225, 227, 228, 230, 233, 236, 237, 241, 242, 243, 247, 248, 253, 257, 258, 259, 260, 261, 262, 263, 264, 270, 272, 273, 274, 275, 276, 277, 278, 279, 280, 282, 299, 301, 316, 319, 323, 324, 325, 333, 334, 336, 338, 340, 343, 344, 345, 346, 347]",156,False,2.8314618351356616e-05,1.449804779155679e-08,9.433373434521686e-06,10.0
T4,154,154,55,99,571,0.35714285714285715,0.0878594249201278,0.141025641025641,cao2018,S01/060227n,all_channel,mean,mean__all_channel__T4,32,355,"[0, 3, 4, 5, 9, 11, 12, 13, 14, 15, 16, 19, 21, 22, 24, 26, 30, 32, 34, 42, 47, 55, 56, 60, 62, 63, 64, 65, 66, 71, 72, 73, 75, 76, 80, 81, 82, 83, 84, 85, 87, 88, 91, 95, 100, 102, 105, 108, 109, 110, 111, 114, 116, 117, 119, 120, 121, 123, 124, 126, 128, 132, 133, 134, 135, 136, 137, 138, 139, 140, 141, 144, 145, 146, 147, 149, 152, 153, 154, 158, 160, 168, 170, 171, 172, 175, 176, 180, 183, 184, 185, 186, 196, 198, 200, 202, 203, 207, 208, 209, 211, 212, 216, 217, 219, 222, 224, 225, 227, 228, 230, 233, 236, 237, 241, 242, 243, 247, 248, 253, 257, 258, 259, 260, 261, 262, 263, 264, 270, 272, 273, 274, 275, 276, 277, 278, 279, 280, 282, 299, 301, 316, 319, 323, 324, 325, 333, 334, 336, 338, 340, 343, 344, 345, 346, 347]",156,False,2.8200480895574187e-05,1.5050332173345186e-08,9.395143521133614e-06,10.0
F3,143,143,39,104,587,0.2727272727272727,0.06230031948881789,0.10143042912873862,cao2018,S01/060227n,all_channel,mean,mean__all_channel__F3,32,355,"[0, 3, 4, 5, 9, 11, 12, 13, 14, 15, 16, 19, 21, 22, 24, 26, 30, 32, 34, 42, 47, 55, 56, 60, 62, 63, 64, 65, 66, 71, 72, 73, 75, 76, 80, 81, 82, 83, 84, 85, 87, 88, 91, 95, 100, 102, 105, 108, 109, 110, 111, 114, 116, 117, 119, 120, 121, 123, 124, 126, 128, 132, 133, 134, 135, 136, 137, 138, 139, 140, 141, 144, 145, 146, 147, 149, 152, 153, 154, 158, 160, 168, 170, 171, 172, 175, 176, 180, 183, 184, 185, 186, 196, 198, 200, 202, 203, 207, 208, 209, 211, 212, 216, 217, 219, 222, 224, 225, 227, 228, 230, 233, 236, 237, 241, 242, 243, 247, 248, 253, 257, 258, 259, 260, 261, 262, 263, 264, 270, 272, 273, 274, 275, 276, 277, 278, 279, 280, 282, 299, 301, 316, 319, 323, 324, 325, 333, 334, 336, 338, 340, 343, 344, 345, 346, 347]",156,False,4.440308938579684e-05,5.111500504240631e-08,1.4783991460251477e-05,10.0
C4,123,123,32,91,594,0.2601626016260163,0.051118210862619806,0.08544726301735647,cao2018,S01/060227n,all_channel,mean,mean__all_channel__C4,32,355,"[0, 3, 4, 5, 9, 11, 12, 13, 14, 15, 16, 19, 21, 22, 24, 26, 30, 32, 34, 42, 47, 55, 56, 60, 62, 63, 64, 65, 66, 71, 72, 73, 75, 76, 80, 81, 82, 83, 84, 85, 87, 88, 91, 95, 100, 102, 105, 108, 109, 110, 111, 114, 116, 117, 119, 120, 121, 123, 124, 126, 128, 132, 133, 134, 135, 136, 137, 138, 139, 140, 141, 144, 145, 146, 147, 149, 152, 153, 154, 158, 160, 168, 170, 171, 172, 175, 176, 180, 183, 184, 185, 186, 196, 198, 200, 202, 203, 207, 208, 209, 211, 212, 216, 217, 219, 222, 224, 225, 227, 228, 230, 233, 236, 237, 241, 242, 243, 247, 248, 253, 257, 258, 259, 260, 261, 262, 263, 264, 270, 272, 273, 274, 275, 276, 277, 278, 279, 280, 282, 299, 301, 316, 319, 323, 324, 325, 333, 334, 336, 338, 340, 343, 344, 345, 346, 347]",156,False,3.805248021983388e-05,3.019292558969561e-08,1.2674095764748061e-05,10.0
FC4,120,120,30,90,596,0.25,0.04792332268370607,0.08042895442359249,cao2018,S01/060227n,all_channel,mean,mean__all_channel__FC4,32,355,"[0, 3, 4, 5, 9, 11, 12, 13, 14, 15, 16, 19, 21, 22, 24, 26, 30, 32, 34, 42, 47, 55, 56, 60, 62, 63, 64, 65, 66, 71, 72, 73, 75, 76, 80, 81, 82, 83, 84, 85, 87, 88, 91, 95, 100, 102, 105, 108, 109, 110, 111, 114, 116, 117, 119, 120, 121, 123, 124, 126, 128, 132, 133, 134, 135, 136, 137, 138, 139, 140, 141, 144, 145, 146, 147, 149, 152, 153, 154, 158, 160, 168, 170, 171, 172, 175, 176, 180, 183, 184, 185, 186, 196, 198, 200, 202, 203, 207, 208, 209, 211, 212, 216, 217, 219, 222, 224, 225, 227, 228, 230, 233, 236, 237, 241, 242, 243, 247, 248, 253, 257, 258, 259, 260, 261, 262, 263, 264, 270, 272, 273, 274, 275, 276, 277, 278, 279, 280, 282, 299, 301, 316, 319, 323, 324, 325, 333, 334, 336, 338, 340, 343, 344, 345, 346, 347]",156,False,3.810996314824717e-05,3.118964700511042e-08,1.2692924500414018e-05,10.0
FT7,82,82,24,58,602,0.2926829268292683,0.038338658146964855,0.06779661016949153,cao2018,S01/060227n,all_channel,mean,mean__all_channel__FT7,32,355,"[0, 3, 4, 5, 9, 11, 12, 13, 14, 15, 16, 19, 21, 22, 24, 26, 30, 32, 34, 42, 47, 55, 56, 60, 62, 63, 64, 65, 66, 71, 72, 73, 75, 76, 80, 81, 82, 83, 84, 85, 87, 88, 91, 95, 100, 102, 105, 108, 109, 110, 111, 114, 116, 117, 119, 120, 121, 123, 124, 126, 128, 132, 133, 134, 135, 136, 137, 138, 139, 140, 141, 144, 145, 146, 147, 149, 152, 153, 154, 158, 160, 168, 170, 171, 172, 175, 176, 180, 183, 184, 185, 186, 196, 198, 200, 202, 203, 207, 208, 209, 211, 212, 216, 217, 219, 222, 224, 225, 227, 228, 230, 233, 236, 237, 241, 242, 243, 247, 248, 253, 257, 258, 259, 260, 261, 262, 263, 264, 270, 272, 273, 274, 275, 276, 277, 278, 279, 280, 282, 299, 301, 316, 319, 323, 324, 325, 333, 334, 336, 338, 340, 343, 344, 345, 346, 347]",156,False,2.9385730640632866e-05,-7.418592739730105e-09,9.797716411124198e-06,10.0
TP8,116,116,24,92,602,0.20689655172413793,0.038338658146964855,0.0646900269541779,cao2018,S01/060227n,all_channel,mean,mean__all_channel__TP8,32,355,"[0, 3, 4, 5, 9, 11, 12, 13, 14, 15, 16, 19, 21, 22, 24, 26, 30, 32, 34, 42, 47, 55, 56, 60, 62, 63, 64, 65, 66, 71, 72, 73, 75, 76, 80, 81, 82, 83, 84, 85, 87, 88, 91, 95, 100, 102, 105, 108, 109, 110, 111, 114, 116, 117, 119, 120, 121, 123, 124, 126, 128, 132, 133, 134, 135, 136, 137, 138, 139, 140, 141, 144, 145, 146, 147, 149, 152, 153, 154, 158, 160, 168, 170, 171, 172, 175, 176, 180, 183, 184, 185, 186, 196, 198, 200, 202, 203, 207, 208, 209, 211, 212, 216, 217, 219, 222, 224, 225, 227, 228, 230, 233, 236, 237, 241, 242, 243, 247, 248, 253, 257, 258, 259, 260, 261, 262, 263, 264, 270, 272, 273, 274, 275, 276, 277, 278, 279, 280, 282, 299, 301, 316, 319, 323, 324, 325, 333, 334, 336, 338, 340, 343, 344, 345, 346, 347]",156,False,2.210209828891139e-05,2.4392730011237224e-08,7.3592351863000506e-06,10.0
FC3,81,81,18,63,608,0.2222222222222222,0.02875399361022364,0.05091937765205092,cao2018,S01/060227n,all_channel,mean,mean__all_channel__FC3,32,355,"[0, 3, 4, 5, 9, 11, 12, 13, 14, 15, 16, 19, 21, 22, 24, 26, 30, 32, 34, 42, 47, 55, 56, 60, 62, 63, 64, 65, 66, 71, 72, 73, 75, 76, 80, 81, 82, 83, 84, 85, 87, 88, 91, 95, 100, 102, 105, 108, 109, 110, 111, 114, 116, 117, 119, 120, 121, 123, 124, 126, 128, 132, 133, 134, 135, 136, 137, 138, 139, 140, 141, 144, 145, 146, 147, 149, 152, 153, 154, 158, 160, 168, 170, 171, 172, 175, 176, 180, 183, 184, 185, 186, 196, 198, 200, 202, 203, 207, 208, 209, 211, 212, 216, 217, 219, 222, 224, 225, 227, 228, 230, 233, 236, 237, 241, 242, 243, 247, 248, 253, 257, 258, 259, 260, 261, 262, 263, 264, 270, 272, 273, 274, 275, 276, 277, 278, 279, 280, 282, 299, 301, 316, 319, 323, 324, 325, 333, 334, 336, 338, 340, 343, 344, 345, 346, 347]",156,False,3.7696945591328715e-05,7.4629910205813e-09,1.2563160866769378e-05,10.0
FZ,89,89,18,71,608,0.20224719101123595,0.02875399361022364,0.050349650349650346,cao2018,S01/060227n,all_channel,mean,mean__all_channel__FZ,32,355,"[0, 3, 4, 5, 9, 11, 12, 13, 14, 15, 16, 19, 21, 22, 24, 26, 30, 32, 34, 42, 47, 55, 56, 60, 62, 63, 64, 65, 66, 71, 72, 73, 75, 76, 80, 81, 82, 83, 84, 85, 87, 88, 91, 95, 100, 102, 105, 108, 109, 110, 111, 114, 116, 117, 119, 120, 121, 123, 124, 126, 128, 132, 133, 134, 135, 136, 137, 138, 139, 140, 141, 144, 145, 146, 147, 149, 152, 153, 154, 158, 160, 168, 170, 171, 172, 175, 176, 180, 183, 184, 185, 186, 196, 198, 200, 202, 203, 207, 208, 209, 211, 212, 216, 217, 219, 222, 224, 225, 227, 228, 230, 233, 236, 237, 241, 242, 243, 247, 248, 253, 257, 258, 259, 260, 261, 262, 263, 264, 270, 272, 273, 274, 275, 276, 277, 278, 279, 280, 282, 299, 301, 316, 319, 323, 324, 325, 333, 334, 336, 338, 340, 343, 344, 345, 346, 347]",156,False,4.226612762938575e-05,3.3796877255502994e-08,1.4077443584043414e-05,10.0
FCZ,88,88,17,71,609,0.19318181818181818,0.027156549520766772,0.04761904761904762,cao2018,S01/060227n,all_channel,mean,mean__all_channel__FCZ,32,355,"[0, 3, 4, 5, 9, 11, 12, 13, 14, 15, 16, 19, 21, 22, 24, 26, 30, 32, 34, 42, 47, 55, 56, 60, 62, 63, 64, 65, 66, 71, 72, 73, 75, 76, 80, 81, 82, 83, 84, 85, 87, 88, 91, 95, 100, 102, 105, 108, 109, 110, 111, 114, 116, 117, 119, 120, 121, 123, 124, 126, 128, 132, 133, 134, 135, 136, 137, 138, 139, 140, 141, 144, 145, 146, 147, 149, 152, 153, 154, 158, 160, 168, 170, 171, 172, 175, 176, 180, 183, 184, 185, 186, 196, 198, 200, 202, 203, 207, 208, 209, 211, 212, 216, 217, 219, 222, 224, 225, 227, 228, 230, 233, 236, 237, 241, 242, 243, 247, 248, 253, 257, 258, 259, 260, 261, 262, 263, 264, 270, 272, 273, 274, 275, 276, 277, 278, 279, 280, 282, 299, 301, 316, 319, 323, 324, 325, 333, 334, 336, 338, 340, 343, 344, 345, 346, 347]",156,False,4.20419325666523e-05,3.2538200729638324e-08,1.4003131455307553e-05,10.0
CZ,86,86,16,70,610,0.18604651162790697,0.025559105431309903,0.0449438202247191,cao2018,S01/060227n,all_channel,mean,mean__all_channel__CZ,32,355,"[0, 3, 4, 5, 9, 11, 12, 13, 14, 15, 16, 19, 21, 22, 24, 26, 30, 32, 34, 42, 47, 55, 56, 60, 62, 63, 64, 65, 66, 71, 72, 73, 75, 76, 80, 81, 82, 83, 84, 85, 87, 88, 91, 95, 100, 102, 105, 108, 109, 110, 111, 114, 116, 117, 119, 120, 121, 123, 124, 126, 128, 132, 133, 134, 135, 136, 137, 138, 139, 140, 141, 144, 145, 146, 147, 149, 152, 153, 154, 158, 160, 168, 170, 171, 172, 175, 176, 180, 183, 184, 185, 186, 196, 198, 200, 202, 203, 207, 208, 209, 211, 212, 216, 217, 219, 222, 224, 225, 227, 228, 230, 233, 236, 237, 241, 242, 243, 247, 248, 253, 257, 258, 259, 260, 261, 262, 263, 264, 270, 272, 273, 274, 275, 276, 277, 278, 279, 280, 282, 299, 301, 316, 319, 323, 324, 325, 333, 334, 336, 338, 340, 343, 344, 345, 346, 347]",156,False,4.196119699043173e-05,3.5688209040663576e-08,1.3975169593797025e-05,10.0
T3,69,69,13,56,613,0.18840579710144928,0.020766773162939296,0.03741007194244604,cao2018,S01/060227n,all_channel,mean,mean__all_channel__T3,32,355,"[0, 3, 4, 5, 9, 11, 12, 13, 14, 15, 16, 19, 21, 22, 24, 26, 30, 32, 34, 42, 47, 55, 56, 60, 62, 63, 64, 65, 66, 71, 72, 73, 75, 76, 80, 81, 82, 83, 84, 85, 87, 88, 91, 95, 100, 102, 105, 108, 109, 110, 111, 114, 116, 117, 119, 120, 121, 123, 124, 126, 128, 132, 133, 134, 135, 136, 137, 138, 139, 140, 141, 144, 145, 146, 147, 149, 152, 153, 154, 158, 160, 168, 170, 171, 172, 175, 176, 180, 183, 184, 185, 186, 196, 198, 200, 202, 203, 207, 208, 209, 211, 212, 216, 217, 219, 222, 224, 225, 227, 228, 230, 233, 236, 237, 241, 242, 243, 247, 248, 253, 257, 258, 259, 260, 261, 262, 263, 264, 270, 272, 273, 274, 275, 276, 277, 278, 279, 280, 282, 299, 301, 316, 319, 323, 324, 325, 333, 334, 336, 338, 340, 343, 344, 345, 346, 347]",156,False,2.444829341997326e-05,2.3192799252639607e-08,8.141700206906873e-06,10.0
C3,59,59,10,49,616,0.1694915254237288,0.01597444089456869,0.029197080291970802,cao2018,S01/060227n,all_channel,mean,mean__all_channel__C3,32,355,"[0, 3, 4, 5, 9, 11, 12, 13, 14, 15, 16, 19, 21, 22, 24, 26, 30, 32, 34, 42, 47, 55, 56, 60, 62, 63, 64, 65, 66, 71, 72, 73, 75, 76, 80, 81, 82, 83, 84, 85, 87, 88, 91, 95, 100, 102, 105, 108, 109, 110, 111, 114, 116, 117, 119, 120, 121, 123, 124, 126, 128, 132, 133, 134, 135, 136, 137, 138, 139, 140, 141, 144, 145, 146, 147, 149, 152, 153, 154, 158, 160, 168, 170, 171, 172, 175, 176, 180, 183, 184, 185, 186, 196, 198, 200, 202, 203, 207, 208, 209, 211, 212, 216, 217, 219, 222, 224, 225, 227, 228, 230, 233, 236, 237, 241, 242, 243, 247, 248, 253, 257, 258, 259, 260, 261, 262, 263, 264, 270, 272, 273, 274, 275, 276, 277, 278, 279, 280, 282, 299, 301, 316, 319, 323, 324, 325, 333, 334, 336, 338, 340, 343, 344, 345, 346, 347]",156,False,3.294302773197258e-05,1.2507202775146368e-08,1.0976840176399145e-05,10.0
CP4,86,86,10,76,616,0.11627906976744186,0.01597444089456869,0.028089887640449437,cao2018,S01/060227n,all_channel,mean,mean__all_channel__CP4,32,355,"[0, 3, 4, 5, 9, 11, 12, 13, 14, 15, 16, 19, 21, 22, 24, 26, 30, 32, 34, 42, 47, 55, 56, 60, 62, 63, 64, 65, 66, 71, 72, 73, 75, 76, 80, 81, 82, 83, 84, 85, 87, 88, 91, 95, 100, 102, 105, 108, 109, 110, 111, 114, 116, 117, 119, 120, 121, 123, 124, 126, 128, 132, 133, 134, 135, 136, 137, 138, 139, 140, 141, 144, 145, 146, 147, 149, 152, 153, 154, 158, 160, 168, 170, 171, 172, 175, 176, 180, 183, 184, 185, 186, 196, 198, 200, 202, 203, 207, 208, 209, 211, 212, 216, 217, 219, 222, 224, 225, 227, 228, 230, 233, 236, 237, 241, 242, 243, 247, 248, 253, 257, 258, 259, 260, 261, 262, 263, 264, 270, 272, 273, 274, 275, 276, 277, 278, 279, 280, 282, 299, 301, 316, 319, 323, 324, 325, 333, 334, 336, 338, 340, 343, 344, 345, 346, 347]",156,False,3.0131289527443734e-05,2.489222153786697e-08,1.003546576863529e-05,10.0
CP3,59,59,8,51,618,0.13559322033898305,0.012779552715654952,0.02335766423357664,cao2018,S01/060227n,all_channel,mean,mean__all_channel__CP3,32,355,"[0, 3, 4, 5, 9, 11, 12, 13, 14, 15, 16, 19, 21, 22, 24, 26, 30, 32, 34, 42, 47, 55, 56, 60, 62, 63, 64, 65, 66, 71, 72, 73, 75, 76, 80, 81, 82, 83, 84, 85, 87, 88, 91, 95, 100, 102, 105, 108, 109, 110, 111, 114, 116, 117, 119, 120, 121, 123, 124, 126, 128, 132, 133, 134, 135, 136, 137, 138, 139, 140, 141, 144, 145, 146, 147, 149, 152, 153, 154, 158, 160, 168, 170, 171, 172, 175, 176, 180, 183, 184, 185, 186, 196, 198, 200, 202, 203, 207, 208, 209, 211, 212, 216, 217, 219, 222, 224, 225, 227, 228, 230, 233, 236, 237, 241, 242, 243, 247, 248, 253, 257, 258, 259, 260, 261, 262, 263, 264, 270, 272, 273, 274, 275, 276, 277, 278, 279, 280, 282, 299, 301, 316, 319, 323, 324, 325, 333, 334, 336, 338, 340, 343, 344, 345, 346, 347]",156,False,2.8902159049418915e-05,1.8296571342593504e-08,9.627954159358774e-06,10.0
P3,49,49,6,43,620,0.12244897959183673,0.009584664536741214,0.017777777777777778,cao2018,S01/060227n,all_channel,mean,mean__all_channel__P3,32,355,"[0, 3, 4, 5, 9, 11, 12, 13, 14, 15, 16, 19, 21, 22, 24, 26, 30, 32, 34, 42, 47, 55, 56, 60, 62, 63, 64, 65, 66, 71, 72, 73, 75, 76, 80, 81, 82, 83, 84, 85, 87, 88, 91, 95, 100, 102, 105, 108, 109, 110, 111, 114, 116, 117, 119, 120, 121, 123, 124, 126, 128, 132, 133, 134, 135, 136, 137, 138, 139, 140, 141, 144, 145, 146, 147, 149, 152, 153, 154, 158, 160, 168, 170, 171, 172, 175, 176, 180, 183, 184, 185, 186, 196, 198, 200, 202, 203, 207, 208, 209, 211, 212, 216, 217, 219, 222, 224, 225, 227, 228, 230, 233, 236, 237, 241, 242, 243, 247, 248, 253, 257, 258, 259, 260, 261, 262, 263, 264, 270, 272, 273, 274, 275, 276, 277, 278, 279, 280, 282, 299, 301, 316, 319, 323, 324, 325, 333, 334, 336, 338, 340, 343, 344, 345, 346, 347]",156,False,2.6668668619369814e-05,1.5246609679738056e-08,8.884474003230025e-06,10.0
CPZ,68,68,6,62,620,0.08823529411764706,0.009584664536741214,0.01729106628242075,cao2018,S01/060227n,all_channel,mean,mean__all_channel__CPZ,32,355,"[0, 3, 4, 5, 9, 11, 12, 13, 14, 15, 16, 19, 21, 22, 24, 26, 30, 32, 34, 42, 47, 55, 56, 60, 62, 63, 64, 65, 66, 71, 72, 73, 75, 76, 80, 81, 82, 83, 84, 85, 87, 88, 91, 95, 100, 102, 105, 108, 109, 110, 111, 114, 116, 117, 119, 120, 121, 123, 124, 126, 128, 132, 133, 134, 135, 136, 137, 138, 139, 140, 141, 144, 145, 146, 147, 149, 152, 153, 154, 158, 160, 168, 170, 171, 172, 175, 176, 180, 183, 184, 185, 186, 196, 198, 200, 202, 203, 207, 208, 209, 211, 212, 216, 217, 219, 222, 224, 225, 227, 228, 230, 233, 236, 237, 241, 242, 243, 247, 248, 253, 257, 258, 259, 260, 261, 262, 263, 264, 270, 272, 273, 274, 275, 276, 277, 278, 279, 280, 282, 299, 301, 316, 319, 323, 324, 325, 333, 334, 336, 338, 340, 343, 344, 345, 346, 347]",156,False,3.180529510091378e-05,2.4142657026474147e-08,1.0593717481295769e-05,10.0
T6,78,78,6,72,620,0.07692307692307693,0.009584664536741214,0.017045454545454544,cao2018,S01/060227n,all_channel,mean,mean__all_channel__T6,32,355,"[0, 3, 4, 5, 9, 11, 12, 13, 14, 15, 16, 19, 21, 22, 24, 26, 30, 32, 34, 42, 47, 55, 56, 60, 62, 63, 64, 65, 66, 71, 72, 73, 75, 76, 80, 81, 82, 83, 84, 85, 87, 88, 91, 95, 100, 102, 105, 108, 109, 110, 111, 114, 116, 117, 119, 120, 121, 123, 124, 126, 128, 132, 133, 134, 135, 136, 137, 138, 139, 140, 141, 144, 145, 146, 147, 149, 152, 153, 154, 158, 160, 168, 170, 171, 172, 175, 176, 180, 183, 184, 185, 186, 196, 198, 200, 202, 203, 207, 208, 209, 211, 212, 216, 217, 219, 222, 224, 225, 227, 228, 230, 233, 236, 237, 241, 242, 243, 247, 248, 253, 257, 258, 259, 260, 261, 262, 263, 264, 270, 272, 273, 274, 275, 276, 277, 278, 279, 280, 282, 299, 301, 316, 319, 323, 324, 325, 333, 334, 336, 338, 340, 343, 344, 345, 346, 347]",156,False,2.062468899847819e-05,2.4868162511225038e-08,6.866606945322321e-06,10.0
O1,45,45,5,40,621,0.1111111111111111,0.007987220447284345,0.014903129657228018,cao2018,S01/060227n,all_channel,mean,mean__all_channel__O1,32,355,"[0, 3, 4, 5, 9, 11, 12, 13, 14, 15, 16, 19, 21, 22, 24, 26, 30, 32, 34, 42, 47, 55, 56, 60, 62, 63, 64, 65, 66, 71, 72, 73, 75, 76, 80, 81, 82, 83, 84, 85, 87, 88, 91, 95, 100, 102, 105, 108, 109, 110, 111, 114, 116, 117, 119, 120, 121, 123, 124, 126, 128, 132, 133, 134, 135, 136, 137, 138, 139, 140, 141, 144, 145, 146, 147, 149, 152, 153, 154, 158, 160, 168, 170, 171, 172, 175, 176, 180, 183, 184, 185, 186, 196, 198, 200, 202, 203, 207, 208, 209, 211, 212, 216, 217, 219, 222, 224, 225, 227, 228, 230, 233, 236, 237, 241, 242, 243, 247, 248, 253, 257, 258, 259, 260, 261, 262, 263, 264, 270, 272, 273, 274, 275, 276, 277, 278, 279, 280, 282, 299, 301, 316, 319, 323, 324, 325, 333, 334, 336, 338, 340, 343, 344, 345, 346, 347]",156,False,2.224094214477996e-05,6.621533167324763e-09,7.411440203870878e-06,10.0
A2,50,50,5,45,621,0.1,0.007987220447284345,0.014792899408284023,cao2018,S01/060227n,all_channel,mean,mean__all_channel__A2,32,355,"[0, 3, 4, 5, 9, 11, 12, 13, 14, 15, 16, 19, 21, 22, 24, 26, 30, 32, 34, 42, 47, 55, 56, 60, 62, 63, 64, 65, 66, 71, 72, 73, 75, 76, 80, 81, 82, 83, 84, 85, 87, 88, 91, 95, 100, 102, 105, 108, 109, 110, 111, 114, 116, 117, 119, 120, 121, 123, 124, 126, 128, 132, 133, 134, 135, 136, 137, 138, 139, 140, 141, 144, 145, 146, 147, 149, 152, 153, 154, 158, 160, 168, 170, 171, 172, 175, 176, 180, 183, 184, 185, 186, 196, 198, 200, 202, 203, 207, 208, 209, 211, 212, 216, 217, 219, 222, 224, 225, 227, 228, 230, 233, 236, 237, 241, 242, 243, 247, 248, 253, 257, 258, 259, 260, 261, 262, 263, 264, 270, 272, 273, 274, 275, 276, 277, 278, 279, 280, 282, 299, 301, 316, 319, 323, 324, 325, 333, 334, 336, 338, 340, 343, 344, 345, 346, 347]",156,False,1.0469162563246509e-05,9.143401059046857e-09,3.486673054062487e-06,10.0
OZ,64,64,5,59,621,0.078125,0.007987220447284345,0.014492753623188406,cao2018,S01/060227n,all_channel,mean,mean__all_channel__OZ,32,355,"[0, 3, 4, 5, 9, 11, 12, 13, 14, 15, 16, 19, 21, 22, 24, 26, 30, 32, 34, 42, 47, 55, 56, 60, 62, 63, 64, 65, 66, 71, 72, 73, 75, 76, 80, 81, 82, 83, 84, 85, 87, 88, 91, 95, 100, 102, 105, 108, 109, 110, 111, 114, 116, 117, 119, 120, 121, 123, 124, 126, 128, 132, 133, 134, 135, 136, 137, 138, 139, 140, 141, 144, 145, 146, 147, 149, 152, 153, 154, 158, 160, 168, 170, 171, 172, 175, 176, 180, 183, 184, 185, 186, 196, 198, 200, 202, 203, 207, 208, 209, 211, 212, 216, 217, 219, 222, 224, 225, 227, 228, 230, 233, 236, 237, 241, 242, 243, 247, 248, 253, 257, 258, 259, 260, 261, 262, 263, 264, 270, 272, 273, 274, 275, 276, 277, 278, 279, 280, 282, 299, 301, 316, 319, 323, 324, 325, 333, 334, 336, 338, 340, 343, 344, 345, 346, 347]",156,False,2.1986882004272433e-05,1.290983299007154e-08,7.324657390427454e-06,10.0
P4,78,78,4,74,622,0.05128205128205128,0.006389776357827476,0.011363636363636364,cao2018,S01/060227n,all_channel,mean,mean__all_channel__P4,32,355,"[0, 3, 4, 5, 9, 11, 12, 13, 14, 15, 16, 19, 21, 22, 24, 26, 30, 32, 34, 42, 47, 55, 56, 60, 62, 63, 64, 65, 66, 71, 72, 73, 75, 76, 80, 81, 82, 83, 84, 85, 87, 88, 91, 95, 100, 102, 105, 108, 109, 110, 111, 114, 116, 117, 119, 120, 121, 123, 124, 126, 128, 132, 133, 134, 135, 136, 137, 138, 139, 140, 141, 144, 145, 146, 147, 149, 152, 153, 154, 158, 160, 168, 170, 171, 172, 175, 176, 180, 183, 184, 185, 186, 196, 198, 200, 202, 203, 207, 208, 209, 211, 212, 216, 217, 219, 222, 224, 225, 227, 228, 230, 233, 236, 237, 241, 242, 243, 247, 248, 253, 257, 258, 259, 260, 261, 262, 263, 264, 270, 272, 273, 274, 275, 276, 277, 278, 279, 280, 282, 299, 301, 316, 319, 323, 324, 325, 333, 334, 336, 338, 340, 343, 344, 345, 346, 347]",156,False,2.8324768777553433e-05,2.2679403203896077e-08,9.434029791449845e-06,10.0
PZ,60,60,3,57,623,0.05,0.004792332268370607,0.008746355685131196,cao2018,S01/060227n,all_channel,mean,mean__all_channel__PZ,32,355,"[0, 3, 4, 5, 9, 11, 12, 13, 14, 15, 16, 19, 21, 22, 24, 26, 30, 32, 34, 42, 47, 55, 56, 60, 62, 63, 64, 65, 66, 71, 72, 73, 75, 76, 80, 81, 82, 83, 84, 85, 87, 88, 91, 95, 100, 102, 105, 108, 109, 110, 111, 114, 116, 117, 119, 120, 121, 123, 124, 126, 128, 132, 133, 134, 135, 136, 137, 138, 139, 140, 141, 144, 145, 146, 147, 149, 152, 153, 154, 158, 160, 168, 170, 171, 172, 175, 176, 180, 183, 184, 185, 186, 196, 198, 200, 202, 203, 207, 208, 209, 211, 212, 216, 217, 219, 222, 224, 225, 227, 228, 230, 233, 236, 237, 241, 242, 243, 247, 248, 253, 257, 258, 259, 260, 261, 262, 263, 264, 270, 272, 273, 274, 275, 276, 277, 278, 279, 280, 282, 299, 301, 316, 319, 323, 324, 325, 333, 334, 336, 338, 340, 343, 344, 345, 346, 347]",156,False,2.8479076863089505e-05,2.190226930462128e-08,9.485724864594961e-06,10.0
O2,33,33,2,31,624,0.06060606060606061,0.003194888178913738,0.006069802731411229,cao2018,S01/060227n,all_channel,mean,mean__all_channel__O2,32,355,"[0, 3, 4, 5, 9, 11, 12, 13, 14, 15, 16, 19, 21, 22, 24, 26, 30, 32, 34, 42, 47, 55, 56, 60, 62, 63, 64, 65, 66, 71, 72, 73, 75, 76, 80, 81, 82, 83, 84, 85, 87, 88, 91, 95, 100, 102, 105, 108, 109, 110, 111, 114, 116, 117, 119, 120, 121, 123, 124, 126, 128, 132, 133, 134, 135, 136, 137, 138, 139, 140, 141, 144, 145, 146, 147, 149, 152, 153, 154, 158, 160, 168, 170, 171, 172, 175, 176, 180, 183, 184, 185, 186, 196, 198, 200, 202, 203, 207, 208, 209, 211, 212, 216, 217, 219, 222, 224, 225, 227, 228, 230, 233, 236, 237, 241, 242, 243, 247, 248, 253, 257, 258, 259, 260, 261, 262, 263, 264, 270, 272, 273, 274, 275, 276, 277, 278, 279, 280, 282, 299, 301, 316, 319, 323, 324, 325, 333, 334, 336, 338, 340, 343, 344, 345, 346, 347]",156,False,2.313587228564871e-05,1.9506216258384974e-08,7.705455356463441e-06,10.0
TP7,31,31,1,30,625,0.03225806451612903,0.001597444089456869,0.0030441400304414,cao2018,S01/060227n,all_channel,mean,mean__all_channel__TP7,32,355,"[0, 3, 4, 5, 9, 11, 12, 13, 14, 15, 16, 19, 21, 22, 24, 26, 30, 32, 34, 42, 47, 55, 56, 60, 62, 63, 64, 65, 66, 71, 72, 73, 75, 76, 80, 81, 82, 83, 84, 85, 87, 88, 91, 95, 100, 102, 105, 108, 109, 110, 111, 114, 116, 117, 119, 120, 121, 123, 124, 126, 128, 132, 133, 134, 135, 136, 137, 138, 139, 140, 141, 144, 145, 146, 147, 149, 152, 153, 154, 158, 160, 168, 170, 171, 172, 175, 176, 180, 183, 184, 185, 186, 196, 198, 200, 202, 203, 207, 208, 209, 211, 212, 216, 217, 219, 222, 224, 225, 227, 228, 230, 233, 236, 237, 241, 242, 243, 247, 248, 253, 257, 258, 259, 260, 261, 262, 263, 264, 270, 272, 273, 274, 275, 276, 277, 278, 279, 280, 282, 299, 301, 316, 319, 323, 324, 325, 333, 334, 336, 338, 340, 343, 344, 345, 346, 347]",156,False,2.2229766755653805e-05,8.648849833448804e-09,7.407039301940119e-06,10.0
T5,33,33,1,32,625,0.030303030303030304,0.001597444089456869,0.0030349013657056147,cao2018,S01/060227n,all_channel,mean,mean__all_channel__T5,32,355,"[0, 3, 4, 5, 9, 11, 12, 13, 14, 15, 16, 19, 21, 22, 24, 26, 30, 32, 34, 42, 47, 55, 56, 60, 62, 63, 64, 65, 66, 71, 72, 73, 75, 76, 80, 81, 82, 83, 84, 85, 87, 88, 91, 95, 100, 102, 105, 108, 109, 110, 111, 114, 116, 117, 119, 120, 121, 123, 124, 126, 128, 132, 133, 134, 135, 136, 137, 138, 139, 140, 141, 144, 145, 146, 147, 149, 152, 153, 154, 158, 160, 168, 170, 171, 172, 175, 176, 180, 183, 184, 185, 186, 196, 198, 200, 202, 203, 207, 208, 209, 211, 212, 216, 217, 219, 222, 224, 225, 227, 228, 230, 233, 236, 237, 241, 242, 243, 247, 248, 253, 257, 258, 259, 260, 261, 262, 263, 264, 270, 272, 273, 274, 275, 276, 277, 278, 279, 280, 282, 299, 301, 316, 319, 323, 324, 325, 333, 334, 336, 338, 340, 343, 344, 345, 346, 347]",156,False,2.0410461758529853e-05,1.0598134114330467e-08,6.799954541471841e-06,10.0
A1,47,47,1,46,625,0.02127659574468085,0.001597444089456869,0.002971768202080238,cao2018,S01/060227n,all_channel,mean,mean__all_channel__A1,32,355,"[0, 3, 4, 5, 9, 11, 12, 13, 14, 15, 16, 19, 21, 22, 24, 26, 30, 32, 34, 42, 47, 55, 56, 60, 62, 63, 64, 65, 66, 71, 72, 73, 75, 76, 80, 81, 82, 83, 84, 85, 87, 88, 91, 95, 100, 102, 105, 108, 109, 110, 111, 114, 116, 117, 119, 120, 121, 123, 124, 126, 128, 132, 133, 134, 135, 136, 137, 138, 139, 140, 141, 144, 145, 146, 147, 149, 152, 153, 154, 158, 160, 168, 170, 171, 172, 175, 176, 180, 183, 184, 185, 186, 196, 198, 200, 202, 203, 207, 208, 209, 211, 212, 216, 217, 219, 222, 224, 225, 227, 228, 230, 233, 236, 237, 241, 242, 243, 247, 248, 253, 257, 258, 259, 260, 261, 262, 263, 264, 270, 272, 273, 274, 275, 276, 277, 278, 279, 280, 282, 299, 301, 316, 319, 323, 324, 325, 333, 334, 336, 338, 340, 343, 344, 345, 346, 347]",156,False,1.0438988269423191e-05,-9.12157877852518e-09,3.4827032827339053e-06,10.0
FP1,624,624,423,201,203,0.6778846153846154,0.6757188498402555,0.6768,cao2018,S01/060227n,frontal,median,median__frontal__FP1,4,355,"[0, 3, 4, 5, 9, 12, 13, 14, 26, 42, 55, 56, 65, 71, 72, 76, 80, 81, 82, 84, 85, 87, 88, 91, 95, 116, 117, 119, 123, 126, 128, 132, 133, 134, 138, 140, 141, 144, 145, 147, 149, 152, 160, 170, 180, 185, 198, 200, 203, 207, 208, 209, 211, 212, 216, 217, 224, 225, 227, 228, 233, 236, 237, 243, 257, 258, 259, 260, 261, 262, 263, 270, 272, 274, 275, 276, 277, 278, 279, 280, 301, 316, 319, 323, 325, 333, 336, 340, 343, 344, 345, 346]",92,False,5.649723818198959e-05,-1.2073435689981118e-06,1.923486058366257e-05,10.0
FP2,432,432,264,168,362,0.6111111111111112,0.4217252396166134,0.4990548204158791,cao2018,S01/060227n,frontal,median,median__frontal__FP2,4,355,"[0, 3, 4, 5, 9, 12, 13, 14, 26, 42, 55, 56, 65, 71, 72, 76, 80, 81, 82, 84, 85, 87, 88, 91, 95, 116, 117, 119, 123, 126, 128, 132, 133, 134, 138, 140, 141, 144, 145, 147, 149, 152, 160, 170, 180, 185, 198, 200, 203, 207, 208, 209, 211, 212, 216, 217, 224, 225, 227, 228, 233, 236, 237, 243, 257, 258, 259, 260, 261, 262, 263, 270, 272, 274, 275, 276, 277, 278, 279, 280, 301, 316, 319, 323, 325, 333, 336, 340, 343, 344, 345, 346]",92,False,5.287434063872399e-05,-7.354774972068702e-07,1.7869939378643622e-05,10.0
F4,169,169,57,112,569,0.33727810650887574,0.09105431309904154,0.14339622641509434,cao2018,S01/060227n,frontal,median,median__frontal__F4,4,355,"[0, 3, 4, 5, 9, 12, 13, 14, 26, 42, 55, 56, 65, 71, 72, 76, 80, 81, 82, 84, 85, 87, 88, 91, 95, 116, 117, 119, 123, 126, 128, 132, 133, 134, 138, 140, 141, 144, 145, 147, 149, 152, 160, 170, 180, 185, 198, 200, 203, 207, 208, 209, 211, 212, 216, 217, 224, 225, 227, 228, 233, 236, 237, 243, 257, 258, 259, 260, 261, 262, 263, 270, 272, 274, 275, 276, 277, 278, 279, 280, 301, 316, 319, 323, 325, 333, 336, 340, 343, 344, 345, 346]",92,False,4.807455332903531e-05,-7.442363708727998e-09,1.6027331897581346e-05,10.0
F3,118,118,30,88,596,0.2542372881355932,0.04792332268370607,0.08064516129032258,cao2018,S01/060227n,frontal,median,median__frontal__F3,4,355,"[0, 3, 4, 5, 9, 12, 13, 14, 26, 42, 55, 56, 65, 71, 72, 76, 80, 81, 82, 84, 85, 87, 88, 91, 95, 116, 117, 119, 123, 126, 128, 132, 133, 134, 138, 140, 141, 144, 145, 147, 149, 152, 160, 170, 180, 185, 198, 200, 203, 207, 208, 209, 211, 212, 216, 217, 224, 225, 227, 228, 233, 236, 237, 243, 257, 258, 259, 260, 261, 262, 263, 270, 272, 274, 275, 276, 277, 278, 279, 280, 301, 316, 319, 323, 325, 333, 336, 340, 343, 344, 345, 346]",92,False,4.6211041485152744e-05,-3.7625512244255575e-08,1.5416222332465667e-05,10.0
FP1,605,605,416,189,210,0.687603305785124,0.6645367412140575,0.6758732737611698,cao2018,S01/060227n,frontal,mean,mean__frontal__FP1,4,355,"[0, 3, 4, 5, 9, 12, 13, 14, 26, 42, 55, 56, 65, 71, 72, 76, 80, 81, 82, 84, 85, 87, 88, 91, 95, 116, 117, 119, 123, 126, 128, 132, 133, 134, 138, 140, 141, 144, 145, 147, 149, 152, 160, 170, 180, 185, 198, 200, 203, 207, 208, 209, 211, 212, 216, 217, 224, 225, 227, 228, 233, 236, 237, 243, 257, 258, 259, 260, 261, 262, 263, 270, 272, 274, 275, 276, 277, 278, 279, 280, 301, 316, 319, 323, 325, 333, 336, 340, 343, 344, 345, 346]",92,False,5.7812039568010755e-05,1.0745781702305487e-07,1.923486058366257e-05,10.0
FP2,415,415,254,161,372,0.6120481927710844,0.4057507987220447,0.4879923150816522,cao2018,S01/060227n,frontal,mean,mean__frontal__FP2,4,355,"[0, 3, 4, 5, 9, 12, 13, 14, 26, 42, 55, 56, 65, 71, 72, 76, 80, 81, 82, 84, 85, 87, 88, 91, 95, 116, 117, 119, 123, 126, 128, 132, 133, 134, 138, 140, 141, 144, 145, 147, 149, 152, 160, 170, 180, 185, 198, 200, 203, 207, 208, 209, 211, 212, 216, 217, 224, 225, 227, 228, 233, 236, 237, 243, 257, 258, 259, 260, 261, 262, 263, 270, 272, 274, 275, 276, 277, 278, 279, 280, 301, 316, 319, 323, 325, 333, 336, 340, 343, 344, 345, 346]",92,False,5.3719988506245214e-05,1.1017037031435291e-07,1.7869939378643622e-05,10.0
F4,167,167,57,110,569,0.3413173652694611,0.09105431309904154,0.1437578814627995,cao2018,S01/060227n,frontal,mean,mean__frontal__F4,4,355,"[0, 3, 4, 5, 9, 12, 13, 14, 26, 42, 55, 56, 65, 71, 72, 76, 80, 81, 82, 84, 85, 87, 88, 91, 95, 116, 117, 119, 123, 126, 128, 132, 133, 134, 138, 140, 141, 144, 145, 147, 149, 152, 160, 170, 180, 185, 198, 200, 203, 207, 208, 209, 211, 212, 216, 217, 224, 225, 227, 228, 233, 236, 237, 243, 257, 258, 259, 260, 261, 262, 263, 270, 272, 274, 275, 276, 277, 278, 279, 280, 301, 316, 319, 323, 325, 333, 336, 340, 343, 344, 345, 346]",92,False,4.822190284937861e-05,1.3990715663457302e-07,1.6027331897581346e-05,10.0
F3,118,118,30,88,596,0.2542372881355932,0.04792332268370607,0.08064516129032258,cao2018,S01/060227n,frontal,mean,mean__frontal__F3,4,355,"[0, 3, 4, 5, 9, 12, 13, 14, 26, 42, 55, 56, 65, 71, 72, 76, 80, 81, 82, 84, 85, 87, 88, 91, 95, 116, 117, 119, 123, 126, 128, 132, 133, 134, 138, 140, 141, 144, 145, 147, 149, 152, 160, 170, 180, 185, 198, 200, 203, 207, 208, 209, 211, 212, 216, 217, 224, 225, 227, 228, 233, 236, 237, 243, 257, 258, 259, 260, 261, 262, 263, 270, 272, 274, 275, 276, 277, 278, 279, 280, 301, 316, 319, 323, 325, 333, 336, 340, 343, 344, 345, 346]",92,False,4.634985931618911e-05,1.0119231879210706e-07,1.5416222332465667e-05,10.0
FP1,554,554,389,165,237,0.7021660649819494,0.6214057507987221,0.659322033898305,cao2018,S01/060227n,frontal_left,median,median__frontal_left__FP1,2,355,"[0, 3, 4, 5, 12, 13, 42, 55, 56, 71, 81, 84, 87, 91, 117, 119, 123, 126, 132, 133, 134, 138, 140, 144, 145, 149, 160, 170, 185, 198, 200, 208, 209, 211, 224, 225, 227, 237, 243, 257, 261, 262, 263, 270, 272, 274, 275, 276, 277, 278, 279, 301, 319, 333, 343, 344, 345, 346]",58,False,6.070383764269634e-05,-1.2621430626036235e-06,2.0655326901766654e-05,10.0
F3,92,92,24,68,602,0.2608695652173913,0.038338658146964855,0.06685236768802229,cao2018,S01/060227n,frontal_left,median,median__frontal_left__F3,2,355,"[0, 3, 4, 5, 12, 13, 42, 55, 56, 71, 81, 84, 87, 91, 117, 119, 123, 126, 132, 133, 134, 138, 140, 144, 145, 149, 160, 170, 185, 198, 200, 208, 209, 211, 224, 225, 227, 237, 243, 257, 261, 262, 263, 270, 272, 274, 275, 276, 277, 278, 279, 301, 319, 333, 343, 344, 345, 346]",58,False,4.98888228074337e-05,-1.3237453475152611e-07,1.6673732447395075e-05,10.0
FP1,525,525,374,151,252,0.7123809523809523,0.597444089456869,0.6498696785403997,cao2018,S01/060227n,frontal_left,mean,mean__frontal_left__FP1,2,355,"[0, 3, 4, 5, 12, 13, 42, 55, 56, 71, 81, 84, 87, 91, 117, 119, 123, 126, 132, 133, 134, 138, 140, 144, 145, 149, 160, 170, 185, 198, 200, 208, 209, 211, 224, 225, 227, 237, 243, 257, 261, 262, 263, 270, 272, 274, 275, 276, 277, 278, 279, 301, 319, 333, 343, 344, 345, 346]",58,False,6.214061327801317e-05,1.7463257271320779e-07,2.0655326901766654e-05,10.0
F3,88,88,23,65,603,0.26136363636363635,0.036741214057507986,0.06442577030812326,cao2018,S01/060227n,frontal_left,mean,mean__frontal_left__F3,2,355,"[0, 3, 4, 5, 12, 13, 42, 55, 56, 71, 81, 84, 87, 91, 117, 119, 123, 126, 132, 133, 134, 138, 140, 144, 145, 149, 160, 170, 185, 198, 200, 208, 209, 211, 224, 225, 227, 237, 243, 257, 261, 262, 263, 270, 272, 274, 275, 276, 277, 278, 279, 301, 319, 333, 343, 344, 345, 346]",58,False,5.017045108345554e-05,1.4925374127031279e-07,1.6673732447395075e-05,10.0
FP2,415,415,254,161,372,0.6120481927710844,0.4057507987220447,0.4879923150816522,cao2018,S01/060227n,frontal_right,median,median__frontal_right__FP2,2,355,"[0, 3, 4, 9, 12, 13, 14, 26, 42, 55, 65, 71, 72, 76, 80, 82, 84, 85, 87, 88, 91, 95, 116, 117, 119, 123, 126, 128, 133, 134, 138, 141, 144, 145, 147, 149, 152, 160, 170, 180, 185, 198, 203, 207, 208, 209, 211, 212, 216, 217, 224, 225, 227, 228, 233, 236, 243, 257, 258, 259, 260, 261, 262, 263, 270, 274, 275, 276, 277, 278, 279, 280, 316, 319, 323, 325, 333, 336, 340, 343, 344, 345, 346]",83,False,5.384065286497342e-05,-7.705882323958941e-07,1.8203747032456437e-05,10.0
F4,158,158,54,104,572,0.34177215189873417,0.08626198083067092,0.1377551020408163,cao2018,S01/060227n,frontal_right,median,median__frontal_right__F4,2,355,"[0, 3, 4, 9, 12, 13, 14, 26, 42, 55, 65, 71, 72, 76, 80, 82, 84, 85, 87, 88, 91, 95, 116, 117, 119, 123, 126, 128, 133, 134, 138, 141, 144, 145, 147, 149, 152, 160, 170, 180, 185, 198, 203, 207, 208, 209, 211, 212, 216, 217, 224, 225, 227, 228, 233, 236, 243, 257, 258, 259, 260, 261, 262, 263, 270, 274, 275, 276, 277, 278, 279, 280, 316, 319, 323, 325, 333, 336, 340, 343, 344, 345, 346]",83,False,4.9322652732638766e-05,-4.392781861100467e-09,1.6442348504833288e-05,10.0
FP2,396,396,240,156,386,0.6060606060606061,0.38338658146964855,0.46966731898238745,cao2018,S01/060227n,frontal_right,mean,mean__frontal_right__FP2,2,355,"[0, 3, 4, 9, 12, 13, 14, 26, 42, 55, 65, 71, 72, 76, 80, 82, 84, 85, 87, 88, 91, 95, 116, 117, 119, 123, 126, 128, 133, 134, 138, 141, 144, 145, 147, 149, 152, 160, 170, 180, 185, 198, 203, 207, 208, 209, 211, 212, 216, 217, 224, 225, 227, 228, 233, 236, 243, 257, 258, 259, 260, 261, 262, 263, 270, 274, 275, 276, 277, 278, 279, 280, 316, 319, 323, 325, 333, 336, 340, 343, 344, 345, 346]",83,False,5.470022000233661e-05,8.897890496729715e-08,1.8203747032456437e-05,10.0
F4,158,158,54,104,572,0.34177215189873417,0.08626198083067092,0.1377551020408163,cao2018,S01/060227n,frontal_right,mean,mean__frontal_right__F4,2,355,"[0, 3, 4, 9, 12, 13, 14, 26, 42, 55, 65, 71, 72, 76, 80, 82, 84, 85, 87, 88, 91, 95, 116, 117, 119, 123, 126, 128, 133, 134, 138, 141, 144, 145, 147, 149, 152, 160, 170, 180, 185, 198, 203, 207, 208, 209, 211, 212, 216, 217, 224, 225, 227, 228, 233, 236, 243, 257, 258, 259, 260, 261, 262, 263, 270, 274, 275, 276, 277, 278, 279, 280, 316, 319, 323, 325, 333, 336, 340, 343, 344, 345, 346]",83,False,4.946292553817578e-05,1.3588002367590858e-07,1.6442348504833288e-05,10.0
FP1,769,769,504,265,115,0.6553966189856957,0.81421647819063,0.7262247838616714,cao2018,S01/060227n,all_channel,median,median__all_channel__FP1,32,177,"[1, 2, 4, 5, 6, 7, 8, 9, 10, 11, 12, 14, 15, 16, 17, 21, 25, 27, 28, 31, 33, 36, 39, 40, 41, 42, 43, 45, 47, 50, 52, 55, 58, 60, 61, 63, 66, 67, 68, 69, 70, 71, 72, 74, 76, 84, 85, 86, 87, 88, 92, 93, 97, 98, 99, 104, 105, 106, 108, 109, 112, 113, 114, 118, 120, 121, 124, 128, 129, 130, 131, 135, 136, 137, 138, 139, 140, 150, 159, 166, 168, 171, 172, 173]",84,False,4.9584525322410204e-05,-1.2342524793251561e-06,1.6939592600578453e-05,20.0
FP2,524,524,317,207,302,0.6049618320610687,0.5121163166397416,0.5546806649168854,cao2018,S01/060227n,all_channel,median,median__all_channel__FP2,32,177,"[1, 2, 4, 5, 6, 7, 8, 9, 10, 11, 12, 14, 15, 16, 17, 21, 25, 27, 28, 31, 33, 36, 39, 40, 41, 42, 43, 45, 47, 50, 52, 55, 58, 60, 61, 63, 66, 67, 68, 69, 70, 71, 72, 74, 76, 84, 85, 86, 87, 88, 92, 93, 97, 98, 99, 104, 105, 106, 108, 109, 112, 113, 114, 118, 120, 121, 124, 128, 129, 130, 131, 135, 136, 137, 138, 139, 140, 150, 159, 166, 168, 171, 172, 173]",84,False,4.7332577669638856e-05,-6.163967274218044e-07,1.5982991465686888e-05,20.0
F7,251,251,124,127,495,0.4940239043824701,0.20032310177705978,0.2850574712643678,cao2018,S01/060227n,all_channel,median,median__all_channel__F7,32,177,"[1, 2, 4, 5, 6, 7, 8, 9, 10, 11, 12, 14, 15, 16, 17, 21, 25, 27, 28, 31, 33, 36, 39, 40, 41, 42, 43, 45, 47, 50, 52, 55, 58, 60, 61, 63, 66, 67, 68, 69, 70, 71, 72, 74, 76, 84, 85, 86, 87, 88, 92, 93, 97, 98, 99, 104, 105, 106, 108, 109, 112, 113, 114, 118, 120, 121, 124, 128, 129, 130, 131, 135, 136, 137, 138, 139, 140, 150, 159, 166, 168, 171, 172, 173]",84,False,3.4876027163139864e-05,-2.3271029744935361e-07,1.1702912486863071e-05,20.0
F4,222,222,79,143,540,0.35585585585585583,0.12762520193861066,0.18787158145065397,cao2018,S01/060227n,all_channel,median,median__all_channel__F4,32,177,"[1, 2, 4, 5, 6, 7, 8, 9, 10, 11, 12, 14, 15, 16, 17, 21, 25, 27, 28, 31, 33, 36, 39, 40, 41, 42, 43, 45, 47, 50, 52, 55, 58, 60, 61, 63, 66, 67, 68, 69, 70, 71, 72, 74, 76, 84, 85, 86, 87, 88, 92, 93, 97, 98, 99, 104, 105, 106, 108, 109, 112, 113, 114, 118, 120, 121, 124, 128, 129, 130, 131, 135, 136, 137, 138, 139, 140, 150, 159, 166, 168, 171, 172, 173]",84,False,4.203384998234025e-05,-1.0549331913560684e-08,1.4014799771417937e-05,20.0
F8,184,184,59,125,560,0.32065217391304346,0.09531502423263329,0.14694894146948942,cao2018,S01/060227n,all_channel,median,median__all_channel__F8,32,177,"[1, 2, 4, 5, 6, 7, 8, 9, 10, 11, 12, 14, 15, 16, 17, 21, 25, 27, 28, 31, 33, 36, 39, 40, 41, 42, 43, 45, 47, 50, 52, 55, 58, 60, 61, 63, 66, 67, 68, 69, 70, 71, 72, 74, 76, 84, 85, 86, 87, 88, 92, 93, 97, 98, 99, 104, 105, 106, 108, 109, 112, 113, 114, 118, 120, 121, 124, 128, 129, 130, 131, 135, 136, 137, 138, 139, 140, 150, 159, 166, 168, 171, 172, 173]",84,False,2.722515014847538e-05,2.123877006091623e-08,9.067970459471489e-06,20.0
FT8,180,180,58,122,561,0.32222222222222224,0.09369951534733441,0.14518147684605756,cao2018,S01/060227n,all_channel,median,median__all_channel__FT8,32,177,"[1, 2, 4, 5, 6, 7, 8, 9, 10, 11, 12, 14, 15, 16, 17, 21, 25, 27, 28, 31, 33, 36, 39, 40, 41, 42, 43, 45, 47, 50, 52, 55, 58, 60, 61, 63, 66, 67, 68, 69, 70, 71, 72, 74, 76, 84, 85, 86, 87, 88, 92, 93, 97, 98, 99, 104, 105, 106, 108, 109, 112, 113, 114, 118, 120, 121, 124, 128, 129, 130, 131, 135, 136, 137, 138, 139, 140, 150, 159, 166, 168, 171, 172, 173]",84,False,2.7119508880288256e-05,2.1309036029551273e-08,9.032733281419569e-06,20.0
T4,181,181,58,123,561,0.32044198895027626,0.09369951534733441,0.14500000000000002,cao2018,S01/060227n,all_channel,median,median__all_channel__T4,32,177,"[1, 2, 4, 5, 6, 7, 8, 9, 10, 11, 12, 14, 15, 16, 17, 21, 25, 27, 28, 31, 33, 36, 39, 40, 41, 42, 43, 45, 47, 50, 52, 55, 58, 60, 61, 63, 66, 67, 68, 69, 70, 71, 72, 74, 76, 84, 85, 86, 87, 88, 92, 93, 97, 98, 99, 104, 105, 106, 108, 109, 112, 113, 114, 118, 120, 121, 124, 128, 129, 130, 131, 135, 136, 137, 138, 139, 140, 150, 159, 166, 168, 171, 172, 173]",84,False,2.698634735623341e-05,1.3797673369308017e-08,8.990849894288034e-06,20.0
F3,174,174,57,117,562,0.3275862068965517,0.09208400646203554,0.1437578814627995,cao2018,S01/060227n,all_channel,median,median__all_channel__F3,32,177,"[1, 2, 4, 5, 6, 7, 8, 9, 10, 11, 12, 14, 15, 16, 17, 21, 25, 27, 28, 31, 33, 36, 39, 40, 41, 42, 43, 45, 47, 50, 52, 55, 58, 60, 61, 63, 66, 67, 68, 69, 70, 71, 72, 74, 76, 84, 85, 86, 87, 88, 92, 93, 97, 98, 99, 104, 105, 106, 108, 109, 112, 113, 114, 118, 120, 121, 124, 128, 129, 130, 131, 135, 136, 137, 138, 139, 140, 150, 159, 166, 168, 171, 172, 173]",84,False,4.1610663554577594e-05,-1.3423227302671628e-07,1.3914965275868103e-05,20.0
FC4,142,142,38,104,581,0.2676056338028169,0.061389337641357025,0.09986859395532194,cao2018,S01/060227n,all_channel,median,median__all_channel__FC4,32,177,"[1, 2, 4, 5, 6, 7, 8, 9, 10, 11, 12, 14, 15, 16, 17, 21, 25, 27, 28, 31, 33, 36, 39, 40, 41, 42, 43, 45, 47, 50, 52, 55, 58, 60, 61, 63, 66, 67, 68, 69, 70, 71, 72, 74, 76, 84, 85, 86, 87, 88, 92, 93, 97, 98, 99, 104, 105, 106, 108, 109, 112, 113, 114, 118, 120, 121, 124, 128, 129, 130, 131, 135, 136, 137, 138, 139, 140, 150, 159, 166, 168, 171, 172, 173]",84,False,3.618623166605425e-05,1.0469623082996331e-07,1.2027178478408095e-05,20.0
C4,144,144,38,106,581,0.2638888888888889,0.061389337641357025,0.09960681520314549,cao2018,S01/060227n,all_channel,median,median__all_channel__C4,32,177,"[1, 2, 4, 5, 6, 7, 8, 9, 10, 11, 12, 14, 15, 16, 17, 21, 25, 27, 28, 31, 33, 36, 39, 40, 41, 42, 43, 45, 47, 50, 52, 55, 58, 60, 61, 63, 66, 67, 68, 69, 70, 71, 72, 74, 76, 84, 85, 86, 87, 88, 92, 93, 97, 98, 99, 104, 105, 106, 108, 109, 112, 113, 114, 118, 120, 121, 124, 128, 129, 130, 131, 135, 136, 137, 138, 139, 140, 150, 159, 166, 168, 171, 172, 173]",84,False,3.609906206579495e-05,9.060058801041383e-08,1.2002820492594844e-05,20.0
FZ,108,108,30,78,589,0.2777777777777778,0.048465266558966075,0.08253094910591471,cao2018,S01/060227n,all_channel,median,median__all_channel__FZ,32,177,"[1, 2, 4, 5, 6, 7, 8, 9, 10, 11, 12, 14, 15, 16, 17, 21, 25, 27, 28, 31, 33, 36, 39, 40, 41, 42, 43, 45, 47, 50, 52, 55, 58, 60, 61, 63, 66, 67, 68, 69, 70, 71, 72, 74, 76, 84, 85, 86, 87, 88, 92, 93, 97, 98, 99, 104, 105, 106, 108, 109, 112, 113, 114, 118, 120, 121, 124, 128, 129, 130, 131, 135, 136, 137, 138, 139, 140, 150, 159, 166, 168, 171, 172, 173]",84,False,4.010942436415379e-05,4.301826835154223e-08,1.3355468698600749e-05,20.0
FT7,109,109,28,81,591,0.25688073394495414,0.045234248788368334,0.07692307692307691,cao2018,S01/060227n,all_channel,median,median__all_channel__FT7,32,177,"[1, 2, 4, 5, 6, 7, 8, 9, 10, 11, 12, 14, 15, 16, 17, 21, 25, 27, 28, 31, 33, 36, 39, 40, 41, 42, 43, 45, 47, 50, 52, 55, 58, 60, 61, 63, 66, 67, 68, 69, 70, 71, 72, 74, 76, 84, 85, 86, 87, 88, 92, 93, 97, 98, 99, 104, 105, 106, 108, 109, 112, 113, 114, 118, 120, 121, 124, 128, 129, 130, 131, 135, 136, 137, 138, 139, 140, 150, 159, 166, 168, 171, 172, 173]",84,False,2.7956140546600394e-05,2.4616430199451065e-08,9.310508038800315e-06,20.0
TP8,125,125,27,98,592,0.216,0.04361873990306947,0.07258064516129031,cao2018,S01/060227n,all_channel,median,median__all_channel__TP8,32,177,"[1, 2, 4, 5, 6, 7, 8, 9, 10, 11, 12, 14, 15, 16, 17, 21, 25, 27, 28, 31, 33, 36, 39, 40, 41, 42, 43, 45, 47, 50, 52, 55, 58, 60, 61, 63, 66, 67, 68, 69, 70, 71, 72, 74, 76, 84, 85, 86, 87, 88, 92, 93, 97, 98, 99, 104, 105, 106, 108, 109, 112, 113, 114, 118, 120, 121, 124, 128, 129, 130, 131, 135, 136, 137, 138, 139, 140, 150, 159, 166, 168, 171, 172, 173]",84,False,2.1329892605637667e-05,1.0278121492582763e-07,7.0757037969039464e-06,20.0
CZ,104,104,25,79,594,0.2403846153846154,0.04038772213247173,0.06915629322268327,cao2018,S01/060227n,all_channel,median,median__all_channel__CZ,32,177,"[1, 2, 4, 5, 6, 7, 8, 9, 10, 11, 12, 14, 15, 16, 17, 21, 25, 27, 28, 31, 33, 36, 39, 40, 41, 42, 43, 45, 47, 50, 52, 55, 58, 60, 61, 63, 66, 67, 68, 69, 70, 71, 72, 74, 76, 84, 85, 86, 87, 88, 92, 93, 97, 98, 99, 104, 105, 106, 108, 109, 112, 113, 114, 118, 120, 121, 124, 128, 129, 130, 131, 135, 136, 137, 138, 139, 140, 150, 159, 166, 168, 171, 172, 173]",84,False,3.990865495086611e-05,5.2036878225873755e-08,1.3285539357546746e-05,20.0
FCZ,108,108,25,83,594,0.23148148148148148,0.04038772213247173,0.0687757909215956,cao2018,S01/060227n,all_channel,median,median__all_channel__FCZ,32,177,"[1, 2, 4, 5, 6, 7, 8, 9, 10, 11, 12, 14, 15, 16, 17, 21, 25, 27, 28, 31, 33, 36, 39, 40, 41, 42, 43, 45, 47, 50, 52, 55, 58, 60, 61, 63, 66, 67, 68, 69, 70, 71, 72, 74, 76, 84, 85, 86, 87, 88, 92, 93, 97, 98, 99, 104, 105, 106, 108, 109, 112, 113, 114, 118, 120, 121, 124, 128, 129, 130, 131, 135, 136, 137, 138, 139, 140, 150, 159, 166, 168, 171, 172, 173]",84,False,3.987668131517267e-05,4.3915743909584095e-08,1.3277588523754363e-05,20.0
FC3,99,99,21,78,598,0.21212121212121213,0.033925686591276254,0.0584958217270195,cao2018,S01/060227n,all_channel,median,median__all_channel__FC3,32,177,"[1, 2, 4, 5, 6, 7, 8, 9, 10, 11, 12, 14, 15, 16, 17, 21, 25, 27, 28, 31, 33, 36, 39, 40, 41, 42, 43, 45, 47, 50, 52, 55, 58, 60, 61, 63, 66, 67, 68, 69, 70, 71, 72, 74, 76, 84, 85, 86, 87, 88, 92, 93, 97, 98, 99, 104, 105, 106, 108, 109, 112, 113, 114, 118, 120, 121, 124, 128, 129, 130, 131, 135, 136, 137, 138, 139, 140, 150, 159, 166, 168, 171, 172, 173]",84,False,3.5762432519765616e-05,5.108767971429777e-08,1.190378161335044e-05,20.0
T3,79,79,15,64,604,0.189873417721519,0.024232633279483037,0.04297994269340974,cao2018,S01/060227n,all_channel,median,median__all_channel__T3,32,177,"[1, 2, 4, 5, 6, 7, 8, 9, 10, 11, 12, 14, 15, 16, 17, 21, 25, 27, 28, 31, 33, 36, 39, 40, 41, 42, 43, 45, 47, 50, 52, 55, 58, 60, 61, 63, 66, 67, 68, 69, 70, 71, 72, 74, 76, 84, 85, 86, 87, 88, 92, 93, 97, 98, 99, 104, 105, 106, 108, 109, 112, 113, 114, 118, 120, 121, 124, 128, 129, 130, 131, 135, 136, 137, 138, 139, 140, 150, 159, 166, 168, 171, 172, 173]",84,False,2.339444229651389e-05,9.022613493336221e-08,7.768072053860177e-06,20.0
CP4,103,103,13,90,606,0.1262135922330097,0.0210016155088853,0.036011080332409975,cao2018,S01/060227n,all_channel,median,median__all_channel__CP4,32,177,"[1, 2, 4, 5, 6, 7, 8, 9, 10, 11, 12, 14, 15, 16, 17, 21, 25, 27, 28, 31, 33, 36, 39, 40, 41, 42, 43, 45, 47, 50, 52, 55, 58, 60, 61, 63, 66, 67, 68, 69, 70, 71, 72, 74, 76, 84, 85, 86, 87, 88, 92, 93, 97, 98, 99, 104, 105, 106, 108, 109, 112, 113, 114, 118, 120, 121, 124, 128, 129, 130, 131, 135, 136, 137, 138, 139, 140, 150, 159, 166, 168, 171, 172, 173]",84,False,2.884680208478719e-05,1.746250865040992e-08,9.60977985871226e-06,20.0
C3,74,74,12,62,607,0.16216216216216217,0.01938610662358643,0.03463203463203463,cao2018,S01/060227n,all_channel,median,median__all_channel__C3,32,177,"[1, 2, 4, 5, 6, 7, 8, 9, 10, 11, 12, 14, 15, 16, 17, 21, 25, 27, 28, 31, 33, 36, 39, 40, 41, 42, 43, 45, 47, 50, 52, 55, 58, 60, 61, 63, 66, 67, 68, 69, 70, 71, 72, 74, 76, 84, 85, 86, 87, 88, 92, 93, 97, 98, 99, 104, 105, 106, 108, 109, 112, 113, 114, 118, 120, 121, 124, 128, 129, 130, 131, 135, 136, 137, 138, 139, 140, 150, 159, 166, 168, 171, 172, 173]",84,False,3.169476133524327e-05,4.067996989827154e-08,1.0551360455115e-05,20.0
CP3,67,67,8,59,611,0.11940298507462686,0.012924071082390954,0.023323615160349854,cao2018,S01/060227n,all_channel,median,median__all_channel__CP3,32,177,"[1, 2, 4, 5, 6, 7, 8, 9, 10, 11, 12, 14, 15, 16, 17, 21, 25, 27, 28, 31, 33, 36, 39, 40, 41, 42, 43, 45, 47, 50, 52, 55, 58, 60, 61, 63, 66, 67, 68, 69, 70, 71, 72, 74, 76, 84, 85, 86, 87, 88, 92, 93, 97, 98, 99, 104, 105, 106, 108, 109, 112, 113, 114, 118, 120, 121, 124, 128, 129, 130, 131, 135, 136, 137, 138, 139, 140, 150, 159, 166, 168, 171, 172, 173]",84,False,2.7896050987327718e-05,6.192131786707936e-08,9.278043223153546e-06,20.0
P3,59,59,7,52,612,0.11864406779661017,0.011308562197092083,0.02064896755162242,cao2018,S01/060227n,all_channel,median,median__all_channel__P3,32,177,"[1, 2, 4, 5, 6, 7, 8, 9, 10, 11, 12, 14, 15, 16, 17, 21, 25, 27, 28, 31, 33, 36, 39, 40, 41, 42, 43, 45, 47, 50, 52, 55, 58, 60, 61, 63, 66, 67, 68, 69, 70, 71, 72, 74, 76, 84, 85, 86, 87, 88, 92, 93, 97, 98, 99, 104, 105, 106, 108, 109, 112, 113, 114, 118, 120, 121, 124, 128, 129, 130, 131, 135, 136, 137, 138, 139, 140, 150, 159, 166, 168, 171, 172, 173]",84,False,2.5862977685301994e-05,6.08253997705192e-08,8.600717428510492e-06,20.0
PZ,69,69,7,62,612,0.10144927536231885,0.011308562197092083,0.020348837209302324,cao2018,S01/060227n,all_channel,median,median__all_channel__PZ,32,177,"[1, 2, 4, 5, 6, 7, 8, 9, 10, 11, 12, 14, 15, 16, 17, 21, 25, 27, 28, 31, 33, 36, 39, 40, 41, 42, 43, 45, 47, 50, 52, 55, 58, 60, 61, 63, 66, 67, 68, 69, 70, 71, 72, 74, 76, 84, 85, 86, 87, 88, 92, 93, 97, 98, 99, 104, 105, 106, 108, 109, 112, 113, 114, 118, 120, 121, 124, 128, 129, 130, 131, 135, 136, 137, 138, 139, 140, 150, 159, 166, 168, 171, 172, 173]",84,False,2.7519346304325902e-05,-2.8186839650093662e-08,9.182511047991998e-06,20.0
P4,81,81,7,74,612,0.08641975308641975,0.011308562197092083,0.019999999999999997,cao2018,S01/060227n,all_channel,median,median__all_channel__P4,32,177,"[1, 2, 4, 5, 6, 7, 8, 9, 10, 11, 12, 14, 15, 16, 17, 21, 25, 27, 28, 31, 33, 36, 39, 40, 41, 42, 43, 45, 47, 50, 52, 55, 58, 60, 61, 63, 66, 67, 68, 69, 70, 71, 72, 74, 76, 84, 85, 86, 87, 88, 92, 93, 97, 98, 99, 104, 105, 106, 108, 109, 112, 113, 114, 118, 120, 121, 124, 128, 129, 130, 131, 135, 136, 137, 138, 139, 140, 150, 159, 166, 168, 171, 172, 173]",84,False,2.7307879355209496e-05,3.556708764299517e-08,9.090770755855501e-06,20.0
A2,55,55,6,49,613,0.10909090909090909,0.009693053311793215,0.017804154302670624,cao2018,S01/060227n,all_channel,median,median__all_channel__A2,32,177,"[1, 2, 4, 5, 6, 7, 8, 9, 10, 11, 12, 14, 15, 16, 17, 21, 25, 27, 28, 31, 33, 36, 39, 40, 41, 42, 43, 45, 47, 50, 52, 55, 58, 60, 61, 63, 66, 67, 68, 69, 70, 71, 72, 74, 76, 84, 85, 86, 87, 88, 92, 93, 97, 98, 99, 104, 105, 106, 108, 109, 112, 113, 114, 118, 120, 121, 124, 128, 129, 130, 131, 135, 136, 137, 138, 139, 140, 150, 159, 166, 168, 171, 172, 173]",84,False,1.021161903898929e-05,6.034467955267071e-08,3.3837581198122063e-06,20.0
CPZ,76,76,6,70,613,0.07894736842105263,0.009693053311793215,0.017266187050359712,cao2018,S01/060227n,all_channel,median,median__all_channel__CPZ,32,177,"[1, 2, 4, 5, 6, 7, 8, 9, 10, 11, 12, 14, 15, 16, 17, 21, 25, 27, 28, 31, 33, 36, 39, 40, 41, 42, 43, 45, 47, 50, 52, 55, 58, 60, 61, 63, 66, 67, 68, 69, 70, 71, 72, 74, 76, 84, 85, 86, 87, 88, 92, 93, 97, 98, 99, 104, 105, 106, 108, 109, 112, 113, 114, 118, 120, 121, 124, 128, 129, 130, 131, 135, 136, 137, 138, 139, 140, 150, 159, 166, 168, 171, 172, 173]",84,False,3.084283529500428e-05,4.0600177957228334e-08,1.0267411705682352e-05,20.0
T6,83,83,6,77,613,0.07228915662650602,0.009693053311793215,0.017094017094017092,cao2018,S01/060227n,all_channel,median,median__all_channel__T6,32,177,"[1, 2, 4, 5, 6, 7, 8, 9, 10, 11, 12, 14, 15, 16, 17, 21, 25, 27, 28, 31, 33, 36, 39, 40, 41, 42, 43, 45, 47, 50, 52, 55, 58, 60, 61, 63, 66, 67, 68, 69, 70, 71, 72, 74, 76, 84, 85, 86, 87, 88, 92, 93, 97, 98, 99, 104, 105, 106, 108, 109, 112, 113, 114, 118, 120, 121, 124, 128, 129, 130, 131, 135, 136, 137, 138, 139, 140, 150, 159, 166, 168, 171, 172, 173]",84,False,2.0020401942959237e-05,3.128208906707742e-08,6.663039951297386e-06,20.0
O1,49,49,5,44,614,0.10204081632653061,0.008077544426494346,0.014970059880239521,cao2018,S01/060227n,all_channel,median,median__all_channel__O1,32,177,"[1, 2, 4, 5, 6, 7, 8, 9, 10, 11, 12, 14, 15, 16, 17, 21, 25, 27, 28, 31, 33, 36, 39, 40, 41, 42, 43, 45, 47, 50, 52, 55, 58, 60, 61, 63, 66, 67, 68, 69, 70, 71, 72, 74, 76, 84, 85, 86, 87, 88, 92, 93, 97, 98, 99, 104, 105, 106, 108, 109, 112, 113, 114, 118, 120, 121, 124, 128, 129, 130, 131, 135, 136, 137, 138, 139, 140, 150, 159, 166, 168, 171, 172, 173]",84,False,2.1654230628831536e-05,-8.320050167778983e-09,7.220850226333105e-06,20.0
OZ,63,63,5,58,614,0.07936507936507936,0.008077544426494346,0.01466275659824047,cao2018,S01/060227n,all_channel,median,median__all_channel__OZ,32,177,"[1, 2, 4, 5, 6, 7, 8, 9, 10, 11, 12, 14, 15, 16, 17, 21, 25, 27, 28, 31, 33, 36, 39, 40, 41, 42, 43, 45, 47, 50, 52, 55, 58, 60, 61, 63, 66, 67, 68, 69, 70, 71, 72, 74, 76, 84, 85, 86, 87, 88, 92, 93, 97, 98, 99, 104, 105, 106, 108, 109, 112, 113, 114, 118, 120, 121, 124, 128, 129, 130, 131, 135, 136, 137, 138, 139, 140, 150, 159, 166, 168, 171, 172, 173]",84,False,2.160277527370732e-05,-2.9576140720776325e-08,7.210783804809366e-06,20.0
TP7,39,39,3,36,616,0.07692307692307693,0.004846526655896607,0.00911854103343465,cao2018,S01/060227n,all_channel,median,median__all_channel__TP7,32,177,"[1, 2, 4, 5, 6, 7, 8, 9, 10, 11, 12, 14, 15, 16, 17, 21, 25, 27, 28, 31, 33, 36, 39, 40, 41, 42, 43, 45, 47, 50, 52, 55, 58, 60, 61, 63, 66, 67, 68, 69, 70, 71, 72, 74, 76, 84, 85, 86, 87, 88, 92, 93, 97, 98, 99, 104, 105, 106, 108, 109, 112, 113, 114, 118, 120, 121, 124, 128, 129, 130, 131, 135, 136, 137, 138, 139, 140, 150, 159, 166, 168, 171, 172, 173]",84,False,2.1239026813365162e-05,7.600649674045644e-08,7.054340105541568e-06,20.0
T5,34,34,2,32,617,0.058823529411764705,0.0032310177705977385,0.006125574272588055,cao2018,S01/060227n,all_channel,median,median__all_channel__T5,32,177,"[1, 2, 4, 5, 6, 7, 8, 9, 10, 11, 12, 14, 15, 16, 17, 21, 25, 27, 28, 31, 33, 36, 39, 40, 41, 42, 43, 45, 47, 50, 52, 55, 58, 60, 61, 63, 66, 67, 68, 69, 70, 71, 72, 74, 76, 84, 85, 86, 87, 88, 92, 93, 97, 98, 99, 104, 105, 106, 108, 109, 112, 113, 114, 118, 120, 121, 124, 128, 129, 130, 131, 135, 136, 137, 138, 139, 140, 150, 159, 166, 168, 171, 172, 173]",84,False,1.9844677468774352e-05,5.855538147538768e-08,6.595374029099654e-06,20.0
O2,40,40,2,38,617,0.05,0.0032310177705977385,0.0060698027314112285,cao2018,S01/060227n,all_channel,median,median__all_channel__O2,32,177,"[1, 2, 4, 5, 6, 7, 8, 9, 10, 11, 12, 14, 15, 16, 17, 21, 25, 27, 28, 31, 33, 36, 39, 40, 41, 42, 43, 45, 47, 50, 52, 55, 58, 60, 61, 63, 66, 67, 68, 69, 70, 71, 72, 74, 76, 84, 85, 86, 87, 88, 92, 93, 97, 98, 99, 104, 105, 106, 108, 109, 112, 113, 114, 118, 120, 121, 124, 128, 129, 130, 131, 135, 136, 137, 138, 139, 140, 150, 159, 166, 168, 171, 172, 173]",84,False,2.2707116645091973e-05,-4.292964683427189e-09,7.570469869925133e-06,20.0
A1,53,53,1,52,618,0.018867924528301886,0.0016155088852988692,0.002976190476190476,cao2018,S01/060227n,all_channel,median,median__all_channel__A1,32,177,"[1, 2, 4, 5, 6, 7, 8, 9, 10, 11, 12, 14, 15, 16, 17, 21, 25, 27, 28, 31, 33, 36, 39, 40, 41, 42, 43, 45, 47, 50, 52, 55, 58, 60, 61, 63, 66, 67, 68, 69, 70, 71, 72, 74, 76, 84, 85, 86, 87, 88, 92, 93, 97, 98, 99, 104, 105, 106, 108, 109, 112, 113, 114, 118, 120, 121, 124, 128, 129, 130, 131, 135, 136, 137, 138, 139, 140, 150, 159, 166, 168, 171, 172, 173]",84,False,1.0084370257039999e-05,-5.738124174716201e-08,3.3805838329290538e-06,20.0
FP1,740,740,487,253,132,0.6581081081081082,0.7867528271405493,0.7167034584253128,cao2018,S01/060227n,all_channel,mean,mean__all_channel__FP1,32,177,"[1, 2, 4, 5, 6, 7, 8, 9, 10, 11, 12, 14, 15, 16, 17, 21, 25, 27, 28, 31, 33, 36, 39, 40, 41, 42, 43, 45, 47, 50, 52, 55, 58, 60, 61, 63, 66, 67, 68, 69, 70, 71, 72, 74, 76, 84, 85, 86, 87, 88, 92, 93, 97, 98, 99, 104, 105, 106, 108, 109, 112, 113, 114, 118, 120, 121, 124, 128, 129, 130, 131, 135, 136, 137, 138, 139, 140, 150, 159, 166, 168, 171, 172, 173]",84,False,5.0825598734607326e-05,6.820932871968615e-09,1.6939592600578453e-05,20.0
FP2,514,514,315,199,304,0.6128404669260701,0.5088852988691438,0.556045895851721,cao2018,S01/060227n,all_channel,mean,mean__all_channel__FP2,32,177,"[1, 2, 4, 5, 6, 7, 8, 9, 10, 11, 12, 14, 15, 16, 17, 21, 25, 27, 28, 31, 33, 36, 39, 40, 41, 42, 43, 45, 47, 50, 52, 55, 58, 60, 61, 63, 66, 67, 68, 69, 70, 71, 72, 74, 76, 84, 85, 86, 87, 88, 92, 93, 97, 98, 99, 104, 105, 106, 108, 109, 112, 113, 114, 118, 120, 121, 124, 128, 129, 130, 131, 135, 136, 137, 138, 139, 140, 150, 159, 166, 168, 171, 172, 173]",84,False,4.794726188462278e-05,-1.7125124378810338e-09,1.5982991465686888e-05,20.0
F7,242,242,120,122,499,0.49586776859504134,0.1938610662358643,0.2787456445993031,cao2018,S01/060227n,all_channel,mean,mean__all_channel__F7,32,177,"[1, 2, 4, 5, 6, 7, 8, 9, 10, 11, 12, 14, 15, 16, 17, 21, 25, 27, 28, 31, 33, 36, 39, 40, 41, 42, 43, 45, 47, 50, 52, 55, 58, 60, 61, 63, 66, 67, 68, 69, 70, 71, 72, 74, 76, 84, 85, 86, 87, 88, 92, 93, 97, 98, 99, 104, 105, 106, 108, 109, 112, 113, 114, 118, 120, 121, 124, 128, 129, 130, 131, 135, 136, 137, 138, 139, 140, 150, 159, 166, 168, 171, 172, 173]",84,False,3.513480001358543e-05,2.6062552996210252e-08,1.1702912486863071e-05,20.0
F4,222,222,79,143,540,0.35585585585585583,0.12762520193861066,0.18787158145065397,cao2018,S01/060227n,all_channel,mean,mean__all_channel__F4,32,177,"[1, 2, 4, 5, 6, 7, 8, 9, 10, 11, 12, 14, 15, 16, 17, 21, 25, 27, 28, 31, 33, 36, 39, 40, 41, 42, 43, 45, 47, 50, 52, 55, 58, 60, 61, 63, 66, 67, 68, 69, 70, 71, 72, 74, 76, 84, 85, 86, 87, 88, 92, 93, 97, 98, 99, 104, 105, 106, 108, 109, 112, 113, 114, 118, 120, 121, 124, 128, 129, 130, 131, 135, 136, 137, 138, 139, 140, 150, 159, 166, 168, 171, 172, 173]",84,False,4.208368239147382e-05,3.9283077220010194e-08,1.4014799771417937e-05,20.0
F8,185,185,59,126,560,0.31891891891891894,0.09531502423263329,0.14676616915422888,cao2018,S01/060227n,all_channel,mean,mean__all_channel__F8,32,177,"[1, 2, 4, 5, 6, 7, 8, 9, 10, 11, 12, 14, 15, 16, 17, 21, 25, 27, 28, 31, 33, 36, 39, 40, 41, 42, 43, 45, 47, 50, 52, 55, 58, 60, 61, 63, 66, 67, 68, 69, 70, 71, 72, 74, 76, 84, 85, 86, 87, 88, 92, 93, 97, 98, 99, 104, 105, 106, 108, 109, 112, 113, 114, 118, 120, 121, 124, 128, 129, 130, 131, 135, 136, 137, 138, 139, 140, 150, 159, 166, 168, 171, 172, 173]",84,False,2.7220535091355113e-05,1.662371294064673e-08,9.067970459471489e-06,20.0
FT8,180,180,58,122,561,0.32222222222222224,0.09369951534733441,0.14518147684605756,cao2018,S01/060227n,all_channel,mean,mean__all_channel__FT8,32,177,"[1, 2, 4, 5, 6, 7, 8, 9, 10, 11, 12, 14, 15, 16, 17, 21, 25, 27, 28, 31, 33, 36, 39, 40, 41, 42, 43, 45, 47, 50, 52, 55, 58, 60, 61, 63, 66, 67, 68, 69, 70, 71, 72, 74, 76, 84, 85, 86, 87, 88, 92, 93, 97, 98, 99, 104, 105, 106, 108, 109, 112, 113, 114, 118, 120, 121, 124, 128, 129, 130, 131, 135, 136, 137, 138, 139, 140, 150, 159, 166, 168, 171, 172, 173]",84,False,2.7114591551891105e-05,1.6391707632400124e-08,9.032733281419569e-06,20.0
T4,181,181,58,123,561,0.32044198895027626,0.09369951534733441,0.14500000000000002,cao2018,S01/060227n,all_channel,mean,mean__all_channel__T4,32,177,"[1, 2, 4, 5, 6, 7, 8, 9, 10, 11, 12, 14, 15, 16, 17, 21, 25, 27, 28, 31, 33, 36, 39, 40, 41, 42, 43, 45, 47, 50, 52, 55, 58, 60, 61, 63, 66, 67, 68, 69, 70, 71, 72, 74, 76, 84, 85, 86, 87, 88, 92, 93, 97, 98, 99, 104, 105, 106, 108, 109, 112, 113, 114, 118, 120, 121, 124, 128, 129, 130, 131, 135, 136, 137, 138, 139, 140, 150, 159, 166, 168, 171, 172, 173]",84,False,2.6988884614156432e-05,1.6334931292329174e-08,8.990849894288034e-06,20.0
F3,173,173,57,116,562,0.32947976878612717,0.09208400646203554,0.14393939393939395,cao2018,S01/060227n,all_channel,mean,mean__all_channel__F3,32,177,"[1, 2, 4, 5, 6, 7, 8, 9, 10, 11, 12, 14, 15, 16, 17, 21, 25, 27, 28, 31, 33, 36, 39, 40, 41, 42, 43, 45, 47, 50, 52, 55, 58, 60, 61, 63, 66, 67, 68, 69, 70, 71, 72, 74, 76, 84, 85, 86, 87, 88, 92, 93, 97, 98, 99, 104, 105, 106, 108, 109, 112, 113, 114, 118, 120, 121, 124, 128, 129, 130, 131, 135, 136, 137, 138, 139, 140, 150, 159, 166, 168, 171, 172, 173]",84,False,4.177857775310611e-05,3.368192550180344e-08,1.3914965275868103e-05,20.0
FC4,143,143,38,105,581,0.26573426573426573,0.061389337641357025,0.09973753280839896,cao2018,S01/060227n,all_channel,mean,mean__all_channel__FC4,32,177,"[1, 2, 4, 5, 6, 7, 8, 9, 10, 11, 12, 14, 15, 16, 17, 21, 25, 27, 28, 31, 33, 36, 39, 40, 41, 42, 43, 45, 47, 50, 52, 55, 58, 60, 61, 63, 66, 67, 68, 69, 70, 71, 72, 74, 76, 84, 85, 86, 87, 88, 92, 93, 97, 98, 99, 104, 105, 106, 108, 109, 112, 113, 114, 118, 120, 121, 124, 128, 129, 130, 131, 135, 136, 137, 138, 139, 140, 150, 159, 166, 168, 171, 172, 173]",84,False,3.611456115443045e-05,3.302571920616468e-08,1.2027178478408095e-05,20.0
C4,145,145,38,107,581,0.2620689655172414,0.061389337641357025,0.09947643979057592,cao2018,S01/060227n,all_channel,mean,mean__all_channel__C4,32,177,"[1, 2, 4, 5, 6, 7, 8, 9, 10, 11, 12, 14, 15, 16, 17, 21, 25, 27, 28, 31, 33, 36, 39, 40, 41, 42, 43, 45, 47, 50, 52, 55, 58, 60, 61, 63, 66, 67, 68, 69, 70, 71, 72, 74, 76, 84, 85, 86, 87, 88, 92, 93, 97, 98, 99, 104, 105, 106, 108, 109, 112, 113, 114, 118, 120, 121, 124, 128, 129, 130, 131, 135, 136, 137, 138, 139, 140, 150, 159, 166, 168, 171, 172, 173]",84,False,3.60402324702314e-05,3.177099244686781e-08,1.2002820492594844e-05,20.0
FZ,108,108,30,78,589,0.2777777777777778,0.048465266558966075,0.08253094910591471,cao2018,S01/060227n,all_channel,mean,mean__all_channel__FZ,32,177,"[1, 2, 4, 5, 6, 7, 8, 9, 10, 11, 12, 14, 15, 16, 17, 21, 25, 27, 28, 31, 33, 36, 39, 40, 41, 42, 43, 45, 47, 50, 52, 55, 58, 60, 61, 63, 66, 67, 68, 69, 70, 71, 72, 74, 76, 84, 85, 86, 87, 88, 92, 93, 97, 98, 99, 104, 105, 106, 108, 109, 112, 113, 114, 118, 120, 121, 124, 128, 129, 130, 131, 135, 136, 137, 138, 139, 140, 150, 159, 166, 168, 171, 172, 173]",84,False,4.009264385317179e-05,2.6237757369540747e-08,1.3355468698600749e-05,20.0
FT7,111,111,28,83,591,0.25225225225225223,0.045234248788368334,0.07671232876712328,cao2018,S01/060227n,all_channel,mean,mean__all_channel__FT7,32,177,"[1, 2, 4, 5, 6, 7, 8, 9, 10, 11, 12, 14, 15, 16, 17, 21, 25, 27, 28, 31, 33, 36, 39, 40, 41, 42, 43, 45, 47, 50, 52, 55, 58, 60, 61, 63, 66, 67, 68, 69, 70, 71, 72, 74, 76, 84, 85, 86, 87, 88, 92, 93, 97, 98, 99, 104, 105, 106, 108, 109, 112, 113, 114, 118, 120, 121, 124, 128, 129, 130, 131, 135, 136, 137, 138, 139, 140, 150, 159, 166, 168, 171, 172, 173]",84,False,2.7932744189463667e-05,1.2200730627242258e-09,9.310508038800315e-06,20.0
TP8,126,126,27,99,592,0.21428571428571427,0.04361873990306947,0.07248322147651007,cao2018,S01/060227n,all_channel,mean,mean__all_channel__TP8,32,177,"[1, 2, 4, 5, 6, 7, 8, 9, 10, 11, 12, 14, 15, 16, 17, 21, 25, 27, 28, 31, 33, 36, 39, 40, 41, 42, 43, 45, 47, 50, 52, 55, 58, 60, 61, 63, 66, 67, 68, 69, 70, 71, 72, 74, 76, 84, 85, 86, 87, 88, 92, 93, 97, 98, 99, 104, 105, 106, 108, 109, 112, 113, 114, 118, 120, 121, 124, 128, 129, 130, 131, 135, 136, 137, 138, 139, 140, 150, 159, 166, 168, 171, 172, 173]",84,False,2.12463721327203e-05,1.926074200846092e-08,7.0757037969039464e-06,20.0
CZ,106,106,25,81,594,0.2358490566037736,0.04038772213247173,0.06896551724137932,cao2018,S01/060227n,all_channel,mean,mean__all_channel__CZ,32,177,"[1, 2, 4, 5, 6, 7, 8, 9, 10, 11, 12, 14, 15, 16, 17, 21, 25, 27, 28, 31, 33, 36, 39, 40, 41, 42, 43, 45, 47, 50, 52, 55, 58, 60, 61, 63, 66, 67, 68, 69, 70, 71, 72, 74, 76, 84, 85, 86, 87, 88, 92, 93, 97, 98, 99, 104, 105, 106, 108, 109, 112, 113, 114, 118, 120, 121, 124, 128, 129, 130, 131, 135, 136, 137, 138, 139, 140, 150, 159, 166, 168, 171, 172, 173]",84,False,3.9883537739022646e-05,2.6919666382411604e-08,1.3285539357546746e-05,20.0
FCZ,108,108,25,83,594,0.23148148148148148,0.04038772213247173,0.0687757909215956,cao2018,S01/060227n,all_channel,mean,mean__all_channel__FCZ,32,177,"[1, 2, 4, 5, 6, 7, 8, 9, 10, 11, 12, 14, 15, 16, 17, 21, 25, 27, 28, 31, 33, 36, 39, 40, 41, 42, 43, 45, 47, 50, 52, 55, 58, 60, 61, 63, 66, 67, 68, 69, 70, 71, 72, 74, 76, 84, 85, 86, 87, 88, 92, 93, 97, 98, 99, 104, 105, 106, 108, 109, 112, 113, 114, 118, 120, 121, 124, 128, 129, 130, 131, 135, 136, 137, 138, 139, 140, 150, 159, 166, 168, 171, 172, 173]",84,False,3.9858164135099375e-05,2.5398563836284573e-08,1.3277588523754363e-05,20.0
FC3,99,99,21,78,598,0.21212121212121213,0.033925686591276254,0.0584958217270195,cao2018,S01/060227n,all_channel,mean,mean__all_channel__FC3,32,177,"[1, 2, 4, 5, 6, 7, 8, 9, 10, 11, 12, 14, 15, 16, 17, 21, 25, 27, 28, 31, 33, 36, 39, 40, 41, 42, 43, 45, 47, 50, 52, 55, 58, 60, 61, 63, 66, 67, 68, 69, 70, 71, 72, 74, 76, 84, 85, 86, 87, 88, 92, 93, 97, 98, 99, 104, 105, 106, 108, 109, 112, 113, 114, 118, 120, 121, 124, 128, 129, 130, 131, 135, 136, 137, 138, 139, 140, 150, 159, 166, 168, 171, 172, 173]",84,False,3.5733455846325366e-05,2.2111006274047945e-08,1.190378161335044e-05,20.0
T3,80,80,15,65,604,0.1875,0.024232633279483037,0.04291845493562232,cao2018,S01/060227n,all_channel,mean,mean__all_channel__T3,32,177,"[1, 2, 4, 5, 6, 7, 8, 9, 10, 11, 12, 14, 15, 16, 17, 21, 25, 27, 28, 31, 33, 36, 39, 40, 41, 42, 43, 45, 47, 50, 52, 55, 58, 60, 61, 63, 66, 67, 68, 69, 70, 71, 72, 74, 76, 84, 85, 86, 87, 88, 92, 93, 97, 98, 99, 104, 105, 106, 108, 109, 112, 113, 114, 118, 120, 121, 124, 128, 129, 130, 131, 135, 136, 137, 138, 139, 140, 150, 159, 166, 168, 171, 172, 173]",84,False,2.3318379550803912e-05,1.4163389223382876e-08,7.768072053860177e-06,20.0
CP4,103,103,13,90,606,0.1262135922330097,0.0210016155088853,0.036011080332409975,cao2018,S01/060227n,all_channel,mean,mean__all_channel__CP4,32,177,"[1, 2, 4, 5, 6, 7, 8, 9, 10, 11, 12, 14, 15, 16, 17, 21, 25, 27, 28, 31, 33, 36, 39, 40, 41, 42, 43, 45, 47, 50, 52, 55, 58, 60, 61, 63, 66, 67, 68, 69, 70, 71, 72, 74, 76, 84, 85, 86, 87, 88, 92, 93, 97, 98, 99, 104, 105, 106, 108, 109, 112, 113, 114, 118, 120, 121, 124, 128, 129, 130, 131, 135, 136, 137, 138, 139, 140, 150, 159, 166, 168, 171, 172, 173]",84,False,2.8861280445454108e-05,3.194086931732908e-08,9.60977985871226e-06,20.0
C3,74,74,12,62,607,0.16216216216216217,0.01938610662358643,0.03463203463203463,cao2018,S01/060227n,all_channel,mean,mean__all_channel__C3,32,177,"[1, 2, 4, 5, 6, 7, 8, 9, 10, 11, 12, 14, 15, 16, 17, 21, 25, 27, 28, 31, 33, 36, 39, 40, 41, 42, 43, 45, 47, 50, 52, 55, 58, 60, 61, 63, 66, 67, 68, 69, 70, 71, 72, 74, 76, 84, 85, 86, 87, 88, 92, 93, 97, 98, 99, 104, 105, 106, 108, 109, 112, 113, 114, 118, 120, 121, 124, 128, 129, 130, 131, 135, 136, 137, 138, 139, 140, 150, 159, 166, 168, 171, 172, 173]",84,False,3.1672128566404e-05,1.804720105900507e-08,1.0551360455115e-05,20.0
CP3,67,67,8,59,611,0.11940298507462686,0.012924071082390954,0.023323615160349854,cao2018,S01/060227n,all_channel,mean,mean__all_channel__CP3,32,177,"[1, 2, 4, 5, 6, 7, 8, 9, 10, 11, 12, 14, 15, 16, 17, 21, 25, 27, 28, 31, 33, 36, 39, 40, 41, 42, 43, 45, 47, 50, 52, 55, 58, 60, 61, 63, 66, 67, 68, 69, 70, 71, 72, 74, 76, 84, 85, 86, 87, 88, 92, 93, 97, 98, 99, 104, 105, 106, 108, 109, 112, 113, 114, 118, 120, 121, 124, 128, 129, 130, 131, 135, 136, 137, 138, 139, 140, 150, 159, 166, 168, 171, 172, 173]",84,False,2.786029289703533e-05,2.616322757469325e-08,9.278043223153546e-06,20.0
P3,60,60,7,53,612,0.11666666666666667,0.011308562197092083,0.020618556701030924,cao2018,S01/060227n,all_channel,mean,mean__all_channel__P3,32,177,"[1, 2, 4, 5, 6, 7, 8, 9, 10, 11, 12, 14, 15, 16, 17, 21, 25, 27, 28, 31, 33, 36, 39, 40, 41, 42, 43, 45, 47, 50, 52, 55, 58, 60, 61, 63, 66, 67, 68, 69, 70, 71, 72, 74, 76, 84, 85, 86, 87, 88, 92, 93, 97, 98, 99, 104, 105, 106, 108, 109, 112, 113, 114, 118, 120, 121, 124, 128, 129, 130, 131, 135, 136, 137, 138, 139, 140, 150, 159, 166, 168, 171, 172, 173]",84,False,2.582309785303812e-05,2.0945567506645566e-08,8.600717428510492e-06,20.0
P4,83,83,7,76,612,0.08433734939759036,0.011308562197092083,0.019943019943019943,cao2018,S01/060227n,all_channel,mean,mean__all_channel__P4,32,177,"[1, 2, 4, 5, 6, 7, 8, 9, 10, 11, 12, 14, 15, 16, 17, 21, 25, 27, 28, 31, 33, 36, 39, 40, 41, 42, 43, 45, 47, 50, 52, 55, 58, 60, 61, 63, 66, 67, 68, 69, 70, 71, 72, 74, 76, 84, 85, 86, 87, 88, 92, 93, 97, 98, 99, 104, 105, 106, 108, 109, 112, 113, 114, 118, 120, 121, 124, 128, 129, 130, 131, 135, 136, 137, 138, 139, 140, 150, 159, 166, 168, 171, 172, 173]",84,False,2.7301087988798737e-05,2.8775721232235678e-08,9.090770755855501e-06,20.0
A2,57,57,6,51,613,0.10526315789473684,0.009693053311793215,0.01775147928994083,cao2018,S01/060227n,all_channel,mean,mean__all_channel__A2,32,177,"[1, 2, 4, 5, 6, 7, 8, 9, 10, 11, 12, 14, 15, 16, 17, 21, 25, 27, 28, 31, 33, 36, 39, 40, 41, 42, 43, 45, 47, 50, 52, 55, 58, 60, 61, 63, 66, 67, 68, 69, 70, 71, 72, 74, 76, 84, 85, 86, 87, 88, 92, 93, 97, 98, 99, 104, 105, 106, 108, 109, 112, 113, 114, 118, 120, 121, 124, 128, 129, 130, 131, 135, 136, 137, 138, 139, 140, 150, 159, 166, 168, 171, 172, 173]",84,False,1.0155858160164693e-05,4.583800728073922e-09,3.3837581198122063e-06,20.0
PZ,69,69,6,63,613,0.08695652173913043,0.009693053311793215,0.01744186046511628,cao2018,S01/060227n,all_channel,mean,mean__all_channel__PZ,32,177,"[1, 2, 4, 5, 6, 7, 8, 9, 10, 11, 12, 14, 15, 16, 17, 21, 25, 27, 28, 31, 33, 36, 39, 40, 41, 42, 43, 45, 47, 50, 52, 55, 58, 60, 61, 63, 66, 67, 68, 69, 70, 71, 72, 74, 76, 84, 85, 86, 87, 88, 92, 93, 97, 98, 99, 104, 105, 106, 108, 109, 112, 113, 114, 118, 120, 121, 124, 128, 129, 130, 131, 135, 136, 137, 138, 139, 140, 150, 159, 166, 168, 171, 172, 173]",84,False,2.757328307443483e-05,2.5749930458832827e-08,9.182511047991998e-06,20.0
CPZ,76,76,6,70,613,0.07894736842105263,0.009693053311793215,0.017266187050359712,cao2018,S01/060227n,all_channel,mean,mean__all_channel__CPZ,32,177,"[1, 2, 4, 5, 6, 7, 8, 9, 10, 11, 12, 14, 15, 16, 17, 21, 25, 27, 28, 31, 33, 36, 39, 40, 41, 42, 43, 45, 47, 50, 52, 55, 58, 60, 61, 63, 66, 67, 68, 69, 70, 71, 72, 74, 76, 84, 85, 86, 87, 88, 92, 93, 97, 98, 99, 104, 105, 106, 108, 109, 112, 113, 114, 118, 120, 121, 124, 128, 129, 130, 131, 135, 136, 137, 138, 139, 140, 150, 159, 166, 168, 171, 172, 173]",84,False,3.083382423973165e-05,3.1589122684594837e-08,1.0267411705682352e-05,20.0
T6,83,83,6,77,613,0.07228915662650602,0.009693053311793215,0.017094017094017092,cao2018,S01/060227n,all_channel,mean,mean__all_channel__T6,32,177,"[1, 2, 4, 5, 6, 7, 8, 9, 10, 11, 12, 14, 15, 16, 17, 21, 25, 27, 28, 31, 33, 36, 39, 40, 41, 42, 43, 45, 47, 50, 52, 55, 58, 60, 61, 63, 66, 67, 68, 69, 70, 71, 72, 74, 76, 84, 85, 86, 87, 88, 92, 93, 97, 98, 99, 104, 105, 106, 108, 109, 112, 113, 114, 118, 120, 121, 124, 128, 129, 130, 131, 135, 136, 137, 138, 139, 140, 150, 159, 166, 168, 171, 172, 173]",84,False,2.0008159030614743e-05,1.903917672258402e-08,6.663039951297386e-06,20.0
O1,49,49,5,44,614,0.10204081632653061,0.008077544426494346,0.014970059880239521,cao2018,S01/060227n,all_channel,mean,mean__all_channel__O1,32,177,"[1, 2, 4, 5, 6, 7, 8, 9, 10, 11, 12, 14, 15, 16, 17, 21, 25, 27, 28, 31, 33, 36, 39, 40, 41, 42, 43, 45, 47, 50, 52, 55, 58, 60, 61, 63, 66, 67, 68, 69, 70, 71, 72, 74, 76, 84, 85, 86, 87, 88, 92, 93, 97, 98, 99, 104, 105, 106, 108, 109, 112, 113, 114, 118, 120, 121, 124, 128, 129, 130, 131, 135, 136, 137, 138, 139, 140, 150, 159, 166, 168, 171, 172, 173]",84,False,2.1663585789714857e-05,1.0351107155422938e-09,7.220850226333105e-06,20.0
OZ,63,63,5,58,614,0.07936507936507936,0.008077544426494346,0.01466275659824047,cao2018,S01/060227n,all_channel,mean,mean__all_channel__OZ,32,177,"[1, 2, 4, 5, 6, 7, 8, 9, 10, 11, 12, 14, 15, 16, 17, 21, 25, 27, 28, 31, 33, 36, 39, 40, 41, 42, 43, 45, 47, 50, 52, 55, 58, 60, 61, 63, 66, 67, 68, 69, 70, 71, 72, 74, 76, 84, 85, 86, 87, 88, 92, 93, 97, 98, 99, 104, 105, 106, 108, 109, 112, 113, 114, 118, 120, 121, 124, 128, 129, 130, 131, 135, 136, 137, 138, 139, 140, 150, 159, 166, 168, 171, 172, 173]",84,False,2.1648171832311726e-05,1.5820417883628906e-08,7.210783804809366e-06,20.0
TP7,40,40,3,37,616,0.075,0.004846526655896607,0.009104704097116844,cao2018,S01/060227n,all_channel,mean,mean__all_channel__TP7,32,177,"[1, 2, 4, 5, 6, 7, 8, 9, 10, 11, 12, 14, 15, 16, 17, 21, 25, 27, 28, 31, 33, 36, 39, 40, 41, 42, 43, 45, 47, 50, 52, 55, 58, 60, 61, 63, 66, 67, 68, 69, 70, 71, 72, 74, 76, 84, 85, 86, 87, 88, 92, 93, 97, 98, 99, 104, 105, 106, 108, 109, 112, 113, 114, 118, 120, 121, 124, 128, 129, 130, 131, 135, 136, 137, 138, 139, 140, 150, 159, 166, 168, 171, 172, 173]",84,False,2.1170653558042167e-05,7.633241417459791e-09,7.054340105541568e-06,20.0
T5,35,35,2,33,617,0.05714285714285714,0.0032310177705977385,0.006116207951070337,cao2018,S01/060227n,all_channel,mean,mean__all_channel__T5,32,177,"[1, 2, 4, 5, 6, 7, 8, 9, 10, 11, 12, 14, 15, 16, 17, 21, 25, 27, 28, 31, 33, 36, 39, 40, 41, 42, 43, 45, 47, 50, 52, 55, 58, 60, 61, 63, 66, 67, 68, 69, 70, 71, 72, 74, 76, 84, 85, 86, 87, 88, 92, 93, 97, 98, 99, 104, 105, 106, 108, 109, 112, 113, 114, 118, 120, 121, 124, 128, 129, 130, 131, 135, 136, 137, 138, 139, 140, 150, 159, 166, 168, 171, 172, 173]",84,False,1.979722207343675e-05,1.1099986137786882e-08,6.595374029099654e-06,20.0
O2,40,40,2,38,617,0.05,0.0032310177705977385,0.0060698027314112285,cao2018,S01/060227n,all_channel,mean,mean__all_channel__O2,32,177,"[1, 2, 4, 5, 6, 7, 8, 9, 10, 11, 12, 14, 15, 16, 17, 21, 25, 27, 28, 31, 33, 36, 39, 40, 41, 42, 43, 45, 47, 50, 52, 55, 58, 60, 61, 63, 66, 67, 68, 69, 70, 71, 72, 74, 76, 84, 85, 86, 87, 88, 92, 93, 97, 98, 99, 104, 105, 106, 108, 109, 112, 113, 114, 118, 120, 121, 124, 128, 129, 130, 131, 135, 136, 137, 138, 139, 140, 150, 159, 166, 168, 171, 172, 173]",84,False,2.272313854907413e-05,1.1728939298731152e-08,7.570469869925133e-06,20.0
A1,51,51,1,50,618,0.0196078431372549,0.0016155088852988692,0.0029850746268656712,cao2018,S01/060227n,all_channel,mean,mean__all_channel__A1,32,177,"[1, 2, 4, 5, 6, 7, 8, 9, 10, 11, 12, 14, 15, 16, 17, 21, 25, 27, 28, 31, 33, 36, 39, 40, 41, 42, 43, 45, 47, 50, 52, 55, 58, 60, 61, 63, 66, 67, 68, 69, 70, 71, 72, 74, 76, 84, 85, 86, 87, 88, 92, 93, 97, 98, 99, 104, 105, 106, 108, 109, 112, 113, 114, 118, 120, 121, 124, 128, 129, 130, 131, 135, 136, 137, 138, 139, 140, 150, 159, 166, 168, 171, 172, 173]",84,False,1.0137170658091872e-05,-4.5808406952886e-09,3.3805838329290538e-06,20.0
FP1,620,620,418,202,201,0.6741935483870968,0.6752827140549273,0.6747376916868442,cao2018,S01/060227n,frontal,median,median__frontal__FP1,4,177,"[1, 2, 4, 6, 7, 21, 27, 42, 43, 45, 67, 69, 72, 85, 92, 99, 104, 105, 106, 112, 121, 128, 129, 130, 131, 137, 138, 139, 150, 159, 166, 171, 172, 173]",34,False,5.711653922341878e-05,-2.2179246918219047e-06,1.977815463841356e-05,20.0
FP2,460,460,286,174,333,0.6217391304347826,0.4620355411954766,0.5301204819277108,cao2018,S01/060227n,frontal,median,median__frontal__FP2,4,177,"[1, 2, 4, 6, 7, 21, 27, 42, 43, 45, 67, 69, 72, 85, 92, 99, 104, 105, 106, 112, 121, 128, 129, 130, 131, 137, 138, 139, 150, 159, 166, 171, 172, 173]",34,False,5.104929283354206e-05,-1.4959535408251123e-06,1.751508212478906e-05,20.0
F4,177,177,60,117,559,0.3389830508474576,0.09693053311793215,0.15075376884422112,cao2018,S01/060227n,frontal,median,median__frontal__F4,4,177,"[1, 2, 4, 6, 7, 21, 27, 42, 43, 45, 67, 69, 72, 85, 92, 99, 104, 105, 106, 112, 121, 128, 129, 130, 131, 137, 138, 139, 150, 159, 166, 171, 172, 173]",34,False,4.6606628152007515e-05,-4.199470046036743e-07,1.567552505220373e-05,20.0
F3,127,127,37,90,582,0.29133858267716534,0.05977382875605816,0.0991957104557641,cao2018,S01/060227n,frontal,median,median__frontal__F3,4,177,"[1, 2, 4, 6, 7, 21, 27, 42, 43, 45, 67, 69, 72, 85, 92, 99, 104, 105, 106, 112, 121, 128, 129, 130, 131, 137, 138, 139, 150, 159, 166, 171, 172, 173]",34,False,4.5103843784000385e-05,-5.292788506193337e-07,1.5211040878206572e-05,20.0
FP1,582,582,400,182,219,0.6872852233676976,0.6462035541195477,0.6661115736885929,cao2018,S01/060227n,frontal,mean,mean__frontal__FP1,4,177,"[1, 2, 4, 6, 7, 21, 27, 42, 43, 45, 67, 69, 72, 85, 92, 99, 104, 105, 106, 112, 121, 128, 129, 130, 131, 137, 138, 139, 150, 159, 166, 171, 172, 173]",34,False,5.932810468682877e-05,-6.3592284119064246e-09,1.977815463841356e-05,20.0
FP2,438,438,269,169,350,0.6141552511415526,0.4345718901453958,0.5089877010406811,cao2018,S01/060227n,frontal,mean,mean__frontal__FP2,4,177,"[1, 2, 4, 6, 7, 21, 27, 42, 43, 45, 67, 69, 72, 85, 92, 99, 104, 105, 106, 112, 121, 128, 129, 130, 131, 137, 138, 139, 150, 159, 166, 171, 172, 173]",34,False,5.248627123945208e-05,-5.897513491509575e-08,1.751508212478906e-05,20.0
F4,177,177,60,117,559,0.3389830508474576,0.09693053311793215,0.15075376884422112,cao2018,S01/060227n,frontal,mean,mean__frontal__F4,4,177,"[1, 2, 4, 6, 7, 21, 27, 42, 43, 45, 67, 69, 72, 85, 92, 99, 104, 105, 106, 112, 121, 128, 129, 130, 131, 137, 138, 139, 150, 159, 166, 171, 172, 173]",34,False,4.7035287754875286e-05,8.712598264101512e-09,1.567552505220373e-05,20.0
F3,119,119,35,84,584,0.29411764705882354,0.05654281098546042,0.0948509485094851,cao2018,S01/060227n,frontal,mean,mean__frontal__F3,4,177,"[1, 2, 4, 6, 7, 21, 27, 42, 43, 45, 67, 69, 72, 85, 92, 99, 104, 105, 106, 112, 121, 128, 129, 130, 131, 137, 138, 139, 150, 159, 166, 171, 172, 173]",34,False,4.5678632657517004e-05,4.551002289728235e-08,1.5211040878206572e-05,20.0
FP1,596,596,410,186,209,0.6879194630872483,0.6623586429725363,0.6748971193415637,cao2018,S01/060227n,frontal_left,median,median__frontal_left__FP1,2,177,"[1, 2, 6, 21, 27, 42, 43, 45, 67, 69, 72, 85, 92, 99, 104, 105, 112, 121, 128, 130, 131, 137, 139, 150, 159, 166, 171, 172, 173]",29,False,5.8188541882505365e-05,-2.321024970476085e-06,2.0169855617660482e-05,20.0
F3,127,127,36,91,583,0.28346456692913385,0.05815831987075929,0.09651474530831099,cao2018,S01/060227n,frontal_left,median,median__frontal_left__F3,2,177,"[1, 2, 6, 21, 27, 42, 43, 45, 67, 69, 72, 85, 92, 99, 104, 105, 112, 121, 128, 130, 131, 137, 139, 150, 159, 166, 171, 172, 173]",29,False,4.518454856620642e-05,-6.15753855448178e-07,1.526676747388487e-05,20.0
FP1,556,556,388,168,231,0.697841726618705,0.6268174474959612,0.6604255319148936,cao2018,S01/060227n,frontal_left,mean,mean__frontal_left__FP1,2,177,"[1, 2, 6, 21, 27, 42, 43, 45, 67, 69, 72, 85, 92, 99, 104, 105, 112, 121, 128, 130, 131, 137, 139, 150, 159, 166, 171, 172, 173]",29,False,6.054626900077117e-05,3.6702147789717335e-08,2.0169855617660482e-05,20.0
F3,117,117,34,83,585,0.2905982905982906,0.05492730210016155,0.0923913043478261,cao2018,S01/060227n,frontal_left,mean,mean__frontal_left__F3,2,177,"[1, 2, 6, 21, 27, 42, 43, 45, 67, 69, 72, 85, 92, 99, 104, 105, 112, 121, 128, 130, 131, 137, 139, 150, 159, 166, 171, 172, 173]",29,False,4.58603817584006e-05,6.007933674599599e-08,1.526676747388487e-05,20.0
FP2,411,411,249,162,370,0.6058394160583942,0.40226171243941844,0.48349514563106794,cao2018,S01/060227n,frontal_right,median,median__frontal_right__FP2,2,177,"[1, 4, 6, 7, 42, 43, 72, 92, 99, 106, 112, 128, 129, 130, 131, 137, 138, 139, 159, 171, 172, 173]",22,False,5.378121479600676e-05,-1.3880248822121745e-06,1.8389746559406312e-05,20.0
F4,144,144,50,94,569,0.3472222222222222,0.08077544426494346,0.1310615989515072,cao2018,S01/060227n,frontal_right,median,median__frontal_right__F4,2,177,"[1, 4, 6, 7, 42, 43, 72, 92, 99, 106, 112, 128, 129, 130, 131, 137, 138, 139, 159, 171, 172, 173]",22,False,5.1914542249387364e-05,-5.058741212561116e-07,1.7473472123547827e-05,20.0
FP2,385,385,233,152,386,0.6051948051948052,0.3764135702746365,0.4641434262948207,cao2018,S01/060227n,frontal_right,mean,mean__frontal_right__FP2,2,177,"[1, 4, 6, 7, 42, 43, 72, 92, 99, 106, 112, 128, 129, 130, 131, 137, 138, 139, 159, 171, 172, 173]",22,False,5.5077446768723594e-05,-9.17929094953422e-08,1.8389746559406312e-05,20.0
F4,141,141,48,93,571,0.3404255319148936,0.07754442649434572,0.12631578947368421,cao2018,S01/060227n,frontal_right,mean,mean__frontal_right__F4,2,177,"[1, 4, 6, 7, 42, 43, 72, 92, 99, 106, 112, 128, 129, 130, 131, 137, 138, 139, 159, 171, 172, 173]",22,False,5.242979485603498e-05,9.378485391496893e-09,1.7473472123547827e-05,20.0
FP1,755,755,499,256,120,0.6609271523178808,0.8061389337641357,0.7263464337700146,cao2018,S01/060227n,all_channel,median,median__all_channel__FP1,32,118,"[1, 2, 3, 4, 6, 14, 18, 28, 29, 30, 31, 39, 41, 44, 48, 49, 50, 56, 58, 61, 62, 66, 69, 70, 72, 73, 74, 75, 76, 80, 81, 85, 86, 87, 90, 91, 92, 93, 100, 106, 108, 111, 112, 114, 115]",45,False,5.0103210952819386e-05,-2.0050598769654746e-06,1.7369423609928286e-05,30.0
FP2,538,538,323,215,296,0.6003717472118959,0.5218093699515347,0.5583405358686258,cao2018,S01/060227n,all_channel,median,median__all_channel__FP2,32,118,"[1, 2, 3, 4, 6, 14, 18, 28, 29, 30, 31, 39, 41, 44, 48, 49, 50, 56, 58, 61, 62, 66, 69, 70, 72, 73, 74, 75, 76, 80, 81, 85, 86, 87, 90, 91, 92, 93, 100, 106, 108, 111, 112, 114, 115]",45,False,4.641358094942662e-05,-1.1151039310141525e-06,1.5842894960146924e-05,30.0
F7,282,282,150,132,469,0.5319148936170213,0.24232633279483037,0.33296337402885684,cao2018,S01/060227n,all_channel,median,median__all_channel__F7,32,118,"[1, 2, 3, 4, 6, 14, 18, 28, 29, 30, 31, 39, 41, 44, 48, 49, 50, 56, 58, 61, 62, 66, 69, 70, 72, 73, 74, 75, 76, 80, 81, 85, 86, 87, 90, 91, 92, 93, 100, 106, 108, 111, 112, 114, 115]",45,False,3.3733183131601846e-05,-5.493708784245355e-07,1.1427518003342127e-05,30.0
F4,235,235,80,155,539,0.3404255319148936,0.12924071082390953,0.1873536299765808,cao2018,S01/060227n,all_channel,median,median__all_channel__F4,32,118,"[1, 2, 3, 4, 6, 14, 18, 28, 29, 30, 31, 39, 41, 44, 48, 49, 50, 56, 58, 61, 62, 66, 69, 70, 72, 73, 74, 75, 76, 80, 81, 85, 86, 87, 90, 91, 92, 93, 100, 106, 108, 111, 112, 114, 115]",45,False,4.125696191412872e-05,-1.865574583305771e-07,1.3814506457486431e-05,30.0
F3,187,187,61,126,558,0.32620320855614976,0.09854604200323101,0.15136476426799006,cao2018,S01/060227n,all_channel,median,median__all_channel__F3,32,118,"[1, 2, 3, 4, 6, 14, 18, 28, 29, 30, 31, 39, 41, 44, 48, 49, 50, 56, 58, 61, 62, 66, 69, 70, 72, 73, 74, 75, 76, 80, 81, 85, 86, 87, 90, 91, 92, 93, 100, 106, 108, 111, 112, 114, 115]",45,False,4.081829399778368e-05,-4.100726471995921e-07,1.3742788881661091e-05,30.0
F8,215,215,62,153,557,0.28837209302325584,0.10016155088852989,0.1486810551558753,cao2018,S01/060227n,all_channel,median,median__all_channel__F8,32,118,"[1, 2, 3, 4, 6, 14, 18, 28, 29, 30, 31, 39, 41, 44, 48, 49, 50, 56, 58, 61, 62, 66, 69, 70, 72, 73, 74, 75, 76, 80, 81, 85, 86, 87, 90, 91, 92, 93, 100, 106, 108, 111, 112, 114, 115]",45,False,2.6060032796815212e-05,-7.599832281394143e-08,8.712010373209718e-06,30.0
FT8,208,208,61,147,558,0.2932692307692308,0.09854604200323101,0.1475211608222491,cao2018,S01/060227n,all_channel,median,median__all_channel__FT8,32,118,"[1, 2, 3, 4, 6, 14, 18, 28, 29, 30, 31, 39, 41, 44, 48, 49, 50, 56, 58, 61, 62, 66, 69, 70, 72, 73, 74, 75, 76, 80, 81, 85, 86, 87, 90, 91, 92, 93, 100, 106, 108, 111, 112, 114, 115]",45,False,2.5950946560546843e-05,-6.718767204816272e-08,8.672711410865002e-06,30.0
T4,213,213,61,152,558,0.2863849765258216,0.09854604200323101,0.14663461538461536,cao2018,S01/060227n,all_channel,median,median__all_channel__T4,32,118,"[1, 2, 3, 4, 6, 14, 18, 28, 29, 30, 31, 39, 41, 44, 48, 49, 50, 56, 58, 61, 62, 66, 69, 70, 72, 73, 74, 75, 76, 80, 81, 85, 86, 87, 90, 91, 92, 93, 100, 106, 108, 111, 112, 114, 115]",45,False,2.583755735114767e-05,-7.682183296362105e-08,8.638126394703764e-06,30.0
FC4,158,158,44,114,575,0.27848101265822783,0.07108239095315025,0.11325611325611327,cao2018,S01/060227n,all_channel,median,median__all_channel__FC4,32,118,"[1, 2, 3, 4, 6, 14, 18, 28, 29, 30, 31, 39, 41, 44, 48, 49, 50, 56, 58, 61, 62, 66, 69, 70, 72, 73, 74, 75, 76, 80, 81, 85, 86, 87, 90, 91, 92, 93, 100, 106, 108, 111, 112, 114, 115]",45,False,3.449111902677347e-05,-3.2331182835897057e-08,1.1507816736536456e-05,30.0
C4,160,160,44,116,575,0.275,0.07108239095315025,0.1129653401797176,cao2018,S01/060227n,all_channel,median,median__all_channel__C4,32,118,"[1, 2, 3, 4, 6, 14, 18, 28, 29, 30, 31, 39, 41, 44, 48, 49, 50, 56, 58, 61, 62, 66, 69, 70, 72, 73, 74, 75, 76, 80, 81, 85, 86, 87, 90, 91, 92, 93, 100, 106, 108, 111, 112, 114, 115]",45,False,3.440937079786891e-05,-3.849344140149282e-08,1.1482621413090133e-05,30.0
FZ,142,142,37,105,582,0.2605633802816901,0.05977382875605816,0.09724047306176083,cao2018,S01/060227n,all_channel,median,median__all_channel__FZ,32,118,"[1, 2, 3, 4, 6, 14, 18, 28, 29, 30, 31, 39, 41, 44, 48, 49, 50, 56, 58, 61, 62, 66, 69, 70, 72, 73, 74, 75, 76, 80, 81, 85, 86, 87, 90, 91, 92, 93, 100, 106, 108, 111, 112, 114, 115]",45,False,3.812839881972675e-05,-7.077903668166465e-08,1.2733059285469473e-05,30.0
CZ,142,142,33,109,586,0.2323943661971831,0.05331179321486268,0.08672798948751641,cao2018,S01/060227n,all_channel,median,median__all_channel__CZ,32,118,"[1, 2, 3, 4, 6, 14, 18, 28, 29, 30, 31, 39, 41, 44, 48, 49, 50, 56, 58, 61, 62, 66, 69, 70, 72, 73, 74, 75, 76, 80, 81, 85, 86, 87, 90, 91, 92, 93, 100, 106, 108, 111, 112, 114, 115]",45,False,3.783104851963832e-05,-7.316655315053173e-08,1.2634738357596284e-05,30.0
FCZ,139,139,32,107,587,0.2302158273381295,0.051696284329563816,0.08443271767810027,cao2018,S01/060227n,all_channel,median,median__all_channel__FCZ,32,118,"[1, 2, 3, 4, 6, 14, 18, 28, 29, 30, 31, 39, 41, 44, 48, 49, 50, 56, 58, 61, 62, 66, 69, 70, 72, 73, 74, 75, 76, 80, 81, 85, 86, 87, 90, 91, 92, 93, 100, 106, 108, 111, 112, 114, 115]",45,False,3.78743300417052e-05,-8.011623421377862e-08,1.2651482091972994e-05,30.0
FT7,117,117,29,88,590,0.24786324786324787,0.046849757673667204,0.07880434782608696,cao2018,S01/060227n,all_channel,median,median__all_channel__FT7,32,118,"[1, 2, 3, 4, 6, 14, 18, 28, 29, 30, 31, 39, 41, 44, 48, 49, 50, 56, 58, 61, 62, 66, 69, 70, 72, 73, 74, 75, 76, 80, 81, 85, 86, 87, 90, 91, 92, 93, 100, 106, 108, 111, 112, 114, 115]",45,False,2.7191388923340467e-05,-1.1744334142534905e-07,9.102944088255272e-06,30.0
TP8,136,136,27,109,592,0.19852941176470587,0.04361873990306947,0.07152317880794702,cao2018,S01/060227n,all_channel,median,median__all_channel__TP8,32,118,"[1, 2, 3, 4, 6, 14, 18, 28, 29, 30, 31, 39, 41, 44, 48, 49, 50, 56, 58, 61, 62, 66, 69, 70, 72, 73, 74, 75, 76, 80, 81, 85, 86, 87, 90, 91, 92, 93, 100, 106, 108, 111, 112, 114, 115]",45,False,2.0598387799730684e-05,1.0626278793106204e-07,6.830708337266541e-06,30.0
FC3,123,123,26,97,593,0.21138211382113822,0.0420032310177706,0.07008086253369272,cao2018,S01/060227n,all_channel,median,median__all_channel__FC3,32,118,"[1, 2, 3, 4, 6, 14, 18, 28, 29, 30, 31, 39, 41, 44, 48, 49, 50, 56, 58, 61, 62, 66, 69, 70, 72, 73, 74, 75, 76, 80, 81, 85, 86, 87, 90, 91, 92, 93, 100, 106, 108, 111, 112, 114, 115]",45,False,3.4266189714644724e-05,-1.1164668599760986e-07,1.1459278800214111e-05,30.0
CP4,118,118,16,102,603,0.13559322033898305,0.025848142164781908,0.04341926729986432,cao2018,S01/060227n,all_channel,median,median__all_channel__CP4,32,118,"[1, 2, 3, 4, 6, 14, 18, 28, 29, 30, 31, 39, 41, 44, 48, 49, 50, 56, 58, 61, 62, 66, 69, 70, 72, 73, 74, 75, 76, 80, 81, 85, 86, 87, 90, 91, 92, 93, 100, 106, 108, 111, 112, 114, 115]",45,False,2.753681835639023e-05,-4.244026585636894e-09,9.180354127658623e-06,30.0
T3,85,85,15,70,604,0.17647058823529413,0.024232633279483037,0.04261363636363637,cao2018,S01/060227n,all_channel,median,median__all_channel__T3,32,118,"[1, 2, 3, 4, 6, 14, 18, 28, 29, 30, 31, 39, 41, 44, 48, 49, 50, 56, 58, 61, 62, 66, 69, 70, 72, 73, 74, 75, 76, 80, 81, 85, 86, 87, 90, 91, 92, 93, 100, 106, 108, 111, 112, 114, 115]",45,False,2.2743195725386645e-05,2.1902076106509487e-08,7.5737645497600455e-06,30.0
C3,88,88,13,75,606,0.14772727272727273,0.0210016155088853,0.036775106082036775,cao2018,S01/060227n,all_channel,median,median__all_channel__C3,32,118,"[1, 2, 3, 4, 6, 14, 18, 28, 29, 30, 31, 39, 41, 44, 48, 49, 50, 56, 58, 61, 62, 66, 69, 70, 72, 73, 74, 75, 76, 80, 81, 85, 86, 87, 90, 91, 92, 93, 100, 106, 108, 111, 112, 114, 115]",45,False,3.031156533827658e-05,-1.3987551926554492e-08,1.0108517630067712e-05,30.0
CP3,75,75,10,65,609,0.13333333333333333,0.01615508885298869,0.02881844380403458,cao2018,S01/060227n,all_channel,median,median__all_channel__CP3,32,118,"[1, 2, 3, 4, 6, 14, 18, 28, 29, 30, 31, 39, 41, 44, 48, 49, 50, 56, 58, 61, 62, 66, 69, 70, 72, 73, 74, 75, 76, 80, 81, 85, 86, 87, 90, 91, 92, 93, 100, 106, 108, 111, 112, 114, 115]",45,False,2.6574695728629387e-05,1.0615624630928918e-08,8.854693367999486e-06,30.0
PZ,84,84,10,74,609,0.11904761904761904,0.01615508885298869,0.02844950213371266,cao2018,S01/060227n,all_channel,median,median__all_channel__PZ,32,118,"[1, 2, 3, 4, 6, 14, 18, 28, 29, 30, 31, 39, 41, 44, 48, 49, 50, 56, 58, 61, 62, 66, 69, 70, 72, 73, 74, 75, 76, 80, 81, 85, 86, 87, 90, 91, 92, 93, 100, 106, 108, 111, 112, 114, 115]",45,False,2.6197084920421067e-05,-5.595397750762622e-08,8.751012965976232e-06,30.0
CPZ,97,97,9,88,610,0.09278350515463918,0.014539579967689823,0.025139664804469275,cao2018,S01/060227n,all_channel,median,median__all_channel__CPZ,32,118,"[1, 2, 3, 4, 6, 14, 18, 28, 29, 30, 31, 39, 41, 44, 48, 49, 50, 56, 58, 61, 62, 66, 69, 70, 72, 73, 74, 75, 76, 80, 81, 85, 86, 87, 90, 91, 92, 93, 100, 106, 108, 111, 112, 114, 115]",45,False,2.932608764608071e-05,-2.562806473234937e-08,9.783905236937687e-06,30.0
P3,70,70,8,62,611,0.11428571428571428,0.012924071082390954,0.023222060957910018,cao2018,S01/060227n,all_channel,median,median__all_channel__P3,32,118,"[1, 2, 3, 4, 6, 14, 18, 28, 29, 30, 31, 39, 41, 44, 48, 49, 50, 56, 58, 61, 62, 66, 69, 70, 72, 73, 74, 75, 76, 80, 81, 85, 86, 87, 90, 91, 92, 93, 100, 106, 108, 111, 112, 114, 115]",45,False,2.4839829695117295e-05,8.855642575587315e-09,8.276991350847236e-06,30.0
P4,100,100,8,92,611,0.08,0.012924071082390954,0.022253129346314324,cao2018,S01/060227n,all_channel,median,median__all_channel__P4,32,118,"[1, 2, 3, 4, 6, 14, 18, 28, 29, 30, 31, 39, 41, 44, 48, 49, 50, 56, 58, 61, 62, 66, 69, 70, 72, 73, 74, 75, 76, 80, 81, 85, 86, 87, 90, 91, 92, 93, 100, 106, 108, 111, 112, 114, 115]",45,False,2.6107795123450943e-05,1.4045889536080593e-08,8.697916411304954e-06,30.0
A2,59,59,7,52,612,0.11864406779661017,0.011308562197092083,0.02064896755162242,cao2018,S01/060227n,all_channel,median,median__all_channel__A2,32,118,"[1, 2, 3, 4, 6, 14, 18, 28, 29, 30, 31, 39, 41, 44, 48, 49, 50, 56, 58, 61, 62, 66, 69, 70, 72, 73, 74, 75, 76, 80, 81, 85, 86, 87, 90, 91, 92, 93, 100, 106, 108, 111, 112, 114, 115]",45,False,9.9285545005328e-06,6.097749241192818e-08,3.2891923360402903e-06,30.0
O1,64,64,7,57,612,0.109375,0.011308562197092083,0.02049780380673499,cao2018,S01/060227n,all_channel,median,median__all_channel__O1,32,118,"[1, 2, 3, 4, 6, 14, 18, 28, 29, 30, 31, 39, 41, 44, 48, 49, 50, 56, 58, 61, 62, 66, 69, 70, 72, 73, 74, 75, 76, 80, 81, 85, 86, 87, 90, 91, 92, 93, 100, 106, 108, 111, 112, 114, 115]",45,False,2.036151802320145e-05,-7.713135199617177e-08,6.812883125065873e-06,30.0
OZ,80,80,7,73,612,0.0875,0.011308562197092083,0.02002861230329041,cao2018,S01/060227n,all_channel,median,median__all_channel__OZ,32,118,"[1, 2, 3, 4, 6, 14, 18, 28, 29, 30, 31, 39, 41, 44, 48, 49, 50, 56, 58, 61, 62, 66, 69, 70, 72, 73, 74, 75, 76, 80, 81, 85, 86, 87, 90, 91, 92, 93, 100, 106, 108, 111, 112, 114, 115]",45,False,2.0247849223170027e-05,-5.880341598395018e-08,6.768884213051326e-06,30.0
T6,89,89,7,82,612,0.07865168539325842,0.011308562197092083,0.019774011299435026,cao2018,S01/060227n,all_channel,median,median__all_channel__T6,32,118,"[1, 2, 3, 4, 6, 14, 18, 28, 29, 30, 31, 39, 41, 44, 48, 49, 50, 56, 58, 61, 62, 66, 69, 70, 72, 73, 74, 75, 76, 80, 81, 85, 86, 87, 90, 91, 92, 93, 100, 106, 108, 111, 112, 114, 115]",45,False,1.9145466999325902e-05,7.304972020530738e-09,6.3793873424351245e-06,30.0
TP7,46,46,4,42,615,0.08695652173913043,0.006462035541195477,0.012030075187969926,cao2018,S01/060227n,all_channel,median,median__all_channel__TP7,32,118,"[1, 2, 3, 4, 6, 14, 18, 28, 29, 30, 31, 39, 41, 44, 48, 49, 50, 56, 58, 61, 62, 66, 69, 70, 72, 73, 74, 75, 76, 80, 81, 85, 86, 87, 90, 91, 92, 93, 100, 106, 108, 111, 112, 114, 115]",45,False,2.068016385153185e-05,4.4797992789653347e-08,6.878455286247399e-06,30.0
T5,46,46,2,44,617,0.043478260869565216,0.0032310177705977385,0.006015037593984963,cao2018,S01/060227n,all_channel,median,median__all_channel__T5,32,118,"[1, 2, 3, 4, 6, 14, 18, 28, 29, 30, 31, 39, 41, 44, 48, 49, 50, 56, 58, 61, 62, 66, 69, 70, 72, 73, 74, 75, 76, 80, 81, 85, 86, 87, 90, 91, 92, 93, 100, 106, 108, 111, 112, 114, 115]",45,False,1.8894843170876807e-05,8.81417509979428e-09,6.295342998592338e-06,30.0
O2,58,58,2,56,617,0.034482758620689655,0.0032310177705977385,0.005908419497784343,cao2018,S01/060227n,all_channel,median,median__all_channel__O2,32,118,"[1, 2, 3, 4, 6, 14, 18, 28, 29, 30, 31, 39, 41, 44, 48, 49, 50, 56, 58, 61, 62, 66, 69, 70, 72, 73, 74, 75, 76, 80, 81, 85, 86, 87, 90, 91, 92, 93, 100, 106, 108, 111, 112, 114, 115]",45,False,2.1388092406931556e-05,-2.6009038738296757e-08,7.138033815223284e-06,30.0
A1,62,62,2,60,617,0.03225806451612903,0.0032310177705977385,0.005873715124816446,cao2018,S01/060227n,all_channel,median,median__all_channel__A1,32,118,"[1, 2, 3, 4, 6, 14, 18, 28, 29, 30, 31, 39, 41, 44, 48, 49, 50, 56, 58, 61, 62, 66, 69, 70, 72, 73, 74, 75, 76, 80, 81, 85, 86, 87, 90, 91, 92, 93, 100, 106, 108, 111, 112, 114, 115]",45,False,9.800238721704603e-06,-5.642976421679737e-08,3.2855561619738e-06,30.0
FP1,710,710,477,233,142,0.671830985915493,0.7705977382875606,0.7178329571106095,cao2018,S01/060227n,all_channel,mean,mean__all_channel__FP1,32,118,"[1, 2, 3, 4, 6, 14, 18, 28, 29, 30, 31, 39, 41, 44, 48, 49, 50, 56, 58, 61, 62, 66, 69, 70, 72, 73, 74, 75, 76, 80, 81, 85, 86, 87, 90, 91, 92, 93, 100, 106, 108, 111, 112, 114, 115]",45,False,5.2141240729402627e-05,3.296989961776994e-08,1.7369423609928286e-05,30.0
FP2,525,525,318,207,301,0.6057142857142858,0.5137318255250404,0.5559440559440559,cao2018,S01/060227n,all_channel,mean,mean__all_channel__FP2,32,118,"[1, 2, 3, 4, 6, 14, 18, 28, 29, 30, 31, 39, 41, 44, 48, 49, 50, 56, 58, 61, 62, 66, 69, 70, 72, 73, 74, 75, 76, 80, 81, 85, 86, 87, 90, 91, 92, 93, 100, 106, 108, 111, 112, 114, 115]",45,False,4.758566649500868e-05,5.698161456791242e-08,1.5842894960146924e-05,30.0
F7,262,262,136,126,483,0.5190839694656488,0.2197092084006462,0.3087400681044268,cao2018,S01/060227n,all_channel,mean,mean__all_channel__F7,32,118,"[1, 2, 3, 4, 6, 14, 18, 28, 29, 30, 31, 39, 41, 44, 48, 49, 50, 56, 58, 61, 62, 66, 69, 70, 72, 73, 74, 75, 76, 80, 81, 85, 86, 87, 90, 91, 92, 93, 100, 106, 108, 111, 112, 114, 115]",45,False,3.428477446425697e-05,2.2204542305898775e-09,1.1427518003342127e-05,30.0
F4,231,231,79,152,540,0.341991341991342,0.12762520193861066,0.18588235294117647,cao2018,S01/060227n,all_channel,mean,mean__all_channel__F4,32,118,"[1, 2, 3, 4, 6, 14, 18, 28, 29, 30, 31, 39, 41, 44, 48, 49, 50, 56, 58, 61, 62, 66, 69, 70, 72, 73, 74, 75, 76, 80, 81, 85, 86, 87, 90, 91, 92, 93, 100, 106, 108, 111, 112, 114, 115]",45,False,4.148090324849432e-05,3.738387603502355e-08,1.3814506457486431e-05,30.0
F3,180,180,60,120,559,0.3333333333333333,0.09693053311793215,0.15018773466833543,cao2018,S01/060227n,all_channel,mean,mean__all_channel__F3,32,118,"[1, 2, 3, 4, 6, 14, 18, 28, 29, 30, 31, 39, 41, 44, 48, 49, 50, 56, 58, 61, 62, 66, 69, 70, 72, 73, 74, 75, 76, 80, 81, 85, 86, 87, 90, 91, 92, 93, 100, 106, 108, 111, 112, 114, 115]",45,False,4.1247081083196e-05,1.8714438212721444e-08,1.3742788881661091e-05,30.0
F8,215,215,62,153,557,0.28837209302325584,0.10016155088852989,0.1486810551558753,cao2018,S01/060227n,all_channel,mean,mean__all_channel__F8,32,118,"[1, 2, 3, 4, 6, 14, 18, 28, 29, 30, 31, 39, 41, 44, 48, 49, 50, 56, 58, 61, 62, 66, 69, 70, 72, 73, 74, 75, 76, 80, 81, 85, 86, 87, 90, 91, 92, 93, 100, 106, 108, 111, 112, 114, 115]",45,False,2.6149136290269126e-05,1.31051706399715e-08,8.712010373209718e-06,30.0
FT8,204,204,61,143,558,0.29901960784313725,0.09854604200323101,0.1482381530984204,cao2018,S01/060227n,all_channel,mean,mean__all_channel__FT8,32,118,"[1, 2, 3, 4, 6, 14, 18, 28, 29, 30, 31, 39, 41, 44, 48, 49, 50, 56, 58, 61, 62, 66, 69, 70, 72, 73, 74, 75, 76, 80, 81, 85, 86, 87, 90, 91, 92, 93, 100, 106, 108, 111, 112, 114, 115]",45,False,2.6029333535244953e-05,1.1199302649944665e-08,8.672711410865002e-06,30.0
T4,209,209,61,148,558,0.291866028708134,0.09854604200323101,0.1473429951690821,cao2018,S01/060227n,all_channel,mean,mean__all_channel__T4,32,118,"[1, 2, 3, 4, 6, 14, 18, 28, 29, 30, 31, 39, 41, 44, 48, 49, 50, 56, 58, 61, 62, 66, 69, 70, 72, 73, 74, 75, 76, 80, 81, 85, 86, 87, 90, 91, 92, 93, 100, 106, 108, 111, 112, 114, 115]",45,False,2.5925858738070524e-05,1.1479553959232985e-08,8.638126394703764e-06,30.0
FC4,158,158,44,114,575,0.27848101265822783,0.07108239095315025,0.11325611325611327,cao2018,S01/060227n,all_channel,mean,mean__all_channel__FC4,32,118,"[1, 2, 3, 4, 6, 14, 18, 28, 29, 30, 31, 39, 41, 44, 48, 49, 50, 56, 58, 61, 62, 66, 69, 70, 72, 73, 74, 75, 76, 80, 81, 85, 86, 87, 90, 91, 92, 93, 100, 106, 108, 111, 112, 114, 115]",45,False,3.455105102379625e-05,2.7600814186878765e-08,1.1507816736536456e-05,30.0
C4,159,159,44,115,575,0.27672955974842767,0.07108239095315025,0.11311053984575838,cao2018,S01/060227n,all_channel,mean,mean__all_channel__C4,32,118,"[1, 2, 3, 4, 6, 14, 18, 28, 29, 30, 31, 39, 41, 44, 48, 49, 50, 56, 58, 61, 62, 66, 69, 70, 72, 73, 74, 75, 76, 80, 81, 85, 86, 87, 90, 91, 92, 93, 100, 106, 108, 111, 112, 114, 115]",45,False,3.447447504867744e-05,2.6610809407037227e-08,1.1482621413090133e-05,30.0
FZ,140,140,36,104,583,0.2571428571428571,0.05815831987075929,0.09486166007905138,cao2018,S01/060227n,all_channel,mean,mean__all_channel__FZ,32,118,"[1, 2, 3, 4, 6, 14, 18, 28, 29, 30, 31, 39, 41, 44, 48, 49, 50, 56, 58, 61, 62, 66, 69, 70, 72, 73, 74, 75, 76, 80, 81, 85, 86, 87, 90, 91, 92, 93, 100, 106, 108, 111, 112, 114, 115]",45,False,3.8203798869940055e-05,4.621013531639462e-09,1.2733059285469473e-05,30.0
CZ,140,140,33,107,586,0.2357142857142857,0.05331179321486268,0.08695652173913043,cao2018,S01/060227n,all_channel,mean,mean__all_channel__CZ,32,118,"[1, 2, 3, 4, 6, 14, 18, 28, 29, 30, 31, 39, 41, 44, 48, 49, 50, 56, 58, 61, 62, 66, 69, 70, 72, 73, 74, 75, 76, 80, 81, 85, 86, 87, 90, 91, 92, 93, 100, 106, 108, 111, 112, 114, 115]",45,False,3.7909646537915354e-05,5.431465126499624e-09,1.2634738357596284e-05,30.0
FCZ,137,137,32,105,587,0.23357664233576642,0.051696284329563816,0.08465608465608467,cao2018,S01/060227n,all_channel,mean,mean__all_channel__FCZ,32,118,"[1, 2, 3, 4, 6, 14, 18, 28, 29, 30, 31, 39, 41, 44, 48, 49, 50, 56, 58, 61, 62, 66, 69, 70, 72, 73, 74, 75, 76, 80, 81, 85, 86, 87, 90, 91, 92, 93, 100, 106, 108, 111, 112, 114, 115]",45,False,3.7959673151583215e-05,5.2268756642331805e-09,1.2651482091972994e-05,30.0
FT7,115,115,29,86,590,0.25217391304347825,0.046849757673667204,0.07901907356948229,cao2018,S01/060227n,all_channel,mean,mean__all_channel__FT7,32,118,"[1, 2, 3, 4, 6, 14, 18, 28, 29, 30, 31, 39, 41, 44, 48, 49, 50, 56, 58, 61, 62, 66, 69, 70, 72, 73, 74, 75, 76, 80, 81, 85, 86, 87, 90, 91, 92, 93, 100, 106, 108, 111, 112, 114, 115]",45,False,2.7291212313562107e-05,-1.7619951203709087e-08,9.102944088255272e-06,30.0
TP8,136,136,27,109,592,0.19852941176470587,0.04361873990306947,0.07152317880794702,cao2018,S01/060227n,all_channel,mean,mean__all_channel__TP8,32,118,"[1, 2, 3, 4, 6, 14, 18, 28, 29, 30, 31, 39, 41, 44, 48, 49, 50, 56, 58, 61, 62, 66, 69, 70, 72, 73, 74, 75, 76, 80, 81, 85, 86, 87, 90, 91, 92, 93, 100, 106, 108, 111, 112, 114, 115]",45,False,2.05071241528698e-05,1.499914107017815e-08,6.830708337266541e-06,30.0
FC3,122,122,26,96,593,0.21311475409836064,0.0420032310177706,0.07017543859649122,cao2018,S01/060227n,all_channel,mean,mean__all_channel__FC3,32,118,"[1, 2, 3, 4, 6, 14, 18, 28, 29, 30, 31, 39, 41, 44, 48, 49, 50, 56, 58, 61, 62, 66, 69, 70, 72, 73, 74, 75, 76, 80, 81, 85, 86, 87, 90, 91, 92, 93, 100, 106, 108, 111, 112, 114, 115]",45,False,3.438173298604437e-05,3.896585402036867e-09,1.1459278800214111e-05,30.0
CP4,118,118,16,102,603,0.13559322033898305,0.025848142164781908,0.04341926729986432,cao2018,S01/060227n,all_channel,mean,mean__all_channel__CP4,32,118,"[1, 2, 3, 4, 6, 14, 18, 28, 29, 30, 31, 39, 41, 44, 48, 49, 50, 56, 58, 61, 62, 66, 69, 70, 72, 73, 74, 75, 76, 80, 81, 85, 86, 87, 90, 91, 92, 93, 100, 106, 108, 111, 112, 114, 115]",45,False,2.7551280607569215e-05,1.0218224593349325e-08,9.180354127658623e-06,30.0
T3,86,86,15,71,604,0.1744186046511628,0.024232633279483037,0.0425531914893617,cao2018,S01/060227n,all_channel,mean,mean__all_channel__T3,32,118,"[1, 2, 3, 4, 6, 14, 18, 28, 29, 30, 31, 39, 41, 44, 48, 49, 50, 56, 58, 61, 62, 66, 69, 70, 72, 73, 74, 75, 76, 80, 81, 85, 86, 87, 90, 91, 92, 93, 100, 106, 108, 111, 112, 114, 115]",45,False,2.2714813455092487e-05,-6.480194187649824e-09,7.5737645497600455e-06,30.0
C3,87,87,13,74,606,0.14942528735632185,0.0210016155088853,0.0368271954674221,cao2018,S01/060227n,all_channel,mean,mean__all_channel__C3,32,118,"[1, 2, 3, 4, 6, 14, 18, 28, 29, 30, 31, 39, 41, 44, 48, 49, 50, 56, 58, 61, 62, 66, 69, 70, 72, 73, 74, 75, 76, 80, 81, 85, 86, 87, 90, 91, 92, 93, 100, 106, 108, 111, 112, 114, 115]",45,False,3.032884735883269e-05,3.2944686295541683e-09,1.0108517630067712e-05,30.0
CP3,75,75,10,65,609,0.13333333333333333,0.01615508885298869,0.02881844380403458,cao2018,S01/060227n,all_channel,mean,mean__all_channel__CP3,32,118,"[1, 2, 3, 4, 6, 14, 18, 28, 29, 30, 31, 39, 41, 44, 48, 49, 50, 56, 58, 61, 62, 66, 69, 70, 72, 73, 74, 75, 76, 80, 81, 85, 86, 87, 90, 91, 92, 93, 100, 106, 108, 111, 112, 114, 115]",45,False,2.6564406476806812e-05,3.263728083530826e-10,8.854693367999486e-06,30.0
PZ,83,83,10,73,609,0.12048192771084337,0.01615508885298869,0.02849002849002849,cao2018,S01/060227n,all_channel,mean,mean__all_channel__PZ,32,118,"[1, 2, 3, 4, 6, 14, 18, 28, 29, 30, 31, 39, 41, 44, 48, 49, 50, 56, 58, 61, 62, 66, 69, 70, 72, 73, 74, 75, 76, 80, 81, 85, 86, 87, 90, 91, 92, 93, 100, 106, 108, 111, 112, 114, 115]",45,False,2.625510054885066e-05,2.0616509219650976e-09,8.751012965976232e-06,30.0
CPZ,97,97,9,88,610,0.09278350515463918,0.014539579967689823,0.025139664804469275,cao2018,S01/060227n,all_channel,mean,mean__all_channel__CPZ,32,118,"[1, 2, 3, 4, 6, 14, 18, 28, 29, 30, 31, 39, 41, 44, 48, 49, 50, 56, 58, 61, 62, 66, 69, 70, 72, 73, 74, 75, 76, 80, 81, 85, 86, 87, 90, 91, 92, 93, 100, 106, 108, 111, 112, 114, 115]",45,False,2.9357006767225923e-05,5.291056412861676e-09,9.783905236937687e-06,30.0
P3,70,70,8,62,611,0.11428571428571428,0.012924071082390954,0.023222060957910018,cao2018,S01/060227n,all_channel,mean,mean__all_channel__P3,32,118,"[1, 2, 3, 4, 6, 14, 18, 28, 29, 30, 31, 39, 41, 44, 48, 49, 50, 56, 58, 61, 62, 66, 69, 70, 72, 73, 74, 75, 76, 80, 81, 85, 86, 87, 90, 91, 92, 93, 100, 106, 108, 111, 112, 114, 115]",45,False,2.483041557920429e-05,-5.584733374155751e-10,8.276991350847236e-06,30.0
P4,100,100,8,92,611,0.08,0.012924071082390954,0.022253129346314324,cao2018,S01/060227n,all_channel,mean,mean__all_channel__P4,32,118,"[1, 2, 3, 4, 6, 14, 18, 28, 29, 30, 31, 39, 41, 44, 48, 49, 50, 56, 58, 61, 62, 66, 69, 70, 72, 73, 74, 75, 76, 80, 81, 85, 86, 87, 90, 91, 92, 93, 100, 106, 108, 111, 112, 114, 115]",45,False,2.610360925127221e-05,9.860017357346957e-09,8.697916411304954e-06,30.0
A2,60,60,7,53,612,0.11666666666666667,0.011308562197092083,0.020618556701030924,cao2018,S01/060227n,all_channel,mean,mean__all_channel__A2,32,118,"[1, 2, 3, 4, 6, 14, 18, 28, 29, 30, 31, 39, 41, 44, 48, 49, 50, 56, 58, 61, 62, 66, 69, 70, 72, 73, 74, 75, 76, 80, 81, 85, 86, 87, 90, 91, 92, 93, 100, 106, 108, 111, 112, 114, 115]",45,False,9.876446218510445e-06,8.869210389573768e-09,3.2891923360402903e-06,30.0
O1,64,64,7,57,612,0.109375,0.011308562197092083,0.02049780380673499,cao2018,S01/060227n,all_channel,mean,mean__all_channel__O1,32,118,"[1, 2, 3, 4, 6, 14, 18, 28, 29, 30, 31, 39, 41, 44, 48, 49, 50, 56, 58, 61, 62, 66, 69, 70, 72, 73, 74, 75, 76, 80, 81, 85, 86, 87, 90, 91, 92, 93, 100, 106, 108, 111, 112, 114, 115]",45,False,2.043579488540492e-05,-2.854489792698358e-09,6.812883125065873e-06,30.0
OZ,78,78,7,71,612,0.08974358974358974,0.011308562197092083,0.020086083213773313,cao2018,S01/060227n,all_channel,mean,mean__all_channel__OZ,32,118,"[1, 2, 3, 4, 6, 14, 18, 28, 29, 30, 31, 39, 41, 44, 48, 49, 50, 56, 58, 61, 62, 66, 69, 70, 72, 73, 74, 75, 76, 80, 81, 85, 86, 87, 90, 91, 92, 93, 100, 106, 108, 111, 112, 114, 115]",45,False,2.0311025183691764e-05,4.372544537787036e-09,6.768884213051326e-06,30.0
T6,89,89,7,82,612,0.07865168539325842,0.011308562197092083,0.019774011299435026,cao2018,S01/060227n,all_channel,mean,mean__all_channel__T6,32,118,"[1, 2, 3, 4, 6, 14, 18, 28, 29, 30, 31, 39, 41, 44, 48, 49, 50, 56, 58, 61, 62, 66, 69, 70, 72, 73, 74, 75, 76, 80, 81, 85, 86, 87, 90, 91, 92, 93, 100, 106, 108, 111, 112, 114, 115]",45,False,1.9146437622533412e-05,8.275595228039605e-09,6.3793873424351245e-06,30.0
TP7,48,48,5,43,614,0.10416666666666667,0.008077544426494346,0.014992503748125937,cao2018,S01/060227n,all_channel,mean,mean__all_channel__TP7,32,118,"[1, 2, 3, 4, 6, 14, 18, 28, 29, 30, 31, 39, 41, 44, 48, 49, 50, 56, 58, 61, 62, 66, 69, 70, 72, 73, 74, 75, 76, 80, 81, 85, 86, 87, 90, 91, 92, 93, 100, 106, 108, 111, 112, 114, 115]",45,False,2.062418750335624e-05,-1.1178355385955185e-08,6.878455286247399e-06,30.0
T5,47,47,2,45,617,0.0425531914893617,0.0032310177705977385,0.006006006006006006,cao2018,S01/060227n,all_channel,mean,mean__all_channel__T5,32,118,"[1, 2, 3, 4, 6, 14, 18, 28, 29, 30, 31, 39, 41, 44, 48, 49, 50, 56, 58, 61, 62, 66, 69, 70, 72, 73, 74, 75, 76, 80, 81, 85, 86, 87, 90, 91, 92, 93, 100, 106, 108, 111, 112, 114, 115]",45,False,1.8877012071250204e-05,-9.016924526808126e-09,6.295342998592338e-06,30.0
O2,58,58,2,56,617,0.034482758620689655,0.0032310177705977385,0.005908419497784343,cao2018,S01/060227n,all_channel,mean,mean__all_channel__O2,32,118,"[1, 2, 3, 4, 6, 14, 18, 28, 29, 30, 31, 39, 41, 44, 48, 49, 50, 56, 58, 61, 62, 66, 69, 70, 72, 73, 74, 75, 76, 80, 81, 85, 86, 87, 90, 91, 92, 93, 100, 106, 108, 111, 112, 114, 115]",45,False,2.1417785026576244e-05,3.6835809063906424e-09,7.138033815223284e-06,30.0
A1,60,60,2,58,617,0.03333333333333333,0.0032310177705977385,0.005891016200294551,cao2018,S01/060227n,all_channel,mean,mean__all_channel__A1,32,118,"[1, 2, 3, 4, 6, 14, 18, 28, 29, 30, 31, 39, 41, 44, 48, 49, 50, 56, 58, 61, 62, 66, 69, 70, 72, 73, 74, 75, 76, 80, 81, 85, 86, 87, 90, 91, 92, 93, 100, 106, 108, 111, 112, 114, 115]",45,False,9.847768838329545e-06,-8.899647591855506e-09,3.2855561619738e-06,30.0
FP1,703,703,472,231,147,0.6714082503556188,0.7625201938610663,0.7140695915279879,cao2018,S01/060227n,frontal,median,median__frontal__FP1,4,118,"[1, 2, 3, 4, 14, 18, 28, 29, 30, 41, 48, 56, 61, 66, 69, 70, 74, 75, 81, 85, 86, 87, 91, 92, 93, 100, 106, 108, 111, 114, 115]",31,False,5.2307998735545945e-05,-2.4694097712717222e-06,1.825913616893922e-05,30.0
FP2,534,534,322,212,297,0.602996254681648,0.5201938610662359,0.5585429314830876,cao2018,S01/060227n,frontal,median,median__frontal__FP2,4,118,"[1, 2, 3, 4, 14, 18, 28, 29, 30, 41, 48, 56, 61, 66, 69, 70, 74, 75, 81, 85, 86, 87, 91, 92, 93, 100, 106, 108, 111, 114, 115]",31,False,4.669293124922359e-05,-1.4950671834636552e-06,1.606266614422908e-05,30.0
F4,235,235,80,155,539,0.3404255319148936,0.12924071082390953,0.1873536299765808,cao2018,S01/060227n,frontal,median,median__frontal__F4,4,118,"[1, 2, 3, 4, 14, 18, 28, 29, 30, 41, 48, 56, 61, 66, 69, 70, 74, 75, 81, 85, 86, 87, 91, 92, 93, 100, 106, 108, 111, 114, 115]",31,False,4.126864301044904e-05,-3.4789456009546024e-07,1.3872179190181502e-05,30.0
F3,180,180,60,120,559,0.3333333333333333,0.09693053311793215,0.15018773466833543,cao2018,S01/060227n,frontal,median,median__frontal__F3,4,118,"[1, 2, 3, 4, 14, 18, 28, 29, 30, 41, 48, 56, 61, 66, 69, 70, 74, 75, 81, 85, 86, 87, 91, 92, 93, 100, 106, 108, 111, 114, 115]",31,False,4.116960234036347e-05,-5.884796014968784e-07,1.3919360647286784e-05,30.0
FP1,655,655,446,209,173,0.6809160305343511,0.7205169628432956,0.7001569858712716,cao2018,S01/060227n,frontal,mean,mean__frontal__FP1,4,118,"[1, 2, 3, 4, 14, 18, 28, 29, 30, 41, 48, 56, 61, 66, 69, 70, 74, 75, 81, 85, 86, 87, 91, 92, 93, 100, 106, 108, 111, 114, 115]",31,False,5.482486250687498e-05,4.7454000057313216e-08,1.825913616893922e-05,30.0
FP2,512,512,315,197,304,0.615234375,0.5088852988691438,0.5570291777188329,cao2018,S01/060227n,frontal,mean,mean__frontal__FP2,4,118,"[1, 2, 3, 4, 14, 18, 28, 29, 30, 41, 48, 56, 61, 66, 69, 70, 74, 75, 81, 85, 86, 87, 91, 92, 93, 100, 106, 108, 111, 114, 115]",31,False,4.823613818642904e-05,4.813975374180042e-08,1.606266614422908e-05,30.0
F4,226,226,79,147,540,0.3495575221238938,0.12762520193861066,0.18698224852071005,cao2018,S01/060227n,frontal,mean,mean__frontal__F4,4,118,"[1, 2, 3, 4, 14, 18, 28, 29, 30, 41, 48, 56, 61, 66, 69, 70, 74, 75, 81, 85, 86, 87, 91, 92, 93, 100, 106, 108, 111, 114, 115]",31,False,4.1637172674905815e-05,2.063510436131114e-08,1.3872179190181502e-05,30.0
F3,172,172,57,115,562,0.3313953488372093,0.09208400646203554,0.1441213653603034,cao2018,S01/060227n,frontal,mean,mean__frontal__F3,4,118,"[1, 2, 3, 4, 14, 18, 28, 29, 30, 41, 48, 56, 61, 66, 69, 70, 74, 75, 81, 85, 86, 87, 91, 92, 93, 100, 106, 108, 111, 114, 115]",31,False,4.17788165185223e-05,2.0734576661955438e-08,1.3919360647286784e-05,30.0
FP1,701,701,472,229,147,0.6733238231098431,0.7625201938610663,0.7151515151515152,cao2018,S01/060227n,frontal_left,median,median__frontal_left__FP1,2,118,"[1, 2, 4, 14, 18, 28, 29, 30, 41, 48, 56, 61, 66, 69, 70, 74, 75, 81, 85, 87, 91, 92, 93, 100, 106, 108, 111, 114, 115]",29,False,5.2443588436270636e-05,-2.47099813374134e-06,1.8304862190003992e-05,30.0
F3,176,176,60,116,559,0.3409090909090909,0.09693053311793215,0.15094339622641512,cao2018,S01/060227n,frontal_left,median,median__frontal_left__F3,2,118,"[1, 2, 4, 14, 18, 28, 29, 30, 41, 48, 56, 61, 66, 69, 70, 74, 75, 81, 85, 87, 91, 92, 93, 100, 106, 108, 111, 114, 115]",29,False,4.1503875818275256e-05,-5.896678995858202e-07,1.4031181239287026e-05,30.0
FP1,655,655,446,209,173,0.6809160305343511,0.7205169628432956,0.7001569858712716,cao2018,S01/060227n,frontal_left,mean,mean__frontal_left__FP1,2,118,"[1, 2, 4, 14, 18, 28, 29, 30, 41, 48, 56, 61, 66, 69, 70, 74, 75, 81, 85, 87, 91, 92, 93, 100, 106, 108, 111, 114, 115]",29,False,5.498213068434137e-05,6.754411432939639e-08,1.8304862190003992e-05,30.0
F3,165,165,55,110,564,0.3333333333333333,0.0888529886914378,0.14030612244897958,cao2018,S01/060227n,frontal_left,mean,mean__frontal_left__F3,2,118,"[1, 2, 4, 14, 18, 28, 29, 30, 41, 48, 56, 61, 66, 69, 70, 74, 75, 81, 85, 87, 91, 92, 93, 100, 106, 108, 111, 114, 115]",29,False,4.2126411472106844e-05,3.2867754245766836e-08,1.4031181239287026e-05,30.0
FP2,455,455,280,175,339,0.6153846153846154,0.45234248788368336,0.521415270018622,cao2018,S01/060227n,frontal_right,median,median__frontal_right__FP2,2,118,"[3, 4, 28, 29, 61, 66, 70, 74, 75, 85, 86, 87, 91, 92, 93, 114]",16,False,5.1758779837866376e-05,-1.2347437070172541e-06,1.7664507848294544e-05,30.0
F4,150,150,51,99,568,0.34,0.08239095315024232,0.13263979193758127,cao2018,S01/060227n,frontal_right,median,median__frontal_right__F4,2,118,"[3, 4, 28, 29, 61, 66, 70, 74, 75, 85, 86, 87, 91, 92, 93, 114]",16,False,5.051162027796967e-05,-3.0261105924997103e-07,1.6938077112406548e-05,30.0
FP2,433,433,263,170,356,0.6073903002309469,0.42487883683360256,0.5,cao2018,S01/060227n,frontal_right,mean,mean__frontal_right__FP2,2,118,"[3, 4, 28, 29, 61, 66, 70, 74, 75, 85, 86, 87, 91, 92, 93, 114]",16,False,5.3067427956918986e-05,7.390441203535366e-08,1.7664507848294544e-05,30.0
F4,148,148,51,97,568,0.34459459459459457,0.08239095315024232,0.13298565840938723,cao2018,S01/060227n,frontal_right,mean,mean__frontal_right__F4,2,118,"[3, 4, 28, 29, 61, 66, 70, 74, 75, 85, 86, 87, 91, 92, 93, 114]",16,False,5.084977243236697e-05,3.554109514732978e-08,1.6938077112406548e-05,30.0
FP1,769,769,496,273,109,0.6449934980494149,0.8198347107438017,0.7219796215429404,cao2018,S01/060227n,all_channel,median,median__all_channel__FP1,32,88,"[0, 1, 2, 3, 4, 20, 21, 23, 29, 33, 34, 36, 37, 38, 46, 49, 53, 54, 56, 59, 60, 62, 64, 65, 67, 68, 69, 70, 75, 79, 85, 86]",32,False,4.8757407804492724e-05,-1.5878305054138701e-06,1.67817461033022e-05,40.0
FP2,532,532,313,219,292,0.5883458646616542,0.5173553719008265,0.5505716798592788,cao2018,S01/060227n,all_channel,median,median__all_channel__FP2,32,88,"[0, 1, 2, 3, 4, 20, 21, 23, 29, 33, 34, 36, 37, 38, 46, 49, 53, 54, 56, 59, 60, 62, 64, 65, 67, 68, 69, 70, 75, 79, 85, 86]",32,False,4.580842392876242e-05,-7.709160364888192e-07,1.5526446655083745e-05,40.0
F7,283,283,146,137,459,0.5159010600706714,0.2413223140495868,0.3288288288288288,cao2018,S01/060227n,all_channel,median,median__all_channel__F7,32,88,"[0, 1, 2, 3, 4, 20, 21, 23, 29, 33, 34, 36, 37, 38, 46, 49, 53, 54, 56, 59, 60, 62, 64, 65, 67, 68, 69, 70, 75, 79, 85, 86]",32,False,3.3419960659840115e-05,-3.862917311796794e-07,1.1268750797006598e-05,40.0
F4,218,218,76,142,529,0.3486238532110092,0.1256198347107438,0.18469015795868773,cao2018,S01/060227n,all_channel,median,median__all_channel__F4,32,88,"[0, 1, 2, 3, 4, 20, 21, 23, 29, 33, 34, 36, 37, 38, 46, 49, 53, 54, 56, 59, 60, 62, 64, 65, 67, 68, 69, 70, 75, 79, 85, 86]",32,False,4.191968243899476e-05,-8.317159239643699e-08,1.4000951343797066e-05,40.0
F8,198,198,60,138,545,0.30303030303030304,0.09917355371900827,0.14943960149439603,cao2018,S01/060227n,all_channel,median,median__all_channel__F8,32,88,"[0, 1, 2, 3, 4, 20, 21, 23, 29, 33, 34, 36, 37, 38, 46, 49, 53, 54, 56, 59, 60, 62, 64, 65, 67, 68, 69, 70, 75, 79, 85, 86]",32,False,2.6409761633631147e-05,-2.7216245250034143e-08,8.81232595962706e-06,40.0
T4,193,193,59,134,546,0.30569948186528495,0.09752066115702479,0.14786967418546365,cao2018,S01/060227n,all_channel,median,median__all_channel__T4,32,88,"[0, 1, 2, 3, 4, 20, 21, 23, 29, 33, 34, 36, 37, 38, 46, 49, 53, 54, 56, 59, 60, 62, 64, 65, 67, 68, 69, 70, 75, 79, 85, 86]",32,False,2.6215029958916684e-05,-2.5457511687792032e-08,8.746829156868159e-06,40.0
FT8,194,194,59,135,546,0.30412371134020616,0.09752066115702479,0.1476846057571965,cao2018,S01/060227n,all_channel,median,median__all_channel__FT8,32,88,"[0, 1, 2, 3, 4, 20, 21, 23, 29, 33, 34, 36, 37, 38, 46, 49, 53, 54, 56, 59, 60, 62, 64, 65, 67, 68, 69, 70, 75, 79, 85, 86]",32,False,2.6282839853735534e-05,-1.1790877427761654e-08,8.764876910387765e-06,40.0
F3,178,178,57,121,548,0.3202247191011236,0.09421487603305785,0.14559386973180077,cao2018,S01/060227n,all_channel,median,median__all_channel__F3,32,88,"[0, 1, 2, 3, 4, 20, 21, 23, 29, 33, 34, 36, 37, 38, 46, 49, 53, 54, 56, 59, 60, 62, 64, 65, 67, 68, 69, 70, 75, 79, 85, 86]",32,False,4.121588558341078e-05,-2.7475134596106307e-07,1.3830212309790616e-05,40.0
C4,154,154,41,113,564,0.2662337662337662,0.06776859504132231,0.10803689064558629,cao2018,S01/060227n,all_channel,median,median__all_channel__C4,32,88,"[0, 1, 2, 3, 4, 20, 21, 23, 29, 33, 34, 36, 37, 38, 46, 49, 53, 54, 56, 59, 60, 62, 64, 65, 67, 68, 69, 70, 75, 79, 85, 86]",32,False,3.514329817069403e-05,4.481597793382397e-08,1.1699494064253403e-05,40.0
FC4,151,151,40,111,565,0.26490066225165565,0.06611570247933884,0.10582010582010583,cao2018,S01/060227n,all_channel,median,median__all_channel__FC4,32,88,"[0, 1, 2, 3, 4, 20, 21, 23, 29, 33, 34, 36, 37, 38, 46, 49, 53, 54, 56, 59, 60, 62, 64, 65, 67, 68, 69, 70, 75, 79, 85, 86]",32,False,3.523394477757349e-05,6.276074459092935e-08,1.1723728010994185e-05,40.0
FZ,125,125,31,94,574,0.248,0.0512396694214876,0.08493150684931507,cao2018,S01/060227n,all_channel,median,median__all_channel__FZ,32,88,"[0, 1, 2, 3, 4, 20, 21, 23, 29, 33, 34, 36, 37, 38, 46, 49, 53, 54, 56, 59, 60, 62, 64, 65, 67, 68, 69, 70, 75, 79, 85, 86]",32,False,3.900489619045856e-05,2.5613208837944812e-08,1.2993094327206874e-05,40.0
FT7,121,121,30,91,575,0.24793388429752067,0.049586776859504134,0.08264462809917356,cao2018,S01/060227n,all_channel,median,median__all_channel__FT7,32,88,"[0, 1, 2, 3, 4, 20, 21, 23, 29, 33, 34, 36, 37, 38, 46, 49, 53, 54, 56, 59, 60, 62, 64, 65, 67, 68, 69, 70, 75, 79, 85, 86]",32,False,2.7122308163613658e-05,-7.397617245131023e-08,9.065428112021657e-06,40.0
FCZ,124,124,27,97,578,0.21774193548387097,0.04462809917355372,0.07407407407407407,cao2018,S01/060227n,all_channel,median,median__all_channel__FCZ,32,88,"[0, 1, 2, 3, 4, 20, 21, 23, 29, 33, 34, 36, 37, 38, 46, 49, 53, 54, 56, 59, 60, 62, 64, 65, 67, 68, 69, 70, 75, 79, 85, 86]",32,False,3.881500802330438e-05,3.867780570500697e-08,1.2925443405866458e-05,40.0
CZ,120,120,26,94,579,0.21666666666666667,0.04297520661157025,0.07172413793103449,cao2018,S01/060227n,all_channel,median,median__all_channel__CZ,32,88,"[0, 1, 2, 3, 4, 20, 21, 23, 29, 33, 34, 36, 37, 38, 46, 49, 53, 54, 56, 59, 60, 62, 64, 65, 67, 68, 69, 70, 75, 79, 85, 86]",32,False,3.8752878351539415e-05,4.523766745430588e-08,1.2902546894695037e-05,40.0
TP8,131,131,25,106,580,0.19083969465648856,0.04132231404958678,0.06793478260869565,cao2018,S01/060227n,all_channel,median,median__all_channel__TP8,32,88,"[0, 1, 2, 3, 4, 20, 21, 23, 29, 33, 34, 36, 37, 38, 46, 49, 53, 54, 56, 59, 60, 62, 64, 65, 67, 68, 69, 70, 75, 79, 85, 86]",32,False,2.0973332967937938e-05,1.1633264390687e-07,6.9523334413436895e-06,40.0
FC3,116,116,23,93,582,0.19827586206896552,0.03801652892561983,0.0638002773925104,cao2018,S01/060227n,all_channel,median,median__all_channel__FC3,32,88,"[0, 1, 2, 3, 4, 20, 21, 23, 29, 33, 34, 36, 37, 38, 46, 49, 53, 54, 56, 59, 60, 62, 64, 65, 67, 68, 69, 70, 75, 79, 85, 86]",32,False,3.477364816383193e-05,-2.5164003036297265e-08,1.1599604055622742e-05,40.0
T3,87,87,15,72,590,0.1724137931034483,0.024793388429752067,0.04335260115606936,cao2018,S01/060227n,all_channel,median,median__all_channel__T3,32,88,"[0, 1, 2, 3, 4, 20, 21, 23, 29, 33, 34, 36, 37, 38, 46, 49, 53, 54, 56, 59, 60, 62, 64, 65, 67, 68, 69, 70, 75, 79, 85, 86]",32,False,2.2773966322143197e-05,3.15586208733316e-08,7.580802567089955e-06,40.0
C3,83,83,13,70,592,0.1566265060240964,0.021487603305785124,0.0377906976744186,cao2018,S01/060227n,all_channel,median,median__all_channel__C3,32,88,"[0, 1, 2, 3, 4, 20, 21, 23, 29, 33, 34, 36, 37, 38, 46, 49, 53, 54, 56, 59, 60, 62, 64, 65, 67, 68, 69, 70, 75, 79, 85, 86]",32,False,3.089527291891683e-05,1.9068262863853784e-08,1.0292068218684325e-05,40.0
CP4,105,105,13,92,592,0.12380952380952381,0.021487603305785124,0.036619718309859155,cao2018,S01/060227n,all_channel,median,median__all_channel__CP4,32,88,"[0, 1, 2, 3, 4, 20, 21, 23, 29, 33, 34, 36, 37, 38, 46, 49, 53, 54, 56, 59, 60, 62, 64, 65, 67, 68, 69, 70, 75, 79, 85, 86]",32,False,2.8404091911374752e-05,1.771849437843004e-08,9.462124472332107e-06,40.0
CP3,70,70,8,62,597,0.11428571428571428,0.013223140495867768,0.023703703703703703,cao2018,S01/060227n,all_channel,median,median__all_channel__CP3,32,88,"[0, 1, 2, 3, 4, 20, 21, 23, 29, 33, 34, 36, 37, 38, 46, 49, 53, 54, 56, 59, 60, 62, 64, 65, 67, 68, 69, 70, 75, 79, 85, 86]",32,False,2.7257725598189633e-05,3.521121068695576e-08,9.074171462500892e-06,40.0
PZ,72,72,8,64,597,0.1111111111111111,0.013223140495867768,0.02363367799113737,cao2018,S01/060227n,all_channel,median,median__all_channel__PZ,32,88,"[0, 1, 2, 3, 4, 20, 21, 23, 29, 33, 34, 36, 37, 38, 46, 49, 53, 54, 56, 59, 60, 62, 64, 65, 67, 68, 69, 70, 75, 79, 85, 86]",32,False,2.7042139254013624e-05,-2.8876387789154452e-08,9.023671880600926e-06,40.0
P4,91,91,8,83,597,0.08791208791208792,0.013223140495867768,0.022988505747126436,cao2018,S01/060227n,all_channel,median,median__all_channel__P4,32,88,"[0, 1, 2, 3, 4, 20, 21, 23, 29, 33, 34, 36, 37, 38, 46, 49, 53, 54, 56, 59, 60, 62, 64, 65, 67, 68, 69, 70, 75, 79, 85, 86]",32,False,2.6867370510189036e-05,5.642705230688339e-08,8.936981152627384e-06,40.0
P3,63,63,7,56,598,0.1111111111111111,0.011570247933884297,0.020958083832335328,cao2018,S01/060227n,all_channel,median,median__all_channel__P3,32,88,"[0, 1, 2, 3, 4, 20, 21, 23, 29, 33, 34, 36, 37, 38, 46, 49, 53, 54, 56, 59, 60, 62, 64, 65, 67, 68, 69, 70, 75, 79, 85, 86]",32,False,2.5424424005565192e-05,5.7580580018252206e-08,8.455614475182313e-06,40.0
CPZ,82,82,7,75,598,0.08536585365853659,0.011570247933884297,0.020378457059679764,cao2018,S01/060227n,all_channel,median,median__all_channel__CPZ,32,88,"[0, 1, 2, 3, 4, 20, 21, 23, 29, 33, 34, 36, 37, 38, 46, 49, 53, 54, 56, 59, 60, 62, 64, 65, 67, 68, 69, 70, 75, 79, 85, 86]",32,False,3.0247797732856464e-05,1.734930567105036e-08,1.0076816142395138e-05,40.0
A2,56,56,6,50,599,0.10714285714285714,0.009917355371900827,0.018154311649016642,cao2018,S01/060227n,all_channel,median,median__all_channel__A2,32,88,"[0, 1, 2, 3, 4, 20, 21, 23, 29, 33, 34, 36, 37, 38, 46, 49, 53, 54, 56, 59, 60, 62, 64, 65, 67, 68, 69, 70, 75, 79, 85, 86]",32,False,9.973827794921903e-06,5.692008643912961e-08,3.3056359028275907e-06,40.0
O1,57,57,6,51,599,0.10526315789473684,0.009917355371900827,0.018126888217522657,cao2018,S01/060227n,all_channel,median,median__all_channel__O1,32,88,"[0, 1, 2, 3, 4, 20, 21, 23, 29, 33, 34, 36, 37, 38, 46, 49, 53, 54, 56, 59, 60, 62, 64, 65, 67, 68, 69, 70, 75, 79, 85, 86]",32,False,2.1045845014307614e-05,-2.827070800215365e-08,7.024705240769923e-06,40.0
OZ,70,70,6,64,599,0.08571428571428572,0.009917355371900827,0.017777777777777778,cao2018,S01/060227n,all_channel,median,median__all_channel__OZ,32,88,"[0, 1, 2, 3, 4, 20, 21, 23, 29, 33, 34, 36, 37, 38, 46, 49, 53, 54, 56, 59, 60, 62, 64, 65, 67, 68, 69, 70, 75, 79, 85, 86]",32,False,2.0893952788219356e-05,-3.9492158278290476e-08,6.977814982165883e-06,40.0
T6,85,85,5,80,600,0.058823529411764705,0.008264462809917356,0.014492753623188406,cao2018,S01/060227n,all_channel,median,median__all_channel__T6,32,88,"[0, 1, 2, 3, 4, 20, 21, 23, 29, 33, 34, 36, 37, 38, 46, 49, 53, 54, 56, 59, 60, 62, 64, 65, 67, 68, 69, 70, 75, 79, 85, 86]",32,False,1.9676757663964702e-05,4.2243483640140354e-08,6.5448380601081864e-06,40.0
TP7,40,40,4,36,601,0.1,0.006611570247933884,0.0124031007751938,cao2018,S01/060227n,all_channel,median,median__all_channel__TP7,32,88,"[0, 1, 2, 3, 4, 20, 21, 23, 29, 33, 34, 36, 37, 38, 46, 49, 53, 54, 56, 59, 60, 62, 64, 65, 67, 68, 69, 70, 75, 79, 85, 86]",32,False,2.100287029498328e-05,7.735530376231579e-08,6.975171663740321e-06,40.0
T5,38,38,2,36,603,0.05263157894736842,0.003305785123966942,0.006220839813374806,cao2018,S01/060227n,all_channel,median,median__all_channel__T5,32,88,"[0, 1, 2, 3, 4, 20, 21, 23, 29, 33, 34, 36, 37, 38, 46, 49, 53, 54, 56, 59, 60, 62, 64, 65, 67, 68, 69, 70, 75, 79, 85, 86]",32,False,1.944819958087156e-05,3.51762148184912e-08,6.471007788684356e-06,40.0
O2,42,42,2,40,603,0.047619047619047616,0.003305785123966942,0.006182380216383308,cao2018,S01/060227n,all_channel,median,median__all_channel__O2,32,88,"[0, 1, 2, 3, 4, 20, 21, 23, 29, 33, 34, 36, 37, 38, 46, 49, 53, 54, 56, 59, 60, 62, 64, 65, 67, 68, 69, 70, 75, 79, 85, 86]",32,False,2.2227045643568866e-05,-3.150460202297334e-09,7.4100653679237215e-06,40.0
A1,58,58,1,57,604,0.017241379310344827,0.001652892561983471,0.0030165912518853697,cao2018,S01/060227n,all_channel,median,median__all_channel__A1,32,88,"[0, 1, 2, 3, 4, 20, 21, 23, 29, 33, 34, 36, 37, 38, 46, 49, 53, 54, 56, 59, 60, 62, 64, 65, 67, 68, 69, 70, 75, 79, 85, 86]",32,False,9.856896293424234e-06,-5.191957649661517e-08,3.3029386233069497e-06,40.0
FP1,735,735,483,252,122,0.6571428571428571,0.7983471074380165,0.7208955223880597,cao2018,S01/060227n,all_channel,mean,mean__all_channel__FP1,32,88,"[0, 1, 2, 3, 4, 20, 21, 23, 29, 33, 34, 36, 37, 38, 46, 49, 53, 54, 56, 59, 60, 62, 64, 65, 67, 68, 69, 70, 75, 79, 85, 86]",32,False,5.0313702279563303e-05,-3.153603034328936e-08,1.67817461033022e-05,40.0
FP2,519,519,310,209,295,0.5973025048169557,0.512396694214876,0.5516014234875445,cao2018,S01/060227n,all_channel,mean,mean__all_channel__FP2,32,88,"[0, 1, 2, 3, 4, 20, 21, 23, 29, 33, 34, 36, 37, 38, 46, 49, 53, 54, 56, 59, 60, 62, 64, 65, 67, 68, 69, 70, 75, 79, 85, 86]",32,False,4.654050810871137e-05,-3.883185653986828e-08,1.5526446655083745e-05,40.0
F7,270,270,140,130,465,0.5185185185185185,0.23140495867768596,0.32,cao2018,S01/060227n,all_channel,mean,mean__all_channel__F7,32,88,"[0, 1, 2, 3, 4, 20, 21, 23, 29, 33, 34, 36, 37, 38, 46, 49, 53, 54, 56, 59, 60, 62, 64, 65, 67, 68, 69, 70, 75, 79, 85, 86]",32,False,3.380338139584937e-05,-2.8709951704240044e-09,1.1268750797006598e-05,40.0
F4,217,217,76,141,529,0.35023041474654376,0.1256198347107438,0.18491484184914841,cao2018,S01/060227n,all_channel,mean,mean__all_channel__F4,32,88,"[0, 1, 2, 3, 4, 20, 21, 23, 29, 33, 34, 36, 37, 38, 46, 49, 53, 54, 56, 59, 60, 62, 64, 65, 67, 68, 69, 70, 75, 79, 85, 86]",32,False,4.199613843648338e-05,-6.7155949078189275e-09,1.4000951343797066e-05,40.0
F8,197,197,60,137,545,0.30456852791878175,0.09917355371900827,0.14962593516209477,cao2018,S01/060227n,all_channel,mean,mean__all_channel__F8,32,88,"[0, 1, 2, 3, 4, 20, 21, 23, 29, 33, 34, 36, 37, 38, 46, 49, 53, 54, 56, 59, 60, 62, 64, 65, 67, 68, 69, 70, 75, 79, 85, 86]",32,False,2.64246655017278e-05,-1.231237715338346e-08,8.81232595962706e-06,40.0
T4,192,192,59,133,546,0.3072916666666667,0.09752066115702479,0.1480552070263488,cao2018,S01/060227n,all_channel,mean,mean__all_channel__T4,32,88,"[0, 1, 2, 3, 4, 20, 21, 23, 29, 33, 34, 36, 37, 38, 46, 49, 53, 54, 56, 59, 60, 62, 64, 65, 67, 68, 69, 70, 75, 79, 85, 86]",32,False,2.6228142863521147e-05,-1.2344607083331026e-08,8.746829156868159e-06,40.0
FT8,194,194,59,135,546,0.30412371134020616,0.09752066115702479,0.1476846057571965,cao2018,S01/060227n,all_channel,mean,mean__all_channel__FT8,32,88,"[0, 1, 2, 3, 4, 20, 21, 23, 29, 33, 34, 36, 37, 38, 46, 49, 53, 54, 56, 59, 60, 62, 64, 65, 67, 68, 69, 70, 75, 79, 85, 86]",32,False,2.6282441877359413e-05,-1.218885380388295e-08,8.764876910387765e-06,40.0
F3,173,173,57,116,548,0.32947976878612717,0.09421487603305785,0.14652956298200515,cao2018,S01/060227n,all_channel,mean,mean__all_channel__F3,32,88,"[0, 1, 2, 3, 4, 20, 21, 23, 29, 33, 34, 36, 37, 38, 46, 49, 53, 54, 56, 59, 60, 62, 64, 65, 67, 68, 69, 70, 75, 79, 85, 86]",32,False,4.149053090619993e-05,-1.0602317191501307e-10,1.3830212309790616e-05,40.0
FC4,154,154,42,112,563,0.2727272727272727,0.06942148760330578,0.11067193675889328,cao2018,S01/060227n,all_channel,mean,mean__all_channel__FC4,32,88,"[0, 1, 2, 3, 4, 20, 21, 23, 29, 33, 34, 36, 37, 38, 46, 49, 53, 54, 56, 59, 60, 62, 64, 65, 67, 68, 69, 70, 75, 79, 85, 86]",32,False,3.516338451152415e-05,-7.799521458403109e-09,1.1723728010994185e-05,40.0
C4,154,154,41,113,564,0.2662337662337662,0.06776859504132231,0.10803689064558629,cao2018,S01/060227n,all_channel,mean,mean__all_channel__C4,32,88,"[0, 1, 2, 3, 4, 20, 21, 23, 29, 33, 34, 36, 37, 38, 46, 49, 53, 54, 56, 59, 60, 62, 64, 65, 67, 68, 69, 70, 75, 79, 85, 86]",32,False,3.509094580010775e-05,-7.536392652456196e-09,1.1699494064253403e-05,40.0
FZ,125,125,31,94,574,0.248,0.0512396694214876,0.08493150684931507,cao2018,S01/060227n,all_channel,mean,mean__all_channel__FZ,32,88,"[0, 1, 2, 3, 4, 20, 21, 23, 29, 33, 34, 36, 37, 38, 46, 49, 53, 54, 56, 59, 60, 62, 64, 65, 67, 68, 69, 70, 75, 79, 85, 86]",32,False,3.8978594075307846e-05,-6.889063127714919e-10,1.2993094327206874e-05,40.0
FT7,119,119,30,89,575,0.25210084033613445,0.049586776859504134,0.08287292817679559,cao2018,S01/060227n,all_channel,mean,mean__all_channel__FT7,32,88,"[0, 1, 2, 3, 4, 20, 21, 23, 29, 33, 34, 36, 37, 38, 46, 49, 53, 54, 56, 59, 60, 62, 64, 65, 67, 68, 69, 70, 75, 79, 85, 86]",32,False,2.7199002252233656e-05,2.717916168686434e-09,9.065428112021657e-06,40.0
FCZ,125,125,28,97,577,0.224,0.04628099173553719,0.07671232876712328,cao2018,S01/060227n,all_channel,mean,mean__all_channel__FCZ,32,88,"[0, 1, 2, 3, 4, 20, 21, 23, 29, 33, 34, 36, 37, 38, 46, 49, 53, 54, 56, 59, 60, 62, 64, 65, 67, 68, 69, 70, 75, 79, 85, 86]",32,False,3.8775988175377355e-05,-3.420422220165577e-10,1.2925443405866458e-05,40.0
CZ,122,122,26,96,579,0.21311475409836064,0.04297520661157025,0.07152682255845942,cao2018,S01/060227n,all_channel,mean,mean__all_channel__CZ,32,88,"[0, 1, 2, 3, 4, 20, 21, 23, 29, 33, 34, 36, 37, 38, 46, 49, 53, 54, 56, 59, 60, 62, 64, 65, 67, 68, 69, 70, 75, 79, 85, 86]",32,False,3.870726583387587e-05,-3.7485020924099753e-10,1.2902546894695037e-05,40.0
TP8,132,132,25,107,580,0.1893939393939394,0.04132231404958678,0.06784260515603799,cao2018,S01/060227n,all_channel,mean,mean__all_channel__TP8,32,88,"[0, 1, 2, 3, 4, 20, 21, 23, 29, 33, 34, 36, 37, 38, 46, 49, 53, 54, 56, 59, 60, 62, 64, 65, 67, 68, 69, 70, 75, 79, 85, 86]",32,False,2.084382700374495e-05,-1.3173320286120782e-08,6.9523334413436895e-06,40.0
FC3,115,115,23,92,582,0.2,0.03801652892561983,0.06388888888888888,cao2018,S01/060227n,all_channel,mean,mean__all_channel__FC3,32,88,"[0, 1, 2, 3, 4, 20, 21, 23, 29, 33, 34, 36, 37, 38, 46, 49, 53, 54, 56, 59, 60, 62, 64, 65, 67, 68, 69, 70, 75, 79, 85, 86]",32,False,3.478440624333603e-05,-1.4405923532191225e-08,1.1599604055622742e-05,40.0
T3,87,87,15,72,590,0.1724137931034483,0.024793388429752067,0.04335260115606936,cao2018,S01/060227n,all_channel,mean,mean__all_channel__T3,32,88,"[0, 1, 2, 3, 4, 20, 21, 23, 29, 33, 34, 36, 37, 38, 46, 49, 53, 54, 56, 59, 60, 62, 64, 65, 67, 68, 69, 70, 75, 79, 85, 86]",32,False,2.2742725154590452e-05,3.1745332058464627e-10,7.580802567089955e-06,40.0
C3,83,83,13,70,592,0.1566265060240964,0.021487603305785124,0.0377906976744186,cao2018,S01/060227n,all_channel,mean,mean__all_channel__C3,32,88,"[0, 1, 2, 3, 4, 20, 21, 23, 29, 33, 34, 36, 37, 38, 46, 49, 53, 54, 56, 59, 60, 62, 64, 65, 67, 68, 69, 70, 75, 79, 85, 86]",32,False,3.086698019504315e-05,-9.224461009824848e-09,1.0292068218684325e-05,40.0
CP4,105,105,13,92,592,0.12380952380952381,0.021487603305785124,0.036619718309859155,cao2018,S01/060227n,all_channel,mean,mean__all_channel__CP4,32,88,"[0, 1, 2, 3, 4, 20, 21, 23, 29, 33, 34, 36, 37, 38, 46, 49, 53, 54, 56, 59, 60, 62, 64, 65, 67, 68, 69, 70, 75, 79, 85, 86]",32,False,2.8380473488753274e-05,-5.899928243049231e-09,9.462124472332107e-06,40.0
CP3,70,70,8,62,597,0.11428571428571428,0.013223140495867768,0.023703703703703703,cao2018,S01/060227n,all_channel,mean,mean__all_channel__CP3,32,88,"[0, 1, 2, 3, 4, 20, 21, 23, 29, 33, 34, 36, 37, 38, 46, 49, 53, 54, 56, 59, 60, 62, 64, 65, 67, 68, 69, 70, 75, 79, 85, 86]",32,False,2.7219334528185018e-05,-3.1798593176580264e-09,9.074171462500892e-06,40.0
PZ,72,72,8,64,597,0.1111111111111111,0.013223140495867768,0.02363367799113737,cao2018,S01/060227n,all_channel,mean,mean__all_channel__PZ,32,88,"[0, 1, 2, 3, 4, 20, 21, 23, 29, 33, 34, 36, 37, 38, 46, 49, 53, 54, 56, 59, 60, 62, 64, 65, 67, 68, 69, 70, 75, 79, 85, 86]",32,False,2.7067020314592016e-05,-3.995327210765315e-09,9.023671880600926e-06,40.0
P4,91,91,8,83,597,0.08791208791208792,0.013223140495867768,0.022988505747126436,cao2018,S01/060227n,all_channel,mean,mean__all_channel__P4,32,88,"[0, 1, 2, 3, 4, 20, 21, 23, 29, 33, 34, 36, 37, 38, 46, 49, 53, 54, 56, 59, 60, 62, 64, 65, 67, 68, 69, 70, 75, 79, 85, 86]",32,False,2.6807026905632567e-05,-3.916552249587576e-09,8.936981152627384e-06,40.0
P3,64,64,7,57,598,0.109375,0.011570247933884297,0.02092675635276532,cao2018,S01/060227n,all_channel,mean,mean__all_channel__P3,32,88,"[0, 1, 2, 3, 4, 20, 21, 23, 29, 33, 34, 36, 37, 38, 46, 49, 53, 54, 56, 59, 60, 62, 64, 65, 67, 68, 69, 70, 75, 79, 85, 86]",32,False,2.536829574026585e-05,1.452314718907909e-09,8.455614475182313e-06,40.0
CPZ,82,82,7,75,598,0.08536585365853659,0.011570247933884297,0.020378457059679764,cao2018,S01/060227n,all_channel,mean,mean__all_channel__CPZ,32,88,"[0, 1, 2, 3, 4, 20, 21, 23, 29, 33, 34, 36, 37, 38, 46, 49, 53, 54, 56, 59, 60, 62, 64, 65, 67, 68, 69, 70, 75, 79, 85, 86]",32,False,3.0230662382012216e-05,2.1395482680307768e-10,1.0076816142395138e-05,40.0
O1,56,56,6,50,599,0.10714285714285714,0.009917355371900827,0.018154311649016642,cao2018,S01/060227n,all_channel,mean,mean__all_channel__O1,32,88,"[0, 1, 2, 3, 4, 20, 21, 23, 29, 33, 34, 36, 37, 38, 46, 49, 53, 54, 56, 59, 60, 62, 64, 65, 67, 68, 69, 70, 75, 79, 85, 86]",32,False,2.1078248866192425e-05,4.133143882656262e-09,7.024705240769923e-06,40.0
A2,59,59,6,53,599,0.1016949152542373,0.009917355371900827,0.01807228915662651,cao2018,S01/060227n,all_channel,mean,mean__all_channel__A2,32,88,"[0, 1, 2, 3, 4, 20, 21, 23, 29, 33, 34, 36, 37, 38, 46, 49, 53, 54, 56, 59, 60, 62, 64, 65, 67, 68, 69, 70, 75, 79, 85, 86]",32,False,9.913856353906779e-06,-3.051354575993046e-09,3.3056359028275907e-06,40.0
OZ,70,70,6,64,599,0.08571428571428572,0.009917355371900827,0.017777777777777778,cao2018,S01/060227n,all_channel,mean,mean__all_channel__OZ,32,88,"[0, 1, 2, 3, 4, 20, 21, 23, 29, 33, 34, 36, 37, 38, 46, 49, 53, 54, 56, 59, 60, 62, 64, 65, 67, 68, 69, 70, 75, 79, 85, 86]",32,False,2.0934993876166953e-05,1.5489296693056252e-09,6.977814982165883e-06,40.0
T6,86,86,5,81,600,0.05813953488372093,0.008264462809917356,0.014471780028943561,cao2018,S01/060227n,all_channel,mean,mean__all_channel__T6,32,88,"[0, 1, 2, 3, 4, 20, 21, 23, 29, 33, 34, 36, 37, 38, 46, 49, 53, 54, 56, 59, 60, 62, 64, 65, 67, 68, 69, 70, 75, 79, 85, 86]",32,False,1.9632481468183262e-05,-2.032712141299845e-09,6.5448380601081864e-06,40.0
TP7,40,40,4,36,601,0.1,0.006611570247933884,0.0124031007751938,cao2018,S01/060227n,all_channel,mean,mean__all_channel__TP7,32,88,"[0, 1, 2, 3, 4, 20, 21, 23, 29, 33, 34, 36, 37, 38, 46, 49, 53, 54, 56, 59, 60, 62, 64, 65, 67, 68, 69, 70, 75, 79, 85, 86]",32,False,2.0933329376877712e-05,7.814385656747813e-09,6.975171663740321e-06,40.0
T5,38,38,2,36,603,0.05263157894736842,0.003305785123966942,0.006220839813374806,cao2018,S01/060227n,all_channel,mean,mean__all_channel__T5,32,88,"[0, 1, 2, 3, 4, 20, 21, 23, 29, 33, 34, 36, 37, 38, 46, 49, 53, 54, 56, 59, 60, 62, 64, 65, 67, 68, 69, 70, 75, 79, 85, 86]",32,False,1.941841911588383e-05,5.395749830762075e-09,6.471007788684356e-06,40.0
O2,42,42,2,40,603,0.047619047619047616,0.003305785123966942,0.006182380216383308,cao2018,S01/060227n,all_channel,mean,mean__all_channel__O2,32,88,"[0, 1, 2, 3, 4, 20, 21, 23, 29, 33, 34, 36, 37, 38, 46, 49, 53, 54, 56, 59, 60, 62, 64, 65, 67, 68, 69, 70, 75, 79, 85, 86]",32,False,2.2232699901767856e-05,2.503797996694011e-09,7.4100653679237215e-06,40.0
A1,55,55,1,54,604,0.01818181818181818,0.001652892561983471,0.0030303030303030303,cao2018,S01/060227n,all_channel,mean,mean__all_channel__A1,32,88,"[0, 1, 2, 3, 4, 20, 21, 23, 29, 33, 34, 36, 37, 38, 46, 49, 53, 54, 56, 59, 60, 62, 64, 65, 67, 68, 69, 70, 75, 79, 85, 86]",32,False,9.91187214802034e-06,3.0562780994910167e-09,3.3029386233069497e-06,40.0
FP1,690,690,459,231,146,0.6652173913043479,0.7586776859504132,0.7088803088803087,cao2018,S01/060227n,frontal,median,median__frontal__FP1,4,88,"[0, 2, 3, 21, 33, 34, 36, 46, 49, 53, 56, 64, 65, 68, 69, 75, 79, 85, 86]",19,False,5.236120853698298e-05,-1.99638227593443e-06,1.8119196937639137e-05,40.0
FP2,508,508,304,204,301,0.5984251968503937,0.5024793388429752,0.5462713387241689,cao2018,S01/060227n,frontal,median,median__frontal__FP2,4,88,"[0, 2, 3, 21, 33, 34, 36, 46, 49, 53, 56, 64, 65, 68, 69, 75, 79, 85, 86]",19,False,4.756835514282013e-05,-1.1603339293764982e-06,1.6242896357398876e-05,40.0
F4,193,193,65,128,540,0.33678756476683935,0.10743801652892562,0.16290726817042608,cao2018,S01/060227n,frontal,median,median__frontal__F4,4,88,"[0, 2, 3, 21, 33, 34, 36, 46, 49, 53, 56, 64, 65, 68, 69, 75, 79, 85, 86]",19,False,4.47524691526144e-05,-2.7687080475539025e-07,1.5009779985789933e-05,40.0
F3,144,144,43,101,562,0.2986111111111111,0.07107438016528926,0.11481975967957275,cao2018,S01/060227n,frontal,median,median__frontal__F3,4,88,"[0, 2, 3, 21, 33, 34, 36, 46, 49, 53, 56, 64, 65, 68, 69, 75, 79, 85, 86]",19,False,4.3667876868199396e-05,-4.3520113799932113e-07,1.470102600206624e-05,40.0
FP1,650,650,438,212,167,0.6738461538461539,0.7239669421487603,0.6980079681274901,cao2018,S01/060227n,frontal,mean,mean__frontal__FP1,4,88,"[0, 2, 3, 21, 33, 34, 36, 46, 49, 53, 56, 64, 65, 68, 69, 75, 79, 85, 86]",19,False,5.4318529122035965e-05,-3.906169088144271e-08,1.8119196937639137e-05,40.0
FP2,492,492,297,195,308,0.6036585365853658,0.4909090909090909,0.5414767547857794,cao2018,S01/060227n,frontal,mean,mean__frontal__FP2,4,88,"[0, 2, 3, 21, 33, 34, 36, 46, 49, 53, 56, 64, 65, 68, 69, 75, 79, 85, 86]",19,False,4.867123079314318e-05,-5.745827905344596e-08,1.6242896357398876e-05,40.0
F4,190,190,64,126,541,0.3368421052631579,0.10578512396694215,0.1610062893081761,cao2018,S01/060227n,frontal,mean,mean__frontal__F4,4,88,"[0, 2, 3, 21, 33, 34, 36, 46, 49, 53, 56, 64, 65, 68, 69, 75, 79, 85, 86]",19,False,4.502058933077263e-05,-8.75062659716345e-09,1.5009779985789933e-05,40.0
F3,141,141,41,100,564,0.2907801418439716,0.06776859504132231,0.1099195710455764,cao2018,S01/060227n,frontal,mean,mean__frontal__F3,4,88,"[0, 2, 3, 21, 33, 34, 36, 46, 49, 53, 56, 64, 65, 68, 69, 75, 79, 85, 86]",19,False,4.411307737253865e-05,9.999366339933802e-09,1.470102600206624e-05,40.0
FP1,657,657,441,216,164,0.6712328767123288,0.7289256198347107,0.6988906497622821,cao2018,S01/060227n,frontal_left,median,median__frontal_left__FP1,2,88,"[0, 3, 21, 33, 34, 36, 46, 49, 56, 64, 65, 68, 69, 75, 85, 86]",16,False,5.410113041053358e-05,-1.8478151531448195e-06,1.8649648521226132e-05,40.0
F3,114,114,33,81,572,0.2894736842105263,0.05454545454545454,0.09179415855354658,cao2018,S01/060227n,frontal_left,median,median__frontal_left__F3,2,88,"[0, 3, 21, 33, 34, 36, 46, 49, 56, 64, 65, 68, 69, 75, 85, 86]",16,False,4.615064854971426e-05,-3.7064102913456205e-07,1.550709652628294e-05,40.0
FP1,622,622,415,207,190,0.6672025723472669,0.6859504132231405,0.6764466177669112,cao2018,S01/060227n,frontal_left,mean,mean__frontal_left__FP1,2,88,"[0, 3, 21, 33, 34, 36, 46, 49, 56, 64, 65, 68, 69, 75, 85, 86]",16,False,5.5920250434463436e-05,-2.8695129214958147e-08,1.8649648521226132e-05,40.0
F3,114,114,31,83,574,0.2719298245614035,0.0512396694214876,0.08623087621696801,cao2018,S01/060227n,frontal_left,mean,mean__frontal_left__F3,2,88,"[0, 3, 21, 33, 34, 36, 46, 49, 56, 64, 65, 68, 69, 75, 85, 86]",16,False,4.6543835475105946e-05,2.2545896257119126e-08,1.550709652628294e-05,40.0
FP2,491,491,297,194,308,0.604887983706721,0.4909090909090909,0.5419708029197081,cao2018,S01/060227n,frontal_right,median,median__frontal_right__FP2,2,88,"[0, 2, 3, 21, 36, 46, 49, 53, 56, 64, 65, 68, 69, 79, 85, 86]",16,False,4.8732726304221234e-05,-1.3368683541479729e-06,1.668986488612307e-05,40.0
F4,185,185,61,124,544,0.32972972972972975,0.10082644628099173,0.15443037974683543,cao2018,S01/060227n,frontal_right,median,median__frontal_right__F4,2,88,"[0, 2, 3, 21, 36, 46, 49, 53, 56, 64, 65, 68, 69, 79, 85, 86]",16,False,4.5360904712793416e-05,-4.0712356946177815e-07,1.5256009427418398e-05,40.0
FP2,467,467,284,183,321,0.6081370449678801,0.46942148760330576,0.5298507462686568,cao2018,S01/060227n,frontal_right,mean,mean__frontal_right__FP2,2,88,"[0, 2, 3, 21, 36, 46, 49, 53, 56, 64, 65, 68, 69, 79, 85, 86]",16,False,4.999899878363744e-05,-7.059587473176784e-08,1.668986488612307e-05,40.0
F4,183,183,61,122,544,0.3333333333333333,0.10082644628099173,0.1548223350253807,cao2018,S01/060227n,frontal_right,mean,mean__frontal_right__F4,2,88,"[0, 2, 3, 21, 36, 46, 49, 53, 56, 64, 65, 68, 69, 79, 85, 86]",16,False,4.575886117875569e-05,-9.167103499500191e-09,1.5256009427418398e-05,40.0
FP1,802,802,523,279,103,0.6521197007481296,0.8354632587859425,0.7324929971988795,cao2018,S01/060227n,all_channel,median,median__all_channel__FP1,32,71,"[0, 1, 2, 16, 17, 23, 24, 26, 27, 28, 29, 30, 37, 39, 41, 42, 43, 44, 45, 48, 49, 51, 52, 54, 55, 56, 60, 63, 66, 68, 69]",31,False,4.864999613035389e-05,-1.5221021968742552e-06,1.6724032775742716e-05,50.0
FP2,558,558,334,224,292,0.5985663082437276,0.5335463258785943,0.5641891891891891,cao2018,S01/060227n,all_channel,median,median__all_channel__FP2,32,71,"[0, 1, 2, 16, 17, 23, 24, 26, 27, 28, 29, 30, 37, 39, 41, 42, 43, 44, 45, 48, 49, 51, 52, 54, 55, 56, 60, 63, 66, 68, 69]",31,False,4.5813151624100424e-05,-8.493950837644276e-07,1.555418223595495e-05,50.0
F7,295,295,157,138,469,0.5322033898305085,0.2507987220447284,0.34093376764386535,cao2018,S01/060227n,all_channel,median,median__all_channel__F7,32,71,"[0, 1, 2, 16, 17, 23, 24, 26, 27, 28, 29, 30, 37, 39, 41, 42, 43, 44, 45, 48, 49, 51, 52, 54, 55, 56, 60, 63, 66, 68, 69]",31,False,3.348322995737502e-05,-3.8984247990444806e-07,1.1291024145759823e-05,50.0
F4,225,225,80,145,546,0.35555555555555557,0.12779552715654952,0.18801410105757932,cao2018,S01/060227n,all_channel,median,median__all_channel__F4,32,71,"[0, 1, 2, 16, 17, 23, 24, 26, 27, 28, 29, 30, 37, 39, 41, 42, 43, 44, 45, 48, 49, 51, 52, 54, 55, 56, 60, 63, 66, 68, 69]",31,False,4.15757215673338e-05,-4.849850384459556e-08,1.3874740023726132e-05,50.0
F3,192,192,65,127,561,0.3385416666666667,0.10383386581469649,0.15892420537897312,cao2018,S01/060227n,all_channel,median,median__all_channel__F3,32,71,"[0, 1, 2, 16, 17, 23, 24, 26, 27, 28, 29, 30, 37, 39, 41, 42, 43, 44, 45, 48, 49, 51, 52, 54, 55, 56, 60, 63, 66, 68, 69]",31,False,4.0668151156463334e-05,-2.2431681360955696e-07,1.3630822656690963e-05,50.0
F8,204,204,61,143,565,0.29901960784313725,0.09744408945686901,0.14698795180722893,cao2018,S01/060227n,all_channel,median,median__all_channel__F8,32,71,"[0, 1, 2, 16, 17, 23, 24, 26, 27, 28, 29, 30, 37, 39, 41, 42, 43, 44, 45, 48, 49, 51, 52, 54, 55, 56, 60, 63, 66, 68, 69]",31,False,2.6308293233423782e-05,-1.5582592371060164e-08,8.774625275264948e-06,50.0
FT8,197,197,60,137,566,0.30456852791878175,0.09584664536741214,0.14580801944106925,cao2018,S01/060227n,all_channel,median,median__all_channel__FT8,32,71,"[0, 1, 2, 16, 17, 23, 24, 26, 27, 28, 29, 30, 37, 39, 41, 42, 43, 44, 45, 48, 49, 51, 52, 54, 55, 56, 60, 63, 66, 68, 69]",31,False,2.6194564220118784e-05,-7.857360373073833e-10,8.731783318718696e-06,50.0
T4,198,198,60,138,566,0.30303030303030304,0.09584664536741214,0.14563106796116507,cao2018,S01/060227n,all_channel,median,median__all_channel__T4,32,71,"[0, 1, 2, 16, 17, 23, 24, 26, 27, 28, 29, 30, 37, 39, 41, 42, 43, 44, 45, 48, 49, 51, 52, 54, 55, 56, 60, 63, 66, 68, 69]",31,False,2.6112317669182212e-05,-8.998608471928917e-09,8.707105425884714e-06,50.0
C4,156,156,45,111,581,0.28846153846153844,0.07188498402555911,0.11508951406649616,cao2018,S01/060227n,all_channel,median,median__all_channel__C4,32,71,"[0, 1, 2, 16, 17, 23, 24, 26, 27, 28, 29, 30, 37, 39, 41, 42, 43, 44, 45, 48, 49, 51, 52, 54, 55, 56, 60, 63, 66, 68, 69]",31,False,3.5172654148267815e-05,4.301156162983485e-08,1.170988086221266e-05,50.0
FC4,153,153,43,110,583,0.28104575163398693,0.06869009584664537,0.110397946084724,cao2018,S01/060227n,all_channel,median,median__all_channel__FC4,32,71,"[0, 1, 2, 16, 17, 23, 24, 26, 27, 28, 29, 30, 37, 39, 41, 42, 43, 44, 45, 48, 49, 51, 52, 54, 55, 56, 60, 63, 66, 68, 69]",31,False,3.52606320869293e-05,5.099822412528845e-08,1.1736544620934669e-05,50.0
FT7,123,123,33,90,593,0.2682926829268293,0.052715654952076675,0.08811748998664885,cao2018,S01/060227n,all_channel,median,median__all_channel__FT7,32,71,"[0, 1, 2, 16, 17, 23, 24, 26, 27, 28, 29, 30, 37, 39, 41, 42, 43, 44, 45, 48, 49, 51, 52, 54, 55, 56, 60, 63, 66, 68, 69]",31,False,2.701255693743407e-05,-5.415714730012478e-08,9.02223802824473e-06,50.0
FZ,126,126,33,93,593,0.2619047619047619,0.052715654952076675,0.0877659574468085,cao2018,S01/060227n,all_channel,median,median__all_channel__FZ,32,71,"[0, 1, 2, 16, 17, 23, 24, 26, 27, 28, 29, 30, 37, 39, 41, 42, 43, 44, 45, 48, 49, 51, 52, 54, 55, 56, 60, 63, 66, 68, 69]",31,False,3.90849520689125e-05,9.015785790806105e-09,1.3025312094373897e-05,50.0
FCZ,125,125,29,96,597,0.232,0.0463258785942492,0.07723035952063914,cao2018,S01/060227n,all_channel,median,median__all_channel__FCZ,32,71,"[0, 1, 2, 16, 17, 23, 24, 26, 27, 28, 29, 30, 37, 39, 41, 42, 43, 44, 45, 48, 49, 51, 52, 54, 55, 56, 60, 63, 66, 68, 69]",31,False,3.892377430027488e-05,2.4416567761796648e-08,1.296645257750436e-05,50.0
CZ,121,121,28,93,598,0.23140495867768596,0.04472843450479233,0.07496653279785809,cao2018,S01/060227n,all_channel,median,median__all_channel__CZ,32,71,"[0, 1, 2, 16, 17, 23, 24, 26, 27, 28, 29, 30, 37, 39, 41, 42, 43, 44, 45, 48, 49, 51, 52, 54, 55, 56, 60, 63, 66, 68, 69]",31,False,3.883837056051269e-05,2.5849868681157093e-08,1.2937506897277179e-05,50.0
TP8,133,133,26,107,600,0.19548872180451127,0.04153354632587859,0.06851119894598155,cao2018,S01/060227n,all_channel,median,median__all_channel__TP8,32,71,"[0, 1, 2, 16, 17, 23, 24, 26, 27, 28, 29, 30, 37, 39, 41, 42, 43, 44, 45, 48, 49, 51, 52, 54, 55, 56, 60, 63, 66, 68, 69]",31,False,2.0904391796359846e-05,1.1830064476054241e-07,6.928697050533102e-06,50.0
FC3,118,118,25,93,601,0.211864406779661,0.039936102236421724,0.0672043010752688,cao2018,S01/060227n,all_channel,median,median__all_channel__FC3,32,71,"[0, 1, 2, 16, 17, 23, 24, 26, 27, 28, 29, 30, 37, 39, 41, 42, 43, 44, 45, 48, 49, 51, 52, 54, 55, 56, 60, 63, 66, 68, 69]",31,False,3.470346825219963e-05,-3.8952870166490304e-08,1.1580807040788706e-05,50.0
T3,88,88,17,71,609,0.19318181818181818,0.027156549520766772,0.04761904761904762,cao2018,S01/060227n,all_channel,median,median__all_channel__T3,32,71,"[0, 1, 2, 16, 17, 23, 24, 26, 27, 28, 29, 30, 37, 39, 41, 42, 43, 44, 45, 48, 49, 51, 52, 54, 55, 56, 60, 63, 66, 68, 69]",31,False,2.2686968089265218e-05,4.077758979044158e-08,7.5487301664915914e-06,50.0
CP4,109,109,15,94,611,0.13761467889908258,0.023961661341853034,0.04081632653061224,cao2018,S01/060227n,all_channel,median,median__all_channel__CP4,32,71,"[0, 1, 2, 16, 17, 23, 24, 26, 27, 28, 29, 30, 37, 39, 41, 42, 43, 44, 45, 48, 49, 51, 52, 54, 55, 56, 60, 63, 66, 68, 69]",31,False,2.824175579181186e-05,1.998163300890395e-08,9.407258052934318e-06,50.0
C3,85,85,14,71,612,0.16470588235294117,0.022364217252396165,0.03938115330520394,cao2018,S01/060227n,all_channel,median,median__all_channel__C3,32,71,"[0, 1, 2, 16, 17, 23, 24, 26, 27, 28, 29, 30, 37, 39, 41, 42, 43, 44, 45, 48, 49, 51, 52, 54, 55, 56, 60, 63, 66, 68, 69]",31,False,3.0793206219738756e-05,3.686401209037191e-08,1.0252114069216129e-05,50.0
PZ,74,74,9,65,617,0.12162162162162163,0.01437699680511182,0.025714285714285714,cao2018,S01/060227n,all_channel,median,median__all_channel__PZ,32,71,"[0, 1, 2, 16, 17, 23, 24, 26, 27, 28, 29, 30, 37, 39, 41, 42, 43, 44, 45, 48, 49, 51, 52, 54, 55, 56, 60, 63, 66, 68, 69]",31,False,2.700108417651329e-05,-3.284143941924355e-08,9.011308538644177e-06,50.0
CP3,68,68,8,60,618,0.11764705882352941,0.012779552715654952,0.023054755043227664,cao2018,S01/060227n,all_channel,median,median__all_channel__CP3,32,71,"[0, 1, 2, 16, 17, 23, 24, 26, 27, 28, 29, 30, 37, 39, 41, 42, 43, 44, 45, 48, 49, 51, 52, 54, 55, 56, 60, 63, 66, 68, 69]",31,False,2.71667992043636e-05,4.975299469992389e-08,9.039015403221226e-06,50.0
CPZ,85,85,8,77,618,0.09411764705882353,0.012779552715654952,0.02250351617440225,cao2018,S01/060227n,all_channel,median,median__all_channel__CPZ,32,71,"[0, 1, 2, 16, 17, 23, 24, 26, 27, 28, 29, 30, 37, 39, 41, 42, 43, 44, 45, 48, 49, 51, 52, 54, 55, 56, 60, 63, 66, 68, 69]",31,False,3.014671204331498e-05,6.067288636242652e-09,1.0046881584892913e-05,50.0
P4,92,92,8,84,618,0.08695652173913043,0.012779552715654952,0.022284122562674095,cao2018,S01/060227n,all_channel,median,median__all_channel__P4,32,71,"[0, 1, 2, 16, 17, 23, 24, 26, 27, 28, 29, 30, 37, 39, 41, 42, 43, 44, 45, 48, 49, 51, 52, 54, 55, 56, 60, 63, 66, 68, 69]",31,False,2.6759529543722158e-05,4.456200202307665e-08,8.90498918056636e-06,50.0
A2,60,60,7,53,619,0.11666666666666667,0.011182108626198083,0.02040816326530612,cao2018,S01/060227n,all_channel,median,median__all_channel__A2,32,71,"[0, 1, 2, 16, 17, 23, 24, 26, 27, 28, 29, 30, 37, 39, 41, 42, 43, 44, 45, 48, 49, 51, 52, 54, 55, 56, 60, 63, 66, 68, 69]",31,False,9.88512911912746e-06,6.619171220133416e-08,3.2729791356420417e-06,50.0
O1,60,60,7,53,619,0.11666666666666667,0.011182108626198083,0.02040816326530612,cao2018,S01/060227n,all_channel,median,median__all_channel__O1,32,71,"[0, 1, 2, 16, 17, 23, 24, 26, 27, 28, 29, 30, 37, 39, 41, 42, 43, 44, 45, 48, 49, 51, 52, 54, 55, 56, 60, 63, 66, 68, 69]",31,False,2.0851764531555625e-05,-2.9439918223851698e-08,6.9604014832598255e-06,50.0
P3,62,62,7,55,619,0.11290322580645161,0.011182108626198083,0.020348837209302327,cao2018,S01/060227n,all_channel,median,median__all_channel__P3,32,71,"[0, 1, 2, 16, 17, 23, 24, 26, 27, 28, 29, 30, 37, 39, 41, 42, 43, 44, 45, 48, 49, 51, 52, 54, 55, 56, 60, 63, 66, 68, 69]",31,False,2.537990257520635e-05,4.84385929995499e-08,8.443821327402267e-06,50.0
OZ,74,74,6,68,620,0.08108108108108109,0.009584664536741214,0.017142857142857144,cao2018,S01/060227n,all_channel,median,median__all_channel__OZ,32,71,"[0, 1, 2, 16, 17, 23, 24, 26, 27, 28, 29, 30, 37, 39, 41, 42, 43, 44, 45, 48, 49, 51, 52, 54, 55, 56, 60, 63, 66, 68, 69]",31,False,2.0724531094637307e-05,-3.17583961211572e-08,6.918763163586155e-06,50.0
T6,84,84,6,78,620,0.07142857142857142,0.009584664536741214,0.016901408450704224,cao2018,S01/060227n,all_channel,median,median__all_channel__T6,32,71,"[0, 1, 2, 16, 17, 23, 24, 26, 27, 28, 29, 30, 37, 39, 41, 42, 43, 44, 45, 48, 49, 51, 52, 54, 55, 56, 60, 63, 66, 68, 69]",31,False,1.957756804844603e-05,2.862186562891136e-08,6.516315394272373e-06,50.0
TP7,41,41,4,37,622,0.0975609756097561,0.006389776357827476,0.01199400299850075,cao2018,S01/060227n,all_channel,median,median__all_channel__TP7,32,71,"[0, 1, 2, 16, 17, 23, 24, 26, 27, 28, 29, 30, 37, 39, 41, 42, 43, 44, 45, 48, 49, 51, 52, 54, 55, 56, 60, 63, 66, 68, 69]",31,False,2.085468966649684e-05,7.852629107266428e-08,6.925387791808059e-06,50.0
T5,41,41,2,39,624,0.04878048780487805,0.003194888178913738,0.005997001499250375,cao2018,S01/060227n,all_channel,median,median__all_channel__T5,32,71,"[0, 1, 2, 16, 17, 23, 24, 26, 27, 28, 29, 30, 37, 39, 41, 42, 43, 44, 45, 48, 49, 51, 52, 54, 55, 56, 60, 63, 66, 68, 69]",31,False,1.9190135523824335e-05,2.8094950917759783e-08,6.3873468576355244e-06,50.0
O2,46,46,2,44,624,0.043478260869565216,0.003194888178913738,0.005952380952380953,cao2018,S01/060227n,all_channel,median,median__all_channel__O2,32,71,"[0, 1, 2, 16, 17, 23, 24, 26, 27, 28, 29, 30, 37, 39, 41, 42, 43, 44, 45, 48, 49, 51, 52, 54, 55, 56, 60, 63, 66, 68, 69]",31,False,2.204666847036434e-05,-1.471443084519584e-08,7.353794300403178e-06,50.0
A1,66,66,2,64,624,0.030303030303030304,0.003194888178913738,0.005780346820809249,cao2018,S01/060227n,all_channel,median,median__all_channel__A1,32,71,"[0, 1, 2, 16, 17, 23, 24, 26, 27, 28, 29, 30, 37, 39, 41, 42, 43, 44, 45, 48, 49, 51, 52, 54, 55, 56, 60, 63, 66, 68, 69]",31,False,9.749692146980204e-06,-6.144249984106707e-08,3.27037821560709e-06,50.0
FP1,764,764,508,256,118,0.6649214659685864,0.8115015974440895,0.7309352517985611,cao2018,S01/060227n,all_channel,mean,mean__all_channel__FP1,32,71,"[0, 1, 2, 16, 17, 23, 24, 26, 27, 28, 29, 30, 37, 39, 41, 42, 43, 44, 45, 48, 49, 51, 52, 54, 55, 56, 60, 63, 66, 68, 69]",31,False,5.0221365615676005e-05,4.9267288447859055e-08,1.6724032775742716e-05,50.0
FP2,542,542,331,211,295,0.6107011070110702,0.5287539936102237,0.5667808219178082,cao2018,S01/060227n,all_channel,mean,mean__all_channel__FP2,32,71,"[0, 1, 2, 16, 17, 23, 24, 26, 27, 28, 29, 30, 37, 39, 41, 42, 43, 44, 45, 48, 49, 51, 52, 54, 55, 56, 60, 63, 66, 68, 69]",31,False,4.672046731734507e-05,5.792060948021773e-08,1.555418223595495e-05,50.0
F7,282,282,152,130,474,0.5390070921985816,0.24281150159744408,0.33480176211453744,cao2018,S01/060227n,all_channel,mean,mean__all_channel__F7,32,71,"[0, 1, 2, 16, 17, 23, 24, 26, 27, 28, 29, 30, 37, 39, 41, 42, 43, 44, 45, 48, 49, 51, 52, 54, 55, 56, 60, 63, 66, 68, 69]",31,False,3.387347405130254e-05,4.016140230736559e-10,1.1291024145759823e-05,50.0
F4,223,223,80,143,546,0.35874439461883406,0.12779552715654952,0.1884570082449941,cao2018,S01/060227n,all_channel,mean,mean__all_channel__F4,32,71,"[0, 1, 2, 16, 17, 23, 24, 26, 27, 28, 29, 30, 37, 39, 41, 42, 43, 44, 45, 48, 49, 51, 52, 54, 55, 56, 60, 63, 66, 68, 69]",31,False,4.167821404068534e-05,5.399396950694291e-08,1.3874740023726132e-05,50.0
F3,187,187,61,126,565,0.32620320855614976,0.09744408945686901,0.15006150061500617,cao2018,S01/060227n,all_channel,mean,mean__all_channel__F3,32,71,"[0, 1, 2, 16, 17, 23, 24, 26, 27, 28, 29, 30, 37, 39, 41, 42, 43, 44, 45, 48, 49, 51, 52, 54, 55, 56, 60, 63, 66, 68, 69]",31,False,4.0920606790390105e-05,2.813882031721196e-08,1.3630822656690963e-05,50.0
F8,204,204,61,143,565,0.29901960784313725,0.09744408945686901,0.14698795180722893,cao2018,S01/060227n,all_channel,mean,mean__all_channel__F8,32,71,"[0, 1, 2, 16, 17, 23, 24, 26, 27, 28, 29, 30, 37, 39, 41, 42, 43, 44, 45, 48, 49, 51, 52, 54, 55, 56, 60, 63, 66, 68, 69]",31,False,2.632678184185218e-05,2.9060160573383227e-09,8.774625275264948e-06,50.0
FT8,197,197,60,137,566,0.30456852791878175,0.09584664536741214,0.14580801944106925,cao2018,S01/060227n,all_channel,mean,mean__all_channel__FT8,32,71,"[0, 1, 2, 16, 17, 23, 24, 26, 27, 28, 29, 30, 37, 39, 41, 42, 43, 44, 45, 48, 49, 51, 52, 54, 55, 56, 60, 63, 66, 68, 69]",31,False,2.619738050230666e-05,2.030546150570601e-09,8.731783318718696e-06,50.0
T4,198,198,60,138,566,0.30303030303030304,0.09584664536741214,0.14563106796116507,cao2018,S01/060227n,all_channel,mean,mean__all_channel__T4,32,71,"[0, 1, 2, 16, 17, 23, 24, 26, 27, 28, 29, 30, 37, 39, 41, 42, 43, 44, 45, 48, 49, 51, 52, 54, 55, 56, 60, 63, 66, 68, 69]",31,False,2.612394219509994e-05,2.625917445797117e-09,8.707105425884714e-06,50.0
C4,156,156,45,111,581,0.28846153846153844,0.07188498402555911,0.11508951406649616,cao2018,S01/060227n,all_channel,mean,mean__all_channel__C4,32,71,"[0, 1, 2, 16, 17, 23, 24, 26, 27, 28, 29, 30, 37, 39, 41, 42, 43, 44, 45, 48, 49, 51, 52, 54, 55, 56, 60, 63, 66, 68, 69]",31,False,3.513111502525463e-05,1.4724386166428494e-09,1.170988086221266e-05,50.0
FC4,154,154,44,110,582,0.2857142857142857,0.07028753993610223,0.11282051282051281,cao2018,S01/060227n,all_channel,mean,mean__all_channel__FC4,32,71,"[0, 1, 2, 16, 17, 23, 24, 26, 27, 28, 29, 30, 37, 39, 41, 42, 43, 44, 45, 48, 49, 51, 52, 54, 55, 56, 60, 63, 66, 68, 69]",31,False,3.521047608757317e-05,8.422247691605946e-10,1.1736544620934669e-05,50.0
FT7,123,123,33,90,593,0.2682926829268293,0.052715654952076675,0.08811748998664885,cao2018,S01/060227n,all_channel,mean,mean__all_channel__FT7,32,71,"[0, 1, 2, 16, 17, 23, 24, 26, 27, 28, 29, 30, 37, 39, 41, 42, 43, 44, 45, 48, 49, 51, 52, 54, 55, 56, 60, 63, 66, 68, 69]",31,False,2.706057472147455e-05,-6.139363259642327e-09,9.02223802824473e-06,50.0
FZ,126,126,33,93,593,0.2619047619047619,0.052715654952076675,0.0877659574468085,cao2018,S01/060227n,all_channel,mean,mean__all_channel__FZ,32,71,"[0, 1, 2, 16, 17, 23, 24, 26, 27, 28, 29, 30, 37, 39, 41, 42, 43, 44, 45, 48, 49, 51, 52, 54, 55, 56, 60, 63, 66, 68, 69]",31,False,3.9072572785441264e-05,-3.3634976804271782e-09,1.3025312094373897e-05,50.0
FCZ,125,125,29,96,597,0.232,0.0463258785942492,0.07723035952063914,cao2018,S01/060227n,all_channel,mean,mean__all_channel__FCZ,32,71,"[0, 1, 2, 16, 17, 23, 24, 26, 27, 28, 29, 30, 37, 39, 41, 42, 43, 44, 45, 48, 49, 51, 52, 54, 55, 56, 60, 63, 66, 68, 69]",31,False,3.889673725119097e-05,-2.6204813221082883e-09,1.296645257750436e-05,50.0
CZ,121,121,28,93,598,0.23140495867768596,0.04472843450479233,0.07496653279785809,cao2018,S01/060227n,all_channel,mean,mean__all_channel__CZ,32,71,"[0, 1, 2, 16, 17, 23, 24, 26, 27, 28, 29, 30, 37, 39, 41, 42, 43, 44, 45, 48, 49, 51, 52, 54, 55, 56, 60, 63, 66, 68, 69]",31,False,3.8809304963361056e-05,-3.2157284704838535e-09,1.2937506897277179e-05,50.0
TP8,133,133,26,107,600,0.19548872180451127,0.04153354632587859,0.06851119894598155,cao2018,S01/060227n,all_channel,mean,mean__all_channel__TP8,32,71,"[0, 1, 2, 16, 17, 23, 24, 26, 27, 28, 29, 30, 37, 39, 41, 42, 43, 44, 45, 48, 49, 51, 52, 54, 55, 56, 60, 63, 66, 68, 69]",31,False,2.0789842665041932e-05,3.751513442627171e-09,6.928697050533102e-06,50.0
FC3,118,118,25,93,601,0.211864406779661,0.039936102236421724,0.0672043010752688,cao2018,S01/060227n,all_channel,mean,mean__all_channel__FC3,32,71,"[0, 1, 2, 16, 17, 23, 24, 26, 27, 28, 29, 30, 37, 39, 41, 42, 43, 44, 45, 48, 49, 51, 52, 54, 55, 56, 60, 63, 66, 68, 69]",31,False,3.474042750221708e-05,-1.993620149039937e-09,1.1580807040788706e-05,50.0
T3,88,88,17,71,609,0.19318181818181818,0.027156549520766772,0.04761904761904762,cao2018,S01/060227n,all_channel,mean,mean__all_channel__T3,32,71,"[0, 1, 2, 16, 17, 23, 24, 26, 27, 28, 29, 30, 37, 39, 41, 42, 43, 44, 45, 48, 49, 51, 52, 54, 55, 56, 60, 63, 66, 68, 69]",31,False,2.2638298714974694e-05,-7.89178450008259e-09,7.5487301664915914e-06,50.0
CP4,109,109,15,94,611,0.13761467889908258,0.023961661341853034,0.04081632653061224,cao2018,S01/060227n,all_channel,mean,mean__all_channel__CP4,32,71,"[0, 1, 2, 16, 17, 23, 24, 26, 27, 28, 29, 30, 37, 39, 41, 42, 43, 44, 45, 48, 49, 51, 52, 54, 55, 56, 60, 63, 66, 68, 69]",31,False,2.8223981039291972e-05,2.206880489019361e-09,9.407258052934318e-06,50.0
C3,85,85,14,71,612,0.16470588235294117,0.022364217252396165,0.03938115330520394,cao2018,S01/060227n,all_channel,mean,mean__all_channel__C3,32,71,"[0, 1, 2, 16, 17, 23, 24, 26, 27, 28, 29, 30, 37, 39, 41, 42, 43, 44, 45, 48, 49, 51, 52, 54, 55, 56, 60, 63, 66, 68, 69]",31,False,3.075048016939993e-05,-5.862038248455834e-09,1.0252114069216129e-05,50.0
PZ,72,72,9,63,617,0.125,0.01437699680511182,0.025787965616045846,cao2018,S01/060227n,all_channel,mean,mean__all_channel__PZ,32,71,"[0, 1, 2, 16, 17, 23, 24, 26, 27, 28, 29, 30, 37, 39, 41, 42, 43, 44, 45, 48, 49, 51, 52, 54, 55, 56, 60, 63, 66, 68, 69]",31,False,2.703096640977301e-05,-2.959206159518919e-09,9.011308538644177e-06,50.0
CP3,68,68,8,60,618,0.11764705882352941,0.012779552715654952,0.023054755043227664,cao2018,S01/060227n,all_channel,mean,mean__all_channel__CP3,32,71,"[0, 1, 2, 16, 17, 23, 24, 26, 27, 28, 29, 30, 37, 39, 41, 42, 43, 44, 45, 48, 49, 51, 52, 54, 55, 56, 60, 63, 66, 68, 69]",31,False,2.7113669464944255e-05,-3.3767447194234795e-09,9.039015403221226e-06,50.0
CPZ,85,85,8,77,618,0.09411764705882353,0.012779552715654952,0.02250351617440225,cao2018,S01/060227n,all_channel,mean,mean__all_channel__CPZ,32,71,"[0, 1, 2, 16, 17, 23, 24, 26, 27, 28, 29, 30, 37, 39, 41, 42, 43, 44, 45, 48, 49, 51, 52, 54, 55, 56, 60, 63, 66, 68, 69]",31,False,3.013620439102293e-05,-4.440363655808664e-09,1.0046881584892913e-05,50.0
P4,93,93,8,85,618,0.08602150537634409,0.012779552715654952,0.022253129346314328,cao2018,S01/060227n,all_channel,mean,mean__all_channel__P4,32,71,"[0, 1, 2, 16, 17, 23, 24, 26, 27, 28, 29, 30, 37, 39, 41, 42, 43, 44, 45, 48, 49, 51, 52, 54, 55, 56, 60, 63, 66, 68, 69]",31,False,2.671933220913317e-05,4.3646674340877544e-09,8.90498918056636e-06,50.0
O1,59,59,7,52,619,0.11864406779661017,0.011182108626198083,0.020437956204379562,cao2018,S01/060227n,all_channel,mean,mean__all_channel__O1,32,71,"[0, 1, 2, 16, 17, 23, 24, 26, 27, 28, 29, 30, 37, 39, 41, 42, 43, 44, 45, 48, 49, 51, 52, 54, 55, 56, 60, 63, 66, 68, 69]",31,False,2.088383293548664e-05,2.628485707163563e-09,6.9604014832598255e-06,50.0
A2,62,62,7,55,619,0.11290322580645161,0.011182108626198083,0.020348837209302327,cao2018,S01/060227n,all_channel,mean,mean__all_channel__A2,32,71,"[0, 1, 2, 16, 17, 23, 24, 26, 27, 28, 29, 30, 37, 39, 41, 42, 43, 44, 45, 48, 49, 51, 52, 54, 55, 56, 60, 63, 66, 68, 69]",31,False,9.824285360397758e-06,5.347953471633372e-09,3.2729791356420417e-06,50.0
P3,63,63,7,56,619,0.1111111111111111,0.011182108626198083,0.02031930333817126,cao2018,S01/060227n,all_channel,mean,mean__all_channel__P3,32,71,"[0, 1, 2, 16, 17, 23, 24, 26, 27, 28, 29, 30, 37, 39, 41, 42, 43, 44, 45, 48, 49, 51, 52, 54, 55, 56, 60, 63, 66, 68, 69]",31,False,2.5329465307414077e-05,-1.9986747927216063e-09,8.443821327402267e-06,50.0
OZ,73,73,6,67,620,0.0821917808219178,0.009584664536741214,0.017167381974248927,cao2018,S01/060227n,all_channel,mean,mean__all_channel__OZ,32,71,"[0, 1, 2, 16, 17, 23, 24, 26, 27, 28, 29, 30, 37, 39, 41, 42, 43, 44, 45, 48, 49, 51, 52, 54, 55, 56, 60, 63, 66, 68, 69]",31,False,2.0763169231264298e-05,6.879740505833521e-09,6.918763163586155e-06,50.0
T6,84,84,6,78,620,0.07142857142857142,0.009584664536741214,0.016901408450704224,cao2018,S01/060227n,all_channel,mean,mean__all_channel__T6,32,71,"[0, 1, 2, 16, 17, 23, 24, 26, 27, 28, 29, 30, 37, 39, 41, 42, 43, 44, 45, 48, 49, 51, 52, 54, 55, 56, 60, 63, 66, 68, 69]",31,False,1.9552490603990286e-05,3.544421173169785e-09,6.516315394272373e-06,50.0
TP7,42,42,4,38,622,0.09523809523809523,0.006389776357827476,0.011976047904191616,cao2018,S01/060227n,all_channel,mean,mean__all_channel__TP7,32,71,"[0, 1, 2, 16, 17, 23, 24, 26, 27, 28, 29, 30, 37, 39, 41, 42, 43, 44, 45, 48, 49, 51, 52, 54, 55, 56, 60, 63, 66, 68, 69]",31,False,2.0773949263517213e-05,-2.2141119069629778e-09,6.925387791808059e-06,50.0
T5,42,42,2,40,624,0.047619047619047616,0.003194888178913738,0.005988023952095808,cao2018,S01/060227n,all_channel,mean,mean__all_channel__T5,32,71,"[0, 1, 2, 16, 17, 23, 24, 26, 27, 28, 29, 30, 37, 39, 41, 42, 43, 44, 45, 48, 49, 51, 52, 54, 55, 56, 60, 63, 66, 68, 69]",31,False,1.915761440508954e-05,-4.426167817034158e-09,6.3873468576355244e-06,50.0
O2,45,45,2,43,624,0.044444444444444446,0.003194888178913738,0.005961251862891207,cao2018,S01/060227n,all_channel,mean,mean__all_channel__O2,32,71,"[0, 1, 2, 16, 17, 23, 24, 26, 27, 28, 29, 30, 37, 39, 41, 42, 43, 44, 45, 48, 49, 51, 52, 54, 55, 56, 60, 63, 66, 68, 69]",31,False,2.2064942234852842e-05,3.5593336433070677e-09,7.353794300403178e-06,50.0
A1,65,65,2,63,624,0.03076923076923077,0.003194888178913738,0.005788712011577424,cao2018,S01/060227n,all_channel,mean,mean__all_channel__A1,32,71,"[0, 1, 2, 16, 17, 23, 24, 26, 27, 28, 29, 30, 37, 39, 41, 42, 43, 44, 45, 48, 49, 51, 52, 54, 55, 56, 60, 63, 66, 68, 69]",31,False,9.80578938883414e-06,-5.34525798712892e-09,3.27037821560709e-06,50.0
FP1,782,782,516,266,110,0.659846547314578,0.8242811501597445,0.7329545454545454,cao2018,S01/060227n,frontal,median,median__frontal__FP1,4,71,"[0, 1, 2, 16, 17, 24, 27, 29, 37, 39, 41, 42, 44, 45, 51, 52, 54, 55, 60, 63, 66, 68, 69]",23,False,4.9560977782245395e-05,-1.9111844705203487e-06,1.7157387417588582e-05,50.0
FP2,564,564,337,227,289,0.5975177304964538,0.5383386581469649,0.5663865546218487,cao2018,S01/060227n,frontal,median,median__frontal__FP2,4,71,"[0, 1, 2, 16, 17, 24, 27, 29, 37, 39, 41, 42, 44, 45, 51, 52, 54, 55, 60, 63, 66, 68, 69]",23,False,4.565139387410336e-05,-1.1630289714338773e-06,1.5604807615179077e-05,50.0
F4,232,232,80,152,546,0.3448275862068966,0.12779552715654952,0.18648018648018647,cao2018,S01/060227n,frontal,median,median__frontal__F4,4,71,"[0, 1, 2, 16, 17, 24, 27, 29, 37, 39, 41, 42, 44, 45, 51, 52, 54, 55, 60, 63, 66, 68, 69]",23,False,4.132980291267024e-05,-2.286265964712167e-07,1.3852809836380485e-05,50.0
F3,194,194,66,128,560,0.3402061855670103,0.10543130990415335,0.16097560975609754,cao2018,S01/060227n,frontal,median,median__frontal__F3,4,71,"[0, 1, 2, 16, 17, 24, 27, 29, 37, 39, 41, 42, 44, 45, 51, 52, 54, 55, 60, 63, 66, 68, 69]",23,False,4.0535714525876276e-05,-3.80261016416342e-07,1.3638658514097537e-05,50.0
FP1,737,737,493,244,133,0.6689280868385346,0.7875399361022364,0.7234042553191489,cao2018,S01/060227n,frontal,mean,mean__frontal__FP1,4,71,"[0, 1, 2, 16, 17, 24, 27, 29, 37, 39, 41, 42, 44, 45, 51, 52, 54, 55, 60, 63, 66, 68, 69]",23,False,5.1540529363801374e-05,6.836711103562526e-08,1.7157387417588582e-05,50.0
FP2,543,543,331,212,295,0.6095764272559853,0.5287539936102237,0.5662959794696323,cao2018,S01/060227n,frontal,mean,mean__frontal__FP2,4,71,"[0, 1, 2, 16, 17, 24, 27, 29, 37, 39, 41, 42, 44, 45, 51, 52, 54, 55, 60, 63, 66, 68, 69]",23,False,4.689935560735996e-05,8.493276182272127e-08,1.5604807615179077e-05,50.0
F4,223,223,80,143,546,0.35874439461883406,0.12779552715654952,0.1884570082449941,cao2018,S01/060227n,frontal,mean,mean__frontal__F4,4,71,"[0, 1, 2, 16, 17, 24, 27, 29, 37, 39, 41, 42, 44, 45, 51, 52, 54, 55, 60, 63, 66, 68, 69]",23,False,4.163664125843128e-05,7.821174928983268e-08,1.3852809836380485e-05,50.0
F3,186,186,61,125,565,0.3279569892473118,0.09744408945686901,0.15024630541871922,cao2018,S01/060227n,frontal,mean,mean__frontal__F3,4,71,"[0, 1, 2, 16, 17, 24, 27, 29, 37, 39, 41, 42, 44, 45, 51, 52, 54, 55, 60, 63, 66, 68, 69]",23,False,4.0958901204538014e-05,4.2925662245402076e-08,1.3638658514097537e-05,50.0
FP1,790,790,519,271,107,0.6569620253164556,0.829073482428115,0.7330508474576272,cao2018,S01/060227n,frontal_left,median,median__frontal_left__FP1,2,71,"[0, 1, 2, 16, 17, 24, 29, 37, 39, 41, 44, 45, 51, 52, 54, 55, 60, 63, 66, 68, 69]",21,False,4.905898289352e-05,-2.124956592006401e-06,1.7061313161842136e-05,50.0
F3,214,214,75,139,551,0.35046728971962615,0.11980830670926518,0.17857142857142858,cao2018,S01/060227n,frontal_left,median,median__frontal_left__F3,2,71,"[0, 1, 2, 16, 17, 24, 29, 37, 39, 41, 44, 45, 51, 52, 54, 55, 60, 63, 66, 68, 69]",21,False,3.9774998070157536e-05,-4.5644879232383065e-07,1.341048228749379e-05,50.0
FP1,738,738,495,243,131,0.6707317073170732,0.7907348242811502,0.7258064516129032,cao2018,S01/060227n,frontal_left,mean,mean__frontal_left__FP1,2,71,"[0, 1, 2, 16, 17, 24, 29, 37, 39, 41, 44, 45, 51, 52, 54, 55, 60, 63, 66, 68, 69]",21,False,5.125927092226353e-05,7.533143673712659e-08,1.7061313161842136e-05,50.0
F3,196,196,69,127,557,0.3520408163265306,0.11022364217252396,0.16788321167883213,cao2018,S01/060227n,frontal_left,mean,mean__frontal_left__F3,2,71,"[0, 1, 2, 16, 17, 24, 29, 37, 39, 41, 44, 45, 51, 52, 54, 55, 60, 63, 66, 68, 69]",21,False,4.0275227621745294e-05,4.37807592639312e-08,1.341048228749379e-05,50.0
FP2,519,519,322,197,304,0.6204238921001927,0.5143769968051118,0.5624454148471616,cao2018,S01/060227n,frontal_right,median,median__frontal_right__FP2,2,71,"[0, 1, 2, 16, 17, 27, 29, 37, 39, 42, 44, 45, 51, 52, 54, 55, 68, 69]",18,False,4.820321323361335e-05,-1.0792732239104685e-06,1.6427495485841274e-05,50.0
F4,197,197,67,130,559,0.3401015228426396,0.10702875399361023,0.16281895504252736,cao2018,S01/060227n,frontal_right,median,median__frontal_right__F4,2,71,"[0, 1, 2, 16, 17, 27, 29, 37, 39, 42, 44, 45, 51, 52, 54, 55, 68, 69]",18,False,4.4322327925703166e-05,-1.8462047689045292e-07,1.4835649467531206e-05,50.0
FP2,504,504,313,191,313,0.621031746031746,0.5,0.5539823008849557,cao2018,S01/060227n,frontal_right,mean,mean__frontal_right__FP2,2,71,"[0, 1, 2, 16, 17, 27, 29, 37, 39, 42, 44, 45, 51, 52, 54, 55, 68, 69]",18,False,4.9375859565396854e-05,9.337310787303182e-08,1.6427495485841274e-05,50.0
F4,194,194,66,128,560,0.3402061855670103,0.10543130990415335,0.16097560975609754,cao2018,S01/060227n,frontal_right,mean,mean__frontal_right__F4,2,71,"[0, 1, 2, 16, 17, 27, 29, 37, 39, 42, 44, 45, 51, 52, 54, 55, 68, 69]",18,False,4.4595009536094254e-05,8.806113350063325e-08,1.4835649467531206e-05,50.0
FP1,777,777,509,268,110,0.6550836550836551,0.8222940226171244,0.7292263610315185,cao2018,S01/060227n,all_channel,median,median__all_channel__FP1,32,59,"[0, 1, 2, 14, 15, 22, 24, 25, 30, 31, 33, 35, 36, 37, 40, 42, 43, 45, 46, 57]",20,False,4.94099890133766e-05,-1.5625958023920305e-06,1.6990861605256212e-05,60.0
FP2,535,535,324,211,295,0.6056074766355141,0.5234248788368336,0.561525129982669,cao2018,S01/060227n,all_channel,median,median__all_channel__FP2,32,59,"[0, 1, 2, 14, 15, 22, 24, 25, 30, 31, 33, 35, 36, 37, 40, 42, 43, 45, 46, 57]",20,False,4.657421882786881e-05,-8.71087849264157e-07,1.581510222571099e-05,60.0
F7,293,293,155,138,464,0.5290102389078498,0.25040387722132473,0.33991228070175444,cao2018,S01/060227n,all_channel,median,median__all_channel__F7,32,59,"[0, 1, 2, 14, 15, 22, 24, 25, 30, 31, 33, 35, 36, 37, 40, 42, 43, 45, 46, 57]",20,False,3.342094990912354e-05,-4.09932945649326e-07,1.1276960951590956e-05,60.0
F4,209,209,76,133,543,0.36363636363636365,0.12277867528271405,0.18357487922705312,cao2018,S01/060227n,all_channel,median,median__all_channel__F4,32,59,"[0, 1, 2, 14, 15, 22, 24, 25, 30, 31, 33, 35, 36, 37, 40, 42, 43, 45, 46, 57]",20,False,4.254918985092743e-05,-6.572830858286444e-08,1.4204972719836763e-05,60.0
F8,200,200,62,138,557,0.31,0.10016155088852989,0.1514041514041514,cao2018,S01/060227n,all_channel,median,median__all_channel__F8,32,59,"[0, 1, 2, 14, 15, 22, 24, 25, 30, 31, 33, 35, 36, 37, 40, 42, 43, 45, 46, 57]",20,False,2.6475941608096304e-05,-1.1487258864387446e-08,8.829142955653564e-06,60.0
F3,176,176,60,116,559,0.3409090909090909,0.09693053311793215,0.15094339622641512,cao2018,S01/060227n,all_channel,median,median__all_channel__F3,32,59,"[0, 1, 2, 14, 15, 22, 24, 25, 30, 31, 33, 35, 36, 37, 40, 42, 43, 45, 46, 57]",20,False,4.1524554135310863e-05,-3.2338631198969685e-07,1.394931348243352e-05,60.0
T4,196,196,61,135,558,0.3112244897959184,0.09854604200323101,0.14969325153374233,cao2018,S01/060227n,all_channel,median,median__all_channel__T4,32,59,"[0, 1, 2, 14, 15, 22, 24, 25, 30, 31, 33, 35, 36, 37, 40, 42, 43, 45, 46, 57]",20,False,2.6284035503935686e-05,-1.9281344368611205e-08,8.767772282768098e-06,60.0
FT8,197,197,61,136,558,0.3096446700507614,0.09854604200323101,0.14950980392156862,cao2018,S01/060227n,all_channel,median,median__all_channel__FT8,32,59,"[0, 1, 2, 14, 15, 22, 24, 25, 30, 31, 33, 35, 36, 37, 40, 42, 43, 45, 46, 57]",20,False,2.6337686408540686e-05,2.9977550665753415e-09,8.778229551158036e-06,60.0
C4,153,153,43,110,576,0.28104575163398693,0.06946688206785137,0.11139896373056994,cao2018,S01/060227n,all_channel,median,median__all_channel__C4,32,59,"[0, 1, 2, 14, 15, 22, 24, 25, 30, 31, 33, 35, 36, 37, 40, 42, 43, 45, 46, 57]",20,False,3.5310215550887997e-05,6.244372027382195e-08,1.1749257276871393e-05,60.0
FC4,150,150,41,109,578,0.2733333333333333,0.06623586429725363,0.10663198959687904,cao2018,S01/060227n,all_channel,median,median__all_channel__FC4,32,59,"[0, 1, 2, 14, 15, 22, 24, 25, 30, 31, 33, 35, 36, 37, 40, 42, 43, 45, 46, 57]",20,False,3.533868823205131e-05,7.47548090192291e-08,1.1754644474344029e-05,60.0
FZ,130,130,33,97,586,0.25384615384615383,0.05331179321486268,0.08811748998664887,cao2018,S01/060227n,all_channel,median,median__all_channel__FZ,32,59,"[0, 1, 2, 14, 15, 22, 24, 25, 30, 31, 33, 35, 36, 37, 40, 42, 43, 45, 46, 57]",20,False,3.892869554107538e-05,-2.202559795770558e-08,1.2983573713011029e-05,60.0
FT7,117,117,31,86,588,0.26495726495726496,0.050080775444264945,0.08423913043478261,cao2018,S01/060227n,all_channel,median,median__all_channel__FT7,32,59,"[0, 1, 2, 14, 15, 22, 24, 25, 30, 31, 33, 35, 36, 37, 40, 42, 43, 45, 46, 57]",20,False,2.734041126611386e-05,-5.666798608903571e-08,9.132359750734299e-06,60.0
FCZ,128,128,30,98,589,0.234375,0.048465266558966075,0.08032128514056223,cao2018,S01/060227n,all_channel,median,median__all_channel__FCZ,32,59,"[0, 1, 2, 14, 15, 22, 24, 25, 30, 31, 33, 35, 36, 37, 40, 42, 43, 45, 46, 57]",20,False,3.875711508105413e-05,-1.2250057125542253e-08,1.2923121712726559e-05,60.0
CZ,126,126,28,98,591,0.2222222222222222,0.045234248788368334,0.07516778523489932,cao2018,S01/060227n,all_channel,median,median__all_channel__CZ,32,59,"[0, 1, 2, 14, 15, 22, 24, 25, 30, 31, 33, 35, 36, 37, 40, 42, 43, 45, 46, 57]",20,False,3.866477269080515e-05,-7.652241232618005e-09,1.2890808310679258e-05,60.0
TP8,131,131,26,105,593,0.1984732824427481,0.0420032310177706,0.06933333333333333,cao2018,S01/060227n,all_channel,median,median__all_channel__TP8,32,59,"[0, 1, 2, 14, 15, 22, 24, 25, 30, 31, 33, 35, 36, 37, 40, 42, 43, 45, 46, 57]",20,False,2.1013123329064518e-05,1.3221257972552467e-07,6.960303583112997e-06,60.0
FC3,119,119,25,94,594,0.21008403361344538,0.04038772213247173,0.06775067750677508,cao2018,S01/060227n,all_channel,median,median__all_channel__FC3,32,59,"[0, 1, 2, 14, 15, 22, 24, 25, 30, 31, 33, 35, 36, 37, 40, 42, 43, 45, 46, 57]",20,False,3.472475240279286e-05,-5.368020990954874e-08,1.1592810870900803e-05,60.0
T3,84,84,16,68,603,0.19047619047619047,0.025848142164781908,0.04551920341394026,cao2018,S01/060227n,all_channel,median,median__all_channel__T3,32,59,"[0, 1, 2, 14, 15, 22, 24, 25, 30, 31, 33, 35, 36, 37, 40, 42, 43, 45, 46, 57]",20,False,2.2989939356682872e-05,5.0210140361038115e-08,7.646576405440611e-06,60.0
CP4,106,106,14,92,605,0.1320754716981132,0.022617124394184167,0.03862068965517241,cao2018,S01/060227n,all_channel,median,median__all_channel__CP4,32,59,"[0, 1, 2, 14, 15, 22, 24, 25, 30, 31, 33, 35, 36, 37, 40, 42, 43, 45, 46, 57]",20,False,2.835498456600214e-05,3.886779290084646e-08,9.438705591033763e-06,60.0
C3,81,81,13,68,606,0.16049382716049382,0.0210016155088853,0.037142857142857144,cao2018,S01/060227n,all_channel,median,median__all_channel__C3,32,59,"[0, 1, 2, 14, 15, 22, 24, 25, 30, 31, 33, 35, 36, 37, 40, 42, 43, 45, 46, 57]",20,False,3.100396126008298e-05,3.8330039012440395e-08,1.032187707369018e-05,60.0
PZ,74,74,9,65,610,0.12162162162162163,0.014539579967689823,0.025974025974025976,cao2018,S01/060227n,all_channel,median,median__all_channel__PZ,32,59,"[0, 1, 2, 14, 15, 22, 24, 25, 30, 31, 33, 35, 36, 37, 40, 42, 43, 45, 46, 57]",20,False,2.6953504964904842e-05,-3.4126595927493406e-08,8.995877186944112e-06,60.0
CP3,71,71,8,63,611,0.11267605633802817,0.012924071082390954,0.02318840579710145,cao2018,S01/060227n,all_channel,median,median__all_channel__CP3,32,59,"[0, 1, 2, 14, 15, 22, 24, 25, 30, 31, 33, 35, 36, 37, 40, 42, 43, 45, 46, 57]",20,False,2.7243468869120273e-05,5.415914778408884e-08,9.063103240445394e-06,60.0
CPZ,88,88,8,80,611,0.09090909090909091,0.012924071082390954,0.022630834512022635,cao2018,S01/060227n,all_channel,median,median__all_channel__CPZ,32,59,"[0, 1, 2, 14, 15, 22, 24, 25, 30, 31, 33, 35, 36, 37, 40, 42, 43, 45, 46, 57]",20,False,3.0024791267573808e-05,9.390598973632146e-09,1.0005133556200058e-05,60.0
P4,92,92,8,84,611,0.08695652173913043,0.012924071082390954,0.022503516174402254,cao2018,S01/060227n,all_channel,median,median__all_channel__P4,32,59,"[0, 1, 2, 14, 15, 22, 24, 25, 30, 31, 33, 35, 36, 37, 40, 42, 43, 45, 46, 57]",20,False,2.686772608388701e-05,6.853541250098978e-08,8.933063557128674e-06,60.0
A2,58,58,7,51,612,0.1206896551724138,0.011308562197092083,0.020679468242245203,cao2018,S01/060227n,all_channel,median,median__all_channel__A2,32,59,"[0, 1, 2, 14, 15, 22, 24, 25, 30, 31, 33, 35, 36, 37, 40, 42, 43, 45, 46, 57]",20,False,9.948180263910378e-06,4.737117693778833e-08,3.3002696956575303e-06,60.0
O1,61,61,7,54,612,0.11475409836065574,0.011308562197092083,0.02058823529411765,cao2018,S01/060227n,all_channel,median,median__all_channel__O1,32,59,"[0, 1, 2, 14, 15, 22, 24, 25, 30, 31, 33, 35, 36, 37, 40, 42, 43, 45, 46, 57]",20,False,2.0818499231424863e-05,-4.5182067405351785e-08,6.954560432943405e-06,60.0
P3,64,64,7,57,612,0.109375,0.011308562197092083,0.02049780380673499,cao2018,S01/060227n,all_channel,median,median__all_channel__P3,32,59,"[0, 1, 2, 14, 15, 22, 24, 25, 30, 31, 33, 35, 36, 37, 40, 42, 43, 45, 46, 57]",20,False,2.5360608711489167e-05,4.771334327921901e-08,8.437631789403316e-06,60.0
OZ,75,75,6,69,613,0.08,0.009693053311793215,0.01729106628242075,cao2018,S01/060227n,all_channel,median,median__all_channel__OZ,32,59,"[0, 1, 2, 14, 15, 22, 24, 25, 30, 31, 33, 35, 36, 37, 40, 42, 43, 45, 46, 57]",20,False,2.0691897577941164e-05,-5.7004211116961734e-08,6.916300596352708e-06,60.0
T6,87,87,6,81,613,0.06896551724137931,0.009693053311793215,0.016997167138810197,cao2018,S01/060227n,all_channel,median,median__all_channel__T6,32,59,"[0, 1, 2, 14, 15, 22, 24, 25, 30, 31, 33, 35, 36, 37, 40, 42, 43, 45, 46, 57]",20,False,1.9624377603624472e-05,4.6905082086287976e-08,6.525824173846062e-06,60.0
TP7,43,43,4,39,615,0.09302325581395349,0.006462035541195477,0.012084592145015107,cao2018,S01/060227n,all_channel,median,median__all_channel__TP7,32,59,"[0, 1, 2, 14, 15, 22, 24, 25, 30, 31, 33, 35, 36, 37, 40, 42, 43, 45, 46, 57]",20,False,2.0898361151975298e-05,6.453435915901394e-08,6.944608930938761e-06,60.0
T5,39,39,2,37,617,0.05128205128205128,0.0032310177705977385,0.0060790273556231,cao2018,S01/060227n,all_channel,median,median__all_channel__T5,32,59,"[0, 1, 2, 14, 15, 22, 24, 25, 30, 31, 33, 35, 36, 37, 40, 42, 43, 45, 46, 57]",20,False,1.944124931143213e-05,1.97421841073559e-08,6.473835709108258e-06,60.0
O2,45,45,2,43,617,0.044444444444444446,0.0032310177705977385,0.006024096385542169,cao2018,S01/060227n,all_channel,median,median__all_channel__O2,32,59,"[0, 1, 2, 14, 15, 22, 24, 25, 30, 31, 33, 35, 36, 37, 40, 42, 43, 45, 46, 57]",20,False,2.207023085233635e-05,-8.284791426019579e-09,7.359505214587457e-06,60.0
A1,60,60,2,58,617,0.03333333333333333,0.0032310177705977385,0.005891016200294551,cao2018,S01/060227n,all_channel,median,median__all_channel__A1,32,59,"[0, 1, 2, 14, 15, 22, 24, 25, 30, 31, 33, 35, 36, 37, 40, 42, 43, 45, 46, 57]",20,False,9.847915777463914e-06,-4.1618454769251104e-08,3.2965114107443884e-06,60.0
FP1,736,736,488,248,131,0.6630434782608695,0.7883683360258481,0.7202952029520294,cao2018,S01/060227n,all_channel,mean,mean__all_channel__FP1,32,59,"[0, 1, 2, 14, 15, 22, 24, 25, 30, 31, 33, 35, 36, 37, 40, 42, 43, 45, 46, 57]",20,False,5.0985865706873274e-05,1.3280891104641441e-08,1.6990861605256212e-05,60.0
FP2,527,527,319,208,300,0.6053130929791272,0.5153473344103393,0.5567190226876091,cao2018,S01/060227n,all_channel,mean,mean__all_channel__FP2,32,59,"[0, 1, 2, 14, 15, 22, 24, 25, 30, 31, 33, 35, 36, 37, 40, 42, 43, 45, 46, 57]",20,False,4.746936108382398e-05,2.4054406691016716e-08,1.581510222571099e-05,60.0
F7,279,279,148,131,471,0.5304659498207885,0.23909531502423265,0.3296213808463252,cao2018,S01/060227n,all_channel,mean,mean__all_channel__F7,32,59,"[0, 1, 2, 14, 15, 22, 24, 25, 30, 31, 33, 35, 36, 37, 40, 42, 43, 45, 46, 57]",20,False,3.384259154829412e-05,1.170869352124782e-08,1.1276960951590956e-05,60.0
F4,210,210,76,134,543,0.3619047619047619,0.12277867528271405,0.18335343787696018,cao2018,S01/060227n,all_channel,mean,mean__all_channel__F4,32,59,"[0, 1, 2, 14, 15, 22, 24, 25, 30, 31, 33, 35, 36, 37, 40, 42, 43, 45, 46, 57]",20,False,4.263754877594607e-05,2.2630616435778923e-08,1.4204972719836763e-05,60.0
F8,197,197,62,135,557,0.3147208121827411,0.10016155088852989,0.15196078431372548,cao2018,S01/060227n,all_channel,mean,mean__all_channel__F8,32,59,"[0, 1, 2, 14, 15, 22, 24, 25, 30, 31, 33, 35, 36, 37, 40, 42, 43, 45, 46, 57]",20,False,2.649400091376286e-05,6.572046802169422e-09,8.829142955653564e-06,60.0
T4,195,195,61,134,558,0.3128205128205128,0.09854604200323101,0.14987714987714987,cao2018,S01/060227n,all_channel,mean,mean__all_channel__T4,32,59,"[0, 1, 2, 14, 15, 22, 24, 25, 30, 31, 33, 35, 36, 37, 40, 42, 43, 45, 46, 57]",20,False,2.6308542680869585e-05,5.225832565290199e-09,8.767772282768098e-06,60.0
FT8,197,197,61,136,558,0.3096446700507614,0.09854604200323101,0.14950980392156862,cao2018,S01/060227n,all_channel,mean,mean__all_channel__FT8,32,59,"[0, 1, 2, 14, 15, 22, 24, 25, 30, 31, 33, 35, 36, 37, 40, 42, 43, 45, 46, 57]",20,False,2.6340803378843077e-05,6.114725368967133e-09,8.778229551158036e-06,60.0
F3,173,173,58,115,561,0.3352601156069364,0.09369951534733441,0.14646464646464646,cao2018,S01/060227n,all_channel,mean,mean__all_channel__F3,32,59,"[0, 1, 2, 14, 15, 22, 24, 25, 30, 31, 33, 35, 36, 37, 40, 42, 43, 45, 46, 57]",20,False,4.186090821223879e-05,1.2967764938227252e-08,1.394931348243352e-05,60.0
C4,153,153,43,110,576,0.28104575163398693,0.06946688206785137,0.11139896373056994,cao2018,S01/060227n,all_channel,mean,mean__all_channel__C4,32,59,"[0, 1, 2, 14, 15, 22, 24, 25, 30, 31, 33, 35, 36, 37, 40, 42, 43, 45, 46, 57]",20,False,3.526891816312637e-05,2.1146332512190943e-08,1.1749257276871393e-05,60.0
FC4,151,151,41,110,578,0.271523178807947,0.06623586429725363,0.10649350649350649,cao2018,S01/060227n,all_channel,mean,mean__all_channel__FC4,32,59,"[0, 1, 2, 14, 15, 22, 24, 25, 30, 31, 33, 35, 36, 37, 40, 42, 43, 45, 46, 57]",20,False,3.528567296732244e-05,2.1739544290354518e-08,1.1754644474344029e-05,60.0
FZ,128,128,33,95,586,0.2578125,0.05331179321486268,0.08835341365461846,cao2018,S01/060227n,all_channel,mean,mean__all_channel__FZ,32,59,"[0, 1, 2, 14, 15, 22, 24, 25, 30, 31, 33, 35, 36, 37, 40, 42, 43, 45, 46, 57]",20,False,3.8963952577702833e-05,1.3231438669744333e-08,1.2983573713011029e-05,60.0
FT7,117,117,31,86,588,0.26495726495726496,0.050080775444264945,0.08423913043478261,cao2018,S01/060227n,all_channel,mean,mean__all_channel__FT7,32,59,"[0, 1, 2, 14, 15, 22, 24, 25, 30, 31, 33, 35, 36, 37, 40, 42, 43, 45, 46, 57]",20,False,2.7401649674406077e-05,4.570422203182282e-09,9.132359750734299e-06,60.0
FCZ,127,127,30,97,589,0.23622047244094488,0.048465266558966075,0.08042895442359249,cao2018,S01/060227n,all_channel,mean,mean__all_channel__FCZ,32,59,"[0, 1, 2, 14, 15, 22, 24, 25, 30, 31, 33, 35, 36, 37, 40, 42, 43, 45, 46, 57]",20,False,3.8783719487110425e-05,1.4354348930750444e-08,1.2923121712726559e-05,60.0
CZ,125,125,28,97,591,0.224,0.045234248788368334,0.07526881720430108,cao2018,S01/060227n,all_channel,mean,mean__all_channel__CZ,32,59,"[0, 1, 2, 14, 15, 22, 24, 25, 30, 31, 33, 35, 36, 37, 40, 42, 43, 45, 46, 57]",20,False,3.8686885687612974e-05,1.4460755575204607e-08,1.2890808310679258e-05,60.0
TP8,132,132,26,106,593,0.19696969696969696,0.0420032310177706,0.06924101198402131,cao2018,S01/060227n,all_channel,mean,mean__all_channel__TP8,32,59,"[0, 1, 2, 14, 15, 22, 24, 25, 30, 31, 33, 35, 36, 37, 40, 42, 43, 45, 46, 57]",20,False,2.0894220971136534e-05,1.3310221797542045e-08,6.960303583112997e-06,60.0
FC3,115,115,24,91,595,0.20869565217391303,0.03877221324717286,0.0653950953678474,cao2018,S01/060227n,all_channel,mean,mean__all_channel__FC3,32,59,"[0, 1, 2, 14, 15, 22, 24, 25, 30, 31, 33, 35, 36, 37, 40, 42, 43, 45, 46, 57]",20,False,3.479614093105533e-05,1.7708318352918257e-08,1.1592810870900803e-05,60.0
T3,86,86,16,70,603,0.18604651162790697,0.025848142164781908,0.045390070921985826,cao2018,S01/060227n,all_channel,mean,mean__all_channel__T3,32,59,"[0, 1, 2, 14, 15, 22, 24, 25, 30, 31, 33, 35, 36, 37, 40, 42, 43, 45, 46, 57]",20,False,2.2947208101632798e-05,7.47888531096473e-09,7.646576405440611e-06,60.0
C3,82,82,14,68,605,0.17073170731707318,0.022617124394184167,0.039942938659058486,cao2018,S01/060227n,all_channel,mean,mean__all_channel__C3,32,59,"[0, 1, 2, 14, 15, 22, 24, 25, 30, 31, 33, 35, 36, 37, 40, 42, 43, 45, 46, 57]",20,False,3.098147354618839e-05,1.584232511784691e-08,1.032187707369018e-05,60.0
CP4,107,107,14,93,605,0.1308411214953271,0.022617124394184167,0.03856749311294765,cao2018,S01/060227n,all_channel,mean,mean__all_channel__CP4,32,59,"[0, 1, 2, 14, 15, 22, 24, 25, 30, 31, 33, 35, 36, 37, 40, 42, 43, 45, 46, 57]",20,False,2.8329893616813152e-05,1.3776843711861442e-08,9.438705591033763e-06,60.0
PZ,74,74,9,65,610,0.12162162162162163,0.014539579967689823,0.025974025974025976,cao2018,S01/060227n,all_channel,mean,mean__all_channel__PZ,32,59,"[0, 1, 2, 14, 15, 22, 24, 25, 30, 31, 33, 35, 36, 37, 40, 42, 43, 45, 46, 57]",20,False,2.699818778989405e-05,1.0556229061712634e-08,8.995877186944112e-06,60.0
CP3,70,70,8,62,611,0.11428571428571428,0.012924071082390954,0.023222060957910018,cao2018,S01/060227n,all_channel,mean,mean__all_channel__CP3,32,59,"[0, 1, 2, 14, 15, 22, 24, 25, 30, 31, 33, 35, 36, 37, 40, 42, 43, 45, 46, 57]",20,False,2.7203168096198795e-05,1.385837486261175e-08,9.063103240445394e-06,60.0
CPZ,88,88,8,80,611,0.09090909090909091,0.012924071082390954,0.022630834512022635,cao2018,S01/060227n,all_channel,mean,mean__all_channel__CPZ,32,59,"[0, 1, 2, 14, 15, 22, 24, 25, 30, 31, 33, 35, 36, 37, 40, 42, 43, 45, 46, 57]",20,False,3.0029723215780936e-05,1.4322547180759158e-08,1.0005133556200058e-05,60.0
P4,93,93,8,85,611,0.08602150537634409,0.012924071082390954,0.022471910112359553,cao2018,S01/060227n,all_channel,mean,mean__all_channel__P4,32,59,"[0, 1, 2, 14, 15, 22, 24, 25, 30, 31, 33, 35, 36, 37, 40, 42, 43, 45, 46, 57]",20,False,2.6811460096034054e-05,1.2269424648031912e-08,8.933063557128674e-06,60.0
O1,58,58,7,51,612,0.1206896551724138,0.011308562197092083,0.020679468242245203,cao2018,S01/060227n,all_channel,mean,mean__all_channel__O1,32,59,"[0, 1, 2, 14, 15, 22, 24, 25, 30, 31, 33, 35, 36, 37, 40, 42, 43, 45, 46, 57]",20,False,2.0868794683875377e-05,5.113385045162124e-09,6.954560432943405e-06,60.0
A2,60,60,7,53,612,0.11666666666666667,0.011308562197092083,0.020618556701030924,cao2018,S01/060227n,all_channel,mean,mean__all_channel__A2,32,59,"[0, 1, 2, 14, 15, 22, 24, 25, 30, 31, 33, 35, 36, 37, 40, 42, 43, 45, 46, 57]",20,False,9.897043267112183e-06,-3.765819860406504e-09,3.3002696956575303e-06,60.0
P3,65,65,7,58,612,0.1076923076923077,0.011308562197092083,0.02046783625730994,cao2018,S01/060227n,all_channel,mean,mean__all_channel__P3,32,59,"[0, 1, 2, 14, 15, 22, 24, 25, 30, 31, 33, 35, 36, 37, 40, 42, 43, 45, 46, 57]",20,False,2.5326839146933317e-05,1.3943778723370549e-08,8.437631789403316e-06,60.0
OZ,73,73,6,67,613,0.0821917808219178,0.009693053311793215,0.017341040462427747,cao2018,S01/060227n,all_channel,mean,mean__all_channel__OZ,32,59,"[0, 1, 2, 14, 15, 22, 24, 25, 30, 31, 33, 35, 36, 37, 40, 42, 43, 45, 46, 57]",20,False,2.0754919975074356e-05,6.018186016229859e-09,6.916300596352708e-06,60.0
T6,84,84,6,78,613,0.07142857142857142,0.009693053311793215,0.017069701280227598,cao2018,S01/060227n,all_channel,mean,mean__all_channel__T6,32,59,"[0, 1, 2, 14, 15, 22, 24, 25, 30, 31, 33, 35, 36, 37, 40, 42, 43, 45, 46, 57]",20,False,1.9578748463820196e-05,1.2759422820098035e-09,6.525824173846062e-06,60.0
TP7,43,43,4,39,615,0.09302325581395349,0.006462035541195477,0.012084592145015107,cao2018,S01/060227n,all_channel,mean,mean__all_channel__TP7,32,59,"[0, 1, 2, 14, 15, 22, 24, 25, 30, 31, 33, 35, 36, 37, 40, 42, 43, 45, 46, 57]",20,False,2.0838248667864226e-05,4.42187504794129e-09,6.944608930938761e-06,60.0
T5,39,39,2,37,617,0.05128205128205128,0.0032310177705977385,0.0060790273556231,cao2018,S01/060227n,all_channel,mean,mean__all_channel__T5,32,59,"[0, 1, 2, 14, 15, 22, 24, 25, 30, 31, 33, 35, 36, 37, 40, 42, 43, 45, 46, 57]",20,False,1.9428847296114805e-05,7.340168790029238e-09,6.473835709108258e-06,60.0
O2,45,45,2,43,617,0.044444444444444446,0.0032310177705977385,0.006024096385542169,cao2018,S01/060227n,all_channel,mean,mean__all_channel__O2,32,59,"[0, 1, 2, 14, 15, 22, 24, 25, 30, 31, 33, 35, 36, 37, 40, 42, 43, 45, 46, 57]",20,False,2.2081559909035478e-05,3.0442652731068227e-09,7.359505214587457e-06,60.0
A1,57,57,2,55,617,0.03508771929824561,0.0032310177705977385,0.005917159763313609,cao2018,S01/060227n,all_channel,mean,mean__all_channel__A1,32,59,"[0, 1, 2, 14, 15, 22, 24, 25, 30, 31, 33, 35, 36, 37, 40, 42, 43, 45, 46, 57]",20,False,9.893286937551595e-06,3.752705318430102e-09,3.2965114107443884e-06,60.0
FP1,724,724,483,241,136,0.6671270718232044,0.7802907915993538,0.7192851824274014,cao2018,S01/060227n,frontal,median,median__frontal__FP1,4,59,"[1, 2, 14, 22, 24, 30, 33, 37, 42, 43, 45, 46, 57]",13,False,5.165848842374118e-05,-1.2309227451267614e-06,1.762980372295598e-05,60.0
FP2,512,512,316,196,303,0.6171875,0.5105008077544426,0.5587975243147657,cao2018,S01/060227n,frontal,median,median__frontal__FP2,4,59,"[1, 2, 14, 22, 24, 30, 33, 37, 42, 43, 45, 46, 57]",13,False,4.826066187843932e-05,-7.157236643251529e-07,1.632546184758816e-05,60.0
F4,186,186,63,123,556,0.3387096774193548,0.10177705977382875,0.1565217391304348,cao2018,S01/060227n,frontal,median,median__frontal__F4,4,59,"[1, 2, 14, 22, 24, 30, 33, 37, 42, 43, 45, 46, 57]",13,False,4.5906227265980975e-05,8.634079940497671e-09,1.529919772868016e-05,60.0
F3,142,142,42,100,577,0.29577464788732394,0.06785137318255251,0.11038107752956637,cao2018,S01/060227n,frontal,median,median__frontal__F3,4,59,"[1, 2, 14, 22, 24, 30, 33, 37, 42, 43, 45, 46, 57]",13,False,4.453593352594621e-05,-2.110163637051067e-07,1.4915649963217105e-05,60.0
FP1,692,692,470,222,149,0.6791907514450867,0.7592891760904685,0.7170099160945844,cao2018,S01/060227n,frontal,mean,mean__frontal__FP1,4,59,"[1, 2, 14, 22, 24, 30, 33, 37, 42, 43, 45, 46, 57]",13,False,5.2914503746201404e-05,2.5092577333464063e-08,1.762980372295598e-05,60.0
FP2,501,501,309,192,310,0.6167664670658682,0.4991922455573506,0.5517857142857142,cao2018,S01/060227n,frontal,mean,mean__frontal__FP2,4,59,"[1, 2, 14, 22, 24, 30, 33, 37, 42, 43, 45, 46, 57]",13,False,4.900300023142398e-05,2.661468865950719e-08,1.632546184758816e-05,60.0
F4,186,186,63,123,556,0.3387096774193548,0.10177705977382875,0.1565217391304348,cao2018,S01/060227n,frontal,mean,mean__frontal__F4,4,59,"[1, 2, 14, 22, 24, 30, 33, 37, 42, 43, 45, 46, 57]",13,False,4.592242813799509e-05,2.4834951954603956e-08,1.529919772868016e-05,60.0
F3,137,137,40,97,579,0.291970802919708,0.06462035541195477,0.10582010582010581,cao2018,S01/060227n,frontal,mean,mean__frontal__F3,4,59,"[1, 2, 14, 22, 24, 30, 33, 37, 42, 43, 45, 46, 57]",13,False,4.476519238573835e-05,1.8242496087040277e-08,1.4915649963217105e-05,60.0
FP1,689,689,466,223,153,0.6763425253991292,0.752827140549273,0.7125382262996943,cao2018,S01/060227n,frontal_left,median,median__frontal_left__FP1,2,59,"[14, 22, 24, 30, 33, 37, 42, 43, 45, 46, 57]",11,False,5.302845665294897e-05,-1.1049492879836695e-06,1.8044468646977547e-05,60.0
F3,118,118,33,85,586,0.2796610169491525,0.05331179321486268,0.08955223880597014,cao2018,S01/060227n,frontal_left,median,median__frontal_left__F3,2,59,"[14, 22, 24, 30, 33, 37, 42, 43, 45, 46, 57]",11,False,4.662183221804873e-05,-1.5387338342730057e-07,1.559190186715868e-05,60.0
FP1,672,672,455,217,164,0.6770833333333334,0.7350565428109854,0.704879938032533,cao2018,S01/060227n,frontal_left,mean,mean__frontal_left__FP1,2,59,"[14, 22, 24, 30, 33, 37, 42, 43, 45, 46, 57]",11,False,5.417451431224335e-05,4.110837131070526e-08,1.8044468646977547e-05,60.0
F3,116,116,33,83,586,0.28448275862068967,0.05331179321486268,0.08979591836734693,cao2018,S01/060227n,frontal_left,mean,mean__frontal_left__F3,2,59,"[14, 22, 24, 30, 33, 37, 42, 43, 45, 46, 57]",11,False,4.68073539385845e-05,3.164833710846476e-08,1.559190186715868e-05,60.0
FP2,511,511,314,197,305,0.6144814090019569,0.5072697899838449,0.5557522123893806,cao2018,S01/060227n,frontal_right,median,median__frontal_right__FP2,2,59,"[1, 2, 14, 24, 30, 37, 42, 43, 45, 46, 57]",11,False,4.8449542239156235e-05,-9.005796765596053e-07,1.6450040638571945e-05,60.0
F4,187,187,63,124,556,0.33689839572192515,0.10177705977382875,0.1563275434243176,cao2018,S01/060227n,frontal_right,median,median__frontal_right__F4,2,59,"[1, 2, 14, 24, 30, 37, 42, 43, 45, 46, 57]",11,False,4.560867914863907e-05,-3.0329276721037824e-08,1.521300280845337e-05,60.0
FP2,497,497,307,190,312,0.6177062374245473,0.49596122778675283,0.5501792114695342,cao2018,S01/060227n,frontal_right,mean,mean__frontal_right__FP2,2,59,"[1, 2, 14, 24, 30, 37, 42, 43, 45, 46, 57]",11,False,4.938291608401135e-05,3.279416829551688e-08,1.6450040638571945e-05,60.0
F4,187,187,63,124,556,0.33689839572192515,0.10177705977382875,0.1563275434243176,cao2018,S01/060227n,frontal_right,mean,mean__frontal_right__F4,2,59,"[1, 2, 14, 24, 30, 37, 42, 43, 45, 46, 57]",11,False,4.5669183302844995e-05,3.017487748488773e-08,1.521300280845337e-05,60.0
FP1,800,800,493,307,88,0.61625,0.8485370051635112,0.7139753801593047,cao2018,S01/060227n,all_channel,median,median__all_channel__FP1,32,29,"[0, 1, 7, 12, 15, 16, 17, 18, 21, 22, 23, 25, 28]",13,False,4.675553902682452e-05,-1.9913275609403806e-06,1.6248955529254968e-05,120.0
FP2,588,588,323,265,258,0.5493197278911565,0.5559380378657487,0.5526090675791275,cao2018,S01/060227n,all_channel,median,median__all_channel__FP2,32,29,"[0, 1, 7, 12, 15, 16, 17, 18, 21, 22, 23, 25, 28]",13,False,4.336594786779646e-05,-1.139850909006307e-06,1.4835266258934256e-05,120.0
F7,302,302,147,155,434,0.4867549668874172,0.25301204819277107,0.33295583238958093,cao2018,S01/060227n,all_channel,median,median__all_channel__F7,32,29,"[0, 1, 7, 12, 15, 16, 17, 18, 21, 22, 23, 25, 28]",13,False,3.257879083083208e-05,-5.368324019572231e-07,1.1038541077596434e-05,120.0
F3,228,228,77,151,504,0.33771929824561403,0.13253012048192772,0.1903584672435105,cao2018,S01/060227n,all_channel,median,median__all_channel__F3,32,29,"[0, 1, 7, 12, 15, 16, 17, 18, 21, 22, 23, 25, 28]",13,False,3.8448257628346616e-05,-4.173113815342548e-07,1.2955189669960289e-05,120.0
F4,265,265,79,186,502,0.2981132075471698,0.1359724612736661,0.18676122931442082,cao2018,S01/060227n,all_channel,median,median__all_channel__F4,32,29,"[0, 1, 7, 12, 15, 16, 17, 18, 21, 22, 23, 25, 28]",13,False,3.869676845083353e-05,-2.23468384058265e-07,1.2973412278297264e-05,120.0
F8,221,221,63,158,518,0.2850678733031674,0.10843373493975904,0.1571072319201995,cao2018,S01/060227n,all_channel,median,median__all_channel__F8,32,29,"[0, 1, 7, 12, 15, 16, 17, 18, 21, 22, 23, 25, 28]",13,False,2.5367803818518802e-05,-9.524459962364223e-08,8.487682806047482e-06,120.0
T4,220,220,60,160,521,0.2727272727272727,0.10327022375215146,0.149812734082397,cao2018,S01/060227n,all_channel,median,median__all_channel__T4,32,29,"[0, 1, 7, 12, 15, 16, 17, 18, 21, 22, 23, 25, 28]",13,False,2.5123516417403682e-05,-1.038302401399504e-07,8.409115552514545e-06,120.0
FT8,219,219,59,160,522,0.2694063926940639,0.10154905335628227,0.1475,cao2018,S01/060227n,all_channel,median,median__all_channel__FT8,32,29,"[0, 1, 7, 12, 15, 16, 17, 18, 21, 22, 23, 25, 28]",13,False,2.527812720174731e-05,-9.75006645266994e-08,8.458542622091336e-06,120.0
C4,175,175,44,131,537,0.25142857142857145,0.0757314974182444,0.1164021164021164,cao2018,S01/060227n,all_channel,median,median__all_channel__C4,32,29,"[0, 1, 7, 12, 15, 16, 17, 18, 21, 22, 23, 25, 28]",13,False,3.3027185516130284e-05,-4.79288031660725e-08,1.102503810643212e-05,120.0
FC4,176,176,44,132,537,0.25,0.0757314974182444,0.11624834874504623,cao2018,S01/060227n,all_channel,median,median__all_channel__FC4,32,29,"[0, 1, 7, 12, 15, 16, 17, 18, 21, 22, 23, 25, 28]",13,False,3.310489729097512e-05,-3.873985570142751e-08,1.104787904889218e-05,120.0
FT7,138,138,37,101,544,0.26811594202898553,0.06368330464716007,0.10292072322670376,cao2018,S01/060227n,all_channel,median,median__all_channel__FT7,32,29,"[0, 1, 7, 12, 15, 16, 17, 18, 21, 22, 23, 25, 28]",13,False,2.625296719869695e-05,-1.1381404637934994e-07,8.7889270816921e-06,120.0
CZ,160,160,38,122,543,0.2375,0.06540447504302926,0.10256410256410256,cao2018,S01/060227n,all_channel,median,median__all_channel__CZ,32,29,"[0, 1, 7, 12, 15, 16, 17, 18, 21, 22, 23, 25, 28]",13,False,3.64481001253368e-05,-8.74447836643991e-08,1.2178514969667067e-05,120.0
FCZ,164,164,38,126,543,0.23170731707317074,0.06540447504302926,0.10201342281879196,cao2018,S01/060227n,all_channel,median,median__all_channel__FCZ,32,29,"[0, 1, 7, 12, 15, 16, 17, 18, 21, 22, 23, 25, 28]",13,False,3.648704961684433e-05,-1.0080488726739014e-07,1.2195951501370574e-05,120.0
FZ,165,165,38,127,543,0.23030303030303031,0.06540447504302926,0.10187667560321716,cao2018,S01/060227n,all_channel,median,median__all_channel__FZ,32,29,"[0, 1, 7, 12, 15, 16, 17, 18, 21, 22, 23, 25, 28]",13,False,3.668172314372518e-05,-1.0490626632274778e-07,1.2262209803349309e-05,120.0
FC3,149,149,34,115,547,0.22818791946308725,0.058519793459552494,0.09315068493150686,cao2018,S01/060227n,all_channel,median,median__all_channel__FC3,32,29,"[0, 1, 7, 12, 15, 16, 17, 18, 21, 22, 23, 25, 28]",13,False,3.27834943490342e-05,-1.551943271241931e-07,1.0979562892052798e-05,120.0
TP8,137,137,27,110,554,0.19708029197080293,0.04647160068846816,0.07520891364902507,cao2018,S01/060227n,all_channel,median,median__all_channel__TP8,32,29,"[0, 1, 7, 12, 15, 16, 17, 18, 21, 22, 23, 25, 28]",13,False,2.008768052630421e-05,5.894877404779126e-08,6.676243917418806e-06,120.0
T3,101,101,16,85,565,0.15841584158415842,0.027538726333907058,0.0469208211143695,cao2018,S01/060227n,all_channel,median,median__all_channel__T3,32,29,"[0, 1, 7, 12, 15, 16, 17, 18, 21, 22, 23, 25, 28]",13,False,2.1885169358530084e-05,2.699934877185794e-08,7.286056669919408e-06,120.0
CP4,127,127,16,111,565,0.12598425196850394,0.027538726333907058,0.04519774011299435,cao2018,S01/060227n,all_channel,median,median__all_channel__CP4,32,29,"[0, 1, 7, 12, 15, 16, 17, 18, 21, 22, 23, 25, 28]",13,False,2.6902455202191517e-05,-4.195318619969652e-08,8.981469462797071e-06,120.0
C3,99,99,14,85,567,0.1414141414141414,0.024096385542168676,0.0411764705882353,cao2018,S01/060227n,all_channel,median,median__all_channel__C3,32,29,"[0, 1, 7, 12, 15, 16, 17, 18, 21, 22, 23, 25, 28]",13,False,2.926324543592108e-05,-4.097268018633773e-08,9.768072705369139e-06,120.0
CP3,78,78,11,67,570,0.14102564102564102,0.0189328743545611,0.03338391502276176,cao2018,S01/060227n,all_channel,median,median__all_channel__CP3,32,29,"[0, 1, 7, 12, 15, 16, 17, 18, 21, 22, 23, 25, 28]",13,False,2.6014057117785472e-05,-2.8108207621461257e-08,8.680721775135644e-06,120.0
P4,103,103,11,92,570,0.10679611650485436,0.0189328743545611,0.03216374269005848,cao2018,S01/060227n,all_channel,median,median__all_channel__P4,32,29,"[0, 1, 7, 12, 15, 16, 17, 18, 21, 22, 23, 25, 28]",13,False,2.5620667286019923e-05,-5.514667488215406e-09,8.542060651169378e-06,120.0
PZ,90,90,10,80,571,0.1111111111111111,0.01721170395869191,0.029806259314456036,cao2018,S01/060227n,all_channel,median,median__all_channel__PZ,32,29,"[0, 1, 7, 12, 15, 16, 17, 18, 21, 22, 23, 25, 28]",13,False,2.583502467611527e-05,-8.315646518883374e-08,8.639393713768034e-06,120.0
CPZ,109,109,9,100,572,0.08256880733944955,0.01549053356282272,0.026086956521739132,cao2018,S01/060227n,all_channel,median,median__all_channel__CPZ,32,29,"[0, 1, 7, 12, 15, 16, 17, 18, 21, 22, 23, 25, 28]",13,False,2.8543997807815642e-05,-6.536580064157598e-08,9.536454536152406e-06,120.0
P3,76,76,8,68,573,0.10526315789473684,0.013769363166953529,0.0243531202435312,cao2018,S01/060227n,all_channel,median,median__all_channel__P3,32,29,"[0, 1, 7, 12, 15, 16, 17, 18, 21, 22, 23, 25, 28]",13,False,2.4440759998062895e-05,8.069729614085839e-09,8.144230089482937e-06,120.0
T6,90,90,8,82,573,0.08888888888888889,0.013769363166953529,0.023845007451564832,cao2018,S01/060227n,all_channel,median,median__all_channel__T6,32,29,"[0, 1, 7, 12, 15, 16, 17, 18, 21, 22, 23, 25, 28]",13,False,1.8796244843687867e-05,2.5790354057290144e-08,6.256818163210192e-06,120.0
O1,63,63,7,56,574,0.1111111111111111,0.012048192771084338,0.021739130434782608,cao2018,S01/060227n,all_channel,median,median__all_channel__O1,32,29,"[0, 1, 7, 12, 15, 16, 17, 18, 21, 22, 23, 25, 28]",13,False,2.0246585842943454e-05,-3.017511596023637e-08,6.7589203196345635e-06,120.0
OZ,80,80,7,73,574,0.0875,0.012048192771084338,0.021180030257186084,cao2018,S01/060227n,all_channel,median,median__all_channel__OZ,32,29,"[0, 1, 7, 12, 15, 16, 17, 18, 21, 22, 23, 25, 28]",13,False,2.0109485715485658e-05,-3.602086533876866e-08,6.715168860274809e-06,120.0
A2,64,64,6,58,575,0.09375,0.010327022375215147,0.018604651162790697,cao2018,S01/060227n,all_channel,median,median__all_channel__A2,32,29,"[0, 1, 7, 12, 15, 16, 17, 18, 21, 22, 23, 25, 28]",13,False,9.639645703517173e-06,5.865131358608882e-08,3.1936647966436944e-06,120.0
TP7,52,52,5,47,576,0.09615384615384616,0.008605851979345954,0.01579778830963665,cao2018,S01/060227n,all_channel,median,median__all_channel__TP7,32,29,"[0, 1, 7, 12, 15, 16, 17, 18, 21, 22, 23, 25, 28]",13,False,2.0157034701381044e-05,5.233744958641175e-08,6.701565750598212e-06,120.0
T5,49,49,3,46,578,0.061224489795918366,0.0051635111876075735,0.009523809523809523,cao2018,S01/060227n,all_channel,median,median__all_channel__T5,32,29,"[0, 1, 7, 12, 15, 16, 17, 18, 21, 22, 23, 25, 28]",13,False,1.8739095648624364e-05,2.509212454715431e-08,6.238001174692403e-06,120.0
O2,58,58,2,56,579,0.034482758620689655,0.0034423407917383822,0.006259780907668232,cao2018,S01/060227n,all_channel,median,median__all_channel__O2,32,29,"[0, 1, 7, 12, 15, 16, 17, 18, 21, 22, 23, 25, 28]",13,False,2.1405768217860452e-05,7.698690160608464e-09,7.132689842566615e-06,120.0
A1,73,73,2,71,579,0.0273972602739726,0.0034423407917383822,0.006116207951070337,cao2018,S01/060227n,all_channel,median,median__all_channel__A1,32,29,"[0, 1, 7, 12, 15, 16, 17, 18, 21, 22, 23, 25, 28]",13,False,9.512179429041545e-06,-5.544408515271258e-08,3.189207838064753e-06,120.0
FP1,751,751,477,274,104,0.6351531291611185,0.8209982788296041,0.7162162162162162,cao2018,S01/060227n,all_channel,mean,mean__all_channel__FP1,32,29,"[0, 1, 7, 12, 15, 16, 17, 18, 21, 22, 23, 25, 28]",13,False,4.873963621722243e-05,-7.230370542472823e-09,1.6248955529254968e-05,120.0
FP2,551,551,310,241,271,0.5626134301270418,0.5335628227194492,0.5477031802120141,cao2018,S01/060227n,all_channel,mean,mean__all_channel__FP2,32,29,"[0, 1, 7, 12, 15, 16, 17, 18, 21, 22, 23, 25, 28]",13,False,4.4496650255907526e-05,-9.148520895238792e-09,1.4835266258934256e-05,120.0
F7,280,280,140,140,441,0.5,0.24096385542168675,0.3252032520325203,cao2018,S01/060227n,all_channel,mean,mean__all_channel__F7,32,29,"[0, 1, 7, 12, 15, 16, 17, 18, 21, 22, 23, 25, 28]",13,False,3.311225689211076e-05,-3.3663406785441294e-09,1.1038541077596434e-05,120.0
F3,222,222,76,146,505,0.34234234234234234,0.13080895008605853,0.18929016189290163,cao2018,S01/060227n,all_channel,mean,mean__all_channel__F3,32,29,"[0, 1, 7, 12, 15, 16, 17, 18, 21, 22, 23, 25, 28]",13,False,3.886248077609955e-05,-3.0882337813187365e-09,1.2955189669960289e-05,120.0
F4,262,262,77,185,504,0.29389312977099236,0.13253012048192772,0.18268090154211153,cao2018,S01/060227n,all_channel,mean,mean__all_channel__F4,32,29,"[0, 1, 7, 12, 15, 16, 17, 18, 21, 22, 23, 25, 28]",13,False,3.89161853833478e-05,-4.0514515439925026e-09,1.2973412278297264e-05,120.0
F8,218,218,61,157,520,0.2798165137614679,0.10499139414802065,0.15269086357947434,cao2018,S01/060227n,all_channel,mean,mean__all_channel__F8,32,29,"[0, 1, 7, 12, 15, 16, 17, 18, 21, 22, 23, 25, 28]",13,False,2.5458835010018025e-05,-4.213408124419379e-09,8.487682806047482e-06,120.0
T4,217,217,59,158,522,0.271889400921659,0.10154905335628227,0.14786967418546365,cao2018,S01/060227n,all_channel,mean,mean__all_channel__T4,32,29,"[0, 1, 7, 12, 15, 16, 17, 18, 21, 22, 23, 25, 28]",13,False,2.5222633248218223e-05,-4.713409325412218e-09,8.409115552514545e-06,120.0
FT8,214,214,57,157,524,0.26635514018691586,0.0981067125645439,0.14339622641509434,cao2018,S01/060227n,all_channel,mean,mean__all_channel__FT8,32,29,"[0, 1, 7, 12, 15, 16, 17, 18, 21, 22, 23, 25, 28]",13,False,2.5371595693221006e-05,-4.032173053001194e-09,8.458542622091336e-06,120.0
C4,175,175,44,131,537,0.25142857142857145,0.0757314974182444,0.1164021164021164,cao2018,S01/060227n,all_channel,mean,mean__all_channel__C4,32,29,"[0, 1, 7, 12, 15, 16, 17, 18, 21, 22, 23, 25, 28]",13,False,3.307251360597915e-05,-2.6007133172109402e-09,1.102503810643212e-05,120.0
FC4,176,176,44,132,537,0.25,0.0757314974182444,0.11624834874504623,cao2018,S01/060227n,all_channel,mean,mean__all_channel__FC4,32,29,"[0, 1, 7, 12, 15, 16, 17, 18, 21, 22, 23, 25, 28]",13,False,3.314125396628762e-05,-2.3831803889175104e-09,1.104787904889218e-05,120.0
FT7,137,137,37,100,544,0.27007299270072993,0.06368330464716007,0.10306406685236769,cao2018,S01/060227n,all_channel,mean,mean__all_channel__FT7,32,29,"[0, 1, 7, 12, 15, 16, 17, 18, 21, 22, 23, 25, 28]",13,False,2.6364715514182524e-05,-2.0657308937735563e-09,8.7889270816921e-06,120.0
CZ,157,157,38,119,543,0.24203821656050956,0.06540447504302926,0.10298102981029811,cao2018,S01/060227n,all_channel,mean,mean__all_channel__CZ,32,29,"[0, 1, 7, 12, 15, 16, 17, 18, 21, 22, 23, 25, 28]",13,False,3.653133537999485e-05,-4.209529006348495e-09,1.2178514969667067e-05,120.0
FCZ,162,162,38,124,543,0.2345679012345679,0.06540447504302926,0.10228802153432033,cao2018,S01/060227n,all_channel,mean,mean__all_channel__FCZ,32,29,"[0, 1, 7, 12, 15, 16, 17, 18, 21, 22, 23, 25, 28]",13,False,3.6583666713167915e-05,-4.1877909438110474e-09,1.2195951501370574e-05,120.0
FZ,164,164,38,126,543,0.23170731707317074,0.06540447504302926,0.10201342281879196,cao2018,S01/060227n,all_channel,mean,mean__all_channel__FZ,32,29,"[0, 1, 7, 12, 15, 16, 17, 18, 21, 22, 23, 25, 28]",13,False,3.6781946558390574e-05,-4.682851657352187e-09,1.2262209803349309e-05,120.0
FC3,146,146,33,113,548,0.22602739726027396,0.05679862306368331,0.0907840440165062,cao2018,S01/060227n,all_channel,mean,mean__all_channel__FC3,32,29,"[0, 1, 7, 12, 15, 16, 17, 18, 21, 22, 23, 25, 28]",13,False,3.2935635738933816e-05,-3.052937224575672e-09,1.0979562892052798e-05,120.0
TP8,138,138,27,111,554,0.1956521739130435,0.04647160068846816,0.07510431154381085,cao2018,S01/060227n,all_channel,mean,mean__all_channel__TP8,32,29,"[0, 1, 7, 12, 15, 16, 17, 18, 21, 22, 23, 25, 28]",13,False,2.002638669944263e-05,-2.345052813785693e-09,6.676243917418806e-06,120.0
T3,102,102,16,86,565,0.1568627450980392,0.027538726333907058,0.04685212298682284,cao2018,S01/060227n,all_channel,mean,mean__all_channel__T3,32,29,"[0, 1, 7, 12, 15, 16, 17, 18, 21, 22, 23, 25, 28]",13,False,2.1859323947240298e-05,1.1539374820729924e-09,7.286056669919408e-06,120.0
CP4,127,127,16,111,565,0.12598425196850394,0.027538726333907058,0.04519774011299435,cao2018,S01/060227n,all_channel,mean,mean__all_channel__CP4,32,29,"[0, 1, 7, 12, 15, 16, 17, 18, 21, 22, 23, 25, 28]",13,False,2.6943718032858973e-05,-6.90355532242622e-10,8.981469462797071e-06,120.0
C3,98,98,14,84,567,0.14285714285714285,0.024096385542168676,0.04123711340206186,cao2018,S01/060227n,all_channel,mean,mean__all_channel__C3,32,29,"[0, 1, 7, 12, 15, 16, 17, 18, 21, 22, 23, 25, 28]",13,False,2.930379292334591e-05,-4.2519276150687337e-10,9.768072705369139e-06,120.0
P4,103,103,11,92,570,0.10679611650485436,0.0189328743545611,0.03216374269005848,cao2018,S01/060227n,all_channel,mean,mean__all_channel__P4,32,29,"[0, 1, 7, 12, 15, 16, 17, 18, 21, 22, 23, 25, 28]",13,False,2.562893567737828e-05,2.7537238701415306e-09,8.542060651169378e-06,120.0
CP3,78,78,10,68,571,0.1282051282051282,0.01721170395869191,0.030349013657056147,cao2018,S01/060227n,all_channel,mean,mean__all_channel__CP3,32,29,"[0, 1, 7, 12, 15, 16, 17, 18, 21, 22, 23, 25, 28]",13,False,2.6045537509222907e-05,3.372183815970829e-09,8.680721775135644e-06,120.0
PZ,89,89,10,79,571,0.11235955056179775,0.01721170395869191,0.029850746268656716,cao2018,S01/060227n,all_channel,mean,mean__all_channel__PZ,32,29,"[0, 1, 7, 12, 15, 16, 17, 18, 21, 22, 23, 25, 28]",13,False,2.592137276736941e-05,3.1916260653074537e-09,8.639393713768034e-06,120.0
CPZ,106,106,9,97,572,0.08490566037735849,0.01549053356282272,0.026200873362445413,cao2018,S01/060227n,all_channel,mean,mean__all_channel__CPZ,32,29,"[0, 1, 7, 12, 15, 16, 17, 18, 21, 22, 23, 25, 28]",13,False,2.8609675029034666e-05,3.114205774481791e-10,9.536454536152406e-06,120.0
P3,76,76,8,68,573,0.10526315789473684,0.013769363166953529,0.0243531202435312,cao2018,S01/060227n,all_channel,mean,mean__all_channel__P3,32,29,"[0, 1, 7, 12, 15, 16, 17, 18, 21, 22, 23, 25, 28]",13,False,2.443795595763662e-05,5.2656891878102455e-09,8.144230089482937e-06,120.0
T6,90,90,8,82,573,0.08888888888888889,0.013769363166953529,0.023845007451564832,cao2018,S01/060227n,all_channel,mean,mean__all_channel__T6,32,29,"[0, 1, 7, 12, 15, 16, 17, 18, 21, 22, 23, 25, 28]",13,False,1.8771187490130965e-05,7.330005003877194e-10,6.256818163210192e-06,120.0
O1,63,63,7,56,574,0.1111111111111111,0.012048192771084338,0.021739130434782608,cao2018,S01/060227n,all_channel,mean,mean__all_channel__O1,32,29,"[0, 1, 7, 12, 15, 16, 17, 18, 21, 22, 23, 25, 28]",13,False,2.0285555281840917e-05,8.79432293722755e-09,6.7589203196345635e-06,120.0
OZ,80,80,7,73,574,0.0875,0.012048192771084338,0.021180030257186084,cao2018,S01/060227n,all_channel,mean,mean__all_channel__OZ,32,29,"[0, 1, 7, 12, 15, 16, 17, 18, 21, 22, 23, 25, 28]",13,False,2.0154906462378652e-05,9.399881554227569e-09,6.715168860274809e-06,120.0
A2,65,65,6,59,575,0.09230769230769231,0.010327022375215147,0.018575851393188857,cao2018,S01/060227n,all_channel,mean,mean__all_channel__A2,32,29,"[0, 1, 7, 12, 15, 16, 17, 18, 21, 22, 23, 25, 28]",13,False,9.579898989410577e-06,-1.0954005205071777e-09,3.1936647966436944e-06,120.0
TP7,52,52,5,47,576,0.09615384615384616,0.008605851979345954,0.01579778830963665,cao2018,S01/060227n,all_channel,mean,mean__all_channel__TP7,32,29,"[0, 1, 7, 12, 15, 16, 17, 18, 21, 22, 23, 25, 28]",13,False,2.010770774619164e-05,3.010494397004018e-09,6.701565750598212e-06,120.0
T5,49,49,3,46,578,0.061224489795918366,0.0051635111876075735,0.009523809523809523,cao2018,S01/060227n,all_channel,mean,mean__all_channel__T5,32,29,"[0, 1, 7, 12, 15, 16, 17, 18, 21, 22, 23, 25, 28]",13,False,1.87203523841568e-05,6.348860079591501e-09,6.238001174692403e-06,120.0
O2,58,58,2,56,579,0.034482758620689655,0.0034423407917383822,0.006259780907668232,cao2018,S01/060227n,all_channel,mean,mean__all_channel__O2,32,29,"[0, 1, 7, 12, 15, 16, 17, 18, 21, 22, 23, 25, 28]",13,False,2.1405915019554083e-05,7.845491854237916e-09,7.132689842566615e-06,120.0
A1,72,72,2,70,579,0.027777777777777776,0.0034423407917383822,0.006125574272588055,cao2018,S01/060227n,all_channel,mean,mean__all_channel__A1,32,29,"[0, 1, 7, 12, 15, 16, 17, 18, 21, 22, 23, 25, 28]",13,False,9.568718292475267e-06,1.0947782810076915e-09,3.189207838064753e-06,120.0
FP1,812,812,498,314,83,0.6133004926108374,0.8571428571428571,0.7150035893754486,cao2018,S01/060227n,frontal,median,median__frontal__FP1,4,29,"[0, 1, 7, 12, 15, 16, 18, 21, 22, 23, 25, 28]",12,False,4.623016699641063e-05,-2.146569157078257e-06,1.6125578717829628e-05,120.0
FP2,599,599,329,270,252,0.5492487479131887,0.5662650602409639,0.5576271186440679,cao2018,S01/060227n,frontal,median,median__frontal__FP2,4,29,"[0, 1, 7, 12, 15, 16, 18, 21, 22, 23, 25, 28]",12,False,4.2811654539408114e-05,-1.2403677061941185e-06,1.4684007415200746e-05,120.0
F3,237,237,80,157,501,0.33755274261603374,0.13769363166953527,0.19559902200488993,cao2018,S01/060227n,frontal,median,median__frontal__F3,4,29,"[0, 1, 7, 12, 15, 16, 18, 21, 22, 23, 25, 28]",12,False,3.806159120079653e-05,-4.707842618433871e-07,1.2844125154213307e-05,120.0
F4,273,273,81,192,500,0.2967032967032967,0.13941480206540446,0.18969555035128804,cao2018,S01/060227n,frontal,median,median__frontal__F4,4,29,"[0, 1, 7, 12, 15, 16, 18, 21, 22, 23, 25, 28]",12,False,3.830058609601205e-05,-2.5166234902972976e-07,1.2850749481680594e-05,120.0
FP1,764,764,480,284,101,0.6282722513089005,0.8261617900172117,0.7137546468401486,cao2018,S01/060227n,frontal,mean,mean__frontal__FP1,4,29,"[0, 1, 7, 12, 15, 16, 18, 21, 22, 23, 25, 28]",12,False,4.8371870071591436e-05,-4.866081897454881e-09,1.6125578717829628e-05,120.0
FP2,565,565,313,252,268,0.5539823008849557,0.5387263339070568,0.5462478184991274,cao2018,S01/060227n,frontal,mean,mean__frontal__FP2,4,29,"[0, 1, 7, 12, 15, 16, 18, 21, 22, 23, 25, 28]",12,False,4.404467851010422e-05,-7.3437354980163385e-09,1.4684007415200746e-05,120.0
F3,226,226,77,149,504,0.3407079646017699,0.13253012048192772,0.19083023543990088,cao2018,S01/060227n,frontal,mean,mean__frontal__F3,4,29,"[0, 1, 7, 12, 15, 16, 18, 21, 22, 23, 25, 28]",12,False,3.8531573830895684e-05,-8.016317442356108e-10,1.2844125154213307e-05,120.0
F4,268,268,79,189,502,0.2947761194029851,0.1359724612736661,0.1861012956419317,cao2018,S01/060227n,frontal,mean,mean__frontal__F4,4,29,"[0, 1, 7, 12, 15, 16, 18, 21, 22, 23, 25, 28]",12,False,3.854920064631426e-05,-3.0477987275200733e-09,1.2850749481680594e-05,120.0
FP1,818,818,499,319,82,0.6100244498777506,0.8588640275387264,0.7133666904932096,cao2018,S01/060227n,frontal_left,median,median__frontal_left__FP1,2,29,"[0, 7, 12, 15, 16, 18, 21, 22, 23, 25, 28]",11,False,4.6038895234180524e-05,-2.282423072193841e-06,1.610710610212479e-05,120.0
F3,238,238,80,158,501,0.33613445378151263,0.13769363166953527,0.19536019536019536,cao2018,S01/060227n,frontal_left,median,median__frontal_left__F3,2,29,"[0, 7, 12, 15, 16, 18, 21, 22, 23, 25, 28]",11,False,3.785459912957434e-05,-5.003204720050601e-07,1.2784973200526466e-05,120.0
FP1,765,765,480,285,101,0.6274509803921569,0.8261617900172117,0.7132243684992572,cao2018,S01/060227n,frontal_left,mean,mean__frontal_left__FP1,2,29,"[0, 7, 12, 15, 16, 18, 21, 22, 23, 25, 28]",11,False,4.832040097189425e-05,-9.173344801218851e-10,1.610710610212479e-05,120.0
F3,229,229,78,151,503,0.3406113537117904,0.1342512908777969,0.1925925925925926,cao2018,S01/060227n,frontal_left,mean,mean__frontal_left__F3,2,29,"[0, 7, 12, 15, 16, 18, 21, 22, 23, 25, 28]",11,False,3.8359412948918024e-05,4.49334733862054e-09,1.2784973200526466e-05,120.0
FP2,588,588,324,264,257,0.5510204081632653,0.5576592082616179,0.5543199315654405,cao2018,S01/060227n,frontal_right,median,median__frontal_right__FP2,2,29,"[0, 1, 7, 15, 18, 21, 22, 23, 28]",9,False,4.330034223798065e-05,-1.3044220467841165e-06,1.4868254761588257e-05,120.0
F4,254,254,75,179,506,0.2952755905511811,0.12908777969018934,0.17964071856287425,cao2018,S01/060227n,frontal_right,median,median__frontal_right__F4,2,29,"[0, 1, 7, 15, 18, 21, 22, 23, 28]",9,False,3.9096337518912944e-05,-2.6674520808005077e-07,1.3121027575664332e-05,120.0
FP2,550,550,310,240,271,0.5636363636363636,0.5335628227194492,0.5481874447391689,cao2018,S01/060227n,frontal_right,mean,mean__frontal_right__FP2,2,29,"[0, 1, 7, 15, 18, 21, 22, 23, 28]",9,False,4.460972291760186e-05,4.958632837089328e-09,1.4868254761588257e-05,120.0
F4,252,252,75,177,506,0.2976190476190476,0.12908777969018934,0.18007202881152462,cao2018,S01/060227n,frontal_right,mean,mean__frontal_right__F4,2,29,"[0, 1, 7, 15, 18, 21, 22, 23, 28]",9,False,3.93684833280487e-05,5.40060105570562e-09,1.3121027575664332e-05,120.0
