channel,raw_candidate_count,mapped_candidate_count,tp,fp,fn,precision,recall,f1,dataset,session,selection,center_method,condition,n_channels_used,n_valid,flagged_valid_epoch_indices,n_flagged,used_all_epochs,blink_region_threshold,threshold_center,threshold_dispersion,epoch_duration_s
FP1,2021,2021,1705,316,36,0.8436417615042059,0.9793222286042504,0.9064327485380118,cao2018,S23/060711_1m,all_channel,median,median__all_channel__FP1,32,422,"[1, 3, 12, 13, 14, 15, 16, 18, 21, 23, 24, 26, 28, 31, 35, 45, 49, 50, 51, 52, 57, 61, 62, 64, 68, 69, 70, 71, 73, 74, 75, 76, 77, 80, 81, 85, 86, 89, 93, 97, 101, 102, 103, 110, 113, 114, 115, 116, 117, 118, 119, 124, 133, 134, 135, 136, 149, 150, 153, 155, 158, 159, 160, 161, 162, 164, 165, 167, 169, 170, 171, 172, 173, 174, 175, 176, 177, 179, 181, 183, 184, 190, 195, 196, 202, 208, 210, 216, 217, 218, 228, 229, 235, 236, 237, 238, 239, 240, 241, 242, 243, 245, 246, 248, 249, 252, 253, 254, 255, 261, 262, 263, 264, 271, 273, 277, 278, 279, 281, 287, 288, 289, 290, 291, 294, 297, 304, 306, 309, 311, 312, 315, 317, 319, 320, 326, 327, 331, 339, 340, 344, 346, 353, 357, 362, 365, 367, 369, 370, 371, 373, 374, 375, 378, 381, 382, 384, 391, 392, 396, 399, 403, 404, 407, 408, 410, 411, 412, 413, 416, 418, 419]",172,False,6.250975962555349e-05,-4.716075097470257e-06,2.240861157434125e-05,10.0
FP2,1989,1989,1690,299,51,0.8496732026143791,0.9707064905226881,0.906166219839142,cao2018,S23/060711_1m,all_channel,median,median__all_channel__FP2,32,422,"[1, 3, 12, 13, 14, 15, 16, 18, 21, 23, 24, 26, 28, 31, 35, 45, 49, 50, 51, 52, 57, 61, 62, 64, 68, 69, 70, 71, 73, 74, 75, 76, 77, 80, 81, 85, 86, 89, 93, 97, 101, 102, 103, 110, 113, 114, 115, 116, 117, 118, 119, 124, 133, 134, 135, 136, 149, 150, 153, 155, 158, 159, 160, 161, 162, 164, 165, 167, 169, 170, 171, 172, 173, 174, 175, 176, 177, 179, 181, 183, 184, 190, 195, 196, 202, 208, 210, 216, 217, 218, 228, 229, 235, 236, 237, 238, 239, 240, 241, 242, 243, 245, 246, 248, 249, 252, 253, 254, 255, 261, 262, 263, 264, 271, 273, 277, 278, 279, 281, 287, 288, 289, 290, 291, 294, 297, 304, 306, 309, 311, 312, 315, 317, 319, 320, 326, 327, 331, 339, 340, 344, 346, 353, 357, 362, 365, 367, 369, 370, 371, 373, 374, 375, 378, 381, 382, 384, 391, 392, 396, 399, 403, 404, 407, 408, 410, 411, 412, 413, 416, 418, 419]",172,False,6.344100961674192e-05,-4.750411271176549e-06,2.2730473629306155e-05,10.0
F7,1763,1763,1470,293,271,0.8338060124787294,0.8443423319931074,0.839041095890411,cao2018,S23/060711_1m,all_channel,median,median__all_channel__F7,32,422,"[1, 3, 12, 13, 14, 15, 16, 18, 21, 23, 24, 26, 28, 31, 35, 45, 49, 50, 51, 52, 57, 61, 62, 64, 68, 69, 70, 71, 73, 74, 75, 76, 77, 80, 81, 85, 86, 89, 93, 97, 101, 102, 103, 110, 113, 114, 115, 116, 117, 118, 119, 124, 133, 134, 135, 136, 149, 150, 153, 155, 158, 159, 160, 161, 162, 164, 165, 167, 169, 170, 171, 172, 173, 174, 175, 176, 177, 179, 181, 183, 184, 190, 195, 196, 202, 208, 210, 216, 217, 218, 228, 229, 235, 236, 237, 238, 239, 240, 241, 242, 243, 245, 246, 248, 249, 252, 253, 254, 255, 261, 262, 263, 264, 271, 273, 277, 278, 279, 281, 287, 288, 289, 290, 291, 294, 297, 304, 306, 309, 311, 312, 315, 317, 319, 320, 326, 327, 331, 339, 340, 344, 346, 353, 357, 362, 365, 367, 369, 370, 371, 373, 374, 375, 378, 381, 382, 384, 391, 392, 396, 399, 403, 404, 407, 408, 410, 411, 412, 413, 416, 418, 419]",172,False,3.683642700639308e-05,-1.9526003417110304e-06,1.2929675782701372e-05,10.0
F8,1636,1636,1389,247,352,0.8490220048899756,0.7978173463526709,0.82262363044122,cao2018,S23/060711_1m,all_channel,median,median__all_channel__F8,32,422,"[1, 3, 12, 13, 14, 15, 16, 18, 21, 23, 24, 26, 28, 31, 35, 45, 49, 50, 51, 52, 57, 61, 62, 64, 68, 69, 70, 71, 73, 74, 75, 76, 77, 80, 81, 85, 86, 89, 93, 97, 101, 102, 103, 110, 113, 114, 115, 116, 117, 118, 119, 124, 133, 134, 135, 136, 149, 150, 153, 155, 158, 159, 160, 161, 162, 164, 165, 167, 169, 170, 171, 172, 173, 174, 175, 176, 177, 179, 181, 183, 184, 190, 195, 196, 202, 208, 210, 216, 217, 218, 228, 229, 235, 236, 237, 238, 239, 240, 241, 242, 243, 245, 246, 248, 249, 252, 253, 254, 255, 261, 262, 263, 264, 271, 273, 277, 278, 279, 281, 287, 288, 289, 290, 291, 294, 297, 304, 306, 309, 311, 312, 315, 317, 319, 320, 326, 327, 331, 339, 340, 344, 346, 353, 357, 362, 365, 367, 369, 370, 371, 373, 374, 375, 378, 381, 382, 384, 391, 392, 396, 399, 403, 404, 407, 408, 410, 411, 412, 413, 416, 418, 419]",172,False,3.230004845575629e-05,-1.6909620697203066e-06,1.1330336841825535e-05,10.0
FZ,1626,1626,1369,257,372,0.8419434194341944,0.7863296955772544,0.8131868131868131,cao2018,S23/060711_1m,all_channel,median,median__all_channel__FZ,32,422,"[1, 3, 12, 13, 14, 15, 16, 18, 21, 23, 24, 26, 28, 31, 35, 45, 49, 50, 51, 52, 57, 61, 62, 64, 68, 69, 70, 71, 73, 74, 75, 76, 77, 80, 81, 85, 86, 89, 93, 97, 101, 102, 103, 110, 113, 114, 115, 116, 117, 118, 119, 124, 133, 134, 135, 136, 149, 150, 153, 155, 158, 159, 160, 161, 162, 164, 165, 167, 169, 170, 171, 172, 173, 174, 175, 176, 177, 179, 181, 183, 184, 190, 195, 196, 202, 208, 210, 216, 217, 218, 228, 229, 235, 236, 237, 238, 239, 240, 241, 242, 243, 245, 246, 248, 249, 252, 253, 254, 255, 261, 262, 263, 264, 271, 273, 277, 278, 279, 281, 287, 288, 289, 290, 291, 294, 297, 304, 306, 309, 311, 312, 315, 317, 319, 320, 326, 327, 331, 339, 340, 344, 346, 353, 357, 362, 365, 367, 369, 370, 371, 373, 374, 375, 378, 381, 382, 384, 391, 392, 396, 399, 403, 404, 407, 408, 410, 411, 412, 413, 416, 418, 419]",172,False,3.788997493222821e-05,-2.0650318272430824e-06,1.3318335586490432e-05,10.0
F3,1572,1572,1305,267,436,0.8301526717557252,0.7495692130959218,0.7878056142469061,cao2018,S23/060711_1m,all_channel,median,median__all_channel__F3,32,422,"[1, 3, 12, 13, 14, 15, 16, 18, 21, 23, 24, 26, 28, 31, 35, 45, 49, 50, 51, 52, 57, 61, 62, 64, 68, 69, 70, 71, 73, 74, 75, 76, 77, 80, 81, 85, 86, 89, 93, 97, 101, 102, 103, 110, 113, 114, 115, 116, 117, 118, 119, 124, 133, 134, 135, 136, 149, 150, 153, 155, 158, 159, 160, 161, 162, 164, 165, 167, 169, 170, 171, 172, 173, 174, 175, 176, 177, 179, 181, 183, 184, 190, 195, 196, 202, 208, 210, 216, 217, 218, 228, 229, 235, 236, 237, 238, 239, 240, 241, 242, 243, 245, 246, 248, 249, 252, 253, 254, 255, 261, 262, 263, 264, 271, 273, 277, 278, 279, 281, 287, 288, 289, 290, 291, 294, 297, 304, 306, 309, 311, 312, 315, 317, 319, 320, 326, 327, 331, 339, 340, 344, 346, 353, 357, 362, 365, 367, 369, 370, 371, 373, 374, 375, 378, 381, 382, 384, 391, 392, 396, 399, 403, 404, 407, 408, 410, 411, 412, 413, 416, 418, 419]",172,False,4.152084830665538e-05,-2.16665214268248e-06,1.4562500149779286e-05,10.0
F4,1366,1366,1117,249,624,0.8177159590043924,0.6415852958070075,0.7190215642098488,cao2018,S23/060711_1m,all_channel,median,median__all_channel__F4,32,422,"[1, 3, 12, 13, 14, 15, 16, 18, 21, 23, 24, 26, 28, 31, 35, 45, 49, 50, 51, 52, 57, 61, 62, 64, 68, 69, 70, 71, 73, 74, 75, 76, 77, 80, 81, 85, 86, 89, 93, 97, 101, 102, 103, 110, 113, 114, 115, 116, 117, 118, 119, 124, 133, 134, 135, 136, 149, 150, 153, 155, 158, 159, 160, 161, 162, 164, 165, 167, 169, 170, 171, 172, 173, 174, 175, 176, 177, 179, 181, 183, 184, 190, 195, 196, 202, 208, 210, 216, 217, 218, 228, 229, 235, 236, 237, 238, 239, 240, 241, 242, 243, 245, 246, 248, 249, 252, 253, 254, 255, 261, 262, 263, 264, 271, 273, 277, 278, 279, 281, 287, 288, 289, 290, 291, 294, 297, 304, 306, 309, 311, 312, 315, 317, 319, 320, 326, 327, 331, 339, 340, 344, 346, 353, 357, 362, 365, 367, 369, 370, 371, 373, 374, 375, 378, 381, 382, 384, 391, 392, 396, 399, 403, 404, 407, 408, 410, 411, 412, 413, 416, 418, 419]",172,False,4.064288191637712e-05,-1.7320672005865846e-06,1.4124983038987901e-05,10.0
FC3,1012,1012,821,191,920,0.8112648221343873,0.47156806433084436,0.5964402470032691,cao2018,S23/060711_1m,all_channel,median,median__all_channel__FC3,32,422,"[1, 3, 12, 13, 14, 15, 16, 18, 21, 23, 24, 26, 28, 31, 35, 45, 49, 50, 51, 52, 57, 61, 62, 64, 68, 69, 70, 71, 73, 74, 75, 76, 77, 80, 81, 85, 86, 89, 93, 97, 101, 102, 103, 110, 113, 114, 115, 116, 117, 118, 119, 124, 133, 134, 135, 136, 149, 150, 153, 155, 158, 159, 160, 161, 162, 164, 165, 167, 169, 170, 171, 172, 173, 174, 175, 176, 177, 179, 181, 183, 184, 190, 195, 196, 202, 208, 210, 216, 217, 218, 228, 229, 235, 236, 237, 238, 239, 240, 241, 242, 243, 245, 246, 248, 249, 252, 253, 254, 255, 261, 262, 263, 264, 271, 273, 277, 278, 279, 281, 287, 288, 289, 290, 291, 294, 297, 304, 306, 309, 311, 312, 315, 317, 319, 320, 326, 327, 331, 339, 340, 344, 346, 353, 357, 362, 365, 367, 369, 370, 371, 373, 374, 375, 378, 381, 382, 384, 391, 392, 396, 399, 403, 404, 407, 408, 410, 411, 412, 413, 416, 418, 419]",172,False,3.145723930978712e-05,-1.3514800156102433e-06,1.0936239775132454e-05,10.0
FT7,949,949,735,214,1006,0.7744994731296101,0.4221711659965537,0.5464684014869888,cao2018,S23/060711_1m,all_channel,median,median__all_channel__FT7,32,422,"[1, 3, 12, 13, 14, 15, 16, 18, 21, 23, 24, 26, 28, 31, 35, 45, 49, 50, 51, 52, 57, 61, 62, 64, 68, 69, 70, 71, 73, 74, 75, 76, 77, 80, 81, 85, 86, 89, 93, 97, 101, 102, 103, 110, 113, 114, 115, 116, 117, 118, 119, 124, 133, 134, 135, 136, 149, 150, 153, 155, 158, 159, 160, 161, 162, 164, 165, 167, 169, 170, 171, 172, 173, 174, 175, 176, 177, 179, 181, 183, 184, 190, 195, 196, 202, 208, 210, 216, 217, 218, 228, 229, 235, 236, 237, 238, 239, 240, 241, 242, 243, 245, 246, 248, 249, 252, 253, 254, 255, 261, 262, 263, 264, 271, 273, 277, 278, 279, 281, 287, 288, 289, 290, 291, 294, 297, 304, 306, 309, 311, 312, 315, 317, 319, 320, 326, 327, 331, 339, 340, 344, 346, 353, 357, 362, 365, 367, 369, 370, 371, 373, 374, 375, 378, 381, 382, 384, 391, 392, 396, 399, 403, 404, 407, 408, 410, 411, 412, 413, 416, 418, 419]",172,False,2.6814379144121502e-05,-9.394353474849583e-07,9.251271497202153e-06,10.0
FCZ,887,887,699,188,1042,0.7880496054114995,0.40149339460080413,0.5319634703196348,cao2018,S23/060711_1m,all_channel,median,median__all_channel__FCZ,32,422,"[1, 3, 12, 13, 14, 15, 16, 18, 21, 23, 24, 26, 28, 31, 35, 45, 49, 50, 51, 52, 57, 61, 62, 64, 68, 69, 70, 71, 73, 74, 75, 76, 77, 80, 81, 85, 86, 89, 93, 97, 101, 102, 103, 110, 113, 114, 115, 116, 117, 118, 119, 124, 133, 134, 135, 136, 149, 150, 153, 155, 158, 159, 160, 161, 162, 164, 165, 167, 169, 170, 171, 172, 173, 174, 175, 176, 177, 179, 181, 183, 184, 190, 195, 196, 202, 208, 210, 216, 217, 218, 228, 229, 235, 236, 237, 238, 239, 240, 241, 242, 243, 245, 246, 248, 249, 252, 253, 254, 255, 261, 262, 263, 264, 271, 273, 277, 278, 279, 281, 287, 288, 289, 290, 291, 294, 297, 304, 306, 309, 311, 312, 315, 317, 319, 320, 326, 327, 331, 339, 340, 344, 346, 353, 357, 362, 365, 367, 369, 370, 371, 373, 374, 375, 378, 381, 382, 384, 391, 392, 396, 399, 403, 404, 407, 408, 410, 411, 412, 413, 416, 418, 419]",172,False,3.385871061605278e-05,-1.3380048440050127e-06,1.1732238486685929e-05,10.0
FC4,822,822,648,174,1093,0.7883211678832117,0.3721998851234922,0.5056574326960592,cao2018,S23/060711_1m,all_channel,median,median__all_channel__FC4,32,422,"[1, 3, 12, 13, 14, 15, 16, 18, 21, 23, 24, 26, 28, 31, 35, 45, 49, 50, 51, 52, 57, 61, 62, 64, 68, 69, 70, 71, 73, 74, 75, 76, 77, 80, 81, 85, 86, 89, 93, 97, 101, 102, 103, 110, 113, 114, 115, 116, 117, 118, 119, 124, 133, 134, 135, 136, 149, 150, 153, 155, 158, 159, 160, 161, 162, 164, 165, 167, 169, 170, 171, 172, 173, 174, 175, 176, 177, 179, 181, 183, 184, 190, 195, 196, 202, 208, 210, 216, 217, 218, 228, 229, 235, 236, 237, 238, 239, 240, 241, 242, 243, 245, 246, 248, 249, 252, 253, 254, 255, 261, 262, 263, 264, 271, 273, 277, 278, 279, 281, 287, 288, 289, 290, 291, 294, 297, 304, 306, 309, 311, 312, 315, 317, 319, 320, 326, 327, 331, 339, 340, 344, 346, 353, 357, 362, 365, 367, 369, 370, 371, 373, 374, 375, 378, 381, 382, 384, 391, 392, 396, 399, 403, 404, 407, 408, 410, 411, 412, 413, 416, 418, 419]",172,False,3.167763474495641e-05,-1.182796935808968e-06,1.0953477226921793e-05,10.0
FT8,766,766,590,176,1151,0.7702349869451697,0.3388856978747846,0.47068209014758666,cao2018,S23/060711_1m,all_channel,median,median__all_channel__FT8,32,422,"[1, 3, 12, 13, 14, 15, 16, 18, 21, 23, 24, 26, 28, 31, 35, 45, 49, 50, 51, 52, 57, 61, 62, 64, 68, 69, 70, 71, 73, 74, 75, 76, 77, 80, 81, 85, 86, 89, 93, 97, 101, 102, 103, 110, 113, 114, 115, 116, 117, 118, 119, 124, 133, 134, 135, 136, 149, 150, 153, 155, 158, 159, 160, 161, 162, 164, 165, 167, 169, 170, 171, 172, 173, 174, 175, 176, 177, 179, 181, 183, 184, 190, 195, 196, 202, 208, 210, 216, 217, 218, 228, 229, 235, 236, 237, 238, 239, 240, 241, 242, 243, 245, 246, 248, 249, 252, 253, 254, 255, 261, 262, 263, 264, 271, 273, 277, 278, 279, 281, 287, 288, 289, 290, 291, 294, 297, 304, 306, 309, 311, 312, 315, 317, 319, 320, 326, 327, 331, 339, 340, 344, 346, 353, 357, 362, 365, 367, 369, 370, 371, 373, 374, 375, 378, 381, 382, 384, 391, 392, 396, 399, 403, 404, 407, 408, 410, 411, 412, 413, 416, 418, 419]",172,False,2.3645973038746248e-05,-7.949032295499949e-07,8.146958756098748e-06,10.0
C3,514,514,384,130,1357,0.7470817120622568,0.2205628948879954,0.34057649667405765,cao2018,S23/060711_1m,all_channel,median,median__all_channel__C3,32,422,"[1, 3, 12, 13, 14, 15, 16, 18, 21, 23, 24, 26, 28, 31, 35, 45, 49, 50, 51, 52, 57, 61, 62, 64, 68, 69, 70, 71, 73, 74, 75, 76, 77, 80, 81, 85, 86, 89, 93, 97, 101, 102, 103, 110, 113, 114, 115, 116, 117, 118, 119, 124, 133, 134, 135, 136, 149, 150, 153, 155, 158, 159, 160, 161, 162, 164, 165, 167, 169, 170, 171, 172, 173, 174, 175, 176, 177, 179, 181, 183, 184, 190, 195, 196, 202, 208, 210, 216, 217, 218, 228, 229, 235, 236, 237, 238, 239, 240, 241, 242, 243, 245, 246, 248, 249, 252, 253, 254, 255, 261, 262, 263, 264, 271, 273, 277, 278, 279, 281, 287, 288, 289, 290, 291, 294, 297, 304, 306, 309, 311, 312, 315, 317, 319, 320, 326, 327, 331, 339, 340, 344, 346, 353, 357, 362, 365, 367, 369, 370, 371, 373, 374, 375, 378, 381, 382, 384, 391, 392, 396, 399, 403, 404, 407, 408, 410, 411, 412, 413, 416, 418, 419]",172,False,2.6710551043630417e-05,-8.833116780244641e-07,9.197954240551628e-06,10.0
CZ,380,380,267,113,1474,0.7026315789473684,0.1533601378518093,0.25176803394625175,cao2018,S23/060711_1m,all_channel,median,median__all_channel__CZ,32,422,"[1, 3, 12, 13, 14, 15, 16, 18, 21, 23, 24, 26, 28, 31, 35, 45, 49, 50, 51, 52, 57, 61, 62, 64, 68, 69, 70, 71, 73, 74, 75, 76, 77, 80, 81, 85, 86, 89, 93, 97, 101, 102, 103, 110, 113, 114, 115, 116, 117, 118, 119, 124, 133, 134, 135, 136, 149, 150, 153, 155, 158, 159, 160, 161, 162, 164, 165, 167, 169, 170, 171, 172, 173, 174, 175, 176, 177, 179, 181, 183, 184, 190, 195, 196, 202, 208, 210, 216, 217, 218, 228, 229, 235, 236, 237, 238, 239, 240, 241, 242, 243, 245, 246, 248, 249, 252, 253, 254, 255, 261, 262, 263, 264, 271, 273, 277, 278, 279, 281, 287, 288, 289, 290, 291, 294, 297, 304, 306, 309, 311, 312, 315, 317, 319, 320, 326, 327, 331, 339, 340, 344, 346, 353, 357, 362, 365, 367, 369, 370, 371, 373, 374, 375, 378, 381, 382, 384, 391, 392, 396, 399, 403, 404, 407, 408, 410, 411, 412, 413, 416, 418, 419]",172,False,2.9743392159533003e-05,-8.819430028530355e-07,1.0208445054128678e-05,10.0
C4,374,374,265,109,1476,0.7085561497326203,0.15221137277426766,0.2505910165484634,cao2018,S23/060711_1m,all_channel,median,median__all_channel__C4,32,422,"[1, 3, 12, 13, 14, 15, 16, 18, 21, 23, 24, 26, 28, 31, 35, 45, 49, 50, 51, 52, 57, 61, 62, 64, 68, 69, 70, 71, 73, 74, 75, 76, 77, 80, 81, 85, 86, 89, 93, 97, 101, 102, 103, 110, 113, 114, 115, 116, 117, 118, 119, 124, 133, 134, 135, 136, 149, 150, 153, 155, 158, 159, 160, 161, 162, 164, 165, 167, 169, 170, 171, 172, 173, 174, 175, 176, 177, 179, 181, 183, 184, 190, 195, 196, 202, 208, 210, 216, 217, 218, 228, 229, 235, 236, 237, 238, 239, 240, 241, 242, 243, 245, 246, 248, 249, 252, 253, 254, 255, 261, 262, 263, 264, 271, 273, 277, 278, 279, 281, 287, 288, 289, 290, 291, 294, 297, 304, 306, 309, 311, 312, 315, 317, 319, 320, 326, 327, 331, 339, 340, 344, 346, 353, 357, 362, 365, 367, 369, 370, 371, 373, 374, 375, 378, 381, 382, 384, 391, 392, 396, 399, 403, 404, 407, 408, 410, 411, 412, 413, 416, 418, 419]",172,False,2.7559736006843313e-05,-7.911221741770006e-07,9.450286060340105e-06,10.0
T3,389,389,226,163,1515,0.5809768637532133,0.12981045376220562,0.21220657276995306,cao2018,S23/060711_1m,all_channel,median,median__all_channel__T3,32,422,"[1, 3, 12, 13, 14, 15, 16, 18, 21, 23, 24, 26, 28, 31, 35, 45, 49, 50, 51, 52, 57, 61, 62, 64, 68, 69, 70, 71, 73, 74, 75, 76, 77, 80, 81, 85, 86, 89, 93, 97, 101, 102, 103, 110, 113, 114, 115, 116, 117, 118, 119, 124, 133, 134, 135, 136, 149, 150, 153, 155, 158, 159, 160, 161, 162, 164, 165, 167, 169, 170, 171, 172, 173, 174, 175, 176, 177, 179, 181, 183, 184, 190, 195, 196, 202, 208, 210, 216, 217, 218, 228, 229, 235, 236, 237, 238, 239, 240, 241, 242, 243, 245, 246, 248, 249, 252, 253, 254, 255, 261, 262, 263, 264, 271, 273, 277, 278, 279, 281, 287, 288, 289, 290, 291, 294, 297, 304, 306, 309, 311, 312, 315, 317, 319, 320, 326, 327, 331, 339, 340, 344, 346, 353, 357, 362, 365, 367, 369, 370, 371, 373, 374, 375, 378, 381, 382, 384, 391, 392, 396, 399, 403, 404, 407, 408, 410, 411, 412, 413, 416, 418, 419]",172,False,2.043340389094035e-05,-4.034922215981758e-07,6.945632037512843e-06,10.0
T4,325,325,198,127,1543,0.6092307692307692,0.11372774267662263,0.19167473378509195,cao2018,S23/060711_1m,all_channel,median,median__all_channel__T4,32,422,"[1, 3, 12, 13, 14, 15, 16, 18, 21, 23, 24, 26, 28, 31, 35, 45, 49, 50, 51, 52, 57, 61, 62, 64, 68, 69, 70, 71, 73, 74, 75, 76, 77, 80, 81, 85, 86, 89, 93, 97, 101, 102, 103, 110, 113, 114, 115, 116, 117, 118, 119, 124, 133, 134, 135, 136, 149, 150, 153, 155, 158, 159, 160, 161, 162, 164, 165, 167, 169, 170, 171, 172, 173, 174, 175, 176, 177, 179, 181, 183, 184, 190, 195, 196, 202, 208, 210, 216, 217, 218, 228, 229, 235, 236, 237, 238, 239, 240, 241, 242, 243, 245, 246, 248, 249, 252, 253, 254, 255, 261, 262, 263, 264, 271, 273, 277, 278, 279, 281, 287, 288, 289, 290, 291, 294, 297, 304, 306, 309, 311, 312, 315, 317, 319, 320, 326, 327, 331, 339, 340, 344, 346, 353, 357, 362, 365, 367, 369, 370, 371, 373, 374, 375, 378, 381, 382, 384, 391, 392, 396, 399, 403, 404, 407, 408, 410, 411, 412, 413, 416, 418, 419]",172,False,1.967491240093558e-05,-3.9953220570052185e-07,6.691481535545367e-06,10.0
CP3,222,222,144,78,1597,0.6486486486486487,0.08271108558299828,0.14671421293937853,cao2018,S23/060711_1m,all_channel,median,median__all_channel__CP3,32,422,"[1, 3, 12, 13, 14, 15, 16, 18, 21, 23, 24, 26, 28, 31, 35, 45, 49, 50, 51, 52, 57, 61, 62, 64, 68, 69, 70, 71, 73, 74, 75, 76, 77, 80, 81, 85, 86, 89, 93, 97, 101, 102, 103, 110, 113, 114, 115, 116, 117, 118, 119, 124, 133, 134, 135, 136, 149, 150, 153, 155, 158, 159, 160, 161, 162, 164, 165, 167, 169, 170, 171, 172, 173, 174, 175, 176, 177, 179, 181, 183, 184, 190, 195, 196, 202, 208, 210, 216, 217, 218, 228, 229, 235, 236, 237, 238, 239, 240, 241, 242, 243, 245, 246, 248, 249, 252, 253, 254, 255, 261, 262, 263, 264, 271, 273, 277, 278, 279, 281, 287, 288, 289, 290, 291, 294, 297, 304, 306, 309, 311, 312, 315, 317, 319, 320, 326, 327, 331, 339, 340, 344, 346, 353, 357, 362, 365, 367, 369, 370, 371, 373, 374, 375, 378, 381, 382, 384, 391, 392, 396, 399, 403, 404, 407, 408, 410, 411, 412, 413, 416, 418, 419]",172,False,2.423231368169077e-05,-5.726861566531649e-07,8.268333279447979e-06,10.0
CP4,204,204,124,80,1617,0.6078431372549019,0.07122343480758185,0.1275064267352185,cao2018,S23/060711_1m,all_channel,median,median__all_channel__CP4,32,422,"[1, 3, 12, 13, 14, 15, 16, 18, 21, 23, 24, 26, 28, 31, 35, 45, 49, 50, 51, 52, 57, 61, 62, 64, 68, 69, 70, 71, 73, 74, 75, 76, 77, 80, 81, 85, 86, 89, 93, 97, 101, 102, 103, 110, 113, 114, 115, 116, 117, 118, 119, 124, 133, 134, 135, 136, 149, 150, 153, 155, 158, 159, 160, 161, 162, 164, 165, 167, 169, 170, 171, 172, 173, 174, 175, 176, 177, 179, 181, 183, 184, 190, 195, 196, 202, 208, 210, 216, 217, 218, 228, 229, 235, 236, 237, 238, 239, 240, 241, 242, 243, 245, 246, 248, 249, 252, 253, 254, 255, 261, 262, 263, 264, 271, 273, 277, 278, 279, 281, 287, 288, 289, 290, 291, 294, 297, 304, 306, 309, 311, 312, 315, 317, 319, 320, 326, 327, 331, 339, 340, 344, 346, 353, 357, 362, 365, 367, 369, 370, 371, 373, 374, 375, 378, 381, 382, 384, 391, 392, 396, 399, 403, 404, 407, 408, 410, 411, 412, 413, 416, 418, 419]",172,False,2.456946762336692e-05,-5.432327143626347e-07,8.370900112576518e-06,10.0
TP7,211,211,110,101,1631,0.5213270142180095,0.06318207926479034,0.11270491803278687,cao2018,S23/060711_1m,all_channel,median,median__all_channel__TP7,32,422,"[1, 3, 12, 13, 14, 15, 16, 18, 21, 23, 24, 26, 28, 31, 35, 45, 49, 50, 51, 52, 57, 61, 62, 64, 68, 69, 70, 71, 73, 74, 75, 76, 77, 80, 81, 85, 86, 89, 93, 97, 101, 102, 103, 110, 113, 114, 115, 116, 117, 118, 119, 124, 133, 134, 135, 136, 149, 150, 153, 155, 158, 159, 160, 161, 162, 164, 165, 167, 169, 170, 171, 172, 173, 174, 175, 176, 177, 179, 181, 183, 184, 190, 195, 196, 202, 208, 210, 216, 217, 218, 228, 229, 235, 236, 237, 238, 239, 240, 241, 242, 243, 245, 246, 248, 249, 252, 253, 254, 255, 261, 262, 263, 264, 271, 273, 277, 278, 279, 281, 287, 288, 289, 290, 291, 294, 297, 304, 306, 309, 311, 312, 315, 317, 319, 320, 326, 327, 331, 339, 340, 344, 346, 353, 357, 362, 365, 367, 369, 370, 371, 373, 374, 375, 378, 381, 382, 384, 391, 392, 396, 399, 403, 404, 407, 408, 410, 411, 412, 413, 416, 418, 419]",172,False,1.7514748311925936e-05,-2.6593907466174813e-07,5.926895795529228e-06,10.0
CPZ,169,169,104,65,1637,0.6153846153846154,0.05973578403216542,0.10890052356020942,cao2018,S23/060711_1m,all_channel,median,median__all_channel__CPZ,32,422,"[1, 3, 12, 13, 14, 15, 16, 18, 21, 23, 24, 26, 28, 31, 35, 45, 49, 50, 51, 52, 57, 61, 62, 64, 68, 69, 70, 71, 73, 74, 75, 76, 77, 80, 81, 85, 86, 89, 93, 97, 101, 102, 103, 110, 113, 114, 115, 116, 117, 118, 119, 124, 133, 134, 135, 136, 149, 150, 153, 155, 158, 159, 160, 161, 162, 164, 165, 167, 169, 170, 171, 172, 173, 174, 175, 176, 177, 179, 181, 183, 184, 190, 195, 196, 202, 208, 210, 216, 217, 218, 228, 229, 235, 236, 237, 238, 239, 240, 241, 242, 243, 245, 246, 248, 249, 252, 253, 254, 255, 261, 262, 263, 264, 271, 273, 277, 278, 279, 281, 287, 288, 289, 290, 291, 294, 297, 304, 306, 309, 311, 312, 315, 317, 319, 320, 326, 327, 331, 339, 340, 344, 346, 353, 357, 362, 365, 367, 369, 370, 371, 373, 374, 375, 378, 381, 382, 384, 391, 392, 396, 399, 403, 404, 407, 408, 410, 411, 412, 413, 416, 418, 419]",172,False,2.5756732676721165e-05,-5.496941835962544e-07,8.76880895343914e-06,10.0
P3,160,160,95,65,1646,0.59375,0.05456634118322803,0.09994739610731194,cao2018,S23/060711_1m,all_channel,median,median__all_channel__P3,32,422,"[1, 3, 12, 13, 14, 15, 16, 18, 21, 23, 24, 26, 28, 31, 35, 45, 49, 50, 51, 52, 57, 61, 62, 64, 68, 69, 70, 71, 73, 74, 75, 76, 77, 80, 81, 85, 86, 89, 93, 97, 101, 102, 103, 110, 113, 114, 115, 116, 117, 118, 119, 124, 133, 134, 135, 136, 149, 150, 153, 155, 158, 159, 160, 161, 162, 164, 165, 167, 169, 170, 171, 172, 173, 174, 175, 176, 177, 179, 181, 183, 184, 190, 195, 196, 202, 208, 210, 216, 217, 218, 228, 229, 235, 236, 237, 238, 239, 240, 241, 242, 243, 245, 246, 248, 249, 252, 253, 254, 255, 261, 262, 263, 264, 271, 273, 277, 278, 279, 281, 287, 288, 289, 290, 291, 294, 297, 304, 306, 309, 311, 312, 315, 317, 319, 320, 326, 327, 331, 339, 340, 344, 346, 353, 357, 362, 365, 367, 369, 370, 371, 373, 374, 375, 378, 381, 382, 384, 391, 392, 396, 399, 403, 404, 407, 408, 410, 411, 412, 413, 416, 418, 419]",172,False,2.2336929267964933e-05,-4.4279588306286897e-07,7.5932417170092666e-06,10.0
TP8,155,155,82,73,1659,0.5290322580645161,0.04709936817920735,0.08649789029535865,cao2018,S23/060711_1m,all_channel,median,median__all_channel__TP8,32,422,"[1, 3, 12, 13, 14, 15, 16, 18, 21, 23, 24, 26, 28, 31, 35, 45, 49, 50, 51, 52, 57, 61, 62, 64, 68, 69, 70, 71, 73, 74, 75, 76, 77, 80, 81, 85, 86, 89, 93, 97, 101, 102, 103, 110, 113, 114, 115, 116, 117, 118, 119, 124, 133, 134, 135, 136, 149, 150, 153, 155, 158, 159, 160, 161, 162, 164, 165, 167, 169, 170, 171, 172, 173, 174, 175, 176, 177, 179, 181, 183, 184, 190, 195, 196, 202, 208, 210, 216, 217, 218, 228, 229, 235, 236, 237, 238, 239, 240, 241, 242, 243, 245, 246, 248, 249, 252, 253, 254, 255, 261, 262, 263, 264, 271, 273, 277, 278, 279, 281, 287, 288, 289, 290, 291, 294, 297, 304, 306, 309, 311, 312, 315, 317, 319, 320, 326, 327, 331, 339, 340, 344, 346, 353, 357, 362, 365, 367, 369, 370, 371, 373, 374, 375, 378, 381, 382, 384, 391, 392, 396, 399, 403, 404, 407, 408, 410, 411, 412, 413, 416, 418, 419]",172,False,1.7892783526621304e-05,-2.2815181589039286e-07,6.040311780837232e-06,10.0
P4,136,136,78,58,1663,0.5735294117647058,0.04480183802412407,0.08311134789557806,cao2018,S23/060711_1m,all_channel,median,median__all_channel__P4,32,422,"[1, 3, 12, 13, 14, 15, 16, 18, 21, 23, 24, 26, 28, 31, 35, 45, 49, 50, 51, 52, 57, 61, 62, 64, 68, 69, 70, 71, 73, 74, 75, 76, 77, 80, 81, 85, 86, 89, 93, 97, 101, 102, 103, 110, 113, 114, 115, 116, 117, 118, 119, 124, 133, 134, 135, 136, 149, 150, 153, 155, 158, 159, 160, 161, 162, 164, 165, 167, 169, 170, 171, 172, 173, 174, 175, 176, 177, 179, 181, 183, 184, 190, 195, 196, 202, 208, 210, 216, 217, 218, 228, 229, 235, 236, 237, 238, 239, 240, 241, 242, 243, 245, 246, 248, 249, 252, 253, 254, 255, 261, 262, 263, 264, 271, 273, 277, 278, 279, 281, 287, 288, 289, 290, 291, 294, 297, 304, 306, 309, 311, 312, 315, 317, 319, 320, 326, 327, 331, 339, 340, 344, 346, 353, 357, 362, 365, 367, 369, 370, 371, 373, 374, 375, 378, 381, 382, 384, 391, 392, 396, 399, 403, 404, 407, 408, 410, 411, 412, 413, 416, 418, 419]",172,False,2.2368378135416557e-05,-3.849490436906125e-07,7.584442393035723e-06,10.0
T5,144,144,69,75,1672,0.4791666666666667,0.03963239517518667,0.07320954907161803,cao2018,S23/060711_1m,all_channel,median,median__all_channel__T5,32,422,"[1, 3, 12, 13, 14, 15, 16, 18, 21, 23, 24, 26, 28, 31, 35, 45, 49, 50, 51, 52, 57, 61, 62, 64, 68, 69, 70, 71, 73, 74, 75, 76, 77, 80, 81, 85, 86, 89, 93, 97, 101, 102, 103, 110, 113, 114, 115, 116, 117, 118, 119, 124, 133, 134, 135, 136, 149, 150, 153, 155, 158, 159, 160, 161, 162, 164, 165, 167, 169, 170, 171, 172, 173, 174, 175, 176, 177, 179, 181, 183, 184, 190, 195, 196, 202, 208, 210, 216, 217, 218, 228, 229, 235, 236, 237, 238, 239, 240, 241, 242, 243, 245, 246, 248, 249, 252, 253, 254, 255, 261, 262, 263, 264, 271, 273, 277, 278, 279, 281, 287, 288, 289, 290, 291, 294, 297, 304, 306, 309, 311, 312, 315, 317, 319, 320, 326, 327, 331, 339, 340, 344, 346, 353, 357, 362, 365, 367, 369, 370, 371, 373, 374, 375, 378, 381, 382, 384, 391, 392, 396, 399, 403, 404, 407, 408, 410, 411, 412, 413, 416, 418, 419]",172,False,1.5843828640401044e-05,-1.9667114769930072e-07,5.346833262700115e-06,10.0
PZ,99,99,52,47,1689,0.5252525252525253,0.02986789201608271,0.05652173913043478,cao2018,S23/060711_1m,all_channel,median,median__all_channel__PZ,32,422,"[1, 3, 12, 13, 14, 15, 16, 18, 21, 23, 24, 26, 28, 31, 35, 45, 49, 50, 51, 52, 57, 61, 62, 64, 68, 69, 70, 71, 73, 74, 75, 76, 77, 80, 81, 85, 86, 89, 93, 97, 101, 102, 103, 110, 113, 114, 115, 116, 117, 118, 119, 124, 133, 134, 135, 136, 149, 150, 153, 155, 158, 159, 160, 161, 162, 164, 165, 167, 169, 170, 171, 172, 173, 174, 175, 176, 177, 179, 181, 183, 184, 190, 195, 196, 202, 208, 210, 216, 217, 218, 228, 229, 235, 236, 237, 238, 239, 240, 241, 242, 243, 245, 246, 248, 249, 252, 253, 254, 255, 261, 262, 263, 264, 271, 273, 277, 278, 279, 281, 287, 288, 289, 290, 291, 294, 297, 304, 306, 309, 311, 312, 315, 317, 319, 320, 326, 327, 331, 339, 340, 344, 346, 353, 357, 362, 365, 367, 369, 370, 371, 373, 374, 375, 378, 381, 382, 384, 391, 392, 396, 399, 403, 404, 407, 408, 410, 411, 412, 413, 416, 418, 419]",172,False,2.400363962737094e-05,-3.615243188830819e-07,8.121721315418007e-06,10.0
A1,142,142,35,107,1706,0.24647887323943662,0.020103388856978748,0.03717472118959108,cao2018,S23/060711_1m,all_channel,median,median__all_channel__A1,32,422,"[1, 3, 12, 13, 14, 15, 16, 18, 21, 23, 24, 26, 28, 31, 35, 45, 49, 50, 51, 52, 57, 61, 62, 64, 68, 69, 70, 71, 73, 74, 75, 76, 77, 80, 81, 85, 86, 89, 93, 97, 101, 102, 103, 110, 113, 114, 115, 116, 117, 118, 119, 124, 133, 134, 135, 136, 149, 150, 153, 155, 158, 159, 160, 161, 162, 164, 165, 167, 169, 170, 171, 172, 173, 174, 175, 176, 177, 179, 181, 183, 184, 190, 195, 196, 202, 208, 210, 216, 217, 218, 228, 229, 235, 236, 237, 238, 239, 240, 241, 242, 243, 245, 246, 248, 249, 252, 253, 254, 255, 261, 262, 263, 264, 271, 273, 277, 278, 279, 281, 287, 288, 289, 290, 291, 294, 297, 304, 306, 309, 311, 312, 315, 317, 319, 320, 326, 327, 331, 339, 340, 344, 346, 353, 357, 362, 365, 367, 369, 370, 371, 373, 374, 375, 378, 381, 382, 384, 391, 392, 396, 399, 403, 404, 407, 408, 410, 411, 412, 413, 416, 418, 419]",172,False,7.912718334544359e-06,1.3481050410696934e-08,2.6330790947112205e-06,10.0
T6,76,76,30,46,1711,0.39473684210526316,0.01723147616312464,0.03302146395156852,cao2018,S23/060711_1m,all_channel,median,median__all_channel__T6,32,422,"[1, 3, 12, 13, 14, 15, 16, 18, 21, 23, 24, 26, 28, 31, 35, 45, 49, 50, 51, 52, 57, 61, 62, 64, 68, 69, 70, 71, 73, 74, 75, 76, 77, 80, 81, 85, 86, 89, 93, 97, 101, 102, 103, 110, 113, 114, 115, 116, 117, 118, 119, 124, 133, 134, 135, 136, 149, 150, 153, 155, 158, 159, 160, 161, 162, 164, 165, 167, 169, 170, 171, 172, 173, 174, 175, 176, 177, 179, 181, 183, 184, 190, 195, 196, 202, 208, 210, 216, 217, 218, 228, 229, 235, 236, 237, 238, 239, 240, 241, 242, 243, 245, 246, 248, 249, 252, 253, 254, 255, 261, 262, 263, 264, 271, 273, 277, 278, 279, 281, 287, 288, 289, 290, 291, 294, 297, 304, 306, 309, 311, 312, 315, 317, 319, 320, 326, 327, 331, 339, 340, 344, 346, 353, 357, 362, 365, 367, 369, 370, 371, 373, 374, 375, 378, 381, 382, 384, 391, 392, 396, 399, 403, 404, 407, 408, 410, 411, 412, 413, 416, 418, 419]",172,False,1.803134310136559e-05,-1.1974028750543983e-07,6.050361129623677e-06,10.0
A2,146,146,28,118,1713,0.1917808219178082,0.016082711085583,0.0296767355590885,cao2018,S23/060711_1m,all_channel,median,median__all_channel__A2,32,422,"[1, 3, 12, 13, 14, 15, 16, 18, 21, 23, 24, 26, 28, 31, 35, 45, 49, 50, 51, 52, 57, 61, 62, 64, 68, 69, 70, 71, 73, 74, 75, 76, 77, 80, 81, 85, 86, 89, 93, 97, 101, 102, 103, 110, 113, 114, 115, 116, 117, 118, 119, 124, 133, 134, 135, 136, 149, 150, 153, 155, 158, 159, 160, 161, 162, 164, 165, 167, 169, 170, 171, 172, 173, 174, 175, 176, 177, 179, 181, 183, 184, 190, 195, 196, 202, 208, 210, 216, 217, 218, 228, 229, 235, 236, 237, 238, 239, 240, 241, 242, 243, 245, 246, 248, 249, 252, 253, 254, 255, 261, 262, 263, 264, 271, 273, 277, 278, 279, 281, 287, 288, 289, 290, 291, 294, 297, 304, 306, 309, 311, 312, 315, 317, 319, 320, 326, 327, 331, 339, 340, 344, 346, 353, 357, 362, 365, 367, 369, 370, 371, 373, 374, 375, 378, 381, 382, 384, 391, 392, 396, 399, 403, 404, 407, 408, 410, 411, 412, 413, 416, 418, 419]",172,False,7.887084268155182e-06,-1.3059207408133097e-08,2.6333811585211045e-06,10.0
O1,65,65,19,46,1722,0.2923076923076923,0.010913268236645606,0.021040974529346623,cao2018,S23/060711_1m,all_channel,median,median__all_channel__O1,32,422,"[1, 3, 12, 13, 14, 15, 16, 18, 21, 23, 24, 26, 28, 31, 35, 45, 49, 50, 51, 52, 57, 61, 62, 64, 68, 69, 70, 71, 73, 74, 75, 76, 77, 80, 81, 85, 86, 89, 93, 97, 101, 102, 103, 110, 113, 114, 115, 116, 117, 118, 119, 124, 133, 134, 135, 136, 149, 150, 153, 155, 158, 159, 160, 161, 162, 164, 165, 167, 169, 170, 171, 172, 173, 174, 175, 176, 177, 179, 181, 183, 184, 190, 195, 196, 202, 208, 210, 216, 217, 218, 228, 229, 235, 236, 237, 238, 239, 240, 241, 242, 243, 245, 246, 248, 249, 252, 253, 254, 255, 261, 262, 263, 264, 271, 273, 277, 278, 279, 281, 287, 288, 289, 290, 291, 294, 297, 304, 306, 309, 311, 312, 315, 317, 319, 320, 326, 327, 331, 339, 340, 344, 346, 353, 357, 362, 365, 367, 369, 370, 371, 373, 374, 375, 378, 381, 382, 384, 391, 392, 396, 399, 403, 404, 407, 408, 410, 411, 412, 413, 416, 418, 419]",172,False,1.6819082049147346e-05,-6.459251467876419e-08,5.6278915212753696e-06,10.0
OZ,64,64,13,51,1728,0.203125,0.007466973004020678,0.014404432132963989,cao2018,S23/060711_1m,all_channel,median,median__all_channel__OZ,32,422,"[1, 3, 12, 13, 14, 15, 16, 18, 21, 23, 24, 26, 28, 31, 35, 45, 49, 50, 51, 52, 57, 61, 62, 64, 68, 69, 70, 71, 73, 74, 75, 76, 77, 80, 81, 85, 86, 89, 93, 97, 101, 102, 103, 110, 113, 114, 115, 116, 117, 118, 119, 124, 133, 134, 135, 136, 149, 150, 153, 155, 158, 159, 160, 161, 162, 164, 165, 167, 169, 170, 171, 172, 173, 174, 175, 176, 177, 179, 181, 183, 184, 190, 195, 196, 202, 208, 210, 216, 217, 218, 228, 229, 235, 236, 237, 238, 239, 240, 241, 242, 243, 245, 246, 248, 249, 252, 253, 254, 255, 261, 262, 263, 264, 271, 273, 277, 278, 279, 281, 287, 288, 289, 290, 291, 294, 297, 304, 306, 309, 311, 312, 315, 317, 319, 320, 326, 327, 331, 339, 340, 344, 346, 353, 357, 362, 365, 367, 369, 370, 371, 373, 374, 375, 378, 381, 382, 384, 391, 392, 396, 399, 403, 404, 407, 408, 410, 411, 412, 413, 416, 418, 419]",172,False,1.598426936924039e-05,-7.747915033593111e-08,5.353916173192107e-06,10.0
O2,64,64,12,52,1729,0.1875,0.0068925904652498565,0.013296398891966758,cao2018,S23/060711_1m,all_channel,median,median__all_channel__O2,32,422,"[1, 3, 12, 13, 14, 15, 16, 18, 21, 23, 24, 26, 28, 31, 35, 45, 49, 50, 51, 52, 57, 61, 62, 64, 68, 69, 70, 71, 73, 74, 75, 76, 77, 80, 81, 85, 86, 89, 93, 97, 101, 102, 103, 110, 113, 114, 115, 116, 117, 118, 119, 124, 133, 134, 135, 136, 149, 150, 153, 155, 158, 159, 160, 161, 162, 164, 165, 167, 169, 170, 171, 172, 173, 174, 175, 176, 177, 179, 181, 183, 184, 190, 195, 196, 202, 208, 210, 216, 217, 218, 228, 229, 235, 236, 237, 238, 239, 240, 241, 242, 243, 245, 246, 248, 249, 252, 253, 254, 255, 261, 262, 263, 264, 271, 273, 277, 278, 279, 281, 287, 288, 289, 290, 291, 294, 297, 304, 306, 309, 311, 312, 315, 317, 319, 320, 326, 327, 331, 339, 340, 344, 346, 353, 357, 362, 365, 367, 369, 370, 371, 373, 374, 375, 378, 381, 382, 384, 391, 392, 396, 399, 403, 404, 407, 408, 410, 411, 412, 413, 416, 418, 419]",172,False,1.7002172179707226e-05,-7.202127974907291e-08,5.691397819818766e-06,10.0
FP1,1982,1982,1693,289,48,0.8541876892028254,0.9724296381390006,0.9094816008595219,cao2018,S23/060711_1m,all_channel,mean,mean__all_channel__FP1,32,422,"[1, 3, 12, 13, 14, 15, 16, 18, 21, 23, 24, 26, 28, 31, 35, 45, 49, 50, 51, 52, 57, 61, 62, 64, 68, 69, 70, 71, 73, 74, 75, 76, 77, 80, 81, 85, 86, 89, 93, 97, 101, 102, 103, 110, 113, 114, 115, 116, 117, 118, 119, 124, 133, 134, 135, 136, 149, 150, 153, 155, 158, 159, 160, 161, 162, 164, 165, 167, 169, 170, 171, 172, 173, 174, 175, 176, 177, 179, 181, 183, 184, 190, 195, 196, 202, 208, 210, 216, 217, 218, 228, 229, 235, 236, 237, 238, 239, 240, 241, 242, 243, 245, 246, 248, 249, 252, 253, 254, 255, 261, 262, 263, 264, 271, 273, 277, 278, 279, 281, 287, 288, 289, 290, 291, 294, 297, 304, 306, 309, 311, 312, 315, 317, 319, 320, 326, 327, 331, 339, 340, 344, 346, 353, 357, 362, 365, 367, 369, 370, 371, 373, 374, 375, 378, 381, 382, 384, 391, 392, 396, 399, 403, 404, 407, 408, 410, 411, 412, 413, 416, 418, 419]",172,False,6.725675552745232e-05,3.092080442856132e-08,2.240861157434125e-05,10.0
FP2,1963,1963,1678,285,63,0.8548140601120734,0.9638139000574383,0.9060475161987042,cao2018,S23/060711_1m,all_channel,mean,mean__all_channel__FP2,32,422,"[1, 3, 12, 13, 14, 15, 16, 18, 21, 23, 24, 26, 28, 31, 35, 45, 49, 50, 51, 52, 57, 61, 62, 64, 68, 69, 70, 71, 73, 74, 75, 76, 77, 80, 81, 85, 86, 89, 93, 97, 101, 102, 103, 110, 113, 114, 115, 116, 117, 118, 119, 124, 133, 134, 135, 136, 149, 150, 153, 155, 158, 159, 160, 161, 162, 164, 165, 167, 169, 170, 171, 172, 173, 174, 175, 176, 177, 179, 181, 183, 184, 190, 195, 196, 202, 208, 210, 216, 217, 218, 228, 229, 235, 236, 237, 238, 239, 240, 241, 242, 243, 245, 246, 248, 249, 252, 253, 254, 255, 261, 262, 263, 264, 271, 273, 277, 278, 279, 281, 287, 288, 289, 290, 291, 294, 297, 304, 306, 309, 311, 312, 315, 317, 319, 320, 326, 327, 331, 339, 340, 344, 346, 353, 357, 362, 365, 367, 369, 370, 371, 373, 374, 375, 378, 381, 382, 384, 391, 392, 396, 399, 403, 404, 407, 408, 410, 411, 412, 413, 416, 418, 419]",172,False,6.816276051466375e-05,-2.866037325471053e-08,2.2730473629306155e-05,10.0
F7,1665,1665,1403,262,338,0.8426426426426427,0.8058587018954624,0.823840281855549,cao2018,S23/060711_1m,all_channel,mean,mean__all_channel__F7,32,422,"[1, 3, 12, 13, 14, 15, 16, 18, 21, 23, 24, 26, 28, 31, 35, 45, 49, 50, 51, 52, 57, 61, 62, 64, 68, 69, 70, 71, 73, 74, 75, 76, 77, 80, 81, 85, 86, 89, 93, 97, 101, 102, 103, 110, 113, 114, 115, 116, 117, 118, 119, 124, 133, 134, 135, 136, 149, 150, 153, 155, 158, 159, 160, 161, 162, 164, 165, 167, 169, 170, 171, 172, 173, 174, 175, 176, 177, 179, 181, 183, 184, 190, 195, 196, 202, 208, 210, 216, 217, 218, 228, 229, 235, 236, 237, 238, 239, 240, 241, 242, 243, 245, 246, 248, 249, 252, 253, 254, 255, 261, 262, 263, 264, 271, 273, 277, 278, 279, 281, 287, 288, 289, 290, 291, 294, 297, 304, 306, 309, 311, 312, 315, 317, 319, 320, 326, 327, 331, 339, 340, 344, 346, 353, 357, 362, 365, 367, 369, 370, 371, 373, 374, 375, 378, 381, 382, 384, 391, 392, 396, 399, 403, 404, 407, 408, 410, 411, 412, 413, 416, 418, 419]",172,False,3.878281373158848e-05,-6.213616515628184e-09,1.2929675782701372e-05,10.0
F8,1532,1532,1307,225,434,0.8531331592689295,0.7507179781734635,0.7986556675832569,cao2018,S23/060711_1m,all_channel,mean,mean__all_channel__F8,32,422,"[1, 3, 12, 13, 14, 15, 16, 18, 21, 23, 24, 26, 28, 31, 35, 45, 49, 50, 51, 52, 57, 61, 62, 64, 68, 69, 70, 71, 73, 74, 75, 76, 77, 80, 81, 85, 86, 89, 93, 97, 101, 102, 103, 110, 113, 114, 115, 116, 117, 118, 119, 124, 133, 134, 135, 136, 149, 150, 153, 155, 158, 159, 160, 161, 162, 164, 165, 167, 169, 170, 171, 172, 173, 174, 175, 176, 177, 179, 181, 183, 184, 190, 195, 196, 202, 208, 210, 216, 217, 218, 228, 229, 235, 236, 237, 238, 239, 240, 241, 242, 243, 245, 246, 248, 249, 252, 253, 254, 255, 261, 262, 263, 264, 271, 273, 277, 278, 279, 281, 287, 288, 289, 290, 291, 294, 297, 304, 306, 309, 311, 312, 315, 317, 319, 320, 326, 327, 331, 339, 340, 344, 346, 353, 357, 362, 365, 367, 369, 370, 371, 373, 374, 375, 378, 381, 382, 384, 391, 392, 396, 399, 403, 404, 407, 408, 410, 411, 412, 413, 416, 418, 419]",172,False,3.397928105468682e-05,-1.172947078977929e-08,1.1330336841825535e-05,10.0
FZ,1510,1510,1269,241,472,0.8403973509933775,0.7288914417001723,0.7806828668102123,cao2018,S23/060711_1m,all_channel,mean,mean__all_channel__FZ,32,422,"[1, 3, 12, 13, 14, 15, 16, 18, 21, 23, 24, 26, 28, 31, 35, 45, 49, 50, 51, 52, 57, 61, 62, 64, 68, 69, 70, 71, 73, 74, 75, 76, 77, 80, 81, 85, 86, 89, 93, 97, 101, 102, 103, 110, 113, 114, 115, 116, 117, 118, 119, 124, 133, 134, 135, 136, 149, 150, 153, 155, 158, 159, 160, 161, 162, 164, 165, 167, 169, 170, 171, 172, 173, 174, 175, 176, 177, 179, 181, 183, 184, 190, 195, 196, 202, 208, 210, 216, 217, 218, 228, 229, 235, 236, 237, 238, 239, 240, 241, 242, 243, 245, 246, 248, 249, 252, 253, 254, 255, 261, 262, 263, 264, 271, 273, 277, 278, 279, 281, 287, 288, 289, 290, 291, 294, 297, 304, 306, 309, 311, 312, 315, 317, 319, 320, 326, 327, 331, 339, 340, 344, 346, 353, 357, 362, 365, 367, 369, 370, 371, 373, 374, 375, 378, 381, 382, 384, 391, 392, 396, 399, 403, 404, 407, 408, 410, 411, 412, 413, 416, 418, 419]",172,False,3.994623316751678e-05,-8.773591954513914e-09,1.3318335586490432e-05,10.0
F3,1432,1432,1191,241,550,0.8317039106145251,0.6840896036760482,0.7507091080995902,cao2018,S23/060711_1m,all_channel,mean,mean__all_channel__F3,32,422,"[1, 3, 12, 13, 14, 15, 16, 18, 21, 23, 24, 26, 28, 31, 35, 45, 49, 50, 51, 52, 57, 61, 62, 64, 68, 69, 70, 71, 73, 74, 75, 76, 77, 80, 81, 85, 86, 89, 93, 97, 101, 102, 103, 110, 113, 114, 115, 116, 117, 118, 119, 124, 133, 134, 135, 136, 149, 150, 153, 155, 158, 159, 160, 161, 162, 164, 165, 167, 169, 170, 171, 172, 173, 174, 175, 176, 177, 179, 181, 183, 184, 190, 195, 196, 202, 208, 210, 216, 217, 218, 228, 229, 235, 236, 237, 238, 239, 240, 241, 242, 243, 245, 246, 248, 249, 252, 253, 254, 255, 261, 262, 263, 264, 271, 273, 277, 278, 279, 281, 287, 288, 289, 290, 291, 294, 297, 304, 306, 309, 311, 312, 315, 317, 319, 320, 326, 327, 331, 339, 340, 344, 346, 353, 357, 362, 365, 367, 369, 370, 371, 373, 374, 375, 378, 381, 382, 384, 391, 392, 396, 399, 403, 404, 407, 408, 410, 411, 412, 413, 416, 418, 419]",172,False,4.359348123174532e-05,-9.401921759254066e-08,1.4562500149779286e-05,10.0
F4,1243,1243,1025,218,716,0.82461786001609,0.5887421022400919,0.6869973190348525,cao2018,S23/060711_1m,all_channel,mean,mean__all_channel__F4,32,422,"[1, 3, 12, 13, 14, 15, 16, 18, 21, 23, 24, 26, 28, 31, 35, 45, 49, 50, 51, 52, 57, 61, 62, 64, 68, 69, 70, 71, 73, 74, 75, 76, 77, 80, 81, 85, 86, 89, 93, 97, 101, 102, 103, 110, 113, 114, 115, 116, 117, 118, 119, 124, 133, 134, 135, 136, 149, 150, 153, 155, 158, 159, 160, 161, 162, 164, 165, 167, 169, 170, 171, 172, 173, 174, 175, 176, 177, 179, 181, 183, 184, 190, 195, 196, 202, 208, 210, 216, 217, 218, 228, 229, 235, 236, 237, 238, 239, 240, 241, 242, 243, 245, 246, 248, 249, 252, 253, 254, 255, 261, 262, 263, 264, 271, 273, 277, 278, 279, 281, 287, 288, 289, 290, 291, 294, 297, 304, 306, 309, 311, 312, 315, 317, 319, 320, 326, 327, 331, 339, 340, 344, 346, 353, 357, 362, 365, 367, 369, 370, 371, 373, 374, 375, 378, 381, 382, 384, 391, 392, 396, 399, 403, 404, 407, 408, 410, 411, 412, 413, 416, 418, 419]",172,False,4.251579430343744e-05,1.4084518647373108e-07,1.4124983038987901e-05,10.0
FC3,891,891,721,170,1020,0.8092031425364759,0.4141298104537622,0.5478723404255319,cao2018,S23/060711_1m,all_channel,mean,mean__all_channel__FC3,32,422,"[1, 3, 12, 13, 14, 15, 16, 18, 21, 23, 24, 26, 28, 31, 35, 45, 49, 50, 51, 52, 57, 61, 62, 64, 68, 69, 70, 71, 73, 74, 75, 76, 77, 80, 81, 85, 86, 89, 93, 97, 101, 102, 103, 110, 113, 114, 115, 116, 117, 118, 119, 124, 133, 134, 135, 136, 149, 150, 153, 155, 158, 159, 160, 161, 162, 164, 165, 167, 169, 170, 171, 172, 173, 174, 175, 176, 177, 179, 181, 183, 184, 190, 195, 196, 202, 208, 210, 216, 217, 218, 228, 229, 235, 236, 237, 238, 239, 240, 241, 242, 243, 245, 246, 248, 249, 252, 253, 254, 255, 261, 262, 263, 264, 271, 273, 277, 278, 279, 281, 287, 288, 289, 290, 291, 294, 297, 304, 306, 309, 311, 312, 315, 317, 319, 320, 326, 327, 331, 339, 340, 344, 346, 353, 357, 362, 365, 367, 369, 370, 371, 373, 374, 375, 378, 381, 382, 384, 391, 392, 396, 399, 403, 404, 407, 408, 410, 411, 412, 413, 416, 418, 419]",172,False,3.279729434115379e-05,-1.1424984243576314e-08,1.0936239775132454e-05,10.0
FT7,867,867,667,200,1074,0.7693194925028836,0.38311315336013785,0.5115030674846626,cao2018,S23/060711_1m,all_channel,mean,mean__all_channel__FT7,32,422,"[1, 3, 12, 13, 14, 15, 16, 18, 21, 23, 24, 26, 28, 31, 35, 45, 49, 50, 51, 52, 57, 61, 62, 64, 68, 69, 70, 71, 73, 74, 75, 76, 77, 80, 81, 85, 86, 89, 93, 97, 101, 102, 103, 110, 113, 114, 115, 116, 117, 118, 119, 124, 133, 134, 135, 136, 149, 150, 153, 155, 158, 159, 160, 161, 162, 164, 165, 167, 169, 170, 171, 172, 173, 174, 175, 176, 177, 179, 181, 183, 184, 190, 195, 196, 202, 208, 210, 216, 217, 218, 228, 229, 235, 236, 237, 238, 239, 240, 241, 242, 243, 245, 246, 248, 249, 252, 253, 254, 255, 261, 262, 263, 264, 271, 273, 277, 278, 279, 281, 287, 288, 289, 290, 291, 294, 297, 304, 306, 309, 311, 312, 315, 317, 319, 320, 326, 327, 331, 339, 340, 344, 346, 353, 357, 362, 365, 367, 369, 370, 371, 373, 374, 375, 378, 381, 382, 384, 391, 392, 396, 399, 403, 404, 407, 408, 410, 411, 412, 413, 416, 418, 419]",172,False,2.7746377320757868e-05,-7.437170848590953e-09,9.251271497202153e-06,10.0
FCZ,793,793,628,165,1113,0.7919293820933165,0.3607122343480758,0.49565903709550113,cao2018,S23/060711_1m,all_channel,mean,mean__all_channel__FCZ,32,422,"[1, 3, 12, 13, 14, 15, 16, 18, 21, 23, 24, 26, 28, 31, 35, 45, 49, 50, 51, 52, 57, 61, 62, 64, 68, 69, 70, 71, 73, 74, 75, 76, 77, 80, 81, 85, 86, 89, 93, 97, 101, 102, 103, 110, 113, 114, 115, 116, 117, 118, 119, 124, 133, 134, 135, 136, 149, 150, 153, 155, 158, 159, 160, 161, 162, 164, 165, 167, 169, 170, 171, 172, 173, 174, 175, 176, 177, 179, 181, 183, 184, 190, 195, 196, 202, 208, 210, 216, 217, 218, 228, 229, 235, 236, 237, 238, 239, 240, 241, 242, 243, 245, 246, 248, 249, 252, 253, 254, 255, 261, 262, 263, 264, 271, 273, 277, 278, 279, 281, 287, 288, 289, 290, 291, 294, 297, 304, 306, 309, 311, 312, 315, 317, 319, 320, 326, 327, 331, 339, 340, 344, 346, 353, 357, 362, 365, 367, 369, 370, 371, 373, 374, 375, 378, 381, 382, 384, 391, 392, 396, 399, 403, 404, 407, 408, 410, 411, 412, 413, 416, 418, 419]",172,False,3.518555449864007e-05,-1.1160961417719778e-08,1.1732238486685929e-05,10.0
FC4,716,716,572,144,1169,0.7988826815642458,0.32854681217690984,0.4656084656084656,cao2018,S23/060711_1m,all_channel,mean,mean__all_channel__FC4,32,422,"[1, 3, 12, 13, 14, 15, 16, 18, 21, 23, 24, 26, 28, 31, 35, 45, 49, 50, 51, 52, 57, 61, 62, 64, 68, 69, 70, 71, 73, 74, 75, 76, 77, 80, 81, 85, 86, 89, 93, 97, 101, 102, 103, 110, 113, 114, 115, 116, 117, 118, 119, 124, 133, 134, 135, 136, 149, 150, 153, 155, 158, 159, 160, 161, 162, 164, 165, 167, 169, 170, 171, 172, 173, 174, 175, 176, 177, 179, 181, 183, 184, 190, 195, 196, 202, 208, 210, 216, 217, 218, 228, 229, 235, 236, 237, 238, 239, 240, 241, 242, 243, 245, 246, 248, 249, 252, 253, 254, 255, 261, 262, 263, 264, 271, 273, 277, 278, 279, 281, 287, 288, 289, 290, 291, 294, 297, 304, 306, 309, 311, 312, 315, 317, 319, 320, 326, 327, 331, 339, 340, 344, 346, 353, 357, 362, 365, 367, 369, 370, 371, 373, 374, 375, 378, 381, 382, 384, 391, 392, 396, 399, 403, 404, 407, 408, 410, 411, 412, 413, 416, 418, 419]",172,False,3.285337445493226e-05,-7.057225833114733e-09,1.0953477226921793e-05,10.0
FT8,703,703,535,168,1206,0.7610241820768137,0.30729465824238944,0.4378068739770867,cao2018,S23/060711_1m,all_channel,mean,mean__all_channel__FT8,32,422,"[1, 3, 12, 13, 14, 15, 16, 18, 21, 23, 24, 26, 28, 31, 35, 45, 49, 50, 51, 52, 57, 61, 62, 64, 68, 69, 70, 71, 73, 74, 75, 76, 77, 80, 81, 85, 86, 89, 93, 97, 101, 102, 103, 110, 113, 114, 115, 116, 117, 118, 119, 124, 133, 134, 135, 136, 149, 150, 153, 155, 158, 159, 160, 161, 162, 164, 165, 167, 169, 170, 171, 172, 173, 174, 175, 176, 177, 179, 181, 183, 184, 190, 195, 196, 202, 208, 210, 216, 217, 218, 228, 229, 235, 236, 237, 238, 239, 240, 241, 242, 243, 245, 246, 248, 249, 252, 253, 254, 255, 261, 262, 263, 264, 271, 273, 277, 278, 279, 281, 287, 288, 289, 290, 291, 294, 297, 304, 306, 309, 311, 312, 315, 317, 319, 320, 326, 327, 331, 339, 340, 344, 346, 353, 357, 362, 365, 367, 369, 370, 371, 373, 374, 375, 378, 381, 382, 384, 391, 392, 396, 399, 403, 404, 407, 408, 410, 411, 412, 413, 416, 418, 419]",172,False,2.44309803960473e-05,-9.895872248942318e-09,8.146958756098748e-06,10.0
C3,449,449,333,116,1408,0.7416481069042317,0.19126938541068353,0.3041095890410959,cao2018,S23/060711_1m,all_channel,mean,mean__all_channel__C3,32,422,"[1, 3, 12, 13, 14, 15, 16, 18, 21, 23, 24, 26, 28, 31, 35, 45, 49, 50, 51, 52, 57, 61, 62, 64, 68, 69, 70, 71, 73, 74, 75, 76, 77, 80, 81, 85, 86, 89, 93, 97, 101, 102, 103, 110, 113, 114, 115, 116, 117, 118, 119, 124, 133, 134, 135, 136, 149, 150, 153, 155, 158, 159, 160, 161, 162, 164, 165, 167, 169, 170, 171, 172, 173, 174, 175, 176, 177, 179, 181, 183, 184, 190, 195, 196, 202, 208, 210, 216, 217, 218, 228, 229, 235, 236, 237, 238, 239, 240, 241, 242, 243, 245, 246, 248, 249, 252, 253, 254, 255, 261, 262, 263, 264, 271, 273, 277, 278, 279, 281, 287, 288, 289, 290, 291, 294, 297, 304, 306, 309, 311, 312, 315, 317, 319, 320, 326, 327, 331, 339, 340, 344, 346, 353, 357, 362, 365, 367, 369, 370, 371, 373, 374, 375, 378, 381, 382, 384, 391, 392, 396, 399, 403, 404, 407, 408, 410, 411, 412, 413, 416, 418, 419]",172,False,2.7582451606039177e-05,-1.141111561570617e-08,9.197954240551628e-06,10.0
CZ,338,338,243,95,1498,0.7189349112426036,0.13957495692130958,0.23376623376623376,cao2018,S23/060711_1m,all_channel,mean,mean__all_channel__CZ,32,422,"[1, 3, 12, 13, 14, 15, 16, 18, 21, 23, 24, 26, 28, 31, 35, 45, 49, 50, 51, 52, 57, 61, 62, 64, 68, 69, 70, 71, 73, 74, 75, 76, 77, 80, 81, 85, 86, 89, 93, 97, 101, 102, 103, 110, 113, 114, 115, 116, 117, 118, 119, 124, 133, 134, 135, 136, 149, 150, 153, 155, 158, 159, 160, 161, 162, 164, 165, 167, 169, 170, 171, 172, 173, 174, 175, 176, 177, 179, 181, 183, 184, 190, 195, 196, 202, 208, 210, 216, 217, 218, 228, 229, 235, 236, 237, 238, 239, 240, 241, 242, 243, 245, 246, 248, 249, 252, 253, 254, 255, 261, 262, 263, 264, 271, 273, 277, 278, 279, 281, 287, 288, 289, 290, 291, 294, 297, 304, 306, 309, 311, 312, 315, 317, 319, 320, 326, 327, 331, 339, 340, 344, 346, 353, 357, 362, 365, 367, 369, 370, 371, 373, 374, 375, 378, 381, 382, 384, 391, 392, 396, 399, 403, 404, 407, 408, 410, 411, 412, 413, 416, 418, 419]",172,False,3.0616818427261115e-05,-8.516735124919778e-09,1.0208445054128678e-05,10.0
C4,330,330,231,99,1510,0.7,0.13268236645605974,0.22308063737324968,cao2018,S23/060711_1m,all_channel,mean,mean__all_channel__C4,32,422,"[1, 3, 12, 13, 14, 15, 16, 18, 21, 23, 24, 26, 28, 31, 35, 45, 49, 50, 51, 52, 57, 61, 62, 64, 68, 69, 70, 71, 73, 74, 75, 76, 77, 80, 81, 85, 86, 89, 93, 97, 101, 102, 103, 110, 113, 114, 115, 116, 117, 118, 119, 124, 133, 134, 135, 136, 149, 150, 153, 155, 158, 159, 160, 161, 162, 164, 165, 167, 169, 170, 171, 172, 173, 174, 175, 176, 177, 179, 181, 183, 184, 190, 195, 196, 202, 208, 210, 216, 217, 218, 228, 229, 235, 236, 237, 238, 239, 240, 241, 242, 243, 245, 246, 248, 249, 252, 253, 254, 255, 261, 262, 263, 264, 271, 273, 277, 278, 279, 281, 287, 288, 289, 290, 291, 294, 297, 304, 306, 309, 311, 312, 315, 317, 319, 320, 326, 327, 331, 339, 340, 344, 346, 353, 357, 362, 365, 367, 369, 370, 371, 373, 374, 375, 378, 381, 382, 384, 391, 392, 396, 399, 403, 404, 407, 408, 410, 411, 412, 413, 416, 418, 419]",172,False,2.834211558448819e-05,-8.742596532125468e-09,9.450286060340105e-06,10.0
T3,354,354,207,147,1534,0.5847457627118644,0.11889718552556003,0.19761336515513128,cao2018,S23/060711_1m,all_channel,mean,mean__all_channel__T3,32,422,"[1, 3, 12, 13, 14, 15, 16, 18, 21, 23, 24, 26, 28, 31, 35, 45, 49, 50, 51, 52, 57, 61, 62, 64, 68, 69, 70, 71, 73, 74, 75, 76, 77, 80, 81, 85, 86, 89, 93, 97, 101, 102, 103, 110, 113, 114, 115, 116, 117, 118, 119, 124, 133, 134, 135, 136, 149, 150, 153, 155, 158, 159, 160, 161, 162, 164, 165, 167, 169, 170, 171, 172, 173, 174, 175, 176, 177, 179, 181, 183, 184, 190, 195, 196, 202, 208, 210, 216, 217, 218, 228, 229, 235, 236, 237, 238, 239, 240, 241, 242, 243, 245, 246, 248, 249, 252, 253, 254, 255, 261, 262, 263, 264, 271, 273, 277, 278, 279, 281, 287, 288, 289, 290, 291, 294, 297, 304, 306, 309, 311, 312, 315, 317, 319, 320, 326, 327, 331, 339, 340, 344, 346, 353, 357, 362, 365, 367, 369, 370, 371, 373, 374, 375, 378, 381, 382, 384, 391, 392, 396, 399, 403, 404, 407, 408, 410, 411, 412, 413, 416, 418, 419]",172,False,2.0842126608816806e-05,5.230496278277879e-09,6.945632037512843e-06,10.0
T4,296,296,174,122,1567,0.5878378378378378,0.09994256174612291,0.17083946980854195,cao2018,S23/060711_1m,all_channel,mean,mean__all_channel__T4,32,422,"[1, 3, 12, 13, 14, 15, 16, 18, 21, 23, 24, 26, 28, 31, 35, 45, 49, 50, 51, 52, 57, 61, 62, 64, 68, 69, 70, 71, 73, 74, 75, 76, 77, 80, 81, 85, 86, 89, 93, 97, 101, 102, 103, 110, 113, 114, 115, 116, 117, 118, 119, 124, 133, 134, 135, 136, 149, 150, 153, 155, 158, 159, 160, 161, 162, 164, 165, 167, 169, 170, 171, 172, 173, 174, 175, 176, 177, 179, 181, 183, 184, 190, 195, 196, 202, 208, 210, 216, 217, 218, 228, 229, 235, 236, 237, 238, 239, 240, 241, 242, 243, 245, 246, 248, 249, 252, 253, 254, 255, 261, 262, 263, 264, 271, 273, 277, 278, 279, 281, 287, 288, 289, 290, 291, 294, 297, 304, 306, 309, 311, 312, 315, 317, 319, 320, 326, 327, 331, 339, 340, 344, 346, 353, 357, 362, 365, 367, 369, 370, 371, 373, 374, 375, 378, 381, 382, 384, 391, 392, 396, 399, 403, 404, 407, 408, 410, 411, 412, 413, 416, 418, 419]",172,False,2.0071570319206237e-05,-2.874287429865607e-09,6.691481535545367e-06,10.0
CP3,199,199,130,69,1611,0.6532663316582915,0.07466973004020677,0.13402061855670105,cao2018,S23/060711_1m,all_channel,mean,mean__all_channel__CP3,32,422,"[1, 3, 12, 13, 14, 15, 16, 18, 21, 23, 24, 26, 28, 31, 35, 45, 49, 50, 51, 52, 57, 61, 62, 64, 68, 69, 70, 71, 73, 74, 75, 76, 77, 80, 81, 85, 86, 89, 93, 97, 101, 102, 103, 110, 113, 114, 115, 116, 117, 118, 119, 124, 133, 134, 135, 136, 149, 150, 153, 155, 158, 159, 160, 161, 162, 164, 165, 167, 169, 170, 171, 172, 173, 174, 175, 176, 177, 179, 181, 183, 184, 190, 195, 196, 202, 208, 210, 216, 217, 218, 228, 229, 235, 236, 237, 238, 239, 240, 241, 242, 243, 245, 246, 248, 249, 252, 253, 254, 255, 261, 262, 263, 264, 271, 273, 277, 278, 279, 281, 287, 288, 289, 290, 291, 294, 297, 304, 306, 309, 311, 312, 315, 317, 319, 320, 326, 327, 331, 339, 340, 344, 346, 353, 357, 362, 365, 367, 369, 370, 371, 373, 374, 375, 378, 381, 382, 384, 391, 392, 396, 399, 403, 404, 407, 408, 410, 411, 412, 413, 416, 418, 419]",172,False,2.479408941141586e-05,-1.0910426928077088e-08,8.268333279447979e-06,10.0
CP4,190,190,114,76,1627,0.6,0.06547960941987363,0.11807353702744691,cao2018,S23/060711_1m,all_channel,mean,mean__all_channel__CP4,32,422,"[1, 3, 12, 13, 14, 15, 16, 18, 21, 23, 24, 26, 28, 31, 35, 45, 49, 50, 51, 52, 57, 61, 62, 64, 68, 69, 70, 71, 73, 74, 75, 76, 77, 80, 81, 85, 86, 89, 93, 97, 101, 102, 103, 110, 113, 114, 115, 116, 117, 118, 119, 124, 133, 134, 135, 136, 149, 150, 153, 155, 158, 159, 160, 161, 162, 164, 165, 167, 169, 170, 171, 172, 173, 174, 175, 176, 177, 179, 181, 183, 184, 190, 195, 196, 202, 208, 210, 216, 217, 218, 228, 229, 235, 236, 237, 238, 239, 240, 241, 242, 243, 245, 246, 248, 249, 252, 253, 254, 255, 261, 262, 263, 264, 271, 273, 277, 278, 279, 281, 287, 288, 289, 290, 291, 294, 297, 304, 306, 309, 311, 312, 315, 317, 319, 320, 326, 327, 331, 339, 340, 344, 346, 353, 357, 362, 365, 367, 369, 370, 371, 373, 374, 375, 378, 381, 382, 384, 391, 392, 396, 399, 403, 404, 407, 408, 410, 411, 412, 413, 416, 418, 419]",172,False,2.5104985213615445e-05,-7.715124114109845e-09,8.370900112576518e-06,10.0
TP7,199,199,103,96,1638,0.5175879396984925,0.0591614014933946,0.10618556701030929,cao2018,S23/060711_1m,all_channel,mean,mean__all_channel__TP7,32,422,"[1, 3, 12, 13, 14, 15, 16, 18, 21, 23, 24, 26, 28, 31, 35, 45, 49, 50, 51, 52, 57, 61, 62, 64, 68, 69, 70, 71, 73, 74, 75, 76, 77, 80, 81, 85, 86, 89, 93, 97, 101, 102, 103, 110, 113, 114, 115, 116, 117, 118, 119, 124, 133, 134, 135, 136, 149, 150, 153, 155, 158, 159, 160, 161, 162, 164, 165, 167, 169, 170, 171, 172, 173, 174, 175, 176, 177, 179, 181, 183, 184, 190, 195, 196, 202, 208, 210, 216, 217, 218, 228, 229, 235, 236, 237, 238, 239, 240, 241, 242, 243, 245, 246, 248, 249, 252, 253, 254, 255, 261, 262, 263, 264, 271, 273, 277, 278, 279, 281, 287, 288, 289, 290, 291, 294, 297, 304, 306, 309, 311, 312, 315, 317, 319, 320, 326, 327, 331, 339, 340, 344, 346, 353, 357, 362, 365, 367, 369, 370, 371, 373, 374, 375, 378, 381, 382, 384, 391, 392, 396, 399, 403, 404, 407, 408, 410, 411, 412, 413, 416, 418, 419]",172,False,1.778641556767585e-05,5.728181088170315e-09,5.926895795529228e-06,10.0
CPZ,144,144,90,54,1651,0.625,0.051694428489373924,0.09549071618037136,cao2018,S23/060711_1m,all_channel,mean,mean__all_channel__CPZ,32,422,"[1, 3, 12, 13, 14, 15, 16, 18, 21, 23, 24, 26, 28, 31, 35, 45, 49, 50, 51, 52, 57, 61, 62, 64, 68, 69, 70, 71, 73, 74, 75, 76, 77, 80, 81, 85, 86, 89, 93, 97, 101, 102, 103, 110, 113, 114, 115, 116, 117, 118, 119, 124, 133, 134, 135, 136, 149, 150, 153, 155, 158, 159, 160, 161, 162, 164, 165, 167, 169, 170, 171, 172, 173, 174, 175, 176, 177, 179, 181, 183, 184, 190, 195, 196, 202, 208, 210, 216, 217, 218, 228, 229, 235, 236, 237, 238, 239, 240, 241, 242, 243, 245, 246, 248, 249, 252, 253, 254, 255, 261, 262, 263, 264, 271, 273, 277, 278, 279, 281, 287, 288, 289, 290, 291, 294, 297, 304, 306, 309, 311, 312, 315, 317, 319, 320, 326, 327, 331, 339, 340, 344, 346, 353, 357, 362, 365, 367, 369, 370, 371, 373, 374, 375, 378, 381, 382, 384, 391, 392, 396, 399, 403, 404, 407, 408, 410, 411, 412, 413, 416, 418, 419]",172,False,2.629302132534293e-05,-1.3405534974489715e-08,8.76880895343914e-06,10.0
P3,144,144,85,59,1656,0.5902777777777778,0.048822515795519814,0.09018567639257294,cao2018,S23/060711_1m,all_channel,mean,mean__all_channel__P3,32,422,"[1, 3, 12, 13, 14, 15, 16, 18, 21, 23, 24, 26, 28, 31, 35, 45, 49, 50, 51, 52, 57, 61, 62, 64, 68, 69, 70, 71, 73, 74, 75, 76, 77, 80, 81, 85, 86, 89, 93, 97, 101, 102, 103, 110, 113, 114, 115, 116, 117, 118, 119, 124, 133, 134, 135, 136, 149, 150, 153, 155, 158, 159, 160, 161, 162, 164, 165, 167, 169, 170, 171, 172, 173, 174, 175, 176, 177, 179, 181, 183, 184, 190, 195, 196, 202, 208, 210, 216, 217, 218, 228, 229, 235, 236, 237, 238, 239, 240, 241, 242, 243, 245, 246, 248, 249, 252, 253, 254, 255, 261, 262, 263, 264, 271, 273, 277, 278, 279, 281, 287, 288, 289, 290, 291, 294, 297, 304, 306, 309, 311, 312, 315, 317, 319, 320, 326, 327, 331, 339, 340, 344, 346, 353, 357, 362, 365, 367, 369, 370, 371, 373, 374, 375, 378, 381, 382, 384, 391, 392, 396, 399, 403, 404, 407, 408, 410, 411, 412, 413, 416, 418, 419]",172,False,2.2770248335189246e-05,-9.476815838556068e-09,7.5932417170092666e-06,10.0
TP8,147,147,78,69,1663,0.5306122448979592,0.04480183802412407,0.0826271186440678,cao2018,S23/060711_1m,all_channel,mean,mean__all_channel__TP8,32,422,"[1, 3, 12, 13, 14, 15, 16, 18, 21, 23, 24, 26, 28, 31, 35, 45, 49, 50, 51, 52, 57, 61, 62, 64, 68, 69, 70, 71, 73, 74, 75, 76, 77, 80, 81, 85, 86, 89, 93, 97, 101, 102, 103, 110, 113, 114, 115, 116, 117, 118, 119, 124, 133, 134, 135, 136, 149, 150, 153, 155, 158, 159, 160, 161, 162, 164, 165, 167, 169, 170, 171, 172, 173, 174, 175, 176, 177, 179, 181, 183, 184, 190, 195, 196, 202, 208, 210, 216, 217, 218, 228, 229, 235, 236, 237, 238, 239, 240, 241, 242, 243, 245, 246, 248, 249, 252, 253, 254, 255, 261, 262, 263, 264, 271, 273, 277, 278, 279, 281, 287, 288, 289, 290, 291, 294, 297, 304, 306, 309, 311, 312, 315, 317, 319, 320, 326, 327, 331, 339, 340, 344, 346, 353, 357, 362, 365, 367, 369, 370, 371, 373, 374, 375, 378, 381, 382, 384, 391, 392, 396, 399, 403, 404, 407, 408, 410, 411, 412, 413, 416, 418, 419]",172,False,1.8111925650987473e-05,-9.009691524222962e-09,6.040311780837232e-06,10.0
P4,117,117,68,49,1673,0.5811965811965812,0.039058012636415854,0.07319698600645856,cao2018,S23/060711_1m,all_channel,mean,mean__all_channel__P4,32,422,"[1, 3, 12, 13, 14, 15, 16, 18, 21, 23, 24, 26, 28, 31, 35, 45, 49, 50, 51, 52, 57, 61, 62, 64, 68, 69, 70, 71, 73, 74, 75, 76, 77, 80, 81, 85, 86, 89, 93, 97, 101, 102, 103, 110, 113, 114, 115, 116, 117, 118, 119, 124, 133, 134, 135, 136, 149, 150, 153, 155, 158, 159, 160, 161, 162, 164, 165, 167, 169, 170, 171, 172, 173, 174, 175, 176, 177, 179, 181, 183, 184, 190, 195, 196, 202, 208, 210, 216, 217, 218, 228, 229, 235, 236, 237, 238, 239, 240, 241, 242, 243, 245, 246, 248, 249, 252, 253, 254, 255, 261, 262, 263, 264, 271, 273, 277, 278, 279, 281, 287, 288, 289, 290, 291, 294, 297, 304, 306, 309, 311, 312, 315, 317, 319, 320, 326, 327, 331, 339, 340, 344, 346, 353, 357, 362, 365, 367, 369, 370, 371, 373, 374, 375, 378, 381, 382, 384, 391, 392, 396, 399, 403, 404, 407, 408, 410, 411, 412, 413, 416, 418, 419]",172,False,2.2745972230121825e-05,-7.354948985341723e-09,7.584442393035723e-06,10.0
T5,131,131,64,67,1677,0.48854961832061067,0.03676048248133257,0.06837606837606838,cao2018,S23/060711_1m,all_channel,mean,mean__all_channel__T5,32,422,"[1, 3, 12, 13, 14, 15, 16, 18, 21, 23, 24, 26, 28, 31, 35, 45, 49, 50, 51, 52, 57, 61, 62, 64, 68, 69, 70, 71, 73, 74, 75, 76, 77, 80, 81, 85, 86, 89, 93, 97, 101, 102, 103, 110, 113, 114, 115, 116, 117, 118, 119, 124, 133, 134, 135, 136, 149, 150, 153, 155, 158, 159, 160, 161, 162, 164, 165, 167, 169, 170, 171, 172, 173, 174, 175, 176, 177, 179, 181, 183, 184, 190, 195, 196, 202, 208, 210, 216, 217, 218, 228, 229, 235, 236, 237, 238, 239, 240, 241, 242, 243, 245, 246, 248, 249, 252, 253, 254, 255, 261, 262, 263, 264, 271, 273, 277, 278, 279, 281, 287, 288, 289, 290, 291, 294, 297, 304, 306, 309, 311, 312, 315, 317, 319, 320, 326, 327, 331, 339, 340, 344, 346, 353, 357, 362, 365, 367, 369, 370, 371, 373, 374, 375, 378, 381, 382, 384, 391, 392, 396, 399, 403, 404, 407, 408, 410, 411, 412, 413, 416, 418, 419]",172,False,1.6047227862126585e-05,6.728074026240208e-09,5.346833262700115e-06,10.0
PZ,90,90,44,46,1697,0.4888888888888889,0.02527283170591614,0.04806116876024031,cao2018,S23/060711_1m,all_channel,mean,mean__all_channel__PZ,32,422,"[1, 3, 12, 13, 14, 15, 16, 18, 21, 23, 24, 26, 28, 31, 35, 45, 49, 50, 51, 52, 57, 61, 62, 64, 68, 69, 70, 71, 73, 74, 75, 76, 77, 80, 81, 85, 86, 89, 93, 97, 101, 102, 103, 110, 113, 114, 115, 116, 117, 118, 119, 124, 133, 134, 135, 136, 149, 150, 153, 155, 158, 159, 160, 161, 162, 164, 165, 167, 169, 170, 171, 172, 173, 174, 175, 176, 177, 179, 181, 183, 184, 190, 195, 196, 202, 208, 210, 216, 217, 218, 228, 229, 235, 236, 237, 238, 239, 240, 241, 242, 243, 245, 246, 248, 249, 252, 253, 254, 255, 261, 262, 263, 264, 271, 273, 277, 278, 279, 281, 287, 288, 289, 290, 291, 294, 297, 304, 306, 309, 311, 312, 315, 317, 319, 320, 326, 327, 331, 339, 340, 344, 346, 353, 357, 362, 365, 367, 369, 370, 371, 373, 374, 375, 378, 381, 382, 384, 391, 392, 396, 399, 403, 404, 407, 408, 410, 411, 412, 413, 416, 418, 419]",172,False,2.4349394943938264e-05,-1.5769002315757e-08,8.121721315418007e-06,10.0
A1,142,142,35,107,1706,0.24647887323943662,0.020103388856978748,0.03717472118959108,cao2018,S23/060711_1m,all_channel,mean,mean__all_channel__A1,32,422,"[1, 3, 12, 13, 14, 15, 16, 18, 21, 23, 24, 26, 28, 31, 35, 45, 49, 50, 51, 52, 57, 61, 62, 64, 68, 69, 70, 71, 73, 74, 75, 76, 77, 80, 81, 85, 86, 89, 93, 97, 101, 102, 103, 110, 113, 114, 115, 116, 117, 118, 119, 124, 133, 134, 135, 136, 149, 150, 153, 155, 158, 159, 160, 161, 162, 164, 165, 167, 169, 170, 171, 172, 173, 174, 175, 176, 177, 179, 181, 183, 184, 190, 195, 196, 202, 208, 210, 216, 217, 218, 228, 229, 235, 236, 237, 238, 239, 240, 241, 242, 243, 245, 246, 248, 249, 252, 253, 254, 255, 261, 262, 263, 264, 271, 273, 277, 278, 279, 281, 287, 288, 289, 290, 291, 294, 297, 304, 306, 309, 311, 312, 315, 317, 319, 320, 326, 327, 331, 339, 340, 344, 346, 353, 357, 362, 365, 367, 369, 370, 371, 373, 374, 375, 378, 381, 382, 384, 391, 392, 396, 399, 403, 404, 407, 408, 410, 411, 412, 413, 416, 418, 419]",172,False,7.909818217032385e-06,1.058093289872278e-08,2.6330790947112205e-06,10.0
T6,74,74,29,45,1712,0.3918918918918919,0.01665709362435382,0.031955922865013774,cao2018,S23/060711_1m,all_channel,mean,mean__all_channel__T6,32,422,"[1, 3, 12, 13, 14, 15, 16, 18, 21, 23, 24, 26, 28, 31, 35, 45, 49, 50, 51, 52, 57, 61, 62, 64, 68, 69, 70, 71, 73, 74, 75, 76, 77, 80, 81, 85, 86, 89, 93, 97, 101, 102, 103, 110, 113, 114, 115, 116, 117, 118, 119, 124, 133, 134, 135, 136, 149, 150, 153, 155, 158, 159, 160, 161, 162, 164, 165, 167, 169, 170, 171, 172, 173, 174, 175, 176, 177, 179, 181, 183, 184, 190, 195, 196, 202, 208, 210, 216, 217, 218, 228, 229, 235, 236, 237, 238, 239, 240, 241, 242, 243, 245, 246, 248, 249, 252, 253, 254, 255, 261, 262, 263, 264, 271, 273, 277, 278, 279, 281, 287, 288, 289, 290, 291, 294, 297, 304, 306, 309, 311, 312, 315, 317, 319, 320, 326, 327, 331, 339, 340, 344, 346, 353, 357, 362, 365, 367, 369, 370, 371, 373, 374, 375, 378, 381, 382, 384, 391, 392, 396, 399, 403, 404, 407, 408, 410, 411, 412, 413, 416, 418, 419]",172,False,1.8145764654620807e-05,-5.318734250223661e-09,6.050361129623677e-06,10.0
A2,146,146,28,118,1713,0.1917808219178082,0.016082711085583,0.0296767355590885,cao2018,S23/060711_1m,all_channel,mean,mean__all_channel__A2,32,422,"[1, 3, 12, 13, 14, 15, 16, 18, 21, 23, 24, 26, 28, 31, 35, 45, 49, 50, 51, 52, 57, 61, 62, 64, 68, 69, 70, 71, 73, 74, 75, 76, 77, 80, 81, 85, 86, 89, 93, 97, 101, 102, 103, 110, 113, 114, 115, 116, 117, 118, 119, 124, 133, 134, 135, 136, 149, 150, 153, 155, 158, 159, 160, 161, 162, 164, 165, 167, 169, 170, 171, 172, 173, 174, 175, 176, 177, 179, 181, 183, 184, 190, 195, 196, 202, 208, 210, 216, 217, 218, 228, 229, 235, 236, 237, 238, 239, 240, 241, 242, 243, 245, 246, 248, 249, 252, 253, 254, 255, 261, 262, 263, 264, 271, 273, 277, 278, 279, 281, 287, 288, 289, 290, 291, 294, 297, 304, 306, 309, 311, 312, 315, 317, 319, 320, 326, 327, 331, 339, 340, 344, 346, 353, 357, 362, 365, 367, 369, 370, 371, 373, 374, 375, 378, 381, 382, 384, 391, 392, 396, 399, 403, 404, 407, 408, 410, 411, 412, 413, 416, 418, 419]",172,False,7.889505191885e-06,-1.0638283678313813e-08,2.6333811585211045e-06,10.0
O1,65,65,19,46,1722,0.2923076923076923,0.010913268236645606,0.021040974529346623,cao2018,S23/060711_1m,all_channel,mean,mean__all_channel__O1,32,422,"[1, 3, 12, 13, 14, 15, 16, 18, 21, 23, 24, 26, 28, 31, 35, 45, 49, 50, 51, 52, 57, 61, 62, 64, 68, 69, 70, 71, 73, 74, 75, 76, 77, 80, 81, 85, 86, 89, 93, 97, 101, 102, 103, 110, 113, 114, 115, 116, 117, 118, 119, 124, 133, 134, 135, 136, 149, 150, 153, 155, 158, 159, 160, 161, 162, 164, 165, 167, 169, 170, 171, 172, 173, 174, 175, 176, 177, 179, 181, 183, 184, 190, 195, 196, 202, 208, 210, 216, 217, 218, 228, 229, 235, 236, 237, 238, 239, 240, 241, 242, 243, 245, 246, 248, 249, 252, 253, 254, 255, 261, 262, 263, 264, 271, 273, 277, 278, 279, 281, 287, 288, 289, 290, 291, 294, 297, 304, 306, 309, 311, 312, 315, 317, 319, 320, 326, 327, 331, 339, 340, 344, 346, 353, 357, 362, 365, 367, 369, 370, 371, 373, 374, 375, 378, 381, 382, 384, 391, 392, 396, 399, 403, 404, 407, 408, 410, 411, 412, 413, 416, 418, 419]",172,False,1.6886212502998604e-05,2.5379391724933625e-09,5.6278915212753696e-06,10.0
OZ,64,64,13,51,1728,0.203125,0.007466973004020678,0.014404432132963989,cao2018,S23/060711_1m,all_channel,mean,mean__all_channel__OZ,32,422,"[1, 3, 12, 13, 14, 15, 16, 18, 21, 23, 24, 26, 28, 31, 35, 45, 49, 50, 51, 52, 57, 61, 62, 64, 68, 69, 70, 71, 73, 74, 75, 76, 77, 80, 81, 85, 86, 89, 93, 97, 101, 102, 103, 110, 113, 114, 115, 116, 117, 118, 119, 124, 133, 134, 135, 136, 149, 150, 153, 155, 158, 159, 160, 161, 162, 164, 165, 167, 169, 170, 171, 172, 173, 174, 175, 176, 177, 179, 181, 183, 184, 190, 195, 196, 202, 208, 210, 216, 217, 218, 228, 229, 235, 236, 237, 238, 239, 240, 241, 242, 243, 245, 246, 248, 249, 252, 253, 254, 255, 261, 262, 263, 264, 271, 273, 277, 278, 279, 281, 287, 288, 289, 290, 291, 294, 297, 304, 306, 309, 311, 312, 315, 317, 319, 320, 326, 327, 331, 339, 340, 344, 346, 353, 357, 362, 365, 367, 369, 370, 371, 373, 374, 375, 378, 381, 382, 384, 391, 392, 396, 399, 403, 404, 407, 408, 410, 411, 412, 413, 416, 418, 419]",172,False,1.604941795766567e-05,-1.2330561910647417e-08,5.353916173192107e-06,10.0
O2,62,62,12,50,1729,0.1935483870967742,0.0068925904652498565,0.013311148086522461,cao2018,S23/060711_1m,all_channel,mean,mean__all_channel__O2,32,422,"[1, 3, 12, 13, 14, 15, 16, 18, 21, 23, 24, 26, 28, 31, 35, 45, 49, 50, 51, 52, 57, 61, 62, 64, 68, 69, 70, 71, 73, 74, 75, 76, 77, 80, 81, 85, 86, 89, 93, 97, 101, 102, 103, 110, 113, 114, 115, 116, 117, 118, 119, 124, 133, 134, 135, 136, 149, 150, 153, 155, 158, 159, 160, 161, 162, 164, 165, 167, 169, 170, 171, 172, 173, 174, 175, 176, 177, 179, 181, 183, 184, 190, 195, 196, 202, 208, 210, 216, 217, 218, 228, 229, 235, 236, 237, 238, 239, 240, 241, 242, 243, 245, 246, 248, 249, 252, 253, 254, 255, 261, 262, 263, 264, 271, 273, 277, 278, 279, 281, 287, 288, 289, 290, 291, 294, 297, 304, 306, 309, 311, 312, 315, 317, 319, 320, 326, 327, 331, 339, 340, 344, 346, 353, 357, 362, 365, 367, 369, 370, 371, 373, 374, 375, 378, 381, 382, 384, 391, 392, 396, 399, 403, 404, 407, 408, 410, 411, 412, 413, 416, 418, 419]",172,False,1.7055716760208808e-05,-1.847669924749279e-08,5.691397819818766e-06,10.0
FP1,1943,1943,1676,267,65,0.8625836335563561,0.9626651349798966,0.9098805646036916,cao2018,S23/060711_1m,frontal,median,median__frontal__FP1,4,422,"[3, 12, 13, 14, 15, 16, 18, 23, 24, 35, 49, 50, 51, 52, 64, 73, 74, 75, 76, 81, 85, 93, 97, 103, 110, 115, 116, 119, 134, 135, 136, 153, 158, 159, 160, 162, 164, 165, 167, 169, 170, 171, 172, 173, 174, 175, 176, 177, 179, 184, 195, 208, 216, 217, 229, 238, 239, 240, 241, 242, 243, 252, 255, 261, 278, 294, 297, 340, 362, 374, 375, 378, 381, 382, 399, 403, 407, 411, 416]",79,False,7.189839811243063e-05,-4.475897123107141e-06,2.5458098411845922e-05,10.0
FP2,1918,1918,1662,256,79,0.8665276329509907,0.9546237794371051,0.9084449303088277,cao2018,S23/060711_1m,frontal,median,median__frontal__FP2,4,422,"[3, 12, 13, 14, 15, 16, 18, 23, 24, 35, 49, 50, 51, 52, 64, 73, 74, 75, 76, 81, 85, 93, 97, 103, 110, 115, 116, 119, 134, 135, 136, 153, 158, 159, 160, 162, 164, 165, 167, 169, 170, 171, 172, 173, 174, 175, 176, 177, 179, 184, 195, 208, 216, 217, 229, 238, 239, 240, 241, 242, 243, 252, 255, 261, 278, 294, 297, 340, 362, 374, 375, 378, 381, 382, 399, 403, 407, 411, 416]",79,False,7.389862431490564e-05,-4.60096086790303e-06,2.6166528394269555e-05,10.0
F3,1119,1119,938,181,803,0.838248436103664,0.5387708213670305,0.655944055944056,cao2018,S23/060711_1m,frontal,median,median__frontal__F3,4,422,"[3, 12, 13, 14, 15, 16, 18, 23, 24, 35, 49, 50, 51, 52, 64, 73, 74, 75, 76, 81, 85, 93, 97, 103, 110, 115, 116, 119, 134, 135, 136, 153, 158, 159, 160, 162, 164, 165, 167, 169, 170, 171, 172, 173, 174, 175, 176, 177, 179, 184, 195, 208, 216, 217, 229, 238, 239, 240, 241, 242, 243, 252, 255, 261, 278, 294, 297, 340, 362, 374, 375, 378, 381, 382, 399, 403, 407, 411, 416]",79,False,4.9239435335775547e-05,-2.1110959080619045e-06,1.7116843747945816e-05,10.0
F4,875,875,714,161,1027,0.816,0.41010913268236643,0.5458715596330275,cao2018,S23/060711_1m,frontal,median,median__frontal__F4,4,422,"[3, 12, 13, 14, 15, 16, 18, 23, 24, 35, 49, 50, 51, 52, 64, 73, 74, 75, 76, 81, 85, 93, 97, 103, 110, 115, 116, 119, 134, 135, 136, 153, 158, 159, 160, 162, 164, 165, 167, 169, 170, 171, 172, 173, 174, 175, 176, 177, 179, 184, 195, 208, 216, 217, 229, 238, 239, 240, 241, 242, 243, 252, 255, 261, 278, 294, 297, 340, 362, 374, 375, 378, 381, 382, 399, 403, 407, 411, 416]",79,False,4.8618194466189226e-05,-1.4856685643473971e-06,1.670128767684554e-05,10.0
FP2,1885,1885,1647,238,94,0.8737400530503979,0.9460080413555428,0.9084390512961942,cao2018,S23/060711_1m,frontal,mean,mean__frontal__FP2,4,422,"[3, 12, 13, 14, 15, 16, 18, 23, 24, 35, 49, 50, 51, 52, 64, 73, 74, 75, 76, 81, 85, 93, 97, 103, 110, 115, 116, 119, 134, 135, 136, 153, 158, 159, 160, 162, 164, 165, 167, 169, 170, 171, 172, 173, 174, 175, 176, 177, 179, 184, 195, 208, 216, 217, 229, 238, 239, 240, 241, 242, 243, 252, 255, 261, 278, 294, 297, 340, 362, 374, 375, 378, 381, 382, 399, 403, 407, 411, 416]",79,False,7.861589676028284e-05,1.1631157747417507e-07,2.6166528394269555e-05,10.0
FP1,1915,1915,1660,255,81,0.8668407310704961,0.9534750143595635,0.9080962800875273,cao2018,S23/060711_1m,frontal,mean,mean__frontal__FP1,4,422,"[3, 12, 13, 14, 15, 16, 18, 23, 24, 35, 49, 50, 51, 52, 64, 73, 74, 75, 76, 81, 85, 93, 97, 103, 110, 115, 116, 119, 134, 135, 136, 153, 158, 159, 160, 162, 164, 165, 167, 169, 170, 171, 172, 173, 174, 175, 176, 177, 179, 184, 195, 208, 216, 217, 229, 238, 239, 240, 241, 242, 243, 252, 255, 261, 278, 294, 297, 340, 362, 374, 375, 378, 381, 382, 399, 403, 407, 411, 416]",79,False,7.66240110538197e-05,2.4971581828192503e-07,2.5458098411845922e-05,10.0
F3,1022,1022,843,179,898,0.824853228962818,0.4842044801838024,0.6102062975027144,cao2018,S23/060711_1m,frontal,mean,mean__frontal__F3,4,422,"[3, 12, 13, 14, 15, 16, 18, 23, 24, 35, 49, 50, 51, 52, 64, 73, 74, 75, 76, 81, 85, 93, 97, 103, 110, 115, 116, 119, 134, 135, 136, 153, 158, 159, 160, 162, 164, 165, 167, 169, 170, 171, 172, 173, 174, 175, 176, 177, 179, 184, 195, 208, 216, 217, 229, 238, 239, 240, 241, 242, 243, 252, 255, 261, 278, 294, 297, 340, 362, 374, 375, 378, 381, 382, 399, 403, 407, 411, 416]",79,False,5.1228617410576066e-05,-1.2191383326138303e-07,1.7116843747945816e-05,10.0
F4,782,782,630,152,1111,0.8056265984654731,0.36186099942561745,0.49940546967895355,cao2018,S23/060711_1m,frontal,mean,mean__frontal__F4,4,422,"[3, 12, 13, 14, 15, 16, 18, 23, 24, 35, 49, 50, 51, 52, 64, 73, 74, 75, 76, 81, 85, 93, 97, 103, 110, 115, 116, 119, 134, 135, 136, 153, 158, 159, 160, 162, 164, 165, 167, 169, 170, 171, 172, 173, 174, 175, 176, 177, 179, 184, 195, 208, 216, 217, 229, 238, 239, 240, 241, 242, 243, 252, 255, 261, 278, 294, 297, 340, 362, 374, 375, 378, 381, 382, 399, 403, 407, 411, 416]",79,False,5.0484792714661863e-05,3.809296841252407e-07,1.670128767684554e-05,10.0
FP1,1940,1940,1674,266,67,0.8628865979381444,0.961516369902355,0.9095354523227384,cao2018,S23/060711_1m,frontal_left,median,median__frontal_left__FP1,2,422,"[3, 12, 13, 14, 15, 18, 23, 24, 35, 49, 50, 51, 52, 64, 73, 74, 75, 81, 85, 93, 97, 103, 110, 115, 116, 119, 134, 135, 136, 153, 158, 159, 160, 162, 164, 165, 167, 169, 170, 171, 174, 175, 176, 177, 179, 184, 195, 208, 216, 217, 229, 238, 239, 240, 241, 242, 243, 252, 255, 261, 278, 294, 297, 340, 362, 374, 375, 378, 381, 382, 399, 403, 407, 411, 416]",75,False,7.278804763059411e-05,-4.686844756126689e-06,2.5824964128906935e-05,10.0
F3,1082,1082,898,184,843,0.8299445471349353,0.5157955198161975,0.6362026213248317,cao2018,S23/060711_1m,frontal_left,median,median__frontal_left__F3,2,422,"[3, 12, 13, 14, 15, 18, 23, 24, 35, 49, 50, 51, 52, 64, 73, 74, 75, 81, 85, 93, 97, 103, 110, 115, 116, 119, 134, 135, 136, 153, 158, 159, 160, 162, 164, 165, 167, 169, 170, 171, 174, 175, 176, 177, 179, 184, 195, 208, 216, 217, 229, 238, 239, 240, 241, 242, 243, 252, 255, 261, 278, 294, 297, 340, 362, 374, 375, 378, 381, 382, 399, 403, 407, 411, 416]",75,False,5.020488890100014e-05,-2.213401224601691e-06,1.7472763375200612e-05,10.0
FP1,1904,1904,1659,245,82,0.8713235294117647,0.9529006318207927,0.9102880658436213,cao2018,S23/060711_1m,frontal_left,mean,mean__frontal_left__FP1,2,422,"[3, 12, 13, 14, 15, 18, 23, 24, 35, 49, 50, 51, 52, 64, 73, 74, 75, 81, 85, 93, 97, 103, 110, 115, 116, 119, 134, 135, 136, 153, 158, 159, 160, 162, 164, 165, 167, 169, 170, 171, 174, 175, 176, 177, 179, 184, 195, 208, 216, 217, 229, 238, 239, 240, 241, 242, 243, 252, 255, 261, 278, 294, 297, 340, 362, 374, 375, 378, 381, 382, 399, 403, 407, 411, 416]",75,False,7.772998006495198e-05,2.550876782311767e-07,2.5824964128906935e-05,10.0
F3,962,962,783,179,958,0.8139293139293139,0.4497415278575531,0.5793562708102109,cao2018,S23/060711_1m,frontal_left,mean,mean__frontal_left__F3,2,422,"[3, 12, 13, 14, 15, 18, 23, 24, 35, 49, 50, 51, 52, 64, 73, 74, 75, 81, 85, 93, 97, 103, 110, 115, 116, 119, 134, 135, 136, 153, 158, 159, 160, 162, 164, 165, 167, 169, 170, 171, 174, 175, 176, 177, 179, 184, 195, 208, 216, 217, 229, 238, 239, 240, 241, 242, 243, 252, 255, 261, 278, 294, 297, 340, 362, 374, 375, 378, 381, 382, 399, 403, 407, 411, 416]",75,False,5.227196960120983e-05,-1.4632052439200356e-07,1.7472763375200612e-05,10.0
FP2,1805,1805,1605,200,136,0.889196675900277,0.9218839747271683,0.9052453468697124,cao2018,S23/060711_1m,frontal_right,median,median__frontal_right__FP2,2,422,"[12, 13, 14, 15, 16, 35, 49, 51, 52, 74, 75, 76, 103, 119, 136, 160, 169, 170, 171, 172, 173, 175, 176, 184, 208, 229, 238, 243, 294, 375, 378, 381]",32,False,8.773558447400183e-05,-3.871622843534639e-06,3.0535735772512156e-05,10.0
F4,191,191,128,63,1613,0.6701570680628273,0.07352096496266514,0.13250517598343686,cao2018,S23/060711_1m,frontal_right,median,median__frontal_right__F4,2,422,"[12, 13, 14, 15, 16, 35, 49, 51, 52, 74, 75, 76, 103, 119, 136, 160, 169, 170, 171, 172, 173, 175, 176, 184, 208, 229, 238, 243, 294, 375, 378, 381]",32,False,6.856969119933475e-05,-2.463007645819895e-07,2.2938663987972247e-05,10.0
FP2,1769,1769,1574,195,167,0.889768230638779,0.9040781160252729,0.8968660968660969,cao2018,S23/060711_1m,frontal_right,mean,mean__frontal_right__FP2,2,422,"[12, 13, 14, 15, 16, 35, 49, 51, 52, 74, 75, 76, 103, 119, 136, 160, 169, 170, 171, 172, 173, 175, 176, 184, 208, 229, 238, 243, 294, 375, 378, 381]",32,False,9.159123214150435e-05,-1.597517603210796e-08,3.0535735772512156e-05,10.0
F4,173,173,115,58,1626,0.6647398843930635,0.06605399195864446,0.12016718913270638,cao2018,S23/060711_1m,frontal_right,mean,mean__frontal_right__F4,2,422,"[12, 13, 14, 15, 16, 35, 49, 51, 52, 74, 75, 76, 103, 119, 136, 160, 169, 170, 171, 172, 173, 175, 176, 184, 208, 229, 238, 243, 294, 375, 378, 381]",32,False,6.975119427220292e-05,9.352023082861742e-07,2.2938663987972247e-05,10.0
FP1,2016,2016,1708,308,33,0.8472222222222222,0.9810453762205629,0.9092360926270961,cao2018,S23/060711_1m,all_channel,median,median__all_channel__FP1,32,211,"[1, 6, 7, 9, 15, 17, 24, 25, 26, 32, 34, 35, 36, 37, 40, 42, 43, 48, 49, 51, 55, 59, 66, 67, 68, 76, 79, 80, 81, 84, 85, 86, 87, 88, 89, 90, 92, 97, 98, 104, 108, 114, 119, 120, 121, 124, 126, 130, 131, 139, 143, 147, 148, 157, 158, 165, 170, 172, 173, 185, 187, 189, 190, 191, 195, 201, 203, 206, 208]",69,False,6.279588682036997e-05,-5.23077934733035e-06,2.267555538923344e-05,20.0
FP2,1985,1985,1691,294,50,0.851889168765743,0.9712808730614589,0.9076757917337628,cao2018,S23/060711_1m,all_channel,median,median__all_channel__FP2,32,211,"[1, 6, 7, 9, 15, 17, 24, 25, 26, 32, 34, 35, 36, 37, 40, 42, 43, 48, 49, 51, 55, 59, 66, 67, 68, 76, 79, 80, 81, 84, 85, 86, 87, 88, 89, 90, 92, 97, 98, 104, 108, 114, 119, 120, 121, 124, 126, 130, 131, 139, 143, 147, 148, 157, 158, 165, 170, 172, 173, 185, 187, 189, 190, 191, 195, 201, 203, 206, 208]",69,False,6.450310705909748e-05,-5.3170269685219846e-06,2.327337800920649e-05,20.0
F7,1792,1792,1496,296,245,0.8348214285714286,0.8592762780011488,0.8468723464477781,cao2018,S23/060711_1m,all_channel,median,median__all_channel__F7,32,211,"[1, 6, 7, 9, 15, 17, 24, 25, 26, 32, 34, 35, 36, 37, 40, 42, 43, 48, 49, 51, 55, 59, 66, 67, 68, 76, 79, 80, 81, 84, 85, 86, 87, 88, 89, 90, 92, 97, 98, 104, 108, 114, 119, 120, 121, 124, 126, 130, 131, 139, 143, 147, 148, 157, 158, 165, 170, 172, 173, 185, 187, 189, 190, 191, 195, 201, 203, 206, 208]",69,False,3.596965718334065e-05,-2.1540059289664497e-06,1.2707887704102368e-05,20.0
FZ,1699,1699,1434,265,307,0.8440258975868158,0.8236645605973578,0.8337209302325581,cao2018,S23/060711_1m,all_channel,median,median__all_channel__FZ,32,211,"[1, 6, 7, 9, 15, 17, 24, 25, 26, 32, 34, 35, 36, 37, 40, 42, 43, 48, 49, 51, 55, 59, 66, 67, 68, 76, 79, 80, 81, 84, 85, 86, 87, 88, 89, 90, 92, 97, 98, 104, 108, 114, 119, 120, 121, 124, 126, 130, 131, 139, 143, 147, 148, 157, 158, 165, 170, 172, 173, 185, 187, 189, 190, 191, 195, 201, 203, 206, 208]",69,False,3.6650822959702226e-05,-2.232826031870756e-06,1.2961216330524326e-05,20.0
F8,1648,1648,1402,246,339,0.8507281553398058,0.8052843193566915,0.8273827087636471,cao2018,S23/060711_1m,all_channel,median,median__all_channel__F8,32,211,"[1, 6, 7, 9, 15, 17, 24, 25, 26, 32, 34, 35, 36, 37, 40, 42, 43, 48, 49, 51, 55, 59, 66, 67, 68, 76, 79, 80, 81, 84, 85, 86, 87, 88, 89, 90, 92, 97, 98, 104, 108, 114, 119, 120, 121, 124, 126, 130, 131, 139, 143, 147, 148, 157, 158, 165, 170, 172, 173, 185, 187, 189, 190, 191, 195, 201, 203, 206, 208]",69,False,3.217890346816049e-05,-1.858249502982433e-06,1.134571765704764e-05,20.0
F3,1599,1599,1321,278,420,0.8261413383364603,0.758759333716255,0.7910179640718563,cao2018,S23/060711_1m,all_channel,median,median__all_channel__F3,32,211,"[1, 6, 7, 9, 15, 17, 24, 25, 26, 32, 34, 35, 36, 37, 40, 42, 43, 48, 49, 51, 55, 59, 66, 67, 68, 76, 79, 80, 81, 84, 85, 86, 87, 88, 89, 90, 92, 97, 98, 104, 108, 114, 119, 120, 121, 124, 126, 130, 131, 139, 143, 147, 148, 157, 158, 165, 170, 172, 173, 185, 187, 189, 190, 191, 195, 201, 203, 206, 208]",69,False,4.1300178032505e-05,-2.3714897993854292e-06,1.4557222610630143e-05,20.0
F4,1366,1366,1122,244,619,0.821376281112738,0.6444572085008615,0.7222401029932412,cao2018,S23/060711_1m,all_channel,median,median__all_channel__F4,32,211,"[1, 6, 7, 9, 15, 17, 24, 25, 26, 32, 34, 35, 36, 37, 40, 42, 43, 48, 49, 51, 55, 59, 66, 67, 68, 76, 79, 80, 81, 84, 85, 86, 87, 88, 89, 90, 92, 97, 98, 104, 108, 114, 119, 120, 121, 124, 126, 130, 131, 139, 143, 147, 148, 157, 158, 165, 170, 172, 173, 185, 187, 189, 190, 191, 195, 201, 203, 206, 208]",69,False,4.0686167420290626e-05,-1.8638580510363301e-06,1.4183341823775653e-05,20.0
FC3,1113,1113,893,220,848,0.8023360287511231,0.5129236071223435,0.6257883672039244,cao2018,S23/060711_1m,all_channel,median,median__all_channel__FC3,32,211,"[1, 6, 7, 9, 15, 17, 24, 25, 26, 32, 34, 35, 36, 37, 40, 42, 43, 48, 49, 51, 55, 59, 66, 67, 68, 76, 79, 80, 81, 84, 85, 86, 87, 88, 89, 90, 92, 97, 98, 104, 108, 114, 119, 120, 121, 124, 126, 130, 131, 139, 143, 147, 148, 157, 158, 165, 170, 172, 173, 185, 187, 189, 190, 191, 195, 201, 203, 206, 208]",69,False,3.056562461016753e-05,-1.4033530132048345e-06,1.0656325874457455e-05,20.0
FT7,1033,1033,799,234,942,0.7734753146176185,0.45893164847788626,0.5760634462869502,cao2018,S23/060711_1m,all_channel,median,median__all_channel__FT7,32,211,"[1, 6, 7, 9, 15, 17, 24, 25, 26, 32, 34, 35, 36, 37, 40, 42, 43, 48, 49, 51, 55, 59, 66, 67, 68, 76, 79, 80, 81, 84, 85, 86, 87, 88, 89, 90, 92, 97, 98, 104, 108, 114, 119, 120, 121, 124, 126, 130, 131, 139, 143, 147, 148, 157, 158, 165, 170, 172, 173, 185, 187, 189, 190, 191, 195, 201, 203, 206, 208]",69,False,2.6163567673875392e-05,-1.0527284973339944e-06,9.072098723736462e-06,20.0
FCZ,980,980,770,210,971,0.7857142857142857,0.44227455485353245,0.5659683939728042,cao2018,S23/060711_1m,all_channel,median,median__all_channel__FCZ,32,211,"[1, 6, 7, 9, 15, 17, 24, 25, 26, 32, 34, 35, 36, 37, 40, 42, 43, 48, 49, 51, 55, 59, 66, 67, 68, 76, 79, 80, 81, 84, 85, 86, 87, 88, 89, 90, 92, 97, 98, 104, 108, 114, 119, 120, 121, 124, 126, 130, 131, 139, 143, 147, 148, 157, 158, 165, 170, 172, 173, 185, 187, 189, 190, 191, 195, 201, 203, 206, 208]",69,False,3.292031550957707e-05,-1.4274298142586695e-06,1.144924844127858e-05,20.0
FC4,893,893,712,181,1029,0.7973124300111982,0.4089603676048248,0.5406226271829916,cao2018,S23/060711_1m,all_channel,median,median__all_channel__FC4,32,211,"[1, 6, 7, 9, 15, 17, 24, 25, 26, 32, 34, 35, 36, 37, 40, 42, 43, 48, 49, 51, 55, 59, 66, 67, 68, 76, 79, 80, 81, 84, 85, 86, 87, 88, 89, 90, 92, 97, 98, 104, 108, 114, 119, 120, 121, 124, 126, 130, 131, 139, 143, 147, 148, 157, 158, 165, 170, 172, 173, 185, 187, 189, 190, 191, 195, 201, 203, 206, 208]",69,False,3.1056704059731606e-05,-1.2678305323182076e-06,1.0774844864016603e-05,20.0
FT8,797,797,612,185,1129,0.767879548306148,0.35152211372774267,0.48226950354609927,cao2018,S23/060711_1m,all_channel,median,median__all_channel__FT8,32,211,"[1, 6, 7, 9, 15, 17, 24, 25, 26, 32, 34, 35, 36, 37, 40, 42, 43, 48, 49, 51, 55, 59, 66, 67, 68, 76, 79, 80, 81, 84, 85, 86, 87, 88, 89, 90, 92, 97, 98, 104, 108, 114, 119, 120, 121, 124, 126, 130, 131, 139, 143, 147, 148, 157, 158, 165, 170, 172, 173, 185, 187, 189, 190, 191, 195, 201, 203, 206, 208]",69,False,2.3425965383351072e-05,-8.440454706060528e-07,8.090003617985708e-06,20.0
C3,582,582,427,155,1314,0.7336769759450171,0.24526134405514072,0.36762806715454155,cao2018,S23/060711_1m,all_channel,median,median__all_channel__C3,32,211,"[1, 6, 7, 9, 15, 17, 24, 25, 26, 32, 34, 35, 36, 37, 40, 42, 43, 48, 49, 51, 55, 59, 66, 67, 68, 76, 79, 80, 81, 84, 85, 86, 87, 88, 89, 90, 92, 97, 98, 104, 108, 114, 119, 120, 121, 124, 126, 130, 131, 139, 143, 147, 148, 157, 158, 165, 170, 172, 173, 185, 187, 189, 190, 191, 195, 201, 203, 206, 208]",69,False,2.6097039264700013e-05,-9.253905455471278e-07,9.007476603415713e-06,20.0
CZ,407,407,290,117,1451,0.7125307125307125,0.1665709362435382,0.27001862197392923,cao2018,S23/060711_1m,all_channel,median,median__all_channel__CZ,32,211,"[1, 6, 7, 9, 15, 17, 24, 25, 26, 32, 34, 35, 36, 37, 40, 42, 43, 48, 49, 51, 55, 59, 66, 67, 68, 76, 79, 80, 81, 84, 85, 86, 87, 88, 89, 90, 92, 97, 98, 104, 108, 114, 119, 120, 121, 124, 126, 130, 131, 139, 143, 147, 148, 157, 158, 165, 170, 172, 173, 185, 187, 189, 190, 191, 195, 201, 203, 206, 208]",69,False,2.9180490639202062e-05,-8.937640157082653e-07,1.0024751551636777e-05,20.0
C4,402,402,286,116,1455,0.7114427860696517,0.16427340608845492,0.26691553896406905,cao2018,S23/060711_1m,all_channel,median,median__all_channel__C4,32,211,"[1, 6, 7, 9, 15, 17, 24, 25, 26, 32, 34, 35, 36, 37, 40, 42, 43, 48, 49, 51, 55, 59, 66, 67, 68, 76, 79, 80, 81, 84, 85, 86, 87, 88, 89, 90, 92, 97, 98, 104, 108, 114, 119, 120, 121, 124, 126, 130, 131, 139, 143, 147, 148, 157, 158, 165, 170, 172, 173, 185, 187, 189, 190, 191, 195, 201, 203, 206, 208]",69,False,2.7294572926682174e-05,-8.169545693819516e-07,9.370509165354708e-06,20.0
T3,410,410,253,157,1488,0.6170731707317073,0.14531878230901782,0.23523942352394236,cao2018,S23/060711_1m,all_channel,median,median__all_channel__T3,32,211,"[1, 6, 7, 9, 15, 17, 24, 25, 26, 32, 34, 35, 36, 37, 40, 42, 43, 48, 49, 51, 55, 59, 66, 67, 68, 76, 79, 80, 81, 84, 85, 86, 87, 88, 89, 90, 92, 97, 98, 104, 108, 114, 119, 120, 121, 124, 126, 130, 131, 139, 143, 147, 148, 157, 158, 165, 170, 172, 173, 185, 187, 189, 190, 191, 195, 201, 203, 206, 208]",69,False,1.9990415791265672e-05,-4.7275873786414357e-07,6.821058176376606e-06,20.0
T4,346,346,217,129,1524,0.6271676300578035,0.12464101091326824,0.20795400095831337,cao2018,S23/060711_1m,all_channel,median,median__all_channel__T4,32,211,"[1, 6, 7, 9, 15, 17, 24, 25, 26, 32, 34, 35, 36, 37, 40, 42, 43, 48, 49, 51, 55, 59, 66, 67, 68, 76, 79, 80, 81, 84, 85, 86, 87, 88, 89, 90, 92, 97, 98, 104, 108, 114, 119, 120, 121, 124, 126, 130, 131, 139, 143, 147, 148, 157, 158, 165, 170, 172, 173, 185, 187, 189, 190, 191, 195, 201, 203, 206, 208]",69,False,1.9486539336153655e-05,-4.349014372630086e-07,6.640480257805555e-06,20.0
CP3,259,259,173,86,1568,0.667953667953668,0.0993681792073521,0.17300000000000001,cao2018,S23/060711_1m,all_channel,median,median__all_channel__CP3,32,211,"[1, 6, 7, 9, 15, 17, 24, 25, 26, 32, 34, 35, 36, 37, 40, 42, 43, 48, 49, 51, 55, 59, 66, 67, 68, 76, 79, 80, 81, 84, 85, 86, 87, 88, 89, 90, 92, 97, 98, 104, 108, 114, 119, 120, 121, 124, 126, 130, 131, 139, 143, 147, 148, 157, 158, 165, 170, 172, 173, 185, 187, 189, 190, 191, 195, 201, 203, 206, 208]",69,False,2.380570081848643e-05,-6.0036436773264e-07,8.135355062073023e-06,20.0
CP4,222,222,133,89,1608,0.5990990990990991,0.07639287765651924,0.13550687722873153,cao2018,S23/060711_1m,all_channel,median,median__all_channel__CP4,32,211,"[1, 6, 7, 9, 15, 17, 24, 25, 26, 32, 34, 35, 36, 37, 40, 42, 43, 48, 49, 51, 55, 59, 66, 67, 68, 76, 79, 80, 81, 84, 85, 86, 87, 88, 89, 90, 92, 97, 98, 104, 108, 114, 119, 120, 121, 124, 126, 130, 131, 139, 143, 147, 148, 157, 158, 165, 170, 172, 173, 185, 187, 189, 190, 191, 195, 201, 203, 206, 208]",69,False,2.443723146876093e-05,-5.481426223887169e-07,8.328458030383216e-06,20.0
TP7,229,229,125,104,1616,0.5458515283842795,0.07179781734635267,0.12690355329949238,cao2018,S23/060711_1m,all_channel,median,median__all_channel__TP7,32,211,"[1, 6, 7, 9, 15, 17, 24, 25, 26, 32, 34, 35, 36, 37, 40, 42, 43, 48, 49, 51, 55, 59, 66, 67, 68, 76, 79, 80, 81, 84, 85, 86, 87, 88, 89, 90, 92, 97, 98, 104, 108, 114, 119, 120, 121, 124, 126, 130, 131, 139, 143, 147, 148, 157, 158, 165, 170, 172, 173, 185, 187, 189, 190, 191, 195, 201, 203, 206, 208]",69,False,1.7239038980182514e-05,-3.0676900221951205e-07,5.848602660800675e-06,20.0
CPZ,181,181,112,69,1629,0.6187845303867403,0.064330844342332,0.1165452653485952,cao2018,S23/060711_1m,all_channel,median,median__all_channel__CPZ,32,211,"[1, 6, 7, 9, 15, 17, 24, 25, 26, 32, 34, 35, 36, 37, 40, 42, 43, 48, 49, 51, 55, 59, 66, 67, 68, 76, 79, 80, 81, 84, 85, 86, 87, 88, 89, 90, 92, 97, 98, 104, 108, 114, 119, 120, 121, 124, 126, 130, 131, 139, 143, 147, 148, 157, 158, 165, 170, 172, 173, 185, 187, 189, 190, 191, 195, 201, 203, 206, 208]",69,False,2.554184106090539e-05,-5.319030733896309e-07,8.691248044765007e-06,20.0
P3,174,174,105,69,1636,0.603448275862069,0.06031016657093624,0.10966057441253264,cao2018,S23/060711_1m,all_channel,median,median__all_channel__P3,32,211,"[1, 6, 7, 9, 15, 17, 24, 25, 26, 32, 34, 35, 36, 37, 40, 42, 43, 48, 49, 51, 55, 59, 66, 67, 68, 76, 79, 80, 81, 84, 85, 86, 87, 88, 89, 90, 92, 97, 98, 104, 108, 114, 119, 120, 121, 124, 126, 130, 131, 139, 143, 147, 148, 157, 158, 165, 170, 172, 173, 185, 187, 189, 190, 191, 195, 201, 203, 206, 208]",69,False,2.201676693804245e-05,-4.6443578681077026e-07,7.493734241617739e-06,20.0
TP8,170,170,88,82,1653,0.5176470588235295,0.05054566341183228,0.09209837781266351,cao2018,S23/060711_1m,all_channel,median,median__all_channel__TP8,32,211,"[1, 6, 7, 9, 15, 17, 24, 25, 26, 32, 34, 35, 36, 37, 40, 42, 43, 48, 49, 51, 55, 59, 66, 67, 68, 76, 79, 80, 81, 84, 85, 86, 87, 88, 89, 90, 92, 97, 98, 104, 108, 114, 119, 120, 121, 124, 126, 130, 131, 139, 143, 147, 148, 157, 158, 165, 170, 172, 173, 185, 187, 189, 190, 191, 195, 201, 203, 206, 208]",69,False,1.767632073182231e-05,-2.4779790846752716e-07,5.9747062134299464e-06,20.0
P4,146,146,84,62,1657,0.5753424657534246,0.048248133256748996,0.0890302066772655,cao2018,S23/060711_1m,all_channel,median,median__all_channel__P4,32,211,"[1, 6, 7, 9, 15, 17, 24, 25, 26, 32, 34, 35, 36, 37, 40, 42, 43, 48, 49, 51, 55, 59, 66, 67, 68, 76, 79, 80, 81, 84, 85, 86, 87, 88, 89, 90, 92, 97, 98, 104, 108, 114, 119, 120, 121, 124, 126, 130, 131, 139, 143, 147, 148, 157, 158, 165, 170, 172, 173, 185, 187, 189, 190, 191, 195, 201, 203, 206, 208]",69,False,2.2224568440469387e-05,-4.0459122068640223e-07,7.543053220385264e-06,20.0
T5,151,151,75,76,1666,0.4966887417218543,0.0430786904078116,0.0792811839323467,cao2018,S23/060711_1m,all_channel,median,median__all_channel__T5,32,211,"[1, 6, 7, 9, 15, 17, 24, 25, 26, 32, 34, 35, 36, 37, 40, 42, 43, 48, 49, 51, 55, 59, 66, 67, 68, 76, 79, 80, 81, 84, 85, 86, 87, 88, 89, 90, 92, 97, 98, 104, 108, 114, 119, 120, 121, 124, 126, 130, 131, 139, 143, 147, 148, 157, 158, 165, 170, 172, 173, 185, 187, 189, 190, 191, 195, 201, 203, 206, 208]",69,False,1.5755622297179083e-05,-2.2624414291249492e-07,5.32728881336386e-06,20.0
PZ,105,105,55,50,1686,0.5238095238095238,0.03159103963239517,0.05958829902491874,cao2018,S23/060711_1m,all_channel,median,median__all_channel__PZ,32,211,"[1, 6, 7, 9, 15, 17, 24, 25, 26, 32, 34, 35, 36, 37, 40, 42, 43, 48, 49, 51, 55, 59, 66, 67, 68, 76, 79, 80, 81, 84, 85, 86, 87, 88, 89, 90, 92, 97, 98, 104, 108, 114, 119, 120, 121, 124, 126, 130, 131, 139, 143, 147, 148, 157, 158, 165, 170, 172, 173, 185, 187, 189, 190, 191, 195, 201, 203, 206, 208]",69,False,2.3880094158916366e-05,-3.4465932500757354e-07,8.074917827974646e-06,20.0
T6,82,82,35,47,1706,0.4268292682926829,0.020103388856978748,0.03839824465167307,cao2018,S23/060711_1m,all_channel,median,median__all_channel__T6,32,211,"[1, 6, 7, 9, 15, 17, 24, 25, 26, 32, 34, 35, 36, 37, 40, 42, 43, 48, 49, 51, 55, 59, 66, 67, 68, 76, 79, 80, 81, 84, 85, 86, 87, 88, 89, 90, 92, 97, 98, 104, 108, 114, 119, 120, 121, 124, 126, 130, 131, 139, 143, 147, 148, 157, 158, 165, 170, 172, 173, 185, 187, 189, 190, 191, 195, 201, 203, 206, 208]",69,False,1.791405520309615e-05,-1.1613580780299718e-07,6.010063670299717e-06,20.0
A1,143,143,35,108,1706,0.24475524475524477,0.020103388856978748,0.037154989384288746,cao2018,S23/060711_1m,all_channel,median,median__all_channel__A1,32,211,"[1, 6, 7, 9, 15, 17, 24, 25, 26, 32, 34, 35, 36, 37, 40, 42, 43, 48, 49, 51, 55, 59, 66, 67, 68, 76, 79, 80, 81, 84, 85, 86, 87, 88, 89, 90, 92, 97, 98, 104, 108, 114, 119, 120, 121, 124, 126, 130, 131, 139, 143, 147, 148, 157, 158, 165, 170, 172, 173, 185, 187, 189, 190, 191, 195, 201, 203, 206, 208]",69,False,8.001355707045184e-06,7.727159236219928e-09,2.664542849269655e-06,20.0
A2,140,140,27,113,1714,0.19285714285714287,0.015508328546812177,0.02870813397129187,cao2018,S23/060711_1m,all_channel,median,median__all_channel__A2,32,211,"[1, 6, 7, 9, 15, 17, 24, 25, 26, 32, 34, 35, 36, 37, 40, 42, 43, 48, 49, 51, 55, 59, 66, 67, 68, 76, 79, 80, 81, 84, 85, 86, 87, 88, 89, 90, 92, 97, 98, 104, 108, 114, 119, 120, 121, 124, 126, 130, 131, 139, 143, 147, 148, 157, 158, 165, 170, 172, 173, 185, 187, 189, 190, 191, 195, 201, 203, 206, 208]",69,False,7.985619883217213e-06,-8.27929550373569e-09,2.6646330595736497e-06,20.0
O1,68,68,22,46,1719,0.3235294117647059,0.01263641585295807,0.024322830292979547,cao2018,S23/060711_1m,all_channel,median,median__all_channel__O1,32,211,"[1, 6, 7, 9, 15, 17, 24, 25, 26, 32, 34, 35, 36, 37, 40, 42, 43, 48, 49, 51, 55, 59, 66, 67, 68, 76, 79, 80, 81, 84, 85, 86, 87, 88, 89, 90, 92, 97, 98, 104, 108, 114, 119, 120, 121, 124, 126, 130, 131, 139, 143, 147, 148, 157, 158, 165, 170, 172, 173, 185, 187, 189, 190, 191, 195, 201, 203, 206, 208]",69,False,1.6677189933636178e-05,-8.695318682190488e-08,5.58804770681936e-06,20.0
OZ,65,65,15,50,1726,0.23076923076923078,0.00861573808156232,0.016611295681063124,cao2018,S23/060711_1m,all_channel,median,median__all_channel__OZ,32,211,"[1, 6, 7, 9, 15, 17, 24, 25, 26, 32, 34, 35, 36, 37, 40, 42, 43, 48, 49, 51, 55, 59, 66, 67, 68, 76, 79, 80, 81, 84, 85, 86, 87, 88, 89, 90, 92, 97, 98, 104, 108, 114, 119, 120, 121, 124, 126, 130, 131, 139, 143, 147, 148, 157, 158, 165, 170, 172, 173, 185, 187, 189, 190, 191, 195, 201, 203, 206, 208]",69,False,1.5859342727345038e-05,-7.869867680841399e-08,5.31268046805115e-06,20.0
O2,63,63,11,52,1730,0.1746031746031746,0.006318207926479035,0.012195121951219513,cao2018,S23/060711_1m,all_channel,median,median__all_channel__O2,32,211,"[1, 6, 7, 9, 15, 17, 24, 25, 26, 32, 34, 35, 36, 37, 40, 42, 43, 48, 49, 51, 55, 59, 66, 67, 68, 76, 79, 80, 81, 84, 85, 86, 87, 88, 89, 90, 92, 97, 98, 104, 108, 114, 119, 120, 121, 124, 126, 130, 131, 139, 143, 147, 148, 157, 158, 165, 170, 172, 173, 185, 187, 189, 190, 191, 195, 201, 203, 206, 208]",69,False,1.687425764294852e-05,-4.712186645116606e-08,5.640459836466561e-06,20.0
FP1,1979,1979,1695,284,46,0.8564931783729156,0.9735784032165422,0.9112903225806452,cao2018,S23/060711_1m,all_channel,mean,mean__all_channel__FP1,32,211,"[1, 6, 7, 9, 15, 17, 24, 25, 26, 32, 34, 35, 36, 37, 40, 42, 43, 48, 49, 51, 55, 59, 66, 67, 68, 76, 79, 80, 81, 84, 85, 86, 87, 88, 89, 90, 92, 97, 98, 104, 108, 114, 119, 120, 121, 124, 126, 130, 131, 139, 143, 147, 148, 157, 158, 165, 170, 172, 173, 185, 187, 189, 190, 191, 195, 201, 203, 206, 208]",69,False,6.812666377376079e-05,9.999760606046864e-08,2.267555538923344e-05,20.0
FP2,1959,1959,1677,282,64,0.8560490045941807,0.9632395175186674,0.9064864864864864,cao2018,S23/060711_1m,all_channel,mean,mean__all_channel__FP2,32,211,"[1, 6, 7, 9, 15, 17, 24, 25, 26, 32, 34, 35, 36, 37, 40, 42, 43, 48, 49, 51, 55, 59, 66, 67, 68, 76, 79, 80, 81, 84, 85, 86, 87, 88, 89, 90, 92, 97, 98, 104, 108, 114, 119, 120, 121, 124, 126, 130, 131, 139, 143, 147, 148, 157, 158, 165, 170, 172, 173, 185, 187, 189, 190, 191, 195, 201, 203, 206, 208]",69,False,6.987284356802878e-05,5.270954040932212e-08,2.327337800920649e-05,20.0
F7,1705,1705,1434,271,307,0.8410557184750733,0.8236645605973578,0.832269297736506,cao2018,S23/060711_1m,all_channel,mean,mean__all_channel__F7,32,211,"[1, 6, 7, 9, 15, 17, 24, 25, 26, 32, 34, 35, 36, 37, 40, 42, 43, 48, 49, 51, 55, 59, 66, 67, 68, 76, 79, 80, 81, 84, 85, 86, 87, 88, 89, 90, 92, 97, 98, 104, 108, 114, 119, 120, 121, 124, 126, 130, 131, 139, 143, 147, 148, 157, 158, 165, 170, 172, 173, 185, 187, 189, 190, 191, 195, 201, 203, 206, 208]",69,False,3.813534756877649e-05,1.1684456469384928e-08,1.2707887704102368e-05,20.0
FZ,1591,1591,1332,259,409,0.8372093023255814,0.7650775416427341,0.7995198079231693,cao2018,S23/060711_1m,all_channel,mean,mean__all_channel__FZ,32,211,"[1, 6, 7, 9, 15, 17, 24, 25, 26, 32, 34, 35, 36, 37, 40, 42, 43, 48, 49, 51, 55, 59, 66, 67, 68, 76, 79, 80, 81, 84, 85, 86, 87, 88, 89, 90, 92, 97, 98, 104, 108, 114, 119, 120, 121, 124, 126, 130, 131, 139, 143, 147, 148, 157, 158, 165, 170, 172, 173, 185, 187, 189, 190, 191, 195, 201, 203, 206, 208]",69,False,3.890437632657056e-05,2.0727334997577018e-08,1.2961216330524326e-05,20.0
F8,1529,1529,1304,225,437,0.8528449967298888,0.7489948305571511,0.7975535168195719,cao2018,S23/060711_1m,all_channel,mean,mean__all_channel__F8,32,211,"[1, 6, 7, 9, 15, 17, 24, 25, 26, 32, 34, 35, 36, 37, 40, 42, 43, 48, 49, 51, 55, 59, 66, 67, 68, 76, 79, 80, 81, 84, 85, 86, 87, 88, 89, 90, 92, 97, 98, 104, 108, 114, 119, 120, 121, 124, 126, 130, 131, 139, 143, 147, 148, 157, 158, 165, 170, 172, 173, 185, 187, 189, 190, 191, 195, 201, 203, 206, 208]",69,False,3.406286427449515e-05,2.571130335223308e-08,1.134571765704764e-05,20.0
F3,1449,1449,1201,248,540,0.828847481021394,0.6898334290637564,0.7529780564263322,cao2018,S23/060711_1m,all_channel,mean,mean__all_channel__F3,32,211,"[1, 6, 7, 9, 15, 17, 24, 25, 26, 32, 34, 35, 36, 37, 40, 42, 43, 48, 49, 51, 55, 59, 66, 67, 68, 76, 79, 80, 81, 84, 85, 86, 87, 88, 89, 90, 92, 97, 98, 104, 108, 114, 119, 120, 121, 124, 126, 130, 131, 139, 143, 147, 148, 157, 158, 165, 170, 172, 173, 185, 187, 189, 190, 191, 195, 201, 203, 206, 208]",69,False,4.362155728923825e-05,-5.0110542652180586e-08,1.4557222610630143e-05,20.0
F4,1248,1248,1032,216,709,0.8269230769230769,0.5927627800114876,0.6905319504851121,cao2018,S23/060711_1m,all_channel,mean,mean__all_channel__F4,32,211,"[1, 6, 7, 9, 15, 17, 24, 25, 26, 32, 34, 35, 36, 37, 40, 42, 43, 48, 49, 51, 55, 59, 66, 67, 68, 76, 79, 80, 81, 84, 85, 86, 87, 88, 89, 90, 92, 97, 98, 104, 108, 114, 119, 120, 121, 124, 126, 130, 131, 139, 143, 147, 148, 157, 158, 165, 170, 172, 173, 185, 187, 189, 190, 191, 195, 201, 203, 206, 208]",69,False,4.269266598325597e-05,1.426405119290137e-07,1.4183341823775653e-05,20.0
FC3,982,982,791,191,950,0.8054989816700611,0.4543365881677197,0.5809768637532133,cao2018,S23/060711_1m,all_channel,mean,mean__all_channel__FC3,32,211,"[1, 6, 7, 9, 15, 17, 24, 25, 26, 32, 34, 35, 36, 37, 40, 42, 43, 48, 49, 51, 55, 59, 66, 67, 68, 76, 79, 80, 81, 84, 85, 86, 87, 88, 89, 90, 92, 97, 98, 104, 108, 114, 119, 120, 121, 124, 126, 130, 131, 139, 143, 147, 148, 157, 158, 165, 170, 172, 173, 185, 187, 189, 190, 191, 195, 201, 203, 206, 208]",69,False,3.197912639506777e-05,1.0148771695402977e-08,1.0656325874457455e-05,20.0
FT7,915,915,708,207,1033,0.7737704918032787,0.4066628374497415,0.5331325301204819,cao2018,S23/060711_1m,all_channel,mean,mean__all_channel__FT7,32,211,"[1, 6, 7, 9, 15, 17, 24, 25, 26, 32, 34, 35, 36, 37, 40, 42, 43, 48, 49, 51, 55, 59, 66, 67, 68, 76, 79, 80, 81, 84, 85, 86, 87, 88, 89, 90, 92, 97, 98, 104, 108, 114, 119, 120, 121, 124, 126, 130, 131, 139, 143, 147, 148, 157, 158, 165, 170, 172, 173, 185, 187, 189, 190, 191, 195, 201, 203, 206, 208]",69,False,2.7221623847895606e-05,5.327676686219413e-09,9.072098723736462e-06,20.0
FCZ,856,856,679,177,1062,0.7932242990654206,0.3900057438253877,0.522911051212938,cao2018,S23/060711_1m,all_channel,mean,mean__all_channel__FCZ,32,211,"[1, 6, 7, 9, 15, 17, 24, 25, 26, 32, 34, 35, 36, 37, 40, 42, 43, 48, 49, 51, 55, 59, 66, 67, 68, 76, 79, 80, 81, 84, 85, 86, 87, 88, 89, 90, 92, 97, 98, 104, 108, 114, 119, 120, 121, 124, 126, 130, 131, 139, 143, 147, 148, 157, 158, 165, 170, 172, 173, 185, 187, 189, 190, 191, 195, 201, 203, 206, 208]",69,False,3.436023814254243e-05,1.2492818706692869e-08,1.144924844127858e-05,20.0
FC4,778,778,615,163,1126,0.7904884318766067,0.35324526134405515,0.4882890035728464,cao2018,S23/060711_1m,all_channel,mean,mean__all_channel__FC4,32,211,"[1, 6, 7, 9, 15, 17, 24, 25, 26, 32, 34, 35, 36, 37, 40, 42, 43, 48, 49, 51, 55, 59, 66, 67, 68, 76, 79, 80, 81, 84, 85, 86, 87, 88, 89, 90, 92, 97, 98, 104, 108, 114, 119, 120, 121, 124, 126, 130, 131, 139, 143, 147, 148, 157, 158, 165, 170, 172, 173, 185, 187, 189, 190, 191, 195, 201, 203, 206, 208]",69,False,3.23364717254474e-05,1.1937133397588554e-08,1.0774844864016603e-05,20.0
FT8,718,718,543,175,1198,0.7562674094707521,0.311889718552556,0.44164294428629514,cao2018,S23/060711_1m,all_channel,mean,mean__all_channel__FT8,32,211,"[1, 6, 7, 9, 15, 17, 24, 25, 26, 32, 34, 35, 36, 37, 40, 42, 43, 48, 49, 51, 55, 59, 66, 67, 68, 76, 79, 80, 81, 84, 85, 86, 87, 88, 89, 90, 92, 97, 98, 104, 108, 114, 119, 120, 121, 124, 126, 130, 131, 139, 143, 147, 148, 157, 158, 165, 170, 172, 173, 185, 187, 189, 190, 191, 195, 201, 203, 206, 208]",69,False,2.4285708759018227e-05,1.5697905061104777e-08,8.090003617985708e-06,20.0
C3,496,496,369,127,1372,0.7439516129032258,0.21194715680643308,0.3299061242735807,cao2018,S23/060711_1m,all_channel,mean,mean__all_channel__C3,32,211,"[1, 6, 7, 9, 15, 17, 24, 25, 26, 32, 34, 35, 36, 37, 40, 42, 43, 48, 49, 51, 55, 59, 66, 67, 68, 76, 79, 80, 81, 84, 85, 86, 87, 88, 89, 90, 92, 97, 98, 104, 108, 114, 119, 120, 121, 124, 126, 130, 131, 139, 143, 147, 148, 157, 158, 165, 170, 172, 173, 185, 187, 189, 190, 191, 195, 201, 203, 206, 208]",69,False,2.702782518075444e-05,5.395370507299673e-09,9.007476603415713e-06,20.0
CZ,371,371,263,108,1478,0.7088948787061995,0.15106260769672603,0.2490530303030303,cao2018,S23/060711_1m,all_channel,mean,mean__all_channel__CZ,32,211,"[1, 6, 7, 9, 15, 17, 24, 25, 26, 32, 34, 35, 36, 37, 40, 42, 43, 48, 49, 51, 55, 59, 66, 67, 68, 76, 79, 80, 81, 84, 85, 86, 87, 88, 89, 90, 92, 97, 98, 104, 108, 114, 119, 120, 121, 124, 126, 130, 131, 139, 143, 147, 148, 157, 158, 165, 170, 172, 173, 185, 187, 189, 190, 191, 195, 201, 203, 206, 208]",69,False,3.0079477393560875e-05,5.222738650547815e-09,1.0024751551636777e-05,20.0
C4,351,351,249,102,1492,0.7094017094017094,0.14302125215393452,0.23804971319311663,cao2018,S23/060711_1m,all_channel,mean,mean__all_channel__C4,32,211,"[1, 6, 7, 9, 15, 17, 24, 25, 26, 32, 34, 35, 36, 37, 40, 42, 43, 48, 49, 51, 55, 59, 66, 67, 68, 76, 79, 80, 81, 84, 85, 86, 87, 88, 89, 90, 92, 97, 98, 104, 108, 114, 119, 120, 121, 124, 126, 130, 131, 139, 143, 147, 148, 157, 158, 165, 170, 172, 173, 185, 187, 189, 190, 191, 195, 201, 203, 206, 208]",69,False,2.8117361883546674e-05,5.834387482549826e-09,9.370509165354708e-06,20.0
T3,396,396,231,165,1510,0.5833333333333334,0.13268236645605974,0.21619092185306504,cao2018,S23/060711_1m,all_channel,mean,mean__all_channel__T3,32,211,"[1, 6, 7, 9, 15, 17, 24, 25, 26, 32, 34, 35, 36, 37, 40, 42, 43, 48, 49, 51, 55, 59, 66, 67, 68, 76, 79, 80, 81, 84, 85, 86, 87, 88, 89, 90, 92, 97, 98, 104, 108, 114, 119, 120, 121, 124, 126, 130, 131, 139, 143, 147, 148, 157, 158, 165, 170, 172, 173, 185, 187, 189, 190, 191, 195, 201, 203, 206, 208]",69,False,2.0469114991242887e-05,5.940462113071009e-09,6.821058176376606e-06,20.0
T4,305,305,184,121,1557,0.6032786885245902,0.10568638713383113,0.1798631476050831,cao2018,S23/060711_1m,all_channel,mean,mean__all_channel__T4,32,211,"[1, 6, 7, 9, 15, 17, 24, 25, 26, 32, 34, 35, 36, 37, 40, 42, 43, 48, 49, 51, 55, 59, 66, 67, 68, 76, 79, 80, 81, 84, 85, 86, 87, 88, 89, 90, 92, 97, 98, 104, 108, 114, 119, 120, 121, 124, 126, 130, 131, 139, 143, 147, 148, 157, 158, 165, 170, 172, 173, 185, 187, 189, 190, 191, 195, 201, 203, 206, 208]",69,False,1.9933909163102398e-05,1.2468389685733166e-08,6.640480257805555e-06,20.0
CP3,219,219,142,77,1599,0.6484018264840182,0.08156232050545663,0.14489795918367346,cao2018,S23/060711_1m,all_channel,mean,mean__all_channel__CP3,32,211,"[1, 6, 7, 9, 15, 17, 24, 25, 26, 32, 34, 35, 36, 37, 40, 42, 43, 48, 49, 51, 55, 59, 66, 67, 68, 76, 79, 80, 81, 84, 85, 86, 87, 88, 89, 90, 92, 97, 98, 104, 108, 114, 119, 120, 121, 124, 126, 130, 131, 139, 143, 147, 148, 157, 158, 165, 170, 172, 173, 185, 187, 189, 190, 191, 195, 201, 203, 206, 208]",69,False,2.4407855106605562e-05,1.7899203864933006e-09,8.135355062073023e-06,20.0
CP4,198,198,119,79,1622,0.601010101010101,0.06835152211372775,0.12274368231046932,cao2018,S23/060711_1m,all_channel,mean,mean__all_channel__CP4,32,211,"[1, 6, 7, 9, 15, 17, 24, 25, 26, 32, 34, 35, 36, 37, 40, 42, 43, 48, 49, 51, 55, 59, 66, 67, 68, 76, 79, 80, 81, 84, 85, 86, 87, 88, 89, 90, 92, 97, 98, 104, 108, 114, 119, 120, 121, 124, 126, 130, 131, 139, 143, 147, 148, 157, 158, 165, 170, 172, 173, 185, 187, 189, 190, 191, 195, 201, 203, 206, 208]",69,False,2.4986669152599458e-05,1.2950614498117925e-09,8.328458030383216e-06,20.0
TP7,209,209,113,96,1628,0.5406698564593302,0.06490522688110281,0.1158974358974359,cao2018,S23/060711_1m,all_channel,mean,mean__all_channel__TP7,32,211,"[1, 6, 7, 9, 15, 17, 24, 25, 26, 32, 34, 35, 36, 37, 40, 42, 43, 48, 49, 51, 55, 59, 66, 67, 68, 76, 79, 80, 81, 84, 85, 86, 87, 88, 89, 90, 92, 97, 98, 104, 108, 114, 119, 120, 121, 124, 126, 130, 131, 139, 143, 147, 148, 157, 158, 165, 170, 172, 173, 185, 187, 189, 190, 191, 195, 201, 203, 206, 208]",69,False,1.754871421976646e-05,2.90623736443602e-09,5.848602660800675e-06,20.0
CPZ,162,162,102,60,1639,0.6296296296296297,0.05858701895462378,0.10719915922228061,cao2018,S23/060711_1m,all_channel,mean,mean__all_channel__CPZ,32,211,"[1, 6, 7, 9, 15, 17, 24, 25, 26, 32, 34, 35, 36, 37, 40, 42, 43, 48, 49, 51, 55, 59, 66, 67, 68, 76, 79, 80, 81, 84, 85, 86, 87, 88, 89, 90, 92, 97, 98, 104, 108, 114, 119, 120, 121, 124, 126, 130, 131, 139, 143, 147, 148, 157, 158, 165, 170, 172, 173, 185, 187, 189, 190, 191, 195, 201, 203, 206, 208]",69,False,2.6074545104908807e-05,8.009706137841655e-10,8.691248044765007e-06,20.0
P3,156,156,93,63,1648,0.5961538461538461,0.053417576105686385,0.09804955192409066,cao2018,S23/060711_1m,all_channel,mean,mean__all_channel__P3,32,211,"[1, 6, 7, 9, 15, 17, 24, 25, 26, 32, 34, 35, 36, 37, 40, 42, 43, 48, 49, 51, 55, 59, 66, 67, 68, 76, 79, 80, 81, 84, 85, 86, 87, 88, 89, 90, 92, 97, 98, 104, 108, 114, 119, 120, 121, 124, 126, 130, 131, 139, 143, 147, 148, 157, 158, 165, 170, 172, 173, 185, 187, 189, 190, 191, 195, 201, 203, 206, 208]",69,False,2.2483475141985586e-05,2.272417132368894e-09,7.493734241617739e-06,20.0
TP8,158,158,85,73,1656,0.5379746835443038,0.048822515795519814,0.08952080042127435,cao2018,S23/060711_1m,all_channel,mean,mean__all_channel__TP8,32,211,"[1, 6, 7, 9, 15, 17, 24, 25, 26, 32, 34, 35, 36, 37, 40, 42, 43, 48, 49, 51, 55, 59, 66, 67, 68, 76, 79, 80, 81, 84, 85, 86, 87, 88, 89, 90, 92, 97, 98, 104, 108, 114, 119, 120, 121, 124, 126, 130, 131, 139, 143, 147, 148, 157, 158, 165, 170, 172, 173, 185, 187, 189, 190, 191, 195, 201, 203, 206, 208]",69,False,1.792946466132666e-05,5.346021036818499e-09,5.9747062134299464e-06,20.0
P4,133,133,77,56,1664,0.5789473684210527,0.04422745548535324,0.08217716115261472,cao2018,S23/060711_1m,all_channel,mean,mean__all_channel__P4,32,211,"[1, 6, 7, 9, 15, 17, 24, 25, 26, 32, 34, 35, 36, 37, 40, 42, 43, 48, 49, 51, 55, 59, 66, 67, 68, 76, 79, 80, 81, 84, 85, 86, 87, 88, 89, 90, 92, 97, 98, 104, 108, 114, 119, 120, 121, 124, 126, 130, 131, 139, 143, 147, 148, 157, 158, 165, 170, 172, 173, 185, 187, 189, 190, 191, 195, 201, 203, 206, 208]",69,False,2.262928727732546e-05,1.2761616966884441e-10,7.543053220385264e-06,20.0
T5,140,140,67,73,1674,0.4785714285714286,0.03848363009764503,0.07123870281765018,cao2018,S23/060711_1m,all_channel,mean,mean__all_channel__T5,32,211,"[1, 6, 7, 9, 15, 17, 24, 25, 26, 32, 34, 35, 36, 37, 40, 42, 43, 48, 49, 51, 55, 59, 66, 67, 68, 76, 79, 80, 81, 84, 85, 86, 87, 88, 89, 90, 92, 97, 98, 104, 108, 114, 119, 120, 121, 124, 126, 130, 131, 139, 143, 147, 148, 157, 158, 165, 170, 172, 173, 185, 187, 189, 190, 191, 195, 201, 203, 206, 208]",69,False,1.5985565337178215e-05,3.6988970866385793e-09,5.32728881336386e-06,20.0
PZ,94,94,48,46,1693,0.5106382978723404,0.027570361860999426,0.05231607629427793,cao2018,S23/060711_1m,all_channel,mean,mean__all_channel__PZ,32,211,"[1, 6, 7, 9, 15, 17, 24, 25, 26, 32, 34, 35, 36, 37, 40, 42, 43, 48, 49, 51, 55, 59, 66, 67, 68, 76, 79, 80, 81, 84, 85, 86, 87, 88, 89, 90, 92, 97, 98, 104, 108, 114, 119, 120, 121, 124, 126, 130, 131, 139, 143, 147, 148, 157, 158, 165, 170, 172, 173, 185, 187, 189, 190, 191, 195, 201, 203, 206, 208]",69,False,2.4220972389841883e-05,-3.781094082056732e-09,8.074917827974646e-06,20.0
A1,143,143,35,108,1706,0.24475524475524477,0.020103388856978748,0.037154989384288746,cao2018,S23/060711_1m,all_channel,mean,mean__all_channel__A1,32,211,"[1, 6, 7, 9, 15, 17, 24, 25, 26, 32, 34, 35, 36, 37, 40, 42, 43, 48, 49, 51, 55, 59, 66, 67, 68, 76, 79, 80, 81, 84, 85, 86, 87, 88, 89, 90, 92, 97, 98, 104, 108, 114, 119, 120, 121, 124, 126, 130, 131, 139, 143, 147, 148, 157, 158, 165, 170, 172, 173, 185, 187, 189, 190, 191, 195, 201, 203, 206, 208]",69,False,7.993938130241414e-06,3.0958243244952183e-10,2.664542849269655e-06,20.0
T6,80,80,33,47,1708,0.4125,0.018954623779437105,0.036243822075782535,cao2018,S23/060711_1m,all_channel,mean,mean__all_channel__T6,32,211,"[1, 6, 7, 9, 15, 17, 24, 25, 26, 32, 34, 35, 36, 37, 40, 42, 43, 48, 49, 51, 55, 59, 66, 67, 68, 76, 79, 80, 81, 84, 85, 86, 87, 88, 89, 90, 92, 97, 98, 104, 108, 114, 119, 120, 121, 124, 126, 130, 131, 139, 143, 147, 148, 157, 158, 165, 170, 172, 173, 185, 187, 189, 190, 191, 195, 201, 203, 206, 208]",69,False,1.802968700448935e-05,-5.040064098001551e-10,6.010063670299717e-06,20.0
A2,140,140,27,113,1714,0.19285714285714287,0.015508328546812177,0.02870813397129187,cao2018,S23/060711_1m,all_channel,mean,mean__all_channel__A2,32,211,"[1, 6, 7, 9, 15, 17, 24, 25, 26, 32, 34, 35, 36, 37, 40, 42, 43, 48, 49, 51, 55, 59, 66, 67, 68, 76, 79, 80, 81, 84, 85, 86, 87, 88, 89, 90, 92, 97, 98, 104, 108, 114, 119, 120, 121, 124, 126, 130, 131, 139, 143, 147, 148, 157, 158, 165, 170, 172, 173, 185, 187, 189, 190, 191, 195, 201, 203, 206, 208]",69,False,7.993587296200619e-06,-3.118825203307744e-10,2.6646330595736497e-06,20.0
O1,67,67,20,47,1721,0.29850746268656714,0.011487650775416428,0.022123893805309738,cao2018,S23/060711_1m,all_channel,mean,mean__all_channel__O1,32,211,"[1, 6, 7, 9, 15, 17, 24, 25, 26, 32, 34, 35, 36, 37, 40, 42, 43, 48, 49, 51, 55, 59, 66, 67, 68, 76, 79, 80, 81, 84, 85, 86, 87, 88, 89, 90, 92, 97, 98, 104, 108, 114, 119, 120, 121, 124, 126, 130, 131, 139, 143, 147, 148, 157, 158, 165, 170, 172, 173, 185, 187, 189, 190, 191, 195, 201, 203, 206, 208]",69,False,1.676446664230059e-05,3.235218425083486e-10,5.58804770681936e-06,20.0
OZ,63,63,13,50,1728,0.20634920634920634,0.007466973004020678,0.014412416851441241,cao2018,S23/060711_1m,all_channel,mean,mean__all_channel__OZ,32,211,"[1, 6, 7, 9, 15, 17, 24, 25, 26, 32, 34, 35, 36, 37, 40, 42, 43, 48, 49, 51, 55, 59, 66, 67, 68, 76, 79, 80, 81, 84, 85, 86, 87, 88, 89, 90, 92, 97, 98, 104, 108, 114, 119, 120, 121, 124, 126, 130, 131, 139, 143, 147, 148, 157, 158, 165, 170, 172, 173, 185, 187, 189, 190, 191, 195, 201, 203, 206, 208]",69,False,1.593416684778113e-05,-3.874556372320117e-09,5.31268046805115e-06,20.0
O2,63,63,11,52,1730,0.1746031746031746,0.006318207926479035,0.012195121951219513,cao2018,S23/060711_1m,all_channel,mean,mean__all_channel__O2,32,211,"[1, 6, 7, 9, 15, 17, 24, 25, 26, 32, 34, 35, 36, 37, 40, 42, 43, 48, 49, 51, 55, 59, 66, 67, 68, 76, 79, 80, 81, 84, 85, 86, 87, 88, 89, 90, 92, 97, 98, 104, 108, 114, 119, 120, 121, 124, 126, 130, 131, 139, 143, 147, 148, 157, 158, 165, 170, 172, 173, 185, 187, 189, 190, 191, 195, 201, 203, 206, 208]",69,False,1.6914483668642986e-05,-6.89584075669769e-09,5.640459836466561e-06,20.0
FP1,1981,1981,1696,285,45,0.8561332660272589,0.974152785755313,0.9113379903277806,cao2018,S23/060711_1m,frontal,median,median__frontal__FP1,4,211,"[1, 6, 7, 24, 25, 26, 32, 37, 81, 84, 85, 86, 87, 88, 89, 92, 97, 119, 120, 121, 147, 189, 190, 191, 208]",25,False,6.706998225944733e-05,-5.008190863401436e-06,2.4026057707616253e-05,20.0
FP2,1962,1962,1682,280,59,0.8572884811416922,0.9661114302125215,0.9084526059951392,cao2018,S23/060711_1m,frontal,median,median__frontal__FP2,4,211,"[1, 6, 7, 24, 25, 26, 32, 37, 81, 84, 85, 86, 87, 88, 89, 92, 97, 119, 120, 121, 147, 189, 190, 191, 208]",25,False,6.871362096439822e-05,-5.11643082126166e-06,2.461001726188663e-05,20.0
F3,1168,1168,974,194,767,0.833904109589041,0.55944859276278,0.6696459264352012,cao2018,S23/060711_1m,frontal,median,median__frontal__F3,4,211,"[1, 6, 7, 24, 25, 26, 32, 37, 81, 84, 85, 86, 87, 88, 89, 92, 97, 119, 120, 121, 147, 189, 190, 191, 208]",25,False,4.855374878301213e-05,-2.5699723479629423e-06,1.7041240376991693e-05,20.0
F4,891,891,726,165,1015,0.8148148148148148,0.4170017231476163,0.5516717325227963,cao2018,S23/060711_1m,frontal,median,median__frontal__F4,4,211,"[1, 6, 7, 24, 25, 26, 32, 37, 81, 84, 85, 86, 87, 88, 89, 92, 97, 119, 120, 121, 147, 189, 190, 191, 208]",25,False,4.851778969746651e-05,-1.40918331348305e-06,1.6642324336983185e-05,20.0
FP1,1937,1937,1678,259,63,0.8662880743417656,0.9638139000574383,0.912452419793366,cao2018,S23/060711_1m,frontal,mean,mean__frontal__FP1,4,211,"[1, 6, 7, 24, 25, 26, 32, 37, 81, 84, 85, 86, 87, 88, 89, 92, 97, 119, 120, 121, 147, 189, 190, 191, 208]",25,False,7.231611715385606e-05,2.3794403100729828e-07,2.4026057707616253e-05,20.0
FP2,1920,1920,1668,252,73,0.86875,0.95807007466973,0.9112264408631522,cao2018,S23/060711_1m,frontal,mean,mean__frontal__FP2,4,211,"[1, 6, 7, 24, 25, 26, 32, 37, 81, 84, 85, 86, 87, 88, 89, 92, 97, 119, 120, 121, 147, 189, 190, 191, 208]",25,False,7.390530092422829e-05,7.524913856840601e-08,2.461001726188663e-05,20.0
F3,1053,1053,868,185,873,0.8243114909781576,0.49856404365307294,0.6213314244810307,cao2018,S23/060711_1m,frontal,mean,mean__frontal__F3,4,211,"[1, 6, 7, 24, 25, 26, 32, 37, 81, 84, 85, 86, 87, 88, 89, 92, 97, 119, 120, 121, 147, 189, 190, 191, 208]",25,False,5.096912411872812e-05,-1.5459701224695368e-07,1.7041240376991693e-05,20.0
F4,799,799,647,152,1094,0.8097622027534418,0.37162550258472143,0.5094488188976378,cao2018,S23/060711_1m,frontal,mean,mean__frontal__F4,4,211,"[1, 6, 7, 24, 25, 26, 32, 37, 81, 84, 85, 86, 87, 88, 89, 92, 97, 119, 120, 121, 147, 189, 190, 191, 208]",25,False,5.029467259264049e-05,3.6769958169092843e-07,1.6642324336983185e-05,20.0
FP1,1974,1974,1692,282,49,0.8571428571428571,0.9718552556002298,0.9109017496635262,cao2018,S23/060711_1m,frontal_left,median,median__frontal_left__FP1,2,211,"[1, 6, 7, 24, 25, 26, 32, 37, 81, 84, 85, 87, 88, 89, 92, 97, 119, 120, 121, 147, 190, 191, 208]",23,False,6.856877643779058e-05,-4.836132576693113e-06,2.4468303004827897e-05,20.0
F3,1063,1063,879,184,862,0.8269049858889934,0.504882251579552,0.6269614835948645,cao2018,S23/060711_1m,frontal_left,median,median__frontal_left__F3,2,211,"[1, 6, 7, 24, 25, 26, 32, 37, 81, 84, 85, 87, 88, 89, 92, 97, 119, 120, 121, 147, 190, 191, 208]",23,False,5.074960186505567e-05,-2.573603169381924e-06,1.7774401678145863e-05,20.0
FP1,1931,1931,1674,257,67,0.8669083376488866,0.961516369902355,0.911764705882353,cao2018,S23/060711_1m,frontal_left,mean,mean__frontal_left__FP1,2,211,"[1, 6, 7, 24, 25, 26, 32, 37, 81, 84, 85, 87, 88, 89, 92, 97, 119, 120, 121, 147, 190, 191, 208]",23,False,7.369251638973478e-05,2.8760737525108314e-07,2.4468303004827897e-05,20.0
F3,926,926,748,178,993,0.8077753779697624,0.4296381390005744,0.5609298837645295,cao2018,S23/060711_1m,frontal_left,mean,mean__frontal_left__F3,2,211,"[1, 6, 7, 24, 25, 26, 32, 37, 81, 84, 85, 87, 88, 89, 92, 97, 119, 120, 121, 147, 190, 191, 208]",23,False,5.3164304461219604e-05,-1.5890057321799286e-07,1.7774401678145863e-05,20.0
FP2,1954,1954,1677,277,64,0.8582395087001023,0.9632395175186674,0.9077131258457374,cao2018,S23/060711_1m,frontal_right,median,median__frontal_right__FP2,2,211,"[6, 7, 24, 25, 26, 37, 84, 85, 86, 87, 88, 119, 121, 147, 189]",15,False,7.050925333589713e-05,-4.011860098870382e-06,2.4840371144922503e-05,20.0
F4,466,466,347,119,1394,0.7446351931330472,0.199310740953475,0.3144540099682827,cao2018,S23/060711_1m,frontal_right,median,median__frontal_right__F4,2,211,"[6, 7, 24, 25, 26, 37, 84, 85, 86, 87, 88, 119, 121, 147, 189]",15,False,5.8155642447149226e-05,-1.4173977773607844e-07,1.9432460741628433e-05,20.0
FP2,1915,1915,1666,249,75,0.8699738903394256,0.9569213095921884,0.9113785557986871,cao2018,S23/060711_1m,frontal_right,mean,mean__frontal_right__FP2,2,211,"[6, 7, 24, 25, 26, 37, 84, 85, 86, 87, 88, 119, 121, 147, 189]",15,False,7.433895361561171e-05,-1.8215981915580199e-07,2.4840371144922503e-05,20.0
F4,439,439,329,110,1412,0.7494305239179955,0.18897185525560023,0.3018348623853211,cao2018,S23/060711_1m,frontal_right,mean,mean__frontal_right__F4,2,211,"[6, 7, 24, 25, 26, 37, 84, 85, 86, 87, 88, 119, 121, 147, 189]",15,False,5.879374718882783e-05,4.963649639425259e-07,1.9432460741628433e-05,20.0
FP2,1997,1997,1695,302,42,0.8487731597396094,0.9758203799654577,0.9078735940010713,cao2018,S23/060711_1m,all_channel,median,median__all_channel__FP2,32,140,"[1, 4, 5, 6, 8, 11, 16, 17, 22, 23, 24, 25, 27, 28, 34, 39, 45, 51, 53, 54, 56, 57, 58, 59, 60, 61, 65, 69, 76, 79, 80, 81, 84, 92, 98, 99, 113, 125, 126, 137, 139]",41,False,6.161845818261168e-05,-6.350566595185012e-06,2.2656341592598898e-05,30.0
FP1,2037,2037,1710,327,27,0.8394698085419735,0.9844559585492227,0.9062003179650238,cao2018,S23/060711_1m,all_channel,median,median__all_channel__FP1,32,140,"[1, 4, 5, 6, 8, 11, 16, 17, 22, 23, 24, 25, 27, 28, 34, 39, 45, 51, 53, 54, 56, 57, 58, 59, 60, 61, 65, 69, 76, 79, 80, 81, 84, 92, 98, 99, 113, 125, 126, 137, 139]",41,False,5.97551606038003e-05,-6.184438783393844e-06,2.1979866462398047e-05,30.0
F7,1861,1861,1545,316,192,0.830198817839871,0.8894645941278065,0.858810450250139,cao2018,S23/060711_1m,all_channel,median,median__all_channel__F7,32,140,"[1, 4, 5, 6, 8, 11, 16, 17, 22, 23, 24, 25, 27, 28, 34, 39, 45, 51, 53, 54, 56, 57, 58, 59, 60, 61, 65, 69, 76, 79, 80, 81, 84, 92, 98, 99, 113, 125, 126, 137, 139]",41,False,3.3841156979760296e-05,-2.2487824330751213e-06,1.2029979804278472e-05,30.0
FZ,1805,1805,1501,304,236,0.8315789473684211,0.8641335636154289,0.8475437605872389,cao2018,S23/060711_1m,all_channel,median,median__all_channel__FZ,32,140,"[1, 4, 5, 6, 8, 11, 16, 17, 22, 23, 24, 25, 27, 28, 34, 39, 45, 51, 53, 54, 56, 57, 58, 59, 60, 61, 65, 69, 76, 79, 80, 81, 84, 92, 98, 99, 113, 125, 126, 137, 139]",41,False,3.446810032866831e-05,-2.4291950765601902e-06,1.22990984684095e-05,30.0
F8,1712,1712,1441,271,296,0.8417056074766355,0.8295912492803684,0.8356045230501595,cao2018,S23/060711_1m,all_channel,median,median__all_channel__F8,32,140,"[1, 4, 5, 6, 8, 11, 16, 17, 22, 23, 24, 25, 27, 28, 34, 39, 45, 51, 53, 54, 56, 57, 58, 59, 60, 61, 65, 69, 76, 79, 80, 81, 84, 92, 98, 99, 113, 125, 126, 137, 139]",41,False,3.10662320543232e-05,-1.9659052242103793e-06,1.1010712426177862e-05,30.0
F3,1707,1707,1406,301,331,0.8236672524897481,0.8094415659182499,0.8164924506387922,cao2018,S23/060711_1m,all_channel,median,median__all_channel__F3,32,140,"[1, 4, 5, 6, 8, 11, 16, 17, 22, 23, 24, 25, 27, 28, 34, 39, 45, 51, 53, 54, 56, 57, 58, 59, 60, 61, 65, 69, 76, 79, 80, 81, 84, 92, 98, 99, 113, 125, 126, 137, 139]",41,False,3.932747311838379e-05,-2.560878751682123e-06,1.3962783956688638e-05,30.0
F4,1481,1481,1210,271,527,0.8170155300472653,0.6966033390903857,0.7520198881292728,cao2018,S23/060711_1m,all_channel,median,median__all_channel__F4,32,140,"[1, 4, 5, 6, 8, 11, 16, 17, 22, 23, 24, 25, 27, 28, 34, 39, 45, 51, 53, 54, 56, 57, 58, 59, 60, 61, 65, 69, 76, 79, 80, 81, 84, 92, 98, 99, 113, 125, 126, 137, 139]",41,False,3.91921141930078e-05,-2.0945011198282165e-06,1.3762205104278672e-05,30.0
FC3,1267,1267,1004,263,733,0.7924230465666929,0.5780080598733448,0.6684420772303595,cao2018,S23/060711_1m,all_channel,median,median__all_channel__FC3,32,140,"[1, 4, 5, 6, 8, 11, 16, 17, 22, 23, 24, 25, 27, 28, 34, 39, 45, 51, 53, 54, 56, 57, 58, 59, 60, 61, 65, 69, 76, 79, 80, 81, 84, 92, 98, 99, 113, 125, 126, 137, 139]",41,False,2.8907874988984394e-05,-1.4798292415089265e-06,1.0129234743497773e-05,30.0
FT7,1183,1183,917,266,820,0.7751479289940828,0.5279217040875072,0.6280821917808218,cao2018,S23/060711_1m,all_channel,median,median__all_channel__FT7,32,140,"[1, 4, 5, 6, 8, 11, 16, 17, 22, 23, 24, 25, 27, 28, 34, 39, 45, 51, 53, 54, 56, 57, 58, 59, 60, 61, 65, 69, 76, 79, 80, 81, 84, 92, 98, 99, 113, 125, 126, 137, 139]",41,False,2.49860112964986e-05,-1.047826193633094e-06,8.677945830043897e-06,30.0
FCZ,1107,1107,867,240,870,0.7831978319783198,0.4991364421416235,0.6097046413502111,cao2018,S23/060711_1m,all_channel,median,median__all_channel__FCZ,32,140,"[1, 4, 5, 6, 8, 11, 16, 17, 22, 23, 24, 25, 27, 28, 34, 39, 45, 51, 53, 54, 56, 57, 58, 59, 60, 61, 65, 69, 76, 79, 80, 81, 84, 92, 98, 99, 113, 125, 126, 137, 139]",41,False,3.1223915722741296e-05,-1.4979412436769406e-06,1.0907285655472745e-05,30.0
FC4,1011,1011,800,211,937,0.7912957467853611,0.4605641911341393,0.5822416302765648,cao2018,S23/060711_1m,all_channel,median,median__all_channel__FC4,32,140,"[1, 4, 5, 6, 8, 11, 16, 17, 22, 23, 24, 25, 27, 28, 34, 39, 45, 51, 53, 54, 56, 57, 58, 59, 60, 61, 65, 69, 76, 79, 80, 81, 84, 92, 98, 99, 113, 125, 126, 137, 139]",41,False,2.9605462639180748e-05,-1.3375902950633368e-06,1.0314350978081362e-05,30.0
FT8,902,902,695,207,1042,0.770509977827051,0.40011514104778356,0.526714664645699,cao2018,S23/060711_1m,all_channel,median,median__all_channel__FT8,32,140,"[1, 4, 5, 6, 8, 11, 16, 17, 22, 23, 24, 25, 27, 28, 34, 39, 45, 51, 53, 54, 56, 57, 58, 59, 60, 61, 65, 69, 76, 79, 80, 81, 84, 92, 98, 99, 113, 125, 126, 137, 139]",41,False,2.2641477647709456e-05,-8.954511954822767e-07,7.845642947730577e-06,30.0
C3,679,679,493,186,1244,0.7260677466863034,0.28382268278641337,0.408112582781457,cao2018,S23/060711_1m,all_channel,median,median__all_channel__C3,32,140,"[1, 4, 5, 6, 8, 11, 16, 17, 22, 23, 24, 25, 27, 28, 34, 39, 45, 51, 53, 54, 56, 57, 58, 59, 60, 61, 65, 69, 76, 79, 80, 81, 84, 92, 98, 99, 113, 125, 126, 137, 139]",41,False,2.482180871286578e-05,-9.438139664680716e-07,8.588540893111284e-06,30.0
CZ,501,501,360,141,1377,0.718562874251497,0.20725388601036268,0.32171581769436997,cao2018,S23/060711_1m,all_channel,median,median__all_channel__CZ,32,140,"[1, 4, 5, 6, 8, 11, 16, 17, 22, 23, 24, 25, 27, 28, 34, 39, 45, 51, 53, 54, 56, 57, 58, 59, 60, 61, 65, 69, 76, 79, 80, 81, 84, 92, 98, 99, 113, 125, 126, 137, 139]",41,False,2.7986846378600417e-05,-9.011303072181712e-07,9.629325561939529e-06,30.0
C4,470,470,338,132,1399,0.7191489361702128,0.19458837075417387,0.3062981422745809,cao2018,S23/060711_1m,all_channel,median,median__all_channel__C4,32,140,"[1, 4, 5, 6, 8, 11, 16, 17, 22, 23, 24, 25, 27, 28, 34, 39, 45, 51, 53, 54, 56, 57, 58, 59, 60, 61, 65, 69, 76, 79, 80, 81, 84, 92, 98, 99, 113, 125, 126, 137, 139]",41,False,2.6272695830859656e-05,-8.182823616861382e-07,9.030326064181931e-06,30.0
T3,476,476,315,161,1422,0.6617647058823529,0.18134715025906736,0.28468142792589246,cao2018,S23/060711_1m,all_channel,median,median__all_channel__T3,32,140,"[1, 4, 5, 6, 8, 11, 16, 17, 22, 23, 24, 25, 27, 28, 34, 39, 45, 51, 53, 54, 56, 57, 58, 59, 60, 61, 65, 69, 76, 79, 80, 81, 84, 92, 98, 99, 113, 125, 126, 137, 139]",41,False,1.915989266289188e-05,-4.421593313376078e-07,6.534017331409829e-06,30.0
T4,384,384,239,145,1498,0.6223958333333334,0.13759355210132412,0.22536539368222533,cao2018,S23/060711_1m,all_channel,median,median__all_channel__T4,32,140,"[1, 4, 5, 6, 8, 11, 16, 17, 22, 23, 24, 25, 27, 28, 34, 39, 45, 51, 53, 54, 56, 57, 58, 59, 60, 61, 65, 69, 76, 79, 80, 81, 84, 92, 98, 99, 113, 125, 126, 137, 139]",41,False,1.904986796230932e-05,-4.3568544804431386e-07,6.495184470117877e-06,30.0
CP3,319,319,215,104,1522,0.6739811912225705,0.12377662636729994,0.20914396887159534,cao2018,S23/060711_1m,all_channel,median,median__all_channel__CP3,32,140,"[1, 4, 5, 6, 8, 11, 16, 17, 22, 23, 24, 25, 27, 28, 34, 39, 45, 51, 53, 54, 56, 57, 58, 59, 60, 61, 65, 69, 76, 79, 80, 81, 84, 92, 98, 99, 113, 125, 126, 137, 139]",41,False,2.2898569720390246e-05,-6.101911948872162e-07,7.83625363842582e-06,30.0
CP4,249,249,155,94,1582,0.6224899598393574,0.0892343120322395,0.15609264853977844,cao2018,S23/060711_1m,all_channel,median,median__all_channel__CP4,32,140,"[1, 4, 5, 6, 8, 11, 16, 17, 22, 23, 24, 25, 27, 28, 34, 39, 45, 51, 53, 54, 56, 57, 58, 59, 60, 61, 65, 69, 76, 79, 80, 81, 84, 92, 98, 99, 113, 125, 126, 137, 139]",41,False,2.3627237322422554e-05,-5.271057781309411e-07,8.051447700184498e-06,30.0
TP7,271,271,150,121,1587,0.5535055350553506,0.08635578583765112,0.149402390438247,cao2018,S23/060711_1m,all_channel,median,median__all_channel__TP7,32,140,"[1, 4, 5, 6, 8, 11, 16, 17, 22, 23, 24, 25, 27, 28, 34, 39, 45, 51, 53, 54, 56, 57, 58, 59, 60, 61, 65, 69, 76, 79, 80, 81, 84, 92, 98, 99, 113, 125, 126, 137, 139]",41,False,1.656368024260074e-05,-2.9539718411139607e-07,5.619692475570712e-06,30.0
CPZ,222,222,144,78,1593,0.6486486486486487,0.08290155440414508,0.14701378254211334,cao2018,S23/060711_1m,all_channel,median,median__all_channel__CPZ,32,140,"[1, 4, 5, 6, 8, 11, 16, 17, 22, 23, 24, 25, 27, 28, 34, 39, 45, 51, 53, 54, 56, 57, 58, 59, 60, 61, 65, 69, 76, 79, 80, 81, 84, 92, 98, 99, 113, 125, 126, 137, 139]",41,False,2.464203067961025e-05,-5.16628744873457e-07,8.386219808161235e-06,30.0
P3,213,213,129,84,1608,0.6056338028169014,0.07426597582037997,0.1323076923076923,cao2018,S23/060711_1m,all_channel,median,median__all_channel__P3,32,140,"[1, 4, 5, 6, 8, 11, 16, 17, 22, 23, 24, 25, 27, 28, 34, 39, 45, 51, 53, 54, 56, 57, 58, 59, 60, 61, 65, 69, 76, 79, 80, 81, 84, 92, 98, 99, 113, 125, 126, 137, 139]",41,False,2.1281840168985905e-05,-4.4266543120978007e-07,7.241501866731895e-06,30.0
P4,170,170,97,73,1640,0.5705882352941176,0.055843408175014396,0.1017304667016256,cao2018,S23/060711_1m,all_channel,median,median__all_channel__P4,32,140,"[1, 4, 5, 6, 8, 11, 16, 17, 22, 23, 24, 25, 27, 28, 34, 39, 45, 51, 53, 54, 56, 57, 58, 59, 60, 61, 65, 69, 76, 79, 80, 81, 84, 92, 98, 99, 113, 125, 126, 137, 139]",41,False,2.155591961982458e-05,-3.705687099269594e-07,7.308829443250512e-06,30.0
TP8,182,182,93,89,1644,0.510989010989011,0.0535405872193437,0.09692548202188639,cao2018,S23/060711_1m,all_channel,median,median__all_channel__TP8,32,140,"[1, 4, 5, 6, 8, 11, 16, 17, 22, 23, 24, 25, 27, 28, 34, 39, 45, 51, 53, 54, 56, 57, 58, 59, 60, 61, 65, 69, 76, 79, 80, 81, 84, 92, 98, 99, 113, 125, 126, 137, 139]",41,False,1.732766578413946e-05,-2.4631831336427056e-07,5.857994699167911e-06,30.0
T5,179,179,91,88,1646,0.5083798882681564,0.05238917674150835,0.09498956158663883,cao2018,S23/060711_1m,all_channel,median,median__all_channel__T5,32,140,"[1, 4, 5, 6, 8, 11, 16, 17, 22, 23, 24, 25, 27, 28, 34, 39, 45, 51, 53, 54, 56, 57, 58, 59, 60, 61, 65, 69, 76, 79, 80, 81, 84, 92, 98, 99, 113, 125, 126, 137, 139]",41,False,1.5136822131785236e-05,-2.3101214852500882e-07,5.122611426770082e-06,30.0
PZ,124,124,64,60,1673,0.5161290322580645,0.03684513529073115,0.06878022568511553,cao2018,S23/060711_1m,all_channel,median,median__all_channel__PZ,32,140,"[1, 4, 5, 6, 8, 11, 16, 17, 22, 23, 24, 25, 27, 28, 34, 39, 45, 51, 53, 54, 56, 57, 58, 59, 60, 61, 65, 69, 76, 79, 80, 81, 84, 92, 98, 99, 113, 125, 126, 137, 139]",41,False,2.3265972657406178e-05,-3.0974638710220967e-07,7.858573014836128e-06,30.0
T6,90,90,38,52,1699,0.4222222222222222,0.021876799078871616,0.04159824849480021,cao2018,S23/060711_1m,all_channel,median,median__all_channel__T6,32,140,"[1, 4, 5, 6, 8, 11, 16, 17, 22, 23, 24, 25, 27, 28, 34, 39, 45, 51, 53, 54, 56, 57, 58, 59, 60, 61, 65, 69, 76, 79, 80, 81, 84, 92, 98, 99, 113, 125, 126, 137, 139]",41,False,1.7375011255203382e-05,-1.2678848977954227e-07,5.833933248327642e-06,30.0
A1,157,157,36,121,1701,0.22929936305732485,0.02072538860103627,0.03801478352692714,cao2018,S23/060711_1m,all_channel,median,median__all_channel__A1,32,140,"[1, 4, 5, 6, 8, 11, 16, 17, 22, 23, 24, 25, 27, 28, 34, 39, 45, 51, 53, 54, 56, 57, 58, 59, 60, 61, 65, 69, 76, 79, 80, 81, 84, 92, 98, 99, 113, 125, 126, 137, 139]",41,False,7.792035991037468e-06,1.9095338359481857e-08,2.5909802175593284e-06,30.0
A2,154,154,30,124,1707,0.19480519480519481,0.017271157167530225,0.03172924378635642,cao2018,S23/060711_1m,all_channel,median,median__all_channel__A2,32,140,"[1, 4, 5, 6, 8, 11, 16, 17, 22, 23, 24, 25, 27, 28, 34, 39, 45, 51, 53, 54, 56, 57, 58, 59, 60, 61, 65, 69, 76, 79, 80, 81, 84, 92, 98, 99, 113, 125, 126, 137, 139]",41,False,7.75053181781198e-06,-1.9501231657545425e-08,2.590011016489842e-06,30.0
O1,79,79,28,51,1709,0.35443037974683544,0.016119746689694875,0.030837004405286344,cao2018,S23/060711_1m,all_channel,median,median__all_channel__O1,32,140,"[1, 4, 5, 6, 8, 11, 16, 17, 22, 23, 24, 25, 27, 28, 34, 39, 45, 51, 53, 54, 56, 57, 58, 59, 60, 61, 65, 69, 76, 79, 80, 81, 84, 92, 98, 99, 113, 125, 126, 137, 139]",41,False,1.6041347940507265e-05,-9.064982253292499e-08,5.377332587680063e-06,30.0
OZ,72,72,19,53,1718,0.2638888888888889,0.010938399539435808,0.021006080707573243,cao2018,S23/060711_1m,all_channel,median,median__all_channel__OZ,32,140,"[1, 4, 5, 6, 8, 11, 16, 17, 22, 23, 24, 25, 27, 28, 34, 39, 45, 51, 53, 54, 56, 57, 58, 59, 60, 61, 65, 69, 76, 79, 80, 81, 84, 92, 98, 99, 113, 125, 126, 137, 139]",41,False,1.5407775970458045e-05,-6.838005260151289e-08,5.158718674353185e-06,30.0
O2,71,71,15,56,1722,0.2112676056338028,0.008635578583765112,0.0165929203539823,cao2018,S23/060711_1m,all_channel,median,median__all_channel__O2,32,140,"[1, 4, 5, 6, 8, 11, 16, 17, 22, 23, 24, 25, 27, 28, 34, 39, 45, 51, 53, 54, 56, 57, 58, 59, 60, 61, 65, 69, 76, 79, 80, 81, 84, 92, 98, 99, 113, 125, 126, 137, 139]",41,False,1.6356689862839394e-05,-5.0259307505898913e-08,5.468983056781764e-06,30.0
FP1,1987,1987,1702,285,35,0.8565676899849018,0.9798503166378814,0.9140708915145005,cao2018,S23/060711_1m,all_channel,mean,mean__all_channel__FP1,32,140,"[1, 4, 5, 6, 8, 11, 16, 17, 22, 23, 24, 25, 27, 28, 34, 39, 45, 51, 53, 54, 56, 57, 58, 59, 60, 61, 65, 69, 76, 79, 80, 81, 84, 92, 98, 99, 113, 125, 126, 137, 139]",41,False,6.597186376185239e-05,3.22643746582425e-08,2.1979866462398047e-05,30.0
FP2,1968,1968,1682,286,55,0.8546747967479674,0.9683362118595279,0.9079622132253711,cao2018,S23/060711_1m,all_channel,mean,mean__all_channel__FP2,32,140,"[1, 4, 5, 6, 8, 11, 16, 17, 22, 23, 24, 25, 27, 28, 34, 39, 45, 51, 53, 54, 56, 57, 58, 59, 60, 61, 65, 69, 76, 79, 80, 81, 84, 92, 98, 99, 113, 125, 126, 137, 139]",41,False,6.798441574678625e-05,1.5390968989550676e-08,2.2656341592598898e-05,30.0
F7,1795,1795,1496,299,241,0.8334261838440111,0.8612550374208405,0.8471121177802945,cao2018,S23/060711_1m,all_channel,mean,mean__all_channel__F7,32,140,"[1, 4, 5, 6, 8, 11, 16, 17, 22, 23, 24, 25, 27, 28, 34, 39, 45, 51, 53, 54, 56, 57, 58, 59, 60, 61, 65, 69, 76, 79, 80, 81, 84, 92, 98, 99, 113, 125, 126, 137, 139]",41,False,3.610445834036707e-05,1.4518927531650753e-08,1.2029979804278472e-05,30.0
FZ,1699,1699,1427,272,310,0.8399058269570335,0.8215313759355211,0.830616996507567,cao2018,S23/060711_1m,all_channel,mean,mean__all_channel__FZ,32,140,"[1, 4, 5, 6, 8, 11, 16, 17, 22, 23, 24, 25, 27, 28, 34, 39, 45, 51, 53, 54, 56, 57, 58, 59, 60, 61, 65, 69, 76, 79, 80, 81, 84, 92, 98, 99, 113, 125, 126, 137, 139]",41,False,3.69028864340431e-05,5.591028814601262e-09,1.22990984684095e-05,30.0
F8,1609,1609,1365,244,372,0.8483530142945929,0.7858376511226253,0.8158995815899582,cao2018,S23/060711_1m,all_channel,mean,mean__all_channel__F8,32,140,"[1, 4, 5, 6, 8, 11, 16, 17, 22, 23, 24, 25, 27, 28, 34, 39, 45, 51, 53, 54, 56, 57, 58, 59, 60, 61, 65, 69, 76, 79, 80, 81, 84, 92, 98, 99, 113, 125, 126, 137, 139]",41,False,3.302947118448265e-05,-2.6660940509308726e-09,1.1010712426177862e-05,30.0
F3,1574,1574,1303,271,434,0.8278271918678526,0.7501439263097294,0.7870733917245545,cao2018,S23/060711_1m,all_channel,mean,mean__all_channel__F3,32,140,"[1, 4, 5, 6, 8, 11, 16, 17, 22, 23, 24, 25, 27, 28, 34, 39, 45, 51, 53, 54, 56, 57, 58, 59, 60, 61, 65, 69, 76, 79, 80, 81, 84, 92, 98, 99, 113, 125, 126, 137, 139]",41,False,4.1906330650801676e-05,1.7978780735762717e-08,1.3962783956688638e-05,30.0
F4,1340,1340,1100,240,637,0.8208955223880597,0.6332757628094415,0.7149821254468639,cao2018,S23/060711_1m,all_channel,mean,mean__all_channel__F4,32,140,"[1, 4, 5, 6, 8, 11, 16, 17, 22, 23, 24, 25, 27, 28, 34, 39, 45, 51, 53, 54, 56, 57, 58, 59, 60, 61, 65, 69, 76, 79, 80, 81, 84, 92, 98, 99, 113, 125, 126, 137, 139]",41,False,4.128970441434134e-05,3.089101505331539e-09,1.3762205104278672e-05,30.0
FC3,1131,1131,909,222,828,0.8037135278514589,0.5233160621761658,0.6338912133891214,cao2018,S23/060711_1m,all_channel,mean,mean__all_channel__FC3,32,140,"[1, 4, 5, 6, 8, 11, 16, 17, 22, 23, 24, 25, 27, 28, 34, 39, 45, 51, 53, 54, 56, 57, 58, 59, 60, 61, 65, 69, 76, 79, 80, 81, 84, 92, 98, 99, 113, 125, 126, 137, 139]",41,False,3.039428093340279e-05,6.5767029094691595e-09,1.0129234743497773e-05,30.0
FT7,1057,1057,821,236,916,0.7767265846736046,0.4726540011514105,0.5876879026485325,cao2018,S23/060711_1m,all_channel,mean,mean__all_channel__FT7,32,140,"[1, 4, 5, 6, 8, 11, 16, 17, 22, 23, 24, 25, 27, 28, 34, 39, 45, 51, 53, 54, 56, 57, 58, 59, 60, 61, 65, 69, 76, 79, 80, 81, 84, 92, 98, 99, 113, 125, 126, 137, 139]",41,False,2.604249227093326e-05,8.654780801566417e-09,8.677945830043897e-06,30.0
FCZ,993,993,780,213,957,0.7854984894259819,0.44905008635578586,0.5714285714285714,cao2018,S23/060711_1m,all_channel,mean,mean__all_channel__FCZ,32,140,"[1, 4, 5, 6, 8, 11, 16, 17, 22, 23, 24, 25, 27, 28, 34, 39, 45, 51, 53, 54, 56, 57, 58, 59, 60, 61, 65, 69, 76, 79, 80, 81, 84, 92, 98, 99, 113, 125, 126, 137, 139]",41,False,3.2725349500583086e-05,3.492534164844299e-09,1.0907285655472745e-05,30.0
FC4,901,901,718,183,1019,0.7968923418423973,0.41335636154289,0.5443517816527672,cao2018,S23/060711_1m,all_channel,mean,mean__all_channel__FC4,32,140,"[1, 4, 5, 6, 8, 11, 16, 17, 22, 23, 24, 25, 27, 28, 34, 39, 45, 51, 53, 54, 56, 57, 58, 59, 60, 61, 65, 69, 76, 79, 80, 81, 84, 92, 98, 99, 113, 125, 126, 137, 139]",41,False,3.0943248840852314e-05,1.9590660822893922e-10,1.0314350978081362e-05,30.0
FT8,787,787,609,178,1128,0.7738246505717916,0.35060449050086356,0.48256735340728996,cao2018,S23/060711_1m,all_channel,mean,mean__all_channel__FT8,32,140,"[1, 4, 5, 6, 8, 11, 16, 17, 22, 23, 24, 25, 27, 28, 34, 39, 45, 51, 53, 54, 56, 57, 58, 59, 60, 61, 65, 69, 76, 79, 80, 81, 84, 92, 98, 99, 113, 125, 126, 137, 139]",41,False,2.3531140502182912e-05,-5.788341008819997e-09,7.845642947730577e-06,30.0
C3,602,602,437,165,1300,0.7259136212624585,0.2515831894070236,0.37366395895681914,cao2018,S23/060711_1m,all_channel,mean,mean__all_channel__C3,32,140,"[1, 4, 5, 6, 8, 11, 16, 17, 22, 23, 24, 25, 27, 28, 34, 39, 45, 51, 53, 54, 56, 57, 58, 59, 60, 61, 65, 69, 76, 79, 80, 81, 84, 92, 98, 99, 113, 125, 126, 137, 139]",41,False,2.5769915311224204e-05,4.292631890353983e-09,8.588540893111284e-06,30.0
CZ,430,430,307,123,1430,0.713953488372093,0.17674150834772595,0.2833410244577757,cao2018,S23/060711_1m,all_channel,mean,mean__all_channel__CZ,32,140,"[1, 4, 5, 6, 8, 11, 16, 17, 22, 23, 24, 25, 27, 28, 34, 39, 45, 51, 53, 54, 56, 57, 58, 59, 60, 61, 65, 69, 76, 79, 80, 81, 84, 92, 98, 99, 113, 125, 126, 137, 139]",41,False,2.888936898971004e-05,1.3923038914515998e-09,9.629325561939529e-06,30.0
C4,420,420,295,125,1442,0.7023809523809523,0.16983304548071387,0.27352804821511356,cao2018,S23/060711_1m,all_channel,mean,mean__all_channel__C4,32,140,"[1, 4, 5, 6, 8, 11, 16, 17, 22, 23, 24, 25, 27, 28, 34, 39, 45, 51, 53, 54, 56, 57, 58, 59, 60, 61, 65, 69, 76, 79, 80, 81, 84, 92, 98, 99, 113, 125, 126, 137, 139]",41,False,2.709310987326607e-05,2.1316807202765717e-09,9.030326064181931e-06,30.0
T3,442,442,278,164,1459,0.6289592760180995,0.1600460564191134,0.255162918770078,cao2018,S23/060711_1m,all_channel,mean,mean__all_channel__T3,32,140,"[1, 4, 5, 6, 8, 11, 16, 17, 22, 23, 24, 25, 27, 28, 34, 39, 45, 51, 53, 54, 56, 57, 58, 59, 60, 61, 65, 69, 76, 79, 80, 81, 84, 92, 98, 99, 113, 125, 126, 137, 139]",41,False,1.960561806755315e-05,3.5660733236617774e-09,6.534017331409829e-06,30.0
T4,345,345,213,132,1524,0.6173913043478261,0.1226252158894646,0.20461095100864551,cao2018,S23/060711_1m,all_channel,mean,mean__all_channel__T4,32,140,"[1, 4, 5, 6, 8, 11, 16, 17, 22, 23, 24, 25, 27, 28, 34, 39, 45, 51, 53, 54, 56, 57, 58, 59, 60, 61, 65, 69, 76, 79, 80, 81, 84, 92, 98, 99, 113, 125, 126, 137, 139]",41,False,1.9484427268850487e-05,-1.1261415031452127e-09,6.495184470117877e-06,30.0
CP3,272,272,183,89,1554,0.6727941176470589,0.10535405872193437,0.18218018914883027,cao2018,S23/060711_1m,all_channel,mean,mean__all_channel__CP3,32,140,"[1, 4, 5, 6, 8, 11, 16, 17, 22, 23, 24, 25, 27, 28, 34, 39, 45, 51, 53, 54, 56, 57, 58, 59, 60, 61, 65, 69, 76, 79, 80, 81, 84, 92, 98, 99, 113, 125, 126, 137, 139]",41,False,2.350792641272963e-05,-8.345025478297679e-10,7.83625363842582e-06,30.0
CP4,232,232,140,92,1597,0.603448275862069,0.08059873344847437,0.14220416455053325,cao2018,S23/060711_1m,all_channel,mean,mean__all_channel__CP4,32,140,"[1, 4, 5, 6, 8, 11, 16, 17, 22, 23, 24, 25, 27, 28, 34, 39, 45, 51, 53, 54, 56, 57, 58, 59, 60, 61, 65, 69, 76, 79, 80, 81, 84, 92, 98, 99, 113, 125, 126, 137, 139]",41,False,2.415413752906817e-05,-2.055714853242069e-10,8.051447700184498e-06,30.0
TP7,255,255,140,115,1597,0.5490196078431373,0.08059873344847437,0.14056224899598393,cao2018,S23/060711_1m,all_channel,mean,mean__all_channel__TP7,32,140,"[1, 4, 5, 6, 8, 11, 16, 17, 22, 23, 24, 25, 27, 28, 34, 39, 45, 51, 53, 54, 56, 57, 58, 59, 60, 61, 65, 69, 76, 79, 80, 81, 84, 92, 98, 99, 113, 125, 126, 137, 139]",41,False,1.686351059056834e-05,4.4331638562060135e-09,5.619692475570712e-06,30.0
CPZ,202,202,128,74,1609,0.6336633663366337,0.0736902705814623,0.13202681794739557,cao2018,S23/060711_1m,all_channel,mean,mean__all_channel__CPZ,32,140,"[1, 4, 5, 6, 8, 11, 16, 17, 22, 23, 24, 25, 27, 28, 34, 39, 45, 51, 53, 54, 56, 57, 58, 59, 60, 61, 65, 69, 76, 79, 80, 81, 84, 92, 98, 99, 113, 125, 126, 137, 139]",41,False,2.51572048535514e-05,-1.454570932305205e-09,8.386219808161235e-06,30.0
P3,194,194,117,77,1620,0.6030927835051546,0.06735751295336788,0.12118073537027448,cao2018,S23/060711_1m,all_channel,mean,mean__all_channel__P3,32,140,"[1, 4, 5, 6, 8, 11, 16, 17, 22, 23, 24, 25, 27, 28, 34, 39, 45, 51, 53, 54, 56, 57, 58, 59, 60, 61, 65, 69, 76, 79, 80, 81, 84, 92, 98, 99, 113, 125, 126, 137, 139]",41,False,2.172526928695047e-05,7.636867547836547e-10,7.241501866731895e-06,30.0
P4,154,154,89,65,1648,0.577922077922078,0.051237766263673,0.09413008989952405,cao2018,S23/060711_1m,all_channel,mean,mean__all_channel__P4,32,140,"[1, 4, 5, 6, 8, 11, 16, 17, 22, 23, 24, 25, 27, 28, 34, 39, 45, 51, 53, 54, 56, 57, 58, 59, 60, 61, 65, 69, 76, 79, 80, 81, 84, 92, 98, 99, 113, 125, 126, 137, 139]",41,False,2.19283609675515e-05,1.8726377999646996e-09,7.308829443250512e-06,30.0
TP8,172,172,87,85,1650,0.5058139534883721,0.05008635578583765,0.09114719748559455,cao2018,S23/060711_1m,all_channel,mean,mean__all_channel__TP8,32,140,"[1, 4, 5, 6, 8, 11, 16, 17, 22, 23, 24, 25, 27, 28, 34, 39, 45, 51, 53, 54, 56, 57, 58, 59, 60, 61, 65, 69, 76, 79, 80, 81, 84, 92, 98, 99, 113, 125, 126, 137, 139]",41,False,1.7576910493291712e-05,2.926395787979351e-09,5.857994699167911e-06,30.0
T5,166,166,83,83,1654,0.5,0.04778353483016695,0.08723068838675775,cao2018,S23/060711_1m,all_channel,mean,mean__all_channel__T5,32,140,"[1, 4, 5, 6, 8, 11, 16, 17, 22, 23, 24, 25, 27, 28, 34, 39, 45, 51, 53, 54, 56, 57, 58, 59, 60, 61, 65, 69, 76, 79, 80, 81, 84, 92, 98, 99, 113, 125, 126, 137, 139]",41,False,1.5372943427394195e-05,5.10914708395099e-09,5.122611426770082e-06,30.0
PZ,113,113,57,56,1680,0.504424778761062,0.03281519861830743,0.06162162162162163,cao2018,S23/060711_1m,all_channel,mean,mean__all_channel__PZ,32,140,"[1, 4, 5, 6, 8, 11, 16, 17, 22, 23, 24, 25, 27, 28, 34, 39, 45, 51, 53, 54, 56, 57, 58, 59, 60, 61, 65, 69, 76, 79, 80, 81, 84, 92, 98, 99, 113, 125, 126, 137, 139]",41,False,2.3573881686580326e-05,-1.837357928059964e-09,7.858573014836128e-06,30.0
T6,84,84,37,47,1700,0.44047619047619047,0.021301093839953943,0.040637012630422846,cao2018,S23/060711_1m,all_channel,mean,mean__all_channel__T6,32,140,"[1, 4, 5, 6, 8, 11, 16, 17, 22, 23, 24, 25, 27, 28, 34, 39, 45, 51, 53, 54, 56, 57, 58, 59, 60, 61, 65, 69, 76, 79, 80, 81, 84, 92, 98, 99, 113, 125, 126, 137, 139]",41,False,1.7505711428364268e-05,3.911683381342767e-09,5.833933248327642e-06,30.0
A1,158,158,36,122,1701,0.22784810126582278,0.02072538860103627,0.03799472295514512,cao2018,S23/060711_1m,all_channel,mean,mean__all_channel__A1,32,140,"[1, 4, 5, 6, 8, 11, 16, 17, 22, 23, 24, 25, 27, 28, 34, 39, 45, 51, 53, 54, 56, 57, 58, 59, 60, 61, 65, 69, 76, 79, 80, 81, 84, 92, 98, 99, 113, 125, 126, 137, 139]",41,False,7.776946692977028e-06,4.006040299042979e-09,2.5909802175593284e-06,30.0
A2,154,154,30,124,1707,0.19480519480519481,0.017271157167530225,0.03172924378635642,cao2018,S23/060711_1m,all_channel,mean,mean__all_channel__A2,32,140,"[1, 4, 5, 6, 8, 11, 16, 17, 22, 23, 24, 25, 27, 28, 34, 39, 45, 51, 53, 54, 56, 57, 58, 59, 60, 61, 65, 69, 76, 79, 80, 81, 84, 92, 98, 99, 113, 125, 126, 137, 139]",41,False,7.766000181505625e-06,-4.032867963902177e-09,2.590011016489842e-06,30.0
O1,77,77,28,49,1709,0.36363636363636365,0.016119746689694875,0.0308710033076075,cao2018,S23/060711_1m,all_channel,mean,mean__all_channel__O1,32,140,"[1, 4, 5, 6, 8, 11, 16, 17, 22, 23, 24, 25, 27, 28, 34, 39, 45, 51, 53, 54, 56, 57, 58, 59, 60, 61, 65, 69, 76, 79, 80, 81, 84, 92, 98, 99, 113, 125, 126, 137, 139]",41,False,1.613256982817716e-05,5.720651369699065e-10,5.377332587680063e-06,30.0
OZ,72,72,19,53,1718,0.2638888888888889,0.010938399539435808,0.021006080707573243,cao2018,S23/060711_1m,all_channel,mean,mean__all_channel__OZ,32,140,"[1, 4, 5, 6, 8, 11, 16, 17, 22, 23, 24, 25, 27, 28, 34, 39, 45, 51, 53, 54, 56, 57, 58, 59, 60, 61, 65, 69, 76, 79, 80, 81, 84, 92, 98, 99, 113, 125, 126, 137, 139]",41,False,1.547339326901127e-05,-2.762754048286027e-09,5.158718674353185e-06,30.0
O2,69,69,15,54,1722,0.21739130434782608,0.008635578583765112,0.01661129568106312,cao2018,S23/060711_1m,all_channel,mean,mean__all_channel__O2,32,140,"[1, 4, 5, 6, 8, 11, 16, 17, 22, 23, 24, 25, 27, 28, 34, 39, 45, 51, 53, 54, 56, 57, 58, 59, 60, 61, 65, 69, 76, 79, 80, 81, 84, 92, 98, 99, 113, 125, 126, 137, 139]",41,False,1.6405364239088767e-05,-1.584931256525081e-09,5.468983056781764e-06,30.0
FP1,2018,2018,1708,310,29,0.846382556987116,0.9833045480713875,0.9097203728362183,cao2018,S23/060711_1m,frontal,median,median__frontal__FP1,4,140,"[4, 5, 16, 17, 24, 25, 56, 57, 58, 79, 80, 81, 98, 126]",14,False,6.269256691490661e-05,-4.013235009942788e-06,2.223526730828313e-05,30.0
FP2,1995,1995,1692,303,45,0.8481203007518797,0.9740932642487047,0.9067524115755627,cao2018,S23/060711_1m,frontal,median,median__frontal__FP2,4,140,"[4, 5, 16, 17, 24, 25, 56, 57, 58, 79, 80, 81, 98, 126]",14,False,6.360186209013917e-05,-4.0194881267531645e-06,2.2540450072297446e-05,30.0
F3,1147,1147,958,189,779,0.8352223190932868,0.5515256188831318,0.6643550624133149,cao2018,S23/060711_1m,frontal,median,median__frontal__F3,4,140,"[4, 5, 16, 17, 24, 25, 56, 57, 58, 79, 80, 81, 98, 126]",14,False,4.9046871155053264e-05,-1.8756637639252703e-06,1.697417830632618e-05,30.0
F4,843,843,678,165,1059,0.8042704626334519,0.3903281519861831,0.5255813953488372,cao2018,S23/060711_1m,frontal,median,median__frontal__F4,4,140,"[4, 5, 16, 17, 24, 25, 56, 57, 58, 79, 80, 81, 98, 126]",14,False,4.969990638130814e-05,-6.739813791699448e-07,1.679129592015936e-05,30.0
FP1,1985,1985,1700,285,37,0.8564231738035264,0.9786989061600461,0.9134873723804408,cao2018,S23/060711_1m,frontal,mean,mean__frontal__FP1,4,140,"[4, 5, 16, 17, 24, 25, 56, 57, 58, 79, 80, 81, 98, 126]",14,False,6.671891005337335e-05,1.3108128523951649e-08,2.223526730828313e-05,30.0
FP2,1967,1967,1683,284,54,0.8556176919166243,0.9689119170984456,0.9087473002159826,cao2018,S23/060711_1m,frontal,mean,mean__frontal__FP2,4,140,"[4, 5, 16, 17, 24, 25, 56, 57, 58, 79, 80, 81, 98, 126]",14,False,6.759456273427777e-05,-2.6787482614561117e-08,2.2540450072297446e-05,30.0
F3,1055,1055,869,186,868,0.8236966824644549,0.5002878526194589,0.6224928366762177,cao2018,S23/060711_1m,frontal,mean,mean__frontal__F3,4,140,"[4, 5, 16, 17, 24, 25, 56, 57, 58, 79, 80, 81, 98, 126]",14,False,5.0918828875491615e-05,-3.70604348692248e-09,1.697417830632618e-05,30.0
F4,800,800,642,158,1095,0.8025,0.3696027633851468,0.5061095782420181,cao2018,S23/060711_1m,frontal,mean,mean__frontal__F4,4,140,"[4, 5, 16, 17, 24, 25, 56, 57, 58, 79, 80, 81, 98, 126]",14,False,5.0431122719371136e-05,5.7234958893046585e-08,1.679129592015936e-05,30.0
FP1,2012,2012,1707,305,30,0.8484095427435387,0.9827288428324698,0.9106428380901573,cao2018,S23/060711_1m,frontal_left,median,median__frontal_left__FP1,2,140,"[4, 5, 16, 17, 24, 25, 56, 58, 79, 80, 81, 98]",12,False,6.336599836397659e-05,-3.4829055700872696e-06,2.2282967978021283e-05,30.0
F3,926,926,745,181,992,0.8045356371490281,0.4289004029936672,0.5595193390912504,cao2018,S23/060711_1m,frontal_left,median,median__frontal_left__F3,2,140,"[4, 5, 16, 17, 24, 25, 56, 58, 79, 80, 81, 98]",12,False,5.321975828217864e-05,-1.704320389412459e-06,1.83080262238637e-05,30.0
FP1,1984,1984,1698,286,39,0.8558467741935484,0.9775474956822107,0.9126578876646062,cao2018,S23/060711_1m,frontal_left,mean,mean__frontal_left__FP1,2,140,"[4, 5, 16, 17, 24, 25, 56, 58, 79, 80, 81, 98]",12,False,6.688393995477159e-05,3.503602070773305e-08,2.2282967978021283e-05,30.0
F3,828,828,661,167,1076,0.7983091787439613,0.3805411629245826,0.5153996101364523,cao2018,S23/060711_1m,frontal_left,mean,mean__frontal_left__F3,2,140,"[4, 5, 16, 17, 24, 25, 56, 58, 79, 80, 81, 98]",12,False,5.492757414214876e-05,3.495470557663527e-09,1.83080262238637e-05,30.0
FP2,1984,1984,1690,294,47,0.8518145161290323,0.9729418537708693,0.9083579682880946,cao2018,S23/060711_1m,frontal_right,median,median__frontal_right__FP2,2,140,"[4, 5, 16, 17, 24, 25, 56, 57, 58, 79, 81, 98, 126]",13,False,6.472072716195903e-05,-4.387404159999745e-06,2.303604377398626e-05,30.0
F4,794,794,637,157,1100,0.8022670025188917,0.3667242371905584,0.5033583563808771,cao2018,S23/060711_1m,frontal_right,median,median__frontal_right__F4,2,140,"[4, 5, 16, 17, 24, 25, 56, 57, 58, 79, 81, 98, 126]",13,False,5.048140943544224e-05,-6.581759375090117e-07,1.7046528457650418e-05,30.0
FP2,1964,1964,1681,283,56,0.8559063136456212,0.9677605066206102,0.9084031342880303,cao2018,S23/060711_1m,frontal_right,mean,mean__frontal_right__FP2,2,140,"[4, 5, 16, 17, 24, 25, 56, 57, 58, 79, 81, 98, 126]",13,False,6.907673912099442e-05,-3.139220096436162e-08,2.303604377398626e-05,30.0
F4,762,762,609,153,1128,0.7992125984251969,0.35060449050086356,0.4873949579831934,cao2018,S23/060711_1m,frontal_right,mean,mean__frontal_right__F4,2,140,"[4, 5, 16, 17, 24, 25, 56, 57, 58, 79, 81, 98, 126]",13,False,5.119582262642275e-05,5.623725347149455e-08,1.7046528457650418e-05,30.0
FP2,2008,2008,1701,307,36,0.8471115537848606,0.9792746113989638,0.9084112149532712,cao2018,S23/060711_1m,all_channel,median,median__all_channel__FP2,32,105,"[3, 8, 12, 13, 17, 18, 20, 21, 25, 29, 34, 38, 40, 42, 43, 44, 45, 46, 48, 52, 57, 59, 60, 63, 69, 73, 74, 82, 85, 86, 92, 93, 94, 103, 104]",35,False,5.9319141771590784e-05,-6.913467637135238e-06,2.2077536469575342e-05,40.0
FP1,2049,2049,1716,333,21,0.8374816983894583,0.9879101899827288,0.9064976228209193,cao2018,S23/060711_1m,all_channel,median,median__all_channel__FP1,32,105,"[3, 8, 12, 13, 17, 18, 20, 21, 25, 29, 34, 38, 40, 42, 43, 44, 45, 46, 48, 52, 57, 59, 60, 63, 69, 73, 74, 82, 85, 86, 92, 93, 94, 103, 104]",35,False,5.783719520723829e-05,-6.716062201844886e-06,2.151775246969439e-05,40.0
F7,1864,1864,1550,314,187,0.8315450643776824,0.8923431203223949,0.8608719800055541,cao2018,S23/060711_1m,all_channel,median,median__all_channel__F7,32,105,"[3, 8, 12, 13, 17, 18, 20, 21, 25, 29, 34, 38, 40, 42, 43, 44, 45, 46, 48, 52, 57, 59, 60, 63, 69, 73, 74, 82, 85, 86, 92, 93, 94, 103, 104]",35,False,3.356531347864123e-05,-2.5059353692194704e-06,1.2023749615953568e-05,40.0
FZ,1831,1831,1515,316,222,0.827416712179137,0.8721934369602763,0.8492152466367713,cao2018,S23/060711_1m,all_channel,median,median__all_channel__FZ,32,105,"[3, 8, 12, 13, 17, 18, 20, 21, 25, 29, 34, 38, 40, 42, 43, 44, 45, 46, 48, 52, 57, 59, 60, 63, 69, 73, 74, 82, 85, 86, 92, 93, 94, 103, 104]",35,False,3.375268681372778e-05,-2.5862646554355e-06,1.2112983823054428e-05,40.0
F8,1773,1773,1479,294,258,0.8341793570219966,0.8514680483592401,0.8427350427350428,cao2018,S23/060711_1m,all_channel,median,median__all_channel__F8,32,105,"[3, 8, 12, 13, 17, 18, 20, 21, 25, 29, 34, 38, 40, 42, 43, 44, 45, 46, 48, 52, 57, 59, 60, 63, 69, 73, 74, 82, 85, 86, 92, 93, 94, 103, 104]",35,False,3.007487520762489e-05,-2.140522612206037e-06,1.0738465939943642e-05,40.0
F3,1764,1764,1453,311,284,0.8236961451247166,0.8364997121473805,0.8300485575549843,cao2018,S23/060711_1m,all_channel,median,median__all_channel__F3,32,105,"[3, 8, 12, 13, 17, 18, 20, 21, 25, 29, 34, 38, 40, 42, 43, 44, 45, 46, 48, 52, 57, 59, 60, 63, 69, 73, 74, 82, 85, 86, 92, 93, 94, 103, 104]",35,False,3.762339775446973e-05,-2.771410152863022e-06,1.3464935969110916e-05,40.0
F4,1586,1586,1294,292,443,0.8158890290037831,0.7449625791594704,0.7788143244056577,cao2018,S23/060711_1m,all_channel,median,median__all_channel__F4,32,105,"[3, 8, 12, 13, 17, 18, 20, 21, 25, 29, 34, 38, 40, 42, 43, 44, 45, 46, 48, 52, 57, 59, 60, 63, 69, 73, 74, 82, 85, 86, 92, 93, 94, 103, 104]",35,False,3.7304278064364876e-05,-2.277089820363104e-06,1.3193789294909329e-05,40.0
FC3,1309,1309,1042,267,695,0.7960275019098548,0.5998848589522164,0.6841759684832567,cao2018,S23/060711_1m,all_channel,median,median__all_channel__FC3,32,105,"[3, 8, 12, 13, 17, 18, 20, 21, 25, 29, 34, 38, 40, 42, 43, 44, 45, 46, 48, 52, 57, 59, 60, 63, 69, 73, 74, 82, 85, 86, 92, 93, 94, 103, 104]",35,False,2.8417366973209435e-05,-1.5610559388523017e-06,9.992807637353913e-06,40.0
FT7,1239,1239,965,274,772,0.7788539144471348,0.5555555555555556,0.648521505376344,cao2018,S23/060711_1m,all_channel,median,median__all_channel__FT7,32,105,"[3, 8, 12, 13, 17, 18, 20, 21, 25, 29, 34, 38, 40, 42, 43, 44, 45, 46, 48, 52, 57, 59, 60, 63, 69, 73, 74, 82, 85, 86, 92, 93, 94, 103, 104]",35,False,2.4464140190872554e-05,-1.171847940017167e-06,8.54532937696324e-06,40.0
FCZ,1153,1153,907,246,830,0.7866435385949696,0.5221646516983305,0.6276816608996539,cao2018,S23/060711_1m,all_channel,median,median__all_channel__FCZ,32,105,"[3, 8, 12, 13, 17, 18, 20, 21, 25, 29, 34, 38, 40, 42, 43, 44, 45, 46, 48, 52, 57, 59, 60, 63, 69, 73, 74, 82, 85, 86, 92, 93, 94, 103, 104]",35,False,3.0639937605984026e-05,-1.5777816779405791e-06,1.07392397613082e-05,40.0
FC4,1060,1060,835,225,902,0.7877358490566038,0.4807138744962579,0.5970682874508403,cao2018,S23/060711_1m,all_channel,median,median__all_channel__FC4,32,105,"[3, 8, 12, 13, 17, 18, 20, 21, 25, 29, 34, 38, 40, 42, 43, 44, 45, 46, 48, 52, 57, 59, 60, 63, 69, 73, 74, 82, 85, 86, 92, 93, 94, 103, 104]",35,False,2.908350673575577e-05,-1.414986954317698e-06,1.0166164563357823e-05,40.0
FT8,938,938,716,222,1021,0.7633262260127932,0.41220495106505467,0.5353271028037383,cao2018,S23/060711_1m,all_channel,median,median__all_channel__FT8,32,105,"[3, 8, 12, 13, 17, 18, 20, 21, 25, 29, 34, 38, 40, 42, 43, 44, 45, 46, 48, 52, 57, 59, 60, 63, 69, 73, 74, 82, 85, 86, 92, 93, 94, 103, 104]",35,False,2.2262712952218033e-05,-9.704657385683721e-07,7.744392896928802e-06,40.0
C3,703,703,512,191,1225,0.7283072546230441,0.2947610823258492,0.41967213114754104,cao2018,S23/060711_1m,all_channel,median,median__all_channel__C3,32,105,"[3, 8, 12, 13, 17, 18, 20, 21, 25, 29, 34, 38, 40, 42, 43, 44, 45, 46, 48, 52, 57, 59, 60, 63, 69, 73, 74, 82, 85, 86, 92, 93, 94, 103, 104]",35,False,2.4555982856921932e-05,-9.762574264995726e-07,8.510746761140502e-06,40.0
CZ,546,546,385,161,1352,0.7051282051282052,0.22164651698330454,0.337275514673675,cao2018,S23/060711_1m,all_channel,median,median__all_channel__CZ,32,105,"[3, 8, 12, 13, 17, 18, 20, 21, 25, 29, 34, 38, 40, 42, 43, 44, 45, 46, 48, 52, 57, 59, 60, 63, 69, 73, 74, 82, 85, 86, 92, 93, 94, 103, 104]",35,False,2.7629362304460185e-05,-9.463760964855625e-07,9.525246133648583e-06,40.0
C4,502,502,362,140,1375,0.7211155378486056,0.20840529648819806,0.32335864225100497,cao2018,S23/060711_1m,all_channel,median,median__all_channel__C4,32,105,"[3, 8, 12, 13, 17, 18, 20, 21, 25, 29, 34, 38, 40, 42, 43, 44, 45, 46, 48, 52, 57, 59, 60, 63, 69, 73, 74, 82, 85, 86, 92, 93, 94, 103, 104]",35,False,2.582843604115124e-05,-8.845961438448084e-07,8.90434406166535e-06,40.0
T3,514,514,333,181,1404,0.6478599221789884,0.19170984455958548,0.29586850288760547,cao2018,S23/060711_1m,all_channel,median,median__all_channel__T3,32,105,"[3, 8, 12, 13, 17, 18, 20, 21, 25, 29, 34, 38, 40, 42, 43, 44, 45, 46, 48, 52, 57, 59, 60, 63, 69, 73, 74, 82, 85, 86, 92, 93, 94, 103, 104]",35,False,1.8809159524063558e-05,-4.878180683525898e-07,6.432325864138715e-06,40.0
T4,405,405,258,147,1479,0.6370370370370371,0.14853195164075994,0.24089635854341737,cao2018,S23/060711_1m,all_channel,median,median__all_channel__T4,32,105,"[3, 8, 12, 13, 17, 18, 20, 21, 25, 29, 34, 38, 40, 42, 43, 44, 45, 46, 48, 52, 57, 59, 60, 63, 69, 73, 74, 82, 85, 86, 92, 93, 94, 103, 104]",35,False,1.8762209102777724e-05,-4.850690995199148e-07,6.415759400765879e-06,40.0
CP3,338,338,228,110,1509,0.6745562130177515,0.13126079447322972,0.21975903614457834,cao2018,S23/060711_1m,all_channel,median,median__all_channel__CP3,32,105,"[3, 8, 12, 13, 17, 18, 20, 21, 25, 29, 34, 38, 40, 42, 43, 44, 45, 46, 48, 52, 57, 59, 60, 63, 69, 73, 74, 82, 85, 86, 92, 93, 94, 103, 104]",35,False,2.2622852664158197e-05,-6.270533110511409e-07,7.749968658403112e-06,40.0
CP4,267,267,169,98,1568,0.6329588014981273,0.09729418537708694,0.16866267465069862,cao2018,S23/060711_1m,all_channel,median,median__all_channel__CP4,32,105,"[3, 8, 12, 13, 17, 18, 20, 21, 25, 29, 34, 38, 40, 42, 43, 44, 45, 46, 48, 52, 57, 59, 60, 63, 69, 73, 74, 82, 85, 86, 92, 93, 94, 103, 104]",35,False,2.3298273492575005e-05,-5.970614397574685e-07,7.965111644110824e-06,40.0
CPZ,250,250,162,88,1575,0.648,0.09326424870466321,0.16305988928032208,cao2018,S23/060711_1m,all_channel,median,median__all_channel__CPZ,32,105,"[3, 8, 12, 13, 17, 18, 20, 21, 25, 29, 34, 38, 40, 42, 43, 44, 45, 46, 48, 52, 57, 59, 60, 63, 69, 73, 74, 82, 85, 86, 92, 93, 94, 103, 104]",35,False,2.426304652593292e-05,-5.673873684470553e-07,8.276811298126658e-06,40.0
TP7,289,289,159,130,1578,0.5501730103806228,0.09153713298791019,0.156959526159921,cao2018,S23/060711_1m,all_channel,median,median__all_channel__TP7,32,105,"[3, 8, 12, 13, 17, 18, 20, 21, 25, 29, 34, 38, 40, 42, 43, 44, 45, 46, 48, 52, 57, 59, 60, 63, 69, 73, 74, 82, 85, 86, 92, 93, 94, 103, 104]",35,False,1.632591439843596e-05,-3.33911447822042e-07,5.553275282086e-06,40.0
P3,236,236,145,91,1592,0.614406779661017,0.08347725964306275,0.14698428788646734,cao2018,S23/060711_1m,all_channel,median,median__all_channel__P3,32,105,"[3, 8, 12, 13, 17, 18, 20, 21, 25, 29, 34, 38, 40, 42, 43, 44, 45, 46, 48, 52, 57, 59, 60, 63, 69, 73, 74, 82, 85, 86, 92, 93, 94, 103, 104]",35,False,2.091538952434188e-05,-4.878994247110662e-07,7.134429649684316e-06,40.0
P4,186,186,107,79,1630,0.5752688172043011,0.061600460564191134,0.11128445137805514,cao2018,S23/060711_1m,all_channel,median,median__all_channel__P4,32,105,"[3, 8, 12, 13, 17, 18, 20, 21, 25, 29, 34, 38, 40, 42, 43, 44, 45, 46, 48, 52, 57, 59, 60, 63, 69, 73, 74, 82, 85, 86, 92, 93, 94, 103, 104]",35,False,2.1251457903872914e-05,-4.1702911065450026e-07,7.222829004842471e-06,40.0
T5,192,192,101,91,1636,0.5260416666666666,0.05814622913068509,0.10471747019180921,cao2018,S23/060711_1m,all_channel,median,median__all_channel__T5,32,105,"[3, 8, 12, 13, 17, 18, 20, 21, 25, 29, 34, 38, 40, 42, 43, 44, 45, 46, 48, 52, 57, 59, 60, 63, 69, 73, 74, 82, 85, 86, 92, 93, 94, 103, 104]",35,False,1.4926692636179335e-05,-2.468084247762921e-07,5.057833686985209e-06,40.0
TP8,201,201,101,100,1636,0.5024875621890548,0.05814622913068509,0.1042311661506708,cao2018,S23/060711_1m,all_channel,median,median__all_channel__TP8,32,105,"[3, 8, 12, 13, 17, 18, 20, 21, 25, 29, 34, 38, 40, 42, 43, 44, 45, 46, 48, 52, 57, 59, 60, 63, 69, 73, 74, 82, 85, 86, 92, 93, 94, 103, 104]",35,False,1.71268673858567e-05,-2.736120236081771e-07,5.8001598031549595e-06,40.0
PZ,133,133,72,61,1665,0.5413533834586466,0.04145077720207254,0.07700534759358288,cao2018,S23/060711_1m,all_channel,median,median__all_channel__PZ,32,105,"[3, 8, 12, 13, 17, 18, 20, 21, 25, 29, 34, 38, 40, 42, 43, 44, 45, 46, 48, 52, 57, 59, 60, 63, 69, 73, 74, 82, 85, 86, 92, 93, 94, 103, 104]",35,False,2.2880042719985143e-05,-3.549926619831013e-07,7.745011793989414e-06,40.0
T6,98,98,45,53,1692,0.45918367346938777,0.025906735751295335,0.04904632152588556,cao2018,S23/060711_1m,all_channel,median,median__all_channel__T6,32,105,"[3, 8, 12, 13, 17, 18, 20, 21, 25, 29, 34, 38, 40, 42, 43, 44, 45, 46, 48, 52, 57, 59, 60, 63, 69, 73, 74, 82, 85, 86, 92, 93, 94, 103, 104]",35,False,1.721518330158739e-05,-1.577814487306181e-07,5.790988250106002e-06,40.0
A1,163,163,37,126,1700,0.22699386503067484,0.021301093839953943,0.03894736842105263,cao2018,S23/060711_1m,all_channel,median,median__all_channel__A1,32,105,"[3, 8, 12, 13, 17, 18, 20, 21, 25, 29, 34, 38, 40, 42, 43, 44, 45, 46, 48, 52, 57, 59, 60, 63, 69, 73, 74, 82, 85, 86, 92, 93, 94, 103, 104]",35,False,7.720344008301622e-06,1.5822428470011944e-08,2.5681738599438704e-06,40.0
O1,83,83,30,53,1707,0.3614457831325301,0.017271157167530225,0.03296703296703296,cao2018,S23/060711_1m,all_channel,median,median__all_channel__O1,32,105,"[3, 8, 12, 13, 17, 18, 20, 21, 25, 29, 34, 38, 40, 42, 43, 44, 45, 46, 48, 52, 57, 59, 60, 63, 69, 73, 74, 82, 85, 86, 92, 93, 94, 103, 104]",35,False,1.581227878712518e-05,-1.0443598431548803e-07,5.305571590480223e-06,40.0
A2,156,156,30,126,1707,0.19230769230769232,0.017271157167530225,0.03169572107765452,cao2018,S23/060711_1m,all_channel,median,median__all_channel__A2,32,105,"[3, 8, 12, 13, 17, 18, 20, 21, 25, 29, 34, 38, 40, 42, 43, 44, 45, 46, 48, 52, 57, 59, 60, 63, 69, 73, 74, 82, 85, 86, 92, 93, 94, 103, 104]",35,False,7.688489056428975e-06,-1.6055245849233128e-08,2.5681814340927357e-06,40.0
OZ,78,78,22,56,1715,0.28205128205128205,0.012665515256188831,0.024242424242424242,cao2018,S23/060711_1m,all_channel,median,median__all_channel__OZ,32,105,"[3, 8, 12, 13, 17, 18, 20, 21, 25, 29, 34, 38, 40, 42, 43, 44, 45, 46, 48, 52, 57, 59, 60, 63, 69, 73, 74, 82, 85, 86, 92, 93, 94, 103, 104]",35,False,1.5133147590999976e-05,-1.0252828754831139e-07,5.078558626182762e-06,40.0
O2,74,74,17,57,1720,0.22972972972972974,0.00978698906160046,0.018774157923799006,cao2018,S23/060711_1m,all_channel,median,median__all_channel__O2,32,105,"[3, 8, 12, 13, 17, 18, 20, 21, 25, 29, 34, 38, 40, 42, 43, 44, 45, 46, 48, 52, 57, 59, 60, 63, 69, 73, 74, 82, 85, 86, 92, 93, 94, 103, 104]",35,False,1.6079573163442584e-05,-9.96164444572962e-08,5.393063202633293e-06,40.0
FP1,2001,2001,1702,299,35,0.8505747126436781,0.9798503166378814,0.9106474050294275,cao2018,S23/060711_1m,all_channel,mean,mean__all_channel__FP1,32,105,"[3, 8, 12, 13, 17, 18, 20, 21, 25, 29, 34, 38, 40, 42, 43, 44, 45, 46, 48, 52, 57, 59, 60, 63, 69, 73, 74, 82, 85, 86, 92, 93, 94, 103, 104]",35,False,6.459179470837943e-05,3.853729929625073e-08,2.151775246969439e-05,40.0
FP2,1981,1981,1690,291,47,0.8531044926804644,0.9729418537708693,0.9090909090909091,cao2018,S23/060711_1m,all_channel,mean,mean__all_channel__FP2,32,105,"[3, 8, 12, 13, 17, 18, 20, 21, 25, 29, 34, 38, 40, 42, 43, 44, 45, 46, 48, 52, 57, 59, 60, 63, 69, 73, 74, 82, 85, 86, 92, 93, 94, 103, 104]",35,False,6.6281858975731e-05,4.924956700497179e-08,2.2077536469575342e-05,40.0
F7,1790,1790,1494,296,243,0.8346368715083798,0.8601036269430051,0.8471789055854835,cao2018,S23/060711_1m,all_channel,mean,mean__all_channel__F7,32,105,"[3, 8, 12, 13, 17, 18, 20, 21, 25, 29, 34, 38, 40, 42, 43, 44, 45, 46, 48, 52, 57, 59, 60, 63, 69, 73, 74, 82, 85, 86, 92, 93, 94, 103, 104]",35,False,3.608431354060772e-05,1.306469274701744e-08,1.2023749615953568e-05,40.0
FZ,1714,1714,1442,272,295,0.8413068844807468,0.8301669545192861,0.8356997971602435,cao2018,S23/060711_1m,all_channel,mean,mean__all_channel__FZ,32,105,"[3, 8, 12, 13, 17, 18, 20, 21, 25, 29, 34, 38, 40, 42, 43, 44, 45, 46, 48, 52, 57, 59, 60, 63, 69, 73, 74, 82, 85, 86, 92, 93, 94, 103, 104]",35,False,3.635446026652086e-05,1.5508797357574576e-08,1.2112983823054428e-05,40.0
F8,1646,1646,1397,249,340,0.8487241798298907,0.8042602187679908,0.8258941767661839,cao2018,S23/060711_1m,all_channel,mean,mean__all_channel__F8,32,105,"[3, 8, 12, 13, 17, 18, 20, 21, 25, 29, 34, 38, 40, 42, 43, 44, 45, 46, 48, 52, 57, 59, 60, 63, 69, 73, 74, 82, 85, 86, 92, 93, 94, 103, 104]",35,False,3.223170845518902e-05,1.6310635358096525e-08,1.0738465939943642e-05,40.0
F3,1652,1652,1362,290,375,0.8244552058111381,0.7841105354058722,0.80377692534671,cao2018,S23/060711_1m,all_channel,mean,mean__all_channel__F3,32,105,"[3, 8, 12, 13, 17, 18, 20, 21, 25, 29, 34, 38, 40, 42, 43, 44, 45, 46, 48, 52, 57, 59, 60, 63, 69, 73, 74, 82, 85, 86, 92, 93, 94, 103, 104]",35,False,4.0408647831482174e-05,1.3839924149424982e-08,1.3464935969110916e-05,40.0
F4,1442,1442,1184,258,553,0.8210818307905686,0.6816350028785262,0.7448883296634161,cao2018,S23/060711_1m,all_channel,mean,mean__all_channel__F4,32,105,"[3, 8, 12, 13, 17, 18, 20, 21, 25, 29, 34, 38, 40, 42, 43, 44, 45, 46, 48, 52, 57, 59, 60, 63, 69, 73, 74, 82, 85, 86, 92, 93, 94, 103, 104]",35,False,3.964714432834765e-05,6.577644361966627e-08,1.3193789294909329e-05,40.0
FC3,1163,1163,934,229,803,0.8030954428202923,0.5377086931491076,0.6441379310344827,cao2018,S23/060711_1m,all_channel,mean,mean__all_channel__FC3,32,105,"[3, 8, 12, 13, 17, 18, 20, 21, 25, 29, 34, 38, 40, 42, 43, 44, 45, 46, 48, 52, 57, 59, 60, 63, 69, 73, 74, 82, 85, 86, 92, 93, 94, 103, 104]",35,False,2.9988112077986345e-05,9.689165924608e-09,9.992807637353913e-06,40.0
FT7,1096,1096,853,243,884,0.7782846715328468,0.491076568796776,0.6021884927638546,cao2018,S23/060711_1m,all_channel,mean,mean__all_channel__FT7,32,105,"[3, 8, 12, 13, 17, 18, 20, 21, 25, 29, 34, 38, 40, 42, 43, 44, 45, 46, 48, 52, 57, 59, 60, 63, 69, 73, 74, 82, 85, 86, 92, 93, 94, 103, 104]",35,False,2.5643440259829585e-05,7.452128939862781e-09,8.54532937696324e-06,40.0
FCZ,1034,1034,806,228,931,0.7794970986460348,0.46401842256764536,0.5817394442439553,cao2018,S23/060711_1m,all_channel,mean,mean__all_channel__FCZ,32,105,"[3, 8, 12, 13, 17, 18, 20, 21, 25, 29, 34, 38, 40, 42, 43, 44, 45, 46, 48, 52, 57, 59, 60, 63, 69, 73, 74, 82, 85, 86, 92, 93, 94, 103, 104]",35,False,3.222872506456377e-05,1.1005780639168275e-08,1.07392397613082e-05,40.0
FC4,935,935,746,189,991,0.7978609625668449,0.4294761082325849,0.5583832335329341,cao2018,S23/060711_1m,all_channel,mean,mean__all_channel__FC4,32,105,"[3, 8, 12, 13, 17, 18, 20, 21, 25, 29, 34, 38, 40, 42, 43, 44, 45, 46, 48, 52, 57, 59, 60, 63, 69, 73, 74, 82, 85, 86, 92, 93, 94, 103, 104]",35,False,3.0507706407456884e-05,9.212717383418113e-09,1.0166164563357823e-05,40.0
FT8,815,815,628,187,1109,0.7705521472392638,0.3615428900402994,0.49216300940438873,cao2018,S23/060711_1m,all_channel,mean,mean__all_channel__FT8,32,105,"[3, 8, 12, 13, 17, 18, 20, 21, 25, 29, 34, 38, 40, 42, 43, 44, 45, 46, 48, 52, 57, 59, 60, 63, 69, 73, 74, 82, 85, 86, 92, 93, 94, 103, 104]",35,False,2.3242141924781527e-05,8.96323399512314e-09,7.744392896928802e-06,40.0
C3,619,619,451,168,1286,0.72859450726979,0.25964306275187105,0.3828522920203735,cao2018,S23/060711_1m,all_channel,mean,mean__all_channel__C3,32,105,"[3, 8, 12, 13, 17, 18, 20, 21, 25, 29, 34, 38, 40, 42, 43, 44, 45, 46, 48, 52, 57, 59, 60, 63, 69, 73, 74, 82, 85, 86, 92, 93, 94, 103, 104]",35,False,2.5538327986470077e-05,6.0877030485708115e-09,8.510746761140502e-06,40.0
CZ,460,460,327,133,1410,0.7108695652173913,0.18825561312607944,0.29767865270823846,cao2018,S23/060711_1m,all_channel,mean,mean__all_channel__CZ,32,105,"[3, 8, 12, 13, 17, 18, 20, 21, 25, 29, 34, 38, 40, 42, 43, 44, 45, 46, 48, 52, 57, 59, 60, 63, 69, 73, 74, 82, 85, 86, 92, 93, 94, 103, 104]",35,False,2.8581089433828188e-05,5.351032882438703e-09,9.525246133648583e-06,40.0
C4,440,440,317,123,1420,0.7204545454545455,0.1824985607369027,0.2912264584290308,cao2018,S23/060711_1m,all_channel,mean,mean__all_channel__C4,32,105,"[3, 8, 12, 13, 17, 18, 20, 21, 25, 29, 34, 38, 40, 42, 43, 44, 45, 46, 48, 52, 57, 59, 60, 63, 69, 73, 74, 82, 85, 86, 92, 93, 94, 103, 104]",35,False,2.671815426980872e-05,5.1220848126707196e-09,8.90434406166535e-06,40.0
T3,463,463,304,159,1433,0.6565874730021598,0.17501439263097293,0.2763636363636363,cao2018,S23/060711_1m,all_channel,mean,mean__all_channel__T3,32,105,"[3, 8, 12, 13, 17, 18, 20, 21, 25, 29, 34, 38, 40, 42, 43, 44, 45, 46, 48, 52, 57, 59, 60, 63, 69, 73, 74, 82, 85, 86, 92, 93, 94, 103, 104]",35,False,1.930136234608833e-05,4.384753672180898e-09,6.432325864138715e-06,40.0
T4,369,369,232,137,1505,0.6287262872628726,0.1335636154289004,0.22032288698955368,cao2018,S23/060711_1m,all_channel,mean,mean__all_channel__T4,32,105,"[3, 8, 12, 13, 17, 18, 20, 21, 25, 29, 34, 38, 40, 42, 43, 44, 45, 46, 48, 52, 57, 59, 60, 63, 69, 73, 74, 82, 85, 86, 92, 93, 94, 103, 104]",35,False,1.9249659039860687e-05,2.3808375630465493e-09,6.415759400765879e-06,40.0
CP3,296,296,195,101,1542,0.6587837837837838,0.11226252158894647,0.19183472700442697,cao2018,S23/060711_1m,all_channel,mean,mean__all_channel__CP3,32,105,"[3, 8, 12, 13, 17, 18, 20, 21, 25, 29, 34, 38, 40, 42, 43, 44, 45, 46, 48, 52, 57, 59, 60, 63, 69, 73, 74, 82, 85, 86, 92, 93, 94, 103, 104]",35,False,2.3253906428921974e-05,4.000453712636094e-09,7.749968658403112e-06,40.0
CP4,239,239,147,92,1590,0.6150627615062761,0.0846286701208981,0.14878542510121456,cao2018,S23/060711_1m,all_channel,mean,mean__all_channel__CP4,32,105,"[3, 8, 12, 13, 17, 18, 20, 21, 25, 29, 34, 38, 40, 42, 43, 44, 45, 46, 48, 52, 57, 59, 60, 63, 69, 73, 74, 82, 85, 86, 92, 93, 94, 103, 104]",35,False,2.38978225428916e-05,2.4876105591254073e-09,7.965111644110824e-06,40.0
TP7,265,265,148,117,1589,0.5584905660377358,0.08520437535981577,0.14785214785214787,cao2018,S23/060711_1m,all_channel,mean,mean__all_channel__TP7,32,105,"[3, 8, 12, 13, 17, 18, 20, 21, 25, 29, 34, 38, 40, 42, 43, 44, 45, 46, 48, 52, 57, 59, 60, 63, 69, 73, 74, 82, 85, 86, 92, 93, 94, 103, 104]",35,False,1.6663327502843773e-05,3.5016565857732456e-09,5.553275282086e-06,40.0
CPZ,215,215,138,77,1599,0.641860465116279,0.07944732297063903,0.1413934426229508,cao2018,S23/060711_1m,all_channel,mean,mean__all_channel__CPZ,32,105,"[3, 8, 12, 13, 17, 18, 20, 21, 25, 29, 34, 38, 40, 42, 43, 44, 45, 46, 48, 52, 57, 59, 60, 63, 69, 73, 74, 82, 85, 86, 92, 93, 94, 103, 104]",35,False,2.4831753427508177e-05,1.3195331282044611e-09,8.276811298126658e-06,40.0
P3,205,205,125,80,1612,0.6097560975609756,0.07196315486470926,0.12873326467559215,cao2018,S23/060711_1m,all_channel,mean,mean__all_channel__P3,32,105,"[3, 8, 12, 13, 17, 18, 20, 21, 25, 29, 34, 38, 40, 42, 43, 44, 45, 46, 48, 52, 57, 59, 60, 63, 69, 73, 74, 82, 85, 86, 92, 93, 94, 103, 104]",35,False,2.1406163483013685e-05,2.874533960736525e-09,7.134429649684316e-06,40.0
P4,164,164,97,67,1640,0.5914634146341463,0.055843408175014396,0.10205155181483429,cao2018,S23/060711_1m,all_channel,mean,mean__all_channel__P4,32,105,"[3, 8, 12, 13, 17, 18, 20, 21, 25, 29, 34, 38, 40, 42, 43, 44, 45, 46, 48, 52, 57, 59, 60, 63, 69, 73, 74, 82, 85, 86, 92, 93, 94, 103, 104]",35,False,2.166993159067057e-05,1.4445761431587568e-09,7.222829004842471e-06,40.0
TP8,183,183,93,90,1644,0.5081967213114754,0.0535405872193437,0.09687499999999999,cao2018,S23/060711_1m,all_channel,mean,mean__all_channel__TP8,32,105,"[3, 8, 12, 13, 17, 18, 20, 21, 25, 29, 34, 38, 40, 42, 43, 44, 45, 46, 48, 52, 57, 59, 60, 63, 69, 73, 74, 82, 85, 86, 92, 93, 94, 103, 104]",35,False,1.7402423670879104e-05,1.9442614142277825e-09,5.8001598031549595e-06,40.0
T5,175,175,89,86,1648,0.5085714285714286,0.051237766263673,0.09309623430962341,cao2018,S23/060711_1m,all_channel,mean,mean__all_channel__T5,32,105,"[3, 8, 12, 13, 17, 18, 20, 21, 25, 29, 34, 38, 40, 42, 43, 44, 45, 46, 48, 52, 57, 59, 60, 63, 69, 73, 74, 82, 85, 86, 92, 93, 94, 103, 104]",35,False,1.5178441459791955e-05,4.940398836328081e-09,5.057833686985209e-06,40.0
PZ,127,127,66,61,1671,0.5196850393700787,0.037996545768566495,0.07081545064377683,cao2018,S23/060711_1m,all_channel,mean,mean__all_channel__PZ,32,105,"[3, 8, 12, 13, 17, 18, 20, 21, 25, 29, 34, 38, 40, 42, 43, 44, 45, 46, 48, 52, 57, 59, 60, 63, 69, 73, 74, 82, 85, 86, 92, 93, 94, 103, 104]",35,False,2.3235524319711214e-05,4.889377429703051e-10,7.745011793989414e-06,40.0
T6,95,95,42,53,1695,0.4421052631578947,0.024179620034542316,0.04585152838427948,cao2018,S23/060711_1m,all_channel,mean,mean__all_channel__T6,32,105,"[3, 8, 12, 13, 17, 18, 20, 21, 25, 29, 34, 38, 40, 42, 43, 44, 45, 46, 48, 52, 57, 59, 60, 63, 69, 73, 74, 82, 85, 86, 92, 93, 94, 103, 104]",35,False,1.7373761549034904e-05,7.967987168962634e-10,5.790988250106002e-06,40.0
A1,164,164,37,127,1700,0.22560975609756098,0.021301093839953943,0.0389268805891636,cao2018,S23/060711_1m,all_channel,mean,mean__all_channel__A1,32,105,"[3, 8, 12, 13, 17, 18, 20, 21, 25, 29, 34, 38, 40, 42, 43, 44, 45, 46, 48, 52, 57, 59, 60, 63, 69, 73, 74, 82, 85, 86, 92, 93, 94, 103, 104]",35,False,7.70480564102796e-06,2.840611963488153e-10,2.5681738599438704e-06,40.0
O1,81,81,29,52,1708,0.35802469135802467,0.01669545192861255,0.03190319031903191,cao2018,S23/060711_1m,all_channel,mean,mean__all_channel__O1,32,105,"[3, 8, 12, 13, 17, 18, 20, 21, 25, 29, 34, 38, 40, 42, 43, 44, 45, 46, 48, 52, 57, 59, 60, 63, 69, 73, 74, 82, 85, 86, 92, 93, 94, 103, 104]",35,False,1.5922017356512818e-05,5.302585072148956e-09,5.305571590480223e-06,40.0
A2,156,156,30,126,1707,0.19230769230769232,0.017271157167530225,0.03169572107765452,cao2018,S23/060711_1m,all_channel,mean,mean__all_channel__A2,32,105,"[3, 8, 12, 13, 17, 18, 20, 21, 25, 29, 34, 38, 40, 42, 43, 44, 45, 46, 48, 52, 57, 59, 60, 63, 69, 73, 74, 82, 85, 86, 92, 93, 94, 103, 104]",35,False,7.704248545160989e-06,-2.957571172189414e-10,2.5681814340927357e-06,40.0
OZ,75,75,20,55,1717,0.26666666666666666,0.011514104778353483,0.02207505518763797,cao2018,S23/060711_1m,all_channel,mean,mean__all_channel__OZ,32,105,"[3, 8, 12, 13, 17, 18, 20, 21, 25, 29, 34, 38, 40, 42, 43, 44, 45, 46, 48, 52, 57, 59, 60, 63, 69, 73, 74, 82, 85, 86, 92, 93, 94, 103, 104]",35,False,1.523623474686985e-05,5.588683215629371e-10,5.078558626182762e-06,40.0
O2,75,75,17,58,1720,0.22666666666666666,0.00978698906160046,0.018763796909492272,cao2018,S23/060711_1m,all_channel,mean,mean__all_channel__O2,32,105,"[3, 8, 12, 13, 17, 18, 20, 21, 25, 29, 34, 38, 40, 42, 43, 44, 45, 46, 48, 52, 57, 59, 60, 63, 69, 73, 74, 82, 85, 86, 92, 93, 94, 103, 104]",35,False,1.617898027805873e-05,-2.0932984115099905e-10,5.393063202633293e-06,40.0
FP1,2013,2013,1707,306,30,0.8479880774962743,0.9827288428324698,0.9104,cao2018,S23/060711_1m,frontal,median,median__frontal__FP1,4,105,"[3, 12, 13, 18, 42, 43, 44, 59, 60, 73]",10,False,6.315179154612225e-05,-4.15504500034884e-06,2.243561218215703e-05,40.0
FP2,1992,1992,1693,299,44,0.8498995983935743,0.9746689694876224,0.9080182354518638,cao2018,S23/060711_1m,frontal,median,median__frontal__FP2,4,105,"[3, 12, 13, 18, 42, 43, 44, 59, 60, 73]",10,False,6.372665288158601e-05,-4.136267811992966e-06,2.2620973564526326e-05,40.0
F3,1094,1094,902,192,835,0.8244972577696527,0.5192861255037421,0.6372306605439774,cao2018,S23/060711_1m,frontal,median,median__frontal__F3,4,105,"[3, 12, 13, 18, 42, 43, 44, 59, 60, 73]",10,False,5.021914660055554e-05,-2.1722741039161433e-06,1.7463806901490562e-05,40.0
F4,834,834,673,161,1064,0.8069544364508393,0.3874496257915947,0.5235316997277324,cao2018,S23/060711_1m,frontal,median,median__frontal__F4,4,105,"[3, 12, 13, 18, 42, 43, 44, 59, 60, 73]",10,False,4.977780854099003e-05,-7.670544217881507e-07,1.6848287654259392e-05,40.0
FP1,1978,1978,1695,283,42,0.8569261880687563,0.9758203799654577,0.9125168236877522,cao2018,S23/060711_1m,frontal,mean,mean__frontal__FP1,4,105,"[3, 12, 13, 18, 42, 43, 44, 59, 60, 73]",10,False,6.740023097137042e-05,9.339442489933204e-08,2.243561218215703e-05,40.0
FP2,1969,1969,1683,286,54,0.8547486033519553,0.9689119170984456,0.9082568807339451,cao2018,S23/060711_1m,frontal,mean,mean__frontal__FP2,4,105,"[3, 12, 13, 18, 42, 43, 44, 59, 60, 73]",10,False,6.799094371246176e-05,1.280230188827927e-07,2.2620973564526326e-05,40.0
F3,973,973,784,189,953,0.8057553956834532,0.45135290731145655,0.5785977859778598,cao2018,S23/060711_1m,frontal,mean,mean__frontal__F3,4,105,"[3, 12, 13, 18, 42, 43, 44, 59, 60, 73]",10,False,5.2431154012858985e-05,3.973330838729393e-08,1.7463806901490562e-05,40.0
F4,785,785,633,152,1104,0.8063694267515924,0.3644214162348877,0.5019825535289453,cao2018,S23/060711_1m,frontal,mean,mean__frontal__F4,4,105,"[3, 12, 13, 18, 42, 43, 44, 59, 60, 73]",10,False,5.076059702641805e-05,2.1573406363987675e-07,1.6848287654259392e-05,40.0
FP1,1952,1952,1683,269,54,0.8621926229508197,0.9689119170984456,0.9124423963133641,cao2018,S23/060711_1m,frontal_left,median,median__frontal_left__FP1,2,105,"[3, 12, 18, 42, 44, 59, 60, 73]",8,False,7.09051864227362e-05,-4.23075990419296e-06,2.5045315442309722e-05,40.0
F3,694,694,541,153,1196,0.7795389048991355,0.31145653425446174,0.44508432743726867,cao2018,S23/060711_1m,frontal_left,median,median__frontal_left__F3,2,105,"[3, 12, 18, 42, 44, 59, 60, 73]",8,False,5.7774727334253256e-05,-2.1524115763305855e-06,1.9975712970194613e-05,40.0
FP1,1921,1921,1672,249,65,0.8703800104112441,0.9625791594703512,0.9141607435757244,cao2018,S23/060711_1m,frontal_left,mean,mean__frontal_left__FP1,2,105,"[3, 12, 18, 42, 44, 59, 60, 73]",8,False,7.544934736509223e-05,3.134010381630699e-07,2.5045315442309722e-05,40.0
F3,609,609,469,140,1268,0.7701149425287356,0.27000575705238916,0.3998294970161978,cao2018,S23/060711_1m,frontal_left,mean,mean__frontal_left__F3,2,105,"[3, 12, 18, 42, 44, 59, 60, 73]",8,False,6.011446034874862e-05,1.8732143816477879e-07,1.9975712970194613e-05,40.0
FP2,1992,1992,1693,299,44,0.8498995983935743,0.9746689694876224,0.9080182354518638,cao2018,S23/060711_1m,frontal_right,median,median__frontal_right__FP2,2,105,"[3, 12, 13, 18, 42, 43, 44, 59, 60, 73]",10,False,6.372665288158601e-05,-4.136267811992966e-06,2.2620973564526326e-05,40.0
F4,834,834,673,161,1064,0.8069544364508393,0.3874496257915947,0.5235316997277324,cao2018,S23/060711_1m,frontal_right,median,median__frontal_right__F4,2,105,"[3, 12, 13, 18, 42, 43, 44, 59, 60, 73]",10,False,4.977780854099003e-05,-7.670544217881507e-07,1.6848287654259392e-05,40.0
FP2,1969,1969,1683,286,54,0.8547486033519553,0.9689119170984456,0.9082568807339451,cao2018,S23/060711_1m,frontal_right,mean,mean__frontal_right__FP2,2,105,"[3, 12, 13, 18, 42, 43, 44, 59, 60, 73]",10,False,6.799094371246176e-05,1.280230188827927e-07,2.2620973564526326e-05,40.0
F4,785,785,633,152,1104,0.8063694267515924,0.3644214162348877,0.5019825535289453,cao2018,S23/060711_1m,frontal_right,mean,mean__frontal_right__F4,2,105,"[3, 12, 13, 18, 42, 43, 44, 59, 60, 73]",10,False,5.076059702641805e-05,2.1573406363987675e-07,1.6848287654259392e-05,40.0
FP2,2002,2002,1699,303,38,0.8486513486513486,0.9781232009211284,0.9087991441561915,cao2018,S23/060711_1m,all_channel,median,median__all_channel__FP2,32,84,"[0, 2, 3, 7, 9, 10, 14, 15, 17, 20, 23, 27, 30, 32, 33, 34, 35, 36, 39, 41, 45, 47, 48, 50, 55, 58, 59, 68, 75, 76, 79, 83]",32,False,5.955783713383846e-05,-5.781905271604174e-06,2.1779914135147542e-05,50.0
FP1,2050,2050,1714,336,23,0.8360975609756097,0.9867587795048935,0.9052020068655929,cao2018,S23/060711_1m,all_channel,median,median__all_channel__FP1,32,84,"[0, 2, 3, 7, 9, 10, 14, 15, 17, 20, 23, 27, 30, 32, 33, 34, 35, 36, 39, 41, 45, 47, 48, 50, 55, 58, 59, 68, 75, 76, 79, 83]",32,False,5.784571953430765e-05,-5.6342125595927745e-06,2.1159977364633475e-05,50.0
F7,1876,1876,1560,316,177,0.8315565031982942,0.8981001727115717,0.8635482978134513,cao2018,S23/060711_1m,all_channel,median,median__all_channel__F7,32,84,"[0, 2, 3, 7, 9, 10, 14, 15, 17, 20, 23, 27, 30, 32, 33, 34, 35, 36, 39, 41, 45, 47, 48, 50, 55, 58, 59, 68, 75, 76, 79, 83]",32,False,3.3312446459013675e-05,-2.2138885160255088e-06,1.1842111658346395e-05,50.0
FZ,1811,1811,1505,306,232,0.8310325786858089,0.8664363845710996,0.8483652762119503,cao2018,S23/060711_1m,all_channel,median,median__all_channel__FZ,32,84,"[0, 2, 3, 7, 9, 10, 14, 15, 17, 20, 23, 27, 30, 32, 33, 34, 35, 36, 39, 41, 45, 47, 48, 50, 55, 58, 59, 68, 75, 76, 79, 83]",32,False,3.4223529810878106e-05,-2.3196342739500947e-06,1.2181054694942734e-05,50.0
F8,1760,1760,1473,287,264,0.8369318181818182,0.8480138169257341,0.842436374034887,cao2018,S23/060711_1m,all_channel,median,median__all_channel__F8,32,84,"[0, 2, 3, 7, 9, 10, 14, 15, 17, 20, 23, 27, 30, 32, 33, 34, 35, 36, 39, 41, 45, 47, 48, 50, 55, 58, 59, 68, 75, 76, 79, 83]",32,False,3.022599218632519e-05,-1.9616351221568118e-06,1.0729209102827335e-05,50.0
F3,1761,1761,1452,309,285,0.8245315161839863,0.8359240069084629,0.8301886792452832,cao2018,S23/060711_1m,all_channel,median,median__all_channel__F3,32,84,"[0, 2, 3, 7, 9, 10, 14, 15, 17, 20, 23, 27, 30, 32, 33, 34, 35, 36, 39, 41, 45, 47, 48, 50, 55, 58, 59, 68, 75, 76, 79, 83]",32,False,3.752732988819547e-05,-2.42671306304721e-06,1.3318014317080894e-05,50.0
F4,1587,1587,1297,290,440,0.8172652804032766,0.7466896948762234,0.7803850782190133,cao2018,S23/060711_1m,all_channel,median,median__all_channel__F4,32,84,"[0, 2, 3, 7, 9, 10, 14, 15, 17, 20, 23, 27, 30, 32, 33, 34, 35, 36, 39, 41, 45, 47, 48, 50, 55, 58, 59, 68, 75, 76, 79, 83]",32,False,3.736091480697212e-05,-2.055891034556928e-06,1.3138935280509682e-05,50.0
FC3,1305,1305,1043,262,694,0.7992337164750958,0.6004605641911341,0.6857330703484549,cao2018,S23/060711_1m,all_channel,median,median__all_channel__FC3,32,84,"[0, 2, 3, 7, 9, 10, 14, 15, 17, 20, 23, 27, 30, 32, 33, 34, 35, 36, 39, 41, 45, 47, 48, 50, 55, 58, 59, 68, 75, 76, 79, 83]",32,False,2.842836308284602e-05,-1.4358143960807921e-06,9.954725826308936e-06,50.0
FT7,1254,1254,974,280,763,0.7767145135566188,0.5607369027058147,0.6512871949180876,cao2018,S23/060711_1m,all_channel,median,median__all_channel__FT7,32,84,"[0, 2, 3, 7, 9, 10, 14, 15, 17, 20, 23, 27, 30, 32, 33, 34, 35, 36, 39, 41, 45, 47, 48, 50, 55, 58, 59, 68, 75, 76, 79, 83]",32,False,2.4298815144724025e-05,-1.0618292371309757e-06,8.453548127285e-06,50.0
FCZ,1138,1138,897,241,840,0.7882249560632689,0.5164075993091537,0.624,cao2018,S23/060711_1m,all_channel,median,median__all_channel__FCZ,32,84,"[0, 2, 3, 7, 9, 10, 14, 15, 17, 20, 23, 27, 30, 32, 33, 34, 35, 36, 39, 41, 45, 47, 48, 50, 55, 58, 59, 68, 75, 76, 79, 83]",32,False,3.083024227271717e-05,-1.4439524692594702e-06,1.0758064913992212e-05,50.0
FC4,1049,1049,830,219,907,0.7912297426120114,0.47783534830166957,0.5958363244795406,cao2018,S23/060711_1m,all_channel,median,median__all_channel__FC4,32,84,"[0, 2, 3, 7, 9, 10, 14, 15, 17, 20, 23, 27, 30, 32, 33, 34, 35, 36, 39, 41, 45, 47, 48, 50, 55, 58, 59, 68, 75, 76, 79, 83]",32,False,2.920468790672984e-05,-1.3159616918227886e-06,1.017354986618421e-05,50.0
FT8,983,983,745,238,992,0.757884028484232,0.4289004029936672,0.5477941176470588,cao2018,S23/060711_1m,all_channel,median,median__all_channel__FT8,32,84,"[0, 2, 3, 7, 9, 10, 14, 15, 17, 20, 23, 27, 30, 32, 33, 34, 35, 36, 39, 41, 45, 47, 48, 50, 55, 58, 59, 68, 75, 76, 79, 83]",32,False,2.195088443204115e-05,-9.011663201040678e-07,7.617350250715073e-06,50.0
C3,712,712,519,193,1218,0.7289325842696629,0.2987910189982729,0.4238464679461004,cao2018,S23/060711_1m,all_channel,median,median__all_channel__C3,32,84,"[0, 2, 3, 7, 9, 10, 14, 15, 17, 20, 23, 27, 30, 32, 33, 34, 35, 36, 39, 41, 45, 47, 48, 50, 55, 58, 59, 68, 75, 76, 79, 83]",32,False,2.4486617128291136e-05,-9.33624325299916e-07,8.473413817863684e-06,50.0
CZ,544,544,385,159,1352,0.7077205882352942,0.22164651698330454,0.3375712406839106,cao2018,S23/060711_1m,all_channel,median,median__all_channel__CZ,32,84,"[0, 2, 3, 7, 9, 10, 14, 15, 17, 20, 23, 27, 30, 32, 33, 34, 35, 36, 39, 41, 45, 47, 48, 50, 55, 58, 59, 68, 75, 76, 79, 83]",32,False,2.768584644708227e-05,-9.204547145874518e-07,9.535433720556575e-06,50.0
C4,501,501,360,141,1377,0.718562874251497,0.20725388601036268,0.32171581769436997,cao2018,S23/060711_1m,all_channel,median,median__all_channel__C4,32,84,"[0, 2, 3, 7, 9, 10, 14, 15, 17, 20, 23, 27, 30, 32, 33, 34, 35, 36, 39, 41, 45, 47, 48, 50, 55, 58, 59, 68, 75, 76, 79, 83]",32,False,2.5857631554506127e-05,-8.38494414304961e-07,8.898708656270364e-06,50.0
T3,543,543,354,189,1383,0.6519337016574586,0.20379965457685664,0.31052631578947365,cao2018,S23/060711_1m,all_channel,median,median__all_channel__T3,32,84,"[0, 2, 3, 7, 9, 10, 14, 15, 17, 20, 23, 27, 30, 32, 33, 34, 35, 36, 39, 41, 45, 47, 48, 50, 55, 58, 59, 68, 75, 76, 79, 83]",32,False,1.8590190875551276e-05,-4.6276892954586497e-07,6.350986601699047e-06,50.0
T4,428,428,272,156,1465,0.6355140186915887,0.15659182498560736,0.251270207852194,cao2018,S23/060711_1m,all_channel,median,median__all_channel__T4,32,84,"[0, 2, 3, 7, 9, 10, 14, 15, 17, 20, 23, 27, 30, 32, 33, 34, 35, 36, 39, 41, 45, 47, 48, 50, 55, 58, 59, 68, 75, 76, 79, 83]",32,False,1.8515802559949e-05,-4.669515245283007e-07,6.327584694825767e-06,50.0
CP3,345,345,233,112,1504,0.6753623188405797,0.13413932066781808,0.22382324687800195,cao2018,S23/060711_1m,all_channel,median,median__all_channel__CP3,32,84,"[0, 2, 3, 7, 9, 10, 14, 15, 17, 20, 23, 27, 30, 32, 33, 34, 35, 36, 39, 41, 45, 47, 48, 50, 55, 58, 59, 68, 75, 76, 79, 83]",32,False,2.2538756341947873e-05,-6.04603707820696e-07,7.714453349922856e-06,50.0
CP4,271,271,173,98,1564,0.6383763837638377,0.09959700633275763,0.17231075697211157,cao2018,S23/060711_1m,all_channel,median,median__all_channel__CP4,32,84,"[0, 2, 3, 7, 9, 10, 14, 15, 17, 20, 23, 27, 30, 32, 33, 34, 35, 36, 39, 41, 45, 47, 48, 50, 55, 58, 59, 68, 75, 76, 79, 83]",32,False,2.32361709802617e-05,-5.75903441276685e-07,7.937358140512794e-06,50.0
TP7,302,302,169,133,1568,0.5596026490066225,0.09729418537708694,0.165767533104463,cao2018,S23/060711_1m,all_channel,median,median__all_channel__TP7,32,84,"[0, 2, 3, 7, 9, 10, 14, 15, 17, 20, 23, 27, 30, 32, 33, 34, 35, 36, 39, 41, 45, 47, 48, 50, 55, 58, 59, 68, 75, 76, 79, 83]",32,False,1.6094443602402057e-05,-3.0819947530955065e-07,5.467547692570536e-06,50.0
CPZ,247,247,157,90,1580,0.6356275303643725,0.09038572251007485,0.1582661290322581,cao2018,S23/060711_1m,all_channel,median,median__all_channel__CPZ,32,84,"[0, 2, 3, 7, 9, 10, 14, 15, 17, 20, 23, 27, 30, 32, 33, 34, 35, 36, 39, 41, 45, 47, 48, 50, 55, 58, 59, 68, 75, 76, 79, 83]",32,False,2.4320471014361118e-05,-5.602724502770295e-07,8.293581154879383e-06,50.0
P3,234,234,145,89,1592,0.6196581196581197,0.08347725964306275,0.14713343480466767,cao2018,S23/060711_1m,all_channel,median,median__all_channel__P3,32,84,"[0, 2, 3, 7, 9, 10, 14, 15, 17, 20, 23, 27, 30, 32, 33, 34, 35, 36, 39, 41, 45, 47, 48, 50, 55, 58, 59, 68, 75, 76, 79, 83]",32,False,2.088560374144976e-05,-4.458338784666107e-07,7.11047920663879e-06,50.0
TP8,216,216,113,103,1624,0.5231481481481481,0.06505469199769717,0.11571940604198667,cao2018,S23/060711_1m,all_channel,median,median__all_channel__TP8,32,84,"[0, 2, 3, 7, 9, 10, 14, 15, 17, 20, 23, 27, 30, 32, 33, 34, 35, 36, 39, 41, 45, 47, 48, 50, 55, 58, 59, 68, 75, 76, 79, 83]",32,False,1.687187574468157e-05,-2.669556237246364e-07,5.712943789468736e-06,50.0
P4,187,187,108,79,1629,0.5775401069518716,0.06217616580310881,0.11226611226611226,cao2018,S23/060711_1m,all_channel,median,median__all_channel__P4,32,84,"[0, 2, 3, 7, 9, 10, 14, 15, 17, 20, 23, 27, 30, 32, 33, 34, 35, 36, 39, 41, 45, 47, 48, 50, 55, 58, 59, 68, 75, 76, 79, 83]",32,False,2.124019575824343e-05,-3.991370020311853e-07,7.213110920091538e-06,50.0
T5,198,198,105,93,1632,0.5303030303030303,0.06044905008635579,0.10852713178294573,cao2018,S23/060711_1m,all_channel,median,median__all_channel__T5,32,84,"[0, 2, 3, 7, 9, 10, 14, 15, 17, 20, 23, 27, 30, 32, 33, 34, 35, 36, 39, 41, 45, 47, 48, 50, 55, 58, 59, 68, 75, 76, 79, 83]",32,False,1.4757961874281272e-05,-2.2675857280624768e-07,4.99490681569584e-06,50.0
PZ,134,134,73,61,1664,0.5447761194029851,0.042026482440990214,0.0780331373597007,cao2018,S23/060711_1m,all_channel,median,median__all_channel__PZ,32,84,"[0, 2, 3, 7, 9, 10, 14, 15, 17, 20, 23, 27, 30, 32, 33, 34, 35, 36, 39, 41, 45, 47, 48, 50, 55, 58, 59, 68, 75, 76, 79, 83]",32,False,2.285771314774813e-05,-3.5928061975787505e-07,7.738997922502e-06,50.0
T6,98,98,43,55,1694,0.4387755102040816,0.02475532527345999,0.04686648501362398,cao2018,S23/060711_1m,all_channel,median,median__all_channel__T6,32,84,"[0, 2, 3, 7, 9, 10, 14, 15, 17, 20, 23, 27, 30, 32, 33, 34, 35, 36, 39, 41, 45, 47, 48, 50, 55, 58, 59, 68, 75, 76, 79, 83]",32,False,1.7071178582607188e-05,-1.6293515014611756e-07,5.744704577584435e-06,50.0
A1,182,182,40,142,1697,0.21978021978021978,0.023028209556706966,0.041688379364252216,cao2018,S23/060711_1m,all_channel,median,median__all_channel__A1,32,84,"[0, 2, 3, 7, 9, 10, 14, 15, 17, 20, 23, 27, 30, 32, 33, 34, 35, 36, 39, 41, 45, 47, 48, 50, 55, 58, 59, 68, 75, 76, 79, 83]",32,False,7.487260330607248e-06,6.054809626408066e-09,2.4937351736602803e-06,50.0
A2,166,166,30,136,1707,0.18072289156626506,0.017271157167530225,0.03152916447714135,cao2018,S23/060711_1m,all_channel,median,median__all_channel__A2,32,84,"[0, 2, 3, 7, 9, 10, 14, 15, 17, 20, 23, 27, 30, 32, 33, 34, 35, 36, 39, 41, 45, 47, 48, 50, 55, 58, 59, 68, 75, 76, 79, 83]",32,False,7.474503424609437e-06,-6.443939645551149e-09,2.493649121418329e-06,50.0
O1,82,82,28,54,1709,0.34146341463414637,0.016119746689694875,0.030786146234194605,cao2018,S23/060711_1m,all_channel,median,median__all_channel__O1,32,84,"[0, 2, 3, 7, 9, 10, 14, 15, 17, 20, 23, 27, 30, 32, 33, 34, 35, 36, 39, 41, 45, 47, 48, 50, 55, 58, 59, 68, 75, 76, 79, 83]",32,False,1.5813012827021874e-05,-9.544244422838554e-08,5.3028184237500865e-06,50.0
OZ,78,78,22,56,1715,0.28205128205128205,0.012665515256188831,0.024242424242424242,cao2018,S23/060711_1m,all_channel,median,median__all_channel__OZ,32,84,"[0, 2, 3, 7, 9, 10, 14, 15, 17, 20, 23, 27, 30, 32, 33, 34, 35, 36, 39, 41, 45, 47, 48, 50, 55, 58, 59, 68, 75, 76, 79, 83]",32,False,1.5096436281184102e-05,-9.163920559657181e-08,5.062691828926891e-06,50.0
O2,73,73,16,57,1721,0.2191780821917808,0.009211283822682787,0.017679558011049725,cao2018,S23/060711_1m,all_channel,median,median__all_channel__O2,32,84,"[0, 2, 3, 7, 9, 10, 14, 15, 17, 20, 23, 27, 30, 32, 33, 34, 35, 36, 39, 41, 45, 47, 48, 50, 55, 58, 59, 68, 75, 76, 79, 83]",32,False,1.609159792868507e-05,-8.65219001371551e-08,5.392706609607407e-06,50.0
FP1,2008,2008,1705,303,32,0.8491035856573705,0.9815774323546345,0.910547396528705,cao2018,S23/060711_1m,all_channel,mean,mean__all_channel__FP1,32,84,"[0, 2, 3, 7, 9, 10, 14, 15, 17, 20, 23, 27, 30, 32, 33, 34, 35, 36, 39, 41, 45, 47, 48, 50, 55, 58, 59, 68, 75, 76, 79, 83]",32,False,6.35220206405301e-05,4.20885466296687e-08,2.1159977364633475e-05,50.0
FP2,1977,1977,1688,289,49,0.8538189175518462,0.971790443293034,0.908992999461497,cao2018,S23/060711_1m,all_channel,mean,mean__all_channel__FP2,32,84,"[0, 2, 3, 7, 9, 10, 14, 15, 17, 20, 23, 27, 30, 32, 33, 34, 35, 36, 39, 41, 45, 47, 48, 50, 55, 58, 59, 68, 75, 76, 79, 83]",32,False,6.533169035536284e-05,-8.052050079789436e-09,2.1779914135147542e-05,50.0
F7,1809,1809,1511,298,226,0.8352681039248203,0.8698906160046056,0.8522278623801467,cao2018,S23/060711_1m,all_channel,mean,mean__all_channel__F7,32,84,"[0, 2, 3, 7, 9, 10, 14, 15, 17, 20, 23, 27, 30, 32, 33, 34, 35, 36, 39, 41, 45, 47, 48, 50, 55, 58, 59, 68, 75, 76, 79, 83]",32,False,3.551262946808093e-05,-1.3705506958252238e-08,1.1842111658346395e-05,50.0
FZ,1703,1703,1437,266,300,0.8438050499119202,0.8272884283246977,0.8354651162790698,cao2018,S23/060711_1m,all_channel,mean,mean__all_channel__FZ,32,84,"[0, 2, 3, 7, 9, 10, 14, 15, 17, 20, 23, 27, 30, 32, 33, 34, 35, 36, 39, 41, 45, 47, 48, 50, 55, 58, 59, 68, 75, 76, 79, 83]",32,False,3.653536850546914e-05,-7.795579359061783e-09,1.2181054694942734e-05,50.0
F8,1649,1649,1401,248,336,0.8496058217101273,0.8065630397236615,0.8275251033668044,cao2018,S23/060711_1m,all_channel,mean,mean__all_channel__F8,32,84,"[0, 2, 3, 7, 9, 10, 14, 15, 17, 20, 23, 27, 30, 32, 33, 34, 35, 36, 39, 41, 45, 47, 48, 50, 55, 58, 59, 68, 75, 76, 79, 83]",32,False,3.218202864017033e-05,-5.598668311670775e-09,1.0729209102827335e-05,50.0
F3,1680,1680,1383,297,354,0.8232142857142857,0.7962003454231433,0.8094820017559263,cao2018,S23/060711_1m,all_channel,mean,mean__all_channel__F3,32,84,"[0, 2, 3, 7, 9, 10, 14, 15, 17, 20, 23, 27, 30, 32, 33, 34, 35, 36, 39, 41, 45, 47, 48, 50, 55, 58, 59, 68, 75, 76, 79, 83]",32,False,3.994005003678022e-05,-1.3992914462459117e-08,1.3318014317080894e-05,50.0
F4,1459,1459,1201,258,536,0.8231665524331734,0.6914219919401267,0.7515644555694618,cao2018,S23/060711_1m,all_channel,mean,mean__all_channel__F4,32,84,"[0, 2, 3, 7, 9, 10, 14, 15, 17, 20, 23, 27, 30, 32, 33, 34, 35, 36, 39, 41, 45, 47, 48, 50, 55, 58, 59, 68, 75, 76, 79, 83]",32,False,3.9390900270750445e-05,-2.590557077860394e-08,1.3138935280509682e-05,50.0
FC3,1176,1176,949,227,788,0.8069727891156463,0.5463442717328728,0.6515619636113972,cao2018,S23/060711_1m,all_channel,mean,mean__all_channel__FC3,32,84,"[0, 2, 3, 7, 9, 10, 14, 15, 17, 20, 23, 27, 30, 32, 33, 34, 35, 36, 39, 41, 45, 47, 48, 50, 55, 58, 59, 68, 75, 76, 79, 83]",32,False,2.9854330746400377e-05,-9.846732526432682e-09,9.954725826308936e-06,50.0
FT7,1132,1132,878,254,859,0.7756183745583038,0.5054691997697179,0.6120599512025096,cao2018,S23/060711_1m,all_channel,mean,mean__all_channel__FT7,32,84,"[0, 2, 3, 7, 9, 10, 14, 15, 17, 20, 23, 27, 30, 32, 33, 34, 35, 36, 39, 41, 45, 47, 48, 50, 55, 58, 59, 68, 75, 76, 79, 83]",32,False,2.5349401173089995e-05,-1.1243208765008727e-08,8.453548127285e-06,50.0
FCZ,1029,1029,803,226,934,0.7803692905733722,0.46229130685089237,0.5806218365871294,cao2018,S23/060711_1m,all_channel,mean,mean__all_channel__FCZ,32,84,"[0, 2, 3, 7, 9, 10, 14, 15, 17, 20, 23, 27, 30, 32, 33, 34, 35, 36, 39, 41, 45, 47, 48, 50, 55, 58, 59, 68, 75, 76, 79, 83]",32,False,3.226510785862038e-05,-9.086883356258628e-09,1.0758064913992212e-05,50.0
FC4,939,939,748,191,989,0.7965921192758253,0.43062751871042027,0.5590433482810165,cao2018,S23/060711_1m,all_channel,mean,mean__all_channel__FC4,32,84,"[0, 2, 3, 7, 9, 10, 14, 15, 17, 20, 23, 27, 30, 32, 33, 34, 35, 36, 39, 41, 45, 47, 48, 50, 55, 58, 59, 68, 75, 76, 79, 83]",32,False,3.0513013916947765e-05,-7.635681604862647e-09,1.017354986618421e-05,50.0
FT8,867,867,670,197,1067,0.7727797001153403,0.3857225100748417,0.5145929339477727,cao2018,S23/060711_1m,all_channel,mean,mean__all_channel__FT8,32,84,"[0, 2, 3, 7, 9, 10, 14, 15, 17, 20, 23, 27, 30, 32, 33, 34, 35, 36, 39, 41, 45, 47, 48, 50, 55, 58, 59, 68, 75, 76, 79, 83]",32,False,2.2845709373069948e-05,-6.341379075270593e-09,7.617350250715073e-06,50.0
C3,627,627,458,169,1279,0.7304625199362041,0.2636729994242948,0.38747884940778343,cao2018,S23/060711_1m,all_channel,mean,mean__all_channel__C3,32,84,"[0, 2, 3, 7, 9, 10, 14, 15, 17, 20, 23, 27, 30, 32, 33, 34, 35, 36, 39, 41, 45, 47, 48, 50, 55, 58, 59, 68, 75, 76, 79, 83]",32,False,2.5412995410364517e-05,-7.246043226535868e-09,8.473413817863684e-06,50.0
CZ,464,464,328,136,1409,0.7068965517241379,0.1888313183649971,0.2980463425715584,cao2018,S23/060711_1m,all_channel,mean,mean__all_channel__CZ,32,84,"[0, 2, 3, 7, 9, 10, 14, 15, 17, 20, 23, 27, 30, 32, 33, 34, 35, 36, 39, 41, 45, 47, 48, 50, 55, 58, 59, 68, 75, 76, 79, 83]",32,False,2.859785380511176e-05,-8.44735655796439e-09,9.535433720556575e-06,50.0
C4,445,445,320,125,1417,0.7191011235955056,0.18422567645365573,0.2933088909257562,cao2018,S23/060711_1m,all_channel,mean,mean__all_channel__C4,32,84,"[0, 2, 3, 7, 9, 10, 14, 15, 17, 20, 23, 27, 30, 32, 33, 34, 35, 36, 39, 41, 45, 47, 48, 50, 55, 58, 59, 68, 75, 76, 79, 83]",32,False,2.6690153128446016e-05,-5.9728403650717034e-09,8.898708656270364e-06,50.0
T3,483,483,319,164,1418,0.660455486542443,0.18364997121473806,0.2873873873873874,cao2018,S23/060711_1m,all_channel,mean,mean__all_channel__T3,32,84,"[0, 2, 3, 7, 9, 10, 14, 15, 17, 20, 23, 27, 30, 32, 33, 34, 35, 36, 39, 41, 45, 47, 48, 50, 55, 58, 59, 68, 75, 76, 79, 83]",32,False,1.9048117024679692e-05,-4.842780417449395e-09,6.350986601699047e-06,50.0
T4,390,390,245,145,1492,0.6282051282051282,0.14104778353483016,0.230371415138693,cao2018,S23/060711_1m,all_channel,mean,mean__all_channel__T4,32,84,"[0, 2, 3, 7, 9, 10, 14, 15, 17, 20, 23, 27, 30, 32, 33, 34, 35, 36, 39, 41, 45, 47, 48, 50, 55, 58, 59, 68, 75, 76, 79, 83]",32,False,1.897295405064586e-05,-9.800033831443752e-09,6.327584694825767e-06,50.0
CP3,301,301,200,101,1537,0.6644518272425249,0.11514104778353483,0.19627085377821393,cao2018,S23/060711_1m,all_channel,mean,mean__all_channel__CP3,32,84,"[0, 2, 3, 7, 9, 10, 14, 15, 17, 20, 23, 27, 30, 32, 33, 34, 35, 36, 39, 41, 45, 47, 48, 50, 55, 58, 59, 68, 75, 76, 79, 83]",32,False,2.3137773340992713e-05,-5.5867087758558615e-09,7.714453349922856e-06,50.0
TP7,283,283,157,126,1580,0.5547703180212014,0.09038572251007485,0.15544554455445547,cao2018,S23/060711_1m,all_channel,mean,mean__all_channel__TP7,32,84,"[0, 2, 3, 7, 9, 10, 14, 15, 17, 20, 23, 27, 30, 32, 33, 34, 35, 36, 39, 41, 45, 47, 48, 50, 55, 58, 59, 68, 75, 76, 79, 83]",32,False,1.639976252119111e-05,-2.880556520499341e-09,5.467547692570536e-06,50.0
CP4,243,243,151,92,1586,0.6213991769547325,0.08693149107656879,0.1525252525252525,cao2018,S23/060711_1m,all_channel,mean,mean__all_channel__CP4,32,84,"[0, 2, 3, 7, 9, 10, 14, 15, 17, 20, 23, 27, 30, 32, 33, 34, 35, 36, 39, 41, 45, 47, 48, 50, 55, 58, 59, 68, 75, 76, 79, 83]",32,False,2.3805452860218174e-05,-6.6215613202118154e-09,7.937358140512794e-06,50.0
CPZ,215,215,138,77,1599,0.641860465116279,0.07944732297063903,0.1413934426229508,cao2018,S23/060711_1m,all_channel,mean,mean__all_channel__CPZ,32,84,"[0, 2, 3, 7, 9, 10, 14, 15, 17, 20, 23, 27, 30, 32, 33, 34, 35, 36, 39, 41, 45, 47, 48, 50, 55, 58, 59, 68, 75, 76, 79, 83]",32,False,2.487362512020439e-05,-7.118344433756129e-09,8.293581154879383e-06,50.0
P3,207,207,129,78,1608,0.6231884057971014,0.07426597582037997,0.13271604938271606,cao2018,S23/060711_1m,all_channel,mean,mean__all_channel__P3,32,84,"[0, 2, 3, 7, 9, 10, 14, 15, 17, 20, 23, 27, 30, 32, 33, 34, 35, 36, 39, 41, 45, 47, 48, 50, 55, 58, 59, 68, 75, 76, 79, 83]",32,False,2.132532649954674e-05,-6.111120369629039e-09,7.11047920663879e-06,50.0
TP8,202,202,102,100,1635,0.504950495049505,0.05872193436960276,0.10520887055183084,cao2018,S23/060711_1m,all_channel,mean,mean__all_channel__TP8,32,84,"[0, 2, 3, 7, 9, 10, 14, 15, 17, 20, 23, 27, 30, 32, 33, 34, 35, 36, 39, 41, 45, 47, 48, 50, 55, 58, 59, 68, 75, 76, 79, 83]",32,False,1.713153553135588e-05,-7.2958370503261265e-09,5.712943789468736e-06,50.0
P4,164,164,97,67,1640,0.5914634146341463,0.055843408175014396,0.10205155181483429,cao2018,S23/060711_1m,all_channel,mean,mean__all_channel__P4,32,84,"[0, 2, 3, 7, 9, 10, 14, 15, 17, 20, 23, 27, 30, 32, 33, 34, 35, 36, 39, 41, 45, 47, 48, 50, 55, 58, 59, 68, 75, 76, 79, 83]",32,False,2.1633526335290636e-05,-5.806424983977014e-09,7.213110920091538e-06,50.0
T5,187,187,97,90,1640,0.5187165775401069,0.055843408175014396,0.10083160083160084,cao2018,S23/060711_1m,all_channel,mean,mean__all_channel__T5,32,84,"[0, 2, 3, 7, 9, 10, 14, 15, 17, 20, 23, 27, 30, 32, 33, 34, 35, 36, 39, 41, 45, 47, 48, 50, 55, 58, 59, 68, 75, 76, 79, 83]",32,False,1.4981972565159158e-05,-2.747881928363355e-09,4.99490681569584e-06,50.0
PZ,126,126,67,59,1670,0.5317460317460317,0.03857225100748417,0.07192699946323135,cao2018,S23/060711_1m,all_channel,mean,mean__all_channel__PZ,32,84,"[0, 2, 3, 7, 9, 10, 14, 15, 17, 20, 23, 27, 30, 32, 33, 34, 35, 36, 39, 41, 45, 47, 48, 50, 55, 58, 59, 68, 75, 76, 79, 83]",32,False,2.320808992943012e-05,-8.903838075883716e-09,7.738997922502e-06,50.0
T6,96,96,43,53,1694,0.4479166666666667,0.02475532527345999,0.046917621385706494,cao2018,S23/060711_1m,all_channel,mean,mean__all_channel__T6,32,84,"[0, 2, 3, 7, 9, 10, 14, 15, 17, 20, 23, 27, 30, 32, 33, 34, 35, 36, 39, 41, 45, 47, 48, 50, 55, 58, 59, 68, 75, 76, 79, 83]",32,False,1.7230722862114987e-05,-3.3908706383177957e-09,5.744704577584435e-06,50.0
A1,182,182,40,142,1697,0.21978021978021978,0.023028209556706966,0.041688379364252216,cao2018,S23/060711_1m,all_channel,mean,mean__all_channel__A1,32,84,"[0, 2, 3, 7, 9, 10, 14, 15, 17, 20, 23, 27, 30, 32, 33, 34, 35, 36, 39, 41, 45, 47, 48, 50, 55, 58, 59, 68, 75, 76, 79, 83]",32,False,7.479928650053494e-06,-1.2768709273468787e-09,2.4937351736602803e-06,50.0
A2,166,166,30,136,1707,0.18072289156626506,0.017271157167530225,0.03152916447714135,cao2018,S23/060711_1m,all_channel,mean,mean__all_channel__A2,32,84,"[0, 2, 3, 7, 9, 10, 14, 15, 17, 20, 23, 27, 30, 32, 33, 34, 35, 36, 39, 41, 45, 47, 48, 50, 55, 58, 59, 68, 75, 76, 79, 83]",32,False,7.482230980928773e-06,1.283616673785195e-09,2.493649121418329e-06,50.0
O1,80,80,28,52,1709,0.35,0.016119746689694875,0.03082003302146395,cao2018,S23/060711_1m,all_channel,mean,mean__all_channel__O1,32,84,"[0, 2, 3, 7, 9, 10, 14, 15, 17, 20, 23, 27, 30, 32, 33, 34, 35, 36, 39, 41, 45, 47, 48, 50, 55, 58, 59, 68, 75, 76, 79, 83]",32,False,1.590702722299098e-05,-1.428048259277423e-09,5.3028184237500865e-06,50.0
OZ,76,76,21,55,1716,0.27631578947368424,0.012089810017271158,0.02316602316602317,cao2018,S23/060711_1m,all_channel,mean,mean__all_channel__OZ,32,84,"[0, 2, 3, 7, 9, 10, 14, 15, 17, 20, 23, 27, 30, 32, 33, 34, 35, 36, 39, 41, 45, 47, 48, 50, 55, 58, 59, 68, 75, 76, 79, 83]",32,False,1.518488919507933e-05,-3.1862917013415268e-09,5.062691828926891e-06,50.0
O2,74,74,16,58,1721,0.21621621621621623,0.009211283822682787,0.0176697956929873,cao2018,S23/060711_1m,all_channel,mean,mean__all_channel__O2,32,84,"[0, 2, 3, 7, 9, 10, 14, 15, 17, 20, 23, 27, 30, 32, 33, 34, 35, 36, 39, 41, 45, 47, 48, 50, 55, 58, 59, 68, 75, 76, 79, 83]",32,False,1.6172689011054666e-05,-5.430817767555055e-09,5.392706609607407e-06,50.0
FP2,1994,1994,1696,298,41,0.8505516549648947,0.9763960852043754,0.9091396408469581,cao2018,S23/060711_1m,frontal,median,median__frontal__FP2,4,84,"[0, 2, 3, 9, 10, 14, 15, 32, 33, 34, 35, 36, 47, 48, 58, 75, 76, 79, 83]",19,False,6.103677535731769e-05,-5.38120150339124e-06,2.2139325620236306e-05,50.0
FP1,2033,2033,1708,325,29,0.8401377274963109,0.9833045480713875,0.906100795755968,cao2018,S23/060711_1m,frontal,median,median__frontal__FP1,4,84,"[0, 2, 3, 9, 10, 14, 15, 32, 33, 34, 35, 36, 47, 48, 58, 75, 76, 79, 83]",19,False,6.017716541692838e-05,-5.20718378733799e-06,2.1794783068088788e-05,50.0
F3,1653,1653,1364,289,373,0.8251663641863279,0.7852619458837076,0.8047197640117993,cao2018,S23/060711_1m,frontal,median,median__frontal__F3,4,84,"[0, 2, 3, 9, 10, 14, 15, 32, 33, 34, 35, 36, 47, 48, 58, 75, 76, 79, 83]",19,False,4.038863687155315e-05,-2.408637168235296e-06,1.4265758013262815e-05,50.0
F4,1437,1437,1181,256,556,0.8218510786360473,0.6799078871617732,0.7441713925645873,cao2018,S23/060711_1m,frontal,median,median__frontal__F4,4,84,"[0, 2, 3, 9, 10, 14, 15, 32, 33, 34, 35, 36, 47, 48, 58, 75, 76, 79, 83]",19,False,3.984323598203428e-05,-1.9210080858513112e-06,1.3921414689295196e-05,50.0
FP1,1993,1993,1701,292,36,0.8534872052182639,0.9792746113989638,0.9120643431635389,cao2018,S23/060711_1m,frontal,mean,mean__frontal__FP1,4,84,"[0, 2, 3, 9, 10, 14, 15, 32, 33, 34, 35, 36, 47, 48, 58, 75, 76, 79, 83]",19,False,6.546476890268968e-05,8.041969842331398e-08,2.1794783068088788e-05,50.0
FP2,1973,1973,1687,286,50,0.8550430816016219,0.9712147380541163,0.909433962264151,cao2018,S23/060711_1m,frontal,mean,mean__frontal__FP2,4,84,"[0, 2, 3, 9, 10, 14, 15, 32, 33, 34, 35, 36, 47, 48, 58, 75, 76, 79, 83]",19,False,6.641600443753933e-05,-1.9724231695906543e-09,2.2139325620236306e-05,50.0
F3,1500,1500,1247,253,490,0.8313333333333334,0.7179044329303397,0.7704664813098547,cao2018,S23/060711_1m,frontal,mean,mean__frontal__F3,4,84,"[0, 2, 3, 9, 10, 14, 15, 32, 33, 34, 35, 36, 47, 48, 58, 75, 76, 79, 83]",19,False,4.277735144994581e-05,-1.992258984262811e-08,1.4265758013262815e-05,50.0
F4,1306,1306,1076,230,661,0.8238897396630934,0.6194588370754174,0.7071968452185344,cao2018,S23/060711_1m,frontal,mean,mean__frontal__F4,4,84,"[0, 2, 3, 9, 10, 14, 15, 32, 33, 34, 35, 36, 47, 48, 58, 75, 76, 79, 83]",19,False,4.173233854847782e-05,-3.1905519407765886e-08,1.3921414689295196e-05,50.0
FP1,2037,2037,1709,328,28,0.8389788905252823,0.9838802533103052,0.9056703762586116,cao2018,S23/060711_1m,frontal_left,median,median__frontal_left__FP1,2,84,"[0, 2, 3, 9, 10, 14, 15, 33, 34, 35, 36, 47, 48, 58, 76, 79]",16,False,5.9756853746624254e-05,-4.491394199607991e-06,2.1416082648744083e-05,50.0
F3,1596,1596,1320,276,417,0.8270676691729323,0.7599309153713298,0.792079207920792,cao2018,S23/060711_1m,frontal_left,median,median__frontal_left__F3,2,84,"[0, 2, 3, 9, 10, 14, 15, 33, 34, 35, 36, 47, 48, 58, 76, 79]",16,False,4.142034016963648e-05,-2.194524096142195e-06,1.4538288088592892e-05,50.0
FP1,2004,2004,1702,302,35,0.8493013972055888,0.9798503166378814,0.9099171344560278,cao2018,S23/060711_1m,frontal_left,mean,mean__frontal_left__FP1,2,84,"[0, 2, 3, 9, 10, 14, 15, 33, 34, 35, 36, 47, 48, 58, 76, 79]",16,False,6.433528552636049e-05,8.703758012824697e-08,2.1416082648744083e-05,50.0
F3,1451,1451,1207,244,530,0.8318401102687801,0.6948762233736328,0.7572145545796739,cao2018,S23/060711_1m,frontal_left,mean,mean__frontal_left__F3,2,84,"[0, 2, 3, 9, 10, 14, 15, 33, 34, 35, 36, 47, 48, 58, 76, 79]",16,False,4.3587128690769766e-05,-2.7735575008911016e-08,1.4538288088592892e-05,50.0
FP2,1990,1990,1694,296,43,0.8512562814070351,0.97524467472654,0.909042125033539,cao2018,S23/060711_1m,frontal_right,median,median__frontal_right__FP2,2,84,"[2, 3, 9, 10, 14, 15, 32, 33, 34, 35, 47, 48, 58, 75, 76, 79, 83]",17,False,6.273541415170562e-05,-5.308286788460402e-06,2.268123364672201e-05,50.0
F4,1327,1327,1093,234,644,0.8236623963828184,0.6292458261370178,0.7134464751958224,cao2018,S23/060711_1m,frontal_right,median,median__frontal_right__F4,2,84,"[2, 3, 9, 10, 14, 15, 32, 33, 34, 35, 47, 48, 58, 75, 76, 79, 83]",17,False,4.1459903988045536e-05,-1.8414104692269869e-06,1.4433771485757508e-05,50.0
FP2,1964,1964,1681,283,56,0.8559063136456212,0.9677605066206102,0.9084031342880303,cao2018,S23/060711_1m,frontal_right,mean,mean__frontal_right__FP2,2,84,"[2, 3, 9, 10, 14, 15, 32, 33, 34, 35, 47, 48, 58, 75, 76, 79, 83]",17,False,6.80580747894653e-05,1.4373849299269745e-08,2.268123364672201e-05,50.0
F4,1213,1213,993,220,744,0.8186314921681781,0.5716753022452504,0.6732203389830508,cao2018,S23/060711_1m,frontal_right,mean,mean__frontal_right__F4,2,84,"[2, 3, 9, 10, 14, 15, 32, 33, 34, 35, 47, 48, 58, 75, 76, 79, 83]",17,False,4.326755554607331e-05,-3.375891119921703e-08,1.4433771485757508e-05,50.0
FP2,2006,2006,1701,305,36,0.8479561316051845,0.9792746113989638,0.9088966069997328,cao2018,S23/060711_1m,all_channel,median,median__all_channel__FP2,32,70,"[2, 8, 11, 12, 13, 14, 17, 19, 22, 25, 26, 28, 29, 30, 32, 34, 38, 39, 40, 42, 46, 49, 56, 62, 63, 68]",26,False,5.9554031325889385e-05,-5.743201545148043e-06,2.176574429034581e-05,60.0
FP1,2049,2049,1716,333,21,0.8374816983894583,0.9879101899827288,0.9064976228209193,cao2018,S23/060711_1m,all_channel,median,median__all_channel__FP1,32,70,"[2, 8, 11, 12, 13, 14, 17, 19, 22, 25, 26, 28, 29, 30, 32, 34, 38, 39, 40, 42, 46, 49, 56, 62, 63, 68]",26,False,5.780399708091354e-05,-5.600185359686034e-06,2.113472748019986e-05,60.0
F7,1852,1852,1541,311,196,0.83207343412527,0.8871617731721358,0.8587350236834774,cao2018,S23/060711_1m,all_channel,median,median__all_channel__F7,32,70,"[2, 8, 11, 12, 13, 14, 17, 19, 22, 25, 26, 28, 29, 30, 32, 34, 38, 39, 40, 42, 46, 49, 56, 62, 63, 68]",26,False,3.401333632372938e-05,-2.1591775453238823e-06,1.2057504623017754e-05,60.0
FZ,1803,1803,1501,302,236,0.8325013865779257,0.8641335636154289,0.8480225988700565,cao2018,S23/060711_1m,all_channel,median,median__all_channel__FZ,32,70,"[2, 8, 11, 12, 13, 14, 17, 19, 22, 25, 26, 28, 29, 30, 32, 34, 38, 39, 40, 42, 46, 49, 56, 62, 63, 68]",26,False,3.4509339712246036e-05,-2.239283054226763e-06,1.22495409221576e-05,60.0
F8,1735,1735,1453,282,284,0.837463976945245,0.8364997121473805,0.8369815668202766,cao2018,S23/060711_1m,all_channel,median,median__all_channel__F8,32,70,"[2, 8, 11, 12, 13, 14, 17, 19, 22, 25, 26, 28, 29, 30, 32, 34, 38, 39, 40, 42, 46, 49, 56, 62, 63, 68]",26,False,3.074770812653159e-05,-1.8970104734195687e-06,1.0881572866650387e-05,60.0
F3,1752,1752,1442,310,295,0.8230593607305936,0.8301669545192861,0.826597879048438,cao2018,S23/060711_1m,all_channel,median,median__all_channel__F3,32,70,"[2, 8, 11, 12, 13, 14, 17, 19, 22, 25, 26, 28, 29, 30, 32, 34, 38, 39, 40, 42, 46, 49, 56, 62, 63, 68]",26,False,3.796016525948279e-05,-2.3773780669812302e-06,1.3445847775488009e-05,60.0
F4,1559,1559,1276,283,461,0.8184733803720333,0.7345998848589522,0.7742718446601942,cao2018,S23/060711_1m,all_channel,median,median__all_channel__F4,32,70,"[2, 8, 11, 12, 13, 14, 17, 19, 22, 25, 26, 28, 29, 30, 32, 34, 38, 39, 40, 42, 46, 49, 56, 62, 63, 68]",26,False,3.7838169153979865e-05,-1.9618334502207203e-06,1.3266667534733529e-05,60.0
FC3,1265,1265,1004,261,733,0.7936758893280632,0.5780080598733448,0.6688874083944036,cao2018,S23/060711_1m,all_channel,median,median__all_channel__FC3,32,70,"[2, 8, 11, 12, 13, 14, 17, 19, 22, 25, 26, 28, 29, 30, 32, 34, 38, 39, 40, 42, 46, 49, 56, 62, 63, 68]",26,False,2.896110727609512e-05,-1.3651983118954055e-06,1.0108768529330175e-05,60.0
FT7,1192,1192,923,269,814,0.7743288590604027,0.5313759355210133,0.6302492318197337,cao2018,S23/060711_1m,all_channel,median,median__all_channel__FT7,32,70,"[2, 8, 11, 12, 13, 14, 17, 19, 22, 25, 26, 28, 29, 30, 32, 34, 38, 39, 40, 42, 46, 49, 56, 62, 63, 68]",26,False,2.4960439279606117e-05,-1.019599734028651e-06,8.660013004544924e-06,60.0
FCZ,1104,1104,862,242,875,0.7807971014492754,0.4962579159470351,0.6068285814853924,cao2018,S23/060711_1m,all_channel,median,median__all_channel__FCZ,32,70,"[2, 8, 11, 12, 13, 14, 17, 19, 22, 25, 26, 28, 29, 30, 32, 34, 38, 39, 40, 42, 46, 49, 56, 62, 63, 68]",26,False,3.13426552363085e-05,-1.3799220783046739e-06,1.0907525771537726e-05,60.0
FC4,1010,1010,802,208,935,0.7940594059405941,0.46171560161197467,0.5839097196942119,cao2018,S23/060711_1m,all_channel,median,median__all_channel__FC4,32,70,"[2, 8, 11, 12, 13, 14, 17, 19, 22, 25, 26, 28, 29, 30, 32, 34, 38, 39, 40, 42, 46, 49, 56, 62, 63, 68]",26,False,2.963601477091075e-05,-1.2354398656384788e-06,1.0290484878849743e-05,60.0
FT8,909,909,698,211,1039,0.7678767876787679,0.40184225676453655,0.527588813303099,cao2018,S23/060711_1m,all_channel,median,median__all_channel__FT8,32,70,"[2, 8, 11, 12, 13, 14, 17, 19, 22, 25, 26, 28, 29, 30, 32, 34, 38, 39, 40, 42, 46, 49, 56, 62, 63, 68]",26,False,2.259862895084451e-05,-8.544742241025637e-07,7.817701058315692e-06,60.0
C3,670,670,483,187,1254,0.7208955223880597,0.27806563039723664,0.4013294557540507,cao2018,S23/060711_1m,all_channel,median,median__all_channel__C3,32,70,"[2, 8, 11, 12, 13, 14, 17, 19, 22, 25, 26, 28, 29, 30, 32, 34, 38, 39, 40, 42, 46, 49, 56, 62, 63, 68]",26,False,2.493845299726663e-05,-8.741017411096193e-07,8.604184912792083e-06,60.0
CZ,499,499,356,143,1381,0.7134268537074149,0.204951065054692,0.31842576028622543,cao2018,S23/060711_1m,all_channel,median,median__all_channel__CZ,32,70,"[2, 8, 11, 12, 13, 14, 17, 19, 22, 25, 26, 28, 29, 30, 32, 34, 38, 39, 40, 42, 46, 49, 56, 62, 63, 68]",26,False,2.8097112035819416e-05,-8.413646465127412e-07,9.64615889411072e-06,60.0
C4,477,477,343,134,1394,0.7190775681341719,0.19746689694876224,0.30984643179765126,cao2018,S23/060711_1m,all_channel,median,median__all_channel__C4,32,70,"[2, 8, 11, 12, 13, 14, 17, 19, 22, 25, 26, 28, 29, 30, 32, 34, 38, 39, 40, 42, 46, 49, 56, 62, 63, 68]",26,False,2.620570489563999e-05,-7.647351071563553e-07,8.990146667598782e-06,60.0
T3,479,479,315,164,1422,0.6576200417536534,0.18134715025906736,0.28429602888086647,cao2018,S23/060711_1m,all_channel,median,median__all_channel__T3,32,70,"[2, 8, 11, 12, 13, 14, 17, 19, 22, 25, 26, 28, 29, 30, 32, 34, 38, 39, 40, 42, 46, 49, 56, 62, 63, 68]",26,False,1.9126851023389982e-05,-4.209879111244192e-07,6.515946311504801e-06,60.0
T4,391,391,247,144,1490,0.6317135549872123,0.1421991940126655,0.2321428571428571,cao2018,S23/060711_1m,all_channel,median,median__all_channel__T4,32,70,"[2, 8, 11, 12, 13, 14, 17, 19, 22, 25, 26, 28, 29, 30, 32, 34, 38, 39, 40, 42, 46, 49, 56, 62, 63, 68]",26,False,1.8953770740828076e-05,-4.220010905520297e-07,6.458590610460035e-06,60.0
CP3,320,320,218,102,1519,0.68125,0.12550374208405296,0.21195916383082158,cao2018,S23/060711_1m,all_channel,median,median__all_channel__CP3,32,70,"[2, 8, 11, 12, 13, 14, 17, 19, 22, 25, 26, 28, 29, 30, 32, 34, 38, 39, 40, 42, 46, 49, 56, 62, 63, 68]",26,False,2.2919609174031228e-05,-5.650754955867288e-07,7.828228223205986e-06,60.0
CP4,255,255,162,93,1575,0.6352941176470588,0.09326424870466321,0.16265060240963855,cao2018,S23/060711_1m,all_channel,median,median__all_channel__CP4,32,70,"[2, 8, 11, 12, 13, 14, 17, 19, 22, 25, 26, 28, 29, 30, 32, 34, 38, 39, 40, 42, 46, 49, 56, 62, 63, 68]",26,False,2.3537106788720975e-05,-5.076896150835704e-07,8.014932134601515e-06,60.0
CPZ,227,227,147,80,1590,0.6475770925110133,0.0846286701208981,0.14969450101832993,cao2018,S23/060711_1m,all_channel,median,median__all_channel__CPZ,32,70,"[2, 8, 11, 12, 13, 14, 17, 19, 22, 25, 26, 28, 29, 30, 32, 34, 38, 39, 40, 42, 46, 49, 56, 62, 63, 68]",26,False,2.463084923094121e-05,-5.049628031035069e-07,8.37860401134824e-06,60.0
TP7,268,268,150,118,1587,0.5597014925373134,0.08635578583765112,0.14962593516209474,cao2018,S23/060711_1m,all_channel,median,median__all_channel__TP7,32,70,"[2, 8, 11, 12, 13, 14, 17, 19, 22, 25, 26, 28, 29, 30, 32, 34, 38, 39, 40, 42, 46, 49, 56, 62, 63, 68]",26,False,1.6606069420656025e-05,-2.737936516955357e-07,5.626621024117187e-06,60.0
P3,209,209,130,79,1607,0.6220095693779905,0.07484168105929764,0.13360739979445016,cao2018,S23/060711_1m,all_channel,median,median__all_channel__P3,32,70,"[2, 8, 11, 12, 13, 14, 17, 19, 22, 25, 26, 28, 29, 30, 32, 34, 38, 39, 40, 42, 46, 49, 56, 62, 63, 68]",26,False,2.132475605359864e-05,-4.159945518792137e-07,7.246916868492619e-06,60.0
P4,177,177,104,73,1633,0.5875706214689266,0.059873344847438115,0.10867293625914316,cao2018,S23/060711_1m,all_channel,median,median__all_channel__P4,32,70,"[2, 8, 11, 12, 13, 14, 17, 19, 22, 25, 26, 28, 29, 30, 32, 34, 38, 39, 40, 42, 46, 49, 56, 62, 63, 68]",26,False,2.14097817311844e-05,-3.6332250305492307e-07,7.257701411413108e-06,60.0
TP8,194,194,100,94,1637,0.5154639175257731,0.057570523891767415,0.10357327809425168,cao2018,S23/060711_1m,all_channel,median,median__all_channel__TP8,32,70,"[2, 8, 11, 12, 13, 14, 17, 19, 22, 25, 26, 28, 29, 30, 32, 34, 38, 39, 40, 42, 46, 49, 56, 62, 63, 68]",26,False,1.723059218356064e-05,-2.4185951521015963e-07,5.824150566256934e-06,60.0
T5,182,182,94,88,1643,0.5164835164835165,0.05411629245826137,0.09796769150599272,cao2018,S23/060711_1m,all_channel,median,median__all_channel__T5,32,70,"[2, 8, 11, 12, 13, 14, 17, 19, 22, 25, 26, 28, 29, 30, 32, 34, 38, 39, 40, 42, 46, 49, 56, 62, 63, 68]",26,False,1.5077453794015289e-05,-2.1412989513107058e-07,5.0971945630487865e-06,60.0
PZ,128,128,68,60,1669,0.53125,0.03914795624640184,0.07292225201072386,cao2018,S23/060711_1m,all_channel,median,median__all_channel__PZ,32,70,"[2, 8, 11, 12, 13, 14, 17, 19, 22, 25, 26, 28, 29, 30, 32, 34, 38, 39, 40, 42, 46, 49, 56, 62, 63, 68]",26,False,2.316648016652042e-05,-3.0419912266946946e-07,7.823559763063297e-06,60.0
T6,96,96,44,52,1693,0.4583333333333333,0.025331030512377662,0.04800872885979269,cao2018,S23/060711_1m,all_channel,median,median__all_channel__T6,32,70,"[2, 8, 11, 12, 13, 14, 17, 19, 22, 25, 26, 28, 29, 30, 32, 34, 38, 39, 40, 42, 46, 49, 56, 62, 63, 68]",26,False,1.7278147007343123e-05,-1.3969552216454922e-07,5.805947509835892e-06,60.0
A1,163,163,37,126,1700,0.22699386503067484,0.021301093839953943,0.03894736842105263,cao2018,S23/060711_1m,all_channel,median,median__all_channel__A1,32,70,"[2, 8, 11, 12, 13, 14, 17, 19, 22, 25, 26, 28, 29, 30, 32, 34, 38, 39, 40, 42, 46, 49, 56, 62, 63, 68]",26,False,7.727465496119263e-06,1.4065512455980978e-08,2.571133327887761e-06,60.0
O1,80,80,29,51,1708,0.3625,0.01669545192861255,0.031920748486516236,cao2018,S23/060711_1m,all_channel,median,median__all_channel__O1,32,70,"[2, 8, 11, 12, 13, 14, 17, 19, 22, 25, 26, 28, 29, 30, 32, 34, 38, 39, 40, 42, 46, 49, 56, 62, 63, 68]",26,False,1.5978769544868487e-05,-9.344858993418705e-08,5.357406044934225e-06,60.0
A2,157,157,30,127,1707,0.1910828025477707,0.017271157167530225,0.031678986272439286,cao2018,S23/060711_1m,all_channel,median,median__all_channel__A2,32,70,"[2, 8, 11, 12, 13, 14, 17, 19, 22, 25, 26, 28, 29, 30, 32, 34, 38, 39, 40, 42, 46, 49, 56, 62, 63, 68]",26,False,7.698190536646187e-06,-1.4467815516845063e-08,2.570886117387677e-06,60.0
OZ,75,75,21,54,1716,0.28,0.012089810017271158,0.023178807947019868,cao2018,S23/060711_1m,all_channel,median,median__all_channel__OZ,32,70,"[2, 8, 11, 12, 13, 14, 17, 19, 22, 25, 26, 28, 29, 30, 32, 34, 38, 39, 40, 42, 46, 49, 56, 62, 63, 68]",26,False,1.5251749474609903e-05,-8.283988154269046e-08,5.111529785384198e-06,60.0
O2,75,75,17,58,1720,0.22666666666666666,0.00978698906160046,0.018763796909492272,cao2018,S23/060711_1m,all_channel,median,median__all_channel__O2,32,70,"[2, 8, 11, 12, 13, 14, 17, 19, 22, 25, 26, 28, 29, 30, 32, 34, 38, 39, 40, 42, 46, 49, 56, 62, 63, 68]",26,False,1.6178854677910008e-05,-6.771882993227853e-08,5.415524502614096e-06,60.0
FP1,2011,2011,1707,304,30,0.8488314271506713,0.9827288428324698,0.9108858057630735,cao2018,S23/060711_1m,all_channel,mean,mean__all_channel__FP1,32,70,"[2, 8, 11, 12, 13, 14, 17, 19, 22, 25, 26, 28, 29, 30, 32, 34, 38, 39, 40, 42, 46, 49, 56, 62, 63, 68]",26,False,6.339958939920793e-05,-4.5930413916472395e-09,2.113472748019986e-05,60.0
FP2,1980,1980,1690,290,47,0.8535353535353535,0.9729418537708693,0.909335485606672,cao2018,S23/060711_1m,all_channel,mean,mean__all_channel__FP2,32,70,"[2, 8, 11, 12, 13, 14, 17, 19, 22, 25, 26, 28, 29, 30, 32, 34, 38, 39, 40, 42, 46, 49, 56, 62, 63, 68]",26,False,6.529397009378215e-05,-3.2627772552876707e-09,2.176574429034581e-05,60.0
F7,1791,1791,1496,295,241,0.835287548855388,0.8612550374208405,0.8480725623582767,cao2018,S23/060711_1m,all_channel,mean,mean__all_channel__F7,32,70,"[2, 8, 11, 12, 13, 14, 17, 19, 22, 25, 26, 28, 29, 30, 32, 34, 38, 39, 40, 42, 46, 49, 56, 62, 63, 68]",26,False,3.6171474970277007e-05,-1.0388987762581663e-09,1.2057504623017754e-05,60.0
FZ,1700,1700,1431,269,306,0.841764705882353,0.8238341968911918,0.8327029386092523,cao2018,S23/060711_1m,all_channel,mean,mean__all_channel__FZ,32,70,"[2, 8, 11, 12, 13, 14, 17, 19, 22, 25, 26, 28, 29, 30, 32, 34, 38, 39, 40, 42, 46, 49, 56, 62, 63, 68]",26,False,3.674789656716851e-05,-7.261993042871008e-10,1.22495409221576e-05,60.0
F8,1634,1634,1388,246,349,0.8494492044063647,0.7990788716177317,0.8234945120142391,cao2018,S23/060711_1m,all_channel,mean,mean__all_channel__F8,32,70,"[2, 8, 11, 12, 13, 14, 17, 19, 22, 25, 26, 28, 29, 30, 32, 34, 38, 39, 40, 42, 46, 49, 56, 62, 63, 68]",26,False,3.264575845716849e-05,1.0398572173371668e-09,1.0881572866650387e-05,60.0
F3,1659,1659,1368,291,369,0.8245931283905967,0.7875647668393783,0.8056537102473499,cao2018,S23/060711_1m,all_channel,mean,mean__all_channel__F3,32,70,"[2, 8, 11, 12, 13, 14, 17, 19, 22, 25, 26, 28, 29, 30, 32, 34, 38, 39, 40, 42, 46, 49, 56, 62, 63, 68]",26,False,4.034684643139481e-05,9.303104930786618e-09,1.3445847775488009e-05,60.0
F4,1443,1443,1184,259,553,0.8205128205128205,0.6816350028785262,0.7446540880503145,cao2018,S23/060711_1m,all_channel,mean,mean__all_channel__F4,32,70,"[2, 8, 11, 12, 13, 14, 17, 19, 22, 25, 26, 28, 29, 30, 32, 34, 38, 39, 40, 42, 46, 49, 56, 62, 63, 68]",26,False,3.9802208961935696e-05,2.206357735111615e-09,1.3266667534733529e-05,60.0
FC3,1138,1138,914,224,823,0.8031634446397188,0.5261945883707542,0.6358260869565217,cao2018,S23/060711_1m,all_channel,mean,mean__all_channel__FC3,32,70,"[2, 8, 11, 12, 13, 14, 17, 19, 22, 25, 26, 28, 29, 30, 32, 34, 38, 39, 40, 42, 46, 49, 56, 62, 63, 68]",26,False,3.0326004400179423e-05,-3.0118781110421016e-10,1.0108768529330175e-05,60.0
FT7,1067,1067,828,239,909,0.7760074976569822,0.47668393782383417,0.5905848787446505,cao2018,S23/060711_1m,all_channel,mean,mean__all_channel__FT7,32,70,"[2, 8, 11, 12, 13, 14, 17, 19, 22, 25, 26, 28, 29, 30, 32, 34, 38, 39, 40, 42, 46, 49, 56, 62, 63, 68]",26,False,2.5979314838355625e-05,-7.241752791436475e-10,8.660013004544924e-06,60.0
FCZ,999,999,785,214,952,0.7857857857857858,0.4519286125503742,0.5738304093567251,cao2018,S23/060711_1m,all_channel,mean,mean__all_channel__FCZ,32,70,"[2, 8, 11, 12, 13, 14, 17, 19, 22, 25, 26, 28, 29, 30, 32, 34, 38, 39, 40, 42, 46, 49, 56, 62, 63, 68]",26,False,3.272162367081747e-05,-9.53643795705269e-10,1.0907525771537726e-05,60.0
FC4,911,911,724,187,1013,0.7947310647639956,0.4168105929763961,0.5468277945619335,cao2018,S23/060711_1m,all_channel,mean,mean__all_channel__FC4,32,70,"[2, 8, 11, 12, 13, 14, 17, 19, 22, 25, 26, 28, 29, 30, 32, 34, 38, 39, 40, 42, 46, 49, 56, 62, 63, 68]",26,False,3.0873372971917627e-05,1.9183353683970225e-09,1.0290484878849743e-05,60.0
FT8,800,800,618,182,1119,0.7725,0.35578583765112265,0.4871895940086717,cao2018,S23/060711_1m,all_channel,mean,mean__all_channel__FT8,32,70,"[2, 8, 11, 12, 13, 14, 17, 19, 22, 25, 26, 28, 29, 30, 32, 34, 38, 39, 40, 42, 46, 49, 56, 62, 63, 68]",26,False,2.345584068611651e-05,2.737511169435095e-09,7.817701058315692e-06,60.0
C3,603,603,439,164,1298,0.7280265339966833,0.25273459988485897,0.3752136752136752,cao2018,S23/060711_1m,all_channel,mean,mean__all_channel__C3,32,70,"[2, 8, 11, 12, 13, 14, 17, 19, 22, 25, 26, 28, 29, 30, 32, 34, 38, 39, 40, 42, 46, 49, 56, 62, 63, 68]",26,False,2.5811654541328182e-05,-9.001970480699165e-10,8.604184912792083e-06,60.0
CZ,431,431,306,125,1431,0.7099767981438515,0.17616580310880828,0.2822878228782288,cao2018,S23/060711_1m,all_channel,mean,mean__all_channel__CZ,32,70,"[2, 8, 11, 12, 13, 14, 17, 19, 22, 25, 26, 28, 29, 30, 32, 34, 38, 39, 40, 42, 46, 49, 56, 62, 63, 68]",26,False,2.893729372071717e-05,-1.1829616149857192e-09,9.64615889411072e-06,60.0
C4,430,430,303,127,1434,0.7046511627906977,0.17443868739205526,0.2796492847254269,cao2018,S23/060711_1m,all_channel,mean,mean__all_channel__C4,32,70,"[2, 8, 11, 12, 13, 14, 17, 19, 22, 25, 26, 28, 29, 30, 32, 34, 38, 39, 40, 42, 46, 49, 56, 62, 63, 68]",26,False,2.697243401771751e-05,1.9940149211639505e-09,8.990146667598782e-06,60.0
T3,447,447,283,164,1454,0.6331096196868009,0.1629245826137018,0.2591575091575092,cao2018,S23/060711_1m,all_channel,mean,mean__all_channel__T3,32,70,"[2, 8, 11, 12, 13, 14, 17, 19, 22, 25, 26, 28, 29, 30, 32, 34, 38, 39, 40, 42, 46, 49, 56, 62, 63, 68]",26,False,1.954763651861726e-05,-2.0241589713947458e-10,6.515946311504801e-06,60.0
T4,363,363,228,135,1509,0.628099173553719,0.13126079447322972,0.21714285714285717,cao2018,S23/060711_1m,all_channel,mean,mean__all_channel__T4,32,70,"[2, 8, 11, 12, 13, 14, 17, 19, 22, 25, 26, 28, 29, 30, 32, 34, 38, 39, 40, 42, 46, 49, 56, 62, 63, 68]",26,False,1.937611286018755e-05,3.410288074450882e-10,6.458590610460035e-06,60.0
CP3,276,276,186,90,1551,0.6739130434782609,0.1070811744386874,0.18479880774962743,cao2018,S23/060711_1m,all_channel,mean,mean__all_channel__CP3,32,70,"[2, 8, 11, 12, 13, 14, 17, 19, 22, 25, 26, 28, 29, 30, 32, 34, 38, 39, 40, 42, 46, 49, 56, 62, 63, 68]",26,False,2.3482110773022228e-05,-2.5738965957303345e-09,7.828228223205986e-06,60.0
CP4,238,238,144,94,1593,0.6050420168067226,0.08290155440414508,0.1458227848101266,cao2018,S23/060711_1m,all_channel,mean,mean__all_channel__CP4,32,70,"[2, 8, 11, 12, 13, 14, 17, 19, 22, 25, 26, 28, 29, 30, 32, 34, 38, 39, 40, 42, 46, 49, 56, 62, 63, 68]",26,False,2.404465258952508e-05,-1.4381427946430275e-10,8.014932134601515e-06,60.0
TP7,254,254,142,112,1595,0.5590551181102362,0.08175014392630973,0.14264188849824208,cao2018,S23/060711_1m,all_channel,mean,mean__all_channel__TP7,32,70,"[2, 8, 11, 12, 13, 14, 17, 19, 22, 25, 26, 28, 29, 30, 32, 34, 38, 39, 40, 42, 46, 49, 56, 62, 63, 68]",26,False,1.6880163254706643e-05,3.001823550815002e-10,5.626621024117187e-06,60.0
CPZ,206,206,132,74,1605,0.6407766990291263,0.07599309153713299,0.13587236232629957,cao2018,S23/060711_1m,all_channel,mean,mean__all_channel__CPZ,32,70,"[2, 8, 11, 12, 13, 14, 17, 19, 22, 25, 26, 28, 29, 30, 32, 34, 38, 39, 40, 42, 46, 49, 56, 62, 63, 68]",26,False,2.513321471090372e-05,-2.597323140995318e-09,8.37860401134824e-06,60.0
P3,196,196,119,77,1618,0.6071428571428571,0.06850892343120323,0.1231246766683911,cao2018,S23/060711_1m,all_channel,mean,mean__all_channel__P3,32,70,"[2, 8, 11, 12, 13, 14, 17, 19, 22, 25, 26, 28, 29, 30, 32, 34, 38, 39, 40, 42, 46, 49, 56, 62, 63, 68]",26,False,2.1738303413288933e-05,-2.4471921889239374e-09,7.246916868492619e-06,60.0
P4,163,163,96,67,1641,0.588957055214724,0.055267702936096716,0.10105263157894735,cao2018,S23/060711_1m,all_channel,mean,mean__all_channel__P4,32,70,"[2, 8, 11, 12, 13, 14, 17, 19, 22, 25, 26, 28, 29, 30, 32, 34, 38, 39, 40, 42, 46, 49, 56, 62, 63, 68]",26,False,2.1773376361911078e-05,2.721276717528447e-10,7.257701411413108e-06,60.0
TP8,182,182,93,89,1644,0.510989010989011,0.0535405872193437,0.09692548202188639,cao2018,S23/060711_1m,all_channel,mean,mean__all_channel__TP8,32,70,"[2, 8, 11, 12, 13, 14, 17, 19, 22, 25, 26, 28, 29, 30, 32, 34, 38, 39, 40, 42, 46, 49, 56, 62, 63, 68]",26,False,1.74747536179078e-05,2.3019191370007946e-09,5.824150566256934e-06,60.0
T5,174,174,89,85,1648,0.5114942528735632,0.051237766263673,0.09314495028780742,cao2018,S23/060711_1m,all_channel,mean,mean__all_channel__T5,32,70,"[2, 8, 11, 12, 13, 14, 17, 19, 22, 25, 26, 28, 29, 30, 32, 34, 38, 39, 40, 42, 46, 49, 56, 62, 63, 68]",26,False,1.5291898538811694e-05,3.148496653360847e-10,5.0971945630487865e-06,60.0
PZ,121,121,63,58,1674,0.5206611570247934,0.03626943005181347,0.06781485468245424,cao2018,S23/060711_1m,all_channel,mean,mean__all_channel__PZ,32,70,"[2, 8, 11, 12, 13, 14, 17, 19, 22, 25, 26, 28, 29, 30, 32, 34, 38, 39, 40, 42, 46, 49, 56, 62, 63, 68]",26,False,2.3468560109296525e-05,-2.1191798933657746e-09,7.823559763063297e-06,60.0
T6,92,92,41,51,1696,0.44565217391304346,0.02360391479562464,0.0448332422088573,cao2018,S23/060711_1m,all_channel,mean,mean__all_channel__T6,32,70,"[2, 8, 11, 12, 13, 14, 17, 19, 22, 25, 26, 28, 29, 30, 32, 34, 38, 39, 40, 42, 46, 49, 56, 62, 63, 68]",26,False,1.7418498921516217e-05,6.563920085430387e-10,5.805947509835892e-06,60.0
A1,163,163,37,126,1700,0.22699386503067484,0.021301093839953943,0.03894736842105263,cao2018,S23/060711_1m,all_channel,mean,mean__all_channel__A1,32,70,"[2, 8, 11, 12, 13, 14, 17, 19, 22, 25, 26, 28, 29, 30, 32, 34, 38, 39, 40, 42, 46, 49, 56, 62, 63, 68]",26,False,7.713426199972897e-06,2.6216309615613037e-11,2.571133327887761e-06,60.0
A2,156,156,30,126,1707,0.19230769230769232,0.017271157167530225,0.03169572107765452,cao2018,S23/060711_1m,all_channel,mean,mean__all_channel__A2,32,70,"[2, 8, 11, 12, 13, 14, 17, 19, 22, 25, 26, 28, 29, 30, 32, 34, 38, 39, 40, 42, 46, 49, 56, 62, 63, 68]",26,False,7.712633339046584e-06,-2.501311644674186e-11,2.570886117387677e-06,60.0
O1,79,79,28,51,1709,0.35443037974683544,0.016119746689694875,0.030837004405286344,cao2018,S23/060711_1m,all_channel,mean,mean__all_channel__O1,32,70,"[2, 8, 11, 12, 13, 14, 17, 19, 22, 25, 26, 28, 29, 30, 32, 34, 38, 39, 40, 42, 46, 49, 56, 62, 63, 68]",26,False,1.6070332990891446e-05,-1.885143911228392e-09,5.357406044934225e-06,60.0
OZ,75,75,20,55,1717,0.26666666666666666,0.011514104778353483,0.02207505518763797,cao2018,S23/060711_1m,all_channel,mean,mean__all_channel__OZ,32,70,"[2, 8, 11, 12, 13, 14, 17, 19, 22, 25, 26, 28, 29, 30, 32, 34, 38, 39, 40, 42, 46, 49, 56, 62, 63, 68]",26,False,1.533132961779236e-05,-3.259738360233939e-09,5.111529785384198e-06,60.0
O2,74,74,16,58,1721,0.21621621621621623,0.009211283822682787,0.0176697956929873,cao2018,S23/060711_1m,all_channel,mean,mean__all_channel__O2,32,70,"[2, 8, 11, 12, 13, 14, 17, 19, 22, 25, 26, 28, 29, 30, 32, 34, 38, 39, 40, 42, 46, 49, 56, 62, 63, 68]",26,False,1.6243603278210018e-05,-2.9702296322699426e-09,5.415524502614096e-06,60.0
FP1,2025,2025,1709,316,28,0.8439506172839506,0.9838802533103052,0.9085592769803295,cao2018,S23/060711_1m,frontal,median,median__frontal__FP1,4,70,"[2, 8, 12, 26, 28, 29, 39, 40, 49, 63]",10,False,6.134356828162204e-05,-4.844909250919501e-06,2.2062825844180513e-05,60.0
FP2,1995,1995,1694,301,43,0.8491228070175438,0.97524467472654,0.9078242229367631,cao2018,S23/060711_1m,frontal,median,median__frontal__FP2,4,70,"[2, 8, 12, 26, 28, 29, 39, 40, 49, 63]",10,False,6.313390228256125e-05,-4.935369641432437e-06,2.2689757307997897e-05,60.0
F3,1387,1387,1146,241,591,0.8262436914203316,0.6597582037996546,0.7336747759282971,cao2018,S23/060711_1m,frontal,median,median__frontal__F3,4,70,"[2, 8, 12, 26, 28, 29, 39, 40, 49, 63]",10,False,4.490156807379413e-05,-2.2211806488070777e-06,1.5707582907533735e-05,60.0
F4,1079,1079,876,203,861,0.8118628359592215,0.5043177892918825,0.6221590909090909,cao2018,S23/060711_1m,frontal,median,median__frontal__F4,4,70,"[2, 8, 12, 26, 28, 29, 39, 40, 49, 63]",10,False,4.5579256920915246e-05,-1.3578286785813467e-06,1.5645695199832197e-05,60.0
FP1,1984,1984,1702,282,35,0.8578629032258065,0.9798503166378814,0.9148078473528621,cao2018,S23/060711_1m,frontal,mean,mean__frontal__FP1,4,70,"[2, 8, 12, 26, 28, 29, 39, 40, 49, 63]",10,False,6.621646267715469e-05,2.7985144613144772e-08,2.2062825844180513e-05,60.0
FP2,1967,1967,1683,284,54,0.8556176919166243,0.9689119170984456,0.9087473002159826,cao2018,S23/060711_1m,frontal,mean,mean__frontal__FP2,4,70,"[2, 8, 12, 26, 28, 29, 39, 40, 49, 63]",10,False,6.810319019530607e-05,3.391827131238295e-08,2.2689757307997897e-05,60.0
F3,1265,1265,1047,218,690,0.8276679841897233,0.6027633851468048,0.6975349766822119,cao2018,S23/060711_1m,frontal,mean,mean__frontal__F3,4,70,"[2, 8, 12, 26, 28, 29, 39, 40, 49, 63]",10,False,4.716445892419997e-05,4.171020159876538e-08,1.5707582907533735e-05,60.0
F4,989,989,805,184,932,0.813953488372093,0.4634427173287277,0.5906089508437271,cao2018,S23/060711_1m,frontal,mean,mean__frontal__F4,4,70,"[2, 8, 12, 26, 28, 29, 39, 40, 49, 63]",10,False,4.695627773891115e-05,1.9192139414555307e-08,1.5645695199832197e-05,60.0
FP1,2025,2025,1709,316,28,0.8439506172839506,0.9838802533103052,0.9085592769803295,cao2018,S23/060711_1m,frontal_left,median,median__frontal_left__FP1,2,70,"[2, 8, 12, 28, 29, 39, 40, 49]",8,False,6.133237521228935e-05,-4.1032243448516156e-06,2.181186651904699e-05,60.0
F3,1274,1274,1057,217,680,0.8296703296703297,0.6085204375359816,0.7020923281301893,cao2018,S23/060711_1m,frontal_left,median,median__frontal_left__F3,2,70,"[2, 8, 12, 28, 29, 39, 40, 49]",8,False,4.692500264099913e-05,-1.9380106777096175e-06,1.628767110623625e-05,60.0
FP1,1993,1993,1702,291,35,0.8539889613647768,0.9798503166378814,0.9126005361930296,cao2018,S23/060711_1m,frontal_left,mean,mean__frontal_left__FP1,2,70,"[2, 8, 12, 28, 29, 39, 40, 49]",8,False,6.546346746206897e-05,2.7867904927994713e-08,2.181186651904699e-05,60.0
F3,1152,1152,962,190,775,0.8350694444444444,0.5538284398388025,0.6659743856005538,cao2018,S23/060711_1m,frontal_left,mean,mean__frontal_left__F3,2,70,"[2, 8, 12, 28, 29, 39, 40, 49]",8,False,4.890600939740354e-05,4.299607869479231e-08,1.628767110623625e-05,60.0
FP2,1995,1995,1694,301,43,0.8491228070175438,0.97524467472654,0.9078242229367631,cao2018,S23/060711_1m,frontal_right,median,median__frontal_right__FP2,2,70,"[2, 8, 12, 26, 28, 29, 39, 40, 49, 63]",10,False,6.313390228256125e-05,-4.935369641432437e-06,2.2689757307997897e-05,60.0
F4,1079,1079,876,203,861,0.8118628359592215,0.5043177892918825,0.6221590909090909,cao2018,S23/060711_1m,frontal_right,median,median__frontal_right__F4,2,70,"[2, 8, 12, 26, 28, 29, 39, 40, 49, 63]",10,False,4.5579256920915246e-05,-1.3578286785813467e-06,1.5645695199832197e-05,60.0
FP2,1967,1967,1683,284,54,0.8556176919166243,0.9689119170984456,0.9087473002159826,cao2018,S23/060711_1m,frontal_right,mean,mean__frontal_right__FP2,2,70,"[2, 8, 12, 26, 28, 29, 39, 40, 49, 63]",10,False,6.810319019530607e-05,3.391827131238295e-08,2.2689757307997897e-05,60.0
F4,989,989,805,184,932,0.813953488372093,0.4634427173287277,0.5906089508437271,cao2018,S23/060711_1m,frontal_right,mean,mean__frontal_right__F4,2,70,"[2, 8, 12, 26, 28, 29, 39, 40, 49, 63]",10,False,4.695627773891115e-05,1.9192139414555307e-08,1.5645695199832197e-05,60.0
FP2,2041,2041,1710,331,27,0.8378245957863792,0.9844559585492227,0.9052408681842244,cao2018,S23/060711_1m,all_channel,median,median__all_channel__FP2,32,35,"[1, 4, 6, 14, 19, 20, 24]",7,False,5.5526512243446163e-05,-4.272724236954012e-06,1.9933078826800058e-05,120.0
FP1,2063,2063,1718,345,19,0.8327678138633059,0.9890616004605642,0.9042105263157895,cao2018,S23/060711_1m,all_channel,median,median__all_channel__FP1,32,35,"[1, 4, 6, 14, 19, 20, 24]",7,False,5.478096135127068e-05,-4.311619438885671e-06,1.9697526930052117e-05,120.0
F7,2006,2006,1622,384,115,0.8085742771684945,0.9337938975244675,0.8666844776916912,cao2018,S23/060711_1m,all_channel,median,median__all_channel__F7,32,35,"[1, 4, 6, 14, 19, 20, 24]",7,False,2.9861269064345654e-05,-1.8663829795949782e-06,1.0575884014646878e-05,120.0
F8,1926,1926,1570,356,167,0.8151609553478713,0.9038572251007484,0.8572208572208571,cao2018,S23/060711_1m,all_channel,median,median__all_channel__F8,32,35,"[1, 4, 6, 14, 19, 20, 24]",7,False,2.67872783363236e-05,-1.5897611697341303e-06,9.45901316868591e-06,120.0
FZ,1919,1919,1563,356,174,0.8144867118290776,0.8998272884283247,0.8550328227571116,cao2018,S23/060711_1m,all_channel,median,median__all_channel__FZ,32,35,"[1, 4, 6, 14, 19, 20, 24]",7,False,3.220368479683104e-05,-1.7683959233795675e-06,1.1324026906736869e-05,120.0
F3,1729,1729,1424,305,313,0.8235974551764026,0.819804260218768,0.8216964800923254,cao2018,S23/060711_1m,all_channel,median,median__all_channel__F3,32,35,"[1, 4, 6, 14, 19, 20, 24]",7,False,3.8632751457727294e-05,-1.98032096272206e-06,1.3537690806816453e-05,120.0
F4,1518,1518,1239,279,498,0.8162055335968379,0.7132987910189983,0.7612903225806452,cao2018,S23/060711_1m,all_channel,median,median__all_channel__F4,32,35,"[1, 4, 6, 14, 19, 20, 24]",7,False,3.8701027003945013e-05,-1.3462557381307544e-06,1.334909424735859e-05,120.0
FC3,1440,1440,1142,298,595,0.7930555555555555,0.6574553828439839,0.718917217500787,cao2018,S23/060711_1m,all_channel,median,median__all_channel__FC3,32,35,"[1, 4, 6, 14, 19, 20, 24]",7,False,2.6946999795262956e-05,-1.1083826634848749e-06,9.351794152915943e-06,120.0
FT7,1493,1493,1155,338,582,0.7736101808439384,0.6649395509499136,0.7151702786377708,cao2018,S23/060711_1m,all_channel,median,median__all_channel__FT7,32,35,"[1, 4, 6, 14, 19, 20, 24]",7,False,2.2090681834001172e-05,-9.024070959138836e-07,7.664362976638351e-06,120.0
FCZ,1263,1263,998,265,739,0.7901821060965954,0.5745538284398388,0.6653333333333333,cao2018,S23/060711_1m,all_channel,median,median__all_channel__FCZ,32,35,"[1, 4, 6, 14, 19, 20, 24]",7,False,2.9488240819756148e-05,-1.1353334982538578e-06,1.0207858106003335e-05,120.0
FT8,1314,1314,993,321,744,0.7557077625570776,0.5716753022452504,0.6509341199606686,cao2018,S23/060711_1m,all_channel,median,median__all_channel__FT8,32,35,"[1, 4, 6, 14, 19, 20, 24]",7,False,1.9588969154175118e-05,-7.496552938544702e-07,6.779541482676529e-06,120.0
FC4,1200,1200,943,257,794,0.7858333333333334,0.5428900402993667,0.6421518556350018,cao2018,S23/060711_1m,all_channel,median,median__all_channel__FC4,32,35,"[1, 4, 6, 14, 19, 20, 24]",7,False,2.7462668523509976e-05,-1.0356842343943644e-06,9.499450919301447e-06,120.0
C3,841,841,625,216,1112,0.7431629013079667,0.35981577432354633,0.4848719937936385,cao2018,S23/060711_1m,all_channel,median,median__all_channel__C3,32,35,"[1, 4, 6, 14, 19, 20, 24]",7,False,2.3256552421024535e-05,-7.232723271266816e-07,7.993274916050405e-06,120.0
C4,663,663,480,183,1257,0.7239819004524887,0.2763385146804836,0.39999999999999997,cao2018,S23/060711_1m,all_channel,median,median__all_channel__C4,32,35,"[1, 4, 6, 14, 19, 20, 24]",7,False,2.4276703271577864e-05,-6.449030800580918e-07,8.307202117211985e-06,120.0
CZ,643,643,459,184,1278,0.713841368584759,0.26424870466321243,0.38571428571428573,cao2018,S23/060711_1m,all_channel,median,median__all_channel__CZ,32,35,"[1, 4, 6, 14, 19, 20, 24]",7,False,2.6532957514400694e-05,-7.006865850305829e-07,9.077881366477092e-06,120.0
T3,703,703,465,238,1272,0.6614509246088194,0.26770293609671847,0.38114754098360654,cao2018,S23/060711_1m,all_channel,median,median__all_channel__T3,32,35,"[1, 4, 6, 14, 19, 20, 24]",7,False,1.7225154118671084e-05,-3.810031960187808e-07,5.8687191048966226e-06,120.0
T4,586,586,400,186,1337,0.6825938566552902,0.23028209556706966,0.34438226431338786,cao2018,S23/060711_1m,all_channel,median,median__all_channel__T4,32,35,"[1, 4, 6, 14, 19, 20, 24]",7,False,1.680377347010768e-05,-3.5852533803191646e-07,5.720766269379866e-06,120.0
CP3,408,408,283,125,1454,0.6936274509803921,0.1629245826137018,0.26386946386946386,cao2018,S23/060711_1m,all_channel,median,median__all_channel__CP3,32,35,"[1, 4, 6, 14, 19, 20, 24]",7,False,2.1550410627377684e-05,-4.5877666827780914e-07,7.336395765218497e-06,120.0
CP4,360,360,240,120,1497,0.6666666666666666,0.1381692573402418,0.22889842632331905,cao2018,S23/060711_1m,all_channel,median,median__all_channel__CP4,32,35,"[1, 4, 6, 14, 19, 20, 24]",7,False,2.1829215370058465e-05,-4.215394082942181e-07,7.416918259450894e-06,120.0
TP7,387,387,220,167,1517,0.5684754521963824,0.1266551525618883,0.2071563088512241,cao2018,S23/060711_1m,all_channel,median,median__all_channel__TP7,32,35,"[1, 4, 6, 14, 19, 20, 24]",7,False,1.5060920841184522e-05,-2.398015003872107e-07,5.100240780523911e-06,120.0
CPZ,320,320,210,110,1527,0.65625,0.12089810017271158,0.20418084589207583,cao2018,S23/060711_1m,all_channel,median,median__all_channel__CPZ,32,35,"[1, 4, 6, 14, 19, 20, 24]",7,False,2.3170618813541353e-05,-4.3836203128079505e-07,7.869660281607383e-06,120.0
P3,296,296,190,106,1547,0.6418918918918919,0.10938399539435809,0.1869158878504673,cao2018,S23/060711_1m,all_channel,median,median__all_channel__P3,32,35,"[1, 4, 6, 14, 19, 20, 24]",7,False,1.9956638449172633e-05,-3.3992449221628937e-07,6.765520980462974e-06,120.0
TP8,280,280,153,127,1584,0.5464285714285714,0.08808290155440414,0.1517104610808131,cao2018,S23/060711_1m,all_channel,median,median__all_channel__TP8,32,35,"[1, 4, 6, 14, 19, 20, 24]",7,False,1.5587586403383657e-05,-1.9313515062944906e-07,5.260240518004369e-06,120.0
P4,243,243,144,99,1593,0.5925925925925926,0.08290155440414508,0.14545454545454545,cao2018,S23/060711_1m,all_channel,median,median__all_channel__P4,32,35,"[1, 4, 6, 14, 19, 20, 24]",7,False,2.0070176102793703e-05,-2.68078001328861e-07,6.779418034707521e-06,120.0
T5,268,268,144,124,1593,0.5373134328358209,0.08290155440414508,0.14364089775561098,cao2018,S23/060711_1m,all_channel,median,median__all_channel__T5,32,35,"[1, 4, 6, 14, 19, 20, 24]",7,False,1.3914481489956491e-05,-1.673064460696431e-07,4.693929312008711e-06,120.0
PZ,179,179,100,79,1637,0.5586592178770949,0.057570523891767415,0.10438413361169102,cao2018,S23/060711_1m,all_channel,median,median__all_channel__PZ,32,35,"[1, 4, 6, 14, 19, 20, 24]",7,False,2.181742380750896e-05,-2.6106054728804484e-07,7.359494784932334e-06,120.0
T6,136,136,65,71,1672,0.47794117647058826,0.03742084052964882,0.06940736785904966,cao2018,S23/060711_1m,all_channel,median,median__all_channel__T6,32,35,"[1, 4, 6, 14, 19, 20, 24]",7,False,1.6030710015963636e-05,-1.0744424313796497e-07,5.379384753033867e-06,120.0
A1,194,194,46,148,1691,0.23711340206185566,0.02648244099021301,0.047643707923355774,cao2018,S23/060711_1m,all_channel,median,median__all_channel__A1,32,35,"[1, 4, 6, 14, 19, 20, 24]",7,False,7.145674678749272e-06,6.91178367689997e-09,2.3795876316907907e-06,120.0
O1,107,107,36,71,1701,0.3364485981308411,0.02072538860103627,0.039045553145336226,cao2018,S23/060711_1m,all_channel,median,median__all_channel__O1,32,35,"[1, 4, 6, 14, 19, 20, 24]",7,False,1.5049123018849911e-05,-8.046475245903983e-08,5.0431959237696505e-06,120.0
A2,194,194,35,159,1702,0.18041237113402062,0.020149683362118594,0.036250647332988085,cao2018,S23/060711_1m,all_channel,median,median__all_channel__A2,32,35,"[1, 4, 6, 14, 19, 20, 24]",7,False,7.130621530160397e-06,-7.988534332149892e-09,2.3795366881641824e-06,120.0
OZ,101,101,31,70,1706,0.3069306930693069,0.017846862406447898,0.03373231773667029,cao2018,S23/060711_1m,all_channel,median,median__all_channel__OZ,32,35,"[1, 4, 6, 14, 19, 20, 24]",7,False,1.4261117694964146e-05,-9.868387720970103e-08,4.786600524057949e-06,120.0
O2,97,97,28,69,1709,0.28865979381443296,0.016119746689694875,0.030534351145038167,cao2018,S23/060711_1m,all_channel,median,median__all_channel__O2,32,35,"[1, 4, 6, 14, 19, 20, 24]",7,False,1.5233401993448455e-05,-8.115527102258982e-08,5.104852421490348e-06,120.0
FP1,2033,2033,1713,320,24,0.8425971470732907,0.9861830742659758,0.9087533156498674,cao2018,S23/060711_1m,all_channel,mean,mean__all_channel__FP1,32,35,"[1, 4, 6, 14, 19, 20, 24]",7,False,5.909347989942653e-05,8.991092701825919e-10,1.9697526930052117e-05,120.0
FP2,2006,2006,1700,306,37,0.847457627118644,0.9786989061600461,0.9083622762489981,cao2018,S23/060711_1m,all_channel,mean,mean__all_channel__FP2,32,35,"[1, 4, 6, 14, 19, 20, 24]",7,False,5.980797255492512e-05,8.736074524945203e-09,1.9933078826800058e-05,120.0
F7,1935,1935,1589,346,148,0.821188630490956,0.9147956246401843,0.8654684095860566,cao2018,S23/060711_1m,all_channel,mean,mean__all_channel__F7,32,35,"[1, 4, 6, 14, 19, 20, 24]",7,False,3.172399486977201e-05,-3.657174168624226e-09,1.0575884014646878e-05,120.0
F8,1846,1846,1530,316,207,0.828819068255688,0.8808290155440415,0.8540329332961206,cao2018,S23/060711_1m,all_channel,mean,mean__all_channel__F8,32,35,"[1, 4, 6, 14, 19, 20, 24]",7,False,2.8386879519473834e-05,9.840013416103005e-09,9.45901316868591e-06,120.0
FZ,1826,1826,1515,311,222,0.8296823658269441,0.8721934369602763,0.8504069604266067,cao2018,S23/060711_1m,all_channel,mean,mean__all_channel__FZ,32,35,"[1, 4, 6, 14, 19, 20, 24]",7,False,3.397450316527728e-05,2.422445066676939e-09,1.1324026906736869e-05,120.0
F3,1650,1650,1359,291,378,0.8236363636363636,0.7823834196891192,0.8024800708591674,cao2018,S23/060711_1m,all_channel,mean,mean__all_channel__F3,32,35,"[1, 4, 6, 14, 19, 20, 24]",7,False,4.0611328302996145e-05,-1.7441174532108868e-09,1.3537690806816453e-05,120.0
F4,1427,1427,1174,253,563,0.8227049754730204,0.6758779504893494,0.7420986093552465,cao2018,S23/060711_1m,all_channel,mean,mean__all_channel__F4,32,35,"[1, 4, 6, 14, 19, 20, 24]",7,False,4.005369753576734e-05,6.41479369156869e-09,1.334909424735859e-05,120.0
FC3,1345,1345,1067,278,670,0.7933085501858737,0.6142774899251583,0.6924075275794939,cao2018,S23/060711_1m,all_channel,mean,mean__all_channel__FC3,32,35,"[1, 4, 6, 14, 19, 20, 24]",7,False,2.8056387670065304e-05,1.0052113174734595e-09,9.351794152915943e-06,120.0
FT7,1385,1385,1073,312,664,0.7747292418772563,0.6177317213586644,0.6873798846893019,cao2018,S23/060711_1m,all_channel,mean,mean__all_channel__FT7,32,35,"[1, 4, 6, 14, 19, 20, 24]",7,False,2.2989890262281327e-05,-3.1986676337292893e-09,7.664362976638351e-06,120.0
FCZ,1159,1159,912,247,825,0.7868852459016393,0.5250431778929189,0.6298342541436465,cao2018,S23/060711_1m,all_channel,mean,mean__all_channel__FCZ,32,35,"[1, 4, 6, 14, 19, 20, 24]",7,False,3.0625089562087556e-05,1.5152440775464934e-09,1.0207858106003335e-05,120.0
FT8,1204,1204,924,280,813,0.7674418604651163,0.531951640759931,0.6283577014620878,cao2018,S23/060711_1m,all_channel,mean,mean__all_channel__FT8,32,35,"[1, 4, 6, 14, 19, 20, 24]",7,False,2.0345785369305142e-05,7.160921275552241e-09,6.779541482676529e-06,120.0
FC4,1119,1119,883,236,854,0.7890974084003575,0.5083477259643063,0.6183473389355743,cao2018,S23/060711_1m,all_channel,mean,mean__all_channel__FC4,32,35,"[1, 4, 6, 14, 19, 20, 24]",7,False,2.850239399409379e-05,4.041236189448124e-09,9.499450919301447e-06,120.0
C3,763,763,562,201,1175,0.7365661861074705,0.3235463442717329,0.4496,cao2018,S23/060711_1m,all_channel,mean,mean__all_channel__C3,32,35,"[1, 4, 6, 14, 19, 20, 24]",7,False,2.398212982195367e-05,2.3050738024509003e-09,7.993274916050405e-06,120.0
C4,594,594,425,169,1312,0.7154882154882155,0.24467472654001152,0.36465036465036466,cao2018,S23/060711_1m,all_channel,mean,mean__all_channel__C4,32,35,"[1, 4, 6, 14, 19, 20, 24]",7,False,2.492548069254901e-05,3.874340913054606e-09,8.307202117211985e-06,120.0
CZ,585,585,420,165,1317,0.717948717948718,0.24179620034542315,0.36175710594315247,cao2018,S23/060711_1m,all_channel,mean,mean__all_channel__CZ,32,35,"[1, 4, 6, 14, 19, 20, 24]",7,False,2.7235374331699917e-05,1.7302322686409477e-09,9.077881366477092e-06,120.0
T3,663,663,434,229,1303,0.6546003016591252,0.24985607369027057,0.3616666666666667,cao2018,S23/060711_1m,all_channel,mean,mean__all_channel__T3,32,35,"[1, 4, 6, 14, 19, 20, 24]",7,False,1.7606193223542645e-05,3.590885277780927e-11,5.8687191048966226e-06,120.0
T4,558,558,378,180,1359,0.6774193548387096,0.21761658031088082,0.32941176470588235,cao2018,S23/060711_1m,all_channel,mean,mean__all_channel__T4,32,35,"[1, 4, 6, 14, 19, 20, 24]",7,False,1.7167794584779284e-05,5.495776639686813e-09,5.720766269379866e-06,120.0
CP3,372,372,254,118,1483,0.6827956989247311,0.14622913068508925,0.2408724513987672,cao2018,S23/060711_1m,all_channel,mean,mean__all_channel__CP3,32,35,"[1, 4, 6, 14, 19, 20, 24]",7,False,2.2012146302073363e-05,2.95900641787087e-09,7.336395765218497e-06,120.0
CP4,326,326,215,111,1522,0.6595092024539877,0.12377662636729994,0.2084343189529811,cao2018,S23/060711_1m,all_channel,mean,mean__all_channel__CP4,32,35,"[1, 4, 6, 14, 19, 20, 24]",7,False,2.225270107138505e-05,1.9462930323699175e-09,7.416918259450894e-06,120.0
TP7,365,365,207,158,1530,0.5671232876712329,0.11917098445595854,0.19695528068506185,cao2018,S23/060711_1m,all_channel,mean,mean__all_channel__TP7,32,35,"[1, 4, 6, 14, 19, 20, 24]",7,False,1.530026126332192e-05,-4.6107824981324494e-10,5.100240780523911e-06,120.0
CPZ,296,296,191,105,1546,0.6452702702702703,0.10995970063327576,0.18789965568125924,cao2018,S23/060711_1m,all_channel,mean,mean__all_channel__CPZ,32,35,"[1, 4, 6, 14, 19, 20, 24]",7,False,2.361035821760332e-05,1.3773727811701669e-09,7.869660281607383e-06,120.0
P3,281,281,175,106,1562,0.6227758007117438,0.10074841681059298,0.1734390485629336,cao2018,S23/060711_1m,all_channel,mean,mean__all_channel__P3,32,35,"[1, 4, 6, 14, 19, 20, 24]",7,False,2.029823157631261e-05,1.6686349236885434e-09,6.765520980462974e-06,120.0
TP8,268,268,144,124,1593,0.5373134328358209,0.08290155440414508,0.14364089775561098,cao2018,S23/060711_1m,all_channel,mean,mean__all_channel__TP8,32,35,"[1, 4, 6, 14, 19, 20, 24]",7,False,1.5784342772903628e-05,3.6212188905198345e-09,5.260240518004369e-06,120.0
P4,233,233,137,96,1600,0.5879828326180258,0.07887161773172136,0.13908629441624365,cao2018,S23/060711_1m,all_channel,mean,mean__all_channel__P4,32,35,"[1, 4, 6, 14, 19, 20, 24]",7,False,2.0340536638621024e-05,2.2825344984583154e-09,6.779418034707521e-06,120.0
T5,252,252,136,116,1601,0.5396825396825397,0.07829591249280368,0.13675213675213677,cao2018,S23/060711_1m,all_channel,mean,mean__all_channel__T5,32,35,"[1, 4, 6, 14, 19, 20, 24]",7,False,1.4081994066528726e-05,2.0613050259201852e-10,4.693929312008711e-06,120.0
PZ,170,170,94,76,1643,0.5529411764705883,0.05411629245826137,0.09858416360776089,cao2018,S23/060711_1m,all_channel,mean,mean__all_channel__PZ,32,35,"[1, 4, 6, 14, 19, 20, 24]",7,False,2.2078595992306394e-05,1.1163750939108946e-10,7.359494784932334e-06,120.0
T6,132,132,62,70,1675,0.4696969696969697,0.035693724812895795,0.06634563937934723,cao2018,S23/060711_1m,all_channel,mean,mean__all_channel__T6,32,35,"[1, 4, 6, 14, 19, 20, 24]",7,False,1.6139308064475228e-05,1.153805373628762e-09,5.379384753033867e-06,120.0
A1,194,194,46,148,1691,0.23711340206185566,0.02648244099021301,0.047643707923355774,cao2018,S23/060711_1m,all_channel,mean,mean__all_channel__A1,32,35,"[1, 4, 6, 14, 19, 20, 24]",7,False,7.137663892232792e-06,-1.0990028395804013e-09,2.3795876316907907e-06,120.0
O1,104,104,34,70,1703,0.3269230769230769,0.01957397812320092,0.03693644758283541,cao2018,S23/060711_1m,all_channel,mean,mean__all_channel__O1,32,35,"[1, 4, 6, 14, 19, 20, 24]",7,False,1.513045183559744e-05,8.640642884879921e-10,5.0431959237696505e-06,120.0
A2,195,195,35,160,1702,0.1794871794871795,0.020149683362118594,0.036231884057971016,cao2018,S23/060711_1m,all_channel,mean,mean__all_channel__A2,32,35,"[1, 4, 6, 14, 19, 20, 24]",7,False,7.139707512136386e-06,1.097447643838373e-09,2.3795366881641824e-06,120.0
OZ,96,96,30,66,1707,0.3125,0.017271157167530225,0.03273322422258592,cao2018,S23/060711_1m,all_channel,mean,mean__all_channel__OZ,32,35,"[1, 4, 6, 14, 19, 20, 24]",7,False,1.4359617320422762e-05,-1.8425175108318327e-10,4.786600524057949e-06,120.0
O2,95,95,28,67,1709,0.29473684210526313,0.016119746689694875,0.030567685589519646,cao2018,S23/060711_1m,all_channel,mean,mean__all_channel__O2,32,35,"[1, 4, 6, 14, 19, 20, 24]",7,False,1.5314729632985008e-05,1.7236851396254816e-10,5.104852421490348e-06,120.0
FP2,2041,2041,1710,331,27,0.8378245957863792,0.9844559585492227,0.9052408681842244,cao2018,S23/060711_1m,frontal,median,median__frontal__FP2,4,35,"[1, 4, 6, 14, 19, 20, 24]",7,False,5.5526512243446163e-05,-4.272724236954012e-06,1.9933078826800058e-05,120.0
FP1,2063,2063,1718,345,19,0.8327678138633059,0.9890616004605642,0.9042105263157895,cao2018,S23/060711_1m,frontal,median,median__frontal__FP1,4,35,"[1, 4, 6, 14, 19, 20, 24]",7,False,5.478096135127068e-05,-4.311619438885671e-06,1.9697526930052117e-05,120.0
F3,1729,1729,1424,305,313,0.8235974551764026,0.819804260218768,0.8216964800923254,cao2018,S23/060711_1m,frontal,median,median__frontal__F3,4,35,"[1, 4, 6, 14, 19, 20, 24]",7,False,3.8632751457727294e-05,-1.98032096272206e-06,1.3537690806816453e-05,120.0
F4,1518,1518,1239,279,498,0.8162055335968379,0.7132987910189983,0.7612903225806452,cao2018,S23/060711_1m,frontal,median,median__frontal__F4,4,35,"[1, 4, 6, 14, 19, 20, 24]",7,False,3.8701027003945013e-05,-1.3462557381307544e-06,1.334909424735859e-05,120.0
FP1,2033,2033,1713,320,24,0.8425971470732907,0.9861830742659758,0.9087533156498674,cao2018,S23/060711_1m,frontal,mean,mean__frontal__FP1,4,35,"[1, 4, 6, 14, 19, 20, 24]",7,False,5.909347989942653e-05,8.991092701825919e-10,1.9697526930052117e-05,120.0
FP2,2006,2006,1700,306,37,0.847457627118644,0.9786989061600461,0.9083622762489981,cao2018,S23/060711_1m,frontal,mean,mean__frontal__FP2,4,35,"[1, 4, 6, 14, 19, 20, 24]",7,False,5.980797255492512e-05,8.736074524945203e-09,1.9933078826800058e-05,120.0
F3,1650,1650,1359,291,378,0.8236363636363636,0.7823834196891192,0.8024800708591674,cao2018,S23/060711_1m,frontal,mean,mean__frontal__F3,4,35,"[1, 4, 6, 14, 19, 20, 24]",7,False,4.0611328302996145e-05,-1.7441174532108868e-09,1.3537690806816453e-05,120.0
F4,1427,1427,1174,253,563,0.8227049754730204,0.6758779504893494,0.7420986093552465,cao2018,S23/060711_1m,frontal,mean,mean__frontal__F4,4,35,"[1, 4, 6, 14, 19, 20, 24]",7,False,4.005369753576734e-05,6.41479369156869e-09,1.334909424735859e-05,120.0
FP1,2063,2063,1718,345,19,0.8327678138633059,0.9890616004605642,0.9042105263157895,cao2018,S23/060711_1m,frontal_left,median,median__frontal_left__FP1,2,35,"[1, 4, 6, 14, 19, 20, 24]",7,False,5.478096135127068e-05,-4.311619438885671e-06,1.9697526930052117e-05,120.0
F3,1729,1729,1424,305,313,0.8235974551764026,0.819804260218768,0.8216964800923254,cao2018,S23/060711_1m,frontal_left,median,median__frontal_left__F3,2,35,"[1, 4, 6, 14, 19, 20, 24]",7,False,3.8632751457727294e-05,-1.98032096272206e-06,1.3537690806816453e-05,120.0
FP1,2033,2033,1713,320,24,0.8425971470732907,0.9861830742659758,0.9087533156498674,cao2018,S23/060711_1m,frontal_left,mean,mean__frontal_left__FP1,2,35,"[1, 4, 6, 14, 19, 20, 24]",7,False,5.909347989942653e-05,8.991092701825919e-10,1.9697526930052117e-05,120.0
F3,1650,1650,1359,291,378,0.8236363636363636,0.7823834196891192,0.8024800708591674,cao2018,S23/060711_1m,frontal_left,mean,mean__frontal_left__F3,2,35,"[1, 4, 6, 14, 19, 20, 24]",7,False,4.0611328302996145e-05,-1.7441174532108868e-09,1.3537690806816453e-05,120.0
FP2,2041,2041,1710,331,27,0.8378245957863792,0.9844559585492227,0.9052408681842244,cao2018,S23/060711_1m,frontal_right,median,median__frontal_right__FP2,2,35,"[1, 4, 6, 14, 19, 20, 24]",7,False,5.5526512243446163e-05,-4.272724236954012e-06,1.9933078826800058e-05,120.0
F4,1518,1518,1239,279,498,0.8162055335968379,0.7132987910189983,0.7612903225806452,cao2018,S23/060711_1m,frontal_right,median,median__frontal_right__F4,2,35,"[1, 4, 6, 14, 19, 20, 24]",7,False,3.8701027003945013e-05,-1.3462557381307544e-06,1.334909424735859e-05,120.0
FP2,2006,2006,1700,306,37,0.847457627118644,0.9786989061600461,0.9083622762489981,cao2018,S23/060711_1m,frontal_right,mean,mean__frontal_right__FP2,2,35,"[1, 4, 6, 14, 19, 20, 24]",7,False,5.980797255492512e-05,8.736074524945203e-09,1.9933078826800058e-05,120.0
F4,1427,1427,1174,253,563,0.8227049754730204,0.6758779504893494,0.7420986093552465,cao2018,S23/060711_1m,frontal_right,mean,mean__frontal_right__F4,2,35,"[1, 4, 6, 14, 19, 20, 24]",7,False,4.005369753576734e-05,6.41479369156869e-09,1.334909424735859e-05,120.0
