channel,raw_candidate_count,mapped_candidate_count,tp,fp,fn,precision,recall,f1,dataset,session,selection,center_method,condition,n_channels_used,n_valid,flagged_valid_epoch_indices,n_flagged,used_all_epochs,blink_region_threshold,threshold_center,threshold_dispersion,epoch_duration_s
FP2,741,741,508,233,80,0.6855600539811066,0.8639455782312925,0.764484574868322,cao2018,S41/080530n,all_channel,median,median__all_channel__FP2,32,377,"[0, 1, 2, 3, 4, 5, 6, 7, 8, 9, 10, 11, 12, 13, 14, 15, 16, 17, 18, 19, 20, 21, 22, 23, 24, 25, 27, 28, 29, 30, 31, 32, 33, 34, 35, 36, 37, 38, 39, 40, 41, 42, 43, 44, 46, 47, 48, 49, 50, 51, 52, 53, 54, 55, 56, 57, 58, 60, 63, 64, 65, 68, 69, 70, 71, 72, 73, 75, 79, 81, 82, 84, 86, 88, 89, 90, 91, 93, 97, 99, 100, 101, 104, 107, 111, 112, 113, 114, 117, 118, 120, 121, 127, 128, 129, 130, 131, 134, 138, 139, 141, 143, 149, 152, 155, 156, 157, 164, 166, 167, 173, 181, 182, 188, 190, 193, 194, 196, 197, 198, 200, 202, 205, 206, 211, 212, 215, 216, 220, 222, 225, 227, 231, 234, 236, 237, 241, 243, 244, 245, 246, 249, 251, 253, 254, 256, 259, 260, 262, 263, 264, 266, 268, 270, 276, 278, 280, 281, 282, 286, 287, 289, 290, 291, 297, 298, 300, 307, 308, 311, 312, 314, 315, 316, 318, 319, 321, 322, 323, 324, 326, 327, 330, 332, 333, 336, 337, 338, 339, 343, 344, 347, 348, 349, 351, 352, 353, 354, 358, 359, 363, 364, 367, 368, 369, 370, 374]",207,False,7.199350408349791e-05,-2.975719143056579e-06,2.4989741075518165e-05,10.0
FP1,736,736,498,238,90,0.6766304347826086,0.8469387755102041,0.7522658610271904,cao2018,S41/080530n,all_channel,median,median__all_channel__FP1,32,377,"[0, 1, 2, 3, 4, 5, 6, 7, 8, 9, 10, 11, 12, 13, 14, 15, 16, 17, 18, 19, 20, 21, 22, 23, 24, 25, 27, 28, 29, 30, 31, 32, 33, 34, 35, 36, 37, 38, 39, 40, 41, 42, 43, 44, 46, 47, 48, 49, 50, 51, 52, 53, 54, 55, 56, 57, 58, 60, 63, 64, 65, 68, 69, 70, 71, 72, 73, 75, 79, 81, 82, 84, 86, 88, 89, 90, 91, 93, 97, 99, 100, 101, 104, 107, 111, 112, 113, 114, 117, 118, 120, 121, 127, 128, 129, 130, 131, 134, 138, 139, 141, 143, 149, 152, 155, 156, 157, 164, 166, 167, 173, 181, 182, 188, 190, 193, 194, 196, 197, 198, 200, 202, 205, 206, 211, 212, 215, 216, 220, 222, 225, 227, 231, 234, 236, 237, 241, 243, 244, 245, 246, 249, 251, 253, 254, 256, 259, 260, 262, 263, 264, 266, 268, 270, 276, 278, 280, 281, 282, 286, 287, 289, 290, 291, 297, 298, 300, 307, 308, 311, 312, 314, 315, 316, 318, 319, 321, 322, 323, 324, 326, 327, 330, 332, 333, 336, 337, 338, 339, 343, 344, 347, 348, 349, 351, 352, 353, 354, 358, 359, 363, 364, 367, 368, 369, 370, 374]",207,False,6.785966729080039e-05,-2.5654748562656754e-06,2.3475047382355355e-05,10.0
F7,359,359,254,105,334,0.7075208913649025,0.43197278911564624,0.5364308342133052,cao2018,S41/080530n,all_channel,median,median__all_channel__F7,32,377,"[0, 1, 2, 3, 4, 5, 6, 7, 8, 9, 10, 11, 12, 13, 14, 15, 16, 17, 18, 19, 20, 21, 22, 23, 24, 25, 27, 28, 29, 30, 31, 32, 33, 34, 35, 36, 37, 38, 39, 40, 41, 42, 43, 44, 46, 47, 48, 49, 50, 51, 52, 53, 54, 55, 56, 57, 58, 60, 63, 64, 65, 68, 69, 70, 71, 72, 73, 75, 79, 81, 82, 84, 86, 88, 89, 90, 91, 93, 97, 99, 100, 101, 104, 107, 111, 112, 113, 114, 117, 118, 120, 121, 127, 128, 129, 130, 131, 134, 138, 139, 141, 143, 149, 152, 155, 156, 157, 164, 166, 167, 173, 181, 182, 188, 190, 193, 194, 196, 197, 198, 200, 202, 205, 206, 211, 212, 215, 216, 220, 222, 225, 227, 231, 234, 236, 237, 241, 243, 244, 245, 246, 249, 251, 253, 254, 256, 259, 260, 262, 263, 264, 266, 268, 270, 276, 278, 280, 281, 282, 286, 287, 289, 290, 291, 297, 298, 300, 307, 308, 311, 312, 314, 315, 316, 318, 319, 321, 322, 323, 324, 326, 327, 330, 332, 333, 336, 337, 338, 339, 343, 344, 347, 348, 349, 351, 352, 353, 354, 358, 359, 363, 364, 367, 368, 369, 370, 374]",207,False,4.527951024849848e-05,-1.3455065590954876e-06,1.5541672269197988e-05,10.0
F8,261,261,216,45,372,0.8275862068965517,0.3673469387755102,0.5088339222614842,cao2018,S41/080530n,all_channel,median,median__all_channel__F8,32,377,"[0, 1, 2, 3, 4, 5, 6, 7, 8, 9, 10, 11, 12, 13, 14, 15, 16, 17, 18, 19, 20, 21, 22, 23, 24, 25, 27, 28, 29, 30, 31, 32, 33, 34, 35, 36, 37, 38, 39, 40, 41, 42, 43, 44, 46, 47, 48, 49, 50, 51, 52, 53, 54, 55, 56, 57, 58, 60, 63, 64, 65, 68, 69, 70, 71, 72, 73, 75, 79, 81, 82, 84, 86, 88, 89, 90, 91, 93, 97, 99, 100, 101, 104, 107, 111, 112, 113, 114, 117, 118, 120, 121, 127, 128, 129, 130, 131, 134, 138, 139, 141, 143, 149, 152, 155, 156, 157, 164, 166, 167, 173, 181, 182, 188, 190, 193, 194, 196, 197, 198, 200, 202, 205, 206, 211, 212, 215, 216, 220, 222, 225, 227, 231, 234, 236, 237, 241, 243, 244, 245, 246, 249, 251, 253, 254, 256, 259, 260, 262, 263, 264, 266, 268, 270, 276, 278, 280, 281, 282, 286, 287, 289, 290, 291, 297, 298, 300, 307, 308, 311, 312, 314, 315, 316, 318, 319, 321, 322, 323, 324, 326, 327, 330, 332, 333, 336, 337, 338, 339, 343, 344, 347, 348, 349, 351, 352, 353, 354, 358, 359, 363, 364, 367, 368, 369, 370, 374]",207,False,3.966373238812865e-05,-1.369454347191376e-06,1.367772891177334e-05,10.0
F4,214,214,172,42,416,0.8037383177570093,0.2925170068027211,0.428927680798005,cao2018,S41/080530n,all_channel,median,median__all_channel__F4,32,377,"[0, 1, 2, 3, 4, 5, 6, 7, 8, 9, 10, 11, 12, 13, 14, 15, 16, 17, 18, 19, 20, 21, 22, 23, 24, 25, 27, 28, 29, 30, 31, 32, 33, 34, 35, 36, 37, 38, 39, 40, 41, 42, 43, 44, 46, 47, 48, 49, 50, 51, 52, 53, 54, 55, 56, 57, 58, 60, 63, 64, 65, 68, 69, 70, 71, 72, 73, 75, 79, 81, 82, 84, 86, 88, 89, 90, 91, 93, 97, 99, 100, 101, 104, 107, 111, 112, 113, 114, 117, 118, 120, 121, 127, 128, 129, 130, 131, 134, 138, 139, 141, 143, 149, 152, 155, 156, 157, 164, 166, 167, 173, 181, 182, 188, 190, 193, 194, 196, 197, 198, 200, 202, 205, 206, 211, 212, 215, 216, 220, 222, 225, 227, 231, 234, 236, 237, 241, 243, 244, 245, 246, 249, 251, 253, 254, 256, 259, 260, 262, 263, 264, 266, 268, 270, 276, 278, 280, 281, 282, 286, 287, 289, 290, 291, 297, 298, 300, 307, 308, 311, 312, 314, 315, 316, 318, 319, 321, 322, 323, 324, 326, 327, 330, 332, 333, 336, 337, 338, 339, 343, 344, 347, 348, 349, 351, 352, 353, 354, 358, 359, 363, 364, 367, 368, 369, 370, 374]",207,False,4.451858739170255e-05,-1.3316622981009305e-06,1.5283416563267827e-05,10.0
F3,222,222,173,49,415,0.7792792792792793,0.2942176870748299,0.4271604938271605,cao2018,S41/080530n,all_channel,median,median__all_channel__F3,32,377,"[0, 1, 2, 3, 4, 5, 6, 7, 8, 9, 10, 11, 12, 13, 14, 15, 16, 17, 18, 19, 20, 21, 22, 23, 24, 25, 27, 28, 29, 30, 31, 32, 33, 34, 35, 36, 37, 38, 39, 40, 41, 42, 43, 44, 46, 47, 48, 49, 50, 51, 52, 53, 54, 55, 56, 57, 58, 60, 63, 64, 65, 68, 69, 70, 71, 72, 73, 75, 79, 81, 82, 84, 86, 88, 89, 90, 91, 93, 97, 99, 100, 101, 104, 107, 111, 112, 113, 114, 117, 118, 120, 121, 127, 128, 129, 130, 131, 134, 138, 139, 141, 143, 149, 152, 155, 156, 157, 164, 166, 167, 173, 181, 182, 188, 190, 193, 194, 196, 197, 198, 200, 202, 205, 206, 211, 212, 215, 216, 220, 222, 225, 227, 231, 234, 236, 237, 241, 243, 244, 245, 246, 249, 251, 253, 254, 256, 259, 260, 262, 263, 264, 266, 268, 270, 276, 278, 280, 281, 282, 286, 287, 289, 290, 291, 297, 298, 300, 307, 308, 311, 312, 314, 315, 316, 318, 319, 321, 322, 323, 324, 326, 327, 330, 332, 333, 336, 337, 338, 339, 343, 344, 347, 348, 349, 351, 352, 353, 354, 358, 359, 363, 364, 367, 368, 369, 370, 374]",207,False,4.527444119819799e-05,-1.2475277569264478e-06,1.550732298504148e-05,10.0
FZ,173,173,125,48,463,0.7225433526011561,0.21258503401360543,0.32851511169513803,cao2018,S41/080530n,all_channel,median,median__all_channel__FZ,32,377,"[0, 1, 2, 3, 4, 5, 6, 7, 8, 9, 10, 11, 12, 13, 14, 15, 16, 17, 18, 19, 20, 21, 22, 23, 24, 25, 27, 28, 29, 30, 31, 32, 33, 34, 35, 36, 37, 38, 39, 40, 41, 42, 43, 44, 46, 47, 48, 49, 50, 51, 52, 53, 54, 55, 56, 57, 58, 60, 63, 64, 65, 68, 69, 70, 71, 72, 73, 75, 79, 81, 82, 84, 86, 88, 89, 90, 91, 93, 97, 99, 100, 101, 104, 107, 111, 112, 113, 114, 117, 118, 120, 121, 127, 128, 129, 130, 131, 134, 138, 139, 141, 143, 149, 152, 155, 156, 157, 164, 166, 167, 173, 181, 182, 188, 190, 193, 194, 196, 197, 198, 200, 202, 205, 206, 211, 212, 215, 216, 220, 222, 225, 227, 231, 234, 236, 237, 241, 243, 244, 245, 246, 249, 251, 253, 254, 256, 259, 260, 262, 263, 264, 266, 268, 270, 276, 278, 280, 281, 282, 286, 287, 289, 290, 291, 297, 298, 300, 307, 308, 311, 312, 314, 315, 316, 318, 319, 321, 322, 323, 324, 326, 327, 330, 332, 333, 336, 337, 338, 339, 343, 344, 347, 348, 349, 351, 352, 353, 354, 358, 359, 363, 364, 367, 368, 369, 370, 374]",207,False,4.585861269275341e-05,-1.1429650582673318e-06,1.566719258367358e-05,10.0
FT8,80,80,64,16,524,0.8,0.10884353741496598,0.19161676646706588,cao2018,S41/080530n,all_channel,median,median__all_channel__FT8,32,377,"[0, 1, 2, 3, 4, 5, 6, 7, 8, 9, 10, 11, 12, 13, 14, 15, 16, 17, 18, 19, 20, 21, 22, 23, 24, 25, 27, 28, 29, 30, 31, 32, 33, 34, 35, 36, 37, 38, 39, 40, 41, 42, 43, 44, 46, 47, 48, 49, 50, 51, 52, 53, 54, 55, 56, 57, 58, 60, 63, 64, 65, 68, 69, 70, 71, 72, 73, 75, 79, 81, 82, 84, 86, 88, 89, 90, 91, 93, 97, 99, 100, 101, 104, 107, 111, 112, 113, 114, 117, 118, 120, 121, 127, 128, 129, 130, 131, 134, 138, 139, 141, 143, 149, 152, 155, 156, 157, 164, 166, 167, 173, 181, 182, 188, 190, 193, 194, 196, 197, 198, 200, 202, 205, 206, 211, 212, 215, 216, 220, 222, 225, 227, 231, 234, 236, 237, 241, 243, 244, 245, 246, 249, 251, 253, 254, 256, 259, 260, 262, 263, 264, 266, 268, 270, 276, 278, 280, 281, 282, 286, 287, 289, 290, 291, 297, 298, 300, 307, 308, 311, 312, 314, 315, 316, 318, 319, 321, 322, 323, 324, 326, 327, 330, 332, 333, 336, 337, 338, 339, 343, 344, 347, 348, 349, 351, 352, 353, 354, 358, 359, 363, 364, 367, 368, 369, 370, 374]",207,False,2.8185160918365725e-05,-6.884381472812323e-07,9.624533021882318e-06,10.0
FT7,101,101,61,40,527,0.6039603960396039,0.10374149659863946,0.17706821480406384,cao2018,S41/080530n,all_channel,median,median__all_channel__FT7,32,377,"[0, 1, 2, 3, 4, 5, 6, 7, 8, 9, 10, 11, 12, 13, 14, 15, 16, 17, 18, 19, 20, 21, 22, 23, 24, 25, 27, 28, 29, 30, 31, 32, 33, 34, 35, 36, 37, 38, 39, 40, 41, 42, 43, 44, 46, 47, 48, 49, 50, 51, 52, 53, 54, 55, 56, 57, 58, 60, 63, 64, 65, 68, 69, 70, 71, 72, 73, 75, 79, 81, 82, 84, 86, 88, 89, 90, 91, 93, 97, 99, 100, 101, 104, 107, 111, 112, 113, 114, 117, 118, 120, 121, 127, 128, 129, 130, 131, 134, 138, 139, 141, 143, 149, 152, 155, 156, 157, 164, 166, 167, 173, 181, 182, 188, 190, 193, 194, 196, 197, 198, 200, 202, 205, 206, 211, 212, 215, 216, 220, 222, 225, 227, 231, 234, 236, 237, 241, 243, 244, 245, 246, 249, 251, 253, 254, 256, 259, 260, 262, 263, 264, 266, 268, 270, 276, 278, 280, 281, 282, 286, 287, 289, 290, 291, 297, 298, 300, 307, 308, 311, 312, 314, 315, 316, 318, 319, 321, 322, 323, 324, 326, 327, 330, 332, 333, 336, 337, 338, 339, 343, 344, 347, 348, 349, 351, 352, 353, 354, 358, 359, 363, 364, 367, 368, 369, 370, 374]",207,False,3.0927527499428256e-05,-6.806085785871924e-07,1.0536045359338481e-05,10.0
FC3,83,83,34,49,554,0.40963855421686746,0.05782312925170068,0.10134128166915052,cao2018,S41/080530n,all_channel,median,median__all_channel__FC3,32,377,"[0, 1, 2, 3, 4, 5, 6, 7, 8, 9, 10, 11, 12, 13, 14, 15, 16, 17, 18, 19, 20, 21, 22, 23, 24, 25, 27, 28, 29, 30, 31, 32, 33, 34, 35, 36, 37, 38, 39, 40, 41, 42, 43, 44, 46, 47, 48, 49, 50, 51, 52, 53, 54, 55, 56, 57, 58, 60, 63, 64, 65, 68, 69, 70, 71, 72, 73, 75, 79, 81, 82, 84, 86, 88, 89, 90, 91, 93, 97, 99, 100, 101, 104, 107, 111, 112, 113, 114, 117, 118, 120, 121, 127, 128, 129, 130, 131, 134, 138, 139, 141, 143, 149, 152, 155, 156, 157, 164, 166, 167, 173, 181, 182, 188, 190, 193, 194, 196, 197, 198, 200, 202, 205, 206, 211, 212, 215, 216, 220, 222, 225, 227, 231, 234, 236, 237, 241, 243, 244, 245, 246, 249, 251, 253, 254, 256, 259, 260, 262, 263, 264, 266, 268, 270, 276, 278, 280, 281, 282, 286, 287, 289, 290, 291, 297, 298, 300, 307, 308, 311, 312, 314, 315, 316, 318, 319, 321, 322, 323, 324, 326, 327, 330, 332, 333, 336, 337, 338, 339, 343, 344, 347, 348, 349, 351, 352, 353, 354, 358, 359, 363, 364, 367, 368, 369, 370, 374]",207,False,3.8746151218070094e-05,-7.271291804310445e-07,1.3157760132833713e-05,10.0
FC4,67,67,32,35,556,0.47761194029850745,0.05442176870748299,0.09770992366412214,cao2018,S41/080530n,all_channel,median,median__all_channel__FC4,32,377,"[0, 1, 2, 3, 4, 5, 6, 7, 8, 9, 10, 11, 12, 13, 14, 15, 16, 17, 18, 19, 20, 21, 22, 23, 24, 25, 27, 28, 29, 30, 31, 32, 33, 34, 35, 36, 37, 38, 39, 40, 41, 42, 43, 44, 46, 47, 48, 49, 50, 51, 52, 53, 54, 55, 56, 57, 58, 60, 63, 64, 65, 68, 69, 70, 71, 72, 73, 75, 79, 81, 82, 84, 86, 88, 89, 90, 91, 93, 97, 99, 100, 101, 104, 107, 111, 112, 113, 114, 117, 118, 120, 121, 127, 128, 129, 130, 131, 134, 138, 139, 141, 143, 149, 152, 155, 156, 157, 164, 166, 167, 173, 181, 182, 188, 190, 193, 194, 196, 197, 198, 200, 202, 205, 206, 211, 212, 215, 216, 220, 222, 225, 227, 231, 234, 236, 237, 241, 243, 244, 245, 246, 249, 251, 253, 254, 256, 259, 260, 262, 263, 264, 266, 268, 270, 276, 278, 280, 281, 282, 286, 287, 289, 290, 291, 297, 298, 300, 307, 308, 311, 312, 314, 315, 316, 318, 319, 321, 322, 323, 324, 326, 327, 330, 332, 333, 336, 337, 338, 339, 343, 344, 347, 348, 349, 351, 352, 353, 354, 358, 359, 363, 364, 367, 368, 369, 370, 374]",207,False,3.689484030234342e-05,-7.803459263722639e-07,1.2558395409571893e-05,10.0
T4,28,28,17,11,571,0.6071428571428571,0.02891156462585034,0.0551948051948052,cao2018,S41/080530n,all_channel,median,median__all_channel__T4,32,377,"[0, 1, 2, 3, 4, 5, 6, 7, 8, 9, 10, 11, 12, 13, 14, 15, 16, 17, 18, 19, 20, 21, 22, 23, 24, 25, 27, 28, 29, 30, 31, 32, 33, 34, 35, 36, 37, 38, 39, 40, 41, 42, 43, 44, 46, 47, 48, 49, 50, 51, 52, 53, 54, 55, 56, 57, 58, 60, 63, 64, 65, 68, 69, 70, 71, 72, 73, 75, 79, 81, 82, 84, 86, 88, 89, 90, 91, 93, 97, 99, 100, 101, 104, 107, 111, 112, 113, 114, 117, 118, 120, 121, 127, 128, 129, 130, 131, 134, 138, 139, 141, 143, 149, 152, 155, 156, 157, 164, 166, 167, 173, 181, 182, 188, 190, 193, 194, 196, 197, 198, 200, 202, 205, 206, 211, 212, 215, 216, 220, 222, 225, 227, 231, 234, 236, 237, 241, 243, 244, 245, 246, 249, 251, 253, 254, 256, 259, 260, 262, 263, 264, 266, 268, 270, 276, 278, 280, 281, 282, 286, 287, 289, 290, 291, 297, 298, 300, 307, 308, 311, 312, 314, 315, 316, 318, 319, 321, 322, 323, 324, 326, 327, 330, 332, 333, 336, 337, 338, 339, 343, 344, 347, 348, 349, 351, 352, 353, 354, 358, 359, 363, 364, 367, 368, 369, 370, 374]",207,False,2.400495931738182e-05,-3.5239849908504133e-07,8.119119272155621e-06,10.0
T3,39,39,13,26,575,0.3333333333333333,0.022108843537414966,0.04146730462519936,cao2018,S41/080530n,all_channel,median,median__all_channel__T3,32,377,"[0, 1, 2, 3, 4, 5, 6, 7, 8, 9, 10, 11, 12, 13, 14, 15, 16, 17, 18, 19, 20, 21, 22, 23, 24, 25, 27, 28, 29, 30, 31, 32, 33, 34, 35, 36, 37, 38, 39, 40, 41, 42, 43, 44, 46, 47, 48, 49, 50, 51, 52, 53, 54, 55, 56, 57, 58, 60, 63, 64, 65, 68, 69, 70, 71, 72, 73, 75, 79, 81, 82, 84, 86, 88, 89, 90, 91, 93, 97, 99, 100, 101, 104, 107, 111, 112, 113, 114, 117, 118, 120, 121, 127, 128, 129, 130, 131, 134, 138, 139, 141, 143, 149, 152, 155, 156, 157, 164, 166, 167, 173, 181, 182, 188, 190, 193, 194, 196, 197, 198, 200, 202, 205, 206, 211, 212, 215, 216, 220, 222, 225, 227, 231, 234, 236, 237, 241, 243, 244, 245, 246, 249, 251, 253, 254, 256, 259, 260, 262, 263, 264, 266, 268, 270, 276, 278, 280, 281, 282, 286, 287, 289, 290, 291, 297, 298, 300, 307, 308, 311, 312, 314, 315, 316, 318, 319, 321, 322, 323, 324, 326, 327, 330, 332, 333, 336, 337, 338, 339, 343, 344, 347, 348, 349, 351, 352, 353, 354, 358, 359, 363, 364, 367, 368, 369, 370, 374]",207,False,2.4614021790260323e-05,-3.4481426853870125e-07,8.319612019599675e-06,10.0
FCZ,78,78,11,67,577,0.14102564102564102,0.01870748299319728,0.03303303303303304,cao2018,S41/080530n,all_channel,median,median__all_channel__FCZ,32,377,"[0, 1, 2, 3, 4, 5, 6, 7, 8, 9, 10, 11, 12, 13, 14, 15, 16, 17, 18, 19, 20, 21, 22, 23, 24, 25, 27, 28, 29, 30, 31, 32, 33, 34, 35, 36, 37, 38, 39, 40, 41, 42, 43, 44, 46, 47, 48, 49, 50, 51, 52, 53, 54, 55, 56, 57, 58, 60, 63, 64, 65, 68, 69, 70, 71, 72, 73, 75, 79, 81, 82, 84, 86, 88, 89, 90, 91, 93, 97, 99, 100, 101, 104, 107, 111, 112, 113, 114, 117, 118, 120, 121, 127, 128, 129, 130, 131, 134, 138, 139, 141, 143, 149, 152, 155, 156, 157, 164, 166, 167, 173, 181, 182, 188, 190, 193, 194, 196, 197, 198, 200, 202, 205, 206, 211, 212, 215, 216, 220, 222, 225, 227, 231, 234, 236, 237, 241, 243, 244, 245, 246, 249, 251, 253, 254, 256, 259, 260, 262, 263, 264, 266, 268, 270, 276, 278, 280, 281, 282, 286, 287, 289, 290, 291, 297, 298, 300, 307, 308, 311, 312, 314, 315, 316, 318, 319, 321, 322, 323, 324, 326, 327, 330, 332, 333, 336, 337, 338, 339, 343, 344, 347, 348, 349, 351, 352, 353, 354, 358, 359, 363, 364, 367, 368, 369, 370, 374]",207,False,4.089690866915195e-05,-6.852019388581605e-07,1.3860703536003371e-05,10.0
C3,36,36,7,29,581,0.19444444444444445,0.011904761904761904,0.022435897435897436,cao2018,S41/080530n,all_channel,median,median__all_channel__C3,32,377,"[0, 1, 2, 3, 4, 5, 6, 7, 8, 9, 10, 11, 12, 13, 14, 15, 16, 17, 18, 19, 20, 21, 22, 23, 24, 25, 27, 28, 29, 30, 31, 32, 33, 34, 35, 36, 37, 38, 39, 40, 41, 42, 43, 44, 46, 47, 48, 49, 50, 51, 52, 53, 54, 55, 56, 57, 58, 60, 63, 64, 65, 68, 69, 70, 71, 72, 73, 75, 79, 81, 82, 84, 86, 88, 89, 90, 91, 93, 97, 99, 100, 101, 104, 107, 111, 112, 113, 114, 117, 118, 120, 121, 127, 128, 129, 130, 131, 134, 138, 139, 141, 143, 149, 152, 155, 156, 157, 164, 166, 167, 173, 181, 182, 188, 190, 193, 194, 196, 197, 198, 200, 202, 205, 206, 211, 212, 215, 216, 220, 222, 225, 227, 231, 234, 236, 237, 241, 243, 244, 245, 246, 249, 251, 253, 254, 256, 259, 260, 262, 263, 264, 266, 268, 270, 276, 278, 280, 281, 282, 286, 287, 289, 290, 291, 297, 298, 300, 307, 308, 311, 312, 314, 315, 316, 318, 319, 321, 322, 323, 324, 326, 327, 330, 332, 333, 336, 337, 338, 339, 343, 344, 347, 348, 349, 351, 352, 353, 354, 358, 359, 363, 364, 367, 368, 369, 370, 374]",207,False,3.354502789652761e-05,-5.445156569996182e-07,1.1363181184509075e-05,10.0
C4,27,27,6,21,582,0.2222222222222222,0.01020408163265306,0.019512195121951216,cao2018,S41/080530n,all_channel,median,median__all_channel__C4,32,377,"[0, 1, 2, 3, 4, 5, 6, 7, 8, 9, 10, 11, 12, 13, 14, 15, 16, 17, 18, 19, 20, 21, 22, 23, 24, 25, 27, 28, 29, 30, 31, 32, 33, 34, 35, 36, 37, 38, 39, 40, 41, 42, 43, 44, 46, 47, 48, 49, 50, 51, 52, 53, 54, 55, 56, 57, 58, 60, 63, 64, 65, 68, 69, 70, 71, 72, 73, 75, 79, 81, 82, 84, 86, 88, 89, 90, 91, 93, 97, 99, 100, 101, 104, 107, 111, 112, 113, 114, 117, 118, 120, 121, 127, 128, 129, 130, 131, 134, 138, 139, 141, 143, 149, 152, 155, 156, 157, 164, 166, 167, 173, 181, 182, 188, 190, 193, 194, 196, 197, 198, 200, 202, 205, 206, 211, 212, 215, 216, 220, 222, 225, 227, 231, 234, 236, 237, 241, 243, 244, 245, 246, 249, 251, 253, 254, 256, 259, 260, 262, 263, 264, 266, 268, 270, 276, 278, 280, 281, 282, 286, 287, 289, 290, 291, 297, 298, 300, 307, 308, 311, 312, 314, 315, 316, 318, 319, 321, 322, 323, 324, 326, 327, 330, 332, 333, 336, 337, 338, 339, 343, 344, 347, 348, 349, 351, 352, 353, 354, 358, 359, 363, 364, 367, 368, 369, 370, 374]",207,False,3.291576133336282e-05,-5.246200074033174e-07,1.1146793780255381e-05,10.0
A2,42,42,3,39,585,0.07142857142857142,0.00510204081632653,0.009523809523809521,cao2018,S41/080530n,all_channel,median,median__all_channel__A2,32,377,"[0, 1, 2, 3, 4, 5, 6, 7, 8, 9, 10, 11, 12, 13, 14, 15, 16, 17, 18, 19, 20, 21, 22, 23, 24, 25, 27, 28, 29, 30, 31, 32, 33, 34, 35, 36, 37, 38, 39, 40, 41, 42, 43, 44, 46, 47, 48, 49, 50, 51, 52, 53, 54, 55, 56, 57, 58, 60, 63, 64, 65, 68, 69, 70, 71, 72, 73, 75, 79, 81, 82, 84, 86, 88, 89, 90, 91, 93, 97, 99, 100, 101, 104, 107, 111, 112, 113, 114, 117, 118, 120, 121, 127, 128, 129, 130, 131, 134, 138, 139, 141, 143, 149, 152, 155, 156, 157, 164, 166, 167, 173, 181, 182, 188, 190, 193, 194, 196, 197, 198, 200, 202, 205, 206, 211, 212, 215, 216, 220, 222, 225, 227, 231, 234, 236, 237, 241, 243, 244, 245, 246, 249, 251, 253, 254, 256, 259, 260, 262, 263, 264, 266, 268, 270, 276, 278, 280, 281, 282, 286, 287, 289, 290, 291, 297, 298, 300, 307, 308, 311, 312, 314, 315, 316, 318, 319, 321, 322, 323, 324, 326, 327, 330, 332, 333, 336, 337, 338, 339, 343, 344, 347, 348, 349, 351, 352, 353, 354, 358, 359, 363, 364, 367, 368, 369, 370, 374]",207,False,7.981208451750051e-06,2.8058298621350162e-08,2.6510500510429006e-06,10.0
A1,58,58,3,55,585,0.05172413793103448,0.00510204081632653,0.009287925696594425,cao2018,S41/080530n,all_channel,median,median__all_channel__A1,32,377,"[0, 1, 2, 3, 4, 5, 6, 7, 8, 9, 10, 11, 12, 13, 14, 15, 16, 17, 18, 19, 20, 21, 22, 23, 24, 25, 27, 28, 29, 30, 31, 32, 33, 34, 35, 36, 37, 38, 39, 40, 41, 42, 43, 44, 46, 47, 48, 49, 50, 51, 52, 53, 54, 55, 56, 57, 58, 60, 63, 64, 65, 68, 69, 70, 71, 72, 73, 75, 79, 81, 82, 84, 86, 88, 89, 90, 91, 93, 97, 99, 100, 101, 104, 107, 111, 112, 113, 114, 117, 118, 120, 121, 127, 128, 129, 130, 131, 134, 138, 139, 141, 143, 149, 152, 155, 156, 157, 164, 166, 167, 173, 181, 182, 188, 190, 193, 194, 196, 197, 198, 200, 202, 205, 206, 211, 212, 215, 216, 220, 222, 225, 227, 231, 234, 236, 237, 241, 243, 244, 245, 246, 249, 251, 253, 254, 256, 259, 260, 262, 263, 264, 266, 268, 270, 276, 278, 280, 281, 282, 286, 287, 289, 290, 291, 297, 298, 300, 307, 308, 311, 312, 314, 315, 316, 318, 319, 321, 322, 323, 324, 326, 327, 330, 332, 333, 336, 337, 338, 339, 343, 344, 347, 348, 349, 351, 352, 353, 354, 358, 359, 363, 364, 367, 368, 369, 370, 374]",207,False,7.923624636351217e-06,-2.8459576156164363e-08,2.65069473750246e-06,10.0
TP8,6,6,1,5,587,0.16666666666666666,0.0017006802721088435,0.0033670033670033664,cao2018,S41/080530n,all_channel,median,median__all_channel__TP8,32,377,"[0, 1, 2, 3, 4, 5, 6, 7, 8, 9, 10, 11, 12, 13, 14, 15, 16, 17, 18, 19, 20, 21, 22, 23, 24, 25, 27, 28, 29, 30, 31, 32, 33, 34, 35, 36, 37, 38, 39, 40, 41, 42, 43, 44, 46, 47, 48, 49, 50, 51, 52, 53, 54, 55, 56, 57, 58, 60, 63, 64, 65, 68, 69, 70, 71, 72, 73, 75, 79, 81, 82, 84, 86, 88, 89, 90, 91, 93, 97, 99, 100, 101, 104, 107, 111, 112, 113, 114, 117, 118, 120, 121, 127, 128, 129, 130, 131, 134, 138, 139, 141, 143, 149, 152, 155, 156, 157, 164, 166, 167, 173, 181, 182, 188, 190, 193, 194, 196, 197, 198, 200, 202, 205, 206, 211, 212, 215, 216, 220, 222, 225, 227, 231, 234, 236, 237, 241, 243, 244, 245, 246, 249, 251, 253, 254, 256, 259, 260, 262, 263, 264, 266, 268, 270, 276, 278, 280, 281, 282, 286, 287, 289, 290, 291, 297, 298, 300, 307, 308, 311, 312, 314, 315, 316, 318, 319, 321, 322, 323, 324, 326, 327, 330, 332, 333, 336, 337, 338, 339, 343, 344, 347, 348, 349, 351, 352, 353, 354, 358, 359, 363, 364, 367, 368, 369, 370, 374]",207,False,2.2406599826372266e-05,-9.603425344614625e-08,7.500878026606137e-06,10.0
PZ,12,12,1,11,587,0.08333333333333333,0.0017006802721088435,0.0033333333333333327,cao2018,S41/080530n,all_channel,median,median__all_channel__PZ,32,377,"[0, 1, 2, 3, 4, 5, 6, 7, 8, 9, 10, 11, 12, 13, 14, 15, 16, 17, 18, 19, 20, 21, 22, 23, 24, 25, 27, 28, 29, 30, 31, 32, 33, 34, 35, 36, 37, 38, 39, 40, 41, 42, 43, 44, 46, 47, 48, 49, 50, 51, 52, 53, 54, 55, 56, 57, 58, 60, 63, 64, 65, 68, 69, 70, 71, 72, 73, 75, 79, 81, 82, 84, 86, 88, 89, 90, 91, 93, 97, 99, 100, 101, 104, 107, 111, 112, 113, 114, 117, 118, 120, 121, 127, 128, 129, 130, 131, 134, 138, 139, 141, 143, 149, 152, 155, 156, 157, 164, 166, 167, 173, 181, 182, 188, 190, 193, 194, 196, 197, 198, 200, 202, 205, 206, 211, 212, 215, 216, 220, 222, 225, 227, 231, 234, 236, 237, 241, 243, 244, 245, 246, 249, 251, 253, 254, 256, 259, 260, 262, 263, 264, 266, 268, 270, 276, 278, 280, 281, 282, 286, 287, 289, 290, 291, 297, 298, 300, 307, 308, 311, 312, 314, 315, 316, 318, 319, 321, 322, 323, 324, 326, 327, 330, 332, 333, 336, 337, 338, 339, 343, 344, 347, 348, 349, 351, 352, 353, 354, 358, 359, 363, 364, 367, 368, 369, 370, 374]",207,False,3.3941491036573916e-05,-5.7056225461602186e-08,1.1332849087345172e-05,10.0
TP7,16,16,1,15,587,0.0625,0.0017006802721088435,0.003311258278145695,cao2018,S41/080530n,all_channel,median,median__all_channel__TP7,32,377,"[0, 1, 2, 3, 4, 5, 6, 7, 8, 9, 10, 11, 12, 13, 14, 15, 16, 17, 18, 19, 20, 21, 22, 23, 24, 25, 27, 28, 29, 30, 31, 32, 33, 34, 35, 36, 37, 38, 39, 40, 41, 42, 43, 44, 46, 47, 48, 49, 50, 51, 52, 53, 54, 55, 56, 57, 58, 60, 63, 64, 65, 68, 69, 70, 71, 72, 73, 75, 79, 81, 82, 84, 86, 88, 89, 90, 91, 93, 97, 99, 100, 101, 104, 107, 111, 112, 113, 114, 117, 118, 120, 121, 127, 128, 129, 130, 131, 134, 138, 139, 141, 143, 149, 152, 155, 156, 157, 164, 166, 167, 173, 181, 182, 188, 190, 193, 194, 196, 197, 198, 200, 202, 205, 206, 211, 212, 215, 216, 220, 222, 225, 227, 231, 234, 236, 237, 241, 243, 244, 245, 246, 249, 251, 253, 254, 256, 259, 260, 262, 263, 264, 266, 268, 270, 276, 278, 280, 281, 282, 286, 287, 289, 290, 291, 297, 298, 300, 307, 308, 311, 312, 314, 315, 316, 318, 319, 321, 322, 323, 324, 326, 327, 330, 332, 333, 336, 337, 338, 339, 343, 344, 347, 348, 349, 351, 352, 353, 354, 358, 359, 363, 364, 367, 368, 369, 370, 374]",207,False,2.284885341843048e-05,-1.7385428637347024e-07,7.674235901601316e-06,10.0
CZ,55,55,1,54,587,0.01818181818181818,0.0017006802721088435,0.003110419906687403,cao2018,S41/080530n,all_channel,median,median__all_channel__CZ,32,377,"[0, 1, 2, 3, 4, 5, 6, 7, 8, 9, 10, 11, 12, 13, 14, 15, 16, 17, 18, 19, 20, 21, 22, 23, 24, 25, 27, 28, 29, 30, 31, 32, 33, 34, 35, 36, 37, 38, 39, 40, 41, 42, 43, 44, 46, 47, 48, 49, 50, 51, 52, 53, 54, 55, 56, 57, 58, 60, 63, 64, 65, 68, 69, 70, 71, 72, 73, 75, 79, 81, 82, 84, 86, 88, 89, 90, 91, 93, 97, 99, 100, 101, 104, 107, 111, 112, 113, 114, 117, 118, 120, 121, 127, 128, 129, 130, 131, 134, 138, 139, 141, 143, 149, 152, 155, 156, 157, 164, 166, 167, 173, 181, 182, 188, 190, 193, 194, 196, 197, 198, 200, 202, 205, 206, 211, 212, 215, 216, 220, 222, 225, 227, 231, 234, 236, 237, 241, 243, 244, 245, 246, 249, 251, 253, 254, 256, 259, 260, 262, 263, 264, 266, 268, 270, 276, 278, 280, 281, 282, 286, 287, 289, 290, 291, 297, 298, 300, 307, 308, 311, 312, 314, 315, 316, 318, 319, 321, 322, 323, 324, 326, 327, 330, 332, 333, 336, 337, 338, 339, 343, 344, 347, 348, 349, 351, 352, 353, 354, 358, 359, 363, 364, 367, 368, 369, 370, 374]",207,False,3.612679053524966e-05,-4.761280839463119e-07,1.2200972873065325e-05,10.0
OZ,6,6,0,6,588,0.0,0.0,0.0,cao2018,S41/080530n,all_channel,median,median__all_channel__OZ,32,377,"[0, 1, 2, 3, 4, 5, 6, 7, 8, 9, 10, 11, 12, 13, 14, 15, 16, 17, 18, 19, 20, 21, 22, 23, 24, 25, 27, 28, 29, 30, 31, 32, 33, 34, 35, 36, 37, 38, 39, 40, 41, 42, 43, 44, 46, 47, 48, 49, 50, 51, 52, 53, 54, 55, 56, 57, 58, 60, 63, 64, 65, 68, 69, 70, 71, 72, 73, 75, 79, 81, 82, 84, 86, 88, 89, 90, 91, 93, 97, 99, 100, 101, 104, 107, 111, 112, 113, 114, 117, 118, 120, 121, 127, 128, 129, 130, 131, 134, 138, 139, 141, 143, 149, 152, 155, 156, 157, 164, 166, 167, 173, 181, 182, 188, 190, 193, 194, 196, 197, 198, 200, 202, 205, 206, 211, 212, 215, 216, 220, 222, 225, 227, 231, 234, 236, 237, 241, 243, 244, 245, 246, 249, 251, 253, 254, 256, 259, 260, 262, 263, 264, 266, 268, 270, 276, 278, 280, 281, 282, 286, 287, 289, 290, 291, 297, 298, 300, 307, 308, 311, 312, 314, 315, 316, 318, 319, 321, 322, 323, 324, 326, 327, 330, 332, 333, 336, 337, 338, 339, 343, 344, 347, 348, 349, 351, 352, 353, 354, 358, 359, 363, 364, 367, 368, 369, 370, 374]",207,False,2.3831519867147597e-05,2.3648843214210822e-07,7.865010478335163e-06,10.0
T5,7,7,0,7,588,0.0,0.0,0.0,cao2018,S41/080530n,all_channel,median,median__all_channel__T5,32,377,"[0, 1, 2, 3, 4, 5, 6, 7, 8, 9, 10, 11, 12, 13, 14, 15, 16, 17, 18, 19, 20, 21, 22, 23, 24, 25, 27, 28, 29, 30, 31, 32, 33, 34, 35, 36, 37, 38, 39, 40, 41, 42, 43, 44, 46, 47, 48, 49, 50, 51, 52, 53, 54, 55, 56, 57, 58, 60, 63, 64, 65, 68, 69, 70, 71, 72, 73, 75, 79, 81, 82, 84, 86, 88, 89, 90, 91, 93, 97, 99, 100, 101, 104, 107, 111, 112, 113, 114, 117, 118, 120, 121, 127, 128, 129, 130, 131, 134, 138, 139, 141, 143, 149, 152, 155, 156, 157, 164, 166, 167, 173, 181, 182, 188, 190, 193, 194, 196, 197, 198, 200, 202, 205, 206, 211, 212, 215, 216, 220, 222, 225, 227, 231, 234, 236, 237, 241, 243, 244, 245, 246, 249, 251, 253, 254, 256, 259, 260, 262, 263, 264, 266, 268, 270, 276, 278, 280, 281, 282, 286, 287, 289, 290, 291, 297, 298, 300, 307, 308, 311, 312, 314, 315, 316, 318, 319, 321, 322, 323, 324, 326, 327, 330, 332, 333, 336, 337, 338, 339, 343, 344, 347, 348, 349, 351, 352, 353, 354, 358, 359, 363, 364, 367, 368, 369, 370, 374]",207,False,2.3555532358265537e-05,1.64549319763834e-08,7.846359142096385e-06,10.0
T6,10,10,0,10,588,0.0,0.0,0.0,cao2018,S41/080530n,all_channel,median,median__all_channel__T6,32,377,"[0, 1, 2, 3, 4, 5, 6, 7, 8, 9, 10, 11, 12, 13, 14, 15, 16, 17, 18, 19, 20, 21, 22, 23, 24, 25, 27, 28, 29, 30, 31, 32, 33, 34, 35, 36, 37, 38, 39, 40, 41, 42, 43, 44, 46, 47, 48, 49, 50, 51, 52, 53, 54, 55, 56, 57, 58, 60, 63, 64, 65, 68, 69, 70, 71, 72, 73, 75, 79, 81, 82, 84, 86, 88, 89, 90, 91, 93, 97, 99, 100, 101, 104, 107, 111, 112, 113, 114, 117, 118, 120, 121, 127, 128, 129, 130, 131, 134, 138, 139, 141, 143, 149, 152, 155, 156, 157, 164, 166, 167, 173, 181, 182, 188, 190, 193, 194, 196, 197, 198, 200, 202, 205, 206, 211, 212, 215, 216, 220, 222, 225, 227, 231, 234, 236, 237, 241, 243, 244, 245, 246, 249, 251, 253, 254, 256, 259, 260, 262, 263, 264, 266, 268, 270, 276, 278, 280, 281, 282, 286, 287, 289, 290, 291, 297, 298, 300, 307, 308, 311, 312, 314, 315, 316, 318, 319, 321, 322, 323, 324, 326, 327, 330, 332, 333, 336, 337, 338, 339, 343, 344, 347, 348, 349, 351, 352, 353, 354, 358, 359, 363, 364, 367, 368, 369, 370, 374]",207,False,2.4224856914173514e-05,2.1701188625288756e-07,8.002615009306876e-06,10.0
O1,11,11,0,11,588,0.0,0.0,0.0,cao2018,S41/080530n,all_channel,median,median__all_channel__O1,32,377,"[0, 1, 2, 3, 4, 5, 6, 7, 8, 9, 10, 11, 12, 13, 14, 15, 16, 17, 18, 19, 20, 21, 22, 23, 24, 25, 27, 28, 29, 30, 31, 32, 33, 34, 35, 36, 37, 38, 39, 40, 41, 42, 43, 44, 46, 47, 48, 49, 50, 51, 52, 53, 54, 55, 56, 57, 58, 60, 63, 64, 65, 68, 69, 70, 71, 72, 73, 75, 79, 81, 82, 84, 86, 88, 89, 90, 91, 93, 97, 99, 100, 101, 104, 107, 111, 112, 113, 114, 117, 118, 120, 121, 127, 128, 129, 130, 131, 134, 138, 139, 141, 143, 149, 152, 155, 156, 157, 164, 166, 167, 173, 181, 182, 188, 190, 193, 194, 196, 197, 198, 200, 202, 205, 206, 211, 212, 215, 216, 220, 222, 225, 227, 231, 234, 236, 237, 241, 243, 244, 245, 246, 249, 251, 253, 254, 256, 259, 260, 262, 263, 264, 266, 268, 270, 276, 278, 280, 281, 282, 286, 287, 289, 290, 291, 297, 298, 300, 307, 308, 311, 312, 314, 315, 316, 318, 319, 321, 322, 323, 324, 326, 327, 330, 332, 333, 336, 337, 338, 339, 343, 344, 347, 348, 349, 351, 352, 353, 354, 358, 359, 363, 364, 367, 368, 369, 370, 374]",207,False,2.468423017729306e-05,2.666828911481769e-07,8.139182428714961e-06,10.0
O2,11,11,0,11,588,0.0,0.0,0.0,cao2018,S41/080530n,all_channel,median,median__all_channel__O2,32,377,"[0, 1, 2, 3, 4, 5, 6, 7, 8, 9, 10, 11, 12, 13, 14, 15, 16, 17, 18, 19, 20, 21, 22, 23, 24, 25, 27, 28, 29, 30, 31, 32, 33, 34, 35, 36, 37, 38, 39, 40, 41, 42, 43, 44, 46, 47, 48, 49, 50, 51, 52, 53, 54, 55, 56, 57, 58, 60, 63, 64, 65, 68, 69, 70, 71, 72, 73, 75, 79, 81, 82, 84, 86, 88, 89, 90, 91, 93, 97, 99, 100, 101, 104, 107, 111, 112, 113, 114, 117, 118, 120, 121, 127, 128, 129, 130, 131, 134, 138, 139, 141, 143, 149, 152, 155, 156, 157, 164, 166, 167, 173, 181, 182, 188, 190, 193, 194, 196, 197, 198, 200, 202, 205, 206, 211, 212, 215, 216, 220, 222, 225, 227, 231, 234, 236, 237, 241, 243, 244, 245, 246, 249, 251, 253, 254, 256, 259, 260, 262, 263, 264, 266, 268, 270, 276, 278, 280, 281, 282, 286, 287, 289, 290, 291, 297, 298, 300, 307, 308, 311, 312, 314, 315, 316, 318, 319, 321, 322, 323, 324, 326, 327, 330, 332, 333, 336, 337, 338, 339, 343, 344, 347, 348, 349, 351, 352, 353, 354, 358, 359, 363, 364, 367, 368, 369, 370, 374]",207,False,2.403712633775535e-05,2.3542582520289148e-07,7.933900170850818e-06,10.0
P4,12,12,0,12,588,0.0,0.0,0.0,cao2018,S41/080530n,all_channel,median,median__all_channel__P4,32,377,"[0, 1, 2, 3, 4, 5, 6, 7, 8, 9, 10, 11, 12, 13, 14, 15, 16, 17, 18, 19, 20, 21, 22, 23, 24, 25, 27, 28, 29, 30, 31, 32, 33, 34, 35, 36, 37, 38, 39, 40, 41, 42, 43, 44, 46, 47, 48, 49, 50, 51, 52, 53, 54, 55, 56, 57, 58, 60, 63, 64, 65, 68, 69, 70, 71, 72, 73, 75, 79, 81, 82, 84, 86, 88, 89, 90, 91, 93, 97, 99, 100, 101, 104, 107, 111, 112, 113, 114, 117, 118, 120, 121, 127, 128, 129, 130, 131, 134, 138, 139, 141, 143, 149, 152, 155, 156, 157, 164, 166, 167, 173, 181, 182, 188, 190, 193, 194, 196, 197, 198, 200, 202, 205, 206, 211, 212, 215, 216, 220, 222, 225, 227, 231, 234, 236, 237, 241, 243, 244, 245, 246, 249, 251, 253, 254, 256, 259, 260, 262, 263, 264, 266, 268, 270, 276, 278, 280, 281, 282, 286, 287, 289, 290, 291, 297, 298, 300, 307, 308, 311, 312, 314, 315, 316, 318, 319, 321, 322, 323, 324, 326, 327, 330, 332, 333, 336, 337, 338, 339, 343, 344, 347, 348, 349, 351, 352, 353, 354, 358, 359, 363, 364, 367, 368, 369, 370, 374]",207,False,3.0435706826885083e-05,-3.1646065956853854e-08,1.0155784297613979e-05,10.0
CP3,15,15,0,15,588,0.0,0.0,0.0,cao2018,S41/080530n,all_channel,median,median__all_channel__CP3,32,377,"[0, 1, 2, 3, 4, 5, 6, 7, 8, 9, 10, 11, 12, 13, 14, 15, 16, 17, 18, 19, 20, 21, 22, 23, 24, 25, 27, 28, 29, 30, 31, 32, 33, 34, 35, 36, 37, 38, 39, 40, 41, 42, 43, 44, 46, 47, 48, 49, 50, 51, 52, 53, 54, 55, 56, 57, 58, 60, 63, 64, 65, 68, 69, 70, 71, 72, 73, 75, 79, 81, 82, 84, 86, 88, 89, 90, 91, 93, 97, 99, 100, 101, 104, 107, 111, 112, 113, 114, 117, 118, 120, 121, 127, 128, 129, 130, 131, 134, 138, 139, 141, 143, 149, 152, 155, 156, 157, 164, 166, 167, 173, 181, 182, 188, 190, 193, 194, 196, 197, 198, 200, 202, 205, 206, 211, 212, 215, 216, 220, 222, 225, 227, 231, 234, 236, 237, 241, 243, 244, 245, 246, 249, 251, 253, 254, 256, 259, 260, 262, 263, 264, 266, 268, 270, 276, 278, 280, 281, 282, 286, 287, 289, 290, 291, 297, 298, 300, 307, 308, 311, 312, 314, 315, 316, 318, 319, 321, 322, 323, 324, 326, 327, 330, 332, 333, 336, 337, 338, 339, 343, 344, 347, 348, 349, 351, 352, 353, 354, 358, 359, 363, 364, 367, 368, 369, 370, 374]",207,False,3.179800636361519e-05,-3.10830914411428e-07,1.0702945759342207e-05,10.0
CP4,15,15,0,15,588,0.0,0.0,0.0,cao2018,S41/080530n,all_channel,median,median__all_channel__CP4,32,377,"[0, 1, 2, 3, 4, 5, 6, 7, 8, 9, 10, 11, 12, 13, 14, 15, 16, 17, 18, 19, 20, 21, 22, 23, 24, 25, 27, 28, 29, 30, 31, 32, 33, 34, 35, 36, 37, 38, 39, 40, 41, 42, 43, 44, 46, 47, 48, 49, 50, 51, 52, 53, 54, 55, 56, 57, 58, 60, 63, 64, 65, 68, 69, 70, 71, 72, 73, 75, 79, 81, 82, 84, 86, 88, 89, 90, 91, 93, 97, 99, 100, 101, 104, 107, 111, 112, 113, 114, 117, 118, 120, 121, 127, 128, 129, 130, 131, 134, 138, 139, 141, 143, 149, 152, 155, 156, 157, 164, 166, 167, 173, 181, 182, 188, 190, 193, 194, 196, 197, 198, 200, 202, 205, 206, 211, 212, 215, 216, 220, 222, 225, 227, 231, 234, 236, 237, 241, 243, 244, 245, 246, 249, 251, 253, 254, 256, 259, 260, 262, 263, 264, 266, 268, 270, 276, 278, 280, 281, 282, 286, 287, 289, 290, 291, 297, 298, 300, 307, 308, 311, 312, 314, 315, 316, 318, 319, 321, 322, 323, 324, 326, 327, 330, 332, 333, 336, 337, 338, 339, 343, 344, 347, 348, 349, 351, 352, 353, 354, 358, 359, 363, 364, 367, 368, 369, 370, 374]",207,False,3.1715062519277675e-05,-2.7414378425786394e-07,1.0663068767845179e-05,10.0
CPZ,15,15,0,15,588,0.0,0.0,0.0,cao2018,S41/080530n,all_channel,median,median__all_channel__CPZ,32,377,"[0, 1, 2, 3, 4, 5, 6, 7, 8, 9, 10, 11, 12, 13, 14, 15, 16, 17, 18, 19, 20, 21, 22, 23, 24, 25, 27, 28, 29, 30, 31, 32, 33, 34, 35, 36, 37, 38, 39, 40, 41, 42, 43, 44, 46, 47, 48, 49, 50, 51, 52, 53, 54, 55, 56, 57, 58, 60, 63, 64, 65, 68, 69, 70, 71, 72, 73, 75, 79, 81, 82, 84, 86, 88, 89, 90, 91, 93, 97, 99, 100, 101, 104, 107, 111, 112, 113, 114, 117, 118, 120, 121, 127, 128, 129, 130, 131, 134, 138, 139, 141, 143, 149, 152, 155, 156, 157, 164, 166, 167, 173, 181, 182, 188, 190, 193, 194, 196, 197, 198, 200, 202, 205, 206, 211, 212, 215, 216, 220, 222, 225, 227, 231, 234, 236, 237, 241, 243, 244, 245, 246, 249, 251, 253, 254, 256, 259, 260, 262, 263, 264, 266, 268, 270, 276, 278, 280, 281, 282, 286, 287, 289, 290, 291, 297, 298, 300, 307, 308, 311, 312, 314, 315, 316, 318, 319, 321, 322, 323, 324, 326, 327, 330, 332, 333, 336, 337, 338, 339, 343, 344, 347, 348, 349, 351, 352, 353, 354, 358, 359, 363, 364, 367, 368, 369, 370, 374]",207,False,3.433051581883278e-05,-2.607731849438223e-07,1.1530429667925535e-05,10.0
P3,15,15,0,15,588,0.0,0.0,0.0,cao2018,S41/080530n,all_channel,median,median__all_channel__P3,32,377,"[0, 1, 2, 3, 4, 5, 6, 7, 8, 9, 10, 11, 12, 13, 14, 15, 16, 17, 18, 19, 20, 21, 22, 23, 24, 25, 27, 28, 29, 30, 31, 32, 33, 34, 35, 36, 37, 38, 39, 40, 41, 42, 43, 44, 46, 47, 48, 49, 50, 51, 52, 53, 54, 55, 56, 57, 58, 60, 63, 64, 65, 68, 69, 70, 71, 72, 73, 75, 79, 81, 82, 84, 86, 88, 89, 90, 91, 93, 97, 99, 100, 101, 104, 107, 111, 112, 113, 114, 117, 118, 120, 121, 127, 128, 129, 130, 131, 134, 138, 139, 141, 143, 149, 152, 155, 156, 157, 164, 166, 167, 173, 181, 182, 188, 190, 193, 194, 196, 197, 198, 200, 202, 205, 206, 211, 212, 215, 216, 220, 222, 225, 227, 231, 234, 236, 237, 241, 243, 244, 245, 246, 249, 251, 253, 254, 256, 259, 260, 262, 263, 264, 266, 268, 270, 276, 278, 280, 281, 282, 286, 287, 289, 290, 291, 297, 298, 300, 307, 308, 311, 312, 314, 315, 316, 318, 319, 321, 322, 323, 324, 326, 327, 330, 332, 333, 336, 337, 338, 339, 343, 344, 347, 348, 349, 351, 352, 353, 354, 358, 359, 363, 364, 367, 368, 369, 370, 374]",207,False,3.060818645203408e-05,-9.156577970712071e-08,1.0233250743913732e-05,10.0
FP2,683,683,495,188,93,0.7247437774524158,0.8418367346938775,0.7789142407553107,cao2018,S41/080530n,all_channel,mean,mean__all_channel__FP2,32,377,"[0, 1, 2, 3, 4, 5, 6, 7, 8, 9, 10, 11, 12, 13, 14, 15, 16, 17, 18, 19, 20, 21, 22, 23, 24, 25, 27, 28, 29, 30, 31, 32, 33, 34, 35, 36, 37, 38, 39, 40, 41, 42, 43, 44, 46, 47, 48, 49, 50, 51, 52, 53, 54, 55, 56, 57, 58, 60, 63, 64, 65, 68, 69, 70, 71, 72, 73, 75, 79, 81, 82, 84, 86, 88, 89, 90, 91, 93, 97, 99, 100, 101, 104, 107, 111, 112, 113, 114, 117, 118, 120, 121, 127, 128, 129, 130, 131, 134, 138, 139, 141, 143, 149, 152, 155, 156, 157, 164, 166, 167, 173, 181, 182, 188, 190, 193, 194, 196, 197, 198, 200, 202, 205, 206, 211, 212, 215, 216, 220, 222, 225, 227, 231, 234, 236, 237, 241, 243, 244, 245, 246, 249, 251, 253, 254, 256, 259, 260, 262, 263, 264, 266, 268, 270, 276, 278, 280, 281, 282, 286, 287, 289, 290, 291, 297, 298, 300, 307, 308, 311, 312, 314, 315, 316, 318, 319, 321, 322, 323, 324, 326, 327, 330, 332, 333, 336, 337, 338, 339, 343, 344, 347, 348, 349, 351, 352, 353, 354, 358, 359, 363, 364, 367, 368, 369, 370, 374]",207,False,7.492662717296204e-05,-4.2596053592451954e-08,2.4989741075518165e-05,10.0
FP1,685,685,487,198,101,0.710948905109489,0.8282312925170068,0.7651217596229378,cao2018,S41/080530n,all_channel,mean,mean__all_channel__FP1,32,377,"[0, 1, 2, 3, 4, 5, 6, 7, 8, 9, 10, 11, 12, 13, 14, 15, 16, 17, 18, 19, 20, 21, 22, 23, 24, 25, 27, 28, 29, 30, 31, 32, 33, 34, 35, 36, 37, 38, 39, 40, 41, 42, 43, 44, 46, 47, 48, 49, 50, 51, 52, 53, 54, 55, 56, 57, 58, 60, 63, 64, 65, 68, 69, 70, 71, 72, 73, 75, 79, 81, 82, 84, 86, 88, 89, 90, 91, 93, 97, 99, 100, 101, 104, 107, 111, 112, 113, 114, 117, 118, 120, 121, 127, 128, 129, 130, 131, 134, 138, 139, 141, 143, 149, 152, 155, 156, 157, 164, 166, 167, 173, 181, 182, 188, 190, 193, 194, 196, 197, 198, 200, 202, 205, 206, 211, 212, 215, 216, 220, 222, 225, 227, 231, 234, 236, 237, 241, 243, 244, 245, 246, 249, 251, 253, 254, 256, 259, 260, 262, 263, 264, 266, 268, 270, 276, 278, 280, 281, 282, 286, 287, 289, 290, 291, 297, 298, 300, 307, 308, 311, 312, 314, 315, 316, 318, 319, 321, 322, 323, 324, 326, 327, 330, 332, 333, 336, 337, 338, 339, 343, 344, 347, 348, 349, 351, 352, 353, 354, 358, 359, 363, 364, 367, 368, 369, 370, 374]",207,False,7.038850315399116e-05,-3.6638993074905965e-08,2.3475047382355355e-05,10.0
F7,310,310,228,82,360,0.7354838709677419,0.3877551020408163,0.5077951002227171,cao2018,S41/080530n,all_channel,mean,mean__all_channel__F7,32,377,"[0, 1, 2, 3, 4, 5, 6, 7, 8, 9, 10, 11, 12, 13, 14, 15, 16, 17, 18, 19, 20, 21, 22, 23, 24, 25, 27, 28, 29, 30, 31, 32, 33, 34, 35, 36, 37, 38, 39, 40, 41, 42, 43, 44, 46, 47, 48, 49, 50, 51, 52, 53, 54, 55, 56, 57, 58, 60, 63, 64, 65, 68, 69, 70, 71, 72, 73, 75, 79, 81, 82, 84, 86, 88, 89, 90, 91, 93, 97, 99, 100, 101, 104, 107, 111, 112, 113, 114, 117, 118, 120, 121, 127, 128, 129, 130, 131, 134, 138, 139, 141, 143, 149, 152, 155, 156, 157, 164, 166, 167, 173, 181, 182, 188, 190, 193, 194, 196, 197, 198, 200, 202, 205, 206, 211, 212, 215, 216, 220, 222, 225, 227, 231, 234, 236, 237, 241, 243, 244, 245, 246, 249, 251, 253, 254, 256, 259, 260, 262, 263, 264, 266, 268, 270, 276, 278, 280, 281, 282, 286, 287, 289, 290, 291, 297, 298, 300, 307, 308, 311, 312, 314, 315, 316, 318, 319, 321, 322, 323, 324, 326, 327, 330, 332, 333, 336, 337, 338, 339, 343, 344, 347, 348, 349, 351, 352, 353, 354, 358, 359, 363, 364, 367, 368, 369, 370, 374]",207,False,4.6595494313394176e-05,-2.9522494199794088e-08,1.5541672269197988e-05,10.0
F8,221,221,185,36,403,0.8371040723981901,0.31462585034013607,0.4573547589616811,cao2018,S41/080530n,all_channel,mean,mean__all_channel__F8,32,377,"[0, 1, 2, 3, 4, 5, 6, 7, 8, 9, 10, 11, 12, 13, 14, 15, 16, 17, 18, 19, 20, 21, 22, 23, 24, 25, 27, 28, 29, 30, 31, 32, 33, 34, 35, 36, 37, 38, 39, 40, 41, 42, 43, 44, 46, 47, 48, 49, 50, 51, 52, 53, 54, 55, 56, 57, 58, 60, 63, 64, 65, 68, 69, 70, 71, 72, 73, 75, 79, 81, 82, 84, 86, 88, 89, 90, 91, 93, 97, 99, 100, 101, 104, 107, 111, 112, 113, 114, 117, 118, 120, 121, 127, 128, 129, 130, 131, 134, 138, 139, 141, 143, 149, 152, 155, 156, 157, 164, 166, 167, 173, 181, 182, 188, 190, 193, 194, 196, 197, 198, 200, 202, 205, 206, 211, 212, 215, 216, 220, 222, 225, 227, 231, 234, 236, 237, 241, 243, 244, 245, 246, 249, 251, 253, 254, 256, 259, 260, 262, 263, 264, 266, 268, 270, 276, 278, 280, 281, 282, 286, 287, 289, 290, 291, 297, 298, 300, 307, 308, 311, 312, 314, 315, 316, 318, 319, 321, 322, 323, 324, 326, 327, 330, 332, 333, 336, 337, 338, 339, 343, 344, 347, 348, 349, 351, 352, 353, 354, 358, 359, 363, 364, 367, 368, 369, 370, 374]",207,False,4.099836835900934e-05,-3.481837631068275e-08,1.367772891177334e-05,10.0
F3,185,185,153,32,435,0.827027027027027,0.2602040816326531,0.39586028460543343,cao2018,S41/080530n,all_channel,mean,mean__all_channel__F3,32,377,"[0, 1, 2, 3, 4, 5, 6, 7, 8, 9, 10, 11, 12, 13, 14, 15, 16, 17, 18, 19, 20, 21, 22, 23, 24, 25, 27, 28, 29, 30, 31, 32, 33, 34, 35, 36, 37, 38, 39, 40, 41, 42, 43, 44, 46, 47, 48, 49, 50, 51, 52, 53, 54, 55, 56, 57, 58, 60, 63, 64, 65, 68, 69, 70, 71, 72, 73, 75, 79, 81, 82, 84, 86, 88, 89, 90, 91, 93, 97, 99, 100, 101, 104, 107, 111, 112, 113, 114, 117, 118, 120, 121, 127, 128, 129, 130, 131, 134, 138, 139, 141, 143, 149, 152, 155, 156, 157, 164, 166, 167, 173, 181, 182, 188, 190, 193, 194, 196, 197, 198, 200, 202, 205, 206, 211, 212, 215, 216, 220, 222, 225, 227, 231, 234, 236, 237, 241, 243, 244, 245, 246, 249, 251, 253, 254, 256, 259, 260, 262, 263, 264, 266, 268, 270, 276, 278, 280, 281, 282, 286, 287, 289, 290, 291, 297, 298, 300, 307, 308, 311, 312, 314, 315, 316, 318, 319, 321, 322, 323, 324, 326, 327, 330, 332, 333, 336, 337, 338, 339, 343, 344, 347, 348, 349, 351, 352, 353, 354, 358, 359, 363, 364, 367, 368, 369, 370, 374]",207,False,4.647148854441366e-05,-5.048041071078262e-08,1.550732298504148e-05,10.0
F4,186,186,150,36,438,0.8064516129032258,0.25510204081632654,0.3875968992248062,cao2018,S41/080530n,all_channel,mean,mean__all_channel__F4,32,377,"[0, 1, 2, 3, 4, 5, 6, 7, 8, 9, 10, 11, 12, 13, 14, 15, 16, 17, 18, 19, 20, 21, 22, 23, 24, 25, 27, 28, 29, 30, 31, 32, 33, 34, 35, 36, 37, 38, 39, 40, 41, 42, 43, 44, 46, 47, 48, 49, 50, 51, 52, 53, 54, 55, 56, 57, 58, 60, 63, 64, 65, 68, 69, 70, 71, 72, 73, 75, 79, 81, 82, 84, 86, 88, 89, 90, 91, 93, 97, 99, 100, 101, 104, 107, 111, 112, 113, 114, 117, 118, 120, 121, 127, 128, 129, 130, 131, 134, 138, 139, 141, 143, 149, 152, 155, 156, 157, 164, 166, 167, 173, 181, 182, 188, 190, 193, 194, 196, 197, 198, 200, 202, 205, 206, 211, 212, 215, 216, 220, 222, 225, 227, 231, 234, 236, 237, 241, 243, 244, 245, 246, 249, 251, 253, 254, 256, 259, 260, 262, 263, 264, 266, 268, 270, 276, 278, 280, 281, 282, 286, 287, 289, 290, 291, 297, 298, 300, 307, 308, 311, 312, 314, 315, 316, 318, 319, 321, 322, 323, 324, 326, 327, 330, 332, 333, 336, 337, 338, 339, 343, 344, 347, 348, 349, 351, 352, 353, 354, 358, 359, 363, 364, 367, 368, 369, 370, 374]",207,False,4.5802243554225026e-05,-4.8006135578453914e-08,1.5283416563267827e-05,10.0
FZ,156,156,109,47,479,0.6987179487179487,0.18537414965986396,0.293010752688172,cao2018,S41/080530n,all_channel,mean,mean__all_channel__FZ,32,377,"[0, 1, 2, 3, 4, 5, 6, 7, 8, 9, 10, 11, 12, 13, 14, 15, 16, 17, 18, 19, 20, 21, 22, 23, 24, 25, 27, 28, 29, 30, 31, 32, 33, 34, 35, 36, 37, 38, 39, 40, 41, 42, 43, 44, 46, 47, 48, 49, 50, 51, 52, 53, 54, 55, 56, 57, 58, 60, 63, 64, 65, 68, 69, 70, 71, 72, 73, 75, 79, 81, 82, 84, 86, 88, 89, 90, 91, 93, 97, 99, 100, 101, 104, 107, 111, 112, 113, 114, 117, 118, 120, 121, 127, 128, 129, 130, 131, 134, 138, 139, 141, 143, 149, 152, 155, 156, 157, 164, 166, 167, 173, 181, 182, 188, 190, 193, 194, 196, 197, 198, 200, 202, 205, 206, 211, 212, 215, 216, 220, 222, 225, 227, 231, 234, 236, 237, 241, 243, 244, 245, 246, 249, 251, 253, 254, 256, 259, 260, 262, 263, 264, 266, 268, 270, 276, 278, 280, 281, 282, 286, 287, 289, 290, 291, 297, 298, 300, 307, 308, 311, 312, 314, 315, 316, 318, 319, 321, 322, 323, 324, 326, 327, 330, 332, 333, 336, 337, 338, 339, 343, 344, 347, 348, 349, 351, 352, 353, 354, 358, 359, 363, 364, 367, 368, 369, 370, 374]",207,False,4.6947504301753775e-05,-5.4073449266972435e-08,1.566719258367358e-05,10.0
FT8,73,73,57,16,531,0.7808219178082192,0.09693877551020408,0.17246596066565809,cao2018,S41/080530n,all_channel,mean,mean__all_channel__FT8,32,377,"[0, 1, 2, 3, 4, 5, 6, 7, 8, 9, 10, 11, 12, 13, 14, 15, 16, 17, 18, 19, 20, 21, 22, 23, 24, 25, 27, 28, 29, 30, 31, 32, 33, 34, 35, 36, 37, 38, 39, 40, 41, 42, 43, 44, 46, 47, 48, 49, 50, 51, 52, 53, 54, 55, 56, 57, 58, 60, 63, 64, 65, 68, 69, 70, 71, 72, 73, 75, 79, 81, 82, 84, 86, 88, 89, 90, 91, 93, 97, 99, 100, 101, 104, 107, 111, 112, 113, 114, 117, 118, 120, 121, 127, 128, 129, 130, 131, 134, 138, 139, 141, 143, 149, 152, 155, 156, 157, 164, 166, 167, 173, 181, 182, 188, 190, 193, 194, 196, 197, 198, 200, 202, 205, 206, 211, 212, 215, 216, 220, 222, 225, 227, 231, 234, 236, 237, 241, 243, 244, 245, 246, 249, 251, 253, 254, 256, 259, 260, 262, 263, 264, 266, 268, 270, 276, 278, 280, 281, 282, 286, 287, 289, 290, 291, 297, 298, 300, 307, 308, 311, 312, 314, 315, 316, 318, 319, 321, 322, 323, 324, 326, 327, 330, 332, 333, 336, 337, 338, 339, 343, 344, 347, 348, 349, 351, 352, 353, 354, 358, 359, 363, 364, 367, 368, 369, 370, 374]",207,False,2.884178804967894e-05,-3.181101596801714e-08,9.624533021882318e-06,10.0
FT7,81,81,48,33,540,0.5925925925925926,0.08163265306122448,0.14349775784753363,cao2018,S41/080530n,all_channel,mean,mean__all_channel__FT7,32,377,"[0, 1, 2, 3, 4, 5, 6, 7, 8, 9, 10, 11, 12, 13, 14, 15, 16, 17, 18, 19, 20, 21, 22, 23, 24, 25, 27, 28, 29, 30, 31, 32, 33, 34, 35, 36, 37, 38, 39, 40, 41, 42, 43, 44, 46, 47, 48, 49, 50, 51, 52, 53, 54, 55, 56, 57, 58, 60, 63, 64, 65, 68, 69, 70, 71, 72, 73, 75, 79, 81, 82, 84, 86, 88, 89, 90, 91, 93, 97, 99, 100, 101, 104, 107, 111, 112, 113, 114, 117, 118, 120, 121, 127, 128, 129, 130, 131, 134, 138, 139, 141, 143, 149, 152, 155, 156, 157, 164, 166, 167, 173, 181, 182, 188, 190, 193, 194, 196, 197, 198, 200, 202, 205, 206, 211, 212, 215, 216, 220, 222, 225, 227, 231, 234, 236, 237, 241, 243, 244, 245, 246, 249, 251, 253, 254, 256, 259, 260, 262, 263, 264, 266, 268, 270, 276, 278, 280, 281, 282, 286, 287, 289, 290, 291, 297, 298, 300, 307, 308, 311, 312, 314, 315, 316, 318, 319, 321, 322, 323, 324, 326, 327, 330, 332, 333, 336, 337, 338, 339, 343, 344, 347, 348, 349, 351, 352, 353, 354, 358, 359, 363, 364, 367, 368, 369, 370, 374]",207,False,3.158643737510801e-05,-2.1698702907430763e-08,1.0536045359338481e-05,10.0
FC4,64,64,30,34,558,0.46875,0.05102040816326531,0.09202453987730064,cao2018,S41/080530n,all_channel,mean,mean__all_channel__FC4,32,377,"[0, 1, 2, 3, 4, 5, 6, 7, 8, 9, 10, 11, 12, 13, 14, 15, 16, 17, 18, 19, 20, 21, 22, 23, 24, 25, 27, 28, 29, 30, 31, 32, 33, 34, 35, 36, 37, 38, 39, 40, 41, 42, 43, 44, 46, 47, 48, 49, 50, 51, 52, 53, 54, 55, 56, 57, 58, 60, 63, 64, 65, 68, 69, 70, 71, 72, 73, 75, 79, 81, 82, 84, 86, 88, 89, 90, 91, 93, 97, 99, 100, 101, 104, 107, 111, 112, 113, 114, 117, 118, 120, 121, 127, 128, 129, 130, 131, 134, 138, 139, 141, 143, 149, 152, 155, 156, 157, 164, 166, 167, 173, 181, 182, 188, 190, 193, 194, 196, 197, 198, 200, 202, 205, 206, 211, 212, 215, 216, 220, 222, 225, 227, 231, 234, 236, 237, 241, 243, 244, 245, 246, 249, 251, 253, 254, 256, 259, 260, 262, 263, 264, 266, 268, 270, 276, 278, 280, 281, 282, 286, 287, 289, 290, 291, 297, 298, 300, 307, 308, 311, 312, 314, 315, 316, 318, 319, 321, 322, 323, 324, 326, 327, 330, 332, 333, 336, 337, 338, 339, 343, 344, 347, 348, 349, 351, 352, 353, 354, 358, 359, 363, 364, 367, 368, 369, 370, 374]",207,False,3.7619489710972525e-05,-5.569651774315552e-08,1.2558395409571893e-05,10.0
FC3,75,75,30,45,558,0.4,0.05102040816326531,0.09049773755656108,cao2018,S41/080530n,all_channel,mean,mean__all_channel__FC3,32,377,"[0, 1, 2, 3, 4, 5, 6, 7, 8, 9, 10, 11, 12, 13, 14, 15, 16, 17, 18, 19, 20, 21, 22, 23, 24, 25, 27, 28, 29, 30, 31, 32, 33, 34, 35, 36, 37, 38, 39, 40, 41, 42, 43, 44, 46, 47, 48, 49, 50, 51, 52, 53, 54, 55, 56, 57, 58, 60, 63, 64, 65, 68, 69, 70, 71, 72, 73, 75, 79, 81, 82, 84, 86, 88, 89, 90, 91, 93, 97, 99, 100, 101, 104, 107, 111, 112, 113, 114, 117, 118, 120, 121, 127, 128, 129, 130, 131, 134, 138, 139, 141, 143, 149, 152, 155, 156, 157, 164, 166, 167, 173, 181, 182, 188, 190, 193, 194, 196, 197, 198, 200, 202, 205, 206, 211, 212, 215, 216, 220, 222, 225, 227, 231, 234, 236, 237, 241, 243, 244, 245, 246, 249, 251, 253, 254, 256, 259, 260, 262, 263, 264, 266, 268, 270, 276, 278, 280, 281, 282, 286, 287, 289, 290, 291, 297, 298, 300, 307, 308, 311, 312, 314, 315, 316, 318, 319, 321, 322, 323, 324, 326, 327, 330, 332, 333, 336, 337, 338, 339, 343, 344, 347, 348, 349, 351, 352, 353, 354, 358, 359, 363, 364, 367, 368, 369, 370, 374]",207,False,3.943281958232033e-05,-4.0460816180804836e-08,1.3157760132833713e-05,10.0
T4,25,25,16,9,572,0.64,0.027210884353741496,0.05220228384991843,cao2018,S41/080530n,all_channel,mean,mean__all_channel__T4,32,377,"[0, 1, 2, 3, 4, 5, 6, 7, 8, 9, 10, 11, 12, 13, 14, 15, 16, 17, 18, 19, 20, 21, 22, 23, 24, 25, 27, 28, 29, 30, 31, 32, 33, 34, 35, 36, 37, 38, 39, 40, 41, 42, 43, 44, 46, 47, 48, 49, 50, 51, 52, 53, 54, 55, 56, 57, 58, 60, 63, 64, 65, 68, 69, 70, 71, 72, 73, 75, 79, 81, 82, 84, 86, 88, 89, 90, 91, 93, 97, 99, 100, 101, 104, 107, 111, 112, 113, 114, 117, 118, 120, 121, 127, 128, 129, 130, 131, 134, 138, 139, 141, 143, 149, 152, 155, 156, 157, 164, 166, 167, 173, 181, 182, 188, 190, 193, 194, 196, 197, 198, 200, 202, 205, 206, 211, 212, 215, 216, 220, 222, 225, 227, 231, 234, 236, 237, 241, 243, 244, 245, 246, 249, 251, 253, 254, 256, 259, 260, 262, 263, 264, 266, 268, 270, 276, 278, 280, 281, 282, 286, 287, 289, 290, 291, 297, 298, 300, 307, 308, 311, 312, 314, 315, 316, 318, 319, 321, 322, 323, 324, 326, 327, 330, 332, 333, 336, 337, 338, 339, 343, 344, 347, 348, 349, 351, 352, 353, 354, 358, 359, 363, 364, 367, 368, 369, 370, 374]",207,False,2.4328731802172942e-05,-2.862601429392143e-08,8.119119272155621e-06,10.0
T3,34,34,12,22,576,0.35294117647058826,0.02040816326530612,0.03858520900321543,cao2018,S41/080530n,all_channel,mean,mean__all_channel__T3,32,377,"[0, 1, 2, 3, 4, 5, 6, 7, 8, 9, 10, 11, 12, 13, 14, 15, 16, 17, 18, 19, 20, 21, 22, 23, 24, 25, 27, 28, 29, 30, 31, 32, 33, 34, 35, 36, 37, 38, 39, 40, 41, 42, 43, 44, 46, 47, 48, 49, 50, 51, 52, 53, 54, 55, 56, 57, 58, 60, 63, 64, 65, 68, 69, 70, 71, 72, 73, 75, 79, 81, 82, 84, 86, 88, 89, 90, 91, 93, 97, 99, 100, 101, 104, 107, 111, 112, 113, 114, 117, 118, 120, 121, 127, 128, 129, 130, 131, 134, 138, 139, 141, 143, 149, 152, 155, 156, 157, 164, 166, 167, 173, 181, 182, 188, 190, 193, 194, 196, 197, 198, 200, 202, 205, 206, 211, 212, 215, 216, 220, 222, 225, 227, 231, 234, 236, 237, 241, 243, 244, 245, 246, 249, 251, 253, 254, 256, 259, 260, 262, 263, 264, 266, 268, 270, 276, 278, 280, 281, 282, 286, 287, 289, 290, 291, 297, 298, 300, 307, 308, 311, 312, 314, 315, 316, 318, 319, 321, 322, 323, 324, 326, 327, 330, 332, 333, 336, 337, 338, 339, 343, 344, 347, 348, 349, 351, 352, 353, 354, 358, 359, 363, 364, 367, 368, 369, 370, 374]",207,False,2.494242404898009e-05,-1.6412009818936015e-08,8.319612019599675e-06,10.0
FCZ,74,74,10,64,578,0.13513513513513514,0.017006802721088437,0.030211480362537766,cao2018,S41/080530n,all_channel,mean,mean__all_channel__FCZ,32,377,"[0, 1, 2, 3, 4, 5, 6, 7, 8, 9, 10, 11, 12, 13, 14, 15, 16, 17, 18, 19, 20, 21, 22, 23, 24, 25, 27, 28, 29, 30, 31, 32, 33, 34, 35, 36, 37, 38, 39, 40, 41, 42, 43, 44, 46, 47, 48, 49, 50, 51, 52, 53, 54, 55, 56, 57, 58, 60, 63, 64, 65, 68, 69, 70, 71, 72, 73, 75, 79, 81, 82, 84, 86, 88, 89, 90, 91, 93, 97, 99, 100, 101, 104, 107, 111, 112, 113, 114, 117, 118, 120, 121, 127, 128, 129, 130, 131, 134, 138, 139, 141, 143, 149, 152, 155, 156, 157, 164, 166, 167, 173, 181, 182, 188, 190, 193, 194, 196, 197, 198, 200, 202, 205, 206, 211, 212, 215, 216, 220, 222, 225, 227, 231, 234, 236, 237, 241, 243, 244, 245, 246, 249, 251, 253, 254, 256, 259, 260, 262, 263, 264, 266, 268, 270, 276, 278, 280, 281, 282, 286, 287, 289, 290, 291, 297, 298, 300, 307, 308, 311, 312, 314, 315, 316, 318, 319, 321, 322, 323, 324, 326, 327, 330, 332, 333, 336, 337, 338, 339, 343, 344, 347, 348, 349, 351, 352, 353, 354, 358, 359, 363, 364, 367, 368, 369, 370, 374]",207,False,4.1517506415421495e-05,-6.460419258861866e-08,1.3860703536003371e-05,10.0
C3,35,35,7,28,581,0.2,0.011904761904761904,0.02247191011235955,cao2018,S41/080530n,all_channel,mean,mean__all_channel__C3,32,377,"[0, 1, 2, 3, 4, 5, 6, 7, 8, 9, 10, 11, 12, 13, 14, 15, 16, 17, 18, 19, 20, 21, 22, 23, 24, 25, 27, 28, 29, 30, 31, 32, 33, 34, 35, 36, 37, 38, 39, 40, 41, 42, 43, 44, 46, 47, 48, 49, 50, 51, 52, 53, 54, 55, 56, 57, 58, 60, 63, 64, 65, 68, 69, 70, 71, 72, 73, 75, 79, 81, 82, 84, 86, 88, 89, 90, 91, 93, 97, 99, 100, 101, 104, 107, 111, 112, 113, 114, 117, 118, 120, 121, 127, 128, 129, 130, 131, 134, 138, 139, 141, 143, 149, 152, 155, 156, 157, 164, 166, 167, 173, 181, 182, 188, 190, 193, 194, 196, 197, 198, 200, 202, 205, 206, 211, 212, 215, 216, 220, 222, 225, 227, 231, 234, 236, 237, 241, 243, 244, 245, 246, 249, 251, 253, 254, 256, 259, 260, 262, 263, 264, 266, 268, 270, 276, 278, 280, 281, 282, 286, 287, 289, 290, 291, 297, 298, 300, 307, 308, 311, 312, 314, 315, 316, 318, 319, 321, 322, 323, 324, 326, 327, 330, 332, 333, 336, 337, 338, 339, 343, 344, 347, 348, 349, 351, 352, 353, 354, 358, 359, 363, 364, 367, 368, 369, 370, 374]",207,False,3.404718611017456e-05,-4.2357443352662564e-08,1.1363181184509075e-05,10.0
C4,25,25,6,19,582,0.24,0.01020408163265306,0.01957585644371941,cao2018,S41/080530n,all_channel,mean,mean__all_channel__C4,32,377,"[0, 1, 2, 3, 4, 5, 6, 7, 8, 9, 10, 11, 12, 13, 14, 15, 16, 17, 18, 19, 20, 21, 22, 23, 24, 25, 27, 28, 29, 30, 31, 32, 33, 34, 35, 36, 37, 38, 39, 40, 41, 42, 43, 44, 46, 47, 48, 49, 50, 51, 52, 53, 54, 55, 56, 57, 58, 60, 63, 64, 65, 68, 69, 70, 71, 72, 73, 75, 79, 81, 82, 84, 86, 88, 89, 90, 91, 93, 97, 99, 100, 101, 104, 107, 111, 112, 113, 114, 117, 118, 120, 121, 127, 128, 129, 130, 131, 134, 138, 139, 141, 143, 149, 152, 155, 156, 157, 164, 166, 167, 173, 181, 182, 188, 190, 193, 194, 196, 197, 198, 200, 202, 205, 206, 211, 212, 215, 216, 220, 222, 225, 227, 231, 234, 236, 237, 241, 243, 244, 245, 246, 249, 251, 253, 254, 256, 259, 260, 262, 263, 264, 266, 268, 270, 276, 278, 280, 281, 282, 286, 287, 289, 290, 291, 297, 298, 300, 307, 308, 311, 312, 314, 315, 316, 318, 319, 321, 322, 323, 324, 326, 327, 330, 332, 333, 336, 337, 338, 339, 343, 344, 347, 348, 349, 351, 352, 353, 354, 358, 359, 363, 364, 367, 368, 369, 370, 374]",207,False,3.339105936986665e-05,-4.932197089949078e-08,1.1146793780255381e-05,10.0
A2,43,43,3,40,585,0.06976744186046512,0.00510204081632653,0.009508716323296354,cao2018,S41/080530n,all_channel,mean,mean__all_channel__A2,32,377,"[0, 1, 2, 3, 4, 5, 6, 7, 8, 9, 10, 11, 12, 13, 14, 15, 16, 17, 18, 19, 20, 21, 22, 23, 24, 25, 27, 28, 29, 30, 31, 32, 33, 34, 35, 36, 37, 38, 39, 40, 41, 42, 43, 44, 46, 47, 48, 49, 50, 51, 52, 53, 54, 55, 56, 57, 58, 60, 63, 64, 65, 68, 69, 70, 71, 72, 73, 75, 79, 81, 82, 84, 86, 88, 89, 90, 91, 93, 97, 99, 100, 101, 104, 107, 111, 112, 113, 114, 117, 118, 120, 121, 127, 128, 129, 130, 131, 134, 138, 139, 141, 143, 149, 152, 155, 156, 157, 164, 166, 167, 173, 181, 182, 188, 190, 193, 194, 196, 197, 198, 200, 202, 205, 206, 211, 212, 215, 216, 220, 222, 225, 227, 231, 234, 236, 237, 241, 243, 244, 245, 246, 249, 251, 253, 254, 256, 259, 260, 262, 263, 264, 266, 268, 270, 276, 278, 280, 281, 282, 286, 287, 289, 290, 291, 297, 298, 300, 307, 308, 311, 312, 314, 315, 316, 318, 319, 321, 322, 323, 324, 326, 327, 330, 332, 333, 336, 337, 338, 339, 343, 344, 347, 348, 349, 351, 352, 353, 354, 358, 359, 363, 364, 367, 368, 369, 370, 374]",207,False,7.95363038617272e-06,4.802330440190125e-10,2.6510500510429006e-06,10.0
A1,55,55,3,52,585,0.05454545454545454,0.00510204081632653,0.009331259720062208,cao2018,S41/080530n,all_channel,mean,mean__all_channel__A1,32,377,"[0, 1, 2, 3, 4, 5, 6, 7, 8, 9, 10, 11, 12, 13, 14, 15, 16, 17, 18, 19, 20, 21, 22, 23, 24, 25, 27, 28, 29, 30, 31, 32, 33, 34, 35, 36, 37, 38, 39, 40, 41, 42, 43, 44, 46, 47, 48, 49, 50, 51, 52, 53, 54, 55, 56, 57, 58, 60, 63, 64, 65, 68, 69, 70, 71, 72, 73, 75, 79, 81, 82, 84, 86, 88, 89, 90, 91, 93, 97, 99, 100, 101, 104, 107, 111, 112, 113, 114, 117, 118, 120, 121, 127, 128, 129, 130, 131, 134, 138, 139, 141, 143, 149, 152, 155, 156, 157, 164, 166, 167, 173, 181, 182, 188, 190, 193, 194, 196, 197, 198, 200, 202, 205, 206, 211, 212, 215, 216, 220, 222, 225, 227, 231, 234, 236, 237, 241, 243, 244, 245, 246, 249, 251, 253, 254, 256, 259, 260, 262, 263, 264, 266, 268, 270, 276, 278, 280, 281, 282, 286, 287, 289, 290, 291, 297, 298, 300, 307, 308, 311, 312, 314, 315, 316, 318, 319, 321, 322, 323, 324, 326, 327, 330, 332, 333, 336, 337, 338, 339, 343, 344, 347, 348, 349, 351, 352, 353, 354, 358, 359, 363, 364, 367, 368, 369, 370, 374]",207,False,7.951607917678969e-06,-4.762948284114501e-10,2.65069473750246e-06,10.0
TP8,6,6,1,5,587,0.16666666666666666,0.0017006802721088435,0.0033670033670033664,cao2018,S41/080530n,all_channel,mean,mean__all_channel__TP8,32,377,"[0, 1, 2, 3, 4, 5, 6, 7, 8, 9, 10, 11, 12, 13, 14, 15, 16, 17, 18, 19, 20, 21, 22, 23, 24, 25, 27, 28, 29, 30, 31, 32, 33, 34, 35, 36, 37, 38, 39, 40, 41, 42, 43, 44, 46, 47, 48, 49, 50, 51, 52, 53, 54, 55, 56, 57, 58, 60, 63, 64, 65, 68, 69, 70, 71, 72, 73, 75, 79, 81, 82, 84, 86, 88, 89, 90, 91, 93, 97, 99, 100, 101, 104, 107, 111, 112, 113, 114, 117, 118, 120, 121, 127, 128, 129, 130, 131, 134, 138, 139, 141, 143, 149, 152, 155, 156, 157, 164, 166, 167, 173, 181, 182, 188, 190, 193, 194, 196, 197, 198, 200, 202, 205, 206, 211, 212, 215, 216, 220, 222, 225, 227, 231, 234, 236, 237, 241, 243, 244, 245, 246, 249, 251, 253, 254, 256, 259, 260, 262, 263, 264, 266, 268, 270, 276, 278, 280, 281, 282, 286, 287, 289, 290, 291, 297, 298, 300, 307, 308, 311, 312, 314, 315, 316, 318, 319, 321, 322, 323, 324, 326, 327, 330, 332, 333, 336, 337, 338, 339, 343, 344, 347, 348, 349, 351, 352, 353, 354, 358, 359, 363, 364, 367, 368, 369, 370, 374]",207,False,2.2478160623794776e-05,-2.4473456023636848e-08,7.500878026606137e-06,10.0
PZ,12,12,1,11,587,0.08333333333333333,0.0017006802721088435,0.0033333333333333327,cao2018,S41/080530n,all_channel,mean,mean__all_channel__PZ,32,377,"[0, 1, 2, 3, 4, 5, 6, 7, 8, 9, 10, 11, 12, 13, 14, 15, 16, 17, 18, 19, 20, 21, 22, 23, 24, 25, 27, 28, 29, 30, 31, 32, 33, 34, 35, 36, 37, 38, 39, 40, 41, 42, 43, 44, 46, 47, 48, 49, 50, 51, 52, 53, 54, 55, 56, 57, 58, 60, 63, 64, 65, 68, 69, 70, 71, 72, 73, 75, 79, 81, 82, 84, 86, 88, 89, 90, 91, 93, 97, 99, 100, 101, 104, 107, 111, 112, 113, 114, 117, 118, 120, 121, 127, 128, 129, 130, 131, 134, 138, 139, 141, 143, 149, 152, 155, 156, 157, 164, 166, 167, 173, 181, 182, 188, 190, 193, 194, 196, 197, 198, 200, 202, 205, 206, 211, 212, 215, 216, 220, 222, 225, 227, 231, 234, 236, 237, 241, 243, 244, 245, 246, 249, 251, 253, 254, 256, 259, 260, 262, 263, 264, 266, 268, 270, 276, 278, 280, 281, 282, 286, 287, 289, 290, 291, 297, 298, 300, 307, 308, 311, 312, 314, 315, 316, 318, 319, 321, 322, 323, 324, 326, 327, 330, 332, 333, 336, 337, 338, 339, 343, 344, 347, 348, 349, 351, 352, 353, 354, 358, 359, 363, 364, 367, 368, 369, 370, 374]",207,False,3.396514170179636e-05,-3.3405560239157225e-08,1.1332849087345172e-05,10.0
TP7,16,16,1,15,587,0.0625,0.0017006802721088435,0.003311258278145695,cao2018,S41/080530n,all_channel,mean,mean__all_channel__TP7,32,377,"[0, 1, 2, 3, 4, 5, 6, 7, 8, 9, 10, 11, 12, 13, 14, 15, 16, 17, 18, 19, 20, 21, 22, 23, 24, 25, 27, 28, 29, 30, 31, 32, 33, 34, 35, 36, 37, 38, 39, 40, 41, 42, 43, 44, 46, 47, 48, 49, 50, 51, 52, 53, 54, 55, 56, 57, 58, 60, 63, 64, 65, 68, 69, 70, 71, 72, 73, 75, 79, 81, 82, 84, 86, 88, 89, 90, 91, 93, 97, 99, 100, 101, 104, 107, 111, 112, 113, 114, 117, 118, 120, 121, 127, 128, 129, 130, 131, 134, 138, 139, 141, 143, 149, 152, 155, 156, 157, 164, 166, 167, 173, 181, 182, 188, 190, 193, 194, 196, 197, 198, 200, 202, 205, 206, 211, 212, 215, 216, 220, 222, 225, 227, 231, 234, 236, 237, 241, 243, 244, 245, 246, 249, 251, 253, 254, 256, 259, 260, 262, 263, 264, 266, 268, 270, 276, 278, 280, 281, 282, 286, 287, 289, 290, 291, 297, 298, 300, 307, 308, 311, 312, 314, 315, 316, 318, 319, 321, 322, 323, 324, 326, 327, 330, 332, 333, 336, 337, 338, 339, 343, 344, 347, 348, 349, 351, 352, 353, 354, 358, 359, 363, 364, 367, 368, 369, 370, 374]",207,False,2.300580726958999e-05,-1.6900435213959694e-08,7.674235901601316e-06,10.0
CZ,53,53,1,52,587,0.018867924528301886,0.0017006802721088435,0.0031201248049922,cao2018,S41/080530n,all_channel,mean,mean__all_channel__CZ,32,377,"[0, 1, 2, 3, 4, 5, 6, 7, 8, 9, 10, 11, 12, 13, 14, 15, 16, 17, 18, 19, 20, 21, 22, 23, 24, 25, 27, 28, 29, 30, 31, 32, 33, 34, 35, 36, 37, 38, 39, 40, 41, 42, 43, 44, 46, 47, 48, 49, 50, 51, 52, 53, 54, 55, 56, 57, 58, 60, 63, 64, 65, 68, 69, 70, 71, 72, 73, 75, 79, 81, 82, 84, 86, 88, 89, 90, 91, 93, 97, 99, 100, 101, 104, 107, 111, 112, 113, 114, 117, 118, 120, 121, 127, 128, 129, 130, 131, 134, 138, 139, 141, 143, 149, 152, 155, 156, 157, 164, 166, 167, 173, 181, 182, 188, 190, 193, 194, 196, 197, 198, 200, 202, 205, 206, 211, 212, 215, 216, 220, 222, 225, 227, 231, 234, 236, 237, 241, 243, 244, 245, 246, 249, 251, 253, 254, 256, 259, 260, 262, 263, 264, 266, 268, 270, 276, 278, 280, 281, 282, 286, 287, 289, 290, 291, 297, 298, 300, 307, 308, 311, 312, 314, 315, 316, 318, 319, 321, 322, 323, 324, 326, 327, 330, 332, 333, 336, 337, 338, 339, 343, 344, 347, 348, 349, 351, 352, 353, 354, 358, 359, 363, 364, 367, 368, 369, 370, 374]",207,False,3.6546132888059815e-05,-5.678573113616447e-08,1.2200972873065325e-05,10.0
OZ,6,6,0,6,588,0.0,0.0,0.0,cao2018,S41/080530n,all_channel,mean,mean__all_channel__OZ,32,377,"[0, 1, 2, 3, 4, 5, 6, 7, 8, 9, 10, 11, 12, 13, 14, 15, 16, 17, 18, 19, 20, 21, 22, 23, 24, 25, 27, 28, 29, 30, 31, 32, 33, 34, 35, 36, 37, 38, 39, 40, 41, 42, 43, 44, 46, 47, 48, 49, 50, 51, 52, 53, 54, 55, 56, 57, 58, 60, 63, 64, 65, 68, 69, 70, 71, 72, 73, 75, 79, 81, 82, 84, 86, 88, 89, 90, 91, 93, 97, 99, 100, 101, 104, 107, 111, 112, 113, 114, 117, 118, 120, 121, 127, 128, 129, 130, 131, 134, 138, 139, 141, 143, 149, 152, 155, 156, 157, 164, 166, 167, 173, 181, 182, 188, 190, 193, 194, 196, 197, 198, 200, 202, 205, 206, 211, 212, 215, 216, 220, 222, 225, 227, 231, 234, 236, 237, 241, 243, 244, 245, 246, 249, 251, 253, 254, 256, 259, 260, 262, 263, 264, 266, 268, 270, 276, 278, 280, 281, 282, 286, 287, 289, 290, 291, 297, 298, 300, 307, 308, 311, 312, 314, 315, 316, 318, 319, 321, 322, 323, 324, 326, 327, 330, 332, 333, 336, 337, 338, 339, 343, 344, 347, 348, 349, 351, 352, 353, 354, 358, 359, 363, 364, 367, 368, 369, 370, 374]",207,False,2.3589139642319833e-05,-5.891792685655872e-09,7.865010478335163e-06,10.0
T5,7,7,0,7,588,0.0,0.0,0.0,cao2018,S41/080530n,all_channel,mean,mean__all_channel__T5,32,377,"[0, 1, 2, 3, 4, 5, 6, 7, 8, 9, 10, 11, 12, 13, 14, 15, 16, 17, 18, 19, 20, 21, 22, 23, 24, 25, 27, 28, 29, 30, 31, 32, 33, 34, 35, 36, 37, 38, 39, 40, 41, 42, 43, 44, 46, 47, 48, 49, 50, 51, 52, 53, 54, 55, 56, 57, 58, 60, 63, 64, 65, 68, 69, 70, 71, 72, 73, 75, 79, 81, 82, 84, 86, 88, 89, 90, 91, 93, 97, 99, 100, 101, 104, 107, 111, 112, 113, 114, 117, 118, 120, 121, 127, 128, 129, 130, 131, 134, 138, 139, 141, 143, 149, 152, 155, 156, 157, 164, 166, 167, 173, 181, 182, 188, 190, 193, 194, 196, 197, 198, 200, 202, 205, 206, 211, 212, 215, 216, 220, 222, 225, 227, 231, 234, 236, 237, 241, 243, 244, 245, 246, 249, 251, 253, 254, 256, 259, 260, 262, 263, 264, 266, 268, 270, 276, 278, 280, 281, 282, 286, 287, 289, 290, 291, 297, 298, 300, 307, 308, 311, 312, 314, 315, 316, 318, 319, 321, 322, 323, 324, 326, 327, 330, 332, 333, 336, 337, 338, 339, 343, 344, 347, 348, 349, 351, 352, 353, 354, 358, 359, 363, 364, 367, 368, 369, 370, 374]",207,False,2.3525095869741957e-05,-1.3981556547197137e-08,7.846359142096385e-06,10.0
T6,10,10,0,10,588,0.0,0.0,0.0,cao2018,S41/080530n,all_channel,mean,mean__all_channel__T6,32,377,"[0, 1, 2, 3, 4, 5, 6, 7, 8, 9, 10, 11, 12, 13, 14, 15, 16, 17, 18, 19, 20, 21, 22, 23, 24, 25, 27, 28, 29, 30, 31, 32, 33, 34, 35, 36, 37, 38, 39, 40, 41, 42, 43, 44, 46, 47, 48, 49, 50, 51, 52, 53, 54, 55, 56, 57, 58, 60, 63, 64, 65, 68, 69, 70, 71, 72, 73, 75, 79, 81, 82, 84, 86, 88, 89, 90, 91, 93, 97, 99, 100, 101, 104, 107, 111, 112, 113, 114, 117, 118, 120, 121, 127, 128, 129, 130, 131, 134, 138, 139, 141, 143, 149, 152, 155, 156, 157, 164, 166, 167, 173, 181, 182, 188, 190, 193, 194, 196, 197, 198, 200, 202, 205, 206, 211, 212, 215, 216, 220, 222, 225, 227, 231, 234, 236, 237, 241, 243, 244, 245, 246, 249, 251, 253, 254, 256, 259, 260, 262, 263, 264, 266, 268, 270, 276, 278, 280, 281, 282, 286, 287, 289, 290, 291, 297, 298, 300, 307, 308, 311, 312, 314, 315, 316, 318, 319, 321, 322, 323, 324, 326, 327, 330, 332, 333, 336, 337, 338, 339, 343, 344, 347, 348, 349, 351, 352, 353, 354, 358, 359, 363, 364, 367, 368, 369, 370, 374]",207,False,2.3991955687573083e-05,-1.5889340347543687e-08,8.002615009306876e-06,10.0
O1,11,11,0,11,588,0.0,0.0,0.0,cao2018,S41/080530n,all_channel,mean,mean__all_channel__O1,32,377,"[0, 1, 2, 3, 4, 5, 6, 7, 8, 9, 10, 11, 12, 13, 14, 15, 16, 17, 18, 19, 20, 21, 22, 23, 24, 25, 27, 28, 29, 30, 31, 32, 33, 34, 35, 36, 37, 38, 39, 40, 41, 42, 43, 44, 46, 47, 48, 49, 50, 51, 52, 53, 54, 55, 56, 57, 58, 60, 63, 64, 65, 68, 69, 70, 71, 72, 73, 75, 79, 81, 82, 84, 86, 88, 89, 90, 91, 93, 97, 99, 100, 101, 104, 107, 111, 112, 113, 114, 117, 118, 120, 121, 127, 128, 129, 130, 131, 134, 138, 139, 141, 143, 149, 152, 155, 156, 157, 164, 166, 167, 173, 181, 182, 188, 190, 193, 194, 196, 197, 198, 200, 202, 205, 206, 211, 212, 215, 216, 220, 222, 225, 227, 231, 234, 236, 237, 241, 243, 244, 245, 246, 249, 251, 253, 254, 256, 259, 260, 262, 263, 264, 266, 268, 270, 276, 278, 280, 281, 282, 286, 287, 289, 290, 291, 297, 298, 300, 307, 308, 311, 312, 314, 315, 316, 318, 319, 321, 322, 323, 324, 326, 327, 330, 332, 333, 336, 337, 338, 339, 343, 344, 347, 348, 349, 351, 352, 353, 354, 358, 359, 363, 364, 367, 368, 369, 370, 374]",207,False,2.440652626558384e-05,-1.1021020561044053e-08,8.139182428714961e-06,10.0
O2,12,12,0,12,588,0.0,0.0,0.0,cao2018,S41/080530n,all_channel,mean,mean__all_channel__O2,32,377,"[0, 1, 2, 3, 4, 5, 6, 7, 8, 9, 10, 11, 12, 13, 14, 15, 16, 17, 18, 19, 20, 21, 22, 23, 24, 25, 27, 28, 29, 30, 31, 32, 33, 34, 35, 36, 37, 38, 39, 40, 41, 42, 43, 44, 46, 47, 48, 49, 50, 51, 52, 53, 54, 55, 56, 57, 58, 60, 63, 64, 65, 68, 69, 70, 71, 72, 73, 75, 79, 81, 82, 84, 86, 88, 89, 90, 91, 93, 97, 99, 100, 101, 104, 107, 111, 112, 113, 114, 117, 118, 120, 121, 127, 128, 129, 130, 131, 134, 138, 139, 141, 143, 149, 152, 155, 156, 157, 164, 166, 167, 173, 181, 182, 188, 190, 193, 194, 196, 197, 198, 200, 202, 205, 206, 211, 212, 215, 216, 220, 222, 225, 227, 231, 234, 236, 237, 241, 243, 244, 245, 246, 249, 251, 253, 254, 256, 259, 260, 262, 263, 264, 266, 268, 270, 276, 278, 280, 281, 282, 286, 287, 289, 290, 291, 297, 298, 300, 307, 308, 311, 312, 314, 315, 316, 318, 319, 321, 322, 323, 324, 326, 327, 330, 332, 333, 336, 337, 338, 339, 343, 344, 347, 348, 349, 351, 352, 353, 354, 358, 359, 363, 364, 367, 368, 369, 370, 374]",207,False,2.379484475494548e-05,-6.855757606976559e-09,7.933900170850818e-06,10.0
P4,12,12,0,12,588,0.0,0.0,0.0,cao2018,S41/080530n,all_channel,mean,mean__all_channel__P4,32,377,"[0, 1, 2, 3, 4, 5, 6, 7, 8, 9, 10, 11, 12, 13, 14, 15, 16, 17, 18, 19, 20, 21, 22, 23, 24, 25, 27, 28, 29, 30, 31, 32, 33, 34, 35, 36, 37, 38, 39, 40, 41, 42, 43, 44, 46, 47, 48, 49, 50, 51, 52, 53, 54, 55, 56, 57, 58, 60, 63, 64, 65, 68, 69, 70, 71, 72, 73, 75, 79, 81, 82, 84, 86, 88, 89, 90, 91, 93, 97, 99, 100, 101, 104, 107, 111, 112, 113, 114, 117, 118, 120, 121, 127, 128, 129, 130, 131, 134, 138, 139, 141, 143, 149, 152, 155, 156, 157, 164, 166, 167, 173, 181, 182, 188, 190, 193, 194, 196, 197, 198, 200, 202, 205, 206, 211, 212, 215, 216, 220, 222, 225, 227, 231, 234, 236, 237, 241, 243, 244, 245, 246, 249, 251, 253, 254, 256, 259, 260, 262, 263, 264, 266, 268, 270, 276, 278, 280, 281, 282, 286, 287, 289, 290, 291, 297, 298, 300, 307, 308, 311, 312, 314, 315, 316, 318, 319, 321, 322, 323, 324, 326, 327, 330, 332, 333, 336, 337, 338, 339, 343, 344, 347, 348, 349, 351, 352, 353, 354, 358, 359, 363, 364, 367, 368, 369, 370, 374]",207,False,3.0426134201838088e-05,-4.121869100384822e-08,1.0155784297613979e-05,10.0
P3,14,14,0,14,588,0.0,0.0,0.0,cao2018,S41/080530n,all_channel,mean,mean__all_channel__P3,32,377,"[0, 1, 2, 3, 4, 5, 6, 7, 8, 9, 10, 11, 12, 13, 14, 15, 16, 17, 18, 19, 20, 21, 22, 23, 24, 25, 27, 28, 29, 30, 31, 32, 33, 34, 35, 36, 37, 38, 39, 40, 41, 42, 43, 44, 46, 47, 48, 49, 50, 51, 52, 53, 54, 55, 56, 57, 58, 60, 63, 64, 65, 68, 69, 70, 71, 72, 73, 75, 79, 81, 82, 84, 86, 88, 89, 90, 91, 93, 97, 99, 100, 101, 104, 107, 111, 112, 113, 114, 117, 118, 120, 121, 127, 128, 129, 130, 131, 134, 138, 139, 141, 143, 149, 152, 155, 156, 157, 164, 166, 167, 173, 181, 182, 188, 190, 193, 194, 196, 197, 198, 200, 202, 205, 206, 211, 212, 215, 216, 220, 222, 225, 227, 231, 234, 236, 237, 241, 243, 244, 245, 246, 249, 251, 253, 254, 256, 259, 260, 262, 263, 264, 266, 268, 270, 276, 278, 280, 281, 282, 286, 287, 289, 290, 291, 297, 298, 300, 307, 308, 311, 312, 314, 315, 316, 318, 319, 321, 322, 323, 324, 326, 327, 330, 332, 333, 336, 337, 338, 339, 343, 344, 347, 348, 349, 351, 352, 353, 354, 358, 359, 363, 364, 367, 368, 369, 370, 374]",207,False,3.067383343627386e-05,-2.5918795467337716e-08,1.0233250743913732e-05,10.0
CP3,15,15,0,15,588,0.0,0.0,0.0,cao2018,S41/080530n,all_channel,mean,mean__all_channel__CP3,32,377,"[0, 1, 2, 3, 4, 5, 6, 7, 8, 9, 10, 11, 12, 13, 14, 15, 16, 17, 18, 19, 20, 21, 22, 23, 24, 25, 27, 28, 29, 30, 31, 32, 33, 34, 35, 36, 37, 38, 39, 40, 41, 42, 43, 44, 46, 47, 48, 49, 50, 51, 52, 53, 54, 55, 56, 57, 58, 60, 63, 64, 65, 68, 69, 70, 71, 72, 73, 75, 79, 81, 82, 84, 86, 88, 89, 90, 91, 93, 97, 99, 100, 101, 104, 107, 111, 112, 113, 114, 117, 118, 120, 121, 127, 128, 129, 130, 131, 134, 138, 139, 141, 143, 149, 152, 155, 156, 157, 164, 166, 167, 173, 181, 182, 188, 190, 193, 194, 196, 197, 198, 200, 202, 205, 206, 211, 212, 215, 216, 220, 222, 225, 227, 231, 234, 236, 237, 241, 243, 244, 245, 246, 249, 251, 253, 254, 256, 259, 260, 262, 263, 264, 266, 268, 270, 276, 278, 280, 281, 282, 286, 287, 289, 290, 291, 297, 298, 300, 307, 308, 311, 312, 314, 315, 316, 318, 319, 321, 322, 323, 324, 326, 327, 330, 332, 333, 336, 337, 338, 339, 343, 344, 347, 348, 349, 351, 352, 353, 354, 358, 359, 363, 364, 367, 368, 369, 370, 374]",207,False,3.20677582125211e-05,-4.1079065505521046e-08,1.0702945759342207e-05,10.0
CP4,15,15,0,15,588,0.0,0.0,0.0,cao2018,S41/080530n,all_channel,mean,mean__all_channel__CP4,32,377,"[0, 1, 2, 3, 4, 5, 6, 7, 8, 9, 10, 11, 12, 13, 14, 15, 16, 17, 18, 19, 20, 21, 22, 23, 24, 25, 27, 28, 29, 30, 31, 32, 33, 34, 35, 36, 37, 38, 39, 40, 41, 42, 43, 44, 46, 47, 48, 49, 50, 51, 52, 53, 54, 55, 56, 57, 58, 60, 63, 64, 65, 68, 69, 70, 71, 72, 73, 75, 79, 81, 82, 84, 86, 88, 89, 90, 91, 93, 97, 99, 100, 101, 104, 107, 111, 112, 113, 114, 117, 118, 120, 121, 127, 128, 129, 130, 131, 134, 138, 139, 141, 143, 149, 152, 155, 156, 157, 164, 166, 167, 173, 181, 182, 188, 190, 193, 194, 196, 197, 198, 200, 202, 205, 206, 211, 212, 215, 216, 220, 222, 225, 227, 231, 234, 236, 237, 241, 243, 244, 245, 246, 249, 251, 253, 254, 256, 259, 260, 262, 263, 264, 266, 268, 270, 276, 278, 280, 281, 282, 286, 287, 289, 290, 291, 297, 298, 300, 307, 308, 311, 312, 314, 315, 316, 318, 319, 321, 322, 323, 324, 326, 327, 330, 332, 333, 336, 337, 338, 339, 343, 344, 347, 348, 349, 351, 352, 353, 354, 358, 359, 363, 364, 367, 368, 369, 370, 374]",207,False,3.194392034742727e-05,-4.5285956108264494e-08,1.0663068767845179e-05,10.0
CPZ,15,15,0,15,588,0.0,0.0,0.0,cao2018,S41/080530n,all_channel,mean,mean__all_channel__CPZ,32,377,"[0, 1, 2, 3, 4, 5, 6, 7, 8, 9, 10, 11, 12, 13, 14, 15, 16, 17, 18, 19, 20, 21, 22, 23, 24, 25, 27, 28, 29, 30, 31, 32, 33, 34, 35, 36, 37, 38, 39, 40, 41, 42, 43, 44, 46, 47, 48, 49, 50, 51, 52, 53, 54, 55, 56, 57, 58, 60, 63, 64, 65, 68, 69, 70, 71, 72, 73, 75, 79, 81, 82, 84, 86, 88, 89, 90, 91, 93, 97, 99, 100, 101, 104, 107, 111, 112, 113, 114, 117, 118, 120, 121, 127, 128, 129, 130, 131, 134, 138, 139, 141, 143, 149, 152, 155, 156, 157, 164, 166, 167, 173, 181, 182, 188, 190, 193, 194, 196, 197, 198, 200, 202, 205, 206, 211, 212, 215, 216, 220, 222, 225, 227, 231, 234, 236, 237, 241, 243, 244, 245, 246, 249, 251, 253, 254, 256, 259, 260, 262, 263, 264, 266, 268, 270, 276, 278, 280, 281, 282, 286, 287, 289, 290, 291, 297, 298, 300, 307, 308, 311, 312, 314, 315, 316, 318, 319, 321, 322, 323, 324, 326, 327, 330, 332, 333, 336, 337, 338, 339, 343, 344, 347, 348, 349, 351, 352, 353, 354, 358, 359, 363, 364, 367, 368, 369, 370, 374]",207,False,3.4546927092765856e-05,-4.43619110107506e-08,1.1530429667925535e-05,10.0
FP2,698,698,499,199,89,0.7148997134670487,0.8486394557823129,0.776049766718507,cao2018,S41/080530n,frontal,median,median__frontal__FP2,4,377,"[0, 1, 2, 3, 4, 5, 6, 7, 8, 9, 10, 11, 12, 13, 14, 15, 16, 17, 18, 19, 20, 21, 22, 23, 24, 27, 28, 29, 30, 31, 32, 33, 34, 35, 36, 37, 38, 39, 40, 41, 42, 43, 44, 46, 48, 50, 51, 52, 53, 54, 55, 58, 63, 65, 70, 79, 82, 91, 93, 99, 111, 112, 117, 120, 128, 131, 139, 143, 149, 197, 198, 200, 220, 222, 243, 260, 290, 322, 351, 353, 358, 359, 363, 369, 374]",85,False,7.41245025927882e-05,-6.687027935092897e-06,2.6937176842627032e-05,10.0
FP1,710,710,493,217,95,0.6943661971830986,0.8384353741496599,0.7596302003081663,cao2018,S41/080530n,frontal,median,median__frontal__FP1,4,377,"[0, 1, 2, 3, 4, 5, 6, 7, 8, 9, 10, 11, 12, 13, 14, 15, 16, 17, 18, 19, 20, 21, 22, 23, 24, 27, 28, 29, 30, 31, 32, 33, 34, 35, 36, 37, 38, 39, 40, 41, 42, 43, 44, 46, 48, 50, 51, 52, 53, 54, 55, 58, 63, 65, 70, 79, 82, 91, 93, 99, 111, 112, 117, 120, 128, 131, 139, 143, 149, 197, 198, 200, 220, 222, 243, 260, 290, 322, 351, 353, 358, 359, 363, 369, 374]",85,False,6.910609432398711e-05,-5.853695145984266e-06,2.4986596489990462e-05,10.0
F3,324,324,234,90,354,0.7222222222222222,0.3979591836734694,0.513157894736842,cao2018,S41/080530n,frontal,median,median__frontal__F3,4,377,"[0, 1, 2, 3, 4, 5, 6, 7, 8, 9, 10, 11, 12, 13, 14, 15, 16, 17, 18, 19, 20, 21, 22, 23, 24, 27, 28, 29, 30, 31, 32, 33, 34, 35, 36, 37, 38, 39, 40, 41, 42, 43, 44, 46, 48, 50, 51, 52, 53, 54, 55, 58, 63, 65, 70, 79, 82, 91, 93, 99, 111, 112, 117, 120, 128, 131, 139, 143, 149, 197, 198, 200, 220, 222, 243, 260, 290, 322, 351, 353, 358, 359, 363, 369, 374]",85,False,4.177526879202353e-05,-2.2909364933646113e-06,1.4688735095129382e-05,10.0
F4,276,276,213,63,375,0.7717391304347826,0.3622448979591837,0.49305555555555564,cao2018,S41/080530n,frontal,median,median__frontal__F4,4,377,"[0, 1, 2, 3, 4, 5, 6, 7, 8, 9, 10, 11, 12, 13, 14, 15, 16, 17, 18, 19, 20, 21, 22, 23, 24, 27, 28, 29, 30, 31, 32, 33, 34, 35, 36, 37, 38, 39, 40, 41, 42, 43, 44, 46, 48, 50, 51, 52, 53, 54, 55, 58, 63, 65, 70, 79, 82, 91, 93, 99, 111, 112, 117, 120, 128, 131, 139, 143, 149, 197, 198, 200, 220, 222, 243, 260, 290, 322, 351, 353, 358, 359, 363, 369, 374]",85,False,4.187162460552055e-05,-2.375192837441134e-06,1.4748939147653894e-05,10.0
FP2,594,594,469,125,119,0.7895622895622896,0.7976190476190477,0.7935702199661591,cao2018,S41/080530n,frontal,mean,mean__frontal__FP2,4,377,"[0, 1, 2, 3, 4, 5, 6, 7, 8, 9, 10, 11, 12, 13, 14, 15, 16, 17, 18, 19, 20, 21, 22, 23, 24, 27, 28, 29, 30, 31, 32, 33, 34, 35, 36, 37, 38, 39, 40, 41, 42, 43, 44, 46, 48, 50, 51, 52, 53, 54, 55, 58, 63, 65, 70, 79, 82, 91, 93, 99, 111, 112, 117, 120, 128, 131, 139, 143, 149, 197, 198, 200, 220, 222, 243, 260, 290, 322, 351, 353, 358, 359, 363, 369, 374]",85,False,8.0726418215162e-05,-8.511231271908577e-08,2.6937176842627032e-05,10.0
FP1,625,625,466,159,122,0.7456,0.7925170068027211,0.7683429513602638,cao2018,S41/080530n,frontal,mean,mean__frontal__FP1,4,377,"[0, 1, 2, 3, 4, 5, 6, 7, 8, 9, 10, 11, 12, 13, 14, 15, 16, 17, 18, 19, 20, 21, 22, 23, 24, 27, 28, 29, 30, 31, 32, 33, 34, 35, 36, 37, 38, 39, 40, 41, 42, 43, 44, 46, 48, 50, 51, 52, 53, 54, 55, 58, 63, 65, 70, 79, 82, 91, 93, 99, 111, 112, 117, 120, 128, 131, 139, 143, 149, 197, 198, 200, 220, 222, 243, 260, 290, 322, 351, 353, 358, 359, 363, 369, 374]",85,False,7.488135036512559e-05,-7.8439104845793e-08,2.4986596489990462e-05,10.0
F3,255,255,193,62,395,0.7568627450980392,0.3282312925170068,0.45788849347568206,cao2018,S41/080530n,frontal,mean,mean__frontal__F3,4,377,"[0, 1, 2, 3, 4, 5, 6, 7, 8, 9, 10, 11, 12, 13, 14, 15, 16, 17, 18, 19, 20, 21, 22, 23, 24, 27, 28, 29, 30, 31, 32, 33, 34, 35, 36, 37, 38, 39, 40, 41, 42, 43, 44, 46, 48, 50, 51, 52, 53, 54, 55, 58, 63, 65, 70, 79, 82, 91, 93, 99, 111, 112, 117, 120, 128, 131, 139, 143, 149, 197, 198, 200, 220, 222, 243, 260, 290, 322, 351, 353, 358, 359, 363, 369, 374]",85,False,4.399391596342041e-05,-7.228932196772936e-08,1.4688735095129382e-05,10.0
F4,224,224,179,45,409,0.7991071428571429,0.304421768707483,0.4408866995073892,cao2018,S41/080530n,frontal,mean,mean__frontal__F4,4,377,"[0, 1, 2, 3, 4, 5, 6, 7, 8, 9, 10, 11, 12, 13, 14, 15, 16, 17, 18, 19, 20, 21, 22, 23, 24, 27, 28, 29, 30, 31, 32, 33, 34, 35, 36, 37, 38, 39, 40, 41, 42, 43, 44, 46, 48, 50, 51, 52, 53, 54, 55, 58, 63, 65, 70, 79, 82, 91, 93, 99, 111, 112, 117, 120, 128, 131, 139, 143, 149, 197, 198, 200, 220, 222, 243, 260, 290, 322, 351, 353, 358, 359, 363, 369, 374]",85,False,4.418273101400537e-05,-6.40864289563141e-08,1.4748939147653894e-05,10.0
FP1,724,724,497,227,91,0.68646408839779,0.8452380952380952,0.7576219512195123,cao2018,S41/080530n,frontal_left,median,median__frontal_left__FP1,2,377,"[0, 2, 3, 4, 5, 6, 7, 10, 11, 12, 13, 14, 15, 16, 17, 18, 19, 20, 21, 22, 24, 27, 28, 29, 30, 31, 32, 33, 34, 35, 37, 38, 40, 43, 44, 46, 48, 50, 52, 54, 55, 58, 63, 79, 82, 93, 99, 112, 117, 128, 131, 139, 143, 149, 197, 198, 200, 220, 243, 359, 363, 374]",62,False,6.832688460188398e-05,-6.435633306685826e-06,2.49208393028566e-05,10.0
F3,347,347,249,98,339,0.7175792507204611,0.42346938775510207,0.5326203208556151,cao2018,S41/080530n,frontal_left,median,median__frontal_left__F3,2,377,"[0, 2, 3, 4, 5, 6, 7, 10, 11, 12, 13, 14, 15, 16, 17, 18, 19, 20, 21, 22, 24, 27, 28, 29, 30, 31, 32, 33, 34, 35, 37, 38, 40, 43, 44, 46, 48, 50, 52, 54, 55, 58, 63, 79, 82, 93, 99, 112, 117, 128, 131, 139, 143, 149, 197, 198, 200, 220, 243, 359, 363, 374]",62,False,4.119418932533879e-05,-2.459155778196468e-06,1.4551115034511752e-05,10.0
FP1,625,625,467,158,121,0.7472,0.79421768707483,0.7699917559769167,cao2018,S41/080530n,frontal_left,mean,mean__frontal_left__FP1,2,377,"[0, 2, 3, 4, 5, 6, 7, 10, 11, 12, 13, 14, 15, 16, 17, 18, 19, 20, 21, 22, 24, 27, 28, 29, 30, 31, 32, 33, 34, 35, 37, 38, 40, 43, 44, 46, 48, 50, 52, 54, 55, 58, 63, 79, 82, 93, 99, 112, 117, 128, 131, 139, 143, 149, 197, 198, 200, 220, 243, 359, 363, 374]",62,False,7.47679311025878e-05,5.413194017998163e-09,2.49208393028566e-05,10.0
F3,263,263,201,62,387,0.7642585551330798,0.34183673469387754,0.472385428907168,cao2018,S41/080530n,frontal_left,mean,mean__frontal_left__F3,2,377,"[0, 2, 3, 4, 5, 6, 7, 10, 11, 12, 13, 14, 15, 16, 17, 18, 19, 20, 21, 22, 24, 27, 28, 29, 30, 31, 32, 33, 34, 35, 37, 38, 40, 43, 44, 46, 48, 50, 52, 54, 55, 58, 63, 79, 82, 93, 99, 112, 117, 128, 131, 139, 143, 149, 197, 198, 200, 220, 243, 359, 363, 374]",62,False,4.3633409724431236e-05,-1.9935379104020465e-08,1.4551115034511752e-05,10.0
FP2,684,684,495,189,93,0.7236842105263158,0.8418367346938775,0.7783018867924527,cao2018,S41/080530n,frontal_right,median,median__frontal_right__FP2,2,377,"[0, 1, 2, 3, 4, 5, 6, 7, 8, 9, 10, 11, 12, 13, 14, 15, 16, 17, 18, 19, 20, 21, 22, 23, 24, 27, 28, 29, 31, 32, 33, 34, 35, 36, 37, 38, 39, 40, 41, 42, 43, 44, 46, 48, 50, 51, 52, 53, 54, 55, 63, 65, 70, 82, 91, 93, 111, 117, 120, 131, 139, 143, 149, 197, 200, 220, 222, 243, 260, 290, 322, 351, 353, 358, 359, 363, 369, 374]",78,False,7.485484260701103e-05,-7.26580607209705e-06,2.7373549559702694e-05,10.0
F4,284,284,219,65,369,0.7711267605633803,0.37244897959183676,0.5022935779816514,cao2018,S41/080530n,frontal_right,median,median__frontal_right__F4,2,377,"[0, 1, 2, 3, 4, 5, 6, 7, 8, 9, 10, 11, 12, 13, 14, 15, 16, 17, 18, 19, 20, 21, 22, 23, 24, 27, 28, 29, 31, 32, 33, 34, 35, 36, 37, 38, 39, 40, 41, 42, 43, 44, 46, 48, 50, 51, 52, 53, 54, 55, 63, 65, 70, 82, 91, 93, 111, 117, 120, 131, 139, 143, 149, 197, 200, 220, 222, 243, 260, 290, 322, 351, 353, 358, 359, 363, 369, 374]",78,False,4.157033225928145e-05,-2.533046443539544e-06,1.4701126234273665e-05,10.0
FP2,575,575,460,115,128,0.8,0.782312925170068,0.7910576096302666,cao2018,S41/080530n,frontal_right,mean,mean__frontal_right__FP2,2,377,"[0, 1, 2, 3, 4, 5, 6, 7, 8, 9, 10, 11, 12, 13, 14, 15, 16, 17, 18, 19, 20, 21, 22, 23, 24, 27, 28, 29, 31, 32, 33, 34, 35, 36, 37, 38, 39, 40, 41, 42, 43, 44, 46, 48, 50, 51, 52, 53, 54, 55, 63, 65, 70, 82, 91, 93, 111, 117, 120, 131, 139, 143, 149, 197, 200, 220, 222, 243, 260, 290, 322, 351, 353, 358, 359, 363, 369, 374]",78,False,8.208246006441166e-05,-3.818861469641937e-08,2.7373549559702694e-05,10.0
F4,229,229,183,46,405,0.7991266375545851,0.3112244897959184,0.4479804161566707,cao2018,S41/080530n,frontal_right,mean,mean__frontal_right__F4,2,377,"[0, 1, 2, 3, 4, 5, 6, 7, 8, 9, 10, 11, 12, 13, 14, 15, 16, 17, 18, 19, 20, 21, 22, 23, 24, 27, 28, 29, 31, 32, 33, 34, 35, 36, 37, 38, 39, 40, 41, 42, 43, 44, 46, 48, 50, 51, 52, 53, 54, 55, 63, 65, 70, 82, 91, 93, 111, 117, 120, 131, 139, 143, 149, 197, 200, 220, 222, 243, 260, 290, 322, 351, 353, 358, 359, 363, 369, 374]",78,False,4.4052722115936394e-05,-5.06565868845983e-08,1.4701126234273665e-05,10.0
FP2,665,665,491,174,93,0.7383458646616541,0.8407534246575342,0.7862289831865492,cao2018,S41/080530n,all_channel,median,median__all_channel__FP2,32,188,"[0, 1, 2, 3, 4, 5, 6, 7, 8, 9, 10, 11, 12, 13, 14, 15, 16, 17, 18, 19, 20, 21, 22, 23, 24, 25, 26, 27, 28, 29, 31, 32, 34, 35, 39, 40, 41, 45, 46, 49, 53, 55, 58, 60, 64, 65, 68, 69, 71, 90, 95, 98, 100, 107, 110, 121, 130, 138, 141, 145, 154, 161, 162, 163, 164, 165, 169, 174, 175, 176, 179, 181, 182, 183, 184, 187]",76,False,7.65634202666283e-05,-4.139128321610195e-06,2.690084952941283e-05,20.0
FP1,673,673,477,196,107,0.7087667161961367,0.8167808219178082,0.7589498806682577,cao2018,S41/080530n,all_channel,median,median__all_channel__FP1,32,188,"[0, 1, 2, 3, 4, 5, 6, 7, 8, 9, 10, 11, 12, 13, 14, 15, 16, 17, 18, 19, 20, 21, 22, 23, 24, 25, 26, 27, 28, 29, 31, 32, 34, 35, 39, 40, 41, 45, 46, 49, 53, 55, 58, 60, 64, 65, 68, 69, 71, 90, 95, 98, 100, 107, 110, 121, 130, 138, 141, 145, 154, 161, 162, 163, 164, 165, 169, 174, 175, 176, 179, 181, 182, 183, 184, 187]",76,False,7.185903600028713e-05,-3.690357814639254e-06,2.5183131271642132e-05,20.0
F7,356,356,249,107,335,0.699438202247191,0.4263698630136986,0.5297872340425531,cao2018,S41/080530n,all_channel,median,median__all_channel__F7,32,188,"[0, 1, 2, 3, 4, 5, 6, 7, 8, 9, 10, 11, 12, 13, 14, 15, 16, 17, 18, 19, 20, 21, 22, 23, 24, 25, 26, 27, 28, 29, 31, 32, 34, 35, 39, 40, 41, 45, 46, 49, 53, 55, 58, 60, 64, 65, 68, 69, 71, 90, 95, 98, 100, 107, 110, 121, 130, 138, 141, 145, 154, 161, 162, 163, 164, 165, 169, 174, 175, 176, 179, 181, 182, 183, 184, 187]",76,False,4.529833736664852e-05,-1.863940588699922e-06,1.5720759318449482e-05,20.0
F8,268,268,217,51,367,0.8097014925373134,0.3715753424657534,0.5093896713615024,cao2018,S41/080530n,all_channel,median,median__all_channel__F8,32,188,"[0, 1, 2, 3, 4, 5, 6, 7, 8, 9, 10, 11, 12, 13, 14, 15, 16, 17, 18, 19, 20, 21, 22, 23, 24, 25, 26, 27, 28, 29, 31, 32, 34, 35, 39, 40, 41, 45, 46, 49, 53, 55, 58, 60, 64, 65, 68, 69, 71, 90, 95, 98, 100, 107, 110, 121, 130, 138, 141, 145, 154, 161, 162, 163, 164, 165, 169, 174, 175, 176, 179, 181, 182, 183, 184, 187]",76,False,3.956762716841872e-05,-1.6643120221118334e-06,1.3743979730176851e-05,20.0
F4,230,230,183,47,401,0.7956521739130434,0.3133561643835616,0.4496314496314496,cao2018,S41/080530n,all_channel,median,median__all_channel__F4,32,188,"[0, 1, 2, 3, 4, 5, 6, 7, 8, 9, 10, 11, 12, 13, 14, 15, 16, 17, 18, 19, 20, 21, 22, 23, 24, 25, 26, 27, 28, 29, 31, 32, 34, 35, 39, 40, 41, 45, 46, 49, 53, 55, 58, 60, 64, 65, 68, 69, 71, 90, 95, 98, 100, 107, 110, 121, 130, 138, 141, 145, 154, 161, 162, 163, 164, 165, 169, 174, 175, 176, 179, 181, 182, 183, 184, 187]",76,False,4.4114678163141845e-05,-1.6546407252675947e-06,1.5256439629469813e-05,20.0
F3,236,236,178,58,406,0.7542372881355932,0.3047945205479452,0.43414634146341463,cao2018,S41/080530n,all_channel,median,median__all_channel__F3,32,188,"[0, 1, 2, 3, 4, 5, 6, 7, 8, 9, 10, 11, 12, 13, 14, 15, 16, 17, 18, 19, 20, 21, 22, 23, 24, 25, 26, 27, 28, 29, 31, 32, 34, 35, 39, 40, 41, 45, 46, 49, 53, 55, 58, 60, 64, 65, 68, 69, 71, 90, 95, 98, 100, 107, 110, 121, 130, 138, 141, 145, 154, 161, 162, 163, 164, 165, 169, 174, 175, 176, 179, 181, 182, 183, 184, 187]",76,False,4.4862589923503586e-05,-1.6062541726033242e-06,1.5489614698702303e-05,20.0
FZ,183,183,131,52,453,0.7158469945355191,0.2243150684931507,0.3415906127770535,cao2018,S41/080530n,all_channel,median,median__all_channel__FZ,32,188,"[0, 1, 2, 3, 4, 5, 6, 7, 8, 9, 10, 11, 12, 13, 14, 15, 16, 17, 18, 19, 20, 21, 22, 23, 24, 25, 26, 27, 28, 29, 31, 32, 34, 35, 39, 40, 41, 45, 46, 49, 53, 55, 58, 60, 64, 65, 68, 69, 71, 90, 95, 98, 100, 107, 110, 121, 130, 138, 141, 145, 154, 161, 162, 163, 164, 165, 169, 174, 175, 176, 179, 181, 182, 183, 184, 187]",76,False,4.5412473642575855e-05,-1.403327761719139e-06,1.5605267134765e-05,20.0
FT8,99,99,77,22,507,0.7777777777777778,0.13184931506849315,0.22547584187408493,cao2018,S41/080530n,all_channel,median,median__all_channel__FT8,32,188,"[0, 1, 2, 3, 4, 5, 6, 7, 8, 9, 10, 11, 12, 13, 14, 15, 16, 17, 18, 19, 20, 21, 22, 23, 24, 25, 26, 27, 28, 29, 31, 32, 34, 35, 39, 40, 41, 45, 46, 49, 53, 55, 58, 60, 64, 65, 68, 69, 71, 90, 95, 98, 100, 107, 110, 121, 130, 138, 141, 145, 154, 161, 162, 163, 164, 165, 169, 174, 175, 176, 179, 181, 182, 183, 184, 187]",76,False,2.7538321230763424e-05,-8.17453661571866e-07,9.451924964111763e-06,20.0
FT7,124,124,73,51,511,0.5887096774193549,0.125,0.20621468926553674,cao2018,S41/080530n,all_channel,median,median__all_channel__FT7,32,188,"[0, 1, 2, 3, 4, 5, 6, 7, 8, 9, 10, 11, 12, 13, 14, 15, 16, 17, 18, 19, 20, 21, 22, 23, 24, 25, 26, 27, 28, 29, 31, 32, 34, 35, 39, 40, 41, 45, 46, 49, 53, 55, 58, 60, 64, 65, 68, 69, 71, 90, 95, 98, 100, 107, 110, 121, 130, 138, 141, 145, 154, 161, 162, 163, 164, 165, 169, 174, 175, 176, 179, 181, 182, 183, 184, 187]",76,False,3.025215831672651e-05,-8.897253084141483e-07,1.0380627875046887e-05,20.0
FC4,85,85,42,43,542,0.49411764705882355,0.07191780821917808,0.12556053811659193,cao2018,S41/080530n,all_channel,median,median__all_channel__FC4,32,188,"[0, 1, 2, 3, 4, 5, 6, 7, 8, 9, 10, 11, 12, 13, 14, 15, 16, 17, 18, 19, 20, 21, 22, 23, 24, 25, 26, 27, 28, 29, 31, 32, 34, 35, 39, 40, 41, 45, 46, 49, 53, 55, 58, 60, 64, 65, 68, 69, 71, 90, 95, 98, 100, 107, 110, 121, 130, 138, 141, 145, 154, 161, 162, 163, 164, 165, 169, 174, 175, 176, 179, 181, 182, 183, 184, 187]",76,False,3.591595396305959e-05,-8.752656685387116e-07,1.2263739877199434e-05,20.0
FC3,93,93,38,55,546,0.40860215053763443,0.06506849315068493,0.11225997045790251,cao2018,S41/080530n,all_channel,median,median__all_channel__FC3,32,188,"[0, 1, 2, 3, 4, 5, 6, 7, 8, 9, 10, 11, 12, 13, 14, 15, 16, 17, 18, 19, 20, 21, 22, 23, 24, 25, 26, 27, 28, 29, 31, 32, 34, 35, 39, 40, 41, 45, 46, 49, 53, 55, 58, 60, 64, 65, 68, 69, 71, 90, 95, 98, 100, 107, 110, 121, 130, 138, 141, 145, 154, 161, 162, 163, 164, 165, 169, 174, 175, 176, 179, 181, 182, 183, 184, 187]",76,False,3.7818331703758213e-05,-8.80914926541537e-07,1.2899748876766583e-05,20.0
T4,42,42,24,18,560,0.5714285714285714,0.0410958904109589,0.07667731629392972,cao2018,S41/080530n,all_channel,median,median__all_channel__T4,32,188,"[0, 1, 2, 3, 4, 5, 6, 7, 8, 9, 10, 11, 12, 13, 14, 15, 16, 17, 18, 19, 20, 21, 22, 23, 24, 25, 26, 27, 28, 29, 31, 32, 34, 35, 39, 40, 41, 45, 46, 49, 53, 55, 58, 60, 64, 65, 68, 69, 71, 90, 95, 98, 100, 107, 110, 121, 130, 138, 141, 145, 154, 161, 162, 163, 164, 165, 169, 174, 175, 176, 179, 181, 182, 183, 184, 187]",76,False,2.328453488817954e-05,-4.223911262106165e-07,7.902308671463386e-06,20.0
T3,46,46,16,30,568,0.34782608695652173,0.0273972602739726,0.050793650793650794,cao2018,S41/080530n,all_channel,median,median__all_channel__T3,32,188,"[0, 1, 2, 3, 4, 5, 6, 7, 8, 9, 10, 11, 12, 13, 14, 15, 16, 17, 18, 19, 20, 21, 22, 23, 24, 25, 26, 27, 28, 29, 31, 32, 34, 35, 39, 40, 41, 45, 46, 49, 53, 55, 58, 60, 64, 65, 68, 69, 71, 90, 95, 98, 100, 107, 110, 121, 130, 138, 141, 145, 154, 161, 162, 163, 164, 165, 169, 174, 175, 176, 179, 181, 182, 183, 184, 187]",76,False,2.3873279692731767e-05,-4.5634830751795994e-07,8.109876000083242e-06,20.0
FCZ,92,92,16,76,568,0.17391304347826086,0.0273972602739726,0.047337278106508875,cao2018,S41/080530n,all_channel,median,median__all_channel__FCZ,32,188,"[0, 1, 2, 3, 4, 5, 6, 7, 8, 9, 10, 11, 12, 13, 14, 15, 16, 17, 18, 19, 20, 21, 22, 23, 24, 25, 26, 27, 28, 29, 31, 32, 34, 35, 39, 40, 41, 45, 46, 49, 53, 55, 58, 60, 64, 65, 68, 69, 71, 90, 95, 98, 100, 107, 110, 121, 130, 138, 141, 145, 154, 161, 162, 163, 164, 165, 169, 174, 175, 176, 179, 181, 182, 183, 184, 187]",76,False,3.9851037171355066e-05,-7.471516545810178e-07,1.3532729608645361e-05,20.0
C3,44,44,11,33,573,0.25,0.018835616438356163,0.035031847133757954,cao2018,S41/080530n,all_channel,median,median__all_channel__C3,32,188,"[0, 1, 2, 3, 4, 5, 6, 7, 8, 9, 10, 11, 12, 13, 14, 15, 16, 17, 18, 19, 20, 21, 22, 23, 24, 25, 26, 27, 28, 29, 31, 32, 34, 35, 39, 40, 41, 45, 46, 49, 53, 55, 58, 60, 64, 65, 68, 69, 71, 90, 95, 98, 100, 107, 110, 121, 130, 138, 141, 145, 154, 161, 162, 163, 164, 165, 169, 174, 175, 176, 179, 181, 182, 183, 184, 187]",76,False,3.244611218571456e-05,-6.024054785658228e-07,1.1016172554760129e-05,20.0
C4,32,32,7,25,577,0.21875,0.011986301369863013,0.022727272727272728,cao2018,S41/080530n,all_channel,median,median__all_channel__C4,32,188,"[0, 1, 2, 3, 4, 5, 6, 7, 8, 9, 10, 11, 12, 13, 14, 15, 16, 17, 18, 19, 20, 21, 22, 23, 24, 25, 26, 27, 28, 29, 31, 32, 34, 35, 39, 40, 41, 45, 46, 49, 53, 55, 58, 60, 64, 65, 68, 69, 71, 90, 95, 98, 100, 107, 110, 121, 130, 138, 141, 145, 154, 161, 162, 163, 164, 165, 169, 174, 175, 176, 179, 181, 182, 183, 184, 187]",76,False,3.191039240720032e-05,-5.540504906466206e-07,1.0821480965948978e-05,20.0
TP8,12,12,3,9,581,0.25,0.005136986301369863,0.010067114093959731,cao2018,S41/080530n,all_channel,median,median__all_channel__TP8,32,188,"[0, 1, 2, 3, 4, 5, 6, 7, 8, 9, 10, 11, 12, 13, 14, 15, 16, 17, 18, 19, 20, 21, 22, 23, 24, 25, 26, 27, 28, 29, 31, 32, 34, 35, 39, 40, 41, 45, 46, 49, 53, 55, 58, 60, 64, 65, 68, 69, 71, 90, 95, 98, 100, 107, 110, 121, 130, 138, 141, 145, 154, 161, 162, 163, 164, 165, 169, 174, 175, 176, 179, 181, 182, 183, 184, 187]",76,False,2.1390567082163783e-05,-1.339642549361715e-07,7.174843779033319e-06,20.0
A2,53,53,2,51,582,0.03773584905660377,0.003424657534246575,0.006279434850863423,cao2018,S41/080530n,all_channel,median,median__all_channel__A2,32,188,"[0, 1, 2, 3, 4, 5, 6, 7, 8, 9, 10, 11, 12, 13, 14, 15, 16, 17, 18, 19, 20, 21, 22, 23, 24, 25, 26, 27, 28, 29, 31, 32, 34, 35, 39, 40, 41, 45, 46, 49, 53, 55, 58, 60, 64, 65, 68, 69, 71, 90, 95, 98, 100, 107, 110, 121, 130, 138, 141, 145, 154, 161, 162, 163, 164, 165, 169, 174, 175, 176, 179, 181, 182, 183, 184, 187]",76,False,7.702657673425351e-06,3.752954944582913e-08,2.5550427079931738e-06,20.0
CZ,59,59,2,57,582,0.03389830508474576,0.003424657534246575,0.006220839813374805,cao2018,S41/080530n,all_channel,median,median__all_channel__CZ,32,188,"[0, 1, 2, 3, 4, 5, 6, 7, 8, 9, 10, 11, 12, 13, 14, 15, 16, 17, 18, 19, 20, 21, 22, 23, 24, 25, 26, 27, 28, 29, 31, 32, 34, 35, 39, 40, 41, 45, 46, 49, 53, 55, 58, 60, 64, 65, 68, 69, 71, 90, 95, 98, 100, 107, 110, 121, 130, 138, 141, 145, 154, 161, 162, 163, 164, 165, 169, 174, 175, 176, 179, 181, 182, 183, 184, 187]",76,False,3.503882958927809e-05,-4.713423241495686e-07,1.1836723971142552e-05,20.0
A1,67,67,2,65,582,0.029850746268656716,0.003424657534246575,0.006144393241167434,cao2018,S41/080530n,all_channel,median,median__all_channel__A1,32,188,"[0, 1, 2, 3, 4, 5, 6, 7, 8, 9, 10, 11, 12, 13, 14, 15, 16, 17, 18, 19, 20, 21, 22, 23, 24, 25, 26, 27, 28, 29, 31, 32, 34, 35, 39, 40, 41, 45, 46, 49, 53, 55, 58, 60, 64, 65, 68, 69, 71, 90, 95, 98, 100, 107, 110, 121, 130, 138, 141, 145, 154, 161, 162, 163, 164, 165, 169, 174, 175, 176, 179, 181, 182, 183, 184, 187]",76,False,7.624668679668416e-06,-3.801035282880239e-08,2.5542263441657397e-06,20.0
TP7,19,19,1,18,583,0.05263157894736842,0.0017123287671232876,0.003316749585406302,cao2018,S41/080530n,all_channel,median,median__all_channel__TP7,32,188,"[0, 1, 2, 3, 4, 5, 6, 7, 8, 9, 10, 11, 12, 13, 14, 15, 16, 17, 18, 19, 20, 21, 22, 23, 24, 25, 26, 27, 28, 29, 31, 32, 34, 35, 39, 40, 41, 45, 46, 49, 53, 55, 58, 60, 64, 65, 68, 69, 71, 90, 95, 98, 100, 107, 110, 121, 130, 138, 141, 145, 154, 161, 162, 163, 164, 165, 169, 174, 175, 176, 179, 181, 182, 183, 184, 187]",76,False,2.2066792353590223e-05,-2.432376708479919e-07,7.4366766748127385e-06,20.0
PZ,20,20,1,19,583,0.05,0.0017123287671232876,0.0033112582781456954,cao2018,S41/080530n,all_channel,median,median__all_channel__PZ,32,188,"[0, 1, 2, 3, 4, 5, 6, 7, 8, 9, 10, 11, 12, 13, 14, 15, 16, 17, 18, 19, 20, 21, 22, 23, 24, 25, 26, 27, 28, 29, 31, 32, 34, 35, 39, 40, 41, 45, 46, 49, 53, 55, 58, 60, 64, 65, 68, 69, 71, 90, 95, 98, 100, 107, 110, 121, 130, 138, 141, 145, 154, 161, 162, 163, 164, 165, 169, 174, 175, 176, 179, 181, 182, 183, 184, 187]",76,False,3.2161060531879747e-05,-5.910424981050449e-08,1.0740054927230084e-05,20.0
OZ,14,14,0,14,584,0.0,0.0,0.0,cao2018,S41/080530n,all_channel,median,median__all_channel__OZ,32,188,"[0, 1, 2, 3, 4, 5, 6, 7, 8, 9, 10, 11, 12, 13, 14, 15, 16, 17, 18, 19, 20, 21, 22, 23, 24, 25, 26, 27, 28, 29, 31, 32, 34, 35, 39, 40, 41, 45, 46, 49, 53, 55, 58, 60, 64, 65, 68, 69, 71, 90, 95, 98, 100, 107, 110, 121, 130, 138, 141, 145, 154, 161, 162, 163, 164, 165, 169, 174, 175, 176, 179, 181, 182, 183, 184, 187]",76,False,2.2601060677127106e-05,2.2565051659903232e-07,7.4584700535093585e-06,20.0
T5,14,14,0,14,584,0.0,0.0,0.0,cao2018,S41/080530n,all_channel,median,median__all_channel__T5,32,188,"[0, 1, 2, 3, 4, 5, 6, 7, 8, 9, 10, 11, 12, 13, 14, 15, 16, 17, 18, 19, 20, 21, 22, 23, 24, 25, 26, 27, 28, 29, 31, 32, 34, 35, 39, 40, 41, 45, 46, 49, 53, 55, 58, 60, 64, 65, 68, 69, 71, 90, 95, 98, 100, 107, 110, 121, 130, 138, 141, 145, 154, 161, 162, 163, 164, 165, 169, 174, 175, 176, 179, 181, 182, 183, 184, 187]",76,False,2.228224121622403e-05,-5.1426944702562535e-08,7.444556053642197e-06,20.0
P4,15,15,0,15,584,0.0,0.0,0.0,cao2018,S41/080530n,all_channel,median,median__all_channel__P4,32,188,"[0, 1, 2, 3, 4, 5, 6, 7, 8, 9, 10, 11, 12, 13, 14, 15, 16, 17, 18, 19, 20, 21, 22, 23, 24, 25, 26, 27, 28, 29, 31, 32, 34, 35, 39, 40, 41, 45, 46, 49, 53, 55, 58, 60, 64, 65, 68, 69, 71, 90, 95, 98, 100, 107, 110, 121, 130, 138, 141, 145, 154, 161, 162, 163, 164, 165, 169, 174, 175, 176, 179, 181, 182, 183, 184, 187]",76,False,2.8968195812768064e-05,-1.960641728066238e-08,9.662600743349575e-06,20.0
O1,16,16,0,16,584,0.0,0.0,0.0,cao2018,S41/080530n,all_channel,median,median__all_channel__O1,32,188,"[0, 1, 2, 3, 4, 5, 6, 7, 8, 9, 10, 11, 12, 13, 14, 15, 16, 17, 18, 19, 20, 21, 22, 23, 24, 25, 26, 27, 28, 29, 31, 32, 34, 35, 39, 40, 41, 45, 46, 49, 53, 55, 58, 60, 64, 65, 68, 69, 71, 90, 95, 98, 100, 107, 110, 121, 130, 138, 141, 145, 154, 161, 162, 163, 164, 165, 169, 174, 175, 176, 179, 181, 182, 183, 184, 187]",76,False,2.319016702031718e-05,2.5228875701215046e-07,7.645959421101676e-06,20.0
O2,16,16,0,16,584,0.0,0.0,0.0,cao2018,S41/080530n,all_channel,median,median__all_channel__O2,32,188,"[0, 1, 2, 3, 4, 5, 6, 7, 8, 9, 10, 11, 12, 13, 14, 15, 16, 17, 18, 19, 20, 21, 22, 23, 24, 25, 26, 27, 28, 29, 31, 32, 34, 35, 39, 40, 41, 45, 46, 49, 53, 55, 58, 60, 64, 65, 68, 69, 71, 90, 95, 98, 100, 107, 110, 121, 130, 138, 141, 145, 154, 161, 162, 163, 164, 165, 169, 174, 175, 176, 179, 181, 182, 183, 184, 187]",76,False,2.2700463125057357e-05,2.2838836871244114e-07,7.4906915854483045e-06,20.0
T6,16,16,0,16,584,0.0,0.0,0.0,cao2018,S41/080530n,all_channel,median,median__all_channel__T6,32,188,"[0, 1, 2, 3, 4, 5, 6, 7, 8, 9, 10, 11, 12, 13, 14, 15, 16, 17, 18, 19, 20, 21, 22, 23, 24, 25, 26, 27, 28, 29, 31, 32, 34, 35, 39, 40, 41, 45, 46, 49, 53, 55, 58, 60, 64, 65, 68, 69, 71, 90, 95, 98, 100, 107, 110, 121, 130, 138, 141, 145, 154, 161, 162, 163, 164, 165, 169, 174, 175, 176, 179, 181, 182, 183, 184, 187]",76,False,2.2739492058344676e-05,1.9783907096435643e-07,7.513884329126773e-06,20.0
CP4,17,17,0,17,584,0.0,0.0,0.0,cao2018,S41/080530n,all_channel,median,median__all_channel__CP4,32,188,"[0, 1, 2, 3, 4, 5, 6, 7, 8, 9, 10, 11, 12, 13, 14, 15, 16, 17, 18, 19, 20, 21, 22, 23, 24, 25, 26, 27, 28, 29, 31, 32, 34, 35, 39, 40, 41, 45, 46, 49, 53, 55, 58, 60, 64, 65, 68, 69, 71, 90, 95, 98, 100, 107, 110, 121, 130, 138, 141, 145, 154, 161, 162, 163, 164, 165, 169, 174, 175, 176, 179, 181, 182, 183, 184, 187]",76,False,3.0517289969743163e-05,-2.800014434392224e-07,1.026576380439413e-05,20.0
P3,17,17,0,17,584,0.0,0.0,0.0,cao2018,S41/080530n,all_channel,median,median__all_channel__P3,32,188,"[0, 1, 2, 3, 4, 5, 6, 7, 8, 9, 10, 11, 12, 13, 14, 15, 16, 17, 18, 19, 20, 21, 22, 23, 24, 25, 26, 27, 28, 29, 31, 32, 34, 35, 39, 40, 41, 45, 46, 49, 53, 55, 58, 60, 64, 65, 68, 69, 71, 90, 95, 98, 100, 107, 110, 121, 130, 138, 141, 145, 154, 161, 162, 163, 164, 165, 169, 174, 175, 176, 179, 181, 182, 183, 184, 187]",76,False,2.9065403614839823e-05,-1.4224549414012191e-07,9.735883036326649e-06,20.0
CP3,18,18,0,18,584,0.0,0.0,0.0,cao2018,S41/080530n,all_channel,median,median__all_channel__CP3,32,188,"[0, 1, 2, 3, 4, 5, 6, 7, 8, 9, 10, 11, 12, 13, 14, 15, 16, 17, 18, 19, 20, 21, 22, 23, 24, 25, 26, 27, 28, 29, 31, 32, 34, 35, 39, 40, 41, 45, 46, 49, 53, 55, 58, 60, 64, 65, 68, 69, 71, 90, 95, 98, 100, 107, 110, 121, 130, 138, 141, 145, 154, 161, 162, 163, 164, 165, 169, 174, 175, 176, 179, 181, 182, 183, 184, 187]",76,False,3.059766357474722e-05,-3.1425436304698634e-07,1.0303972645931401e-05,20.0
CPZ,21,21,0,21,584,0.0,0.0,0.0,cao2018,S41/080530n,all_channel,median,median__all_channel__CPZ,32,188,"[0, 1, 2, 3, 4, 5, 6, 7, 8, 9, 10, 11, 12, 13, 14, 15, 16, 17, 18, 19, 20, 21, 22, 23, 24, 25, 26, 27, 28, 29, 31, 32, 34, 35, 39, 40, 41, 45, 46, 49, 53, 55, 58, 60, 64, 65, 68, 69, 71, 90, 95, 98, 100, 107, 110, 121, 130, 138, 141, 145, 154, 161, 162, 163, 164, 165, 169, 174, 175, 176, 179, 181, 182, 183, 184, 187]",76,False,3.293234175862557e-05,-2.1698348291726818e-07,1.104977508051428e-05,20.0
FP2,597,597,470,127,114,0.7872696817420436,0.8047945205479452,0.7959356477561388,cao2018,S41/080530n,all_channel,mean,mean__all_channel__FP2,32,188,"[0, 1, 2, 3, 4, 5, 6, 7, 8, 9, 10, 11, 12, 13, 14, 15, 16, 17, 18, 19, 20, 21, 22, 23, 24, 25, 26, 27, 28, 29, 31, 32, 34, 35, 39, 40, 41, 45, 46, 49, 53, 55, 58, 60, 64, 65, 68, 69, 71, 90, 95, 98, 100, 107, 110, 121, 130, 138, 141, 145, 154, 161, 162, 163, 164, 165, 169, 174, 175, 176, 179, 181, 182, 183, 184, 187]",76,False,8.06295694951271e-05,-7.297909311139242e-08,2.690084952941283e-05,20.0
FP1,621,621,466,155,118,0.750402576489533,0.797945205479452,0.7734439834024897,cao2018,S41/080530n,all_channel,mean,mean__all_channel__FP1,32,188,"[0, 1, 2, 3, 4, 5, 6, 7, 8, 9, 10, 11, 12, 13, 14, 15, 16, 17, 18, 19, 20, 21, 22, 23, 24, 25, 26, 27, 28, 29, 31, 32, 34, 35, 39, 40, 41, 45, 46, 49, 53, 55, 58, 60, 64, 65, 68, 69, 71, 90, 95, 98, 100, 107, 110, 121, 130, 138, 141, 145, 154, 161, 162, 163, 164, 165, 169, 174, 175, 176, 179, 181, 182, 183, 184, 187]",76,False,7.546124170098646e-05,-8.815211393994197e-08,2.5183131271642132e-05,20.0
F7,299,299,222,77,362,0.7424749163879598,0.3801369863013699,0.5028312570781427,cao2018,S41/080530n,all_channel,mean,mean__all_channel__F7,32,188,"[0, 1, 2, 3, 4, 5, 6, 7, 8, 9, 10, 11, 12, 13, 14, 15, 16, 17, 18, 19, 20, 21, 22, 23, 24, 25, 26, 27, 28, 29, 31, 32, 34, 35, 39, 40, 41, 45, 46, 49, 53, 55, 58, 60, 64, 65, 68, 69, 71, 90, 95, 98, 100, 107, 110, 121, 130, 138, 141, 145, 154, 161, 162, 163, 164, 165, 169, 174, 175, 176, 179, 181, 182, 183, 184, 187]",76,False,4.708996687946589e-05,-7.231107588254769e-08,1.5720759318449482e-05,20.0
F8,223,223,185,38,399,0.8295964125560538,0.3167808219178082,0.45848822800495664,cao2018,S41/080530n,all_channel,mean,mean__all_channel__F8,32,188,"[0, 1, 2, 3, 4, 5, 6, 7, 8, 9, 10, 11, 12, 13, 14, 15, 16, 17, 18, 19, 20, 21, 22, 23, 24, 25, 26, 27, 28, 29, 31, 32, 34, 35, 39, 40, 41, 45, 46, 49, 53, 55, 58, 60, 64, 65, 68, 69, 71, 90, 95, 98, 100, 107, 110, 121, 130, 138, 141, 145, 154, 161, 162, 163, 164, 165, 169, 174, 175, 176, 179, 181, 182, 183, 184, 187]",76,False,4.120890253386498e-05,-2.3036656665575384e-08,1.3743979730176851e-05,20.0
F3,188,188,153,35,431,0.8138297872340425,0.261986301369863,0.3963730569948186,cao2018,S41/080530n,all_channel,mean,mean__all_channel__F3,32,188,"[0, 1, 2, 3, 4, 5, 6, 7, 8, 9, 10, 11, 12, 13, 14, 15, 16, 17, 18, 19, 20, 21, 22, 23, 24, 25, 26, 27, 28, 29, 31, 32, 34, 35, 39, 40, 41, 45, 46, 49, 53, 55, 58, 60, 64, 65, 68, 69, 71, 90, 95, 98, 100, 107, 110, 121, 130, 138, 141, 145, 154, 161, 162, 163, 164, 165, 169, 174, 175, 176, 179, 181, 182, 183, 184, 187]",76,False,4.639659312509527e-05,-7.225097101164086e-08,1.5489614698702303e-05,20.0
F4,190,190,151,39,433,0.7947368421052632,0.2585616438356164,0.39018087855297157,cao2018,S41/080530n,all_channel,mean,mean__all_channel__F4,32,188,"[0, 1, 2, 3, 4, 5, 6, 7, 8, 9, 10, 11, 12, 13, 14, 15, 16, 17, 18, 19, 20, 21, 22, 23, 24, 25, 26, 27, 28, 29, 31, 32, 34, 35, 39, 40, 41, 45, 46, 49, 53, 55, 58, 60, 64, 65, 68, 69, 71, 90, 95, 98, 100, 107, 110, 121, 130, 138, 141, 145, 154, 161, 162, 163, 164, 165, 169, 174, 175, 176, 179, 181, 182, 183, 184, 187]",76,False,4.572500821124415e-05,-4.4310677165288135e-08,1.5256439629469813e-05,20.0
FZ,158,158,109,49,475,0.689873417721519,0.18664383561643835,0.2938005390835579,cao2018,S41/080530n,all_channel,mean,mean__all_channel__FZ,32,188,"[0, 1, 2, 3, 4, 5, 6, 7, 8, 9, 10, 11, 12, 13, 14, 15, 16, 17, 18, 19, 20, 21, 22, 23, 24, 25, 26, 27, 28, 29, 31, 32, 34, 35, 39, 40, 41, 45, 46, 49, 53, 55, 58, 60, 64, 65, 68, 69, 71, 90, 95, 98, 100, 107, 110, 121, 130, 138, 141, 145, 154, 161, 162, 163, 164, 165, 169, 174, 175, 176, 179, 181, 182, 183, 184, 187]",76,False,4.675469781458792e-05,-6.110358970707765e-08,1.5605267134765e-05,20.0
FT8,83,83,66,17,518,0.7951807228915663,0.11301369863013698,0.19790104947526235,cao2018,S41/080530n,all_channel,mean,mean__all_channel__FT8,32,188,"[0, 1, 2, 3, 4, 5, 6, 7, 8, 9, 10, 11, 12, 13, 14, 15, 16, 17, 18, 19, 20, 21, 22, 23, 24, 25, 26, 27, 28, 29, 31, 32, 34, 35, 39, 40, 41, 45, 46, 49, 53, 55, 58, 60, 64, 65, 68, 69, 71, 90, 95, 98, 100, 107, 110, 121, 130, 138, 141, 145, 154, 161, 162, 163, 164, 165, 169, 174, 175, 176, 179, 181, 182, 183, 184, 187]",76,False,2.8336166389669486e-05,-1.960850266580562e-08,9.451924964111763e-06,20.0
FT7,100,100,58,42,526,0.58,0.09931506849315068,0.1695906432748538,cao2018,S41/080530n,all_channel,mean,mean__all_channel__FT7,32,188,"[0, 1, 2, 3, 4, 5, 6, 7, 8, 9, 10, 11, 12, 13, 14, 15, 16, 17, 18, 19, 20, 21, 22, 23, 24, 25, 26, 27, 28, 29, 31, 32, 34, 35, 39, 40, 41, 45, 46, 49, 53, 55, 58, 60, 64, 65, 68, 69, 71, 90, 95, 98, 100, 107, 110, 121, 130, 138, 141, 145, 154, 161, 162, 163, 164, 165, 169, 174, 175, 176, 179, 181, 182, 183, 184, 187]",76,False,3.10929374335701e-05,-4.894619157055768e-08,1.0380627875046887e-05,20.0
FC3,86,86,35,51,549,0.4069767441860465,0.059931506849315065,0.10447761194029849,cao2018,S41/080530n,all_channel,mean,mean__all_channel__FC3,32,188,"[0, 1, 2, 3, 4, 5, 6, 7, 8, 9, 10, 11, 12, 13, 14, 15, 16, 17, 18, 19, 20, 21, 22, 23, 24, 25, 26, 27, 28, 29, 31, 32, 34, 35, 39, 40, 41, 45, 46, 49, 53, 55, 58, 60, 64, 65, 68, 69, 71, 90, 95, 98, 100, 107, 110, 121, 130, 138, 141, 145, 154, 161, 162, 163, 164, 165, 169, 174, 175, 176, 179, 181, 182, 183, 184, 187]",76,False,3.8642398691105006e-05,-5.684793919474389e-08,1.2899748876766583e-05,20.0
FC4,71,71,34,37,550,0.4788732394366197,0.05821917808219178,0.10381679389312977,cao2018,S41/080530n,all_channel,mean,mean__all_channel__FC4,32,188,"[0, 1, 2, 3, 4, 5, 6, 7, 8, 9, 10, 11, 12, 13, 14, 15, 16, 17, 18, 19, 20, 21, 22, 23, 24, 25, 26, 27, 28, 29, 31, 32, 34, 35, 39, 40, 41, 45, 46, 49, 53, 55, 58, 60, 64, 65, 68, 69, 71, 90, 95, 98, 100, 107, 110, 121, 130, 138, 141, 145, 154, 161, 162, 163, 164, 165, 169, 174, 175, 176, 179, 181, 182, 183, 184, 187]",76,False,3.6753889924493796e-05,-3.7329707104506707e-08,1.2263739877199434e-05,20.0
T4,36,36,21,15,563,0.5833333333333334,0.03595890410958904,0.06774193548387097,cao2018,S41/080530n,all_channel,mean,mean__all_channel__T4,32,188,"[0, 1, 2, 3, 4, 5, 6, 7, 8, 9, 10, 11, 12, 13, 14, 15, 16, 17, 18, 19, 20, 21, 22, 23, 24, 25, 26, 27, 28, 29, 31, 32, 34, 35, 39, 40, 41, 45, 46, 49, 53, 55, 58, 60, 64, 65, 68, 69, 71, 90, 95, 98, 100, 107, 110, 121, 130, 138, 141, 145, 154, 161, 162, 163, 164, 165, 169, 174, 175, 176, 179, 181, 182, 183, 184, 187]",76,False,2.36935922213301e-05,-1.3333793060057482e-08,7.902308671463386e-06,20.0
T3,43,43,15,28,569,0.3488372093023256,0.025684931506849314,0.04784688995215311,cao2018,S41/080530n,all_channel,mean,mean__all_channel__T3,32,188,"[0, 1, 2, 3, 4, 5, 6, 7, 8, 9, 10, 11, 12, 13, 14, 15, 16, 17, 18, 19, 20, 21, 22, 23, 24, 25, 26, 27, 28, 29, 31, 32, 34, 35, 39, 40, 41, 45, 46, 49, 53, 55, 58, 60, 64, 65, 68, 69, 71, 90, 95, 98, 100, 107, 110, 121, 130, 138, 141, 145, 154, 161, 162, 163, 164, 165, 169, 174, 175, 176, 179, 181, 182, 183, 184, 187]",76,False,2.429553050210022e-05,-3.409749814950705e-08,8.109876000083242e-06,20.0
FCZ,84,84,12,72,572,0.14285714285714285,0.02054794520547945,0.03592814371257485,cao2018,S41/080530n,all_channel,mean,mean__all_channel__FCZ,32,188,"[0, 1, 2, 3, 4, 5, 6, 7, 8, 9, 10, 11, 12, 13, 14, 15, 16, 17, 18, 19, 20, 21, 22, 23, 24, 25, 26, 27, 28, 29, 31, 32, 34, 35, 39, 40, 41, 45, 46, 49, 53, 55, 58, 60, 64, 65, 68, 69, 71, 90, 95, 98, 100, 107, 110, 121, 130, 138, 141, 145, 154, 161, 162, 163, 164, 165, 169, 174, 175, 176, 179, 181, 182, 183, 184, 187]",76,False,4.054085815346569e-05,-5.733067247039304e-08,1.3532729608645361e-05,20.0
C3,44,44,11,33,573,0.25,0.018835616438356163,0.035031847133757954,cao2018,S41/080530n,all_channel,mean,mean__all_channel__C3,32,188,"[0, 1, 2, 3, 4, 5, 6, 7, 8, 9, 10, 11, 12, 13, 14, 15, 16, 17, 18, 19, 20, 21, 22, 23, 24, 25, 26, 27, 28, 29, 31, 32, 34, 35, 39, 40, 41, 45, 46, 49, 53, 55, 58, 60, 64, 65, 68, 69, 71, 90, 95, 98, 100, 107, 110, 121, 130, 138, 141, 145, 154, 161, 162, 163, 164, 165, 169, 174, 175, 176, 179, 181, 182, 183, 184, 187]",76,False,3.300287546045289e-05,-4.564220382749369e-08,1.1016172554760129e-05,20.0
C4,28,28,6,22,578,0.21428571428571427,0.010273972602739725,0.0196078431372549,cao2018,S41/080530n,all_channel,mean,mean__all_channel__C4,32,188,"[0, 1, 2, 3, 4, 5, 6, 7, 8, 9, 10, 11, 12, 13, 14, 15, 16, 17, 18, 19, 20, 21, 22, 23, 24, 25, 26, 27, 28, 29, 31, 32, 34, 35, 39, 40, 41, 45, 46, 49, 53, 55, 58, 60, 64, 65, 68, 69, 71, 90, 95, 98, 100, 107, 110, 121, 130, 138, 141, 145, 154, 161, 162, 163, 164, 165, 169, 174, 175, 176, 179, 181, 182, 183, 184, 187]",76,False,3.2437298274412576e-05,-2.7144623434360876e-08,1.0821480965948978e-05,20.0
TP8,11,11,3,8,581,0.2727272727272727,0.005136986301369863,0.010084033613445377,cao2018,S41/080530n,all_channel,mean,mean__all_channel__TP8,32,188,"[0, 1, 2, 3, 4, 5, 6, 7, 8, 9, 10, 11, 12, 13, 14, 15, 16, 17, 18, 19, 20, 21, 22, 23, 24, 25, 26, 27, 28, 29, 31, 32, 34, 35, 39, 40, 41, 45, 46, 49, 53, 55, 58, 60, 64, 65, 68, 69, 71, 90, 95, 98, 100, 107, 110, 121, 130, 138, 141, 145, 154, 161, 162, 163, 164, 165, 169, 174, 175, 176, 179, 181, 182, 183, 184, 187]",76,False,2.1520854423869507e-05,-3.6769132304481553e-09,7.174843779033319e-06,20.0
A2,55,55,2,53,582,0.03636363636363636,0.003424657534246575,0.006259780907668232,cao2018,S41/080530n,all_channel,mean,mean__all_channel__A2,32,188,"[0, 1, 2, 3, 4, 5, 6, 7, 8, 9, 10, 11, 12, 13, 14, 15, 16, 17, 18, 19, 20, 21, 22, 23, 24, 25, 26, 27, 28, 29, 31, 32, 34, 35, 39, 40, 41, 45, 46, 49, 53, 55, 58, 60, 64, 65, 68, 69, 71, 90, 95, 98, 100, 107, 110, 121, 130, 138, 141, 145, 154, 161, 162, 163, 164, 165, 169, 174, 175, 176, 179, 181, 182, 183, 184, 187]",76,False,7.672647215825376e-06,7.519091845853689e-09,2.5550427079931738e-06,20.0
A1,65,65,2,63,582,0.03076923076923077,0.003424657534246575,0.0061633281972265025,cao2018,S41/080530n,all_channel,mean,mean__all_channel__A1,32,188,"[0, 1, 2, 3, 4, 5, 6, 7, 8, 9, 10, 11, 12, 13, 14, 15, 16, 17, 18, 19, 20, 21, 22, 23, 24, 25, 26, 27, 28, 29, 31, 32, 34, 35, 39, 40, 41, 45, 46, 49, 53, 55, 58, 60, 64, 65, 68, 69, 71, 90, 95, 98, 100, 107, 110, 121, 130, 138, 141, 145, 154, 161, 162, 163, 164, 165, 169, 174, 175, 176, 179, 181, 182, 183, 184, 187]",76,False,7.655134193359568e-06,-7.544839137649171e-09,2.5542263441657397e-06,20.0
TP7,18,18,1,17,583,0.05555555555555555,0.0017123287671232876,0.0033222591362126247,cao2018,S41/080530n,all_channel,mean,mean__all_channel__TP7,32,188,"[0, 1, 2, 3, 4, 5, 6, 7, 8, 9, 10, 11, 12, 13, 14, 15, 16, 17, 18, 19, 20, 21, 22, 23, 24, 25, 26, 27, 28, 29, 31, 32, 34, 35, 39, 40, 41, 45, 46, 49, 53, 55, 58, 60, 64, 65, 68, 69, 71, 90, 95, 98, 100, 107, 110, 121, 130, 138, 141, 145, 154, 161, 162, 163, 164, 165, 169, 174, 175, 176, 179, 181, 182, 183, 184, 187]",76,False,2.2282294538669304e-05,-2.773548576891143e-08,7.4366766748127385e-06,20.0
PZ,19,19,1,18,583,0.05263157894736842,0.0017123287671232876,0.003316749585406302,cao2018,S41/080530n,all_channel,mean,mean__all_channel__PZ,32,188,"[0, 1, 2, 3, 4, 5, 6, 7, 8, 9, 10, 11, 12, 13, 14, 15, 16, 17, 18, 19, 20, 21, 22, 23, 24, 25, 26, 27, 28, 29, 31, 32, 34, 35, 39, 40, 41, 45, 46, 49, 53, 55, 58, 60, 64, 65, 68, 69, 71, 90, 95, 98, 100, 107, 110, 121, 130, 138, 141, 145, 154, 161, 162, 163, 164, 165, 169, 174, 175, 176, 179, 181, 182, 183, 184, 187]",76,False,3.2211269255638585e-05,-8.895526051664695e-09,1.0740054927230084e-05,20.0
CZ,58,58,1,57,583,0.017241379310344827,0.0017123287671232876,0.003115264797507788,cao2018,S41/080530n,all_channel,mean,mean__all_channel__CZ,32,188,"[0, 1, 2, 3, 4, 5, 6, 7, 8, 9, 10, 11, 12, 13, 14, 15, 16, 17, 18, 19, 20, 21, 22, 23, 24, 25, 26, 27, 28, 29, 31, 32, 34, 35, 39, 40, 41, 45, 46, 49, 53, 55, 58, 60, 64, 65, 68, 69, 71, 90, 95, 98, 100, 107, 110, 121, 130, 138, 141, 145, 154, 161, 162, 163, 164, 165, 169, 174, 175, 176, 179, 181, 182, 183, 184, 187]",76,False,3.5465794856756146e-05,-4.437705667151368e-08,1.1836723971142552e-05,20.0
OZ,14,14,0,14,584,0.0,0.0,0.0,cao2018,S41/080530n,all_channel,mean,mean__all_channel__OZ,32,188,"[0, 1, 2, 3, 4, 5, 6, 7, 8, 9, 10, 11, 12, 13, 14, 15, 16, 17, 18, 19, 20, 21, 22, 23, 24, 25, 26, 27, 28, 29, 31, 32, 34, 35, 39, 40, 41, 45, 46, 49, 53, 55, 58, 60, 64, 65, 68, 69, 71, 90, 95, 98, 100, 107, 110, 121, 130, 138, 141, 145, 154, 161, 162, 163, 164, 165, 169, 174, 175, 176, 179, 181, 182, 183, 184, 187]",76,False,2.2384825483363395e-05,9.415322835319117e-09,7.4584700535093585e-06,20.0
P4,14,14,0,14,584,0.0,0.0,0.0,cao2018,S41/080530n,all_channel,mean,mean__all_channel__P4,32,188,"[0, 1, 2, 3, 4, 5, 6, 7, 8, 9, 10, 11, 12, 13, 14, 15, 16, 17, 18, 19, 20, 21, 22, 23, 24, 25, 26, 27, 28, 29, 31, 32, 34, 35, 39, 40, 41, 45, 46, 49, 53, 55, 58, 60, 64, 65, 68, 69, 71, 90, 95, 98, 100, 107, 110, 121, 130, 138, 141, 145, 154, 161, 162, 163, 164, 165, 169, 174, 175, 176, 179, 181, 182, 183, 184, 187]",76,False,2.8984893044638767e-05,-2.9091854099612573e-09,9.662600743349575e-06,20.0
T5,14,14,0,14,584,0.0,0.0,0.0,cao2018,S41/080530n,all_channel,mean,mean__all_channel__T5,32,188,"[0, 1, 2, 3, 4, 5, 6, 7, 8, 9, 10, 11, 12, 13, 14, 15, 16, 17, 18, 19, 20, 21, 22, 23, 24, 25, 26, 27, 28, 29, 31, 32, 34, 35, 39, 40, 41, 45, 46, 49, 53, 55, 58, 60, 64, 65, 68, 69, 71, 90, 95, 98, 100, 107, 110, 121, 130, 138, 141, 145, 154, 161, 162, 163, 164, 165, 169, 174, 175, 176, 179, 181, 182, 183, 184, 187]",76,False,2.2317397554948614e-05,-1.6270605977979364e-08,7.444556053642197e-06,20.0
CP3,15,15,0,15,584,0.0,0.0,0.0,cao2018,S41/080530n,all_channel,mean,mean__all_channel__CP3,32,188,"[0, 1, 2, 3, 4, 5, 6, 7, 8, 9, 10, 11, 12, 13, 14, 15, 16, 17, 18, 19, 20, 21, 22, 23, 24, 25, 26, 27, 28, 29, 31, 32, 34, 35, 39, 40, 41, 45, 46, 49, 53, 55, 58, 60, 64, 65, 68, 69, 71, 90, 95, 98, 100, 107, 110, 121, 130, 138, 141, 145, 154, 161, 162, 163, 164, 165, 169, 174, 175, 176, 179, 181, 182, 183, 184, 187]",76,False,3.088055182071506e-05,-3.1366117079146645e-08,1.0303972645931401e-05,20.0
CP4,16,16,0,16,584,0.0,0.0,0.0,cao2018,S41/080530n,all_channel,mean,mean__all_channel__CP4,32,188,"[0, 1, 2, 3, 4, 5, 6, 7, 8, 9, 10, 11, 12, 13, 14, 15, 16, 17, 18, 19, 20, 21, 22, 23, 24, 25, 26, 27, 28, 29, 31, 32, 34, 35, 39, 40, 41, 45, 46, 49, 53, 55, 58, 60, 64, 65, 68, 69, 71, 90, 95, 98, 100, 107, 110, 121, 130, 138, 141, 145, 154, 161, 162, 163, 164, 165, 169, 174, 175, 176, 179, 181, 182, 183, 184, 187]",76,False,3.078251529390087e-05,-1.4776119281518892e-08,1.026576380439413e-05,20.0
O1,17,17,0,17,584,0.0,0.0,0.0,cao2018,S41/080530n,all_channel,mean,mean__all_channel__O1,32,188,"[0, 1, 2, 3, 4, 5, 6, 7, 8, 9, 10, 11, 12, 13, 14, 15, 16, 17, 18, 19, 20, 21, 22, 23, 24, 25, 26, 27, 28, 29, 31, 32, 34, 35, 39, 40, 41, 45, 46, 49, 53, 55, 58, 60, 64, 65, 68, 69, 71, 90, 95, 98, 100, 107, 110, 121, 130, 138, 141, 145, 154, 161, 162, 163, 164, 165, 169, 174, 175, 176, 179, 181, 182, 183, 184, 187]",76,False,2.294187602874498e-05,3.997765439952728e-09,7.645959421101676e-06,20.0
P3,17,17,0,17,584,0.0,0.0,0.0,cao2018,S41/080530n,all_channel,mean,mean__all_channel__P3,32,188,"[0, 1, 2, 3, 4, 5, 6, 7, 8, 9, 10, 11, 12, 13, 14, 15, 16, 17, 18, 19, 20, 21, 22, 23, 24, 25, 26, 27, 28, 29, 31, 32, 34, 35, 39, 40, 41, 45, 46, 49, 53, 55, 58, 60, 64, 65, 68, 69, 71, 90, 95, 98, 100, 107, 110, 121, 130, 138, 141, 145, 154, 161, 162, 163, 164, 165, 169, 174, 175, 176, 179, 181, 182, 183, 184, 187]",76,False,2.9189735066327225e-05,-1.791404265271951e-08,9.735883036326649e-06,20.0
T6,17,17,0,17,584,0.0,0.0,0.0,cao2018,S41/080530n,all_channel,mean,mean__all_channel__T6,32,188,"[0, 1, 2, 3, 4, 5, 6, 7, 8, 9, 10, 11, 12, 13, 14, 15, 16, 17, 18, 19, 20, 21, 22, 23, 24, 25, 26, 27, 28, 29, 31, 32, 34, 35, 39, 40, 41, 45, 46, 49, 53, 55, 58, 60, 64, 65, 68, 69, 71, 90, 95, 98, 100, 107, 110, 121, 130, 138, 141, 145, 154, 161, 162, 163, 164, 165, 169, 174, 175, 176, 179, 181, 182, 183, 184, 187]",76,False,2.255099366385744e-05,9.340676477119614e-09,7.513884329126773e-06,20.0
O2,18,18,0,18,584,0.0,0.0,0.0,cao2018,S41/080530n,all_channel,mean,mean__all_channel__O2,32,188,"[0, 1, 2, 3, 4, 5, 6, 7, 8, 9, 10, 11, 12, 13, 14, 15, 16, 17, 18, 19, 20, 21, 22, 23, 24, 25, 26, 27, 28, 29, 31, 32, 34, 35, 39, 40, 41, 45, 46, 49, 53, 55, 58, 60, 64, 65, 68, 69, 71, 90, 95, 98, 100, 107, 110, 121, 130, 138, 141, 145, 154, 161, 162, 163, 164, 165, 169, 174, 175, 176, 179, 181, 182, 183, 184, 187]",76,False,2.2486201967365976e-05,1.412721102106096e-08,7.4906915854483045e-06,20.0
CPZ,21,21,0,21,584,0.0,0.0,0.0,cao2018,S41/080530n,all_channel,mean,mean__all_channel__CPZ,32,188,"[0, 1, 2, 3, 4, 5, 6, 7, 8, 9, 10, 11, 12, 13, 14, 15, 16, 17, 18, 19, 20, 21, 22, 23, 24, 25, 26, 27, 28, 29, 31, 32, 34, 35, 39, 40, 41, 45, 46, 49, 53, 55, 58, 60, 64, 65, 68, 69, 71, 90, 95, 98, 100, 107, 110, 121, 130, 138, 141, 145, 154, 161, 162, 163, 164, 165, 169, 174, 175, 176, 179, 181, 182, 183, 184, 187]",76,False,3.312249330873831e-05,-2.6831932804531504e-08,1.104977508051428e-05,20.0
FP2,643,643,483,160,101,0.7511664074650077,0.827054794520548,0.7872860635696822,cao2018,S41/080530n,frontal,median,median__frontal__FP2,4,188,"[0, 1, 2, 3, 4, 5, 6, 7, 8, 9, 10, 11, 12, 13, 14, 15, 16, 17, 18, 19, 20, 21, 22, 23, 24, 25, 26, 27, 28, 29, 31, 32, 35, 39, 41, 45, 46, 49, 53, 58, 60, 64, 65, 69, 71, 98, 100, 110, 121, 130, 138, 145, 154, 161, 162, 163, 164, 165, 175, 176, 179, 181, 182, 184, 187]",65,False,7.794512736744675e-05,-5.094976237983436e-06,2.7680034535143394e-05,20.0
FP1,656,656,476,180,108,0.725609756097561,0.815068493150685,0.767741935483871,cao2018,S41/080530n,frontal,median,median__frontal__FP1,4,188,"[0, 1, 2, 3, 4, 5, 6, 7, 8, 9, 10, 11, 12, 13, 14, 15, 16, 17, 18, 19, 20, 21, 22, 23, 24, 25, 26, 27, 28, 29, 31, 32, 35, 39, 41, 45, 46, 49, 53, 58, 60, 64, 65, 69, 71, 98, 100, 110, 121, 130, 138, 145, 154, 161, 162, 163, 164, 165, 175, 176, 179, 181, 182, 184, 187]",65,False,7.32246835608323e-05,-4.556240840404633e-06,2.5926974800412308e-05,20.0
F4,239,239,191,48,393,0.799163179916318,0.3270547945205479,0.46415552855407044,cao2018,S41/080530n,frontal,median,median__frontal__F4,4,188,"[0, 1, 2, 3, 4, 5, 6, 7, 8, 9, 10, 11, 12, 13, 14, 15, 16, 17, 18, 19, 20, 21, 22, 23, 24, 25, 26, 27, 28, 29, 31, 32, 35, 39, 41, 45, 46, 49, 53, 58, 60, 64, 65, 69, 71, 98, 100, 110, 121, 130, 138, 145, 154, 161, 162, 163, 164, 165, 175, 176, 179, 181, 182, 184, 187]",65,False,4.3720167593202264e-05,-1.9390620744876767e-06,1.5219743222563315e-05,20.0
F3,247,247,183,64,401,0.7408906882591093,0.3133561643835616,0.4404332129963898,cao2018,S41/080530n,frontal,median,median__frontal__F3,4,188,"[0, 1, 2, 3, 4, 5, 6, 7, 8, 9, 10, 11, 12, 13, 14, 15, 16, 17, 18, 19, 20, 21, 22, 23, 24, 25, 26, 27, 28, 29, 31, 32, 35, 39, 41, 45, 46, 49, 53, 58, 60, 64, 65, 69, 71, 98, 100, 110, 121, 130, 138, 145, 154, 161, 162, 163, 164, 165, 175, 176, 179, 181, 182, 184, 187]",65,False,4.434237729819961e-05,-1.9011643291075374e-06,1.541451387576905e-05,20.0
FP2,564,564,454,110,130,0.8049645390070922,0.7773972602739726,0.7909407665505227,cao2018,S41/080530n,frontal,mean,mean__frontal__FP2,4,188,"[0, 1, 2, 3, 4, 5, 6, 7, 8, 9, 10, 11, 12, 13, 14, 15, 16, 17, 18, 19, 20, 21, 22, 23, 24, 25, 26, 27, 28, 29, 31, 32, 35, 39, 41, 45, 46, 49, 53, 58, 60, 64, 65, 69, 71, 98, 100, 110, 121, 130, 138, 145, 154, 161, 162, 163, 164, 165, 175, 176, 179, 181, 182, 184, 187]",65,False,8.295171645004294e-05,-8.838715538724885e-08,2.7680034535143394e-05,20.0
FP1,577,577,447,130,137,0.7746967071057193,0.7654109589041096,0.7700258397932817,cao2018,S41/080530n,frontal,mean,mean__frontal__FP1,4,188,"[0, 1, 2, 3, 4, 5, 6, 7, 8, 9, 10, 11, 12, 13, 14, 15, 16, 17, 18, 19, 20, 21, 22, 23, 24, 25, 26, 27, 28, 29, 31, 32, 35, 39, 41, 45, 46, 49, 53, 58, 60, 64, 65, 69, 71, 98, 100, 110, 121, 130, 138, 145, 154, 161, 162, 163, 164, 165, 175, 176, 179, 181, 182, 184, 187]",65,False,7.767935761832879e-05,-1.015667829081384e-07,2.5926974800412308e-05,20.0
F3,194,194,156,38,428,0.8041237113402062,0.2671232876712329,0.40102827763496146,cao2018,S41/080530n,frontal,mean,mean__frontal__F3,4,188,"[0, 1, 2, 3, 4, 5, 6, 7, 8, 9, 10, 11, 12, 13, 14, 15, 16, 17, 18, 19, 20, 21, 22, 23, 24, 25, 26, 27, 28, 29, 31, 32, 35, 39, 41, 45, 46, 49, 53, 58, 60, 64, 65, 69, 71, 98, 100, 110, 121, 130, 138, 145, 154, 161, 162, 163, 164, 165, 175, 176, 179, 181, 182, 184, 187]",65,False,4.6158029717697535e-05,-8.551190960961409e-08,1.541451387576905e-05,20.0
F4,192,192,154,38,430,0.8020833333333334,0.2636986301369863,0.3969072164948454,cao2018,S41/080530n,frontal,mean,mean__frontal__F4,4,188,"[0, 1, 2, 3, 4, 5, 6, 7, 8, 9, 10, 11, 12, 13, 14, 15, 16, 17, 18, 19, 20, 21, 22, 23, 24, 25, 26, 27, 28, 29, 31, 32, 35, 39, 41, 45, 46, 49, 53, 58, 60, 64, 65, 69, 71, 98, 100, 110, 121, 130, 138, 145, 154, 161, 162, 163, 164, 165, 175, 176, 179, 181, 182, 184, 187]",65,False,4.560341768718284e-05,-5.581198050710386e-08,1.5219743222563315e-05,20.0
FP1,779,779,503,276,81,0.6456996148908858,0.8613013698630136,0.7380777696258254,cao2018,S41/080530n,frontal_left,median,median__frontal_left__FP1,2,188,"[0, 1, 2, 3, 5, 6, 7, 8, 9, 10, 11, 14, 15, 17, 18, 20, 22, 23, 25, 27, 29, 31, 39, 41, 46, 49, 58, 64, 69, 71, 98, 100, 121, 179]",34,False,6.626750985174259e-05,-5.4701085346042794e-06,2.3912539462115625e-05,20.0
F3,332,332,235,97,349,0.7078313253012049,0.4023972602739726,0.5131004366812227,cao2018,S41/080530n,frontal_left,median,median__frontal_left__F3,2,188,"[0, 1, 2, 3, 5, 6, 7, 8, 9, 10, 11, 14, 15, 17, 18, 20, 22, 23, 25, 27, 29, 31, 39, 41, 46, 49, 58, 64, 69, 71, 98, 100, 121, 179]",34,False,4.1562388520570194e-05,-2.254234689200488e-06,1.4605541069923562e-05,20.0
FP1,679,679,481,198,103,0.7083946980854198,0.8236301369863014,0.7616785431512273,cao2018,S41/080530n,frontal_left,mean,mean__frontal_left__FP1,2,188,"[0, 1, 2, 3, 5, 6, 7, 8, 9, 10, 11, 14, 15, 17, 18, 20, 22, 23, 25, 27, 29, 31, 39, 41, 46, 49, 58, 64, 69, 71, 98, 100, 121, 179]",34,False,7.164607253908776e-05,-9.1545847259111e-08,2.3912539462115625e-05,20.0
F3,261,261,194,67,390,0.7432950191570882,0.3321917808219178,0.45917159763313614,cao2018,S41/080530n,frontal_left,mean,mean__frontal_left__F3,2,188,"[0, 1, 2, 3, 5, 6, 7, 8, 9, 10, 11, 14, 15, 17, 18, 20, 22, 23, 25, 27, 29, 31, 39, 41, 46, 49, 58, 64, 69, 71, 98, 100, 121, 179]",34,False,4.373681502007253e-05,-7.980818969814958e-08,1.4605541069923562e-05,20.0
FP2,620,620,476,144,108,0.7677419354838709,0.815068493150685,0.7906976744186046,cao2018,S41/080530n,frontal_right,median,median__frontal_right__FP2,2,188,"[0, 1, 2, 3, 4, 5, 6, 7, 8, 9, 10, 11, 12, 13, 14, 15, 16, 17, 18, 19, 20, 21, 22, 23, 24, 25, 26, 27, 28, 31, 32, 35, 45, 46, 53, 58, 60, 65, 69, 71, 98, 100, 110, 121, 130, 138, 145, 154, 161, 162, 163, 164, 165, 175, 176, 179, 181, 182, 184, 187]",60,False,7.935501279044934e-05,-5.647557582146116e-06,2.8334190124198483e-05,20.0
F4,243,243,194,49,390,0.7983539094650206,0.3321917808219178,0.46916565900846435,cao2018,S41/080530n,frontal_right,median,median__frontal_right__F4,2,188,"[0, 1, 2, 3, 4, 5, 6, 7, 8, 9, 10, 11, 12, 13, 14, 15, 16, 17, 18, 19, 20, 21, 22, 23, 24, 25, 26, 27, 28, 31, 32, 35, 45, 46, 53, 58, 60, 65, 69, 71, 98, 100, 110, 121, 130, 138, 145, 154, 161, 162, 163, 164, 165, 175, 176, 179, 181, 182, 184, 187]",60,False,4.3560092628559604e-05,-2.0952854789401267e-06,1.5218459369166577e-05,20.0
FP2,541,541,445,96,139,0.822550831792976,0.761986301369863,0.791111111111111,cao2018,S41/080530n,frontal_right,mean,mean__frontal_right__FP2,2,188,"[0, 1, 2, 3, 4, 5, 6, 7, 8, 9, 10, 11, 12, 13, 14, 15, 16, 17, 18, 19, 20, 21, 22, 23, 24, 25, 26, 27, 28, 31, 32, 35, 45, 46, 53, 58, 60, 65, 69, 71, 98, 100, 110, 121, 130, 138, 145, 154, 161, 162, 163, 164, 165, 175, 176, 179, 181, 182, 184, 187]",60,False,8.49250555329658e-05,-7.75148396296451e-08,2.8334190124198483e-05,20.0
F4,192,192,154,38,430,0.8020833333333334,0.2636986301369863,0.3969072164948454,cao2018,S41/080530n,frontal_right,mean,mean__frontal_right__F4,2,188,"[0, 1, 2, 3, 4, 5, 6, 7, 8, 9, 10, 11, 12, 13, 14, 15, 16, 17, 18, 19, 20, 21, 22, 23, 24, 25, 26, 27, 28, 31, 32, 35, 45, 46, 53, 58, 60, 65, 69, 71, 98, 100, 110, 121, 130, 138, 145, 154, 161, 162, 163, 164, 165, 175, 176, 179, 181, 182, 184, 187]",60,False,4.5595763678774806e-05,-5.961442872492433e-08,1.5218459369166577e-05,20.0
FP2,656,656,486,170,97,0.7408536585365854,0.8336192109777015,0.784503631961259,cao2018,S41/080530n,all_channel,median,median__all_channel__FP2,32,125,"[0, 1, 2, 3, 4, 5, 6, 7, 8, 9, 10, 11, 12, 13, 14, 15, 16, 17, 18, 19, 31, 37, 40, 66, 81, 86, 107, 109, 116, 119]",30,False,7.68764909101915e-05,-7.247666416613661e-06,2.8041385775601718e-05,30.0
FP1,668,668,474,194,109,0.7095808383233533,0.8130360205831904,0.7577937649880097,cao2018,S41/080530n,all_channel,median,median__all_channel__FP1,32,125,"[0, 1, 2, 3, 4, 5, 6, 7, 8, 9, 10, 11, 12, 13, 14, 15, 16, 17, 18, 19, 31, 37, 40, 66, 81, 86, 107, 109, 116, 119]",30,False,7.196395810115278e-05,-6.464263701576536e-06,2.6142740600909773e-05,30.0
F7,451,451,301,150,282,0.6674057649667405,0.516295025728988,0.5822050290135397,cao2018,S41/080530n,all_channel,median,median__all_channel__F7,32,125,"[0, 1, 2, 3, 4, 5, 6, 7, 8, 9, 10, 11, 12, 13, 14, 15, 16, 17, 18, 19, 31, 37, 40, 66, 81, 86, 107, 109, 116, 119]",30,False,4.226581482266753e-05,-2.9092339250877113e-06,1.505834958258508e-05,30.0
F8,314,314,241,73,342,0.767515923566879,0.41337907375643224,0.5373467112597546,cao2018,S41/080530n,all_channel,median,median__all_channel__F8,32,125,"[0, 1, 2, 3, 4, 5, 6, 7, 8, 9, 10, 11, 12, 13, 14, 15, 16, 17, 18, 19, 31, 37, 40, 66, 81, 86, 107, 109, 116, 119]",30,False,3.8020984429485166e-05,-2.5253079461835012e-06,1.3515430791889555e-05,30.0
F3,308,308,222,86,361,0.7207792207792207,0.38078902229845624,0.4983164983164983,cao2018,S41/080530n,all_channel,median,median__all_channel__F3,32,125,"[0, 1, 2, 3, 4, 5, 6, 7, 8, 9, 10, 11, 12, 13, 14, 15, 16, 17, 18, 19, 31, 37, 40, 66, 81, 86, 107, 109, 116, 119]",30,False,4.218147762712825e-05,-2.4650884519287945e-06,1.4882188693019017e-05,30.0
F4,279,279,212,67,371,0.7598566308243727,0.36363636363636365,0.4918793503480279,cao2018,S41/080530n,all_channel,median,median__all_channel__F4,32,125,"[0, 1, 2, 3, 4, 5, 6, 7, 8, 9, 10, 11, 12, 13, 14, 15, 16, 17, 18, 19, 31, 37, 40, 66, 81, 86, 107, 109, 116, 119]",30,False,4.209404291204391e-05,-2.4682234096973597e-06,1.4854088773913758e-05,30.0
FZ,236,236,158,78,425,0.6694915254237288,0.27101200686106347,0.3858363858363858,cao2018,S41/080530n,all_channel,median,median__all_channel__FZ,32,125,"[0, 1, 2, 3, 4, 5, 6, 7, 8, 9, 10, 11, 12, 13, 14, 15, 16, 17, 18, 19, 31, 37, 40, 66, 81, 86, 107, 109, 116, 119]",30,False,4.295616202267341e-05,-2.165076223866846e-06,1.5040412748846752e-05,30.0
FT7,205,205,109,96,474,0.5317073170731708,0.18696397941680962,0.2766497461928934,cao2018,S41/080530n,all_channel,median,median__all_channel__FT7,32,125,"[0, 1, 2, 3, 4, 5, 6, 7, 8, 9, 10, 11, 12, 13, 14, 15, 16, 17, 18, 19, 31, 37, 40, 66, 81, 86, 107, 109, 116, 119]",30,False,2.8104351123994078e-05,-1.2860429516511207e-06,9.796798025215067e-06,30.0
FT8,133,133,99,34,484,0.7443609022556391,0.16981132075471697,0.276536312849162,cao2018,S41/080530n,all_channel,median,median__all_channel__FT8,32,125,"[0, 1, 2, 3, 4, 5, 6, 7, 8, 9, 10, 11, 12, 13, 14, 15, 16, 17, 18, 19, 31, 37, 40, 66, 81, 86, 107, 109, 116, 119]",30,False,2.6440759142675236e-05,-1.19059352949613e-06,9.210450890723788e-06,30.0
FC3,119,119,53,66,530,0.44537815126050423,0.09090909090909091,0.150997150997151,cao2018,S41/080530n,all_channel,median,median__all_channel__FC3,32,125,"[0, 1, 2, 3, 4, 5, 6, 7, 8, 9, 10, 11, 12, 13, 14, 15, 16, 17, 18, 19, 31, 37, 40, 66, 81, 86, 107, 109, 116, 119]",30,False,3.5750437971751044e-05,-1.2286516272609473e-06,1.2326363199670665e-05,30.0
FC4,113,113,50,63,533,0.4424778761061947,0.08576329331046312,0.14367816091954022,cao2018,S41/080530n,all_channel,median,median__all_channel__FC4,32,125,"[0, 1, 2, 3, 4, 5, 6, 7, 8, 9, 10, 11, 12, 13, 14, 15, 16, 17, 18, 19, 31, 37, 40, 66, 81, 86, 107, 109, 116, 119]",30,False,3.4421983289179945e-05,-1.256234381744258e-06,1.1892739223641403e-05,30.0
T3,88,88,30,58,553,0.3409090909090909,0.051457975986277875,0.08941877794336811,cao2018,S41/080530n,all_channel,median,median__all_channel__T3,32,125,"[0, 1, 2, 3, 4, 5, 6, 7, 8, 9, 10, 11, 12, 13, 14, 15, 16, 17, 18, 19, 31, 37, 40, 66, 81, 86, 107, 109, 116, 119]",30,False,2.2460970391583682e-05,-6.327775925005788e-07,7.697915994694753e-06,30.0
T4,51,51,27,24,556,0.5294117647058824,0.04631217838765009,0.08517350157728706,cao2018,S41/080530n,all_channel,median,median__all_channel__T4,32,125,"[0, 1, 2, 3, 4, 5, 6, 7, 8, 9, 10, 11, 12, 13, 14, 15, 16, 17, 18, 19, 31, 37, 40, 66, 81, 86, 107, 109, 116, 119]",30,False,2.263242763901419e-05,-6.307371021065452e-07,7.754388247040244e-06,30.0
FCZ,114,114,28,86,555,0.24561403508771928,0.048027444253859346,0.08034433285509325,cao2018,S41/080530n,all_channel,median,median__all_channel__FCZ,32,125,"[0, 1, 2, 3, 4, 5, 6, 7, 8, 9, 10, 11, 12, 13, 14, 15, 16, 17, 18, 19, 31, 37, 40, 66, 81, 86, 107, 109, 116, 119]",30,False,3.770799012083626e-05,-1.0757334581186102e-06,1.2927907859651623e-05,30.0
C4,47,47,17,30,566,0.3617021276595745,0.029159519725557463,0.05396825396825397,cao2018,S41/080530n,all_channel,median,median__all_channel__C4,32,125,"[0, 1, 2, 3, 4, 5, 6, 7, 8, 9, 10, 11, 12, 13, 14, 15, 16, 17, 18, 19, 31, 37, 40, 66, 81, 86, 107, 109, 116, 119]",30,False,3.041282843090293e-05,-8.059135434635911e-07,1.0406247324788841e-05,30.0
C3,58,58,17,41,566,0.29310344827586204,0.029159519725557463,0.0530421216848674,cao2018,S41/080530n,all_channel,median,median__all_channel__C3,32,125,"[0, 1, 2, 3, 4, 5, 6, 7, 8, 9, 10, 11, 12, 13, 14, 15, 16, 17, 18, 19, 31, 37, 40, 66, 81, 86, 107, 109, 116, 119]",30,False,3.069565145677968e-05,-8.240716170834756e-07,1.0506574357954385e-05,30.0
TP8,16,16,5,11,578,0.3125,0.008576329331046312,0.01669449081803005,cao2018,S41/080530n,all_channel,median,median__all_channel__TP8,32,125,"[0, 1, 2, 3, 4, 5, 6, 7, 8, 9, 10, 11, 12, 13, 14, 15, 16, 17, 18, 19, 31, 37, 40, 66, 81, 86, 107, 109, 116, 119]",30,False,2.075431042889971e-05,-2.753824449091695e-07,7.00989762460296e-06,30.0
CZ,76,76,4,72,579,0.05263157894736842,0.00686106346483705,0.012139605462822459,cao2018,S41/080530n,all_channel,median,median__all_channel__CZ,32,125,"[0, 1, 2, 3, 4, 5, 6, 7, 8, 9, 10, 11, 12, 13, 14, 15, 16, 17, 18, 19, 31, 37, 40, 66, 81, 86, 107, 109, 116, 119]",30,False,3.33366712354752e-05,-6.369103546131889e-07,1.1324527196696131e-05,30.0
A1,88,88,4,84,579,0.045454545454545456,0.00686106346483705,0.011922503725782414,cao2018,S41/080530n,all_channel,median,median__all_channel__A1,32,125,"[0, 1, 2, 3, 4, 5, 6, 7, 8, 9, 10, 11, 12, 13, 14, 15, 16, 17, 18, 19, 31, 37, 40, 66, 81, 86, 107, 109, 116, 119]",30,False,7.217761673564617e-06,-2.6364786910926362e-08,2.4147088201585143e-06,30.0
A2,70,70,3,67,580,0.04285714285714286,0.005145797598627788,0.009188361408882083,cao2018,S41/080530n,all_channel,median,median__all_channel__A2,32,125,"[0, 1, 2, 3, 4, 5, 6, 7, 8, 9, 10, 11, 12, 13, 14, 15, 16, 17, 18, 19, 31, 37, 40, 66, 81, 86, 107, 109, 116, 119]",30,False,7.265915364187381e-06,2.5648187841719234e-08,2.4134223921152206e-06,30.0
TP7,33,33,2,31,581,0.06060606060606061,0.003430531732418525,0.006493506493506493,cao2018,S41/080530n,all_channel,median,median__all_channel__TP7,32,125,"[0, 1, 2, 3, 4, 5, 6, 7, 8, 9, 10, 11, 12, 13, 14, 15, 16, 17, 18, 19, 31, 37, 40, 66, 81, 86, 107, 109, 116, 119]",30,False,2.082714791096378e-05,-3.4210061962628017e-07,7.056416176863353e-06,30.0
PZ,29,29,1,28,582,0.034482758620689655,0.0017152658662092624,0.00326797385620915,cao2018,S41/080530n,all_channel,median,median__all_channel__PZ,32,125,"[0, 1, 2, 3, 4, 5, 6, 7, 8, 9, 10, 11, 12, 13, 14, 15, 16, 17, 18, 19, 31, 37, 40, 66, 81, 86, 107, 109, 116, 119]",30,False,3.0462347453909005e-05,-1.6176222177224274e-07,1.0208036558560415e-05,30.0
CP3,31,31,1,30,582,0.03225806451612903,0.0017152658662092624,0.0032573289902280127,cao2018,S41/080530n,all_channel,median,median__all_channel__CP3,32,125,"[0, 1, 2, 3, 4, 5, 6, 7, 8, 9, 10, 11, 12, 13, 14, 15, 16, 17, 18, 19, 31, 37, 40, 66, 81, 86, 107, 109, 116, 119]",30,False,2.8860426390210345e-05,-4.314004507435557e-07,9.763942280317968e-06,30.0
P4,17,17,0,17,583,0.0,0.0,0.0,cao2018,S41/080530n,all_channel,median,median__all_channel__P4,32,125,"[0, 1, 2, 3, 4, 5, 6, 7, 8, 9, 10, 11, 12, 13, 14, 15, 16, 17, 18, 19, 31, 37, 40, 66, 81, 86, 107, 109, 116, 119]",30,False,2.7576766006429587e-05,-1.6214888517170262e-07,9.246304963867096e-06,30.0
T5,19,19,0,19,583,0.0,0.0,0.0,cao2018,S41/080530n,all_channel,median,median__all_channel__T5,32,125,"[0, 1, 2, 3, 4, 5, 6, 7, 8, 9, 10, 11, 12, 13, 14, 15, 16, 17, 18, 19, 31, 37, 40, 66, 81, 86, 107, 109, 116, 119]",30,False,2.115580784268779e-05,-1.2325233043889163e-07,7.093020057708894e-06,30.0
CP4,20,20,0,20,583,0.0,0.0,0.0,cao2018,S41/080530n,all_channel,median,median__all_channel__CP4,32,125,"[0, 1, 2, 3, 4, 5, 6, 7, 8, 9, 10, 11, 12, 13, 14, 15, 16, 17, 18, 19, 31, 37, 40, 66, 81, 86, 107, 109, 116, 119]",30,False,2.9009739227956625e-05,-4.4262903413072787e-07,9.817456087362451e-06,30.0
T6,21,21,0,21,583,0.0,0.0,0.0,cao2018,S41/080530n,all_channel,median,median__all_channel__T6,32,125,"[0, 1, 2, 3, 4, 5, 6, 7, 8, 9, 10, 11, 12, 13, 14, 15, 16, 17, 18, 19, 31, 37, 40, 66, 81, 86, 107, 109, 116, 119]",30,False,2.1595923862901632e-05,1.1721997025633856e-07,7.159567964215098e-06,30.0
O2,22,22,0,22,583,0.0,0.0,0.0,cao2018,S41/080530n,all_channel,median,median__all_channel__O2,32,125,"[0, 1, 2, 3, 4, 5, 6, 7, 8, 9, 10, 11, 12, 13, 14, 15, 16, 17, 18, 19, 31, 37, 40, 66, 81, 86, 107, 109, 116, 119]",30,False,2.126392179328696e-05,1.895442402304913e-07,7.024792517685489e-06,30.0
OZ,24,24,0,24,583,0.0,0.0,0.0,cao2018,S41/080530n,all_channel,median,median__all_channel__OZ,32,125,"[0, 1, 2, 3, 4, 5, 6, 7, 8, 9, 10, 11, 12, 13, 14, 15, 16, 17, 18, 19, 31, 37, 40, 66, 81, 86, 107, 109, 116, 119]",30,False,2.1093801422941834e-05,1.9963714104481774e-07,6.9647214272990055e-06,30.0
P3,24,24,0,24,583,0.0,0.0,0.0,cao2018,S41/080530n,all_channel,median,median__all_channel__P3,32,125,"[0, 1, 2, 3, 4, 5, 6, 7, 8, 9, 10, 11, 12, 13, 14, 15, 16, 17, 18, 19, 31, 37, 40, 66, 81, 86, 107, 109, 116, 119]",30,False,2.7332464623622835e-05,-2.2072664636634096e-07,9.184397089996392e-06,30.0
CPZ,27,27,0,27,583,0.0,0.0,0.0,cao2018,S41/080530n,all_channel,median,median__all_channel__CPZ,32,125,"[0, 1, 2, 3, 4, 5, 6, 7, 8, 9, 10, 11, 12, 13, 14, 15, 16, 17, 18, 19, 31, 37, 40, 66, 81, 86, 107, 109, 116, 119]",30,False,3.122810634382779e-05,-3.4673434628490697e-07,1.0524946896704232e-05,30.0
O1,27,27,0,27,583,0.0,0.0,0.0,cao2018,S41/080530n,all_channel,median,median__all_channel__O1,32,125,"[0, 1, 2, 3, 4, 5, 6, 7, 8, 9, 10, 11, 12, 13, 14, 15, 16, 17, 18, 19, 31, 37, 40, 66, 81, 86, 107, 109, 116, 119]",30,False,2.166590054898208e-05,2.2937147161163128e-07,7.145509692456816e-06,30.0
FP2,542,542,447,95,136,0.8247232472324724,0.7667238421955404,0.7946666666666667,cao2018,S41/080530n,all_channel,mean,mean__all_channel__FP2,32,125,"[0, 1, 2, 3, 4, 5, 6, 7, 8, 9, 10, 11, 12, 13, 14, 15, 16, 17, 18, 19, 31, 37, 40, 66, 81, 86, 107, 109, 116, 119]",30,False,8.414059872290817e-05,1.6441396103016182e-08,2.8041385775601718e-05,30.0
FP1,569,569,443,126,140,0.7785588752196837,0.7598627787307033,0.7690972222222222,cao2018,S41/080530n,all_channel,mean,mean__all_channel__FP1,32,125,"[0, 1, 2, 3, 4, 5, 6, 7, 8, 9, 10, 11, 12, 13, 14, 15, 16, 17, 18, 19, 31, 37, 40, 66, 81, 86, 107, 109, 116, 119]",30,False,7.844360499111596e-05,1.5383188386633552e-08,2.6142740600909773e-05,30.0
F7,363,363,254,109,329,0.699724517906336,0.43567753001715265,0.536997885835095,cao2018,S41/080530n,all_channel,mean,mean__all_channel__F7,32,125,"[0, 1, 2, 3, 4, 5, 6, 7, 8, 9, 10, 11, 12, 13, 14, 15, 16, 17, 18, 19, 31, 37, 40, 66, 81, 86, 107, 109, 116, 119]",30,False,4.518020624843621e-05,5.157500680966677e-09,1.505834958258508e-05,30.0
F8,245,245,199,46,384,0.8122448979591836,0.34133790737564323,0.4806763285024155,cao2018,S41/080530n,all_channel,mean,mean__all_channel__F8,32,125,"[0, 1, 2, 3, 4, 5, 6, 7, 8, 9, 10, 11, 12, 13, 14, 15, 16, 17, 18, 19, 31, 37, 40, 66, 81, 86, 107, 109, 116, 119]",30,False,4.054882947961409e-05,2.5371039454242998e-09,1.3515430791889555e-05,30.0
F3,241,241,180,61,403,0.7468879668049793,0.30874785591766724,0.4368932038834951,cao2018,S41/080530n,all_channel,mean,mean__all_channel__F3,32,125,"[0, 1, 2, 3, 4, 5, 6, 7, 8, 9, 10, 11, 12, 13, 14, 15, 16, 17, 18, 19, 31, 37, 40, 66, 81, 86, 107, 109, 116, 119]",30,False,4.4641138247901945e-05,-5.4278311551009075e-09,1.4882188693019017e-05,30.0
F4,219,219,173,46,410,0.7899543378995434,0.2967409948542024,0.4314214463840399,cao2018,S41/080530n,all_channel,mean,mean__all_channel__F4,32,125,"[0, 1, 2, 3, 4, 5, 6, 7, 8, 9, 10, 11, 12, 13, 14, 15, 16, 17, 18, 19, 31, 37, 40, 66, 81, 86, 107, 109, 116, 119]",30,False,4.455693437306442e-05,-5.331948676851602e-09,1.4854088773913758e-05,30.0
FZ,194,194,136,58,447,0.7010309278350515,0.2332761578044597,0.35006435006435005,cao2018,S41/080530n,all_channel,mean,mean__all_channel__FZ,32,125,"[0, 1, 2, 3, 4, 5, 6, 7, 8, 9, 10, 11, 12, 13, 14, 15, 16, 17, 18, 19, 31, 37, 40, 66, 81, 86, 107, 109, 116, 119]",30,False,4.511490107913324e-05,-6.337167407019568e-09,1.5040412748846752e-05,30.0
FT7,161,161,85,76,498,0.5279503105590062,0.1457975986277873,0.22849462365591394,cao2018,S41/080530n,all_channel,mean,mean__all_channel__FT7,32,125,"[0, 1, 2, 3, 4, 5, 6, 7, 8, 9, 10, 11, 12, 13, 14, 15, 16, 17, 18, 19, 31, 37, 40, 66, 81, 86, 107, 109, 116, 119]",30,False,2.939619328394007e-05,5.7992082948698405e-09,9.796798025215067e-06,30.0
FT8,100,100,76,24,507,0.76,0.13036020583190394,0.22254758418740847,cao2018,S41/080530n,all_channel,mean,mean__all_channel__FT8,32,125,"[0, 1, 2, 3, 4, 5, 6, 7, 8, 9, 10, 11, 12, 13, 14, 15, 16, 17, 18, 19, 31, 37, 40, 66, 81, 86, 107, 109, 116, 119]",30,False,2.7632590115851196e-05,1.2374436798295932e-09,9.210450890723788e-06,30.0
FC4,88,88,43,45,540,0.48863636363636365,0.07375643224699828,0.12816691505216096,cao2018,S41/080530n,all_channel,mean,mean__all_channel__FC4,32,125,"[0, 1, 2, 3, 4, 5, 6, 7, 8, 9, 10, 11, 12, 13, 14, 15, 16, 17, 18, 19, 31, 37, 40, 66, 81, 86, 107, 109, 116, 119]",30,False,3.567123126859885e-05,-6.9864023253567995e-09,1.1892739223641403e-05,30.0
FC3,105,105,44,61,539,0.41904761904761906,0.07547169811320754,0.12790697674418605,cao2018,S41/080530n,all_channel,mean,mean__all_channel__FC3,32,125,"[0, 1, 2, 3, 4, 5, 6, 7, 8, 9, 10, 11, 12, 13, 14, 15, 16, 17, 18, 19, 31, 37, 40, 66, 81, 86, 107, 109, 116, 119]",30,False,3.6975960147721764e-05,-3.129451290225934e-09,1.2326363199670665e-05,30.0
T4,44,44,25,19,558,0.5681818181818182,0.04288164665523156,0.07974481658692185,cao2018,S41/080530n,all_channel,mean,mean__all_channel__T4,32,125,"[0, 1, 2, 3, 4, 5, 6, 7, 8, 9, 10, 11, 12, 13, 14, 15, 16, 17, 18, 19, 31, 37, 40, 66, 81, 86, 107, 109, 116, 119]",30,False,2.326093718584941e-05,-2.227555271323523e-09,7.754388247040244e-06,30.0
T3,65,65,21,44,562,0.3230769230769231,0.036020583190394515,0.06481481481481483,cao2018,S41/080530n,all_channel,mean,mean__all_channel__T3,32,125,"[0, 1, 2, 3, 4, 5, 6, 7, 8, 9, 10, 11, 12, 13, 14, 15, 16, 17, 18, 19, 31, 37, 40, 66, 81, 86, 107, 109, 116, 119]",30,False,2.3101649216248565e-05,7.90123216430505e-09,7.697915994694753e-06,30.0
FCZ,103,103,20,83,563,0.1941747572815534,0.03430531732418525,0.05830903790087463,cao2018,S41/080530n,all_channel,mean,mean__all_channel__FCZ,32,125,"[0, 1, 2, 3, 4, 5, 6, 7, 8, 9, 10, 11, 12, 13, 14, 15, 16, 17, 18, 19, 31, 37, 40, 66, 81, 86, 107, 109, 116, 119]",30,False,3.8775535153173024e-05,-8.188425781845611e-09,1.2927907859651623e-05,30.0
C3,53,53,15,38,568,0.2830188679245283,0.025728987993138937,0.04716981132075472,cao2018,S41/080530n,all_channel,mean,mean__all_channel__C3,32,125,"[0, 1, 2, 3, 4, 5, 6, 7, 8, 9, 10, 11, 12, 13, 14, 15, 16, 17, 18, 19, 31, 37, 40, 66, 81, 86, 107, 109, 116, 119]",30,False,3.1523750145973404e-05,4.027072110249073e-09,1.0506574357954385e-05,30.0
C4,37,37,11,26,572,0.2972972972972973,0.018867924528301886,0.035483870967741936,cao2018,S41/080530n,all_channel,mean,mean__all_channel__C4,32,125,"[0, 1, 2, 3, 4, 5, 6, 7, 8, 9, 10, 11, 12, 13, 14, 15, 16, 17, 18, 19, 31, 37, 40, 66, 81, 86, 107, 109, 116, 119]",30,False,3.121502193381186e-05,-3.720040554661844e-09,1.0406247324788841e-05,30.0
TP8,13,13,4,9,579,0.3076923076923077,0.00686106346483705,0.01342281879194631,cao2018,S41/080530n,all_channel,mean,mean__all_channel__TP8,32,125,"[0, 1, 2, 3, 4, 5, 6, 7, 8, 9, 10, 11, 12, 13, 14, 15, 16, 17, 18, 19, 31, 37, 40, 66, 81, 86, 107, 109, 116, 119]",30,False,2.10237587222844e-05,-5.9341515244786706e-09,7.00989762460296e-06,30.0
A1,86,86,4,82,579,0.046511627906976744,0.00686106346483705,0.01195814648729447,cao2018,S41/080530n,all_channel,mean,mean__all_channel__A1,32,125,"[0, 1, 2, 3, 4, 5, 6, 7, 8, 9, 10, 11, 12, 13, 14, 15, 16, 17, 18, 19, 31, 37, 40, 66, 81, 86, 107, 109, 116, 119]",30,False,7.246392385125109e-06,2.265924649565598e-09,2.4147088201585143e-06,30.0
A2,73,73,3,70,580,0.0410958904109589,0.005145797598627788,0.009146341463414635,cao2018,S41/080530n,all_channel,mean,mean__all_channel__A2,32,125,"[0, 1, 2, 3, 4, 5, 6, 7, 8, 9, 10, 11, 12, 13, 14, 15, 16, 17, 18, 19, 31, 37, 40, 66, 81, 86, 107, 109, 116, 119]",30,False,7.237964066871785e-06,-2.3031094738765404e-09,2.4134223921152206e-06,30.0
TP7,32,32,2,30,581,0.0625,0.003430531732418525,0.006504065040650406,cao2018,S41/080530n,all_channel,mean,mean__all_channel__TP7,32,125,"[0, 1, 2, 3, 4, 5, 6, 7, 8, 9, 10, 11, 12, 13, 14, 15, 16, 17, 18, 19, 31, 37, 40, 66, 81, 86, 107, 109, 116, 119]",30,False,2.1179670115113337e-05,1.0421584523276104e-08,7.056416176863353e-06,30.0
CZ,70,70,2,68,581,0.02857142857142857,0.003430531732418525,0.006125574272588055,cao2018,S41/080530n,all_channel,mean,mean__all_channel__CZ,32,125,"[0, 1, 2, 3, 4, 5, 6, 7, 8, 9, 10, 11, 12, 13, 14, 15, 16, 17, 18, 19, 31, 37, 40, 66, 81, 86, 107, 109, 116, 119]",30,False,3.396989529063435e-05,-3.686299454042253e-09,1.1324527196696131e-05,30.0
T6,22,22,1,21,582,0.045454545454545456,0.0017152658662092624,0.003305785123966942,cao2018,S41/080530n,all_channel,mean,mean__all_channel__T6,32,125,"[0, 1, 2, 3, 4, 5, 6, 7, 8, 9, 10, 11, 12, 13, 14, 15, 16, 17, 18, 19, 31, 37, 40, 66, 81, 86, 107, 109, 116, 119]",30,False,2.1470828294269618e-05,-7.875598375677899e-09,7.159567964215098e-06,30.0
PZ,29,29,1,28,582,0.034482758620689655,0.0017152658662092624,0.00326797385620915,cao2018,S41/080530n,all_channel,mean,mean__all_channel__PZ,32,125,"[0, 1, 2, 3, 4, 5, 6, 7, 8, 9, 10, 11, 12, 13, 14, 15, 16, 17, 18, 19, 31, 37, 40, 66, 81, 86, 107, 109, 116, 119]",30,False,3.062568670215017e-05,1.5770264689247006e-09,1.0208036558560415e-05,30.0
P4,16,16,0,16,583,0.0,0.0,0.0,cao2018,S41/080530n,all_channel,mean,mean__all_channel__P4,32,125,"[0, 1, 2, 3, 4, 5, 6, 7, 8, 9, 10, 11, 12, 13, 14, 15, 16, 17, 18, 19, 31, 37, 40, 66, 81, 86, 107, 109, 116, 119]",30,False,2.773572650333288e-05,-3.1883882684064232e-09,9.246304963867096e-06,30.0
CP4,19,19,0,19,583,0.0,0.0,0.0,cao2018,S41/080530n,all_channel,mean,mean__all_channel__CP4,32,125,"[0, 1, 2, 3, 4, 5, 6, 7, 8, 9, 10, 11, 12, 13, 14, 15, 16, 17, 18, 19, 31, 37, 40, 66, 81, 86, 107, 109, 116, 119]",30,False,2.9447427095405016e-05,-4.941166682336667e-09,9.817456087362451e-06,30.0
T5,19,19,0,19,583,0.0,0.0,0.0,cao2018,S41/080530n,all_channel,mean,mean__all_channel__T5,32,125,"[0, 1, 2, 3, 4, 5, 6, 7, 8, 9, 10, 11, 12, 13, 14, 15, 16, 17, 18, 19, 31, 37, 40, 66, 81, 86, 107, 109, 116, 119]",30,False,2.128910433292168e-05,1.0044159794996762e-08,7.093020057708894e-06,30.0
O2,23,23,0,23,583,0.0,0.0,0.0,cao2018,S41/080530n,all_channel,mean,mean__all_channel__O2,32,125,"[0, 1, 2, 3, 4, 5, 6, 7, 8, 9, 10, 11, 12, 13, 14, 15, 16, 17, 18, 19, 31, 37, 40, 66, 81, 86, 107, 109, 116, 119]",30,False,2.1070174820087483e-05,-4.202732968984597e-09,7.024792517685489e-06,30.0
P3,23,23,0,23,583,0.0,0.0,0.0,cao2018,S41/080530n,all_channel,mean,mean__all_channel__P3,32,125,"[0, 1, 2, 3, 4, 5, 6, 7, 8, 9, 10, 11, 12, 13, 14, 15, 16, 17, 18, 19, 31, 37, 40, 66, 81, 86, 107, 109, 116, 119]",30,False,2.7562921369185355e-05,9.730099196179308e-09,9.184397089996392e-06,30.0
OZ,25,25,0,25,583,0.0,0.0,0.0,cao2018,S41/080530n,all_channel,mean,mean__all_channel__OZ,32,125,"[0, 1, 2, 3, 4, 5, 6, 7, 8, 9, 10, 11, 12, 13, 14, 15, 16, 17, 18, 19, 31, 37, 40, 66, 81, 86, 107, 109, 116, 119]",30,False,2.089634986435355e-05,2.1855824565333882e-09,6.9647214272990055e-06,30.0
CP3,27,27,0,27,583,0.0,0.0,0.0,cao2018,S41/080530n,all_channel,mean,mean__all_channel__CP3,32,125,"[0, 1, 2, 3, 4, 5, 6, 7, 8, 9, 10, 11, 12, 13, 14, 15, 16, 17, 18, 19, 31, 37, 40, 66, 81, 86, 107, 109, 116, 119]",30,False,2.9297370729841222e-05,5.543888887321536e-09,9.763942280317968e-06,30.0
CPZ,27,27,0,27,583,0.0,0.0,0.0,cao2018,S41/080530n,all_channel,mean,mean__all_channel__CPZ,32,125,"[0, 1, 2, 3, 4, 5, 6, 7, 8, 9, 10, 11, 12, 13, 14, 15, 16, 17, 18, 19, 31, 37, 40, 66, 81, 86, 107, 109, 116, 119]",30,False,3.157098877578676e-05,-3.8519143259441745e-09,1.0524946896704232e-05,30.0
O1,29,29,0,29,583,0.0,0.0,0.0,cao2018,S41/080530n,all_channel,mean,mean__all_channel__O1,32,125,"[0, 1, 2, 3, 4, 5, 6, 7, 8, 9, 10, 11, 12, 13, 14, 15, 16, 17, 18, 19, 31, 37, 40, 66, 81, 86, 107, 109, 116, 119]",30,False,2.1447771003337614e-05,1.1241925967165878e-08,7.145509692456816e-06,30.0
FP2,650,650,482,168,101,0.7415384615384616,0.8267581475128645,0.7818329278183294,cao2018,S41/080530n,frontal,median,median__frontal__FP2,4,125,"[0, 1, 2, 3, 4, 5, 6, 7, 8, 9, 10, 11, 12, 13, 14, 15, 16, 17, 18, 19, 40, 66, 86, 109, 119]",25,False,7.759759154302718e-05,-8.982828789401225e-06,2.8860140110809468e-05,30.0
FP1,655,655,474,181,109,0.7236641221374046,0.8130360205831904,0.7657512116316639,cao2018,S41/080530n,frontal,median,median__frontal__FP1,4,125,"[0, 1, 2, 3, 4, 5, 6, 7, 8, 9, 10, 11, 12, 13, 14, 15, 16, 17, 18, 19, 40, 66, 86, 109, 119]",25,False,7.282171156530344e-05,-8.183799279072079e-06,2.7001836948125172e-05,30.0
F3,359,359,249,110,334,0.6935933147632312,0.42710120068610635,0.5286624203821656,cao2018,S41/080530n,frontal,median,median__frontal__F3,4,125,"[0, 1, 2, 3, 4, 5, 6, 7, 8, 9, 10, 11, 12, 13, 14, 15, 16, 17, 18, 19, 40, 66, 86, 109, 119]",25,False,4.1079859141183845e-05,-2.8931052965373285e-06,1.4657654812573724e-05,30.0
F4,303,303,222,81,361,0.7326732673267327,0.38078902229845624,0.5011286681715575,cao2018,S41/080530n,frontal,median,median__frontal__F4,4,125,"[0, 1, 2, 3, 4, 5, 6, 7, 8, 9, 10, 11, 12, 13, 14, 15, 16, 17, 18, 19, 40, 66, 86, 109, 119]",25,False,4.112166798178778e-05,-2.9051147650545443e-06,1.467559424894744e-05,30.0
FP2,521,521,435,86,148,0.8349328214971209,0.7461406518010292,0.7880434782608696,cao2018,S41/080530n,frontal,mean,mean__frontal__FP2,4,125,"[0, 1, 2, 3, 4, 5, 6, 7, 8, 9, 10, 11, 12, 13, 14, 15, 16, 17, 18, 19, 40, 66, 86, 109, 119]",25,False,8.659791278812369e-05,1.749245569529775e-08,2.8860140110809468e-05,30.0
FP1,539,539,433,106,150,0.8033395176252319,0.7427101200686106,0.7718360071301247,cao2018,S41/080530n,frontal,mean,mean__frontal__FP1,4,125,"[0, 1, 2, 3, 4, 5, 6, 7, 8, 9, 10, 11, 12, 13, 14, 15, 16, 17, 18, 19, 40, 66, 86, 109, 119]",25,False,8.10255163315387e-05,2.00054871631737e-08,2.7001836948125172e-05,30.0
F3,262,262,193,69,390,0.7366412213740458,0.33104631217838765,0.4568047337278106,cao2018,S41/080530n,frontal,mean,mean__frontal__F3,4,125,"[0, 1, 2, 3, 4, 5, 6, 7, 8, 9, 10, 11, 12, 13, 14, 15, 16, 17, 18, 19, 40, 66, 86, 109, 119]",25,False,4.3966815597910456e-05,-6.148839810716417e-09,1.4657654812573724e-05,30.0
F4,235,235,185,50,398,0.7872340425531915,0.31732418524871353,0.45232273838630804,cao2018,S41/080530n,frontal,mean,mean__frontal__F4,4,125,"[0, 1, 2, 3, 4, 5, 6, 7, 8, 9, 10, 11, 12, 13, 14, 15, 16, 17, 18, 19, 40, 66, 86, 109, 119]",25,False,4.401353577241381e-05,-1.3246974428516083e-08,1.467559424894744e-05,30.0
FP1,708,708,489,219,94,0.690677966101695,0.8387650085763293,0.7575522850503487,cao2018,S41/080530n,frontal_left,median,median__frontal_left__FP1,2,125,"[0, 1, 2, 4, 5, 6, 9, 10, 11, 12, 13, 14, 16, 66, 119]",15,False,6.970239307101746e-05,-9.657211317794898e-06,2.645320146293745e-05,30.0
F3,423,423,275,148,308,0.6501182033096927,0.4716981132075472,0.5467196819085487,cao2018,S41/080530n,frontal_left,median,median__frontal_left__F3,2,125,"[0, 1, 2, 4, 5, 6, 9, 10, 11, 12, 13, 14, 16, 66, 119]",15,False,3.891186990313413e-05,-3.262603931956561e-06,1.405815794503023e-05,30.0
FP1,559,559,439,120,144,0.7853309481216458,0.7530017152658662,0.7688266199649738,cao2018,S41/080530n,frontal_left,mean,mean__frontal_left__FP1,2,125,"[0, 1, 2, 4, 5, 6, 9, 10, 11, 12, 13, 14, 16, 66, 119]",15,False,7.9456174140073e-05,9.656975126064435e-08,2.645320146293745e-05,30.0
F3,307,307,222,85,361,0.7231270358306189,0.38078902229845624,0.4988764044943819,cao2018,S41/080530n,frontal_left,mean,mean__frontal_left__F3,2,125,"[0, 1, 2, 4, 5, 6, 9, 10, 11, 12, 13, 14, 16, 66, 119]",15,False,4.221013487462085e-05,3.566103953015393e-08,1.405815794503023e-05,30.0
FP2,637,637,480,157,103,0.7535321821036107,0.823327615780446,0.7868852459016393,cao2018,S41/080530n,frontal_right,median,median__frontal_right__FP2,2,125,"[0, 1, 2, 3, 4, 5, 6, 7, 8, 9, 10, 11, 12, 13, 14, 15, 16, 17, 18, 19, 40, 86, 109, 119]",24,False,7.809071083872758e-05,-9.492529058568771e-06,2.9194413299098784e-05,30.0
F4,300,300,222,78,361,0.74,0.38078902229845624,0.5028312570781427,cao2018,S41/080530n,frontal_right,median,median__frontal_right__F4,2,125,"[0, 1, 2, 3, 4, 5, 6, 7, 8, 9, 10, 11, 12, 13, 14, 15, 16, 17, 18, 19, 40, 86, 109, 119]",24,False,4.123509714129878e-05,-2.9888455319145594e-06,1.4741314224404446e-05,30.0
FP2,515,515,432,83,151,0.8388349514563107,0.7409948542024014,0.7868852459016393,cao2018,S41/080530n,frontal_right,mean,mean__frontal_right__FP2,2,125,"[0, 1, 2, 3, 4, 5, 6, 7, 8, 9, 10, 11, 12, 13, 14, 15, 16, 17, 18, 19, 40, 86, 109, 119]",24,False,8.760794656303325e-05,2.4706665736893197e-08,2.9194413299098784e-05,30.0
F4,229,229,180,49,403,0.7860262008733624,0.30874785591766724,0.4433497536945813,cao2018,S41/080530n,frontal_right,mean,mean__frontal_right__F4,2,125,"[0, 1, 2, 3, 4, 5, 6, 7, 8, 9, 10, 11, 12, 13, 14, 15, 16, 17, 18, 19, 40, 86, 109, 119]",24,False,4.421387589677343e-05,-1.0066776439907176e-08,1.4741314224404446e-05,30.0
FP2,580,580,460,120,124,0.7931034482758621,0.7876712328767124,0.7903780068728523,cao2018,S41/080530n,all_channel,median,median__all_channel__FP2,32,94,"[0, 1, 2, 3, 4, 5, 6, 7, 8, 9, 10, 11, 12, 13, 14, 23, 30, 50, 60, 65, 70, 72, 84, 87, 88, 89]",26,False,8.191464106501694e-05,-6.8434304514416015e-06,2.9586023838819513e-05,40.0
FP1,597,597,457,140,127,0.7654941373534339,0.7825342465753424,0.7739204064352244,cao2018,S41/080530n,all_channel,median,median__all_channel__FP1,32,94,"[0, 1, 2, 3, 4, 5, 6, 7, 8, 9, 10, 11, 12, 13, 14, 23, 30, 50, 60, 65, 70, 72, 84, 87, 88, 89]",26,False,7.677233557958057e-05,-6.127247749460624e-06,2.763319444301373e-05,40.0
F7,388,388,266,122,318,0.6855670103092784,0.4554794520547945,0.5473251028806585,cao2018,S41/080530n,all_channel,median,median__all_channel__F7,32,94,"[0, 1, 2, 3, 4, 5, 6, 7, 8, 9, 10, 11, 12, 13, 14, 23, 30, 50, 60, 65, 70, 72, 84, 87, 88, 89]",26,False,4.4454573791386975e-05,-2.7238615505156427e-06,1.572614511396754e-05,40.0
F8,272,272,219,53,365,0.8051470588235294,0.375,0.5116822429906542,cao2018,S41/080530n,all_channel,median,median__all_channel__F8,32,94,"[0, 1, 2, 3, 4, 5, 6, 7, 8, 9, 10, 11, 12, 13, 14, 23, 30, 50, 60, 65, 70, 72, 84, 87, 88, 89]",26,False,3.9385447025408026e-05,-2.3824900207437037e-06,1.3922645682050578e-05,40.0
F4,244,244,193,51,391,0.7909836065573771,0.3304794520547945,0.46618357487922707,cao2018,S41/080530n,all_channel,median,median__all_channel__F4,32,94,"[0, 1, 2, 3, 4, 5, 6, 7, 8, 9, 10, 11, 12, 13, 14, 23, 30, 50, 60, 65, 70, 72, 84, 87, 88, 89]",26,False,4.364502624306705e-05,-2.2992214089783613e-06,1.5314749217348473e-05,40.0
F3,264,264,197,67,387,0.7462121212121212,0.3373287671232877,0.46462264150943394,cao2018,S41/080530n,all_channel,median,median__all_channel__F3,32,94,"[0, 1, 2, 3, 4, 5, 6, 7, 8, 9, 10, 11, 12, 13, 14, 23, 30, 50, 60, 65, 70, 72, 84, 87, 88, 89]",26,False,4.371437057074842e-05,-2.325234302855962e-06,1.5346534957868126e-05,40.0
FZ,207,207,144,63,440,0.6956521739130435,0.2465753424657534,0.3640960809102402,cao2018,S41/080530n,all_channel,median,median__all_channel__FZ,32,94,"[0, 1, 2, 3, 4, 5, 6, 7, 8, 9, 10, 11, 12, 13, 14, 23, 30, 50, 60, 65, 70, 72, 84, 87, 88, 89]",26,False,4.429523749382887e-05,-2.0028625556501348e-06,1.5432700016493e-05,40.0
FT8,111,111,82,29,502,0.7387387387387387,0.1404109589041096,0.23597122302158274,cao2018,S41/080530n,all_channel,median,median__all_channel__FT8,32,94,"[0, 1, 2, 3, 4, 5, 6, 7, 8, 9, 10, 11, 12, 13, 14, 23, 30, 50, 60, 65, 70, 72, 84, 87, 88, 89]",26,False,2.7186532212020934e-05,-1.1062161126340381e-06,9.430916108218324e-06,40.0
FT7,161,161,87,74,497,0.5403726708074534,0.14897260273972604,0.2335570469798658,cao2018,S41/080530n,all_channel,median,median__all_channel__FT7,32,94,"[0, 1, 2, 3, 4, 5, 6, 7, 8, 9, 10, 11, 12, 13, 14, 23, 30, 50, 60, 65, 70, 72, 84, 87, 88, 89]",26,False,2.9273319183835537e-05,-1.2185580896945395e-06,1.0163959091176692e-05,40.0
FC3,107,107,47,60,537,0.4392523364485981,0.08047945205479452,0.13603473227206947,cao2018,S41/080530n,all_channel,median,median__all_channel__FC3,32,94,"[0, 1, 2, 3, 4, 5, 6, 7, 8, 9, 10, 11, 12, 13, 14, 23, 30, 50, 60, 65, 70, 72, 84, 87, 88, 89]",26,False,3.6478041752086094e-05,-1.1615579938352058e-06,1.2546533248640433e-05,40.0
FC4,93,93,46,47,538,0.4946236559139785,0.07876712328767123,0.13589364844903987,cao2018,S41/080530n,all_channel,median,median__all_channel__FC4,32,94,"[0, 1, 2, 3, 4, 5, 6, 7, 8, 9, 10, 11, 12, 13, 14, 23, 30, 50, 60, 65, 70, 72, 84, 87, 88, 89]",26,False,3.502016273656805e-05,-1.1635950641867285e-06,1.2061252600251593e-05,40.0
T4,47,47,26,21,558,0.5531914893617021,0.04452054794520548,0.08240887480190175,cao2018,S41/080530n,all_channel,median,median__all_channel__T4,32,94,"[0, 1, 2, 3, 4, 5, 6, 7, 8, 9, 10, 11, 12, 13, 14, 23, 30, 50, 60, 65, 70, 72, 84, 87, 88, 89]",26,False,2.2907794103118213e-05,-5.754690766633009e-07,7.827754393260505e-06,40.0
FCZ,111,111,25,86,559,0.22522522522522523,0.04280821917808219,0.07194244604316546,cao2018,S41/080530n,all_channel,median,median__all_channel__FCZ,32,94,"[0, 1, 2, 3, 4, 5, 6, 7, 8, 9, 10, 11, 12, 13, 14, 23, 30, 50, 60, 65, 70, 72, 84, 87, 88, 89]",26,False,3.817103557922379e-05,-9.783280716384345e-07,1.3049787883620741e-05,40.0
T3,59,59,19,40,565,0.3220338983050847,0.032534246575342464,0.059097978227060644,cao2018,S41/080530n,all_channel,median,median__all_channel__T3,32,94,"[0, 1, 2, 3, 4, 5, 6, 7, 8, 9, 10, 11, 12, 13, 14, 23, 30, 50, 60, 65, 70, 72, 84, 87, 88, 89]",26,False,2.3229236385781992e-05,-5.951775039831043e-07,7.941471296588365e-06,40.0
C3,52,52,15,37,569,0.28846153846153844,0.025684931506849314,0.04716981132075471,cao2018,S41/080530n,all_channel,median,median__all_channel__C3,32,94,"[0, 1, 2, 3, 4, 5, 6, 7, 8, 9, 10, 11, 12, 13, 14, 23, 30, 50, 60, 65, 70, 72, 84, 87, 88, 89]",26,False,3.1269858493764516e-05,-7.841718323426949e-07,1.0684676775369071e-05,40.0
C4,39,39,13,26,571,0.3333333333333333,0.02226027397260274,0.04173354735152488,cao2018,S41/080530n,all_channel,median,median__all_channel__C4,32,94,"[0, 1, 2, 3, 4, 5, 6, 7, 8, 9, 10, 11, 12, 13, 14, 23, 30, 50, 60, 65, 70, 72, 84, 87, 88, 89]",26,False,3.0893687336323935e-05,-7.505621831491096e-07,1.0548083173157682e-05,40.0
TP8,12,12,4,8,580,0.3333333333333333,0.00684931506849315,0.01342281879194631,cao2018,S41/080530n,all_channel,median,median__all_channel__TP8,32,94,"[0, 1, 2, 3, 4, 5, 6, 7, 8, 9, 10, 11, 12, 13, 14, 23, 30, 50, 60, 65, 70, 72, 84, 87, 88, 89]",26,False,2.1197553445978944e-05,-2.225758214214249e-07,7.140043089133455e-06,40.0
TP7,25,25,2,23,582,0.08,0.003424657534246575,0.006568144499178982,cao2018,S41/080530n,all_channel,median,median__all_channel__TP7,32,94,"[0, 1, 2, 3, 4, 5, 6, 7, 8, 9, 10, 11, 12, 13, 14, 23, 30, 50, 60, 65, 70, 72, 84, 87, 88, 89]",26,False,2.1461898596434065e-05,-3.1132604095210956e-07,7.257741545795392e-06,40.0
A2,65,65,2,63,582,0.03076923076923077,0.003424657534246575,0.0061633281972265025,cao2018,S41/080530n,all_channel,median,median__all_channel__A2,32,94,"[0, 1, 2, 3, 4, 5, 6, 7, 8, 9, 10, 11, 12, 13, 14, 23, 30, 50, 60, 65, 70, 72, 84, 87, 88, 89]",26,False,7.423968963262797e-06,3.491994827893612e-08,2.4630163383279535e-06,40.0
CZ,71,71,2,69,582,0.028169014084507043,0.003424657534246575,0.006106870229007633,cao2018,S41/080530n,all_channel,median,median__all_channel__CZ,32,94,"[0, 1, 2, 3, 4, 5, 6, 7, 8, 9, 10, 11, 12, 13, 14, 23, 30, 50, 60, 65, 70, 72, 84, 87, 88, 89]",26,False,3.382376515633608e-05,-5.892728037026421e-07,1.147101265334624e-05,40.0
A1,81,81,2,79,582,0.024691358024691357,0.003424657534246575,0.006015037593984963,cao2018,S41/080530n,all_channel,median,median__all_channel__A1,32,94,"[0, 1, 2, 3, 4, 5, 6, 7, 8, 9, 10, 11, 12, 13, 14, 23, 30, 50, 60, 65, 70, 72, 84, 87, 88, 89]",26,False,7.356331158233746e-06,-3.583553788226947e-08,2.4640555653720053e-06,40.0
PZ,23,23,1,22,583,0.043478260869565216,0.0017123287671232876,0.0032948929159802303,cao2018,S41/080530n,all_channel,median,median__all_channel__PZ,32,94,"[0, 1, 2, 3, 4, 5, 6, 7, 8, 9, 10, 11, 12, 13, 14, 23, 30, 50, 60, 65, 70, 72, 84, 87, 88, 89]",26,False,3.1212244965816775e-05,-1.3435017938841402e-07,1.044886504840173e-05,40.0
OZ,13,13,0,13,584,0.0,0.0,0.0,cao2018,S41/080530n,all_channel,median,median__all_channel__OZ,32,94,"[0, 1, 2, 3, 4, 5, 6, 7, 8, 9, 10, 11, 12, 13, 14, 23, 30, 50, 60, 65, 70, 72, 84, 87, 88, 89]",26,False,2.2047525612160713e-05,1.990885186001515e-07,7.282812364520187e-06,40.0
P4,14,14,0,14,584,0.0,0.0,0.0,cao2018,S41/080530n,all_channel,median,median__all_channel__P4,32,94,"[0, 1, 2, 3, 4, 5, 6, 7, 8, 9, 10, 11, 12, 13, 14, 23, 30, 50, 60, 65, 70, 72, 84, 87, 88, 89]",26,False,2.836130863203381e-05,-8.676354079529878e-08,9.48269072427637e-06,40.0
T6,15,15,0,15,584,0.0,0.0,0.0,cao2018,S41/080530n,all_channel,median,median__all_channel__T6,32,94,"[0, 1, 2, 3, 4, 5, 6, 7, 8, 9, 10, 11, 12, 13, 14, 23, 30, 50, 60, 65, 70, 72, 84, 87, 88, 89]",26,False,2.2492344747390104e-05,1.9625869089729112e-07,7.432028685497604e-06,40.0
T5,17,17,0,17,584,0.0,0.0,0.0,cao2018,S41/080530n,all_channel,median,median__all_channel__T5,32,94,"[0, 1, 2, 3, 4, 5, 6, 7, 8, 9, 10, 11, 12, 13, 14, 23, 30, 50, 60, 65, 70, 72, 84, 87, 88, 89]",26,False,2.1642923920926386e-05,-9.280914559101726e-08,7.245244355505801e-06,40.0
CP4,18,18,0,18,584,0.0,0.0,0.0,cao2018,S41/080530n,all_channel,median,median__all_channel__CP4,32,94,"[0, 1, 2, 3, 4, 5, 6, 7, 8, 9, 10, 11, 12, 13, 14, 23, 30, 50, 60, 65, 70, 72, 84, 87, 88, 89]",26,False,2.9684561652911106e-05,-3.8124813076632246e-07,1.0021936594559143e-05,40.0
O1,18,18,0,18,584,0.0,0.0,0.0,cao2018,S41/080530n,all_channel,median,median__all_channel__O1,32,94,"[0, 1, 2, 3, 4, 5, 6, 7, 8, 9, 10, 11, 12, 13, 14, 23, 30, 50, 60, 65, 70, 72, 84, 87, 88, 89]",26,False,2.264180984653811e-05,2.5494164902981384e-07,7.462289399169432e-06,40.0
O2,18,18,0,18,584,0.0,0.0,0.0,cao2018,S41/080530n,all_channel,median,median__all_channel__O2,32,94,"[0, 1, 2, 3, 4, 5, 6, 7, 8, 9, 10, 11, 12, 13, 14, 23, 30, 50, 60, 65, 70, 72, 84, 87, 88, 89]",26,False,2.2144572894355656e-05,2.087450639812759e-07,7.311942610124793e-06,40.0
P3,21,21,0,21,584,0.0,0.0,0.0,cao2018,S41/080530n,all_channel,median,median__all_channel__P3,32,94,"[0, 1, 2, 3, 4, 5, 6, 7, 8, 9, 10, 11, 12, 13, 14, 23, 30, 50, 60, 65, 70, 72, 84, 87, 88, 89]",26,False,2.80933306673328e-05,-1.9574818046564493e-07,9.429692949266148e-06,40.0
CP3,23,23,0,23,584,0.0,0.0,0.0,cao2018,S41/080530n,all_channel,median,median__all_channel__CP3,32,94,"[0, 1, 2, 3, 4, 5, 6, 7, 8, 9, 10, 11, 12, 13, 14, 23, 30, 50, 60, 65, 70, 72, 84, 87, 88, 89]",26,False,2.9486660596011197e-05,-3.983566402690592e-07,9.96167241209342e-06,40.0
CPZ,25,25,0,25,584,0.0,0.0,0.0,cao2018,S41/080530n,all_channel,median,median__all_channel__CPZ,32,94,"[0, 1, 2, 3, 4, 5, 6, 7, 8, 9, 10, 11, 12, 13, 14, 23, 30, 50, 60, 65, 70, 72, 84, 87, 88, 89]",26,False,3.186362839602889e-05,-3.091497923474356e-07,1.0724259396125442e-05,40.0
FP2,500,500,426,74,158,0.852,0.7294520547945206,0.7859778597785978,cao2018,S41/080530n,all_channel,mean,mean__all_channel__FP2,32,94,"[0, 1, 2, 3, 4, 5, 6, 7, 8, 9, 10, 11, 12, 13, 14, 23, 30, 50, 60, 65, 70, 72, 84, 87, 88, 89]",26,False,8.876705889800457e-05,8.987381546035649e-09,2.9586023838819513e-05,40.0
FP1,517,517,423,94,161,0.8181818181818182,0.7243150684931506,0.7683923705722071,cao2018,S41/080530n,all_channel,mean,mean__all_channel__FP1,32,94,"[0, 1, 2, 3, 4, 5, 6, 7, 8, 9, 10, 11, 12, 13, 14, 23, 30, 50, 60, 65, 70, 72, 84, 87, 88, 89]",26,False,8.289745915690053e-05,-2.1241721406531705e-09,2.763319444301373e-05,40.0
F7,301,301,223,78,361,0.7408637873754153,0.3818493150684932,0.503954802259887,cao2018,S41/080530n,all_channel,mean,mean__all_channel__F7,32,94,"[0, 1, 2, 3, 4, 5, 6, 7, 8, 9, 10, 11, 12, 13, 14, 23, 30, 50, 60, 65, 70, 72, 84, 87, 88, 89]",26,False,4.717510270284179e-05,-3.332639060826983e-09,1.572614511396754e-05,40.0
F8,214,214,181,33,403,0.8457943925233645,0.3099315068493151,0.4536340852130326,cao2018,S41/080530n,all_channel,mean,mean__all_channel__F8,32,94,"[0, 1, 2, 3, 4, 5, 6, 7, 8, 9, 10, 11, 12, 13, 14, 23, 30, 50, 60, 65, 70, 72, 84, 87, 88, 89]",26,False,4.176564179761122e-05,-2.295248540510966e-09,1.3922645682050578e-05,40.0
F3,197,197,159,38,425,0.8071065989847716,0.2722602739726027,0.40717029449423814,cao2018,S41/080530n,all_channel,mean,mean__all_channel__F3,32,94,"[0, 1, 2, 3, 4, 5, 6, 7, 8, 9, 10, 11, 12, 13, 14, 23, 30, 50, 60, 65, 70, 72, 84, 87, 88, 89]",26,False,4.602791650164071e-05,-1.1688371963669565e-08,1.5346534957868126e-05,40.0
F4,190,190,152,38,432,0.8,0.2602739726027397,0.39276485788113696,cao2018,S41/080530n,all_channel,mean,mean__all_channel__F4,32,94,"[0, 1, 2, 3, 4, 5, 6, 7, 8, 9, 10, 11, 12, 13, 14, 23, 30, 50, 60, 65, 70, 72, 84, 87, 88, 89]",26,False,4.593346303151677e-05,-1.0784620528647654e-08,1.5314749217348473e-05,40.0
FZ,168,168,117,51,467,0.6964285714285714,0.20034246575342465,0.31117021276595747,cao2018,S41/080530n,all_channel,mean,mean__all_channel__FZ,32,94,"[0, 1, 2, 3, 4, 5, 6, 7, 8, 9, 10, 11, 12, 13, 14, 23, 30, 50, 60, 65, 70, 72, 84, 87, 88, 89]",26,False,4.627791635448428e-05,-2.0183694994725247e-08,1.5432700016493e-05,40.0
FT7,122,122,70,52,514,0.5737704918032787,0.11986301369863013,0.19830028328611896,cao2018,S41/080530n,all_channel,mean,mean__all_channel__FT7,32,94,"[0, 1, 2, 3, 4, 5, 6, 7, 8, 9, 10, 11, 12, 13, 14, 23, 30, 50, 60, 65, 70, 72, 84, 87, 88, 89]",26,False,3.049714536762318e-05,5.268094093105948e-09,1.0163959091176692e-05,40.0
FT8,84,84,66,18,518,0.7857142857142857,0.11301369863013698,0.19760479041916165,cao2018,S41/080530n,all_channel,mean,mean__all_channel__FT8,32,94,"[0, 1, 2, 3, 4, 5, 6, 7, 8, 9, 10, 11, 12, 13, 14, 23, 30, 50, 60, 65, 70, 72, 84, 87, 88, 89]",26,False,2.8289147958013666e-05,-3.600366641305821e-09,9.430916108218324e-06,40.0
FC4,80,80,40,40,544,0.5,0.0684931506849315,0.12048192771084336,cao2018,S41/080530n,all_channel,mean,mean__all_channel__FC4,32,94,"[0, 1, 2, 3, 4, 5, 6, 7, 8, 9, 10, 11, 12, 13, 14, 23, 30, 50, 60, 65, 70, 72, 84, 87, 88, 89]",26,False,3.6169932854069814e-05,-1.3824946684963699e-08,1.2061252600251593e-05,40.0
FC3,95,95,39,56,545,0.4105263157894737,0.06678082191780822,0.11487481590574375,cao2018,S41/080530n,all_channel,mean,mean__all_channel__FC3,32,94,"[0, 1, 2, 3, 4, 5, 6, 7, 8, 9, 10, 11, 12, 13, 14, 23, 30, 50, 60, 65, 70, 72, 84, 87, 88, 89]",26,False,3.7627723776099354e-05,-1.1875969821942825e-08,1.2546533248640433e-05,40.0
T4,40,40,22,18,562,0.55,0.03767123287671233,0.07051282051282051,cao2018,S41/080530n,all_channel,mean,mean__all_channel__T4,32,94,"[0, 1, 2, 3, 4, 5, 6, 7, 8, 9, 10, 11, 12, 13, 14, 23, 30, 50, 60, 65, 70, 72, 84, 87, 88, 89]",26,False,2.3479550260196003e-05,-3.71291958551e-09,7.827754393260505e-06,40.0
FCZ,101,101,19,82,565,0.18811881188118812,0.032534246575342464,0.05547445255474452,cao2018,S41/080530n,all_channel,mean,mean__all_channel__FCZ,32,94,"[0, 1, 2, 3, 4, 5, 6, 7, 8, 9, 10, 11, 12, 13, 14, 23, 30, 50, 60, 65, 70, 72, 84, 87, 88, 89]",26,False,3.912977114031697e-05,-1.9592510545253734e-08,1.3049787883620741e-05,40.0
T3,47,47,16,31,568,0.3404255319148936,0.0273972602739726,0.05071315372424722,cao2018,S41/080530n,all_channel,mean,mean__all_channel__T3,32,94,"[0, 1, 2, 3, 4, 5, 6, 7, 8, 9, 10, 11, 12, 13, 14, 23, 30, 50, 60, 65, 70, 72, 84, 87, 88, 89]",26,False,2.382977241056117e-05,5.358520796072906e-09,7.941471296588365e-06,40.0
C3,47,47,12,35,572,0.2553191489361702,0.02054794520547945,0.038034865293185414,cao2018,S41/080530n,all_channel,mean,mean__all_channel__C3,32,94,"[0, 1, 2, 3, 4, 5, 6, 7, 8, 9, 10, 11, 12, 13, 14, 23, 30, 50, 60, 65, 70, 72, 84, 87, 88, 89]",26,False,3.2047766340261235e-05,-6.263985845979951e-09,1.0684676775369071e-05,40.0
C4,34,34,9,25,575,0.2647058823529412,0.015410958904109588,0.029126213592233007,cao2018,S41/080530n,all_channel,mean,mean__all_channel__C4,32,94,"[0, 1, 2, 3, 4, 5, 6, 7, 8, 9, 10, 11, 12, 13, 14, 23, 30, 50, 60, 65, 70, 72, 84, 87, 88, 89]",26,False,3.163418061093297e-05,-1.0068908540073472e-08,1.0548083173157682e-05,40.0
TP8,10,10,3,7,581,0.3,0.005136986301369863,0.0101010101010101,cao2018,S41/080530n,all_channel,mean,mean__all_channel__TP8,32,94,"[0, 1, 2, 3, 4, 5, 6, 7, 8, 9, 10, 11, 12, 13, 14, 23, 30, 50, 60, 65, 70, 72, 84, 87, 88, 89]",26,False,2.1420340112774094e-05,2.1084537372671605e-10,7.140043089133455e-06,40.0
CZ,65,65,2,63,582,0.03076923076923077,0.003424657534246575,0.0061633281972265025,cao2018,S41/080530n,all_channel,mean,mean__all_channel__CZ,32,94,"[0, 1, 2, 3, 4, 5, 6, 7, 8, 9, 10, 11, 12, 13, 14, 23, 30, 50, 60, 65, 70, 72, 84, 87, 88, 89]",26,False,3.4394196633586356e-05,-1.8841326452362456e-08,1.147101265334624e-05,40.0
A2,68,68,2,66,582,0.029411764705882353,0.003424657534246575,0.006134969325153374,cao2018,S41/080530n,all_channel,mean,mean__all_channel__A2,32,94,"[0, 1, 2, 3, 4, 5, 6, 7, 8, 9, 10, 11, 12, 13, 14, 23, 30, 50, 60, 65, 70, 72, 84, 87, 88, 89]",26,False,7.385464963444097e-06,-3.584051539764431e-09,2.4630163383279535e-06,40.0
A1,80,80,2,78,582,0.025,0.003424657534246575,0.006024096385542168,cao2018,S41/080530n,all_channel,mean,mean__all_channel__A1,32,94,"[0, 1, 2, 3, 4, 5, 6, 7, 8, 9, 10, 11, 12, 13, 14, 23, 30, 50, 60, 65, 70, 72, 84, 87, 88, 89]",26,False,7.395735664988663e-06,3.5689688726465045e-09,2.4640555653720053e-06,40.0
TP7,21,21,1,20,583,0.047619047619047616,0.0017123287671232876,0.003305785123966942,cao2018,S41/080530n,all_channel,mean,mean__all_channel__TP7,32,94,"[0, 1, 2, 3, 4, 5, 6, 7, 8, 9, 10, 11, 12, 13, 14, 23, 30, 50, 60, 65, 70, 72, 84, 87, 88, 89]",26,False,2.1780277830276483e-05,7.053192890307703e-09,7.257741545795392e-06,40.0
PZ,23,23,1,22,583,0.043478260869565216,0.0017123287671232876,0.0032948929159802303,cao2018,S41/080530n,all_channel,mean,mean__all_channel__PZ,32,94,"[0, 1, 2, 3, 4, 5, 6, 7, 8, 9, 10, 11, 12, 13, 14, 23, 30, 50, 60, 65, 70, 72, 84, 87, 88, 89]",26,False,3.1352209661541425e-05,5.6145163362416925e-09,1.044886504840173e-05,40.0
P4,14,14,0,14,584,0.0,0.0,0.0,cao2018,S41/080530n,all_channel,mean,mean__all_channel__P4,32,94,"[0, 1, 2, 3, 4, 5, 6, 7, 8, 9, 10, 11, 12, 13, 14, 23, 30, 50, 60, 65, 70, 72, 84, 87, 88, 89]",26,False,2.845065212551627e-05,2.579952687158811e-09,9.48269072427637e-06,40.0
OZ,16,16,0,16,584,0.0,0.0,0.0,cao2018,S41/080530n,all_channel,mean,mean__all_channel__OZ,32,94,"[0, 1, 2, 3, 4, 5, 6, 7, 8, 9, 10, 11, 12, 13, 14, 23, 30, 50, 60, 65, 70, 72, 84, 87, 88, 89]",26,False,2.185518909897824e-05,6.752005417677367e-09,7.282812364520187e-06,40.0
T5,16,16,0,16,584,0.0,0.0,0.0,cao2018,S41/080530n,all_channel,mean,mean__all_channel__T5,32,94,"[0, 1, 2, 3, 4, 5, 6, 7, 8, 9, 10, 11, 12, 13, 14, 23, 30, 50, 60, 65, 70, 72, 84, 87, 88, 89]",26,False,2.1741437711553083e-05,5.704645035681476e-09,7.245244355505801e-06,40.0
CP4,17,17,0,17,584,0.0,0.0,0.0,cao2018,S41/080530n,all_channel,mean,mean__all_channel__CP4,32,94,"[0, 1, 2, 3, 4, 5, 6, 7, 8, 9, 10, 11, 12, 13, 14, 23, 30, 50, 60, 65, 70, 72, 84, 87, 88, 89]",26,False,3.006067488584025e-05,-5.134897837177692e-09,1.0021936594559143e-05,40.0
T6,17,17,0,17,584,0.0,0.0,0.0,cao2018,S41/080530n,all_channel,mean,mean__all_channel__T6,32,94,"[0, 1, 2, 3, 4, 5, 6, 7, 8, 9, 10, 11, 12, 13, 14, 23, 30, 50, 60, 65, 70, 72, 84, 87, 88, 89]",26,False,2.230039085806988e-05,4.3048015770696575e-09,7.432028685497604e-06,40.0
O2,19,19,0,19,584,0.0,0.0,0.0,cao2018,S41/080530n,all_channel,mean,mean__all_channel__O2,32,94,"[0, 1, 2, 3, 4, 5, 6, 7, 8, 9, 10, 11, 12, 13, 14, 23, 30, 50, 60, 65, 70, 72, 84, 87, 88, 89]",26,False,2.194579059274092e-05,9.962762366541156e-09,7.311942610124793e-06,40.0
P3,20,20,0,20,584,0.0,0.0,0.0,cao2018,S41/080530n,all_channel,mean,mean__all_channel__P3,32,94,"[0, 1, 2, 3, 4, 5, 6, 7, 8, 9, 10, 11, 12, 13, 14, 23, 30, 50, 60, 65, 70, 72, 84, 87, 88, 89]",26,False,2.829269161784687e-05,3.612770048423531e-09,9.429692949266148e-06,40.0
O1,21,21,0,21,584,0.0,0.0,0.0,cao2018,S41/080530n,all_channel,mean,mean__all_channel__O1,32,94,"[0, 1, 2, 3, 4, 5, 6, 7, 8, 9, 10, 11, 12, 13, 14, 23, 30, 50, 60, 65, 70, 72, 84, 87, 88, 89]",26,False,2.2395379445378016e-05,8.511247869720796e-09,7.462289399169432e-06,40.0
CP3,23,23,0,23,584,0.0,0.0,0.0,cao2018,S41/080530n,all_channel,mean,mean__all_channel__CP3,32,94,"[0, 1, 2, 3, 4, 5, 6, 7, 8, 9, 10, 11, 12, 13, 14, 23, 30, 50, 60, 65, 70, 72, 84, 87, 88, 89]",26,False,2.9884739484654924e-05,-2.7775162533342053e-10,9.96167241209342e-06,40.0
CPZ,24,24,0,24,584,0.0,0.0,0.0,cao2018,S41/080530n,all_channel,mean,mean__all_channel__CPZ,32,94,"[0, 1, 2, 3, 4, 5, 6, 7, 8, 9, 10, 11, 12, 13, 14, 23, 30, 50, 60, 65, 70, 72, 84, 87, 88, 89]",26,False,3.2163095041201204e-05,-9.683147175117742e-09,1.0724259396125442e-05,40.0
FP2,605,605,473,132,111,0.7818181818181819,0.809931506849315,0.7956265769554247,cao2018,S41/080530n,frontal,median,median__frontal__FP2,4,94,"[0, 1, 2, 3, 4, 5, 6, 7, 8, 9, 10, 11, 12, 13, 14, 30, 65, 72, 84, 88, 89]",21,False,8.004184511525188e-05,-8.527119797901618e-06,2.95229883043845e-05,40.0
FP1,628,628,467,161,117,0.7436305732484076,0.7996575342465754,0.7706270627062706,cao2018,S41/080530n,frontal,median,median__frontal__FP1,4,94,"[0, 1, 2, 3, 4, 5, 6, 7, 8, 9, 10, 11, 12, 13, 14, 30, 65, 72, 84, 88, 89]",21,False,7.505612340149137e-05,-7.64235267408044e-06,2.7566158691857273e-05,40.0
F3,317,317,226,91,358,0.7129337539432177,0.386986301369863,0.5016648168701442,cao2018,S41/080530n,frontal,median,median__frontal__F3,4,94,"[0, 1, 2, 3, 4, 5, 6, 7, 8, 9, 10, 11, 12, 13, 14, 30, 65, 72, 84, 88, 89]",21,False,4.200859358749405e-05,-2.733215779382444e-06,1.4913936455625499e-05,40.0
F4,274,274,211,63,373,0.7700729927007299,0.3613013698630137,0.4918414918414919,cao2018,S41/080530n,frontal,median,median__frontal__F4,4,94,"[0, 1, 2, 3, 4, 5, 6, 7, 8, 9, 10, 11, 12, 13, 14, 30, 65, 72, 84, 88, 89]",21,False,4.22825230207149e-05,-2.7247213006370333e-06,1.5002414773783978e-05,40.0
FP2,504,504,427,77,157,0.8472222222222222,0.7311643835616438,0.7849264705882352,cao2018,S41/080530n,frontal,mean,mean__frontal__FP2,4,94,"[0, 1, 2, 3, 4, 5, 6, 7, 8, 9, 10, 11, 12, 13, 14, 30, 65, 72, 84, 88, 89]",21,False,8.857015370645753e-05,1.1887933040298244e-09,2.95229883043845e-05,40.0
FP1,520,520,424,96,160,0.8153846153846154,0.726027397260274,0.7681159420289856,cao2018,S41/080530n,frontal,mean,mean__frontal__FP1,4,94,"[0, 1, 2, 3, 4, 5, 6, 7, 8, 9, 10, 11, 12, 13, 14, 30, 65, 72, 84, 88, 89]",21,False,8.269027326617139e-05,-8.202809400420053e-09,2.7566158691857273e-05,40.0
F3,239,239,178,61,406,0.7447698744769874,0.3047945205479452,0.4325637910085055,cao2018,S41/080530n,frontal,mean,mean__frontal__F3,4,94,"[0, 1, 2, 3, 4, 5, 6, 7, 8, 9, 10, 11, 12, 13, 14, 30, 65, 72, 84, 88, 89]",21,False,4.4731284295642084e-05,-1.0525071234412114e-08,1.4913936455625499e-05,40.0
F4,207,207,166,41,418,0.8019323671497585,0.2842465753424658,0.41972187104930475,cao2018,S41/080530n,frontal,mean,mean__frontal__F4,4,94,"[0, 1, 2, 3, 4, 5, 6, 7, 8, 9, 10, 11, 12, 13, 14, 30, 65, 72, 84, 88, 89]",21,False,4.499296135679161e-05,-1.4282964560319982e-08,1.5002414773783978e-05,40.0
FP1,870,870,516,354,68,0.593103448275862,0.8835616438356164,0.7097661623108665,cao2018,S41/080530n,frontal_left,median,median__frontal_left__FP1,2,94,"[0, 1, 3, 4, 7, 8, 13]",7,False,6.215336231645002e-05,-1.0603143114450764e-05,2.4252168476966926e-05,40.0
F3,545,545,332,213,252,0.6091743119266055,0.5684931506849316,0.5881310894596988,cao2018,S41/080530n,frontal_left,median,median__frontal_left__F3,2,94,"[0, 1, 3, 4, 7, 8, 13]",7,False,3.6185660231176344e-05,-3.422984812478882e-06,1.320288168121841e-05,40.0
FP1,659,659,476,183,108,0.7223065250379362,0.815068493150685,0.7658889782783589,cao2018,S41/080530n,frontal_left,mean,mean__frontal_left__FP1,2,94,"[0, 1, 3, 4, 7, 8, 13]",7,False,7.27585327692921e-05,2.0273383913208985e-09,2.4252168476966926e-05,40.0
F3,409,409,271,138,313,0.6625916870415648,0.464041095890411,0.5458207452165157,cao2018,S41/080530n,frontal_left,mean,mean__frontal_left__F3,2,94,"[0, 1, 3, 4, 7, 8, 13]",7,False,3.9613692989678874e-05,5.0479460236468555e-09,1.320288168121841e-05,40.0
FP2,605,605,473,132,111,0.7818181818181819,0.809931506849315,0.7956265769554247,cao2018,S41/080530n,frontal_right,median,median__frontal_right__FP2,2,94,"[0, 1, 2, 3, 4, 5, 6, 7, 8, 9, 10, 11, 12, 13, 14, 30, 65, 72, 84, 88, 89]",21,False,8.004184511525188e-05,-8.527119797901618e-06,2.95229883043845e-05,40.0
F4,274,274,211,63,373,0.7700729927007299,0.3613013698630137,0.4918414918414919,cao2018,S41/080530n,frontal_right,median,median__frontal_right__F4,2,94,"[0, 1, 2, 3, 4, 5, 6, 7, 8, 9, 10, 11, 12, 13, 14, 30, 65, 72, 84, 88, 89]",21,False,4.22825230207149e-05,-2.7247213006370333e-06,1.5002414773783978e-05,40.0
FP2,504,504,427,77,157,0.8472222222222222,0.7311643835616438,0.7849264705882352,cao2018,S41/080530n,frontal_right,mean,mean__frontal_right__FP2,2,94,"[0, 1, 2, 3, 4, 5, 6, 7, 8, 9, 10, 11, 12, 13, 14, 30, 65, 72, 84, 88, 89]",21,False,8.857015370645753e-05,1.1887933040298244e-09,2.95229883043845e-05,40.0
F4,207,207,166,41,418,0.8019323671497585,0.2842465753424658,0.41972187104930475,cao2018,S41/080530n,frontal_right,mean,mean__frontal_right__F4,2,94,"[0, 1, 2, 3, 4, 5, 6, 7, 8, 9, 10, 11, 12, 13, 14, 30, 65, 72, 84, 88, 89]",21,False,4.499296135679161e-05,-1.4282964560319982e-08,1.5002414773783978e-05,40.0
FP2,595,595,470,125,113,0.7899159663865546,0.8061749571183533,0.797962648556876,cao2018,S41/080530n,all_channel,median,median__all_channel__FP2,32,75,"[0, 1, 2, 3, 4, 5, 6, 7, 8, 9, 10, 11, 24, 65, 69, 70, 71]",17,False,8.065467967019474e-05,-8.388096003795064e-06,2.9680925224663266e-05,50.0
FP1,624,624,466,158,117,0.7467948717948718,0.7993138936535163,0.7721623860811931,cao2018,S41/080530n,all_channel,median,median__all_channel__FP1,32,75,"[0, 1, 2, 3, 4, 5, 6, 7, 8, 9, 10, 11, 24, 65, 69, 70, 71]",17,False,7.558455400136559e-05,-7.494978656250135e-06,2.7693177552538573e-05,50.0
F7,418,418,284,134,299,0.6794258373205742,0.48713550600343053,0.5674325674325674,cao2018,S41/080530n,all_channel,median,median__all_channel__F7,32,75,"[0, 1, 2, 3, 4, 5, 6, 7, 8, 9, 10, 11, 24, 65, 69, 70, 71]",17,False,4.340306795904722e-05,-3.2096264906082958e-06,1.553756481655184e-05,50.0
F8,287,287,226,61,357,0.7874564459930313,0.3876500857632933,0.5195402298850574,cao2018,S41/080530n,all_channel,median,median__all_channel__F8,32,75,"[0, 1, 2, 3, 4, 5, 6, 7, 8, 9, 10, 11, 24, 65, 69, 70, 71]",17,False,3.873705124605016e-05,-2.779479238229168e-06,1.3838843494759776e-05,50.0
F3,301,301,217,84,366,0.7209302325581395,0.37221269296740994,0.4909502262443439,cao2018,S41/080530n,all_channel,median,median__all_channel__F3,32,75,"[0, 1, 2, 3, 4, 5, 6, 7, 8, 9, 10, 11, 24, 65, 69, 70, 71]",17,False,4.235387198293252e-05,-2.70115017819405e-06,1.5018340720375524e-05,50.0
F4,273,273,207,66,376,0.7582417582417582,0.35506003430531735,0.48364485981308414,cao2018,S41/080530n,all_channel,median,median__all_channel__F4,32,75,"[0, 1, 2, 3, 4, 5, 6, 7, 8, 9, 10, 11, 24, 65, 69, 70, 71]",17,False,4.244026521208561e-05,-2.665185431302718e-06,1.5035150214462777e-05,50.0
FZ,233,233,157,76,426,0.6738197424892703,0.2692967409948542,0.3848039215686274,cao2018,S41/080530n,all_channel,median,median__all_channel__FZ,32,75,"[0, 1, 2, 3, 4, 5, 6, 7, 8, 9, 10, 11, 24, 65, 69, 70, 71]",17,False,4.298247042379233e-05,-2.3231827692065665e-06,1.5101884397666298e-05,50.0
FT7,194,194,107,87,476,0.5515463917525774,0.1835334476843911,0.27541827541827546,cao2018,S41/080530n,all_channel,median,median__all_channel__FT7,32,75,"[0, 1, 2, 3, 4, 5, 6, 7, 8, 9, 10, 11, 24, 65, 69, 70, 71]",17,False,2.8434559415144862e-05,-1.4037110050590634e-06,9.946090140067974e-06,50.0
FT8,133,133,98,35,485,0.7368421052631579,0.1680960548885077,0.2737430167597765,cao2018,S41/080530n,all_channel,median,median__all_channel__FT8,32,75,"[0, 1, 2, 3, 4, 5, 6, 7, 8, 9, 10, 11, 24, 65, 69, 70, 71]",17,False,2.6654361773550444e-05,-1.281744293867887e-06,9.31203535580611e-06,50.0
FC3,122,122,57,65,526,0.4672131147540984,0.09777015437392796,0.16170212765957445,cao2018,S41/080530n,all_channel,median,median__all_channel__FC3,32,75,"[0, 1, 2, 3, 4, 5, 6, 7, 8, 9, 10, 11, 24, 65, 69, 70, 71]",17,False,3.541879488463934e-05,-1.346045760732436e-06,1.225494688179059e-05,50.0
FC4,118,118,56,62,527,0.4745762711864407,0.09605488850771869,0.15977175463623394,cao2018,S41/080530n,all_channel,median,median__all_channel__FC4,32,75,"[0, 1, 2, 3, 4, 5, 6, 7, 8, 9, 10, 11, 24, 65, 69, 70, 71]",17,False,3.412538814218822e-05,-1.3261785328032813e-06,1.1817188891663833e-05,50.0
T3,83,83,28,55,555,0.3373493975903614,0.048027444253859346,0.08408408408408408,cao2018,S41/080530n,all_channel,median,median__all_channel__T3,32,75,"[0, 1, 2, 3, 4, 5, 6, 7, 8, 9, 10, 11, 24, 65, 69, 70, 71]",17,False,2.2573075501190263e-05,-6.851051780436399e-07,7.752726893077967e-06,50.0
T4,49,49,26,23,557,0.5306122448979592,0.044596912521440824,0.08227848101265824,cao2018,S41/080530n,all_channel,median,median__all_channel__T4,32,75,"[0, 1, 2, 3, 4, 5, 6, 7, 8, 9, 10, 11, 24, 65, 69, 70, 71]",17,False,2.2659866259803338e-05,-6.671309632941773e-07,7.775665741032505e-06,50.0
FCZ,123,123,29,94,554,0.23577235772357724,0.04974271012006861,0.0821529745042493,cao2018,S41/080530n,all_channel,median,median__all_channel__FCZ,32,75,"[0, 1, 2, 3, 4, 5, 6, 7, 8, 9, 10, 11, 24, 65, 69, 70, 71]",17,False,3.711960195779891e-05,-1.0853594566768932e-06,1.27349871381586e-05,50.0
C3,62,62,19,43,564,0.3064516129032258,0.032590051457975985,0.05891472868217054,cao2018,S41/080530n,all_channel,median,median__all_channel__C3,32,75,"[0, 1, 2, 3, 4, 5, 6, 7, 8, 9, 10, 11, 24, 65, 69, 70, 71]",17,False,3.0441181294254232e-05,-8.71691986287285e-07,1.0437624426847172e-05,50.0
C4,47,47,17,30,566,0.3617021276595745,0.029159519725557463,0.05396825396825397,cao2018,S41/080530n,all_channel,median,median__all_channel__C4,32,75,"[0, 1, 2, 3, 4, 5, 6, 7, 8, 9, 10, 11, 24, 65, 69, 70, 71]",17,False,3.023960526246166e-05,-8.340185263239019e-07,1.0357874596261855e-05,50.0
TP8,16,16,5,11,578,0.3125,0.008576329331046312,0.01669449081803005,cao2018,S41/080530n,all_channel,median,median__all_channel__TP8,32,75,"[0, 1, 2, 3, 4, 5, 6, 7, 8, 9, 10, 11, 24, 65, 69, 70, 71]",17,False,2.077927448600246e-05,-2.768646626741478e-07,7.018713049558869e-06,50.0
CZ,81,81,5,76,578,0.06172839506172839,0.008576329331046312,0.015060240963855423,cao2018,S41/080530n,all_channel,median,median__all_channel__CZ,32,75,"[0, 1, 2, 3, 4, 5, 6, 7, 8, 9, 10, 11, 24, 65, 69, 70, 71]",17,False,3.28276925355758e-05,-6.022854596260697e-07,1.1143325998400622e-05,50.0
A1,85,85,4,81,579,0.047058823529411764,0.00686106346483705,0.011976047904191616,cao2018,S41/080530n,all_channel,median,median__all_channel__A1,32,75,"[0, 1, 2, 3, 4, 5, 6, 7, 8, 9, 10, 11, 24, 65, 69, 70, 71]",17,False,7.2261879784226235e-06,-3.208817703001881e-08,2.419425385150881e-06,50.0
TP7,32,32,2,30,581,0.0625,0.003430531732418525,0.006504065040650406,cao2018,S41/080530n,all_channel,median,median__all_channel__TP7,32,75,"[0, 1, 2, 3, 4, 5, 6, 7, 8, 9, 10, 11, 24, 65, 69, 70, 71]",17,False,2.0912348592697018e-05,-3.8049687317376144e-07,7.097615155290261e-06,50.0
A2,69,69,2,67,581,0.028985507246376812,0.003430531732418525,0.0061349693251533735,cao2018,S41/080530n,all_channel,median,median__all_channel__A2,32,75,"[0, 1, 2, 3, 4, 5, 6, 7, 8, 9, 10, 11, 24, 65, 69, 70, 71]",17,False,7.288831784140647e-06,3.211728410876352e-08,2.418904833343961e-06,50.0
PZ,29,29,1,28,582,0.034482758620689655,0.0017152658662092624,0.00326797385620915,cao2018,S41/080530n,all_channel,median,median__all_channel__PZ,32,75,"[0, 1, 2, 3, 4, 5, 6, 7, 8, 9, 10, 11, 24, 65, 69, 70, 71]",17,False,3.053022228974001e-05,-1.3799505312792648e-07,1.0222739114289311e-05,50.0
CP3,30,30,1,29,582,0.03333333333333333,0.0017152658662092624,0.003262642740619902,cao2018,S41/080530n,all_channel,median,median__all_channel__CP3,32,75,"[0, 1, 2, 3, 4, 5, 6, 7, 8, 9, 10, 11, 24, 65, 69, 70, 71]",17,False,2.882420789548554e-05,-4.3367831735334047e-07,9.75262873761296e-06,50.0
P4,16,16,0,16,583,0.0,0.0,0.0,cao2018,S41/080530n,all_channel,median,median__all_channel__P4,32,75,"[0, 1, 2, 3, 4, 5, 6, 7, 8, 9, 10, 11, 24, 65, 69, 70, 71]",17,False,2.7714967343369235e-05,-1.1693029984001286e-07,9.277299214403083e-06,50.0
T5,18,18,0,18,583,0.0,0.0,0.0,cao2018,S41/080530n,all_channel,median,median__all_channel__T5,32,75,"[0, 1, 2, 3, 4, 5, 6, 7, 8, 9, 10, 11, 24, 65, 69, 70, 71]",17,False,2.1224355415337493e-05,-1.3492573477621333e-07,7.119760383371235e-06,50.0
T6,19,19,0,19,583,0.0,0.0,0.0,cao2018,S41/080530n,all_channel,median,median__all_channel__T6,32,75,"[0, 1, 2, 3, 4, 5, 6, 7, 8, 9, 10, 11, 24, 65, 69, 70, 71]",17,False,2.1820318320795942e-05,1.662378467987192e-07,7.218026824665742e-06,50.0
CP4,20,20,0,20,583,0.0,0.0,0.0,cao2018,S41/080530n,all_channel,median,median__all_channel__CP4,32,75,"[0, 1, 2, 3, 4, 5, 6, 7, 8, 9, 10, 11, 24, 65, 69, 70, 71]",17,False,2.90664183142032e-05,-4.057842654091342e-07,9.824067526537443e-06,50.0
O2,20,20,0,20,583,0.0,0.0,0.0,cao2018,S41/080530n,all_channel,median,median__all_channel__O2,32,75,"[0, 1, 2, 3, 4, 5, 6, 7, 8, 9, 10, 11, 24, 65, 69, 70, 71]",17,False,2.171397603841309e-05,2.2362055429220682e-07,7.163451828040294e-06,50.0
OZ,22,22,0,22,583,0.0,0.0,0.0,cao2018,S41/080530n,all_channel,median,median__all_channel__OZ,32,75,"[0, 1, 2, 3, 4, 5, 6, 7, 8, 9, 10, 11, 24, 65, 69, 70, 71]",17,False,2.1378291669389532e-05,2.1537674034356937e-07,7.054304976348654e-06,50.0
P3,24,24,0,24,583,0.0,0.0,0.0,cao2018,S41/080530n,all_channel,median,median__all_channel__P3,32,75,"[0, 1, 2, 3, 4, 5, 6, 7, 8, 9, 10, 11, 24, 65, 69, 70, 71]",17,False,2.7300258154613415e-05,-2.3628379606709994e-07,9.178847316893506e-06,50.0
O1,26,26,0,26,583,0.0,0.0,0.0,cao2018,S41/080530n,all_channel,median,median__all_channel__O1,32,75,"[0, 1, 2, 3, 4, 5, 6, 7, 8, 9, 10, 11, 24, 65, 69, 70, 71]",17,False,2.1854286463629545e-05,2.674169961205343e-07,7.195623155836337e-06,50.0
CPZ,28,28,0,28,583,0.0,0.0,0.0,cao2018,S41/080530n,all_channel,median,median__all_channel__CPZ,32,75,"[0, 1, 2, 3, 4, 5, 6, 7, 8, 9, 10, 11, 24, 65, 69, 70, 71]",17,False,3.10501495502785e-05,-3.0158887193042225e-07,1.045057947406964e-05,50.0
FP2,497,497,426,71,157,0.8571428571428571,0.7307032590051458,0.7888888888888889,cao2018,S41/080530n,all_channel,mean,mean__all_channel__FP2,32,75,"[0, 1, 2, 3, 4, 5, 6, 7, 8, 9, 10, 11, 24, 65, 69, 70, 71]",17,False,8.905670704593278e-05,1.3931371942991707e-08,2.9680925224663266e-05,50.0
FP1,517,517,424,93,159,0.8201160541586073,0.7272727272727273,0.770909090909091,cao2018,S41/080530n,all_channel,mean,mean__all_channel__FP1,32,75,"[0, 1, 2, 3, 4, 5, 6, 7, 8, 9, 10, 11, 24, 65, 69, 70, 71]",17,False,8.309653008060347e-05,1.6997422987738532e-08,2.7693177552538573e-05,50.0
F7,316,316,226,90,357,0.7151898734177216,0.3876500857632933,0.5027808676307007,cao2018,S41/080530n,all_channel,mean,mean__all_channel__F7,32,75,"[0, 1, 2, 3, 4, 5, 6, 7, 8, 9, 10, 11, 24, 65, 69, 70, 71]",17,False,4.6619994521038814e-05,7.300071383298223e-09,1.553756481655184e-05,50.0
F8,216,216,182,34,401,0.8425925925925926,0.31217838765008576,0.4555694618272842,cao2018,S41/080530n,all_channel,mean,mean__all_channel__F8,32,75,"[0, 1, 2, 3, 4, 5, 6, 7, 8, 9, 10, 11, 24, 65, 69, 70, 71]",17,False,4.152129452139967e-05,4.764037120341572e-09,1.3838843494759776e-05,50.0
F3,231,231,174,57,409,0.7532467532467533,0.29845626072041165,0.42751842751842745,cao2018,S41/080530n,all_channel,mean,mean__all_channel__F3,32,75,"[0, 1, 2, 3, 4, 5, 6, 7, 8, 9, 10, 11, 24, 65, 69, 70, 71]",17,False,4.505842864850451e-05,3.4064873779364245e-09,1.5018340720375524e-05,50.0
F4,204,204,162,42,421,0.7941176470588235,0.27787307032590053,0.4116899618805591,cao2018,S41/080530n,all_channel,mean,mean__all_channel__F4,32,75,"[0, 1, 2, 3, 4, 5, 6, 7, 8, 9, 10, 11, 24, 65, 69, 70, 71]",17,False,4.511099827877725e-05,5.54763538892082e-09,1.5035150214462777e-05,50.0
FZ,189,189,132,57,451,0.6984126984126984,0.22641509433962265,0.3419689119170985,cao2018,S41/080530n,all_channel,mean,mean__all_channel__FZ,32,75,"[0, 1, 2, 3, 4, 5, 6, 7, 8, 9, 10, 11, 24, 65, 69, 70, 71]",17,False,4.530701528423668e-05,1.3620912377781744e-09,1.5101884397666298e-05,50.0
FT7,147,147,82,65,501,0.5578231292517006,0.14065180102915953,0.22465753424657534,cao2018,S41/080530n,all_channel,mean,mean__all_channel__FT7,32,75,"[0, 1, 2, 3, 4, 5, 6, 7, 8, 9, 10, 11, 24, 65, 69, 70, 71]",17,False,2.9840596323707813e-05,2.325903503888456e-09,9.946090140067974e-06,50.0
FT8,93,93,71,22,512,0.7634408602150538,0.12178387650085763,0.21005917159763313,cao2018,S41/080530n,all_channel,mean,mean__all_channel__FT8,32,75,"[0, 1, 2, 3, 4, 5, 6, 7, 8, 9, 10, 11, 24, 65, 69, 70, 71]",17,False,2.7937092997387738e-05,9.869299694057697e-10,9.31203535580611e-06,50.0
FC3,104,104,47,57,536,0.4519230769230769,0.08061749571183534,0.13682678311499272,cao2018,S41/080530n,all_channel,mean,mean__all_channel__FC3,32,75,"[0, 1, 2, 3, 4, 5, 6, 7, 8, 9, 10, 11, 24, 65, 69, 70, 71]",17,False,3.676388516886589e-05,-9.554765058749279e-10,1.225494688179059e-05,50.0
FC4,89,89,44,45,539,0.4943820224719101,0.07547169811320754,0.13095238095238093,cao2018,S41/080530n,all_channel,mean,mean__all_channel__FC4,32,75,"[0, 1, 2, 3, 4, 5, 6, 7, 8, 9, 10, 11, 24, 65, 69, 70, 71]",17,False,3.5454412518115434e-05,2.8458431239334117e-09,1.1817188891663833e-05,50.0
FCZ,111,111,26,85,557,0.23423423423423423,0.044596912521440824,0.07492795389048992,cao2018,S41/080530n,all_channel,mean,mean__all_channel__FCZ,32,75,"[0, 1, 2, 3, 4, 5, 6, 7, 8, 9, 10, 11, 24, 65, 69, 70, 71]",17,False,3.820466356152954e-05,-2.9785294626597733e-10,1.27349871381586e-05,50.0
T4,42,42,23,19,560,0.5476190476190477,0.03945111492281304,0.0736,cao2018,S41/080530n,all_channel,mean,mean__all_channel__T4,32,75,"[0, 1, 2, 3, 4, 5, 6, 7, 8, 9, 10, 11, 24, 65, 69, 70, 71]",17,False,2.3329335357201955e-05,2.3381341044399727e-09,7.775665741032505e-06,50.0
T3,60,60,20,40,563,0.3333333333333333,0.03430531732418525,0.06220839813374806,cao2018,S41/080530n,all_channel,mean,mean__all_channel__T3,32,75,"[0, 1, 2, 3, 4, 5, 6, 7, 8, 9, 10, 11, 24, 65, 69, 70, 71]",17,False,2.325950540137867e-05,1.3247221447670755e-09,7.752726893077967e-06,50.0
C3,53,53,15,38,568,0.2830188679245283,0.025728987993138937,0.04716981132075472,cao2018,S41/080530n,all_channel,mean,mean__all_channel__C3,32,75,"[0, 1, 2, 3, 4, 5, 6, 7, 8, 9, 10, 11, 24, 65, 69, 70, 71]",17,False,3.131071897975359e-05,-2.1543007879239875e-09,1.0437624426847172e-05,50.0
C4,37,37,12,25,571,0.32432432432432434,0.02058319039451115,0.03870967741935484,cao2018,S41/080530n,all_channel,mean,mean__all_channel__C4,32,75,"[0, 1, 2, 3, 4, 5, 6, 7, 8, 9, 10, 11, 24, 65, 69, 70, 71]",17,False,3.107644502064014e-05,2.8212318545759916e-09,1.0357874596261855e-05,50.0
TP8,13,13,4,9,579,0.3076923076923077,0.00686106346483705,0.01342281879194631,cao2018,S41/080530n,all_channel,mean,mean__all_channel__TP8,32,75,"[0, 1, 2, 3, 4, 5, 6, 7, 8, 9, 10, 11, 24, 65, 69, 70, 71]",17,False,2.1056778053485846e-05,6.389048092405328e-10,7.018713049558869e-06,50.0
CZ,76,76,4,72,579,0.05263157894736842,0.00686106346483705,0.012139605462822459,cao2018,S41/080530n,all_channel,mean,mean__all_channel__CZ,32,75,"[0, 1, 2, 3, 4, 5, 6, 7, 8, 9, 10, 11, 24, 65, 69, 70, 71]",17,False,3.3428841933127354e-05,-1.1360620745120298e-09,1.1143325998400622e-05,50.0
A1,85,85,4,81,579,0.047058823529411764,0.00686106346483705,0.011976047904191616,cao2018,S41/080530n,all_channel,mean,mean__all_channel__A1,32,75,"[0, 1, 2, 3, 4, 5, 6, 7, 8, 9, 10, 11, 24, 65, 69, 70, 71]",17,False,7.257570038165483e-06,-7.061172871590831e-10,2.419425385150881e-06,50.0
A2,72,72,3,69,580,0.041666666666666664,0.005145797598627788,0.00916030534351145,cao2018,S41/080530n,all_channel,mean,mean__all_channel__A2,32,75,"[0, 1, 2, 3, 4, 5, 6, 7, 8, 9, 10, 11, 24, 65, 69, 70, 71]",17,False,7.257393197627501e-06,6.786975956174615e-10,2.418904833343961e-06,50.0
TP7,29,29,2,27,581,0.06896551724137931,0.003430531732418525,0.0065359477124183,cao2018,S41/080530n,all_channel,mean,mean__all_channel__TP7,32,75,"[0, 1, 2, 3, 4, 5, 6, 7, 8, 9, 10, 11, 24, 65, 69, 70, 71]",17,False,2.129087768552463e-05,-1.9677803461524832e-09,7.097615155290261e-06,50.0
CP3,27,27,1,26,582,0.037037037037037035,0.0017152658662092624,0.003278688524590164,cao2018,S41/080530n,all_channel,mean,mean__all_channel__CP3,32,75,"[0, 1, 2, 3, 4, 5, 6, 7, 8, 9, 10, 11, 24, 65, 69, 70, 71]",17,False,2.9250458388681077e-05,-7.427824157802921e-09,9.75262873761296e-06,50.0
PZ,29,29,1,28,582,0.034482758620689655,0.0017152658662092624,0.00326797385620915,cao2018,S41/080530n,all_channel,mean,mean__all_channel__PZ,32,75,"[0, 1, 2, 3, 4, 5, 6, 7, 8, 9, 10, 11, 24, 65, 69, 70, 71]",17,False,3.0656262109847545e-05,-1.1955233020387344e-08,1.0222739114289311e-05,50.0
P4,16,16,0,16,583,0.0,0.0,0.0,cao2018,S41/080530n,all_channel,mean,mean__all_channel__P4,32,75,"[0, 1, 2, 3, 4, 5, 6, 7, 8, 9, 10, 11, 24, 65, 69, 70, 71]",17,False,2.7831216360126272e-05,-6.812830829736546e-10,9.277299214403083e-06,50.0
T5,17,17,0,17,583,0.0,0.0,0.0,cao2018,S41/080530n,all_channel,mean,mean__all_channel__T5,32,75,"[0, 1, 2, 3, 4, 5, 6, 7, 8, 9, 10, 11, 24, 65, 69, 70, 71]",17,False,2.1351110587480128e-05,-8.170562633578372e-09,7.119760383371235e-06,50.0
CP4,19,19,0,19,583,0.0,0.0,0.0,cao2018,S41/080530n,all_channel,mean,mean__all_channel__CP4,32,75,"[0, 1, 2, 3, 4, 5, 6, 7, 8, 9, 10, 11, 24, 65, 69, 70, 71]",17,False,2.9472693265378096e-05,4.906857657651278e-10,9.824067526537443e-06,50.0
T6,20,20,0,20,583,0.0,0.0,0.0,cao2018,S41/080530n,all_channel,mean,mean__all_channel__T6,32,75,"[0, 1, 2, 3, 4, 5, 6, 7, 8, 9, 10, 11, 24, 65, 69, 70, 71]",17,False,2.165024227994869e-05,-3.838194048534591e-09,7.218026824665742e-06,50.0
O2,21,21,0,21,583,0.0,0.0,0.0,cao2018,S41/080530n,all_channel,mean,mean__all_channel__O2,32,75,"[0, 1, 2, 3, 4, 5, 6, 7, 8, 9, 10, 11, 24, 65, 69, 70, 71]",17,False,2.148014545880475e-05,-1.021002531613103e-08,7.163451828040294e-06,50.0
P3,22,22,0,22,583,0.0,0.0,0.0,cao2018,S41/080530n,all_channel,mean,mean__all_channel__P3,32,75,"[0, 1, 2, 3, 4, 5, 6, 7, 8, 9, 10, 11, 24, 65, 69, 70, 71]",17,False,2.7526911470589722e-05,-9.630480090791303e-09,9.178847316893506e-06,50.0
OZ,25,25,0,25,583,0.0,0.0,0.0,cao2018,S41/080530n,all_channel,mean,mean__all_channel__OZ,32,75,"[0, 1, 2, 3, 4, 5, 6, 7, 8, 9, 10, 11, 24, 65, 69, 70, 71]",17,False,2.114771804753001e-05,-1.519688151595044e-08,7.054304976348654e-06,50.0
CPZ,27,27,0,27,583,0.0,0.0,0.0,cao2018,S41/080530n,all_channel,mean,mean__all_channel__CPZ,32,75,"[0, 1, 2, 3, 4, 5, 6, 7, 8, 9, 10, 11, 24, 65, 69, 70, 71]",17,False,3.134590501167777e-05,-5.833410531153754e-09,1.045057947406964e-05,50.0
O1,28,28,0,28,583,0.0,0.0,0.0,cao2018,S41/080530n,all_channel,mean,mean__all_channel__O1,32,75,"[0, 1, 2, 3, 4, 5, 6, 7, 8, 9, 10, 11, 24, 65, 69, 70, 71]",17,False,2.1571410544143553e-05,-1.5458923365457257e-08,7.195623155836337e-06,50.0
FP2,606,606,472,134,111,0.7788778877887789,0.8096054888507719,0.7939444911690495,cao2018,S41/080530n,frontal,median,median__frontal__FP2,4,75,"[0, 1, 2, 3, 4, 5, 6, 7, 8, 9, 10, 11, 24, 65, 70, 71]",16,False,7.987375538677849e-05,-8.919044871157375e-06,2.9597600085978624e-05,50.0
FP1,633,633,468,165,115,0.7393364928909952,0.8027444253859348,0.7697368421052633,cao2018,S41/080530n,frontal,median,median__frontal__FP1,4,75,"[0, 1, 2, 3, 4, 5, 6, 7, 8, 9, 10, 11, 24, 65, 70, 71]",16,False,7.498459373408849e-05,-8.031540027721483e-06,2.767204458726999e-05,50.0
F3,317,317,225,92,358,0.7097791798107256,0.38593481989708406,0.5,cao2018,S41/080530n,frontal,median,median__frontal__F3,4,75,"[0, 1, 2, 3, 4, 5, 6, 7, 8, 9, 10, 11, 24, 65, 70, 71]",16,False,4.1963594397316094e-05,-2.8071501704445617e-06,1.4923581522586886e-05,50.0
F4,278,278,211,67,372,0.7589928057553957,0.36192109777015435,0.49012775842044126,cao2018,S41/080530n,frontal,median,median__frontal__F4,4,75,"[0, 1, 2, 3, 4, 5, 6, 7, 8, 9, 10, 11, 24, 65, 70, 71]",16,False,4.2052267837460784e-05,-2.810368624314057e-06,1.4954212153924948e-05,50.0
FP2,499,499,427,72,156,0.8557114228456913,0.7324185248713551,0.789279112754159,cao2018,S41/080530n,frontal,mean,mean__frontal__FP2,4,75,"[0, 1, 2, 3, 4, 5, 6, 7, 8, 9, 10, 11, 24, 65, 70, 71]",16,False,8.880849709886581e-05,1.569684092993983e-08,2.9597600085978624e-05,50.0
FP1,519,519,425,94,158,0.8188824662813102,0.7289879931389366,0.7713248638838476,cao2018,S41/080530n,frontal,mean,mean__frontal__FP1,4,75,"[0, 1, 2, 3, 4, 5, 6, 7, 8, 9, 10, 11, 24, 65, 70, 71]",16,False,8.30353208920343e-05,1.9187130224335528e-08,2.767204458726999e-05,50.0
F3,239,239,177,62,406,0.7405857740585774,0.30360205831903947,0.43065693430656937,cao2018,S41/080530n,frontal,mean,mean__frontal__F3,4,75,"[0, 1, 2, 3, 4, 5, 6, 7, 8, 9, 10, 11, 24, 65, 70, 71]",16,False,4.477479489751652e-05,4.0503297558599476e-09,1.4923581522586886e-05,50.0
F4,208,208,166,42,417,0.7980769230769231,0.2847341337907376,0.4197218710493047,cao2018,S41/080530n,frontal,mean,mean__frontal__F4,4,75,"[0, 1, 2, 3, 4, 5, 6, 7, 8, 9, 10, 11, 24, 65, 70, 71]",16,False,4.4869884260180954e-05,7.24779840611385e-09,1.4954212153924948e-05,50.0
FP1,766,766,497,269,86,0.6488250652741514,0.8524871355060034,0.7368421052631579,cao2018,S41/080530n,frontal_left,median,median__frontal_left__FP1,2,75,"[0, 1, 2, 3, 5, 6, 7, 8, 10]",9,False,6.702221132946049e-05,-1.0715631461247728e-05,2.5912614263569407e-05,50.0
F3,464,464,297,167,286,0.6400862068965517,0.5094339622641509,0.5673352435530086,cao2018,S41/080530n,frontal_left,median,median__frontal_left__F3,2,75,"[0, 1, 2, 3, 5, 6, 7, 8, 10]",9,False,3.7820823139441056e-05,-3.445963299711632e-06,1.3755595479717561e-05,50.0
FP1,584,584,448,136,135,0.7671232876712328,0.7684391080617495,0.7677806341045416,cao2018,S41/080530n,frontal_left,mean,mean__frontal_left__FP1,2,75,"[0, 1, 2, 3, 5, 6, 7, 8, 10]",9,False,7.775909594751617e-05,2.1253156807935543e-08,2.5912614263569407e-05,50.0
F3,353,353,246,107,337,0.6968838526912181,0.4219554030874786,0.5256410256410255,cao2018,S41/080530n,frontal_left,mean,mean__frontal_left__F3,2,75,"[0, 1, 2, 3, 5, 6, 7, 8, 10]",9,False,4.127735119903959e-05,1.056475988690215e-08,1.3755595479717561e-05,50.0
FP2,606,606,472,134,111,0.7788778877887789,0.8096054888507719,0.7939444911690495,cao2018,S41/080530n,frontal_right,median,median__frontal_right__FP2,2,75,"[0, 1, 2, 3, 4, 5, 6, 7, 8, 9, 10, 11, 24, 65, 70, 71]",16,False,7.987375538677849e-05,-8.919044871157375e-06,2.9597600085978624e-05,50.0
F4,278,278,211,67,372,0.7589928057553957,0.36192109777015435,0.49012775842044126,cao2018,S41/080530n,frontal_right,median,median__frontal_right__F4,2,75,"[0, 1, 2, 3, 4, 5, 6, 7, 8, 9, 10, 11, 24, 65, 70, 71]",16,False,4.2052267837460784e-05,-2.810368624314057e-06,1.4954212153924948e-05,50.0
FP2,499,499,427,72,156,0.8557114228456913,0.7324185248713551,0.789279112754159,cao2018,S41/080530n,frontal_right,mean,mean__frontal_right__FP2,2,75,"[0, 1, 2, 3, 4, 5, 6, 7, 8, 9, 10, 11, 24, 65, 70, 71]",16,False,8.880849709886581e-05,1.569684092993983e-08,2.9597600085978624e-05,50.0
F4,208,208,166,42,417,0.7980769230769231,0.2847341337907376,0.4197218710493047,cao2018,S41/080530n,frontal_right,mean,mean__frontal_right__F4,2,75,"[0, 1, 2, 3, 4, 5, 6, 7, 8, 9, 10, 11, 24, 65, 70, 71]",16,False,4.4869884260180954e-05,7.24779840611385e-09,1.4954212153924948e-05,50.0
FP2,590,590,467,123,114,0.7915254237288135,0.8037865748709122,0.7976088812980359,cao2018,S41/080530n,all_channel,median,median__all_channel__FP2,32,62,"[0, 1, 2, 3, 4, 5, 6, 7, 8, 9, 33, 40, 54, 56, 59, 60]",16,False,8.116103415216081e-05,-7.184487850974417e-06,2.9448507334378406e-05,60.0
FP1,595,595,455,140,126,0.7647058823529411,0.7831325301204819,0.7738095238095238,cao2018,S41/080530n,all_channel,median,median__all_channel__FP1,32,62,"[0, 1, 2, 3, 4, 5, 6, 7, 8, 9, 33, 40, 54, 56, 59, 60]",16,False,7.696072225184828e-05,-6.335553667266412e-06,2.7765425306371565e-05,60.0
F7,363,363,252,111,329,0.6942148760330579,0.43373493975903615,0.5338983050847458,cao2018,S41/080530n,all_channel,median,median__all_channel__F7,32,62,"[0, 1, 2, 3, 4, 5, 6, 7, 8, 9, 33, 40, 54, 56, 59, 60]",16,False,4.5003395593837266e-05,-2.8681122886364053e-06,1.595716929415789e-05,60.0
F8,277,277,219,58,362,0.7906137184115524,0.3769363166953528,0.5104895104895104,cao2018,S41/080530n,all_channel,median,median__all_channel__F8,32,62,"[0, 1, 2, 3, 4, 5, 6, 7, 8, 9, 33, 40, 54, 56, 59, 60]",16,False,3.925830578252859e-05,-2.5385174367139874e-06,1.3932274406414193e-05,60.0
F4,247,247,194,53,387,0.7854251012145749,0.33390705679862304,0.4685990338164251,cao2018,S41/080530n,all_channel,median,median__all_channel__F4,32,62,"[0, 1, 2, 3, 4, 5, 6, 7, 8, 9, 33, 40, 54, 56, 59, 60]",16,False,4.342589957050122e-05,-2.404070863196052e-06,1.5276656811232424e-05,60.0
F3,259,259,192,67,389,0.7413127413127413,0.3304647160068847,0.4571428571428572,cao2018,S41/080530n,all_channel,median,median__all_channel__F3,32,62,"[0, 1, 2, 3, 4, 5, 6, 7, 8, 9, 33, 40, 54, 56, 59, 60]",16,False,4.392215450257347e-05,-2.450985287961288e-06,1.5457713263511586e-05,60.0
FZ,210,210,146,64,435,0.6952380952380952,0.2512908777969019,0.36915297092288246,cao2018,S41/080530n,all_channel,median,median__all_channel__FZ,32,62,"[0, 1, 2, 3, 4, 5, 6, 7, 8, 9, 33, 40, 54, 56, 59, 60]",16,False,4.4091581600430056e-05,-2.15113871048555e-06,1.5414240103638535e-05,60.0
FT8,113,113,83,30,498,0.7345132743362832,0.14285714285714285,0.23919308357348706,cao2018,S41/080530n,all_channel,median,median__all_channel__FT8,32,62,"[0, 1, 2, 3, 4, 5, 6, 7, 8, 9, 33, 40, 54, 56, 59, 60]",16,False,2.7112871637738062e-05,-1.1807754057102528e-06,9.431215681149439e-06,60.0
FT7,159,159,84,75,497,0.5283018867924528,0.14457831325301204,0.227027027027027,cao2018,S41/080530n,all_channel,median,median__all_channel__FT7,32,62,"[0, 1, 2, 3, 4, 5, 6, 7, 8, 9, 33, 40, 54, 56, 59, 60]",16,False,2.942269646321466e-05,-1.277099432059748e-06,1.0233265298424801e-05,60.0
FC4,98,98,48,50,533,0.4897959183673469,0.08261617900172118,0.14138438880706924,cao2018,S41/080530n,all_channel,median,median__all_channel__FC4,32,62,"[0, 1, 2, 3, 4, 5, 6, 7, 8, 9, 33, 40, 54, 56, 59, 60]",16,False,3.49447186251244e-05,-1.237505041119288e-06,1.206074122208123e-05,60.0
FC3,108,108,46,62,535,0.42592592592592593,0.07917383820998279,0.1335268505079826,cao2018,S41/080530n,all_channel,median,median__all_channel__FC3,32,62,"[0, 1, 2, 3, 4, 5, 6, 7, 8, 9, 33, 40, 54, 56, 59, 60]",16,False,3.659305145349169e-05,-1.2287089912928645e-06,1.260725348159485e-05,60.0
T4,48,48,26,22,555,0.5416666666666666,0.04475043029259897,0.08267090620031797,cao2018,S41/080530n,all_channel,median,median__all_channel__T4,32,62,"[0, 1, 2, 3, 4, 5, 6, 7, 8, 9, 33, 40, 54, 56, 59, 60]",16,False,2.3067767532203624e-05,-5.877569016197532e-07,7.88517481127446e-06,60.0
FCZ,111,111,26,85,555,0.23423423423423423,0.04475043029259897,0.07514450867052024,cao2018,S41/080530n,all_channel,median,median__all_channel__FCZ,32,62,"[0, 1, 2, 3, 4, 5, 6, 7, 8, 9, 33, 40, 54, 56, 59, 60]",16,False,3.817003437860409e-05,-1.0514445958718132e-06,1.30738263248253e-05,60.0
T3,57,57,18,39,563,0.3157894736842105,0.03098106712564544,0.056426332288401264,cao2018,S41/080530n,all_channel,median,median__all_channel__T3,32,62,"[0, 1, 2, 3, 4, 5, 6, 7, 8, 9, 33, 40, 54, 56, 59, 60]",16,False,2.3331603858751384e-05,-6.267339630725605e-07,7.986112607274648e-06,60.0
C3,53,53,15,38,566,0.2830188679245283,0.025817555938037865,0.0473186119873817,cao2018,S41/080530n,all_channel,median,median__all_channel__C3,32,62,"[0, 1, 2, 3, 4, 5, 6, 7, 8, 9, 33, 40, 54, 56, 59, 60]",16,False,3.144851317409761e-05,-8.219234318853221e-07,1.0756812201994313e-05,60.0
C4,39,39,13,26,568,0.3333333333333333,0.022375215146299483,0.04193548387096774,cao2018,S41/080530n,all_channel,median,median__all_channel__C4,32,62,"[0, 1, 2, 3, 4, 5, 6, 7, 8, 9, 33, 40, 54, 56, 59, 60]",16,False,3.113388908848991e-05,-7.730730351797644e-07,1.0635654041223225e-05,60.0
TP8,11,11,3,8,578,0.2727272727272727,0.0051635111876075735,0.010135135135135136,cao2018,S41/080530n,all_channel,median,median__all_channel__TP8,32,62,"[0, 1, 2, 3, 4, 5, 6, 7, 8, 9, 33, 40, 54, 56, 59, 60]",16,False,2.1423709206852186e-05,-2.4890338933057904e-07,7.224204198727587e-06,60.0
TP7,24,24,2,22,579,0.08333333333333333,0.0034423407917383822,0.006611570247933884,cao2018,S41/080530n,all_channel,median,median__all_channel__TP7,32,62,"[0, 1, 2, 3, 4, 5, 6, 7, 8, 9, 33, 40, 54, 56, 59, 60]",16,False,2.1636509206543827e-05,-3.462569534046934e-07,7.3275887199828405e-06,60.0
A2,62,62,2,60,579,0.03225806451612903,0.0034423407917383822,0.006220839813374806,cao2018,S41/080530n,all_channel,median,median__all_channel__A2,32,62,"[0, 1, 2, 3, 4, 5, 6, 7, 8, 9, 33, 40, 54, 56, 59, 60]",16,False,7.471480122707601e-06,3.32058971719687e-08,2.4794247418452108e-06,60.0
CZ,71,71,2,69,579,0.028169014084507043,0.0034423407917383822,0.006134969325153374,cao2018,S41/080530n,all_channel,median,median__all_channel__CZ,32,62,"[0, 1, 2, 3, 4, 5, 6, 7, 8, 9, 33, 40, 54, 56, 59, 60]",16,False,3.374926839583507e-05,-6.000525044531877e-07,1.1449773633429418e-05,60.0
A1,82,82,2,80,579,0.024390243902439025,0.0034423407917383822,0.006033182503770739,cao2018,S41/080530n,all_channel,median,median__all_channel__A1,32,62,"[0, 1, 2, 3, 4, 5, 6, 7, 8, 9, 33, 40, 54, 56, 59, 60]",16,False,7.400846025130414e-06,-3.277847225791931e-08,2.477874832462778e-06,60.0
OZ,15,15,0,15,581,0.0,0.0,0.0,cao2018,S41/080530n,all_channel,median,median__all_channel__OZ,32,62,"[0, 1, 2, 3, 4, 5, 6, 7, 8, 9, 33, 40, 54, 56, 59, 60]",16,False,2.196844859642187e-05,2.2850030172310604e-07,7.246649431566255e-06,60.0
P4,15,15,0,15,581,0.0,0.0,0.0,cao2018,S41/080530n,all_channel,median,median__all_channel__P4,32,62,"[0, 1, 2, 3, 4, 5, 6, 7, 8, 9, 33, 40, 54, 56, 59, 60]",16,False,2.8631999932572064e-05,-9.70768346687615e-08,9.576358922413608e-06,60.0
T6,16,16,0,16,581,0.0,0.0,0.0,cao2018,S41/080530n,all_channel,median,median__all_channel__T6,32,62,"[0, 1, 2, 3, 4, 5, 6, 7, 8, 9, 33, 40, 54, 56, 59, 60]",16,False,2.256000213040376e-05,1.6499885393300804e-07,7.465001092156918e-06,60.0
T5,17,17,0,17,581,0.0,0.0,0.0,cao2018,S41/080530n,all_channel,median,median__all_channel__T5,32,62,"[0, 1, 2, 3, 4, 5, 6, 7, 8, 9, 33, 40, 54, 56, 59, 60]",16,False,2.1822056269764166e-05,-9.762427451721415e-08,7.306560181427127e-06,60.0
CP4,18,18,0,18,581,0.0,0.0,0.0,cao2018,S41/080530n,all_channel,median,median__all_channel__CP4,32,62,"[0, 1, 2, 3, 4, 5, 6, 7, 8, 9, 33, 40, 54, 56, 59, 60]",16,False,2.9946811320375436e-05,-3.7406277306545913e-07,1.0106958031146965e-05,60.0
O1,18,18,0,18,581,0.0,0.0,0.0,cao2018,S41/080530n,all_channel,median,median__all_channel__O1,32,62,"[0, 1, 2, 3, 4, 5, 6, 7, 8, 9, 33, 40, 54, 56, 59, 60]",16,False,2.253479054893499e-05,2.589472154145391e-07,7.425281111173484e-06,60.0
O2,18,18,0,18,581,0.0,0.0,0.0,cao2018,S41/080530n,all_channel,median,median__all_channel__O2,32,62,"[0, 1, 2, 3, 4, 5, 6, 7, 8, 9, 33, 40, 54, 56, 59, 60]",16,False,2.2160315651956424e-05,2.2432439848150144e-07,7.31199708449164e-06,60.0
P3,22,22,0,22,581,0.0,0.0,0.0,cao2018,S41/080530n,all_channel,median,median__all_channel__P3,32,62,"[0, 1, 2, 3, 4, 5, 6, 7, 8, 9, 33, 40, 54, 56, 59, 60]",16,False,2.8259799211621486e-05,-2.1179574567777467e-07,9.490531652433087e-06,60.0
PZ,23,23,0,23,581,0.0,0.0,0.0,cao2018,S41/080530n,all_channel,median,median__all_channel__PZ,32,62,"[0, 1, 2, 3, 4, 5, 6, 7, 8, 9, 33, 40, 54, 56, 59, 60]",16,False,3.136101602537837e-05,-1.199785549601401e-07,1.0493664860112838e-05,60.0
CP3,25,25,0,25,581,0.0,0.0,0.0,cao2018,S41/080530n,all_channel,median,median__all_channel__CP3,32,62,"[0, 1, 2, 3, 4, 5, 6, 7, 8, 9, 33, 40, 54, 56, 59, 60]",16,False,2.965643090300496e-05,-4.148103876011678e-07,1.002374709686871e-05,60.0
CPZ,26,26,0,26,581,0.0,0.0,0.0,cao2018,S41/080530n,all_channel,median,median__all_channel__CPZ,32,62,"[0, 1, 2, 3, 4, 5, 6, 7, 8, 9, 33, 40, 54, 56, 59, 60]",16,False,3.197575579818834e-05,-2.953080788062135e-07,1.075702129233152e-05,60.0
FP2,501,501,428,73,153,0.8542914171656687,0.7366609294320138,0.7911275415896488,cao2018,S41/080530n,all_channel,mean,mean__all_channel__FP2,32,62,"[0, 1, 2, 3, 4, 5, 6, 7, 8, 9, 33, 40, 54, 56, 59, 60]",16,False,8.834523288019227e-05,-2.8912294295562644e-10,2.9448507334378406e-05,60.0
FP1,509,509,420,89,161,0.825147347740668,0.7228915662650602,0.7706422018348624,cao2018,S41/080530n,all_channel,mean,mean__all_channel__FP1,32,62,"[0, 1, 2, 3, 4, 5, 6, 7, 8, 9, 33, 40, 54, 56, 59, 60]",16,False,8.32921540239944e-05,-4.12189512028562e-09,2.7765425306371565e-05,60.0
F7,278,278,210,68,371,0.7553956834532374,0.3614457831325301,0.4889406286379511,cao2018,S41/080530n,all_channel,mean,mean__all_channel__F7,32,62,"[0, 1, 2, 3, 4, 5, 6, 7, 8, 9, 33, 40, 54, 56, 59, 60]",16,False,4.786543754730496e-05,-6.070335168709878e-09,1.595716929415789e-05,60.0
F8,213,213,179,34,402,0.8403755868544601,0.3080895008605852,0.45088161209068006,cao2018,S41/080530n,all_channel,mean,mean__all_channel__F8,32,62,"[0, 1, 2, 3, 4, 5, 6, 7, 8, 9, 33, 40, 54, 56, 59, 60]",16,False,4.1793356972982164e-05,-3.466246260420591e-09,1.3932274406414193e-05,60.0
F3,190,190,154,36,427,0.8105263157894737,0.26506024096385544,0.39948119325551235,cao2018,S41/080530n,all_channel,mean,mean__all_channel__F3,32,62,"[0, 1, 2, 3, 4, 5, 6, 7, 8, 9, 33, 40, 54, 56, 59, 60]",16,False,4.6362768159574565e-05,-1.0371630960195315e-08,1.5457713263511586e-05,60.0
F4,190,190,151,39,430,0.7947368421052632,0.25989672977624784,0.39169909208819714,cao2018,S41/080530n,all_channel,mean,mean__all_channel__F4,32,62,"[0, 1, 2, 3, 4, 5, 6, 7, 8, 9, 33, 40, 54, 56, 59, 60]",16,False,4.582674773815704e-05,-3.2226955402311408e-09,1.5276656811232424e-05,60.0
FZ,170,170,118,52,463,0.6941176470588235,0.20309810671256454,0.3142476697736351,cao2018,S41/080530n,all_channel,mean,mean__all_channel__FZ,32,62,"[0, 1, 2, 3, 4, 5, 6, 7, 8, 9, 33, 40, 54, 56, 59, 60]",16,False,4.6235639783363535e-05,-7.080527552071203e-09,1.5414240103638535e-05,60.0
FT8,86,86,66,20,515,0.7674418604651163,0.11359724612736662,0.19790104947526235,cao2018,S41/080530n,all_channel,mean,mean__all_channel__FT8,32,62,"[0, 1, 2, 3, 4, 5, 6, 7, 8, 9, 33, 40, 54, 56, 59, 60]",16,False,2.829066779861024e-05,-2.9792448380780196e-09,9.431215681149439e-06,60.0
FT7,116,116,66,50,515,0.5689655172413793,0.11359724612736662,0.18938307030129123,cao2018,S41/080530n,all_channel,mean,mean__all_channel__FT7,32,62,"[0, 1, 2, 3, 4, 5, 6, 7, 8, 9, 33, 40, 54, 56, 59, 60]",16,False,3.0696811215787726e-05,-2.9846794866807286e-09,1.0233265298424801e-05,60.0
FC4,83,83,41,42,540,0.4939759036144578,0.07056798623063683,0.12349397590361445,cao2018,S41/080530n,all_channel,mean,mean__all_channel__FC4,32,62,"[0, 1, 2, 3, 4, 5, 6, 7, 8, 9, 33, 40, 54, 56, 59, 60]",16,False,3.617642295087083e-05,-5.8007153728550925e-09,1.206074122208123e-05,60.0
FC3,96,96,38,58,543,0.3958333333333333,0.06540447504302926,0.11225997045790252,cao2018,S41/080530n,all_channel,mean,mean__all_channel__FC3,32,62,"[0, 1, 2, 3, 4, 5, 6, 7, 8, 9, 33, 40, 54, 56, 59, 60]",16,False,3.781345450204007e-05,-8.30594274448705e-09,1.260725348159485e-05,60.0
T4,38,38,21,17,560,0.5526315789473685,0.03614457831325301,0.0678513731825525,cao2018,S41/080530n,all_channel,mean,mean__all_channel__T4,32,62,"[0, 1, 2, 3, 4, 5, 6, 7, 8, 9, 33, 40, 54, 56, 59, 60]",16,False,2.365227621404402e-05,-3.2482197793574267e-09,7.88517481127446e-06,60.0
FCZ,101,101,20,81,561,0.19801980198019803,0.03442340791738382,0.058651026392961866,cao2018,S41/080530n,all_channel,mean,mean__all_channel__FCZ,32,62,"[0, 1, 2, 3, 4, 5, 6, 7, 8, 9, 33, 40, 54, 56, 59, 60]",16,False,3.921683010362277e-05,-4.648870853134737e-09,1.30738263248253e-05,60.0
T3,46,46,15,31,566,0.32608695652173914,0.025817555938037865,0.04784688995215311,cao2018,S41/080530n,all_channel,mean,mean__all_channel__T3,32,62,"[0, 1, 2, 3, 4, 5, 6, 7, 8, 9, 33, 40, 54, 56, 59, 60]",16,False,2.396075499606803e-05,2.4171742440857644e-09,7.986112607274648e-06,60.0
C3,47,47,12,35,569,0.2553191489361702,0.020654044750430294,0.03821656050955414,cao2018,S41/080530n,all_channel,mean,mean__all_channel__C3,32,62,"[0, 1, 2, 3, 4, 5, 6, 7, 8, 9, 33, 40, 54, 56, 59, 60]",16,False,3.2265083767487816e-05,-5.3528384951187524e-09,1.0756812201994313e-05,60.0
C4,34,34,7,27,574,0.20588235294117646,0.012048192771084338,0.02276422764227642,cao2018,S41/080530n,all_channel,mean,mean__all_channel__C4,32,62,"[0, 1, 2, 3, 4, 5, 6, 7, 8, 9, 33, 40, 54, 56, 59, 60]",16,False,3.190174035792228e-05,-5.221765747401309e-09,1.0635654041223225e-05,60.0
TP8,11,11,3,8,578,0.2727272727272727,0.0051635111876075735,0.010135135135135136,cao2018,S41/080530n,all_channel,mean,mean__all_channel__TP8,32,62,"[0, 1, 2, 3, 4, 5, 6, 7, 8, 9, 33, 40, 54, 56, 59, 60]",16,False,2.1666121615447045e-05,-6.4909807357185295e-09,7.224204198727587e-06,60.0
A2,62,62,2,60,579,0.03225806451612903,0.0034423407917383822,0.006220839813374806,cao2018,S41/080530n,all_channel,mean,mean__all_channel__A2,32,62,"[0, 1, 2, 3, 4, 5, 6, 7, 8, 9, 33, 40, 54, 56, 59, 60]",16,False,7.4355759790065855e-06,-2.698246529046987e-09,2.4794247418452108e-06,60.0
CZ,66,66,2,64,579,0.030303030303030304,0.0034423407917383822,0.0061823802163833074,cao2018,S41/080530n,all_channel,mean,mean__all_channel__CZ,32,62,"[0, 1, 2, 3, 4, 5, 6, 7, 8, 9, 33, 40, 54, 56, 59, 60]",16,False,3.434596534174848e-05,-3.3555585397749465e-09,1.1449773633429418e-05,60.0
A1,81,81,2,79,579,0.024691358024691357,0.0034423407917383822,0.006042296072507553,cao2018,S41/080530n,all_channel,mean,mean__all_channel__A1,32,62,"[0, 1, 2, 3, 4, 5, 6, 7, 8, 9, 33, 40, 54, 56, 59, 60]",16,False,7.43631658808904e-06,2.692090700706436e-09,2.477874832462778e-06,60.0
TP7,20,20,1,19,580,0.05,0.0017211703958691911,0.0033277870216306157,cao2018,S41/080530n,all_channel,mean,mean__all_channel__TP7,32,62,"[0, 1, 2, 3, 4, 5, 6, 7, 8, 9, 33, 40, 54, 56, 59, 60]",16,False,2.1987527292780126e-05,4.761132831606025e-09,7.3275887199828405e-06,60.0
P4,15,15,0,15,581,0.0,0.0,0.0,cao2018,S41/080530n,all_channel,mean,mean__all_channel__P4,32,62,"[0, 1, 2, 3, 4, 5, 6, 7, 8, 9, 33, 40, 54, 56, 59, 60]",16,False,2.872712354367994e-05,-1.9532235608851045e-09,9.576358922413608e-06,60.0
OZ,17,17,0,17,581,0.0,0.0,0.0,cao2018,S41/080530n,all_channel,mean,mean__all_channel__OZ,32,62,"[0, 1, 2, 3, 4, 5, 6, 7, 8, 9, 33, 40, 54, 56, 59, 60]",16,False,2.1740227018799852e-05,2.7872410108831637e-10,7.246649431566255e-06,60.0
T5,17,17,0,17,581,0.0,0.0,0.0,cao2018,S41/080530n,all_channel,mean,mean__all_channel__T5,32,62,"[0, 1, 2, 3, 4, 5, 6, 7, 8, 9, 33, 40, 54, 56, 59, 60]",16,False,2.19255399742075e-05,5.859429926119243e-09,7.306560181427127e-06,60.0
T6,17,17,0,17,581,0.0,0.0,0.0,cao2018,S41/080530n,all_channel,mean,mean__all_channel__T6,32,62,"[0, 1, 2, 3, 4, 5, 6, 7, 8, 9, 33, 40, 54, 56, 59, 60]",16,False,2.2387291758163105e-05,-7.711518307648828e-09,7.465001092156918e-06,60.0
CP4,18,18,0,18,581,0.0,0.0,0.0,cao2018,S41/080530n,all_channel,mean,mean__all_channel__CP4,32,62,"[0, 1, 2, 3, 4, 5, 6, 7, 8, 9, 33, 40, 54, 56, 59, 60]",16,False,3.0316477566686415e-05,-4.396526754481717e-09,1.0106958031146965e-05,60.0
O2,19,19,0,19,581,0.0,0.0,0.0,cao2018,S41/080530n,all_channel,mean,mean__all_channel__O2,32,62,"[0, 1, 2, 3, 4, 5, 6, 7, 8, 9, 33, 40, 54, 56, 59, 60]",16,False,2.193213816873993e-05,-3.8530847349892944e-09,7.31199708449164e-06,60.0
P3,21,21,0,21,581,0.0,0.0,0.0,cao2018,S41/080530n,all_channel,mean,mean__all_channel__P3,32,62,"[0, 1, 2, 3, 4, 5, 6, 7, 8, 9, 33, 40, 54, 56, 59, 60]",16,False,2.8471795792014604e-05,2.0083471534271174e-10,9.490531652433087e-06,60.0
O1,23,23,0,23,581,0.0,0.0,0.0,cao2018,S41/080530n,all_channel,mean,mean__all_channel__O1,32,62,"[0, 1, 2, 3, 4, 5, 6, 7, 8, 9, 33, 40, 54, 56, 59, 60]",16,False,2.228107369889778e-05,5.230365377327642e-09,7.425281111173484e-06,60.0
PZ,23,23,0,23,581,0.0,0.0,0.0,cao2018,S41/080530n,all_channel,mean,mean__all_channel__PZ,32,62,"[0, 1, 2, 3, 4, 5, 6, 7, 8, 9, 33, 40, 54, 56, 59, 60]",16,False,3.148077217904995e-05,-2.2240128856298912e-10,1.0493664860112838e-05,60.0
CP3,24,24,0,24,581,0.0,0.0,0.0,cao2018,S41/080530n,all_channel,mean,mean__all_channel__CP3,32,62,"[0, 1, 2, 3, 4, 5, 6, 7, 8, 9, 33, 40, 54, 56, 59, 60]",16,False,3.006738074140808e-05,-3.86054919804836e-09,1.002374709686871e-05,60.0
CPZ,26,26,0,26,581,0.0,0.0,0.0,cao2018,S41/080530n,all_channel,mean,mean__all_channel__CPZ,32,62,"[0, 1, 2, 3, 4, 5, 6, 7, 8, 9, 33, 40, 54, 56, 59, 60]",16,False,3.226757835943659e-05,-3.48551755796786e-09,1.075702129233152e-05,60.0
FP2,593,593,469,124,112,0.790893760539629,0.8072289156626506,0.798977853492334,cao2018,S41/080530n,frontal,median,median__frontal__FP2,4,62,"[0, 1, 2, 3, 4, 5, 6, 7, 8, 9, 33, 54, 56, 59, 60]",15,False,8.091053220864262e-05,-7.860847992168959e-06,2.9590460066937197e-05,60.0
FP1,597,597,457,140,124,0.7654941373534339,0.7865748709122203,0.7758913412563666,cao2018,S41/080530n,frontal,median,median__frontal__FP1,4,62,"[0, 1, 2, 3, 4, 5, 6, 7, 8, 9, 33, 54, 56, 59, 60]",15,False,7.66929431363295e-05,-6.97022878232851e-06,2.7887723972886e-05,60.0
F4,257,257,199,58,382,0.77431906614786,0.342512908777969,0.4749403341288783,cao2018,S41/080530n,frontal,median,median__frontal__F4,4,62,"[0, 1, 2, 3, 4, 5, 6, 7, 8, 9, 33, 54, 56, 59, 60]",15,False,4.302912036112006e-05,-2.5698122885619497e-06,1.5199644216560671e-05,60.0
F3,268,268,199,69,382,0.7425373134328358,0.342512908777969,0.46878680800942296,cao2018,S41/080530n,frontal,median,median__frontal__F3,4,62,"[0, 1, 2, 3, 4, 5, 6, 7, 8, 9, 33, 54, 56, 59, 60]",15,False,4.336056736214405e-05,-2.6236160430542737e-06,1.532806113506611e-05,60.0
FP2,496,496,425,71,156,0.8568548387096774,0.7314974182444062,0.7892293407613741,cao2018,S41/080530n,frontal,mean,mean__frontal__FP2,4,62,"[0, 1, 2, 3, 4, 5, 6, 7, 8, 9, 33, 54, 56, 59, 60]",15,False,8.87678574551462e-05,-3.5227456653755264e-09,2.9590460066937197e-05,60.0
FP1,506,506,419,87,162,0.8280632411067194,0.7211703958691911,0.7709291628334867,cao2018,S41/080530n,frontal,mean,mean__frontal__FP1,4,62,"[0, 1, 2, 3, 4, 5, 6, 7, 8, 9, 33, 54, 56, 59, 60]",15,False,8.365894956820306e-05,-4.22235045495259e-09,2.7887723972886e-05,60.0
F3,201,201,160,41,421,0.7960199004975125,0.27538726333907054,0.4092071611253197,cao2018,S41/080530n,frontal,mean,mean__frontal__F3,4,62,"[0, 1, 2, 3, 4, 5, 6, 7, 8, 9, 33, 54, 56, 59, 60]",15,False,4.597540147421421e-05,-8.781930984112666e-09,1.532806113506611e-05,60.0
F4,195,195,155,40,426,0.7948717948717948,0.2667814113597246,0.39948453608247425,cao2018,S41/080530n,frontal,mean,mean__frontal__F4,4,62,"[0, 1, 2, 3, 4, 5, 6, 7, 8, 9, 33, 54, 56, 59, 60]",15,False,4.559158800123149e-05,-7.344648450520743e-09,1.5199644216560671e-05,60.0
FP1,597,597,457,140,124,0.7654941373534339,0.7865748709122203,0.7758913412563666,cao2018,S41/080530n,frontal_left,median,median__frontal_left__FP1,2,62,"[0, 1, 2, 3, 4, 5, 6, 7, 8, 9, 33, 54, 56, 59, 60]",15,False,7.66929431363295e-05,-6.97022878232851e-06,2.7887723972886e-05,60.0
F3,268,268,199,69,382,0.7425373134328358,0.342512908777969,0.46878680800942296,cao2018,S41/080530n,frontal_left,median,median__frontal_left__F3,2,62,"[0, 1, 2, 3, 4, 5, 6, 7, 8, 9, 33, 54, 56, 59, 60]",15,False,4.336056736214405e-05,-2.6236160430542737e-06,1.532806113506611e-05,60.0
FP1,506,506,419,87,162,0.8280632411067194,0.7211703958691911,0.7709291628334867,cao2018,S41/080530n,frontal_left,mean,mean__frontal_left__FP1,2,62,"[0, 1, 2, 3, 4, 5, 6, 7, 8, 9, 33, 54, 56, 59, 60]",15,False,8.365894956820306e-05,-4.22235045495259e-09,2.7887723972886e-05,60.0
F3,201,201,160,41,421,0.7960199004975125,0.27538726333907054,0.4092071611253197,cao2018,S41/080530n,frontal_left,mean,mean__frontal_left__F3,2,62,"[0, 1, 2, 3, 4, 5, 6, 7, 8, 9, 33, 54, 56, 59, 60]",15,False,4.597540147421421e-05,-8.781930984112666e-09,1.532806113506611e-05,60.0
FP2,647,647,484,163,97,0.7480680061823802,0.8330464716006885,0.7882736156351792,cao2018,S41/080530n,frontal_right,median,median__frontal_right__FP2,2,62,"[0, 1, 2, 3, 4, 5, 6, 7, 8, 9, 54, 59]",12,False,7.776209188422575e-05,-9.13075304928841e-06,2.896428164450472e-05,60.0
F4,294,294,220,74,361,0.7482993197278912,0.37865748709122204,0.5028571428571429,cao2018,S41/080530n,frontal_right,median,median__frontal_right__F4,2,62,"[0, 1, 2, 3, 4, 5, 6, 7, 8, 9, 54, 59]",12,False,4.136770510874244e-05,-2.906053427778068e-06,1.4757919512173503e-05,60.0
FP2,517,517,435,82,146,0.8413926499032882,0.7487091222030982,0.7923497267759564,cao2018,S41/080530n,frontal_right,mean,mean__frontal_right__FP2,2,62,"[0, 1, 2, 3, 4, 5, 6, 7, 8, 9, 54, 59]",12,False,8.690328071251917e-05,1.0435779004992496e-08,2.896428164450472e-05,60.0
F4,227,227,179,48,402,0.788546255506608,0.3080895008605852,0.443069306930693,cao2018,S41/080530n,frontal_right,mean,mean__frontal_right__F4,2,62,"[0, 1, 2, 3, 4, 5, 6, 7, 8, 9, 54, 59]",12,False,4.427001488423884e-05,-3.743652281668875e-09,1.4757919512173503e-05,60.0
FP2,839,839,521,318,60,0.6209773539928486,0.8967297762478486,0.7338028169014085,cao2018,S41/080530n,all_channel,median,median__all_channel__FP2,32,31,"[0, 1, 2, 3]",4,False,6.735209406359844e-05,-1.230589119046817e-05,2.6552661751355535e-05,120.0
FP1,837,837,512,325,69,0.6117084826762246,0.8812392426850258,0.7221438645980254,cao2018,S41/080530n,all_channel,median,median__all_channel__FP1,32,31,"[0, 1, 2, 3]",4,False,6.317280868586206e-05,-1.1680451442837035e-05,2.4951086709566365e-05,120.0
F8,484,484,330,154,251,0.6818181818181818,0.5679862306368331,0.619718309859155,cao2018,S41/080530n,all_channel,median,median__all_channel__F8,32,31,"[0, 1, 2, 3]",4,False,3.306702349058724e-05,-3.74610774715153e-06,1.2271043745912923e-05,120.0
F7,747,747,403,344,178,0.5394912985274432,0.693631669535284,0.6069277108433735,cao2018,S41/080530n,all_channel,median,median__all_channel__F7,32,31,"[0, 1, 2, 3]",4,False,3.533903637161706e-05,-4.3352348196839586e-06,1.3224757063767005e-05,120.0
F3,524,524,325,199,256,0.6202290076335878,0.5593803786574871,0.5882352941176472,cao2018,S41/080530n,all_channel,median,median__all_channel__F3,32,31,"[0, 1, 2, 3]",4,False,3.6548917067017116e-05,-3.6926859574120866e-06,1.3413867674809733e-05,120.0
F4,465,465,307,158,274,0.6602150537634408,0.5283993115318416,0.5869980879541109,cao2018,S41/080530n,all_channel,median,median__all_channel__F4,32,31,"[0, 1, 2, 3]",4,False,3.643174560487988e-05,-3.6445394245914538e-06,1.3358761676490444e-05,120.0
FZ,406,406,249,157,332,0.6133004926108374,0.42857142857142855,0.5045592705167172,cao2018,S41/080530n,all_channel,median,median__all_channel__FZ,32,31,"[0, 1, 2, 3]",4,False,3.7490581716086246e-05,-3.2533621559556286e-06,1.3581314624013958e-05,120.0
FT7,451,451,212,239,369,0.4700665188470067,0.3648881239242685,0.41085271317829464,cao2018,S41/080530n,all_channel,median,median__all_channel__FT7,32,31,"[0, 1, 2, 3]",4,False,2.4065820176702654e-05,-1.8150925393330082e-06,8.62697090534522e-06,120.0
FT8,239,239,148,91,433,0.6192468619246861,0.2547332185886403,0.36097560975609755,cao2018,S41/080530n,all_channel,median,median__all_channel__FT8,32,31,"[0, 1, 2, 3]",4,False,2.3816838255582745e-05,-1.7324790954841746e-06,8.516439117022306e-06,120.0
FC4,220,220,118,102,463,0.5363636363636364,0.20309810671256454,0.29463171036204744,cao2018,S41/080530n,all_channel,median,median__all_channel__FC4,32,31,"[0, 1, 2, 3]",4,False,3.054678657831248e-05,-1.8253537772703279e-06,1.0790713451860936e-05,120.0
FC3,236,236,113,123,468,0.4788135593220339,0.1944922547332186,0.27662178702570384,cao2018,S41/080530n,all_channel,median,median__all_channel__FC3,32,31,"[0, 1, 2, 3]",4,False,3.1428516640024596e-05,-1.807387636402579e-06,1.107863475880906e-05,120.0
FCZ,208,208,69,139,512,0.3317307692307692,0.11876075731497418,0.17490494296577944,cao2018,S41/080530n,all_channel,median,median__all_channel__FCZ,32,31,"[0, 1, 2, 3]",4,False,3.328237956714115e-05,-1.5155760463654747e-06,1.1599318537835542e-05,120.0
T3,166,166,59,107,522,0.35542168674698793,0.10154905335628227,0.15796519410977242,cao2018,S41/080530n,all_channel,median,median__all_channel__T3,32,31,"[0, 1, 2, 3]",4,False,2.022358688040578e-05,-8.573389099631468e-07,7.026975263456309e-06,120.0
T4,81,81,45,36,536,0.5555555555555556,0.0774526678141136,0.13595166163141995,cao2018,S41/080530n,all_channel,median,median__all_channel__T4,32,31,"[0, 1, 2, 3]",4,False,2.1147467087031023e-05,-8.97004743791632e-07,7.348157276940885e-06,120.0
C3,127,127,42,85,539,0.33070866141732286,0.07228915662650602,0.11864406779661017,cao2018,S41/080530n,all_channel,median,median__all_channel__C3,32,31,"[0, 1, 2, 3]",4,False,2.739262594577027e-05,-1.1011320769270143e-06,9.497919340899095e-06,120.0
C4,90,90,36,54,545,0.4,0.06196213425129088,0.10730253353204172,cao2018,S41/080530n,all_channel,median,median__all_channel__C4,32,31,"[0, 1, 2, 3]",4,False,2.7593232446018036e-05,-1.1042701229337257e-06,9.565834189650588e-06,120.0
TP7,69,69,15,54,566,0.21739130434782608,0.025817555938037865,0.046153846153846156,cao2018,S41/080530n,all_channel,median,median__all_channel__TP7,32,31,"[0, 1, 2, 3]",4,False,1.908617412019667e-05,-4.843935049373882e-07,6.523522541711354e-06,120.0
TP8,28,28,10,18,571,0.35714285714285715,0.01721170395869191,0.032840722495894904,cao2018,S41/080530n,all_channel,median,median__all_channel__TP8,32,31,"[0, 1, 2, 3]",4,False,1.934933645646218e-05,-4.161179248608301e-07,6.588484793774336e-06,120.0
CZ,124,124,10,114,571,0.08064516129032258,0.01721170395869191,0.028368794326241134,cao2018,S41/080530n,all_channel,median,median__all_channel__CZ,32,31,"[0, 1, 2, 3]",4,False,2.986741590525737e-05,-8.259264021841152e-07,1.0231114102480495e-05,120.0
CP4,34,34,8,26,573,0.23529411764705882,0.013769363166953529,0.026016260162601626,cao2018,S41/080530n,all_channel,median,median__all_channel__CP4,32,31,"[0, 1, 2, 3]",4,False,2.6741086424231697e-05,-5.705642523546425e-07,9.103883558862113e-06,120.0
CP3,44,44,8,36,573,0.18181818181818182,0.013769363166953529,0.0256,cao2018,S41/080530n,all_channel,median,median__all_channel__CP3,32,31,"[0, 1, 2, 3]",4,False,2.623465342870774e-05,-5.305667363739895e-07,8.921740055027244e-06,120.0
A1,136,136,5,131,576,0.03676470588235294,0.008605851979345954,0.013947001394700138,cao2018,S41/080530n,all_channel,median,median__all_channel__A1,32,31,"[0, 1, 2, 3]",4,False,6.63335391209638e-06,-3.462469696541604e-08,2.222659536353932e-06,120.0
P3,39,39,3,36,578,0.07692307692307693,0.0051635111876075735,0.00967741935483871,cao2018,S41/080530n,all_channel,median,median__all_channel__P3,32,31,"[0, 1, 2, 3]",4,False,2.4864674266372395e-05,-3.361158227978347e-07,8.400263363056743e-06,120.0
T5,39,39,3,36,578,0.07692307692307693,0.0051635111876075735,0.00967741935483871,cao2018,S41/080530n,all_channel,median,median__all_channel__T5,32,31,"[0, 1, 2, 3]",4,False,1.921709321566465e-05,-2.404506750143169e-07,6.485847963559656e-06,120.0
A2,113,113,3,110,578,0.02654867256637168,0.0051635111876075735,0.008645533141210375,cao2018,S41/080530n,all_channel,median,median__all_channel__A2,32,31,"[0, 1, 2, 3]",4,False,6.7034995711955194e-06,3.393550150991925e-08,2.2231880232285333e-06,120.0
T6,36,36,2,34,579,0.05555555555555555,0.0034423407917383822,0.006482982171799027,cao2018,S41/080530n,all_channel,median,median__all_channel__T6,32,31,"[0, 1, 2, 3]",4,False,1.9738556479705597e-05,4.1669064470001425e-08,6.565629138411866e-06,120.0
PZ,44,44,2,42,579,0.045454545454545456,0.0034423407917383822,0.0064,cao2018,S41/080530n,all_channel,median,median__all_channel__PZ,32,31,"[0, 1, 2, 3]",4,False,2.803471354280246e-05,-2.218634362607444e-07,9.418858993021069e-06,120.0
CPZ,47,47,1,46,580,0.02127659574468085,0.0017211703958691911,0.003184713375796178,cao2018,S41/080530n,all_channel,median,median__all_channel__CPZ,32,31,"[0, 1, 2, 3]",4,False,2.859201826566625e-05,-3.9811783160737783e-07,9.663378699091209e-06,120.0
P4,26,26,0,26,581,0.0,0.0,0.0,cao2018,S41/080530n,all_channel,median,median__all_channel__P4,32,31,"[0, 1, 2, 3]",4,False,2.5616143121171727e-05,-2.1666591786138609e-07,8.610936346344372e-06,120.0
O2,31,31,0,31,581,0.0,0.0,0.0,cao2018,S41/080530n,all_channel,median,median__all_channel__O2,32,31,"[0, 1, 2, 3]",4,False,1.9343978316788035e-05,1.650643290243704e-07,6.3929713292545555e-06,120.0
OZ,37,37,0,37,581,0.0,0.0,0.0,cao2018,S41/080530n,all_channel,median,median__all_channel__OZ,32,31,"[0, 1, 2, 3]",4,False,1.9002056745811787e-05,1.5724996853706404e-07,6.2816022590915735e-06,120.0
O1,46,46,0,46,581,0.0,0.0,0.0,cao2018,S41/080530n,all_channel,median,median__all_channel__O1,32,31,"[0, 1, 2, 3]",4,False,1.934157012741831e-05,1.5569944593633796e-07,6.395290227160658e-06,120.0
FP2,615,615,476,139,105,0.7739837398373983,0.8192771084337349,0.7959866220735785,cao2018,S41/080530n,all_channel,mean,mean__all_channel__FP2,32,31,"[0, 1, 2, 3]",4,False,7.959815899824565e-05,-5.982625582096526e-08,2.6552661751355535e-05,120.0
FP1,634,634,469,165,112,0.7397476340694006,0.8072289156626506,0.7720164609053497,cao2018,S41/080530n,all_channel,mean,mean__all_channel__FP1,32,31,"[0, 1, 2, 3]",4,False,7.47873827842585e-05,-6.587734444059086e-08,2.4951086709566365e-05,120.0
F7,547,547,343,204,238,0.6270566727605119,0.5903614457831325,0.6081560283687943,cao2018,S41/080530n,all_channel,mean,mean__all_channel__F7,32,31,"[0, 1, 2, 3]",4,False,3.964816521649393e-05,-2.6105974807084217e-08,1.3224757063767005e-05,120.0
F8,360,360,267,93,314,0.7416666666666667,0.459552495697074,0.5674814027630181,cao2018,S41/080530n,all_channel,mean,mean__all_channel__F8,32,31,"[0, 1, 2, 3]",4,False,3.679814088946735e-05,-1.4990348271418853e-08,1.2271043745912923e-05,120.0
F4,332,332,244,88,337,0.7349397590361446,0.4199655765920826,0.5345016429353778,cao2018,S41/080530n,all_channel,mean,mean__all_channel__F4,32,31,"[0, 1, 2, 3]",4,False,4.0052497750552406e-05,-2.378727891892908e-08,1.3358761676490444e-05,120.0
F3,388,388,258,130,323,0.6649484536082474,0.4440619621342513,0.5325077399380805,cao2018,S41/080530n,all_channel,mean,mean__all_channel__F3,32,31,"[0, 1, 2, 3]",4,False,4.021497267770632e-05,-2.6630346722880773e-08,1.3413867674809733e-05,120.0
FZ,299,299,203,96,378,0.6789297658862876,0.3493975903614458,0.46136363636363636,cao2018,S41/080530n,all_channel,mean,mean__all_channel__FZ,32,31,"[0, 1, 2, 3]",4,False,4.0718908542413705e-05,-2.5035329628169243e-08,1.3581314624013958e-05,120.0
FT7,318,318,158,160,423,0.4968553459119497,0.2719449225473322,0.35150166852057846,cao2018,S41/080530n,all_channel,mean,mean__all_channel__FT7,32,31,"[0, 1, 2, 3]",4,False,2.587618129061255e-05,-4.7314254231100725e-09,8.62697090534522e-06,120.0
FT8,169,169,118,51,463,0.6982248520710059,0.20309810671256454,0.31466666666666665,cao2018,S41/080530n,all_channel,mean,mean__all_channel__FT8,32,31,"[0, 1, 2, 3]",4,False,2.554125187745798e-05,-8.06547360894022e-09,8.516439117022306e-06,120.0
FC3,178,178,83,95,498,0.46629213483146065,0.14285714285714285,0.21870882740447956,cao2018,S41/080530n,all_channel,mean,mean__all_channel__FC3,32,31,"[0, 1, 2, 3]",4,False,3.3221386886827675e-05,-1.4517389599505088e-08,1.107863475880906e-05,120.0
FC4,152,152,79,73,502,0.5197368421052632,0.1359724612736661,0.21555252387448842,cao2018,S41/080530n,all_channel,mean,mean__all_channel__FC4,32,31,"[0, 1, 2, 3]",4,False,3.235179689134625e-05,-2.0343464236560686e-08,1.0790713451860936e-05,120.0
FCZ,175,175,53,122,528,0.3028571428571429,0.09122203098106713,0.14021164021164023,cao2018,S41/080530n,all_channel,mean,mean__all_channel__FCZ,32,31,"[0, 1, 2, 3]",4,False,3.477802586110136e-05,-1.9929752405266494e-08,1.1599318537835542e-05,120.0
T3,117,117,45,72,536,0.38461538461538464,0.0774526678141136,0.12893982808022925,cao2018,S41/080530n,all_channel,mean,mean__all_channel__T3,32,31,"[0, 1, 2, 3]",4,False,2.108227581132082e-05,1.3500209518915573e-09,7.026975263456309e-06,120.0
T4,60,60,34,26,547,0.5666666666666667,0.058519793459552494,0.10608424336973478,cao2018,S41/080530n,all_channel,mean,mean__all_channel__T4,32,31,"[0, 1, 2, 3]",4,False,2.203779919715637e-05,-6.672633666285043e-09,7.348157276940885e-06,120.0
C3,96,96,33,63,548,0.34375,0.05679862306368331,0.09748892171344166,cao2018,S41/080530n,all_channel,mean,mean__all_channel__C3,32,31,"[0, 1, 2, 3]",4,False,2.8482180075112197e-05,-1.1577947585087546e-08,9.497919340899095e-06,120.0
C4,68,68,24,44,557,0.35294117647058826,0.04130808950086059,0.07395993836671803,cao2018,S41/080530n,all_channel,mean,mean__all_channel__C4,32,31,"[0, 1, 2, 3]",4,False,2.8681322264953257e-05,-1.6180303998503813e-08,9.565834189650588e-06,120.0
TP7,57,57,8,49,573,0.14035087719298245,0.013769363166953529,0.025078369905956112,cao2018,S41/080530n,all_channel,mean,mean__all_channel__TP7,32,31,"[0, 1, 2, 3]",4,False,1.9571959281510783e-05,1.391656376723579e-09,6.523522541711354e-06,120.0
TP8,22,22,7,15,574,0.3181818181818182,0.012048192771084338,0.023217247097844115,cao2018,S41/080530n,all_channel,mean,mean__all_channel__TP8,32,31,"[0, 1, 2, 3]",4,False,1.9760448579642e-05,-5.005801681009506e-09,6.588484793774336e-06,120.0
CP3,41,41,6,35,575,0.14634146341463414,0.010327022375215147,0.01929260450160772,cao2018,S41/080530n,all_channel,mean,mean__all_channel__CP3,32,31,"[0, 1, 2, 3]",4,False,2.6756749558046927e-05,-8.470607034805159e-09,8.921740055027244e-06,120.0
CZ,102,102,6,96,575,0.058823529411764705,0.010327022375215147,0.017569546120058566,cao2018,S41/080530n,all_channel,mean,mean__all_channel__CZ,32,31,"[0, 1, 2, 3]",4,False,3.0676531049100747e-05,-1.6811258340738694e-08,1.0231114102480495e-05,120.0
CP4,30,30,5,25,576,0.16666666666666666,0.008605851979345954,0.01636661211129296,cao2018,S41/080530n,all_channel,mean,mean__all_channel__CP4,32,31,"[0, 1, 2, 3]",4,False,2.729991864267207e-05,-1.1732033914265618e-08,9.103883558862113e-06,120.0
A1,132,132,5,127,576,0.03787878787878788,0.008605851979345954,0.01402524544179523,cao2018,S41/080530n,all_channel,mean,mean__all_channel__A1,32,31,"[0, 1, 2, 3]",4,False,6.668191514989847e-06,2.1290592805076314e-10,2.222659536353932e-06,120.0
T5,36,36,3,33,578,0.08333333333333333,0.0051635111876075735,0.009724473257698542,cao2018,S41/080530n,all_channel,mean,mean__all_channel__T5,32,31,"[0, 1, 2, 3]",4,False,1.9462195855519693e-05,4.651964840726299e-09,6.485847963559656e-06,120.0
A2,115,115,3,112,578,0.02608695652173913,0.0051635111876075735,0.008620689655172414,cao2018,S41/080530n,all_channel,mean,mean__all_channel__A2,32,31,"[0, 1, 2, 3]",4,False,6.669371662508954e-06,-1.9240717664613408e-10,2.2231880232285333e-06,120.0
P3,36,36,2,34,579,0.05555555555555555,0.0034423407917383822,0.006482982171799027,cao2018,S41/080530n,all_channel,mean,mean__all_channel__P3,32,31,"[0, 1, 2, 3]",4,False,2.5197920213656e-05,-2.8698755142297985e-09,8.400263363056743e-06,120.0
T6,36,36,2,34,579,0.05555555555555555,0.0034423407917383822,0.006482982171799027,cao2018,S41/080530n,all_channel,mean,mean__all_channel__T6,32,31,"[0, 1, 2, 3]",4,False,1.9695219463056256e-05,-1.667952179342953e-09,6.565629138411866e-06,120.0
PZ,43,43,2,41,579,0.046511627906976744,0.0034423407917383822,0.00641025641025641,cao2018,S41/080530n,all_channel,mean,mean__all_channel__PZ,32,31,"[0, 1, 2, 3]",4,False,2.824956554902078e-05,-7.011430042426904e-09,9.418858993021069e-06,120.0
CPZ,39,39,1,38,580,0.02564102564102564,0.0017211703958691911,0.0032258064516129032,cao2018,S41/080530n,all_channel,mean,mean__all_channel__CPZ,32,31,"[0, 1, 2, 3]",4,False,2.8977257737177507e-05,-1.2878360096118793e-08,9.663378699091209e-06,120.0
P4,24,24,0,24,581,0.0,0.0,0.0,cao2018,S41/080530n,all_channel,mean,mean__all_channel__P4,32,31,"[0, 1, 2, 3]",4,False,2.582722380600088e-05,-5.5852330322326906e-09,8.610936346344372e-06,120.0
O2,33,33,0,33,581,0.0,0.0,0.0,cao2018,S41/080530n,all_channel,mean,mean__all_channel__O2,32,31,"[0, 1, 2, 3]",4,False,1.917928830441897e-05,3.7431665530604927e-10,6.3929713292545555e-06,120.0
OZ,39,39,0,39,581,0.0,0.0,0.0,cao2018,S41/080530n,all_channel,mean,mean__all_channel__OZ,32,31,"[0, 1, 2, 3]",4,False,1.884458586926942e-05,-2.209080052998028e-10,6.2816022590915735e-06,120.0
O1,48,48,0,48,581,0.0,0.0,0.0,cao2018,S41/080530n,all_channel,mean,mean__all_channel__O1,32,31,"[0, 1, 2, 3]",4,False,1.918793226154018e-05,2.0615800582057217e-09,6.395290227160658e-06,120.0
FP2,839,839,521,318,60,0.6209773539928486,0.8967297762478486,0.7338028169014085,cao2018,S41/080530n,frontal,median,median__frontal__FP2,4,31,"[0, 1, 2, 3]",4,False,6.735209406359844e-05,-1.230589119046817e-05,2.6552661751355535e-05,120.0
FP1,837,837,512,325,69,0.6117084826762246,0.8812392426850258,0.7221438645980254,cao2018,S41/080530n,frontal,median,median__frontal__FP1,4,31,"[0, 1, 2, 3]",4,False,6.317280868586206e-05,-1.1680451442837035e-05,2.4951086709566365e-05,120.0
F3,524,524,325,199,256,0.6202290076335878,0.5593803786574871,0.5882352941176472,cao2018,S41/080530n,frontal,median,median__frontal__F3,4,31,"[0, 1, 2, 3]",4,False,3.6548917067017116e-05,-3.6926859574120866e-06,1.3413867674809733e-05,120.0
F4,465,465,307,158,274,0.6602150537634408,0.5283993115318416,0.5869980879541109,cao2018,S41/080530n,frontal,median,median__frontal__F4,4,31,"[0, 1, 2, 3]",4,False,3.643174560487988e-05,-3.6445394245914538e-06,1.3358761676490444e-05,120.0
FP2,615,615,476,139,105,0.7739837398373983,0.8192771084337349,0.7959866220735785,cao2018,S41/080530n,frontal,mean,mean__frontal__FP2,4,31,"[0, 1, 2, 3]",4,False,7.959815899824565e-05,-5.982625582096526e-08,2.6552661751355535e-05,120.0
FP1,634,634,469,165,112,0.7397476340694006,0.8072289156626506,0.7720164609053497,cao2018,S41/080530n,frontal,mean,mean__frontal__FP1,4,31,"[0, 1, 2, 3]",4,False,7.47873827842585e-05,-6.587734444059086e-08,2.4951086709566365e-05,120.0
F4,332,332,244,88,337,0.7349397590361446,0.4199655765920826,0.5345016429353778,cao2018,S41/080530n,frontal,mean,mean__frontal__F4,4,31,"[0, 1, 2, 3]",4,False,4.0052497750552406e-05,-2.378727891892908e-08,1.3358761676490444e-05,120.0
F3,388,388,258,130,323,0.6649484536082474,0.4440619621342513,0.5325077399380805,cao2018,S41/080530n,frontal,mean,mean__frontal__F3,4,31,"[0, 1, 2, 3]",4,False,4.021497267770632e-05,-2.6630346722880773e-08,1.3413867674809733e-05,120.0
FP1,837,837,512,325,69,0.6117084826762246,0.8812392426850258,0.7221438645980254,cao2018,S41/080530n,frontal_left,median,median__frontal_left__FP1,2,31,"[0, 1, 2, 3]",4,False,6.317280868586206e-05,-1.1680451442837035e-05,2.4951086709566365e-05,120.0
F3,524,524,325,199,256,0.6202290076335878,0.5593803786574871,0.5882352941176472,cao2018,S41/080530n,frontal_left,median,median__frontal_left__F3,2,31,"[0, 1, 2, 3]",4,False,3.6548917067017116e-05,-3.6926859574120866e-06,1.3413867674809733e-05,120.0
FP1,634,634,469,165,112,0.7397476340694006,0.8072289156626506,0.7720164609053497,cao2018,S41/080530n,frontal_left,mean,mean__frontal_left__FP1,2,31,"[0, 1, 2, 3]",4,False,7.47873827842585e-05,-6.587734444059086e-08,2.4951086709566365e-05,120.0
F3,388,388,258,130,323,0.6649484536082474,0.4440619621342513,0.5325077399380805,cao2018,S41/080530n,frontal_left,mean,mean__frontal_left__F3,2,31,"[0, 1, 2, 3]",4,False,4.021497267770632e-05,-2.6630346722880773e-08,1.3413867674809733e-05,120.0
FP2,871,871,524,347,57,0.6016073478760046,0.9018932874354562,0.7217630853994491,cao2018,S41/080530n,frontal_right,median,median__frontal_right__FP2,2,31,"[1, 2]",2,False,6.56974197154108e-05,-1.471932421265873e-05,2.680558130935651e-05,120.0
F4,461,461,305,156,276,0.6616052060737527,0.5249569707401033,0.5854126679462572,cao2018,S41/080530n,frontal_right,median,median__frontal_right__F4,2,31,"[1, 2]",2,False,3.651644980970703e-05,-4.323947751906883e-06,1.3613465853871304e-05,120.0
FP2,597,597,471,126,110,0.7889447236180904,0.810671256454389,0.799660441426146,cao2018,S41/080530n,frontal_right,mean,mean__frontal_right__FP2,2,31,"[1, 2]",2,False,8.031067979909565e-05,-1.0606412897388803e-07,2.680558130935651e-05,120.0
F4,317,317,232,85,349,0.7318611987381703,0.3993115318416523,0.5167037861915367,cao2018,S41/080530n,frontal_right,mean,mean__frontal_right__F4,2,31,"[1, 2]",2,False,4.0788987662151374e-05,-5.1409899462539354e-08,1.3613465853871304e-05,120.0
